=== ALPHA BATTERY seed=42 reps=1 2026-08-20T17:20:52Z
CONTRACT goal-gate 'THE α-SWEEP — PRE-REGISTRATION' (feat/alpha-sweep from main@079a4c6)
CELLS c1 c7 c8 c8L sc2
ARMS  CTL Q002 Q009 Q050 Q184 Q400   (paired within rep, ARMS INNERMOST)
ARMENV CTL alpha=unset | RWM_QUANTILE_CLOCKS=0 RWM_DELTA_CAP=1 RWM_SUM_CAP=1 RWM_RACK_CLOCKS=0 RWM_DERIVED_SWEEP=0 RWM_COMPOSED_CAP=0 RWM_THREE_TERM=0 RWM_STORE_CAP_UNIFIED=0 RWM_LATE_BRAKE=0 RWM_CHARGE_RECOVERY=0 RWM_RELEASE_1TO1=0 RWM_LOSS_SENT_TRUTH=0
ARMENV Q002 alpha=0.002 | RWM_QUANTILE_CLOCKS=1 RWM_ALPHA_OVERRIDE=0.002 RWM_DELTA_CAP=1 RWM_SUM_CAP=1 RWM_RACK_CLOCKS=0 RWM_DERIVED_SWEEP=0 RWM_COMPOSED_CAP=0 RWM_THREE_TERM=0 RWM_STORE_CAP_UNIFIED=0 RWM_LATE_BRAKE=0 RWM_CHARGE_RECOVERY=0 RWM_RELEASE_1TO1=0 RWM_LOSS_SENT_TRUTH=0
ARMENV Q009 alpha=0.009 | RWM_QUANTILE_CLOCKS=1 RWM_ALPHA_OVERRIDE=0.009 RWM_DELTA_CAP=1 RWM_SUM_CAP=1 RWM_RACK_CLOCKS=0 RWM_DERIVED_SWEEP=0 RWM_COMPOSED_CAP=0 RWM_THREE_TERM=0 RWM_STORE_CAP_UNIFIED=0 RWM_LATE_BRAKE=0 RWM_CHARGE_RECOVERY=0 RWM_RELEASE_1TO1=0 RWM_LOSS_SENT_TRUTH=0
ARMENV Q050 alpha=0.05 | RWM_QUANTILE_CLOCKS=1 RWM_ALPHA_OVERRIDE=0.05 RWM_DELTA_CAP=1 RWM_SUM_CAP=1 RWM_RACK_CLOCKS=0 RWM_DERIVED_SWEEP=0 RWM_COMPOSED_CAP=0 RWM_THREE_TERM=0 RWM_STORE_CAP_UNIFIED=0 RWM_LATE_BRAKE=0 RWM_CHARGE_RECOVERY=0 RWM_RELEASE_1TO1=0 RWM_LOSS_SENT_TRUTH=0
ARMENV Q184 alpha=0.184 | RWM_QUANTILE_CLOCKS=1 RWM_ALPHA_OVERRIDE=0.184 RWM_DELTA_CAP=1 RWM_SUM_CAP=1 RWM_RACK_CLOCKS=0 RWM_DERIVED_SWEEP=0 RWM_COMPOSED_CAP=0 RWM_THREE_TERM=0 RWM_STORE_CAP_UNIFIED=0 RWM_LATE_BRAKE=0 RWM_CHARGE_RECOVERY=0 RWM_RELEASE_1TO1=0 RWM_LOSS_SENT_TRUTH=0
ARMENV Q400 alpha=0.4 | RWM_QUANTILE_CLOCKS=1 RWM_ALPHA_OVERRIDE=0.4 RWM_DELTA_CAP=1 RWM_SUM_CAP=1 RWM_RACK_CLOCKS=0 RWM_DERIVED_SWEEP=0 RWM_COMPOSED_CAP=0 RWM_THREE_TERM=0 RWM_STORE_CAP_UNIFIED=0 RWM_LATE_BRAKE=0 RWM_CHARGE_RECOVERY=0 RWM_RELEASE_1TO1=0 RWM_LOSS_SENT_TRUTH=0
BANDSCOPE the goodput abort bands apply to CTL ONLY; out-of-band on a treatment arm is a RESULT
W3 RETIRED (cod= is 111-750 at every lossy plain-window cell; it never discriminated the generation axis)
BIN /home/vibe/raptorpath/target/release/raptorpath
SHA256 92673ff509607be588cc3ff5454fe6297af378430c56da36a9fb0e8d1c867187  /home/vibe/raptorpath/target/release/raptorpath
COMMIT f3b89de (feat/alpha-sweep) — BINARY BUILT AT 3d569ca; f3b89de is HARNESS-ONLY (alpha_battery.sh arm-table literal), no engine crate touched, binary sha256 92673ff509607be588cc3ff5454fe6297af378430c56da36a9fb0e8d1c867187 unchanged
KERNEL 7.0.14-101.fc43.x86_64
UPTIME  19:20:53 up 1 day, 22:03,  6 users,  load average: 1.13, 1.55, 1.49
COTENANT kwin=0
0 sddm=4
CPU Model name:                              Intel(R) Xeon(R) CPU E5-2650 v3 @ 2.30GHz
CPUFLAGS aes avx2 pclmulqdq 
=== rep=1 arm=c1-CTL alpha=unset seed=42 env="RWM_QUANTILE_CLOCKS=0 RWM_DELTA_CAP=1 RWM_SUM_CAP=1 RWM_RACK_CLOCKS=0 RWM_DERIVED_SWEEP=0 RWM_COMPOSED_CAP=0 RWM_THREE_TERM=0 RWM_STORE_CAP_UNIFIED=0 RWM_LATE_BRAKE=0 RWM_CHARGE_RECOVERY=0 RWM_RELEASE_1TO1=0 RWM_LOSS_SENT_TRUTH=0" cell=c1/c1/single bytes=400000000 17:20:53
[2m2026-08-20T17:20:54.800154Z[0m [32m INFO[0m [2mraptorpath::gates[0m[2m:[0m [GATES] RWM_UNIFIED=1 RWM_UNIFIED_SHED=1 RWM_TAPER_R=1 RWM_ASTAR_ANCHOR=1 RWM_MSTAR_ANCHOR=1 RWM_PLAIN_RS=0 RWM_HONEST_ANCHOR=1 RWM_HONEST_K=0 RWM_STORE_SACK_RELEASE=1 RWM_STORE_PATHS=1 RWM_STORE_PATH_POOL=2048 RWM_STORE=unset RWM_STORE_GAIN=2 RWM_STORE_BOOT=128 RWM_STORE_CAPW=0 RWM_STORE_CAP_UNIFIED=0 RWM_THREE_TERM=0 RWM_COMPOSED_CAP=0 RWM_SUM_CAP=1 RWM_LATE_BRAKE=0 RWM_DELTA_CAP=1 RWM_STORE_PERCAP=0 RWM_PERCAP_GUARD=1 RWM_STORE_BORROW=0 RWM_HONEST_CAP=1 RWM_POOL_ANCHOR=0 RWM_POOL_DELIV=0 RWM_FLOOR_BOUND=0 RWM_ACK_MERGE=1 RWM_LOSS_SENT_TRUTH=0 RWM_RELEASE_1TO1=0 RWM_CHARGE_RECOVERY=0 RWM_PATIENCE_DERIVED=0 RWM_SIDLE_DERIVED=0 RWM_WIN_DECOUPLE=0 RWM_PLACE_SLACK=0 RWM_COLD_PLACE=0 RWM_GEN=384 RWM_PIPELINE=2 RWM_GEN_PIPE=1 RWM_GEN_R=unset RWM_GEN_RATE=9000 RWM_GEN_RATE_FLOOR=2000 RWM_GEN_INFLIGHT=unset RWM_OOO_RETAIN=0/16 RWM_WINDOW=unset RWM_REPORT_GENS=unset RWM_REPAIR_WAIT=unset RWM_CODED_SRC=0 RWM_NO_REACTIVE=0 RWM_XPATH_REPAIR=0 RWM_PROACTIVE_PACER=0 RWM_REASM_BDP=0 RWM_MIN_R=0 RWM_CC_PACE=0 RWM_CC_PACE_HR=1.1 RWM_REACT_CAP=unset RWM_INFL_CAP=0 RWM_INFL_BDP=unset RWM_COPA_FEED=0 RWM_RS_ATTR=1 RWM_EMIT_BATCH=0 RWM_EMIT_BURST=64 RWM_RECOV_MP=1 RWM_RECOV_MP_LAW=1 RWM_RECOV_MP_LIVE=0 RWM_RECOV_SP=0 RWM_DERIVED_SWEEP=0 RWM_RACK_CLOCKS=0 RWM_RACK_REO_MULT=1 RWM_QUANTILE_CLOCKS=0 RWM_ALPHA_OVERRIDE=unset RWM_DIAG=1 RWM_ACKDIAG=1 RWM_ACKDIAG_WINDOW_US=2000000 RWM_WALLDIAG=1 RWM_CPUPROF=0 RWM_RDIAG=0 RWM_FDIAG=1 RWM_TRACE=0 RWM_PFRAC=0
{"bytes":400000000,"dnf":0,"hint":"bulk","max_s":16.5092,"mean_mbps":193.832,"mean_s":16.5092,"median_s":16.5092,"min_s":16.5092,"proto":"rp-native","runs":1,"stdev_s":0.0,"summary":true}
    LATPROBE-LEG leg=0 file=/tmp/rwm-ping-0.txt sent=329 recv=329 censor=0.00% p50=2.08[censor=0.00% ok] p95=2.59[censor=0.00% ok] p99=2.91[censor=0.00% ok]
    LATPROBE: 1 leg(s) /tmp/rwm-ping-0.txt=329 replies
    CPU: CPUSRV=18.00s CPUCLI=18.98s (srv=decoder cli=sender; whole-invocation incl warmup)
    QDISC cli0: qdisc netem a291: root refcnt 7 limit 1000 delay 1ms loss gemodel p 0.05% r 50% 1-h 100% 1-k 0% rate 1Gbit seed 42  Sent 438851821 bytes 345412 pkt (dropped 50, overlimits 0 requeues 0)   backlog 0b 0p requeues 0 
    QDISC srv0: qdisc netem a293: root refcnt 7 limit 1000 delay 1ms rate 1Gbit seed 14079967374669615286  Sent 31314154 bytes 78444 pkt (dropped 0, overlimits 0 requeues 0)   backlog 0b 0p requeues 0 
    QCAP: /tmp/rwm-q.txt 10 lines
RUNTIME c1-CTL rep=1 18s rc=0
ALPHARESULT {"cell": "c1", "arm": "CTL", "alpha_cmd": null, "seed": 42, "rep": 1, "n_paths": 1, "dnf": false, "dnf_count": 0, "mbps": 193.832, "mean_mbps": 193.832, "seconds": 16.5092, "n_runs": 1, "cpusrv": 18.0, "cpucli": 18.98, "khr_med": 1.0, "kraw_med": null, "khr_n": 48, "kraw_n": 0, "rtp_med": 3, "occ_p50": 259, "occcap_p50": 531, "q_p50": 9, "q_p99": 25, "diag_lines": 65, "retx": 1393, "w1_rfa_gen": "0", "w2_pfrac_lines": 0, "w4_retx_max": 1393, "w5_rack_fa": "121/1393", "gates_cli_quantile_clocks": 0, "gates_srv_quantile_clocks": 0, "gates_cli_rack_clocks": 0, "gates_srv_rack_clocks": 0, "gates_cli_derived_sweep": 0, "gates_srv_derived_sweep": 0, "gates_cli_delta_cap": 1, "gates_srv_delta_cap": 1, "gates_cli_sum_cap": 1, "gates_srv_sum_cap": 1, "gates_cli_composed_cap": 0, "gates_srv_composed_cap": 0, "gates_cli_three_term": 0, "gates_srv_three_term": 0, "gates_cli_loss_sent_truth": 0, "gates_srv_loss_sent_truth": 0, "gates_cli_gen": null, "gates_srv_gen": null, "gates_cli_diag": 1, "gates_srv_diag": 1, "gates_cli_ackdiag": 1, "gates_srv_ackdiag": 1, "gates_cli_walldiag": 1, "gates_srv_walldiag": 1, "gates_cli_fdiag": 1, "gates_srv_fdiag": 1, "gates_cli_recov_mp": 1, "gates_srv_recov_mp": 1, "gates_cli_cc_pace": 0, "gates_srv_cc_pace": 0, "gates_cli_rack_reo_mult": 1, "gates_srv_rack_reo_mult": 1, "gates_lines_cli": 1, "gates_lines_srv": 1, "gate_quantile_cli": "0", "gate_quantile_srv": "0", "gate_alpha_cli": "unset", "gate_alpha_srv": "unset", "gate_gen_cli": 384, "gate_gen_srv": 384, "qalpha_lines_cli": 2, "qalpha_site_cli": "sender", "qalpha_quantile_cli": 0, "qalpha_contract_cli": 0.001, "qalpha_override_cli": null, "qalpha_cli": 0.001, "qalpha_k_cli": 31.607, "qalpha_lines_srv": 2, "qalpha_site_srv": "sender", "qalpha_quantile_srv": 0, "qalpha_contract_srv": 0.001, "qalpha_override_srv": null, "qalpha_srv": 0.001, "qalpha_k_srv": 31.607, "qclk_cli_lines": 1, "qclk_cli_site": "sender", "qclk_cli_alpha": 0.001, "qclk_cli_k": 31.607, "qclk_cli_w_us_mean": 25743.2, "qclk_cli_srtt_us_mean": 10716.5, "qclk_cli_on": 0, "qclk_cli_evals": 340128, "qclk_cli_kept": 2658, "qclk_cli_w_us_p05": 25000, "qclk_cli_w_us_p50": 25000, "qclk_cli_w_us_p95": 29070, "qclk_cli_w_us_min": 25000, "qclk_cli_w_us_max": 100000, "qclk_cli_law_n": 340128, "qclk_cli_sigma_us_mean": 299.7, "qclk_cli_sigma_n": 260190, "qclk_srv_lines": 16, "qclk_srv_site": "receiver", "qclk_srv_alpha": 1e-05, "qclk_srv_k": 316.2262, "qclk_srv_w_us_mean": 26910.1, "qclk_srv_srtt_us_mean": 12025.2, "qclk_srv_on": 0, "qclk_srv_evals": 18823, "qclk_srv_kept": 2353, "qclk_srv_w_us_p05": 25000, "qclk_srv_w_us_p50": 25000, "qclk_srv_w_us_p95": 34148, "qclk_srv_w_us_min": 25000, "qclk_srv_w_us_max": 46750, "qclk_srv_law_n": 18823, "qclk_srv_sigma_us_mean": 3780.1, "qclk_srv_sigma_n": 18823, "rack_lines_cli": 2, "rack_on_cli": 0, "rack_evals_cli": 0, "rack_ceil_cli": 0.0, "rack_gran_cli": 0.0, "rack_legacy_pin_cli": 0.0, "rack_round_cli": 0.0, "rack_legacy_cli": 0.0, "rack_mult_cli": 1, "rack_fa_n_cli": 121, "rack_fa_d_cli": 1393, "rack_fa_frac_cli": 0.0869, "rack_fa_class_cli": 0.0625, "rack_lines_srv": 0, "rack_on_srv": null, "rack_evals_srv": null, "rack_ceil_srv": null, "rack_gran_srv": null, "rack_legacy_pin_srv": null, "rack_round_srv": null, "rack_legacy_srv": null, "rack_mult_srv": null, "rack_fa_n_srv": null, "rack_fa_d_srv": null, "rack_fa_frac_srv": null, "rack_fa_class_srv": null, "rack_fired": 1393, "rack_spurious": 121, "rack_fa_frac": 0.0869, "rack_fa_class": 0.0625, "rack_round_us": 0.0, "rack_legacy_us": 0.0, "rack_evals": 0, "rack_legacy_pin": 0.0, "rfa_lines": 16, "rfa_gen": 0, "rfa_fires": 1396, "rfa_false": 355, "rfa_fill_coded": 4, "rfa_fill_src": 1037, "rfa_dup_src": 351, "rfa_preempt_src": 4, "rfa_src_n": 326776, "rfa_rep_n": 141, "rfa_false_frac": 0.2543, "rfa_nu_recv": 0.00427, "rfa_fa_class": 0.0625, "rfa_bracket_lo": 0.2543, "rfa_bracket_hi": 0.988858, "sf_ticks": 2879, "sf_E": 0.7937, "sf_short": 0.2063, "sf_zero": 0.2063, "capboot_n": 62, "capboot_frac": 0.1935, "ping_n": 329, "ping_p50": 2.08, "ping_p95": 2.59, "ping_p99": 2.91, "ping_tx": 329, "ping_rx": 329, "ping_loss": 0.0, "ping_censor_frac": 0.0, "legs_probed": 1, "leg0_n": 329, "leg0_sent": 329, "leg0_recv": 329, "leg0_sent_source": "summary", "leg0_censor_frac": 0.0, "leg0_censor_pct": 0.0, "leg0_recv_mismatch": false, "leg0_leg_unscoreable": false, "leg0_min": 2.04, "leg0_max": 5.29, "leg0_p50": 2.08, "leg0_p50_censored": false, "leg0_p50_scoreable": true, "leg0_p95": 2.59, "leg0_p95_censored": false, "leg0_p95_scoreable": true, "leg0_p99": 2.91, "leg0_p99_censored": false, "leg0_p99_scoreable": true, "legs_censor_max": 0.0, "wait_tun": 79, "wait_paused": 19, "wait_pace": 0, "wait_gen": 0, "wait_nack": 0, "wait_defc": 0, "wait_tail": 0, "wait_flush": 0, "wait_lines": 62, "deadwall": false, "sig_us_p50": 1511.0, "sig_us_n": 333275, "sig_us_path": 0, "sig_paths": 1, "pl_n": 48, "pl_max": 0.0, "pl_min": 0.0, "pl_p0": 0.0, "dgq_hand": 335687, "dgq_full": 0, "dgq_err": 0, "dgq_gap": 27, "tc_bytes": 438851821, "tc_pkts": 345412, "tc_drop": 50, "tc_s": 18}
LIVENESS c1-CTL rep=1 RWM_QUANTILE_CLOCKS=RWM_QUANTILE_CLOCKS=0/RWM_QUANTILE_CLOCKS=0(exp0) RWM_ALPHA_OVERRIDE=RWM_ALPHA_OVERRIDE=unset/RWM_ALPHA_OVERRIDE=unset(expunset) RWM_DELTA_CAP=RWM_DELTA_CAP=1/RWM_DELTA_CAP=1(exp1) RWM_SUM_CAP=RWM_SUM_CAP=1/RWM_SUM_CAP=1(exp1) RWM_RACK_CLOCKS=RWM_RACK_CLOCKS=0/RWM_RACK_CLOCKS=0(exp0) RWM_DERIVED_SWEEP=RWM_DERIVED_SWEEP=0/RWM_DERIVED_SWEEP=0(exp0) RWM_COMPOSED_CAP=RWM_COMPOSED_CAP=0/RWM_COMPOSED_CAP=0(exp0) RWM_THREE_TERM=RWM_THREE_TERM=0/RWM_THREE_TERM=0(exp0) RWM_STORE_CAP_UNIFIED=RWM_STORE_CAP_UNIFIED=0/RWM_STORE_CAP_UNIFIED=0(exp0) RWM_LATE_BRAKE=RWM_LATE_BRAKE=0/RWM_LATE_BRAKE=0(exp0) RWM_CHARGE_RECOVERY=RWM_CHARGE_RECOVERY=0/RWM_CHARGE_RECOVERY=0(exp0) RWM_RELEASE_1TO1=RWM_RELEASE_1TO1=0/RWM_RELEASE_1TO1=0(exp0) RWM_LOSS_SENT_TRUTH=RWM_LOSS_SENT_TRUTH=0/RWM_LOSS_SENT_TRUTH=0(exp0) RWM_DIAG=RWM_DIAG=1/RWM_DIAG=1(exp1) RWM_ACKDIAG=RWM_ACKDIAG=1/RWM_ACKDIAG=1(exp1) RWM_WALLDIAG=RWM_WALLDIAG=1/RWM_WALLDIAG=1(exp1) RWM_FDIAG=RWM_FDIAG=1/RWM_FDIAG=1(exp1)
QALPHALINE c1-CTL rep=1 site=cli [QALPHA] site=sender quantile=0 contract_alpha=1.000000e-3 override=unset alpha=1.000000e-3 k=31.6070 fa_class=0.0625
QALPHALINE c1-CTL rep=1 site=srv [QALPHA] site=receiver quantile=0 contract_alpha=1.000000e-5 override=unset alpha=1.000000e-5 k=316.2262 fa_class=0.0625[2m2026-08-20T17:20:54.806277Z[0m [32m INFO[0m [2mraptorpath::net[0m[2m:[0m M* peer-report RTT-feed suppression ACTIVE (RWM_MSTAR_ANCHOR plain-live subset: local-echo-only RTT feed + estimator seed-from-sample)
QCLKLINE c1-CTL rep=1 site=cli [QCLK] site=sender on=0 alpha=1.000000e-3 k=31.6070 evals=340128 law_n=340128 kept=2658 w_us_mean=25743.2 w_us_p05=25000 w_us_p50=25000 w_us_p95=29070 w_us_min=25000 w_us_max=100000 srtt_us_mean=10716.5 sigma_us_mean=299.7/n260190 fa_class=0.0625
QCLKLINE c1-CTL rep=1 site=srv [QCLK] site=receiver on=0 alpha=1.000000e-5 k=316.2262 evals=756 law_n=756 kept=756 w_us_mean=35673.6 w_us_p05=25000 w_us_p50=25000 w_us_p95=46750 w_us_min=25000 w_us_max=46750 srtt_us_mean=16459.5 sigma_us_mean=15362.9/n756 fa_class=0.0625
QCLKLINE c1-CTL rep=1 site=srv [QCLK] site=receiver on=0 alpha=1.000000e-5 k=316.2262 evals=1796 law_n=1796 kept=1796 w_us_mean=29492.9 w_us_p05=25000 w_us_p50=25000 w_us_p95=46750 w_us_min=25000 w_us_max=46750 srtt_us_mean=13774.8 sigma_us_mean=7947.7/n1796 fa_class=0.0625
QCLKLINE c1-CTL rep=1 site=srv [QCLK] site=receiver on=0 alpha=1.000000e-5 k=316.2262 evals=5187 law_n=5187 kept=2594 w_us_mean=26555.7 w_us_p05=25000 w_us_p50=25000 w_us_p95=46750 w_us_min=25000 w_us_max=46750 srtt_us_mean=11470.8 sigma_us_mean=3948.6/n5187 fa_class=0.0625
QCLKLINE c1-CTL rep=1 site=srv [QCLK] site=receiver on=0 alpha=1.000000e-5 k=316.2262 evals=5444 law_n=5444 kept=2722 w_us_mean=26482.2 w_us_p05=25000 w_us_p50=25000 w_us_p95=46750 w_us_min=25000 w_us_max=46750 srtt_us_mean=11342.4 sigma_us_mean=3896.9/n5444 fa_class=0.0625
QCLKLINE c1-CTL rep=1 site=srv [QCLK] site=receiver on=0 alpha=1.000000e-5 k=316.2262 evals=5942 law_n=5942 kept=2971 w_us_mean=26358.0 w_us_p05=25000 w_us_p50=25000 w_us_p95=46750 w_us_min=25000 w_us_max=46750 srtt_us_mean=11198.9 sigma_us_mean=3733.4/n5942 fa_class=0.0625
QCLKLINE c1-CTL rep=1 site=srv [QCLK] site=receiver on=0 alpha=1.000000e-5 k=316.2262 evals=6853 law_n=6853 kept=3427 w_us_mean=26177.5 w_us_p05=25000 w_us_p50=25000 w_us_p95=46750 w_us_min=25000 w_us_max=46750 srtt_us_mean=11079.4 sigma_us_mean=3663.6/n6853 fa_class=0.0625
QCLKLINE c1-CTL rep=1 site=srv [QCLK] site=receiver on=0 alpha=1.000000e-5 k=316.2262 evals=8572 law_n=8572 kept=2143 w_us_mean=25951.5 w_us_p05=25000 w_us_p50=25000 w_us_p95=25627 w_us_min=25000 w_us_max=46750 srtt_us_mean=10995.6 sigma_us_mean=3623.9/n8572 fa_class=0.0625
QCLKLINE c1-CTL rep=1 site=srv [QCLK] site=receiver on=0 alpha=1.000000e-5 k=316.2262 evals=13258 law_n=13258 kept=3315 w_us_mean=27429.4 w_us_p05=25000 w_us_p50=25000 w_us_p95=34148 w_us_min=25000 w_us_max=46750 srtt_us_mean=12104.6 sigma_us_mean=4243.4/n13258 fa_class=0.0625
QCLKLINE c1-CTL rep=1 site=srv [QCLK] site=receiver on=0 alpha=1.000000e-5 k=316.2262 evals=14075 law_n=14075 kept=3519 w_us_mean=27288.4 w_us_p05=25000 w_us_p50=25000 w_us_p95=34148 w_us_min=25000 w_us_max=46750 srtt_us_mean=12024.5 sigma_us_mean=4162.7/n14075 fa_class=0.0625
QCLKLINE c1-CTL rep=1 site=srv [QCLK] site=receiver on=0 alpha=1.000000e-5 k=316.2262 evals=15126 law_n=15126 kept=3782 w_us_mean=27129.4 w_us_p05=25000 w_us_p50=25000 w_us_p95=34148 w_us_min=25000 w_us_max=46750 srtt_us_mean=11877.5 sigma_us_mean=4041.4/n15126 fa_class=0.0625
QCLKLINE c1-CTL rep=1 site=srv [QCLK] site=receiver on=0 alpha=1.000000e-5 k=316.2262 evals=15126 law_n=15126 kept=3782 w_us_mean=27129.4 w_us_p05=25000 w_us_p50=25000 w_us_p95=34148 w_us_min=25000 w_us_max=46750 srtt_us_mean=11877.5 sigma_us_mean=4041.4/n15126 fa_class=0.0625
QCLKLINE c1-CTL rep=1 site=srv [QCLK] site=receiver on=0 alpha=1.000000e-5 k=316.2262 evals=16172 law_n=16172 kept=4043 w_us_mean=27179.0 w_us_p05=25000 w_us_p50=25000 w_us_p95=34148 w_us_min=25000 w_us_max=46750 srtt_us_mean=12011.4 sigma_us_mean=3967.7/n16172 fa_class=0.0625
QCLKLINE c1-CTL rep=1 site=srv [QCLK] site=receiver on=0 alpha=1.000000e-5 k=316.2262 evals=16458 law_n=16458 kept=2058 w_us_mean=27145.7 w_us_p05=25000 w_us_p50=25000 w_us_p95=34148 w_us_min=25000 w_us_max=46750 srtt_us_mean=12020.8 sigma_us_mean=3939.2/n16458 fa_class=0.0625
QCLKLINE c1-CTL rep=1 site=srv [QCLK] site=receiver on=0 alpha=1.000000e-5 k=316.2262 evals=16769 law_n=16769 kept=2097 w_us_mean=27136.7 w_us_p05=25000 w_us_p50=25000 w_us_p95=34148 w_us_min=25000 w_us_max=46750 srtt_us_mean=12045.1 sigma_us_mean=3915.7/n16769 fa_class=0.0625
QCLKLINE c1-CTL rep=1 site=srv [QCLK] site=receiver on=0 alpha=1.000000e-5 k=316.2262 evals=18561 law_n=18561 kept=2321 w_us_mean=26934.1 w_us_p05=25000 w_us_p50=25000 w_us_p95=34148 w_us_min=25000 w_us_max=46750 srtt_us_mean=12017.4 sigma_us_mean=3766.0/n18561 fa_class=0.0625
QCLKLINE c1-CTL rep=1 site=srv [QCLK] site=receiver on=0 alpha=1.000000e-5 k=316.2262 evals=18823 law_n=18823 kept=2353 w_us_mean=26910.1 w_us_p05=25000 w_us_p50=25000 w_us_p95=34148 w_us_min=25000 w_us_max=46750 srtt_us_mean=12025.2 sigma_us_mean=3780.1/n18823 fa_class=0.0625
RACKLINE c1-CTL rep=1 site=cli [RACK] on=0 evals=0 ceil=0.0000 gran=0.0000 legacy_pin=0.0000 round=0.0 legacy=0.0 mult=1 fa=616/616 fa_frac=1.0000 fa_class=0.0625
RACKLINE c1-CTL rep=1 site=cli [RACK] on=0 evals=0 ceil=0.0000 gran=0.0000 legacy_pin=0.0000 round=0.0 legacy=0.0 mult=1 fa=121/1393 fa_frac=0.0869 fa_class=0.0625
RFALINE c1-CTL rep=1 site=cli [RFA] gen=0 fires=31 false=31 false_frac=1.0000 fill_coded=0 fill_src=0 dup_src=31 preempt_src=0 src_n=32 rep_n=24 nu_recv=0.96875 fa_class=0.0625
RFALINE c1-CTL rep=1 site=cli [RFA] gen=0 fires=70 false=70 false_frac=1.0000 fill_coded=0 fill_src=0 dup_src=70 preempt_src=0 src_n=71 rep_n=63 nu_recv=0.98592 fa_class=0.0625
RFALINE c1-CTL rep=1 site=cli [RFA] gen=0 fires=109 false=109 false_frac=1.0000 fill_coded=0 fill_src=0 dup_src=109 preempt_src=0 src_n=110 rep_n=102 nu_recv=0.99091 fa_class=0.0625
RFALINE c1-CTL rep=1 site=cli [RFA] gen=0 fires=148 false=148 false_frac=1.0000 fill_coded=0 fill_src=0 dup_src=148 preempt_src=0 src_n=149 rep_n=141 nu_recv=0.99329 fa_class=0.0625
RFALINE c1-CTL rep=1 site=cli [RFA] gen=0 fires=187 false=187 false_frac=1.0000 fill_coded=0 fill_src=0 dup_src=187 preempt_src=0 src_n=188 rep_n=180 nu_recv=0.99468 fa_class=0.0625
RFALINE c1-CTL rep=1 site=cli [RFA] gen=0 fires=226 false=226 false_frac=1.0000 fill_coded=0 fill_src=0 dup_src=226 preempt_src=0 src_n=227 rep_n=219 nu_recv=0.99559 fa_class=0.0625
RFALINE c1-CTL rep=1 site=cli [RFA] gen=0 fires=265 false=265 false_frac=1.0000 fill_coded=0 fill_src=0 dup_src=265 preempt_src=0 src_n=266 rep_n=258 nu_recv=0.99624 fa_class=0.0625
RFALINE c1-CTL rep=1 site=cli [RFA] gen=0 fires=301 false=301 false_frac=1.0000 fill_coded=0 fill_src=0 dup_src=301 preempt_src=0 src_n=302 rep_n=294 nu_recv=0.99669 fa_class=0.0625
RFALINE c1-CTL rep=1 site=cli [RFA] gen=0 fires=340 false=340 false_frac=1.0000 fill_coded=0 fill_src=0 dup_src=340 preempt_src=0 src_n=341 rep_n=333 nu_recv=0.99707 fa_class=0.0625
RFALINE c1-CTL rep=1 site=cli [RFA] gen=0 fires=379 false=379 false_frac=1.0000 fill_coded=0 fill_src=0 dup_src=379 preempt_src=0 src_n=380 rep_n=372 nu_recv=0.99737 fa_class=0.0625
RFALINE c1-CTL rep=1 site=cli [RFA] gen=0 fires=418 false=418 false_frac=1.0000 fill_coded=0 fill_src=0 dup_src=418 preempt_src=0 src_n=419 rep_n=411 nu_recv=0.99761 fa_class=0.0625
RFALINE c1-CTL rep=1 site=cli [RFA] gen=0 fires=456 false=456 false_frac=1.0000 fill_coded=0 fill_src=0 dup_src=456 preempt_src=0 src_n=457 rep_n=449 nu_recv=0.99781 fa_class=0.0625
RFALINE c1-CTL rep=1 site=cli [RFA] gen=0 fires=495 false=495 false_frac=1.0000 fill_coded=0 fill_src=0 dup_src=495 preempt_src=0 src_n=496 rep_n=488 nu_recv=0.99798 fa_class=0.0625
RFALINE c1-CTL rep=1 site=cli [RFA] gen=0 fires=533 false=533 false_frac=1.0000 fill_coded=0 fill_src=0 dup_src=533 preempt_src=0 src_n=534 rep_n=526 nu_recv=0.99813 fa_class=0.0625
RFALINE c1-CTL rep=1 site=cli [RFA] gen=0 fires=571 false=571 false_frac=1.0000 fill_coded=0 fill_src=0 dup_src=571 preempt_src=0 src_n=572 rep_n=564 nu_recv=0.99825 fa_class=0.0625
RFALINE c1-CTL rep=1 site=cli [RFA] gen=0 fires=609 false=609 false_frac=1.0000 fill_coded=0 fill_src=0 dup_src=609 preempt_src=0 src_n=610 rep_n=602 nu_recv=0.99836 fa_class=0.0625
RFALINE c1-CTL rep=1 site=cli [RFA] gen=0 fires=616 false=616 false_frac=1.0000 fill_coded=0 fill_src=0 dup_src=616 preempt_src=0 src_n=618 rep_n=610 nu_recv=0.99676 fa_class=0.0625
RFALINE c1-CTL rep=1 site=srv [RFA] gen=0 fires=51 false=21 false_frac=0.4118 fill_coded=1 fill_src=29 dup_src=20 preempt_src=1 src_n=15379 rep_n=4 nu_recv=0.00332 fa_class=0.0625
RFALINE c1-CTL rep=1 site=srv [RFA] gen=0 fires=128 false=40 false_frac=0.3125 fill_coded=3 fill_src=85 dup_src=37 preempt_src=3 src_n=36950 rep_n=11 nu_recv=0.00346 fa_class=0.0625
RFALINE c1-CTL rep=1 site=srv [RFA] gen=0 fires=346 false=65 false_frac=0.1879 fill_coded=3 fill_src=278 dup_src=62 preempt_src=3 src_n=58885 rep_n=35 nu_recv=0.00588 fa_class=0.0625
RFALINE c1-CTL rep=1 site=srv [RFA] gen=0 fires=357 false=66 false_frac=0.1849 fill_coded=3 fill_src=288 dup_src=63 preempt_src=3 src_n=79825 rep_n=37 nu_recv=0.00447 fa_class=0.0625
RFALINE c1-CTL rep=1 site=srv [RFA] gen=0 fires=398 false=77 false_frac=0.1935 fill_coded=3 fill_src=318 dup_src=74 preempt_src=3 src_n=100997 rep_n=41 nu_recv=0.00394 fa_class=0.0625
RFALINE c1-CTL rep=1 site=srv [RFA] gen=0 fires=486 false=115 false_frac=0.2366 fill_coded=3 fill_src=368 dup_src=112 preempt_src=3 src_n=120897 rep_n=45 nu_recv=0.00402 fa_class=0.0625
RFALINE c1-CTL rep=1 site=srv [RFA] gen=0 fires=568 false=137 false_frac=0.2412 fill_coded=3 fill_src=428 dup_src=134 preempt_src=3 src_n=141799 rep_n=52 nu_recv=0.00401 fa_class=0.0625
RFALINE c1-CTL rep=1 site=srv [RFA] gen=0 fires=1024 false=266 false_frac=0.2598 fill_coded=4 fill_src=754 dup_src=262 preempt_src=4 src_n=160173 rep_n=99 nu_recv=0.00639 fa_class=0.0625
RFALINE c1-CTL rep=1 site=srv [RFA] gen=0 fires=1097 false=291 false_frac=0.2653 fill_coded=4 fill_src=802 dup_src=287 preempt_src=4 src_n=181129 rep_n=107 nu_recv=0.00606 fa_class=0.0625
RFALINE c1-CTL rep=1 site=srv [RFA] gen=0 fires=1147 false=296 false_frac=0.2581 fill_coded=4 fill_src=847 dup_src=292 preempt_src=4 src_n=201591 rep_n=113 nu_recv=0.00569 fa_class=0.0625
RFALINE c1-CTL rep=1 site=srv [RFA] gen=0 fires=1148 false=297 false_frac=0.2587 fill_coded=4 fill_src=847 dup_src=293 preempt_src=4 src_n=223045 rep_n=113 nu_recv=0.00515 fa_class=0.0625
RFALINE c1-CTL rep=1 site=srv [RFA] gen=0 fires=1238 false=327 false_frac=0.2641 fill_coded=4 fill_src=907 dup_src=323 preempt_src=4 src_n=243272 rep_n=121 nu_recv=0.00509 fa_class=0.0625
RFALINE c1-CTL rep=1 site=srv [RFA] gen=0 fires=1250 false=329 false_frac=0.2632 fill_coded=4 fill_src=917 dup_src=325 preempt_src=4 src_n=264723 rep_n=123 nu_recv=0.00472 fa_class=0.0625
RFALINE c1-CTL rep=1 site=srv [RFA] gen=0 fires=1264 false=333 false_frac=0.2634 fill_coded=4 fill_src=927 dup_src=329 preempt_src=4 src_n=285670 rep_n=125 nu_recv=0.00442 fa_class=0.0625
RFALINE c1-CTL rep=1 site=srv [RFA] gen=0 fires=1361 false=337 false_frac=0.2476 fill_coded=4 fill_src=1020 dup_src=333 preempt_src=4 src_n=305962 rep_n=137 nu_recv=0.00445 fa_class=0.0625
RFALINE c1-CTL rep=1 site=srv [RFA] gen=0 fires=1396 false=355 false_frac=0.2543 fill_coded=4 fill_src=1037 dup_src=351 preempt_src=4 src_n=326776 rep_n=141 nu_recv=0.00427 fa_class=0.0625
DCAPLINE c1-CTL rep=1 site=cli [DCAP] on=1 eng=0/0 chg=0/0 chg_frac=0.0000 pin=0.0000 floor=0.0000 cap=0.0 ask=0.0 q=0.100000 b=2.0000
WALLLINE c1-CTL rep=1 site=cli [WALL] onset=0.9995 dur_ms=8.4 retx=0 total_ms=16511.8 it_ms=0.049
ALPHAWITNESS {"cell":"c1","arm":"CTL","alpha":"unset","seed":42,"rep":1,"rc":0,"mbps":193.832,"band":[147,294],"band_applies":1,"in_band":1,"lossy":0,"qclk_law_n":340128,"rfa_lines":16,"W1_rfa_gen":"0","W2_pfrac_lines":0,"W4_retx_max":1393,"W5_rack_fa":"121/1393"}
=== rep=1 arm=c1-Q002 alpha=0.002 seed=42 env="RWM_QUANTILE_CLOCKS=1 RWM_ALPHA_OVERRIDE=0.002 RWM_DELTA_CAP=1 RWM_SUM_CAP=1 RWM_RACK_CLOCKS=0 RWM_DERIVED_SWEEP=0 RWM_COMPOSED_CAP=0 RWM_THREE_TERM=0 RWM_STORE_CAP_UNIFIED=0 RWM_LATE_BRAKE=0 RWM_CHARGE_RECOVERY=0 RWM_RELEASE_1TO1=0 RWM_LOSS_SENT_TRUTH=0" cell=c1/c1/single bytes=400000000 17:21:12
[2m2026-08-20T17:21:13.587798Z[0m [32m INFO[0m [2mraptorpath::gates[0m[2m:[0m [GATES] RWM_UNIFIED=1 RWM_UNIFIED_SHED=1 RWM_TAPER_R=1 RWM_ASTAR_ANCHOR=1 RWM_MSTAR_ANCHOR=1 RWM_PLAIN_RS=0 RWM_HONEST_ANCHOR=1 RWM_HONEST_K=0 RWM_STORE_SACK_RELEASE=1 RWM_STORE_PATHS=1 RWM_STORE_PATH_POOL=2048 RWM_STORE=unset RWM_STORE_GAIN=2 RWM_STORE_BOOT=128 RWM_STORE_CAPW=0 RWM_STORE_CAP_UNIFIED=0 RWM_THREE_TERM=0 RWM_COMPOSED_CAP=0 RWM_SUM_CAP=1 RWM_LATE_BRAKE=0 RWM_DELTA_CAP=1 RWM_STORE_PERCAP=0 RWM_PERCAP_GUARD=1 RWM_STORE_BORROW=0 RWM_HONEST_CAP=1 RWM_POOL_ANCHOR=0 RWM_POOL_DELIV=0 RWM_FLOOR_BOUND=0 RWM_ACK_MERGE=1 RWM_LOSS_SENT_TRUTH=0 RWM_RELEASE_1TO1=0 RWM_CHARGE_RECOVERY=0 RWM_PATIENCE_DERIVED=0 RWM_SIDLE_DERIVED=0 RWM_WIN_DECOUPLE=0 RWM_PLACE_SLACK=0 RWM_COLD_PLACE=0 RWM_GEN=384 RWM_PIPELINE=2 RWM_GEN_PIPE=1 RWM_GEN_R=unset RWM_GEN_RATE=9000 RWM_GEN_RATE_FLOOR=2000 RWM_GEN_INFLIGHT=unset RWM_OOO_RETAIN=0/16 RWM_WINDOW=unset RWM_REPORT_GENS=unset RWM_REPAIR_WAIT=unset RWM_CODED_SRC=0 RWM_NO_REACTIVE=0 RWM_XPATH_REPAIR=0 RWM_PROACTIVE_PACER=0 RWM_REASM_BDP=0 RWM_MIN_R=0 RWM_CC_PACE=0 RWM_CC_PACE_HR=1.1 RWM_REACT_CAP=unset RWM_INFL_CAP=0 RWM_INFL_BDP=unset RWM_COPA_FEED=0 RWM_RS_ATTR=1 RWM_EMIT_BATCH=0 RWM_EMIT_BURST=64 RWM_RECOV_MP=1 RWM_RECOV_MP_LAW=1 RWM_RECOV_MP_LIVE=0 RWM_RECOV_SP=0 RWM_DERIVED_SWEEP=0 RWM_RACK_CLOCKS=0 RWM_RACK_REO_MULT=1 RWM_QUANTILE_CLOCKS=1 RWM_ALPHA_OVERRIDE=0.002 RWM_DIAG=1 RWM_ACKDIAG=1 RWM_ACKDIAG_WINDOW_US=2000000 RWM_WALLDIAG=1 RWM_CPUPROF=0 RWM_RDIAG=0 RWM_FDIAG=1 RWM_TRACE=0 RWM_PFRAC=0
{"bytes":400000000,"dnf":0,"hint":"bulk","max_s":16.0293,"mean_mbps":199.635,"mean_s":16.0293,"median_s":16.0293,"min_s":16.0293,"proto":"rp-native","runs":1,"stdev_s":0.0,"summary":true}
    LATPROBE-LEG leg=0 file=/tmp/rwm-ping-0.txt sent=319 recv=319 censor=0.00% p50=2.08[censor=0.00% ok] p95=2.55[censor=0.00% ok] p99=2.74[censor=0.00% ok]
    LATPROBE: 1 leg(s) /tmp/rwm-ping-0.txt=319 replies
    CPU: CPUSRV=17.48s CPUCLI=18.21s (srv=decoder cli=sender; whole-invocation incl warmup)
    QDISC cli0: qdisc netem a295: root refcnt 7 limit 1000 delay 1ms loss gemodel p 0.05% r 50% 1-h 100% 1-k 0% rate 1Gbit seed 42  Sent 438738754 bytes 345267 pkt (dropped 50, overlimits 0 requeues 0)   backlog 0b 0p requeues 0 
    QDISC srv0: qdisc netem a297: root refcnt 7 limit 1000 delay 1ms rate 1Gbit seed 11191846244595782070  Sent 30166805 bytes 77355 pkt (dropped 0, overlimits 0 requeues 0)   backlog 0b 0p requeues 0 
    QCAP: /tmp/rwm-q.txt 10 lines
RUNTIME c1-Q002 rep=1 17s rc=0
ALPHARESULT {"cell": "c1", "arm": "Q002", "alpha_cmd": 0.002, "seed": 42, "rep": 1, "n_paths": 1, "dnf": false, "dnf_count": 0, "mbps": 199.635, "mean_mbps": 199.635, "seconds": 16.0293, "n_runs": 1, "cpusrv": 17.48, "cpucli": 18.21, "khr_med": 1.0, "kraw_med": null, "khr_n": 42, "kraw_n": 0, "rtp_med": 2, "occ_p50": 228, "occcap_p50": 528, "q_p50": 9, "q_p99": 23, "diag_lines": 63, "retx": 1031, "w1_rfa_gen": "0", "w2_pfrac_lines": 0, "w4_retx_max": 1031, "w5_rack_fa": "206/1036", "gates_cli_quantile_clocks": 1, "gates_srv_quantile_clocks": 1, "gates_cli_rack_clocks": 0, "gates_srv_rack_clocks": 0, "gates_cli_derived_sweep": 0, "gates_srv_derived_sweep": 0, "gates_cli_delta_cap": 1, "gates_srv_delta_cap": 1, "gates_cli_sum_cap": 1, "gates_srv_sum_cap": 1, "gates_cli_composed_cap": 0, "gates_srv_composed_cap": 0, "gates_cli_three_term": 0, "gates_srv_three_term": 0, "gates_cli_loss_sent_truth": 0, "gates_srv_loss_sent_truth": 0, "gates_cli_gen": null, "gates_srv_gen": null, "gates_cli_diag": 1, "gates_srv_diag": 1, "gates_cli_ackdiag": 1, "gates_srv_ackdiag": 1, "gates_cli_walldiag": 1, "gates_srv_walldiag": 1, "gates_cli_fdiag": 1, "gates_srv_fdiag": 1, "gates_cli_recov_mp": 1, "gates_srv_recov_mp": 1, "gates_cli_cc_pace": 0, "gates_srv_cc_pace": 0, "gates_cli_rack_reo_mult": 1, "gates_srv_rack_reo_mult": 1, "gates_lines_cli": 1, "gates_lines_srv": 1, "gate_quantile_cli": "1", "gate_quantile_srv": "1", "gate_alpha_cli": "0.002", "gate_alpha_srv": "0.002", "gate_gen_cli": 384, "gate_gen_srv": 384, "qalpha_lines_cli": 2, "qalpha_site_cli": "sender", "qalpha_quantile_cli": 1, "qalpha_contract_cli": 0.001, "qalpha_override_cli": 0.002, "qalpha_cli": 0.002, "qalpha_k_cli": 22.3383, "qalpha_lines_srv": 2, "qalpha_site_srv": "sender", "qalpha_quantile_srv": 1, "qalpha_contract_srv": 0.001, "qalpha_override_srv": 0.002, "qalpha_srv": 0.002, "qalpha_k_srv": 22.3383, "qclk_cli_lines": 1, "qclk_cli_site": "sender", "qclk_cli_alpha": 0.002, "qclk_cli_k": 22.3383, "qclk_cli_w_us_mean": 21471.0, "qclk_cli_srtt_us_mean": 10308.7, "qclk_cli_on": 1, "qclk_cli_evals": 340487, "qclk_cli_kept": 3715, "qclk_cli_w_us_p05": 8472, "qclk_cli_w_us_p50": 12557, "qclk_cli_w_us_p95": 77223, "qclk_cli_w_us_min": 5361, "qclk_cli_w_us_max": 311695, "qclk_cli_law_n": 236382, "qclk_cli_sigma_us_mean": 499.7, "qclk_cli_sigma_n": 236382, "qclk_srv_lines": 16, "qclk_srv_site": "receiver", "qclk_srv_alpha": 0.002, "qclk_srv_k": 22.3383, "qclk_srv_w_us_mean": 183513.8, "qclk_srv_srtt_us_mean": 13749.8, "qclk_srv_on": 1, "qclk_srv_evals": 10538, "qclk_srv_kept": 2635, "qclk_srv_w_us_p05": 35470, "qclk_srv_w_us_p50": 97073, "qclk_srv_w_us_p95": 567606, "qclk_srv_w_us_min": 35470, "qclk_srv_w_us_max": 720614, "qclk_srv_law_n": 10538, "qclk_srv_sigma_us_mean": 7599.7, "qclk_srv_sigma_n": 10538, "rack_lines_cli": 2, "rack_on_cli": 0, "rack_evals_cli": 0, "rack_ceil_cli": 0.0, "rack_gran_cli": 0.0, "rack_legacy_pin_cli": 0.0, "rack_round_cli": 0.0, "rack_legacy_cli": 0.0, "rack_mult_cli": 1, "rack_fa_n_cli": 206, "rack_fa_d_cli": 1036, "rack_fa_frac_cli": 0.1988, "rack_fa_class_cli": 0.0625, "rack_lines_srv": 0, "rack_on_srv": null, "rack_evals_srv": null, "rack_ceil_srv": null, "rack_gran_srv": null, "rack_legacy_pin_srv": null, "rack_round_srv": null, "rack_legacy_srv": null, "rack_mult_srv": null, "rack_fa_n_srv": null, "rack_fa_d_srv": null, "rack_fa_frac_srv": null, "rack_fa_class_srv": null, "rack_fired": 1036, "rack_spurious": 206, "rack_fa_frac": 0.1988, "rack_fa_class": 0.0625, "rack_round_us": 0.0, "rack_legacy_us": 0.0, "rack_evals": 0, "rack_legacy_pin": 0.0, "rfa_lines": 16, "rfa_gen": 0, "rfa_fires": 1044, "rfa_false": 535, "rfa_fill_coded": 9, "rfa_fill_src": 500, "rfa_dup_src": 527, "rfa_preempt_src": 8, "rfa_src_n": 338492, "rfa_rep_n": 396, "rfa_false_frac": 0.5125, "rfa_nu_recv": 0.00308, "rfa_fa_class": 0.0625, "rfa_bracket_lo": 0.5125, "rfa_bracket_hi": 0.983456, "sf_ticks": 2876, "sf_E": 0.7629, "sf_short": 0.2371, "sf_zero": 0.2371, "capboot_n": 60, "capboot_frac": 0.35, "ping_n": 319, "ping_p50": 2.08, "ping_p95": 2.53, "ping_p99": 2.74, "ping_tx": 319, "ping_rx": 319, "ping_loss": 0.0, "ping_censor_frac": 0.0, "legs_probed": 1, "leg0_n": 319, "leg0_sent": 319, "leg0_recv": 319, "leg0_sent_source": "summary", "leg0_censor_frac": 0.0, "leg0_censor_pct": 0.0, "leg0_recv_mismatch": false, "leg0_leg_unscoreable": false, "leg0_min": 2.04, "leg0_max": 4.31, "leg0_p50": 2.08, "leg0_p50_censored": false, "leg0_p50_scoreable": true, "leg0_p95": 2.55, "leg0_p95_censored": false, "leg0_p95_scoreable": true, "leg0_p99": 2.74, "leg0_p99_censored": false, "leg0_p99_scoreable": true, "legs_censor_max": 0.0, "wait_tun": 74, "wait_paused": 22, "wait_pace": 0, "wait_gen": 0, "wait_nack": 0, "wait_defc": 0, "wait_tail": 4, "wait_flush": 0, "wait_lines": 60, "deadwall": false, "sig_us_p50": 58.0, "sig_us_n": 333579, "sig_us_path": 0, "sig_paths": 1, "pl_n": 42, "pl_max": 0.0, "pl_min": 0.0, "pl_p0": 0.0, "dgq_hand": 334717, "dgq_full": 0, "dgq_err": 0, "dgq_gap": 9, "tc_bytes": 438738754, "tc_pkts": 345267, "tc_drop": 50, "tc_s": 17}
LIVENESS c1-Q002 rep=1 RWM_QUANTILE_CLOCKS=RWM_QUANTILE_CLOCKS=1/RWM_QUANTILE_CLOCKS=1(exp1) RWM_ALPHA_OVERRIDE=RWM_ALPHA_OVERRIDE=0.002/RWM_ALPHA_OVERRIDE=0.002(exp0.002) RWM_DELTA_CAP=RWM_DELTA_CAP=1/RWM_DELTA_CAP=1(exp1) RWM_SUM_CAP=RWM_SUM_CAP=1/RWM_SUM_CAP=1(exp1) RWM_RACK_CLOCKS=RWM_RACK_CLOCKS=0/RWM_RACK_CLOCKS=0(exp0) RWM_DERIVED_SWEEP=RWM_DERIVED_SWEEP=0/RWM_DERIVED_SWEEP=0(exp0) RWM_COMPOSED_CAP=RWM_COMPOSED_CAP=0/RWM_COMPOSED_CAP=0(exp0) RWM_THREE_TERM=RWM_THREE_TERM=0/RWM_THREE_TERM=0(exp0) RWM_STORE_CAP_UNIFIED=RWM_STORE_CAP_UNIFIED=0/RWM_STORE_CAP_UNIFIED=0(exp0) RWM_LATE_BRAKE=RWM_LATE_BRAKE=0/RWM_LATE_BRAKE=0(exp0) RWM_CHARGE_RECOVERY=RWM_CHARGE_RECOVERY=0/RWM_CHARGE_RECOVERY=0(exp0) RWM_RELEASE_1TO1=RWM_RELEASE_1TO1=0/RWM_RELEASE_1TO1=0(exp0) RWM_LOSS_SENT_TRUTH=RWM_LOSS_SENT_TRUTH=0/RWM_LOSS_SENT_TRUTH=0(exp0) RWM_DIAG=RWM_DIAG=1/RWM_DIAG=1(exp1) RWM_ACKDIAG=RWM_ACKDIAG=1/RWM_ACKDIAG=1(exp1) RWM_WALLDIAG=RWM_WALLDIAG=1/RWM_WALLDIAG=1(exp1) RWM_FDIAG=RWM_FDIAG=1/RWM_FDIAG=1(exp1)
QALPHALINE c1-Q002 rep=1 site=cli [QALPHA] site=sender quantile=1 contract_alpha=1.000000e-3 override=2.000000e-3 alpha=2.000000e-3 k=22.3383 fa_class=0.0625
QALPHALINE c1-Q002 rep=1 site=srv [QALPHA] site=receiver quantile=1 contract_alpha=1.000000e-5 override=2.000000e-3 alpha=2.000000e-3 k=22.3383 fa_class=0.0625
QCLKLINE c1-Q002 rep=1 site=cli [QCLK] site=sender on=1 alpha=2.000000e-3 k=22.3383 evals=340487 law_n=236382 kept=3715 w_us_mean=21471.0 w_us_p05=8472 w_us_p50=12557 w_us_p95=77223 w_us_min=5361 w_us_max=311695 srtt_us_mean=10308.7 sigma_us_mean=499.7/n236382 fa_class=0.0625
QCLKLINE c1-Q002 rep=1 site=srv [QCLK] site=receiver on=1 alpha=2.000000e-3 k=22.3383 evals=316 law_n=316 kept=316 w_us_mean=720614.0 w_us_p05=720614 w_us_p50=720614 w_us_p95=720614 w_us_min=720614 w_us_max=720614 srtt_us_mean=26117.0 sigma_us_mean=31090.0/n316 fa_class=0.0625
QCLKLINE c1-Q002 rep=1 site=srv [QCLK] site=receiver on=1 alpha=2.000000e-3 k=22.3383 evals=1104 law_n=1104 kept=1104 w_us_mean=611401.8 w_us_p05=567606 w_us_p50=567606 w_us_p95=720614 w_us_min=567606 w_us_max=720614 srtt_us_mean=23907.2 sigma_us_mean=26299.9/n1104 fa_class=0.0625
QCLKLINE c1-Q002 rep=1 site=srv [QCLK] site=receiver on=1 alpha=2.000000e-3 k=22.3383 evals=2498 law_n=2498 kept=2498 w_us_mean=470021.3 w_us_p05=288470 w_us_p50=436292 w_us_p95=720614 w_us_min=288470 w_us_max=720614 srtt_us_mean=21088.6 sigma_us_mean=20097.0/n2498 fa_class=0.0625
QCLKLINE c1-Q002 rep=1 site=srv [QCLK] site=receiver on=1 alpha=2.000000e-3 k=22.3383 evals=2756 law_n=2756 kept=2756 w_us_mean=448437.5 w_us_p05=239460 w_us_p50=362494 w_us_p95=720614 w_us_min=239460 w_us_max=720614 srtt_us_mean=20546.3 sigma_us_mean=19155.1/n2756 fa_class=0.0625
QCLKLINE c1-Q002 rep=1 site=srv [QCLK] site=receiver on=1 alpha=2.000000e-3 k=22.3383 evals=3682 law_n=3682 kept=3682 w_us_mean=362187.9 w_us_p05=105488 w_us_p50=362494 w_us_p95=720614 w_us_min=105488 w_us_max=720614 srtt_us_mean=18538.1 sigma_us_mean=15383.9/n3682 fa_class=0.0625
QCLKLINE c1-Q002 rep=1 site=srv [QCLK] site=receiver on=1 alpha=2.000000e-3 k=22.3383 evals=4290 law_n=4290 kept=2145 w_us_mean=315907.6 w_us_p05=35470 w_us_p50=362494 w_us_p95=720614 w_us_min=35470 w_us_max=720614 srtt_us_mean=17238.2 sigma_us_mean=13370.3/n4290 fa_class=0.0625
QCLKLINE c1-Q002 rep=1 site=srv [QCLK] site=receiver on=1 alpha=2.000000e-3 k=22.3383 evals=5319 law_n=5319 kept=2660 w_us_mean=289384.0 w_us_p05=35470 w_us_p50=239460 w_us_p95=720614 w_us_min=35470 w_us_max=720614 srtt_us_mean=16682.6 sigma_us_mean=12207.8/n5319 fa_class=0.0625
QCLKLINE c1-Q002 rep=1 site=srv [QCLK] site=receiver on=1 alpha=2.000000e-3 k=22.3383 evals=6544 law_n=6544 kept=3272 w_us_mean=253144.5 w_us_p05=35470 w_us_p50=150111 w_us_p95=567606 w_us_min=35470 w_us_max=720614 srtt_us_mean=15918.4 sigma_us_mean=10619.7/n6544 fa_class=0.0625
QCLKLINE c1-Q002 rep=1 site=srv [QCLK] site=receiver on=1 alpha=2.000000e-3 k=22.3383 evals=6544 law_n=6544 kept=3272 w_us_mean=253144.5 w_us_p05=35470 w_us_p50=150111 w_us_p95=567606 w_us_min=35470 w_us_max=720614 srtt_us_mean=15918.4 sigma_us_mean=10619.7/n6544 fa_class=0.0625
QCLKLINE c1-Q002 rep=1 site=srv [QCLK] site=receiver on=1 alpha=2.000000e-3 k=22.3383 evals=7036 law_n=7036 kept=3518 w_us_mean=239265.4 w_us_p05=35470 w_us_p50=150111 w_us_p95=567606 w_us_min=35470 w_us_max=720614 srtt_us_mean=15439.8 sigma_us_mean=10019.8/n7036 fa_class=0.0625
QCLKLINE c1-Q002 rep=1 site=srv [QCLK] site=receiver on=1 alpha=2.000000e-3 k=22.3383 evals=7036 law_n=7036 kept=3518 w_us_mean=239265.4 w_us_p05=35470 w_us_p50=150111 w_us_p95=567606 w_us_min=35470 w_us_max=720614 srtt_us_mean=15439.8 sigma_us_mean=10019.8/n7036 fa_class=0.0625
QCLKLINE c1-Q002 rep=1 site=srv [QCLK] site=receiver on=1 alpha=2.000000e-3 k=22.3383 evals=7036 law_n=7036 kept=3518 w_us_mean=239265.4 w_us_p05=35470 w_us_p50=150111 w_us_p95=567606 w_us_min=35470 w_us_max=720614 srtt_us_mean=15439.8 sigma_us_mean=10019.8/n7036 fa_class=0.0625
QCLKLINE c1-Q002 rep=1 site=srv [QCLK] site=receiver on=1 alpha=2.000000e-3 k=22.3383 evals=7256 law_n=7256 kept=3628 w_us_mean=234075.1 w_us_p05=35470 w_us_p50=150111 w_us_p95=567606 w_us_min=35470 w_us_max=720614 srtt_us_mean=15282.2 sigma_us_mean=9794.5/n7256 fa_class=0.0625
QCLKLINE c1-Q002 rep=1 site=srv [QCLK] site=receiver on=1 alpha=2.000000e-3 k=22.3383 evals=7572 law_n=7572 kept=3786 w_us_mean=227798.6 w_us_p05=35470 w_us_p50=150111 w_us_p95=567606 w_us_min=35470 w_us_max=720614 srtt_us_mean=15036.0 sigma_us_mean=9524.6/n7572 fa_class=0.0625
QCLKLINE c1-Q002 rep=1 site=srv [QCLK] site=receiver on=1 alpha=2.000000e-3 k=22.3383 evals=10538 law_n=10538 kept=2635 w_us_mean=183513.8 w_us_p05=35470 w_us_p50=97073 w_us_p95=567606 w_us_min=35470 w_us_max=720614 srtt_us_mean=13749.8 sigma_us_mean=7599.7/n10538 fa_class=0.0625
QCLKLINE c1-Q002 rep=1 site=srv [QCLK] site=receiver on=1 alpha=2.000000e-3 k=22.3383 evals=10538 law_n=10538 kept=2635 w_us_mean=183513.8 w_us_p05=35470 w_us_p50=97073 w_us_p95=567606 w_us_min=35470 w_us_max=720614 srtt_us_mean=13749.8 sigma_us_mean=7599.7/n10538 fa_class=0.0625
RACKLINE c1-Q002 rep=1 site=cli [RACK] on=0 evals=0 ceil=0.0000 gran=0.0000 legacy_pin=0.0000 round=0.0 legacy=0.0 mult=1 fa=170/170 fa_frac=1.0000 fa_class=0.0625
RACKLINE c1-Q002 rep=1 site=cli [RACK] on=0 evals=0 ceil=0.0000 gran=0.0000 legacy_pin=0.0000 round=0.0 legacy=0.0 mult=1 fa=206/1036 fa_frac=0.1988 fa_class=0.0625
RFALINE c1-Q002 rep=1 site=cli [RFA] gen=0 fires=6 false=6 false_frac=1.0000 fill_coded=0 fill_src=0 dup_src=6 preempt_src=0 src_n=7 rep_n=0 nu_recv=0.85714 fa_class=0.0625
RFALINE c1-Q002 rep=1 site=cli [RFA] gen=0 fires=8 false=8 false_frac=1.0000 fill_coded=0 fill_src=0 dup_src=8 preempt_src=0 src_n=9 rep_n=2 nu_recv=0.88889 fa_class=0.0625
RFALINE c1-Q002 rep=1 site=cli [RFA] gen=0 fires=11 false=11 false_frac=1.0000 fill_coded=0 fill_src=0 dup_src=11 preempt_src=0 src_n=12 rep_n=5 nu_recv=0.91667 fa_class=0.0625
RFALINE c1-Q002 rep=1 site=cli [RFA] gen=0 fires=19 false=19 false_frac=1.0000 fill_coded=0 fill_src=0 dup_src=19 preempt_src=0 src_n=20 rep_n=13 nu_recv=0.95000 fa_class=0.0625
RFALINE c1-Q002 rep=1 site=cli [RFA] gen=0 fires=36 false=36 false_frac=1.0000 fill_coded=0 fill_src=0 dup_src=36 preempt_src=0 src_n=37 rep_n=30 nu_recv=0.97297 fa_class=0.0625
RFALINE c1-Q002 rep=1 site=cli [RFA] gen=0 fires=47 false=47 false_frac=1.0000 fill_coded=0 fill_src=0 dup_src=47 preempt_src=0 src_n=48 rep_n=41 nu_recv=0.97917 fa_class=0.0625
RFALINE c1-Q002 rep=1 site=cli [RFA] gen=0 fires=58 false=58 false_frac=1.0000 fill_coded=0 fill_src=0 dup_src=58 preempt_src=0 src_n=59 rep_n=52 nu_recv=0.98305 fa_class=0.0625
RFALINE c1-Q002 rep=1 site=cli [RFA] gen=0 fires=68 false=68 false_frac=1.0000 fill_coded=0 fill_src=0 dup_src=68 preempt_src=0 src_n=69 rep_n=62 nu_recv=0.98551 fa_class=0.0625
RFALINE c1-Q002 rep=1 site=cli [RFA] gen=0 fires=85 false=85 false_frac=1.0000 fill_coded=0 fill_src=0 dup_src=85 preempt_src=0 src_n=86 rep_n=79 nu_recv=0.98837 fa_class=0.0625
RFALINE c1-Q002 rep=1 site=cli [RFA] gen=0 fires=97 false=97 false_frac=1.0000 fill_coded=0 fill_src=0 dup_src=97 preempt_src=0 src_n=98 rep_n=91 nu_recv=0.98980 fa_class=0.0625
RFALINE c1-Q002 rep=1 site=cli [RFA] gen=0 fires=115 false=115 false_frac=1.0000 fill_coded=0 fill_src=0 dup_src=115 preempt_src=0 src_n=116 rep_n=109 nu_recv=0.99138 fa_class=0.0625
RFALINE c1-Q002 rep=1 site=cli [RFA] gen=0 fires=130 false=130 false_frac=1.0000 fill_coded=0 fill_src=0 dup_src=130 preempt_src=0 src_n=131 rep_n=124 nu_recv=0.99237 fa_class=0.0625
RFALINE c1-Q002 rep=1 site=cli [RFA] gen=0 fires=145 false=145 false_frac=1.0000 fill_coded=0 fill_src=0 dup_src=145 preempt_src=0 src_n=146 rep_n=139 nu_recv=0.99315 fa_class=0.0625
RFALINE c1-Q002 rep=1 site=cli [RFA] gen=0 fires=159 false=159 false_frac=1.0000 fill_coded=0 fill_src=0 dup_src=159 preempt_src=0 src_n=160 rep_n=153 nu_recv=0.99375 fa_class=0.0625
RFALINE c1-Q002 rep=1 site=cli [RFA] gen=0 fires=170 false=170 false_frac=1.0000 fill_coded=0 fill_src=0 dup_src=170 preempt_src=0 src_n=171 rep_n=164 nu_recv=0.99415 fa_class=0.0625
RFALINE c1-Q002 rep=1 site=cli [RFA] gen=0 fires=170 false=170 false_frac=1.0000 fill_coded=0 fill_src=0 dup_src=170 preempt_src=0 src_n=172 rep_n=165 nu_recv=0.98837 fa_class=0.0625
RFALINE c1-Q002 rep=1 site=srv [RFA] gen=0 fires=46 false=36 false_frac=0.7826 fill_coded=0 fill_src=10 dup_src=36 preempt_src=0 src_n=16275 rep_n=6 nu_recv=0.00283 fa_class=0.0625
RFALINE c1-Q002 rep=1 site=srv [RFA] gen=0 fires=136 false=88 false_frac=0.6471 fill_coded=2 fill_src=46 dup_src=86 preempt_src=2 src_n=37537 rep_n=39 nu_recv=0.00362 fa_class=0.0625
RFALINE c1-Q002 rep=1 site=srv [RFA] gen=0 fires=270 false=132 false_frac=0.4889 fill_coded=2 fill_src=136 dup_src=130 preempt_src=2 src_n=60035 rep_n=67 nu_recv=0.00450 fa_class=0.0625
RFALINE c1-Q002 rep=1 site=srv [RFA] gen=0 fires=307 false=165 false_frac=0.5375 fill_coded=3 fill_src=139 dup_src=162 preempt_src=3 src_n=83470 rep_n=97 nu_recv=0.00368 fa_class=0.0625
RFALINE c1-Q002 rep=1 site=srv [RFA] gen=0 fires=382 false=210 false_frac=0.5497 fill_coded=3 fill_src=169 dup_src=207 preempt_src=3 src_n=105035 rep_n=126 nu_recv=0.00364 fa_class=0.0625
RFALINE c1-Q002 rep=1 site=srv [RFA] gen=0 fires=444 false=234 false_frac=0.5270 fill_coded=3 fill_src=207 dup_src=231 preempt_src=3 src_n=125916 rep_n=146 nu_recv=0.00353 fa_class=0.0625
RFALINE c1-Q002 rep=1 site=srv [RFA] gen=0 fires=530 false=270 false_frac=0.5094 fill_coded=3 fill_src=257 dup_src=267 preempt_src=3 src_n=147353 rep_n=168 nu_recv=0.00360 fa_class=0.0625
RFALINE c1-Q002 rep=1 site=srv [RFA] gen=0 fires=596 false=293 false_frac=0.4916 fill_coded=4 fill_src=299 dup_src=289 preempt_src=4 src_n=167591 rep_n=189 nu_recv=0.00356 fa_class=0.0625
RFALINE c1-Q002 rep=1 site=srv [RFA] gen=0 fires=620 false=317 false_frac=0.5113 fill_coded=4 fill_src=299 dup_src=313 preempt_src=4 src_n=188350 rep_n=213 nu_recv=0.00329 fa_class=0.0625
RFALINE c1-Q002 rep=1 site=srv [RFA] gen=0 fires=656 false=342 false_frac=0.5213 fill_coded=4 fill_src=310 dup_src=338 preempt_src=4 src_n=209360 rep_n=239 nu_recv=0.00313 fa_class=0.0625
RFALINE c1-Q002 rep=1 site=srv [RFA] gen=0 fires=673 false=359 false_frac=0.5334 fill_coded=4 fill_src=310 dup_src=355 preempt_src=4 src_n=230204 rep_n=255 nu_recv=0.00292 fa_class=0.0625
RFALINE c1-Q002 rep=1 site=srv [RFA] gen=0 fires=694 false=380 false_frac=0.5476 fill_coded=4 fill_src=310 dup_src=376 preempt_src=4 src_n=252590 rep_n=276 nu_recv=0.00275 fa_class=0.0625
RFALINE c1-Q002 rep=1 site=srv [RFA] gen=0 fires=733 false=409 false_frac=0.5580 fill_coded=5 fill_src=319 dup_src=404 preempt_src=5 src_n=273563 rep_n=304 nu_recv=0.00268 fa_class=0.0625
RFALINE c1-Q002 rep=1 site=srv [RFA] gen=0 fires=775 false=441 false_frac=0.5690 fill_coded=6 fill_src=328 dup_src=435 preempt_src=6 src_n=295415 rep_n=327 nu_recv=0.00262 fa_class=0.0625
RFALINE c1-Q002 rep=1 site=srv [RFA] gen=0 fires=1020 false=511 false_frac=0.5010 fill_coded=9 fill_src=500 dup_src=503 preempt_src=8 src_n=315750 rep_n=373 nu_recv=0.00323 fa_class=0.0625
RFALINE c1-Q002 rep=1 site=srv [RFA] gen=0 fires=1044 false=535 false_frac=0.5125 fill_coded=9 fill_src=500 dup_src=527 preempt_src=8 src_n=338492 rep_n=396 nu_recv=0.00308 fa_class=0.0625
DCAPLINE c1-Q002 rep=1 site=cli [DCAP] on=1 eng=0/0 chg=0/0 chg_frac=0.0000 pin=0.0000 floor=0.0000 cap=0.0 ask=0.0 q=0.100000 b=2.0000
WALLLINE c1-Q002 rep=1 site=cli [WALL] onset=0.9998 dur_ms=3.6 retx=0 total_ms=16032.1 it_ms=0.047
ALPHAWITNESS {"cell":"c1","arm":"Q002","alpha":"0.002","seed":42,"rep":1,"rc":0,"mbps":199.635,"band":[147,294],"band_applies":0,"in_band":1,"lossy":0,"qclk_law_n":236382,"rfa_lines":16,"W1_rfa_gen":"0","W2_pfrac_lines":0,"W4_retx_max":1031,"W5_rack_fa":"206/1036"}
=== rep=1 arm=c1-Q009 alpha=0.009 seed=42 env="RWM_QUANTILE_CLOCKS=1 RWM_ALPHA_OVERRIDE=0.009 RWM_DELTA_CAP=1 RWM_SUM_CAP=1 RWM_RACK_CLOCKS=0 RWM_DERIVED_SWEEP=0 RWM_COMPOSED_CAP=0 RWM_THREE_TERM=0 RWM_STORE_CAP_UNIFIED=0 RWM_LATE_BRAKE=0 RWM_CHARGE_RECOVERY=0 RWM_RELEASE_1TO1=0 RWM_LOSS_SENT_TRUTH=0" cell=c1/c1/single bytes=400000000 17:21:30
[2m2026-08-20T17:21:31.891294Z[0m [32m INFO[0m [2mraptorpath::gates[0m[2m:[0m [GATES] RWM_UNIFIED=1 RWM_UNIFIED_SHED=1 RWM_TAPER_R=1 RWM_ASTAR_ANCHOR=1 RWM_MSTAR_ANCHOR=1 RWM_PLAIN_RS=0 RWM_HONEST_ANCHOR=1 RWM_HONEST_K=0 RWM_STORE_SACK_RELEASE=1 RWM_STORE_PATHS=1 RWM_STORE_PATH_POOL=2048 RWM_STORE=unset RWM_STORE_GAIN=2 RWM_STORE_BOOT=128 RWM_STORE_CAPW=0 RWM_STORE_CAP_UNIFIED=0 RWM_THREE_TERM=0 RWM_COMPOSED_CAP=0 RWM_SUM_CAP=1 RWM_LATE_BRAKE=0 RWM_DELTA_CAP=1 RWM_STORE_PERCAP=0 RWM_PERCAP_GUARD=1 RWM_STORE_BORROW=0 RWM_HONEST_CAP=1 RWM_POOL_ANCHOR=0 RWM_POOL_DELIV=0 RWM_FLOOR_BOUND=0 RWM_ACK_MERGE=1 RWM_LOSS_SENT_TRUTH=0 RWM_RELEASE_1TO1=0 RWM_CHARGE_RECOVERY=0 RWM_PATIENCE_DERIVED=0 RWM_SIDLE_DERIVED=0 RWM_WIN_DECOUPLE=0 RWM_PLACE_SLACK=0 RWM_COLD_PLACE=0 RWM_GEN=384 RWM_PIPELINE=2 RWM_GEN_PIPE=1 RWM_GEN_R=unset RWM_GEN_RATE=9000 RWM_GEN_RATE_FLOOR=2000 RWM_GEN_INFLIGHT=unset RWM_OOO_RETAIN=0/16 RWM_WINDOW=unset RWM_REPORT_GENS=unset RWM_REPAIR_WAIT=unset RWM_CODED_SRC=0 RWM_NO_REACTIVE=0 RWM_XPATH_REPAIR=0 RWM_PROACTIVE_PACER=0 RWM_REASM_BDP=0 RWM_MIN_R=0 RWM_CC_PACE=0 RWM_CC_PACE_HR=1.1 RWM_REACT_CAP=unset RWM_INFL_CAP=0 RWM_INFL_BDP=unset RWM_COPA_FEED=0 RWM_RS_ATTR=1 RWM_EMIT_BATCH=0 RWM_EMIT_BURST=64 RWM_RECOV_MP=1 RWM_RECOV_MP_LAW=1 RWM_RECOV_MP_LIVE=0 RWM_RECOV_SP=0 RWM_DERIVED_SWEEP=0 RWM_RACK_CLOCKS=0 RWM_RACK_REO_MULT=1 RWM_QUANTILE_CLOCKS=1 RWM_ALPHA_OVERRIDE=0.009 RWM_DIAG=1 RWM_ACKDIAG=1 RWM_ACKDIAG_WINDOW_US=2000000 RWM_WALLDIAG=1 RWM_CPUPROF=0 RWM_RDIAG=0 RWM_FDIAG=1 RWM_TRACE=0 RWM_PFRAC=0
{"bytes":400000000,"dnf":0,"hint":"bulk","max_s":16.5359,"mean_mbps":193.518,"mean_s":16.5359,"median_s":16.5359,"min_s":16.5359,"proto":"rp-native","runs":1,"stdev_s":0.0,"summary":true}
    LATPROBE-LEG leg=0 file=/tmp/rwm-ping-0.txt sent=329 recv=329 censor=0.00% p50=2.08[censor=0.00% ok] p95=2.41[censor=0.00% ok] p99=2.58[censor=0.00% ok]
    LATPROBE: 1 leg(s) /tmp/rwm-ping-0.txt=329 replies
    CPU: CPUSRV=18.77s CPUCLI=18.03s (srv=decoder cli=sender; whole-invocation incl warmup)
    QDISC cli0: qdisc netem a299: root refcnt 7 limit 1000 delay 1ms loss gemodel p 0.05% r 50% 1-h 100% 1-k 0% rate 1Gbit seed 42  Sent 438856018 bytes 342406 pkt (dropped 50, overlimits 0 requeues 0)   backlog 0b 0p requeues 0 
    QDISC srv0: qdisc netem a29b: root refcnt 7 limit 1000 delay 1ms rate 1Gbit seed 10190620306688082232  Sent 31185327 bytes 88881 pkt (dropped 0, overlimits 0 requeues 0)   backlog 0b 0p requeues 0 
    QCAP: /tmp/rwm-q.txt 10 lines
RUNTIME c1-Q009 rep=1 18s rc=0
ALPHARESULT {"cell": "c1", "arm": "Q009", "alpha_cmd": 0.009, "seed": 42, "rep": 1, "n_paths": 1, "dnf": false, "dnf_count": 0, "mbps": 193.518, "mean_mbps": 193.518, "seconds": 16.5359, "n_runs": 1, "cpusrv": 18.77, "cpucli": 18.03, "khr_med": 1.0, "kraw_med": null, "khr_n": 41, "kraw_n": 0, "rtp_med": 2, "occ_p50": 309, "occcap_p50": 523, "q_p50": 11, "q_p99": 39, "diag_lines": 65, "retx": 1101, "w1_rfa_gen": "0", "w2_pfrac_lines": 0, "w4_retx_max": 1101, "w5_rack_fa": "326/1110", "gates_cli_quantile_clocks": 1, "gates_srv_quantile_clocks": 1, "gates_cli_rack_clocks": 0, "gates_srv_rack_clocks": 0, "gates_cli_derived_sweep": 0, "gates_srv_derived_sweep": 0, "gates_cli_delta_cap": 1, "gates_srv_delta_cap": 1, "gates_cli_sum_cap": 1, "gates_srv_sum_cap": 1, "gates_cli_composed_cap": 0, "gates_srv_composed_cap": 0, "gates_cli_three_term": 0, "gates_srv_three_term": 0, "gates_cli_loss_sent_truth": 0, "gates_srv_loss_sent_truth": 0, "gates_cli_gen": null, "gates_srv_gen": null, "gates_cli_diag": 1, "gates_srv_diag": 1, "gates_cli_ackdiag": 1, "gates_srv_ackdiag": 1, "gates_cli_walldiag": 1, "gates_srv_walldiag": 1, "gates_cli_fdiag": 1, "gates_srv_fdiag": 1, "gates_cli_recov_mp": 1, "gates_srv_recov_mp": 1, "gates_cli_cc_pace": 0, "gates_srv_cc_pace": 0, "gates_cli_rack_reo_mult": 1, "gates_srv_rack_reo_mult": 1, "gates_lines_cli": 1, "gates_lines_srv": 1, "gate_quantile_cli": "1", "gate_quantile_srv": "1", "gate_alpha_cli": "0.009", "gate_alpha_srv": "0.009", "gate_gen_cli": 384, "gate_gen_srv": 384, "qalpha_lines_cli": 2, "qalpha_site_cli": "sender", "qalpha_quantile_cli": 1, "qalpha_contract_cli": 0.001, "qalpha_override_cli": 0.009, "qalpha_cli": 0.009, "qalpha_k_cli": 10.4934, "qalpha_lines_srv": 2, "qalpha_site_srv": "sender", "qalpha_quantile_srv": 1, "qalpha_contract_srv": 0.001, "qalpha_override_srv": 0.009, "qalpha_srv": 0.009, "qalpha_k_srv": 10.4934, "qclk_cli_lines": 1, "qclk_cli_site": "sender", "qclk_cli_alpha": 0.009, "qclk_cli_k": 10.4934, "qclk_cli_w_us_mean": 18310.6, "qclk_cli_srtt_us_mean": 13125.9, "qclk_cli_on": 1, "qclk_cli_evals": 341649, "qclk_cli_kept": 3202, "qclk_cli_w_us_p05": 8774, "qclk_cli_w_us_p50": 14551, "qclk_cli_w_us_p95": 41306, "qclk_cli_w_us_min": 5610, "qclk_cli_w_us_max": 307440, "qclk_cli_law_n": 205306, "qclk_cli_sigma_us_mean": 494.1, "qclk_cli_sigma_n": 205306, "qclk_srv_lines": 16, "qclk_srv_site": "receiver", "qclk_srv_alpha": 0.009, "qclk_srv_k": 10.4934, "qclk_srv_w_us_mean": 95676.1, "qclk_srv_srtt_us_mean": 16573.3, "qclk_srv_on": 1, "qclk_srv_evals": 10235, "qclk_srv_kept": 2559, "qclk_srv_w_us_p05": 34370, "qclk_srv_w_us_p50": 57377, "qclk_srv_w_us_p95": 337931, "qclk_srv_w_us_min": 23269, "qclk_srv_w_us_max": 361661, "qclk_srv_law_n": 10235, "qclk_srv_sigma_us_mean": 7538.4, "qclk_srv_sigma_n": 10235, "rack_lines_cli": 2, "rack_on_cli": 0, "rack_evals_cli": 0, "rack_ceil_cli": 0.0, "rack_gran_cli": 0.0, "rack_legacy_pin_cli": 0.0, "rack_round_cli": 0.0, "rack_legacy_cli": 0.0, "rack_mult_cli": 1, "rack_fa_n_cli": 326, "rack_fa_d_cli": 1110, "rack_fa_frac_cli": 0.2937, "rack_fa_class_cli": 0.0625, "rack_lines_srv": 0, "rack_on_srv": null, "rack_evals_srv": null, "rack_ceil_srv": null, "rack_gran_srv": null, "rack_legacy_pin_srv": null, "rack_round_srv": null, "rack_legacy_srv": null, "rack_mult_srv": null, "rack_fa_n_srv": null, "rack_fa_d_srv": null, "rack_fa_frac_srv": null, "rack_fa_class_srv": null, "rack_fired": 1110, "rack_spurious": 326, "rack_fa_frac": 0.2937, "rack_fa_class": 0.0625, "rack_round_us": 0.0, "rack_legacy_us": 0.0, "rack_evals": 0, "rack_legacy_pin": 0.0, "rfa_lines": 16, "rfa_gen": 0, "rfa_fires": 1067, "rfa_false": 629, "rfa_fill_coded": 6, "rfa_fill_src": 432, "rfa_dup_src": 623, "rfa_preempt_src": 6, "rfa_src_n": 327968, "rfa_rep_n": 423, "rfa_false_frac": 0.5895, "rfa_nu_recv": 0.00325, "rfa_fa_class": 0.0625, "rfa_bracket_lo": 0.5895, "rfa_bracket_hi": 0.990551, "sf_ticks": 2863, "sf_E": 0.6685, "sf_short": 0.3315, "sf_zero": 0.3315, "capboot_n": 62, "capboot_frac": 0.371, "ping_n": 329, "ping_p50": 2.08, "ping_p95": 2.41, "ping_p99": 2.58, "ping_tx": 329, "ping_rx": 329, "ping_loss": 0.0, "ping_censor_frac": 0.0, "legs_probed": 1, "leg0_n": 329, "leg0_sent": 329, "leg0_recv": 329, "leg0_sent_source": "summary", "leg0_censor_frac": 0.0, "leg0_censor_pct": 0.0, "leg0_recv_mismatch": false, "leg0_leg_unscoreable": false, "leg0_min": 2.04, "leg0_max": 2.92, "leg0_p50": 2.08, "leg0_p50_censored": false, "leg0_p50_scoreable": true, "leg0_p95": 2.41, "leg0_p95_censored": false, "leg0_p95_scoreable": true, "leg0_p99": 2.58, "leg0_p99_censored": false, "leg0_p99_scoreable": true, "legs_censor_max": 0.0, "wait_tun": 63, "wait_paused": 32, "wait_pace": 0, "wait_gen": 0, "wait_nack": 0, "wait_defc": 0, "wait_tail": 4, "wait_flush": 0, "wait_lines": 62, "deadwall": false, "sig_us_p50": 37.0, "sig_us_n": 334082, "sig_us_path": 0, "sig_paths": 1, "pl_n": 41, "pl_max": 0.0, "pl_min": 0.0, "pl_p0": 0.0, "dgq_hand": 335476, "dgq_full": 0, "dgq_err": 0, "dgq_gap": 1, "tc_bytes": 438856018, "tc_pkts": 342406, "tc_drop": 50, "tc_s": 18}
LIVENESS c1-Q009 rep=1 RWM_QUANTILE_CLOCKS=RWM_QUANTILE_CLOCKS=1/RWM_QUANTILE_CLOCKS=1(exp1) RWM_ALPHA_OVERRIDE=RWM_ALPHA_OVERRIDE=0.009/RWM_ALPHA_OVERRIDE=0.009(exp0.009) RWM_DELTA_CAP=RWM_DELTA_CAP=1/RWM_DELTA_CAP=1(exp1) RWM_SUM_CAP=RWM_SUM_CAP=1/RWM_SUM_CAP=1(exp1) RWM_RACK_CLOCKS=RWM_RACK_CLOCKS=0/RWM_RACK_CLOCKS=0(exp0) RWM_DERIVED_SWEEP=RWM_DERIVED_SWEEP=0/RWM_DERIVED_SWEEP=0(exp0) RWM_COMPOSED_CAP=RWM_COMPOSED_CAP=0/RWM_COMPOSED_CAP=0(exp0) RWM_THREE_TERM=RWM_THREE_TERM=0/RWM_THREE_TERM=0(exp0) RWM_STORE_CAP_UNIFIED=RWM_STORE_CAP_UNIFIED=0/RWM_STORE_CAP_UNIFIED=0(exp0) RWM_LATE_BRAKE=RWM_LATE_BRAKE=0/RWM_LATE_BRAKE=0(exp0) RWM_CHARGE_RECOVERY=RWM_CHARGE_RECOVERY=0/RWM_CHARGE_RECOVERY=0(exp0) RWM_RELEASE_1TO1=RWM_RELEASE_1TO1=0/RWM_RELEASE_1TO1=0(exp0) RWM_LOSS_SENT_TRUTH=RWM_LOSS_SENT_TRUTH=0/RWM_LOSS_SENT_TRUTH=0(exp0) RWM_DIAG=RWM_DIAG=1/RWM_DIAG=1(exp1) RWM_ACKDIAG=RWM_ACKDIAG=1/RWM_ACKDIAG=1(exp1) RWM_WALLDIAG=RWM_WALLDIAG=1/RWM_WALLDIAG=1(exp1) RWM_FDIAG=RWM_FDIAG=1/RWM_FDIAG=1(exp1)
QALPHALINE c1-Q009 rep=1 site=cli [QALPHA] site=sender quantile=1 contract_alpha=1.000000e-3 override=9.000000e-3 alpha=9.000000e-3 k=10.4934 fa_class=0.0625
QALPHALINE c1-Q009 rep=1 site=srv [QALPHA] site=receiver quantile=1 contract_alpha=1.000000e-5 override=9.000000e-3 alpha=9.000000e-3 k=10.4934 fa_class=0.0625
QCLKLINE c1-Q009 rep=1 site=cli [QCLK] site=sender on=1 alpha=9.000000e-3 k=10.4934 evals=341649 law_n=205306 kept=3202 w_us_mean=18310.6 w_us_p05=8774 w_us_p50=14551 w_us_p95=41306 w_us_min=5610 w_us_max=307440 srtt_us_mean=13125.9 sigma_us_mean=494.1/n205306 fa_class=0.0625
QCLKLINE c1-Q009 rep=1 site=srv [QCLK] site=receiver on=1 alpha=9.000000e-3 k=10.4934 evals=656 law_n=656 kept=656 w_us_mean=328607.0 w_us_p05=301927 w_us_p50=301927 w_us_p95=361661 w_us_min=301927 w_us_max=361661 srtt_us_mean=23416.7 sigma_us_mean=29084.1/n656 fa_class=0.0625
QCLKLINE c1-Q009 rep=1 site=srv [QCLK] site=receiver on=1 alpha=9.000000e-3 k=10.4934 evals=1175 law_n=1175 kept=1175 w_us_mean=237506.4 w_us_p05=122358 w_us_p50=301927 w_us_p95=361661 w_us_min=122358 w_us_max=361661 srtt_us_mean=19481.3 sigma_us_mean=20777.4/n1175 fa_class=0.0625
QCLKLINE c1-Q009 rep=1 site=srv [QCLK] site=receiver on=1 alpha=9.000000e-3 k=10.4934 evals=2343 law_n=2343 kept=2343 w_us_mean=139653.3 w_us_p05=38753 w_us_p50=122358 w_us_p95=361661 w_us_min=38753 w_us_max=361661 srtt_us_mean=16555.9 sigma_us_mean=11731.0/n2343 fa_class=0.0625
QCLKLINE c1-Q009 rep=1 site=srv [QCLK] site=receiver on=1 alpha=9.000000e-3 k=10.4934 evals=3178 law_n=3178 kept=3178 w_us_mean=114720.0 w_us_p05=23269 w_us_p50=64997 w_us_p95=361661 w_us_min=23269 w_us_max=361661 srtt_us_mean=15635.1 sigma_us_mean=9442.6/n3178 fa_class=0.0625
QCLKLINE c1-Q009 rep=1 site=srv [QCLK] site=receiver on=1 alpha=9.000000e-3 k=10.4934 evals=3654 law_n=3654 kept=3654 w_us_mean=106529.8 w_us_p05=23269 w_us_p50=51848 w_us_p95=361661 w_us_min=23269 w_us_max=361661 srtt_us_mean=15206.0 sigma_us_mean=8703.0/n3654 fa_class=0.0625
QCLKLINE c1-Q009 rep=1 site=srv [QCLK] site=receiver on=1 alpha=9.000000e-3 k=10.4934 evals=4024 law_n=4024 kept=4024 w_us_mean=100613.7 w_us_p05=23269 w_us_p50=51848 w_us_p95=361661 w_us_min=23269 w_us_max=361661 srtt_us_mean=14850.3 sigma_us_mean=8173.1/n4024 fa_class=0.0625
QCLKLINE c1-Q009 rep=1 site=srv [QCLK] site=receiver on=1 alpha=9.000000e-3 k=10.4934 evals=5333 law_n=5333 kept=2667 w_us_mean=89165.6 w_us_p05=23269 w_us_p50=51848 w_us_p95=361661 w_us_min=23269 w_us_max=361661 srtt_us_mean=14629.4 sigma_us_mean=7103.2/n5333 fa_class=0.0625
QCLKLINE c1-Q009 rep=1 site=srv [QCLK] site=receiver on=1 alpha=9.000000e-3 k=10.4934 evals=6786 law_n=6786 kept=3393 w_us_mean=80397.8 w_us_p05=23269 w_us_p50=48007 w_us_p95=301927 w_us_min=23269 w_us_max=361661 srtt_us_mean=14454.7 sigma_us_mean=6284.3/n6786 fa_class=0.0625
QCLKLINE c1-Q009 rep=1 site=srv [QCLK] site=receiver on=1 alpha=9.000000e-3 k=10.4934 evals=6786 law_n=6786 kept=3393 w_us_mean=80397.8 w_us_p05=23269 w_us_p50=48007 w_us_p95=301927 w_us_min=23269 w_us_max=361661 srtt_us_mean=14454.7 sigma_us_mean=6284.3/n6786 fa_class=0.0625
QCLKLINE c1-Q009 rep=1 site=srv [QCLK] site=receiver on=1 alpha=9.000000e-3 k=10.4934 evals=6786 law_n=6786 kept=3393 w_us_mean=80397.8 w_us_p05=23269 w_us_p50=48007 w_us_p95=301927 w_us_min=23269 w_us_max=361661 srtt_us_mean=14454.7 sigma_us_mean=6284.3/n6786 fa_class=0.0625
QCLKLINE c1-Q009 rep=1 site=srv [QCLK] site=receiver on=1 alpha=9.000000e-3 k=10.4934 evals=7741 law_n=7741 kept=3871 w_us_mean=107723.9 w_us_p05=23269 w_us_p50=51848 w_us_p95=337931 w_us_min=23269 w_us_max=361661 srtt_us_mean=16093.8 sigma_us_mean=8732.2/n7741 fa_class=0.0625
QCLKLINE c1-Q009 rep=1 site=srv [QCLK] site=receiver on=1 alpha=9.000000e-3 k=10.4934 evals=7741 law_n=7741 kept=3871 w_us_mean=107723.9 w_us_p05=23269 w_us_p50=51848 w_us_p95=337931 w_us_min=23269 w_us_max=361661 srtt_us_mean=16093.8 sigma_us_mean=8732.2/n7741 fa_class=0.0625
QCLKLINE c1-Q009 rep=1 site=srv [QCLK] site=receiver on=1 alpha=9.000000e-3 k=10.4934 evals=7741 law_n=7741 kept=3871 w_us_mean=107723.9 w_us_p05=23269 w_us_p50=51848 w_us_p95=337931 w_us_min=23269 w_us_max=361661 srtt_us_mean=16093.8 sigma_us_mean=8732.2/n7741 fa_class=0.0625
QCLKLINE c1-Q009 rep=1 site=srv [QCLK] site=receiver on=1 alpha=9.000000e-3 k=10.4934 evals=8237 law_n=8237 kept=2060 w_us_mean=104692.2 w_us_p05=34370 w_us_p50=52368 w_us_p95=337931 w_us_min=23269 w_us_max=361661 srtt_us_mean=16036.5 sigma_us_mean=8448.8/n8237 fa_class=0.0625
QCLKLINE c1-Q009 rep=1 site=srv [QCLK] site=receiver on=1 alpha=9.000000e-3 k=10.4934 evals=8504 law_n=8504 kept=2126 w_us_mean=102485.3 w_us_p05=34370 w_us_p50=52368 w_us_p95=337931 w_us_min=23269 w_us_max=361661 srtt_us_mean=16019.8 sigma_us_mean=8240.0/n8504 fa_class=0.0625
QCLKLINE c1-Q009 rep=1 site=srv [QCLK] site=receiver on=1 alpha=9.000000e-3 k=10.4934 evals=10235 law_n=10235 kept=2559 w_us_mean=95676.1 w_us_p05=34370 w_us_p50=57377 w_us_p95=337931 w_us_min=23269 w_us_max=361661 srtt_us_mean=16573.3 sigma_us_mean=7538.4/n10235 fa_class=0.0625
RACKLINE c1-Q009 rep=1 site=cli [RACK] on=0 evals=0 ceil=0.0000 gran=0.0000 legacy_pin=0.0000 round=0.0 legacy=0.0 mult=1 fa=254/254 fa_frac=1.0000 fa_class=0.0625
RACKLINE c1-Q009 rep=1 site=cli [RACK] on=0 evals=0 ceil=0.0000 gran=0.0000 legacy_pin=0.0000 round=0.0 legacy=0.0 mult=1 fa=326/1110 fa_frac=0.2937 fa_class=0.0625
RFALINE c1-Q009 rep=1 site=cli [RFA] gen=0 fires=8 false=8 false_frac=1.0000 fill_coded=0 fill_src=0 dup_src=8 preempt_src=0 src_n=9 rep_n=2 nu_recv=0.88889 fa_class=0.0625
RFALINE c1-Q009 rep=1 site=cli [RFA] gen=0 fires=16 false=16 false_frac=1.0000 fill_coded=0 fill_src=0 dup_src=16 preempt_src=0 src_n=17 rep_n=10 nu_recv=0.94118 fa_class=0.0625
RFALINE c1-Q009 rep=1 site=cli [RFA] gen=0 fires=36 false=36 false_frac=1.0000 fill_coded=0 fill_src=0 dup_src=36 preempt_src=0 src_n=37 rep_n=30 nu_recv=0.97297 fa_class=0.0625
RFALINE c1-Q009 rep=1 site=cli [RFA] gen=0 fires=57 false=57 false_frac=1.0000 fill_coded=0 fill_src=0 dup_src=57 preempt_src=0 src_n=58 rep_n=51 nu_recv=0.98276 fa_class=0.0625
RFALINE c1-Q009 rep=1 site=cli [RFA] gen=0 fires=78 false=78 false_frac=1.0000 fill_coded=0 fill_src=0 dup_src=78 preempt_src=0 src_n=79 rep_n=72 nu_recv=0.98734 fa_class=0.0625
RFALINE c1-Q009 rep=1 site=cli [RFA] gen=0 fires=99 false=99 false_frac=1.0000 fill_coded=0 fill_src=0 dup_src=99 preempt_src=0 src_n=100 rep_n=93 nu_recv=0.99000 fa_class=0.0625
RFALINE c1-Q009 rep=1 site=cli [RFA] gen=0 fires=117 false=117 false_frac=1.0000 fill_coded=0 fill_src=0 dup_src=117 preempt_src=0 src_n=118 rep_n=111 nu_recv=0.99153 fa_class=0.0625
RFALINE c1-Q009 rep=1 site=cli [RFA] gen=0 fires=134 false=134 false_frac=1.0000 fill_coded=0 fill_src=0 dup_src=134 preempt_src=0 src_n=135 rep_n=128 nu_recv=0.99259 fa_class=0.0625
RFALINE c1-Q009 rep=1 site=cli [RFA] gen=0 fires=156 false=156 false_frac=1.0000 fill_coded=0 fill_src=0 dup_src=156 preempt_src=0 src_n=157 rep_n=150 nu_recv=0.99363 fa_class=0.0625
RFALINE c1-Q009 rep=1 site=cli [RFA] gen=0 fires=172 false=172 false_frac=1.0000 fill_coded=0 fill_src=0 dup_src=172 preempt_src=0 src_n=173 rep_n=166 nu_recv=0.99422 fa_class=0.0625
RFALINE c1-Q009 rep=1 site=cli [RFA] gen=0 fires=176 false=176 false_frac=1.0000 fill_coded=0 fill_src=0 dup_src=176 preempt_src=0 src_n=177 rep_n=170 nu_recv=0.99435 fa_class=0.0625
RFALINE c1-Q009 rep=1 site=cli [RFA] gen=0 fires=188 false=188 false_frac=1.0000 fill_coded=0 fill_src=0 dup_src=188 preempt_src=0 src_n=189 rep_n=182 nu_recv=0.99471 fa_class=0.0625
RFALINE c1-Q009 rep=1 site=cli [RFA] gen=0 fires=207 false=207 false_frac=1.0000 fill_coded=0 fill_src=0 dup_src=207 preempt_src=0 src_n=208 rep_n=201 nu_recv=0.99519 fa_class=0.0625
RFALINE c1-Q009 rep=1 site=cli [RFA] gen=0 fires=228 false=228 false_frac=1.0000 fill_coded=0 fill_src=0 dup_src=228 preempt_src=0 src_n=229 rep_n=222 nu_recv=0.99563 fa_class=0.0625
RFALINE c1-Q009 rep=1 site=cli [RFA] gen=0 fires=249 false=249 false_frac=1.0000 fill_coded=0 fill_src=0 dup_src=249 preempt_src=0 src_n=250 rep_n=243 nu_recv=0.99600 fa_class=0.0625
RFALINE c1-Q009 rep=1 site=cli [RFA] gen=0 fires=254 false=254 false_frac=1.0000 fill_coded=0 fill_src=0 dup_src=254 preempt_src=0 src_n=256 rep_n=249 nu_recv=0.99219 fa_class=0.0625
RFALINE c1-Q009 rep=1 site=srv [RFA] gen=0 fires=74 false=44 false_frac=0.5946 fill_coded=0 fill_src=30 dup_src=44 preempt_src=0 src_n=17059 rep_n=28 nu_recv=0.00434 fa_class=0.0625
RFALINE c1-Q009 rep=1 site=srv [RFA] gen=0 fires=165 false=95 false_frac=0.5758 fill_coded=1 fill_src=69 dup_src=94 preempt_src=1 src_n=37293 rep_n=58 nu_recv=0.00442 fa_class=0.0625
RFALINE c1-Q009 rep=1 site=srv [RFA] gen=0 fires=264 false=132 false_frac=0.5000 fill_coded=2 fill_src=130 dup_src=130 preempt_src=2 src_n=58395 rep_n=87 nu_recv=0.00452 fa_class=0.0625
RFALINE c1-Q009 rep=1 site=srv [RFA] gen=0 fires=305 false=151 false_frac=0.4951 fill_coded=2 fill_src=152 dup_src=149 preempt_src=2 src_n=79798 rep_n=107 nu_recv=0.00382 fa_class=0.0625
RFALINE c1-Q009 rep=1 site=srv [RFA] gen=0 fires=359 false=181 false_frac=0.5042 fill_coded=2 fill_src=176 dup_src=179 preempt_src=2 src_n=100930 rep_n=135 nu_recv=0.00356 fa_class=0.0625
RFALINE c1-Q009 rep=1 site=srv [RFA] gen=0 fires=400 false=205 false_frac=0.5125 fill_coded=2 fill_src=193 dup_src=203 preempt_src=2 src_n=121966 rep_n=153 nu_recv=0.00328 fa_class=0.0625
RFALINE c1-Q009 rep=1 site=srv [RFA] gen=0 fires=511 false=253 false_frac=0.4951 fill_coded=2 fill_src=256 dup_src=251 preempt_src=2 src_n=142343 rep_n=180 nu_recv=0.00359 fa_class=0.0625
RFALINE c1-Q009 rep=1 site=srv [RFA] gen=0 fires=663 false=339 false_frac=0.5113 fill_coded=4 fill_src=320 dup_src=335 preempt_src=4 src_n=161716 rep_n=207 nu_recv=0.00410 fa_class=0.0625
RFALINE c1-Q009 rep=1 site=srv [RFA] gen=0 fires=692 false=368 false_frac=0.5318 fill_coded=4 fill_src=320 dup_src=364 preempt_src=4 src_n=183292 rep_n=234 nu_recv=0.00378 fa_class=0.0625
RFALINE c1-Q009 rep=1 site=srv [RFA] gen=0 fires=721 false=397 false_frac=0.5506 fill_coded=4 fill_src=320 dup_src=393 preempt_src=4 src_n=204232 rep_n=263 nu_recv=0.00353 fa_class=0.0625
RFALINE c1-Q009 rep=1 site=srv [RFA] gen=0 fires=782 false=438 false_frac=0.5601 fill_coded=4 fill_src=340 dup_src=434 preempt_src=4 src_n=222450 rep_n=286 nu_recv=0.00352 fa_class=0.0625
RFALINE c1-Q009 rep=1 site=srv [RFA] gen=0 fires=807 false=463 false_frac=0.5737 fill_coded=4 fill_src=340 dup_src=459 preempt_src=4 src_n=243310 rep_n=309 nu_recv=0.00332 fa_class=0.0625
RFALINE c1-Q009 rep=1 site=srv [RFA] gen=0 fires=840 false=496 false_frac=0.5905 fill_coded=4 fill_src=340 dup_src=492 preempt_src=4 src_n=264609 rep_n=338 nu_recv=0.00317 fa_class=0.0625
RFALINE c1-Q009 rep=1 site=srv [RFA] gen=0 fires=883 false=529 false_frac=0.5991 fill_coded=4 fill_src=350 dup_src=525 preempt_src=4 src_n=286227 rep_n=362 nu_recv=0.00308 fa_class=0.0625
RFALINE c1-Q009 rep=1 site=srv [RFA] gen=0 fires=925 false=561 false_frac=0.6065 fill_coded=4 fill_src=360 dup_src=557 preempt_src=4 src_n=307679 rep_n=393 nu_recv=0.00301 fa_class=0.0625
RFALINE c1-Q009 rep=1 site=srv [RFA] gen=0 fires=1067 false=629 false_frac=0.5895 fill_coded=6 fill_src=432 dup_src=623 preempt_src=6 src_n=327968 rep_n=423 nu_recv=0.00325 fa_class=0.0625
DCAPLINE c1-Q009 rep=1 site=cli [DCAP] on=1 eng=0/0 chg=0/0 chg_frac=0.0000 pin=0.0000 floor=0.0000 cap=0.0 ask=0.0 q=0.100000 b=2.0000
WALLLINE c1-Q009 rep=1 site=cli [WALL] onset=0.9997 dur_ms=4.7 retx=0 total_ms=16538.5 it_ms=0.048
ALPHAWITNESS {"cell":"c1","arm":"Q009","alpha":"0.009","seed":42,"rep":1,"rc":0,"mbps":193.518,"band":[147,294],"band_applies":0,"in_band":1,"lossy":0,"qclk_law_n":205306,"rfa_lines":16,"W1_rfa_gen":"0","W2_pfrac_lines":0,"W4_retx_max":1101,"W5_rack_fa":"326/1110"}
=== rep=1 arm=c1-Q050 alpha=0.05 seed=42 env="RWM_QUANTILE_CLOCKS=1 RWM_ALPHA_OVERRIDE=0.05 RWM_DELTA_CAP=1 RWM_SUM_CAP=1 RWM_RACK_CLOCKS=0 RWM_DERIVED_SWEEP=0 RWM_COMPOSED_CAP=0 RWM_THREE_TERM=0 RWM_STORE_CAP_UNIFIED=0 RWM_LATE_BRAKE=0 RWM_CHARGE_RECOVERY=0 RWM_RELEASE_1TO1=0 RWM_LOSS_SENT_TRUTH=0" cell=c1/c1/single bytes=400000000 17:21:49
[2m2026-08-20T17:21:50.708592Z[0m [32m INFO[0m [2mraptorpath::gates[0m[2m:[0m [GATES] RWM_UNIFIED=1 RWM_UNIFIED_SHED=1 RWM_TAPER_R=1 RWM_ASTAR_ANCHOR=1 RWM_MSTAR_ANCHOR=1 RWM_PLAIN_RS=0 RWM_HONEST_ANCHOR=1 RWM_HONEST_K=0 RWM_STORE_SACK_RELEASE=1 RWM_STORE_PATHS=1 RWM_STORE_PATH_POOL=2048 RWM_STORE=unset RWM_STORE_GAIN=2 RWM_STORE_BOOT=128 RWM_STORE_CAPW=0 RWM_STORE_CAP_UNIFIED=0 RWM_THREE_TERM=0 RWM_COMPOSED_CAP=0 RWM_SUM_CAP=1 RWM_LATE_BRAKE=0 RWM_DELTA_CAP=1 RWM_STORE_PERCAP=0 RWM_PERCAP_GUARD=1 RWM_STORE_BORROW=0 RWM_HONEST_CAP=1 RWM_POOL_ANCHOR=0 RWM_POOL_DELIV=0 RWM_FLOOR_BOUND=0 RWM_ACK_MERGE=1 RWM_LOSS_SENT_TRUTH=0 RWM_RELEASE_1TO1=0 RWM_CHARGE_RECOVERY=0 RWM_PATIENCE_DERIVED=0 RWM_SIDLE_DERIVED=0 RWM_WIN_DECOUPLE=0 RWM_PLACE_SLACK=0 RWM_COLD_PLACE=0 RWM_GEN=384 RWM_PIPELINE=2 RWM_GEN_PIPE=1 RWM_GEN_R=unset RWM_GEN_RATE=9000 RWM_GEN_RATE_FLOOR=2000 RWM_GEN_INFLIGHT=unset RWM_OOO_RETAIN=0/16 RWM_WINDOW=unset RWM_REPORT_GENS=unset RWM_REPAIR_WAIT=unset RWM_CODED_SRC=0 RWM_NO_REACTIVE=0 RWM_XPATH_REPAIR=0 RWM_PROACTIVE_PACER=0 RWM_REASM_BDP=0 RWM_MIN_R=0 RWM_CC_PACE=0 RWM_CC_PACE_HR=1.1 RWM_REACT_CAP=unset RWM_INFL_CAP=0 RWM_INFL_BDP=unset RWM_COPA_FEED=0 RWM_RS_ATTR=1 RWM_EMIT_BATCH=0 RWM_EMIT_BURST=64 RWM_RECOV_MP=1 RWM_RECOV_MP_LAW=1 RWM_RECOV_MP_LIVE=0 RWM_RECOV_SP=0 RWM_DERIVED_SWEEP=0 RWM_RACK_CLOCKS=0 RWM_RACK_REO_MULT=1 RWM_QUANTILE_CLOCKS=1 RWM_ALPHA_OVERRIDE=0.05 RWM_DIAG=1 RWM_ACKDIAG=1 RWM_ACKDIAG_WINDOW_US=2000000 RWM_WALLDIAG=1 RWM_CPUPROF=0 RWM_RDIAG=0 RWM_FDIAG=1 RWM_TRACE=0 RWM_PFRAC=0
{"bytes":400000000,"dnf":0,"hint":"bulk","max_s":16.0528,"mean_mbps":199.343,"mean_s":16.0528,"median_s":16.0528,"min_s":16.0528,"proto":"rp-native","runs":1,"stdev_s":0.0,"summary":true}
    LATPROBE-LEG leg=0 file=/tmp/rwm-ping-0.txt sent=320 recv=320 censor=0.00% p50=2.08[censor=0.00% ok] p95=2.64[censor=0.00% ok] p99=2.75[censor=0.00% ok]
    LATPROBE: 1 leg(s) /tmp/rwm-ping-0.txt=320 replies
    CPU: CPUSRV=17.68s CPUCLI=18.57s (srv=decoder cli=sender; whole-invocation incl warmup)
    QDISC cli0: qdisc netem a29d: root refcnt 7 limit 1000 delay 1ms loss gemodel p 0.05% r 50% 1-h 100% 1-k 0% rate 1Gbit seed 42  Sent 439418358 bytes 345632 pkt (dropped 50, overlimits 0 requeues 0)   backlog 0b 0p requeues 0 
    QDISC srv0: qdisc netem a29f: root refcnt 7 limit 1000 delay 1ms rate 1Gbit seed 10230999341757898370  Sent 31374654 bytes 76399 pkt (dropped 0, overlimits 0 requeues 0)   backlog 0b 0p requeues 0 
    QCAP: /tmp/rwm-q.txt 10 lines
RUNTIME c1-Q050 rep=1 18s rc=0
ALPHARESULT {"cell": "c1", "arm": "Q050", "alpha_cmd": 0.05, "seed": 42, "rep": 1, "n_paths": 1, "dnf": false, "dnf_count": 0, "mbps": 199.343, "mean_mbps": 199.343, "seconds": 16.0528, "n_runs": 1, "cpusrv": 17.68, "cpucli": 18.57, "khr_med": 1.0, "kraw_med": null, "khr_n": 43, "kraw_n": 0, "rtp_med": 2, "occ_p50": 253, "occcap_p50": 505, "q_p50": 9, "q_p99": 22, "diag_lines": 64, "retx": 1356, "w1_rfa_gen": "0", "w2_pfrac_lines": 0, "w4_retx_max": 1356, "w5_rack_fa": "337/1356", "gates_cli_quantile_clocks": 1, "gates_srv_quantile_clocks": 1, "gates_cli_rack_clocks": 0, "gates_srv_rack_clocks": 0, "gates_cli_derived_sweep": 0, "gates_srv_derived_sweep": 0, "gates_cli_delta_cap": 1, "gates_srv_delta_cap": 1, "gates_cli_sum_cap": 1, "gates_srv_sum_cap": 1, "gates_cli_composed_cap": 0, "gates_srv_composed_cap": 0, "gates_cli_three_term": 0, "gates_srv_three_term": 0, "gates_cli_loss_sent_truth": 0, "gates_srv_loss_sent_truth": 0, "gates_cli_gen": null, "gates_srv_gen": null, "gates_cli_diag": 1, "gates_srv_diag": 1, "gates_cli_ackdiag": 1, "gates_srv_ackdiag": 1, "gates_cli_walldiag": 1, "gates_srv_walldiag": 1, "gates_cli_fdiag": 1, "gates_srv_fdiag": 1, "gates_cli_recov_mp": 1, "gates_srv_recov_mp": 1, "gates_cli_cc_pace": 0, "gates_srv_cc_pace": 0, "gates_cli_rack_reo_mult": 1, "gates_srv_rack_reo_mult": 1, "gates_lines_cli": 1, "gates_lines_srv": 1, "gate_quantile_cli": "1", "gate_quantile_srv": "1", "gate_alpha_cli": "0.05", "gate_alpha_srv": "0.05", "gate_gen_cli": 384, "gate_gen_srv": 384, "qalpha_lines_cli": 2, "qalpha_site_cli": "sender", "qalpha_quantile_cli": 1, "qalpha_contract_cli": 0.001, "qalpha_override_cli": 0.05, "qalpha_cli": 0.05, "qalpha_k_cli": 4.3589, "qalpha_lines_srv": 2, "qalpha_site_srv": "sender", "qalpha_quantile_srv": 1, "qalpha_contract_srv": 0.001, "qalpha_override_srv": 0.05, "qalpha_srv": 0.05, "qalpha_k_srv": 4.3589, "qclk_cli_lines": 1, "qclk_cli_site": "sender", "qclk_cli_alpha": 0.05, "qclk_cli_k": 4.3589, "qclk_cli_w_us_mean": 12809.9, "qclk_cli_srtt_us_mean": 10334.5, "qclk_cli_on": 1, "qclk_cli_evals": 340426, "qclk_cli_kept": 3853, "qclk_cli_w_us_p05": 7670, "qclk_cli_w_us_p50": 11120, "qclk_cli_w_us_p95": 24304, "qclk_cli_w_us_min": 4052, "qclk_cli_w_us_max": 60529, "qclk_cli_law_n": 244474, "qclk_cli_sigma_us_mean": 568.0, "qclk_cli_sigma_n": 244474, "qclk_srv_lines": 16, "qclk_srv_site": "receiver", "qclk_srv_alpha": 0.05, "qclk_srv_k": 4.3589, "qclk_srv_w_us_mean": 26347.3, "qclk_srv_srtt_us_mean": 10945.4, "qclk_srv_on": 1, "qclk_srv_evals": 12993, "qclk_srv_kept": 3202, "qclk_srv_w_us_p05": 18076, "qclk_srv_w_us_p50": 23829, "qclk_srv_w_us_p95": 42076, "qclk_srv_w_us_min": 15512, "qclk_srv_w_us_max": 52742, "qclk_srv_law_n": 12805, "qclk_srv_sigma_us_mean": 3533.5, "qclk_srv_sigma_n": 12805, "rack_lines_cli": 2, "rack_on_cli": 0, "rack_evals_cli": 0, "rack_ceil_cli": 0.0, "rack_gran_cli": 0.0, "rack_legacy_pin_cli": 0.0, "rack_round_cli": 0.0, "rack_legacy_cli": 0.0, "rack_mult_cli": 1, "rack_fa_n_cli": 337, "rack_fa_d_cli": 1356, "rack_fa_frac_cli": 0.2485, "rack_fa_class_cli": 0.0625, "rack_lines_srv": 0, "rack_on_srv": null, "rack_evals_srv": null, "rack_ceil_srv": null, "rack_gran_srv": null, "rack_legacy_pin_srv": null, "rack_round_srv": null, "rack_legacy_srv": null, "rack_mult_srv": null, "rack_fa_n_srv": null, "rack_fa_d_srv": null, "rack_fa_frac_srv": null, "rack_fa_class_srv": null, "rack_fired": 1356, "rack_spurious": 337, "rack_fa_frac": 0.2485, "rack_fa_class": 0.0625, "rack_round_us": 0.0, "rack_legacy_us": 0.0, "rack_evals": 0, "rack_legacy_pin": 0.0, "rfa_lines": 16, "rfa_gen": 0, "rfa_fires": 1396, "rfa_false": 694, "rfa_fill_coded": 13, "rfa_fill_src": 689, "rfa_dup_src": 681, "rfa_preempt_src": 13, "rfa_src_n": 338305, "rfa_rep_n": 571, "rfa_false_frac": 0.4971, "rfa_nu_recv": 0.00413, "rfa_fa_class": 0.0625, "rfa_bracket_lo": 0.4971, "rfa_bracket_hi": 0.981612, "sf_ticks": 2891, "sf_E": 0.789, "sf_short": 0.211, "sf_zero": 0.211, "capboot_n": 61, "capboot_frac": 0.1475, "ping_n": 320, "ping_p50": 2.08, "ping_p95": 2.62, "ping_p99": 2.75, "ping_tx": 320, "ping_rx": 320, "ping_loss": 0.0, "ping_censor_frac": 0.0, "legs_probed": 1, "leg0_n": 320, "leg0_sent": 320, "leg0_recv": 320, "leg0_sent_source": "summary", "leg0_censor_frac": 0.0, "leg0_censor_pct": 0.0, "leg0_recv_mismatch": false, "leg0_leg_unscoreable": false, "leg0_min": 2.04, "leg0_max": 2.88, "leg0_p50": 2.08, "leg0_p50_censored": false, "leg0_p50_scoreable": true, "leg0_p95": 2.64, "leg0_p95_censored": false, "leg0_p95_scoreable": true, "leg0_p99": 2.75, "leg0_p99_censored": false, "leg0_p99_scoreable": true, "legs_censor_max": 0.0, "wait_tun": 77, "wait_paused": 19, "wait_pace": 0, "wait_gen": 0, "wait_nack": 0, "wait_defc": 0, "wait_tail": 4, "wait_flush": 0, "wait_lines": 61, "deadwall": false, "sig_us_p50": 123.0, "sig_us_n": 333635, "sig_us_path": 0, "sig_paths": 1, "pl_n": 43, "pl_max": 0.0, "pl_min": 0.0, "pl_p0": 0.0, "dgq_hand": 335868, "dgq_full": 0, "dgq_err": 0, "dgq_gap": 11, "tc_bytes": 439418358, "tc_pkts": 345632, "tc_drop": 50, "tc_s": 17}
LIVENESS c1-Q050 rep=1 RWM_QUANTILE_CLOCKS=RWM_QUANTILE_CLOCKS=1/RWM_QUANTILE_CLOCKS=1(exp1) RWM_ALPHA_OVERRIDE=RWM_ALPHA_OVERRIDE=0.05/RWM_ALPHA_OVERRIDE=0.05(exp0.05) RWM_DELTA_CAP=RWM_DELTA_CAP=1/RWM_DELTA_CAP=1(exp1) RWM_SUM_CAP=RWM_SUM_CAP=1/RWM_SUM_CAP=1(exp1) RWM_RACK_CLOCKS=RWM_RACK_CLOCKS=0/RWM_RACK_CLOCKS=0(exp0) RWM_DERIVED_SWEEP=RWM_DERIVED_SWEEP=0/RWM_DERIVED_SWEEP=0(exp0) RWM_COMPOSED_CAP=RWM_COMPOSED_CAP=0/RWM_COMPOSED_CAP=0(exp0) RWM_THREE_TERM=RWM_THREE_TERM=0/RWM_THREE_TERM=0(exp0) RWM_STORE_CAP_UNIFIED=RWM_STORE_CAP_UNIFIED=0/RWM_STORE_CAP_UNIFIED=0(exp0) RWM_LATE_BRAKE=RWM_LATE_BRAKE=0/RWM_LATE_BRAKE=0(exp0) RWM_CHARGE_RECOVERY=RWM_CHARGE_RECOVERY=0/RWM_CHARGE_RECOVERY=0(exp0) RWM_RELEASE_1TO1=RWM_RELEASE_1TO1=0/RWM_RELEASE_1TO1=0(exp0) RWM_LOSS_SENT_TRUTH=RWM_LOSS_SENT_TRUTH=0/RWM_LOSS_SENT_TRUTH=0(exp0) RWM_DIAG=RWM_DIAG=1/RWM_DIAG=1(exp1) RWM_ACKDIAG=RWM_ACKDIAG=1/RWM_ACKDIAG=1(exp1) RWM_WALLDIAG=RWM_WALLDIAG=1/RWM_WALLDIAG=1(exp1) RWM_FDIAG=RWM_FDIAG=1/RWM_FDIAG=1(exp1)
QALPHALINE c1-Q050 rep=1 site=cli [QALPHA] site=sender quantile=1 contract_alpha=1.000000e-3 override=5.000000e-2 alpha=5.000000e-2 k=4.3589 fa_class=0.0625
QALPHALINE c1-Q050 rep=1 site=srv [QALPHA] site=receiver quantile=1 contract_alpha=1.000000e-5 override=5.000000e-2 alpha=5.000000e-2 k=4.3589 fa_class=0.0625[2m2026-08-20T17:21:50.714602Z[0m [32m INFO[0m [2mraptorpath::net[0m[2m:[0m M* peer-report RTT-feed suppression ACTIVE (RWM_MSTAR_ANCHOR plain-live subset: local-echo-only RTT feed + estimator seed-from-sample)
QCLKLINE c1-Q050 rep=1 site=cli [QCLK] site=sender on=1 alpha=5.000000e-2 k=4.3589 evals=340426 law_n=244474 kept=3853 w_us_mean=12809.9 w_us_p05=7670 w_us_p50=11120 w_us_p95=24304 w_us_min=4052 w_us_max=60529 srtt_us_mean=10334.5 sigma_us_mean=568.0/n244474 fa_class=0.0625
QCLKLINE c1-Q050 rep=1 site=srv [QCLK] site=receiver on=1 alpha=5.000000e-2 k=4.3589 evals=710 law_n=522 kept=522 w_us_mean=29856.6 w_us_p05=21022 w_us_p50=21022 w_us_p95=52742 w_us_min=18740 w_us_max=52742 srtt_us_mean=9298.0 sigma_us_mean=4716.5/n522 fa_class=0.0625
QCLKLINE c1-Q050 rep=1 site=srv [QCLK] site=receiver on=1 alpha=5.000000e-2 k=4.3589 evals=998 law_n=810 kept=810 w_us_mean=27169.5 w_us_p05=18420 w_us_p50=21022 w_us_p95=52742 w_us_min=18420 w_us_max=52742 srtt_us_mean=9936.5 sigma_us_mean=3953.6/n810 fa_class=0.0625
QCLKLINE c1-Q050 rep=1 site=srv [QCLK] site=receiver on=1 alpha=5.000000e-2 k=4.3589 evals=2944 law_n=2756 kept=2756 w_us_mean=28310.7 w_us_p05=18308 w_us_p50=26714 w_us_p95=52742 w_us_min=17811 w_us_max=52742 srtt_us_mean=11166.8 sigma_us_mean=3933.2/n2756 fa_class=0.0625
QCLKLINE c1-Q050 rep=1 site=srv [QCLK] site=receiver on=1 alpha=5.000000e-2 k=4.3589 evals=5000 law_n=4812 kept=2406 w_us_mean=29976.8 w_us_p05=17811 w_us_p50=28951 w_us_p95=47539 w_us_min=17379 w_us_max=52742 srtt_us_mean=10851.5 sigma_us_mean=4387.8/n4812 fa_class=0.0625
QCLKLINE c1-Q050 rep=1 site=srv [QCLK] site=receiver on=1 alpha=5.000000e-2 k=4.3589 evals=5389 law_n=5201 kept=2601 w_us_mean=29314.7 w_us_p05=18308 w_us_p50=28951 w_us_p95=47539 w_us_min=17379 w_us_max=52742 srtt_us_mean=10737.6 sigma_us_mean=4262.0/n5201 fa_class=0.0625
QCLKLINE c1-Q050 rep=1 site=srv [QCLK] site=receiver on=1 alpha=5.000000e-2 k=4.3589 evals=7268 law_n=7080 kept=3540 w_us_mean=27176.6 w_us_p05=18076 w_us_p50=23829 w_us_p95=47539 w_us_min=15512 w_us_max=52742 srtt_us_mean=10419.2 sigma_us_mean=3844.5/n7080 fa_class=0.0625
QCLKLINE c1-Q050 rep=1 site=srv [QCLK] site=receiver on=1 alpha=5.000000e-2 k=4.3589 evals=8704 law_n=8516 kept=2129 w_us_mean=26587.3 w_us_p05=17811 w_us_p50=23735 w_us_p95=36886 w_us_min=15512 w_us_max=52742 srtt_us_mean=10548.8 sigma_us_mean=3679.6/n8516 fa_class=0.0625
QCLKLINE c1-Q050 rep=1 site=srv [QCLK] site=receiver on=1 alpha=5.000000e-2 k=4.3589 evals=8799 law_n=8611 kept=2153 w_us_mean=26487.9 w_us_p05=17577 w_us_p50=23735 w_us_p95=36886 w_us_min=15512 w_us_max=52742 srtt_us_mean=10551.7 sigma_us_mean=3656.1/n8611 fa_class=0.0625
QCLKLINE c1-Q050 rep=1 site=srv [QCLK] site=receiver on=1 alpha=5.000000e-2 k=4.3589 evals=8799 law_n=8611 kept=2153 w_us_mean=26487.9 w_us_p05=17577 w_us_p50=23735 w_us_p95=36886 w_us_min=15512 w_us_max=52742 srtt_us_mean=10551.7 sigma_us_mean=3656.1/n8611 fa_class=0.0625
QCLKLINE c1-Q050 rep=1 site=srv [QCLK] site=receiver on=1 alpha=5.000000e-2 k=4.3589 evals=9292 law_n=9104 kept=2276 w_us_mean=26159.1 w_us_p05=17577 w_us_p50=22772 w_us_p95=36886 w_us_min=15512 w_us_max=52742 srtt_us_mean=10513.1 sigma_us_mean=3589.5/n9104 fa_class=0.0625
QCLKLINE c1-Q050 rep=1 site=srv [QCLK] site=receiver on=1 alpha=5.000000e-2 k=4.3589 evals=9292 law_n=9104 kept=2276 w_us_mean=26159.1 w_us_p05=17577 w_us_p50=22772 w_us_p95=36886 w_us_min=15512 w_us_max=52742 srtt_us_mean=10513.1 sigma_us_mean=3589.5/n9104 fa_class=0.0625
QCLKLINE c1-Q050 rep=1 site=srv [QCLK] site=receiver on=1 alpha=5.000000e-2 k=4.3589 evals=9321 law_n=9133 kept=2284 w_us_mean=26135.7 w_us_p05=17577 w_us_p50=22772 w_us_p95=36886 w_us_min=15512 w_us_max=52742 srtt_us_mean=10514.3 sigma_us_mean=3583.9/n9133 fa_class=0.0625
QCLKLINE c1-Q050 rep=1 site=srv [QCLK] site=receiver on=1 alpha=5.000000e-2 k=4.3589 evals=9643 law_n=9455 kept=2364 w_us_mean=26139.3 w_us_p05=17577 w_us_p50=23735 w_us_p95=36886 w_us_min=15512 w_us_max=52742 srtt_us_mean=10593.6 sigma_us_mean=3566.5/n9455 fa_class=0.0625
QCLKLINE c1-Q050 rep=1 site=srv [QCLK] site=receiver on=1 alpha=5.000000e-2 k=4.3589 evals=10215 law_n=10027 kept=2507 w_us_mean=25913.5 w_us_p05=17811 w_us_p50=23134 w_us_p95=36886 w_us_min=15512 w_us_max=52742 srtt_us_mean=10611.1 sigma_us_mean=3510.7/n10027 fa_class=0.0625
QCLKLINE c1-Q050 rep=1 site=srv [QCLK] site=receiver on=1 alpha=5.000000e-2 k=4.3589 evals=12993 law_n=12805 kept=3202 w_us_mean=26347.3 w_us_p05=18076 w_us_p50=23829 w_us_p95=42076 w_us_min=15512 w_us_max=52742 srtt_us_mean=10945.4 sigma_us_mean=3533.5/n12805 fa_class=0.0625
QCLKLINE c1-Q050 rep=1 site=srv [QCLK] site=receiver on=1 alpha=5.000000e-2 k=4.3589 evals=12993 law_n=12805 kept=3202 w_us_mean=26347.3 w_us_p05=18076 w_us_p50=23829 w_us_p95=42076 w_us_min=15512 w_us_max=52742 srtt_us_mean=10945.4 sigma_us_mean=3533.5/n12805 fa_class=0.0625
RACKLINE c1-Q050 rep=1 site=cli [RACK] on=0 evals=0 ceil=0.0000 gran=0.0000 legacy_pin=0.0000 round=0.0 legacy=0.0 mult=1 fa=680/680 fa_frac=1.0000 fa_class=0.0625
RACKLINE c1-Q050 rep=1 site=cli [RACK] on=0 evals=0 ceil=0.0000 gran=0.0000 legacy_pin=0.0000 round=0.0 legacy=0.0 mult=1 fa=337/1356 fa_frac=0.2485 fa_class=0.0625
RFALINE c1-Q050 rep=1 site=cli [RFA] gen=0 fires=31 false=31 false_frac=1.0000 fill_coded=0 fill_src=0 dup_src=31 preempt_src=0 src_n=32 rep_n=29 nu_recv=0.96875 fa_class=0.0625
RFALINE c1-Q050 rep=1 site=cli [RFA] gen=0 fires=81 false=81 false_frac=1.0000 fill_coded=0 fill_src=0 dup_src=81 preempt_src=0 src_n=82 rep_n=79 nu_recv=0.98780 fa_class=0.0625
RFALINE c1-Q050 rep=1 site=cli [RFA] gen=0 fires=116 false=116 false_frac=1.0000 fill_coded=0 fill_src=0 dup_src=116 preempt_src=0 src_n=117 rep_n=114 nu_recv=0.99145 fa_class=0.0625
RFALINE c1-Q050 rep=1 site=cli [RFA] gen=0 fires=163 false=163 false_frac=1.0000 fill_coded=0 fill_src=0 dup_src=163 preempt_src=0 src_n=164 rep_n=161 nu_recv=0.99390 fa_class=0.0625
RFALINE c1-Q050 rep=1 site=cli [RFA] gen=0 fires=205 false=205 false_frac=1.0000 fill_coded=0 fill_src=0 dup_src=205 preempt_src=0 src_n=206 rep_n=203 nu_recv=0.99515 fa_class=0.0625
RFALINE c1-Q050 rep=1 site=cli [RFA] gen=0 fires=250 false=250 false_frac=1.0000 fill_coded=0 fill_src=0 dup_src=250 preempt_src=0 src_n=251 rep_n=248 nu_recv=0.99602 fa_class=0.0625
RFALINE c1-Q050 rep=1 site=cli [RFA] gen=0 fires=288 false=288 false_frac=1.0000 fill_coded=0 fill_src=0 dup_src=288 preempt_src=0 src_n=289 rep_n=286 nu_recv=0.99654 fa_class=0.0625
RFALINE c1-Q050 rep=1 site=cli [RFA] gen=0 fires=333 false=333 false_frac=1.0000 fill_coded=0 fill_src=0 dup_src=333 preempt_src=0 src_n=334 rep_n=331 nu_recv=0.99701 fa_class=0.0625
RFALINE c1-Q050 rep=1 site=cli [RFA] gen=0 fires=379 false=379 false_frac=1.0000 fill_coded=0 fill_src=0 dup_src=379 preempt_src=0 src_n=380 rep_n=377 nu_recv=0.99737 fa_class=0.0625
RFALINE c1-Q050 rep=1 site=cli [RFA] gen=0 fires=419 false=419 false_frac=1.0000 fill_coded=0 fill_src=0 dup_src=419 preempt_src=0 src_n=420 rep_n=417 nu_recv=0.99762 fa_class=0.0625
RFALINE c1-Q050 rep=1 site=cli [RFA] gen=0 fires=460 false=460 false_frac=1.0000 fill_coded=0 fill_src=0 dup_src=460 preempt_src=0 src_n=461 rep_n=458 nu_recv=0.99783 fa_class=0.0625
RFALINE c1-Q050 rep=1 site=cli [RFA] gen=0 fires=501 false=501 false_frac=1.0000 fill_coded=0 fill_src=0 dup_src=501 preempt_src=0 src_n=502 rep_n=499 nu_recv=0.99801 fa_class=0.0625
RFALINE c1-Q050 rep=1 site=cli [RFA] gen=0 fires=549 false=549 false_frac=1.0000 fill_coded=0 fill_src=0 dup_src=549 preempt_src=0 src_n=550 rep_n=547 nu_recv=0.99818 fa_class=0.0625
RFALINE c1-Q050 rep=1 site=cli [RFA] gen=0 fires=591 false=591 false_frac=1.0000 fill_coded=0 fill_src=0 dup_src=591 preempt_src=0 src_n=592 rep_n=589 nu_recv=0.99831 fa_class=0.0625
RFALINE c1-Q050 rep=1 site=cli [RFA] gen=0 fires=635 false=635 false_frac=1.0000 fill_coded=0 fill_src=0 dup_src=635 preempt_src=0 src_n=636 rep_n=633 nu_recv=0.99843 fa_class=0.0625
RFALINE c1-Q050 rep=1 site=cli [RFA] gen=0 fires=680 false=680 false_frac=1.0000 fill_coded=0 fill_src=0 dup_src=680 preempt_src=0 src_n=682 rep_n=679 nu_recv=0.99707 fa_class=0.0625
RFALINE c1-Q050 rep=1 site=srv [RFA] gen=0 fires=70 false=47 false_frac=0.6714 fill_coded=1 fill_src=22 dup_src=46 preempt_src=1 src_n=19537 rep_n=27 nu_recv=0.00358 fa_class=0.0625
RFALINE c1-Q050 rep=1 site=srv [RFA] gen=0 fires=115 false=85 false_frac=0.7391 fill_coded=1 fill_src=29 dup_src=84 preempt_src=1 src_n=42514 rep_n=59 nu_recv=0.00270 fa_class=0.0625
RFALINE c1-Q050 rep=1 site=srv [RFA] gen=0 fires=255 false=135 false_frac=0.5294 fill_coded=4 fill_src=116 dup_src=131 preempt_src=4 src_n=65251 rep_n=103 nu_recv=0.00391 fa_class=0.0625
RFALINE c1-Q050 rep=1 site=srv [RFA] gen=0 fires=425 false=185 false_frac=0.4353 fill_coded=4 fill_src=236 dup_src=181 preempt_src=4 src_n=88315 rep_n=150 nu_recv=0.00481 fa_class=0.0625
RFALINE c1-Q050 rep=1 site=srv [RFA] gen=0 fires=483 false=222 false_frac=0.4596 fill_coded=4 fill_src=257 dup_src=218 preempt_src=4 src_n=108523 rep_n=184 nu_recv=0.00445 fa_class=0.0625
RFALINE c1-Q050 rep=1 site=srv [RFA] gen=0 fires=665 false=273 false_frac=0.4105 fill_coded=7 fill_src=385 dup_src=266 preempt_src=7 src_n=128263 rep_n=227 nu_recv=0.00518 fa_class=0.0625
RFALINE c1-Q050 rep=1 site=srv [RFA] gen=0 fires=780 false=325 false_frac=0.4167 fill_coded=8 fill_src=447 dup_src=317 preempt_src=8 src_n=149142 rep_n=261 nu_recv=0.00523 fa_class=0.0625
RFALINE c1-Q050 rep=1 site=srv [RFA] gen=0 fires=826 false=362 false_frac=0.4383 fill_coded=9 fill_src=455 dup_src=353 preempt_src=9 src_n=170005 rep_n=298 nu_recv=0.00486 fa_class=0.0625
RFALINE c1-Q050 rep=1 site=srv [RFA] gen=0 fires=856 false=392 false_frac=0.4579 fill_coded=9 fill_src=455 dup_src=383 preempt_src=9 src_n=190997 rep_n=327 nu_recv=0.00448 fa_class=0.0625
RFALINE c1-Q050 rep=1 site=srv [RFA] gen=0 fires=915 false=431 false_frac=0.4710 fill_coded=9 fill_src=475 dup_src=422 preempt_src=9 src_n=211160 rep_n=360 nu_recv=0.00433 fa_class=0.0625
RFALINE c1-Q050 rep=1 site=srv [RFA] gen=0 fires=952 false=468 false_frac=0.4916 fill_coded=9 fill_src=475 dup_src=459 preempt_src=9 src_n=232160 rep_n=397 nu_recv=0.00410 fa_class=0.0625
RFALINE c1-Q050 rep=1 site=srv [RFA] gen=0 fires=1010 false=506 false_frac=0.5010 fill_coded=9 fill_src=495 dup_src=497 preempt_src=9 src_n=252955 rep_n=424 nu_recv=0.00399 fa_class=0.0625
RFALINE c1-Q050 rep=1 site=srv [RFA] gen=0 fires=1049 false=535 false_frac=0.5100 fill_coded=9 fill_src=505 dup_src=526 preempt_src=9 src_n=274640 rep_n=453 nu_recv=0.00382 fa_class=0.0625
RFALINE c1-Q050 rep=1 site=srv [RFA] gen=0 fires=1119 false=575 false_frac=0.5139 fill_coded=10 fill_src=534 dup_src=565 preempt_src=10 src_n=295657 rep_n=484 nu_recv=0.00378 fa_class=0.0625
RFALINE c1-Q050 rep=1 site=srv [RFA] gen=0 fires=1358 false=656 false_frac=0.4831 fill_coded=13 fill_src=689 dup_src=643 preempt_src=13 src_n=315996 rep_n=533 nu_recv=0.00430 fa_class=0.0625
RFALINE c1-Q050 rep=1 site=srv [RFA] gen=0 fires=1396 false=694 false_frac=0.4971 fill_coded=13 fill_src=689 dup_src=681 preempt_src=13 src_n=338305 rep_n=571 nu_recv=0.00413 fa_class=0.0625
DCAPLINE c1-Q050 rep=1 site=cli [DCAP] on=1 eng=0/0 chg=0/0 chg_frac=0.0000 pin=0.0000 floor=0.0000 cap=0.0 ask=0.0 q=0.100000 b=2.0000
WALLLINE c1-Q050 rep=1 site=cli [WALL] onset=1.0000 dur_ms=0.0 retx=0 total_ms=16055.6 it_ms=0.047
ALPHAWITNESS {"cell":"c1","arm":"Q050","alpha":"0.05","seed":42,"rep":1,"rc":0,"mbps":199.343,"band":[147,294],"band_applies":0,"in_band":1,"lossy":0,"qclk_law_n":244474,"rfa_lines":16,"W1_rfa_gen":"0","W2_pfrac_lines":0,"W4_retx_max":1356,"W5_rack_fa":"337/1356"}
=== rep=1 arm=c1-Q184 alpha=0.184 seed=42 env="RWM_QUANTILE_CLOCKS=1 RWM_ALPHA_OVERRIDE=0.184 RWM_DELTA_CAP=1 RWM_SUM_CAP=1 RWM_RACK_CLOCKS=0 RWM_DERIVED_SWEEP=0 RWM_COMPOSED_CAP=0 RWM_THREE_TERM=0 RWM_STORE_CAP_UNIFIED=0 RWM_LATE_BRAKE=0 RWM_CHARGE_RECOVERY=0 RWM_RELEASE_1TO1=0 RWM_LOSS_SENT_TRUTH=0" cell=c1/c1/single bytes=400000000 17:22:07
[2m2026-08-20T17:22:09.061088Z[0m [32m INFO[0m [2mraptorpath::gates[0m[2m:[0m [GATES] RWM_UNIFIED=1 RWM_UNIFIED_SHED=1 RWM_TAPER_R=1 RWM_ASTAR_ANCHOR=1 RWM_MSTAR_ANCHOR=1 RWM_PLAIN_RS=0 RWM_HONEST_ANCHOR=1 RWM_HONEST_K=0 RWM_STORE_SACK_RELEASE=1 RWM_STORE_PATHS=1 RWM_STORE_PATH_POOL=2048 RWM_STORE=unset RWM_STORE_GAIN=2 RWM_STORE_BOOT=128 RWM_STORE_CAPW=0 RWM_STORE_CAP_UNIFIED=0 RWM_THREE_TERM=0 RWM_COMPOSED_CAP=0 RWM_SUM_CAP=1 RWM_LATE_BRAKE=0 RWM_DELTA_CAP=1 RWM_STORE_PERCAP=0 RWM_PERCAP_GUARD=1 RWM_STORE_BORROW=0 RWM_HONEST_CAP=1 RWM_POOL_ANCHOR=0 RWM_POOL_DELIV=0 RWM_FLOOR_BOUND=0 RWM_ACK_MERGE=1 RWM_LOSS_SENT_TRUTH=0 RWM_RELEASE_1TO1=0 RWM_CHARGE_RECOVERY=0 RWM_PATIENCE_DERIVED=0 RWM_SIDLE_DERIVED=0 RWM_WIN_DECOUPLE=0 RWM_PLACE_SLACK=0 RWM_COLD_PLACE=0 RWM_GEN=384 RWM_PIPELINE=2 RWM_GEN_PIPE=1 RWM_GEN_R=unset RWM_GEN_RATE=9000 RWM_GEN_RATE_FLOOR=2000 RWM_GEN_INFLIGHT=unset RWM_OOO_RETAIN=0/16 RWM_WINDOW=unset RWM_REPORT_GENS=unset RWM_REPAIR_WAIT=unset RWM_CODED_SRC=0 RWM_NO_REACTIVE=0 RWM_XPATH_REPAIR=0 RWM_PROACTIVE_PACER=0 RWM_REASM_BDP=0 RWM_MIN_R=0 RWM_CC_PACE=0 RWM_CC_PACE_HR=1.1 RWM_REACT_CAP=unset RWM_INFL_CAP=0 RWM_INFL_BDP=unset RWM_COPA_FEED=0 RWM_RS_ATTR=1 RWM_EMIT_BATCH=0 RWM_EMIT_BURST=64 RWM_RECOV_MP=1 RWM_RECOV_MP_LAW=1 RWM_RECOV_MP_LIVE=0 RWM_RECOV_SP=0 RWM_DERIVED_SWEEP=0 RWM_RACK_CLOCKS=0 RWM_RACK_REO_MULT=1 RWM_QUANTILE_CLOCKS=1 RWM_ALPHA_OVERRIDE=0.184 RWM_DIAG=1 RWM_ACKDIAG=1 RWM_ACKDIAG_WINDOW_US=2000000 RWM_WALLDIAG=1 RWM_CPUPROF=0 RWM_RDIAG=0 RWM_FDIAG=1 RWM_TRACE=0 RWM_PFRAC=0
{"bytes":400000000,"dnf":0,"hint":"bulk","max_s":15.9324,"mean_mbps":200.849,"mean_s":15.9324,"median_s":15.9324,"min_s":15.9324,"proto":"rp-native","runs":1,"stdev_s":0.0,"summary":true}
    LATPROBE-LEG leg=0 file=/tmp/rwm-ping-0.txt sent=317 recv=317 censor=0.00% p50=2.08[censor=0.00% ok] p95=2.56[censor=0.00% ok] p99=2.78[censor=0.00% ok]
    LATPROBE: 1 leg(s) /tmp/rwm-ping-0.txt=317 replies
    CPU: CPUSRV=17.76s CPUCLI=19.22s (srv=decoder cli=sender; whole-invocation incl warmup)
    QDISC cli0: qdisc netem a2a1: root refcnt 7 limit 1000 delay 1ms loss gemodel p 0.05% r 50% 1-h 100% 1-k 0% rate 1Gbit seed 42  Sent 439020202 bytes 344357 pkt (dropped 50, overlimits 0 requeues 0)   backlog 0b 0p requeues 0 
    QDISC srv0: qdisc netem a2a3: root refcnt 7 limit 1000 delay 1ms rate 1Gbit seed 16173946320675616929  Sent 31983686 bytes 77886 pkt (dropped 0, overlimits 0 requeues 0)   backlog 0b 0p requeues 0 
    QCAP: /tmp/rwm-q.txt 10 lines
RUNTIME c1-Q184 rep=1 18s rc=0
ALPHARESULT {"cell": "c1", "arm": "Q184", "alpha_cmd": 0.184, "seed": 42, "rep": 1, "n_paths": 1, "dnf": false, "dnf_count": 0, "mbps": 200.849, "mean_mbps": 200.849, "seconds": 15.9324, "n_runs": 1, "cpusrv": 17.76, "cpucli": 19.22, "khr_med": 1.0, "kraw_med": null, "khr_n": 51, "kraw_n": 0, "rtp_med": 2, "occ_p50": 235, "occcap_p50": 544, "q_p50": 8, "q_p99": 27, "diag_lines": 63, "retx": 1138, "w1_rfa_gen": "0", "w2_pfrac_lines": 0, "w4_retx_max": 1138, "w5_rack_fa": "316/1141", "gates_cli_quantile_clocks": 1, "gates_srv_quantile_clocks": 1, "gates_cli_rack_clocks": 0, "gates_srv_rack_clocks": 0, "gates_cli_derived_sweep": 0, "gates_srv_derived_sweep": 0, "gates_cli_delta_cap": 1, "gates_srv_delta_cap": 1, "gates_cli_sum_cap": 1, "gates_srv_sum_cap": 1, "gates_cli_composed_cap": 0, "gates_srv_composed_cap": 0, "gates_cli_three_term": 0, "gates_srv_three_term": 0, "gates_cli_loss_sent_truth": 0, "gates_srv_loss_sent_truth": 0, "gates_cli_gen": null, "gates_srv_gen": null, "gates_cli_diag": 1, "gates_srv_diag": 1, "gates_cli_ackdiag": 1, "gates_srv_ackdiag": 1, "gates_cli_walldiag": 1, "gates_srv_walldiag": 1, "gates_cli_fdiag": 1, "gates_srv_fdiag": 1, "gates_cli_recov_mp": 1, "gates_srv_recov_mp": 1, "gates_cli_cc_pace": 0, "gates_srv_cc_pace": 0, "gates_cli_rack_reo_mult": 1, "gates_srv_rack_reo_mult": 1, "gates_lines_cli": 1, "gates_lines_srv": 1, "gate_quantile_cli": "1", "gate_quantile_srv": "1", "gate_alpha_cli": "0.184", "gate_alpha_srv": "0.184", "gate_gen_cli": 384, "gate_gen_srv": 384, "qalpha_lines_cli": 2, "qalpha_site_cli": "sender", "qalpha_quantile_cli": 1, "qalpha_contract_cli": 0.001, "qalpha_override_cli": 0.184, "qalpha_cli": 0.184, "qalpha_k_cli": 2.1059, "qalpha_lines_srv": 2, "qalpha_site_srv": "sender", "qalpha_quantile_srv": 1, "qalpha_contract_srv": 0.001, "qalpha_override_srv": 0.184, "qalpha_srv": 0.184, "qalpha_k_srv": 2.1059, "qclk_cli_lines": 1, "qclk_cli_site": "sender", "qclk_cli_alpha": 0.184, "qclk_cli_k": 2.1059, "qclk_cli_w_us_mean": 11356.9, "qclk_cli_srtt_us_mean": 10514.9, "qclk_cli_on": 1, "qclk_cli_evals": 339907, "qclk_cli_kept": 2157, "qclk_cli_w_us_p05": 7809, "qclk_cli_w_us_p50": 10696, "qclk_cli_w_us_p95": 16920, "qclk_cli_w_us_min": 5253, "qclk_cli_w_us_max": 58499, "qclk_cli_law_n": 275101, "qclk_cli_sigma_us_mean": 400.1, "qclk_cli_sigma_n": 275101, "qclk_srv_lines": 15, "qclk_srv_site": "receiver", "qclk_srv_alpha": 0.184, "qclk_srv_k": 2.1059, "qclk_srv_w_us_mean": 18463.6, "qclk_srv_srtt_us_mean": 11221.2, "qclk_srv_on": 1, "qclk_srv_evals": 10594, "qclk_srv_kept": 2649, "qclk_srv_w_us_p05": 13591, "qclk_srv_w_us_p50": 16793, "qclk_srv_w_us_p95": 34610, "qclk_srv_w_us_min": 12620, "qclk_srv_w_us_max": 38763, "qclk_srv_law_n": 10594, "qclk_srv_sigma_us_mean": 3439.4, "qclk_srv_sigma_n": 10594, "rack_lines_cli": 2, "rack_on_cli": 0, "rack_evals_cli": 0, "rack_ceil_cli": 0.0, "rack_gran_cli": 0.0, "rack_legacy_pin_cli": 0.0, "rack_round_cli": 0.0, "rack_legacy_cli": 0.0, "rack_mult_cli": 1, "rack_fa_n_cli": 316, "rack_fa_d_cli": 1141, "rack_fa_frac_cli": 0.277, "rack_fa_class_cli": 0.0625, "rack_lines_srv": 0, "rack_on_srv": null, "rack_evals_srv": null, "rack_ceil_srv": null, "rack_gran_srv": null, "rack_legacy_pin_srv": null, "rack_round_srv": null, "rack_legacy_srv": null, "rack_mult_srv": null, "rack_fa_n_srv": null, "rack_fa_d_srv": null, "rack_fa_frac_srv": null, "rack_fa_class_srv": null, "rack_fired": 1141, "rack_spurious": 316, "rack_fa_frac": 0.277, "rack_fa_class": 0.0625, "rack_round_us": 0.0, "rack_legacy_us": 0.0, "rack_evals": 0, "rack_legacy_pin": 0.0, "rfa_lines": 15, "rfa_gen": 0, "rfa_fires": 1161, "rfa_false": 651, "rfa_fill_coded": 11, "rfa_fill_src": 499, "rfa_dup_src": 640, "rfa_preempt_src": 11, "rfa_src_n": 318975, "rfa_rep_n": 498, "rfa_false_frac": 0.5607, "rfa_nu_recv": 0.00364, "rfa_fa_class": 0.0625, "rfa_bracket_lo": 0.5607, "rfa_bracket_hi": 0.983384, "sf_ticks": 2534, "sf_E": 0.8469, "sf_short": 0.1531, "sf_zero": 0.1531, "capboot_n": 60, "capboot_frac": 0.1833, "ping_n": 317, "ping_p50": 2.08, "ping_p95": 2.52, "ping_p99": 2.78, "ping_tx": 317, "ping_rx": 317, "ping_loss": 0.0, "ping_censor_frac": 0.0, "legs_probed": 1, "leg0_n": 317, "leg0_sent": 317, "leg0_recv": 317, "leg0_sent_source": "summary", "leg0_censor_frac": 0.0, "leg0_censor_pct": 0.0, "leg0_recv_mismatch": false, "leg0_leg_unscoreable": false, "leg0_min": 2.04, "leg0_max": 3.8, "leg0_p50": 2.08, "leg0_p50_censored": false, "leg0_p50_scoreable": true, "leg0_p95": 2.56, "leg0_p95_censored": false, "leg0_p95_scoreable": true, "leg0_p99": 2.78, "leg0_p99_censored": false, "leg0_p99_scoreable": true, "legs_censor_max": 0.0, "wait_tun": 85, "wait_paused": 11, "wait_pace": 0, "wait_gen": 0, "wait_nack": 0, "wait_defc": 0, "wait_tail": 5, "wait_flush": 0, "wait_lines": 60, "deadwall": false, "sig_us_p50": 24.0, "sig_us_n": 336252, "sig_us_path": 0, "sig_paths": 1, "pl_n": 51, "pl_max": 0.0, "pl_min": 0.0, "pl_p0": 0.0, "dgq_hand": 338702, "dgq_full": 0, "dgq_err": 0, "dgq_gap": 3, "tc_bytes": 439020202, "tc_pkts": 344357, "tc_drop": 50, "tc_s": 18}
LIVENESS c1-Q184 rep=1 RWM_QUANTILE_CLOCKS=RWM_QUANTILE_CLOCKS=1/RWM_QUANTILE_CLOCKS=1(exp1) RWM_ALPHA_OVERRIDE=RWM_ALPHA_OVERRIDE=0.184/RWM_ALPHA_OVERRIDE=0.184(exp0.184) RWM_DELTA_CAP=RWM_DELTA_CAP=1/RWM_DELTA_CAP=1(exp1) RWM_SUM_CAP=RWM_SUM_CAP=1/RWM_SUM_CAP=1(exp1) RWM_RACK_CLOCKS=RWM_RACK_CLOCKS=0/RWM_RACK_CLOCKS=0(exp0) RWM_DERIVED_SWEEP=RWM_DERIVED_SWEEP=0/RWM_DERIVED_SWEEP=0(exp0) RWM_COMPOSED_CAP=RWM_COMPOSED_CAP=0/RWM_COMPOSED_CAP=0(exp0) RWM_THREE_TERM=RWM_THREE_TERM=0/RWM_THREE_TERM=0(exp0) RWM_STORE_CAP_UNIFIED=RWM_STORE_CAP_UNIFIED=0/RWM_STORE_CAP_UNIFIED=0(exp0) RWM_LATE_BRAKE=RWM_LATE_BRAKE=0/RWM_LATE_BRAKE=0(exp0) RWM_CHARGE_RECOVERY=RWM_CHARGE_RECOVERY=0/RWM_CHARGE_RECOVERY=0(exp0) RWM_RELEASE_1TO1=RWM_RELEASE_1TO1=0/RWM_RELEASE_1TO1=0(exp0) RWM_LOSS_SENT_TRUTH=RWM_LOSS_SENT_TRUTH=0/RWM_LOSS_SENT_TRUTH=0(exp0) RWM_DIAG=RWM_DIAG=1/RWM_DIAG=1(exp1) RWM_ACKDIAG=RWM_ACKDIAG=1/RWM_ACKDIAG=1(exp1) RWM_WALLDIAG=RWM_WALLDIAG=1/RWM_WALLDIAG=1(exp1) RWM_FDIAG=RWM_FDIAG=1/RWM_FDIAG=1(exp1)
QALPHALINE c1-Q184 rep=1 site=cli [QALPHA] site=sender quantile=1 contract_alpha=1.000000e-3 override=1.840000e-1 alpha=1.840000e-1 k=2.1059 fa_class=0.0625
QALPHALINE c1-Q184 rep=1 site=srv [QALPHA] site=receiver quantile=1 contract_alpha=1.000000e-5 override=1.840000e-1 alpha=1.840000e-1 k=2.1059 fa_class=0.0625
QCLKLINE c1-Q184 rep=1 site=cli [QCLK] site=sender on=1 alpha=1.840000e-1 k=2.1059 evals=339907 law_n=275101 kept=2157 w_us_mean=11356.9 w_us_p05=7809 w_us_p50=10696 w_us_p95=16920 w_us_min=5253 w_us_max=58499 srtt_us_mean=10514.9 sigma_us_mean=400.1/n275101 fa_class=0.0625
QCLKLINE c1-Q184 rep=1 site=srv [QCLK] site=receiver on=1 alpha=1.840000e-1 k=2.1059 evals=257 law_n=257 kept=257 w_us_mean=38763.0 w_us_p05=38763 w_us_p50=38763 w_us_p95=38763 w_us_min=38763 w_us_max=38763 srtt_us_mean=15163.0 sigma_us_mean=11207.0/n257 fa_class=0.0625
QCLKLINE c1-Q184 rep=1 site=srv [QCLK] site=receiver on=1 alpha=1.840000e-1 k=2.1059 evals=572 law_n=572 kept=572 w_us_mean=26449.4 w_us_p05=15511 w_us_p50=17307 w_us_p95=38763 w_us_min=15511 w_us_max=38763 srtt_us_mean=12380.1 sigma_us_mean=6681.3/n572 fa_class=0.0625
QCLKLINE c1-Q184 rep=1 site=srv [QCLK] site=receiver on=1 alpha=1.840000e-1 k=2.1059 evals=1757 law_n=1757 kept=1757 w_us_mean=19442.0 w_us_p05=15244 w_us_p50=16741 w_us_p95=38763 w_us_min=14506 w_us_max=38763 srtt_us_mean=11005.5 sigma_us_mean=4006.4/n1757 fa_class=0.0625
QCLKLINE c1-Q184 rep=1 site=srv [QCLK] site=receiver on=1 alpha=1.840000e-1 k=2.1059 evals=2804 law_n=2804 kept=2804 w_us_mean=17651.4 w_us_p05=12857 w_us_p50=16311 w_us_p95=38763 w_us_min=12620 w_us_max=38763 srtt_us_mean=10819.1 sigma_us_mean=3244.7/n2804 fa_class=0.0625
QCLKLINE c1-Q184 rep=1 site=srv [QCLK] site=receiver on=1 alpha=1.840000e-1 k=2.1059 evals=3903 law_n=3903 kept=3903 w_us_mean=17683.9 w_us_p05=12857 w_us_p50=16741 w_us_p95=38763 w_us_min=12620 w_us_max=38763 srtt_us_mean=10473.4 sigma_us_mean=3424.2/n3903 fa_class=0.0625
QCLKLINE c1-Q184 rep=1 site=srv [QCLK] site=receiver on=1 alpha=1.840000e-1 k=2.1059 evals=5043 law_n=5043 kept=2522 w_us_mean=18806.5 w_us_p05=13851 w_us_p50=17307 w_us_p95=38763 w_us_min=12620 w_us_max=38763 srtt_us_mean=10886.0 sigma_us_mean=3761.4/n5043 fa_class=0.0625
QCLKLINE c1-Q184 rep=1 site=srv [QCLK] site=receiver on=1 alpha=1.840000e-1 k=2.1059 evals=5934 law_n=5934 kept=2967 w_us_mean=19059.4 w_us_p05=13851 w_us_p50=16995 w_us_p95=32387 w_us_min=12620 w_us_max=38763 srtt_us_mean=11009.7 sigma_us_mean=3822.7/n5934 fa_class=0.0625
QCLKLINE c1-Q184 rep=1 site=srv [QCLK] site=receiver on=1 alpha=1.840000e-1 k=2.1059 evals=6691 law_n=6691 kept=3346 w_us_mean=18683.5 w_us_p05=13851 w_us_p50=16741 w_us_p95=32387 w_us_min=12620 w_us_max=38763 srtt_us_mean=10906.7 sigma_us_mean=3693.1/n6691 fa_class=0.0625
QCLKLINE c1-Q184 rep=1 site=srv [QCLK] site=receiver on=1 alpha=1.840000e-1 k=2.1059 evals=7038 law_n=7038 kept=3519 w_us_mean=18611.1 w_us_p05=13851 w_us_p50=16793 w_us_p95=32387 w_us_min=12620 w_us_max=38763 srtt_us_mean=10838.5 sigma_us_mean=3691.1/n7038 fa_class=0.0625
QCLKLINE c1-Q184 rep=1 site=srv [QCLK] site=receiver on=1 alpha=1.840000e-1 k=2.1059 evals=7433 law_n=7433 kept=3717 w_us_mean=18453.8 w_us_p05=13851 w_us_p50=16793 w_us_p95=32387 w_us_min=12620 w_us_max=38763 srtt_us_mean=10890.7 sigma_us_mean=3591.6/n7433 fa_class=0.0625
QCLKLINE c1-Q184 rep=1 site=srv [QCLK] site=receiver on=1 alpha=1.840000e-1 k=2.1059 evals=7784 law_n=7784 kept=3892 w_us_mean=19175.8 w_us_p05=13851 w_us_p50=16956 w_us_p95=34610 w_us_min=12620 w_us_max=38763 srtt_us_mean=11120.4 sigma_us_mean=3825.4/n7784 fa_class=0.0625
QCLKLINE c1-Q184 rep=1 site=srv [QCLK] site=receiver on=1 alpha=1.840000e-1 k=2.1059 evals=7784 law_n=7784 kept=3892 w_us_mean=19175.8 w_us_p05=13851 w_us_p50=16956 w_us_p95=34610 w_us_min=12620 w_us_max=38763 srtt_us_mean=11120.4 sigma_us_mean=3825.4/n7784 fa_class=0.0625
QCLKLINE c1-Q184 rep=1 site=srv [QCLK] site=receiver on=1 alpha=1.840000e-1 k=2.1059 evals=8002 law_n=8002 kept=4001 w_us_mean=19069.0 w_us_p05=13851 w_us_p50=16793 w_us_p95=34610 w_us_min=12620 w_us_max=38763 srtt_us_mean=11090.3 sigma_us_mean=3789.0/n8002 fa_class=0.0625
QCLKLINE c1-Q184 rep=1 site=srv [QCLK] site=receiver on=1 alpha=1.840000e-1 k=2.1059 evals=8240 law_n=8240 kept=2060 w_us_mean=18929.3 w_us_p05=13851 w_us_p50=16793 w_us_p95=34610 w_us_min=12620 w_us_max=38763 srtt_us_mean=11079.2 sigma_us_mean=3727.9/n8240 fa_class=0.0625
QCLKLINE c1-Q184 rep=1 site=srv [QCLK] site=receiver on=1 alpha=1.840000e-1 k=2.1059 evals=10594 law_n=10594 kept=2649 w_us_mean=18463.6 w_us_p05=13591 w_us_p50=16793 w_us_p95=34610 w_us_min=12620 w_us_max=38763 srtt_us_mean=11221.2 sigma_us_mean=3439.4/n10594 fa_class=0.0625
RACKLINE c1-Q184 rep=1 site=cli [RACK] on=0 evals=0 ceil=0.0000 gran=0.0000 legacy_pin=0.0000 round=0.0 legacy=0.0 mult=1 fa=898/898 fa_frac=1.0000 fa_class=0.0625
RACKLINE c1-Q184 rep=1 site=cli [RACK] on=0 evals=0 ceil=0.0000 gran=0.0000 legacy_pin=0.0000 round=0.0 legacy=0.0 mult=1 fa=316/1141 fa_frac=0.2770 fa_class=0.0625
RFALINE c1-Q184 rep=1 site=cli [RFA] gen=0 fires=19 false=19 false_frac=1.0000 fill_coded=0 fill_src=0 dup_src=19 preempt_src=0 src_n=20 rep_n=4 nu_recv=0.95000 fa_class=0.0625
RFALINE c1-Q184 rep=1 site=cli [RFA] gen=0 fires=79 false=79 false_frac=1.0000 fill_coded=0 fill_src=0 dup_src=79 preempt_src=0 src_n=80 rep_n=64 nu_recv=0.98750 fa_class=0.0625
RFALINE c1-Q184 rep=1 site=cli [RFA] gen=0 fires=136 false=136 false_frac=1.0000 fill_coded=0 fill_src=0 dup_src=136 preempt_src=0 src_n=137 rep_n=121 nu_recv=0.99270 fa_class=0.0625
RFALINE c1-Q184 rep=1 site=cli [RFA] gen=0 fires=199 false=199 false_frac=1.0000 fill_coded=0 fill_src=0 dup_src=199 preempt_src=0 src_n=200 rep_n=184 nu_recv=0.99500 fa_class=0.0625
RFALINE c1-Q184 rep=1 site=cli [RFA] gen=0 fires=246 false=246 false_frac=1.0000 fill_coded=0 fill_src=0 dup_src=246 preempt_src=0 src_n=247 rep_n=231 nu_recv=0.99595 fa_class=0.0625
RFALINE c1-Q184 rep=1 site=cli [RFA] gen=0 fires=307 false=307 false_frac=1.0000 fill_coded=0 fill_src=0 dup_src=307 preempt_src=0 src_n=308 rep_n=292 nu_recv=0.99675 fa_class=0.0625
RFALINE c1-Q184 rep=1 site=cli [RFA] gen=0 fires=364 false=364 false_frac=1.0000 fill_coded=0 fill_src=0 dup_src=364 preempt_src=0 src_n=365 rep_n=349 nu_recv=0.99726 fa_class=0.0625
RFALINE c1-Q184 rep=1 site=cli [RFA] gen=0 fires=420 false=420 false_frac=1.0000 fill_coded=0 fill_src=0 dup_src=420 preempt_src=0 src_n=421 rep_n=405 nu_recv=0.99762 fa_class=0.0625
RFALINE c1-Q184 rep=1 site=cli [RFA] gen=0 fires=486 false=486 false_frac=1.0000 fill_coded=0 fill_src=0 dup_src=486 preempt_src=0 src_n=487 rep_n=471 nu_recv=0.99795 fa_class=0.0625
RFALINE c1-Q184 rep=1 site=cli [RFA] gen=0 fires=542 false=542 false_frac=1.0000 fill_coded=0 fill_src=0 dup_src=542 preempt_src=0 src_n=543 rep_n=527 nu_recv=0.99816 fa_class=0.0625
RFALINE c1-Q184 rep=1 site=cli [RFA] gen=0 fires=598 false=598 false_frac=1.0000 fill_coded=0 fill_src=0 dup_src=598 preempt_src=0 src_n=599 rep_n=583 nu_recv=0.99833 fa_class=0.0625
RFALINE c1-Q184 rep=1 site=cli [RFA] gen=0 fires=663 false=663 false_frac=1.0000 fill_coded=0 fill_src=0 dup_src=663 preempt_src=0 src_n=664 rep_n=648 nu_recv=0.99849 fa_class=0.0625
RFALINE c1-Q184 rep=1 site=cli [RFA] gen=0 fires=725 false=725 false_frac=1.0000 fill_coded=0 fill_src=0 dup_src=725 preempt_src=0 src_n=726 rep_n=710 nu_recv=0.99862 fa_class=0.0625
RFALINE c1-Q184 rep=1 site=cli [RFA] gen=0 fires=788 false=788 false_frac=1.0000 fill_coded=0 fill_src=0 dup_src=788 preempt_src=0 src_n=789 rep_n=773 nu_recv=0.99873 fa_class=0.0625
RFALINE c1-Q184 rep=1 site=cli [RFA] gen=0 fires=848 false=848 false_frac=1.0000 fill_coded=0 fill_src=0 dup_src=848 preempt_src=0 src_n=849 rep_n=833 nu_recv=0.99882 fa_class=0.0625
RFALINE c1-Q184 rep=1 site=cli [RFA] gen=0 fires=898 false=898 false_frac=1.0000 fill_coded=0 fill_src=0 dup_src=898 preempt_src=0 src_n=900 rep_n=884 nu_recv=0.99778 fa_class=0.0625
RFALINE c1-Q184 rep=1 site=srv [RFA] gen=0 fires=39 false=38 false_frac=0.9744 fill_coded=0 fill_src=1 dup_src=38 preempt_src=0 src_n=17298 rep_n=7 nu_recv=0.00225 fa_class=0.0625
RFALINE c1-Q184 rep=1 site=srv [RFA] gen=0 fires=96 false=76 false_frac=0.7917 fill_coded=0 fill_src=20 dup_src=76 preempt_src=0 src_n=39129 rep_n=37 nu_recv=0.00245 fa_class=0.0625
RFALINE c1-Q184 rep=1 site=srv [RFA] gen=0 fires=218 false=126 false_frac=0.5780 fill_coded=0 fill_src=92 dup_src=126 preempt_src=0 src_n=62789 rep_n=80 nu_recv=0.00347 fa_class=0.0625
RFALINE c1-Q184 rep=1 site=srv [RFA] gen=0 fires=317 false=185 false_frac=0.5836 fill_coded=2 fill_src=130 dup_src=183 preempt_src=2 src_n=87020 rep_n=123 nu_recv=0.00364 fa_class=0.0625
RFALINE c1-Q184 rep=1 site=srv [RFA] gen=0 fires=405 false=223 false_frac=0.5506 fill_coded=3 fill_src=179 dup_src=220 preempt_src=3 src_n=107910 rep_n=153 nu_recv=0.00375 fa_class=0.0625
RFALINE c1-Q184 rep=1 site=srv [RFA] gen=0 fires=546 false=284 false_frac=0.5201 fill_coded=4 fill_src=258 dup_src=280 preempt_src=4 src_n=128339 rep_n=192 nu_recv=0.00425 fa_class=0.0625
RFALINE c1-Q184 rep=1 site=srv [RFA] gen=0 fires=605 false=315 false_frac=0.5207 fill_coded=5 fill_src=285 dup_src=310 preempt_src=5 src_n=149138 rep_n=224 nu_recv=0.00406 fa_class=0.0625
RFALINE c1-Q184 rep=1 site=srv [RFA] gen=0 fires=718 false=378 false_frac=0.5265 fill_coded=7 fill_src=333 dup_src=371 preempt_src=7 src_n=169687 rep_n=264 nu_recv=0.00423 fa_class=0.0625
RFALINE c1-Q184 rep=1 site=srv [RFA] gen=0 fires=762 false=412 false_frac=0.5407 fill_coded=8 fill_src=342 dup_src=404 preempt_src=8 src_n=192103 rep_n=296 nu_recv=0.00397 fa_class=0.0625
RFALINE c1-Q184 rep=1 site=srv [RFA] gen=0 fires=825 false=455 false_frac=0.5515 fill_coded=8 fill_src=362 dup_src=447 preempt_src=8 src_n=212430 rep_n=322 nu_recv=0.00388 fa_class=0.0625
RFALINE c1-Q184 rep=1 site=srv [RFA] gen=0 fires=868 false=488 false_frac=0.5622 fill_coded=8 fill_src=372 dup_src=480 preempt_src=8 src_n=234606 rep_n=355 nu_recv=0.00370 fa_class=0.0625
RFALINE c1-Q184 rep=1 site=srv [RFA] gen=0 fires=899 false=519 false_frac=0.5773 fill_coded=8 fill_src=372 dup_src=511 preempt_src=8 src_n=255330 rep_n=386 nu_recv=0.00352 fa_class=0.0625
RFALINE c1-Q184 rep=1 site=srv [RFA] gen=0 fires=939 false=549 false_frac=0.5847 fill_coded=8 fill_src=382 dup_src=541 preempt_src=8 src_n=277212 rep_n=417 nu_recv=0.00339 fa_class=0.0625
RFALINE c1-Q184 rep=1 site=srv [RFA] gen=0 fires=988 false=588 false_frac=0.5951 fill_coded=9 fill_src=391 dup_src=579 preempt_src=9 src_n=298580 rep_n=454 nu_recv=0.00331 fa_class=0.0625
RFALINE c1-Q184 rep=1 site=srv [RFA] gen=0 fires=1161 false=651 false_frac=0.5607 fill_coded=11 fill_src=499 dup_src=640 preempt_src=11 src_n=318975 rep_n=498 nu_recv=0.00364 fa_class=0.0625
DCAPLINE c1-Q184 rep=1 site=cli [DCAP] on=1 eng=0/0 chg=0/0 chg_frac=0.0000 pin=0.0000 floor=0.0000 cap=0.0 ask=0.0 q=0.100000 b=2.0000
WALLLINE c1-Q184 rep=1 site=cli [WALL] onset=0.9996 dur_ms=6.6 retx=0 total_ms=15935.2 it_ms=0.047
ALPHAWITNESS {"cell":"c1","arm":"Q184","alpha":"0.184","seed":42,"rep":1,"rc":0,"mbps":200.849,"band":[147,294],"band_applies":0,"in_band":1,"lossy":0,"qclk_law_n":275101,"rfa_lines":15,"W1_rfa_gen":"0","W2_pfrac_lines":0,"W4_retx_max":1138,"W5_rack_fa":"316/1141"}
=== rep=1 arm=c1-Q400 alpha=0.4 seed=42 env="RWM_QUANTILE_CLOCKS=1 RWM_ALPHA_OVERRIDE=0.4 RWM_DELTA_CAP=1 RWM_SUM_CAP=1 RWM_RACK_CLOCKS=0 RWM_DERIVED_SWEEP=0 RWM_COMPOSED_CAP=0 RWM_THREE_TERM=0 RWM_STORE_CAP_UNIFIED=0 RWM_LATE_BRAKE=0 RWM_CHARGE_RECOVERY=0 RWM_RELEASE_1TO1=0 RWM_LOSS_SENT_TRUTH=0" cell=c1/c1/single bytes=400000000 17:22:25
[2m2026-08-20T17:22:27.351535Z[0m [32m INFO[0m [2mraptorpath::gates[0m[2m:[0m [GATES] RWM_UNIFIED=1 RWM_UNIFIED_SHED=1 RWM_TAPER_R=1 RWM_ASTAR_ANCHOR=1 RWM_MSTAR_ANCHOR=1 RWM_PLAIN_RS=0 RWM_HONEST_ANCHOR=1 RWM_HONEST_K=0 RWM_STORE_SACK_RELEASE=1 RWM_STORE_PATHS=1 RWM_STORE_PATH_POOL=2048 RWM_STORE=unset RWM_STORE_GAIN=2 RWM_STORE_BOOT=128 RWM_STORE_CAPW=0 RWM_STORE_CAP_UNIFIED=0 RWM_THREE_TERM=0 RWM_COMPOSED_CAP=0 RWM_SUM_CAP=1 RWM_LATE_BRAKE=0 RWM_DELTA_CAP=1 RWM_STORE_PERCAP=0 RWM_PERCAP_GUARD=1 RWM_STORE_BORROW=0 RWM_HONEST_CAP=1 RWM_POOL_ANCHOR=0 RWM_POOL_DELIV=0 RWM_FLOOR_BOUND=0 RWM_ACK_MERGE=1 RWM_LOSS_SENT_TRUTH=0 RWM_RELEASE_1TO1=0 RWM_CHARGE_RECOVERY=0 RWM_PATIENCE_DERIVED=0 RWM_SIDLE_DERIVED=0 RWM_WIN_DECOUPLE=0 RWM_PLACE_SLACK=0 RWM_COLD_PLACE=0 RWM_GEN=384 RWM_PIPELINE=2 RWM_GEN_PIPE=1 RWM_GEN_R=unset RWM_GEN_RATE=9000 RWM_GEN_RATE_FLOOR=2000 RWM_GEN_INFLIGHT=unset RWM_OOO_RETAIN=0/16 RWM_WINDOW=unset RWM_REPORT_GENS=unset RWM_REPAIR_WAIT=unset RWM_CODED_SRC=0 RWM_NO_REACTIVE=0 RWM_XPATH_REPAIR=0 RWM_PROACTIVE_PACER=0 RWM_REASM_BDP=0 RWM_MIN_R=0 RWM_CC_PACE=0 RWM_CC_PACE_HR=1.1 RWM_REACT_CAP=unset RWM_INFL_CAP=0 RWM_INFL_BDP=unset RWM_COPA_FEED=0 RWM_RS_ATTR=1 RWM_EMIT_BATCH=0 RWM_EMIT_BURST=64 RWM_RECOV_MP=1 RWM_RECOV_MP_LAW=1 RWM_RECOV_MP_LIVE=0 RWM_RECOV_SP=0 RWM_DERIVED_SWEEP=0 RWM_RACK_CLOCKS=0 RWM_RACK_REO_MULT=1 RWM_QUANTILE_CLOCKS=1 RWM_ALPHA_OVERRIDE=0.4 RWM_DIAG=1 RWM_ACKDIAG=1 RWM_ACKDIAG_WINDOW_US=2000000 RWM_WALLDIAG=1 RWM_CPUPROF=0 RWM_RDIAG=0 RWM_FDIAG=1 RWM_TRACE=0 RWM_PFRAC=0
{"bytes":400000000,"dnf":0,"hint":"bulk","max_s":16.241,"mean_mbps":197.033,"mean_s":16.241,"median_s":16.241,"min_s":16.241,"proto":"rp-native","runs":1,"stdev_s":0.0,"summary":true}
    LATPROBE-LEG leg=0 file=/tmp/rwm-ping-0.txt sent=323 recv=322 censor=0.31% p50=2.08[censor=0.31% ok] p95=2.57[censor=0.31% ok] p99=2.84[censor=0.31% ok]
    LATPROBE: 1 leg(s) /tmp/rwm-ping-0.txt=322 replies
    CPU: CPUSRV=17.64s CPUCLI=18.37s (srv=decoder cli=sender; whole-invocation incl warmup)
    QDISC cli0: qdisc netem a2a5: root refcnt 7 limit 1000 delay 1ms loss gemodel p 0.05% r 50% 1-h 100% 1-k 0% rate 1Gbit seed 42  Sent 439418699 bytes 346060 pkt (dropped 52, overlimits 0 requeues 0)   backlog 0b 0p requeues 0 
    QDISC srv0: qdisc netem a2a7: root refcnt 7 limit 1000 delay 1ms rate 1Gbit seed 10035503421573490665  Sent 32291336 bytes 75675 pkt (dropped 0, overlimits 0 requeues 0)   backlog 0b 0p requeues 0 
    QCAP: /tmp/rwm-q.txt 10 lines
RUNTIME c1-Q400 rep=1 18s rc=0
ALPHARESULT {"cell": "c1", "arm": "Q400", "alpha_cmd": 0.4, "seed": 42, "rep": 1, "n_paths": 1, "dnf": false, "dnf_count": 0, "mbps": 197.033, "mean_mbps": 197.033, "seconds": 16.241, "n_runs": 1, "cpusrv": 17.64, "cpucli": 18.37, "khr_med": 1.0, "kraw_med": null, "khr_n": 49, "kraw_n": 0, "rtp_med": 2, "occ_p50": 224, "occcap_p50": 529, "q_p50": 9, "q_p99": 37, "diag_lines": 64, "retx": 1289, "w1_rfa_gen": "0", "w2_pfrac_lines": 0, "w4_retx_max": 1289, "w5_rack_fa": "356/1335", "gates_cli_quantile_clocks": 1, "gates_srv_quantile_clocks": 1, "gates_cli_rack_clocks": 0, "gates_srv_rack_clocks": 0, "gates_cli_derived_sweep": 0, "gates_srv_derived_sweep": 0, "gates_cli_delta_cap": 1, "gates_srv_delta_cap": 1, "gates_cli_sum_cap": 1, "gates_srv_sum_cap": 1, "gates_cli_composed_cap": 0, "gates_srv_composed_cap": 0, "gates_cli_three_term": 0, "gates_srv_three_term": 0, "gates_cli_loss_sent_truth": 0, "gates_srv_loss_sent_truth": 0, "gates_cli_gen": null, "gates_srv_gen": null, "gates_cli_diag": 1, "gates_srv_diag": 1, "gates_cli_ackdiag": 1, "gates_srv_ackdiag": 1, "gates_cli_walldiag": 1, "gates_srv_walldiag": 1, "gates_cli_fdiag": 1, "gates_srv_fdiag": 1, "gates_cli_recov_mp": 1, "gates_srv_recov_mp": 1, "gates_cli_cc_pace": 0, "gates_srv_cc_pace": 0, "gates_cli_rack_reo_mult": 1, "gates_srv_rack_reo_mult": 1, "gates_lines_cli": 1, "gates_lines_srv": 1, "gate_quantile_cli": "1", "gate_quantile_srv": "1", "gate_alpha_cli": "0.4", "gate_alpha_srv": "0.4", "gate_gen_cli": 384, "gate_gen_srv": 384, "qalpha_lines_cli": 2, "qalpha_site_cli": "sender", "qalpha_quantile_cli": 1, "qalpha_contract_cli": 0.001, "qalpha_override_cli": 0.4, "qalpha_cli": 0.4, "qalpha_k_cli": 1.2247, "qalpha_lines_srv": 2, "qalpha_site_srv": "sender", "qalpha_quantile_srv": 1, "qalpha_contract_srv": 0.001, "qalpha_override_srv": 0.4, "qalpha_srv": 0.4, "qalpha_k_srv": 1.2247, "qclk_cli_lines": 1, "qclk_cli_site": "sender", "qclk_cli_alpha": 0.4, "qclk_cli_k": 1.2247, "qclk_cli_w_us_mean": 11034.8, "qclk_cli_srtt_us_mean": 10230.0, "qclk_cli_on": 1, "qclk_cli_evals": 340620, "qclk_cli_kept": 3715, "qclk_cli_w_us_p05": 7169, "qclk_cli_w_us_p50": 10440, "qclk_cli_w_us_p95": 16461, "qclk_cli_w_us_min": 3698, "qclk_cli_w_us_max": 41929, "qclk_cli_law_n": 236351, "qclk_cli_sigma_us_mean": 657.6, "qclk_cli_sigma_n": 236351, "qclk_srv_lines": 16, "qclk_srv_site": "receiver", "qclk_srv_alpha": 0.4, "qclk_srv_k": 1.2247, "qclk_srv_w_us_mean": 15405.5, "qclk_srv_srtt_us_mean": 10771.0, "qclk_srv_on": 1, "qclk_srv_evals": 12413, "qclk_srv_kept": 3104, "qclk_srv_w_us_p05": 11374, "qclk_srv_w_us_p50": 13341, "qclk_srv_w_us_p95": 20306, "qclk_srv_w_us_min": 10506, "qclk_srv_w_us_max": 66554, "qclk_srv_law_n": 12413, "qclk_srv_sigma_us_mean": 3784.4, "qclk_srv_sigma_n": 12413, "rack_lines_cli": 2, "rack_on_cli": 0, "rack_evals_cli": 0, "rack_ceil_cli": 0.0, "rack_gran_cli": 0.0, "rack_legacy_pin_cli": 0.0, "rack_round_cli": 0.0, "rack_legacy_cli": 0.0, "rack_mult_cli": 1, "rack_fa_n_cli": 356, "rack_fa_d_cli": 1335, "rack_fa_frac_cli": 0.2667, "rack_fa_class_cli": 0.0625, "rack_lines_srv": 0, "rack_on_srv": null, "rack_evals_srv": null, "rack_ceil_srv": null, "rack_gran_srv": null, "rack_legacy_pin_srv": null, "rack_round_srv": null, "rack_legacy_srv": null, "rack_mult_srv": null, "rack_fa_n_srv": null, "rack_fa_d_srv": null, "rack_fa_frac_srv": null, "rack_fa_class_srv": null, "rack_fired": 1335, "rack_spurious": 356, "rack_fa_frac": 0.2667, "rack_fa_class": 0.0625, "rack_round_us": 0.0, "rack_legacy_us": 0.0, "rack_evals": 0, "rack_legacy_pin": 0.0, "rfa_lines": 16, "rfa_gen": 0, "rfa_fires": 1301, "rfa_false": 678, "rfa_fill_coded": 12, "rfa_fill_src": 611, "rfa_dup_src": 666, "rfa_preempt_src": 12, "rfa_src_n": 333942, "rfa_rep_n": 573, "rfa_false_frac": 0.5211, "rfa_nu_recv": 0.0039, "rfa_fa_class": 0.0625, "rfa_bracket_lo": 0.5211, "rfa_bracket_hi": 0.982609, "sf_ticks": 2874, "sf_E": 0.7648, "sf_short": 0.2352, "sf_zero": 0.2352, "capboot_n": 61, "capboot_frac": 0.1967, "ping_n": 322, "ping_p50": 2.08, "ping_p95": 2.57, "ping_p99": 2.84, "ping_tx": 323, "ping_rx": 322, "ping_loss": 0.31, "ping_censor_frac": 0.0031, "legs_probed": 1, "leg0_n": 322, "leg0_sent": 323, "leg0_recv": 322, "leg0_sent_source": "summary", "leg0_censor_frac": 0.0031, "leg0_censor_pct": 0.31, "leg0_recv_mismatch": false, "leg0_leg_unscoreable": false, "leg0_min": 2.04, "leg0_max": 5.4, "leg0_p50": 2.08, "leg0_p50_censored": false, "leg0_p50_scoreable": true, "leg0_p95": 2.57, "leg0_p95_censored": false, "leg0_p95_scoreable": true, "leg0_p99": 2.84, "leg0_p99_censored": false, "leg0_p99_scoreable": true, "legs_censor_max": 0.0031, "wait_tun": 74, "wait_paused": 21, "wait_pace": 0, "wait_gen": 0, "wait_nack": 0, "wait_defc": 0, "wait_tail": 4, "wait_flush": 0, "wait_lines": 61, "deadwall": false, "sig_us_p50": 105.0, "sig_us_n": 334711, "sig_us_path": 0, "sig_paths": 1, "pl_n": 49, "pl_max": 0.0, "pl_min": 0.0, "pl_p0": 0.0, "dgq_hand": 337782, "dgq_full": 0, "dgq_err": 0, "dgq_gap": 1, "tc_bytes": 439418699, "tc_pkts": 346060, "tc_drop": 52, "tc_s": 18}
LIVENESS c1-Q400 rep=1 RWM_QUANTILE_CLOCKS=RWM_QUANTILE_CLOCKS=1/RWM_QUANTILE_CLOCKS=1(exp1) RWM_ALPHA_OVERRIDE=RWM_ALPHA_OVERRIDE=0.4/RWM_ALPHA_OVERRIDE=0.4(exp0.4) RWM_DELTA_CAP=RWM_DELTA_CAP=1/RWM_DELTA_CAP=1(exp1) RWM_SUM_CAP=RWM_SUM_CAP=1/RWM_SUM_CAP=1(exp1) RWM_RACK_CLOCKS=RWM_RACK_CLOCKS=0/RWM_RACK_CLOCKS=0(exp0) RWM_DERIVED_SWEEP=RWM_DERIVED_SWEEP=0/RWM_DERIVED_SWEEP=0(exp0) RWM_COMPOSED_CAP=RWM_COMPOSED_CAP=0/RWM_COMPOSED_CAP=0(exp0) RWM_THREE_TERM=RWM_THREE_TERM=0/RWM_THREE_TERM=0(exp0) RWM_STORE_CAP_UNIFIED=RWM_STORE_CAP_UNIFIED=0/RWM_STORE_CAP_UNIFIED=0(exp0) RWM_LATE_BRAKE=RWM_LATE_BRAKE=0/RWM_LATE_BRAKE=0(exp0) RWM_CHARGE_RECOVERY=RWM_CHARGE_RECOVERY=0/RWM_CHARGE_RECOVERY=0(exp0) RWM_RELEASE_1TO1=RWM_RELEASE_1TO1=0/RWM_RELEASE_1TO1=0(exp0) RWM_LOSS_SENT_TRUTH=RWM_LOSS_SENT_TRUTH=0/RWM_LOSS_SENT_TRUTH=0(exp0) RWM_DIAG=RWM_DIAG=1/RWM_DIAG=1(exp1) RWM_ACKDIAG=RWM_ACKDIAG=1/RWM_ACKDIAG=1(exp1) RWM_WALLDIAG=RWM_WALLDIAG=1/RWM_WALLDIAG=1(exp1) RWM_FDIAG=RWM_FDIAG=1/RWM_FDIAG=1(exp1)
QALPHALINE c1-Q400 rep=1 site=cli [QALPHA] site=sender quantile=1 contract_alpha=1.000000e-3 override=4.000000e-1 alpha=4.000000e-1 k=1.2247 fa_class=0.0625
QALPHALINE c1-Q400 rep=1 site=srv [QALPHA] site=receiver quantile=1 contract_alpha=1.000000e-5 override=4.000000e-1 alpha=4.000000e-1 k=1.2247 fa_class=0.0625[2m2026-08-20T17:22:27.357821Z[0m [32m INFO[0m [2mraptorpath::net[0m[2m:[0m path-scaled outstanding pool ACTIVE (RWM_STORE_PATHS: cap = clamp(gain*N*pipe, floor, N*pool) for N>=2 live paths; N=1 legacy) [3mpool_per_path[0m[2m=[0m2048 [3mgain[0m[2m=[0m2.0
QCLKLINE c1-Q400 rep=1 site=cli [QCLK] site=sender on=1 alpha=4.000000e-1 k=1.2247 evals=340620 law_n=236351 kept=3715 w_us_mean=11034.8 w_us_p05=7169 w_us_p50=10440 w_us_p95=16461 w_us_min=3698 w_us_max=41929 srtt_us_mean=10230.0 sigma_us_mean=657.6/n236351 fa_class=0.0625
QCLKLINE c1-Q400 rep=1 site=srv [QCLK] site=receiver on=1 alpha=4.000000e-1 k=1.2247 evals=739 law_n=739 kept=739 w_us_mean=39295.0 w_us_p05=12036 w_us_p50=60407 w_us_p95=66554 w_us_min=12036 w_us_max=66554 srtt_us_mean=18244.3 sigma_us_mean=17188.2/n739 fa_class=0.0625
QCLKLINE c1-Q400 rep=1 site=srv [QCLK] site=receiver on=1 alpha=4.000000e-1 k=1.2247 evals=1521 law_n=1521 kept=1521 w_us_mean=26405.9 w_us_p05=12036 w_us_p50=14111 w_us_p95=66554 w_us_min=12036 w_us_max=66554 srtt_us_mean=14745.9 sigma_us_mean=9520.6/n1521 fa_class=0.0625
QCLKLINE c1-Q400 rep=1 site=srv [QCLK] site=receiver on=1 alpha=4.000000e-1 k=1.2247 evals=4451 law_n=4451 kept=2226 w_us_mean=17452.1 w_us_p05=11374 w_us_p50=13037 w_us_p95=60407 w_us_min=11157 w_us_max=66554 srtt_us_mean=11379.7 sigma_us_mean=4958.4/n4451 fa_class=0.0625
QCLKLINE c1-Q400 rep=1 site=srv [QCLK] site=receiver on=1 alpha=4.000000e-1 k=1.2247 evals=4917 law_n=4917 kept=2459 w_us_mean=16953.4 w_us_p05=11374 w_us_p50=12850 w_us_p95=60407 w_us_min=11157 w_us_max=66554 srtt_us_mean=11302.4 sigma_us_mean=4614.3/n4917 fa_class=0.0625
QCLKLINE c1-Q400 rep=1 site=srv [QCLK] site=receiver on=1 alpha=4.000000e-1 k=1.2247 evals=5071 law_n=5071 kept=2536 w_us_mean=17307.1 w_us_p05=11374 w_us_p50=12850 w_us_p95=60407 w_us_min=11157 w_us_max=66554 srtt_us_mean=11483.3 sigma_us_mean=4755.5/n5071 fa_class=0.0625
QCLKLINE c1-Q400 rep=1 site=srv [QCLK] site=receiver on=1 alpha=4.000000e-1 k=1.2247 evals=5334 law_n=5334 kept=2667 w_us_mean=17242.7 w_us_p05=11374 w_us_p50=13037 w_us_p95=60407 w_us_min=11157 w_us_max=66554 srtt_us_mean=11522.3 sigma_us_mean=4671.0/n5334 fa_class=0.0625
QCLKLINE c1-Q400 rep=1 site=srv [QCLK] site=receiver on=1 alpha=4.000000e-1 k=1.2247 evals=7818 law_n=7818 kept=3909 w_us_mean=16380.2 w_us_p05=11611 w_us_p50=13341 w_us_p95=60407 w_us_min=11157 w_us_max=66554 srtt_us_mean=11336.2 sigma_us_mean=4118.9/n7818 fa_class=0.0625
QCLKLINE c1-Q400 rep=1 site=srv [QCLK] site=receiver on=1 alpha=4.000000e-1 k=1.2247 evals=7818 law_n=7818 kept=3909 w_us_mean=16380.2 w_us_p05=11611 w_us_p50=13341 w_us_p95=60407 w_us_min=11157 w_us_max=66554 srtt_us_mean=11336.2 sigma_us_mean=4118.9/n7818 fa_class=0.0625
QCLKLINE c1-Q400 rep=1 site=srv [QCLK] site=receiver on=1 alpha=4.000000e-1 k=1.2247 evals=7818 law_n=7818 kept=3909 w_us_mean=16380.2 w_us_p05=11611 w_us_p50=13341 w_us_p95=60407 w_us_min=11157 w_us_max=66554 srtt_us_mean=11336.2 sigma_us_mean=4118.9/n7818 fa_class=0.0625
QCLKLINE c1-Q400 rep=1 site=srv [QCLK] site=receiver on=1 alpha=4.000000e-1 k=1.2247 evals=8499 law_n=8499 kept=2125 w_us_mean=16078.5 w_us_p05=11740 w_us_p50=13253 w_us_p95=28600 w_us_min=11157 w_us_max=66554 srtt_us_mean=11247.8 sigma_us_mean=3944.7/n8499 fa_class=0.0625
QCLKLINE c1-Q400 rep=1 site=srv [QCLK] site=receiver on=1 alpha=4.000000e-1 k=1.2247 evals=8499 law_n=8499 kept=2125 w_us_mean=16078.5 w_us_p05=11740 w_us_p50=13253 w_us_p95=28600 w_us_min=11157 w_us_max=66554 srtt_us_mean=11247.8 sigma_us_mean=3944.7/n8499 fa_class=0.0625
QCLKLINE c1-Q400 rep=1 site=srv [QCLK] site=receiver on=1 alpha=4.000000e-1 k=1.2247 evals=10027 law_n=10027 kept=2507 w_us_mean=15514.2 w_us_p05=11374 w_us_p50=13165 w_us_p95=28600 w_us_min=10506 w_us_max=66554 srtt_us_mean=10757.5 sigma_us_mean=3884.2/n10027 fa_class=0.0625
QCLKLINE c1-Q400 rep=1 site=srv [QCLK] site=receiver on=1 alpha=4.000000e-1 k=1.2247 evals=10254 law_n=10254 kept=2564 w_us_mean=15471.6 w_us_p05=11374 w_us_p50=13253 w_us_p95=28600 w_us_min=10506 w_us_max=66554 srtt_us_mean=10729.0 sigma_us_mean=3872.7/n10254 fa_class=0.0625
QCLKLINE c1-Q400 rep=1 site=srv [QCLK] site=receiver on=1 alpha=4.000000e-1 k=1.2247 evals=10989 law_n=10989 kept=2748 w_us_mean=15266.0 w_us_p05=11331 w_us_p50=13130 w_us_p95=18122 w_us_min=10506 w_us_max=66554 srtt_us_mean=10657.5 sigma_us_mean=3763.3/n10989 fa_class=0.0625
QCLKLINE c1-Q400 rep=1 site=srv [QCLK] site=receiver on=1 alpha=4.000000e-1 k=1.2247 evals=12408 law_n=12408 kept=3102 w_us_mean=15405.9 w_us_p05=11374 w_us_p50=13341 w_us_p95=20306 w_us_min=10506 w_us_max=66554 srtt_us_mean=10771.5 sigma_us_mean=3784.4/n12408 fa_class=0.0625
QCLKLINE c1-Q400 rep=1 site=srv [QCLK] site=receiver on=1 alpha=4.000000e-1 k=1.2247 evals=12413 law_n=12413 kept=3104 w_us_mean=15405.5 w_us_p05=11374 w_us_p50=13341 w_us_p95=20306 w_us_min=10506 w_us_max=66554 srtt_us_mean=10771.0 sigma_us_mean=3784.4/n12413 fa_class=0.0625
RACKLINE c1-Q400 rep=1 site=cli [RACK] on=0 evals=0 ceil=0.0000 gran=0.0000 legacy_pin=0.0000 round=0.0 legacy=0.0 mult=1 fa=1076/1076 fa_frac=1.0000 fa_class=0.0625
RACKLINE c1-Q400 rep=1 site=cli [RACK] on=0 evals=0 ceil=0.0000 gran=0.0000 legacy_pin=0.0000 round=0.0 legacy=0.0 mult=1 fa=356/1335 fa_frac=0.2667 fa_class=0.0625
RFALINE c1-Q400 rep=1 site=cli [RFA] gen=0 fires=42 false=42 false_frac=1.0000 fill_coded=0 fill_src=0 dup_src=42 preempt_src=0 src_n=43 rep_n=35 nu_recv=0.97674 fa_class=0.0625
RFALINE c1-Q400 rep=1 site=cli [RFA] gen=0 fires=110 false=110 false_frac=1.0000 fill_coded=0 fill_src=0 dup_src=110 preempt_src=0 src_n=111 rep_n=103 nu_recv=0.99099 fa_class=0.0625
RFALINE c1-Q400 rep=1 site=cli [RFA] gen=0 fires=178 false=178 false_frac=1.0000 fill_coded=0 fill_src=0 dup_src=178 preempt_src=0 src_n=179 rep_n=171 nu_recv=0.99441 fa_class=0.0625
RFALINE c1-Q400 rep=1 site=cli [RFA] gen=0 fires=252 false=252 false_frac=1.0000 fill_coded=0 fill_src=0 dup_src=252 preempt_src=0 src_n=253 rep_n=245 nu_recv=0.99605 fa_class=0.0625
RFALINE c1-Q400 rep=1 site=cli [RFA] gen=0 fires=316 false=316 false_frac=1.0000 fill_coded=0 fill_src=0 dup_src=316 preempt_src=0 src_n=317 rep_n=309 nu_recv=0.99685 fa_class=0.0625
RFALINE c1-Q400 rep=1 site=cli [RFA] gen=0 fires=391 false=391 false_frac=1.0000 fill_coded=0 fill_src=0 dup_src=391 preempt_src=0 src_n=392 rep_n=384 nu_recv=0.99745 fa_class=0.0625
RFALINE c1-Q400 rep=1 site=cli [RFA] gen=0 fires=457 false=457 false_frac=1.0000 fill_coded=0 fill_src=0 dup_src=457 preempt_src=0 src_n=458 rep_n=450 nu_recv=0.99782 fa_class=0.0625
RFALINE c1-Q400 rep=1 site=cli [RFA] gen=0 fires=523 false=523 false_frac=1.0000 fill_coded=0 fill_src=0 dup_src=523 preempt_src=0 src_n=524 rep_n=516 nu_recv=0.99809 fa_class=0.0625
RFALINE c1-Q400 rep=1 site=cli [RFA] gen=0 fires=593 false=593 false_frac=1.0000 fill_coded=0 fill_src=0 dup_src=593 preempt_src=0 src_n=594 rep_n=586 nu_recv=0.99832 fa_class=0.0625
RFALINE c1-Q400 rep=1 site=cli [RFA] gen=0 fires=665 false=665 false_frac=1.0000 fill_coded=0 fill_src=0 dup_src=665 preempt_src=0 src_n=666 rep_n=658 nu_recv=0.99850 fa_class=0.0625
RFALINE c1-Q400 rep=1 site=cli [RFA] gen=0 fires=734 false=734 false_frac=1.0000 fill_coded=0 fill_src=0 dup_src=734 preempt_src=0 src_n=735 rep_n=727 nu_recv=0.99864 fa_class=0.0625
RFALINE c1-Q400 rep=1 site=cli [RFA] gen=0 fires=799 false=799 false_frac=1.0000 fill_coded=0 fill_src=0 dup_src=799 preempt_src=0 src_n=800 rep_n=792 nu_recv=0.99875 fa_class=0.0625
RFALINE c1-Q400 rep=1 site=cli [RFA] gen=0 fires=869 false=869 false_frac=1.0000 fill_coded=0 fill_src=0 dup_src=869 preempt_src=0 src_n=870 rep_n=862 nu_recv=0.99885 fa_class=0.0625
RFALINE c1-Q400 rep=1 site=cli [RFA] gen=0 fires=940 false=940 false_frac=1.0000 fill_coded=0 fill_src=0 dup_src=940 preempt_src=0 src_n=941 rep_n=933 nu_recv=0.99894 fa_class=0.0625
RFALINE c1-Q400 rep=1 site=cli [RFA] gen=0 fires=1008 false=1008 false_frac=1.0000 fill_coded=0 fill_src=0 dup_src=1008 preempt_src=0 src_n=1009 rep_n=1001 nu_recv=0.99901 fa_class=0.0625
RFALINE c1-Q400 rep=1 site=cli [RFA] gen=0 fires=1073 false=1073 false_frac=1.0000 fill_coded=0 fill_src=0 dup_src=1073 preempt_src=0 src_n=1074 rep_n=1066 nu_recv=0.99907 fa_class=0.0625
RFALINE c1-Q400 rep=1 site=cli [RFA] gen=0 fires=1076 false=1076 false_frac=1.0000 fill_coded=0 fill_src=0 dup_src=1076 preempt_src=0 src_n=1078 rep_n=1070 nu_recv=0.99814 fa_class=0.0625
RFALINE c1-Q400 rep=1 site=srv [RFA] gen=0 fires=74 false=44 false_frac=0.5946 fill_coded=0 fill_src=30 dup_src=44 preempt_src=0 src_n=17117 rep_n=26 nu_recv=0.00432 fa_class=0.0625
RFALINE c1-Q400 rep=1 site=srv [RFA] gen=0 fires=159 false=90 false_frac=0.5660 fill_coded=1 fill_src=68 dup_src=89 preempt_src=1 src_n=39876 rep_n=61 nu_recv=0.00399 fa_class=0.0625
RFALINE c1-Q400 rep=1 site=srv [RFA] gen=0 fires=368 false=149 false_frac=0.4049 fill_coded=4 fill_src=215 dup_src=145 preempt_src=4 src_n=62771 rep_n=107 nu_recv=0.00586 fa_class=0.0625
RFALINE c1-Q400 rep=1 site=srv [RFA] gen=0 fires=427 false=188 false_frac=0.4403 fill_coded=5 fill_src=234 dup_src=183 preempt_src=5 src_n=84436 rep_n=146 nu_recv=0.00506 fa_class=0.0625
RFALINE c1-Q400 rep=1 site=srv [RFA] gen=0 fires=482 false=223 false_frac=0.4627 fill_coded=6 fill_src=253 dup_src=217 preempt_src=6 src_n=104940 rep_n=180 nu_recv=0.00459 fa_class=0.0625
RFALINE c1-Q400 rep=1 site=srv [RFA] gen=0 fires=521 false=253 false_frac=0.4856 fill_coded=7 fill_src=261 dup_src=246 preempt_src=7 src_n=125683 rep_n=210 nu_recv=0.00415 fa_class=0.0625
RFALINE c1-Q400 rep=1 site=srv [RFA] gen=0 fires=707 false=329 false_frac=0.4653 fill_coded=10 fill_src=368 dup_src=319 preempt_src=10 src_n=146047 rep_n=256 nu_recv=0.00484 fa_class=0.0625
RFALINE c1-Q400 rep=1 site=srv [RFA] gen=0 fires=739 false=361 false_frac=0.4885 fill_coded=10 fill_src=368 dup_src=351 preempt_src=10 src_n=166739 rep_n=288 nu_recv=0.00443 fa_class=0.0625
RFALINE c1-Q400 rep=1 site=srv [RFA] gen=0 fires=771 false=393 false_frac=0.5097 fill_coded=10 fill_src=368 dup_src=383 preempt_src=10 src_n=188669 rep_n=320 nu_recv=0.00409 fa_class=0.0625
RFALINE c1-Q400 rep=1 site=srv [RFA] gen=0 fires=819 false=421 false_frac=0.5140 fill_coded=10 fill_src=388 dup_src=411 preempt_src=10 src_n=209292 rep_n=350 nu_recv=0.00391 fa_class=0.0625
RFALINE c1-Q400 rep=1 site=srv [RFA] gen=0 fires=852 false=454 false_frac=0.5329 fill_coded=10 fill_src=388 dup_src=444 preempt_src=10 src_n=230791 rep_n=382 nu_recv=0.00369 fa_class=0.0625
RFALINE c1-Q400 rep=1 site=srv [RFA] gen=0 fires=1036 false=520 false_frac=0.5019 fill_coded=12 fill_src=504 dup_src=508 preempt_src=12 src_n=250309 rep_n=433 nu_recv=0.00414 fa_class=0.0625
RFALINE c1-Q400 rep=1 site=srv [RFA] gen=0 fires=1081 false=555 false_frac=0.5134 fill_coded=12 fill_src=514 dup_src=543 preempt_src=12 src_n=270827 rep_n=468 nu_recv=0.00399 fa_class=0.0625
RFALINE c1-Q400 rep=1 site=srv [RFA] gen=0 fires=1140 false=596 false_frac=0.5228 fill_coded=12 fill_src=532 dup_src=584 preempt_src=12 src_n=290940 rep_n=503 nu_recv=0.00392 fa_class=0.0625
RFALINE c1-Q400 rep=1 site=srv [RFA] gen=0 fires=1268 false=647 false_frac=0.5103 fill_coded=12 fill_src=609 dup_src=635 preempt_src=12 src_n=311988 rep_n=542 nu_recv=0.00406 fa_class=0.0625
RFALINE c1-Q400 rep=1 site=srv [RFA] gen=0 fires=1301 false=678 false_frac=0.5211 fill_coded=12 fill_src=611 dup_src=666 preempt_src=12 src_n=333942 rep_n=573 nu_recv=0.00390 fa_class=0.0625
DCAPLINE c1-Q400 rep=1 site=cli [DCAP] on=1 eng=0/0 chg=0/0 chg_frac=0.0000 pin=0.0000 floor=0.0000 cap=0.0 ask=0.0 q=0.100000 b=2.0000
WALLLINE c1-Q400 rep=1 site=cli [WALL] onset=1.0000 dur_ms=0.1 retx=0 total_ms=16243.7 it_ms=0.048
ALPHAWITNESS {"cell":"c1","arm":"Q400","alpha":"0.4","seed":42,"rep":1,"rc":0,"mbps":197.033,"band":[147,294],"band_applies":0,"in_band":1,"lossy":0,"qclk_law_n":236351,"rfa_lines":16,"W1_rfa_gen":"0","W2_pfrac_lines":0,"W4_retx_max":1289,"W5_rack_fa":"356/1335"}
=== rep=1 arm=c7-CTL alpha=unset seed=42 env="RWM_QUANTILE_CLOCKS=0 RWM_DELTA_CAP=1 RWM_SUM_CAP=1 RWM_RACK_CLOCKS=0 RWM_DERIVED_SWEEP=0 RWM_COMPOSED_CAP=0 RWM_THREE_TERM=0 RWM_STORE_CAP_UNIFIED=0 RWM_LATE_BRAKE=0 RWM_CHARGE_RECOVERY=0 RWM_RELEASE_1TO1=0 RWM_LOSS_SENT_TRUTH=0" cell=c2/c2/dual bytes=200000000 17:22:44
[2m2026-08-20T17:22:46.009384Z[0m [32m INFO[0m [2mraptorpath::gates[0m[2m:[0m [GATES] RWM_UNIFIED=1 RWM_UNIFIED_SHED=1 RWM_TAPER_R=1 RWM_ASTAR_ANCHOR=1 RWM_MSTAR_ANCHOR=1 RWM_PLAIN_RS=0 RWM_HONEST_ANCHOR=1 RWM_HONEST_K=0 RWM_STORE_SACK_RELEASE=1 RWM_STORE_PATHS=1 RWM_STORE_PATH_POOL=2048 RWM_STORE=unset RWM_STORE_GAIN=2 RWM_STORE_BOOT=128 RWM_STORE_CAPW=0 RWM_STORE_CAP_UNIFIED=0 RWM_THREE_TERM=0 RWM_COMPOSED_CAP=0 RWM_SUM_CAP=1 RWM_LATE_BRAKE=0 RWM_DELTA_CAP=1 RWM_STORE_PERCAP=0 RWM_PERCAP_GUARD=1 RWM_STORE_BORROW=0 RWM_HONEST_CAP=1 RWM_POOL_ANCHOR=0 RWM_POOL_DELIV=0 RWM_FLOOR_BOUND=0 RWM_ACK_MERGE=1 RWM_LOSS_SENT_TRUTH=0 RWM_RELEASE_1TO1=0 RWM_CHARGE_RECOVERY=0 RWM_PATIENCE_DERIVED=0 RWM_SIDLE_DERIVED=0 RWM_WIN_DECOUPLE=0 RWM_PLACE_SLACK=0 RWM_COLD_PLACE=0 RWM_GEN=384 RWM_PIPELINE=2 RWM_GEN_PIPE=1 RWM_GEN_R=unset RWM_GEN_RATE=9000 RWM_GEN_RATE_FLOOR=2000 RWM_GEN_INFLIGHT=unset RWM_OOO_RETAIN=0/16 RWM_WINDOW=unset RWM_REPORT_GENS=unset RWM_REPAIR_WAIT=unset RWM_CODED_SRC=0 RWM_NO_REACTIVE=0 RWM_XPATH_REPAIR=0 RWM_PROACTIVE_PACER=0 RWM_REASM_BDP=0 RWM_MIN_R=0 RWM_CC_PACE=0 RWM_CC_PACE_HR=1.1 RWM_REACT_CAP=unset RWM_INFL_CAP=0 RWM_INFL_BDP=unset RWM_COPA_FEED=0 RWM_RS_ATTR=1 RWM_EMIT_BATCH=0 RWM_EMIT_BURST=64 RWM_RECOV_MP=1 RWM_RECOV_MP_LAW=1 RWM_RECOV_MP_LIVE=0 RWM_RECOV_SP=0 RWM_DERIVED_SWEEP=0 RWM_RACK_CLOCKS=0 RWM_RACK_REO_MULT=1 RWM_QUANTILE_CLOCKS=0 RWM_ALPHA_OVERRIDE=unset RWM_DIAG=1 RWM_ACKDIAG=1 RWM_ACKDIAG_WINDOW_US=2000000 RWM_WALLDIAG=1 RWM_CPUPROF=0 RWM_RDIAG=0 RWM_FDIAG=1 RWM_TRACE=0 RWM_PFRAC=0
{"bytes":200000000,"dnf":0,"hint":"bulk","max_s":9.916,"mean_mbps":161.355,"mean_s":9.916,"median_s":9.916,"min_s":9.916,"proto":"rp-native","runs":1,"stdev_s":0.0,"summary":true}
    LATPROBE-LEG leg=0 file=/tmp/rwm-ping-0.txt sent=198 recv=193 censor=2.53% p50=36.1[censor=2.53% ok] p95=82.8[censor=2.53% ok] p99=100.0[censor=2.53% UNSCOREABLE(inside censored tail)]
    LATPROBE-LEG leg=1 file=/tmp/rwm-ping-1.txt sent=198 recv=195 censor=1.52% p50=36.3[censor=1.52% ok] p95=83.6[censor=1.52% ok] p99=95.9[censor=1.52% UNSCOREABLE(inside censored tail)]
    LATPROBE: 2 leg(s) /tmp/rwm-ping-0.txt=193 /tmp/rwm-ping-1.txt=195 replies
    CPU: CPUSRV=12.96s CPUCLI=14.27s (srv=decoder cli=sender; whole-invocation incl warmup)
    QDISC cli0: qdisc netem a2a9: root refcnt 7 limit 1000 delay 5ms  3ms loss gemodel p 1.3% r 50% 1-h 100% 1-k 0% rate 100Mbit seed 42  Sent 110328805 bytes 88602 pkt (dropped 484, overlimits 0 requeues 0)   backlog 0b 0p requeues 0 
    QDISC cli1: qdisc netem a2aa: root refcnt 7 limit 1000 delay 5ms  3ms loss gemodel p 1.3% r 50% 1-h 100% 1-k 0% rate 100Mbit seed 1042  Sent 112101299 bytes 89745 pkt (dropped 448, overlimits 0 requeues 0)   backlog 0b 0p requeues 0 
    QDISC srv0: qdisc netem a2ab: root refcnt 7 limit 1000 delay 5ms  3ms rate 100Mbit seed 547344051393475239  Sent 11372608 bytes 41255 pkt (dropped 0, overlimits 0 requeues 0)   backlog 0b 0p requeues 0 
    QDISC srv1: qdisc netem a2ac: root refcnt 7 limit 1000 delay 5ms  3ms rate 100Mbit seed 8373596416776850161  Sent 12017090 bytes 42051 pkt (dropped 0, overlimits 0 requeues 0)   backlog 0b 0p requeues 0 
    QCAP: /tmp/rwm-q.txt 18 lines
RUNTIME c7-CTL rep=1 12s rc=0
ALPHARESULT {"cell": "c7", "arm": "CTL", "alpha_cmd": null, "seed": 42, "rep": 1, "n_paths": 2, "dnf": false, "dnf_count": 0, "mbps": 161.355, "mean_mbps": 161.355, "seconds": 9.916, "n_runs": 1, "cpusrv": 12.96, "cpucli": 14.27, "khr_med": 1.0, "kraw_med": null, "khr_n": 71, "kraw_n": 0, "rtp_med": 9, "occ_p50": 762, "occcap_p50": 1629, "q_p50": 41, "q_p99": 93, "diag_lines": 39, "retx": 4969, "w1_rfa_gen": "0", "w2_pfrac_lines": 0, "w4_retx_max": 4969, "w5_rack_fa": "833/5073", "gates_cli_quantile_clocks": 0, "gates_srv_quantile_clocks": 0, "gates_cli_rack_clocks": 0, "gates_srv_rack_clocks": 0, "gates_cli_derived_sweep": 0, "gates_srv_derived_sweep": 0, "gates_cli_delta_cap": 1, "gates_srv_delta_cap": 1, "gates_cli_sum_cap": 1, "gates_srv_sum_cap": 1, "gates_cli_composed_cap": 0, "gates_srv_composed_cap": 0, "gates_cli_three_term": 0, "gates_srv_three_term": 0, "gates_cli_loss_sent_truth": 0, "gates_srv_loss_sent_truth": 0, "gates_cli_gen": null, "gates_srv_gen": null, "gates_cli_diag": 1, "gates_srv_diag": 1, "gates_cli_ackdiag": 1, "gates_srv_ackdiag": 1, "gates_cli_walldiag": 1, "gates_srv_walldiag": 1, "gates_cli_fdiag": 1, "gates_srv_fdiag": 1, "gates_cli_recov_mp": 1, "gates_srv_recov_mp": 1, "gates_cli_cc_pace": 0, "gates_srv_cc_pace": 0, "gates_cli_rack_reo_mult": 1, "gates_srv_rack_reo_mult": 1, "gates_lines_cli": 1, "gates_lines_srv": 1, "gate_quantile_cli": "0", "gate_quantile_srv": "0", "gate_alpha_cli": "unset", "gate_alpha_srv": "unset", "gate_gen_cli": 384, "gate_gen_srv": 384, "qalpha_lines_cli": 2, "qalpha_site_cli": "sender", "qalpha_quantile_cli": 0, "qalpha_contract_cli": 0.001, "qalpha_override_cli": null, "qalpha_cli": 0.001, "qalpha_k_cli": 31.607, "qalpha_lines_srv": 2, "qalpha_site_srv": "sender", "qalpha_quantile_srv": 0, "qalpha_contract_srv": 0.001, "qalpha_override_srv": null, "qalpha_srv": 0.001, "qalpha_k_srv": 31.607, "qclk_cli_lines": 1, "qclk_cli_site": "sender", "qclk_cli_alpha": 0.001, "qclk_cli_k": 31.607, "qclk_cli_w_us_mean": 93666.4, "qclk_cli_srtt_us_mean": 63195.5, "qclk_cli_on": 0, "qclk_cli_evals": 169687, "qclk_cli_kept": 2652, "qclk_cli_w_us_p05": 60544, "qclk_cli_w_us_p50": 100000, "qclk_cli_w_us_p95": 100000, "qclk_cli_w_us_min": 25000, "qclk_cli_w_us_max": 100000, "qclk_cli_law_n": 169687, "qclk_cli_sigma_us_mean": 2018.8, "qclk_cli_sigma_n": 169486, "qclk_srv_lines": 9, "qclk_srv_site": "receiver", "qclk_srv_alpha": 1e-05, "qclk_srv_k": 316.2262, "qclk_srv_w_us_mean": 100000.0, "qclk_srv_srtt_us_mean": 58656.6, "qclk_srv_on": 0, "qclk_srv_evals": 155947, "qclk_srv_kept": 2437, "qclk_srv_w_us_p05": 100000, "qclk_srv_w_us_p50": 100000, "qclk_srv_w_us_p95": 100000, "qclk_srv_w_us_min": 100000, "qclk_srv_w_us_max": 100000, "qclk_srv_law_n": 155947, "qclk_srv_sigma_us_mean": 29645.2, "qclk_srv_sigma_n": 154439, "rack_lines_cli": 2, "rack_on_cli": 0, "rack_evals_cli": 0, "rack_ceil_cli": 0.0, "rack_gran_cli": 0.0, "rack_legacy_pin_cli": 0.0, "rack_round_cli": 0.0, "rack_legacy_cli": 0.0, "rack_mult_cli": 1, "rack_fa_n_cli": 833, "rack_fa_d_cli": 5073, "rack_fa_frac_cli": 0.1642, "rack_fa_class_cli": 0.0625, "rack_lines_srv": 0, "rack_on_srv": null, "rack_evals_srv": null, "rack_ceil_srv": null, "rack_gran_srv": null, "rack_legacy_pin_srv": null, "rack_round_srv": null, "rack_legacy_srv": null, "rack_mult_srv": null, "rack_fa_n_srv": null, "rack_fa_d_srv": null, "rack_fa_frac_srv": null, "rack_fa_class_srv": null, "rack_fired": 5073, "rack_spurious": 833, "rack_fa_frac": 0.1642, "rack_fa_class": 0.0625, "rack_round_us": 0.0, "rack_legacy_us": 0.0, "rack_evals": 0, "rack_legacy_pin": 0.0, "rfa_lines": 9, "rfa_gen": 0, "rfa_fires": 87898, "rfa_false": 1580, "rfa_fill_coded": 1010, "rfa_fill_src": 85308, "rfa_dup_src": 684, "rfa_preempt_src": 896, "rfa_src_n": 154554, "rfa_rep_n": 1545, "rfa_false_frac": 0.018, "rfa_nu_recv": 0.56872, "rfa_fa_class": 0.0625, "rfa_bracket_lo": 0.018, "rfa_bracket_hi": 0.610039, "sf_ticks": 1501, "sf_E": 0.9933, "sf_short": 0.012, "sf_zero": 0.0013, "capboot_n": 36, "capboot_frac": 0.0, "ping_n": 193, "ping_p50": 36.1, "ping_p95": 81.4, "ping_p99": 99.2, "ping_tx": 198, "ping_rx": 193, "ping_loss": 2.53, "ping_censor_frac": 0.0253, "legs_probed": 1, "leg0_n": 193, "leg0_sent": 198, "leg0_recv": 193, "leg0_sent_source": "summary", "leg0_censor_frac": 0.0253, "leg0_censor_pct": 2.53, "leg0_recv_mismatch": false, "leg0_leg_unscoreable": false, "leg0_min": 8.19, "leg0_max": 130.0, "leg0_p50": 36.1, "leg0_p50_censored": false, "leg0_p50_scoreable": true, "leg0_p95": 82.8, "leg0_p95_censored": false, "leg0_p95_scoreable": true, "leg0_p99": 100.0, "leg0_p99_censored": true, "leg0_p99_scoreable": false, "legs_censor_max": 0.0253, "wait_tun": 97, "wait_paused": 0, "wait_pace": 0, "wait_gen": 0, "wait_nack": 3, "wait_defc": 0, "wait_tail": 0, "wait_flush": 0, "wait_lines": 36, "deadwall": false, "sig_us_p50": 91.0, "sig_us_n": 85225, "sig_us_path": 1, "sig_paths": 2, "pl_n": 71, "pl_max": 0.0139, "pl_min": 0.0088, "pl_p0": 0.0139, "pl_p1": 0.0088, "dgq_hand": 175221, "dgq_full": 0, "dgq_err": 0, "dgq_gap": 50, "tc_bytes": 222430104, "tc_pkts": 178347, "tc_drop": 932, "tc_s": 12}
LIVENESS c7-CTL rep=1 RWM_QUANTILE_CLOCKS=RWM_QUANTILE_CLOCKS=0/RWM_QUANTILE_CLOCKS=0(exp0) RWM_ALPHA_OVERRIDE=RWM_ALPHA_OVERRIDE=unset/RWM_ALPHA_OVERRIDE=unset(expunset) RWM_DELTA_CAP=RWM_DELTA_CAP=1/RWM_DELTA_CAP=1(exp1) RWM_SUM_CAP=RWM_SUM_CAP=1/RWM_SUM_CAP=1(exp1) RWM_RACK_CLOCKS=RWM_RACK_CLOCKS=0/RWM_RACK_CLOCKS=0(exp0) RWM_DERIVED_SWEEP=RWM_DERIVED_SWEEP=0/RWM_DERIVED_SWEEP=0(exp0) RWM_COMPOSED_CAP=RWM_COMPOSED_CAP=0/RWM_COMPOSED_CAP=0(exp0) RWM_THREE_TERM=RWM_THREE_TERM=0/RWM_THREE_TERM=0(exp0) RWM_STORE_CAP_UNIFIED=RWM_STORE_CAP_UNIFIED=0/RWM_STORE_CAP_UNIFIED=0(exp0) RWM_LATE_BRAKE=RWM_LATE_BRAKE=0/RWM_LATE_BRAKE=0(exp0) RWM_CHARGE_RECOVERY=RWM_CHARGE_RECOVERY=0/RWM_CHARGE_RECOVERY=0(exp0) RWM_RELEASE_1TO1=RWM_RELEASE_1TO1=0/RWM_RELEASE_1TO1=0(exp0) RWM_LOSS_SENT_TRUTH=RWM_LOSS_SENT_TRUTH=0/RWM_LOSS_SENT_TRUTH=0(exp0) RWM_DIAG=RWM_DIAG=1/RWM_DIAG=1(exp1) RWM_ACKDIAG=RWM_ACKDIAG=1/RWM_ACKDIAG=1(exp1) RWM_WALLDIAG=RWM_WALLDIAG=1/RWM_WALLDIAG=1(exp1) RWM_FDIAG=RWM_FDIAG=1/RWM_FDIAG=1(exp1)
QALPHALINE c7-CTL rep=1 site=cli [QALPHA] site=sender quantile=0 contract_alpha=1.000000e-3 override=unset alpha=1.000000e-3 k=31.6070 fa_class=0.0625
QALPHALINE c7-CTL rep=1 site=srv [QALPHA] site=receiver quantile=0 contract_alpha=1.000000e-5 override=unset alpha=1.000000e-5 k=316.2262 fa_class=0.0625
QCLKLINE c7-CTL rep=1 site=cli [QCLK] site=sender on=0 alpha=1.000000e-3 k=31.6070 evals=169687 law_n=169687 kept=2652 w_us_mean=93666.4 w_us_p05=60544 w_us_p50=100000 w_us_p95=100000 w_us_min=25000 w_us_max=100000 srtt_us_mean=63195.5 sigma_us_mean=2018.8/n169486 fa_class=0.0625
QCLKLINE c7-CTL rep=1 site=srv [QCLK] site=receiver on=0 alpha=1.000000e-5 k=316.2262 evals=16231 law_n=16231 kept=4058 w_us_mean=100000.0 w_us_p05=100000 w_us_p50=100000 w_us_p95=100000 w_us_min=100000 w_us_max=100000 srtt_us_mean=52513.1 sigma_us_mean=19973.1/n14723 fa_class=0.0625
QCLKLINE c7-CTL rep=1 site=srv [QCLK] site=receiver on=0 alpha=1.000000e-5 k=316.2262 evals=34880 law_n=34880 kept=2180 w_us_mean=100000.0 w_us_p05=100000 w_us_p50=100000 w_us_p95=100000 w_us_min=100000 w_us_max=100000 srtt_us_mean=60113.0 sigma_us_mean=22569.4/n33372 fa_class=0.0625
QCLKLINE c7-CTL rep=1 site=srv [QCLK] site=receiver on=0 alpha=1.000000e-5 k=316.2262 evals=53920 law_n=53920 kept=3370 w_us_mean=100000.0 w_us_p05=100000 w_us_p50=100000 w_us_p95=100000 w_us_min=100000 w_us_max=100000 srtt_us_mean=59757.7 sigma_us_mean=25105.2/n52412 fa_class=0.0625
QCLKLINE c7-CTL rep=1 site=srv [QCLK] site=receiver on=0 alpha=1.000000e-5 k=316.2262 evals=71976 law_n=71976 kept=2250 w_us_mean=100000.0 w_us_p05=100000 w_us_p50=100000 w_us_p95=100000 w_us_min=100000 w_us_max=100000 srtt_us_mean=59152.1 sigma_us_mean=28421.8/n70468 fa_class=0.0625
QCLKLINE c7-CTL rep=1 site=srv [QCLK] site=receiver on=0 alpha=1.000000e-5 k=316.2262 evals=89389 law_n=89389 kept=2794 w_us_mean=100000.0 w_us_p05=100000 w_us_p50=100000 w_us_p95=100000 w_us_min=100000 w_us_max=100000 srtt_us_mean=58582.8 sigma_us_mean=30146.4/n87881 fa_class=0.0625
QCLKLINE c7-CTL rep=1 site=srv [QCLK] site=receiver on=0 alpha=1.000000e-5 k=316.2262 evals=105413 law_n=105413 kept=3295 w_us_mean=100000.0 w_us_p05=100000 w_us_p50=100000 w_us_p95=100000 w_us_min=100000 w_us_max=100000 srtt_us_mean=58871.8 sigma_us_mean=31062.1/n103905 fa_class=0.0625
QCLKLINE c7-CTL rep=1 site=srv [QCLK] site=receiver on=0 alpha=1.000000e-5 k=316.2262 evals=122606 law_n=122606 kept=3832 w_us_mean=100000.0 w_us_p05=100000 w_us_p50=100000 w_us_p95=100000 w_us_min=100000 w_us_max=100000 srtt_us_mean=59114.3 sigma_us_mean=31309.2/n121098 fa_class=0.0625
QCLKLINE c7-CTL rep=1 site=srv [QCLK] site=receiver on=0 alpha=1.000000e-5 k=316.2262 evals=139216 law_n=139216 kept=2176 w_us_mean=100000.0 w_us_p05=100000 w_us_p50=100000 w_us_p95=100000 w_us_min=100000 w_us_max=100000 srtt_us_mean=58970.6 sigma_us_mean=30312.4/n137708 fa_class=0.0625
QCLKLINE c7-CTL rep=1 site=srv [QCLK] site=receiver on=0 alpha=1.000000e-5 k=316.2262 evals=155947 law_n=155947 kept=2437 w_us_mean=100000.0 w_us_p05=100000 w_us_p50=100000 w_us_p95=100000 w_us_min=100000 w_us_max=100000 srtt_us_mean=58656.6 sigma_us_mean=29645.2/n154439 fa_class=0.0625
RACKLINE c7-CTL rep=1 site=cli [RACK] on=0 evals=0 ceil=0.0000 gran=0.0000 legacy_pin=0.0000 round=0.0 legacy=0.0 mult=1 fa=98/98 fa_frac=1.0000 fa_class=0.0625
RACKLINE c7-CTL rep=1 site=cli [RACK] on=0 evals=0 ceil=0.0000 gran=0.0000 legacy_pin=0.0000 round=0.0 legacy=0.0 mult=1 fa=833/5073 fa_frac=0.1642 fa_class=0.0625
RFALINE c7-CTL rep=1 site=cli [RFA] gen=0 fires=10 false=10 false_frac=1.0000 fill_coded=0 fill_src=0 dup_src=10 preempt_src=0 src_n=11 rep_n=9 nu_recv=0.90909 fa_class=0.0625
RFALINE c7-CTL rep=1 site=cli [RFA] gen=0 fires=20 false=20 false_frac=1.0000 fill_coded=0 fill_src=0 dup_src=20 preempt_src=0 src_n=21 rep_n=19 nu_recv=0.95238 fa_class=0.0625
RFALINE c7-CTL rep=1 site=cli [RFA] gen=0 fires=30 false=30 false_frac=1.0000 fill_coded=0 fill_src=0 dup_src=30 preempt_src=0 src_n=31 rep_n=29 nu_recv=0.96774 fa_class=0.0625
RFALINE c7-CTL rep=1 site=cli [RFA] gen=0 fires=40 false=40 false_frac=1.0000 fill_coded=0 fill_src=0 dup_src=40 preempt_src=0 src_n=41 rep_n=39 nu_recv=0.97561 fa_class=0.0625
RFALINE c7-CTL rep=1 site=cli [RFA] gen=0 fires=51 false=51 false_frac=1.0000 fill_coded=0 fill_src=0 dup_src=51 preempt_src=0 src_n=52 rep_n=50 nu_recv=0.98077 fa_class=0.0625
RFALINE c7-CTL rep=1 site=cli [RFA] gen=0 fires=61 false=61 false_frac=1.0000 fill_coded=0 fill_src=0 dup_src=61 preempt_src=0 src_n=62 rep_n=60 nu_recv=0.98387 fa_class=0.0625
RFALINE c7-CTL rep=1 site=cli [RFA] gen=0 fires=71 false=71 false_frac=1.0000 fill_coded=0 fill_src=0 dup_src=71 preempt_src=0 src_n=72 rep_n=70 nu_recv=0.98611 fa_class=0.0625
RFALINE c7-CTL rep=1 site=cli [RFA] gen=0 fires=81 false=81 false_frac=1.0000 fill_coded=0 fill_src=0 dup_src=81 preempt_src=0 src_n=82 rep_n=80 nu_recv=0.98780 fa_class=0.0625
RFALINE c7-CTL rep=1 site=cli [RFA] gen=0 fires=91 false=91 false_frac=1.0000 fill_coded=0 fill_src=0 dup_src=91 preempt_src=0 src_n=92 rep_n=90 nu_recv=0.98913 fa_class=0.0625
RFALINE c7-CTL rep=1 site=cli [RFA] gen=0 fires=98 false=98 false_frac=1.0000 fill_coded=0 fill_src=0 dup_src=98 preempt_src=0 src_n=100 rep_n=98 nu_recv=0.98000 fa_class=0.0625
RFALINE c7-CTL rep=1 site=srv [RFA] gen=0 fires=8970 false=148 false_frac=0.0165 fill_coded=84 fill_src=8738 dup_src=86 preempt_src=62 src_n=16099 rep_n=165 nu_recv=0.55718 fa_class=0.0625
RFALINE c7-CTL rep=1 site=srv [RFA] gen=0 fires=18799 false=349 false_frac=0.0186 fill_coded=171 fill_src=18279 dup_src=210 preempt_src=139 src_n=34589 rep_n=319 nu_recv=0.54350 fa_class=0.0625
RFALINE c7-CTL rep=1 site=srv [RFA] gen=0 fires=29037 false=523 false_frac=0.0180 fill_coded=273 fill_src=28241 dup_src=288 preempt_src=235 src_n=53450 rep_n=477 nu_recv=0.54326 fa_class=0.0625
RFALINE c7-CTL rep=1 site=srv [RFA] gen=0 fires=38746 false=695 false_frac=0.0179 fill_coded=393 fill_src=37658 dup_src=344 preempt_src=351 src_n=71314 rep_n=651 nu_recv=0.54332 fa_class=0.0625
RFALINE c7-CTL rep=1 site=srv [RFA] gen=0 fires=48752 false=858 false_frac=0.0176 fill_coded=516 fill_src=47378 dup_src=413 preempt_src=445 src_n=88527 rep_n=829 nu_recv=0.55070 fa_class=0.0625
RFALINE c7-CTL rep=1 site=srv [RFA] gen=0 fires=58119 false=991 false_frac=0.0171 fill_coded=628 fill_src=56500 dup_src=452 preempt_src=539 src_n=104362 rep_n=1015 nu_recv=0.55690 fa_class=0.0625
RFALINE c7-CTL rep=1 site=srv [RFA] gen=0 fires=68239 false=1251 false_frac=0.0183 fill_coded=767 fill_src=66221 dup_src=587 preempt_src=664 src_n=121383 rep_n=1193 nu_recv=0.56218 fa_class=0.0625
RFALINE c7-CTL rep=1 site=srv [RFA] gen=0 fires=78009 false=1405 false_frac=0.0180 fill_coded=880 fill_src=75724 dup_src=638 preempt_src=767 src_n=137808 rep_n=1359 nu_recv=0.56607 fa_class=0.0625
RFALINE c7-CTL rep=1 site=srv [RFA] gen=0 fires=87898 false=1580 false_frac=0.0180 fill_coded=1010 fill_src=85308 dup_src=684 preempt_src=896 src_n=154554 rep_n=1545 nu_recv=0.56872 fa_class=0.0625
DCAPLINE c7-CTL rep=1 site=cli [DCAP] on=1 eng=1852/1852 chg=1852/1852 chg_frac=1.0000 pin=0.0000 floor=0.0000 cap=1551.3 ask=1550.7 q=0.100000 b=2.0000
WALLLINE c7-CTL rep=1 site=cli [WALL] onset=0.9894 dur_ms=105.2 retx=64 total_ms=9932.5 it_ms=0.059
ALPHAWITNESS {"cell":"c7","arm":"CTL","alpha":"unset","seed":42,"rep":1,"rc":0,"mbps":161.355,"band":[140,180],"band_applies":1,"in_band":1,"lossy":1,"qclk_law_n":169687,"rfa_lines":9,"W1_rfa_gen":"0","W2_pfrac_lines":0,"W4_retx_max":4969,"W5_rack_fa":"833/5073"}
=== rep=1 arm=c7-Q002 alpha=0.002 seed=42 env="RWM_QUANTILE_CLOCKS=1 RWM_ALPHA_OVERRIDE=0.002 RWM_DELTA_CAP=1 RWM_SUM_CAP=1 RWM_RACK_CLOCKS=0 RWM_DERIVED_SWEEP=0 RWM_COMPOSED_CAP=0 RWM_THREE_TERM=0 RWM_STORE_CAP_UNIFIED=0 RWM_LATE_BRAKE=0 RWM_CHARGE_RECOVERY=0 RWM_RELEASE_1TO1=0 RWM_LOSS_SENT_TRUTH=0" cell=c2/c2/dual bytes=200000000 17:23:11
[2m2026-08-20T17:23:12.973766Z[0m [32m INFO[0m [2mraptorpath::gates[0m[2m:[0m [GATES] RWM_UNIFIED=1 RWM_UNIFIED_SHED=1 RWM_TAPER_R=1 RWM_ASTAR_ANCHOR=1 RWM_MSTAR_ANCHOR=1 RWM_PLAIN_RS=0 RWM_HONEST_ANCHOR=1 RWM_HONEST_K=0 RWM_STORE_SACK_RELEASE=1 RWM_STORE_PATHS=1 RWM_STORE_PATH_POOL=2048 RWM_STORE=unset RWM_STORE_GAIN=2 RWM_STORE_BOOT=128 RWM_STORE_CAPW=0 RWM_STORE_CAP_UNIFIED=0 RWM_THREE_TERM=0 RWM_COMPOSED_CAP=0 RWM_SUM_CAP=1 RWM_LATE_BRAKE=0 RWM_DELTA_CAP=1 RWM_STORE_PERCAP=0 RWM_PERCAP_GUARD=1 RWM_STORE_BORROW=0 RWM_HONEST_CAP=1 RWM_POOL_ANCHOR=0 RWM_POOL_DELIV=0 RWM_FLOOR_BOUND=0 RWM_ACK_MERGE=1 RWM_LOSS_SENT_TRUTH=0 RWM_RELEASE_1TO1=0 RWM_CHARGE_RECOVERY=0 RWM_PATIENCE_DERIVED=0 RWM_SIDLE_DERIVED=0 RWM_WIN_DECOUPLE=0 RWM_PLACE_SLACK=0 RWM_COLD_PLACE=0 RWM_GEN=384 RWM_PIPELINE=2 RWM_GEN_PIPE=1 RWM_GEN_R=unset RWM_GEN_RATE=9000 RWM_GEN_RATE_FLOOR=2000 RWM_GEN_INFLIGHT=unset RWM_OOO_RETAIN=0/16 RWM_WINDOW=unset RWM_REPORT_GENS=unset RWM_REPAIR_WAIT=unset RWM_CODED_SRC=0 RWM_NO_REACTIVE=0 RWM_XPATH_REPAIR=0 RWM_PROACTIVE_PACER=0 RWM_REASM_BDP=0 RWM_MIN_R=0 RWM_CC_PACE=0 RWM_CC_PACE_HR=1.1 RWM_REACT_CAP=unset RWM_INFL_CAP=0 RWM_INFL_BDP=unset RWM_COPA_FEED=0 RWM_RS_ATTR=1 RWM_EMIT_BATCH=0 RWM_EMIT_BURST=64 RWM_RECOV_MP=1 RWM_RECOV_MP_LAW=1 RWM_RECOV_MP_LIVE=0 RWM_RECOV_SP=0 RWM_DERIVED_SWEEP=0 RWM_RACK_CLOCKS=0 RWM_RACK_REO_MULT=1 RWM_QUANTILE_CLOCKS=1 RWM_ALPHA_OVERRIDE=0.002 RWM_DIAG=1 RWM_ACKDIAG=1 RWM_ACKDIAG_WINDOW_US=2000000 RWM_WALLDIAG=1 RWM_CPUPROF=0 RWM_RDIAG=0 RWM_FDIAG=1 RWM_TRACE=0 RWM_PFRAC=0
{"bytes":200000000,"dnf":0,"hint":"bulk","max_s":10.0537,"mean_mbps":159.146,"mean_s":10.0537,"median_s":10.0537,"min_s":10.0537,"proto":"rp-native","runs":1,"stdev_s":0.0,"summary":true}
    LATPROBE-LEG leg=0 file=/tmp/rwm-ping-0.txt sent=201 recv=195 censor=2.99% p50=40.2[censor=2.99% ok] p95=79.6[censor=2.99% ok] p99=98.9[censor=2.99% UNSCOREABLE(inside censored tail)]
    LATPROBE-LEG leg=1 file=/tmp/rwm-ping-1.txt sent=201 recv=196 censor=2.49% p50=45.7[censor=2.49% ok] p95=101.0[censor=2.49% ok] p99=129.0[censor=2.49% UNSCOREABLE(inside censored tail)]
    LATPROBE: 2 leg(s) /tmp/rwm-ping-0.txt=195 /tmp/rwm-ping-1.txt=196 replies
    CPU: CPUSRV=12.82s CPUCLI=14.28s (srv=decoder cli=sender; whole-invocation incl warmup)
    QDISC cli0: qdisc netem a2ad: root refcnt 7 limit 1000 delay 5ms  3ms loss gemodel p 1.3% r 50% 1-h 100% 1-k 0% rate 100Mbit seed 42  Sent 109660413 bytes 87902 pkt (dropped 491, overlimits 0 requeues 0)   backlog 0b 0p requeues 0 
    QDISC cli1: qdisc netem a2ae: root refcnt 7 limit 1000 delay 5ms  3ms loss gemodel p 1.3% r 50% 1-h 100% 1-k 0% rate 100Mbit seed 1042  Sent 112560847 bytes 90893 pkt (dropped 488, overlimits 0 requeues 0)   backlog 0b 0p requeues 0 
    QDISC srv0: qdisc netem a2af: root refcnt 7 limit 1000 delay 5ms  3ms rate 100Mbit seed 6978160341195568151  Sent 11183433 bytes 45459 pkt (dropped 0, overlimits 0 requeues 0)   backlog 0b 0p requeues 0 
    QDISC srv1: qdisc netem a2b0: root refcnt 7 limit 1000 delay 5ms  3ms rate 100Mbit seed 2074477722489563982  Sent 11758135 bytes 47002 pkt (dropped 0, overlimits 0 requeues 0)   backlog 0b 0p requeues 0 
    QCAP: /tmp/rwm-q.txt 18 lines
RUNTIME c7-Q002 rep=1 12s rc=0
ALPHARESULT {"cell": "c7", "arm": "Q002", "alpha_cmd": 0.002, "seed": 42, "rep": 1, "n_paths": 2, "dnf": false, "dnf_count": 0, "mbps": 159.146, "mean_mbps": 159.146, "seconds": 10.0537, "n_runs": 1, "cpusrv": 12.82, "cpucli": 14.28, "khr_med": 1.0, "kraw_med": null, "khr_n": 72, "kraw_n": 0, "rtp_med": 11, "occ_p50": 771, "occcap_p50": 1822, "q_p50": 42, "q_p99": 123, "diag_lines": 39, "retx": 4752, "w1_rfa_gen": "0", "w2_pfrac_lines": 0, "w4_retx_max": 4752, "w5_rack_fa": "888/4752", "gates_cli_quantile_clocks": 1, "gates_srv_quantile_clocks": 1, "gates_cli_rack_clocks": 0, "gates_srv_rack_clocks": 0, "gates_cli_derived_sweep": 0, "gates_srv_derived_sweep": 0, "gates_cli_delta_cap": 1, "gates_srv_delta_cap": 1, "gates_cli_sum_cap": 1, "gates_srv_sum_cap": 1, "gates_cli_composed_cap": 0, "gates_srv_composed_cap": 0, "gates_cli_three_term": 0, "gates_srv_three_term": 0, "gates_cli_loss_sent_truth": 0, "gates_srv_loss_sent_truth": 0, "gates_cli_gen": null, "gates_srv_gen": null, "gates_cli_diag": 1, "gates_srv_diag": 1, "gates_cli_ackdiag": 1, "gates_srv_ackdiag": 1, "gates_cli_walldiag": 1, "gates_srv_walldiag": 1, "gates_cli_fdiag": 1, "gates_srv_fdiag": 1, "gates_cli_recov_mp": 1, "gates_srv_recov_mp": 1, "gates_cli_cc_pace": 0, "gates_srv_cc_pace": 0, "gates_cli_rack_reo_mult": 1, "gates_srv_rack_reo_mult": 1, "gates_lines_cli": 1, "gates_lines_srv": 1, "gate_quantile_cli": "1", "gate_quantile_srv": "1", "gate_alpha_cli": "0.002", "gate_alpha_srv": "0.002", "gate_gen_cli": 384, "gate_gen_srv": 384, "qalpha_lines_cli": 2, "qalpha_site_cli": "sender", "qalpha_quantile_cli": 1, "qalpha_contract_cli": 0.001, "qalpha_override_cli": 0.002, "qalpha_cli": 0.002, "qalpha_k_cli": 22.3383, "qalpha_lines_srv": 2, "qalpha_site_srv": "sender", "qalpha_quantile_srv": 1, "qalpha_contract_srv": 0.001, "qalpha_override_srv": 0.002, "qalpha_srv": 0.002, "qalpha_k_srv": 22.3383, "qclk_cli_lines": 1, "qclk_cli_site": "sender", "qclk_cli_alpha": 0.002, "qclk_cli_k": 22.3383, "qclk_cli_w_us_mean": 107129.1, "qclk_cli_srtt_us_mean": 67579.0, "qclk_cli_on": 1, "qclk_cli_evals": 169631, "qclk_cli_kept": 2646, "qclk_cli_w_us_p05": 57818, "qclk_cli_w_us_p50": 92557, "qclk_cli_w_us_p95": 207927, "qclk_cli_w_us_min": 22930, "qclk_cli_w_us_max": 922649, "qclk_cli_law_n": 169348, "qclk_cli_sigma_us_mean": 1770.5, "qclk_cli_sigma_n": 169348, "qclk_srv_lines": 10, "qclk_srv_site": "receiver", "qclk_srv_alpha": 0.002, "qclk_srv_k": 22.3383, "qclk_srv_w_us_mean": 869731.8, "qclk_srv_srtt_us_mean": 54389.4, "qclk_srv_on": 1, "qclk_srv_evals": 171316, "qclk_srv_kept": 2658, "qclk_srv_w_us_p05": 725546, "qclk_srv_w_us_p50": 911535, "qclk_srv_w_us_p95": 922835, "qclk_srv_w_us_min": 47588, "qclk_srv_w_us_max": 922835, "qclk_srv_law_n": 170142, "qclk_srv_sigma_us_mean": 36499.8, "qclk_srv_sigma_n": 170142, "rack_lines_cli": 2, "rack_on_cli": 0, "rack_evals_cli": 0, "rack_ceil_cli": 0.0, "rack_gran_cli": 0.0, "rack_legacy_pin_cli": 0.0, "rack_round_cli": 0.0, "rack_legacy_cli": 0.0, "rack_mult_cli": 1, "rack_fa_n_cli": 888, "rack_fa_d_cli": 4752, "rack_fa_frac_cli": 0.1869, "rack_fa_class_cli": 0.0625, "rack_lines_srv": 0, "rack_on_srv": null, "rack_evals_srv": null, "rack_ceil_srv": null, "rack_gran_srv": null, "rack_legacy_pin_srv": null, "rack_round_srv": null, "rack_legacy_srv": null, "rack_mult_srv": null, "rack_fa_n_srv": null, "rack_fa_d_srv": null, "rack_fa_frac_srv": null, "rack_fa_class_srv": null, "rack_fired": 4752, "rack_spurious": 888, "rack_fa_frac": 0.1869, "rack_fa_class": 0.0625, "rack_round_us": 0.0, "rack_legacy_us": 0.0, "rack_evals": 0, "rack_legacy_pin": 0.0, "rfa_lines": 10, "rfa_gen": 0, "rfa_fires": 94449, "rfa_false": 1571, "rfa_fill_coded": 1030, "rfa_fill_src": 91848, "rfa_dup_src": 596, "rfa_preempt_src": 975, "rfa_src_n": 169748, "rfa_rep_n": 1615, "rfa_false_frac": 0.0166, "rfa_nu_recv": 0.55641, "rfa_fa_class": 0.0625, "rfa_bracket_lo": 0.0166, "rfa_bracket_hi": 0.603998, "sf_ticks": 1820, "sf_E": 0.9918, "sf_short": 0.0132, "sf_zero": 0.0033, "capboot_n": 36, "capboot_frac": 0.0, "ping_n": 195, "ping_p50": 40.2, "ping_p95": 78.9, "ping_p99": 93.1, "ping_tx": 201, "ping_rx": 195, "ping_loss": 2.99, "ping_censor_frac": 0.0299, "legs_probed": 1, "leg0_n": 195, "leg0_sent": 201, "leg0_recv": 195, "leg0_sent_source": "summary", "leg0_censor_frac": 0.0299, "leg0_censor_pct": 2.99, "leg0_recv_mismatch": false, "leg0_leg_unscoreable": false, "leg0_min": 5.63, "leg0_max": 103.0, "leg0_p50": 40.2, "leg0_p50_censored": false, "leg0_p50_scoreable": true, "leg0_p95": 79.6, "leg0_p95_censored": false, "leg0_p95_scoreable": true, "leg0_p99": 98.9, "leg0_p99_censored": true, "leg0_p99_scoreable": false, "legs_censor_max": 0.0299, "wait_tun": 98, "wait_paused": 0, "wait_pace": 0, "wait_gen": 0, "wait_nack": 2, "wait_defc": 0, "wait_tail": 0, "wait_flush": 0, "wait_lines": 36, "deadwall": false, "sig_us_p50": 1056.0, "sig_us_n": 86787, "sig_us_path": 1, "sig_paths": 2, "pl_n": 72, "pl_max": 0.0676, "pl_min": 0.0091, "pl_p0": 0.0091, "pl_p1": 0.0676, "dgq_hand": 175661, "dgq_full": 0, "dgq_err": 0, "dgq_gap": 2, "tc_bytes": 222221260, "tc_pkts": 178795, "tc_drop": 979, "tc_s": 12}
LIVENESS c7-Q002 rep=1 RWM_QUANTILE_CLOCKS=RWM_QUANTILE_CLOCKS=1/RWM_QUANTILE_CLOCKS=1(exp1) RWM_ALPHA_OVERRIDE=RWM_ALPHA_OVERRIDE=0.002/RWM_ALPHA_OVERRIDE=0.002(exp0.002) RWM_DELTA_CAP=RWM_DELTA_CAP=1/RWM_DELTA_CAP=1(exp1) RWM_SUM_CAP=RWM_SUM_CAP=1/RWM_SUM_CAP=1(exp1) RWM_RACK_CLOCKS=RWM_RACK_CLOCKS=0/RWM_RACK_CLOCKS=0(exp0) RWM_DERIVED_SWEEP=RWM_DERIVED_SWEEP=0/RWM_DERIVED_SWEEP=0(exp0) RWM_COMPOSED_CAP=RWM_COMPOSED_CAP=0/RWM_COMPOSED_CAP=0(exp0) RWM_THREE_TERM=RWM_THREE_TERM=0/RWM_THREE_TERM=0(exp0) RWM_STORE_CAP_UNIFIED=RWM_STORE_CAP_UNIFIED=0/RWM_STORE_CAP_UNIFIED=0(exp0) RWM_LATE_BRAKE=RWM_LATE_BRAKE=0/RWM_LATE_BRAKE=0(exp0) RWM_CHARGE_RECOVERY=RWM_CHARGE_RECOVERY=0/RWM_CHARGE_RECOVERY=0(exp0) RWM_RELEASE_1TO1=RWM_RELEASE_1TO1=0/RWM_RELEASE_1TO1=0(exp0) RWM_LOSS_SENT_TRUTH=RWM_LOSS_SENT_TRUTH=0/RWM_LOSS_SENT_TRUTH=0(exp0) RWM_DIAG=RWM_DIAG=1/RWM_DIAG=1(exp1) RWM_ACKDIAG=RWM_ACKDIAG=1/RWM_ACKDIAG=1(exp1) RWM_WALLDIAG=RWM_WALLDIAG=1/RWM_WALLDIAG=1(exp1) RWM_FDIAG=RWM_FDIAG=1/RWM_FDIAG=1(exp1)
QALPHALINE c7-Q002 rep=1 site=cli [QALPHA] site=sender quantile=1 contract_alpha=1.000000e-3 override=2.000000e-3 alpha=2.000000e-3 k=22.3383 fa_class=0.0625
QALPHALINE c7-Q002 rep=1 site=srv [QALPHA] site=receiver quantile=1 contract_alpha=1.000000e-5 override=2.000000e-3 alpha=2.000000e-3 k=22.3383 fa_class=0.0625
QCLKLINE c7-Q002 rep=1 site=cli [QCLK] site=sender on=1 alpha=2.000000e-3 k=22.3383 evals=169631 law_n=169348 kept=2646 w_us_mean=107129.1 w_us_p05=57818 w_us_p50=92557 w_us_p95=207927 w_us_min=22930 w_us_max=922649 srtt_us_mean=67579.0 sigma_us_mean=1770.5/n169348 fa_class=0.0625
QCLKLINE c7-Q002 rep=1 site=srv [QCLK] site=receiver on=1 alpha=2.000000e-3 k=22.3383 evals=16420 law_n=15246 kept=3811 w_us_mean=580540.5 w_us_p05=47588 w_us_p50=725546 w_us_p95=725546 w_us_min=47588 w_us_max=725546 srtt_us_mean=36809.7 sigma_us_mean=24340.8/n15246 fa_class=0.0625
QCLKLINE c7-Q002 rep=1 site=srv [QCLK] site=receiver on=1 alpha=2.000000e-3 k=22.3383 evals=35356 law_n=34182 kept=2136 w_us_mean=701418.0 w_us_p05=47588 w_us_p50=725546 w_us_p95=900674 w_us_min=47588 w_us_max=900674 srtt_us_mean=40924.1 sigma_us_mean=29567.8/n34182 fa_class=0.0625
QCLKLINE c7-Q002 rep=1 site=srv [QCLK] site=receiver on=1 alpha=2.000000e-3 k=22.3383 evals=54592 law_n=53418 kept=3338 w_us_mean=771532.6 w_us_p05=399371 w_us_p50=894200 w_us_p95=900674 w_us_min=47588 w_us_max=911590 srtt_us_mean=46761.9 sigma_us_mean=32445.2/n53418 fa_class=0.0625
QCLKLINE c7-Q002 rep=1 site=srv [QCLK] site=receiver on=1 alpha=2.000000e-3 k=22.3383 evals=72683 law_n=71509 kept=2235 w_us_mean=805662.7 w_us_p05=399371 w_us_p50=894200 w_us_p95=917616 w_us_min=47588 w_us_max=917616 srtt_us_mean=49916.9 sigma_us_mean=33831.8/n71509 fa_class=0.0625
QCLKLINE c7-Q002 rep=1 site=srv [QCLK] site=receiver on=1 alpha=2.000000e-3 k=22.3383 evals=90552 law_n=89378 kept=2793 w_us_mean=828185.2 w_us_p05=725546 w_us_p50=900674 w_us_p95=918663 w_us_min=47588 w_us_max=918663 srtt_us_mean=51886.1 sigma_us_mean=34751.9/n89378 fa_class=0.0625
QCLKLINE c7-Q002 rep=1 site=srv [QCLK] site=receiver on=1 alpha=2.000000e-3 k=22.3383 evals=108134 law_n=106960 kept=3343 w_us_mean=842547.5 w_us_p05=725546 w_us_p50=900674 w_us_p95=918663 w_us_min=47588 w_us_max=922835 srtt_us_mean=52728.2 sigma_us_mean=35357.2/n106960 fa_class=0.0625
QCLKLINE c7-Q002 rep=1 site=srv [QCLK] site=receiver on=1 alpha=2.000000e-3 k=22.3383 evals=125733 law_n=124559 kept=3893 w_us_mean=853890.8 w_us_p05=725546 w_us_p50=914847 w_us_p95=922835 w_us_min=47588 w_us_max=922835 srtt_us_mean=54360.4 sigma_us_mean=35791.9/n124559 fa_class=0.0625
QCLKLINE c7-Q002 rep=1 site=srv [QCLK] site=receiver on=1 alpha=2.000000e-3 k=22.3383 evals=142745 law_n=141571 kept=2212 w_us_mean=861747.8 w_us_p05=725546 w_us_p50=914847 w_us_p95=922835 w_us_min=47588 w_us_max=922835 srtt_us_mean=55125.3 sigma_us_mean=36109.4/n141571 fa_class=0.0625
QCLKLINE c7-Q002 rep=1 site=srv [QCLK] site=receiver on=1 alpha=2.000000e-3 k=22.3383 evals=160402 law_n=159228 kept=2488 w_us_mean=867106.6 w_us_p05=725546 w_us_p50=911535 w_us_p95=922835 w_us_min=47588 w_us_max=922835 srtt_us_mean=54725.8 sigma_us_mean=36367.2/n159228 fa_class=0.0625
QCLKLINE c7-Q002 rep=1 site=srv [QCLK] site=receiver on=1 alpha=2.000000e-3 k=22.3383 evals=171316 law_n=170142 kept=2658 w_us_mean=869731.8 w_us_p05=725546 w_us_p50=911535 w_us_p95=922835 w_us_min=47588 w_us_max=922835 srtt_us_mean=54389.4 sigma_us_mean=36499.8/n170142 fa_class=0.0625
RACKLINE c7-Q002 rep=1 site=cli [RACK] on=0 evals=0 ceil=0.0000 gran=0.0000 legacy_pin=0.0000 round=0.0 legacy=0.0 mult=1 fa=16/16 fa_frac=1.0000 fa_class=0.0625
RACKLINE c7-Q002 rep=1 site=cli [RACK] on=0 evals=0 ceil=0.0000 gran=0.0000 legacy_pin=0.0000 round=0.0 legacy=0.0 mult=1 fa=888/4752 fa_frac=0.1869 fa_class=0.0625
RFALINE c7-Q002 rep=1 site=cli [RFA] gen=0 fires=7 false=7 false_frac=1.0000 fill_coded=0 fill_src=0 dup_src=7 preempt_src=0 src_n=8 rep_n=6 nu_recv=0.87500 fa_class=0.0625
RFALINE c7-Q002 rep=1 site=cli [RFA] gen=0 fires=8 false=8 false_frac=1.0000 fill_coded=0 fill_src=0 dup_src=8 preempt_src=0 src_n=9 rep_n=9 nu_recv=0.88889 fa_class=0.0625
RFALINE c7-Q002 rep=1 site=cli [RFA] gen=0 fires=11 false=11 false_frac=1.0000 fill_coded=0 fill_src=0 dup_src=11 preempt_src=0 src_n=12 rep_n=10 nu_recv=0.91667 fa_class=0.0625
RFALINE c7-Q002 rep=1 site=cli [RFA] gen=0 fires=13 false=13 false_frac=1.0000 fill_coded=0 fill_src=0 dup_src=13 preempt_src=0 src_n=14 rep_n=12 nu_recv=0.92857 fa_class=0.0625
RFALINE c7-Q002 rep=1 site=cli [RFA] gen=0 fires=15 false=15 false_frac=1.0000 fill_coded=0 fill_src=0 dup_src=15 preempt_src=0 src_n=16 rep_n=14 nu_recv=0.93750 fa_class=0.0625
RFALINE c7-Q002 rep=1 site=cli [RFA] gen=0 fires=16 false=16 false_frac=1.0000 fill_coded=0 fill_src=0 dup_src=16 preempt_src=0 src_n=18 rep_n=16 nu_recv=0.88889 fa_class=0.0625
RFALINE c7-Q002 rep=1 site=cli [RFA] gen=0 fires=16 false=16 false_frac=1.0000 fill_coded=0 fill_src=0 dup_src=16 preempt_src=0 src_n=18 rep_n=16 nu_recv=0.88889 fa_class=0.0625
RFALINE c7-Q002 rep=1 site=srv [RFA] gen=0 fires=8727 false=163 false_frac=0.0187 fill_coded=71 fill_src=8493 dup_src=92 preempt_src=71 src_n=16336 rep_n=145 nu_recv=0.53422 fa_class=0.0625
RFALINE c7-Q002 rep=1 site=srv [RFA] gen=0 fires=18652 false=272 false_frac=0.0146 fill_coded=158 fill_src=18222 dup_src=115 preempt_src=157 src_n=35138 rep_n=277 nu_recv=0.53082 fa_class=0.0625
RFALINE c7-Q002 rep=1 site=srv [RFA] gen=0 fires=28670 false=425 false_frac=0.0148 fill_coded=251 fill_src=27994 dup_src=183 preempt_src=242 src_n=54201 rep_n=446 nu_recv=0.52896 fa_class=0.0625
RFALINE c7-Q002 rep=1 site=srv [RFA] gen=0 fires=38551 false=641 false_frac=0.0166 fill_coded=382 fill_src=37528 dup_src=284 preempt_src=357 src_n=72067 rep_n=669 nu_recv=0.53493 fa_class=0.0625
RFALINE c7-Q002 rep=1 site=srv [RFA] gen=0 fires=48736 false=857 false_frac=0.0176 fill_coded=511 fill_src=47368 dup_src=373 preempt_src=484 src_n=89751 rep_n=860 nu_recv=0.54301 fa_class=0.0625
RFALINE c7-Q002 rep=1 site=srv [RFA] gen=0 fires=58683 false=1035 false_frac=0.0176 fill_coded=640 fill_src=57008 dup_src=423 preempt_src=612 src_n=107154 rep_n=1037 nu_recv=0.54765 fa_class=0.0625
RFALINE c7-Q002 rep=1 site=srv [RFA] gen=0 fires=68632 false=1201 false_frac=0.0175 fill_coded=769 fill_src=66662 dup_src=473 preempt_src=728 src_n=124574 rep_n=1214 nu_recv=0.55093 fa_class=0.0625
RFALINE c7-Q002 rep=1 site=srv [RFA] gen=0 fires=78489 false=1356 false_frac=0.0173 fill_coded=883 fill_src=76250 dup_src=518 preempt_src=838 src_n=141421 rep_n=1378 nu_recv=0.55500 fa_class=0.0625
RFALINE c7-Q002 rep=1 site=srv [RFA] gen=0 fires=88530 false=1532 false_frac=0.0173 fill_coded=996 fill_src=86002 dup_src=591 preempt_src=941 src_n=158911 rep_n=1542 nu_recv=0.55710 fa_class=0.0625
RFALINE c7-Q002 rep=1 site=srv [RFA] gen=0 fires=94449 false=1571 false_frac=0.0166 fill_coded=1030 fill_src=91848 dup_src=596 preempt_src=975 src_n=169748 rep_n=1615 nu_recv=0.55641 fa_class=0.0625
DCAPLINE c7-Q002 rep=1 site=cli [DCAP] on=1 eng=1813/1813 chg=1813/1813 chg_frac=1.0000 pin=0.0000 floor=0.0000 cap=1730.4 ask=1729.7 q=0.100000 b=2.0000
WALLLINE c7-Q002 rep=1 site=cli [WALL] onset=1.0000 dur_ms=0.0 retx=0 total_ms=10064.5 it_ms=0.059
ALPHAWITNESS {"cell":"c7","arm":"Q002","alpha":"0.002","seed":42,"rep":1,"rc":0,"mbps":159.146,"band":[140,180],"band_applies":0,"in_band":1,"lossy":1,"qclk_law_n":169348,"rfa_lines":10,"W1_rfa_gen":"0","W2_pfrac_lines":0,"W4_retx_max":4752,"W5_rack_fa":"888/4752"}
=== rep=1 arm=c7-Q009 alpha=0.009 seed=42 env="RWM_QUANTILE_CLOCKS=1 RWM_ALPHA_OVERRIDE=0.009 RWM_DELTA_CAP=1 RWM_SUM_CAP=1 RWM_RACK_CLOCKS=0 RWM_DERIVED_SWEEP=0 RWM_COMPOSED_CAP=0 RWM_THREE_TERM=0 RWM_STORE_CAP_UNIFIED=0 RWM_LATE_BRAKE=0 RWM_CHARGE_RECOVERY=0 RWM_RELEASE_1TO1=0 RWM_LOSS_SENT_TRUTH=0" cell=c2/c2/dual bytes=200000000 17:23:23
[2m2026-08-20T17:23:25.459732Z[0m [32m INFO[0m [2mraptorpath::gates[0m[2m:[0m [GATES] RWM_UNIFIED=1 RWM_UNIFIED_SHED=1 RWM_TAPER_R=1 RWM_ASTAR_ANCHOR=1 RWM_MSTAR_ANCHOR=1 RWM_PLAIN_RS=0 RWM_HONEST_ANCHOR=1 RWM_HONEST_K=0 RWM_STORE_SACK_RELEASE=1 RWM_STORE_PATHS=1 RWM_STORE_PATH_POOL=2048 RWM_STORE=unset RWM_STORE_GAIN=2 RWM_STORE_BOOT=128 RWM_STORE_CAPW=0 RWM_STORE_CAP_UNIFIED=0 RWM_THREE_TERM=0 RWM_COMPOSED_CAP=0 RWM_SUM_CAP=1 RWM_LATE_BRAKE=0 RWM_DELTA_CAP=1 RWM_STORE_PERCAP=0 RWM_PERCAP_GUARD=1 RWM_STORE_BORROW=0 RWM_HONEST_CAP=1 RWM_POOL_ANCHOR=0 RWM_POOL_DELIV=0 RWM_FLOOR_BOUND=0 RWM_ACK_MERGE=1 RWM_LOSS_SENT_TRUTH=0 RWM_RELEASE_1TO1=0 RWM_CHARGE_RECOVERY=0 RWM_PATIENCE_DERIVED=0 RWM_SIDLE_DERIVED=0 RWM_WIN_DECOUPLE=0 RWM_PLACE_SLACK=0 RWM_COLD_PLACE=0 RWM_GEN=384 RWM_PIPELINE=2 RWM_GEN_PIPE=1 RWM_GEN_R=unset RWM_GEN_RATE=9000 RWM_GEN_RATE_FLOOR=2000 RWM_GEN_INFLIGHT=unset RWM_OOO_RETAIN=0/16 RWM_WINDOW=unset RWM_REPORT_GENS=unset RWM_REPAIR_WAIT=unset RWM_CODED_SRC=0 RWM_NO_REACTIVE=0 RWM_XPATH_REPAIR=0 RWM_PROACTIVE_PACER=0 RWM_REASM_BDP=0 RWM_MIN_R=0 RWM_CC_PACE=0 RWM_CC_PACE_HR=1.1 RWM_REACT_CAP=unset RWM_INFL_CAP=0 RWM_INFL_BDP=unset RWM_COPA_FEED=0 RWM_RS_ATTR=1 RWM_EMIT_BATCH=0 RWM_EMIT_BURST=64 RWM_RECOV_MP=1 RWM_RECOV_MP_LAW=1 RWM_RECOV_MP_LIVE=0 RWM_RECOV_SP=0 RWM_DERIVED_SWEEP=0 RWM_RACK_CLOCKS=0 RWM_RACK_REO_MULT=1 RWM_QUANTILE_CLOCKS=1 RWM_ALPHA_OVERRIDE=0.009 RWM_DIAG=1 RWM_ACKDIAG=1 RWM_ACKDIAG_WINDOW_US=2000000 RWM_WALLDIAG=1 RWM_CPUPROF=0 RWM_RDIAG=0 RWM_FDIAG=1 RWM_TRACE=0 RWM_PFRAC=0
{"bytes":200000000,"dnf":0,"hint":"bulk","max_s":9.6408,"mean_mbps":165.962,"mean_s":9.6408,"median_s":9.6408,"min_s":9.6408,"proto":"rp-native","runs":1,"stdev_s":0.0,"summary":true}
    LATPROBE-LEG leg=0 file=/tmp/rwm-ping-0.txt sent=194 recv=189 censor=2.58% p50=36.5[censor=2.58% ok] p95=81.6[censor=2.58% ok] p99=102.0[censor=2.58% UNSCOREABLE(inside censored tail)]
    LATPROBE-LEG leg=1 file=/tmp/rwm-ping-1.txt sent=194 recv=191 censor=1.55% p50=39.7[censor=1.55% ok] p95=94.0[censor=1.55% ok] p99=113.0[censor=1.55% UNSCOREABLE(inside censored tail)]
    LATPROBE: 2 leg(s) /tmp/rwm-ping-0.txt=189 /tmp/rwm-ping-1.txt=191 replies
    CPU: CPUSRV=13.01s CPUCLI=14.34s (srv=decoder cli=sender; whole-invocation incl warmup)
    QDISC cli0: qdisc netem a2b1: root refcnt 7 limit 1000 delay 5ms  3ms loss gemodel p 1.3% r 50% 1-h 100% 1-k 0% rate 100Mbit seed 42  Sent 109371340 bytes 88116 pkt (dropped 504, overlimits 0 requeues 0)   backlog 0b 0p requeues 0 
    QDISC cli1: qdisc netem a2b2: root refcnt 7 limit 1000 delay 5ms  3ms loss gemodel p 1.3% r 50% 1-h 100% 1-k 0% rate 100Mbit seed 1042  Sent 113127612 bytes 91083 pkt (dropped 483, overlimits 0 requeues 0)   backlog 0b 0p requeues 0 
    QDISC srv0: qdisc netem a2b3: root refcnt 7 limit 1000 delay 5ms  3ms rate 100Mbit seed 12330389301453822267  Sent 12009093 bytes 46257 pkt (dropped 0, overlimits 0 requeues 0)   backlog 0b 0p requeues 0 
    QDISC srv1: qdisc netem a2b4: root refcnt 7 limit 1000 delay 5ms  3ms rate 100Mbit seed 10560739512212212991  Sent 11945725 bytes 47934 pkt (dropped 0, overlimits 0 requeues 0)   backlog 0b 0p requeues 0 
    QCAP: /tmp/rwm-q.txt 18 lines
RUNTIME c7-Q009 rep=1 12s rc=0
ALPHARESULT {"cell": "c7", "arm": "Q009", "alpha_cmd": 0.009, "seed": 42, "rep": 1, "n_paths": 2, "dnf": false, "dnf_count": 0, "mbps": 165.962, "mean_mbps": 165.962, "seconds": 9.6408, "n_runs": 1, "cpusrv": 13.01, "cpucli": 14.34, "khr_med": 1.0, "kraw_med": null, "khr_n": 70, "kraw_n": 0, "rtp_med": 10, "occ_p50": 788, "occcap_p50": 1714, "q_p50": 36, "q_p99": 96, "diag_lines": 38, "retx": 4896, "w1_rfa_gen": "0", "w2_pfrac_lines": 0, "w4_retx_max": 4896, "w5_rack_fa": "921/4935", "gates_cli_quantile_clocks": 1, "gates_srv_quantile_clocks": 1, "gates_cli_rack_clocks": 0, "gates_srv_rack_clocks": 0, "gates_cli_derived_sweep": 0, "gates_srv_derived_sweep": 0, "gates_cli_delta_cap": 1, "gates_srv_delta_cap": 1, "gates_cli_sum_cap": 1, "gates_srv_sum_cap": 1, "gates_cli_composed_cap": 0, "gates_srv_composed_cap": 0, "gates_cli_three_term": 0, "gates_srv_three_term": 0, "gates_cli_loss_sent_truth": 0, "gates_srv_loss_sent_truth": 0, "gates_cli_gen": null, "gates_srv_gen": null, "gates_cli_diag": 1, "gates_srv_diag": 1, "gates_cli_ackdiag": 1, "gates_srv_ackdiag": 1, "gates_cli_walldiag": 1, "gates_srv_walldiag": 1, "gates_cli_fdiag": 1, "gates_srv_fdiag": 1, "gates_cli_recov_mp": 1, "gates_srv_recov_mp": 1, "gates_cli_cc_pace": 0, "gates_srv_cc_pace": 0, "gates_cli_rack_reo_mult": 1, "gates_srv_rack_reo_mult": 1, "gates_lines_cli": 1, "gates_lines_srv": 1, "gate_quantile_cli": "1", "gate_quantile_srv": "1", "gate_alpha_cli": "0.009", "gate_alpha_srv": "0.009", "gate_gen_cli": 384, "gate_gen_srv": 384, "qalpha_lines_cli": 2, "qalpha_site_cli": "sender", "qalpha_quantile_cli": 1, "qalpha_contract_cli": 0.001, "qalpha_override_cli": 0.009, "qalpha_cli": 0.009, "qalpha_k_cli": 10.4934, "qalpha_lines_srv": 2, "qalpha_site_srv": "sender", "qalpha_quantile_srv": 1, "qalpha_contract_srv": 0.001, "qalpha_override_srv": 0.009, "qalpha_srv": 0.009, "qalpha_k_srv": 10.4934, "qclk_cli_lines": 1, "qclk_cli_site": "sender", "qclk_cli_alpha": 0.009, "qclk_cli_k": 10.4934, "qclk_cli_w_us_mean": 82963.0, "qclk_cli_srtt_us_mean": 63949.8, "qclk_cli_on": 1, "qclk_cli_evals": 169724, "qclk_cli_kept": 2648, "qclk_cli_w_us_p05": 43180, "qclk_cli_w_us_p50": 76098, "qclk_cli_w_us_p95": 138740, "qclk_cli_w_us_min": 18951, "qclk_cli_w_us_max": 517194, "qclk_cli_law_n": 169524, "qclk_cli_sigma_us_mean": 1812.0, "qclk_cli_sigma_n": 169524, "qclk_srv_lines": 9, "qclk_srv_site": "receiver", "qclk_srv_alpha": 0.009, "qclk_srv_k": 10.4934, "qclk_srv_w_us_mean": 375508.9, "qclk_srv_srtt_us_mean": 60280.8, "qclk_srv_on": 1, "qclk_srv_evals": 158958, "qclk_srv_kept": 2457, "qclk_srv_w_us_p05": 303610, "qclk_srv_w_us_p50": 379363, "qclk_srv_w_us_p95": 453836, "qclk_srv_w_us_min": 44067, "qclk_srv_w_us_max": 475648, "qclk_srv_law_n": 157234, "qclk_srv_sigma_us_mean": 30040.7, "qclk_srv_sigma_n": 157234, "rack_lines_cli": 2, "rack_on_cli": 0, "rack_evals_cli": 0, "rack_ceil_cli": 0.0, "rack_gran_cli": 0.0, "rack_legacy_pin_cli": 0.0, "rack_round_cli": 0.0, "rack_legacy_cli": 0.0, "rack_mult_cli": 1, "rack_fa_n_cli": 921, "rack_fa_d_cli": 4935, "rack_fa_frac_cli": 0.1866, "rack_fa_class_cli": 0.0625, "rack_lines_srv": 0, "rack_on_srv": null, "rack_evals_srv": null, "rack_ceil_srv": null, "rack_gran_srv": null, "rack_legacy_pin_srv": null, "rack_round_srv": null, "rack_legacy_srv": null, "rack_mult_srv": null, "rack_fa_n_srv": null, "rack_fa_d_srv": null, "rack_fa_frac_srv": null, "rack_fa_class_srv": null, "rack_fired": 4935, "rack_spurious": 921, "rack_fa_frac": 0.1866, "rack_fa_class": 0.0625, "rack_round_us": 0.0, "rack_legacy_us": 0.0, "rack_evals": 0, "rack_legacy_pin": 0.0, "rfa_lines": 9, "rfa_gen": 0, "rfa_fires": 86924, "rfa_false": 1687, "rfa_fill_coded": 1033, "rfa_fill_src": 84204, "rfa_dup_src": 739, "rfa_preempt_src": 948, "rfa_src_n": 158214, "rfa_rep_n": 1525, "rfa_false_frac": 0.0194, "rfa_nu_recv": 0.54941, "rfa_fa_class": 0.0625, "rfa_bracket_lo": 0.0194, "rfa_bracket_hi": 0.620221, "sf_ticks": 1508, "sf_E": 0.9874, "sf_short": 0.0232, "sf_zero": 0.002, "capboot_n": 35, "capboot_frac": 0.0, "ping_n": 189, "ping_p50": 36.5, "ping_p95": 81.6, "ping_p99": 98.5, "ping_tx": 194, "ping_rx": 189, "ping_loss": 2.58, "ping_censor_frac": 0.0258, "legs_probed": 1, "leg0_n": 189, "leg0_sent": 194, "leg0_recv": 189, "leg0_sent_source": "summary", "leg0_censor_frac": 0.0258, "leg0_censor_pct": 2.58, "leg0_recv_mismatch": false, "leg0_leg_unscoreable": false, "leg0_min": 10.3, "leg0_max": 107.0, "leg0_p50": 36.5, "leg0_p50_censored": false, "leg0_p50_scoreable": true, "leg0_p95": 81.6, "leg0_p95_censored": false, "leg0_p95_scoreable": true, "leg0_p99": 102.0, "leg0_p99_censored": true, "leg0_p99_scoreable": false, "legs_censor_max": 0.0258, "wait_tun": 97, "wait_paused": 0, "wait_pace": 0, "wait_gen": 0, "wait_nack": 2, "wait_defc": 0, "wait_tail": 0, "wait_flush": 0, "wait_lines": 35, "deadwall": false, "sig_us_p50": 1425.0, "sig_us_n": 86048, "sig_us_path": 1, "sig_paths": 2, "pl_n": 70, "pl_max": 0.0312, "pl_min": 0.0162, "pl_p0": 0.0162, "pl_p1": 0.0312, "dgq_hand": 173939, "dgq_full": 0, "dgq_err": 0, "dgq_gap": 23, "tc_bytes": 222498952, "tc_pkts": 179199, "tc_drop": 987, "tc_s": 12}
LIVENESS c7-Q009 rep=1 RWM_QUANTILE_CLOCKS=RWM_QUANTILE_CLOCKS=1/RWM_QUANTILE_CLOCKS=1(exp1) RWM_ALPHA_OVERRIDE=RWM_ALPHA_OVERRIDE=0.009/RWM_ALPHA_OVERRIDE=0.009(exp0.009) RWM_DELTA_CAP=RWM_DELTA_CAP=1/RWM_DELTA_CAP=1(exp1) RWM_SUM_CAP=RWM_SUM_CAP=1/RWM_SUM_CAP=1(exp1) RWM_RACK_CLOCKS=RWM_RACK_CLOCKS=0/RWM_RACK_CLOCKS=0(exp0) RWM_DERIVED_SWEEP=RWM_DERIVED_SWEEP=0/RWM_DERIVED_SWEEP=0(exp0) RWM_COMPOSED_CAP=RWM_COMPOSED_CAP=0/RWM_COMPOSED_CAP=0(exp0) RWM_THREE_TERM=RWM_THREE_TERM=0/RWM_THREE_TERM=0(exp0) RWM_STORE_CAP_UNIFIED=RWM_STORE_CAP_UNIFIED=0/RWM_STORE_CAP_UNIFIED=0(exp0) RWM_LATE_BRAKE=RWM_LATE_BRAKE=0/RWM_LATE_BRAKE=0(exp0) RWM_CHARGE_RECOVERY=RWM_CHARGE_RECOVERY=0/RWM_CHARGE_RECOVERY=0(exp0) RWM_RELEASE_1TO1=RWM_RELEASE_1TO1=0/RWM_RELEASE_1TO1=0(exp0) RWM_LOSS_SENT_TRUTH=RWM_LOSS_SENT_TRUTH=0/RWM_LOSS_SENT_TRUTH=0(exp0) RWM_DIAG=RWM_DIAG=1/RWM_DIAG=1(exp1) RWM_ACKDIAG=RWM_ACKDIAG=1/RWM_ACKDIAG=1(exp1) RWM_WALLDIAG=RWM_WALLDIAG=1/RWM_WALLDIAG=1(exp1) RWM_FDIAG=RWM_FDIAG=1/RWM_FDIAG=1(exp1)
QALPHALINE c7-Q009 rep=1 site=cli [QALPHA] site=sender quantile=1 contract_alpha=1.000000e-3 override=9.000000e-3 alpha=9.000000e-3 k=10.4934 fa_class=0.0625
QALPHALINE c7-Q009 rep=1 site=srv [QALPHA] site=receiver quantile=1 contract_alpha=1.000000e-5 override=9.000000e-3 alpha=9.000000e-3 k=10.4934 fa_class=0.0625
QCLKLINE c7-Q009 rep=1 site=cli [QCLK] site=sender on=1 alpha=9.000000e-3 k=10.4934 evals=169724 law_n=169524 kept=2648 w_us_mean=82963.0 w_us_p05=43180 w_us_p50=76098 w_us_p95=138740 w_us_min=18951 w_us_max=517194 srtt_us_mean=63949.8 sigma_us_mean=1812.0/n169524 fa_class=0.0625
QCLKLINE c7-Q009 rep=1 site=srv [QCLK] site=receiver on=1 alpha=9.000000e-3 k=10.4934 evals=16787 law_n=15063 kept=3766 w_us_mean=262765.4 w_us_p05=44067 w_us_p50=303610 w_us_p95=305164 w_us_min=44067 w_us_max=305164 srtt_us_mean=43990.4 sigma_us_mean=20848.9/n15063 fa_class=0.0625
QCLKLINE c7-Q009 rep=1 site=srv [QCLK] site=receiver on=1 alpha=9.000000e-3 k=10.4934 evals=35506 law_n=33782 kept=2112 w_us_mean=288372.5 w_us_p05=119214 w_us_p50=306099 w_us_p95=314000 w_us_min=44067 w_us_max=314000 srtt_us_mean=46530.9 sigma_us_mean=23047.1/n33782 fa_class=0.0625
QCLKLINE c7-Q009 rep=1 site=srv [QCLK] site=receiver on=1 alpha=9.000000e-3 k=10.4934 evals=54530 law_n=52806 kept=3301 w_us_mean=342108.3 w_us_p05=119315 w_us_p50=308081 w_us_p95=475648 w_us_min=44067 w_us_max=475648 srtt_us_mean=56184.7 sigma_us_mean=27248.0/n52806 fa_class=0.0625
QCLKLINE c7-Q009 rep=1 site=srv [QCLK] site=receiver on=1 alpha=9.000000e-3 k=10.4934 evals=73530 law_n=71806 kept=2244 w_us_mean=361359.7 w_us_p05=303610 w_us_p50=410830 w_us_p95=475648 w_us_min=44067 w_us_max=475648 srtt_us_mean=62208.7 sigma_us_mean=28508.6/n71806 fa_class=0.0625
QCLKLINE c7-Q009 rep=1 site=srv [QCLK] site=receiver on=1 alpha=9.000000e-3 k=10.4934 evals=90966 law_n=89242 kept=2789 w_us_mean=373285.7 w_us_p05=303610 w_us_p50=410830 w_us_p95=475648 w_us_min=44067 w_us_max=475648 srtt_us_mean=65895.0 sigma_us_mean=29293.8/n89242 fa_class=0.0625
QCLKLINE c7-Q009 rep=1 site=srv [QCLK] site=receiver on=1 alpha=9.000000e-3 k=10.4934 evals=106798 law_n=105074 kept=3284 w_us_mean=376443.4 w_us_p05=303610 w_us_p50=405223 w_us_p95=475648 w_us_min=44067 w_us_max=475648 srtt_us_mean=66321.9 sigma_us_mean=29554.0/n105074 fa_class=0.0625
QCLKLINE c7-Q009 rep=1 site=srv [QCLK] site=receiver on=1 alpha=9.000000e-3 k=10.4934 evals=124103 law_n=122379 kept=3825 w_us_mean=376984.4 w_us_p05=303610 w_us_p50=394012 w_us_p95=453836 w_us_min=44067 w_us_max=475648 srtt_us_mean=64686.1 sigma_us_mean=29761.5/n122379 fa_class=0.0625
QCLKLINE c7-Q009 rep=1 site=srv [QCLK] site=receiver on=1 alpha=9.000000e-3 k=10.4934 evals=141754 law_n=140030 kept=2188 w_us_mean=376333.1 w_us_p05=303610 w_us_p50=385132 w_us_p95=453836 w_us_min=44067 w_us_max=475648 srtt_us_mean=62368.9 sigma_us_mean=29920.2/n140030 fa_class=0.0625
QCLKLINE c7-Q009 rep=1 site=srv [QCLK] site=receiver on=1 alpha=9.000000e-3 k=10.4934 evals=158958 law_n=157234 kept=2457 w_us_mean=375508.9 w_us_p05=303610 w_us_p50=379363 w_us_p95=453836 w_us_min=44067 w_us_max=475648 srtt_us_mean=60280.8 sigma_us_mean=30040.7/n157234 fa_class=0.0625
RACKLINE c7-Q009 rep=1 site=cli [RACK] on=0 evals=0 ceil=0.0000 gran=0.0000 legacy_pin=0.0000 round=0.0 legacy=0.0 mult=1 fa=28/28 fa_frac=1.0000 fa_class=0.0625
RACKLINE c7-Q009 rep=1 site=cli [RACK] on=0 evals=0 ceil=0.0000 gran=0.0000 legacy_pin=0.0000 round=0.0 legacy=0.0 mult=1 fa=921/4935 fa_frac=0.1866 fa_class=0.0625
RFALINE c7-Q009 rep=1 site=cli [RFA] gen=0 fires=7 false=7 false_frac=1.0000 fill_coded=0 fill_src=0 dup_src=7 preempt_src=0 src_n=8 rep_n=6 nu_recv=0.87500 fa_class=0.0625
RFALINE c7-Q009 rep=1 site=cli [RFA] gen=0 fires=11 false=11 false_frac=1.0000 fill_coded=0 fill_src=0 dup_src=11 preempt_src=0 src_n=12 rep_n=10 nu_recv=0.91667 fa_class=0.0625
RFALINE c7-Q009 rep=1 site=cli [RFA] gen=0 fires=13 false=13 false_frac=1.0000 fill_coded=0 fill_src=0 dup_src=13 preempt_src=0 src_n=14 rep_n=14 nu_recv=0.92857 fa_class=0.0625
RFALINE c7-Q009 rep=1 site=cli [RFA] gen=0 fires=17 false=17 false_frac=1.0000 fill_coded=0 fill_src=0 dup_src=17 preempt_src=0 src_n=18 rep_n=16 nu_recv=0.94444 fa_class=0.0625
RFALINE c7-Q009 rep=1 site=cli [RFA] gen=0 fires=20 false=20 false_frac=1.0000 fill_coded=0 fill_src=0 dup_src=20 preempt_src=0 src_n=21 rep_n=19 nu_recv=0.95238 fa_class=0.0625
RFALINE c7-Q009 rep=1 site=cli [RFA] gen=0 fires=23 false=23 false_frac=1.0000 fill_coded=0 fill_src=0 dup_src=23 preempt_src=0 src_n=24 rep_n=22 nu_recv=0.95833 fa_class=0.0625
RFALINE c7-Q009 rep=1 site=cli [RFA] gen=0 fires=26 false=26 false_frac=1.0000 fill_coded=0 fill_src=0 dup_src=26 preempt_src=0 src_n=27 rep_n=25 nu_recv=0.96296 fa_class=0.0625
RFALINE c7-Q009 rep=1 site=cli [RFA] gen=0 fires=28 false=28 false_frac=1.0000 fill_coded=0 fill_src=0 dup_src=28 preempt_src=0 src_n=30 rep_n=28 nu_recv=0.93333 fa_class=0.0625
RFALINE c7-Q009 rep=1 site=srv [RFA] gen=0 fires=8956 false=122 false_frac=0.0136 fill_coded=78 fill_src=8756 dup_src=59 preempt_src=63 src_n=16787 rep_n=147 nu_recv=0.53351 fa_class=0.0625
RFALINE c7-Q009 rep=1 site=srv [RFA] gen=0 fires=18854 false=252 false_frac=0.0134 fill_coded=162 fill_src=18440 dup_src=117 preempt_src=135 src_n=35371 rep_n=276 nu_recv=0.53304 fa_class=0.0625
RFALINE c7-Q009 rep=1 site=srv [RFA] gen=0 fires=28661 false=505 false_frac=0.0176 fill_coded=247 fill_src=27909 dup_src=283 preempt_src=222 src_n=54250 rep_n=412 nu_recv=0.52831 fa_class=0.0625
RFALINE c7-Q009 rep=1 site=srv [RFA] gen=0 fires=38579 false=668 false_frac=0.0173 fill_coded=347 fill_src=37564 dup_src=366 preempt_src=302 src_n=73080 rep_n=579 nu_recv=0.52790 fa_class=0.0625
RFALINE c7-Q009 rep=1 site=srv [RFA] gen=0 fires=48561 false=845 false_frac=0.0174 fill_coded=486 fill_src=47230 dup_src=408 preempt_src=437 src_n=90331 rep_n=757 nu_recv=0.53759 fa_class=0.0625
RFALINE c7-Q009 rep=1 site=srv [RFA] gen=0 fires=57506 false=1156 false_frac=0.0201 fill_coded=630 fill_src=55720 dup_src=582 preempt_src=574 src_n=106570 rep_n=1006 nu_recv=0.53961 fa_class=0.0625
RFALINE c7-Q009 rep=1 site=srv [RFA] gen=0 fires=67488 false=1289 false_frac=0.0191 fill_coded=741 fill_src=65458 dup_src=605 preempt_src=684 src_n=123746 rep_n=1128 nu_recv=0.54538 fa_class=0.0625
RFALINE c7-Q009 rep=1 site=srv [RFA] gen=0 fires=77176 false=1465 false_frac=0.0190 fill_coded=895 fill_src=74816 dup_src=636 preempt_src=829 src_n=141169 rep_n=1350 nu_recv=0.54669 fa_class=0.0625
RFALINE c7-Q009 rep=1 site=srv [RFA] gen=0 fires=86924 false=1687 false_frac=0.0194 fill_coded=1033 fill_src=84204 dup_src=739 preempt_src=948 src_n=158214 rep_n=1525 nu_recv=0.54941 fa_class=0.0625
DCAPLINE c7-Q009 rep=1 site=cli [DCAP] on=1 eng=1815/1815 chg=1815/1815 chg_frac=1.0000 pin=0.0000 floor=0.0000 cap=1571.7 ask=1571.3 q=0.100000 b=2.0000
WALLLINE c7-Q009 rep=1 site=cli [WALL] onset=0.9951 dur_ms=47.5 retx=10 total_ms=9655.8 it_ms=0.057
ALPHAWITNESS {"cell":"c7","arm":"Q009","alpha":"0.009","seed":42,"rep":1,"rc":0,"mbps":165.962,"band":[140,180],"band_applies":0,"in_band":1,"lossy":1,"qclk_law_n":169524,"rfa_lines":9,"W1_rfa_gen":"0","W2_pfrac_lines":0,"W4_retx_max":4896,"W5_rack_fa":"921/4935"}
=== rep=1 arm=c7-Q050 alpha=0.05 seed=42 env="RWM_QUANTILE_CLOCKS=1 RWM_ALPHA_OVERRIDE=0.05 RWM_DELTA_CAP=1 RWM_SUM_CAP=1 RWM_RACK_CLOCKS=0 RWM_DERIVED_SWEEP=0 RWM_COMPOSED_CAP=0 RWM_THREE_TERM=0 RWM_STORE_CAP_UNIFIED=0 RWM_LATE_BRAKE=0 RWM_CHARGE_RECOVERY=0 RWM_RELEASE_1TO1=0 RWM_LOSS_SENT_TRUTH=0" cell=c2/c2/dual bytes=200000000 17:23:36
[2m2026-08-20T17:23:37.615579Z[0m [32m INFO[0m [2mraptorpath::gates[0m[2m:[0m [GATES] RWM_UNIFIED=1 RWM_UNIFIED_SHED=1 RWM_TAPER_R=1 RWM_ASTAR_ANCHOR=1 RWM_MSTAR_ANCHOR=1 RWM_PLAIN_RS=0 RWM_HONEST_ANCHOR=1 RWM_HONEST_K=0 RWM_STORE_SACK_RELEASE=1 RWM_STORE_PATHS=1 RWM_STORE_PATH_POOL=2048 RWM_STORE=unset RWM_STORE_GAIN=2 RWM_STORE_BOOT=128 RWM_STORE_CAPW=0 RWM_STORE_CAP_UNIFIED=0 RWM_THREE_TERM=0 RWM_COMPOSED_CAP=0 RWM_SUM_CAP=1 RWM_LATE_BRAKE=0 RWM_DELTA_CAP=1 RWM_STORE_PERCAP=0 RWM_PERCAP_GUARD=1 RWM_STORE_BORROW=0 RWM_HONEST_CAP=1 RWM_POOL_ANCHOR=0 RWM_POOL_DELIV=0 RWM_FLOOR_BOUND=0 RWM_ACK_MERGE=1 RWM_LOSS_SENT_TRUTH=0 RWM_RELEASE_1TO1=0 RWM_CHARGE_RECOVERY=0 RWM_PATIENCE_DERIVED=0 RWM_SIDLE_DERIVED=0 RWM_WIN_DECOUPLE=0 RWM_PLACE_SLACK=0 RWM_COLD_PLACE=0 RWM_GEN=384 RWM_PIPELINE=2 RWM_GEN_PIPE=1 RWM_GEN_R=unset RWM_GEN_RATE=9000 RWM_GEN_RATE_FLOOR=2000 RWM_GEN_INFLIGHT=unset RWM_OOO_RETAIN=0/16 RWM_WINDOW=unset RWM_REPORT_GENS=unset RWM_REPAIR_WAIT=unset RWM_CODED_SRC=0 RWM_NO_REACTIVE=0 RWM_XPATH_REPAIR=0 RWM_PROACTIVE_PACER=0 RWM_REASM_BDP=0 RWM_MIN_R=0 RWM_CC_PACE=0 RWM_CC_PACE_HR=1.1 RWM_REACT_CAP=unset RWM_INFL_CAP=0 RWM_INFL_BDP=unset RWM_COPA_FEED=0 RWM_RS_ATTR=1 RWM_EMIT_BATCH=0 RWM_EMIT_BURST=64 RWM_RECOV_MP=1 RWM_RECOV_MP_LAW=1 RWM_RECOV_MP_LIVE=0 RWM_RECOV_SP=0 RWM_DERIVED_SWEEP=0 RWM_RACK_CLOCKS=0 RWM_RACK_REO_MULT=1 RWM_QUANTILE_CLOCKS=1 RWM_ALPHA_OVERRIDE=0.05 RWM_DIAG=1 RWM_ACKDIAG=1 RWM_ACKDIAG_WINDOW_US=2000000 RWM_WALLDIAG=1 RWM_CPUPROF=0 RWM_RDIAG=0 RWM_FDIAG=1 RWM_TRACE=0 RWM_PFRAC=0
{"bytes":200000000,"dnf":0,"hint":"bulk","max_s":9.6522,"mean_mbps":165.766,"mean_s":9.6522,"median_s":9.6522,"min_s":9.6522,"proto":"rp-native","runs":1,"stdev_s":0.0,"summary":true}
    LATPROBE-LEG leg=0 file=/tmp/rwm-ping-0.txt sent=193 recv=189 censor=2.07% p50=43.9[censor=2.07% ok] p95=87.5[censor=2.07% ok] p99=104.0[censor=2.07% UNSCOREABLE(inside censored tail)]
    LATPROBE-LEG leg=1 file=/tmp/rwm-ping-1.txt sent=193 recv=192 censor=0.52% p50=41.2[censor=0.52% ok] p95=86.7[censor=0.52% ok] p99=113.0[censor=0.52% ok]
    LATPROBE: 2 leg(s) /tmp/rwm-ping-0.txt=189 /tmp/rwm-ping-1.txt=192 replies
    CPU: CPUSRV=12.85s CPUCLI=14.07s (srv=decoder cli=sender; whole-invocation incl warmup)
    QDISC cli0: qdisc netem a2b5: root refcnt 7 limit 1000 delay 5ms  3ms loss gemodel p 1.3% r 50% 1-h 100% 1-k 0% rate 100Mbit seed 42  Sent 109455614 bytes 88234 pkt (dropped 503, overlimits 0 requeues 0)   backlog 0b 0p requeues 0 
    QDISC cli1: qdisc netem a2b6: root refcnt 7 limit 1000 delay 5ms  3ms loss gemodel p 1.3% r 50% 1-h 100% 1-k 0% rate 100Mbit seed 1042  Sent 112946562 bytes 91210 pkt (dropped 472, overlimits 0 requeues 0)   backlog 0b 0p requeues 0 
    QDISC srv0: qdisc netem a2b7: root refcnt 7 limit 1000 delay 5ms  3ms rate 100Mbit seed 10529649992854802865  Sent 11587843 bytes 46179 pkt (dropped 0, overlimits 0 requeues 0)   backlog 0b 0p requeues 0 
    QDISC srv1: qdisc netem a2b8: root refcnt 7 limit 1000 delay 5ms  3ms rate 100Mbit seed 14625530489367580129  Sent 12469381 bytes 47732 pkt (dropped 0, overlimits 0 requeues 0)   backlog 0b 0p requeues 0 
    QCAP: /tmp/rwm-q.txt 18 lines
RUNTIME c7-Q050 rep=1 11s rc=0
ALPHARESULT {"cell": "c7", "arm": "Q050", "alpha_cmd": 0.05, "seed": 42, "rep": 1, "n_paths": 2, "dnf": false, "dnf_count": 0, "mbps": 165.766, "mean_mbps": 165.766, "seconds": 9.6522, "n_runs": 1, "cpusrv": 12.85, "cpucli": 14.07, "khr_med": 1.0, "kraw_med": null, "khr_n": 69, "kraw_n": 0, "rtp_med": 9, "occ_p50": 784, "occcap_p50": 1687, "q_p50": 39, "q_p99": 111, "diag_lines": 38, "retx": 4725, "w1_rfa_gen": "0", "w2_pfrac_lines": 0, "w4_retx_max": 4725, "w5_rack_fa": "722/4814", "gates_cli_quantile_clocks": 1, "gates_srv_quantile_clocks": 1, "gates_cli_rack_clocks": 0, "gates_srv_rack_clocks": 0, "gates_cli_derived_sweep": 0, "gates_srv_derived_sweep": 0, "gates_cli_delta_cap": 1, "gates_srv_delta_cap": 1, "gates_cli_sum_cap": 1, "gates_srv_sum_cap": 1, "gates_cli_composed_cap": 0, "gates_srv_composed_cap": 0, "gates_cli_three_term": 0, "gates_srv_three_term": 0, "gates_cli_loss_sent_truth": 0, "gates_srv_loss_sent_truth": 0, "gates_cli_gen": null, "gates_srv_gen": null, "gates_cli_diag": 1, "gates_srv_diag": 1, "gates_cli_ackdiag": 1, "gates_srv_ackdiag": 1, "gates_cli_walldiag": 1, "gates_srv_walldiag": 1, "gates_cli_fdiag": 1, "gates_srv_fdiag": 1, "gates_cli_recov_mp": 1, "gates_srv_recov_mp": 1, "gates_cli_cc_pace": 0, "gates_srv_cc_pace": 0, "gates_cli_rack_reo_mult": 1, "gates_srv_rack_reo_mult": 1, "gates_lines_cli": 1, "gates_lines_srv": 1, "gate_quantile_cli": "1", "gate_quantile_srv": "1", "gate_alpha_cli": "0.05", "gate_alpha_srv": "0.05", "gate_gen_cli": 384, "gate_gen_srv": 384, "qalpha_lines_cli": 2, "qalpha_site_cli": "sender", "qalpha_quantile_cli": 1, "qalpha_contract_cli": 0.001, "qalpha_override_cli": 0.05, "qalpha_cli": 0.05, "qalpha_k_cli": 4.3589, "qalpha_lines_srv": 2, "qalpha_site_srv": "sender", "qalpha_quantile_srv": 1, "qalpha_contract_srv": 0.001, "qalpha_override_srv": 0.05, "qalpha_srv": 0.05, "qalpha_k_srv": 4.3589, "qclk_cli_lines": 1, "qclk_cli_site": "sender", "qclk_cli_alpha": 0.05, "qclk_cli_k": 4.3589, "qclk_cli_w_us_mean": 76273.7, "qclk_cli_srtt_us_mean": 66456.3, "qclk_cli_on": 1, "qclk_cli_evals": 169763, "qclk_cli_kept": 2650, "qclk_cli_w_us_p05": 44571, "qclk_cli_w_us_p50": 72562, "qclk_cli_w_us_p95": 118320, "qclk_cli_w_us_min": 12072, "qclk_cli_w_us_max": 337247, "qclk_cli_law_n": 169574, "qclk_cli_sigma_us_mean": 2252.4, "qclk_cli_sigma_n": 169574, "qclk_srv_lines": 9, "qclk_srv_site": "receiver", "qclk_srv_alpha": 0.05, "qclk_srv_k": 4.3589, "qclk_srv_w_us_mean": 240833.9, "qclk_srv_srtt_us_mean": 58913.5, "qclk_srv_on": 1, "qclk_srv_evals": 159529, "qclk_srv_kept": 2459, "qclk_srv_w_us_p05": 149848, "qclk_srv_w_us_p50": 256638, "qclk_srv_w_us_p95": 284870, "qclk_srv_w_us_min": 129454, "qclk_srv_w_us_max": 290998, "qclk_srv_law_n": 157400, "qclk_srv_sigma_us_mean": 41735.6, "qclk_srv_sigma_n": 157400, "rack_lines_cli": 2, "rack_on_cli": 0, "rack_evals_cli": 0, "rack_ceil_cli": 0.0, "rack_gran_cli": 0.0, "rack_legacy_pin_cli": 0.0, "rack_round_cli": 0.0, "rack_legacy_cli": 0.0, "rack_mult_cli": 1, "rack_fa_n_cli": 722, "rack_fa_d_cli": 4814, "rack_fa_frac_cli": 0.15, "rack_fa_class_cli": 0.0625, "rack_lines_srv": 0, "rack_on_srv": null, "rack_evals_srv": null, "rack_ceil_srv": null, "rack_gran_srv": null, "rack_legacy_pin_srv": null, "rack_round_srv": null, "rack_legacy_srv": null, "rack_mult_srv": null, "rack_fa_n_srv": null, "rack_fa_d_srv": null, "rack_fa_frac_srv": null, "rack_fa_class_srv": null, "rack_fired": 4814, "rack_spurious": 722, "rack_fa_frac": 0.15, "rack_fa_class": 0.0625, "rack_round_us": 0.0, "rack_legacy_us": 0.0, "rack_evals": 0, "rack_legacy_pin": 0.0, "rfa_lines": 9, "rfa_gen": 0, "rfa_fires": 87446, "rfa_false": 1543, "rfa_fill_coded": 922, "rfa_fill_src": 84981, "rfa_dup_src": 679, "rfa_preempt_src": 864, "rfa_src_n": 158529, "rfa_rep_n": 1563, "rfa_false_frac": 0.0176, "rfa_nu_recv": 0.55161, "rfa_fa_class": 0.0625, "rfa_bracket_lo": 0.0176, "rfa_bracket_hi": 0.625963, "sf_ticks": 1500, "sf_E": 0.9827, "sf_short": 0.0333, "sf_zero": 0.0013, "capboot_n": 35, "capboot_frac": 0.0, "ping_n": 189, "ping_p50": 43.9, "ping_p95": 87.5, "ping_p99": 103.0, "ping_tx": 193, "ping_rx": 189, "ping_loss": 2.07, "ping_censor_frac": 0.0207, "legs_probed": 1, "leg0_n": 189, "leg0_sent": 193, "leg0_recv": 189, "leg0_sent_source": "summary", "leg0_censor_frac": 0.0207, "leg0_censor_pct": 2.07, "leg0_recv_mismatch": false, "leg0_leg_unscoreable": false, "leg0_min": 5.57, "leg0_max": 127.0, "leg0_p50": 43.9, "leg0_p50_censored": false, "leg0_p50_scoreable": true, "leg0_p95": 87.5, "leg0_p95_censored": false, "leg0_p95_scoreable": true, "leg0_p99": 104.0, "leg0_p99_censored": true, "leg0_p99_scoreable": false, "legs_censor_max": 0.0207, "wait_tun": 97, "wait_paused": 0, "wait_pace": 0, "wait_gen": 0, "wait_nack": 3, "wait_defc": 0, "wait_tail": 0, "wait_flush": 0, "wait_lines": 35, "deadwall": false, "sig_us_p50": 334.0, "sig_us_n": 85911, "sig_us_path": 1, "sig_paths": 2, "pl_n": 69, "pl_max": 0.0607, "pl_min": 0.0388, "pl_p0": 0.0607, "pl_p1": 0.0388, "dgq_hand": 174751, "dgq_full": 0, "dgq_err": 0, "dgq_gap": 1, "tc_bytes": 222402276, "tc_pkts": 179445, "tc_drop": 975, "tc_s": 11}
LIVENESS c7-Q050 rep=1 RWM_QUANTILE_CLOCKS=RWM_QUANTILE_CLOCKS=1/RWM_QUANTILE_CLOCKS=1(exp1) RWM_ALPHA_OVERRIDE=RWM_ALPHA_OVERRIDE=0.05/RWM_ALPHA_OVERRIDE=0.05(exp0.05) RWM_DELTA_CAP=RWM_DELTA_CAP=1/RWM_DELTA_CAP=1(exp1) RWM_SUM_CAP=RWM_SUM_CAP=1/RWM_SUM_CAP=1(exp1) RWM_RACK_CLOCKS=RWM_RACK_CLOCKS=0/RWM_RACK_CLOCKS=0(exp0) RWM_DERIVED_SWEEP=RWM_DERIVED_SWEEP=0/RWM_DERIVED_SWEEP=0(exp0) RWM_COMPOSED_CAP=RWM_COMPOSED_CAP=0/RWM_COMPOSED_CAP=0(exp0) RWM_THREE_TERM=RWM_THREE_TERM=0/RWM_THREE_TERM=0(exp0) RWM_STORE_CAP_UNIFIED=RWM_STORE_CAP_UNIFIED=0/RWM_STORE_CAP_UNIFIED=0(exp0) RWM_LATE_BRAKE=RWM_LATE_BRAKE=0/RWM_LATE_BRAKE=0(exp0) RWM_CHARGE_RECOVERY=RWM_CHARGE_RECOVERY=0/RWM_CHARGE_RECOVERY=0(exp0) RWM_RELEASE_1TO1=RWM_RELEASE_1TO1=0/RWM_RELEASE_1TO1=0(exp0) RWM_LOSS_SENT_TRUTH=RWM_LOSS_SENT_TRUTH=0/RWM_LOSS_SENT_TRUTH=0(exp0) RWM_DIAG=RWM_DIAG=1/RWM_DIAG=1(exp1) RWM_ACKDIAG=RWM_ACKDIAG=1/RWM_ACKDIAG=1(exp1) RWM_WALLDIAG=RWM_WALLDIAG=1/RWM_WALLDIAG=1(exp1) RWM_FDIAG=RWM_FDIAG=1/RWM_FDIAG=1(exp1)
QALPHALINE c7-Q050 rep=1 site=cli [QALPHA] site=sender quantile=1 contract_alpha=1.000000e-3 override=5.000000e-2 alpha=5.000000e-2 k=4.3589 fa_class=0.0625
QALPHALINE c7-Q050 rep=1 site=srv [QALPHA] site=receiver quantile=1 contract_alpha=1.000000e-5 override=5.000000e-2 alpha=5.000000e-2 k=4.3589 fa_class=0.0625
QCLKLINE c7-Q050 rep=1 site=cli [QCLK] site=sender on=1 alpha=5.000000e-2 k=4.3589 evals=169763 law_n=169574 kept=2650 w_us_mean=76273.7 w_us_p05=44571 w_us_p50=72562 w_us_p95=118320 w_us_min=12072 w_us_max=337247 srtt_us_mean=66456.3 sigma_us_mean=2252.4/n169574 fa_class=0.0625
QCLKLINE c7-Q050 rep=1 site=srv [QCLK] site=receiver on=1 alpha=5.000000e-2 k=4.3589 evals=17792 law_n=15663 kept=3915 w_us_mean=150506.4 w_us_p05=145867 w_us_p50=149848 w_us_p95=163728 w_us_min=129454 w_us_max=163728 srtt_us_mean=50022.3 sigma_us_mean=23052.7/n15663 fa_class=0.0625
QCLKLINE c7-Q050 rep=1 site=srv [QCLK] site=receiver on=1 alpha=5.000000e-2 k=4.3589 evals=36646 law_n=34517 kept=2157 w_us_mean=196828.8 w_us_p05=145867 w_us_p50=175878 w_us_p95=259800 w_us_min=129454 w_us_max=259800 srtt_us_mean=57682.3 sigma_us_mean=31922.5/n34517 fa_class=0.0625
QCLKLINE c7-Q050 rep=1 site=srv [QCLK] site=receiver on=1 alpha=5.000000e-2 k=4.3589 evals=55806 law_n=53677 kept=3354 w_us_mean=218526.8 w_us_p05=145867 w_us_p50=251586 w_us_p95=259800 w_us_min=129454 w_us_max=285720 srtt_us_mean=60700.1 sigma_us_mean=36208.0/n53677 fa_class=0.0625
QCLKLINE c7-Q050 rep=1 site=srv [QCLK] site=receiver on=1 alpha=5.000000e-2 k=4.3589 evals=73833 law_n=71704 kept=2241 w_us_mean=232790.2 w_us_p05=147529 w_us_p50=253523 w_us_p95=285720 w_us_min=129454 w_us_max=285720 srtt_us_mean=59693.8 sigma_us_mean=39711.2/n71704 fa_class=0.0625
QCLKLINE c7-Q050 rep=1 site=srv [QCLK] site=receiver on=1 alpha=5.000000e-2 k=4.3589 evals=89799 law_n=87670 kept=2740 w_us_mean=239966.8 w_us_p05=147529 w_us_p50=256638 w_us_p95=279379 w_us_min=129454 w_us_max=285720 srtt_us_mean=58590.3 sigma_us_mean=41610.8/n87670 fa_class=0.0625
QCLKLINE c7-Q050 rep=1 site=srv [QCLK] site=receiver on=1 alpha=5.000000e-2 k=4.3589 evals=106916 law_n=104787 kept=3275 w_us_mean=245429.5 w_us_p05=147529 w_us_p50=268926 w_us_p95=281068 w_us_min=129454 w_us_max=285720 srtt_us_mean=57978.6 sigma_us_mean=43004.3/n104787 fa_class=0.0625
QCLKLINE c7-Q050 rep=1 site=srv [QCLK] site=receiver on=1 alpha=5.000000e-2 k=4.3589 evals=124026 law_n=121897 kept=3809 w_us_mean=250263.6 w_us_p05=149848 w_us_p50=268926 w_us_p95=285720 w_us_min=129454 w_us_max=290998 srtt_us_mean=58448.2 sigma_us_mean=44005.6/n121897 fa_class=0.0625
QCLKLINE c7-Q050 rep=1 site=srv [QCLK] site=receiver on=1 alpha=5.000000e-2 k=4.3589 evals=141962 law_n=139833 kept=2185 w_us_mean=245970.7 w_us_p05=149848 w_us_p50=259800 w_us_p95=284870 w_us_min=129454 w_us_max=290998 srtt_us_mean=58758.6 sigma_us_mean=42949.6/n139833 fa_class=0.0625
QCLKLINE c7-Q050 rep=1 site=srv [QCLK] site=receiver on=1 alpha=5.000000e-2 k=4.3589 evals=159529 law_n=157400 kept=2459 w_us_mean=240833.9 w_us_p05=149848 w_us_p50=256638 w_us_p95=284870 w_us_min=129454 w_us_max=290998 srtt_us_mean=58913.5 sigma_us_mean=41735.6/n157400 fa_class=0.0625
RACKLINE c7-Q050 rep=1 site=cli [RACK] on=0 evals=0 ceil=0.0000 gran=0.0000 legacy_pin=0.0000 round=0.0 legacy=0.0 mult=1 fa=42/42 fa_frac=1.0000 fa_class=0.0625
RACKLINE c7-Q050 rep=1 site=cli [RACK] on=0 evals=0 ceil=0.0000 gran=0.0000 legacy_pin=0.0000 round=0.0 legacy=0.0 mult=1 fa=722/4814 fa_frac=0.1500 fa_class=0.0625
RFALINE c7-Q050 rep=1 site=cli [RFA] gen=0 fires=7 false=7 false_frac=1.0000 fill_coded=0 fill_src=0 dup_src=7 preempt_src=0 src_n=8 rep_n=8 nu_recv=0.87500 fa_class=0.0625
RFALINE c7-Q050 rep=1 site=cli [RFA] gen=0 fires=13 false=13 false_frac=1.0000 fill_coded=0 fill_src=0 dup_src=13 preempt_src=0 src_n=14 rep_n=12 nu_recv=0.92857 fa_class=0.0625
RFALINE c7-Q050 rep=1 site=cli [RFA] gen=0 fires=17 false=17 false_frac=1.0000 fill_coded=0 fill_src=0 dup_src=17 preempt_src=0 src_n=18 rep_n=16 nu_recv=0.94444 fa_class=0.0625
RFALINE c7-Q050 rep=1 site=cli [RFA] gen=0 fires=21 false=21 false_frac=1.0000 fill_coded=0 fill_src=0 dup_src=21 preempt_src=0 src_n=22 rep_n=20 nu_recv=0.95455 fa_class=0.0625
RFALINE c7-Q050 rep=1 site=cli [RFA] gen=0 fires=25 false=25 false_frac=1.0000 fill_coded=0 fill_src=0 dup_src=25 preempt_src=0 src_n=26 rep_n=24 nu_recv=0.96154 fa_class=0.0625
RFALINE c7-Q050 rep=1 site=cli [RFA] gen=0 fires=29 false=29 false_frac=1.0000 fill_coded=0 fill_src=0 dup_src=29 preempt_src=0 src_n=30 rep_n=28 nu_recv=0.96667 fa_class=0.0625
RFALINE c7-Q050 rep=1 site=cli [RFA] gen=0 fires=33 false=33 false_frac=1.0000 fill_coded=0 fill_src=0 dup_src=33 preempt_src=0 src_n=34 rep_n=32 nu_recv=0.97059 fa_class=0.0625
RFALINE c7-Q050 rep=1 site=cli [RFA] gen=0 fires=38 false=38 false_frac=1.0000 fill_coded=0 fill_src=0 dup_src=38 preempt_src=0 src_n=39 rep_n=37 nu_recv=0.97436 fa_class=0.0625
RFALINE c7-Q050 rep=1 site=cli [RFA] gen=0 fires=42 false=42 false_frac=1.0000 fill_coded=0 fill_src=0 dup_src=42 preempt_src=0 src_n=44 rep_n=42 nu_recv=0.95455 fa_class=0.0625
RFALINE c7-Q050 rep=1 site=srv [RFA] gen=0 fires=9449 false=98 false_frac=0.0104 fill_coded=50 fill_src=9301 dup_src=50 preempt_src=48 src_n=17766 rep_n=118 nu_recv=0.53186 fa_class=0.0625
RFALINE c7-Q050 rep=1 site=srv [RFA] gen=0 fires=19250 false=277 false_frac=0.0144 fill_coded=161 fill_src=18812 dup_src=131 preempt_src=146 src_n=36440 rep_n=288 nu_recv=0.52827 fa_class=0.0625
RFALINE c7-Q050 rep=1 site=srv [RFA] gen=0 fires=29350 false=471 false_frac=0.0160 fill_coded=280 fill_src=28599 dup_src=217 preempt_src=254 src_n=55393 rep_n=485 nu_recv=0.52985 fa_class=0.0625
RFALINE c7-Q050 rep=1 site=srv [RFA] gen=0 fires=39065 false=744 false_frac=0.0190 fill_coded=403 fill_src=37918 dup_src=371 preempt_src=373 src_n=73199 rep_n=700 nu_recv=0.53368 fa_class=0.0625
RFALINE c7-Q050 rep=1 site=srv [RFA] gen=0 fires=48346 false=944 false_frac=0.0195 fill_coded=535 fill_src=46867 dup_src=449 preempt_src=495 src_n=89464 rep_n=874 nu_recv=0.54040 fa_class=0.0625
RFALINE c7-Q050 rep=1 site=srv [RFA] gen=0 fires=57617 false=1009 false_frac=0.0175 fill_coded=573 fill_src=56035 dup_src=479 preempt_src=530 src_n=106463 rep_n=1004 nu_recv=0.54119 fa_class=0.0625
RFALINE c7-Q050 rep=1 site=srv [RFA] gen=0 fires=67643 false=1183 false_frac=0.0175 fill_coded=681 fill_src=65779 dup_src=556 preempt_src=627 src_n=123423 rep_n=1169 nu_recv=0.54806 fa_class=0.0625
RFALINE c7-Q050 rep=1 site=srv [RFA] gen=0 fires=77209 false=1307 false_frac=0.0169 fill_coded=786 fill_src=75116 dup_src=577 preempt_src=730 src_n=141166 rep_n=1354 nu_recv=0.54694 fa_class=0.0625
RFALINE c7-Q050 rep=1 site=srv [RFA] gen=0 fires=87446 false=1543 false_frac=0.0176 fill_coded=922 fill_src=84981 dup_src=679 preempt_src=864 src_n=158529 rep_n=1563 nu_recv=0.55161 fa_class=0.0625
DCAPLINE c7-Q050 rep=1 site=cli [DCAP] on=1 eng=1800/1800 chg=1800/1800 chg_frac=1.0000 pin=0.0000 floor=0.0000 cap=1583.5 ask=1582.9 q=0.100000 b=2.0000
WALLLINE c7-Q050 rep=1 site=cli [WALL] onset=1.0000 dur_ms=0.1 retx=0 total_ms=9665.7 it_ms=0.057
ALPHAWITNESS {"cell":"c7","arm":"Q050","alpha":"0.05","seed":42,"rep":1,"rc":0,"mbps":165.766,"band":[140,180],"band_applies":0,"in_band":1,"lossy":1,"qclk_law_n":169574,"rfa_lines":9,"W1_rfa_gen":"0","W2_pfrac_lines":0,"W4_retx_max":4725,"W5_rack_fa":"722/4814"}
=== rep=1 arm=c7-Q184 alpha=0.184 seed=42 env="RWM_QUANTILE_CLOCKS=1 RWM_ALPHA_OVERRIDE=0.184 RWM_DELTA_CAP=1 RWM_SUM_CAP=1 RWM_RACK_CLOCKS=0 RWM_DERIVED_SWEEP=0 RWM_COMPOSED_CAP=0 RWM_THREE_TERM=0 RWM_STORE_CAP_UNIFIED=0 RWM_LATE_BRAKE=0 RWM_CHARGE_RECOVERY=0 RWM_RELEASE_1TO1=0 RWM_LOSS_SENT_TRUTH=0" cell=c2/c2/dual bytes=200000000 17:23:48
[2m2026-08-20T17:23:49.739077Z[0m [32m INFO[0m [2mraptorpath::gates[0m[2m:[0m [GATES] RWM_UNIFIED=1 RWM_UNIFIED_SHED=1 RWM_TAPER_R=1 RWM_ASTAR_ANCHOR=1 RWM_MSTAR_ANCHOR=1 RWM_PLAIN_RS=0 RWM_HONEST_ANCHOR=1 RWM_HONEST_K=0 RWM_STORE_SACK_RELEASE=1 RWM_STORE_PATHS=1 RWM_STORE_PATH_POOL=2048 RWM_STORE=unset RWM_STORE_GAIN=2 RWM_STORE_BOOT=128 RWM_STORE_CAPW=0 RWM_STORE_CAP_UNIFIED=0 RWM_THREE_TERM=0 RWM_COMPOSED_CAP=0 RWM_SUM_CAP=1 RWM_LATE_BRAKE=0 RWM_DELTA_CAP=1 RWM_STORE_PERCAP=0 RWM_PERCAP_GUARD=1 RWM_STORE_BORROW=0 RWM_HONEST_CAP=1 RWM_POOL_ANCHOR=0 RWM_POOL_DELIV=0 RWM_FLOOR_BOUND=0 RWM_ACK_MERGE=1 RWM_LOSS_SENT_TRUTH=0 RWM_RELEASE_1TO1=0 RWM_CHARGE_RECOVERY=0 RWM_PATIENCE_DERIVED=0 RWM_SIDLE_DERIVED=0 RWM_WIN_DECOUPLE=0 RWM_PLACE_SLACK=0 RWM_COLD_PLACE=0 RWM_GEN=384 RWM_PIPELINE=2 RWM_GEN_PIPE=1 RWM_GEN_R=unset RWM_GEN_RATE=9000 RWM_GEN_RATE_FLOOR=2000 RWM_GEN_INFLIGHT=unset RWM_OOO_RETAIN=0/16 RWM_WINDOW=unset RWM_REPORT_GENS=unset RWM_REPAIR_WAIT=unset RWM_CODED_SRC=0 RWM_NO_REACTIVE=0 RWM_XPATH_REPAIR=0 RWM_PROACTIVE_PACER=0 RWM_REASM_BDP=0 RWM_MIN_R=0 RWM_CC_PACE=0 RWM_CC_PACE_HR=1.1 RWM_REACT_CAP=unset RWM_INFL_CAP=0 RWM_INFL_BDP=unset RWM_COPA_FEED=0 RWM_RS_ATTR=1 RWM_EMIT_BATCH=0 RWM_EMIT_BURST=64 RWM_RECOV_MP=1 RWM_RECOV_MP_LAW=1 RWM_RECOV_MP_LIVE=0 RWM_RECOV_SP=0 RWM_DERIVED_SWEEP=0 RWM_RACK_CLOCKS=0 RWM_RACK_REO_MULT=1 RWM_QUANTILE_CLOCKS=1 RWM_ALPHA_OVERRIDE=0.184 RWM_DIAG=1 RWM_ACKDIAG=1 RWM_ACKDIAG_WINDOW_US=2000000 RWM_WALLDIAG=1 RWM_CPUPROF=0 RWM_RDIAG=0 RWM_FDIAG=1 RWM_TRACE=0 RWM_PFRAC=0
{"bytes":200000000,"dnf":0,"hint":"bulk","max_s":14.7329,"mean_mbps":108.601,"mean_s":14.7329,"median_s":14.7329,"min_s":14.7329,"proto":"rp-native","runs":1,"stdev_s":0.0,"summary":true}
    LATPROBE-LEG leg=0 file=/tmp/rwm-ping-0.txt sent=294 recv=290 censor=1.36% p50=11.3[censor=1.36% ok] p95=74.9[censor=1.36% ok] p99=119.0[censor=1.36% UNSCOREABLE(inside censored tail)]
    LATPROBE-LEG leg=1 file=/tmp/rwm-ping-1.txt sent=294 recv=291 censor=1.02% p50=82.2[censor=1.02% ok] p95=98.9[censor=1.02% ok] p99=145.0[censor=1.02% UNSCOREABLE(inside censored tail)]
    LATPROBE: 2 leg(s) /tmp/rwm-ping-0.txt=290 /tmp/rwm-ping-1.txt=291 replies
    CPU: CPUSRV=14.49s CPUCLI=12.86s (srv=decoder cli=sender; whole-invocation incl warmup)
    QDISC cli0: qdisc netem a2b9: root refcnt 7 limit 1000 delay 5ms  3ms loss gemodel p 1.3% r 50% 1-h 100% 1-k 0% rate 100Mbit seed 42  Sent 43759328 bytes 35394 pkt (dropped 191, overlimits 0 requeues 0)   backlog 0b 0p requeues 0 
    QDISC cli1: qdisc netem a2ba: root refcnt 7 limit 1000 delay 5ms  3ms loss gemodel p 1.3% r 50% 1-h 100% 1-k 0% rate 100Mbit seed 1042  Sent 180808394 bytes 142256 pkt (dropped 599, overlimits 0 requeues 0)   backlog 0b 0p requeues 0 
    QDISC srv0: qdisc netem a2bb: root refcnt 7 limit 1000 delay 5ms  3ms rate 100Mbit seed 5779404116692854279  Sent 4174046 bytes 18890 pkt (dropped 0, overlimits 0 requeues 0)   backlog 0b 0p requeues 0 
    QDISC srv1: qdisc netem a2bc: root refcnt 7 limit 1000 delay 5ms  3ms rate 100Mbit seed 15291371183138304862  Sent 18347700 bytes 93342 pkt (dropped 0, overlimits 0 requeues 0)   backlog 0b 0p requeues 0 
    QCAP: /tmp/rwm-q.txt 18 lines
RUNTIME c7-Q184 rep=1 17s rc=0
ALPHARESULT {"cell": "c7", "arm": "Q184", "alpha_cmd": 0.184, "seed": 42, "rep": 1, "n_paths": 2, "dnf": false, "dnf_count": 0, "mbps": 108.601, "mean_mbps": 108.601, "seconds": 14.7329, "n_runs": 1, "cpusrv": 14.49, "cpucli": 12.86, "khr_med": 1.0, "kraw_med": null, "khr_n": 106, "kraw_n": 0, "rtp_med": 11, "occ_p50": 902, "occcap_p50": 917, "q_p50": 86, "q_p99": 239, "diag_lines": 58, "retx": 5457, "w1_rfa_gen": "0", "w2_pfrac_lines": 0, "w4_retx_max": 5457, "w5_rack_fa": "1859/5619", "gates_cli_quantile_clocks": 1, "gates_srv_quantile_clocks": 1, "gates_cli_rack_clocks": 0, "gates_srv_rack_clocks": 0, "gates_cli_derived_sweep": 0, "gates_srv_derived_sweep": 0, "gates_cli_delta_cap": 1, "gates_srv_delta_cap": 1, "gates_cli_sum_cap": 1, "gates_srv_sum_cap": 1, "gates_cli_composed_cap": 0, "gates_srv_composed_cap": 0, "gates_cli_three_term": 0, "gates_srv_three_term": 0, "gates_cli_loss_sent_truth": 0, "gates_srv_loss_sent_truth": 0, "gates_cli_gen": null, "gates_srv_gen": null, "gates_cli_diag": 1, "gates_srv_diag": 1, "gates_cli_ackdiag": 1, "gates_srv_ackdiag": 1, "gates_cli_walldiag": 1, "gates_srv_walldiag": 1, "gates_cli_fdiag": 1, "gates_srv_fdiag": 1, "gates_cli_recov_mp": 1, "gates_srv_recov_mp": 1, "gates_cli_cc_pace": 0, "gates_srv_cc_pace": 0, "gates_cli_rack_reo_mult": 1, "gates_srv_rack_reo_mult": 1, "gates_lines_cli": 1, "gates_lines_srv": 1, "gate_quantile_cli": "1", "gate_quantile_srv": "1", "gate_alpha_cli": "0.184", "gate_alpha_srv": "0.184", "gate_gen_cli": 384, "gate_gen_srv": 384, "qalpha_lines_cli": 2, "qalpha_site_cli": "sender", "qalpha_quantile_cli": 1, "qalpha_contract_cli": 0.001, "qalpha_override_cli": 0.184, "qalpha_cli": 0.184, "qalpha_k_cli": 2.1059, "qalpha_lines_srv": 2, "qalpha_site_srv": "sender", "qalpha_quantile_srv": 1, "qalpha_contract_srv": 0.001, "qalpha_override_srv": 0.184, "qalpha_srv": 0.184, "qalpha_k_srv": 2.1059, "qclk_cli_lines": 1, "qclk_cli_site": "sender", "qclk_cli_alpha": 0.184, "qclk_cli_k": 2.1059, "qclk_cli_w_us_mean": 163367.9, "qclk_cli_srtt_us_mean": 142956.9, "qclk_cli_on": 1, "qclk_cli_evals": 175907, "qclk_cli_kept": 2745, "qclk_cli_w_us_p05": 58887, "qclk_cli_w_us_p50": 192535, "qclk_cli_w_us_p95": 213354, "qclk_cli_w_us_min": 18194, "qclk_cli_w_us_max": 570540, "qclk_cli_law_n": 175684, "qclk_cli_sigma_us_mean": 9692.7, "qclk_cli_sigma_n": 175684, "qclk_srv_lines": 14, "qclk_srv_site": "receiver", "qclk_srv_alpha": 0.184, "qclk_srv_k": 2.1059, "qclk_srv_w_us_mean": 202892.5, "qclk_srv_srtt_us_mean": 124734.5, "qclk_srv_on": 1, "qclk_srv_evals": 142347, "qclk_srv_kept": 2209, "qclk_srv_w_us_p05": 60895, "qclk_srv_w_us_p50": 105266, "qclk_srv_w_us_p95": 386093, "qclk_srv_w_us_min": 53740, "qclk_srv_w_us_max": 403909, "qclk_srv_law_n": 141354, "qclk_srv_sigma_us_mean": 37114.2, "qclk_srv_sigma_n": 141354, "rack_lines_cli": 2, "rack_on_cli": 0, "rack_evals_cli": 0, "rack_ceil_cli": 0.0, "rack_gran_cli": 0.0, "rack_legacy_pin_cli": 0.0, "rack_round_cli": 0.0, "rack_legacy_cli": 0.0, "rack_mult_cli": 1, "rack_fa_n_cli": 1859, "rack_fa_d_cli": 5619, "rack_fa_frac_cli": 0.3308, "rack_fa_class_cli": 0.0625, "rack_lines_srv": 0, "rack_on_srv": null, "rack_evals_srv": null, "rack_ceil_srv": null, "rack_gran_srv": null, "rack_legacy_pin_srv": null, "rack_round_srv": null, "rack_legacy_srv": null, "rack_mult_srv": null, "rack_fa_n_srv": null, "rack_fa_d_srv": null, "rack_fa_frac_srv": null, "rack_fa_class_srv": null, "rack_fired": 5619, "rack_spurious": 1859, "rack_fa_frac": 0.3308, "rack_fa_class": 0.0625, "rack_round_us": 0.0, "rack_legacy_us": 0.0, "rack_evals": 0, "rack_legacy_pin": 0.0, "rfa_lines": 14, "rfa_gen": 0, "rfa_fires": 38666, "rfa_false": 1841, "rfa_fill_coded": 700, "rfa_fill_src": 36125, "rfa_dup_src": 1203, "rfa_preempt_src": 638, "rfa_src_n": 158357, "rfa_rep_n": 2264, "rfa_false_frac": 0.0476, "rfa_nu_recv": 0.24417, "rfa_fa_class": 0.0625, "rfa_bracket_lo": 0.0476, "rfa_bracket_hi": 0.724518, "sf_ticks": 2496, "sf_E": 0.9744, "sf_short": 0.0497, "sf_zero": 0.0016, "capboot_n": 55, "capboot_frac": 0.0, "ping_n": 290, "ping_p50": 11.3, "ping_p95": 74.9, "ping_p99": 102.0, "ping_tx": 294, "ping_rx": 290, "ping_loss": 1.36, "ping_censor_frac": 0.0136, "legs_probed": 1, "leg0_n": 290, "leg0_sent": 294, "leg0_recv": 290, "leg0_sent_source": "summary", "leg0_censor_frac": 0.0136, "leg0_censor_pct": 1.36, "leg0_recv_mismatch": false, "leg0_leg_unscoreable": false, "leg0_min": 4.3, "leg0_max": 127.0, "leg0_p50": 11.3, "leg0_p50_censored": false, "leg0_p50_scoreable": true, "leg0_p95": 74.9, "leg0_p95_censored": false, "leg0_p95_scoreable": true, "leg0_p99": 119.0, "leg0_p99_censored": true, "leg0_p99_scoreable": false, "legs_censor_max": 0.0136, "wait_tun": 27, "wait_paused": 42, "wait_pace": 0, "wait_gen": 0, "wait_nack": 24, "wait_defc": 0, "wait_tail": 0, "wait_flush": 0, "wait_lines": 55, "deadwall": false, "sig_us_p50": 350.0, "sig_us_n": 137683, "sig_us_path": 1, "sig_paths": 2, "pl_n": 106, "pl_max": 0.6199, "pl_min": 0.0, "pl_p0": 0.6199, "pl_p1": 0.0, "dgq_hand": 175980, "dgq_full": 0, "dgq_err": 0, "dgq_gap": 3, "tc_bytes": 224567722, "tc_pkts": 177650, "tc_drop": 790, "tc_s": 16}
LIVENESS c7-Q184 rep=1 RWM_QUANTILE_CLOCKS=RWM_QUANTILE_CLOCKS=1/RWM_QUANTILE_CLOCKS=1(exp1) RWM_ALPHA_OVERRIDE=RWM_ALPHA_OVERRIDE=0.184/RWM_ALPHA_OVERRIDE=0.184(exp0.184) RWM_DELTA_CAP=RWM_DELTA_CAP=1/RWM_DELTA_CAP=1(exp1) RWM_SUM_CAP=RWM_SUM_CAP=1/RWM_SUM_CAP=1(exp1) RWM_RACK_CLOCKS=RWM_RACK_CLOCKS=0/RWM_RACK_CLOCKS=0(exp0) RWM_DERIVED_SWEEP=RWM_DERIVED_SWEEP=0/RWM_DERIVED_SWEEP=0(exp0) RWM_COMPOSED_CAP=RWM_COMPOSED_CAP=0/RWM_COMPOSED_CAP=0(exp0) RWM_THREE_TERM=RWM_THREE_TERM=0/RWM_THREE_TERM=0(exp0) RWM_STORE_CAP_UNIFIED=RWM_STORE_CAP_UNIFIED=0/RWM_STORE_CAP_UNIFIED=0(exp0) RWM_LATE_BRAKE=RWM_LATE_BRAKE=0/RWM_LATE_BRAKE=0(exp0) RWM_CHARGE_RECOVERY=RWM_CHARGE_RECOVERY=0/RWM_CHARGE_RECOVERY=0(exp0) RWM_RELEASE_1TO1=RWM_RELEASE_1TO1=0/RWM_RELEASE_1TO1=0(exp0) RWM_LOSS_SENT_TRUTH=RWM_LOSS_SENT_TRUTH=0/RWM_LOSS_SENT_TRUTH=0(exp0) RWM_DIAG=RWM_DIAG=1/RWM_DIAG=1(exp1) RWM_ACKDIAG=RWM_ACKDIAG=1/RWM_ACKDIAG=1(exp1) RWM_WALLDIAG=RWM_WALLDIAG=1/RWM_WALLDIAG=1(exp1) RWM_FDIAG=RWM_FDIAG=1/RWM_FDIAG=1(exp1)
QALPHALINE c7-Q184 rep=1 site=cli [QALPHA] site=sender quantile=1 contract_alpha=1.000000e-3 override=1.840000e-1 alpha=1.840000e-1 k=2.1059 fa_class=0.0625
QALPHALINE c7-Q184 rep=1 site=srv [QALPHA] site=receiver quantile=1 contract_alpha=1.000000e-5 override=1.840000e-1 alpha=1.840000e-1 k=2.1059 fa_class=0.0625
QCLKLINE c7-Q184 rep=1 site=cli [QCLK] site=sender on=1 alpha=1.840000e-1 k=2.1059 evals=175907 law_n=175684 kept=2745 w_us_mean=163367.9 w_us_p05=58887 w_us_p50=192535 w_us_p95=213354 w_us_min=18194 w_us_max=570540 srtt_us_mean=142956.9 sigma_us_mean=9692.7/n175684 fa_class=0.0625
QCLKLINE c7-Q184 rep=1 site=srv [QCLK] site=receiver on=1 alpha=1.840000e-1 k=2.1059 evals=7041 law_n=6048 kept=3024 w_us_mean=72554.5 w_us_p05=64903 w_us_p50=71707 w_us_p95=84085 w_us_min=64903 w_us_max=84395 srtt_us_mean=50000.0 sigma_us_mean=10710.5/n6048 fa_class=0.0625
QCLKLINE c7-Q184 rep=1 site=srv [QCLK] site=receiver on=1 alpha=1.840000e-1 k=2.1059 evals=14484 law_n=13491 kept=3372 w_us_mean=63902.4 w_us_p05=53740 w_us_p50=62677 w_us_p95=84085 w_us_min=53740 w_us_max=84395 srtt_us_mean=50493.8 sigma_us_mean=6367.4/n13491 fa_class=0.0625
QCLKLINE c7-Q184 rep=1 site=srv [QCLK] site=receiver on=1 alpha=1.840000e-1 k=2.1059 evals=22707 law_n=21714 kept=2714 w_us_mean=77494.9 w_us_p05=54416 w_us_p50=67419 w_us_p95=118338 w_us_min=53740 w_us_max=120821 srtt_us_mean=57058.9 sigma_us_mean=9704.5/n21714 fa_class=0.0625
QCLKLINE c7-Q184 rep=1 site=srv [QCLK] site=receiver on=1 alpha=1.840000e-1 k=2.1059 evals=30989 law_n=29996 kept=3749 w_us_mean=84752.0 w_us_p05=54416 w_us_p50=81691 w_us_p95=118338 w_us_min=53740 w_us_max=120821 srtt_us_mean=66062.4 sigma_us_mean=8875.2/n29996 fa_class=0.0625
QCLKLINE c7-Q184 rep=1 site=srv [QCLK] site=receiver on=1 alpha=1.840000e-1 k=2.1059 evals=38537 law_n=37544 kept=2346 w_us_mean=87652.5 w_us_p05=54559 w_us_p50=98534 w_us_p95=118338 w_us_min=53740 w_us_max=120821 srtt_us_mean=71172.1 sigma_us_mean=7826.1/n37544 fa_class=0.0625
QCLKLINE c7-Q184 rep=1 site=srv [QCLK] site=receiver on=1 alpha=1.840000e-1 k=2.1059 evals=46783 law_n=45790 kept=2861 w_us_mean=89317.6 w_us_p05=54559 w_us_p50=97714 w_us_p95=118338 w_us_min=53740 w_us_max=120821 srtt_us_mean=74714.8 sigma_us_mean=6934.5/n45790 fa_class=0.0625
QCLKLINE c7-Q184 rep=1 site=srv [QCLK] site=receiver on=1 alpha=1.840000e-1 k=2.1059 evals=55536 law_n=54543 kept=3408 w_us_mean=90671.1 w_us_p05=55268 w_us_p50=97714 w_us_p95=113710 w_us_min=53740 w_us_max=120821 srtt_us_mean=77344.4 sigma_us_mean=6328.6/n54543 fa_class=0.0625
QCLKLINE c7-Q184 rep=1 site=srv [QCLK] site=receiver on=1 alpha=1.840000e-1 k=2.1059 evals=63037 law_n=62044 kept=3877 w_us_mean=91539.4 w_us_p05=55268 w_us_p50=97714 w_us_p95=113710 w_us_min=53740 w_us_max=120821 srtt_us_mean=79260.0 sigma_us_mean=5831.2/n62044 fa_class=0.0625
QCLKLINE c7-Q184 rep=1 site=srv [QCLK] site=receiver on=1 alpha=1.840000e-1 k=2.1059 evals=71196 law_n=70203 kept=2193 w_us_mean=92099.5 w_us_p05=55268 w_us_p50=97533 w_us_p95=113710 w_us_min=53740 w_us_max=120821 srtt_us_mean=80745.0 sigma_us_mean=5392.1/n70203 fa_class=0.0625
QCLKLINE c7-Q184 rep=1 site=srv [QCLK] site=receiver on=1 alpha=1.840000e-1 k=2.1059 evals=78348 law_n=77355 kept=2417 w_us_mean=92465.8 w_us_p05=55539 w_us_p50=97118 w_us_p95=113568 w_us_min=53740 w_us_max=120821 srtt_us_mean=81757.4 sigma_us_mean=5085.2/n77355 fa_class=0.0625
QCLKLINE c7-Q184 rep=1 site=srv [QCLK] site=receiver on=1 alpha=1.840000e-1 k=2.1059 evals=91717 law_n=90724 kept=2835 w_us_mean=117804.7 w_us_p05=55935 w_us_p50=97533 w_us_p95=335329 w_us_min=53740 w_us_max=335329 srtt_us_mean=99560.5 sigma_us_mean=8663.6/n90724 fa_class=0.0625
QCLKLINE c7-Q184 rep=1 site=srv [QCLK] site=receiver on=1 alpha=1.840000e-1 k=2.1059 evals=109949 law_n=108956 kept=3404 w_us_mean=162984.5 w_us_p05=57781 w_us_p50=98625 w_us_p95=401360 w_us_min=53740 w_us_max=403909 srtt_us_mean=119734.5 sigma_us_mean=20537.9/n108956 fa_class=0.0625
QCLKLINE c7-Q184 rep=1 site=srv [QCLK] site=receiver on=1 alpha=1.840000e-1 k=2.1059 evals=126223 law_n=125230 kept=3913 w_us_mean=188331.9 w_us_p05=58938 w_us_p50=100796 w_us_p95=401360 w_us_min=53740 w_us_max=403909 srtt_us_mean=124486.2 sigma_us_mean=30317.9/n125230 fa_class=0.0625
QCLKLINE c7-Q184 rep=1 site=srv [QCLK] site=receiver on=1 alpha=1.840000e-1 k=2.1059 evals=142347 law_n=141354 kept=2209 w_us_mean=202892.5 w_us_p05=60895 w_us_p50=105266 w_us_p95=386093 w_us_min=53740 w_us_max=403909 srtt_us_mean=124734.5 sigma_us_mean=37114.2/n141354 fa_class=0.0625
RACKLINE c7-Q184 rep=1 site=cli [RACK] on=0 evals=0 ceil=0.0000 gran=0.0000 legacy_pin=0.0000 round=0.0 legacy=0.0 mult=1 fa=88/88 fa_frac=1.0000 fa_class=0.0625
RACKLINE c7-Q184 rep=1 site=cli [RACK] on=0 evals=0 ceil=0.0000 gran=0.0000 legacy_pin=0.0000 round=0.0 legacy=0.0 mult=1 fa=1859/5619 fa_frac=0.3308 fa_class=0.0625
RFALINE c7-Q184 rep=1 site=cli [RFA] gen=0 fires=13 false=13 false_frac=1.0000 fill_coded=0 fill_src=0 dup_src=13 preempt_src=0 src_n=14 rep_n=12 nu_recv=0.92857 fa_class=0.0625
RFALINE c7-Q184 rep=1 site=cli [RFA] gen=0 fires=25 false=25 false_frac=1.0000 fill_coded=0 fill_src=0 dup_src=25 preempt_src=0 src_n=26 rep_n=24 nu_recv=0.96154 fa_class=0.0625
RFALINE c7-Q184 rep=1 site=cli [RFA] gen=0 fires=36 false=36 false_frac=1.0000 fill_coded=0 fill_src=0 dup_src=36 preempt_src=0 src_n=37 rep_n=35 nu_recv=0.97297 fa_class=0.0625
RFALINE c7-Q184 rep=1 site=cli [RFA] gen=0 fires=44 false=44 false_frac=1.0000 fill_coded=0 fill_src=0 dup_src=44 preempt_src=0 src_n=45 rep_n=43 nu_recv=0.97778 fa_class=0.0625
RFALINE c7-Q184 rep=1 site=cli [RFA] gen=0 fires=50 false=50 false_frac=1.0000 fill_coded=0 fill_src=0 dup_src=50 preempt_src=0 src_n=51 rep_n=49 nu_recv=0.98039 fa_class=0.0625
RFALINE c7-Q184 rep=1 site=cli [RFA] gen=0 fires=56 false=56 false_frac=1.0000 fill_coded=0 fill_src=0 dup_src=56 preempt_src=0 src_n=57 rep_n=55 nu_recv=0.98246 fa_class=0.0625
RFALINE c7-Q184 rep=1 site=cli [RFA] gen=0 fires=61 false=61 false_frac=1.0000 fill_coded=0 fill_src=0 dup_src=61 preempt_src=0 src_n=62 rep_n=60 nu_recv=0.98387 fa_class=0.0625
RFALINE c7-Q184 rep=1 site=cli [RFA] gen=0 fires=67 false=67 false_frac=1.0000 fill_coded=0 fill_src=0 dup_src=67 preempt_src=0 src_n=68 rep_n=66 nu_recv=0.98529 fa_class=0.0625
RFALINE c7-Q184 rep=1 site=cli [RFA] gen=0 fires=73 false=73 false_frac=1.0000 fill_coded=0 fill_src=0 dup_src=73 preempt_src=0 src_n=74 rep_n=72 nu_recv=0.98649 fa_class=0.0625
RFALINE c7-Q184 rep=1 site=cli [RFA] gen=0 fires=77 false=77 false_frac=1.0000 fill_coded=0 fill_src=0 dup_src=77 preempt_src=0 src_n=78 rep_n=76 nu_recv=0.98718 fa_class=0.0625
RFALINE c7-Q184 rep=1 site=cli [RFA] gen=0 fires=80 false=80 false_frac=1.0000 fill_coded=0 fill_src=0 dup_src=80 preempt_src=0 src_n=81 rep_n=79 nu_recv=0.98765 fa_class=0.0625
RFALINE c7-Q184 rep=1 site=cli [RFA] gen=0 fires=83 false=83 false_frac=1.0000 fill_coded=0 fill_src=0 dup_src=83 preempt_src=0 src_n=84 rep_n=82 nu_recv=0.98810 fa_class=0.0625
RFALINE c7-Q184 rep=1 site=cli [RFA] gen=0 fires=87 false=87 false_frac=1.0000 fill_coded=0 fill_src=0 dup_src=87 preempt_src=0 src_n=88 rep_n=86 nu_recv=0.98864 fa_class=0.0625
RFALINE c7-Q184 rep=1 site=cli [RFA] gen=0 fires=88 false=88 false_frac=1.0000 fill_coded=0 fill_src=0 dup_src=88 preempt_src=0 src_n=90 rep_n=88 nu_recv=0.97778 fa_class=0.0625
RFALINE c7-Q184 rep=1 site=srv [RFA] gen=0 fires=422 false=103 false_frac=0.2441 fill_coded=29 fill_src=290 dup_src=78 preempt_src=25 src_n=9016 rep_n=123 nu_recv=0.04681 fa_class=0.0625
RFALINE c7-Q184 rep=1 site=srv [RFA] gen=0 fires=680 false=128 false_frac=0.1882 fill_coded=53 fill_src=499 dup_src=78 preempt_src=50 src_n=18477 rep_n=288 nu_recv=0.03680 fa_class=0.0625
RFALINE c7-Q184 rep=1 site=srv [RFA] gen=0 fires=949 false=155 false_frac=0.1633 fill_coded=82 fill_src=712 dup_src=78 preempt_src=77 src_n=28012 rep_n=451 nu_recv=0.03388 fa_class=0.0625
RFALINE c7-Q184 rep=1 site=srv [RFA] gen=0 fires=1157 false=159 false_frac=0.1374 fill_coded=90 fill_src=908 dup_src=78 preempt_src=81 src_n=37400 rep_n=592 nu_recv=0.03094 fa_class=0.0625
RFALINE c7-Q184 rep=1 site=srv [RFA] gen=0 fires=1441 false=181 false_frac=0.1256 fill_coded=125 fill_src=1135 dup_src=78 preempt_src=103 src_n=46957 rep_n=766 nu_recv=0.03069 fa_class=0.0625
RFALINE c7-Q184 rep=1 site=srv [RFA] gen=0 fires=1781 false=219 false_frac=0.1230 fill_coded=170 fill_src=1392 dup_src=78 preempt_src=141 src_n=56282 rep_n=981 nu_recv=0.03164 fa_class=0.0625
RFALINE c7-Q184 rep=1 site=srv [RFA] gen=0 fires=2091 false=255 false_frac=0.1220 fill_coded=206 fill_src=1630 dup_src=78 preempt_src=177 src_n=65767 rep_n=1174 nu_recv=0.03179 fa_class=0.0625
RFALINE c7-Q184 rep=1 site=srv [RFA] gen=0 fires=2278 false=275 false_frac=0.1207 fill_coded=226 fill_src=1777 dup_src=78 preempt_src=197 src_n=75162 rep_n=1293 nu_recv=0.03031 fa_class=0.0625
RFALINE c7-Q184 rep=1 site=srv [RFA] gen=0 fires=2544 false=298 false_frac=0.1171 fill_coded=249 fill_src=1997 dup_src=78 preempt_src=220 src_n=84711 rep_n=1461 nu_recv=0.03003 fa_class=0.0625
RFALINE c7-Q184 rep=1 site=srv [RFA] gen=0 fires=2756 false=328 false_frac=0.1190 fill_coded=279 fill_src=2149 dup_src=78 preempt_src=250 src_n=94075 rep_n=1591 nu_recv=0.02930 fa_class=0.0625
RFALINE c7-Q184 rep=1 site=srv [RFA] gen=0 fires=10125 false=926 false_frac=0.0915 fill_coded=339 fill_src=8860 dup_src=626 preempt_src=300 src_n=107533 rep_n=1783 nu_recv=0.09416 fa_class=0.0625
RFALINE c7-Q184 rep=1 site=srv [RFA] gen=0 fires=19832 false=1334 false_frac=0.0673 fill_coded=506 fill_src=17992 dup_src=886 preempt_src=448 src_n=125524 rep_n=2018 nu_recv=0.15799 fa_class=0.0625
RFALINE c7-Q184 rep=1 site=srv [RFA] gen=0 fires=29145 false=1515 false_frac=0.0520 fill_coded=573 fill_src=27057 dup_src=1001 preempt_src=514 src_n=142244 rep_n=2110 nu_recv=0.20489 fa_class=0.0625
RFALINE c7-Q184 rep=1 site=srv [RFA] gen=0 fires=38666 false=1841 false_frac=0.0476 fill_coded=700 fill_src=36125 dup_src=1203 preempt_src=638 src_n=158357 rep_n=2264 nu_recv=0.24417 fa_class=0.0625
DCAPLINE c7-Q184 rep=1 site=cli [DCAP] on=1 eng=2613/2613 chg=2592/2613 chg_frac=0.9920 pin=0.0080 floor=0.0000 cap=1276.7 ask=1278.1 q=0.100000 b=2.0000
WALLLINE c7-Q184 rep=1 site=cli [WALL] onset=1.0000 dur_ms=0.1 retx=0 total_ms=14744.6 it_ms=0.084
ALPHAWITNESS {"cell":"c7","arm":"Q184","alpha":"0.184","seed":42,"rep":1,"rc":0,"mbps":108.601,"band":[140,180],"band_applies":0,"in_band":0,"lossy":1,"qclk_law_n":175684,"rfa_lines":14,"W1_rfa_gen":"0","W2_pfrac_lines":0,"W4_retx_max":5457,"W5_rack_fa":"1859/5619"}
=== rep=1 arm=c7-Q400 alpha=0.4 seed=42 env="RWM_QUANTILE_CLOCKS=1 RWM_ALPHA_OVERRIDE=0.4 RWM_DELTA_CAP=1 RWM_SUM_CAP=1 RWM_RACK_CLOCKS=0 RWM_DERIVED_SWEEP=0 RWM_COMPOSED_CAP=0 RWM_THREE_TERM=0 RWM_STORE_CAP_UNIFIED=0 RWM_LATE_BRAKE=0 RWM_CHARGE_RECOVERY=0 RWM_RELEASE_1TO1=0 RWM_LOSS_SENT_TRUTH=0" cell=c2/c2/dual bytes=200000000 17:24:05
[2m2026-08-20T17:24:06.985696Z[0m [32m INFO[0m [2mraptorpath::gates[0m[2m:[0m [GATES] RWM_UNIFIED=1 RWM_UNIFIED_SHED=1 RWM_TAPER_R=1 RWM_ASTAR_ANCHOR=1 RWM_MSTAR_ANCHOR=1 RWM_PLAIN_RS=0 RWM_HONEST_ANCHOR=1 RWM_HONEST_K=0 RWM_STORE_SACK_RELEASE=1 RWM_STORE_PATHS=1 RWM_STORE_PATH_POOL=2048 RWM_STORE=unset RWM_STORE_GAIN=2 RWM_STORE_BOOT=128 RWM_STORE_CAPW=0 RWM_STORE_CAP_UNIFIED=0 RWM_THREE_TERM=0 RWM_COMPOSED_CAP=0 RWM_SUM_CAP=1 RWM_LATE_BRAKE=0 RWM_DELTA_CAP=1 RWM_STORE_PERCAP=0 RWM_PERCAP_GUARD=1 RWM_STORE_BORROW=0 RWM_HONEST_CAP=1 RWM_POOL_ANCHOR=0 RWM_POOL_DELIV=0 RWM_FLOOR_BOUND=0 RWM_ACK_MERGE=1 RWM_LOSS_SENT_TRUTH=0 RWM_RELEASE_1TO1=0 RWM_CHARGE_RECOVERY=0 RWM_PATIENCE_DERIVED=0 RWM_SIDLE_DERIVED=0 RWM_WIN_DECOUPLE=0 RWM_PLACE_SLACK=0 RWM_COLD_PLACE=0 RWM_GEN=384 RWM_PIPELINE=2 RWM_GEN_PIPE=1 RWM_GEN_R=unset RWM_GEN_RATE=9000 RWM_GEN_RATE_FLOOR=2000 RWM_GEN_INFLIGHT=unset RWM_OOO_RETAIN=0/16 RWM_WINDOW=unset RWM_REPORT_GENS=unset RWM_REPAIR_WAIT=unset RWM_CODED_SRC=0 RWM_NO_REACTIVE=0 RWM_XPATH_REPAIR=0 RWM_PROACTIVE_PACER=0 RWM_REASM_BDP=0 RWM_MIN_R=0 RWM_CC_PACE=0 RWM_CC_PACE_HR=1.1 RWM_REACT_CAP=unset RWM_INFL_CAP=0 RWM_INFL_BDP=unset RWM_COPA_FEED=0 RWM_RS_ATTR=1 RWM_EMIT_BATCH=0 RWM_EMIT_BURST=64 RWM_RECOV_MP=1 RWM_RECOV_MP_LAW=1 RWM_RECOV_MP_LIVE=0 RWM_RECOV_SP=0 RWM_DERIVED_SWEEP=0 RWM_RACK_CLOCKS=0 RWM_RACK_REO_MULT=1 RWM_QUANTILE_CLOCKS=1 RWM_ALPHA_OVERRIDE=0.4 RWM_DIAG=1 RWM_ACKDIAG=1 RWM_ACKDIAG_WINDOW_US=2000000 RWM_WALLDIAG=1 RWM_CPUPROF=0 RWM_RDIAG=0 RWM_FDIAG=1 RWM_TRACE=0 RWM_PFRAC=0
{"bytes":200000000,"dnf":0,"hint":"bulk","max_s":9.6321,"mean_mbps":166.112,"mean_s":9.6321,"median_s":9.6321,"min_s":9.6321,"proto":"rp-native","runs":1,"stdev_s":0.0,"summary":true}
    LATPROBE-LEG leg=0 file=/tmp/rwm-ping-0.txt sent=194 recv=188 censor=3.09% p50=36.4[censor=3.09% ok] p95=71.7[censor=3.09% ok] p99=90.3[censor=3.09% UNSCOREABLE(inside censored tail)]
    LATPROBE-LEG leg=1 file=/tmp/rwm-ping-1.txt sent=194 recv=192 censor=1.03% p50=44.8[censor=1.03% ok] p95=86.2[censor=1.03% ok] p99=104.0[censor=1.03% UNSCOREABLE(inside censored tail)]
    LATPROBE: 2 leg(s) /tmp/rwm-ping-0.txt=188 /tmp/rwm-ping-1.txt=192 replies
    CPU: CPUSRV=12.92s CPUCLI=14.21s (srv=decoder cli=sender; whole-invocation incl warmup)
    QDISC cli0: qdisc netem a2bd: root refcnt 7 limit 1000 delay 5ms  3ms loss gemodel p 1.3% r 50% 1-h 100% 1-k 0% rate 100Mbit seed 42  Sent 107396146 bytes 86310 pkt (dropped 501, overlimits 0 requeues 0)   backlog 0b 0p requeues 0 
    QDISC cli1: qdisc netem a2be: root refcnt 7 limit 1000 delay 5ms  3ms loss gemodel p 1.3% r 50% 1-h 100% 1-k 0% rate 100Mbit seed 1042  Sent 115359456 bytes 92957 pkt (dropped 489, overlimits 0 requeues 0)   backlog 0b 0p requeues 0 
    QDISC srv0: qdisc netem a2bf: root refcnt 7 limit 1000 delay 5ms  3ms rate 100Mbit seed 3119855123067452793  Sent 11556553 bytes 45976 pkt (dropped 0, overlimits 0 requeues 0)   backlog 0b 0p requeues 0 
    QDISC srv1: qdisc netem a2c0: root refcnt 7 limit 1000 delay 5ms  3ms rate 100Mbit seed 3626604923678782570  Sent 13114764 bytes 50203 pkt (dropped 0, overlimits 0 requeues 0)   backlog 0b 0p requeues 0 
    QCAP: /tmp/rwm-q.txt 18 lines
RUNTIME c7-Q400 rep=1 12s rc=0
ALPHARESULT {"cell": "c7", "arm": "Q400", "alpha_cmd": 0.4, "seed": 42, "rep": 1, "n_paths": 2, "dnf": false, "dnf_count": 0, "mbps": 166.112, "mean_mbps": 166.112, "seconds": 9.6321, "n_runs": 1, "cpusrv": 12.92, "cpucli": 14.21, "khr_med": 1.0, "kraw_med": null, "khr_n": 68, "kraw_n": 0, "rtp_med": 10, "occ_p50": 785, "occcap_p50": 1630, "q_p50": 41, "q_p99": 84, "diag_lines": 38, "retx": 5163, "w1_rfa_gen": "0", "w2_pfrac_lines": 0, "w4_retx_max": 5163, "w5_rack_fa": "1179/5220", "gates_cli_quantile_clocks": 1, "gates_srv_quantile_clocks": 1, "gates_cli_rack_clocks": 0, "gates_srv_rack_clocks": 0, "gates_cli_derived_sweep": 0, "gates_srv_derived_sweep": 0, "gates_cli_delta_cap": 1, "gates_srv_delta_cap": 1, "gates_cli_sum_cap": 1, "gates_srv_sum_cap": 1, "gates_cli_composed_cap": 0, "gates_srv_composed_cap": 0, "gates_cli_three_term": 0, "gates_srv_three_term": 0, "gates_cli_loss_sent_truth": 0, "gates_srv_loss_sent_truth": 0, "gates_cli_gen": null, "gates_srv_gen": null, "gates_cli_diag": 1, "gates_srv_diag": 1, "gates_cli_ackdiag": 1, "gates_srv_ackdiag": 1, "gates_cli_walldiag": 1, "gates_srv_walldiag": 1, "gates_cli_fdiag": 1, "gates_srv_fdiag": 1, "gates_cli_recov_mp": 1, "gates_srv_recov_mp": 1, "gates_cli_cc_pace": 0, "gates_srv_cc_pace": 0, "gates_cli_rack_reo_mult": 1, "gates_srv_rack_reo_mult": 1, "gates_lines_cli": 1, "gates_lines_srv": 1, "gate_quantile_cli": "1", "gate_quantile_srv": "1", "gate_alpha_cli": "0.4", "gate_alpha_srv": "0.4", "gate_gen_cli": 384, "gate_gen_srv": 384, "qalpha_lines_cli": 2, "qalpha_site_cli": "sender", "qalpha_quantile_cli": 1, "qalpha_contract_cli": 0.001, "qalpha_override_cli": 0.4, "qalpha_cli": 0.4, "qalpha_k_cli": 1.2247, "qalpha_lines_srv": 2, "qalpha_site_srv": "sender", "qalpha_quantile_srv": 1, "qalpha_contract_srv": 0.001, "qalpha_override_srv": 0.4, "qalpha_srv": 0.4, "qalpha_k_srv": 1.2247, "qclk_cli_lines": 1, "qclk_cli_site": "sender", "qclk_cli_alpha": 0.4, "qclk_cli_k": 1.2247, "qclk_cli_w_us_mean": 65193.8, "qclk_cli_srtt_us_mean": 63011.9, "qclk_cli_on": 1, "qclk_cli_evals": 169840, "qclk_cli_kept": 2650, "qclk_cli_w_us_p05": 38157, "qclk_cli_w_us_p50": 64202, "qclk_cli_w_us_p95": 96093, "qclk_cli_w_us_min": 15834, "qclk_cli_w_us_max": 156036, "qclk_cli_law_n": 169645, "qclk_cli_sigma_us_mean": 1781.9, "qclk_cli_sigma_n": 169645, "qclk_srv_lines": 9, "qclk_srv_site": "receiver", "qclk_srv_alpha": 0.4, "qclk_srv_k": 1.2247, "qclk_srv_w_us_mean": 101850.7, "qclk_srv_srtt_us_mean": 64996.1, "qclk_srv_on": 1, "qclk_srv_evals": 160812, "qclk_srv_kept": 2493, "qclk_srv_w_us_p05": 80752, "qclk_srv_w_us_p50": 102463, "qclk_srv_w_us_p95": 110951, "qclk_srv_w_us_min": 74192, "qclk_srv_w_us_max": 112596, "qclk_srv_law_n": 159543, "qclk_srv_sigma_us_mean": 30092.0, "qclk_srv_sigma_n": 159543, "rack_lines_cli": 2, "rack_on_cli": 0, "rack_evals_cli": 0, "rack_ceil_cli": 0.0, "rack_gran_cli": 0.0, "rack_legacy_pin_cli": 0.0, "rack_round_cli": 0.0, "rack_legacy_cli": 0.0, "rack_mult_cli": 1, "rack_fa_n_cli": 1179, "rack_fa_d_cli": 5220, "rack_fa_frac_cli": 0.2259, "rack_fa_class_cli": 0.0625, "rack_lines_srv": 0, "rack_on_srv": null, "rack_evals_srv": null, "rack_ceil_srv": null, "rack_gran_srv": null, "rack_legacy_pin_srv": null, "rack_round_srv": null, "rack_legacy_srv": null, "rack_mult_srv": null, "rack_fa_n_srv": null, "rack_fa_d_srv": null, "rack_fa_frac_srv": null, "rack_fa_class_srv": null, "rack_fired": 5220, "rack_spurious": 1179, "rack_fa_frac": 0.2259, "rack_fa_class": 0.0625, "rack_round_us": 0.0, "rack_legacy_us": 0.0, "rack_evals": 0, "rack_legacy_pin": 0.0, "rfa_lines": 9, "rfa_gen": 0, "rfa_fires": 88095, "rfa_false": 1950, "rfa_fill_coded": 1102, "rfa_fill_src": 85043, "rfa_dup_src": 896, "rfa_preempt_src": 1054, "rfa_src_n": 159166, "rfa_rep_n": 1549, "rfa_false_frac": 0.0221, "rfa_nu_recv": 0.55348, "rfa_fa_class": 0.0625, "rfa_bracket_lo": 0.0221, "rfa_bracket_hi": 0.638925, "sf_ticks": 1511, "sf_E": 0.9851, "sf_short": 0.0278, "sf_zero": 0.002, "capboot_n": 35, "capboot_frac": 0.0, "ping_n": 188, "ping_p50": 36.4, "ping_p95": 71.7, "ping_p99": 85.7, "ping_tx": 194, "ping_rx": 188, "ping_loss": 3.09, "ping_censor_frac": 0.0309, "legs_probed": 1, "leg0_n": 188, "leg0_sent": 194, "leg0_recv": 188, "leg0_sent_source": "summary", "leg0_censor_frac": 0.0309, "leg0_censor_pct": 3.09, "leg0_recv_mismatch": false, "leg0_leg_unscoreable": false, "leg0_min": 6.54, "leg0_max": 95.0, "leg0_p50": 36.4, "leg0_p50_censored": false, "leg0_p50_scoreable": true, "leg0_p95": 71.7, "leg0_p95_censored": false, "leg0_p95_scoreable": true, "leg0_p99": 90.3, "leg0_p99_censored": true, "leg0_p99_scoreable": false, "legs_censor_max": 0.0309, "wait_tun": 98, "wait_paused": 0, "wait_pace": 0, "wait_gen": 0, "wait_nack": 2, "wait_defc": 0, "wait_tail": 0, "wait_flush": 0, "wait_lines": 35, "deadwall": false, "sig_us_p50": 674.0, "sig_us_n": 87684, "sig_us_path": 1, "sig_paths": 2, "pl_n": 68, "pl_max": 0.0314, "pl_min": 0.0282, "pl_p0": 0.0314, "pl_p1": 0.0282, "dgq_hand": 174749, "dgq_full": 0, "dgq_err": 0, "dgq_gap": 101, "tc_bytes": 222755602, "tc_pkts": 179267, "tc_drop": 990, "tc_s": 12}
LIVENESS c7-Q400 rep=1 RWM_QUANTILE_CLOCKS=RWM_QUANTILE_CLOCKS=1/RWM_QUANTILE_CLOCKS=1(exp1) RWM_ALPHA_OVERRIDE=RWM_ALPHA_OVERRIDE=0.4/RWM_ALPHA_OVERRIDE=0.4(exp0.4) RWM_DELTA_CAP=RWM_DELTA_CAP=1/RWM_DELTA_CAP=1(exp1) RWM_SUM_CAP=RWM_SUM_CAP=1/RWM_SUM_CAP=1(exp1) RWM_RACK_CLOCKS=RWM_RACK_CLOCKS=0/RWM_RACK_CLOCKS=0(exp0) RWM_DERIVED_SWEEP=RWM_DERIVED_SWEEP=0/RWM_DERIVED_SWEEP=0(exp0) RWM_COMPOSED_CAP=RWM_COMPOSED_CAP=0/RWM_COMPOSED_CAP=0(exp0) RWM_THREE_TERM=RWM_THREE_TERM=0/RWM_THREE_TERM=0(exp0) RWM_STORE_CAP_UNIFIED=RWM_STORE_CAP_UNIFIED=0/RWM_STORE_CAP_UNIFIED=0(exp0) RWM_LATE_BRAKE=RWM_LATE_BRAKE=0/RWM_LATE_BRAKE=0(exp0) RWM_CHARGE_RECOVERY=RWM_CHARGE_RECOVERY=0/RWM_CHARGE_RECOVERY=0(exp0) RWM_RELEASE_1TO1=RWM_RELEASE_1TO1=0/RWM_RELEASE_1TO1=0(exp0) RWM_LOSS_SENT_TRUTH=RWM_LOSS_SENT_TRUTH=0/RWM_LOSS_SENT_TRUTH=0(exp0) RWM_DIAG=RWM_DIAG=1/RWM_DIAG=1(exp1) RWM_ACKDIAG=RWM_ACKDIAG=1/RWM_ACKDIAG=1(exp1) RWM_WALLDIAG=RWM_WALLDIAG=1/RWM_WALLDIAG=1(exp1) RWM_FDIAG=RWM_FDIAG=1/RWM_FDIAG=1(exp1)
QALPHALINE c7-Q400 rep=1 site=cli [QALPHA] site=sender quantile=1 contract_alpha=1.000000e-3 override=4.000000e-1 alpha=4.000000e-1 k=1.2247 fa_class=0.0625
QALPHALINE c7-Q400 rep=1 site=srv [QALPHA] site=receiver quantile=1 contract_alpha=1.000000e-5 override=4.000000e-1 alpha=4.000000e-1 k=1.2247 fa_class=0.0625
QCLKLINE c7-Q400 rep=1 site=cli [QCLK] site=sender on=1 alpha=4.000000e-1 k=1.2247 evals=169840 law_n=169645 kept=2650 w_us_mean=65193.8 w_us_p05=38157 w_us_p50=64202 w_us_p95=96093 w_us_min=15834 w_us_max=156036 srtt_us_mean=63011.9 sigma_us_mean=1781.9/n169645 fa_class=0.0625
QCLKLINE c7-Q400 rep=1 site=srv [QCLK] site=receiver on=1 alpha=4.000000e-1 k=1.2247 evals=15315 law_n=14046 kept=3511 w_us_mean=80796.1 w_us_p05=74192 w_us_p50=79913 w_us_p95=89256 w_us_min=74192 w_us_max=89256 srtt_us_mean=41611.8 sigma_us_mean=31994.2/n14046 fa_class=0.0625
QCLKLINE c7-Q400 rep=1 site=srv [QCLK] site=receiver on=1 alpha=4.000000e-1 k=1.2247 evals=33943 law_n=32674 kept=4084 w_us_mean=95224.5 w_us_p05=74192 w_us_p50=107337 w_us_p95=107491 w_us_min=74192 w_us_max=109448 srtt_us_mean=47809.6 sigma_us_mean=38714.3/n32674 fa_class=0.0625
QCLKLINE c7-Q400 rep=1 site=srv [QCLK] site=receiver on=1 alpha=4.000000e-1 k=1.2247 evals=53391 law_n=52122 kept=3257 w_us_mean=100484.4 w_us_p05=76928 w_us_p50=107337 w_us_p95=110818 w_us_min=74192 w_us_max=112596 srtt_us_mean=51807.9 sigma_us_mean=39744.4/n52122 fa_class=0.0625
QCLKLINE c7-Q400 rep=1 site=srv [QCLK] site=receiver on=1 alpha=4.000000e-1 k=1.2247 evals=70773 law_n=69504 kept=2172 w_us_mean=101972.4 w_us_p05=76928 w_us_p50=107337 w_us_p95=110396 w_us_min=74192 w_us_max=112596 srtt_us_mean=57259.6 sigma_us_mean=36508.2/n69504 fa_class=0.0625
QCLKLINE c7-Q400 rep=1 site=srv [QCLK] site=receiver on=1 alpha=4.000000e-1 k=1.2247 evals=88813 law_n=87544 kept=2736 w_us_mean=102015.4 w_us_p05=77230 w_us_p50=106008 w_us_p95=110396 w_us_min=74192 w_us_max=112596 srtt_us_mean=59451.4 sigma_us_mean=34753.7/n87544 fa_class=0.0625
QCLKLINE c7-Q400 rep=1 site=srv [QCLK] site=receiver on=1 alpha=4.000000e-1 k=1.2247 evals=106894 law_n=105625 kept=3301 w_us_mean=100959.8 w_us_p05=79390 w_us_p50=105636 w_us_p95=110396 w_us_min=74192 w_us_max=112596 srtt_us_mean=60467.3 sigma_us_mean=33062.3/n105625 fa_class=0.0625
QCLKLINE c7-Q400 rep=1 site=srv [QCLK] site=receiver on=1 alpha=4.000000e-1 k=1.2247 evals=124668 law_n=123399 kept=3856 w_us_mean=101416.2 w_us_p05=79390 w_us_p50=105636 w_us_p95=110951 w_us_min=74192 w_us_max=112596 srtt_us_mean=62031.4 sigma_us_mean=32157.9/n123399 fa_class=0.0625
QCLKLINE c7-Q400 rep=1 site=srv [QCLK] site=receiver on=1 alpha=4.000000e-1 k=1.2247 evals=142490 law_n=141221 kept=2207 w_us_mean=101637.5 w_us_p05=79913 w_us_p50=102463 w_us_p95=110951 w_us_min=74192 w_us_max=112596 srtt_us_mean=63576.0 sigma_us_mean=31077.5/n141221 fa_class=0.0625
QCLKLINE c7-Q400 rep=1 site=srv [QCLK] site=receiver on=1 alpha=4.000000e-1 k=1.2247 evals=160812 law_n=159543 kept=2493 w_us_mean=101850.7 w_us_p05=80752 w_us_p50=102463 w_us_p95=110951 w_us_min=74192 w_us_max=112596 srtt_us_mean=64996.1 sigma_us_mean=30092.0/n159543 fa_class=0.0625
RACKLINE c7-Q400 rep=1 site=cli [RACK] on=0 evals=0 ceil=0.0000 gran=0.0000 legacy_pin=0.0000 round=0.0 legacy=0.0 mult=1 fa=94/94 fa_frac=1.0000 fa_class=0.0625
RACKLINE c7-Q400 rep=1 site=cli [RACK] on=0 evals=0 ceil=0.0000 gran=0.0000 legacy_pin=0.0000 round=0.0 legacy=0.0 mult=1 fa=1179/5220 fa_frac=0.2259 fa_class=0.0625
RFALINE c7-Q400 rep=1 site=cli [RFA] gen=0 fires=12 false=12 false_frac=1.0000 fill_coded=0 fill_src=0 dup_src=12 preempt_src=0 src_n=13 rep_n=11 nu_recv=0.92308 fa_class=0.0625
RFALINE c7-Q400 rep=1 site=cli [RFA] gen=0 fires=22 false=22 false_frac=1.0000 fill_coded=0 fill_src=0 dup_src=22 preempt_src=0 src_n=23 rep_n=21 nu_recv=0.95652 fa_class=0.0625
RFALINE c7-Q400 rep=1 site=cli [RFA] gen=0 fires=32 false=32 false_frac=1.0000 fill_coded=0 fill_src=0 dup_src=32 preempt_src=0 src_n=33 rep_n=31 nu_recv=0.96970 fa_class=0.0625
RFALINE c7-Q400 rep=1 site=cli [RFA] gen=0 fires=42 false=42 false_frac=1.0000 fill_coded=0 fill_src=0 dup_src=42 preempt_src=0 src_n=43 rep_n=41 nu_recv=0.97674 fa_class=0.0625
RFALINE c7-Q400 rep=1 site=cli [RFA] gen=0 fires=52 false=52 false_frac=1.0000 fill_coded=0 fill_src=0 dup_src=52 preempt_src=0 src_n=53 rep_n=51 nu_recv=0.98113 fa_class=0.0625
RFALINE c7-Q400 rep=1 site=cli [RFA] gen=0 fires=63 false=63 false_frac=1.0000 fill_coded=0 fill_src=0 dup_src=63 preempt_src=0 src_n=64 rep_n=62 nu_recv=0.98438 fa_class=0.0625
RFALINE c7-Q400 rep=1 site=cli [RFA] gen=0 fires=73 false=73 false_frac=1.0000 fill_coded=0 fill_src=0 dup_src=73 preempt_src=0 src_n=74 rep_n=72 nu_recv=0.98649 fa_class=0.0625
RFALINE c7-Q400 rep=1 site=cli [RFA] gen=0 fires=83 false=83 false_frac=1.0000 fill_coded=0 fill_src=0 dup_src=83 preempt_src=0 src_n=84 rep_n=82 nu_recv=0.98810 fa_class=0.0625
RFALINE c7-Q400 rep=1 site=cli [RFA] gen=0 fires=93 false=93 false_frac=1.0000 fill_coded=0 fill_src=0 dup_src=93 preempt_src=0 src_n=94 rep_n=92 nu_recv=0.98936 fa_class=0.0625
RFALINE c7-Q400 rep=1 site=cli [RFA] gen=0 fires=94 false=94 false_frac=1.0000 fill_coded=0 fill_src=0 dup_src=94 preempt_src=0 src_n=96 rep_n=94 nu_recv=0.97917 fa_class=0.0625
RFALINE c7-Q400 rep=1 site=srv [RFA] gen=0 fires=8843 false=349 false_frac=0.0395 fill_coded=89 fill_src=8405 dup_src=270 preempt_src=79 src_n=15159 rep_n=152 nu_recv=0.58335 fa_class=0.0625
RFALINE c7-Q400 rep=1 site=srv [RFA] gen=0 fires=18628 false=520 false_frac=0.0279 fill_coded=211 fill_src=17897 dup_src=331 preempt_src=189 src_n=33598 rep_n=330 nu_recv=0.55444 fa_class=0.0625
RFALINE c7-Q400 rep=1 site=srv [RFA] gen=0 fires=28883 false=775 false_frac=0.0268 fill_coded=352 fill_src=27756 dup_src=448 preempt_src=327 src_n=52877 rep_n=485 nu_recv=0.54623 fa_class=0.0625
RFALINE c7-Q400 rep=1 site=srv [RFA] gen=0 fires=38531 false=936 false_frac=0.0243 fill_coded=481 fill_src=37114 dup_src=492 preempt_src=444 src_n=70044 rep_n=681 nu_recv=0.55010 fa_class=0.0625
RFALINE c7-Q400 rep=1 site=srv [RFA] gen=0 fires=48798 false=1112 false_frac=0.0228 fill_coded=623 fill_src=47063 dup_src=530 preempt_src=582 src_n=87897 rep_n=863 nu_recv=0.55517 fa_class=0.0625
RFALINE c7-Q400 rep=1 site=srv [RFA] gen=0 fires=58536 false=1283 false_frac=0.0219 fill_coded=728 fill_src=56525 dup_src=596 preempt_src=687 src_n=105839 rep_n=1013 nu_recv=0.55307 fa_class=0.0625
RFALINE c7-Q400 rep=1 site=srv [RFA] gen=0 fires=67976 false=1427 false_frac=0.0210 fill_coded=815 fill_src=65734 dup_src=655 preempt_src=772 src_n=123452 rep_n=1156 nu_recv=0.55063 fa_class=0.0625
RFALINE c7-Q400 rep=1 site=srv [RFA] gen=0 fires=77770 false=1641 false_frac=0.0211 fill_coded=940 fill_src=75189 dup_src=746 preempt_src=895 src_n=141073 rep_n=1339 nu_recv=0.55127 fa_class=0.0625
RFALINE c7-Q400 rep=1 site=srv [RFA] gen=0 fires=88095 false=1950 false_frac=0.0221 fill_coded=1102 fill_src=85043 dup_src=896 preempt_src=1054 src_n=159166 rep_n=1549 nu_recv=0.55348 fa_class=0.0625
DCAPLINE c7-Q400 rep=1 site=cli [DCAP] on=1 eng=1809/1809 chg=1809/1809 chg_frac=1.0000 pin=0.0000 floor=0.0000 cap=1532.1 ask=1531.5 q=0.100000 b=2.0000
WALLLINE c7-Q400 rep=1 site=cli [WALL] onset=0.9924 dur_ms=73.0 retx=10 total_ms=9648.3 it_ms=0.057
ALPHAWITNESS {"cell":"c7","arm":"Q400","alpha":"0.4","seed":42,"rep":1,"rc":0,"mbps":166.112,"band":[140,180],"band_applies":0,"in_band":1,"lossy":1,"qclk_law_n":169645,"rfa_lines":9,"W1_rfa_gen":"0","W2_pfrac_lines":0,"W4_retx_max":5163,"W5_rack_fa":"1179/5220"}
=== rep=1 arm=c8-CTL alpha=unset seed=42 env="RWM_QUANTILE_CLOCKS=0 RWM_DELTA_CAP=1 RWM_SUM_CAP=1 RWM_RACK_CLOCKS=0 RWM_DERIVED_SWEEP=0 RWM_COMPOSED_CAP=0 RWM_THREE_TERM=0 RWM_STORE_CAP_UNIFIED=0 RWM_LATE_BRAKE=0 RWM_CHARGE_RECOVERY=0 RWM_RELEASE_1TO1=0 RWM_LOSS_SENT_TRUTH=0" cell=c2/c3/dual bytes=25000000 17:24:17
[2m2026-08-20T17:24:19.168842Z[0m [32m INFO[0m [2mraptorpath::gates[0m[2m:[0m [GATES] RWM_UNIFIED=1 RWM_UNIFIED_SHED=1 RWM_TAPER_R=1 RWM_ASTAR_ANCHOR=1 RWM_MSTAR_ANCHOR=1 RWM_PLAIN_RS=0 RWM_HONEST_ANCHOR=1 RWM_HONEST_K=0 RWM_STORE_SACK_RELEASE=1 RWM_STORE_PATHS=1 RWM_STORE_PATH_POOL=2048 RWM_STORE=unset RWM_STORE_GAIN=2 RWM_STORE_BOOT=128 RWM_STORE_CAPW=0 RWM_STORE_CAP_UNIFIED=0 RWM_THREE_TERM=0 RWM_COMPOSED_CAP=0 RWM_SUM_CAP=1 RWM_LATE_BRAKE=0 RWM_DELTA_CAP=1 RWM_STORE_PERCAP=0 RWM_PERCAP_GUARD=1 RWM_STORE_BORROW=0 RWM_HONEST_CAP=1 RWM_POOL_ANCHOR=0 RWM_POOL_DELIV=0 RWM_FLOOR_BOUND=0 RWM_ACK_MERGE=1 RWM_LOSS_SENT_TRUTH=0 RWM_RELEASE_1TO1=0 RWM_CHARGE_RECOVERY=0 RWM_PATIENCE_DERIVED=0 RWM_SIDLE_DERIVED=0 RWM_WIN_DECOUPLE=0 RWM_PLACE_SLACK=0 RWM_COLD_PLACE=0 RWM_GEN=384 RWM_PIPELINE=2 RWM_GEN_PIPE=1 RWM_GEN_R=unset RWM_GEN_RATE=9000 RWM_GEN_RATE_FLOOR=2000 RWM_GEN_INFLIGHT=unset RWM_OOO_RETAIN=0/16 RWM_WINDOW=unset RWM_REPORT_GENS=unset RWM_REPAIR_WAIT=unset RWM_CODED_SRC=0 RWM_NO_REACTIVE=0 RWM_XPATH_REPAIR=0 RWM_PROACTIVE_PACER=0 RWM_REASM_BDP=0 RWM_MIN_R=0 RWM_CC_PACE=0 RWM_CC_PACE_HR=1.1 RWM_REACT_CAP=unset RWM_INFL_CAP=0 RWM_INFL_BDP=unset RWM_COPA_FEED=0 RWM_RS_ATTR=1 RWM_EMIT_BATCH=0 RWM_EMIT_BURST=64 RWM_RECOV_MP=1 RWM_RECOV_MP_LAW=1 RWM_RECOV_MP_LIVE=0 RWM_RECOV_SP=0 RWM_DERIVED_SWEEP=0 RWM_RACK_CLOCKS=0 RWM_RACK_REO_MULT=1 RWM_QUANTILE_CLOCKS=0 RWM_ALPHA_OVERRIDE=unset RWM_DIAG=1 RWM_ACKDIAG=1 RWM_ACKDIAG_WINDOW_US=2000000 RWM_WALLDIAG=1 RWM_CPUPROF=0 RWM_RDIAG=0 RWM_FDIAG=1 RWM_TRACE=0 RWM_PFRAC=0
{"bytes":25000000,"dnf":0,"hint":"bulk","max_s":2.2294,"mean_mbps":89.712,"mean_s":2.2294,"median_s":2.2294,"min_s":2.2294,"proto":"rp-native","runs":1,"stdev_s":0.0,"summary":true}
    LATPROBE-LEG leg=0 file=/tmp/rwm-ping-0.txt sent=47 recv=45 censor=4.26% p50=103.0[censor=4.26% ok] p95=115.0[censor=4.26% ok] p99=116.0[censor=4.26% UNSCOREABLE(inside censored tail)]
    LATPROBE-LEG leg=1 file=/tmp/rwm-ping-1.txt sent=48 recv=45 censor=6.25% p50=42.9[censor=6.25% ok] p95=118.0[censor=6.25% UNSCOREABLE(inside censored tail)] p99=184.0[censor=6.25% UNSCOREABLE(inside censored tail)]
    LATPROBE: 2 leg(s) /tmp/rwm-ping-0.txt=45 /tmp/rwm-ping-1.txt=45 replies
    CPU: CPUSRV=2.11s CPUCLI=1.71s (srv=decoder cli=sender; whole-invocation incl warmup)
    QDISC cli0: qdisc netem a2c1: root refcnt 7 limit 1000 delay 5ms  3ms loss gemodel p 1.3% r 50% 1-h 100% 1-k 0% rate 100Mbit seed 42  Sent 27179456 bytes 22559 pkt (dropped 123, overlimits 0 requeues 0)   backlog 0b 0p requeues 0 
    QDISC cli1: qdisc netem a2c2: root refcnt 7 limit 1000 delay 20ms  5ms loss gemodel p 2% r 40% 1-h 100% 1-k 0% rate 20Mbit seed 1042  Sent 1044231 bytes 1036 pkt (dropped 28, overlimits 0 requeues 0)   backlog 0b 0p requeues 0 
    QDISC srv0: qdisc netem a2c3: root refcnt 7 limit 1000 delay 5ms  3ms rate 100Mbit seed 1522206043137349157  Sent 2810861 bytes 15273 pkt (dropped 0, overlimits 0 requeues 0)   backlog 144b 2p requeues 0 
    QDISC srv1: qdisc netem a2c4: root refcnt 7 limit 1000 delay 20ms  5ms rate 20Mbit seed 10438300165594205927  Sent 167373 bytes 884 pkt (dropped 0, overlimits 0 requeues 0)   backlog 0b 0p requeues 0 
    QCAP: /tmp/rwm-q.txt 18 lines
RUNTIME c8-CTL rep=1 4s rc=0
ALPHARESULT {"cell": "c8", "arm": "CTL", "alpha_cmd": null, "seed": 42, "rep": 1, "n_paths": 2, "dnf": false, "dnf_count": 0, "mbps": 89.712, "mean_mbps": 89.712, "seconds": 2.2294, "n_runs": 1, "cpusrv": 2.11, "cpucli": 1.71, "khr_med": 1.0, "kraw_med": null, "khr_n": 12, "kraw_n": 0, "rtp_med": 39, "occ_p50": 1084, "occcap_p50": 1101, "q_p50": 68, "q_p99": 106, "diag_lines": 9, "retx": 695, "w1_rfa_gen": "0", "w2_pfrac_lines": 0, "w4_retx_max": 695, "w5_rack_fa": "163/695", "gates_cli_quantile_clocks": 0, "gates_srv_quantile_clocks": 0, "gates_cli_rack_clocks": 0, "gates_srv_rack_clocks": 0, "gates_cli_derived_sweep": 0, "gates_srv_derived_sweep": 0, "gates_cli_delta_cap": 1, "gates_srv_delta_cap": 1, "gates_cli_sum_cap": 1, "gates_srv_sum_cap": 1, "gates_cli_composed_cap": 0, "gates_srv_composed_cap": 0, "gates_cli_three_term": 0, "gates_srv_three_term": 0, "gates_cli_loss_sent_truth": 0, "gates_srv_loss_sent_truth": 0, "gates_cli_gen": null, "gates_srv_gen": null, "gates_cli_diag": 1, "gates_srv_diag": 1, "gates_cli_ackdiag": 1, "gates_srv_ackdiag": 1, "gates_cli_walldiag": 1, "gates_srv_walldiag": 1, "gates_cli_fdiag": 1, "gates_srv_fdiag": 1, "gates_cli_recov_mp": 1, "gates_srv_recov_mp": 1, "gates_cli_cc_pace": 0, "gates_srv_cc_pace": 0, "gates_cli_rack_reo_mult": 1, "gates_srv_rack_reo_mult": 1, "gates_lines_cli": 1, "gates_lines_srv": 1, "gate_quantile_cli": "0", "gate_quantile_srv": "0", "gate_alpha_cli": "unset", "gate_alpha_srv": "unset", "gate_gen_cli": 384, "gate_gen_srv": 384, "qalpha_lines_cli": 2, "qalpha_site_cli": "receiver", "qalpha_quantile_cli": 0, "qalpha_contract_cli": 1e-05, "qalpha_override_cli": null, "qalpha_cli": 1e-05, "qalpha_k_cli": 316.2262, "qalpha_lines_srv": 2, "qalpha_site_srv": "sender", "qalpha_quantile_srv": 0, "qalpha_contract_srv": 0.001, "qalpha_override_srv": null, "qalpha_srv": 0.001, "qalpha_k_srv": 31.607, "qclk_cli_lines": 1, "qclk_cli_site": "sender", "qclk_cli_alpha": 0.001, "qclk_cli_k": 31.607, "qclk_cli_w_us_mean": 98797.5, "qclk_cli_srtt_us_mean": 108409.6, "qclk_cli_on": 0, "qclk_cli_evals": 22435, "qclk_cli_kept": 2805, "qclk_cli_w_us_p05": 100000, "qclk_cli_w_us_p50": 100000, "qclk_cli_w_us_p95": 100000, "qclk_cli_w_us_min": 25000, "qclk_cli_w_us_max": 100000, "qclk_cli_law_n": 22435, "qclk_cli_sigma_us_mean": 25813.6, "qclk_cli_sigma_n": 22227, "qclk_srv_lines": 2, "qclk_srv_site": "receiver", "qclk_srv_alpha": 1e-05, "qclk_srv_k": 316.2262, "qclk_srv_w_us_mean": 100000.0, "qclk_srv_srtt_us_mean": 173505.6, "qclk_srv_on": 0, "qclk_srv_evals": 16573, "qclk_srv_kept": 2072, "qclk_srv_w_us_p05": 100000, "qclk_srv_w_us_p50": 100000, "qclk_srv_w_us_p95": 100000, "qclk_srv_w_us_min": 100000, "qclk_srv_w_us_max": 100000, "qclk_srv_law_n": 16573, "qclk_srv_sigma_us_mean": 34698.2, "qclk_srv_sigma_n": 15645, "rack_lines_cli": 2, "rack_on_cli": 0, "rack_evals_cli": 0, "rack_ceil_cli": 0.0, "rack_gran_cli": 0.0, "rack_legacy_pin_cli": 0.0, "rack_round_cli": 0.0, "rack_legacy_cli": 0.0, "rack_mult_cli": 1, "rack_fa_n_cli": 163, "rack_fa_d_cli": 695, "rack_fa_frac_cli": 0.2345, "rack_fa_class_cli": 0.0625, "rack_lines_srv": 0, "rack_on_srv": null, "rack_evals_srv": null, "rack_ceil_srv": null, "rack_gran_srv": null, "rack_legacy_pin_srv": null, "rack_round_srv": null, "rack_legacy_srv": null, "rack_mult_srv": null, "rack_fa_n_srv": null, "rack_fa_d_srv": null, "rack_fa_frac_srv": null, "rack_fa_class_srv": null, "rack_fired": 695, "rack_spurious": 163, "rack_fa_frac": 0.2345, "rack_fa_class": 0.0625, "rack_round_us": 0.0, "rack_legacy_us": 0.0, "rack_evals": 0, "rack_legacy_pin": 0.0, "rfa_lines": 2, "rfa_gen": 0, "rfa_fires": 2956, "rfa_false": 245, "rfa_fill_coded": 102, "rfa_fill_src": 2609, "rfa_dup_src": 162, "rfa_preempt_src": 83, "rfa_src_n": 18788, "rfa_rep_n": 374, "rfa_false_frac": 0.0829, "rfa_nu_recv": 0.15733, "rfa_fa_class": 0.0625, "rfa_bracket_lo": 0.0829, "rfa_bracket_hi": 0.706052, "sf_ticks": 348, "sf_E": 0.9598, "sf_short": 0.0718, "sf_zero": 0.0086, "capboot_n": 6, "capboot_frac": 0.0, "ping_n": 45, "ping_p50": 103.0, "ping_p95": 115.0, "ping_p99": 116.0, "ping_tx": 47, "ping_rx": 45, "ping_loss": 4.26, "ping_censor_frac": 0.0426, "legs_probed": 1, "leg0_n": 45, "leg0_sent": 47, "leg0_recv": 45, "leg0_sent_source": "summary", "leg0_censor_frac": 0.0426, "leg0_censor_pct": 4.26, "leg0_recv_mismatch": false, "leg0_leg_unscoreable": false, "leg0_min": 7.7, "leg0_max": 116.0, "leg0_p50": 103.0, "leg0_p50_censored": false, "leg0_p50_scoreable": true, "leg0_p95": 115.0, "leg0_p95_censored": false, "leg0_p95_scoreable": true, "leg0_p99": 116.0, "leg0_p99_censored": true, "leg0_p99_scoreable": false, "legs_censor_max": 0.0426, "wait_tun": 24, "wait_paused": 43, "wait_pace": 0, "wait_gen": 0, "wait_nack": 27, "wait_defc": 0, "wait_tail": 1, "wait_flush": 0, "wait_lines": 6, "deadwall": false, "sig_us_p50": 54996.0, "sig_us_n": 20918, "sig_us_path": 0, "sig_paths": 2, "pl_n": 12, "pl_max": 0.7289, "pl_min": 0.0, "pl_p0": 0.0, "pl_p1": 0.7289, "dgq_hand": 22311, "dgq_full": 0, "dgq_err": 0, "dgq_gap": 2, "tc_bytes": 28223687, "tc_pkts": 23595, "tc_drop": 151, "tc_s": 4}
LIVENESS c8-CTL rep=1 RWM_QUANTILE_CLOCKS=RWM_QUANTILE_CLOCKS=0/RWM_QUANTILE_CLOCKS=0(exp0) RWM_ALPHA_OVERRIDE=RWM_ALPHA_OVERRIDE=unset/RWM_ALPHA_OVERRIDE=unset(expunset) RWM_DELTA_CAP=RWM_DELTA_CAP=1/RWM_DELTA_CAP=1(exp1) RWM_SUM_CAP=RWM_SUM_CAP=1/RWM_SUM_CAP=1(exp1) RWM_RACK_CLOCKS=RWM_RACK_CLOCKS=0/RWM_RACK_CLOCKS=0(exp0) RWM_DERIVED_SWEEP=RWM_DERIVED_SWEEP=0/RWM_DERIVED_SWEEP=0(exp0) RWM_COMPOSED_CAP=RWM_COMPOSED_CAP=0/RWM_COMPOSED_CAP=0(exp0) RWM_THREE_TERM=RWM_THREE_TERM=0/RWM_THREE_TERM=0(exp0) RWM_STORE_CAP_UNIFIED=RWM_STORE_CAP_UNIFIED=0/RWM_STORE_CAP_UNIFIED=0(exp0) RWM_LATE_BRAKE=RWM_LATE_BRAKE=0/RWM_LATE_BRAKE=0(exp0) RWM_CHARGE_RECOVERY=RWM_CHARGE_RECOVERY=0/RWM_CHARGE_RECOVERY=0(exp0) RWM_RELEASE_1TO1=RWM_RELEASE_1TO1=0/RWM_RELEASE_1TO1=0(exp0) RWM_LOSS_SENT_TRUTH=RWM_LOSS_SENT_TRUTH=0/RWM_LOSS_SENT_TRUTH=0(exp0) RWM_DIAG=RWM_DIAG=1/RWM_DIAG=1(exp1) RWM_ACKDIAG=RWM_ACKDIAG=1/RWM_ACKDIAG=1(exp1) RWM_WALLDIAG=RWM_WALLDIAG=1/RWM_WALLDIAG=1(exp1) RWM_FDIAG=RWM_FDIAG=1/RWM_FDIAG=1(exp1)
QALPHALINE c8-CTL rep=1 site=cli [QALPHA] site=sender quantile=0 contract_alpha=1.000000e-3 override=unset alpha=1.000000e-3 k=31.6070 fa_class=0.0625
QALPHALINE c8-CTL rep=1 site=srv [QALPHA] site=receiver quantile=0 contract_alpha=1.000000e-5 override=unset alpha=1.000000e-5 k=316.2262 fa_class=0.0625[2m2026-08-20T17:24:19.264136Z[0m [32m INFO[0m [2mraptorpath::net[0m[2m:[0m M* peer-report RTT-feed suppression ACTIVE (RWM_MSTAR_ANCHOR plain-live subset: local-echo-only RTT feed + estimator seed-from-sample)
QCLKLINE c8-CTL rep=1 site=cli [QCLK] site=sender on=0 alpha=1.000000e-3 k=31.6070 evals=22435 law_n=22435 kept=2805 w_us_mean=98797.5 w_us_p05=100000 w_us_p50=100000 w_us_p95=100000 w_us_min=25000 w_us_max=100000 srtt_us_mean=108409.6 sigma_us_mean=25813.6/n22227 fa_class=0.0625
QCLKLINE c8-CTL rep=1 site=srv [QCLK] site=receiver on=0 alpha=1.000000e-5 k=316.2262 evals=8938 law_n=8938 kept=2235 w_us_mean=100000.0 w_us_p05=100000 w_us_p50=100000 w_us_p95=100000 w_us_min=100000 w_us_max=100000 srtt_us_mean=125524.6 sigma_us_mean=31518.0/n8010 fa_class=0.0625
QCLKLINE c8-CTL rep=1 site=srv [QCLK] site=receiver on=0 alpha=1.000000e-5 k=316.2262 evals=16573 law_n=16573 kept=2072 w_us_mean=100000.0 w_us_p05=100000 w_us_p50=100000 w_us_p95=100000 w_us_min=100000 w_us_max=100000 srtt_us_mean=173505.6 sigma_us_mean=34698.2/n15645 fa_class=0.0625
RACKLINE c8-CTL rep=1 site=cli [RACK] on=0 evals=0 ceil=0.0000 gran=0.0000 legacy_pin=0.0000 round=0.0 legacy=0.0 mult=1 fa=10/10 fa_frac=1.0000 fa_class=0.0625
RACKLINE c8-CTL rep=1 site=cli [RACK] on=0 evals=0 ceil=0.0000 gran=0.0000 legacy_pin=0.0000 round=0.0 legacy=0.0 mult=1 fa=163/695 fa_frac=0.2345 fa_class=0.0625
RFALINE c8-CTL rep=1 site=cli [RFA] gen=0 fires=7 false=7 false_frac=1.0000 fill_coded=0 fill_src=0 dup_src=7 preempt_src=0 src_n=8 rep_n=6 nu_recv=0.87500 fa_class=0.0625
RFALINE c8-CTL rep=1 site=cli [RFA] gen=0 fires=10 false=10 false_frac=1.0000 fill_coded=0 fill_src=0 dup_src=10 preempt_src=0 src_n=12 rep_n=10 nu_recv=0.83333 fa_class=0.0625
RFALINE c8-CTL rep=1 site=cli [RFA] gen=0 fires=10 false=10 false_frac=1.0000 fill_coded=0 fill_src=0 dup_src=10 preempt_src=0 src_n=12 rep_n=10 nu_recv=0.83333 fa_class=0.0625
RFALINE c8-CTL rep=1 site=srv [RFA] gen=0 fires=2691 false=227 false_frac=0.0844 fill_coded=71 fill_src=2393 dup_src=162 preempt_src=65 src_n=9346 rep_n=197 nu_recv=0.28793 fa_class=0.0625
RFALINE c8-CTL rep=1 site=srv [RFA] gen=0 fires=2956 false=245 false_frac=0.0829 fill_coded=102 fill_src=2609 dup_src=162 preempt_src=83 src_n=18788 rep_n=374 nu_recv=0.15733 fa_class=0.0625
DCAPLINE c8-CTL rep=1 site=cli [DCAP] on=1 eng=381/381 chg=381/381 chg_frac=1.0000 pin=0.0000 floor=0.0000 cap=996.6 ask=996.0 q=0.100000 b=2.0000
WALLLINE c8-CTL rep=1 site=cli [WALL] onset=0.9439 dur_ms=126.8 retx=5 total_ms=2258.9 it_ms=0.101
ALPHAWITNESS {"cell":"c8","arm":"CTL","alpha":"unset","seed":42,"rep":1,"rc":0,"mbps":89.712,"band":[50,100],"band_applies":1,"in_band":1,"lossy":1,"qclk_law_n":22435,"rfa_lines":2,"W1_rfa_gen":"0","W2_pfrac_lines":0,"W4_retx_max":695,"W5_rack_fa":"163/695"}
=== rep=1 arm=c8-Q002 alpha=0.002 seed=42 env="RWM_QUANTILE_CLOCKS=1 RWM_ALPHA_OVERRIDE=0.002 RWM_DELTA_CAP=1 RWM_SUM_CAP=1 RWM_RACK_CLOCKS=0 RWM_DERIVED_SWEEP=0 RWM_COMPOSED_CAP=0 RWM_THREE_TERM=0 RWM_STORE_CAP_UNIFIED=0 RWM_LATE_BRAKE=0 RWM_CHARGE_RECOVERY=0 RWM_RELEASE_1TO1=0 RWM_LOSS_SENT_TRUTH=0" cell=c2/c3/dual bytes=25000000 17:24:22
[2m2026-08-20T17:24:23.918097Z[0m [32m INFO[0m [2mraptorpath::gates[0m[2m:[0m [GATES] RWM_UNIFIED=1 RWM_UNIFIED_SHED=1 RWM_TAPER_R=1 RWM_ASTAR_ANCHOR=1 RWM_MSTAR_ANCHOR=1 RWM_PLAIN_RS=0 RWM_HONEST_ANCHOR=1 RWM_HONEST_K=0 RWM_STORE_SACK_RELEASE=1 RWM_STORE_PATHS=1 RWM_STORE_PATH_POOL=2048 RWM_STORE=unset RWM_STORE_GAIN=2 RWM_STORE_BOOT=128 RWM_STORE_CAPW=0 RWM_STORE_CAP_UNIFIED=0 RWM_THREE_TERM=0 RWM_COMPOSED_CAP=0 RWM_SUM_CAP=1 RWM_LATE_BRAKE=0 RWM_DELTA_CAP=1 RWM_STORE_PERCAP=0 RWM_PERCAP_GUARD=1 RWM_STORE_BORROW=0 RWM_HONEST_CAP=1 RWM_POOL_ANCHOR=0 RWM_POOL_DELIV=0 RWM_FLOOR_BOUND=0 RWM_ACK_MERGE=1 RWM_LOSS_SENT_TRUTH=0 RWM_RELEASE_1TO1=0 RWM_CHARGE_RECOVERY=0 RWM_PATIENCE_DERIVED=0 RWM_SIDLE_DERIVED=0 RWM_WIN_DECOUPLE=0 RWM_PLACE_SLACK=0 RWM_COLD_PLACE=0 RWM_GEN=384 RWM_PIPELINE=2 RWM_GEN_PIPE=1 RWM_GEN_R=unset RWM_GEN_RATE=9000 RWM_GEN_RATE_FLOOR=2000 RWM_GEN_INFLIGHT=unset RWM_OOO_RETAIN=0/16 RWM_WINDOW=unset RWM_REPORT_GENS=unset RWM_REPAIR_WAIT=unset RWM_CODED_SRC=0 RWM_NO_REACTIVE=0 RWM_XPATH_REPAIR=0 RWM_PROACTIVE_PACER=0 RWM_REASM_BDP=0 RWM_MIN_R=0 RWM_CC_PACE=0 RWM_CC_PACE_HR=1.1 RWM_REACT_CAP=unset RWM_INFL_CAP=0 RWM_INFL_BDP=unset RWM_COPA_FEED=0 RWM_RS_ATTR=1 RWM_EMIT_BATCH=0 RWM_EMIT_BURST=64 RWM_RECOV_MP=1 RWM_RECOV_MP_LAW=1 RWM_RECOV_MP_LIVE=0 RWM_RECOV_SP=0 RWM_DERIVED_SWEEP=0 RWM_RACK_CLOCKS=0 RWM_RACK_REO_MULT=1 RWM_QUANTILE_CLOCKS=1 RWM_ALPHA_OVERRIDE=0.002 RWM_DIAG=1 RWM_ACKDIAG=1 RWM_ACKDIAG_WINDOW_US=2000000 RWM_WALLDIAG=1 RWM_CPUPROF=0 RWM_RDIAG=0 RWM_FDIAG=1 RWM_TRACE=0 RWM_PFRAC=0
{"bytes":25000000,"dnf":0,"hint":"bulk","max_s":2.2682,"mean_mbps":88.175,"mean_s":2.2682,"median_s":2.2682,"min_s":2.2682,"proto":"rp-native","runs":1,"stdev_s":0.0,"summary":true}
    LATPROBE-LEG leg=0 file=/tmp/rwm-ping-0.txt sent=50 recv=50 censor=0.00% p50=33.3[censor=0.00% ok] p95=59.6[censor=0.00% ok] p99=60.1[censor=0.00% ok]
    LATPROBE-LEG leg=1 file=/tmp/rwm-ping-1.txt sent=50 recv=50 censor=0.00% p50=40.3[censor=0.00% ok] p95=46.4[censor=0.00% ok] p99=47.6[censor=0.00% ok]
    LATPROBE: 2 leg(s) /tmp/rwm-ping-0.txt=50 /tmp/rwm-ping-1.txt=50 replies
    CPU: CPUSRV=2.14s CPUCLI=1.41s (srv=decoder cli=sender; whole-invocation incl warmup)
    QDISC cli0: qdisc netem a2c5: root refcnt 7 limit 1000 delay 5ms  3ms loss gemodel p 1.3% r 50% 1-h 100% 1-k 0% rate 100Mbit seed 42  Sent 27835782 bytes 22987 pkt (dropped 111, overlimits 0 requeues 0)   backlog 0b 0p requeues 0 
    QDISC cli1: qdisc netem a2c6: root refcnt 7 limit 1000 delay 20ms  5ms loss gemodel p 2% r 40% 1-h 100% 1-k 0% rate 20Mbit seed 1042  Sent 44435 bytes 112 pkt (dropped 1, overlimits 0 requeues 0)   backlog 0b 0p requeues 0 
    QDISC srv0: qdisc netem a2c7: root refcnt 7 limit 1000 delay 5ms  3ms rate 100Mbit seed 16890394948197052774  Sent 2727273 bytes 15783 pkt (dropped 0, overlimits 0 requeues 0)   backlog 0b 0p requeues 0 
    QDISC srv1: qdisc netem a2c8: root refcnt 7 limit 1000 delay 20ms  5ms rate 20Mbit seed 15121723904441656749  Sent 19928 bytes 105 pkt (dropped 0, overlimits 0 requeues 0)   backlog 0b 0p requeues 0 
    QCAP: /tmp/rwm-q.txt 18 lines
RUNTIME c8-Q002 rep=1 4s rc=0
ALPHARESULT {"cell": "c8", "arm": "Q002", "alpha_cmd": 0.002, "seed": 42, "rep": 1, "n_paths": 2, "dnf": false, "dnf_count": 0, "mbps": 88.175, "mean_mbps": 88.175, "seconds": 2.2682, "n_runs": 1, "cpusrv": 2.14, "cpucli": 1.41, "khr_med": 1.0, "kraw_med": null, "khr_n": 12, "kraw_n": 0, "rtp_med": 45, "occ_p50": 345, "occcap_p50": 357, "q_p50": 21, "q_p99": 50, "diag_lines": 9, "retx": 437, "w1_rfa_gen": "0", "w2_pfrac_lines": 0, "w4_retx_max": 437, "w5_rack_fa": "10/437", "gates_cli_quantile_clocks": 1, "gates_srv_quantile_clocks": 1, "gates_cli_rack_clocks": 0, "gates_srv_rack_clocks": 0, "gates_cli_derived_sweep": 0, "gates_srv_derived_sweep": 0, "gates_cli_delta_cap": 1, "gates_srv_delta_cap": 1, "gates_cli_sum_cap": 1, "gates_srv_sum_cap": 1, "gates_cli_composed_cap": 0, "gates_srv_composed_cap": 0, "gates_cli_three_term": 0, "gates_srv_three_term": 0, "gates_cli_loss_sent_truth": 0, "gates_srv_loss_sent_truth": 0, "gates_cli_gen": null, "gates_srv_gen": null, "gates_cli_diag": 1, "gates_srv_diag": 1, "gates_cli_ackdiag": 1, "gates_srv_ackdiag": 1, "gates_cli_walldiag": 1, "gates_srv_walldiag": 1, "gates_cli_fdiag": 1, "gates_srv_fdiag": 1, "gates_cli_recov_mp": 1, "gates_srv_recov_mp": 1, "gates_cli_cc_pace": 0, "gates_srv_cc_pace": 0, "gates_cli_rack_reo_mult": 1, "gates_srv_rack_reo_mult": 1, "gates_lines_cli": 1, "gates_lines_srv": 1, "gate_quantile_cli": "1", "gate_quantile_srv": "1", "gate_alpha_cli": "0.002", "gate_alpha_srv": "0.002", "gate_gen_cli": 384, "gate_gen_srv": 384, "qalpha_lines_cli": 2, "qalpha_site_cli": "sender", "qalpha_quantile_cli": 1, "qalpha_contract_cli": 0.001, "qalpha_override_cli": 0.002, "qalpha_cli": 0.002, "qalpha_k_cli": 22.3383, "qalpha_lines_srv": 2, "qalpha_site_srv": "sender", "qalpha_quantile_srv": 1, "qalpha_contract_srv": 0.001, "qalpha_override_srv": 0.002, "qalpha_srv": 0.002, "qalpha_k_srv": 22.3383, "qclk_cli_lines": 1, "qclk_cli_site": "sender", "qclk_cli_alpha": 0.002, "qclk_cli_k": 22.3383, "qclk_cli_w_us_mean": 102521.6, "qclk_cli_srtt_us_mean": 51311.5, "qclk_cli_on": 1, "qclk_cli_evals": 22433, "qclk_cli_kept": 2783, "qclk_cli_w_us_p05": 102674, "qclk_cli_w_us_p50": 102674, "qclk_cli_w_us_p95": 112531, "qclk_cli_w_us_min": 17363, "qclk_cli_w_us_max": 157301, "qclk_cli_law_n": 22260, "qclk_cli_sigma_us_mean": 2292.5, "qclk_cli_sigma_n": 22260, "qclk_srv_lines": 2, "qclk_srv_site": "receiver", "qclk_srv_alpha": 0.002, "qclk_srv_k": 22.3383, "qclk_srv_w_us_mean": 139927.8, "qclk_srv_srtt_us_mean": 43437.0, "qclk_srv_on": 1, "qclk_srv_evals": 10319, "qclk_srv_kept": 2376, "qclk_srv_w_us_p05": 81345, "qclk_srv_w_us_p50": 131338, "qclk_srv_w_us_p95": 231659, "qclk_srv_w_us_min": 43481, "qclk_srv_w_us_max": 231659, "qclk_srv_law_n": 9504, "qclk_srv_sigma_us_mean": 4319.5, "qclk_srv_sigma_n": 9504, "rack_lines_cli": 2, "rack_on_cli": 0, "rack_evals_cli": 0, "rack_ceil_cli": 0.0, "rack_gran_cli": 0.0, "rack_legacy_pin_cli": 0.0, "rack_round_cli": 0.0, "rack_legacy_cli": 0.0, "rack_mult_cli": 1, "rack_fa_n_cli": 10, "rack_fa_d_cli": 437, "rack_fa_frac_cli": 0.0229, "rack_fa_class_cli": 0.0625, "rack_lines_srv": 0, "rack_on_srv": null, "rack_evals_srv": null, "rack_ceil_srv": null, "rack_gran_srv": null, "rack_legacy_pin_srv": null, "rack_round_srv": null, "rack_legacy_srv": null, "rack_mult_srv": null, "rack_fa_n_srv": null, "rack_fa_d_srv": null, "rack_fa_frac_srv": null, "rack_fa_class_srv": null, "rack_fired": 437, "rack_spurious": 10, "rack_fa_frac": 0.0229, "rack_fa_class": 0.0625, "rack_round_us": 0.0, "rack_legacy_us": 0.0, "rack_evals": 0, "rack_legacy_pin": 0.0, "rfa_lines": 2, "rfa_gen": 0, "rfa_fires": 475, "rfa_false": 66, "rfa_fill_coded": 54, "rfa_fill_src": 355, "rfa_dup_src": 23, "rfa_preempt_src": 43, "rfa_src_n": 18145, "rfa_rep_n": 275, "rfa_false_frac": 0.1389, "rfa_nu_recv": 0.02618, "rfa_fa_class": 0.0625, "rfa_bracket_lo": 0.1389, "rfa_bracket_hi": 0.55, "sf_ticks": 343, "sf_E": 0.9825, "sf_short": 0.0262, "sf_zero": 0.0087, "capboot_n": 6, "capboot_frac": 0.0, "ping_n": 50, "ping_p50": 33.2, "ping_p95": 59.6, "ping_p99": 60.1, "ping_tx": 50, "ping_rx": 50, "ping_loss": 0.0, "ping_censor_frac": 0.0, "legs_probed": 1, "leg0_n": 50, "leg0_sent": 50, "leg0_recv": 50, "leg0_sent_source": "summary", "leg0_censor_frac": 0.0, "leg0_censor_pct": 0.0, "leg0_recv_mismatch": false, "leg0_leg_unscoreable": false, "leg0_min": 7.26, "leg0_max": 60.1, "leg0_p50": 33.3, "leg0_p50_censored": false, "leg0_p50_scoreable": true, "leg0_p95": 59.6, "leg0_p95_censored": false, "leg0_p95_scoreable": true, "leg0_p99": 60.1, "leg0_p99_censored": false, "leg0_p99_scoreable": true, "legs_censor_max": 0.0, "wait_tun": 19, "wait_paused": 61, "wait_pace": 0, "wait_gen": 0, "wait_nack": 13, "wait_defc": 0, "wait_tail": 0, "wait_flush": 0, "wait_lines": 6, "deadwall": false, "sig_us_p50": 798.0, "sig_us_n": 21333, "sig_us_path": 0, "sig_paths": 2, "pl_n": 12, "pl_max": 0.6293, "pl_min": 0.0, "pl_p0": 0.0, "pl_p1": 0.6293, "dgq_hand": 21931, "dgq_full": 0, "dgq_err": 0, "dgq_gap": 2, "tc_bytes": 27880217, "tc_pkts": 23099, "tc_drop": 112, "tc_s": 4}
LIVENESS c8-Q002 rep=1 RWM_QUANTILE_CLOCKS=RWM_QUANTILE_CLOCKS=1/RWM_QUANTILE_CLOCKS=1(exp1) RWM_ALPHA_OVERRIDE=RWM_ALPHA_OVERRIDE=0.002/RWM_ALPHA_OVERRIDE=0.002(exp0.002) RWM_DELTA_CAP=RWM_DELTA_CAP=1/RWM_DELTA_CAP=1(exp1) RWM_SUM_CAP=RWM_SUM_CAP=1/RWM_SUM_CAP=1(exp1) RWM_RACK_CLOCKS=RWM_RACK_CLOCKS=0/RWM_RACK_CLOCKS=0(exp0) RWM_DERIVED_SWEEP=RWM_DERIVED_SWEEP=0/RWM_DERIVED_SWEEP=0(exp0) RWM_COMPOSED_CAP=RWM_COMPOSED_CAP=0/RWM_COMPOSED_CAP=0(exp0) RWM_THREE_TERM=RWM_THREE_TERM=0/RWM_THREE_TERM=0(exp0) RWM_STORE_CAP_UNIFIED=RWM_STORE_CAP_UNIFIED=0/RWM_STORE_CAP_UNIFIED=0(exp0) RWM_LATE_BRAKE=RWM_LATE_BRAKE=0/RWM_LATE_BRAKE=0(exp0) RWM_CHARGE_RECOVERY=RWM_CHARGE_RECOVERY=0/RWM_CHARGE_RECOVERY=0(exp0) RWM_RELEASE_1TO1=RWM_RELEASE_1TO1=0/RWM_RELEASE_1TO1=0(exp0) RWM_LOSS_SENT_TRUTH=RWM_LOSS_SENT_TRUTH=0/RWM_LOSS_SENT_TRUTH=0(exp0) RWM_DIAG=RWM_DIAG=1/RWM_DIAG=1(exp1) RWM_ACKDIAG=RWM_ACKDIAG=1/RWM_ACKDIAG=1(exp1) RWM_WALLDIAG=RWM_WALLDIAG=1/RWM_WALLDIAG=1(exp1) RWM_FDIAG=RWM_FDIAG=1/RWM_FDIAG=1(exp1)
QALPHALINE c8-Q002 rep=1 site=cli [QALPHA] site=sender quantile=1 contract_alpha=1.000000e-3 override=2.000000e-3 alpha=2.000000e-3 k=22.3383 fa_class=0.0625
QALPHALINE c8-Q002 rep=1 site=srv [QALPHA] site=receiver quantile=1 contract_alpha=1.000000e-5 override=2.000000e-3 alpha=2.000000e-3 k=22.3383 fa_class=0.0625
QCLKLINE c8-Q002 rep=1 site=cli [QCLK] site=sender on=1 alpha=2.000000e-3 k=22.3383 evals=22433 law_n=22260 kept=2783 w_us_mean=102521.6 w_us_p05=102674 w_us_p50=102674 w_us_p95=112531 w_us_min=17363 w_us_max=157301 srtt_us_mean=51311.5 sigma_us_mean=2292.5/n22260 fa_class=0.0625
QCLKLINE c8-Q002 rep=1 site=srv [QCLK] site=receiver on=1 alpha=2.000000e-3 k=22.3383 evals=4891 law_n=4076 kept=4076 w_us_mean=141916.2 w_us_p05=117935 w_us_p50=141591 w_us_p95=158881 w_us_min=43481 w_us_max=158881 srtt_us_mean=43437.0 sigma_us_mean=4408.6/n4076 fa_class=0.0625
QCLKLINE c8-Q002 rep=1 site=srv [QCLK] site=receiver on=1 alpha=2.000000e-3 k=22.3383 evals=10319 law_n=9504 kept=2376 w_us_mean=139927.8 w_us_p05=81345 w_us_p50=131338 w_us_p95=231659 w_us_min=43481 w_us_max=231659 srtt_us_mean=43437.0 sigma_us_mean=4319.5/n9504 fa_class=0.0625
RACKLINE c8-Q002 rep=1 site=cli [RACK] on=0 evals=0 ceil=0.0000 gran=0.0000 legacy_pin=0.0000 round=0.0 legacy=0.0 mult=1 fa=18/18 fa_frac=1.0000 fa_class=0.06252026-08-20T17:24:26.407020Z  INFO raptorpath::net: TUN closed
RACKLINE c8-Q002 rep=1 site=cli [RACK] on=0 evals=0 ceil=0.0000 gran=0.0000 legacy_pin=0.0000 round=0.0 legacy=0.0 mult=1 fa=10/437 fa_frac=0.0229 fa_class=0.0625
RFALINE c8-Q002 rep=1 site=cli [RFA] gen=0 fires=9 false=9 false_frac=1.0000 fill_coded=0 fill_src=0 dup_src=9 preempt_src=0 src_n=10 rep_n=8 nu_recv=0.90000 fa_class=0.0625
RFALINE c8-Q002 rep=1 site=cli [RFA] gen=0 fires=18 false=18 false_frac=1.0000 fill_coded=0 fill_src=0 dup_src=18 preempt_src=0 src_n=19 rep_n=17 nu_recv=0.94737 fa_class=0.0625
RFALINE c8-Q002 rep=1 site=cli [RFA] gen=0 fires=18 false=18 false_frac=1.0000 fill_coded=0 fill_src=0 dup_src=18 preempt_src=0 src_n=20 rep_n=18 nu_recv=0.90000 fa_class=0.0625
RFALINE c8-Q002 rep=1 site=srv [RFA] gen=0 fires=268 false=41 false_frac=0.1530 fill_coded=19 fill_src=208 dup_src=23 preempt_src=18 src_n=8644 rep_n=150 nu_recv=0.03100 fa_class=0.0625
RFALINE c8-Q002 rep=1 site=srv [RFA] gen=0 fires=475 false=66 false_frac=0.1389 fill_coded=54 fill_src=355 dup_src=23 preempt_src=43 src_n=18145 rep_n=275 nu_recv=0.02618 fa_class=0.0625
DCAPLINE c8-Q002 rep=1 site=cli [DCAP] on=1 eng=379/379 chg=379/379 chg_frac=1.0000 pin=0.0000 floor=0.0000 cap=400.1 ask=399.3 q=0.100000 b=2.0000
WALLLINE c8-Q002 rep=1 site=cli [WALL] onset=1.0000 dur_ms=0.0 retx=0 total_ms=2300.2 it_ms=0.103
ALPHAWITNESS {"cell":"c8","arm":"Q002","alpha":"0.002","seed":42,"rep":1,"rc":0,"mbps":88.175,"band":[50,100],"band_applies":0,"in_band":1,"lossy":1,"qclk_law_n":22260,"rfa_lines":2,"W1_rfa_gen":"0","W2_pfrac_lines":0,"W4_retx_max":437,"W5_rack_fa":"10/437"}
=== rep=1 arm=c8-Q009 alpha=0.009 seed=42 env="RWM_QUANTILE_CLOCKS=1 RWM_ALPHA_OVERRIDE=0.009 RWM_DELTA_CAP=1 RWM_SUM_CAP=1 RWM_RACK_CLOCKS=0 RWM_DERIVED_SWEEP=0 RWM_COMPOSED_CAP=0 RWM_THREE_TERM=0 RWM_STORE_CAP_UNIFIED=0 RWM_LATE_BRAKE=0 RWM_CHARGE_RECOVERY=0 RWM_RELEASE_1TO1=0 RWM_LOSS_SENT_TRUTH=0" cell=c2/c3/dual bytes=25000000 17:24:27
[2m2026-08-20T17:24:28.911001Z[0m [32m INFO[0m [2mraptorpath::gates[0m[2m:[0m [GATES] RWM_UNIFIED=1 RWM_UNIFIED_SHED=1 RWM_TAPER_R=1 RWM_ASTAR_ANCHOR=1 RWM_MSTAR_ANCHOR=1 RWM_PLAIN_RS=0 RWM_HONEST_ANCHOR=1 RWM_HONEST_K=0 RWM_STORE_SACK_RELEASE=1 RWM_STORE_PATHS=1 RWM_STORE_PATH_POOL=2048 RWM_STORE=unset RWM_STORE_GAIN=2 RWM_STORE_BOOT=128 RWM_STORE_CAPW=0 RWM_STORE_CAP_UNIFIED=0 RWM_THREE_TERM=0 RWM_COMPOSED_CAP=0 RWM_SUM_CAP=1 RWM_LATE_BRAKE=0 RWM_DELTA_CAP=1 RWM_STORE_PERCAP=0 RWM_PERCAP_GUARD=1 RWM_STORE_BORROW=0 RWM_HONEST_CAP=1 RWM_POOL_ANCHOR=0 RWM_POOL_DELIV=0 RWM_FLOOR_BOUND=0 RWM_ACK_MERGE=1 RWM_LOSS_SENT_TRUTH=0 RWM_RELEASE_1TO1=0 RWM_CHARGE_RECOVERY=0 RWM_PATIENCE_DERIVED=0 RWM_SIDLE_DERIVED=0 RWM_WIN_DECOUPLE=0 RWM_PLACE_SLACK=0 RWM_COLD_PLACE=0 RWM_GEN=384 RWM_PIPELINE=2 RWM_GEN_PIPE=1 RWM_GEN_R=unset RWM_GEN_RATE=9000 RWM_GEN_RATE_FLOOR=2000 RWM_GEN_INFLIGHT=unset RWM_OOO_RETAIN=0/16 RWM_WINDOW=unset RWM_REPORT_GENS=unset RWM_REPAIR_WAIT=unset RWM_CODED_SRC=0 RWM_NO_REACTIVE=0 RWM_XPATH_REPAIR=0 RWM_PROACTIVE_PACER=0 RWM_REASM_BDP=0 RWM_MIN_R=0 RWM_CC_PACE=0 RWM_CC_PACE_HR=1.1 RWM_REACT_CAP=unset RWM_INFL_CAP=0 RWM_INFL_BDP=unset RWM_COPA_FEED=0 RWM_RS_ATTR=1 RWM_EMIT_BATCH=0 RWM_EMIT_BURST=64 RWM_RECOV_MP=1 RWM_RECOV_MP_LAW=1 RWM_RECOV_MP_LIVE=0 RWM_RECOV_SP=0 RWM_DERIVED_SWEEP=0 RWM_RACK_CLOCKS=0 RWM_RACK_REO_MULT=1 RWM_QUANTILE_CLOCKS=1 RWM_ALPHA_OVERRIDE=0.009 RWM_DIAG=1 RWM_ACKDIAG=1 RWM_ACKDIAG_WINDOW_US=2000000 RWM_WALLDIAG=1 RWM_CPUPROF=0 RWM_RDIAG=0 RWM_FDIAG=1 RWM_TRACE=0 RWM_PFRAC=0
{"bytes":25000000,"dnf":0,"hint":"bulk","max_s":2.2089,"mean_mbps":90.542,"mean_s":2.2089,"median_s":2.2089,"min_s":2.2089,"proto":"rp-native","runs":1,"stdev_s":0.0,"summary":true}
    LATPROBE-LEG leg=0 file=/tmp/rwm-ping-0.txt sent=49 recv=48 censor=2.04% p50=68.5[censor=2.04% ok] p95=91.3[censor=2.04% ok] p99=93.4[censor=2.04% UNSCOREABLE(inside censored tail)]
    LATPROBE-LEG leg=1 file=/tmp/rwm-ping-1.txt sent=49 recv=45 censor=8.16% p50=41.9[censor=8.16% ok] p95=119.0[censor=8.16% UNSCOREABLE(inside censored tail)] p99=126.0[censor=8.16% UNSCOREABLE(inside censored tail)]
    LATPROBE: 2 leg(s) /tmp/rwm-ping-0.txt=48 /tmp/rwm-ping-1.txt=45 replies
    CPU: CPUSRV=2.14s CPUCLI=1.71s (srv=decoder cli=sender; whole-invocation incl warmup)
    QDISC cli0: qdisc netem a2c9: root refcnt 7 limit 1000 delay 5ms  3ms loss gemodel p 1.3% r 50% 1-h 100% 1-k 0% rate 100Mbit seed 42  Sent 27193558 bytes 21293 pkt (dropped 97, overlimits 0 requeues 0)   backlog 0b 0p requeues 0 
    QDISC cli1: qdisc netem a2ca: root refcnt 7 limit 1000 delay 20ms  5ms loss gemodel p 2% r 40% 1-h 100% 1-k 0% rate 20Mbit seed 1042  Sent 923264 bytes 866 pkt (dropped 18, overlimits 0 requeues 0)   backlog 0b 0p requeues 0 
    QDISC srv0: qdisc netem a2cb: root refcnt 7 limit 1000 delay 5ms  3ms rate 100Mbit seed 12055381019919174125  Sent 2746021 bytes 15211 pkt (dropped 0, overlimits 0 requeues 0)   backlog 0b 0p requeues 0 
    QDISC srv1: qdisc netem a2cc: root refcnt 7 limit 1000 delay 20ms  5ms rate 20Mbit seed 10575217204851028935  Sent 128521 bytes 728 pkt (dropped 0, overlimits 0 requeues 0)   backlog 0b 0p requeues 0 
    QCAP: /tmp/rwm-q.txt 18 lines
RUNTIME c8-Q009 rep=1 4s rc=0
ALPHARESULT {"cell": "c8", "arm": "Q009", "alpha_cmd": 0.009, "seed": 42, "rep": 1, "n_paths": 2, "dnf": false, "dnf_count": 0, "mbps": 90.542, "mean_mbps": 90.542, "seconds": 2.2089, "n_runs": 1, "cpusrv": 2.14, "cpucli": 1.71, "khr_med": 1.0, "kraw_med": null, "khr_n": 10, "kraw_n": 0, "rtp_med": 10, "occ_p50": 1099, "occcap_p50": 1121, "q_p50": 65, "q_p99": 105, "diag_lines": 8, "retx": 581, "w1_rfa_gen": "0", "w2_pfrac_lines": 0, "w4_retx_max": 581, "w5_rack_fa": "106/648", "gates_cli_quantile_clocks": 1, "gates_srv_quantile_clocks": 1, "gates_cli_rack_clocks": 0, "gates_srv_rack_clocks": 0, "gates_cli_derived_sweep": 0, "gates_srv_derived_sweep": 0, "gates_cli_delta_cap": 1, "gates_srv_delta_cap": 1, "gates_cli_sum_cap": 1, "gates_srv_sum_cap": 1, "gates_cli_composed_cap": 0, "gates_srv_composed_cap": 0, "gates_cli_three_term": 0, "gates_srv_three_term": 0, "gates_cli_loss_sent_truth": 0, "gates_srv_loss_sent_truth": 0, "gates_cli_gen": null, "gates_srv_gen": null, "gates_cli_diag": 1, "gates_srv_diag": 1, "gates_cli_ackdiag": 1, "gates_srv_ackdiag": 1, "gates_cli_walldiag": 1, "gates_srv_walldiag": 1, "gates_cli_fdiag": 1, "gates_srv_fdiag": 1, "gates_cli_recov_mp": 1, "gates_srv_recov_mp": 1, "gates_cli_cc_pace": 0, "gates_srv_cc_pace": 0, "gates_cli_rack_reo_mult": 1, "gates_srv_rack_reo_mult": 1, "gates_lines_cli": 1, "gates_lines_srv": 1, "gate_quantile_cli": "1", "gate_quantile_srv": "1", "gate_alpha_cli": "0.009", "gate_alpha_srv": "0.009", "gate_gen_cli": 384, "gate_gen_srv": 384, "qalpha_lines_cli": 2, "qalpha_site_cli": "sender", "qalpha_quantile_cli": 1, "qalpha_contract_cli": 0.001, "qalpha_override_cli": 0.009, "qalpha_cli": 0.009, "qalpha_k_cli": 10.4934, "qalpha_lines_srv": 2, "qalpha_site_srv": "receiver", "qalpha_quantile_srv": 1, "qalpha_contract_srv": 1e-05, "qalpha_override_srv": 0.009, "qalpha_srv": 0.009, "qalpha_k_srv": 10.4934, "qclk_cli_lines": 1, "qclk_cli_site": "sender", "qclk_cli_alpha": 0.009, "qclk_cli_k": 10.4934, "qclk_cli_w_us_mean": 262622.4, "qclk_cli_srtt_us_mean": 99378.8, "qclk_cli_on": 1, "qclk_cli_evals": 22422, "qclk_cli_kept": 2778, "qclk_cli_w_us_p05": 73539, "qclk_cli_w_us_p50": 387192, "qclk_cli_w_us_p95": 452509, "qclk_cli_w_us_min": 18322, "qclk_cli_w_us_max": 500937, "qclk_cli_law_n": 22225, "qclk_cli_sigma_us_mean": 15556.9, "qclk_cli_sigma_n": 22225, "qclk_srv_lines": 2, "qclk_srv_site": "receiver", "qclk_srv_alpha": 0.009, "qclk_srv_k": 10.4934, "qclk_srv_w_us_mean": 335456.7, "qclk_srv_srtt_us_mean": 70920.5, "qclk_srv_on": 1, "qclk_srv_evals": 16108, "qclk_srv_kept": 3839, "qclk_srv_w_us_p05": 99994, "qclk_srv_w_us_p50": 399819, "qclk_srv_w_us_p95": 435954, "qclk_srv_w_us_min": 99994, "qclk_srv_w_us_max": 437862, "qclk_srv_law_n": 15356, "qclk_srv_sigma_us_mean": 25209.9, "qclk_srv_sigma_n": 15356, "rack_lines_cli": 2, "rack_on_cli": 0, "rack_evals_cli": 0, "rack_ceil_cli": 0.0, "rack_gran_cli": 0.0, "rack_legacy_pin_cli": 0.0, "rack_round_cli": 0.0, "rack_legacy_cli": 0.0, "rack_mult_cli": 1, "rack_fa_n_cli": 106, "rack_fa_d_cli": 648, "rack_fa_frac_cli": 0.1636, "rack_fa_class_cli": 0.0625, "rack_lines_srv": 0, "rack_on_srv": null, "rack_evals_srv": null, "rack_ceil_srv": null, "rack_gran_srv": null, "rack_legacy_pin_srv": null, "rack_round_srv": null, "rack_legacy_srv": null, "rack_mult_srv": null, "rack_fa_n_srv": null, "rack_fa_d_srv": null, "rack_fa_frac_srv": null, "rack_fa_class_srv": null, "rack_fired": 648, "rack_spurious": 106, "rack_fa_frac": 0.1636, "rack_fa_class": 0.0625, "rack_round_us": 0.0, "rack_legacy_us": 0.0, "rack_evals": 0, "rack_legacy_pin": 0.0, "rfa_lines": 2, "rfa_gen": 0, "rfa_fires": 2943, "rfa_false": 155, "rfa_fill_coded": 65, "rfa_fill_src": 2723, "rfa_dup_src": 97, "rfa_preempt_src": 58, "rfa_src_n": 18887, "rfa_rep_n": 344, "rfa_false_frac": 0.0527, "rfa_nu_recv": 0.15582, "rfa_fa_class": 0.0625, "rfa_bracket_lo": 0.0527, "rfa_bracket_hi": 0.704545, "sf_ticks": 347, "sf_E": 0.9164, "sf_short": 0.1585, "sf_zero": 0.0086, "capboot_n": 5, "capboot_frac": 0.0, "ping_n": 48, "ping_p50": 68.5, "ping_p95": 91.3, "ping_p99": 93.4, "ping_tx": 49, "ping_rx": 48, "ping_loss": 2.04, "ping_censor_frac": 0.0204, "legs_probed": 1, "leg0_n": 48, "leg0_sent": 49, "leg0_recv": 48, "leg0_sent_source": "summary", "leg0_censor_frac": 0.0204, "leg0_censor_pct": 2.04, "leg0_recv_mismatch": false, "leg0_leg_unscoreable": false, "leg0_min": 6.51, "leg0_max": 93.4, "leg0_p50": 68.5, "leg0_p50_censored": false, "leg0_p50_scoreable": true, "leg0_p95": 91.3, "leg0_p95_censored": false, "leg0_p95_scoreable": true, "leg0_p99": 93.4, "leg0_p99_censored": true, "leg0_p99_scoreable": false, "legs_censor_max": 0.0204, "wait_tun": 27, "wait_paused": 41, "wait_pace": 0, "wait_gen": 0, "wait_nack": 30, "wait_defc": 0, "wait_tail": 0, "wait_flush": 0, "wait_lines": 5, "deadwall": false, "sig_us_p50": 290.0, "sig_us_n": 18734, "sig_us_path": 0, "sig_paths": 2, "pl_n": 10, "pl_max": 0.6854, "pl_min": 0.0, "pl_p0": 0.0, "pl_p1": 0.6854, "dgq_hand": 21069, "dgq_full": 0, "dgq_err": 0, "dgq_gap": 227, "tc_bytes": 28116822, "tc_pkts": 22159, "tc_drop": 115, "tc_s": 4}
LIVENESS c8-Q009 rep=1 RWM_QUANTILE_CLOCKS=RWM_QUANTILE_CLOCKS=1/RWM_QUANTILE_CLOCKS=1(exp1) RWM_ALPHA_OVERRIDE=RWM_ALPHA_OVERRIDE=0.009/RWM_ALPHA_OVERRIDE=0.009(exp0.009) RWM_DELTA_CAP=RWM_DELTA_CAP=1/RWM_DELTA_CAP=1(exp1) RWM_SUM_CAP=RWM_SUM_CAP=1/RWM_SUM_CAP=1(exp1) RWM_RACK_CLOCKS=RWM_RACK_CLOCKS=0/RWM_RACK_CLOCKS=0(exp0) RWM_DERIVED_SWEEP=RWM_DERIVED_SWEEP=0/RWM_DERIVED_SWEEP=0(exp0) RWM_COMPOSED_CAP=RWM_COMPOSED_CAP=0/RWM_COMPOSED_CAP=0(exp0) RWM_THREE_TERM=RWM_THREE_TERM=0/RWM_THREE_TERM=0(exp0) RWM_STORE_CAP_UNIFIED=RWM_STORE_CAP_UNIFIED=0/RWM_STORE_CAP_UNIFIED=0(exp0) RWM_LATE_BRAKE=RWM_LATE_BRAKE=0/RWM_LATE_BRAKE=0(exp0) RWM_CHARGE_RECOVERY=RWM_CHARGE_RECOVERY=0/RWM_CHARGE_RECOVERY=0(exp0) RWM_RELEASE_1TO1=RWM_RELEASE_1TO1=0/RWM_RELEASE_1TO1=0(exp0) RWM_LOSS_SENT_TRUTH=RWM_LOSS_SENT_TRUTH=0/RWM_LOSS_SENT_TRUTH=0(exp0) RWM_DIAG=RWM_DIAG=1/RWM_DIAG=1(exp1) RWM_ACKDIAG=RWM_ACKDIAG=1/RWM_ACKDIAG=1(exp1) RWM_WALLDIAG=RWM_WALLDIAG=1/RWM_WALLDIAG=1(exp1) RWM_FDIAG=RWM_FDIAG=1/RWM_FDIAG=1(exp1)
QALPHALINE c8-Q009 rep=1 site=cli [QALPHA] site=sender quantile=1 contract_alpha=1.000000e-3 override=9.000000e-3 alpha=9.000000e-3 k=10.4934 fa_class=0.0625
QALPHALINE c8-Q009 rep=1 site=srv [QALPHA] site=receiver quantile=1 contract_alpha=1.000000e-5 override=9.000000e-3 alpha=9.000000e-3 k=10.4934 fa_class=0.0625
QCLKLINE c8-Q009 rep=1 site=cli [QCLK] site=sender on=1 alpha=9.000000e-3 k=10.4934 evals=22422 law_n=22225 kept=2778 w_us_mean=262622.4 w_us_p05=73539 w_us_p50=387192 w_us_p95=452509 w_us_min=18322 w_us_max=500937 srtt_us_mean=99378.8 sigma_us_mean=15556.9/n22225 fa_class=0.0625
QCLKLINE c8-Q009 rep=1 site=srv [QCLK] site=receiver on=1 alpha=9.000000e-3 k=10.4934 evals=7375 law_n=6623 kept=3312 w_us_mean=225279.7 w_us_p05=99994 w_us_p50=280746 w_us_p95=287980 w_us_min=99994 w_us_max=287980 srtt_us_mean=55554.4 sigma_us_mean=16174.5/n6623 fa_class=0.0625
QCLKLINE c8-Q009 rep=1 site=srv [QCLK] site=receiver on=1 alpha=9.000000e-3 k=10.4934 evals=16108 law_n=15356 kept=3839 w_us_mean=335456.7 w_us_p05=99994 w_us_p50=399819 w_us_p95=435954 w_us_min=99994 w_us_max=437862 srtt_us_mean=70920.5 sigma_us_mean=25209.9/n15356 fa_class=0.0625
RACKLINE c8-Q009 rep=1 site=cli [RACK] on=0 evals=0 ceil=0.0000 gran=0.0000 legacy_pin=0.0000 round=0.0 legacy=0.0 mult=1 fa=9/9 fa_frac=1.0000 fa_class=0.0625
RACKLINE c8-Q009 rep=1 site=cli [RACK] on=0 evals=0 ceil=0.0000 gran=0.0000 legacy_pin=0.0000 round=0.0 legacy=0.0 mult=1 fa=106/648 fa_frac=0.1636 fa_class=0.0625
RFALINE c8-Q009 rep=1 site=cli [RFA] gen=0 fires=7 false=7 false_frac=1.0000 fill_coded=0 fill_src=0 dup_src=7 preempt_src=0 src_n=8 rep_n=6 nu_recv=0.87500 fa_class=0.0625
RFALINE c8-Q009 rep=1 site=cli [RFA] gen=0 fires=9 false=9 false_frac=1.0000 fill_coded=0 fill_src=0 dup_src=9 preempt_src=0 src_n=11 rep_n=9 nu_recv=0.81818 fa_class=0.0625
RFALINE c8-Q009 rep=1 site=cli [RFA] gen=0 fires=9 false=9 false_frac=1.0000 fill_coded=0 fill_src=0 dup_src=9 preempt_src=0 src_n=11 rep_n=9 nu_recv=0.81818 fa_class=0.0625
RFALINE c8-Q009 rep=1 site=srv [RFA] gen=0 fires=1374 false=111 false_frac=0.0808 fill_coded=26 fill_src=1237 dup_src=90 preempt_src=21 src_n=9401 rep_n=173 nu_recv=0.14615 fa_class=0.0625
RFALINE c8-Q009 rep=1 site=srv [RFA] gen=0 fires=2943 false=155 false_frac=0.0527 fill_coded=65 fill_src=2723 dup_src=97 preempt_src=58 src_n=18887 rep_n=344 nu_recv=0.15582 fa_class=0.0625
DCAPLINE c8-Q009 rep=1 site=cli [DCAP] on=1 eng=383/383 chg=383/383 chg_frac=1.0000 pin=0.0000 floor=0.0000 cap=915.6 ask=915.3 q=0.100000 b=2.0000
WALLLINE c8-Q009 rep=1 site=cli [WALL] onset=1.0000 dur_ms=0.0 retx=0 total_ms=2236.8 it_ms=0.100
ALPHAWITNESS {"cell":"c8","arm":"Q009","alpha":"0.009","seed":42,"rep":1,"rc":0,"mbps":90.542,"band":[50,100],"band_applies":0,"in_band":1,"lossy":1,"qclk_law_n":22225,"rfa_lines":2,"W1_rfa_gen":"0","W2_pfrac_lines":0,"W4_retx_max":581,"W5_rack_fa":"106/648"}
=== rep=1 arm=c8-Q050 alpha=0.05 seed=42 env="RWM_QUANTILE_CLOCKS=1 RWM_ALPHA_OVERRIDE=0.05 RWM_DELTA_CAP=1 RWM_SUM_CAP=1 RWM_RACK_CLOCKS=0 RWM_DERIVED_SWEEP=0 RWM_COMPOSED_CAP=0 RWM_THREE_TERM=0 RWM_STORE_CAP_UNIFIED=0 RWM_LATE_BRAKE=0 RWM_CHARGE_RECOVERY=0 RWM_RELEASE_1TO1=0 RWM_LOSS_SENT_TRUTH=0" cell=c2/c3/dual bytes=25000000 17:24:32
[2m2026-08-20T17:24:33.776244Z[0m [32m INFO[0m [2mraptorpath::gates[0m[2m:[0m [GATES] RWM_UNIFIED=1 RWM_UNIFIED_SHED=1 RWM_TAPER_R=1 RWM_ASTAR_ANCHOR=1 RWM_MSTAR_ANCHOR=1 RWM_PLAIN_RS=0 RWM_HONEST_ANCHOR=1 RWM_HONEST_K=0 RWM_STORE_SACK_RELEASE=1 RWM_STORE_PATHS=1 RWM_STORE_PATH_POOL=2048 RWM_STORE=unset RWM_STORE_GAIN=2 RWM_STORE_BOOT=128 RWM_STORE_CAPW=0 RWM_STORE_CAP_UNIFIED=0 RWM_THREE_TERM=0 RWM_COMPOSED_CAP=0 RWM_SUM_CAP=1 RWM_LATE_BRAKE=0 RWM_DELTA_CAP=1 RWM_STORE_PERCAP=0 RWM_PERCAP_GUARD=1 RWM_STORE_BORROW=0 RWM_HONEST_CAP=1 RWM_POOL_ANCHOR=0 RWM_POOL_DELIV=0 RWM_FLOOR_BOUND=0 RWM_ACK_MERGE=1 RWM_LOSS_SENT_TRUTH=0 RWM_RELEASE_1TO1=0 RWM_CHARGE_RECOVERY=0 RWM_PATIENCE_DERIVED=0 RWM_SIDLE_DERIVED=0 RWM_WIN_DECOUPLE=0 RWM_PLACE_SLACK=0 RWM_COLD_PLACE=0 RWM_GEN=384 RWM_PIPELINE=2 RWM_GEN_PIPE=1 RWM_GEN_R=unset RWM_GEN_RATE=9000 RWM_GEN_RATE_FLOOR=2000 RWM_GEN_INFLIGHT=unset RWM_OOO_RETAIN=0/16 RWM_WINDOW=unset RWM_REPORT_GENS=unset RWM_REPAIR_WAIT=unset RWM_CODED_SRC=0 RWM_NO_REACTIVE=0 RWM_XPATH_REPAIR=0 RWM_PROACTIVE_PACER=0 RWM_REASM_BDP=0 RWM_MIN_R=0 RWM_CC_PACE=0 RWM_CC_PACE_HR=1.1 RWM_REACT_CAP=unset RWM_INFL_CAP=0 RWM_INFL_BDP=unset RWM_COPA_FEED=0 RWM_RS_ATTR=1 RWM_EMIT_BATCH=0 RWM_EMIT_BURST=64 RWM_RECOV_MP=1 RWM_RECOV_MP_LAW=1 RWM_RECOV_MP_LIVE=0 RWM_RECOV_SP=0 RWM_DERIVED_SWEEP=0 RWM_RACK_CLOCKS=0 RWM_RACK_REO_MULT=1 RWM_QUANTILE_CLOCKS=1 RWM_ALPHA_OVERRIDE=0.05 RWM_DIAG=1 RWM_ACKDIAG=1 RWM_ACKDIAG_WINDOW_US=2000000 RWM_WALLDIAG=1 RWM_CPUPROF=0 RWM_RDIAG=0 RWM_FDIAG=1 RWM_TRACE=0 RWM_PFRAC=0
{"bytes":25000000,"dnf":0,"hint":"bulk","max_s":2.0525,"mean_mbps":97.441,"mean_s":2.0525,"median_s":2.0525,"min_s":2.0525,"proto":"rp-native","runs":1,"stdev_s":0.0,"summary":true}
    LATPROBE-LEG leg=0 file=/tmp/rwm-ping-0.txt sent=44 recv=43 censor=2.27% p50=94.7[censor=2.27% ok] p95=172.0[censor=2.27% ok] p99=185.0[censor=2.27% UNSCOREABLE(inside censored tail)]
    LATPROBE-LEG leg=1 file=/tmp/rwm-ping-1.txt sent=44 recv=43 censor=2.27% p50=63.7[censor=2.27% ok] p95=207.0[censor=2.27% ok] p99=217.0[censor=2.27% UNSCOREABLE(inside censored tail)]
    LATPROBE: 2 leg(s) /tmp/rwm-ping-0.txt=43 /tmp/rwm-ping-1.txt=43 replies
    CPU: CPUSRV=2.21s CPUCLI=2.08s (srv=decoder cli=sender; whole-invocation incl warmup)
    QDISC cli0: qdisc netem a2cd: root refcnt 7 limit 1000 delay 5ms  3ms loss gemodel p 1.3% r 50% 1-h 100% 1-k 0% rate 100Mbit seed 42  Sent 24987698 bytes 20322 pkt (dropped 113, overlimits 0 requeues 0)   backlog 0b 0p requeues 0 
    QDISC cli1: qdisc netem a2ce: root refcnt 7 limit 1000 delay 20ms  5ms loss gemodel p 2% r 40% 1-h 100% 1-k 0% rate 20Mbit seed 1042  Sent 3326960 bytes 2945 pkt (dropped 57, overlimits 0 requeues 0)   backlog 0b 0p requeues 0 
    QDISC srv0: qdisc netem a2cf: root refcnt 7 limit 1000 delay 5ms  3ms rate 100Mbit seed 5223946290826304974  Sent 2801955 bytes 13966 pkt (dropped 0, overlimits 0 requeues 0)   backlog 0b 0p requeues 0 
    QDISC srv1: qdisc netem a2d0: root refcnt 7 limit 1000 delay 20ms  5ms rate 20Mbit seed 10032145596298519817  Sent 454157 bytes 2597 pkt (dropped 0, overlimits 0 requeues 0)   backlog 0b 0p requeues 0 
    QCAP: /tmp/rwm-q.txt 18 lines
RUNTIME c8-Q050 rep=1 4s rc=0
ALPHARESULT {"cell": "c8", "arm": "Q050", "alpha_cmd": 0.05, "seed": 42, "rep": 1, "n_paths": 2, "dnf": false, "dnf_count": 0, "mbps": 97.441, "mean_mbps": 97.441, "seconds": 2.0525, "n_runs": 1, "cpusrv": 2.21, "cpucli": 2.08, "khr_med": 1.0, "kraw_med": null, "khr_n": 10, "kraw_n": 0, "rtp_med": 12, "occ_p50": 1559, "occcap_p50": 1608, "q_p50": 136, "q_p99": 288, "diag_lines": 8, "retx": 862, "w1_rfa_gen": "0", "w2_pfrac_lines": 0, "w4_retx_max": 862, "w5_rack_fa": "234/872", "gates_cli_quantile_clocks": 1, "gates_srv_quantile_clocks": 1, "gates_cli_rack_clocks": 0, "gates_srv_rack_clocks": 0, "gates_cli_derived_sweep": 0, "gates_srv_derived_sweep": 0, "gates_cli_delta_cap": 1, "gates_srv_delta_cap": 1, "gates_cli_sum_cap": 1, "gates_srv_sum_cap": 1, "gates_cli_composed_cap": 0, "gates_srv_composed_cap": 0, "gates_cli_three_term": 0, "gates_srv_three_term": 0, "gates_cli_loss_sent_truth": 0, "gates_srv_loss_sent_truth": 0, "gates_cli_gen": null, "gates_srv_gen": null, "gates_cli_diag": 1, "gates_srv_diag": 1, "gates_cli_ackdiag": 1, "gates_srv_ackdiag": 1, "gates_cli_walldiag": 1, "gates_srv_walldiag": 1, "gates_cli_fdiag": 1, "gates_srv_fdiag": 1, "gates_cli_recov_mp": 1, "gates_srv_recov_mp": 1, "gates_cli_cc_pace": 0, "gates_srv_cc_pace": 0, "gates_cli_rack_reo_mult": 1, "gates_srv_rack_reo_mult": 1, "gates_lines_cli": 1, "gates_lines_srv": 1, "gate_quantile_cli": "1", "gate_quantile_srv": "1", "gate_alpha_cli": "0.05", "gate_alpha_srv": "0.05", "gate_gen_cli": 384, "gate_gen_srv": 384, "qalpha_lines_cli": 2, "qalpha_site_cli": "sender", "qalpha_quantile_cli": 1, "qalpha_contract_cli": 0.001, "qalpha_override_cli": 0.05, "qalpha_cli": 0.05, "qalpha_k_cli": 4.3589, "qalpha_lines_srv": 2, "qalpha_site_srv": "sender", "qalpha_quantile_srv": 1, "qalpha_contract_srv": 0.001, "qalpha_override_srv": 0.05, "qalpha_srv": 0.05, "qalpha_k_srv": 4.3589, "qclk_cli_lines": 1, "qclk_cli_site": "sender", "qclk_cli_alpha": 0.05, "qclk_cli_k": 4.3589, "qclk_cli_w_us_mean": 239670.2, "qclk_cli_srtt_us_mean": 196377.6, "qclk_cli_on": 1, "qclk_cli_evals": 21998, "qclk_cli_kept": 2728, "qclk_cli_w_us_p05": 73032, "qclk_cli_w_us_p50": 219542, "qclk_cli_w_us_p95": 438630, "qclk_cli_w_us_min": 15348, "qclk_cli_w_us_max": 738898, "qclk_cli_law_n": 21828, "qclk_cli_sigma_us_mean": 9932.1, "qclk_cli_sigma_n": 21828, "qclk_srv_lines": 2, "qclk_srv_site": "receiver", "qclk_srv_alpha": 0.05, "qclk_srv_k": 4.3589, "qclk_srv_w_us_mean": 223975.8, "qclk_srv_srtt_us_mean": 88514.8, "qclk_srv_on": 1, "qclk_srv_evals": 20694, "qclk_srv_kept": 2476, "qclk_srv_w_us_p05": 46571, "qclk_srv_w_us_p50": 248619, "qclk_srv_w_us_p95": 314198, "qclk_srv_w_us_min": 46571, "qclk_srv_w_us_max": 323272, "qclk_srv_law_n": 19811, "qclk_srv_sigma_us_mean": 31077.0, "qclk_srv_sigma_n": 19811, "rack_lines_cli": 2, "rack_on_cli": 0, "rack_evals_cli": 0, "rack_ceil_cli": 0.0, "rack_gran_cli": 0.0, "rack_legacy_pin_cli": 0.0, "rack_round_cli": 0.0, "rack_legacy_cli": 0.0, "rack_mult_cli": 1, "rack_fa_n_cli": 234, "rack_fa_d_cli": 872, "rack_fa_frac_cli": 0.2683, "rack_fa_class_cli": 0.0625, "rack_lines_srv": 0, "rack_on_srv": null, "rack_evals_srv": null, "rack_ceil_srv": null, "rack_gran_srv": null, "rack_legacy_pin_srv": null, "rack_round_srv": null, "rack_legacy_srv": null, "rack_mult_srv": null, "rack_fa_n_srv": null, "rack_fa_d_srv": null, "rack_fa_frac_srv": null, "rack_fa_class_srv": null, "rack_fired": 872, "rack_spurious": 234, "rack_fa_frac": 0.2683, "rack_fa_class": 0.0625, "rack_round_us": 0.0, "rack_legacy_us": 0.0, "rack_evals": 0, "rack_legacy_pin": 0.0, "rfa_lines": 2, "rfa_gen": 0, "rfa_fires": 5794, "rfa_false": 376, "rfa_fill_coded": 158, "rfa_fill_src": 5260, "rfa_dup_src": 264, "rfa_preempt_src": 112, "rfa_src_n": 20485, "rfa_rep_n": 389, "rfa_false_frac": 0.0649, "rfa_nu_recv": 0.28284, "rfa_fa_class": 0.0625, "rfa_bracket_lo": 0.0649, "rfa_bracket_hi": 0.70412, "sf_ticks": 340, "sf_E": 0.9618, "sf_short": 0.0676, "sf_zero": 0.0088, "capboot_n": 5, "capboot_frac": 0.0, "ping_n": 43, "ping_p50": 94.7, "ping_p95": 172.0, "ping_p99": 185.0, "ping_tx": 44, "ping_rx": 43, "ping_loss": 2.27, "ping_censor_frac": 0.0227, "legs_probed": 1, "leg0_n": 43, "leg0_sent": 44, "leg0_recv": 43, "leg0_sent_source": "summary", "leg0_censor_frac": 0.0227, "leg0_censor_pct": 2.27, "leg0_recv_mismatch": false, "leg0_leg_unscoreable": false, "leg0_min": 9.63, "leg0_max": 185.0, "leg0_p50": 94.7, "leg0_p50_censored": false, "leg0_p50_scoreable": true, "leg0_p95": 172.0, "leg0_p95_censored": false, "leg0_p95_scoreable": true, "leg0_p99": 185.0, "leg0_p99_censored": true, "leg0_p99_scoreable": false, "legs_censor_max": 0.0227, "wait_tun": 57, "wait_paused": 21, "wait_pace": 0, "wait_gen": 0, "wait_nack": 22, "wait_defc": 0, "wait_tail": 0, "wait_flush": 0, "wait_lines": 5, "deadwall": false, "sig_us_p50": 479.0, "sig_us_n": 19060, "sig_us_path": 0, "sig_paths": 2, "pl_n": 10, "pl_max": 0.7259, "pl_min": 0.0004, "pl_p0": 0.0004, "pl_p1": 0.7259, "dgq_hand": 22448, "dgq_full": 0, "dgq_err": 0, "dgq_gap": 0, "tc_bytes": 28314658, "tc_pkts": 23267, "tc_drop": 170, "tc_s": 4}
LIVENESS c8-Q050 rep=1 RWM_QUANTILE_CLOCKS=RWM_QUANTILE_CLOCKS=1/RWM_QUANTILE_CLOCKS=1(exp1) RWM_ALPHA_OVERRIDE=RWM_ALPHA_OVERRIDE=0.05/RWM_ALPHA_OVERRIDE=0.05(exp0.05) RWM_DELTA_CAP=RWM_DELTA_CAP=1/RWM_DELTA_CAP=1(exp1) RWM_SUM_CAP=RWM_SUM_CAP=1/RWM_SUM_CAP=1(exp1) RWM_RACK_CLOCKS=RWM_RACK_CLOCKS=0/RWM_RACK_CLOCKS=0(exp0) RWM_DERIVED_SWEEP=RWM_DERIVED_SWEEP=0/RWM_DERIVED_SWEEP=0(exp0) RWM_COMPOSED_CAP=RWM_COMPOSED_CAP=0/RWM_COMPOSED_CAP=0(exp0) RWM_THREE_TERM=RWM_THREE_TERM=0/RWM_THREE_TERM=0(exp0) RWM_STORE_CAP_UNIFIED=RWM_STORE_CAP_UNIFIED=0/RWM_STORE_CAP_UNIFIED=0(exp0) RWM_LATE_BRAKE=RWM_LATE_BRAKE=0/RWM_LATE_BRAKE=0(exp0) RWM_CHARGE_RECOVERY=RWM_CHARGE_RECOVERY=0/RWM_CHARGE_RECOVERY=0(exp0) RWM_RELEASE_1TO1=RWM_RELEASE_1TO1=0/RWM_RELEASE_1TO1=0(exp0) RWM_LOSS_SENT_TRUTH=RWM_LOSS_SENT_TRUTH=0/RWM_LOSS_SENT_TRUTH=0(exp0) RWM_DIAG=RWM_DIAG=1/RWM_DIAG=1(exp1) RWM_ACKDIAG=RWM_ACKDIAG=1/RWM_ACKDIAG=1(exp1) RWM_WALLDIAG=RWM_WALLDIAG=1/RWM_WALLDIAG=1(exp1) RWM_FDIAG=RWM_FDIAG=1/RWM_FDIAG=1(exp1)
QALPHALINE c8-Q050 rep=1 site=cli [QALPHA] site=sender quantile=1 contract_alpha=1.000000e-3 override=5.000000e-2 alpha=5.000000e-2 k=4.3589 fa_class=0.0625
QALPHALINE c8-Q050 rep=1 site=srv [QALPHA] site=receiver quantile=1 contract_alpha=1.000000e-5 override=5.000000e-2 alpha=5.000000e-2 k=4.3589 fa_class=0.0625
QCLKLINE c8-Q050 rep=1 site=cli [QCLK] site=sender on=1 alpha=5.000000e-2 k=4.3589 evals=21998 law_n=21828 kept=2728 w_us_mean=239670.2 w_us_p05=73032 w_us_p50=219542 w_us_p95=438630 w_us_min=15348 w_us_max=738898 srtt_us_mean=196377.6 sigma_us_mean=9932.1/n21828 fa_class=0.0625
QCLKLINE c8-Q050 rep=1 site=srv [QCLK] site=receiver on=1 alpha=5.000000e-2 k=4.3589 evals=10147 law_n=9264 kept=2316 w_us_mean=155938.4 w_us_p05=46571 w_us_p50=148635 w_us_p95=290745 w_us_min=46571 w_us_max=290745 srtt_us_mean=65515.5 sigma_us_mean=20744.6/n9264 fa_class=0.0625
QCLKLINE c8-Q050 rep=1 site=srv [QCLK] site=receiver on=1 alpha=5.000000e-2 k=4.3589 evals=20694 law_n=19811 kept=2476 w_us_mean=223975.8 w_us_p05=46571 w_us_p50=248619 w_us_p95=314198 w_us_min=46571 w_us_max=323272 srtt_us_mean=88514.8 sigma_us_mean=31077.0/n19811 fa_class=0.0625
RACKLINE c8-Q050 rep=1 site=cli [RACK] on=0 evals=0 ceil=0.0000 gran=0.0000 legacy_pin=0.0000 round=0.0 legacy=0.0 mult=1 fa=11/11 fa_frac=1.0000 fa_class=0.0625
RACKLINE c8-Q050 rep=1 site=cli [RACK] on=0 evals=0 ceil=0.0000 gran=0.0000 legacy_pin=0.0000 round=0.0 legacy=0.0 mult=1 fa=234/872 fa_frac=0.2683 fa_class=0.0625
RFALINE c8-Q050 rep=1 site=cli [RFA] gen=0 fires=8 false=8 false_frac=1.0000 fill_coded=0 fill_src=0 dup_src=8 preempt_src=0 src_n=9 rep_n=7 nu_recv=0.88889 fa_class=0.0625
RFALINE c8-Q050 rep=1 site=cli [RFA] gen=0 fires=11 false=11 false_frac=1.0000 fill_coded=0 fill_src=0 dup_src=11 preempt_src=0 src_n=13 rep_n=11 nu_recv=0.84615 fa_class=0.0625
RFALINE c8-Q050 rep=1 site=srv [RFA] gen=0 fires=3664 false=222 false_frac=0.0606 fill_coded=62 fill_src=3380 dup_src=176 preempt_src=46 src_n=10074 rep_n=152 nu_recv=0.36371 fa_class=0.0625
RFALINE c8-Q050 rep=1 site=srv [RFA] gen=0 fires=5794 false=376 false_frac=0.0649 fill_coded=158 fill_src=5260 dup_src=264 preempt_src=112 src_n=20485 rep_n=389 nu_recv=0.28284 fa_class=0.0625
DCAPLINE c8-Q050 rep=1 site=cli [DCAP] on=1 eng=339/339 chg=339/339 chg_frac=1.0000 pin=0.0000 floor=0.0000 cap=1377.1 ask=1376.7 q=0.100000 b=2.0000
WALLLINE c8-Q050 rep=1 site=cli [WALL] onset=1.0000 dur_ms=0.1 retx=0 total_ms=2098.2 it_ms=0.095
ALPHAWITNESS {"cell":"c8","arm":"Q050","alpha":"0.05","seed":42,"rep":1,"rc":0,"mbps":97.441,"band":[50,100],"band_applies":0,"in_band":1,"lossy":1,"qclk_law_n":21828,"rfa_lines":2,"W1_rfa_gen":"0","W2_pfrac_lines":0,"W4_retx_max":862,"W5_rack_fa":"234/872"}
=== rep=1 arm=c8-Q184 alpha=0.184 seed=42 env="RWM_QUANTILE_CLOCKS=1 RWM_ALPHA_OVERRIDE=0.184 RWM_DELTA_CAP=1 RWM_SUM_CAP=1 RWM_RACK_CLOCKS=0 RWM_DERIVED_SWEEP=0 RWM_COMPOSED_CAP=0 RWM_THREE_TERM=0 RWM_STORE_CAP_UNIFIED=0 RWM_LATE_BRAKE=0 RWM_CHARGE_RECOVERY=0 RWM_RELEASE_1TO1=0 RWM_LOSS_SENT_TRUTH=0" cell=c2/c3/dual bytes=25000000 17:24:50
[2m2026-08-20T17:24:51.935549Z[0m [32m INFO[0m [2mraptorpath::gates[0m[2m:[0m [GATES] RWM_UNIFIED=1 RWM_UNIFIED_SHED=1 RWM_TAPER_R=1 RWM_ASTAR_ANCHOR=1 RWM_MSTAR_ANCHOR=1 RWM_PLAIN_RS=0 RWM_HONEST_ANCHOR=1 RWM_HONEST_K=0 RWM_STORE_SACK_RELEASE=1 RWM_STORE_PATHS=1 RWM_STORE_PATH_POOL=2048 RWM_STORE=unset RWM_STORE_GAIN=2 RWM_STORE_BOOT=128 RWM_STORE_CAPW=0 RWM_STORE_CAP_UNIFIED=0 RWM_THREE_TERM=0 RWM_COMPOSED_CAP=0 RWM_SUM_CAP=1 RWM_LATE_BRAKE=0 RWM_DELTA_CAP=1 RWM_STORE_PERCAP=0 RWM_PERCAP_GUARD=1 RWM_STORE_BORROW=0 RWM_HONEST_CAP=1 RWM_POOL_ANCHOR=0 RWM_POOL_DELIV=0 RWM_FLOOR_BOUND=0 RWM_ACK_MERGE=1 RWM_LOSS_SENT_TRUTH=0 RWM_RELEASE_1TO1=0 RWM_CHARGE_RECOVERY=0 RWM_PATIENCE_DERIVED=0 RWM_SIDLE_DERIVED=0 RWM_WIN_DECOUPLE=0 RWM_PLACE_SLACK=0 RWM_COLD_PLACE=0 RWM_GEN=384 RWM_PIPELINE=2 RWM_GEN_PIPE=1 RWM_GEN_R=unset RWM_GEN_RATE=9000 RWM_GEN_RATE_FLOOR=2000 RWM_GEN_INFLIGHT=unset RWM_OOO_RETAIN=0/16 RWM_WINDOW=unset RWM_REPORT_GENS=unset RWM_REPAIR_WAIT=unset RWM_CODED_SRC=0 RWM_NO_REACTIVE=0 RWM_XPATH_REPAIR=0 RWM_PROACTIVE_PACER=0 RWM_REASM_BDP=0 RWM_MIN_R=0 RWM_CC_PACE=0 RWM_CC_PACE_HR=1.1 RWM_REACT_CAP=unset RWM_INFL_CAP=0 RWM_INFL_BDP=unset RWM_COPA_FEED=0 RWM_RS_ATTR=1 RWM_EMIT_BATCH=0 RWM_EMIT_BURST=64 RWM_RECOV_MP=1 RWM_RECOV_MP_LAW=1 RWM_RECOV_MP_LIVE=0 RWM_RECOV_SP=0 RWM_DERIVED_SWEEP=0 RWM_RACK_CLOCKS=0 RWM_RACK_REO_MULT=1 RWM_QUANTILE_CLOCKS=1 RWM_ALPHA_OVERRIDE=0.184 RWM_DIAG=1 RWM_ACKDIAG=1 RWM_ACKDIAG_WINDOW_US=2000000 RWM_WALLDIAG=1 RWM_CPUPROF=0 RWM_RDIAG=0 RWM_FDIAG=1 RWM_TRACE=0 RWM_PFRAC=0
{"bytes":25000000,"dnf":0,"hint":"bulk","max_s":2.1915,"mean_mbps":91.263,"mean_s":2.1915,"median_s":2.1915,"min_s":2.1915,"proto":"rp-native","runs":1,"stdev_s":0.0,"summary":true}
    LATPROBE-LEG leg=0 file=/tmp/rwm-ping-0.txt sent=47 recv=46 censor=2.13% p50=92.5[censor=2.13% ok] p95=100.0[censor=2.13% ok] p99=100.0[censor=2.13% UNSCOREABLE(inside censored tail)]
    LATPROBE-LEG leg=1 file=/tmp/rwm-ping-1.txt sent=48 recv=47 censor=2.08% p50=42.6[censor=2.08% ok] p95=265.0[censor=2.08% ok] p99=267.0[censor=2.08% UNSCOREABLE(inside censored tail)]
    LATPROBE: 2 leg(s) /tmp/rwm-ping-0.txt=46 /tmp/rwm-ping-1.txt=47 replies
    CPU: CPUSRV=2.17s CPUCLI=1.83s (srv=decoder cli=sender; whole-invocation incl warmup)
    QDISC cli0: qdisc netem a2d1: root refcnt 7 limit 1000 delay 5ms  3ms loss gemodel p 1.3% r 50% 1-h 100% 1-k 0% rate 100Mbit seed 42  Sent 26502362 bytes 20679 pkt (dropped 82, overlimits 0 requeues 0)   backlog 0b 0p requeues 0 
    QDISC cli1: qdisc netem a2d2: root refcnt 7 limit 1000 delay 20ms  5ms loss gemodel p 2% r 40% 1-h 100% 1-k 0% rate 20Mbit seed 1042  Sent 1835220 bytes 1637 pkt (dropped 31, overlimits 0 requeues 0)   backlog 0b 0p requeues 0 
    QDISC srv0: qdisc netem a2d3: root refcnt 7 limit 1000 delay 5ms  3ms rate 100Mbit seed 8132536642815397169  Sent 2750544 bytes 14660 pkt (dropped 0, overlimits 0 requeues 0)   backlog 0b 0p requeues 0 
    QDISC srv1: qdisc netem a2d4: root refcnt 7 limit 1000 delay 20ms  5ms rate 20Mbit seed 5560583104924866691  Sent 254642 bytes 1392 pkt (dropped 0, overlimits 0 requeues 0)   backlog 0b 0p requeues 0 
    QCAP: /tmp/rwm-q.txt 18 lines
RUNTIME c8-Q184 rep=1 4s rc=0
ALPHARESULT {"cell": "c8", "arm": "Q184", "alpha_cmd": 0.184, "seed": 42, "rep": 1, "n_paths": 2, "dnf": false, "dnf_count": 0, "mbps": 91.263, "mean_mbps": 91.263, "seconds": 2.1915, "n_runs": 1, "cpusrv": 2.17, "cpucli": 1.83, "khr_med": 1.0, "kraw_med": null, "khr_n": 10, "kraw_n": 0, "rtp_med": 12, "occ_p50": 1720, "occcap_p50": 1724, "q_p50": 153, "q_p99": 178, "diag_lines": 8, "retx": 728, "w1_rfa_gen": "0", "w2_pfrac_lines": 0, "w4_retx_max": 728, "w5_rack_fa": "395/766", "gates_cli_quantile_clocks": 1, "gates_srv_quantile_clocks": 1, "gates_cli_rack_clocks": 0, "gates_srv_rack_clocks": 0, "gates_cli_derived_sweep": 0, "gates_srv_derived_sweep": 0, "gates_cli_delta_cap": 1, "gates_srv_delta_cap": 1, "gates_cli_sum_cap": 1, "gates_srv_sum_cap": 1, "gates_cli_composed_cap": 0, "gates_srv_composed_cap": 0, "gates_cli_three_term": 0, "gates_srv_three_term": 0, "gates_cli_loss_sent_truth": 0, "gates_srv_loss_sent_truth": 0, "gates_cli_gen": null, "gates_srv_gen": null, "gates_cli_diag": 1, "gates_srv_diag": 1, "gates_cli_ackdiag": 1, "gates_srv_ackdiag": 1, "gates_cli_walldiag": 1, "gates_srv_walldiag": 1, "gates_cli_fdiag": 1, "gates_srv_fdiag": 1, "gates_cli_recov_mp": 1, "gates_srv_recov_mp": 1, "gates_cli_cc_pace": 0, "gates_srv_cc_pace": 0, "gates_cli_rack_reo_mult": 1, "gates_srv_rack_reo_mult": 1, "gates_lines_cli": 1, "gates_lines_srv": 1, "gate_quantile_cli": "1", "gate_quantile_srv": "1", "gate_alpha_cli": "0.184", "gate_alpha_srv": "0.184", "gate_gen_cli": 384, "gate_gen_srv": 384, "qalpha_lines_cli": 2, "qalpha_site_cli": "sender", "qalpha_quantile_cli": 1, "qalpha_contract_cli": 0.001, "qalpha_override_cli": 0.184, "qalpha_cli": 0.184, "qalpha_k_cli": 2.1059, "qalpha_lines_srv": 2, "qalpha_site_srv": "receiver", "qalpha_quantile_srv": 1, "qalpha_contract_srv": 1e-05, "qalpha_override_srv": 0.184, "qalpha_srv": 0.184, "qalpha_k_srv": 2.1059, "qclk_cli_lines": 1, "qclk_cli_site": "sender", "qclk_cli_alpha": 0.184, "qclk_cli_k": 2.1059, "qclk_cli_w_us_mean": 264983.7, "qclk_cli_srtt_us_mean": 186580.6, "qclk_cli_on": 1, "qclk_cli_evals": 22298, "qclk_cli_kept": 2760, "qclk_cli_w_us_p05": 67739, "qclk_cli_w_us_p50": 326017, "qclk_cli_w_us_p95": 326017, "qclk_cli_w_us_min": 16445, "qclk_cli_w_us_max": 358002, "qclk_cli_law_n": 22076, "qclk_cli_sigma_us_mean": 37230.7, "qclk_cli_sigma_n": 22076, "qclk_srv_lines": 2, "qclk_srv_site": "receiver", "qclk_srv_alpha": 0.184, "qclk_srv_k": 2.1059, "qclk_srv_w_us_mean": 174620.5, "qclk_srv_srtt_us_mean": 101404.2, "qclk_srv_on": 1, "qclk_srv_evals": 17924, "qclk_srv_kept": 2135, "qclk_srv_w_us_p05": 61378, "qclk_srv_w_us_p50": 186336, "qclk_srv_w_us_p95": 234903, "qclk_srv_w_us_min": 61378, "qclk_srv_w_us_max": 234903, "qclk_srv_law_n": 17077, "qclk_srv_sigma_us_mean": 34767.6, "qclk_srv_sigma_n": 17077, "rack_lines_cli": 2, "rack_on_cli": 0, "rack_evals_cli": 0, "rack_ceil_cli": 0.0, "rack_gran_cli": 0.0, "rack_legacy_pin_cli": 0.0, "rack_round_cli": 0.0, "rack_legacy_cli": 0.0, "rack_mult_cli": 1, "rack_fa_n_cli": 395, "rack_fa_d_cli": 766, "rack_fa_frac_cli": 0.5157, "rack_fa_class_cli": 0.0625, "rack_lines_srv": 0, "rack_on_srv": null, "rack_evals_srv": null, "rack_ceil_srv": null, "rack_gran_srv": null, "rack_legacy_pin_srv": null, "rack_round_srv": null, "rack_legacy_srv": null, "rack_mult_srv": null, "rack_fa_n_srv": null, "rack_fa_d_srv": null, "rack_fa_frac_srv": null, "rack_fa_class_srv": null, "rack_fired": 766, "rack_spurious": 395, "rack_fa_frac": 0.5157, "rack_fa_class": 0.0625, "rack_round_us": 0.0, "rack_legacy_us": 0.0, "rack_evals": 0, "rack_legacy_pin": 0.0, "rfa_lines": 2, "rfa_gen": 0, "rfa_fires": 3000, "rfa_false": 420, "rfa_fill_coded": 158, "rfa_fill_src": 2422, "rfa_dup_src": 314, "rfa_preempt_src": 106, "rfa_src_n": 19077, "rfa_rep_n": 359, "rfa_false_frac": 0.14, "rfa_nu_recv": 0.15726, "rfa_fa_class": 0.0625, "rfa_bracket_lo": 0.14, "rfa_bracket_hi": 0.726644, "sf_ticks": 350, "sf_E": 0.9529, "sf_short": 0.0829, "sf_zero": 0.0114, "capboot_n": 5, "capboot_frac": 0.0, "ping_n": 46, "ping_p50": 92.0, "ping_p95": 100.0, "ping_p99": 100.0, "ping_tx": 47, "ping_rx": 46, "ping_loss": 2.13, "ping_censor_frac": 0.0213, "legs_probed": 1, "leg0_n": 46, "leg0_sent": 47, "leg0_recv": 46, "leg0_sent_source": "summary", "leg0_censor_frac": 0.0213, "leg0_censor_pct": 2.13, "leg0_recv_mismatch": false, "leg0_leg_unscoreable": false, "leg0_min": 7.74, "leg0_max": 100.0, "leg0_p50": 92.5, "leg0_p50_censored": false, "leg0_p50_scoreable": true, "leg0_p95": 100.0, "leg0_p95_censored": false, "leg0_p95_scoreable": true, "leg0_p99": 100.0, "leg0_p99_censored": true, "leg0_p99_scoreable": false, "legs_censor_max": 0.0213, "wait_tun": 30, "wait_paused": 42, "wait_pace": 0, "wait_gen": 0, "wait_nack": 27, "wait_defc": 0, "wait_tail": 0, "wait_flush": 0, "wait_lines": 5, "deadwall": false, "sig_us_p50": 194.0, "sig_us_n": 18137, "sig_us_path": 0, "sig_paths": 2, "pl_n": 10, "pl_max": 0.8361, "pl_min": 0.0, "pl_p0": 0.0, "pl_p1": 0.8361, "dgq_hand": 21747, "dgq_full": 0, "dgq_err": 0, "dgq_gap": 667, "tc_bytes": 28337582, "tc_pkts": 22316, "tc_drop": 113, "tc_s": 4}
LIVENESS c8-Q184 rep=1 RWM_QUANTILE_CLOCKS=RWM_QUANTILE_CLOCKS=1/RWM_QUANTILE_CLOCKS=1(exp1) RWM_ALPHA_OVERRIDE=RWM_ALPHA_OVERRIDE=0.184/RWM_ALPHA_OVERRIDE=0.184(exp0.184) RWM_DELTA_CAP=RWM_DELTA_CAP=1/RWM_DELTA_CAP=1(exp1) RWM_SUM_CAP=RWM_SUM_CAP=1/RWM_SUM_CAP=1(exp1) RWM_RACK_CLOCKS=RWM_RACK_CLOCKS=0/RWM_RACK_CLOCKS=0(exp0) RWM_DERIVED_SWEEP=RWM_DERIVED_SWEEP=0/RWM_DERIVED_SWEEP=0(exp0) RWM_COMPOSED_CAP=RWM_COMPOSED_CAP=0/RWM_COMPOSED_CAP=0(exp0) RWM_THREE_TERM=RWM_THREE_TERM=0/RWM_THREE_TERM=0(exp0) RWM_STORE_CAP_UNIFIED=RWM_STORE_CAP_UNIFIED=0/RWM_STORE_CAP_UNIFIED=0(exp0) RWM_LATE_BRAKE=RWM_LATE_BRAKE=0/RWM_LATE_BRAKE=0(exp0) RWM_CHARGE_RECOVERY=RWM_CHARGE_RECOVERY=0/RWM_CHARGE_RECOVERY=0(exp0) RWM_RELEASE_1TO1=RWM_RELEASE_1TO1=0/RWM_RELEASE_1TO1=0(exp0) RWM_LOSS_SENT_TRUTH=RWM_LOSS_SENT_TRUTH=0/RWM_LOSS_SENT_TRUTH=0(exp0) RWM_DIAG=RWM_DIAG=1/RWM_DIAG=1(exp1) RWM_ACKDIAG=RWM_ACKDIAG=1/RWM_ACKDIAG=1(exp1) RWM_WALLDIAG=RWM_WALLDIAG=1/RWM_WALLDIAG=1(exp1) RWM_FDIAG=RWM_FDIAG=1/RWM_FDIAG=1(exp1)
QALPHALINE c8-Q184 rep=1 site=cli [QALPHA] site=sender quantile=1 contract_alpha=1.000000e-3 override=1.840000e-1 alpha=1.840000e-1 k=2.1059 fa_class=0.0625
QALPHALINE c8-Q184 rep=1 site=srv [QALPHA] site=receiver quantile=1 contract_alpha=1.000000e-5 override=1.840000e-1 alpha=1.840000e-1 k=2.1059 fa_class=0.0625
QCLKLINE c8-Q184 rep=1 site=cli [QCLK] site=sender on=1 alpha=1.840000e-1 k=2.1059 evals=22298 law_n=22076 kept=2760 w_us_mean=264983.7 w_us_p05=67739 w_us_p50=326017 w_us_p95=326017 w_us_min=16445 w_us_max=358002 srtt_us_mean=186580.6 sigma_us_mean=37230.7/n22076 fa_class=0.0625
QCLKLINE c8-Q184 rep=1 site=srv [QCLK] site=receiver on=1 alpha=1.840000e-1 k=2.1059 evals=9698 law_n=8851 kept=2213 w_us_mean=135471.1 w_us_p05=61378 w_us_p50=162774 w_us_p95=191481 w_us_min=61378 w_us_max=191481 srtt_us_mean=74948.6 sigma_us_mean=28739.8/n8851 fa_class=0.0625
QCLKLINE c8-Q184 rep=1 site=srv [QCLK] site=receiver on=1 alpha=1.840000e-1 k=2.1059 evals=17924 law_n=17077 kept=2135 w_us_mean=174620.5 w_us_p05=61378 w_us_p50=186336 w_us_p95=234903 w_us_min=61378 w_us_max=234903 srtt_us_mean=101404.2 sigma_us_mean=34767.6/n17077 fa_class=0.0625
RACKLINE c8-Q184 rep=1 site=cli [RACK] on=0 evals=0 ceil=0.0000 gran=0.0000 legacy_pin=0.0000 round=0.0 legacy=0.0 mult=1 fa=12/12 fa_frac=1.0000 fa_class=0.0625
RACKLINE c8-Q184 rep=1 site=cli [RACK] on=0 evals=0 ceil=0.0000 gran=0.0000 legacy_pin=0.0000 round=0.0 legacy=0.0 mult=1 fa=395/766 fa_frac=0.5157 fa_class=0.0625
RFALINE c8-Q184 rep=1 site=cli [RFA] gen=0 fires=7 false=7 false_frac=1.0000 fill_coded=0 fill_src=0 dup_src=7 preempt_src=0 src_n=8 rep_n=6 nu_recv=0.87500 fa_class=0.0625
RFALINE c8-Q184 rep=1 site=cli [RFA] gen=0 fires=12 false=12 false_frac=1.0000 fill_coded=0 fill_src=0 dup_src=12 preempt_src=0 src_n=13 rep_n=11 nu_recv=0.92308 fa_class=0.0625
RFALINE c8-Q184 rep=1 site=cli [RFA] gen=0 fires=12 false=12 false_frac=1.0000 fill_coded=0 fill_src=0 dup_src=12 preempt_src=0 src_n=14 rep_n=12 nu_recv=0.85714 fa_class=0.0625
RFALINE c8-Q184 rep=1 site=srv [RFA] gen=0 fires=2708 false=371 false_frac=0.1370 fill_coded=73 fill_src=2264 dup_src=305 preempt_src=66 src_n=9611 rep_n=161 nu_recv=0.28176 fa_class=0.0625
RFALINE c8-Q184 rep=1 site=srv [RFA] gen=0 fires=3000 false=420 false_frac=0.1400 fill_coded=158 fill_src=2422 dup_src=314 preempt_src=106 src_n=19077 rep_n=359 nu_recv=0.15726 fa_class=0.0625
DCAPLINE c8-Q184 rep=1 site=cli [DCAP] on=1 eng=380/380 chg=380/380 chg_frac=1.0000 pin=0.0000 floor=0.0000 cap=1489.2 ask=1488.5 q=0.100000 b=2.0000
WALLLINE c8-Q184 rep=1 site=cli [WALL] onset=1.0000 dur_ms=0.1 retx=0 total_ms=2231.9 it_ms=0.100
ALPHAWITNESS {"cell":"c8","arm":"Q184","alpha":"0.184","seed":42,"rep":1,"rc":0,"mbps":91.263,"band":[50,100],"band_applies":0,"in_band":1,"lossy":1,"qclk_law_n":22076,"rfa_lines":2,"W1_rfa_gen":"0","W2_pfrac_lines":0,"W4_retx_max":728,"W5_rack_fa":"395/766"}
=== rep=1 arm=c8-Q400 alpha=0.4 seed=42 env="RWM_QUANTILE_CLOCKS=1 RWM_ALPHA_OVERRIDE=0.4 RWM_DELTA_CAP=1 RWM_SUM_CAP=1 RWM_RACK_CLOCKS=0 RWM_DERIVED_SWEEP=0 RWM_COMPOSED_CAP=0 RWM_THREE_TERM=0 RWM_STORE_CAP_UNIFIED=0 RWM_LATE_BRAKE=0 RWM_CHARGE_RECOVERY=0 RWM_RELEASE_1TO1=0 RWM_LOSS_SENT_TRUTH=0" cell=c2/c3/dual bytes=25000000 17:24:55
[2m2026-08-20T17:24:56.759825Z[0m [32m INFO[0m [2mraptorpath::gates[0m[2m:[0m [GATES] RWM_UNIFIED=1 RWM_UNIFIED_SHED=1 RWM_TAPER_R=1 RWM_ASTAR_ANCHOR=1 RWM_MSTAR_ANCHOR=1 RWM_PLAIN_RS=0 RWM_HONEST_ANCHOR=1 RWM_HONEST_K=0 RWM_STORE_SACK_RELEASE=1 RWM_STORE_PATHS=1 RWM_STORE_PATH_POOL=2048 RWM_STORE=unset RWM_STORE_GAIN=2 RWM_STORE_BOOT=128 RWM_STORE_CAPW=0 RWM_STORE_CAP_UNIFIED=0 RWM_THREE_TERM=0 RWM_COMPOSED_CAP=0 RWM_SUM_CAP=1 RWM_LATE_BRAKE=0 RWM_DELTA_CAP=1 RWM_STORE_PERCAP=0 RWM_PERCAP_GUARD=1 RWM_STORE_BORROW=0 RWM_HONEST_CAP=1 RWM_POOL_ANCHOR=0 RWM_POOL_DELIV=0 RWM_FLOOR_BOUND=0 RWM_ACK_MERGE=1 RWM_LOSS_SENT_TRUTH=0 RWM_RELEASE_1TO1=0 RWM_CHARGE_RECOVERY=0 RWM_PATIENCE_DERIVED=0 RWM_SIDLE_DERIVED=0 RWM_WIN_DECOUPLE=0 RWM_PLACE_SLACK=0 RWM_COLD_PLACE=0 RWM_GEN=384 RWM_PIPELINE=2 RWM_GEN_PIPE=1 RWM_GEN_R=unset RWM_GEN_RATE=9000 RWM_GEN_RATE_FLOOR=2000 RWM_GEN_INFLIGHT=unset RWM_OOO_RETAIN=0/16 RWM_WINDOW=unset RWM_REPORT_GENS=unset RWM_REPAIR_WAIT=unset RWM_CODED_SRC=0 RWM_NO_REACTIVE=0 RWM_XPATH_REPAIR=0 RWM_PROACTIVE_PACER=0 RWM_REASM_BDP=0 RWM_MIN_R=0 RWM_CC_PACE=0 RWM_CC_PACE_HR=1.1 RWM_REACT_CAP=unset RWM_INFL_CAP=0 RWM_INFL_BDP=unset RWM_COPA_FEED=0 RWM_RS_ATTR=1 RWM_EMIT_BATCH=0 RWM_EMIT_BURST=64 RWM_RECOV_MP=1 RWM_RECOV_MP_LAW=1 RWM_RECOV_MP_LIVE=0 RWM_RECOV_SP=0 RWM_DERIVED_SWEEP=0 RWM_RACK_CLOCKS=0 RWM_RACK_REO_MULT=1 RWM_QUANTILE_CLOCKS=1 RWM_ALPHA_OVERRIDE=0.4 RWM_DIAG=1 RWM_ACKDIAG=1 RWM_ACKDIAG_WINDOW_US=2000000 RWM_WALLDIAG=1 RWM_CPUPROF=0 RWM_RDIAG=0 RWM_FDIAG=1 RWM_TRACE=0 RWM_PFRAC=0
{"bytes":25000000,"dnf":0,"hint":"bulk","max_s":2.2013,"mean_mbps":90.854,"mean_s":2.2013,"median_s":2.2013,"min_s":2.2013,"proto":"rp-native","runs":1,"stdev_s":0.0,"summary":true}
    LATPROBE-LEG leg=0 file=/tmp/rwm-ping-0.txt sent=47 recv=47 censor=0.00% p50=76.4[censor=0.00% ok] p95=81.6[censor=0.00% ok] p99=82.5[censor=0.00% ok]
    LATPROBE-LEG leg=1 file=/tmp/rwm-ping-1.txt sent=48 recv=46 censor=4.17% p50=44.7[censor=4.17% ok] p95=218.0[censor=4.17% ok] p99=246.0[censor=4.17% UNSCOREABLE(inside censored tail)]
    LATPROBE: 2 leg(s) /tmp/rwm-ping-0.txt=47 /tmp/rwm-ping-1.txt=46 replies
    CPU: CPUSRV=2.16s CPUCLI=1.78s (srv=decoder cli=sender; whole-invocation incl warmup)
    QDISC cli0: qdisc netem a2d5: root refcnt 7 limit 1000 delay 5ms  3ms loss gemodel p 1.3% r 50% 1-h 100% 1-k 0% rate 100Mbit seed 42  Sent 26384335 bytes 20602 pkt (dropped 95, overlimits 0 requeues 0)   backlog 0b 0p requeues 0 
    QDISC cli1: qdisc netem a2d6: root refcnt 7 limit 1000 delay 20ms  5ms loss gemodel p 2% r 40% 1-h 100% 1-k 0% rate 20Mbit seed 1042  Sent 2211314 bytes 2133 pkt (dropped 41, overlimits 0 requeues 0)   backlog 0b 0p requeues 0 
    QDISC srv0: qdisc netem a2d7: root refcnt 7 limit 1000 delay 5ms  3ms rate 100Mbit seed 7326785546846992581  Sent 2897919 bytes 14636 pkt (dropped 0, overlimits 0 requeues 0)   backlog 144b 2p requeues 0 
    QDISC srv1: qdisc netem a2d8: root refcnt 7 limit 1000 delay 20ms  5ms rate 20Mbit seed 13250564087493300912  Sent 290940 bytes 1643 pkt (dropped 0, overlimits 0 requeues 0)   backlog 0b 0p requeues 0 
    QCAP: /tmp/rwm-q.txt 18 lines
RUNTIME c8-Q400 rep=1 4s rc=0
ALPHARESULT {"cell": "c8", "arm": "Q400", "alpha_cmd": 0.4, "seed": 42, "rep": 1, "n_paths": 2, "dnf": false, "dnf_count": 0, "mbps": 90.854, "mean_mbps": 90.854, "seconds": 2.2013, "n_runs": 1, "cpusrv": 2.16, "cpucli": 1.78, "khr_med": 1.0, "kraw_med": null, "khr_n": 9, "kraw_n": 0, "rtp_med": 41, "occ_p50": 1794, "occcap_p50": 1821, "q_p50": 76, "q_p99": 221, "diag_lines": 8, "retx": 859, "w1_rfa_gen": "0", "w2_pfrac_lines": 0, "w4_retx_max": 859, "w5_rack_fa": "259/921", "gates_cli_quantile_clocks": 1, "gates_srv_quantile_clocks": 1, "gates_cli_rack_clocks": 0, "gates_srv_rack_clocks": 0, "gates_cli_derived_sweep": 0, "gates_srv_derived_sweep": 0, "gates_cli_delta_cap": 1, "gates_srv_delta_cap": 1, "gates_cli_sum_cap": 1, "gates_srv_sum_cap": 1, "gates_cli_composed_cap": 0, "gates_srv_composed_cap": 0, "gates_cli_three_term": 0, "gates_srv_three_term": 0, "gates_cli_loss_sent_truth": 0, "gates_srv_loss_sent_truth": 0, "gates_cli_gen": null, "gates_srv_gen": null, "gates_cli_diag": 1, "gates_srv_diag": 1, "gates_cli_ackdiag": 1, "gates_srv_ackdiag": 1, "gates_cli_walldiag": 1, "gates_srv_walldiag": 1, "gates_cli_fdiag": 1, "gates_srv_fdiag": 1, "gates_cli_recov_mp": 1, "gates_srv_recov_mp": 1, "gates_cli_cc_pace": 0, "gates_srv_cc_pace": 0, "gates_cli_rack_reo_mult": 1, "gates_srv_rack_reo_mult": 1, "gates_lines_cli": 1, "gates_lines_srv": 1, "gate_quantile_cli": "1", "gate_quantile_srv": "1", "gate_alpha_cli": "0.4", "gate_alpha_srv": "0.4", "gate_gen_cli": 384, "gate_gen_srv": 384, "qalpha_lines_cli": 2, "qalpha_site_cli": "receiver", "qalpha_quantile_cli": 1, "qalpha_contract_cli": 1e-05, "qalpha_override_cli": 0.4, "qalpha_cli": 0.4, "qalpha_k_cli": 1.2247, "qalpha_lines_srv": 2, "qalpha_site_srv": "sender", "qalpha_quantile_srv": 1, "qalpha_contract_srv": 0.001, "qalpha_override_srv": 0.4, "qalpha_srv": 0.4, "qalpha_k_srv": 1.2247, "qclk_cli_lines": 1, "qclk_cli_site": "sender", "qclk_cli_alpha": 0.4, "qclk_cli_k": 1.2247, "qclk_cli_w_us_mean": 168921.6, "qclk_cli_srtt_us_mean": 156044.7, "qclk_cli_on": 1, "qclk_cli_evals": 22356, "qclk_cli_kept": 2773, "qclk_cli_w_us_p05": 67407, "qclk_cli_w_us_p50": 170856, "qclk_cli_w_us_p95": 284818, "qclk_cli_w_us_min": 16005, "qclk_cli_w_us_max": 358085, "qclk_cli_law_n": 22180, "qclk_cli_sigma_us_mean": 10514.4, "qclk_cli_sigma_n": 22180, "qclk_srv_lines": 2, "qclk_srv_site": "receiver", "qclk_srv_alpha": 0.4, "qclk_srv_k": 1.2247, "qclk_srv_w_us_mean": 289408.4, "qclk_srv_srtt_us_mean": 168841.2, "qclk_srv_on": 1, "qclk_srv_evals": 19431, "qclk_srv_kept": 2328, "qclk_srv_w_us_p05": 81012, "qclk_srv_w_us_p50": 375621, "qclk_srv_w_us_p95": 375621, "qclk_srv_w_us_min": 60362, "qclk_srv_w_us_max": 396773, "qclk_srv_law_n": 18626, "qclk_srv_sigma_us_mean": 98442.9, "qclk_srv_sigma_n": 18626, "rack_lines_cli": 2, "rack_on_cli": 0, "rack_evals_cli": 0, "rack_ceil_cli": 0.0, "rack_gran_cli": 0.0, "rack_legacy_pin_cli": 0.0, "rack_round_cli": 0.0, "rack_legacy_cli": 0.0, "rack_mult_cli": 1, "rack_fa_n_cli": 259, "rack_fa_d_cli": 921, "rack_fa_frac_cli": 0.2812, "rack_fa_class_cli": 0.0625, "rack_lines_srv": 0, "rack_on_srv": null, "rack_evals_srv": null, "rack_ceil_srv": null, "rack_gran_srv": null, "rack_legacy_pin_srv": null, "rack_round_srv": null, "rack_legacy_srv": null, "rack_mult_srv": null, "rack_fa_n_srv": null, "rack_fa_d_srv": null, "rack_fa_frac_srv": null, "rack_fa_class_srv": null, "rack_fired": 921, "rack_spurious": 259, "rack_fa_frac": 0.2812, "rack_fa_class": 0.0625, "rack_round_us": 0.0, "rack_legacy_us": 0.0, "rack_evals": 0, "rack_legacy_pin": 0.0, "rfa_lines": 2, "rfa_gen": 0, "rfa_fires": 6091, "rfa_false": 544, "rfa_fill_coded": 176, "rfa_fill_src": 5371, "rfa_dup_src": 398, "rfa_preempt_src": 146, "rfa_src_n": 19676, "rfa_rep_n": 415, "rfa_false_frac": 0.0893, "rfa_nu_recv": 0.30956, "rfa_fa_class": 0.0625, "rfa_bracket_lo": 0.0893, "rfa_bracket_hi": 0.755556, "sf_ticks": 350, "sf_E": 0.9443, "sf_short": 0.1029, "sf_zero": 0.0086, "capboot_n": 5, "capboot_frac": 0.0, "ping_n": 47, "ping_p50": 76.4, "ping_p95": 81.6, "ping_p99": 82.5, "ping_tx": 47, "ping_rx": 47, "ping_loss": 0.0, "ping_censor_frac": 0.0, "legs_probed": 1, "leg0_n": 47, "leg0_sent": 47, "leg0_recv": 47, "leg0_sent_source": "summary", "leg0_censor_frac": 0.0, "leg0_censor_pct": 0.0, "leg0_recv_mismatch": false, "leg0_leg_unscoreable": false, "leg0_min": 7.62, "leg0_max": 82.5, "leg0_p50": 76.4, "leg0_p50_censored": false, "leg0_p50_scoreable": true, "leg0_p95": 81.6, "leg0_p95_censored": false, "leg0_p95_scoreable": true, "leg0_p99": 82.5, "leg0_p99_censored": false, "leg0_p99_scoreable": true, "legs_censor_max": 0.0, "wait_tun": 33, "wait_paused": 36, "wait_pace": 0, "wait_gen": 0, "wait_nack": 28, "wait_defc": 0, "wait_tail": 0, "wait_flush": 0, "wait_lines": 5, "deadwall": false, "sig_us_p50": 206.0, "sig_us_n": 18474, "sig_us_path": 0, "sig_paths": 2, "pl_n": 9, "pl_max": 0.8224, "pl_min": 0.0, "pl_p0": 0.0, "pl_p1": 0.8224, "dgq_hand": 22498, "dgq_full": 0, "dgq_err": 0, "dgq_gap": 937, "tc_bytes": 28595749, "tc_pkts": 22736, "tc_drop": 136, "tc_s": 4}
LIVENESS c8-Q400 rep=1 RWM_QUANTILE_CLOCKS=RWM_QUANTILE_CLOCKS=1/RWM_QUANTILE_CLOCKS=1(exp1) RWM_ALPHA_OVERRIDE=RWM_ALPHA_OVERRIDE=0.4/RWM_ALPHA_OVERRIDE=0.4(exp0.4) RWM_DELTA_CAP=RWM_DELTA_CAP=1/RWM_DELTA_CAP=1(exp1) RWM_SUM_CAP=RWM_SUM_CAP=1/RWM_SUM_CAP=1(exp1) RWM_RACK_CLOCKS=RWM_RACK_CLOCKS=0/RWM_RACK_CLOCKS=0(exp0) RWM_DERIVED_SWEEP=RWM_DERIVED_SWEEP=0/RWM_DERIVED_SWEEP=0(exp0) RWM_COMPOSED_CAP=RWM_COMPOSED_CAP=0/RWM_COMPOSED_CAP=0(exp0) RWM_THREE_TERM=RWM_THREE_TERM=0/RWM_THREE_TERM=0(exp0) RWM_STORE_CAP_UNIFIED=RWM_STORE_CAP_UNIFIED=0/RWM_STORE_CAP_UNIFIED=0(exp0) RWM_LATE_BRAKE=RWM_LATE_BRAKE=0/RWM_LATE_BRAKE=0(exp0) RWM_CHARGE_RECOVERY=RWM_CHARGE_RECOVERY=0/RWM_CHARGE_RECOVERY=0(exp0) RWM_RELEASE_1TO1=RWM_RELEASE_1TO1=0/RWM_RELEASE_1TO1=0(exp0) RWM_LOSS_SENT_TRUTH=RWM_LOSS_SENT_TRUTH=0/RWM_LOSS_SENT_TRUTH=0(exp0) RWM_DIAG=RWM_DIAG=1/RWM_DIAG=1(exp1) RWM_ACKDIAG=RWM_ACKDIAG=1/RWM_ACKDIAG=1(exp1) RWM_WALLDIAG=RWM_WALLDIAG=1/RWM_WALLDIAG=1(exp1) RWM_FDIAG=RWM_FDIAG=1/RWM_FDIAG=1(exp1)
QALPHALINE c8-Q400 rep=1 site=cli [QALPHA] site=sender quantile=1 contract_alpha=1.000000e-3 override=4.000000e-1 alpha=4.000000e-1 k=1.2247 fa_class=0.0625
QALPHALINE c8-Q400 rep=1 site=srv [QALPHA] site=receiver quantile=1 contract_alpha=1.000000e-5 override=4.000000e-1 alpha=4.000000e-1 k=1.2247 fa_class=0.0625
QCLKLINE c8-Q400 rep=1 site=cli [QCLK] site=sender on=1 alpha=4.000000e-1 k=1.2247 evals=22356 law_n=22180 kept=2773 w_us_mean=168921.6 w_us_p05=67407 w_us_p50=170856 w_us_p95=284818 w_us_min=16005 w_us_max=358085 srtt_us_mean=156044.7 sigma_us_mean=10514.4/n22180 fa_class=0.0625
QCLKLINE c8-Q400 rep=1 site=srv [QCLK] site=receiver on=1 alpha=4.000000e-1 k=1.2247 evals=9431 law_n=8626 kept=2156 w_us_mean=189463.3 w_us_p05=60362 w_us_p50=84363 w_us_p95=379031 w_us_min=60362 w_us_max=396773 srtt_us_mean=116754.8 sigma_us_mean=59366.7/n8626 fa_class=0.0625
QCLKLINE c8-Q400 rep=1 site=srv [QCLK] site=receiver on=1 alpha=4.000000e-1 k=1.2247 evals=19431 law_n=18626 kept=2328 w_us_mean=289408.4 w_us_p05=81012 w_us_p50=375621 w_us_p95=375621 w_us_min=60362 w_us_max=396773 srtt_us_mean=168841.2 sigma_us_mean=98442.9/n18626 fa_class=0.0625
RACKLINE c8-Q400 rep=1 site=cli [RACK] on=0 evals=0 ceil=0.0000 gran=0.0000 legacy_pin=0.0000 round=0.0 legacy=0.0 mult=1 fa=11/11 fa_frac=1.0000 fa_class=0.0625
RACKLINE c8-Q400 rep=1 site=cli [RACK] on=0 evals=0 ceil=0.0000 gran=0.0000 legacy_pin=0.0000 round=0.0 legacy=0.0 mult=1 fa=259/921 fa_frac=0.2812 fa_class=0.0625
RFALINE c8-Q400 rep=1 site=cli [RFA] gen=0 fires=9 false=9 false_frac=1.0000 fill_coded=0 fill_src=0 dup_src=9 preempt_src=0 src_n=10 rep_n=8 nu_recv=0.90000 fa_class=0.0625
RFALINE c8-Q400 rep=1 site=cli [RFA] gen=0 fires=11 false=11 false_frac=1.0000 fill_coded=0 fill_src=0 dup_src=11 preempt_src=0 src_n=13 rep_n=11 nu_recv=0.84615 fa_class=0.0625
RFALINE c8-Q400 rep=1 site=cli [RFA] gen=0 fires=11 false=11 false_frac=1.0000 fill_coded=0 fill_src=0 dup_src=11 preempt_src=0 src_n=13 rep_n=11 nu_recv=0.84615 fa_class=0.0625
RFALINE c8-Q400 rep=1 site=srv [RFA] gen=0 fires=3587 false=355 false_frac=0.0990 fill_coded=83 fill_src=3149 dup_src=278 preempt_src=77 src_n=9920 rep_n=175 nu_recv=0.36159 fa_class=0.0625
RFALINE c8-Q400 rep=1 site=srv [RFA] gen=0 fires=6091 false=544 false_frac=0.0893 fill_coded=176 fill_src=5371 dup_src=398 preempt_src=146 src_n=19676 rep_n=415 nu_recv=0.30956 fa_class=0.0625
DCAPLINE c8-Q400 rep=1 site=cli [DCAP] on=1 eng=375/375 chg=375/375 chg_frac=1.0000 pin=0.0000 floor=0.0000 cap=1354.6 ask=1354.0 q=0.100000 b=2.0000
WALLLINE c8-Q400 rep=1 site=cli [WALL] onset=1.0000 dur_ms=0.0 retx=0 total_ms=2234.0 it_ms=0.100
ALPHAWITNESS {"cell":"c8","arm":"Q400","alpha":"0.4","seed":42,"rep":1,"rc":0,"mbps":90.854,"band":[50,100],"band_applies":0,"in_band":1,"lossy":1,"qclk_law_n":22180,"rfa_lines":2,"W1_rfa_gen":"0","W2_pfrac_lines":0,"W4_retx_max":859,"W5_rack_fa":"259/921"}
=== rep=1 arm=c8L-CTL alpha=unset seed=42 env="RWM_QUANTILE_CLOCKS=0 RWM_DELTA_CAP=1 RWM_SUM_CAP=1 RWM_RACK_CLOCKS=0 RWM_DERIVED_SWEEP=0 RWM_COMPOSED_CAP=0 RWM_THREE_TERM=0 RWM_STORE_CAP_UNIFIED=0 RWM_LATE_BRAKE=0 RWM_CHARGE_RECOVERY=0 RWM_RELEASE_1TO1=0 RWM_LOSS_SENT_TRUTH=0" cell=c2/c3/dual bytes=200000000 17:24:59
[2m2026-08-20T17:25:01.571847Z[0m [32m INFO[0m [2mraptorpath::gates[0m[2m:[0m [GATES] RWM_UNIFIED=1 RWM_UNIFIED_SHED=1 RWM_TAPER_R=1 RWM_ASTAR_ANCHOR=1 RWM_MSTAR_ANCHOR=1 RWM_PLAIN_RS=0 RWM_HONEST_ANCHOR=1 RWM_HONEST_K=0 RWM_STORE_SACK_RELEASE=1 RWM_STORE_PATHS=1 RWM_STORE_PATH_POOL=2048 RWM_STORE=unset RWM_STORE_GAIN=2 RWM_STORE_BOOT=128 RWM_STORE_CAPW=0 RWM_STORE_CAP_UNIFIED=0 RWM_THREE_TERM=0 RWM_COMPOSED_CAP=0 RWM_SUM_CAP=1 RWM_LATE_BRAKE=0 RWM_DELTA_CAP=1 RWM_STORE_PERCAP=0 RWM_PERCAP_GUARD=1 RWM_STORE_BORROW=0 RWM_HONEST_CAP=1 RWM_POOL_ANCHOR=0 RWM_POOL_DELIV=0 RWM_FLOOR_BOUND=0 RWM_ACK_MERGE=1 RWM_LOSS_SENT_TRUTH=0 RWM_RELEASE_1TO1=0 RWM_CHARGE_RECOVERY=0 RWM_PATIENCE_DERIVED=0 RWM_SIDLE_DERIVED=0 RWM_WIN_DECOUPLE=0 RWM_PLACE_SLACK=0 RWM_COLD_PLACE=0 RWM_GEN=384 RWM_PIPELINE=2 RWM_GEN_PIPE=1 RWM_GEN_R=unset RWM_GEN_RATE=9000 RWM_GEN_RATE_FLOOR=2000 RWM_GEN_INFLIGHT=unset RWM_OOO_RETAIN=0/16 RWM_WINDOW=unset RWM_REPORT_GENS=unset RWM_REPAIR_WAIT=unset RWM_CODED_SRC=0 RWM_NO_REACTIVE=0 RWM_XPATH_REPAIR=0 RWM_PROACTIVE_PACER=0 RWM_REASM_BDP=0 RWM_MIN_R=0 RWM_CC_PACE=0 RWM_CC_PACE_HR=1.1 RWM_REACT_CAP=unset RWM_INFL_CAP=0 RWM_INFL_BDP=unset RWM_COPA_FEED=0 RWM_RS_ATTR=1 RWM_EMIT_BATCH=0 RWM_EMIT_BURST=64 RWM_RECOV_MP=1 RWM_RECOV_MP_LAW=1 RWM_RECOV_MP_LIVE=0 RWM_RECOV_SP=0 RWM_DERIVED_SWEEP=0 RWM_RACK_CLOCKS=0 RWM_RACK_REO_MULT=1 RWM_QUANTILE_CLOCKS=0 RWM_ALPHA_OVERRIDE=unset RWM_DIAG=1 RWM_ACKDIAG=1 RWM_ACKDIAG_WINDOW_US=2000000 RWM_WALLDIAG=1 RWM_CPUPROF=0 RWM_RDIAG=0 RWM_FDIAG=1 RWM_TRACE=0 RWM_PFRAC=0
{"bytes":200000000,"dnf":0,"hint":"bulk","max_s":17.6004,"mean_mbps":90.907,"mean_s":17.6004,"median_s":17.6004,"min_s":17.6004,"proto":"rp-native","runs":1,"stdev_s":0.0,"summary":true}
    LATPROBE-LEG leg=0 file=/tmp/rwm-ping-0.txt sent=351 recv=340 censor=3.13% p50=83.4[censor=3.13% ok] p95=89.5[censor=3.13% ok] p99=90.9[censor=3.13% UNSCOREABLE(inside censored tail)]
    LATPROBE-LEG leg=1 file=/tmp/rwm-ping-1.txt sent=352 recv=335 censor=4.83% p50=42.0[censor=4.83% ok] p95=308.0[censor=4.83% ok] p99=486.0[censor=4.83% UNSCOREABLE(inside censored tail)]
    LATPROBE: 2 leg(s) /tmp/rwm-ping-0.txt=340 /tmp/rwm-ping-1.txt=335 replies
    CPU: CPUSRV=15.52s CPUCLI=15.99s (srv=decoder cli=sender; whole-invocation incl warmup)
    QDISC cli0: qdisc netem a2d9: root refcnt 7 limit 1000 delay 5ms  3ms loss gemodel p 1.3% r 50% 1-h 100% 1-k 0% rate 100Mbit seed 42  Sent 215684151 bytes 166835 pkt (dropped 666, overlimits 0 requeues 0)   backlog 0b 0p requeues 0 
    QDISC cli1: qdisc netem a2da: root refcnt 7 limit 1000 delay 20ms  5ms loss gemodel p 2% r 40% 1-h 100% 1-k 0% rate 20Mbit seed 1042  Sent 9404152 bytes 8546 pkt (dropped 137, overlimits 0 requeues 0)   backlog 0b 0p requeues 0 
    QDISC srv0: qdisc netem a2db: root refcnt 7 limit 1000 delay 5ms  3ms rate 100Mbit seed 4491890675648522755  Sent 21504005 bytes 113268 pkt (dropped 0, overlimits 0 requeues 0)   backlog 0b 0p requeues 0 
    QDISC srv1: qdisc netem a2dc: root refcnt 7 limit 1000 delay 20ms  5ms rate 20Mbit seed 14433709555487291763  Sent 1192536 bytes 6810 pkt (dropped 0, overlimits 0 requeues 0)   backlog 0b 0p requeues 0 
    QCAP: /tmp/rwm-q.txt 18 lines
RUNTIME c8L-CTL rep=1 20s rc=0
ALPHARESULT {"cell": "c8L", "arm": "CTL", "alpha_cmd": null, "seed": 42, "rep": 1, "n_paths": 2, "dnf": false, "dnf_count": 0, "mbps": 90.907, "mean_mbps": 90.907, "seconds": 17.6004, "n_runs": 1, "cpusrv": 15.52, "cpucli": 15.99, "khr_med": 1.0, "kraw_med": null, "khr_n": 132, "kraw_n": 0, "rtp_med": 35, "occ_p50": 2181, "occcap_p50": 2189, "q_p50": 179, "q_p99": 582, "diag_lines": 70, "retx": 5022, "w1_rfa_gen": "0", "w2_pfrac_lines": 0, "w4_retx_max": 5022, "w5_rack_fa": "1864/5027", "gates_cli_quantile_clocks": 0, "gates_srv_quantile_clocks": 0, "gates_cli_rack_clocks": 0, "gates_srv_rack_clocks": 0, "gates_cli_derived_sweep": 0, "gates_srv_derived_sweep": 0, "gates_cli_delta_cap": 1, "gates_srv_delta_cap": 1, "gates_cli_sum_cap": 1, "gates_srv_sum_cap": 1, "gates_cli_composed_cap": 0, "gates_srv_composed_cap": 0, "gates_cli_three_term": 0, "gates_srv_three_term": 0, "gates_cli_loss_sent_truth": 0, "gates_srv_loss_sent_truth": 0, "gates_cli_gen": null, "gates_srv_gen": null, "gates_cli_diag": 1, "gates_srv_diag": 1, "gates_cli_ackdiag": 1, "gates_srv_ackdiag": 1, "gates_cli_walldiag": 1, "gates_srv_walldiag": 1, "gates_cli_fdiag": 1, "gates_srv_fdiag": 1, "gates_cli_recov_mp": 1, "gates_srv_recov_mp": 1, "gates_cli_cc_pace": 0, "gates_srv_cc_pace": 0, "gates_cli_rack_reo_mult": 1, "gates_srv_rack_reo_mult": 1, "gates_lines_cli": 1, "gates_lines_srv": 1, "gate_quantile_cli": "0", "gate_quantile_srv": "0", "gate_alpha_cli": "unset", "gate_alpha_srv": "unset", "gate_gen_cli": 384, "gate_gen_srv": 384, "qalpha_lines_cli": 2, "qalpha_site_cli": "sender", "qalpha_quantile_cli": 0, "qalpha_contract_cli": 0.001, "qalpha_override_cli": null, "qalpha_cli": 0.001, "qalpha_k_cli": 31.607, "qalpha_lines_srv": 2, "qalpha_site_srv": "sender", "qalpha_quantile_srv": 0, "qalpha_contract_srv": 0.001, "qalpha_override_srv": null, "qalpha_srv": 0.001, "qalpha_k_srv": 31.607, "qclk_cli_lines": 1, "qclk_cli_site": "sender", "qclk_cli_alpha": 0.001, "qclk_cli_k": 31.607, "qclk_cli_w_us_mean": 99337.7, "qclk_cli_srtt_us_mean": 324283.6, "qclk_cli_on": 0, "qclk_cli_evals": 177362, "qclk_cli_kept": 2772, "qclk_cli_w_us_p05": 100000, "qclk_cli_w_us_p50": 100000, "qclk_cli_w_us_p95": 100000, "qclk_cli_w_us_min": 25000, "qclk_cli_w_us_max": 100000, "qclk_cli_law_n": 177362, "qclk_cli_sigma_us_mean": 67931.4, "qclk_cli_sigma_n": 177122, "qclk_srv_lines": 17, "qclk_srv_site": "receiver", "qclk_srv_alpha": 1e-05, "qclk_srv_k": 316.2262, "qclk_srv_w_us_mean": 100000.0, "qclk_srv_srtt_us_mean": 361800.9, "qclk_srv_on": 0, "qclk_srv_evals": 167170, "qclk_srv_kept": 2613, "qclk_srv_w_us_p05": 100000, "qclk_srv_w_us_p50": 100000, "qclk_srv_w_us_p95": 100000, "qclk_srv_w_us_min": 100000, "qclk_srv_w_us_max": 100000, "qclk_srv_law_n": 167170, "qclk_srv_sigma_us_mean": 144397.6, "qclk_srv_sigma_n": 166544, "rack_lines_cli": 2, "rack_on_cli": 0, "rack_evals_cli": 0, "rack_ceil_cli": 0.0, "rack_gran_cli": 0.0, "rack_legacy_pin_cli": 0.0, "rack_round_cli": 0.0, "rack_legacy_cli": 0.0, "rack_mult_cli": 1, "rack_fa_n_cli": 1864, "rack_fa_d_cli": 5027, "rack_fa_frac_cli": 0.3708, "rack_fa_class_cli": 0.0625, "rack_lines_srv": 0, "rack_on_srv": null, "rack_evals_srv": null, "rack_ceil_srv": null, "rack_gran_srv": null, "rack_legacy_pin_srv": null, "rack_round_srv": null, "rack_legacy_srv": null, "rack_mult_srv": null, "rack_fa_n_srv": null, "rack_fa_d_srv": null, "rack_fa_frac_srv": null, "rack_fa_class_srv": null, "rack_fired": 5027, "rack_spurious": 1864, "rack_fa_frac": 0.3708, "rack_fa_class": 0.0625, "rack_round_us": 0.0, "rack_legacy_us": 0.0, "rack_evals": 0, "rack_legacy_pin": 0.0, "rfa_lines": 17, "rfa_gen": 0, "rfa_fires": 21906, "rfa_false": 1349, "rfa_fill_coded": 820, "rfa_fill_src": 19737, "rfa_dup_src": 893, "rfa_preempt_src": 456, "rfa_src_n": 164210, "rfa_rep_n": 3226, "rfa_false_frac": 0.0616, "rfa_nu_recv": 0.1334, "rfa_fa_class": 0.0625, "rfa_bracket_lo": 0.0616, "rfa_bracket_hi": 0.621946, "sf_ticks": 2766, "sf_E": 0.9602, "sf_short": 0.0777, "sf_zero": 0.0018, "capboot_n": 67, "capboot_frac": 0.0, "ping_n": 340, "ping_p50": 83.4, "ping_p95": 89.4, "ping_p99": 90.9, "ping_tx": 351, "ping_rx": 340, "ping_loss": 3.13, "ping_censor_frac": 0.0313, "legs_probed": 1, "leg0_n": 340, "leg0_sent": 351, "leg0_recv": 340, "leg0_sent_source": "summary", "leg0_censor_frac": 0.0313, "leg0_censor_pct": 3.13, "leg0_recv_mismatch": false, "leg0_leg_unscoreable": false, "leg0_min": 6.52, "leg0_max": 92.4, "leg0_p50": 83.4, "leg0_p50_censored": false, "leg0_p50_scoreable": true, "leg0_p95": 89.5, "leg0_p95_censored": false, "leg0_p95_scoreable": true, "leg0_p99": 90.9, "leg0_p99_censored": true, "leg0_p99_scoreable": false, "legs_censor_max": 0.0313, "wait_tun": 48, "wait_paused": 21, "wait_pace": 0, "wait_gen": 0, "wait_nack": 30, "wait_defc": 0, "wait_tail": 1, "wait_flush": 0, "wait_lines": 67, "deadwall": false, "sig_us_p50": 183.0, "sig_us_n": 165512, "sig_us_path": 0, "sig_paths": 2, "pl_n": 132, "pl_max": 0.9358, "pl_min": 0.0, "pl_p0": 0.0, "pl_p1": 0.9358, "dgq_hand": 177894, "dgq_full": 0, "dgq_err": 0, "dgq_gap": 0, "tc_bytes": 225088303, "tc_pkts": 175381, "tc_drop": 803, "tc_s": 20}
LIVENESS c8L-CTL rep=1 RWM_QUANTILE_CLOCKS=RWM_QUANTILE_CLOCKS=0/RWM_QUANTILE_CLOCKS=0(exp0) RWM_ALPHA_OVERRIDE=RWM_ALPHA_OVERRIDE=unset/RWM_ALPHA_OVERRIDE=unset(expunset) RWM_DELTA_CAP=RWM_DELTA_CAP=1/RWM_DELTA_CAP=1(exp1) RWM_SUM_CAP=RWM_SUM_CAP=1/RWM_SUM_CAP=1(exp1) RWM_RACK_CLOCKS=RWM_RACK_CLOCKS=0/RWM_RACK_CLOCKS=0(exp0) RWM_DERIVED_SWEEP=RWM_DERIVED_SWEEP=0/RWM_DERIVED_SWEEP=0(exp0) RWM_COMPOSED_CAP=RWM_COMPOSED_CAP=0/RWM_COMPOSED_CAP=0(exp0) RWM_THREE_TERM=RWM_THREE_TERM=0/RWM_THREE_TERM=0(exp0) RWM_STORE_CAP_UNIFIED=RWM_STORE_CAP_UNIFIED=0/RWM_STORE_CAP_UNIFIED=0(exp0) RWM_LATE_BRAKE=RWM_LATE_BRAKE=0/RWM_LATE_BRAKE=0(exp0) RWM_CHARGE_RECOVERY=RWM_CHARGE_RECOVERY=0/RWM_CHARGE_RECOVERY=0(exp0) RWM_RELEASE_1TO1=RWM_RELEASE_1TO1=0/RWM_RELEASE_1TO1=0(exp0) RWM_LOSS_SENT_TRUTH=RWM_LOSS_SENT_TRUTH=0/RWM_LOSS_SENT_TRUTH=0(exp0) RWM_DIAG=RWM_DIAG=1/RWM_DIAG=1(exp1) RWM_ACKDIAG=RWM_ACKDIAG=1/RWM_ACKDIAG=1(exp1) RWM_WALLDIAG=RWM_WALLDIAG=1/RWM_WALLDIAG=1(exp1) RWM_FDIAG=RWM_FDIAG=1/RWM_FDIAG=1(exp1)
QALPHALINE c8L-CTL rep=1 site=cli [QALPHA] site=sender quantile=0 contract_alpha=1.000000e-3 override=unset alpha=1.000000e-3 k=31.6070 fa_class=0.0625
QALPHALINE c8L-CTL rep=1 site=srv [QALPHA] site=receiver quantile=0 contract_alpha=1.000000e-5 override=unset alpha=1.000000e-5 k=316.2262 fa_class=0.0625
QCLKLINE c8L-CTL rep=1 site=cli [QCLK] site=sender on=0 alpha=1.000000e-3 k=31.6070 evals=177362 law_n=177362 kept=2772 w_us_mean=99337.7 w_us_p05=100000 w_us_p50=100000 w_us_p95=100000 w_us_min=25000 w_us_max=100000 srtt_us_mean=324283.6 sigma_us_mean=67931.4/n177122 fa_class=0.0625
QCLKLINE c8L-CTL rep=1 site=srv [QCLK] site=receiver on=0 alpha=1.000000e-5 k=316.2262 evals=7062 law_n=7062 kept=3531 w_us_mean=100000.0 w_us_p05=100000 w_us_p50=100000 w_us_p95=100000 w_us_min=100000 w_us_max=100000 srtt_us_mean=135859.8 sigma_us_mean=112205.0/n6436 fa_class=0.0625
QCLKLINE c8L-CTL rep=1 site=srv [QCLK] site=receiver on=0 alpha=1.000000e-5 k=316.2262 evals=17949 law_n=17949 kept=2244 w_us_mean=100000.0 w_us_p05=100000 w_us_p50=100000 w_us_p95=100000 w_us_min=100000 w_us_max=100000 srtt_us_mean=189259.5 sigma_us_mean=135036.1/n17323 fa_class=0.0625
QCLKLINE c8L-CTL rep=1 site=srv [QCLK] site=receiver on=0 alpha=1.000000e-5 k=316.2262 evals=28762 law_n=28762 kept=3596 w_us_mean=100000.0 w_us_p05=100000 w_us_p50=100000 w_us_p95=100000 w_us_min=100000 w_us_max=100000 srtt_us_mean=217386.2 sigma_us_mean=136878.9/n28136 fa_class=0.0625
QCLKLINE c8L-CTL rep=1 site=srv [QCLK] site=receiver on=0 alpha=1.000000e-5 k=316.2262 evals=40045 law_n=40045 kept=2503 w_us_mean=100000.0 w_us_p05=100000 w_us_p50=100000 w_us_p95=100000 w_us_min=100000 w_us_max=100000 srtt_us_mean=251134.8 sigma_us_mean=140334.2/n39419 fa_class=0.0625
QCLKLINE c8L-CTL rep=1 site=srv [QCLK] site=receiver on=0 alpha=1.000000e-5 k=316.2262 evals=51735 law_n=51735 kept=3234 w_us_mean=100000.0 w_us_p05=100000 w_us_p50=100000 w_us_p95=100000 w_us_min=100000 w_us_max=100000 srtt_us_mean=271031.0 sigma_us_mean=141474.8/n51109 fa_class=0.0625
QCLKLINE c8L-CTL rep=1 site=srv [QCLK] site=receiver on=0 alpha=1.000000e-5 k=316.2262 evals=61599 law_n=61599 kept=3850 w_us_mean=100000.0 w_us_p05=100000 w_us_p50=100000 w_us_p95=100000 w_us_min=100000 w_us_max=100000 srtt_us_mean=291913.4 sigma_us_mean=143250.6/n60973 fa_class=0.0625
QCLKLINE c8L-CTL rep=1 site=srv [QCLK] site=receiver on=0 alpha=1.000000e-5 k=316.2262 evals=71294 law_n=71294 kept=2228 w_us_mean=100000.0 w_us_p05=100000 w_us_p50=100000 w_us_p95=100000 w_us_min=100000 w_us_max=100000 srtt_us_mean=306661.2 sigma_us_mean=143498.8/n70668 fa_class=0.0625
QCLKLINE c8L-CTL rep=1 site=srv [QCLK] site=receiver on=0 alpha=1.000000e-5 k=316.2262 evals=80476 law_n=80476 kept=2515 w_us_mean=100000.0 w_us_p05=100000 w_us_p50=100000 w_us_p95=100000 w_us_min=100000 w_us_max=100000 srtt_us_mean=317352.3 sigma_us_mean=143678.3/n79850 fa_class=0.0625
QCLKLINE c8L-CTL rep=1 site=srv [QCLK] site=receiver on=0 alpha=1.000000e-5 k=316.2262 evals=90217 law_n=90217 kept=2820 w_us_mean=100000.0 w_us_p05=100000 w_us_p50=100000 w_us_p95=100000 w_us_min=100000 w_us_max=100000 srtt_us_mean=326315.4 sigma_us_mean=143828.6/n89591 fa_class=0.0625
QCLKLINE c8L-CTL rep=1 site=srv [QCLK] site=receiver on=0 alpha=1.000000e-5 k=316.2262 evals=99809 law_n=99809 kept=3120 w_us_mean=100000.0 w_us_p05=100000 w_us_p50=100000 w_us_p95=100000 w_us_min=100000 w_us_max=100000 srtt_us_mean=333431.7 sigma_us_mean=143947.7/n99183 fa_class=0.0625
QCLKLINE c8L-CTL rep=1 site=srv [QCLK] site=receiver on=0 alpha=1.000000e-5 k=316.2262 evals=109438 law_n=109438 kept=3420 w_us_mean=100000.0 w_us_p05=100000 w_us_p50=100000 w_us_p95=100000 w_us_min=100000 w_us_max=100000 srtt_us_mean=339320.8 sigma_us_mean=144046.1/n108812 fa_class=0.0625
QCLKLINE c8L-CTL rep=1 site=srv [QCLK] site=receiver on=0 alpha=1.000000e-5 k=316.2262 evals=119058 law_n=119058 kept=3721 w_us_mean=100000.0 w_us_p05=100000 w_us_p50=100000 w_us_p95=100000 w_us_min=100000 w_us_max=100000 srtt_us_mean=344253.1 sigma_us_mean=144128.4/n118432 fa_class=0.0625
QCLKLINE c8L-CTL rep=1 site=srv [QCLK] site=receiver on=0 alpha=1.000000e-5 k=316.2262 evals=128683 law_n=128683 kept=4022 w_us_mean=100000.0 w_us_p05=100000 w_us_p50=100000 w_us_p95=100000 w_us_min=100000 w_us_max=100000 srtt_us_mean=348450.0 sigma_us_mean=144198.5/n128057 fa_class=0.0625
QCLKLINE c8L-CTL rep=1 site=srv [QCLK] site=receiver on=0 alpha=1.000000e-5 k=316.2262 evals=138298 law_n=138298 kept=2161 w_us_mean=100000.0 w_us_p05=100000 w_us_p50=100000 w_us_p95=100000 w_us_min=100000 w_us_max=100000 srtt_us_mean=352059.3 sigma_us_mean=144258.6/n137672 fa_class=0.0625
QCLKLINE c8L-CTL rep=1 site=srv [QCLK] site=receiver on=0 alpha=1.000000e-5 k=316.2262 evals=147920 law_n=147920 kept=2312 w_us_mean=100000.0 w_us_p05=100000 w_us_p50=100000 w_us_p95=100000 w_us_min=100000 w_us_max=100000 srtt_us_mean=355296.5 sigma_us_mean=144311.0/n147294 fa_class=0.0625
QCLKLINE c8L-CTL rep=1 site=srv [QCLK] site=receiver on=0 alpha=1.000000e-5 k=316.2262 evals=157550 law_n=157550 kept=2462 w_us_mean=100000.0 w_us_p05=100000 w_us_p50=100000 w_us_p95=100000 w_us_min=100000 w_us_max=100000 srtt_us_mean=358603.5 sigma_us_mean=144356.9/n156924 fa_class=0.0625
QCLKLINE c8L-CTL rep=1 site=srv [QCLK] site=receiver on=0 alpha=1.000000e-5 k=316.2262 evals=167170 law_n=167170 kept=2613 w_us_mean=100000.0 w_us_p05=100000 w_us_p50=100000 w_us_p95=100000 w_us_min=100000 w_us_max=100000 srtt_us_mean=361800.9 sigma_us_mean=144397.6/n166544 fa_class=0.0625
RACKLINE c8L-CTL rep=1 site=cli [RACK] on=0 evals=0 ceil=0.0000 gran=0.0000 legacy_pin=0.0000 round=0.0 legacy=0.0 mult=1 fa=47/47 fa_frac=1.0000 fa_class=0.0625
RACKLINE c8L-CTL rep=1 site=cli [RACK] on=0 evals=0 ceil=0.0000 gran=0.0000 legacy_pin=0.0000 round=0.0 legacy=0.0 mult=1 fa=1864/5027 fa_frac=0.3708 fa_class=0.0625
RFALINE c8L-CTL rep=1 site=cli [RFA] gen=0 fires=8 false=8 false_frac=1.0000 fill_coded=0 fill_src=0 dup_src=8 preempt_src=0 src_n=9 rep_n=7 nu_recv=0.88889 fa_class=0.0625
RFALINE c8L-CTL rep=1 site=cli [RFA] gen=0 fires=12 false=12 false_frac=1.0000 fill_coded=0 fill_src=0 dup_src=12 preempt_src=0 src_n=13 rep_n=11 nu_recv=0.92308 fa_class=0.0625
RFALINE c8L-CTL rep=1 site=cli [RFA] gen=0 fires=15 false=15 false_frac=1.0000 fill_coded=0 fill_src=0 dup_src=15 preempt_src=0 src_n=16 rep_n=14 nu_recv=0.93750 fa_class=0.0625
RFALINE c8L-CTL rep=1 site=cli [RFA] gen=0 fires=18 false=18 false_frac=1.0000 fill_coded=0 fill_src=0 dup_src=18 preempt_src=0 src_n=19 rep_n=17 nu_recv=0.94737 fa_class=0.0625
RFALINE c8L-CTL rep=1 site=cli [RFA] gen=0 fires=21 false=21 false_frac=1.0000 fill_coded=0 fill_src=0 dup_src=21 preempt_src=0 src_n=22 rep_n=20 nu_recv=0.95455 fa_class=0.0625
RFALINE c8L-CTL rep=1 site=cli [RFA] gen=0 fires=24 false=24 false_frac=1.0000 fill_coded=0 fill_src=0 dup_src=24 preempt_src=0 src_n=25 rep_n=23 nu_recv=0.96000 fa_class=0.0625
RFALINE c8L-CTL rep=1 site=cli [RFA] gen=0 fires=27 false=27 false_frac=1.0000 fill_coded=0 fill_src=0 dup_src=27 preempt_src=0 src_n=28 rep_n=26 nu_recv=0.96429 fa_class=0.0625
RFALINE c8L-CTL rep=1 site=cli [RFA] gen=0 fires=30 false=30 false_frac=1.0000 fill_coded=0 fill_src=0 dup_src=30 preempt_src=0 src_n=31 rep_n=29 nu_recv=0.96774 fa_class=0.0625
RFALINE c8L-CTL rep=1 site=cli [RFA] gen=0 fires=33 false=33 false_frac=1.0000 fill_coded=0 fill_src=0 dup_src=33 preempt_src=0 src_n=34 rep_n=32 nu_recv=0.97059 fa_class=0.0625
RFALINE c8L-CTL rep=1 site=cli [RFA] gen=0 fires=36 false=36 false_frac=1.0000 fill_coded=0 fill_src=0 dup_src=36 preempt_src=0 src_n=37 rep_n=35 nu_recv=0.97297 fa_class=0.0625
RFALINE c8L-CTL rep=1 site=cli [RFA] gen=0 fires=39 false=39 false_frac=1.0000 fill_coded=0 fill_src=0 dup_src=39 preempt_src=0 src_n=40 rep_n=38 nu_recv=0.97500 fa_class=0.0625
RFALINE c8L-CTL rep=1 site=cli [RFA] gen=0 fires=41 false=41 false_frac=1.0000 fill_coded=0 fill_src=0 dup_src=41 preempt_src=0 src_n=42 rep_n=40 nu_recv=0.97619 fa_class=0.0625
RFALINE c8L-CTL rep=1 site=cli [RFA] gen=0 fires=43 false=43 false_frac=1.0000 fill_coded=0 fill_src=0 dup_src=43 preempt_src=0 src_n=44 rep_n=42 nu_recv=0.97727 fa_class=0.0625
RFALINE c8L-CTL rep=1 site=cli [RFA] gen=0 fires=45 false=45 false_frac=1.0000 fill_coded=0 fill_src=0 dup_src=45 preempt_src=0 src_n=46 rep_n=44 nu_recv=0.97826 fa_class=0.0625
RFALINE c8L-CTL rep=1 site=cli [RFA] gen=0 fires=47 false=47 false_frac=1.0000 fill_coded=0 fill_src=0 dup_src=47 preempt_src=0 src_n=48 rep_n=46 nu_recv=0.97917 fa_class=0.0625
RFALINE c8L-CTL rep=1 site=cli [RFA] gen=0 fires=47 false=47 false_frac=1.0000 fill_coded=0 fill_src=0 dup_src=47 preempt_src=0 src_n=49 rep_n=47 nu_recv=0.95918 fa_class=0.0625
RFALINE c8L-CTL rep=1 site=srv [RFA] gen=0 fires=1050 false=337 false_frac=0.3210 fill_coded=37 fill_src=676 dup_src=303 preempt_src=34 src_n=7025 rep_n=74 nu_recv=0.14947 fa_class=0.0625
RFALINE c8L-CTL rep=1 site=srv [RFA] gen=0 fires=4247 false=472 false_frac=0.1111 fill_coded=83 fill_src=3692 dup_src=393 preempt_src=79 src_n=17817 rep_n=162 nu_recv=0.23837 fa_class=0.0625
RFALINE c8L-CTL rep=1 site=srv [RFA] gen=0 fires=8551 false=572 false_frac=0.0669 fill_coded=146 fill_src=7833 dup_src=445 preempt_src=127 src_n=28522 rep_n=265 nu_recv=0.29980 fa_class=0.0625
RFALINE c8L-CTL rep=1 site=srv [RFA] gen=0 fires=13003 false=1068 false_frac=0.0821 fill_coded=231 fill_src=11704 dup_src=869 preempt_src=199 src_n=39619 rep_n=443 nu_recv=0.32820 fa_class=0.0625
RFALINE c8L-CTL rep=1 site=srv [RFA] gen=0 fires=17202 false=1125 false_frac=0.0654 fill_coded=274 fill_src=15803 dup_src=893 preempt_src=232 src_n=51182 rep_n=564 nu_recv=0.33609 fa_class=0.0625
RFALINE c8L-CTL rep=1 site=srv [RFA] gen=0 fires=19143 false=1143 false_frac=0.0597 fill_coded=347 fill_src=17653 dup_src=893 preempt_src=250 src_n=60694 rep_n=909 nu_recv=0.31540 fa_class=0.0625
RFALINE c8L-CTL rep=1 site=srv [RFA] gen=0 fires=19408 false=1153 false_frac=0.0594 fill_coded=378 fill_src=17877 dup_src=893 preempt_src=260 src_n=70150 rep_n=1143 nu_recv=0.27666 fa_class=0.0625
RFALINE c8L-CTL rep=1 site=srv [RFA] gen=0 fires=19658 false=1162 false_frac=0.0591 fill_coded=399 fill_src=18097 dup_src=893 preempt_src=269 src_n=79433 rep_n=1358 nu_recv=0.24748 fa_class=0.0625
RFALINE c8L-CTL rep=1 site=srv [RFA] gen=0 fires=19997 false=1207 false_frac=0.0604 fill_coded=460 fill_src=18330 dup_src=893 preempt_src=314 src_n=88874 rep_n=1652 nu_recv=0.22500 fa_class=0.0625
RFALINE c8L-CTL rep=1 site=srv [RFA] gen=0 fires=20413 false=1262 false_frac=0.0618 fill_coded=537 fill_src=18614 dup_src=893 preempt_src=369 src_n=98121 rep_n=1991 nu_recv=0.20804 fa_class=0.0625
RFALINE c8L-CTL rep=1 site=srv [RFA] gen=0 fires=20784 false=1279 false_frac=0.0615 fill_coded=636 fill_src=18869 dup_src=893 preempt_src=386 src_n=107479 rep_n=2256 nu_recv=0.19338 fa_class=0.0625
RFALINE c8L-CTL rep=1 site=srv [RFA] gen=0 fires=20919 false=1289 false_frac=0.0616 fill_coded=668 fill_src=18962 dup_src=893 preempt_src=396 src_n=116992 rep_n=2359 nu_recv=0.17881 fa_class=0.0625
RFALINE c8L-CTL rep=1 site=srv [RFA] gen=0 fires=21087 false=1296 false_frac=0.0615 fill_coded=688 fill_src=19103 dup_src=893 preempt_src=403 src_n=126451 rep_n=2517 nu_recv=0.16676 fa_class=0.0625
RFALINE c8L-CTL rep=1 site=srv [RFA] gen=0 fires=21350 false=1311 false_frac=0.0614 fill_coded=717 fill_src=19322 dup_src=893 preempt_src=418 src_n=135828 rep_n=2751 nu_recv=0.15718 fa_class=0.0625
RFALINE c8L-CTL rep=1 site=srv [RFA] gen=0 fires=21602 false=1322 false_frac=0.0612 fill_coded=781 fill_src=19499 dup_src=893 preempt_src=429 src_n=145245 rep_n=2950 nu_recv=0.14873 fa_class=0.0625
RFALINE c8L-CTL rep=1 site=srv [RFA] gen=0 fires=21687 false=1322 false_frac=0.0610 fill_coded=787 fill_src=19578 dup_src=893 preempt_src=429 src_n=154783 rep_n=3038 nu_recv=0.14011 fa_class=0.0625
RFALINE c8L-CTL rep=1 site=srv [RFA] gen=0 fires=21906 false=1349 false_frac=0.0616 fill_coded=820 fill_src=19737 dup_src=893 preempt_src=456 src_n=164210 rep_n=3226 nu_recv=0.13340 fa_class=0.0625
DCAPLINE c8L-CTL rep=1 site=cli [DCAP] on=1 eng=3023/3023 chg=1804/3023 chg_frac=0.5968 pin=0.4032 floor=0.0000 cap=2756.8 ask=5956.0 q=0.100000 b=2.0000
WALLLINE c8L-CTL rep=1 site=cli [WALL] onset=0.9744 dur_ms=451.8 retx=61 total_ms=17613.8 it_ms=0.099
ALPHAWITNESS {"cell":"c8L","arm":"CTL","alpha":"unset","seed":42,"rep":1,"rc":0,"mbps":90.907,"band":[45,95],"band_applies":1,"in_band":1,"lossy":1,"qclk_law_n":177362,"rfa_lines":17,"W1_rfa_gen":"0","W2_pfrac_lines":0,"W4_retx_max":5022,"W5_rack_fa":"1864/5027"}
=== rep=1 arm=c8L-Q002 alpha=0.002 seed=42 env="RWM_QUANTILE_CLOCKS=1 RWM_ALPHA_OVERRIDE=0.002 RWM_DELTA_CAP=1 RWM_SUM_CAP=1 RWM_RACK_CLOCKS=0 RWM_DERIVED_SWEEP=0 RWM_COMPOSED_CAP=0 RWM_THREE_TERM=0 RWM_STORE_CAP_UNIFIED=0 RWM_LATE_BRAKE=0 RWM_CHARGE_RECOVERY=0 RWM_RELEASE_1TO1=0 RWM_LOSS_SENT_TRUTH=0" cell=c2/c3/dual bytes=200000000 17:25:20
[2m2026-08-20T17:25:21.729655Z[0m [32m INFO[0m [2mraptorpath::gates[0m[2m:[0m [GATES] RWM_UNIFIED=1 RWM_UNIFIED_SHED=1 RWM_TAPER_R=1 RWM_ASTAR_ANCHOR=1 RWM_MSTAR_ANCHOR=1 RWM_PLAIN_RS=0 RWM_HONEST_ANCHOR=1 RWM_HONEST_K=0 RWM_STORE_SACK_RELEASE=1 RWM_STORE_PATHS=1 RWM_STORE_PATH_POOL=2048 RWM_STORE=unset RWM_STORE_GAIN=2 RWM_STORE_BOOT=128 RWM_STORE_CAPW=0 RWM_STORE_CAP_UNIFIED=0 RWM_THREE_TERM=0 RWM_COMPOSED_CAP=0 RWM_SUM_CAP=1 RWM_LATE_BRAKE=0 RWM_DELTA_CAP=1 RWM_STORE_PERCAP=0 RWM_PERCAP_GUARD=1 RWM_STORE_BORROW=0 RWM_HONEST_CAP=1 RWM_POOL_ANCHOR=0 RWM_POOL_DELIV=0 RWM_FLOOR_BOUND=0 RWM_ACK_MERGE=1 RWM_LOSS_SENT_TRUTH=0 RWM_RELEASE_1TO1=0 RWM_CHARGE_RECOVERY=0 RWM_PATIENCE_DERIVED=0 RWM_SIDLE_DERIVED=0 RWM_WIN_DECOUPLE=0 RWM_PLACE_SLACK=0 RWM_COLD_PLACE=0 RWM_GEN=384 RWM_PIPELINE=2 RWM_GEN_PIPE=1 RWM_GEN_R=unset RWM_GEN_RATE=9000 RWM_GEN_RATE_FLOOR=2000 RWM_GEN_INFLIGHT=unset RWM_OOO_RETAIN=0/16 RWM_WINDOW=unset RWM_REPORT_GENS=unset RWM_REPAIR_WAIT=unset RWM_CODED_SRC=0 RWM_NO_REACTIVE=0 RWM_XPATH_REPAIR=0 RWM_PROACTIVE_PACER=0 RWM_REASM_BDP=0 RWM_MIN_R=0 RWM_CC_PACE=0 RWM_CC_PACE_HR=1.1 RWM_REACT_CAP=unset RWM_INFL_CAP=0 RWM_INFL_BDP=unset RWM_COPA_FEED=0 RWM_RS_ATTR=1 RWM_EMIT_BATCH=0 RWM_EMIT_BURST=64 RWM_RECOV_MP=1 RWM_RECOV_MP_LAW=1 RWM_RECOV_MP_LIVE=0 RWM_RECOV_SP=0 RWM_DERIVED_SWEEP=0 RWM_RACK_CLOCKS=0 RWM_RACK_REO_MULT=1 RWM_QUANTILE_CLOCKS=1 RWM_ALPHA_OVERRIDE=0.002 RWM_DIAG=1 RWM_ACKDIAG=1 RWM_ACKDIAG_WINDOW_US=2000000 RWM_WALLDIAG=1 RWM_CPUPROF=0 RWM_RDIAG=0 RWM_FDIAG=1 RWM_TRACE=0 RWM_PFRAC=0
{"bytes":200000000,"dnf":0,"hint":"bulk","max_s":17.6997,"mean_mbps":90.397,"mean_s":17.6997,"median_s":17.6997,"min_s":17.6997,"proto":"rp-native","runs":1,"stdev_s":0.0,"summary":true}
    LATPROBE-LEG leg=0 file=/tmp/rwm-ping-0.txt sent=344 recv=328 censor=4.65% p50=101.0[censor=4.65% ok] p95=109.0[censor=4.65% ok] p99=111.0[censor=4.65% UNSCOREABLE(inside censored tail)]
    LATPROBE-LEG leg=1 file=/tmp/rwm-ping-1.txt sent=354 recv=335 censor=5.37% p50=42.9[censor=5.37% ok] p95=389.0[censor=5.37% UNSCOREABLE(inside censored tail)] p99=498.0[censor=5.37% UNSCOREABLE(inside censored tail)]
    LATPROBE: 2 leg(s) /tmp/rwm-ping-0.txt=328 /tmp/rwm-ping-1.txt=335 replies
    CPU: CPUSRV=15.64s CPUCLI=16.26s (srv=decoder cli=sender; whole-invocation incl warmup)
    QDISC cli0: qdisc netem a2dd: root refcnt 7 limit 1000 delay 5ms  3ms loss gemodel p 1.3% r 50% 1-h 100% 1-k 0% rate 100Mbit seed 42  Sent 211093519 bytes 163449 pkt (dropped 624, overlimits 0 requeues 0)   backlog 0b 0p requeues 0 
    QDISC cli1: qdisc netem a2de: root refcnt 7 limit 1000 delay 20ms  5ms loss gemodel p 2% r 40% 1-h 100% 1-k 0% rate 20Mbit seed 1042  Sent 13778479 bytes 12405 pkt (dropped 196, overlimits 0 requeues 0)   backlog 0b 0p requeues 0 
    QDISC srv0: qdisc netem a2df: root refcnt 7 limit 1000 delay 5ms  3ms rate 100Mbit seed 768818561784188466  Sent 21182824 bytes 113392 pkt (dropped 0, overlimits 0 requeues 0)   backlog 0b 0p requeues 0 
    QDISC srv1: qdisc netem a2e0: root refcnt 7 limit 1000 delay 20ms  5ms rate 20Mbit seed 8648818968973579735  Sent 1779877 bytes 9941 pkt (dropped 0, overlimits 0 requeues 0)   backlog 0b 0p requeues 0 
    QCAP: /tmp/rwm-q.txt 18 lines
RUNTIME c8L-Q002 rep=1 19s rc=0
ALPHARESULT {"cell": "c8L", "arm": "Q002", "alpha_cmd": 0.002, "seed": 42, "rep": 1, "n_paths": 2, "dnf": false, "dnf_count": 0, "mbps": 90.397, "mean_mbps": 90.397, "seconds": 17.6997, "n_runs": 1, "cpusrv": 15.64, "cpucli": 16.26, "khr_med": 1.0, "kraw_med": null, "khr_n": 133, "kraw_n": 0, "rtp_med": 35, "occ_p50": 1592, "occcap_p50": 1592, "q_p50": 212, "q_p99": 634, "diag_lines": 70, "retx": 6220, "w1_rfa_gen": "0", "w2_pfrac_lines": 0, "w4_retx_max": 6220, "w5_rack_fa": "1912/6230", "gates_cli_quantile_clocks": 1, "gates_srv_quantile_clocks": 1, "gates_cli_rack_clocks": 0, "gates_srv_rack_clocks": 0, "gates_cli_derived_sweep": 0, "gates_srv_derived_sweep": 0, "gates_cli_delta_cap": 1, "gates_srv_delta_cap": 1, "gates_cli_sum_cap": 1, "gates_srv_sum_cap": 1, "gates_cli_composed_cap": 0, "gates_srv_composed_cap": 0, "gates_cli_three_term": 0, "gates_srv_three_term": 0, "gates_cli_loss_sent_truth": 0, "gates_srv_loss_sent_truth": 0, "gates_cli_gen": null, "gates_srv_gen": null, "gates_cli_diag": 1, "gates_srv_diag": 1, "gates_cli_ackdiag": 1, "gates_srv_ackdiag": 1, "gates_cli_walldiag": 1, "gates_srv_walldiag": 1, "gates_cli_fdiag": 1, "gates_srv_fdiag": 1, "gates_cli_recov_mp": 1, "gates_srv_recov_mp": 1, "gates_cli_cc_pace": 0, "gates_srv_cc_pace": 0, "gates_cli_rack_reo_mult": 1, "gates_srv_rack_reo_mult": 1, "gates_lines_cli": 1, "gates_lines_srv": 1, "gate_quantile_cli": "1", "gate_quantile_srv": "1", "gate_alpha_cli": "0.002", "gate_alpha_srv": "0.002", "gate_gen_cli": 384, "gate_gen_srv": 384, "qalpha_lines_cli": 2, "qalpha_site_cli": "sender", "qalpha_quantile_cli": 1, "qalpha_contract_cli": 0.001, "qalpha_override_cli": 0.002, "qalpha_cli": 0.002, "qalpha_k_cli": 22.3383, "qalpha_lines_srv": 2, "qalpha_site_srv": "sender", "qalpha_quantile_srv": 1, "qalpha_contract_srv": 0.001, "qalpha_override_srv": 0.002, "qalpha_srv": 0.002, "qalpha_k_srv": 22.3383, "qclk_cli_lines": 1, "qclk_cli_site": "sender", "qclk_cli_alpha": 0.002, "qclk_cli_k": 22.3383, "qclk_cli_w_us_mean": 2065633.4, "qclk_cli_srtt_us_mean": 326974.5, "qclk_cli_on": 1, "qclk_cli_evals": 176779, "qclk_cli_kept": 2759, "qclk_cli_w_us_p05": 243067, "qclk_cli_w_us_p50": 2202945, "qclk_cli_w_us_p95": 5341597, "qclk_cli_w_us_min": 21937, "qclk_cli_w_us_max": 6453809, "qclk_cli_law_n": 176556, "qclk_cli_sigma_us_mean": 77833.1, "qclk_cli_sigma_n": 176556, "qclk_srv_lines": 17, "qclk_srv_site": "receiver", "qclk_srv_alpha": 0.002, "qclk_srv_k": 22.3383, "qclk_srv_w_us_mean": 2474044.7, "qclk_srv_srtt_us_mean": 161169.9, "qclk_srv_on": 1, "qclk_srv_evals": 160633, "qclk_srv_kept": 2499, "qclk_srv_w_us_p05": 279993, "qclk_srv_w_us_p50": 993304, "qclk_srv_w_us_p95": 6007495, "qclk_srv_w_us_min": 96408, "qclk_srv_w_us_max": 6007495, "qclk_srv_law_n": 159929, "qclk_srv_sigma_us_mean": 103538.5, "qclk_srv_sigma_n": 159929, "rack_lines_cli": 2, "rack_on_cli": 0, "rack_evals_cli": 0, "rack_ceil_cli": 0.0, "rack_gran_cli": 0.0, "rack_legacy_pin_cli": 0.0, "rack_round_cli": 0.0, "rack_legacy_cli": 0.0, "rack_mult_cli": 1, "rack_fa_n_cli": 1912, "rack_fa_d_cli": 6230, "rack_fa_frac_cli": 0.3069, "rack_fa_class_cli": 0.0625, "rack_lines_srv": 0, "rack_on_srv": null, "rack_evals_srv": null, "rack_ceil_srv": null, "rack_gran_srv": null, "rack_legacy_pin_srv": null, "rack_round_srv": null, "rack_legacy_srv": null, "rack_mult_srv": null, "rack_fa_n_srv": null, "rack_fa_d_srv": null, "rack_fa_frac_srv": null, "rack_fa_class_srv": null, "rack_fired": 6230, "rack_spurious": 1912, "rack_fa_frac": 0.3069, "rack_fa_class": 0.0625, "rack_round_us": 0.0, "rack_legacy_us": 0.0, "rack_evals": 0, "rack_legacy_pin": 0.0, "rfa_lines": 17, "rfa_gen": 0, "rfa_fires": 29140, "rfa_false": 1818, "rfa_fill_coded": 908, "rfa_fill_src": 26414, "rfa_dup_src": 1136, "rfa_preempt_src": 682, "rfa_src_n": 163212, "rfa_rep_n": 2718, "rfa_false_frac": 0.0624, "rfa_nu_recv": 0.17854, "rfa_fa_class": 0.0625, "rfa_bracket_lo": 0.0624, "rfa_bracket_hi": 0.666911, "sf_ticks": 2589, "sf_E": 0.9882, "sf_short": 0.0216, "sf_zero": 0.0019, "capboot_n": 67, "capboot_frac": 0.0, "ping_n": 328, "ping_p50": 101.0, "ping_p95": 109.0, "ping_p99": 111.0, "ping_tx": 344, "ping_rx": 328, "ping_loss": 4.65, "ping_censor_frac": 0.0465, "legs_probed": 1, "leg0_n": 328, "leg0_sent": 344, "leg0_recv": 328, "leg0_sent_source": "summary", "leg0_censor_frac": 0.0465, "leg0_censor_pct": 4.65, "leg0_recv_mismatch": false, "leg0_leg_unscoreable": false, "leg0_min": 5.17, "leg0_max": 113.0, "leg0_p50": 101.0, "leg0_p50_censored": false, "leg0_p50_scoreable": true, "leg0_p95": 109.0, "leg0_p95_censored": false, "leg0_p95_scoreable": true, "leg0_p99": 111.0, "leg0_p99_censored": true, "leg0_p99_scoreable": false, "legs_censor_max": 0.0465, "wait_tun": 40, "wait_paused": 26, "wait_pace": 0, "wait_gen": 0, "wait_nack": 30, "wait_defc": 0, "wait_tail": 0, "wait_flush": 0, "wait_lines": 67, "deadwall": false, "sig_us_p50": 339.0, "sig_us_n": 162326, "sig_us_path": 0, "sig_paths": 2, "pl_n": 133, "pl_max": 0.6627, "pl_min": 0.0, "pl_p0": 0.0, "pl_p1": 0.6627, "dgq_hand": 178495, "dgq_full": 1010, "dgq_err": 0, "dgq_gap": 1010, "tc_bytes": 224871998, "tc_pkts": 175854, "tc_drop": 820, "tc_s": 19}
LIVENESS c8L-Q002 rep=1 RWM_QUANTILE_CLOCKS=RWM_QUANTILE_CLOCKS=1/RWM_QUANTILE_CLOCKS=1(exp1) RWM_ALPHA_OVERRIDE=RWM_ALPHA_OVERRIDE=0.002/RWM_ALPHA_OVERRIDE=0.002(exp0.002) RWM_DELTA_CAP=RWM_DELTA_CAP=1/RWM_DELTA_CAP=1(exp1) RWM_SUM_CAP=RWM_SUM_CAP=1/RWM_SUM_CAP=1(exp1) RWM_RACK_CLOCKS=RWM_RACK_CLOCKS=0/RWM_RACK_CLOCKS=0(exp0) RWM_DERIVED_SWEEP=RWM_DERIVED_SWEEP=0/RWM_DERIVED_SWEEP=0(exp0) RWM_COMPOSED_CAP=RWM_COMPOSED_CAP=0/RWM_COMPOSED_CAP=0(exp0) RWM_THREE_TERM=RWM_THREE_TERM=0/RWM_THREE_TERM=0(exp0) RWM_STORE_CAP_UNIFIED=RWM_STORE_CAP_UNIFIED=0/RWM_STORE_CAP_UNIFIED=0(exp0) RWM_LATE_BRAKE=RWM_LATE_BRAKE=0/RWM_LATE_BRAKE=0(exp0) RWM_CHARGE_RECOVERY=RWM_CHARGE_RECOVERY=0/RWM_CHARGE_RECOVERY=0(exp0) RWM_RELEASE_1TO1=RWM_RELEASE_1TO1=0/RWM_RELEASE_1TO1=0(exp0) RWM_LOSS_SENT_TRUTH=RWM_LOSS_SENT_TRUTH=0/RWM_LOSS_SENT_TRUTH=0(exp0) RWM_DIAG=RWM_DIAG=1/RWM_DIAG=1(exp1) RWM_ACKDIAG=RWM_ACKDIAG=1/RWM_ACKDIAG=1(exp1) RWM_WALLDIAG=RWM_WALLDIAG=1/RWM_WALLDIAG=1(exp1) RWM_FDIAG=RWM_FDIAG=1/RWM_FDIAG=1(exp1)
QALPHALINE c8L-Q002 rep=1 site=cli [QALPHA] site=sender quantile=1 contract_alpha=1.000000e-3 override=2.000000e-3 alpha=2.000000e-3 k=22.3383 fa_class=0.0625
QALPHALINE c8L-Q002 rep=1 site=srv [QALPHA] site=receiver quantile=1 contract_alpha=1.000000e-5 override=2.000000e-3 alpha=2.000000e-3 k=22.3383 fa_class=0.0625[2m2026-08-20T17:25:21.825827Z[0m [32m INFO[0m [2mraptorpath::net[0m[2m:[0m path-scaled outstanding pool ACTIVE (RWM_STORE_PATHS: cap = clamp(gain*N*pipe, floor, N*pool) for N>=2 live paths; N=1 legacy) [3mpool_per_path[0m[2m=[0m2048 [3mgain[0m[2m=[0m2.0
QCLKLINE c8L-Q002 rep=1 site=cli [QCLK] site=sender on=1 alpha=2.000000e-3 k=22.3383 evals=176779 law_n=176556 kept=2759 w_us_mean=2065633.4 w_us_p05=243067 w_us_p50=2202945 w_us_p95=5341597 w_us_min=21937 w_us_max=6453809 srtt_us_mean=326974.5 sigma_us_mean=77833.1/n176556 fa_class=0.0625
QCLKLINE c8L-Q002 rep=1 site=srv [QCLK] site=receiver on=1 alpha=2.000000e-3 k=22.3383 evals=8713 law_n=8009 kept=4005 w_us_mean=537446.2 w_us_p05=96408 w_us_p50=615783 w_us_p95=647644 w_us_min=96408 w_us_max=647644 srtt_us_mean=90899.1 sigma_us_mean=19990.2/n8009 fa_class=0.0625
QCLKLINE c8L-Q002 rep=1 site=srv [QCLK] site=receiver on=1 alpha=2.000000e-3 k=22.3383 evals=20144 law_n=19440 kept=2430 w_us_mean=632376.6 w_us_p05=96408 w_us_p50=647644 w_us_p95=1007795 w_us_min=96408 w_us_max=1007795 srtt_us_mean=96041.0 sigma_us_mean=24009.7/n19440 fa_class=0.0625
QCLKLINE c8L-Q002 rep=1 site=srv [QCLK] site=receiver on=1 alpha=2.000000e-3 k=22.3383 evals=31432 law_n=30728 kept=3841 w_us_mean=788186.4 w_us_p05=615783 w_us_p50=667484 w_us_p95=1120389 w_us_min=96408 w_us_max=1120389 srtt_us_mean=105187.0 sigma_us_mean=30575.3/n30728 fa_class=0.0625
QCLKLINE c8L-Q002 rep=1 site=srv [QCLK] site=receiver on=1 alpha=2.000000e-3 k=22.3383 evals=40976 law_n=40272 kept=2517 w_us_mean=853245.8 w_us_p05=615783 w_us_p50=993304 w_us_p95=1120389 w_us_min=96408 w_us_max=1120389 srtt_us_mean=111722.7 sigma_us_mean=33195.1/n40272 fa_class=0.0625
QCLKLINE c8L-Q002 rep=1 site=srv [QCLK] site=receiver on=1 alpha=2.000000e-3 k=22.3383 evals=49709 law_n=49005 kept=3063 w_us_mean=864771.9 w_us_p05=615783 w_us_p50=993304 w_us_p95=1120389 w_us_min=96408 w_us_max=1120389 srtt_us_mean=116507.2 sigma_us_mean=33496.9/n49005 fa_class=0.0625
QCLKLINE c8L-Q002 rep=1 site=srv [QCLK] site=receiver on=1 alpha=2.000000e-3 k=22.3383 evals=58777 law_n=58073 kept=3630 w_us_mean=848830.0 w_us_p05=615783 w_us_p50=803841 w_us_p95=1120389 w_us_min=96408 w_us_max=1120389 srtt_us_mean=120445.2 sigma_us_mean=32607.0/n58073 fa_class=0.0625
QCLKLINE c8L-Q002 rep=1 site=srv [QCLK] site=receiver on=1 alpha=2.000000e-3 k=22.3383 evals=68500 law_n=67796 kept=2119 w_us_mean=817758.8 w_us_p05=595519 w_us_p50=803841 w_us_p95=1120389 w_us_min=96408 w_us_max=1120389 srtt_us_mean=124161.0 sigma_us_mean=31049.7/n67796 fa_class=0.0625
QCLKLINE c8L-Q002 rep=1 site=srv [QCLK] site=receiver on=1 alpha=2.000000e-3 k=22.3383 evals=77969 law_n=77265 kept=2415 w_us_mean=781102.1 w_us_p05=523652 w_us_p50=676750 w_us_p95=1120389 w_us_min=96408 w_us_max=1120389 srtt_us_mean=127527.4 sigma_us_mean=29258.0/n77265 fa_class=0.0625
QCLKLINE c8L-Q002 rep=1 site=srv [QCLK] site=receiver on=1 alpha=2.000000e-3 k=22.3383 evals=86018 law_n=85314 kept=2667 w_us_mean=747401.6 w_us_p05=427803 w_us_p50=676750 w_us_p95=1120389 w_us_min=96408 w_us_max=1120389 srtt_us_mean=130303.3 sigma_us_mean=27625.1/n85314 fa_class=0.0625
QCLKLINE c8L-Q002 rep=1 site=srv [QCLK] site=receiver on=1 alpha=2.000000e-3 k=22.3383 evals=95619 law_n=94915 kept=2967 w_us_mean=706013.5 w_us_p05=313530 w_us_p50=667484 w_us_p95=1120389 w_us_min=96408 w_us_max=1120389 srtt_us_mean=133374.5 sigma_us_mean=25634.9/n94915 fa_class=0.0625
QCLKLINE c8L-Q002 rep=1 site=srv [QCLK] site=receiver on=1 alpha=2.000000e-3 k=22.3383 evals=106485 law_n=105781 kept=3306 w_us_mean=736753.2 w_us_p05=254434 w_us_p50=667484 w_us_p95=1120389 w_us_min=96408 w_us_max=2824987 srtt_us_mean=137938.7 sigma_us_mean=26806.6/n105781 fa_class=0.0625
QCLKLINE c8L-Q002 rep=1 site=srv [QCLK] site=receiver on=1 alpha=2.000000e-3 k=22.3383 evals=117791 law_n=117087 kept=3659 w_us_mean=1185300.0 w_us_p05=254434 w_us_p50=676750 w_us_p95=6007495 w_us_min=96408 w_us_max=6007495 srtt_us_mean=145428.8 sigma_us_mean=46551.1/n117087 fa_class=0.0625
QCLKLINE c8L-Q002 rep=1 site=srv [QCLK] site=receiver on=1 alpha=2.000000e-3 k=22.3383 evals=126481 law_n=125777 kept=3931 w_us_mean=1518468.0 w_us_p05=254434 w_us_p50=676750 w_us_p95=6007495 w_us_min=96408 w_us_max=6007495 srtt_us_mean=150270.5 sigma_us_mean=61249.0/n125777 fa_class=0.0625
QCLKLINE c8L-Q002 rep=1 site=srv [QCLK] site=receiver on=1 alpha=2.000000e-3 k=22.3383 evals=134491 law_n=133787 kept=2091 w_us_mean=1786773.7 w_us_p05=254434 w_us_p50=803841 w_us_p95=6007495 w_us_min=96408 w_us_max=6007495 srtt_us_mean=153718.1 sigma_us_mean=73105.6/n133787 fa_class=0.0625
QCLKLINE c8L-Q002 rep=1 site=srv [QCLK] site=receiver on=1 alpha=2.000000e-3 k=22.3383 evals=141406 law_n=140702 kept=2199 w_us_mean=1993410.8 w_us_p05=279993 w_us_p50=803841 w_us_p95=6007495 w_us_min=96408 w_us_max=6007495 srtt_us_mean=155958.6 sigma_us_mean=82255.7/n140702 fa_class=0.0625
QCLKLINE c8L-Q002 rep=1 site=srv [QCLK] site=receiver on=1 alpha=2.000000e-3 k=22.3383 evals=150927 law_n=150223 kept=2348 w_us_mean=2246793.1 w_us_p05=279993 w_us_p50=993304 w_us_p95=6007495 w_us_min=96408 w_us_max=6007495 srtt_us_mean=158705.9 sigma_us_mean=93475.6/n150223 fa_class=0.0625
QCLKLINE c8L-Q002 rep=1 site=srv [QCLK] site=receiver on=1 alpha=2.000000e-3 k=22.3383 evals=160633 law_n=159929 kept=2499 w_us_mean=2474044.7 w_us_p05=279993 w_us_p50=993304 w_us_p95=6007495 w_us_min=96408 w_us_max=6007495 srtt_us_mean=161169.9 sigma_us_mean=103538.5/n159929 fa_class=0.0625
RACKLINE c8L-Q002 rep=1 site=cli [RACK] on=0 evals=0 ceil=0.0000 gran=0.0000 legacy_pin=0.0000 round=0.0 legacy=0.0 mult=1 fa=22/22 fa_frac=1.0000 fa_class=0.0625
RACKLINE c8L-Q002 rep=1 site=cli [RACK] on=0 evals=0 ceil=0.0000 gran=0.0000 legacy_pin=0.0000 round=0.0 legacy=0.0 mult=1 fa=1912/6230 fa_frac=0.3069 fa_class=0.0625
RFALINE c8L-Q002 rep=1 site=cli [RFA] gen=0 fires=4 false=4 false_frac=1.0000 fill_coded=0 fill_src=0 dup_src=4 preempt_src=0 src_n=5 rep_n=3 nu_recv=0.80000 fa_class=0.0625
RFALINE c8L-Q002 rep=1 site=cli [RFA] gen=0 fires=6 false=6 false_frac=1.0000 fill_coded=0 fill_src=0 dup_src=6 preempt_src=0 src_n=7 rep_n=5 nu_recv=0.85714 fa_class=0.0625
RFALINE c8L-Q002 rep=1 site=cli [RFA] gen=0 fires=7 false=7 false_frac=1.0000 fill_coded=0 fill_src=0 dup_src=7 preempt_src=0 src_n=8 rep_n=6 nu_recv=0.87500 fa_class=0.0625
RFALINE c8L-Q002 rep=1 site=cli [RFA] gen=0 fires=8 false=8 false_frac=1.0000 fill_coded=0 fill_src=0 dup_src=8 preempt_src=0 src_n=9 rep_n=7 nu_recv=0.88889 fa_class=0.0625
RFALINE c8L-Q002 rep=1 site=cli [RFA] gen=0 fires=10 false=10 false_frac=1.0000 fill_coded=0 fill_src=0 dup_src=10 preempt_src=0 src_n=11 rep_n=9 nu_recv=0.90909 fa_class=0.0625
RFALINE c8L-Q002 rep=1 site=cli [RFA] gen=0 fires=12 false=12 false_frac=1.0000 fill_coded=0 fill_src=0 dup_src=12 preempt_src=0 src_n=13 rep_n=11 nu_recv=0.92308 fa_class=0.0625
RFALINE c8L-Q002 rep=1 site=cli [RFA] gen=0 fires=15 false=15 false_frac=1.0000 fill_coded=0 fill_src=0 dup_src=15 preempt_src=0 src_n=16 rep_n=14 nu_recv=0.93750 fa_class=0.0625
RFALINE c8L-Q002 rep=1 site=cli [RFA] gen=0 fires=18 false=18 false_frac=1.0000 fill_coded=0 fill_src=0 dup_src=18 preempt_src=0 src_n=19 rep_n=17 nu_recv=0.94737 fa_class=0.0625
RFALINE c8L-Q002 rep=1 site=cli [RFA] gen=0 fires=22 false=22 false_frac=1.0000 fill_coded=0 fill_src=0 dup_src=22 preempt_src=0 src_n=23 rep_n=21 nu_recv=0.95652 fa_class=0.0625
RFALINE c8L-Q002 rep=1 site=cli [RFA] gen=0 fires=22 false=22 false_frac=1.0000 fill_coded=0 fill_src=0 dup_src=22 preempt_src=0 src_n=24 rep_n=22 nu_recv=0.91667 fa_class=0.0625
RFALINE c8L-Q002 rep=1 site=cli [RFA] gen=0 fires=22 false=22 false_frac=1.0000 fill_coded=0 fill_src=0 dup_src=22 preempt_src=0 src_n=24 rep_n=22 nu_recv=0.91667 fa_class=0.0625
RFALINE c8L-Q002 rep=1 site=srv [RFA] gen=0 fires=5049 false=393 false_frac=0.0778 fill_coded=129 fill_src=4527 dup_src=299 preempt_src=94 src_n=8470 rep_n=268 nu_recv=0.59610 fa_class=0.0625
RFALINE c8L-Q002 rep=1 site=srv [RFA] gen=0 fires=8245 false=484 false_frac=0.0587 fill_coded=158 fill_src=7603 dup_src=362 preempt_src=122 src_n=19807 rep_n=358 nu_recv=0.41627 fa_class=0.0625
RFALINE c8L-Q002 rep=1 site=srv [RFA] gen=0 fires=11413 false=1197 false_frac=0.1049 fill_coded=276 fill_src=9940 dup_src=974 preempt_src=223 src_n=30857 rep_n=592 nu_recv=0.36987 fa_class=0.0625
RFALINE c8L-Q002 rep=1 site=srv [RFA] gen=0 fires=11562 false=1217 false_frac=0.1053 fill_coded=302 fill_src=10043 dup_src=974 preempt_src=243 src_n=40313 rep_n=678 nu_recv=0.28681 fa_class=0.0625
RFALINE c8L-Q002 rep=1 site=srv [RFA] gen=0 fires=12012 false=1266 false_frac=0.1054 fill_coded=391 fill_src=10355 dup_src=974 preempt_src=292 src_n=49833 rep_n=951 nu_recv=0.24105 fa_class=0.0625
RFALINE c8L-Q002 rep=1 site=srv [RFA] gen=0 fires=12255 false=1284 false_frac=0.1048 fill_coded=415 fill_src=10556 dup_src=974 preempt_src=310 src_n=59184 rep_n=1112 nu_recv=0.20707 fa_class=0.0625
RFALINE c8L-Q002 rep=1 site=srv [RFA] gen=0 fires=12478 false=1308 false_frac=0.1048 fill_coded=452 fill_src=10718 dup_src=974 preempt_src=334 src_n=68772 rep_n=1242 nu_recv=0.18144 fa_class=0.0625
RFALINE c8L-Q002 rep=1 site=srv [RFA] gen=0 fires=12671 false=1342 false_frac=0.1059 fill_coded=490 fill_src=10839 dup_src=974 preempt_src=368 src_n=78240 rep_n=1355 nu_recv=0.16195 fa_class=0.0625
RFALINE c8L-Q002 rep=1 site=srv [RFA] gen=0 fires=12967 false=1381 false_frac=0.1065 fill_coded=550 fill_src=11036 dup_src=974 preempt_src=407 src_n=87721 rep_n=1523 nu_recv=0.14782 fa_class=0.0625
RFALINE c8L-Q002 rep=1 site=srv [RFA] gen=0 fires=13337 false=1407 false_frac=0.1055 fill_coded=592 fill_src=11338 dup_src=974 preempt_src=433 src_n=97085 rep_n=1753 nu_recv=0.13737 fa_class=0.0625
RFALINE c8L-Q002 rep=1 site=srv [RFA] gen=0 fires=17405 false=1495 false_frac=0.0859 fill_coded=674 fill_src=15236 dup_src=996 preempt_src=499 src_n=107798 rep_n=1900 nu_recv=0.16146 fa_class=0.0625
RFALINE c8L-Q002 rep=1 site=srv [RFA] gen=0 fires=23481 false=1654 false_frac=0.0704 fill_coded=727 fill_src=21100 dup_src=1106 preempt_src=548 src_n=118896 rep_n=2105 nu_recv=0.19749 fa_class=0.0625
RFALINE c8L-Q002 rep=1 site=srv [RFA] gen=0 fires=25792 false=1712 false_frac=0.0664 fill_coded=771 fill_src=23309 dup_src=1126 preempt_src=586 src_n=127501 rep_n=2188 nu_recv=0.20229 fa_class=0.0625
RFALINE c8L-Q002 rep=1 site=srv [RFA] gen=0 fires=28484 false=1800 false_frac=0.0632 fill_coded=849 fill_src=25835 dup_src=1136 preempt_src=664 src_n=135369 rep_n=2328 nu_recv=0.21042 fa_class=0.0625
RFALINE c8L-Q002 rep=1 site=srv [RFA] gen=0 fires=28839 false=1813 false_frac=0.0629 fill_coded=889 fill_src=26137 dup_src=1136 preempt_src=677 src_n=144189 rep_n=2516 nu_recv=0.20001 fa_class=0.0625
RFALINE c8L-Q002 rep=1 site=srv [RFA] gen=0 fires=29001 false=1813 false_frac=0.0625 fill_coded=898 fill_src=26290 dup_src=1136 preempt_src=677 src_n=153601 rep_n=2625 nu_recv=0.18881 fa_class=0.0625
RFALINE c8L-Q002 rep=1 site=srv [RFA] gen=0 fires=29140 false=1818 false_frac=0.0624 fill_coded=908 fill_src=26414 dup_src=1136 preempt_src=682 src_n=163212 rep_n=2718 nu_recv=0.17854 fa_class=0.0625
DCAPLINE c8L-Q002 rep=1 site=cli [DCAP] on=1 eng=2870/2870 chg=1921/2870 chg_frac=0.6693 pin=0.3307 floor=0.0000 cap=2495.4 ask=3004.3 q=0.100000 b=2.0000
WALLLINE c8L-Q002 rep=1 site=cli [WALL] onset=1.0000 dur_ms=0.0 retx=0 total_ms=17748.2 it_ms=0.100
ALPHAWITNESS {"cell":"c8L","arm":"Q002","alpha":"0.002","seed":42,"rep":1,"rc":0,"mbps":90.397,"band":[45,95],"band_applies":0,"in_band":1,"lossy":1,"qclk_law_n":176556,"rfa_lines":17,"W1_rfa_gen":"0","W2_pfrac_lines":0,"W4_retx_max":6220,"W5_rack_fa":"1912/6230"}
=== rep=1 arm=c8L-Q009 alpha=0.009 seed=42 env="RWM_QUANTILE_CLOCKS=1 RWM_ALPHA_OVERRIDE=0.009 RWM_DELTA_CAP=1 RWM_SUM_CAP=1 RWM_RACK_CLOCKS=0 RWM_DERIVED_SWEEP=0 RWM_COMPOSED_CAP=0 RWM_THREE_TERM=0 RWM_STORE_CAP_UNIFIED=0 RWM_LATE_BRAKE=0 RWM_CHARGE_RECOVERY=0 RWM_RELEASE_1TO1=0 RWM_LOSS_SENT_TRUTH=0" cell=c2/c3/dual bytes=200000000 17:25:40
[2m2026-08-20T17:25:42.031896Z[0m [32m INFO[0m [2mraptorpath::gates[0m[2m:[0m [GATES] RWM_UNIFIED=1 RWM_UNIFIED_SHED=1 RWM_TAPER_R=1 RWM_ASTAR_ANCHOR=1 RWM_MSTAR_ANCHOR=1 RWM_PLAIN_RS=0 RWM_HONEST_ANCHOR=1 RWM_HONEST_K=0 RWM_STORE_SACK_RELEASE=1 RWM_STORE_PATHS=1 RWM_STORE_PATH_POOL=2048 RWM_STORE=unset RWM_STORE_GAIN=2 RWM_STORE_BOOT=128 RWM_STORE_CAPW=0 RWM_STORE_CAP_UNIFIED=0 RWM_THREE_TERM=0 RWM_COMPOSED_CAP=0 RWM_SUM_CAP=1 RWM_LATE_BRAKE=0 RWM_DELTA_CAP=1 RWM_STORE_PERCAP=0 RWM_PERCAP_GUARD=1 RWM_STORE_BORROW=0 RWM_HONEST_CAP=1 RWM_POOL_ANCHOR=0 RWM_POOL_DELIV=0 RWM_FLOOR_BOUND=0 RWM_ACK_MERGE=1 RWM_LOSS_SENT_TRUTH=0 RWM_RELEASE_1TO1=0 RWM_CHARGE_RECOVERY=0 RWM_PATIENCE_DERIVED=0 RWM_SIDLE_DERIVED=0 RWM_WIN_DECOUPLE=0 RWM_PLACE_SLACK=0 RWM_COLD_PLACE=0 RWM_GEN=384 RWM_PIPELINE=2 RWM_GEN_PIPE=1 RWM_GEN_R=unset RWM_GEN_RATE=9000 RWM_GEN_RATE_FLOOR=2000 RWM_GEN_INFLIGHT=unset RWM_OOO_RETAIN=0/16 RWM_WINDOW=unset RWM_REPORT_GENS=unset RWM_REPAIR_WAIT=unset RWM_CODED_SRC=0 RWM_NO_REACTIVE=0 RWM_XPATH_REPAIR=0 RWM_PROACTIVE_PACER=0 RWM_REASM_BDP=0 RWM_MIN_R=0 RWM_CC_PACE=0 RWM_CC_PACE_HR=1.1 RWM_REACT_CAP=unset RWM_INFL_CAP=0 RWM_INFL_BDP=unset RWM_COPA_FEED=0 RWM_RS_ATTR=1 RWM_EMIT_BATCH=0 RWM_EMIT_BURST=64 RWM_RECOV_MP=1 RWM_RECOV_MP_LAW=1 RWM_RECOV_MP_LIVE=0 RWM_RECOV_SP=0 RWM_DERIVED_SWEEP=0 RWM_RACK_CLOCKS=0 RWM_RACK_REO_MULT=1 RWM_QUANTILE_CLOCKS=1 RWM_ALPHA_OVERRIDE=0.009 RWM_DIAG=1 RWM_ACKDIAG=1 RWM_ACKDIAG_WINDOW_US=2000000 RWM_WALLDIAG=1 RWM_CPUPROF=0 RWM_RDIAG=0 RWM_FDIAG=1 RWM_TRACE=0 RWM_PFRAC=0
{"bytes":200000000,"dnf":0,"hint":"bulk","max_s":17.9491,"mean_mbps":89.141,"mean_s":17.9491,"median_s":17.9491,"min_s":17.9491,"proto":"rp-native","runs":1,"stdev_s":0.0,"summary":true}
    LATPROBE-LEG leg=0 file=/tmp/rwm-ping-0.txt sent=358 recv=344 censor=3.91% p50=116.0[censor=3.91% ok] p95=121.0[censor=3.91% ok] p99=123.0[censor=3.91% UNSCOREABLE(inside censored tail)]
    LATPROBE-LEG leg=1 file=/tmp/rwm-ping-1.txt sent=360 recv=339 censor=5.83% p50=41.5[censor=5.83% ok] p95=175.0[censor=5.83% UNSCOREABLE(inside censored tail)] p99=430.0[censor=5.83% UNSCOREABLE(inside censored tail)]
    LATPROBE: 2 leg(s) /tmp/rwm-ping-0.txt=344 /tmp/rwm-ping-1.txt=339 replies
    CPU: CPUSRV=15.53s CPUCLI=14.29s (srv=decoder cli=sender; whole-invocation incl warmup)
    QDISC cli0: qdisc netem a2e1: root refcnt 7 limit 1000 delay 5ms  3ms loss gemodel p 1.3% r 50% 1-h 100% 1-k 0% rate 100Mbit seed 42  Sent 221000222 bytes 171231 pkt (dropped 679, overlimits 0 requeues 0)   backlog 0b 0p requeues 0 
    QDISC cli1: qdisc netem a2e2: root refcnt 7 limit 1000 delay 20ms  5ms loss gemodel p 2% r 40% 1-h 100% 1-k 0% rate 20Mbit seed 1042  Sent 4776789 bytes 4974 pkt (dropped 97, overlimits 0 requeues 0)   backlog 0b 0p requeues 0 
    QDISC srv0: qdisc netem a2e3: root refcnt 7 limit 1000 delay 5ms  3ms rate 100Mbit seed 13887883123570954095  Sent 21973790 bytes 119913 pkt (dropped 0, overlimits 0 requeues 0)   backlog 0b 0p requeues 0 
    QDISC srv1: qdisc netem a2e4: root refcnt 7 limit 1000 delay 20ms  5ms rate 20Mbit seed 8635867859601770983  Sent 836779 bytes 3866 pkt (dropped 0, overlimits 0 requeues 0)   backlog 0b 0p requeues 0 
    QCAP: /tmp/rwm-q.txt 18 lines
RUNTIME c8L-Q009 rep=1 20s rc=0
ALPHARESULT {"cell": "c8L", "arm": "Q009", "alpha_cmd": 0.009, "seed": 42, "rep": 1, "n_paths": 2, "dnf": false, "dnf_count": 0, "mbps": 89.141, "mean_mbps": 89.141, "seconds": 17.9491, "n_runs": 1, "cpusrv": 15.53, "cpucli": 14.29, "khr_med": 1.0, "kraw_med": null, "khr_n": 136, "kraw_n": 0, "rtp_med": 36, "occ_p50": 1444, "occcap_p50": 1444, "q_p50": 119, "q_p99": 325, "diag_lines": 71, "retx": 5051, "w1_rfa_gen": "0", "w2_pfrac_lines": 0, "w4_retx_max": 5051, "w5_rack_fa": "2105/5100", "gates_cli_quantile_clocks": 1, "gates_srv_quantile_clocks": 1, "gates_cli_rack_clocks": 0, "gates_srv_rack_clocks": 0, "gates_cli_derived_sweep": 0, "gates_srv_derived_sweep": 0, "gates_cli_delta_cap": 1, "gates_srv_delta_cap": 1, "gates_cli_sum_cap": 1, "gates_srv_sum_cap": 1, "gates_cli_composed_cap": 0, "gates_srv_composed_cap": 0, "gates_cli_three_term": 0, "gates_srv_three_term": 0, "gates_cli_loss_sent_truth": 0, "gates_srv_loss_sent_truth": 0, "gates_cli_gen": null, "gates_srv_gen": null, "gates_cli_diag": 1, "gates_srv_diag": 1, "gates_cli_ackdiag": 1, "gates_srv_ackdiag": 1, "gates_cli_walldiag": 1, "gates_srv_walldiag": 1, "gates_cli_fdiag": 1, "gates_srv_fdiag": 1, "gates_cli_recov_mp": 1, "gates_srv_recov_mp": 1, "gates_cli_cc_pace": 0, "gates_srv_cc_pace": 0, "gates_cli_rack_reo_mult": 1, "gates_srv_rack_reo_mult": 1, "gates_lines_cli": 1, "gates_lines_srv": 1, "gate_quantile_cli": "1", "gate_quantile_srv": "1", "gate_alpha_cli": "0.009", "gate_alpha_srv": "0.009", "gate_gen_cli": 384, "gate_gen_srv": 384, "qalpha_lines_cli": 2, "qalpha_site_cli": "sender", "qalpha_quantile_cli": 1, "qalpha_contract_cli": 0.001, "qalpha_override_cli": 0.009, "qalpha_cli": 0.009, "qalpha_k_cli": 10.4934, "qalpha_lines_srv": 2, "qalpha_site_srv": "sender", "qalpha_quantile_srv": 1, "qalpha_contract_srv": 0.001, "qalpha_override_srv": 0.009, "qalpha_srv": 0.009, "qalpha_k_srv": 10.4934, "qclk_cli_lines": 1, "qclk_cli_site": "sender", "qclk_cli_alpha": 0.009, "qclk_cli_k": 10.4934, "qclk_cli_w_us_mean": 773684.5, "qclk_cli_srtt_us_mean": 254625.6, "qclk_cli_on": 1, "qclk_cli_evals": 179276, "qclk_cli_kept": 2799, "qclk_cli_w_us_p05": 228305, "qclk_cli_w_us_p50": 733171, "qclk_cli_w_us_p95": 1008741, "qclk_cli_w_us_min": 18222, "qclk_cli_w_us_max": 1292843, "qclk_cli_law_n": 179098, "qclk_cli_sigma_us_mean": 49465.4, "qclk_cli_sigma_n": 179098, "qclk_srv_lines": 17, "qclk_srv_site": "receiver", "qclk_srv_alpha": 0.009, "qclk_srv_k": 10.4934, "qclk_srv_w_us_mean": 937895.5, "qclk_srv_srtt_us_mean": 229259.9, "qclk_srv_on": 1, "qclk_srv_evals": 160819, "qclk_srv_kept": 2491, "qclk_srv_w_us_p05": 280801, "qclk_srv_w_us_p50": 885769, "qclk_srv_w_us_p95": 1698254, "qclk_srv_w_us_min": 268241, "qclk_srv_w_us_max": 1698254, "qclk_srv_law_n": 159471, "qclk_srv_sigma_us_mean": 67531.7, "qclk_srv_sigma_n": 159471, "rack_lines_cli": 2, "rack_on_cli": 0, "rack_evals_cli": 0, "rack_ceil_cli": 0.0, "rack_gran_cli": 0.0, "rack_legacy_pin_cli": 0.0, "rack_round_cli": 0.0, "rack_legacy_cli": 0.0, "rack_mult_cli": 1, "rack_fa_n_cli": 2105, "rack_fa_d_cli": 5100, "rack_fa_frac_cli": 0.4127, "rack_fa_class_cli": 0.0625, "rack_lines_srv": 0, "rack_on_srv": null, "rack_evals_srv": null, "rack_ceil_srv": null, "rack_gran_srv": null, "rack_legacy_pin_srv": null, "rack_round_srv": null, "rack_legacy_srv": null, "rack_mult_srv": null, "rack_fa_n_srv": null, "rack_fa_d_srv": null, "rack_fa_frac_srv": null, "rack_fa_class_srv": null, "rack_fired": 5100, "rack_spurious": 2105, "rack_fa_frac": 0.4127, "rack_fa_class": 0.0625, "rack_round_us": 0.0, "rack_legacy_us": 0.0, "rack_evals": 0, "rack_legacy_pin": 0.0, "rfa_lines": 17, "rfa_gen": 0, "rfa_fires": 12396, "rfa_false": 1859, "rfa_fill_coded": 1017, "rfa_fill_src": 9520, "rfa_dup_src": 1179, "rfa_preempt_src": 680, "rfa_src_n": 161027, "rfa_rep_n": 3250, "rfa_false_frac": 0.15, "rfa_nu_recv": 0.07698, "rfa_fa_class": 0.0625, "rfa_bracket_lo": 0.15, "rfa_bracket_hi": 0.646384, "sf_ticks": 2808, "sf_E": 0.9809, "sf_short": 0.0363, "sf_zero": 0.0018, "capboot_n": 68, "capboot_frac": 0.0, "ping_n": 344, "ping_p50": 116.0, "ping_p95": 121.0, "ping_p99": 123.0, "ping_tx": 358, "ping_rx": 344, "ping_loss": 3.91, "ping_censor_frac": 0.0391, "legs_probed": 1, "leg0_n": 344, "leg0_sent": 358, "leg0_recv": 344, "leg0_sent_source": "summary", "leg0_censor_frac": 0.0391, "leg0_censor_pct": 3.91, "leg0_recv_mismatch": false, "leg0_leg_unscoreable": false, "leg0_min": 5.17, "leg0_max": 123.0, "leg0_p50": 116.0, "leg0_p50_censored": false, "leg0_p50_scoreable": true, "leg0_p95": 121.0, "leg0_p95_censored": false, "leg0_p95_scoreable": true, "leg0_p99": 123.0, "leg0_p99_censored": true, "leg0_p99_scoreable": false, "legs_censor_max": 0.0391, "wait_tun": 40, "wait_paused": 28, "wait_pace": 0, "wait_gen": 0, "wait_nack": 32, "wait_defc": 0, "wait_tail": 0, "wait_flush": 0, "wait_lines": 68, "deadwall": false, "sig_us_p50": 950.0, "sig_us_n": 168572, "sig_us_path": 0, "sig_paths": 2, "pl_n": 136, "pl_max": 0.8705, "pl_min": 0.0, "pl_p0": 0.0, "pl_p1": 0.8705, "dgq_hand": 177929, "dgq_full": 0, "dgq_err": 0, "dgq_gap": 216, "tc_bytes": 225777011, "tc_pkts": 176205, "tc_drop": 776, "tc_s": 20}
LIVENESS c8L-Q009 rep=1 RWM_QUANTILE_CLOCKS=RWM_QUANTILE_CLOCKS=1/RWM_QUANTILE_CLOCKS=1(exp1) RWM_ALPHA_OVERRIDE=RWM_ALPHA_OVERRIDE=0.009/RWM_ALPHA_OVERRIDE=0.009(exp0.009) RWM_DELTA_CAP=RWM_DELTA_CAP=1/RWM_DELTA_CAP=1(exp1) RWM_SUM_CAP=RWM_SUM_CAP=1/RWM_SUM_CAP=1(exp1) RWM_RACK_CLOCKS=RWM_RACK_CLOCKS=0/RWM_RACK_CLOCKS=0(exp0) RWM_DERIVED_SWEEP=RWM_DERIVED_SWEEP=0/RWM_DERIVED_SWEEP=0(exp0) RWM_COMPOSED_CAP=RWM_COMPOSED_CAP=0/RWM_COMPOSED_CAP=0(exp0) RWM_THREE_TERM=RWM_THREE_TERM=0/RWM_THREE_TERM=0(exp0) RWM_STORE_CAP_UNIFIED=RWM_STORE_CAP_UNIFIED=0/RWM_STORE_CAP_UNIFIED=0(exp0) RWM_LATE_BRAKE=RWM_LATE_BRAKE=0/RWM_LATE_BRAKE=0(exp0) RWM_CHARGE_RECOVERY=RWM_CHARGE_RECOVERY=0/RWM_CHARGE_RECOVERY=0(exp0) RWM_RELEASE_1TO1=RWM_RELEASE_1TO1=0/RWM_RELEASE_1TO1=0(exp0) RWM_LOSS_SENT_TRUTH=RWM_LOSS_SENT_TRUTH=0/RWM_LOSS_SENT_TRUTH=0(exp0) RWM_DIAG=RWM_DIAG=1/RWM_DIAG=1(exp1) RWM_ACKDIAG=RWM_ACKDIAG=1/RWM_ACKDIAG=1(exp1) RWM_WALLDIAG=RWM_WALLDIAG=1/RWM_WALLDIAG=1(exp1) RWM_FDIAG=RWM_FDIAG=1/RWM_FDIAG=1(exp1)
QALPHALINE c8L-Q009 rep=1 site=cli [QALPHA] site=sender quantile=1 contract_alpha=1.000000e-3 override=9.000000e-3 alpha=9.000000e-3 k=10.4934 fa_class=0.0625
QALPHALINE c8L-Q009 rep=1 site=srv [QALPHA] site=receiver quantile=1 contract_alpha=1.000000e-5 override=9.000000e-3 alpha=9.000000e-3 k=10.4934 fa_class=0.0625
QCLKLINE c8L-Q009 rep=1 site=cli [QCLK] site=sender on=1 alpha=9.000000e-3 k=10.4934 evals=179276 law_n=179098 kept=2799 w_us_mean=773684.5 w_us_p05=228305 w_us_p50=733171 w_us_p95=1008741 w_us_min=18222 w_us_max=1292843 srtt_us_mean=254625.6 sigma_us_mean=49465.4/n179098 fa_class=0.0625
QCLKLINE c8L-Q009 rep=1 site=srv [QCLK] site=receiver on=1 alpha=9.000000e-3 k=10.4934 evals=8154 law_n=6806 kept=3403 w_us_mean=967524.8 w_us_p05=885769 w_us_p50=1020543 w_us_p95=1020543 w_us_min=885769 w_us_max=1329030 srtt_us_mean=148269.4 sigma_us_mean=78073.6/n6806 fa_class=0.0625
QCLKLINE c8L-Q009 rep=1 site=srv [QCLK] site=receiver on=1 alpha=9.000000e-3 k=10.4934 evals=19474 law_n=18126 kept=2266 w_us_mean=980019.2 w_us_p05=885769 w_us_p50=1020543 w_us_p95=1020543 w_us_min=885769 w_us_max=1329030 srtt_us_mean=183422.0 sigma_us_mean=75914.3/n18126 fa_class=0.0625
QCLKLINE c8L-Q009 rep=1 site=srv [QCLK] site=receiver on=1 alpha=9.000000e-3 k=10.4934 evals=28976 law_n=27628 kept=3453 w_us_mean=947955.5 w_us_p05=821337 w_us_p50=957551 w_us_p95=1020543 w_us_min=821337 w_us_max=1329030 srtt_us_mean=190690.9 sigma_us_mean=72166.0/n27628 fa_class=0.0625
QCLKLINE c8L-Q009 rep=1 site=srv [QCLK] site=receiver on=1 alpha=9.000000e-3 k=10.4934 evals=37357 law_n=36009 kept=2250 w_us_mean=918485.4 w_us_p05=821337 w_us_p50=957551 w_us_p95=1020543 w_us_min=821337 w_us_max=1329030 srtt_us_mean=193918.2 sigma_us_mean=69049.9/n36009 fa_class=0.0625
QCLKLINE c8L-Q009 rep=1 site=srv [QCLK] site=receiver on=1 alpha=9.000000e-3 k=10.4934 evals=46915 law_n=45567 kept=2848 w_us_mean=884938.4 w_us_p05=734032 w_us_p50=821337 w_us_p95=1020543 w_us_min=734032 w_us_max=1329030 srtt_us_mean=196149.7 sigma_us_mean=65640.3/n45567 fa_class=0.0625
QCLKLINE c8L-Q009 rep=1 site=srv [QCLK] site=receiver on=1 alpha=9.000000e-3 k=10.4934 evals=55697 law_n=54349 kept=3397 w_us_mean=846137.2 w_us_p05=646171 w_us_p50=821337 w_us_p95=1020543 w_us_min=570062 w_us_max=1329030 srtt_us_mean=197508.2 sigma_us_mean=61813.2/n54349 fa_class=0.0625
QCLKLINE c8L-Q009 rep=1 site=srv [QCLK] site=receiver on=1 alpha=9.000000e-3 k=10.4934 evals=65308 law_n=63960 kept=3997 w_us_mean=799813.7 w_us_p05=507595 w_us_p50=821337 w_us_p95=1020543 w_us_min=507595 w_us_max=1329030 srtt_us_mean=198567.4 sigma_us_mean=57297.7/n63960 fa_class=0.0625
QCLKLINE c8L-Q009 rep=1 site=srv [QCLK] site=receiver on=1 alpha=9.000000e-3 k=10.4934 evals=74368 law_n=73020 kept=2281 w_us_mean=754815.8 w_us_p05=403039 w_us_p50=821337 w_us_p95=1020543 w_us_min=403039 w_us_max=1329030 srtt_us_mean=199310.6 sigma_us_mean=52938.6/n73020 fa_class=0.0625
QCLKLINE c8L-Q009 rep=1 site=srv [QCLK] site=receiver on=1 alpha=9.000000e-3 k=10.4934 evals=84095 law_n=82747 kept=2585 w_us_mean=706256.9 w_us_p05=343122 w_us_p50=734032 w_us_p95=1020543 w_us_min=312701 w_us_max=1329030 srtt_us_mean=199927.3 sigma_us_mean=48252.3/n82747 fa_class=0.0625
QCLKLINE c8L-Q009 rep=1 site=srv [QCLK] site=receiver on=1 alpha=9.000000e-3 k=10.4934 evals=93388 law_n=92040 kept=2876 w_us_mean=663957.6 w_us_p05=282082 w_us_p50=734032 w_us_p95=1020543 w_us_min=280801 w_us_max=1329030 srtt_us_mean=200394.7 sigma_us_mean=44176.7/n92040 fa_class=0.0625
QCLKLINE c8L-Q009 rep=1 site=srv [QCLK] site=receiver on=1 alpha=9.000000e-3 k=10.4934 evals=103075 law_n=101727 kept=3179 w_us_mean=636079.9 w_us_p05=268241 w_us_p50=646171 w_us_p95=1020543 w_us_min=268241 w_us_max=1329030 srtt_us_mean=200791.1 sigma_us_mean=41482.3/n101727 fa_class=0.0625
QCLKLINE c8L-Q009 rep=1 site=srv [QCLK] site=receiver on=1 alpha=9.000000e-3 k=10.4934 evals=112594 law_n=111246 kept=3476 w_us_mean=670538.8 w_us_p05=268241 w_us_p50=734032 w_us_p95=1020543 w_us_min=268241 w_us_max=1329030 srtt_us_mean=201534.7 sigma_us_mean=44695.2/n111246 fa_class=0.0625
QCLKLINE c8L-Q009 rep=1 site=srv [QCLK] site=receiver on=1 alpha=9.000000e-3 k=10.4934 evals=122312 law_n=120964 kept=3780 w_us_mean=719331.0 w_us_p05=280801 w_us_p50=734032 w_us_p95=1059449 w_us_min=268241 w_us_max=1604044 srtt_us_mean=204082.3 sigma_us_mean=49102.3/n120964 fa_class=0.0625
QCLKLINE c8L-Q009 rep=1 site=srv [QCLK] site=receiver on=1 alpha=9.000000e-3 k=10.4934 evals=131826 law_n=130478 kept=4077 w_us_mean=786088.1 w_us_p05=280801 w_us_p50=821337 w_us_p95=1604044 w_us_min=268241 w_us_max=1698254 srtt_us_mean=209305.8 sigma_us_mean=54966.3/n130478 fa_class=0.0625
QCLKLINE c8L-Q009 rep=1 site=srv [QCLK] site=receiver on=1 alpha=9.000000e-3 k=10.4934 evals=141583 law_n=140235 kept=2191 w_us_mean=849553.0 w_us_p05=280801 w_us_p50=821337 w_us_p95=1698254 w_us_min=268241 w_us_max=1698254 srtt_us_mean=215804.4 sigma_us_mean=60395.1/n140235 fa_class=0.0625
QCLKLINE c8L-Q009 rep=1 site=srv [QCLK] site=receiver on=1 alpha=9.000000e-3 k=10.4934 evals=151067 law_n=149719 kept=2339 w_us_mean=897316.7 w_us_p05=280801 w_us_p50=821337 w_us_p95=1698254 w_us_min=268241 w_us_max=1698254 srtt_us_mean=222608.6 sigma_us_mean=64298.5/n149719 fa_class=0.0625
QCLKLINE c8L-Q009 rep=1 site=srv [QCLK] site=receiver on=1 alpha=9.000000e-3 k=10.4934 evals=160819 law_n=159471 kept=2491 w_us_mean=937895.5 w_us_p05=280801 w_us_p50=885769 w_us_p95=1698254 w_us_min=268241 w_us_max=1698254 srtt_us_mean=229259.9 sigma_us_mean=67531.7/n159471 fa_class=0.0625
RACKLINE c8L-Q009 rep=1 site=cli [RACK] on=0 evals=0 ceil=0.0000 gran=0.0000 legacy_pin=0.0000 round=0.0 legacy=0.0 mult=1 fa=29/29 fa_frac=1.0000 fa_class=0.0625
RACKLINE c8L-Q009 rep=1 site=cli [RACK] on=0 evals=0 ceil=0.0000 gran=0.0000 legacy_pin=0.0000 round=0.0 legacy=0.0 mult=1 fa=2105/5100 fa_frac=0.4127 fa_class=0.0625
RFALINE c8L-Q009 rep=1 site=cli [RFA] gen=0 fires=5 false=5 false_frac=1.0000 fill_coded=0 fill_src=0 dup_src=5 preempt_src=0 src_n=6 rep_n=4 nu_recv=0.83333 fa_class=0.0625
RFALINE c8L-Q009 rep=1 site=cli [RFA] gen=0 fires=6 false=6 false_frac=1.0000 fill_coded=0 fill_src=0 dup_src=6 preempt_src=0 src_n=7 rep_n=5 nu_recv=0.85714 fa_class=0.0625
RFALINE c8L-Q009 rep=1 site=cli [RFA] gen=0 fires=8 false=8 false_frac=1.0000 fill_coded=0 fill_src=0 dup_src=8 preempt_src=0 src_n=9 rep_n=7 nu_recv=0.88889 fa_class=0.0625
RFALINE c8L-Q009 rep=1 site=cli [RFA] gen=0 fires=10 false=10 false_frac=1.0000 fill_coded=0 fill_src=0 dup_src=10 preempt_src=0 src_n=11 rep_n=9 nu_recv=0.90909 fa_class=0.0625
RFALINE c8L-Q009 rep=1 site=cli [RFA] gen=0 fires=12 false=12 false_frac=1.0000 fill_coded=0 fill_src=0 dup_src=12 preempt_src=0 src_n=13 rep_n=11 nu_recv=0.92308 fa_class=0.0625
RFALINE c8L-Q009 rep=1 site=cli [RFA] gen=0 fires=15 false=15 false_frac=1.0000 fill_coded=0 fill_src=0 dup_src=15 preempt_src=0 src_n=16 rep_n=14 nu_recv=0.93750 fa_class=0.0625
RFALINE c8L-Q009 rep=1 site=cli [RFA] gen=0 fires=18 false=18 false_frac=1.0000 fill_coded=0 fill_src=0 dup_src=18 preempt_src=0 src_n=19 rep_n=17 nu_recv=0.94737 fa_class=0.0625
RFALINE c8L-Q009 rep=1 site=cli [RFA] gen=0 fires=22 false=22 false_frac=1.0000 fill_coded=0 fill_src=0 dup_src=22 preempt_src=0 src_n=23 rep_n=21 nu_recv=0.95652 fa_class=0.0625
RFALINE c8L-Q009 rep=1 site=cli [RFA] gen=0 fires=25 false=25 false_frac=1.0000 fill_coded=0 fill_src=0 dup_src=25 preempt_src=0 src_n=26 rep_n=24 nu_recv=0.96154 fa_class=0.0625
RFALINE c8L-Q009 rep=1 site=cli [RFA] gen=0 fires=26 false=26 false_frac=1.0000 fill_coded=0 fill_src=0 dup_src=26 preempt_src=0 src_n=27 rep_n=25 nu_recv=0.96296 fa_class=0.0625
RFALINE c8L-Q009 rep=1 site=cli [RFA] gen=0 fires=27 false=27 false_frac=1.0000 fill_coded=0 fill_src=0 dup_src=27 preempt_src=0 src_n=28 rep_n=26 nu_recv=0.96429 fa_class=0.0625
RFALINE c8L-Q009 rep=1 site=cli [RFA] gen=0 fires=28 false=28 false_frac=1.0000 fill_coded=0 fill_src=0 dup_src=28 preempt_src=0 src_n=29 rep_n=27 nu_recv=0.96552 fa_class=0.0625
RFALINE c8L-Q009 rep=1 site=cli [RFA] gen=0 fires=28 false=28 false_frac=1.0000 fill_coded=0 fill_src=0 dup_src=28 preempt_src=0 src_n=30 rep_n=28 nu_recv=0.93333 fa_class=0.0625
RFALINE c8L-Q009 rep=1 site=cli [RFA] gen=0 fires=29 false=29 false_frac=1.0000 fill_coded=0 fill_src=0 dup_src=29 preempt_src=0 src_n=31 rep_n=28 nu_recv=0.93548 fa_class=0.0625
RFALINE c8L-Q009 rep=1 site=srv [RFA] gen=0 fires=3509 false=739 false_frac=0.2106 fill_coded=117 fill_src=2653 dup_src=636 preempt_src=103 src_n=8071 rep_n=194 nu_recv=0.43477 fa_class=0.0625
RFALINE c8L-Q009 rep=1 site=srv [RFA] gen=0 fires=7826 false=1364 false_frac=0.1743 fill_coded=236 fill_src=6226 dup_src=1154 preempt_src=210 src_n=19189 rep_n=395 nu_recv=0.40784 fa_class=0.0625
RFALINE c8L-Q009 rep=1 site=srv [RFA] gen=0 fires=8811 false=1428 false_frac=0.1621 fill_coded=275 fill_src=7108 dup_src=1179 preempt_src=249 src_n=28900 rep_n=623 nu_recv=0.30488 fa_class=0.0625
RFALINE c8L-Q009 rep=1 site=srv [RFA] gen=0 fires=9124 false=1480 false_frac=0.1622 fill_coded=360 fill_src=7284 dup_src=1179 preempt_src=301 src_n=38291 rep_n=842 nu_recv=0.23828 fa_class=0.0625
RFALINE c8L-Q009 rep=1 site=srv [RFA] gen=0 fires=9328 false=1485 false_frac=0.1592 fill_coded=409 fill_src=7434 dup_src=1179 preempt_src=306 src_n=47759 rep_n=992 nu_recv=0.19531 fa_class=0.0625
RFALINE c8L-Q009 rep=1 site=srv [RFA] gen=0 fires=9706 false=1561 false_frac=0.1608 fill_coded=495 fill_src=7650 dup_src=1179 preempt_src=382 src_n=57103 rep_n=1263 nu_recv=0.16997 fa_class=0.0625
RFALINE c8L-Q009 rep=1 site=srv [RFA] gen=0 fires=9957 false=1600 false_frac=0.1607 fill_coded=561 fill_src=7796 dup_src=1179 preempt_src=421 src_n=66546 rep_n=1427 nu_recv=0.14963 fa_class=0.0625
RFALINE c8L-Q009 rep=1 site=srv [RFA] gen=0 fires=10084 false=1609 false_frac=0.1596 fill_coded=575 fill_src=7900 dup_src=1179 preempt_src=430 src_n=76052 rep_n=1536 nu_recv=0.13259 fa_class=0.0625
RFALINE c8L-Q009 rep=1 site=srv [RFA] gen=0 fires=10431 false=1639 false_frac=0.1571 fill_coded=628 fill_src=8164 dup_src=1179 preempt_src=460 src_n=85509 rep_n=1799 nu_recv=0.12199 fa_class=0.0625
RFALINE c8L-Q009 rep=1 site=srv [RFA] gen=0 fires=10732 false=1654 false_frac=0.1541 fill_coded=680 fill_src=8398 dup_src=1179 preempt_src=475 src_n=94838 rep_n=2032 nu_recv=0.11316 fa_class=0.0625
RFALINE c8L-Q009 rep=1 site=srv [RFA] gen=0 fires=11066 false=1680 false_frac=0.1518 fill_coded=750 fill_src=8636 dup_src=1179 preempt_src=501 src_n=104273 rep_n=2276 nu_recv=0.10613 fa_class=0.0625
RFALINE c8L-Q009 rep=1 site=srv [RFA] gen=0 fires=11360 false=1755 false_frac=0.1545 fill_coded=828 fill_src=8777 dup_src=1179 preempt_src=576 src_n=113591 rep_n=2475 nu_recv=0.10001 fa_class=0.0625
RFALINE c8L-Q009 rep=1 site=srv [RFA] gen=0 fires=11508 false=1761 false_frac=0.1530 fill_coded=844 fill_src=8903 dup_src=1179 preempt_src=582 src_n=123185 rep_n=2595 nu_recv=0.09342 fa_class=0.0625
RFALINE c8L-Q009 rep=1 site=srv [RFA] gen=0 fires=11787 false=1803 false_frac=0.1530 fill_coded=901 fill_src=9083 dup_src=1179 preempt_src=624 src_n=132494 rep_n=2798 nu_recv=0.08896 fa_class=0.0625
RFALINE c8L-Q009 rep=1 site=srv [RFA] gen=0 fires=11987 false=1809 false_frac=0.1509 fill_coded=908 fill_src=9270 dup_src=1179 preempt_src=630 src_n=142073 rep_n=2974 nu_recv=0.08437 fa_class=0.0625
RFALINE c8L-Q009 rep=1 site=srv [RFA] gen=0 fires=12170 false=1827 false_frac=0.1501 fill_coded=955 fill_src=9388 dup_src=1179 preempt_src=648 src_n=151429 rep_n=3100 nu_recv=0.08037 fa_class=0.0625
RFALINE c8L-Q009 rep=1 site=srv [RFA] gen=0 fires=12396 false=1859 false_frac=0.1500 fill_coded=1017 fill_src=9520 dup_src=1179 preempt_src=680 src_n=161027 rep_n=3250 nu_recv=0.07698 fa_class=0.0625
DCAPLINE c8L-Q009 rep=1 site=cli [DCAP] on=1 eng=3130/3130 chg=2044/3130 chg_frac=0.6530 pin=0.3470 floor=0.0000 cap=2393.7 ask=4889.3 q=0.100000 b=2.0000
WALLLINE c8L-Q009 rep=1 site=cli [WALL] onset=0.9758 dur_ms=434.9 retx=76 total_ms=17975.0 it_ms=0.100
ALPHAWITNESS {"cell":"c8L","arm":"Q009","alpha":"0.009","seed":42,"rep":1,"rc":0,"mbps":89.141,"band":[45,95],"band_applies":0,"in_band":1,"lossy":1,"qclk_law_n":179098,"rfa_lines":17,"W1_rfa_gen":"0","W2_pfrac_lines":0,"W4_retx_max":5051,"W5_rack_fa":"2105/5100"}
=== rep=1 arm=c8L-Q050 alpha=0.05 seed=42 env="RWM_QUANTILE_CLOCKS=1 RWM_ALPHA_OVERRIDE=0.05 RWM_DELTA_CAP=1 RWM_SUM_CAP=1 RWM_RACK_CLOCKS=0 RWM_DERIVED_SWEEP=0 RWM_COMPOSED_CAP=0 RWM_THREE_TERM=0 RWM_STORE_CAP_UNIFIED=0 RWM_LATE_BRAKE=0 RWM_CHARGE_RECOVERY=0 RWM_RELEASE_1TO1=0 RWM_LOSS_SENT_TRUTH=0" cell=c2/c3/dual bytes=200000000 17:26:00
[2m2026-08-20T17:26:02.509760Z[0m [32m INFO[0m [2mraptorpath::gates[0m[2m:[0m [GATES] RWM_UNIFIED=1 RWM_UNIFIED_SHED=1 RWM_TAPER_R=1 RWM_ASTAR_ANCHOR=1 RWM_MSTAR_ANCHOR=1 RWM_PLAIN_RS=0 RWM_HONEST_ANCHOR=1 RWM_HONEST_K=0 RWM_STORE_SACK_RELEASE=1 RWM_STORE_PATHS=1 RWM_STORE_PATH_POOL=2048 RWM_STORE=unset RWM_STORE_GAIN=2 RWM_STORE_BOOT=128 RWM_STORE_CAPW=0 RWM_STORE_CAP_UNIFIED=0 RWM_THREE_TERM=0 RWM_COMPOSED_CAP=0 RWM_SUM_CAP=1 RWM_LATE_BRAKE=0 RWM_DELTA_CAP=1 RWM_STORE_PERCAP=0 RWM_PERCAP_GUARD=1 RWM_STORE_BORROW=0 RWM_HONEST_CAP=1 RWM_POOL_ANCHOR=0 RWM_POOL_DELIV=0 RWM_FLOOR_BOUND=0 RWM_ACK_MERGE=1 RWM_LOSS_SENT_TRUTH=0 RWM_RELEASE_1TO1=0 RWM_CHARGE_RECOVERY=0 RWM_PATIENCE_DERIVED=0 RWM_SIDLE_DERIVED=0 RWM_WIN_DECOUPLE=0 RWM_PLACE_SLACK=0 RWM_COLD_PLACE=0 RWM_GEN=384 RWM_PIPELINE=2 RWM_GEN_PIPE=1 RWM_GEN_R=unset RWM_GEN_RATE=9000 RWM_GEN_RATE_FLOOR=2000 RWM_GEN_INFLIGHT=unset RWM_OOO_RETAIN=0/16 RWM_WINDOW=unset RWM_REPORT_GENS=unset RWM_REPAIR_WAIT=unset RWM_CODED_SRC=0 RWM_NO_REACTIVE=0 RWM_XPATH_REPAIR=0 RWM_PROACTIVE_PACER=0 RWM_REASM_BDP=0 RWM_MIN_R=0 RWM_CC_PACE=0 RWM_CC_PACE_HR=1.1 RWM_REACT_CAP=unset RWM_INFL_CAP=0 RWM_INFL_BDP=unset RWM_COPA_FEED=0 RWM_RS_ATTR=1 RWM_EMIT_BATCH=0 RWM_EMIT_BURST=64 RWM_RECOV_MP=1 RWM_RECOV_MP_LAW=1 RWM_RECOV_MP_LIVE=0 RWM_RECOV_SP=0 RWM_DERIVED_SWEEP=0 RWM_RACK_CLOCKS=0 RWM_RACK_REO_MULT=1 RWM_QUANTILE_CLOCKS=1 RWM_ALPHA_OVERRIDE=0.05 RWM_DIAG=1 RWM_ACKDIAG=1 RWM_ACKDIAG_WINDOW_US=2000000 RWM_WALLDIAG=1 RWM_CPUPROF=0 RWM_RDIAG=0 RWM_FDIAG=1 RWM_TRACE=0 RWM_PFRAC=0
{"bytes":200000000,"dnf":0,"hint":"bulk","max_s":61.937,"mean_mbps":25.833,"mean_s":61.937,"median_s":61.937,"min_s":61.937,"proto":"rp-native","runs":1,"stdev_s":0.0,"summary":true}
    LATPROBE-LEG leg=0 file=/tmp/rwm-ping-0.txt sent=1229 recv=1202 censor=2.20% p50=11.8[censor=2.20% ok] p95=72.9[censor=2.20% ok] p99=74.8[censor=2.20% UNSCOREABLE(inside censored tail)]
    LATPROBE-LEG leg=1 file=/tmp/rwm-ping-1.txt sent=1237 recv=1176 censor=4.93% p50=40.5[censor=4.93% ok] p95=48.3[censor=4.93% ok] p99=199.0[censor=4.93% UNSCOREABLE(inside censored tail)]
    LATPROBE: 2 leg(s) /tmp/rwm-ping-0.txt=1202 /tmp/rwm-ping-1.txt=1176 replies
    CPU: CPUSRV=22.52s CPUCLI=54.54s (srv=decoder cli=sender; whole-invocation incl warmup)
    QDISC cli0: qdisc netem a2e5: root refcnt 7 limit 1000 delay 5ms  3ms loss gemodel p 1.3% r 50% 1-h 100% 1-k 0% rate 100Mbit seed 42  Sent 225157684 bytes 178518 pkt (dropped 843, overlimits 0 requeues 0)   backlog 0b 0p requeues 0 
    QDISC cli1: qdisc netem a2e6: root refcnt 7 limit 1000 delay 20ms  5ms loss gemodel p 2% r 40% 1-h 100% 1-k 0% rate 20Mbit seed 1042  Sent 4829782 bytes 5436 pkt (dropped 117, overlimits 0 requeues 0)   backlog 0b 0p requeues 0 
    QDISC srv0: qdisc netem a2e7: root refcnt 7 limit 1000 delay 5ms  3ms rate 100Mbit seed 10492857371482449975  Sent 25254547 bytes 128982 pkt (dropped 0, overlimits 0 requeues 0)   backlog 0b 0p requeues 0 
    QDISC srv1: qdisc netem a2e8: root refcnt 7 limit 1000 delay 20ms  5ms rate 20Mbit seed 11188772382595117103  Sent 801172 bytes 4648 pkt (dropped 0, overlimits 0 requeues 0)   backlog 0b 0p requeues 0 
    QCAP: /tmp/rwm-q.txt 18 lines
RUNTIME c8L-Q050 rep=1 65s rc=0
ALPHARESULT {"cell": "c8L", "arm": "Q050", "alpha_cmd": 0.05, "seed": 42, "rep": 1, "n_paths": 2, "dnf": false, "dnf_count": 0, "mbps": 25.833, "mean_mbps": 25.833, "seconds": 61.937, "n_runs": 1, "cpusrv": 22.52, "cpucli": 54.54, "khr_med": 1.0, "kraw_med": null, "khr_n": 384, "kraw_n": 0, "rtp_med": 36, "occ_p50": 0, "occcap_p50": 1368, "q_p50": 131, "q_p99": 417, "diag_lines": 195, "retx": 12649, "w1_rfa_gen": "0", "w2_pfrac_lines": 0, "w4_retx_max": 12649, "w5_rack_fa": "1178/12675", "gates_cli_quantile_clocks": 1, "gates_srv_quantile_clocks": 1, "gates_cli_rack_clocks": 0, "gates_srv_rack_clocks": 0, "gates_cli_derived_sweep": 0, "gates_srv_derived_sweep": 0, "gates_cli_delta_cap": 1, "gates_srv_delta_cap": 1, "gates_cli_sum_cap": 1, "gates_srv_sum_cap": 1, "gates_cli_composed_cap": 0, "gates_srv_composed_cap": 0, "gates_cli_three_term": 0, "gates_srv_three_term": 0, "gates_cli_loss_sent_truth": 0, "gates_srv_loss_sent_truth": 0, "gates_cli_gen": null, "gates_srv_gen": null, "gates_cli_diag": 1, "gates_srv_diag": 1, "gates_cli_ackdiag": 1, "gates_srv_ackdiag": 1, "gates_cli_walldiag": 1, "gates_srv_walldiag": 1, "gates_cli_fdiag": 1, "gates_srv_fdiag": 1, "gates_cli_recov_mp": 1, "gates_srv_recov_mp": 1, "gates_cli_cc_pace": 0, "gates_srv_cc_pace": 0, "gates_cli_rack_reo_mult": 1, "gates_srv_rack_reo_mult": 1, "gates_lines_cli": 1, "gates_lines_srv": 1, "gate_quantile_cli": "1", "gate_quantile_srv": "1", "gate_alpha_cli": "0.05", "gate_alpha_srv": "0.05", "gate_gen_cli": 384, "gate_gen_srv": 384, "qalpha_lines_cli": 2, "qalpha_site_cli": "sender", "qalpha_quantile_cli": 1, "qalpha_contract_cli": 0.001, "qalpha_override_cli": 0.05, "qalpha_cli": 0.05, "qalpha_k_cli": 4.3589, "qalpha_lines_srv": 2, "qalpha_site_srv": "sender", "qalpha_quantile_srv": 1, "qalpha_contract_srv": 0.001, "qalpha_override_srv": 0.05, "qalpha_srv": 0.05, "qalpha_k_srv": 4.3589, "qclk_cli_lines": 1, "qclk_cli_site": "sender", "qclk_cli_alpha": 0.05, "qclk_cli_k": 4.3589, "qclk_cli_w_us_mean": 457401.3, "qclk_cli_srtt_us_mean": 219394.4, "qclk_cli_on": 1, "qclk_cli_evals": 176350, "qclk_cli_kept": 2752, "qclk_cli_w_us_p05": 221796, "qclk_cli_w_us_p50": 445875, "qclk_cli_w_us_p95": 751041, "qclk_cli_w_us_min": 16746, "qclk_cli_w_us_max": 1774443, "qclk_cli_law_n": 176125, "qclk_cli_sigma_us_mean": 54602.7, "qclk_cli_sigma_n": 176125, "qclk_srv_lines": 57, "qclk_srv_site": "receiver", "qclk_srv_alpha": 0.05, "qclk_srv_k": 4.3589, "qclk_srv_w_us_mean": 642407.2, "qclk_srv_srtt_us_mean": 244869.1, "qclk_srv_on": 1, "qclk_srv_evals": 172104, "qclk_srv_kept": 2675, "qclk_srv_w_us_p05": 295393, "qclk_srv_w_us_p50": 482412, "qclk_srv_w_us_p95": 1451800, "qclk_srv_w_us_min": 152503, "qclk_srv_w_us_max": 1787840, "qclk_srv_law_n": 171189, "qclk_srv_sigma_us_mean": 91201.6, "qclk_srv_sigma_n": 171189, "rack_lines_cli": 2, "rack_on_cli": 0, "rack_evals_cli": 0, "rack_ceil_cli": 0.0, "rack_gran_cli": 0.0, "rack_legacy_pin_cli": 0.0, "rack_round_cli": 0.0, "rack_legacy_cli": 0.0, "rack_mult_cli": 1, "rack_fa_n_cli": 1178, "rack_fa_d_cli": 12675, "rack_fa_frac_cli": 0.0929, "rack_fa_class_cli": 0.0625, "rack_lines_srv": 0, "rack_on_srv": null, "rack_evals_srv": null, "rack_ceil_srv": null, "rack_gran_srv": null, "rack_legacy_pin_srv": null, "rack_round_srv": null, "rack_legacy_srv": null, "rack_mult_srv": null, "rack_fa_n_srv": null, "rack_fa_d_srv": null, "rack_fa_frac_srv": null, "rack_fa_class_srv": null, "rack_fired": 12675, "rack_spurious": 1178, "rack_fa_frac": 0.0929, "rack_fa_class": 0.0625, "rack_round_us": 0.0, "rack_legacy_us": 0.0, "rack_evals": 0, "rack_legacy_pin": 0.0, "rfa_lines": 57, "rfa_gen": 0, "rfa_fires": 19895, "rfa_false": 2012, "rfa_fill_coded": 1558, "rfa_fill_src": 16325, "rfa_dup_src": 1000, "rfa_preempt_src": 1012, "rfa_src_n": 169447, "rfa_rep_n": 6970, "rfa_false_frac": 0.1011, "rfa_nu_recv": 0.11741, "rfa_fa_class": 0.0625, "rfa_bracket_lo": 0.1011, "rfa_bracket_hi": 0.563585, "sf_ticks": 2853, "sf_E": 0.9918, "sf_short": 0.0151, "sf_zero": 0.0014, "capboot_n": 192, "capboot_frac": 0.2135, "ping_n": 1202, "ping_p50": 11.8, "ping_p95": 72.9, "ping_p99": 74.8, "ping_tx": 1229, "ping_rx": 1202, "ping_loss": 2.2, "ping_censor_frac": 0.022, "legs_probed": 1, "leg0_n": 1202, "leg0_sent": 1229, "leg0_recv": 1202, "leg0_sent_source": "summary", "leg0_censor_frac": 0.022, "leg0_censor_pct": 2.2, "leg0_recv_mismatch": false, "leg0_leg_unscoreable": false, "leg0_min": 4.52, "leg0_max": 84.6, "leg0_p50": 11.8, "leg0_p50_censored": false, "leg0_p50_scoreable": true, "leg0_p95": 72.9, "leg0_p95_censored": false, "leg0_p95_scoreable": true, "leg0_p99": 74.8, "leg0_p99_censored": true, "leg0_p99_scoreable": false, "legs_censor_max": 0.022, "wait_tun": 0, "wait_paused": 0, "wait_pace": 0, "wait_gen": 0, "wait_nack": 59, "wait_defc": 0, "wait_tail": 0, "wait_flush": 0, "wait_lines": 192, "deadwall": true, "sig_us_p50": 1021.0, "sig_us_n": 173060, "sig_us_path": 0, "sig_paths": 2, "pl_n": 384, "pl_max": 0.3381, "pl_min": 0.0, "pl_p0": 0.0, "pl_p1": 0.3381, "dgq_hand": 189770, "dgq_full": 8438, "dgq_err": 0, "dgq_gap": 8456, "tc_bytes": 229987466, "tc_pkts": 183954, "tc_drop": 960, "tc_s": 64}
LIVENESS c8L-Q050 rep=1 RWM_QUANTILE_CLOCKS=RWM_QUANTILE_CLOCKS=1/RWM_QUANTILE_CLOCKS=1(exp1) RWM_ALPHA_OVERRIDE=RWM_ALPHA_OVERRIDE=0.05/RWM_ALPHA_OVERRIDE=0.05(exp0.05) RWM_DELTA_CAP=RWM_DELTA_CAP=1/RWM_DELTA_CAP=1(exp1) RWM_SUM_CAP=RWM_SUM_CAP=1/RWM_SUM_CAP=1(exp1) RWM_RACK_CLOCKS=RWM_RACK_CLOCKS=0/RWM_RACK_CLOCKS=0(exp0) RWM_DERIVED_SWEEP=RWM_DERIVED_SWEEP=0/RWM_DERIVED_SWEEP=0(exp0) RWM_COMPOSED_CAP=RWM_COMPOSED_CAP=0/RWM_COMPOSED_CAP=0(exp0) RWM_THREE_TERM=RWM_THREE_TERM=0/RWM_THREE_TERM=0(exp0) RWM_STORE_CAP_UNIFIED=RWM_STORE_CAP_UNIFIED=0/RWM_STORE_CAP_UNIFIED=0(exp0) RWM_LATE_BRAKE=RWM_LATE_BRAKE=0/RWM_LATE_BRAKE=0(exp0) RWM_CHARGE_RECOVERY=RWM_CHARGE_RECOVERY=0/RWM_CHARGE_RECOVERY=0(exp0) RWM_RELEASE_1TO1=RWM_RELEASE_1TO1=0/RWM_RELEASE_1TO1=0(exp0) RWM_LOSS_SENT_TRUTH=RWM_LOSS_SENT_TRUTH=0/RWM_LOSS_SENT_TRUTH=0(exp0) RWM_DIAG=RWM_DIAG=1/RWM_DIAG=1(exp1) RWM_ACKDIAG=RWM_ACKDIAG=1/RWM_ACKDIAG=1(exp1) RWM_WALLDIAG=RWM_WALLDIAG=1/RWM_WALLDIAG=1(exp1) RWM_FDIAG=RWM_FDIAG=1/RWM_FDIAG=1(exp1)
QALPHALINE c8L-Q050 rep=1 site=cli [QALPHA] site=sender quantile=1 contract_alpha=1.000000e-3 override=5.000000e-2 alpha=5.000000e-2 k=4.3589 fa_class=0.0625
QALPHALINE c8L-Q050 rep=1 site=srv [QALPHA] site=receiver quantile=1 contract_alpha=1.000000e-5 override=5.000000e-2 alpha=5.000000e-2 k=4.3589 fa_class=0.0625
QCLKLINE c8L-Q050 rep=1 site=cli [QCLK] site=sender on=1 alpha=5.000000e-2 k=4.3589 evals=176350 law_n=176125 kept=2752 w_us_mean=457401.3 w_us_p05=221796 w_us_p50=445875 w_us_p95=751041 w_us_min=16746 w_us_max=1774443 srtt_us_mean=219394.4 sigma_us_mean=54602.7/n176125 fa_class=0.0625
QCLKLINE c8L-Q050 rep=1 site=srv [QCLK] site=receiver on=1 alpha=5.000000e-2 k=4.3589 evals=9489 law_n=8574 kept=2144 w_us_mean=280487.5 w_us_p05=163780 w_us_p50=320053 w_us_p95=328142 w_us_min=152503 w_us_max=328142 srtt_us_mean=165930.4 sigma_us_mean=26281.3/n8574 fa_class=0.0625
QCLKLINE c8L-Q050 rep=1 site=srv [QCLK] site=receiver on=1 alpha=5.000000e-2 k=4.3589 evals=18804 law_n=17889 kept=2236 w_us_mean=383846.7 w_us_p05=163780 w_us_p50=328142 w_us_p95=492097 w_us_min=152503 w_us_max=523272 srtt_us_mean=191149.3 sigma_us_mean=44208.0/n17889 fa_class=0.0625
QCLKLINE c8L-Q050 rep=1 site=srv [QCLK] site=receiver on=1 alpha=5.000000e-2 k=4.3589 evals=27601 law_n=26686 kept=3336 w_us_mean=429742.7 w_us_p05=163780 w_us_p50=479805 w_us_p95=523272 w_us_min=152503 w_us_max=527784 srtt_us_mean=198801.3 sigma_us_mean=52981.8/n26686 fa_class=0.0625
QCLKLINE c8L-Q050 rep=1 site=srv [QCLK] site=receiver on=1 alpha=5.000000e-2 k=4.3589 evals=36786 law_n=35871 kept=2242 w_us_mean=447231.8 w_us_p05=163780 w_us_p50=482412 w_us_p95=523272 w_us_min=152503 w_us_max=527784 srtt_us_mean=202785.7 sigma_us_mean=56079.9/n35871 fa_class=0.0625
QCLKLINE c8L-Q050 rep=1 site=srv [QCLK] site=receiver on=1 alpha=5.000000e-2 k=4.3589 evals=46281 law_n=45366 kept=2835 w_us_mean=442064.9 w_us_p05=176207 w_us_p50=479805 w_us_p95=523272 w_us_min=152503 w_us_max=527784 srtt_us_mean=205208.6 sigma_us_mean=54338.7/n45366 fa_class=0.0625
QCLKLINE c8L-Q050 rep=1 site=srv [QCLK] site=receiver on=1 alpha=5.000000e-2 k=4.3589 evals=55060 law_n=54145 kept=3384 w_us_mean=426919.7 w_us_p05=317881 w_us_p50=441421 w_us_p95=523272 w_us_min=152503 w_us_max=527784 srtt_us_mean=206692.7 sigma_us_mean=50523.7/n54145 fa_class=0.0625
QCLKLINE c8L-Q050 rep=1 site=srv [QCLK] site=receiver on=1 alpha=5.000000e-2 k=4.3589 evals=64688 law_n=63773 kept=3985 w_us_mean=407476.7 w_us_p05=295393 w_us_p50=413254 w_us_p95=523272 w_us_min=152503 w_us_max=527784 srtt_us_mean=207850.6 sigma_us_mean=45797.5/n63773 fa_class=0.0625
QCLKLINE c8L-Q050 rep=1 site=srv [QCLK] site=receiver on=1 alpha=5.000000e-2 k=4.3589 evals=73465 law_n=72550 kept=2267 w_us_mean=393917.0 w_us_p05=295393 w_us_p50=379185 w_us_p95=523272 w_us_min=152503 w_us_max=527784 srtt_us_mean=208638.3 sigma_us_mean=42506.0/n72550 fa_class=0.0625
QCLKLINE c8L-Q050 rep=1 site=srv [QCLK] site=receiver on=1 alpha=5.000000e-2 k=4.3589 evals=83211 law_n=82296 kept=2572 w_us_mean=382249.1 w_us_p05=295393 w_us_p50=351004 w_us_p95=523272 w_us_min=152503 w_us_max=527784 srtt_us_mean=209316.2 sigma_us_mean=39673.7/n82296 fa_class=0.0625
QCLKLINE c8L-Q050 rep=1 site=srv [QCLK] site=receiver on=1 alpha=5.000000e-2 k=4.3589 evals=92766 law_n=91851 kept=2870 w_us_mean=373213.7 w_us_p05=295393 w_us_p50=328142 w_us_p95=523272 w_us_min=152503 w_us_max=527784 srtt_us_mean=209841.1 sigma_us_mean=37480.4/n91851 fa_class=0.0625
QCLKLINE c8L-Q050 rep=1 site=srv [QCLK] site=receiver on=1 alpha=5.000000e-2 k=4.3589 evals=102383 law_n=101468 kept=3171 w_us_mean=368537.7 w_us_p05=295393 w_us_p50=328142 w_us_p95=523272 w_us_min=152503 w_us_max=527784 srtt_us_mean=210269.6 sigma_us_mean=36309.4/n101468 fa_class=0.0625
QCLKLINE c8L-Q050 rep=1 site=srv [QCLK] site=receiver on=1 alpha=5.000000e-2 k=4.3589 evals=111474 law_n=110559 kept=3455 w_us_mean=382446.6 w_us_p05=295393 w_us_p50=351004 w_us_p95=628994 w_us_min=152503 w_us_max=628994 srtt_us_mean=211356.1 sigma_us_mean=39251.0/n110559 fa_class=0.0625
QCLKLINE c8L-Q050 rep=1 site=srv [QCLK] site=receiver on=1 alpha=5.000000e-2 k=4.3589 evals=119039 law_n=118124 kept=3691 w_us_mean=405793.0 w_us_p05=295393 w_us_p50=358026 w_us_p95=628994 w_us_min=152503 w_us_max=811876 srtt_us_mean=214275.9 sigma_us_mean=43937.2/n118124 fa_class=0.0625
QCLKLINE c8L-Q050 rep=1 site=srv [QCLK] site=receiver on=1 alpha=5.000000e-2 k=4.3589 evals=124841 law_n=123926 kept=3873 w_us_mean=419672.8 w_us_p05=295393 w_us_p50=358026 w_us_p95=722225 w_us_min=152503 w_us_max=811876 srtt_us_mean=217274.7 sigma_us_mean=46433.5/n123926 fa_class=0.0625
QCLKLINE c8L-Q050 rep=1 site=srv [QCLK] site=receiver on=1 alpha=5.000000e-2 k=4.3589 evals=128083 law_n=127168 kept=3974 w_us_mean=431304.7 w_us_p05=295393 w_us_p50=358026 w_us_p95=811876 w_us_min=152503 w_us_max=903447 srtt_us_mean=217245.5 sigma_us_mean=49108.7/n127168 fa_class=0.0625
QCLKLINE c8L-Q050 rep=1 site=srv [QCLK] site=receiver on=1 alpha=5.000000e-2 k=4.3589 evals=131928 law_n=131013 kept=4094 w_us_mean=443855.7 w_us_p05=295393 w_us_p50=358026 w_us_p95=811876 w_us_min=152503 w_us_max=903447 srtt_us_mean=217160.9 sigma_us_mean=52007.5/n131013 fa_class=0.0625
QCLKLINE c8L-Q050 rep=1 site=srv [QCLK] site=receiver on=1 alpha=5.000000e-2 k=4.3589 evals=135559 law_n=134644 kept=2104 w_us_mean=451742.4 w_us_p05=295393 w_us_p50=379185 w_us_p95=811876 w_us_min=152503 w_us_max=903447 srtt_us_mean=217085.4 sigma_us_mean=53834.2/n134644 fa_class=0.0625
QCLKLINE c8L-Q050 rep=1 site=srv [QCLK] site=receiver on=1 alpha=5.000000e-2 k=4.3589 evals=137909 law_n=136994 kept=2140 w_us_mean=455144.8 w_us_p05=295393 w_us_p50=379185 w_us_p95=811876 w_us_min=152503 w_us_max=903447 srtt_us_mean=217038.7 sigma_us_mean=54625.4/n136994 fa_class=0.0625
QCLKLINE c8L-Q050 rep=1 site=srv [QCLK] site=receiver on=1 alpha=5.000000e-2 k=4.3589 evals=140131 law_n=139216 kept=2175 w_us_mean=458360.3 w_us_p05=295393 w_us_p50=413254 w_us_p95=811876 w_us_min=152503 w_us_max=903447 srtt_us_mean=216996.0 sigma_us_mean=55372.9/n139216 fa_class=0.0625
QCLKLINE c8L-Q050 rep=1 site=srv [QCLK] site=receiver on=1 alpha=5.000000e-2 k=4.3589 evals=144283 law_n=143368 kept=2240 w_us_mean=485342.0 w_us_p05=295393 w_us_p50=413254 w_us_p95=881517 w_us_min=152503 w_us_max=1787840 srtt_us_mean=220505.8 sigma_us_mean=60757.8/n143368 fa_class=0.0625
QCLKLINE c8L-Q050 rep=1 site=srv [QCLK] site=receiver on=1 alpha=5.000000e-2 k=4.3589 evals=147545 law_n=146630 kept=2291 w_us_mean=506842.3 w_us_p05=295393 w_us_p50=413254 w_us_p95=895405 w_us_min=152503 w_us_max=1787840 srtt_us_mean=223840.8 sigma_us_mean=64925.1/n146630 fa_class=0.0625
QCLKLINE c8L-Q050 rep=1 site=srv [QCLK] site=receiver on=1 alpha=5.000000e-2 k=4.3589 evals=150107 law_n=149192 kept=2331 w_us_mean=523069.6 w_us_p05=295393 w_us_p50=441421 w_us_p95=1451800 w_us_min=152503 w_us_max=1787840 srtt_us_mean=226357.9 sigma_us_mean=68070.5/n149192 fa_class=0.0625
QCLKLINE c8L-Q050 rep=1 site=srv [QCLK] site=receiver on=1 alpha=5.000000e-2 k=4.3589 evals=152240 law_n=151325 kept=2364 w_us_mean=536160.5 w_us_p05=295393 w_us_p50=441421 w_us_p95=1451800 w_us_min=152503 w_us_max=1787840 srtt_us_mean=228388.5 sigma_us_mean=70607.9/n151325 fa_class=0.0625
QCLKLINE c8L-Q050 rep=1 site=srv [QCLK] site=receiver on=1 alpha=5.000000e-2 k=4.3589 evals=154947 law_n=154032 kept=2407 w_us_mean=552252.2 w_us_p05=295393 w_us_p50=441421 w_us_p95=1451800 w_us_min=152503 w_us_max=1787840 srtt_us_mean=230884.6 sigma_us_mean=73726.9/n154032 fa_class=0.0625
QCLKLINE c8L-Q050 rep=1 site=srv [QCLK] site=receiver on=1 alpha=5.000000e-2 k=4.3589 evals=157298 law_n=156383 kept=2443 w_us_mean=565775.6 w_us_p05=295393 w_us_p50=441421 w_us_p95=1451800 w_us_min=152503 w_us_max=1787840 srtt_us_mean=232982.3 sigma_us_mean=76348.2/n156383 fa_class=0.0625
QCLKLINE c8L-Q050 rep=1 site=srv [QCLK] site=receiver on=1 alpha=5.000000e-2 k=4.3589 evals=159654 law_n=158739 kept=2480 w_us_mean=578926.0 w_us_p05=295393 w_us_p50=479805 w_us_p95=1451800 w_us_min=152503 w_us_max=1787840 srtt_us_mean=235022.2 sigma_us_mean=78897.1/n158739 fa_class=0.0625
QCLKLINE c8L-Q050 rep=1 site=srv [QCLK] site=receiver on=1 alpha=5.000000e-2 k=4.3589 evals=161793 law_n=160878 kept=2514 w_us_mean=590531.5 w_us_p05=295393 w_us_p50=479805 w_us_p95=1451800 w_us_min=152503 w_us_max=1787840 srtt_us_mean=236822.4 sigma_us_mean=81146.6/n160878 fa_class=0.0625
QCLKLINE c8L-Q050 rep=1 site=srv [QCLK] site=receiver on=1 alpha=5.000000e-2 k=4.3589 evals=163795 law_n=162880 kept=2545 w_us_mean=601117.6 w_us_p05=295393 w_us_p50=479805 w_us_p95=1451800 w_us_min=152503 w_us_max=1787840 srtt_us_mean=238464.4 sigma_us_mean=83198.5/n162880 fa_class=0.0625
QCLKLINE c8L-Q050 rep=1 site=srv [QCLK] site=receiver on=1 alpha=5.000000e-2 k=4.3589 evals=165404 law_n=164489 kept=2570 w_us_mean=609438.8 w_us_p05=295393 w_us_p50=479805 w_us_p95=1451800 w_us_min=152503 w_us_max=1787840 srtt_us_mean=239755.2 sigma_us_mean=84811.4/n164489 fa_class=0.0625
QCLKLINE c8L-Q050 rep=1 site=srv [QCLK] site=receiver on=1 alpha=5.000000e-2 k=4.3589 evals=166044 law_n=165129 kept=2580 w_us_mean=612703.6 w_us_p05=295393 w_us_p50=482412 w_us_p95=1451800 w_us_min=152503 w_us_max=1787840 srtt_us_mean=240261.6 sigma_us_mean=85444.2/n165129 fa_class=0.0625
QCLKLINE c8L-Q050 rep=1 site=srv [QCLK] site=receiver on=1 alpha=5.000000e-2 k=4.3589 evals=166244 law_n=165329 kept=2583 w_us_mean=613718.7 w_us_p05=295393 w_us_p50=482412 w_us_p95=1451800 w_us_min=152503 w_us_max=1787840 srtt_us_mean=240419.1 sigma_us_mean=85641.0/n165329 fa_class=0.0625
QCLKLINE c8L-Q050 rep=1 site=srv [QCLK] site=receiver on=1 alpha=5.000000e-2 k=4.3589 evals=166470 law_n=165555 kept=2587 w_us_mean=614862.7 w_us_p05=295393 w_us_p50=482412 w_us_p95=1451800 w_us_min=152503 w_us_max=1787840 srtt_us_mean=240596.5 sigma_us_mean=85862.7/n165555 fa_class=0.0625
QCLKLINE c8L-Q050 rep=1 site=srv [QCLK] site=receiver on=1 alpha=5.000000e-2 k=4.3589 evals=166684 law_n=165769 kept=2590 w_us_mean=615943.2 w_us_p05=295393 w_us_p50=482412 w_us_p95=1451800 w_us_min=152503 w_us_max=1787840 srtt_us_mean=240764.1 sigma_us_mean=86072.1/n165769 fa_class=0.0625
QCLKLINE c8L-Q050 rep=1 site=srv [QCLK] site=receiver on=1 alpha=5.000000e-2 k=4.3589 evals=166898 law_n=165983 kept=2593 w_us_mean=617020.8 w_us_p05=295393 w_us_p50=482412 w_us_p95=1451800 w_us_min=152503 w_us_max=1787840 srtt_us_mean=240931.3 sigma_us_mean=86281.0/n165983 fa_class=0.0625
QCLKLINE c8L-Q050 rep=1 site=srv [QCLK] site=receiver on=1 alpha=5.000000e-2 k=4.3589 evals=166960 law_n=166045 kept=2594 w_us_mean=617332.5 w_us_p05=295393 w_us_p50=482412 w_us_p95=1451800 w_us_min=152503 w_us_max=1787840 srtt_us_mean=240979.6 sigma_us_mean=86341.4/n166045 fa_class=0.0625
QCLKLINE c8L-Q050 rep=1 site=srv [QCLK] site=receiver on=1 alpha=5.000000e-2 k=4.3589 evals=167158 law_n=166243 kept=2597 w_us_mean=618326.4 w_us_p05=295393 w_us_p50=482412 w_us_p95=1451800 w_us_min=152503 w_us_max=1787840 srtt_us_mean=241133.8 sigma_us_mean=86534.1/n166243 fa_class=0.0625
QCLKLINE c8L-Q050 rep=1 site=srv [QCLK] site=receiver on=1 alpha=5.000000e-2 k=4.3589 evals=167316 law_n=166401 kept=2600 w_us_mean=619117.8 w_us_p05=295393 w_us_p50=482412 w_us_p95=1451800 w_us_min=152503 w_us_max=1787840 srtt_us_mean=241256.6 sigma_us_mean=86687.5/n166401 fa_class=0.0625
QCLKLINE c8L-Q050 rep=1 site=srv [QCLK] site=receiver on=1 alpha=5.000000e-2 k=4.3589 evals=167476 law_n=166561 kept=2602 w_us_mean=619917.7 w_us_p05=295393 w_us_p50=482412 w_us_p95=1451800 w_us_min=152503 w_us_max=1787840 srtt_us_mean=241380.6 sigma_us_mean=86842.5/n166561 fa_class=0.0625
QCLKLINE c8L-Q050 rep=1 site=srv [QCLK] site=receiver on=1 alpha=5.000000e-2 k=4.3589 evals=167674 law_n=166759 kept=2605 w_us_mean=620905.4 w_us_p05=295393 w_us_p50=482412 w_us_p95=1451800 w_us_min=152503 w_us_max=1787840 srtt_us_mean=241533.8 sigma_us_mean=87034.0/n166759 fa_class=0.0625
QCLKLINE c8L-Q050 rep=1 site=srv [QCLK] site=receiver on=1 alpha=5.000000e-2 k=4.3589 evals=167888 law_n=166973 kept=2609 w_us_mean=621970.3 w_us_p05=295393 w_us_p50=482412 w_us_p95=1451800 w_us_min=152503 w_us_max=1787840 srtt_us_mean=241699.0 sigma_us_mean=87240.4/n166973 fa_class=0.0625
QCLKLINE c8L-Q050 rep=1 site=srv [QCLK] site=receiver on=1 alpha=5.000000e-2 k=4.3589 evals=168102 law_n=167187 kept=2612 w_us_mean=623032.5 w_us_p05=295393 w_us_p50=482412 w_us_p95=1451800 w_us_min=152503 w_us_max=1787840 srtt_us_mean=241863.8 sigma_us_mean=87446.3/n167187 fa_class=0.0625
QCLKLINE c8L-Q050 rep=1 site=srv [QCLK] site=receiver on=1 alpha=5.000000e-2 k=4.3589 evals=168326 law_n=167411 kept=2616 w_us_mean=624141.4 w_us_p05=295393 w_us_p50=482412 w_us_p95=1451800 w_us_min=152503 w_us_max=1787840 srtt_us_mean=242035.8 sigma_us_mean=87661.2/n167411 fa_class=0.0625
QCLKLINE c8L-Q050 rep=1 site=srv [QCLK] site=receiver on=1 alpha=5.000000e-2 k=4.3589 evals=168538 law_n=167623 kept=2619 w_us_mean=625188.2 w_us_p05=295393 w_us_p50=482412 w_us_p95=1451800 w_us_min=152503 w_us_max=1787840 srtt_us_mean=242198.2 sigma_us_mean=87864.1/n167623 fa_class=0.0625
QCLKLINE c8L-Q050 rep=1 site=srv [QCLK] site=receiver on=1 alpha=5.000000e-2 k=4.3589 evals=168654 law_n=167739 kept=2621 w_us_mean=625759.8 w_us_p05=295393 w_us_p50=482412 w_us_p95=1451800 w_us_min=152503 w_us_max=1787840 srtt_us_mean=242286.8 sigma_us_mean=87974.9/n167739 fa_class=0.0625
QCLKLINE c8L-Q050 rep=1 site=srv [QCLK] site=receiver on=1 alpha=5.000000e-2 k=4.3589 evals=168884 law_n=167969 kept=2624 w_us_mean=626890.9 w_us_p05=295393 w_us_p50=482412 w_us_p95=1451800 w_us_min=152503 w_us_max=1787840 srtt_us_mean=242462.3 sigma_us_mean=88194.1/n167969 fa_class=0.0625
QCLKLINE c8L-Q050 rep=1 site=srv [QCLK] site=receiver on=1 alpha=5.000000e-2 k=4.3589 evals=169092 law_n=168177 kept=2628 w_us_mean=627911.2 w_us_p05=295393 w_us_p50=482412 w_us_p95=1451800 w_us_min=152503 w_us_max=1787840 srtt_us_mean=242620.6 sigma_us_mean=88391.9/n168177 fa_class=0.0625
QCLKLINE c8L-Q050 rep=1 site=srv [QCLK] site=receiver on=1 alpha=5.000000e-2 k=4.3589 evals=169322 law_n=168407 kept=2631 w_us_mean=629036.4 w_us_p05=295393 w_us_p50=482412 w_us_p95=1451800 w_us_min=152503 w_us_max=1787840 srtt_us_mean=242795.1 sigma_us_mean=88610.0/n168407 fa_class=0.0625
QCLKLINE c8L-Q050 rep=1 site=srv [QCLK] site=receiver on=1 alpha=5.000000e-2 k=4.3589 evals=169582 law_n=168667 kept=2635 w_us_mean=630304.7 w_us_p05=295393 w_us_p50=482412 w_us_p95=1451800 w_us_min=152503 w_us_max=1787840 srtt_us_mean=242991.8 sigma_us_mean=88855.8/n168667 fa_class=0.0625
QCLKLINE c8L-Q050 rep=1 site=srv [QCLK] site=receiver on=1 alpha=5.000000e-2 k=4.3589 evals=169669 law_n=168754 kept=2637 w_us_mean=630728.2 w_us_p05=295393 w_us_p50=482412 w_us_p95=1451800 w_us_min=152503 w_us_max=1787840 srtt_us_mean=243057.5 sigma_us_mean=88937.9/n168754 fa_class=0.0625
QCLKLINE c8L-Q050 rep=1 site=srv [QCLK] site=receiver on=1 alpha=5.000000e-2 k=4.3589 evals=169923 law_n=169008 kept=2641 w_us_mean=631962.2 w_us_p05=295393 w_us_p50=482412 w_us_p95=1451800 w_us_min=152503 w_us_max=1787840 srtt_us_mean=243248.9 sigma_us_mean=89177.1/n169008 fa_class=0.0625
QCLKLINE c8L-Q050 rep=1 site=srv [QCLK] site=receiver on=1 alpha=5.000000e-2 k=4.3589 evals=170149 law_n=169234 kept=2644 w_us_mean=633057.0 w_us_p05=295393 w_us_p50=482412 w_us_p95=1451800 w_us_min=152503 w_us_max=1787840 srtt_us_mean=243418.8 sigma_us_mean=89389.3/n169234 fa_class=0.0625
QCLKLINE c8L-Q050 rep=1 site=srv [QCLK] site=receiver on=1 alpha=5.000000e-2 k=4.3589 evals=170396 law_n=169481 kept=2648 w_us_mean=634250.2 w_us_p05=295393 w_us_p50=482412 w_us_p95=1451800 w_us_min=152503 w_us_max=1787840 srtt_us_mean=243603.8 sigma_us_mean=89620.6/n169481 fa_class=0.0625
QCLKLINE c8L-Q050 rep=1 site=srv [QCLK] site=receiver on=1 alpha=5.000000e-2 k=4.3589 evals=170629 law_n=169714 kept=2652 w_us_mean=635372.7 w_us_p05=295393 w_us_p50=482412 w_us_p95=1451800 w_us_min=152503 w_us_max=1787840 srtt_us_mean=243778.0 sigma_us_mean=89838.1/n169714 fa_class=0.0625
QCLKLINE c8L-Q050 rep=1 site=srv [QCLK] site=receiver on=1 alpha=5.000000e-2 k=4.3589 evals=170859 law_n=169944 kept=2655 w_us_mean=636477.6 w_us_p05=295393 w_us_p50=482412 w_us_p95=1451800 w_us_min=152503 w_us_max=1787840 srtt_us_mean=243949.3 sigma_us_mean=90052.3/n169944 fa_class=0.0625
QCLKLINE c8L-Q050 rep=1 site=srv [QCLK] site=receiver on=1 alpha=5.000000e-2 k=4.3589 evals=171101 law_n=170186 kept=2659 w_us_mean=637637.0 w_us_p05=295393 w_us_p50=482412 w_us_p95=1451800 w_us_min=152503 w_us_max=1787840 srtt_us_mean=244129.2 sigma_us_mean=90277.0/n170186 fa_class=0.0625
QCLKLINE c8L-Q050 rep=1 site=srv [QCLK] site=receiver on=1 alpha=5.000000e-2 k=4.3589 evals=171389 law_n=170474 kept=2663 w_us_mean=639012.4 w_us_p05=295393 w_us_p50=482412 w_us_p95=1451800 w_us_min=152503 w_us_max=1787840 srtt_us_mean=244342.5 sigma_us_mean=90543.6/n170474 fa_class=0.0625
QCLKLINE c8L-Q050 rep=1 site=srv [QCLK] site=receiver on=1 alpha=5.000000e-2 k=4.3589 evals=172104 law_n=171189 kept=2675 w_us_mean=642407.2 w_us_p05=295393 w_us_p50=482412 w_us_p95=1451800 w_us_min=152503 w_us_max=1787840 srtt_us_mean=244869.1 sigma_us_mean=91201.6/n171189 fa_class=0.0625
RACKLINE c8L-Q050 rep=1 site=cli [RACK] on=0 evals=0 ceil=0.0000 gran=0.0000 legacy_pin=0.0000 round=0.0 legacy=0.0 mult=1 fa=73/73 fa_frac=1.0000 fa_class=0.0625
RACKLINE c8L-Q050 rep=1 site=cli [RACK] on=0 evals=0 ceil=0.0000 gran=0.0000 legacy_pin=0.0000 round=0.0 legacy=0.0 mult=1 fa=1178/12675 fa_frac=0.0929 fa_class=0.0625
RFALINE c8L-Q050 rep=1 site=cli [RFA] gen=0 fires=5 false=5 false_frac=1.0000 fill_coded=0 fill_src=0 dup_src=5 preempt_src=0 src_n=6 rep_n=4 nu_recv=0.83333 fa_class=0.0625
RFALINE c8L-Q050 rep=1 site=cli [RFA] gen=0 fires=8 false=8 false_frac=1.0000 fill_coded=0 fill_src=0 dup_src=8 preempt_src=0 src_n=9 rep_n=7 nu_recv=0.88889 fa_class=0.0625
RFALINE c8L-Q050 rep=1 site=cli [RFA] gen=0 fires=10 false=10 false_frac=1.0000 fill_coded=0 fill_src=0 dup_src=10 preempt_src=0 src_n=11 rep_n=9 nu_recv=0.90909 fa_class=0.0625
RFALINE c8L-Q050 rep=1 site=cli [RFA] gen=0 fires=13 false=13 false_frac=1.0000 fill_coded=0 fill_src=0 dup_src=13 preempt_src=0 src_n=14 rep_n=12 nu_recv=0.92857 fa_class=0.0625
RFALINE c8L-Q050 rep=1 site=cli [RFA] gen=0 fires=16 false=16 false_frac=1.0000 fill_coded=0 fill_src=0 dup_src=16 preempt_src=0 src_n=17 rep_n=15 nu_recv=0.94118 fa_class=0.0625
RFALINE c8L-Q050 rep=1 site=cli [RFA] gen=0 fires=20 false=20 false_frac=1.0000 fill_coded=0 fill_src=0 dup_src=20 preempt_src=0 src_n=21 rep_n=19 nu_recv=0.95238 fa_class=0.0625
RFALINE c8L-Q050 rep=1 site=cli [RFA] gen=0 fires=24 false=24 false_frac=1.0000 fill_coded=0 fill_src=0 dup_src=24 preempt_src=0 src_n=25 rep_n=23 nu_recv=0.96000 fa_class=0.0625
RFALINE c8L-Q050 rep=1 site=cli [RFA] gen=0 fires=28 false=28 false_frac=1.0000 fill_coded=0 fill_src=0 dup_src=28 preempt_src=0 src_n=29 rep_n=27 nu_recv=0.96552 fa_class=0.0625
RFALINE c8L-Q050 rep=1 site=cli [RFA] gen=0 fires=32 false=32 false_frac=1.0000 fill_coded=0 fill_src=0 dup_src=32 preempt_src=0 src_n=33 rep_n=31 nu_recv=0.96970 fa_class=0.0625
RFALINE c8L-Q050 rep=1 site=cli [RFA] gen=0 fires=34 false=34 false_frac=1.0000 fill_coded=0 fill_src=0 dup_src=34 preempt_src=0 src_n=35 rep_n=33 nu_recv=0.97143 fa_class=0.0625
RFALINE c8L-Q050 rep=1 site=cli [RFA] gen=0 fires=36 false=36 false_frac=1.0000 fill_coded=0 fill_src=0 dup_src=36 preempt_src=0 src_n=37 rep_n=35 nu_recv=0.97297 fa_class=0.0625
RFALINE c8L-Q050 rep=1 site=cli [RFA] gen=0 fires=38 false=38 false_frac=1.0000 fill_coded=0 fill_src=0 dup_src=38 preempt_src=0 src_n=39 rep_n=37 nu_recv=0.97436 fa_class=0.0625
RFALINE c8L-Q050 rep=1 site=cli [RFA] gen=0 fires=40 false=40 false_frac=1.0000 fill_coded=0 fill_src=0 dup_src=40 preempt_src=0 src_n=41 rep_n=39 nu_recv=0.97561 fa_class=0.0625
RFALINE c8L-Q050 rep=1 site=cli [RFA] gen=0 fires=42 false=42 false_frac=1.0000 fill_coded=0 fill_src=0 dup_src=42 preempt_src=0 src_n=43 rep_n=41 nu_recv=0.97674 fa_class=0.0625
RFALINE c8L-Q050 rep=1 site=cli [RFA] gen=0 fires=44 false=44 false_frac=1.0000 fill_coded=0 fill_src=0 dup_src=44 preempt_src=0 src_n=45 rep_n=43 nu_recv=0.97778 fa_class=0.0625
RFALINE c8L-Q050 rep=1 site=cli [RFA] gen=0 fires=46 false=46 false_frac=1.0000 fill_coded=0 fill_src=0 dup_src=46 preempt_src=0 src_n=47 rep_n=45 nu_recv=0.97872 fa_class=0.0625
RFALINE c8L-Q050 rep=1 site=cli [RFA] gen=0 fires=47 false=47 false_frac=1.0000 fill_coded=0 fill_src=0 dup_src=47 preempt_src=0 src_n=48 rep_n=46 nu_recv=0.97917 fa_class=0.0625
RFALINE c8L-Q050 rep=1 site=cli [RFA] gen=0 fires=48 false=48 false_frac=1.0000 fill_coded=0 fill_src=0 dup_src=48 preempt_src=0 src_n=49 rep_n=47 nu_recv=0.97959 fa_class=0.0625
RFALINE c8L-Q050 rep=1 site=cli [RFA] gen=0 fires=49 false=49 false_frac=1.0000 fill_coded=0 fill_src=0 dup_src=49 preempt_src=0 src_n=50 rep_n=48 nu_recv=0.98000 fa_class=0.0625
RFALINE c8L-Q050 rep=1 site=cli [RFA] gen=0 fires=50 false=50 false_frac=1.0000 fill_coded=0 fill_src=0 dup_src=50 preempt_src=0 src_n=51 rep_n=49 nu_recv=0.98039 fa_class=0.0625
RFALINE c8L-Q050 rep=1 site=cli [RFA] gen=0 fires=51 false=51 false_frac=1.0000 fill_coded=0 fill_src=0 dup_src=51 preempt_src=0 src_n=52 rep_n=50 nu_recv=0.98077 fa_class=0.0625
RFALINE c8L-Q050 rep=1 site=cli [RFA] gen=0 fires=52 false=52 false_frac=1.0000 fill_coded=0 fill_src=0 dup_src=52 preempt_src=0 src_n=53 rep_n=51 nu_recv=0.98113 fa_class=0.0625
RFALINE c8L-Q050 rep=1 site=cli [RFA] gen=0 fires=53 false=53 false_frac=1.0000 fill_coded=0 fill_src=0 dup_src=53 preempt_src=0 src_n=54 rep_n=52 nu_recv=0.98148 fa_class=0.0625
RFALINE c8L-Q050 rep=1 site=cli [RFA] gen=0 fires=54 false=54 false_frac=1.0000 fill_coded=0 fill_src=0 dup_src=54 preempt_src=0 src_n=55 rep_n=53 nu_recv=0.98182 fa_class=0.0625
RFALINE c8L-Q050 rep=1 site=cli [RFA] gen=0 fires=55 false=55 false_frac=1.0000 fill_coded=0 fill_src=0 dup_src=55 preempt_src=0 src_n=56 rep_n=54 nu_recv=0.98214 fa_class=0.0625
RFALINE c8L-Q050 rep=1 site=cli [RFA] gen=0 fires=56 false=56 false_frac=1.0000 fill_coded=0 fill_src=0 dup_src=56 preempt_src=0 src_n=57 rep_n=55 nu_recv=0.98246 fa_class=0.0625
RFALINE c8L-Q050 rep=1 site=cli [RFA] gen=0 fires=57 false=57 false_frac=1.0000 fill_coded=0 fill_src=0 dup_src=57 preempt_src=0 src_n=58 rep_n=56 nu_recv=0.98276 fa_class=0.0625
RFALINE c8L-Q050 rep=1 site=cli [RFA] gen=0 fires=58 false=58 false_frac=1.0000 fill_coded=0 fill_src=0 dup_src=58 preempt_src=0 src_n=59 rep_n=57 nu_recv=0.98305 fa_class=0.0625
RFALINE c8L-Q050 rep=1 site=cli [RFA] gen=0 fires=59 false=59 false_frac=1.0000 fill_coded=0 fill_src=0 dup_src=59 preempt_src=0 src_n=60 rep_n=58 nu_recv=0.98333 fa_class=0.0625
RFALINE c8L-Q050 rep=1 site=cli [RFA] gen=0 fires=60 false=60 false_frac=1.0000 fill_coded=0 fill_src=0 dup_src=60 preempt_src=0 src_n=61 rep_n=59 nu_recv=0.98361 fa_class=0.0625
RFALINE c8L-Q050 rep=1 site=cli [RFA] gen=0 fires=61 false=61 false_frac=1.0000 fill_coded=0 fill_src=0 dup_src=61 preempt_src=0 src_n=62 rep_n=60 nu_recv=0.98387 fa_class=0.0625
RFALINE c8L-Q050 rep=1 site=cli [RFA] gen=0 fires=62 false=62 false_frac=1.0000 fill_coded=0 fill_src=0 dup_src=62 preempt_src=0 src_n=63 rep_n=61 nu_recv=0.98413 fa_class=0.0625
RFALINE c8L-Q050 rep=1 site=cli [RFA] gen=0 fires=63 false=63 false_frac=1.0000 fill_coded=0 fill_src=0 dup_src=63 preempt_src=0 src_n=64 rep_n=62 nu_recv=0.98438 fa_class=0.0625
RFALINE c8L-Q050 rep=1 site=cli [RFA] gen=0 fires=64 false=64 false_frac=1.0000 fill_coded=0 fill_src=0 dup_src=64 preempt_src=0 src_n=65 rep_n=63 nu_recv=0.98462 fa_class=0.0625
RFALINE c8L-Q050 rep=1 site=cli [RFA] gen=0 fires=65 false=65 false_frac=1.0000 fill_coded=0 fill_src=0 dup_src=65 preempt_src=0 src_n=66 rep_n=64 nu_recv=0.98485 fa_class=0.0625
RFALINE c8L-Q050 rep=1 site=cli [RFA] gen=0 fires=66 false=66 false_frac=1.0000 fill_coded=0 fill_src=0 dup_src=66 preempt_src=0 src_n=67 rep_n=65 nu_recv=0.98507 fa_class=0.0625
RFALINE c8L-Q050 rep=1 site=cli [RFA] gen=0 fires=67 false=67 false_frac=1.0000 fill_coded=0 fill_src=0 dup_src=67 preempt_src=0 src_n=68 rep_n=66 nu_recv=0.98529 fa_class=0.0625
RFALINE c8L-Q050 rep=1 site=cli [RFA] gen=0 fires=68 false=68 false_frac=1.0000 fill_coded=0 fill_src=0 dup_src=68 preempt_src=0 src_n=69 rep_n=67 nu_recv=0.98551 fa_class=0.0625
RFALINE c8L-Q050 rep=1 site=cli [RFA] gen=0 fires=69 false=69 false_frac=1.0000 fill_coded=0 fill_src=0 dup_src=69 preempt_src=0 src_n=70 rep_n=68 nu_recv=0.98571 fa_class=0.0625
RFALINE c8L-Q050 rep=1 site=cli [RFA] gen=0 fires=70 false=70 false_frac=1.0000 fill_coded=0 fill_src=0 dup_src=70 preempt_src=0 src_n=71 rep_n=69 nu_recv=0.98592 fa_class=0.0625
RFALINE c8L-Q050 rep=1 site=cli [RFA] gen=0 fires=71 false=71 false_frac=1.0000 fill_coded=0 fill_src=0 dup_src=71 preempt_src=0 src_n=72 rep_n=70 nu_recv=0.98611 fa_class=0.0625
RFALINE c8L-Q050 rep=1 site=cli [RFA] gen=0 fires=72 false=72 false_frac=1.0000 fill_coded=0 fill_src=0 dup_src=72 preempt_src=0 src_n=73 rep_n=71 nu_recv=0.98630 fa_class=0.0625
RFALINE c8L-Q050 rep=1 site=cli [RFA] gen=0 fires=73 false=73 false_frac=1.0000 fill_coded=0 fill_src=0 dup_src=73 preempt_src=0 src_n=74 rep_n=72 nu_recv=0.98649 fa_class=0.0625
RFALINE c8L-Q050 rep=1 site=cli [RFA] gen=0 fires=73 false=73 false_frac=1.0000 fill_coded=0 fill_src=0 dup_src=73 preempt_src=0 src_n=75 rep_n=73 nu_recv=0.97333 fa_class=0.0625{"bytes":200000000,"hint":"bulk","mbps":25.833,"proto":"rp-native","run":1,"seconds":61.936976}
RFALINE c8L-Q050 rep=1 site=cli [RFA] gen=0 fires=73 false=73 false_frac=1.0000 fill_coded=0 fill_src=0 dup_src=73 preempt_src=0 src_n=75 rep_n=73 nu_recv=0.97333 fa_class=0.0625
RFALINE c8L-Q050 rep=1 site=srv [RFA] gen=0 fires=3920 false=328 false_frac=0.0837 fill_coded=82 fill_src=3510 dup_src=265 preempt_src=63 src_n=9440 rep_n=173 nu_recv=0.41525 fa_class=0.0625
RFALINE c8L-Q050 rep=1 site=srv [RFA] gen=0 fires=6387 false=652 false_frac=0.1021 fill_coded=221 fill_src=5514 dup_src=494 preempt_src=158 src_n=19831 rep_n=404 nu_recv=0.32207 fa_class=0.0625
RFALINE c8L-Q050 rep=1 site=srv [RFA] gen=0 fires=6602 false=674 false_frac=0.1021 fill_coded=243 fill_src=5685 dup_src=494 preempt_src=180 src_n=29297 rep_n=562 nu_recv=0.22535 fa_class=0.0625
RFALINE c8L-Q050 rep=1 site=srv [RFA] gen=0 fires=6770 false=685 false_frac=0.1012 fill_coded=254 fill_src=5831 dup_src=494 preempt_src=191 src_n=38774 rep_n=698 nu_recv=0.17460 fa_class=0.0625
RFALINE c8L-Q050 rep=1 site=srv [RFA] gen=0 fires=7201 false=734 false_frac=0.1019 fill_coded=341 fill_src=6126 dup_src=494 preempt_src=240 src_n=48113 rep_n=978 nu_recv=0.14967 fa_class=0.0625
RFALINE c8L-Q050 rep=1 site=srv [RFA] gen=0 fires=7474 false=753 false_frac=0.1007 fill_coded=375 fill_src=6346 dup_src=494 preempt_src=259 src_n=57529 rep_n=1173 nu_recv=0.12992 fa_class=0.0625
RFALINE c8L-Q050 rep=1 site=srv [RFA] gen=0 fires=7693 false=773 false_frac=0.1005 fill_coded=405 fill_src=6515 dup_src=494 preempt_src=279 src_n=66991 rep_n=1329 nu_recv=0.11484 fa_class=0.0625
RFALINE c8L-Q050 rep=1 site=srv [RFA] gen=0 fires=7872 false=783 false_frac=0.0995 fill_coded=421 fill_src=6668 dup_src=494 preempt_src=289 src_n=76467 rep_n=1464 nu_recv=0.10295 fa_class=0.0625
RFALINE c8L-Q050 rep=1 site=srv [RFA] gen=0 fires=8208 false=822 false_frac=0.1001 fill_coded=491 fill_src=6895 dup_src=494 preempt_src=328 src_n=85977 rep_n=1692 nu_recv=0.09547 fa_class=0.0625
RFALINE c8L-Q050 rep=1 site=srv [RFA] gen=0 fires=8577 false=865 false_frac=0.1009 fill_coded=565 fill_src=7147 dup_src=494 preempt_src=371 src_n=95286 rep_n=1930 nu_recv=0.09001 fa_class=0.0625
RFALINE c8L-Q050 rep=1 site=srv [RFA] gen=0 fires=9017 false=865 false_frac=0.0959 fill_coded=577 fill_src=7575 dup_src=494 preempt_src=371 src_n=104514 rep_n=2313 nu_recv=0.08628 fa_class=0.0625
RFALINE c8L-Q050 rep=1 site=srv [RFA] gen=0 fires=9431 false=865 false_frac=0.0917 fill_coded=617 fill_src=7949 dup_src=494 preempt_src=371 src_n=113271 rep_n=2645 nu_recv=0.08326 fa_class=0.0625
RFALINE c8L-Q050 rep=1 site=srv [RFA] gen=0 fires=9986 false=903 false_frac=0.0904 fill_coded=693 fill_src=8390 dup_src=495 preempt_src=408 src_n=120403 rep_n=3072 nu_recv=0.08294 fa_class=0.0625
RFALINE c8L-Q050 rep=1 site=srv [RFA] gen=0 fires=10331 false=1008 false_frac=0.0976 fill_coded=789 fill_src=8534 dup_src=554 preempt_src=454 src_n=125975 rep_n=3298 nu_recv=0.08201 fa_class=0.0625
RFALINE c8L-Q050 rep=1 site=srv [RFA] gen=0 fires=10690 false=1114 false_frac=0.1042 fill_coded=848 fill_src=8728 dup_src=604 preempt_src=510 src_n=128945 rep_n=3566 nu_recv=0.08290 fa_class=0.0625
RFALINE c8L-Q050 rep=1 site=srv [RFA] gen=0 fires=10906 false=1187 false_frac=0.1088 fill_coded=883 fill_src=8836 dup_src=664 preempt_src=523 src_n=132624 rep_n=3729 nu_recv=0.08223 fa_class=0.0625
RFALINE c8L-Q050 rep=1 site=srv [RFA] gen=0 fires=11423 false=1300 false_frac=0.1138 fill_coded=1023 fill_src=9100 dup_src=684 preempt_src=616 src_n=135910 rep_n=4071 nu_recv=0.08405 fa_class=0.0625
RFALINE c8L-Q050 rep=1 site=srv [RFA] gen=0 fires=11660 false=1366 false_frac=0.1172 fill_coded=1050 fill_src=9244 dup_src=724 preempt_src=642 src_n=138069 rep_n=4259 nu_recv=0.08445 fa_class=0.0625
RFALINE c8L-Q050 rep=1 site=srv [RFA] gen=0 fires=12130 false=1487 false_frac=0.1226 fill_coded=1182 fill_src=9461 dup_src=744 preempt_src=743 src_n=140037 rep_n=4512 nu_recv=0.08662 fa_class=0.0625
RFALINE c8L-Q050 rep=1 site=srv [RFA] gen=0 fires=13231 false=1570 false_frac=0.1187 fill_coded=1243 fill_src=10418 dup_src=775 preempt_src=795 src_n=144117 rep_n=4577 nu_recv=0.09181 fa_class=0.0625
RFALINE c8L-Q050 rep=1 site=srv [RFA] gen=0 fires=13375 false=1621 false_frac=0.1212 fill_coded=1247 fill_src=10507 dup_src=823 preempt_src=798 src_n=147326 rep_n=4629 nu_recv=0.09079 fa_class=0.0625
RFALINE c8L-Q050 rep=1 site=srv [RFA] gen=0 fires=13526 false=1685 false_frac=0.1246 fill_coded=1248 fill_src=10593 dup_src=887 preempt_src=798 src_n=149809 rep_n=4704 nu_recv=0.09029 fa_class=0.0625
RFALINE c8L-Q050 rep=1 site=srv [RFA] gen=0 fires=13783 false=1742 false_frac=0.1264 fill_coded=1300 fill_src=10741 dup_src=935 preempt_src=807 src_n=151830 rep_n=4814 nu_recv=0.09078 fa_class=0.0625
RFALINE c8L-Q050 rep=1 site=srv [RFA] gen=0 fires=14054 false=1818 false_frac=0.1294 fill_coded=1344 fill_src=10892 dup_src=970 preempt_src=848 src_n=154456 rep_n=4891 nu_recv=0.09099 fa_class=0.0625
RFALINE c8L-Q050 rep=1 site=srv [RFA] gen=0 fires=14218 false=1850 false_frac=0.1301 fill_coded=1383 fill_src=10985 dup_src=980 preempt_src=870 src_n=156755 rep_n=4941 nu_recv=0.09070 fa_class=0.0625
RFALINE c8L-Q050 rep=1 site=srv [RFA] gen=0 fires=15010 false=1880 false_frac=0.1252 fill_coded=1403 fill_src=11727 dup_src=990 preempt_src=890 src_n=159048 rep_n=5002 nu_recv=0.09437 fa_class=0.0625
RFALINE c8L-Q050 rep=1 site=srv [RFA] gen=0 fires=15113 false=1880 false_frac=0.1244 fill_coded=1407 fill_src=11826 dup_src=990 preempt_src=890 src_n=161143 rep_n=5042 nu_recv=0.09379 fa_class=0.0625
RFALINE c8L-Q050 rep=1 site=srv [RFA] gen=0 fires=15213 false=1880 false_frac=0.1236 fill_coded=1417 fill_src=11916 dup_src=990 preempt_src=890 src_n=163109 rep_n=5076 nu_recv=0.09327 fa_class=0.0625
RFALINE c8L-Q050 rep=1 site=srv [RFA] gen=0 fires=15293 false=1890 false_frac=0.1236 fill_coded=1417 fill_src=11986 dup_src=1000 preempt_src=890 src_n=164682 rep_n=5108 nu_recv=0.09286 fa_class=0.0625
RFALINE c8L-Q050 rep=1 site=srv [RFA] gen=0 fires=15554 false=1890 false_frac=0.1215 fill_coded=1435 fill_src=12229 dup_src=1000 preempt_src=890 src_n=165229 rep_n=5201 nu_recv=0.09414 fa_class=0.0625
RFALINE c8L-Q050 rep=1 site=srv [RFA] gen=0 fires=15694 false=1890 false_frac=0.1204 fill_coded=1435 fill_src=12369 dup_src=1000 preempt_src=890 src_n=165369 rep_n=5257 nu_recv=0.09490 fa_class=0.0625
RFALINE c8L-Q050 rep=1 site=srv [RFA] gen=0 fires=15855 false=1891 false_frac=0.1193 fill_coded=1436 fill_src=12528 dup_src=1000 preempt_src=891 src_n=165529 rep_n=5321 nu_recv=0.09578 fa_class=0.0625
RFALINE c8L-Q050 rep=1 site=srv [RFA] gen=0 fires=16005 false=1891 false_frac=0.1182 fill_coded=1436 fill_src=12678 dup_src=1000 preempt_src=891 src_n=165679 rep_n=5381 nu_recv=0.09660 fa_class=0.0625
RFALINE c8L-Q050 rep=1 site=srv [RFA] gen=0 fires=16155 false=1891 false_frac=0.1171 fill_coded=1436 fill_src=12828 dup_src=1000 preempt_src=891 src_n=165829 rep_n=5445 nu_recv=0.09742 fa_class=0.0625
RFALINE c8L-Q050 rep=1 site=srv [RFA] gen=0 fires=16196 false=1891 false_frac=0.1168 fill_coded=1436 fill_src=12869 dup_src=1000 preempt_src=891 src_n=165870 rep_n=5462 nu_recv=0.09764 fa_class=0.0625
RFALINE c8L-Q050 rep=1 site=srv [RFA] gen=0 fires=16343 false=1898 false_frac=0.1161 fill_coded=1443 fill_src=13002 dup_src=1000 preempt_src=898 src_n=166010 rep_n=5518 nu_recv=0.09845 fa_class=0.0625
RFALINE c8L-Q050 rep=1 site=srv [RFA] gen=0 fires=16456 false=1901 false_frac=0.1155 fill_coded=1446 fill_src=13109 dup_src=1000 preempt_src=901 src_n=166120 rep_n=5562 nu_recv=0.09906 fa_class=0.0625
RFALINE c8L-Q050 rep=1 site=srv [RFA] gen=0 fires=16571 false=1901 false_frac=0.1147 fill_coded=1446 fill_src=13224 dup_src=1000 preempt_src=901 src_n=166235 rep_n=5603 nu_recv=0.09968 fa_class=0.0625
RFALINE c8L-Q050 rep=1 site=srv [RFA] gen=0 fires=16714 false=1903 false_frac=0.1139 fill_coded=1448 fill_src=13363 dup_src=1000 preempt_src=903 src_n=166376 rep_n=5660 nu_recv=0.10046 fa_class=0.0625
RFALINE c8L-Q050 rep=1 site=srv [RFA] gen=0 fires=16864 false=1903 false_frac=0.1128 fill_coded=1448 fill_src=13513 dup_src=1000 preempt_src=903 src_n=166526 rep_n=5720 nu_recv=0.10127 fa_class=0.0625
RFALINE c8L-Q050 rep=1 site=srv [RFA] gen=0 fires=17018 false=1905 false_frac=0.1119 fill_coded=1450 fill_src=13663 dup_src=1000 preempt_src=905 src_n=166678 rep_n=5780 nu_recv=0.10210 fa_class=0.0625
RFALINE c8L-Q050 rep=1 site=srv [RFA] gen=0 fires=17175 false=1905 false_frac=0.1109 fill_coded=1450 fill_src=13820 dup_src=1000 preempt_src=905 src_n=166835 rep_n=5843 nu_recv=0.10295 fa_class=0.0625
RFALINE c8L-Q050 rep=1 site=srv [RFA] gen=0 fires=17326 false=1905 false_frac=0.1100 fill_coded=1450 fill_src=13971 dup_src=1000 preempt_src=905 src_n=166986 rep_n=5904 nu_recv=0.10376 fa_class=0.0625
RFALINE c8L-Q050 rep=1 site=srv [RFA] gen=0 fires=17406 false=1905 false_frac=0.1094 fill_coded=1450 fill_src=14051 dup_src=1000 preempt_src=905 src_n=167066 rep_n=5936 nu_recv=0.10419 fa_class=0.0625
RFALINE c8L-Q050 rep=1 site=srv [RFA] gen=0 fires=17567 false=1905 false_frac=0.1084 fill_coded=1450 fill_src=14212 dup_src=1000 preempt_src=905 src_n=167227 rep_n=6001 nu_recv=0.10505 fa_class=0.0625
RFALINE c8L-Q050 rep=1 site=srv [RFA] gen=0 fires=17735 false=1923 false_frac=0.1084 fill_coded=1468 fill_src=14344 dup_src=1000 preempt_src=923 src_n=167377 rep_n=6057 nu_recv=0.10596 fa_class=0.0625
RFALINE c8L-Q050 rep=1 site=srv [RFA] gen=0 fires=17896 false=1923 false_frac=0.1075 fill_coded=1468 fill_src=14505 dup_src=1000 preempt_src=923 src_n=167538 rep_n=6122 nu_recv=0.10682 fa_class=0.0625
RFALINE c8L-Q050 rep=1 site=srv [RFA] gen=0 fires=18098 false=1937 false_frac=0.1070 fill_coded=1482 fill_src=14679 dup_src=1000 preempt_src=937 src_n=167726 rep_n=6194 nu_recv=0.10790 fa_class=0.0625
RFALINE c8L-Q050 rep=1 site=srv [RFA] gen=0 fires=18150 false=1937 false_frac=0.1067 fill_coded=1482 fill_src=14731 dup_src=1000 preempt_src=937 src_n=167778 rep_n=6222 nu_recv=0.10818 fa_class=0.0625
RFALINE c8L-Q050 rep=1 site=srv [RFA] gen=0 fires=18331 false=1938 false_frac=0.1057 fill_coded=1483 fill_src=14910 dup_src=1000 preempt_src=938 src_n=167958 rep_n=6294 nu_recv=0.10914 fa_class=0.0625
RFALINE c8L-Q050 rep=1 site=srv [RFA] gen=0 fires=18491 false=1938 false_frac=0.1048 fill_coded=1483 fill_src=15070 dup_src=1000 preempt_src=938 src_n=168118 rep_n=6358 nu_recv=0.10999 fa_class=0.0625
RFALINE c8L-Q050 rep=1 site=srv [RFA] gen=0 fires=18666 false=1938 false_frac=0.1038 fill_coded=1483 fill_src=15245 dup_src=1000 preempt_src=938 src_n=168293 rep_n=6426 nu_recv=0.11091 fa_class=0.0625
RFALINE c8L-Q050 rep=1 site=srv [RFA] gen=0 fires=18831 false=1938 false_frac=0.1029 fill_coded=1483 fill_src=15410 dup_src=1000 preempt_src=938 src_n=168458 rep_n=6494 nu_recv=0.11178 fa_class=0.0625
RFALINE c8L-Q050 rep=1 site=srv [RFA] gen=0 fires=18991 false=1938 false_frac=0.1020 fill_coded=1483 fill_src=15570 dup_src=1000 preempt_src=938 src_n=168618 rep_n=6560 nu_recv=0.11263 fa_class=0.0625
RFALINE c8L-Q050 rep=1 site=srv [RFA] gen=0 fires=19151 false=1938 false_frac=0.1012 fill_coded=1483 fill_src=15730 dup_src=1000 preempt_src=938 src_n=168778 rep_n=6640 nu_recv=0.11347 fa_class=0.0625
RFALINE c8L-Q050 rep=1 site=srv [RFA] gen=0 fires=19369 false=1966 false_frac=0.1015 fill_coded=1512 fill_src=15891 dup_src=1000 preempt_src=966 src_n=168967 rep_n=6735 nu_recv=0.11463 fa_class=0.0625
RFALINE c8L-Q050 rep=1 site=srv [RFA] gen=0 fires=19895 false=2012 false_frac=0.1011 fill_coded=1558 fill_src=16325 dup_src=1000 preempt_src=1012 src_n=169447 rep_n=6970 nu_recv=0.11741 fa_class=0.0625
DCAPLINE c8L-Q050 rep=1 site=cli [DCAP] on=1 eng=2927/2927 chg=2407/2927 chg_frac=0.8223 pin=0.1777 floor=0.0000 cap=1890.0 ask=2598.2 q=0.100000 b=2.0000
WALLLINE c8L-Q050 rep=1 site=cli [WALL] onset=1.0000 dur_ms=0.1 retx=0 total_ms=61969.4 it_ms=0.351
ALPHAWITNESS {"cell":"c8L","arm":"Q050","alpha":"0.05","seed":42,"rep":1,"rc":0,"mbps":25.833,"band":[45,95],"band_applies":0,"in_band":0,"lossy":1,"qclk_law_n":176125,"rfa_lines":57,"W1_rfa_gen":"0","W2_pfrac_lines":0,"W4_retx_max":12649,"W5_rack_fa":"1178/12675"}
=== rep=1 arm=c8L-Q184 alpha=0.184 seed=42 env="RWM_QUANTILE_CLOCKS=1 RWM_ALPHA_OVERRIDE=0.184 RWM_DELTA_CAP=1 RWM_SUM_CAP=1 RWM_RACK_CLOCKS=0 RWM_DERIVED_SWEEP=0 RWM_COMPOSED_CAP=0 RWM_THREE_TERM=0 RWM_STORE_CAP_UNIFIED=0 RWM_LATE_BRAKE=0 RWM_CHARGE_RECOVERY=0 RWM_RELEASE_1TO1=0 RWM_LOSS_SENT_TRUTH=0" cell=c2/c3/dual bytes=200000000 17:27:05
[2m2026-08-20T17:27:07.256450Z[0m [32m INFO[0m [2mraptorpath::gates[0m[2m:[0m [GATES] RWM_UNIFIED=1 RWM_UNIFIED_SHED=1 RWM_TAPER_R=1 RWM_ASTAR_ANCHOR=1 RWM_MSTAR_ANCHOR=1 RWM_PLAIN_RS=0 RWM_HONEST_ANCHOR=1 RWM_HONEST_K=0 RWM_STORE_SACK_RELEASE=1 RWM_STORE_PATHS=1 RWM_STORE_PATH_POOL=2048 RWM_STORE=unset RWM_STORE_GAIN=2 RWM_STORE_BOOT=128 RWM_STORE_CAPW=0 RWM_STORE_CAP_UNIFIED=0 RWM_THREE_TERM=0 RWM_COMPOSED_CAP=0 RWM_SUM_CAP=1 RWM_LATE_BRAKE=0 RWM_DELTA_CAP=1 RWM_STORE_PERCAP=0 RWM_PERCAP_GUARD=1 RWM_STORE_BORROW=0 RWM_HONEST_CAP=1 RWM_POOL_ANCHOR=0 RWM_POOL_DELIV=0 RWM_FLOOR_BOUND=0 RWM_ACK_MERGE=1 RWM_LOSS_SENT_TRUTH=0 RWM_RELEASE_1TO1=0 RWM_CHARGE_RECOVERY=0 RWM_PATIENCE_DERIVED=0 RWM_SIDLE_DERIVED=0 RWM_WIN_DECOUPLE=0 RWM_PLACE_SLACK=0 RWM_COLD_PLACE=0 RWM_GEN=384 RWM_PIPELINE=2 RWM_GEN_PIPE=1 RWM_GEN_R=unset RWM_GEN_RATE=9000 RWM_GEN_RATE_FLOOR=2000 RWM_GEN_INFLIGHT=unset RWM_OOO_RETAIN=0/16 RWM_WINDOW=unset RWM_REPORT_GENS=unset RWM_REPAIR_WAIT=unset RWM_CODED_SRC=0 RWM_NO_REACTIVE=0 RWM_XPATH_REPAIR=0 RWM_PROACTIVE_PACER=0 RWM_REASM_BDP=0 RWM_MIN_R=0 RWM_CC_PACE=0 RWM_CC_PACE_HR=1.1 RWM_REACT_CAP=unset RWM_INFL_CAP=0 RWM_INFL_BDP=unset RWM_COPA_FEED=0 RWM_RS_ATTR=1 RWM_EMIT_BATCH=0 RWM_EMIT_BURST=64 RWM_RECOV_MP=1 RWM_RECOV_MP_LAW=1 RWM_RECOV_MP_LIVE=0 RWM_RECOV_SP=0 RWM_DERIVED_SWEEP=0 RWM_RACK_CLOCKS=0 RWM_RACK_REO_MULT=1 RWM_QUANTILE_CLOCKS=1 RWM_ALPHA_OVERRIDE=0.184 RWM_DIAG=1 RWM_ACKDIAG=1 RWM_ACKDIAG_WINDOW_US=2000000 RWM_WALLDIAG=1 RWM_CPUPROF=0 RWM_RDIAG=0 RWM_FDIAG=1 RWM_TRACE=0 RWM_PFRAC=0
{"bytes":200000000,"dnf":0,"hint":"bulk","max_s":19.3096,"mean_mbps":82.86,"mean_s":19.3096,"median_s":19.3096,"min_s":19.3096,"proto":"rp-native","runs":1,"stdev_s":0.0,"summary":true}
    LATPROBE-LEG leg=0 file=/tmp/rwm-ping-0.txt sent=381 recv=369 censor=3.15% p50=141.0[censor=3.15% ok] p95=168.0[censor=3.15% ok] p99=172.0[censor=3.15% UNSCOREABLE(inside censored tail)]
    LATPROBE-LEG leg=1 file=/tmp/rwm-ping-1.txt sent=388 recv=378 censor=2.58% p50=42.2[censor=2.58% ok] p95=370.0[censor=2.58% ok] p99=518.0[censor=2.58% UNSCOREABLE(inside censored tail)]
    LATPROBE: 2 leg(s) /tmp/rwm-ping-0.txt=369 /tmp/rwm-ping-1.txt=378 replies
    CPU: CPUSRV=16.52s CPUCLI=17.25s (srv=decoder cli=sender; whole-invocation incl warmup)
    QDISC cli0: qdisc netem a2e9: root refcnt 7 limit 1000 delay 5ms  3ms loss gemodel p 1.3% r 50% 1-h 100% 1-k 0% rate 100Mbit seed 42  Sent 216023902 bytes 171831 pkt (dropped 850, overlimits 0 requeues 0)   backlog 0b 0p requeues 0 
    QDISC cli1: qdisc netem a2ea: root refcnt 7 limit 1000 delay 20ms  5ms loss gemodel p 2% r 40% 1-h 100% 1-k 0% rate 20Mbit seed 1042  Sent 10505950 bytes 9689 pkt (dropped 162, overlimits 0 requeues 0)   backlog 0b 0p requeues 0 
    QDISC srv0: qdisc netem a2eb: root refcnt 7 limit 1000 delay 5ms  3ms rate 100Mbit seed 6787460682208967761  Sent 22031208 bytes 117281 pkt (dropped 0, overlimits 0 requeues 0)   backlog 0b 0p requeues 0 
    QDISC srv1: qdisc netem a2ec: root refcnt 7 limit 1000 delay 20ms  5ms rate 20Mbit seed 750302921935567990  Sent 1428123 bytes 7816 pkt (dropped 0, overlimits 0 requeues 0)   backlog 0b 0p requeues 0 
    QCAP: /tmp/rwm-q.txt 18 lines
RUNTIME c8L-Q184 rep=1 22s rc=0
ALPHARESULT {"cell": "c8L", "arm": "Q184", "alpha_cmd": 0.184, "seed": 42, "rep": 1, "n_paths": 2, "dnf": false, "dnf_count": 0, "mbps": 82.86, "mean_mbps": 82.86, "seconds": 19.3096, "n_runs": 1, "cpusrv": 16.52, "cpucli": 17.25, "khr_med": 1.0, "kraw_med": null, "khr_n": 136, "kraw_n": 0, "rtp_med": 39, "occ_p50": 1623, "occcap_p50": 1641, "q_p50": 135, "q_p99": 760, "diag_lines": 72, "retx": 7906, "w1_rfa_gen": "0", "w2_pfrac_lines": 0, "w4_retx_max": 7906, "w5_rack_fa": "1274/8015", "gates_cli_quantile_clocks": 1, "gates_srv_quantile_clocks": 1, "gates_cli_rack_clocks": 0, "gates_srv_rack_clocks": 0, "gates_cli_derived_sweep": 0, "gates_srv_derived_sweep": 0, "gates_cli_delta_cap": 1, "gates_srv_delta_cap": 1, "gates_cli_sum_cap": 1, "gates_srv_sum_cap": 1, "gates_cli_composed_cap": 0, "gates_srv_composed_cap": 0, "gates_cli_three_term": 0, "gates_srv_three_term": 0, "gates_cli_loss_sent_truth": 0, "gates_srv_loss_sent_truth": 0, "gates_cli_gen": null, "gates_srv_gen": null, "gates_cli_diag": 1, "gates_srv_diag": 1, "gates_cli_ackdiag": 1, "gates_srv_ackdiag": 1, "gates_cli_walldiag": 1, "gates_srv_walldiag": 1, "gates_cli_fdiag": 1, "gates_srv_fdiag": 1, "gates_cli_recov_mp": 1, "gates_srv_recov_mp": 1, "gates_cli_cc_pace": 0, "gates_srv_cc_pace": 0, "gates_cli_rack_reo_mult": 1, "gates_srv_rack_reo_mult": 1, "gates_lines_cli": 1, "gates_lines_srv": 1, "gate_quantile_cli": "1", "gate_quantile_srv": "1", "gate_alpha_cli": "0.184", "gate_alpha_srv": "0.184", "gate_gen_cli": 384, "gate_gen_srv": 384, "qalpha_lines_cli": 2, "qalpha_site_cli": "sender", "qalpha_quantile_cli": 1, "qalpha_contract_cli": 0.001, "qalpha_override_cli": 0.184, "qalpha_cli": 0.184, "qalpha_k_cli": 2.1059, "qalpha_lines_srv": 2, "qalpha_site_srv": "sender", "qalpha_quantile_srv": 1, "qalpha_contract_srv": 0.001, "qalpha_override_srv": 0.184, "qalpha_srv": 0.184, "qalpha_k_srv": 2.1059, "qclk_cli_lines": 1, "qclk_cli_site": "sender", "qclk_cli_alpha": 0.184, "qclk_cli_k": 2.1059, "qclk_cli_w_us_mean": 406956.9, "qclk_cli_srtt_us_mean": 274645.1, "qclk_cli_on": 1, "qclk_cli_evals": 175770, "qclk_cli_kept": 2744, "qclk_cli_w_us_p05": 254241, "qclk_cli_w_us_p50": 303368, "qclk_cli_w_us_p95": 784990, "qclk_cli_w_us_min": 15794, "qclk_cli_w_us_max": 961258, "qclk_cli_law_n": 175583, "qclk_cli_sigma_us_mean": 62829.5, "qclk_cli_sigma_n": 175583, "qclk_srv_lines": 18, "qclk_srv_site": "receiver", "qclk_srv_alpha": 0.184, "qclk_srv_k": 2.1059, "qclk_srv_w_us_mean": 561125.8, "qclk_srv_srtt_us_mean": 205270.6, "qclk_srv_on": 1, "qclk_srv_evals": 169132, "qclk_srv_kept": 2631, "qclk_srv_w_us_p05": 190886, "qclk_srv_w_us_p50": 245784, "qclk_srv_w_us_p95": 1159285, "qclk_srv_w_us_min": 127212, "qclk_srv_w_us_max": 1191142, "qclk_srv_law_n": 168377, "qclk_srv_sigma_us_mean": 168981.0, "qclk_srv_sigma_n": 168377, "rack_lines_cli": 2, "rack_on_cli": 0, "rack_evals_cli": 0, "rack_ceil_cli": 0.0, "rack_gran_cli": 0.0, "rack_legacy_pin_cli": 0.0, "rack_round_cli": 0.0, "rack_legacy_cli": 0.0, "rack_mult_cli": 1, "rack_fa_n_cli": 1274, "rack_fa_d_cli": 8015, "rack_fa_frac_cli": 0.159, "rack_fa_class_cli": 0.0625, "rack_lines_srv": 0, "rack_on_srv": null, "rack_evals_srv": null, "rack_ceil_srv": null, "rack_gran_srv": null, "rack_legacy_pin_srv": null, "rack_round_srv": null, "rack_legacy_srv": null, "rack_mult_srv": null, "rack_fa_n_srv": null, "rack_fa_d_srv": null, "rack_fa_frac_srv": null, "rack_fa_class_srv": null, "rack_fired": 8015, "rack_spurious": 1274, "rack_fa_frac": 0.159, "rack_fa_class": 0.0625, "rack_round_us": 0.0, "rack_legacy_us": 0.0, "rack_evals": 0, "rack_legacy_pin": 0.0, "rfa_lines": 18, "rfa_gen": 0, "rfa_fires": 30806, "rfa_false": 1617, "rfa_fill_coded": 1312, "rfa_fill_src": 27877, "rfa_dup_src": 710, "rfa_preempt_src": 907, "rfa_src_n": 169344, "rfa_rep_n": 4684, "rfa_false_frac": 0.0525, "rfa_nu_recv": 0.18191, "rfa_fa_class": 0.0625, "rfa_bracket_lo": 0.0525, "rfa_bracket_hi": 0.552066, "sf_ticks": 2724, "sf_E": 0.978, "sf_short": 0.0426, "sf_zero": 0.0015, "capboot_n": 69, "capboot_frac": 0.0, "ping_n": 369, "ping_p50": 141.0, "ping_p95": 168.0, "ping_p99": 172.0, "ping_tx": 381, "ping_rx": 369, "ping_loss": 3.15, "ping_censor_frac": 0.0315, "legs_probed": 1, "leg0_n": 369, "leg0_sent": 381, "leg0_recv": 369, "leg0_sent_source": "summary", "leg0_censor_frac": 0.0315, "leg0_censor_pct": 3.15, "leg0_recv_mismatch": false, "leg0_leg_unscoreable": false, "leg0_min": 5.91, "leg0_max": 176.0, "leg0_p50": 141.0, "leg0_p50_censored": false, "leg0_p50_scoreable": true, "leg0_p95": 168.0, "leg0_p95_censored": false, "leg0_p95_scoreable": true, "leg0_p99": 172.0, "leg0_p99_censored": true, "leg0_p99_scoreable": false, "legs_censor_max": 0.0315, "wait_tun": 37, "wait_paused": 28, "wait_pace": 0, "wait_gen": 0, "wait_nack": 29, "wait_defc": 0, "wait_tail": 0, "wait_flush": 0, "wait_lines": 69, "deadwall": false, "sig_us_p50": 1051.0, "sig_us_n": 166119, "sig_us_path": 0, "sig_paths": 2, "pl_n": 136, "pl_max": 0.6598, "pl_min": 0.0, "pl_p0": 0.0, "pl_p1": 0.6598, "dgq_hand": 182324, "dgq_full": 3320, "dgq_err": 0, "dgq_gap": 3323, "tc_bytes": 226529852, "tc_pkts": 181520, "tc_drop": 1012, "tc_s": 22}
LIVENESS c8L-Q184 rep=1 RWM_QUANTILE_CLOCKS=RWM_QUANTILE_CLOCKS=1/RWM_QUANTILE_CLOCKS=1(exp1) RWM_ALPHA_OVERRIDE=RWM_ALPHA_OVERRIDE=0.184/RWM_ALPHA_OVERRIDE=0.184(exp0.184) RWM_DELTA_CAP=RWM_DELTA_CAP=1/RWM_DELTA_CAP=1(exp1) RWM_SUM_CAP=RWM_SUM_CAP=1/RWM_SUM_CAP=1(exp1) RWM_RACK_CLOCKS=RWM_RACK_CLOCKS=0/RWM_RACK_CLOCKS=0(exp0) RWM_DERIVED_SWEEP=RWM_DERIVED_SWEEP=0/RWM_DERIVED_SWEEP=0(exp0) RWM_COMPOSED_CAP=RWM_COMPOSED_CAP=0/RWM_COMPOSED_CAP=0(exp0) RWM_THREE_TERM=RWM_THREE_TERM=0/RWM_THREE_TERM=0(exp0) RWM_STORE_CAP_UNIFIED=RWM_STORE_CAP_UNIFIED=0/RWM_STORE_CAP_UNIFIED=0(exp0) RWM_LATE_BRAKE=RWM_LATE_BRAKE=0/RWM_LATE_BRAKE=0(exp0) RWM_CHARGE_RECOVERY=RWM_CHARGE_RECOVERY=0/RWM_CHARGE_RECOVERY=0(exp0) RWM_RELEASE_1TO1=RWM_RELEASE_1TO1=0/RWM_RELEASE_1TO1=0(exp0) RWM_LOSS_SENT_TRUTH=RWM_LOSS_SENT_TRUTH=0/RWM_LOSS_SENT_TRUTH=0(exp0) RWM_DIAG=RWM_DIAG=1/RWM_DIAG=1(exp1) RWM_ACKDIAG=RWM_ACKDIAG=1/RWM_ACKDIAG=1(exp1) RWM_WALLDIAG=RWM_WALLDIAG=1/RWM_WALLDIAG=1(exp1) RWM_FDIAG=RWM_FDIAG=1/RWM_FDIAG=1(exp1)
QALPHALINE c8L-Q184 rep=1 site=cli [QALPHA] site=sender quantile=1 contract_alpha=1.000000e-3 override=1.840000e-1 alpha=1.840000e-1 k=2.1059 fa_class=0.0625
QALPHALINE c8L-Q184 rep=1 site=srv [QALPHA] site=receiver quantile=1 contract_alpha=1.000000e-5 override=1.840000e-1 alpha=1.840000e-1 k=2.1059 fa_class=0.0625
QCLKLINE c8L-Q184 rep=1 site=cli [QCLK] site=sender on=1 alpha=1.840000e-1 k=2.1059 evals=175770 law_n=175583 kept=2744 w_us_mean=406956.9 w_us_p05=254241 w_us_p50=303368 w_us_p95=784990 w_us_min=15794 w_us_max=961258 srtt_us_mean=274645.1 sigma_us_mean=62829.5/n175583 fa_class=0.0625
QCLKLINE c8L-Q184 rep=1 site=srv [QCLK] site=receiver on=1 alpha=1.840000e-1 k=2.1059 evals=8421 law_n=7666 kept=3833 w_us_mean=168927.0 w_us_p05=153820 w_us_p50=168958 w_us_p95=190426 w_us_min=127212 w_us_max=190886 srtt_us_mean=113092.2 sigma_us_mean=26513.9/n7666 fa_class=0.0625
QCLKLINE c8L-Q184 rep=1 site=srv [QCLK] site=receiver on=1 alpha=1.840000e-1 k=2.1059 evals=17505 law_n=16750 kept=2094 w_us_mean=186664.0 w_us_p05=160875 w_us_p50=190886 w_us_p95=209608 w_us_min=127212 w_us_max=211522 srtt_us_mean=117139.1 sigma_us_mean=33014.8/n16750 fa_class=0.0625
QCLKLINE c8L-Q184 rep=1 site=srv [QCLK] site=receiver on=1 alpha=1.840000e-1 k=2.1059 evals=27047 law_n=26292 kept=3286 w_us_mean=197649.6 w_us_p05=160875 w_us_p50=206599 w_us_p95=220462 w_us_min=127212 w_us_max=220462 srtt_us_mean=123931.8 sigma_us_mean=35005.9/n26292 fa_class=0.0625
QCLKLINE c8L-Q184 rep=1 site=srv [QCLK] site=receiver on=1 alpha=1.840000e-1 k=2.1059 evals=36266 law_n=35511 kept=2219 w_us_mean=204156.6 w_us_p05=160875 w_us_p50=211522 w_us_p95=223749 w_us_min=127212 w_us_max=223912 srtt_us_mean=128528.1 sigma_us_mean=35913.3/n35511 fa_class=0.0625
QCLKLINE c8L-Q184 rep=1 site=srv [QCLK] site=receiver on=1 alpha=1.840000e-1 k=2.1059 evals=45891 law_n=45136 kept=2821 w_us_mean=208734.2 w_us_p05=160875 w_us_p50=217690 w_us_p95=226655 w_us_min=127212 w_us_max=227007 srtt_us_mean=131943.6 sigma_us_mean=36465.1/n45136 fa_class=0.0625
QCLKLINE c8L-Q184 rep=1 site=srv [QCLK] site=receiver on=1 alpha=1.840000e-1 k=2.1059 evals=55081 law_n=54326 kept=3395 w_us_mean=211652.3 w_us_p05=160875 w_us_p50=221182 w_us_p95=226951 w_us_min=127212 w_us_max=227007 srtt_us_mean=134136.4 sigma_us_mean=36809.5/n54326 fa_class=0.0625
QCLKLINE c8L-Q184 rep=1 site=srv [QCLK] site=receiver on=1 alpha=1.840000e-1 k=2.1059 evals=64650 law_n=63895 kept=3993 w_us_mean=213809.4 w_us_p05=168958 w_us_p50=223465 w_us_p95=226951 w_us_min=127212 w_us_max=227007 srtt_us_mean=135760.0 sigma_us_mean=37062.8/n63895 fa_class=0.0625
QCLKLINE c8L-Q184 rep=1 site=srv [QCLK] site=receiver on=1 alpha=1.840000e-1 k=2.1059 evals=74245 law_n=73490 kept=2297 w_us_mean=215910.6 w_us_p05=168958 w_us_p50=223912 w_us_p95=233459 w_us_min=127212 w_us_max=236236 srtt_us_mean=137465.8 sigma_us_mean=37250.6/n73490 fa_class=0.0625
QCLKLINE c8L-Q184 rep=1 site=srv [QCLK] site=receiver on=1 alpha=1.840000e-1 k=2.1059 evals=83813 law_n=83058 kept=2596 w_us_mean=218753.6 w_us_p05=168958 w_us_p50=224740 w_us_p95=241117 w_us_min=127212 w_us_max=242726 srtt_us_mean=140005.4 sigma_us_mean=37394.6/n83058 fa_class=0.0625
QCLKLINE c8L-Q184 rep=1 site=srv [QCLK] site=receiver on=1 alpha=1.840000e-1 k=2.1059 evals=90620 law_n=89865 kept=2808 w_us_mean=220813.7 w_us_p05=168958 w_us_p50=225349 w_us_p95=245784 w_us_min=127212 w_us_max=246646 srtt_us_mean=141889.1 sigma_us_mean=37478.4/n89865 fa_class=0.0625
QCLKLINE c8L-Q184 rep=1 site=srv [QCLK] site=receiver on=1 alpha=1.840000e-1 k=2.1059 evals=100043 law_n=99288 kept=3103 w_us_mean=224846.6 w_us_p05=168958 w_us_p50=225680 w_us_p95=249301 w_us_min=127212 w_us_max=369754 srtt_us_mean=144694.2 sigma_us_mean=38061.5/n99288 fa_class=0.0625
QCLKLINE c8L-Q184 rep=1 site=srv [QCLK] site=receiver on=1 alpha=1.840000e-1 k=2.1059 evals=110164 law_n=109409 kept=3419 w_us_mean=248041.6 w_us_p05=168958 w_us_p50=226324 w_us_p95=366125 w_us_min=127212 w_us_max=1098066 srtt_us_mean=151856.6 sigma_us_mean=45674.7/n109409 fa_class=0.0625
QCLKLINE c8L-Q184 rep=1 site=srv [QCLK] site=receiver on=1 alpha=1.840000e-1 k=2.1059 evals=121558 law_n=120803 kept=3775 w_us_mean=329231.9 w_us_p05=190426 w_us_p50=226655 w_us_p95=1099404 w_us_min=127212 w_us_max=1119551 srtt_us_mean=163113.1 sigma_us_mean=78883.2/n120803 fa_class=0.0625
QCLKLINE c8L-Q184 rep=1 site=srv [QCLK] site=receiver on=1 alpha=1.840000e-1 k=2.1059 evals=132607 law_n=131852 kept=2060 w_us_mean=396200.1 w_us_p05=190426 w_us_p50=227007 w_us_p95=1119551 w_us_min=127212 w_us_max=1145744 srtt_us_mean=173808.4 sigma_us_mean=105604.9/n131852 fa_class=0.0625
QCLKLINE c8L-Q184 rep=1 site=srv [QCLK] site=receiver on=1 alpha=1.840000e-1 k=2.1059 evals=142430 law_n=141675 kept=2214 w_us_mean=448382.5 w_us_p05=190426 w_us_p50=233459 w_us_p95=1145744 w_us_min=127212 w_us_max=1159285 srtt_us_mean=183332.2 sigma_us_mean=125861.6/n141675 fa_class=0.0625
QCLKLINE c8L-Q184 rep=1 site=srv [QCLK] site=receiver on=1 alpha=1.840000e-1 k=2.1059 evals=151373 law_n=150618 kept=2354 w_us_mean=490431.3 w_us_p05=190886 w_us_p50=239837 w_us_p95=1159285 w_us_min=127212 w_us_max=1159285 srtt_us_mean=191382.9 sigma_us_mean=142005.8/n150618 fa_class=0.0625
QCLKLINE c8L-Q184 rep=1 site=srv [QCLK] site=receiver on=1 alpha=1.840000e-1 k=2.1059 evals=160842 law_n=160087 kept=2502 w_us_mean=529116.0 w_us_p05=190886 w_us_p50=241117 w_us_p95=1159285 w_us_min=127212 w_us_max=1159285 srtt_us_mean=198210.1 sigma_us_mean=157133.6/n160087 fa_class=0.0625
QCLKLINE c8L-Q184 rep=1 site=srv [QCLK] site=receiver on=1 alpha=1.840000e-1 k=2.1059 evals=169132 law_n=168377 kept=2631 w_us_mean=561125.8 w_us_p05=190886 w_us_p50=245784 w_us_p95=1159285 w_us_min=127212 w_us_max=1191142 srtt_us_mean=205270.6 sigma_us_mean=168981.0/n168377 fa_class=0.0625
RACKLINE c8L-Q184 rep=1 site=cli [RACK] on=0 evals=0 ceil=0.0000 gran=0.0000 legacy_pin=0.0000 round=0.0 legacy=0.0 mult=1 fa=59/59 fa_frac=1.0000 fa_class=0.0625
RACKLINE c8L-Q184 rep=1 site=cli [RACK] on=0 evals=0 ceil=0.0000 gran=0.0000 legacy_pin=0.0000 round=0.0 legacy=0.0 mult=1 fa=1274/8015 fa_frac=0.1590 fa_class=0.0625
RFALINE c8L-Q184 rep=1 site=cli [RFA] gen=0 fires=6 false=6 false_frac=1.0000 fill_coded=0 fill_src=0 dup_src=6 preempt_src=0 src_n=7 rep_n=5 nu_recv=0.85714 fa_class=0.0625
RFALINE c8L-Q184 rep=1 site=cli [RFA] gen=0 fires=11 false=11 false_frac=1.0000 fill_coded=0 fill_src=0 dup_src=11 preempt_src=0 src_n=12 rep_n=10 nu_recv=0.91667 fa_class=0.0625
RFALINE c8L-Q184 rep=1 site=cli [RFA] gen=0 fires=16 false=16 false_frac=1.0000 fill_coded=0 fill_src=0 dup_src=16 preempt_src=0 src_n=17 rep_n=15 nu_recv=0.94118 fa_class=0.0625
RFALINE c8L-Q184 rep=1 site=cli [RFA] gen=0 fires=21 false=21 false_frac=1.0000 fill_coded=0 fill_src=0 dup_src=21 preempt_src=0 src_n=22 rep_n=20 nu_recv=0.95455 fa_class=0.0625
RFALINE c8L-Q184 rep=1 site=cli [RFA] gen=0 fires=26 false=26 false_frac=1.0000 fill_coded=0 fill_src=0 dup_src=26 preempt_src=0 src_n=27 rep_n=25 nu_recv=0.96296 fa_class=0.0625
RFALINE c8L-Q184 rep=1 site=cli [RFA] gen=0 fires=31 false=31 false_frac=1.0000 fill_coded=0 fill_src=0 dup_src=31 preempt_src=0 src_n=32 rep_n=30 nu_recv=0.96875 fa_class=0.0625
RFALINE c8L-Q184 rep=1 site=cli [RFA] gen=0 fires=36 false=36 false_frac=1.0000 fill_coded=0 fill_src=0 dup_src=36 preempt_src=0 src_n=37 rep_n=35 nu_recv=0.97297 fa_class=0.0625
RFALINE c8L-Q184 rep=1 site=cli [RFA] gen=0 fires=41 false=41 false_frac=1.0000 fill_coded=0 fill_src=0 dup_src=41 preempt_src=0 src_n=42 rep_n=40 nu_recv=0.97619 fa_class=0.0625
RFALINE c8L-Q184 rep=1 site=cli [RFA] gen=0 fires=46 false=46 false_frac=1.0000 fill_coded=0 fill_src=0 dup_src=46 preempt_src=0 src_n=47 rep_n=45 nu_recv=0.97872 fa_class=0.0625
RFALINE c8L-Q184 rep=1 site=cli [RFA] gen=0 fires=50 false=50 false_frac=1.0000 fill_coded=0 fill_src=0 dup_src=50 preempt_src=0 src_n=51 rep_n=49 nu_recv=0.98039 fa_class=0.0625
RFALINE c8L-Q184 rep=1 site=cli [RFA] gen=0 fires=53 false=53 false_frac=1.0000 fill_coded=0 fill_src=0 dup_src=53 preempt_src=0 src_n=54 rep_n=52 nu_recv=0.98148 fa_class=0.0625
RFALINE c8L-Q184 rep=1 site=cli [RFA] gen=0 fires=54 false=54 false_frac=1.0000 fill_coded=0 fill_src=0 dup_src=54 preempt_src=0 src_n=55 rep_n=53 nu_recv=0.98182 fa_class=0.0625
RFALINE c8L-Q184 rep=1 site=cli [RFA] gen=0 fires=55 false=55 false_frac=1.0000 fill_coded=0 fill_src=0 dup_src=55 preempt_src=0 src_n=56 rep_n=54 nu_recv=0.98214 fa_class=0.0625
RFALINE c8L-Q184 rep=1 site=cli [RFA] gen=0 fires=56 false=56 false_frac=1.0000 fill_coded=0 fill_src=0 dup_src=56 preempt_src=0 src_n=57 rep_n=55 nu_recv=0.98246 fa_class=0.0625
RFALINE c8L-Q184 rep=1 site=cli [RFA] gen=0 fires=57 false=57 false_frac=1.0000 fill_coded=0 fill_src=0 dup_src=57 preempt_src=0 src_n=58 rep_n=56 nu_recv=0.98276 fa_class=0.0625
RFALINE c8L-Q184 rep=1 site=cli [RFA] gen=0 fires=58 false=58 false_frac=1.0000 fill_coded=0 fill_src=0 dup_src=58 preempt_src=0 src_n=59 rep_n=57 nu_recv=0.98305 fa_class=0.0625
RFALINE c8L-Q184 rep=1 site=cli [RFA] gen=0 fires=59 false=59 false_frac=1.0000 fill_coded=0 fill_src=0 dup_src=59 preempt_src=0 src_n=60 rep_n=58 nu_recv=0.98333 fa_class=0.0625
RFALINE c8L-Q184 rep=1 site=cli [RFA] gen=0 fires=59 false=59 false_frac=1.0000 fill_coded=0 fill_src=0 dup_src=59 preempt_src=0 src_n=61 rep_n=59 nu_recv=0.96721 fa_class=0.0625
RFALINE c8L-Q184 rep=1 site=srv [RFA] gen=0 fires=3386 false=661 false_frac=0.1952 fill_coded=82 fill_src=2643 dup_src=580 preempt_src=81 src_n=8329 rep_n=201 nu_recv=0.40653 fa_class=0.0625
RFALINE c8L-Q184 rep=1 site=srv [RFA] gen=0 fires=3706 false=713 false_frac=0.1924 fill_coded=140 fill_src=2853 dup_src=580 preempt_src=133 src_n=17785 rep_n=381 nu_recv=0.20838 fa_class=0.0625
RFALINE c8L-Q184 rep=1 site=srv [RFA] gen=0 fires=3945 false=731 false_frac=0.1853 fill_coded=165 fill_src=3049 dup_src=580 preempt_src=151 src_n=27238 rep_n=543 nu_recv=0.14483 fa_class=0.0625
RFALINE c8L-Q184 rep=1 site=srv [RFA] gen=0 fires=4313 false=777 false_frac=0.1802 fill_coded=220 fill_src=3316 dup_src=580 preempt_src=197 src_n=36625 rep_n=769 nu_recv=0.11776 fa_class=0.0625
RFALINE c8L-Q184 rep=1 site=srv [RFA] gen=0 fires=4515 false=791 false_frac=0.1752 fill_coded=255 fill_src=3469 dup_src=580 preempt_src=211 src_n=46119 rep_n=896 nu_recv=0.09790 fa_class=0.0625
RFALINE c8L-Q184 rep=1 site=srv [RFA] gen=0 fires=4886 false=823 false_frac=0.1684 fill_coded=319 fill_src=3744 dup_src=580 preempt_src=243 src_n=55525 rep_n=1103 nu_recv=0.08800 fa_class=0.0625
RFALINE c8L-Q184 rep=1 site=srv [RFA] gen=0 fires=5226 false=869 false_frac=0.1663 fill_coded=396 fill_src=3961 dup_src=580 preempt_src=289 src_n=64953 rep_n=1302 nu_recv=0.08046 fa_class=0.0625
RFALINE c8L-Q184 rep=1 site=srv [RFA] gen=0 fires=5509 false=912 false_frac=0.1655 fill_coded=454 fill_src=4143 dup_src=580 preempt_src=332 src_n=74407 rep_n=1456 nu_recv=0.07404 fa_class=0.0625
RFALINE c8L-Q184 rep=1 site=srv [RFA] gen=0 fires=5763 false=926 false_frac=0.1607 fill_coded=494 fill_src=4343 dup_src=580 preempt_src=346 src_n=83882 rep_n=1596 nu_recv=0.06870 fa_class=0.0625
RFALINE c8L-Q184 rep=1 site=srv [RFA] gen=0 fires=5871 false=926 false_frac=0.1577 fill_coded=500 fill_src=4445 dup_src=580 preempt_src=346 src_n=93419 rep_n=1668 nu_recv=0.06285 fa_class=0.0625
RFALINE c8L-Q184 rep=1 site=srv [RFA] gen=0 fires=11018 false=963 false_frac=0.0874 fill_coded=562 fill_src=9493 dup_src=580 preempt_src=383 src_n=103033 rep_n=1934 nu_recv=0.10694 fa_class=0.0625
RFALINE c8L-Q184 rep=1 site=srv [RFA] gen=0 fires=13902 false=1067 false_frac=0.0768 fill_coded=676 fill_src=12159 dup_src=599 preempt_src=468 src_n=113055 rep_n=2027 nu_recv=0.12297 fa_class=0.0625
RFALINE c8L-Q184 rep=1 site=srv [RFA] gen=0 fires=19424 false=1146 false_frac=0.0590 fill_coded=740 fill_src=17538 dup_src=616 preempt_src=530 src_n=124343 rep_n=2127 nu_recv=0.15621 fa_class=0.0625
RFALINE c8L-Q184 rep=1 site=srv [RFA] gen=0 fires=25597 false=1208 false_frac=0.0472 fill_coded=771 fill_src=23618 dup_src=647 preempt_src=561 src_n=135319 rep_n=2198 nu_recv=0.18916 fa_class=0.0625
RFALINE c8L-Q184 rep=1 site=srv [RFA] gen=0 fires=27360 false=1265 false_frac=0.0462 fill_coded=829 fill_src=25266 dup_src=690 preempt_src=575 src_n=145006 rep_n=2330 nu_recv=0.18868 fa_class=0.0625
RFALINE c8L-Q184 rep=1 site=srv [RFA] gen=0 fires=28120 false=1275 false_frac=0.0453 fill_coded=877 fill_src=25968 dup_src=690 preempt_src=585 src_n=153359 rep_n=2918 nu_recv=0.18336 fa_class=0.0625
RFALINE c8L-Q184 rep=1 site=srv [RFA] gen=0 fires=29564 false=1345 false_frac=0.0455 fill_coded=1035 fill_src=27184 dup_src=690 preempt_src=655 src_n=161836 rep_n=3907 nu_recv=0.18268 fa_class=0.0625
RFALINE c8L-Q184 rep=1 site=srv [RFA] gen=0 fires=30806 false=1617 false_frac=0.0525 fill_coded=1312 fill_src=27877 dup_src=710 preempt_src=907 src_n=169344 rep_n=4684 nu_recv=0.18191 fa_class=0.0625
DCAPLINE c8L-Q184 rep=1 site=cli [DCAP] on=1 eng=2736/2736 chg=1830/2736 chg_frac=0.6689 pin=0.3311 floor=0.0000 cap=2339.8 ask=4917.9 q=0.100000 b=2.0000
WALLLINE c8L-Q184 rep=1 site=cli [WALL] onset=1.0000 dur_ms=0.0 retx=0 total_ms=19354.9 it_ms=0.110
ALPHAWITNESS {"cell":"c8L","arm":"Q184","alpha":"0.184","seed":42,"rep":1,"rc":0,"mbps":82.86,"band":[45,95],"band_applies":0,"in_band":1,"lossy":1,"qclk_law_n":175583,"rfa_lines":18,"W1_rfa_gen":"0","W2_pfrac_lines":0,"W4_retx_max":7906,"W5_rack_fa":"1274/8015"}
=== rep=1 arm=c8L-Q400 alpha=0.4 seed=42 env="RWM_QUANTILE_CLOCKS=1 RWM_ALPHA_OVERRIDE=0.4 RWM_DELTA_CAP=1 RWM_SUM_CAP=1 RWM_RACK_CLOCKS=0 RWM_DERIVED_SWEEP=0 RWM_COMPOSED_CAP=0 RWM_THREE_TERM=0 RWM_STORE_CAP_UNIFIED=0 RWM_LATE_BRAKE=0 RWM_CHARGE_RECOVERY=0 RWM_RELEASE_1TO1=0 RWM_LOSS_SENT_TRUTH=0" cell=c2/c3/dual bytes=200000000 17:27:27
[2m2026-08-20T17:27:29.222879Z[0m [32m INFO[0m [2mraptorpath::gates[0m[2m:[0m [GATES] RWM_UNIFIED=1 RWM_UNIFIED_SHED=1 RWM_TAPER_R=1 RWM_ASTAR_ANCHOR=1 RWM_MSTAR_ANCHOR=1 RWM_PLAIN_RS=0 RWM_HONEST_ANCHOR=1 RWM_HONEST_K=0 RWM_STORE_SACK_RELEASE=1 RWM_STORE_PATHS=1 RWM_STORE_PATH_POOL=2048 RWM_STORE=unset RWM_STORE_GAIN=2 RWM_STORE_BOOT=128 RWM_STORE_CAPW=0 RWM_STORE_CAP_UNIFIED=0 RWM_THREE_TERM=0 RWM_COMPOSED_CAP=0 RWM_SUM_CAP=1 RWM_LATE_BRAKE=0 RWM_DELTA_CAP=1 RWM_STORE_PERCAP=0 RWM_PERCAP_GUARD=1 RWM_STORE_BORROW=0 RWM_HONEST_CAP=1 RWM_POOL_ANCHOR=0 RWM_POOL_DELIV=0 RWM_FLOOR_BOUND=0 RWM_ACK_MERGE=1 RWM_LOSS_SENT_TRUTH=0 RWM_RELEASE_1TO1=0 RWM_CHARGE_RECOVERY=0 RWM_PATIENCE_DERIVED=0 RWM_SIDLE_DERIVED=0 RWM_WIN_DECOUPLE=0 RWM_PLACE_SLACK=0 RWM_COLD_PLACE=0 RWM_GEN=384 RWM_PIPELINE=2 RWM_GEN_PIPE=1 RWM_GEN_R=unset RWM_GEN_RATE=9000 RWM_GEN_RATE_FLOOR=2000 RWM_GEN_INFLIGHT=unset RWM_OOO_RETAIN=0/16 RWM_WINDOW=unset RWM_REPORT_GENS=unset RWM_REPAIR_WAIT=unset RWM_CODED_SRC=0 RWM_NO_REACTIVE=0 RWM_XPATH_REPAIR=0 RWM_PROACTIVE_PACER=0 RWM_REASM_BDP=0 RWM_MIN_R=0 RWM_CC_PACE=0 RWM_CC_PACE_HR=1.1 RWM_REACT_CAP=unset RWM_INFL_CAP=0 RWM_INFL_BDP=unset RWM_COPA_FEED=0 RWM_RS_ATTR=1 RWM_EMIT_BATCH=0 RWM_EMIT_BURST=64 RWM_RECOV_MP=1 RWM_RECOV_MP_LAW=1 RWM_RECOV_MP_LIVE=0 RWM_RECOV_SP=0 RWM_DERIVED_SWEEP=0 RWM_RACK_CLOCKS=0 RWM_RACK_REO_MULT=1 RWM_QUANTILE_CLOCKS=1 RWM_ALPHA_OVERRIDE=0.4 RWM_DIAG=1 RWM_ACKDIAG=1 RWM_ACKDIAG_WINDOW_US=2000000 RWM_WALLDIAG=1 RWM_CPUPROF=0 RWM_RDIAG=0 RWM_FDIAG=1 RWM_TRACE=0 RWM_PFRAC=0
{"bytes":200000000,"dnf":0,"hint":"bulk","max_s":17.809,"mean_mbps":89.842,"mean_s":17.809,"median_s":17.809,"min_s":17.809,"proto":"rp-native","runs":1,"stdev_s":0.0,"summary":true}
    LATPROBE-LEG leg=0 file=/tmp/rwm-ping-0.txt sent=351 recv=342 censor=2.56% p50=161.0[censor=2.56% ok] p95=216.0[censor=2.56% ok] p99=218.0[censor=2.56% UNSCOREABLE(inside censored tail)]
    LATPROBE-LEG leg=1 file=/tmp/rwm-ping-1.txt sent=358 recv=350 censor=2.23% p50=40.8[censor=2.23% ok] p95=131.0[censor=2.23% ok] p99=424.0[censor=2.23% UNSCOREABLE(inside censored tail)]
    LATPROBE: 2 leg(s) /tmp/rwm-ping-0.txt=342 /tmp/rwm-ping-1.txt=350 replies
    CPU: CPUSRV=15.44s CPUCLI=14.41s (srv=decoder cli=sender; whole-invocation incl warmup)
    QDISC cli0: qdisc netem a2ed: root refcnt 7 limit 1000 delay 5ms  3ms loss gemodel p 1.3% r 50% 1-h 100% 1-k 0% rate 100Mbit seed 42  Sent 221657882 bytes 179044 pkt (dropped 909, overlimits 0 requeues 0)   backlog 0b 0p requeues 0 
    QDISC cli1: qdisc netem a2ee: root refcnt 7 limit 1000 delay 20ms  5ms loss gemodel p 2% r 40% 1-h 100% 1-k 0% rate 20Mbit seed 1042  Sent 3422238 bytes 3425 pkt (dropped 63, overlimits 0 requeues 0)   backlog 0b 0p requeues 0 
    QDISC srv0: qdisc netem a2ef: root refcnt 7 limit 1000 delay 5ms  3ms rate 100Mbit seed 8733995567198810988  Sent 22091873 bytes 119599 pkt (dropped 0, overlimits 0 requeues 0)   backlog 0b 0p requeues 0 
    QDISC srv1: qdisc netem a2f0: root refcnt 7 limit 1000 delay 20ms  5ms rate 20Mbit seed 11416249259072964530  Sent 510999 bytes 2744 pkt (dropped 0, overlimits 0 requeues 0)   backlog 144b 2p requeues 0 
    QCAP: /tmp/rwm-q.txt 18 lines
RUNTIME c8L-Q400 rep=1 20s rc=0
ALPHARESULT {"cell": "c8L", "arm": "Q400", "alpha_cmd": 0.4, "seed": 42, "rep": 1, "n_paths": 2, "dnf": false, "dnf_count": 0, "mbps": 89.842, "mean_mbps": 89.842, "seconds": 17.809, "n_runs": 1, "cpusrv": 15.44, "cpucli": 14.41, "khr_med": 1.0, "kraw_med": null, "khr_n": 136, "kraw_n": 0, "rtp_med": 40, "occ_p50": 1557, "occcap_p50": 1557, "q_p50": 145, "q_p99": 375, "diag_lines": 71, "retx": 4420, "w1_rfa_gen": "0", "w2_pfrac_lines": 0, "w4_retx_max": 4420, "w5_rack_fa": "1809/4436", "gates_cli_quantile_clocks": 1, "gates_srv_quantile_clocks": 1, "gates_cli_rack_clocks": 0, "gates_srv_rack_clocks": 0, "gates_cli_derived_sweep": 0, "gates_srv_derived_sweep": 0, "gates_cli_delta_cap": 1, "gates_srv_delta_cap": 1, "gates_cli_sum_cap": 1, "gates_srv_sum_cap": 1, "gates_cli_composed_cap": 0, "gates_srv_composed_cap": 0, "gates_cli_three_term": 0, "gates_srv_three_term": 0, "gates_cli_loss_sent_truth": 0, "gates_srv_loss_sent_truth": 0, "gates_cli_gen": null, "gates_srv_gen": null, "gates_cli_diag": 1, "gates_srv_diag": 1, "gates_cli_ackdiag": 1, "gates_srv_ackdiag": 1, "gates_cli_walldiag": 1, "gates_srv_walldiag": 1, "gates_cli_fdiag": 1, "gates_srv_fdiag": 1, "gates_cli_recov_mp": 1, "gates_srv_recov_mp": 1, "gates_cli_cc_pace": 0, "gates_srv_cc_pace": 0, "gates_cli_rack_reo_mult": 1, "gates_srv_rack_reo_mult": 1, "gates_lines_cli": 1, "gates_lines_srv": 1, "gate_quantile_cli": "1", "gate_quantile_srv": "1", "gate_alpha_cli": "0.4", "gate_alpha_srv": "0.4", "gate_gen_cli": 384, "gate_gen_srv": 384, "qalpha_lines_cli": 2, "qalpha_site_cli": "sender", "qalpha_quantile_cli": 1, "qalpha_contract_cli": 0.001, "qalpha_override_cli": 0.4, "qalpha_cli": 0.4, "qalpha_k_cli": 1.2247, "qalpha_lines_srv": 2, "qalpha_site_srv": "sender", "qalpha_quantile_srv": 1, "qalpha_contract_srv": 0.001, "qalpha_override_srv": 0.4, "qalpha_srv": 0.4, "qalpha_k_srv": 1.2247, "qclk_cli_lines": 1, "qclk_cli_site": "sender", "qclk_cli_alpha": 0.4, "qclk_cli_k": 1.2247, "qclk_cli_w_us_mean": 300059.7, "qclk_cli_srtt_us_mean": 267572.9, "qclk_cli_on": 1, "qclk_cli_evals": 178915, "qclk_cli_kept": 2792, "qclk_cli_w_us_p05": 176733, "qclk_cli_w_us_p50": 200543, "qclk_cli_w_us_p95": 466854, "qclk_cli_w_us_min": 15184, "qclk_cli_w_us_max": 637038, "qclk_cli_law_n": 178693, "qclk_cli_sigma_us_mean": 26525.7, "qclk_cli_sigma_n": 178693, "qclk_srv_lines": 17, "qclk_srv_site": "receiver", "qclk_srv_alpha": 0.4, "qclk_srv_k": 1.2247, "qclk_srv_w_us_mean": 268983.9, "qclk_srv_srtt_us_mean": 224938.7, "qclk_srv_on": 1, "qclk_srv_evals": 162567, "qclk_srv_kept": 2517, "qclk_srv_w_us_p05": 137644, "qclk_srv_w_us_p50": 166001, "qclk_srv_w_us_p95": 475023, "qclk_srv_w_us_min": 59338, "qclk_srv_w_us_max": 478226, "qclk_srv_law_n": 161037, "qclk_srv_sigma_us_mean": 35963.2, "qclk_srv_sigma_n": 161037, "rack_lines_cli": 2, "rack_on_cli": 0, "rack_evals_cli": 0, "rack_ceil_cli": 0.0, "rack_gran_cli": 0.0, "rack_legacy_pin_cli": 0.0, "rack_round_cli": 0.0, "rack_legacy_cli": 0.0, "rack_mult_cli": 1, "rack_fa_n_cli": 1809, "rack_fa_d_cli": 4436, "rack_fa_frac_cli": 0.4078, "rack_fa_class_cli": 0.0625, "rack_lines_srv": 0, "rack_on_srv": null, "rack_evals_srv": null, "rack_ceil_srv": null, "rack_gran_srv": null, "rack_legacy_pin_srv": null, "rack_round_srv": null, "rack_legacy_srv": null, "rack_mult_srv": null, "rack_fa_n_srv": null, "rack_fa_d_srv": null, "rack_fa_frac_srv": null, "rack_fa_class_srv": null, "rack_fired": 4436, "rack_spurious": 1809, "rack_fa_frac": 0.4078, "rack_fa_class": 0.0625, "rack_round_us": 0.0, "rack_legacy_us": 0.0, "rack_evals": 0, "rack_legacy_pin": 0.0, "rfa_lines": 17, "rfa_gen": 0, "rfa_fires": 10163, "rfa_false": 779, "rfa_fill_coded": 883, "rfa_fill_src": 8501, "rfa_dup_src": 288, "rfa_preempt_src": 491, "rfa_src_n": 161221, "rfa_rep_n": 3641, "rfa_false_frac": 0.0767, "rfa_nu_recv": 0.06304, "rfa_fa_class": 0.0625, "rfa_bracket_lo": 0.0767, "rfa_bracket_hi": 0.468712, "sf_ticks": 2805, "sf_E": 0.9929, "sf_short": 0.0128, "sf_zero": 0.0014, "capboot_n": 68, "capboot_frac": 0.0, "ping_n": 342, "ping_p50": 161.0, "ping_p95": 216.0, "ping_p99": 218.0, "ping_tx": 351, "ping_rx": 342, "ping_loss": 2.56, "ping_censor_frac": 0.0256, "legs_probed": 1, "leg0_n": 342, "leg0_sent": 351, "leg0_recv": 342, "leg0_sent_source": "summary", "leg0_censor_frac": 0.0256, "leg0_censor_pct": 2.56, "leg0_recv_mismatch": false, "leg0_leg_unscoreable": false, "leg0_min": 7.04, "leg0_max": 219.0, "leg0_p50": 161.0, "leg0_p50_censored": false, "leg0_p50_scoreable": true, "leg0_p95": 216.0, "leg0_p95_censored": false, "leg0_p95_scoreable": true, "leg0_p99": 218.0, "leg0_p99_censored": true, "leg0_p99_scoreable": false, "legs_censor_max": 0.0256, "wait_tun": 36, "wait_paused": 29, "wait_pace": 0, "wait_gen": 0, "wait_nack": 31, "wait_defc": 0, "wait_tail": 0, "wait_flush": 0, "wait_lines": 68, "deadwall": false, "sig_us_p50": 195.0, "sig_us_n": 169946, "sig_us_path": 0, "sig_paths": 2, "pl_n": 136, "pl_max": 0.9048, "pl_min": 0.0, "pl_p0": 0.0, "pl_p1": 0.9048, "dgq_hand": 177805, "dgq_full": 0, "dgq_err": 0, "dgq_gap": 0, "tc_bytes": 225080120, "tc_pkts": 182469, "tc_drop": 972, "tc_s": 20}
LIVENESS c8L-Q400 rep=1 RWM_QUANTILE_CLOCKS=RWM_QUANTILE_CLOCKS=1/RWM_QUANTILE_CLOCKS=1(exp1) RWM_ALPHA_OVERRIDE=RWM_ALPHA_OVERRIDE=0.4/RWM_ALPHA_OVERRIDE=0.4(exp0.4) RWM_DELTA_CAP=RWM_DELTA_CAP=1/RWM_DELTA_CAP=1(exp1) RWM_SUM_CAP=RWM_SUM_CAP=1/RWM_SUM_CAP=1(exp1) RWM_RACK_CLOCKS=RWM_RACK_CLOCKS=0/RWM_RACK_CLOCKS=0(exp0) RWM_DERIVED_SWEEP=RWM_DERIVED_SWEEP=0/RWM_DERIVED_SWEEP=0(exp0) RWM_COMPOSED_CAP=RWM_COMPOSED_CAP=0/RWM_COMPOSED_CAP=0(exp0) RWM_THREE_TERM=RWM_THREE_TERM=0/RWM_THREE_TERM=0(exp0) RWM_STORE_CAP_UNIFIED=RWM_STORE_CAP_UNIFIED=0/RWM_STORE_CAP_UNIFIED=0(exp0) RWM_LATE_BRAKE=RWM_LATE_BRAKE=0/RWM_LATE_BRAKE=0(exp0) RWM_CHARGE_RECOVERY=RWM_CHARGE_RECOVERY=0/RWM_CHARGE_RECOVERY=0(exp0) RWM_RELEASE_1TO1=RWM_RELEASE_1TO1=0/RWM_RELEASE_1TO1=0(exp0) RWM_LOSS_SENT_TRUTH=RWM_LOSS_SENT_TRUTH=0/RWM_LOSS_SENT_TRUTH=0(exp0) RWM_DIAG=RWM_DIAG=1/RWM_DIAG=1(exp1) RWM_ACKDIAG=RWM_ACKDIAG=1/RWM_ACKDIAG=1(exp1) RWM_WALLDIAG=RWM_WALLDIAG=1/RWM_WALLDIAG=1(exp1) RWM_FDIAG=RWM_FDIAG=1/RWM_FDIAG=1(exp1)
QALPHALINE c8L-Q400 rep=1 site=cli [QALPHA] site=sender quantile=1 contract_alpha=1.000000e-3 override=4.000000e-1 alpha=4.000000e-1 k=1.2247 fa_class=0.0625
QALPHALINE c8L-Q400 rep=1 site=srv [QALPHA] site=receiver quantile=1 contract_alpha=1.000000e-5 override=4.000000e-1 alpha=4.000000e-1 k=1.2247 fa_class=0.0625
QCLKLINE c8L-Q400 rep=1 site=cli [QCLK] site=sender on=1 alpha=4.000000e-1 k=1.2247 evals=178915 law_n=178693 kept=2792 w_us_mean=300059.7 w_us_p05=176733 w_us_p50=200543 w_us_p95=466854 w_us_min=15184 w_us_max=637038 srtt_us_mean=267572.9 sigma_us_mean=26525.7/n178693 fa_class=0.0625
QCLKLINE c8L-Q400 rep=1 site=srv [QCLK] site=receiver on=1 alpha=4.000000e-1 k=1.2247 evals=9669 law_n=8139 kept=4070 w_us_mean=104553.4 w_us_p05=59584 w_us_p50=96334 w_us_p95=158587 w_us_min=59338 w_us_max=158587 srtt_us_mean=71586.8 sigma_us_mean=26917.4/n8139 fa_class=0.0625
QCLKLINE c8L-Q400 rep=1 site=srv [QCLK] site=receiver on=1 alpha=4.000000e-1 k=1.2247 evals=20265 law_n=18735 kept=2342 w_us_mean=131010.8 w_us_p05=59584 w_us_p50=137644 w_us_p95=178668 w_us_min=59338 w_us_max=178668 srtt_us_mean=95441.1 sigma_us_mean=29042.9/n18735 fa_class=0.0625
QCLKLINE c8L-Q400 rep=1 site=srv [QCLK] site=receiver on=1 alpha=4.000000e-1 k=1.2247 evals=29329 law_n=27799 kept=3475 w_us_mean=145110.6 w_us_p05=59584 w_us_p50=157899 w_us_p95=178742 w_us_min=59338 w_us_max=185896 srtt_us_mean=113986.2 sigma_us_mean=25413.3/n27799 fa_class=0.0625
QCLKLINE c8L-Q400 rep=1 site=srv [QCLK] site=receiver on=1 alpha=4.000000e-1 k=1.2247 evals=38793 law_n=37263 kept=2329 w_us_mean=150403.5 w_us_p05=76634 w_us_p50=165944 w_us_p95=178742 w_us_min=59338 w_us_max=185896 srtt_us_mean=124977.9 sigma_us_mean=20760.2/n37263 fa_class=0.0625
QCLKLINE c8L-Q400 rep=1 site=srv [QCLK] site=receiver on=1 alpha=4.000000e-1 k=1.2247 evals=47640 law_n=46110 kept=2882 w_us_mean=152865.3 w_us_p05=76634 w_us_p50=164278 w_us_p95=178742 w_us_min=59338 w_us_max=185896 srtt_us_mean=131476.4 sigma_us_mean=17464.4/n46110 fa_class=0.0625
QCLKLINE c8L-Q400 rep=1 site=srv [QCLK] site=receiver on=1 alpha=4.000000e-1 k=1.2247 evals=57238 law_n=55708 kept=3482 w_us_mean=154739.6 w_us_p05=96334 w_us_p50=164278 w_us_p95=178742 w_us_min=59338 w_us_max=185896 srtt_us_mean=136403.2 sigma_us_mean=14972.0/n55708 fa_class=0.0625
QCLKLINE c8L-Q400 rep=1 site=srv [QCLK] site=receiver on=1 alpha=4.000000e-1 k=1.2247 evals=66731 law_n=65201 kept=4075 w_us_mean=156329.1 w_us_p05=96334 w_us_p50=164973 w_us_p95=178668 w_us_min=59338 w_us_max=185896 srtt_us_mean=140043.9 sigma_us_mean=13297.3/n65201 fa_class=0.0625
QCLKLINE c8L-Q400 rep=1 site=srv [QCLK] site=receiver on=1 alpha=4.000000e-1 k=1.2247 evals=76183 law_n=74653 kept=2333 w_us_mean=157313.2 w_us_p05=96334 w_us_p50=164278 w_us_p95=178668 w_us_min=59338 w_us_max=185896 srtt_us_mean=142739.4 sigma_us_mean=11899.9/n74653 fa_class=0.0625
QCLKLINE c8L-Q400 rep=1 site=srv [QCLK] site=receiver on=1 alpha=4.000000e-1 k=1.2247 evals=85543 law_n=84013 kept=2626 w_us_mean=157973.4 w_us_p05=96334 w_us_p50=164103 w_us_p95=173128 w_us_min=59338 w_us_max=185896 srtt_us_mean=144715.7 sigma_us_mean=10825.3/n84013 fa_class=0.0625
QCLKLINE c8L-Q400 rep=1 site=srv [QCLK] site=receiver on=1 alpha=4.000000e-1 k=1.2247 evals=95147 law_n=93617 kept=2926 w_us_mean=158432.2 w_us_p05=115716 w_us_p50=163898 w_us_p95=173128 w_us_min=59338 w_us_max=185896 srtt_us_mean=146121.9 sigma_us_mean=10051.8/n93617 fa_class=0.0625
QCLKLINE c8L-Q400 rep=1 site=srv [QCLK] site=receiver on=1 alpha=4.000000e-1 k=1.2247 evals=104786 law_n=103256 kept=3227 w_us_mean=164693.8 w_us_p05=115716 w_us_p50=163898 w_us_p95=178742 w_us_min=59338 w_us_max=360444 srtt_us_mean=148879.4 sigma_us_mean=12912.8/n103256 fa_class=0.0625
QCLKLINE c8L-Q400 rep=1 site=srv [QCLK] site=receiver on=1 alpha=4.000000e-1 k=1.2247 evals=114348 law_n=112818 kept=3526 w_us_mean=187212.1 w_us_p05=128443 w_us_p50=164103 w_us_p95=418515 w_us_min=59338 w_us_max=447175 srtt_us_mean=159091.1 sigma_us_mean=22961.1/n112818 fa_class=0.0625
QCLKLINE c8L-Q400 rep=1 site=srv [QCLK] site=receiver on=1 alpha=4.000000e-1 k=1.2247 evals=124044 law_n=122514 kept=3829 w_us_mean=210070.4 w_us_p05=128443 w_us_p50=164278 w_us_p95=475023 w_us_min=59338 w_us_max=478226 srtt_us_mean=173215.6 sigma_us_mean=30092.3/n122514 fa_class=0.0625
QCLKLINE c8L-Q400 rep=1 site=srv [QCLK] site=receiver on=1 alpha=4.000000e-1 k=1.2247 evals=133532 law_n=132002 kept=2063 w_us_mean=228987.6 w_us_p05=128443 w_us_p50=164767 w_us_p95=475023 w_us_min=59338 w_us_max=478226 srtt_us_mean=187034.9 sigma_us_mean=34254.6/n132002 fa_class=0.0625
QCLKLINE c8L-Q400 rep=1 site=srv [QCLK] site=receiver on=1 alpha=4.000000e-1 k=1.2247 evals=143320 law_n=141790 kept=2216 w_us_mean=245093.4 w_us_p05=128443 w_us_p50=165142 w_us_p95=475023 w_us_min=59338 w_us_max=478226 srtt_us_mean=200729.1 sigma_us_mean=36223.8/n141790 fa_class=0.0625
QCLKLINE c8L-Q400 rep=1 site=srv [QCLK] site=receiver on=1 alpha=4.000000e-1 k=1.2247 evals=152943 law_n=151413 kept=2366 w_us_mean=257942.5 w_us_p05=128443 w_us_p50=165944 w_us_p95=475023 w_us_min=59338 w_us_max=478226 srtt_us_mean=213370.9 sigma_us_mean=36393.0/n151413 fa_class=0.0625
QCLKLINE c8L-Q400 rep=1 site=srv [QCLK] site=receiver on=1 alpha=4.000000e-1 k=1.2247 evals=162567 law_n=161037 kept=2517 w_us_mean=268983.9 w_us_p05=137644 w_us_p50=166001 w_us_p95=475023 w_us_min=59338 w_us_max=478226 srtt_us_mean=224938.7 sigma_us_mean=35963.2/n161037 fa_class=0.0625
RACKLINE c8L-Q400 rep=1 site=cli [RACK] on=0 evals=0 ceil=0.0000 gran=0.0000 legacy_pin=0.0000 round=0.0 legacy=0.0 mult=1 fa=56/56 fa_frac=1.0000 fa_class=0.0625
RACKLINE c8L-Q400 rep=1 site=cli [RACK] on=0 evals=0 ceil=0.0000 gran=0.0000 legacy_pin=0.0000 round=0.0 legacy=0.0 mult=1 fa=1809/4436 fa_frac=0.4078 fa_class=0.0625
RFALINE c8L-Q400 rep=1 site=cli [RFA] gen=0 fires=10 false=10 false_frac=1.0000 fill_coded=0 fill_src=0 dup_src=10 preempt_src=0 src_n=11 rep_n=9 nu_recv=0.90909 fa_class=0.0625
RFALINE c8L-Q400 rep=1 site=cli [RFA] gen=0 fires=17 false=17 false_frac=1.0000 fill_coded=0 fill_src=0 dup_src=17 preempt_src=0 src_n=18 rep_n=16 nu_recv=0.94444 fa_class=0.0625
RFALINE c8L-Q400 rep=1 site=cli [RFA] gen=0 fires=22 false=22 false_frac=1.0000 fill_coded=0 fill_src=0 dup_src=22 preempt_src=0 src_n=23 rep_n=21 nu_recv=0.95652 fa_class=0.0625
RFALINE c8L-Q400 rep=1 site=cli [RFA] gen=0 fires=26 false=26 false_frac=1.0000 fill_coded=0 fill_src=0 dup_src=26 preempt_src=0 src_n=27 rep_n=25 nu_recv=0.96296 fa_class=0.0625
RFALINE c8L-Q400 rep=1 site=cli [RFA] gen=0 fires=30 false=30 false_frac=1.0000 fill_coded=0 fill_src=0 dup_src=30 preempt_src=0 src_n=31 rep_n=29 nu_recv=0.96774 fa_class=0.0625
RFALINE c8L-Q400 rep=1 site=cli [RFA] gen=0 fires=34 false=34 false_frac=1.0000 fill_coded=0 fill_src=0 dup_src=34 preempt_src=0 src_n=35 rep_n=33 nu_recv=0.97143 fa_class=0.0625
RFALINE c8L-Q400 rep=1 site=cli [RFA] gen=0 fires=38 false=38 false_frac=1.0000 fill_coded=0 fill_src=0 dup_src=38 preempt_src=0 src_n=39 rep_n=37 nu_recv=0.97436 fa_class=0.0625
RFALINE c8L-Q400 rep=1 site=cli [RFA] gen=0 fires=42 false=42 false_frac=1.0000 fill_coded=0 fill_src=0 dup_src=42 preempt_src=0 src_n=43 rep_n=41 nu_recv=0.97674 fa_class=0.0625
RFALINE c8L-Q400 rep=1 site=cli [RFA] gen=0 fires=45 false=45 false_frac=1.0000 fill_coded=0 fill_src=0 dup_src=45 preempt_src=0 src_n=46 rep_n=44 nu_recv=0.97826 fa_class=0.0625
RFALINE c8L-Q400 rep=1 site=cli [RFA] gen=0 fires=48 false=48 false_frac=1.0000 fill_coded=0 fill_src=0 dup_src=48 preempt_src=0 src_n=49 rep_n=47 nu_recv=0.97959 fa_class=0.0625
RFALINE c8L-Q400 rep=1 site=cli [RFA] gen=0 fires=51 false=51 false_frac=1.0000 fill_coded=0 fill_src=0 dup_src=51 preempt_src=0 src_n=52 rep_n=50 nu_recv=0.98077 fa_class=0.0625
RFALINE c8L-Q400 rep=1 site=cli [RFA] gen=0 fires=54 false=54 false_frac=1.0000 fill_coded=0 fill_src=0 dup_src=54 preempt_src=0 src_n=55 rep_n=53 nu_recv=0.98182 fa_class=0.0625
RFALINE c8L-Q400 rep=1 site=cli [RFA] gen=0 fires=56 false=56 false_frac=1.0000 fill_coded=0 fill_src=0 dup_src=56 preempt_src=0 src_n=57 rep_n=55 nu_recv=0.98246 fa_class=0.0625
RFALINE c8L-Q400 rep=1 site=cli [RFA] gen=0 fires=56 false=56 false_frac=1.0000 fill_coded=0 fill_src=0 dup_src=56 preempt_src=0 src_n=58 rep_n=56 nu_recv=0.96552 fa_class=0.0625
RFALINE c8L-Q400 rep=1 site=srv [RFA] gen=0 fires=4153 false=257 false_frac=0.0619 fill_coded=95 fill_src=3801 dup_src=178 preempt_src=79 src_n=9570 rep_n=185 nu_recv=0.43396 fa_class=0.0625
RFALINE c8L-Q400 rep=1 site=srv [RFA] gen=0 fires=6216 false=402 false_frac=0.0647 fill_coded=152 fill_src=5662 dup_src=288 preempt_src=114 src_n=20099 rep_n=403 nu_recv=0.30927 fa_class=0.0625
RFALINE c8L-Q400 rep=1 site=srv [RFA] gen=0 fires=6385 false=402 false_frac=0.0630 fill_coded=163 fill_src=5820 dup_src=288 preempt_src=114 src_n=29664 rep_n=561 nu_recv=0.21524 fa_class=0.0625
RFALINE c8L-Q400 rep=1 site=srv [RFA] gen=0 fires=6634 false=417 false_frac=0.0629 fill_coded=199 fill_src=6018 dup_src=288 preempt_src=129 src_n=38946 rep_n=774 nu_recv=0.17034 fa_class=0.0625
RFALINE c8L-Q400 rep=1 site=srv [RFA] gen=0 fires=6895 false=452 false_frac=0.0656 fill_coded=244 fill_src=6199 dup_src=288 preempt_src=164 src_n=48475 rep_n=970 nu_recv=0.14224 fa_class=0.0625
RFALINE c8L-Q400 rep=1 site=srv [RFA] gen=0 fires=7206 false=487 false_frac=0.0676 fill_coded=322 fill_src=6397 dup_src=288 preempt_src=199 src_n=57814 rep_n=1223 nu_recv=0.12464 fa_class=0.0625
RFALINE c8L-Q400 rep=1 site=srv [RFA] gen=0 fires=7538 false=543 false_frac=0.0720 fill_coded=392 fill_src=6603 dup_src=288 preempt_src=255 src_n=67179 rep_n=1478 nu_recv=0.11221 fa_class=0.0625
RFALINE c8L-Q400 rep=1 site=srv [RFA] gen=0 fires=7882 false=588 false_frac=0.0746 fill_coded=482 fill_src=6812 dup_src=288 preempt_src=300 src_n=76524 rep_n=1743 nu_recv=0.10300 fa_class=0.0625
RFALINE c8L-Q400 rep=1 site=srv [RFA] gen=0 fires=8177 false=614 false_frac=0.0751 fill_coded=525 fill_src=7038 dup_src=288 preempt_src=326 src_n=85883 rep_n=1995 nu_recv=0.09521 fa_class=0.0625
RFALINE c8L-Q400 rep=1 site=srv [RFA] gen=0 fires=8370 false=644 false_frac=0.0769 fill_coded=555 fill_src=7171 dup_src=288 preempt_src=356 src_n=95318 rep_n=2158 nu_recv=0.08781 fa_class=0.0625
RFALINE c8L-Q400 rep=1 site=srv [RFA] gen=0 fires=8522 false=644 false_frac=0.0756 fill_coded=585 fill_src=7293 dup_src=288 preempt_src=356 src_n=104826 rep_n=2283 nu_recv=0.08130 fa_class=0.0625
RFALINE c8L-Q400 rep=1 site=srv [RFA] gen=0 fires=8769 false=653 false_frac=0.0745 fill_coded=616 fill_src=7500 dup_src=288 preempt_src=365 src_n=114165 rep_n=2502 nu_recv=0.07681 fa_class=0.0625
RFALINE c8L-Q400 rep=1 site=srv [RFA] gen=0 fires=9024 false=667 false_frac=0.0739 fill_coded=661 fill_src=7696 dup_src=288 preempt_src=379 src_n=123639 rep_n=2715 nu_recv=0.07299 fa_class=0.0625
RFALINE c8L-Q400 rep=1 site=srv [RFA] gen=0 fires=9335 false=702 false_frac=0.0752 fill_coded=732 fill_src=7901 dup_src=288 preempt_src=414 src_n=132886 rep_n=2955 nu_recv=0.07025 fa_class=0.0625
RFALINE c8L-Q400 rep=1 site=srv [RFA] gen=0 fires=9561 false=717 false_frac=0.0750 fill_coded=765 fill_src=8079 dup_src=288 preempt_src=429 src_n=142469 rep_n=3154 nu_recv=0.06711 fa_class=0.0625
RFALINE c8L-Q400 rep=1 site=srv [RFA] gen=0 fires=10051 false=769 false_frac=0.0765 fill_coded=863 fill_src=8419 dup_src=288 preempt_src=481 src_n=151693 rep_n=3549 nu_recv=0.06626 fa_class=0.0625
RFALINE c8L-Q400 rep=1 site=srv [RFA] gen=0 fires=10163 false=779 false_frac=0.0767 fill_coded=883 fill_src=8501 dup_src=288 preempt_src=491 src_n=161221 rep_n=3641 nu_recv=0.06304 fa_class=0.0625
DCAPLINE c8L-Q400 rep=1 site=cli [DCAP] on=1 eng=3100/3100 chg=1913/3100 chg_frac=0.6171 pin=0.3829 floor=0.0000 cap=2588.3 ask=7345.7 q=0.100000 b=2.0000
WALLLINE c8L-Q400 rep=1 site=cli [WALL] onset=1.0000 dur_ms=0.1 retx=0 total_ms=17854.7 it_ms=0.100
ALPHAWITNESS {"cell":"c8L","arm":"Q400","alpha":"0.4","seed":42,"rep":1,"rc":0,"mbps":89.842,"band":[45,95],"band_applies":0,"in_band":1,"lossy":1,"qclk_law_n":178693,"rfa_lines":17,"W1_rfa_gen":"0","W2_pfrac_lines":0,"W4_retx_max":4420,"W5_rack_fa":"1809/4436"}
=== rep=1 arm=sc2-CTL alpha=unset seed=42 env="RWM_QUANTILE_CLOCKS=0 RWM_DELTA_CAP=1 RWM_SUM_CAP=1 RWM_RACK_CLOCKS=0 RWM_DERIVED_SWEEP=0 RWM_COMPOSED_CAP=0 RWM_THREE_TERM=0 RWM_STORE_CAP_UNIFIED=0 RWM_LATE_BRAKE=0 RWM_CHARGE_RECOVERY=0 RWM_RELEASE_1TO1=0 RWM_LOSS_SENT_TRUTH=0" cell=c2/c2/single bytes=100000000 17:27:47
[2m2026-08-20T17:27:49.571898Z[0m [32m INFO[0m [2mraptorpath::gates[0m[2m:[0m [GATES] RWM_UNIFIED=1 RWM_UNIFIED_SHED=1 RWM_TAPER_R=1 RWM_ASTAR_ANCHOR=1 RWM_MSTAR_ANCHOR=1 RWM_PLAIN_RS=0 RWM_HONEST_ANCHOR=1 RWM_HONEST_K=0 RWM_STORE_SACK_RELEASE=1 RWM_STORE_PATHS=1 RWM_STORE_PATH_POOL=2048 RWM_STORE=unset RWM_STORE_GAIN=2 RWM_STORE_BOOT=128 RWM_STORE_CAPW=0 RWM_STORE_CAP_UNIFIED=0 RWM_THREE_TERM=0 RWM_COMPOSED_CAP=0 RWM_SUM_CAP=1 RWM_LATE_BRAKE=0 RWM_DELTA_CAP=1 RWM_STORE_PERCAP=0 RWM_PERCAP_GUARD=1 RWM_STORE_BORROW=0 RWM_HONEST_CAP=1 RWM_POOL_ANCHOR=0 RWM_POOL_DELIV=0 RWM_FLOOR_BOUND=0 RWM_ACK_MERGE=1 RWM_LOSS_SENT_TRUTH=0 RWM_RELEASE_1TO1=0 RWM_CHARGE_RECOVERY=0 RWM_PATIENCE_DERIVED=0 RWM_SIDLE_DERIVED=0 RWM_WIN_DECOUPLE=0 RWM_PLACE_SLACK=0 RWM_COLD_PLACE=0 RWM_GEN=384 RWM_PIPELINE=2 RWM_GEN_PIPE=1 RWM_GEN_R=unset RWM_GEN_RATE=9000 RWM_GEN_RATE_FLOOR=2000 RWM_GEN_INFLIGHT=unset RWM_OOO_RETAIN=0/16 RWM_WINDOW=unset RWM_REPORT_GENS=unset RWM_REPAIR_WAIT=unset RWM_CODED_SRC=0 RWM_NO_REACTIVE=0 RWM_XPATH_REPAIR=0 RWM_PROACTIVE_PACER=0 RWM_REASM_BDP=0 RWM_MIN_R=0 RWM_CC_PACE=0 RWM_CC_PACE_HR=1.1 RWM_REACT_CAP=unset RWM_INFL_CAP=0 RWM_INFL_BDP=unset RWM_COPA_FEED=0 RWM_RS_ATTR=1 RWM_EMIT_BATCH=0 RWM_EMIT_BURST=64 RWM_RECOV_MP=1 RWM_RECOV_MP_LAW=1 RWM_RECOV_MP_LIVE=0 RWM_RECOV_SP=0 RWM_DERIVED_SWEEP=0 RWM_RACK_CLOCKS=0 RWM_RACK_REO_MULT=1 RWM_QUANTILE_CLOCKS=0 RWM_ALPHA_OVERRIDE=unset RWM_DIAG=1 RWM_ACKDIAG=1 RWM_ACKDIAG_WINDOW_US=2000000 RWM_WALLDIAG=1 RWM_CPUPROF=0 RWM_RDIAG=0 RWM_FDIAG=1 RWM_TRACE=0 RWM_PFRAC=0
{"bytes":100000000,"dnf":0,"hint":"bulk","max_s":9.1787,"mean_mbps":87.158,"mean_s":9.1787,"median_s":9.1787,"min_s":9.1787,"proto":"rp-native","runs":1,"stdev_s":0.0,"summary":true}
    LATPROBE-LEG leg=0 file=/tmp/rwm-ping-0.txt sent=178 recv=175 censor=1.69% p50=98.1[censor=1.69% ok] p95=105.0[censor=1.69% ok] p99=107.0[censor=1.69% UNSCOREABLE(inside censored tail)]
    LATPROBE: 1 leg(s) /tmp/rwm-ping-0.txt=175 replies
    CPU: CPUSRV=7.61s CPUCLI=6.54s (srv=decoder cli=sender; whole-invocation incl warmup)
    QDISC cli0: qdisc netem a2f1: root refcnt 7 limit 1000 delay 5ms  3ms loss gemodel p 1.3% r 50% 1-h 100% 1-k 0% rate 100Mbit seed 42  Sent 111790809 bytes 90860 pkt (dropped 482, overlimits 0 requeues 0)   backlog 0b 0p requeues 0 
    QDISC srv0: qdisc netem a2f3: root refcnt 7 limit 1000 delay 5ms  3ms rate 100Mbit seed 15440070146767941011  Sent 10874903 bytes 60328 pkt (dropped 0, overlimits 0 requeues 0)   backlog 0b 0p requeues 0 
    QCAP: /tmp/rwm-q.txt 10 lines
RUNTIME sc2-CTL rep=1 12s rc=0
ALPHARESULT {"cell": "sc2", "arm": "CTL", "alpha_cmd": null, "seed": 42, "rep": 1, "n_paths": 1, "dnf": false, "dnf_count": 0, "mbps": 87.158, "mean_mbps": 87.158, "seconds": 9.1787, "n_runs": 1, "cpusrv": 7.61, "cpucli": 6.54, "khr_med": 1.0, "kraw_med": null, "khr_n": 33, "kraw_n": 0, "rtp_med": 11, "occ_p50": 1014, "occcap_p50": 1024, "q_p50": 92, "q_p99": 97, "diag_lines": 36, "retx": 3262, "w1_rfa_gen": "0", "w2_pfrac_lines": 0, "w4_retx_max": 3262, "w5_rack_fa": "2685/3348", "gates_cli_quantile_clocks": 0, "gates_srv_quantile_clocks": 0, "gates_cli_rack_clocks": 0, "gates_srv_rack_clocks": 0, "gates_cli_derived_sweep": 0, "gates_srv_derived_sweep": 0, "gates_cli_delta_cap": 1, "gates_srv_delta_cap": 1, "gates_cli_sum_cap": 1, "gates_srv_sum_cap": 1, "gates_cli_composed_cap": 0, "gates_srv_composed_cap": 0, "gates_cli_three_term": 0, "gates_srv_three_term": 0, "gates_cli_loss_sent_truth": 0, "gates_srv_loss_sent_truth": 0, "gates_cli_gen": null, "gates_srv_gen": null, "gates_cli_diag": 1, "gates_srv_diag": 1, "gates_cli_ackdiag": 1, "gates_srv_ackdiag": 1, "gates_cli_walldiag": 1, "gates_srv_walldiag": 1, "gates_cli_fdiag": 1, "gates_srv_fdiag": 1, "gates_cli_recov_mp": 1, "gates_srv_recov_mp": 1, "gates_cli_cc_pace": 0, "gates_srv_cc_pace": 0, "gates_cli_rack_reo_mult": 1, "gates_srv_rack_reo_mult": 1, "gates_lines_cli": 1, "gates_lines_srv": 1, "gate_quantile_cli": "0", "gate_quantile_srv": "0", "gate_alpha_cli": "unset", "gate_alpha_srv": "unset", "gate_gen_cli": 384, "gate_gen_srv": 384, "qalpha_lines_cli": 2, "qalpha_site_cli": "sender", "qalpha_quantile_cli": 0, "qalpha_contract_cli": 0.001, "qalpha_override_cli": null, "qalpha_cli": 0.001, "qalpha_k_cli": 31.607, "qalpha_lines_srv": 2, "qalpha_site_srv": "sender", "qalpha_quantile_srv": 0, "qalpha_contract_srv": 0.001, "qalpha_override_srv": null, "qalpha_srv": 0.001, "qalpha_k_srv": 31.607, "qclk_cli_lines": 1, "qclk_cli_site": "sender", "qclk_cli_alpha": 0.001, "qclk_cli_k": 31.607, "qclk_cli_w_us_mean": 96021.7, "qclk_cli_srtt_us_mean": 97777.1, "qclk_cli_on": 0, "qclk_cli_evals": 89919, "qclk_cli_kept": 2810, "qclk_cli_w_us_p05": 48194, "qclk_cli_w_us_p50": 100000, "qclk_cli_w_us_p95": 100000, "qclk_cli_w_us_min": 25000, "qclk_cli_w_us_max": 100000, "qclk_cli_law_n": 89919, "qclk_cli_sigma_us_mean": 563.0, "qclk_cli_sigma_n": 85495, "qclk_srv_lines": 9, "qclk_srv_site": "receiver", "qclk_srv_alpha": 1e-05, "qclk_srv_k": 316.2262, "qclk_srv_w_us_mean": 99943.5, "qclk_srv_srtt_us_mean": 100198.2, "qclk_srv_on": 0, "qclk_srv_evals": 72230, "qclk_srv_kept": 2258, "qclk_srv_w_us_p05": 100000, "qclk_srv_w_us_p50": 100000, "qclk_srv_w_us_p95": 100000, "qclk_srv_w_us_min": 30762, "qclk_srv_w_us_max": 100000, "qclk_srv_law_n": 72230, "qclk_srv_sigma_us_mean": 5827.8, "qclk_srv_sigma_n": 72172, "rack_lines_cli": 2, "rack_on_cli": 0, "rack_evals_cli": 0, "rack_ceil_cli": 0.0, "rack_gran_cli": 0.0, "rack_legacy_pin_cli": 0.0, "rack_round_cli": 0.0, "rack_legacy_cli": 0.0, "rack_mult_cli": 1, "rack_fa_n_cli": 2685, "rack_fa_d_cli": 3348, "rack_fa_frac_cli": 0.802, "rack_fa_class_cli": 0.0625, "rack_lines_srv": 0, "rack_on_srv": null, "rack_evals_srv": null, "rack_ceil_srv": null, "rack_gran_srv": null, "rack_legacy_pin_srv": null, "rack_round_srv": null, "rack_legacy_srv": null, "rack_mult_srv": null, "rack_fa_n_srv": null, "rack_fa_d_srv": null, "rack_fa_frac_srv": null, "rack_fa_class_srv": null, "rack_fired": 3348, "rack_spurious": 2685, "rack_fa_frac": 0.802, "rack_fa_class": 0.0625, "rack_round_us": 0.0, "rack_legacy_us": 0.0, "rack_evals": 0, "rack_legacy_pin": 0.0, "rfa_lines": 9, "rfa_gen": 0, "rfa_fires": 3288, "rfa_false": 1093, "rfa_fill_coded": 160, "rfa_fill_src": 2035, "rfa_dup_src": 937, "rfa_preempt_src": 156, "rfa_src_n": 83899, "rfa_rep_n": 416, "rfa_false_frac": 0.3324, "rfa_nu_recv": 0.03919, "rfa_fa_class": 0.0625, "rfa_bracket_lo": 0.3324, "rfa_bracket_hi": 0.872306, "sf_ticks": 1418, "sf_E": 0.9323, "sf_short": 0.0677, "sf_zero": 0.0677, "capboot_n": 33, "capboot_frac": 0.0, "ping_n": 175, "ping_p50": 98.1, "ping_p95": 105.0, "ping_p99": 106.0, "ping_tx": 178, "ping_rx": 175, "ping_loss": 1.69, "ping_censor_frac": 0.0169, "legs_probed": 1, "leg0_n": 175, "leg0_sent": 178, "leg0_recv": 175, "leg0_sent_source": "summary", "leg0_censor_frac": 0.0169, "leg0_censor_pct": 1.69, "leg0_recv_mismatch": false, "leg0_leg_unscoreable": false, "leg0_min": 9.94, "leg0_max": 108.0, "leg0_p50": 98.1, "leg0_p50_censored": false, "leg0_p50_scoreable": true, "leg0_p95": 105.0, "leg0_p95_censored": false, "leg0_p95_scoreable": true, "leg0_p99": 107.0, "leg0_p99_censored": true, "leg0_p99_scoreable": false, "legs_censor_max": 0.0169, "wait_tun": 34, "wait_paused": 35, "wait_pace": 0, "wait_gen": 0, "wait_nack": 29, "wait_defc": 0, "wait_tail": 1, "wait_flush": 0, "wait_lines": 33, "deadwall": false, "sig_us_p50": 1152.0, "sig_us_n": 84330, "sig_us_path": 0, "sig_paths": 1, "pl_n": 33, "pl_max": 0.0, "pl_min": 0.0, "pl_p0": 0.0, "dgq_hand": 87786, "dgq_full": 0, "dgq_err": 0, "dgq_gap": 12, "tc_bytes": 111790809, "tc_pkts": 90860, "tc_drop": 482, "tc_s": 11}
LIVENESS sc2-CTL rep=1 RWM_QUANTILE_CLOCKS=RWM_QUANTILE_CLOCKS=0/RWM_QUANTILE_CLOCKS=0(exp0) RWM_ALPHA_OVERRIDE=RWM_ALPHA_OVERRIDE=unset/RWM_ALPHA_OVERRIDE=unset(expunset) RWM_DELTA_CAP=RWM_DELTA_CAP=1/RWM_DELTA_CAP=1(exp1) RWM_SUM_CAP=RWM_SUM_CAP=1/RWM_SUM_CAP=1(exp1) RWM_RACK_CLOCKS=RWM_RACK_CLOCKS=0/RWM_RACK_CLOCKS=0(exp0) RWM_DERIVED_SWEEP=RWM_DERIVED_SWEEP=0/RWM_DERIVED_SWEEP=0(exp0) RWM_COMPOSED_CAP=RWM_COMPOSED_CAP=0/RWM_COMPOSED_CAP=0(exp0) RWM_THREE_TERM=RWM_THREE_TERM=0/RWM_THREE_TERM=0(exp0) RWM_STORE_CAP_UNIFIED=RWM_STORE_CAP_UNIFIED=0/RWM_STORE_CAP_UNIFIED=0(exp0) RWM_LATE_BRAKE=RWM_LATE_BRAKE=0/RWM_LATE_BRAKE=0(exp0) RWM_CHARGE_RECOVERY=RWM_CHARGE_RECOVERY=0/RWM_CHARGE_RECOVERY=0(exp0) RWM_RELEASE_1TO1=RWM_RELEASE_1TO1=0/RWM_RELEASE_1TO1=0(exp0) RWM_LOSS_SENT_TRUTH=RWM_LOSS_SENT_TRUTH=0/RWM_LOSS_SENT_TRUTH=0(exp0) RWM_DIAG=RWM_DIAG=1/RWM_DIAG=1(exp1) RWM_ACKDIAG=RWM_ACKDIAG=1/RWM_ACKDIAG=1(exp1) RWM_WALLDIAG=RWM_WALLDIAG=1/RWM_WALLDIAG=1(exp1) RWM_FDIAG=RWM_FDIAG=1/RWM_FDIAG=1(exp1)
QALPHALINE sc2-CTL rep=1 site=cli [QALPHA] site=sender quantile=0 contract_alpha=1.000000e-3 override=unset alpha=1.000000e-3 k=31.6070 fa_class=0.0625
QALPHALINE sc2-CTL rep=1 site=srv [QALPHA] site=receiver quantile=0 contract_alpha=1.000000e-5 override=unset alpha=1.000000e-5 k=316.2262 fa_class=0.0625
QCLKLINE sc2-CTL rep=1 site=cli [QCLK] site=sender on=0 alpha=1.000000e-3 k=31.6070 evals=89919 law_n=89919 kept=2810 w_us_mean=96021.7 w_us_p05=48194 w_us_p50=100000 w_us_p95=100000 w_us_min=25000 w_us_max=100000 srtt_us_mean=97777.1 sigma_us_mean=563.0/n85495 fa_class=0.0625
QCLKLINE sc2-CTL rep=1 site=srv [QCLK] site=receiver on=0 alpha=1.000000e-5 k=316.2262 evals=4999 law_n=4999 kept=2500 w_us_mean=99183.8 w_us_p05=100000 w_us_p50=100000 w_us_p95=100000 w_us_min=30762 w_us_max=100000 srtt_us_mean=72757.7 sigma_us_mean=33536.2/n4941 fa_class=0.0625
QCLKLINE sc2-CTL rep=1 site=srv [QCLK] site=receiver on=0 alpha=1.000000e-5 k=316.2262 evals=12527 law_n=12527 kept=3132 w_us_mean=99674.3 w_us_p05=100000 w_us_p50=100000 w_us_p95=100000 w_us_min=30762 w_us_max=100000 srtt_us_mean=87929.5 sigma_us_mean=19633.5/n12469 fa_class=0.0625
QCLKLINE sc2-CTL rep=1 site=srv [QCLK] site=receiver on=0 alpha=1.000000e-5 k=316.2262 evals=21729 law_n=21729 kept=2717 w_us_mean=99812.2 w_us_p05=100000 w_us_p50=100000 w_us_p95=100000 w_us_min=30762 w_us_max=100000 srtt_us_mean=94106.4 sigma_us_mean=12432.3/n21671 fa_class=0.0625
QCLKLINE sc2-CTL rep=1 site=srv [QCLK] site=receiver on=0 alpha=1.000000e-5 k=316.2262 evals=29841 law_n=29841 kept=3731 w_us_mean=99863.3 w_us_p05=100000 w_us_p50=100000 w_us_p95=100000 w_us_min=30762 w_us_max=100000 srtt_us_mean=96554.5 sigma_us_mean=9541.1/n29783 fa_class=0.0625
QCLKLINE sc2-CTL rep=1 site=srv [QCLK] site=receiver on=0 alpha=1.000000e-5 k=316.2262 evals=38382 law_n=38382 kept=2399 w_us_mean=99893.7 w_us_p05=100000 w_us_p50=100000 w_us_p95=100000 w_us_min=30762 w_us_max=100000 srtt_us_mean=97890.8 sigma_us_mean=8011.8/n38324 fa_class=0.0625
QCLKLINE sc2-CTL rep=1 site=srv [QCLK] site=receiver on=0 alpha=1.000000e-5 k=316.2262 evals=46703 law_n=46703 kept=2919 w_us_mean=99912.6 w_us_p05=100000 w_us_p50=100000 w_us_p95=100000 w_us_min=30762 w_us_max=100000 srtt_us_mean=98914.0 sigma_us_mean=7172.5/n46645 fa_class=0.0625
QCLKLINE sc2-CTL rep=1 site=srv [QCLK] site=receiver on=0 alpha=1.000000e-5 k=316.2262 evals=55110 law_n=55110 kept=3445 w_us_mean=99926.0 w_us_p05=100000 w_us_p50=100000 w_us_p95=100000 w_us_min=30762 w_us_max=100000 srtt_us_mean=99582.6 sigma_us_mean=6580.3/n55052 fa_class=0.0625
QCLKLINE sc2-CTL rep=1 site=srv [QCLK] site=receiver on=0 alpha=1.000000e-5 k=316.2262 evals=63374 law_n=63374 kept=3961 w_us_mean=99935.6 w_us_p05=100000 w_us_p50=100000 w_us_p95=100000 w_us_min=30762 w_us_max=100000 srtt_us_mean=99884.7 sigma_us_mean=6249.8/n63316 fa_class=0.0625
QCLKLINE sc2-CTL rep=1 site=srv [QCLK] site=receiver on=0 alpha=1.000000e-5 k=316.2262 evals=72230 law_n=72230 kept=2258 w_us_mean=99943.5 w_us_p05=100000 w_us_p50=100000 w_us_p95=100000 w_us_min=30762 w_us_max=100000 srtt_us_mean=100198.2 sigma_us_mean=5827.8/n72172 fa_class=0.0625
RACKLINE sc2-CTL rep=1 site=cli [RACK] on=0 evals=0 ceil=0.0000 gran=0.0000 legacy_pin=0.0000 round=0.0 legacy=0.0 mult=1 fa=57/57 fa_frac=1.0000 fa_class=0.0625
RACKLINE sc2-CTL rep=1 site=cli [RACK] on=0 evals=0 ceil=0.0000 gran=0.0000 legacy_pin=0.0000 round=0.0 legacy=0.0 mult=1 fa=2685/3348 fa_frac=0.8020 fa_class=0.0625
RFALINE sc2-CTL rep=1 site=cli [RFA] gen=0 fires=13 false=13 false_frac=1.0000 fill_coded=0 fill_src=0 dup_src=13 preempt_src=0 src_n=14 rep_n=6 nu_recv=0.92857 fa_class=0.0625
RFALINE sc2-CTL rep=1 site=cli [RFA] gen=0 fires=22 false=22 false_frac=1.0000 fill_coded=0 fill_src=0 dup_src=22 preempt_src=0 src_n=23 rep_n=15 nu_recv=0.95652 fa_class=0.0625
RFALINE sc2-CTL rep=1 site=cli [RFA] gen=0 fires=27 false=27 false_frac=1.0000 fill_coded=0 fill_src=0 dup_src=27 preempt_src=0 src_n=28 rep_n=20 nu_recv=0.96429 fa_class=0.0625
RFALINE sc2-CTL rep=1 site=cli [RFA] gen=0 fires=32 false=32 false_frac=1.0000 fill_coded=0 fill_src=0 dup_src=32 preempt_src=0 src_n=33 rep_n=25 nu_recv=0.96970 fa_class=0.0625
RFALINE sc2-CTL rep=1 site=cli [RFA] gen=0 fires=37 false=37 false_frac=1.0000 fill_coded=0 fill_src=0 dup_src=37 preempt_src=0 src_n=38 rep_n=30 nu_recv=0.97368 fa_class=0.0625
RFALINE sc2-CTL rep=1 site=cli [RFA] gen=0 fires=42 false=42 false_frac=1.0000 fill_coded=0 fill_src=0 dup_src=42 preempt_src=0 src_n=43 rep_n=35 nu_recv=0.97674 fa_class=0.0625
RFALINE sc2-CTL rep=1 site=cli [RFA] gen=0 fires=47 false=47 false_frac=1.0000 fill_coded=0 fill_src=0 dup_src=47 preempt_src=0 src_n=48 rep_n=40 nu_recv=0.97917 fa_class=0.0625
RFALINE sc2-CTL rep=1 site=cli [RFA] gen=0 fires=53 false=53 false_frac=1.0000 fill_coded=0 fill_src=0 dup_src=53 preempt_src=0 src_n=54 rep_n=46 nu_recv=0.98148 fa_class=0.0625
RFALINE sc2-CTL rep=1 site=cli [RFA] gen=0 fires=57 false=57 false_frac=1.0000 fill_coded=0 fill_src=0 dup_src=57 preempt_src=0 src_n=59 rep_n=51 nu_recv=0.96610 fa_class=0.0625
RFALINE sc2-CTL rep=1 site=srv [RFA] gen=0 fires=462 false=320 false_frac=0.6926 fill_coded=0 fill_src=142 dup_src=320 preempt_src=0 src_n=7216 rep_n=14 nu_recv=0.06402 fa_class=0.0625
RFALINE sc2-CTL rep=1 site=srv [RFA] gen=0 fires=715 false=384 false_frac=0.5371 fill_coded=11 fill_src=320 dup_src=373 preempt_src=11 src_n=16851 rep_n=52 nu_recv=0.04243 fa_class=0.0625
RFALINE sc2-CTL rep=1 site=srv [RFA] gen=0 fires=1082 false=466 false_frac=0.4307 fill_coded=33 fill_src=583 dup_src=433 preempt_src=33 src_n=26434 rep_n=99 nu_recv=0.04093 fa_class=0.0625
RFALINE sc2-CTL rep=1 site=srv [RFA] gen=0 fires=1354 false=533 false_frac=0.3936 fill_coded=39 fill_src=782 dup_src=494 preempt_src=39 src_n=36002 rep_n=139 nu_recv=0.03761 fa_class=0.0625
RFALINE sc2-CTL rep=1 site=srv [RFA] gen=0 fires=1668 false=627 false_frac=0.3759 fill_coded=61 fill_src=980 dup_src=566 preempt_src=61 src_n=45650 rep_n=190 nu_recv=0.03654 fa_class=0.0625
RFALINE sc2-CTL rep=1 site=srv [RFA] gen=0 fires=1981 false=716 false_frac=0.3614 fill_coded=77 fill_src=1188 dup_src=639 preempt_src=77 src_n=55123 rep_n=242 nu_recv=0.03594 fa_class=0.0625
RFALINE sc2-CTL rep=1 site=srv [RFA] gen=0 fires=2323 false=793 false_frac=0.3414 fill_coded=94 fill_src=1436 dup_src=701 preempt_src=92 src_n=64811 rep_n=288 nu_recv=0.03584 fa_class=0.0625
RFALINE sc2-CTL rep=1 site=srv [RFA] gen=0 fires=2755 false=933 false_frac=0.3387 fill_coded=127 fill_src=1695 dup_src=809 preempt_src=124 src_n=74236 rep_n=345 nu_recv=0.03711 fa_class=0.0625
RFALINE sc2-CTL rep=1 site=srv [RFA] gen=0 fires=3288 false=1093 false_frac=0.3324 fill_coded=160 fill_src=2035 dup_src=937 preempt_src=156 src_n=83899 rep_n=416 nu_recv=0.03919 fa_class=0.0625
DCAPLINE sc2-CTL rep=1 site=cli [DCAP] on=1 eng=0/0 chg=0/0 chg_frac=0.0000 pin=0.0000 floor=0.0000 cap=0.0 ask=0.0 q=0.100000 b=2.0000
WALLLINE sc2-CTL rep=1 site=cli [WALL] onset=0.9883 dur_ms=107.7 retx=47 total_ms=9189.8 it_ms=0.102
ALPHAWITNESS {"cell":"sc2","arm":"CTL","alpha":"unset","seed":42,"rep":1,"rc":0,"mbps":87.158,"band":[78,92],"band_applies":1,"in_band":1,"lossy":1,"qclk_law_n":89919,"rfa_lines":9,"W1_rfa_gen":"0","W2_pfrac_lines":0,"W4_retx_max":3262,"W5_rack_fa":"2685/3348"}
=== rep=1 arm=sc2-Q002 alpha=0.002 seed=42 env="RWM_QUANTILE_CLOCKS=1 RWM_ALPHA_OVERRIDE=0.002 RWM_DELTA_CAP=1 RWM_SUM_CAP=1 RWM_RACK_CLOCKS=0 RWM_DERIVED_SWEEP=0 RWM_COMPOSED_CAP=0 RWM_THREE_TERM=0 RWM_STORE_CAP_UNIFIED=0 RWM_LATE_BRAKE=0 RWM_CHARGE_RECOVERY=0 RWM_RELEASE_1TO1=0 RWM_LOSS_SENT_TRUTH=0" cell=c2/c2/single bytes=100000000 17:27:59
[2m2026-08-20T17:28:01.067663Z[0m [32m INFO[0m [2mraptorpath::gates[0m[2m:[0m [GATES] RWM_UNIFIED=1 RWM_UNIFIED_SHED=1 RWM_TAPER_R=1 RWM_ASTAR_ANCHOR=1 RWM_MSTAR_ANCHOR=1 RWM_PLAIN_RS=0 RWM_HONEST_ANCHOR=1 RWM_HONEST_K=0 RWM_STORE_SACK_RELEASE=1 RWM_STORE_PATHS=1 RWM_STORE_PATH_POOL=2048 RWM_STORE=unset RWM_STORE_GAIN=2 RWM_STORE_BOOT=128 RWM_STORE_CAPW=0 RWM_STORE_CAP_UNIFIED=0 RWM_THREE_TERM=0 RWM_COMPOSED_CAP=0 RWM_SUM_CAP=1 RWM_LATE_BRAKE=0 RWM_DELTA_CAP=1 RWM_STORE_PERCAP=0 RWM_PERCAP_GUARD=1 RWM_STORE_BORROW=0 RWM_HONEST_CAP=1 RWM_POOL_ANCHOR=0 RWM_POOL_DELIV=0 RWM_FLOOR_BOUND=0 RWM_ACK_MERGE=1 RWM_LOSS_SENT_TRUTH=0 RWM_RELEASE_1TO1=0 RWM_CHARGE_RECOVERY=0 RWM_PATIENCE_DERIVED=0 RWM_SIDLE_DERIVED=0 RWM_WIN_DECOUPLE=0 RWM_PLACE_SLACK=0 RWM_COLD_PLACE=0 RWM_GEN=384 RWM_PIPELINE=2 RWM_GEN_PIPE=1 RWM_GEN_R=unset RWM_GEN_RATE=9000 RWM_GEN_RATE_FLOOR=2000 RWM_GEN_INFLIGHT=unset RWM_OOO_RETAIN=0/16 RWM_WINDOW=unset RWM_REPORT_GENS=unset RWM_REPAIR_WAIT=unset RWM_CODED_SRC=0 RWM_NO_REACTIVE=0 RWM_XPATH_REPAIR=0 RWM_PROACTIVE_PACER=0 RWM_REASM_BDP=0 RWM_MIN_R=0 RWM_CC_PACE=0 RWM_CC_PACE_HR=1.1 RWM_REACT_CAP=unset RWM_INFL_CAP=0 RWM_INFL_BDP=unset RWM_COPA_FEED=0 RWM_RS_ATTR=1 RWM_EMIT_BATCH=0 RWM_EMIT_BURST=64 RWM_RECOV_MP=1 RWM_RECOV_MP_LAW=1 RWM_RECOV_MP_LIVE=0 RWM_RECOV_SP=0 RWM_DERIVED_SWEEP=0 RWM_RACK_CLOCKS=0 RWM_RACK_REO_MULT=1 RWM_QUANTILE_CLOCKS=1 RWM_ALPHA_OVERRIDE=0.002 RWM_DIAG=1 RWM_ACKDIAG=1 RWM_ACKDIAG_WINDOW_US=2000000 RWM_WALLDIAG=1 RWM_CPUPROF=0 RWM_RDIAG=0 RWM_FDIAG=1 RWM_TRACE=0 RWM_PFRAC=0
{"bytes":100000000,"dnf":0,"hint":"bulk","max_s":9.2307,"mean_mbps":86.667,"mean_s":9.2307,"median_s":9.2307,"min_s":9.2307,"proto":"rp-native","runs":1,"stdev_s":0.0,"summary":true}
    LATPROBE-LEG leg=0 file=/tmp/rwm-ping-0.txt sent=184 recv=179 censor=2.72% p50=67.8[censor=2.72% ok] p95=72.8[censor=2.72% ok] p99=73.6[censor=2.72% UNSCOREABLE(inside censored tail)]
    LATPROBE: 1 leg(s) /tmp/rwm-ping-0.txt=179 replies
    CPU: CPUSRV=7.60s CPUCLI=6.28s (srv=decoder cli=sender; whole-invocation incl warmup)
    QDISC cli0: qdisc netem a2f5: root refcnt 7 limit 1000 delay 5ms  3ms loss gemodel p 1.3% r 50% 1-h 100% 1-k 0% rate 100Mbit seed 42  Sent 111694563 bytes 86293 pkt (dropped 324, overlimits 0 requeues 0)   backlog 0b 0p requeues 0 
    QDISC srv0: qdisc netem a2f7: root refcnt 7 limit 1000 delay 5ms  3ms rate 100Mbit seed 16450216712693054350  Sent 10807222 bytes 61711 pkt (dropped 0, overlimits 0 requeues 0)   backlog 0b 0p requeues 0 
    QCAP: /tmp/rwm-q.txt 10 lines
RUNTIME sc2-Q002 rep=1 11s rc=0
ALPHARESULT {"cell": "sc2", "arm": "Q002", "alpha_cmd": 0.002, "seed": 42, "rep": 1, "n_paths": 1, "dnf": false, "dnf_count": 0, "mbps": 86.667, "mean_mbps": 86.667, "seconds": 9.2307, "n_runs": 1, "cpusrv": 7.6, "cpucli": 6.28, "khr_med": 1.0, "kraw_med": null, "khr_n": 33, "kraw_n": 0, "rtp_med": 16, "occ_p50": 1011, "occcap_p50": 1024, "q_p50": 88, "q_p99": 98, "diag_lines": 36, "retx": 2773, "w1_rfa_gen": "0", "w2_pfrac_lines": 0, "w4_retx_max": 2773, "w5_rack_fa": "2202/2977", "gates_cli_quantile_clocks": 1, "gates_srv_quantile_clocks": 1, "gates_cli_rack_clocks": 0, "gates_srv_rack_clocks": 0, "gates_cli_derived_sweep": 0, "gates_srv_derived_sweep": 0, "gates_cli_delta_cap": 1, "gates_srv_delta_cap": 1, "gates_cli_sum_cap": 1, "gates_srv_sum_cap": 1, "gates_cli_composed_cap": 0, "gates_srv_composed_cap": 0, "gates_cli_three_term": 0, "gates_srv_three_term": 0, "gates_cli_loss_sent_truth": 0, "gates_srv_loss_sent_truth": 0, "gates_cli_gen": null, "gates_srv_gen": null, "gates_cli_diag": 1, "gates_srv_diag": 1, "gates_cli_ackdiag": 1, "gates_srv_ackdiag": 1, "gates_cli_walldiag": 1, "gates_srv_walldiag": 1, "gates_cli_fdiag": 1, "gates_srv_fdiag": 1, "gates_cli_recov_mp": 1, "gates_srv_recov_mp": 1, "gates_cli_cc_pace": 0, "gates_srv_cc_pace": 0, "gates_cli_rack_reo_mult": 1, "gates_srv_rack_reo_mult": 1, "gates_lines_cli": 1, "gates_lines_srv": 1, "gate_quantile_cli": "1", "gate_quantile_srv": "1", "gate_alpha_cli": "0.002", "gate_alpha_srv": "0.002", "gate_gen_cli": 384, "gate_gen_srv": 384, "qalpha_lines_cli": 2, "qalpha_site_cli": "sender", "qalpha_quantile_cli": 1, "qalpha_contract_cli": 0.001, "qalpha_override_cli": 0.002, "qalpha_cli": 0.002, "qalpha_k_cli": 22.3383, "qalpha_lines_srv": 2, "qalpha_site_srv": "sender", "qalpha_quantile_srv": 1, "qalpha_contract_srv": 0.001, "qalpha_override_srv": 0.002, "qalpha_srv": 0.002, "qalpha_k_srv": 22.3383, "qclk_cli_lines": 1, "qclk_cli_site": "sender", "qclk_cli_alpha": 0.002, "qclk_cli_k": 22.3383, "qclk_cli_w_us_mean": 116429.6, "qclk_cli_srtt_us_mean": 102846.5, "qclk_cli_on": 1, "qclk_cli_evals": 89947, "qclk_cli_kept": 2636, "qclk_cli_w_us_p05": 103807, "qclk_cli_w_us_p50": 113637, "qclk_cli_w_us_p95": 134841, "qclk_cli_w_us_min": 42390, "qclk_cli_w_us_max": 610666, "qclk_cli_law_n": 84362, "qclk_cli_sigma_us_mean": 608.1, "qclk_cli_sigma_n": 84362, "qclk_srv_lines": 9, "qclk_srv_site": "receiver", "qclk_srv_alpha": 0.002, "qclk_srv_k": 22.3383, "qclk_srv_w_us_mean": 696329.1, "qclk_srv_srtt_us_mean": 84000.3, "qclk_srv_on": 1, "qclk_srv_evals": 67155, "qclk_srv_kept": 2099, "qclk_srv_w_us_p05": 224134, "qclk_srv_w_us_p50": 754443, "qclk_srv_w_us_p95": 1142104, "qclk_srv_w_us_min": 180553, "qclk_srv_w_us_max": 1409807, "qclk_srv_law_n": 67155, "qclk_srv_sigma_us_mean": 27411.6, "qclk_srv_sigma_n": 67155, "rack_lines_cli": 2, "rack_on_cli": 0, "rack_evals_cli": 0, "rack_ceil_cli": 0.0, "rack_gran_cli": 0.0, "rack_legacy_pin_cli": 0.0, "rack_round_cli": 0.0, "rack_legacy_cli": 0.0, "rack_mult_cli": 1, "rack_fa_n_cli": 2202, "rack_fa_d_cli": 2977, "rack_fa_frac_cli": 0.7397, "rack_fa_class_cli": 0.0625, "rack_lines_srv": 0, "rack_on_srv": null, "rack_evals_srv": null, "rack_ceil_srv": null, "rack_gran_srv": null, "rack_legacy_pin_srv": null, "rack_round_srv": null, "rack_legacy_srv": null, "rack_mult_srv": null, "rack_fa_n_srv": null, "rack_fa_d_srv": null, "rack_fa_frac_srv": null, "rack_fa_class_srv": null, "rack_fired": 2977, "rack_spurious": 2202, "rack_fa_frac": 0.7397, "rack_fa_class": 0.0625, "rack_round_us": 0.0, "rack_legacy_us": 0.0, "rack_evals": 0, "rack_legacy_pin": 0.0, "rfa_lines": 9, "rfa_gen": 0, "rfa_fires": 2758, "rfa_false": 1023, "rfa_fill_coded": 109, "rfa_fill_src": 1626, "rfa_dup_src": 914, "rfa_preempt_src": 109, "rfa_src_n": 83406, "rfa_rep_n": 333, "rfa_false_frac": 0.3709, "rfa_nu_recv": 0.03307, "rfa_fa_class": 0.0625, "rfa_bracket_lo": 0.3709, "rfa_bracket_hi": 0.90371, "sf_ticks": 1415, "sf_E": 0.9102, "sf_short": 0.0898, "sf_zero": 0.0898, "capboot_n": 33, "capboot_frac": 0.0, "ping_n": 179, "ping_p50": 67.8, "ping_p95": 72.8, "ping_p99": 73.0, "ping_tx": 184, "ping_rx": 179, "ping_loss": 2.72, "ping_censor_frac": 0.0272, "legs_probed": 1, "leg0_n": 179, "leg0_sent": 184, "leg0_recv": 179, "leg0_sent_source": "summary", "leg0_censor_frac": 0.0272, "leg0_censor_pct": 2.72, "leg0_recv_mismatch": false, "leg0_leg_unscoreable": false, "leg0_min": 8.99, "leg0_max": 74.5, "leg0_p50": 67.8, "leg0_p50_censored": false, "leg0_p50_scoreable": true, "leg0_p95": 72.8, "leg0_p95_censored": false, "leg0_p95_scoreable": true, "leg0_p99": 73.6, "leg0_p99_censored": true, "leg0_p99_scoreable": false, "legs_censor_max": 0.0272, "wait_tun": 33, "wait_paused": 38, "wait_pace": 0, "wait_gen": 0, "wait_nack": 30, "wait_defc": 0, "wait_tail": 0, "wait_flush": 0, "wait_lines": 33, "deadwall": false, "sig_us_p50": 654.0, "sig_us_n": 83807, "sig_us_path": 0, "sig_paths": 1, "pl_n": 33, "pl_max": 0.0, "pl_min": 0.0, "pl_p0": 0.0, "dgq_hand": 86710, "dgq_full": 0, "dgq_err": 0, "dgq_gap": 350, "tc_bytes": 111694563, "tc_pkts": 86293, "tc_drop": 324, "tc_s": 11}
LIVENESS sc2-Q002 rep=1 RWM_QUANTILE_CLOCKS=RWM_QUANTILE_CLOCKS=1/RWM_QUANTILE_CLOCKS=1(exp1) RWM_ALPHA_OVERRIDE=RWM_ALPHA_OVERRIDE=0.002/RWM_ALPHA_OVERRIDE=0.002(exp0.002) RWM_DELTA_CAP=RWM_DELTA_CAP=1/RWM_DELTA_CAP=1(exp1) RWM_SUM_CAP=RWM_SUM_CAP=1/RWM_SUM_CAP=1(exp1) RWM_RACK_CLOCKS=RWM_RACK_CLOCKS=0/RWM_RACK_CLOCKS=0(exp0) RWM_DERIVED_SWEEP=RWM_DERIVED_SWEEP=0/RWM_DERIVED_SWEEP=0(exp0) RWM_COMPOSED_CAP=RWM_COMPOSED_CAP=0/RWM_COMPOSED_CAP=0(exp0) RWM_THREE_TERM=RWM_THREE_TERM=0/RWM_THREE_TERM=0(exp0) RWM_STORE_CAP_UNIFIED=RWM_STORE_CAP_UNIFIED=0/RWM_STORE_CAP_UNIFIED=0(exp0) RWM_LATE_BRAKE=RWM_LATE_BRAKE=0/RWM_LATE_BRAKE=0(exp0) RWM_CHARGE_RECOVERY=RWM_CHARGE_RECOVERY=0/RWM_CHARGE_RECOVERY=0(exp0) RWM_RELEASE_1TO1=RWM_RELEASE_1TO1=0/RWM_RELEASE_1TO1=0(exp0) RWM_LOSS_SENT_TRUTH=RWM_LOSS_SENT_TRUTH=0/RWM_LOSS_SENT_TRUTH=0(exp0) RWM_DIAG=RWM_DIAG=1/RWM_DIAG=1(exp1) RWM_ACKDIAG=RWM_ACKDIAG=1/RWM_ACKDIAG=1(exp1) RWM_WALLDIAG=RWM_WALLDIAG=1/RWM_WALLDIAG=1(exp1) RWM_FDIAG=RWM_FDIAG=1/RWM_FDIAG=1(exp1)
QALPHALINE sc2-Q002 rep=1 site=cli [QALPHA] site=sender quantile=1 contract_alpha=1.000000e-3 override=2.000000e-3 alpha=2.000000e-3 k=22.3383 fa_class=0.0625
QALPHALINE sc2-Q002 rep=1 site=srv [QALPHA] site=receiver quantile=1 contract_alpha=1.000000e-5 override=2.000000e-3 alpha=2.000000e-3 k=22.3383 fa_class=0.0625[2m2026-08-20T17:28:01.087548Z[0m [32m INFO[0m [2mraptorpath::net[0m[2m:[0m M* peer-report RTT-feed suppression ACTIVE (RWM_MSTAR_ANCHOR plain-live subset: local-echo-only RTT feed + estimator seed-from-sample)
QCLKLINE sc2-Q002 rep=1 site=cli [QCLK] site=sender on=1 alpha=2.000000e-3 k=22.3383 evals=89947 law_n=84362 kept=2636 w_us_mean=116429.6 w_us_p05=103807 w_us_p50=113637 w_us_p95=134841 w_us_min=42390 w_us_max=610666 srtt_us_mean=102846.5 sigma_us_mean=608.1/n84362 fa_class=0.0625
QCLKLINE sc2-Q002 rep=1 site=srv [QCLK] site=receiver on=1 alpha=2.000000e-3 k=22.3383 evals=4739 law_n=4739 kept=2370 w_us_mean=1144415.6 w_us_p05=1142104 w_us_p50=1142104 w_us_p95=1142104 w_us_min=1142104 w_us_max=1409807 srtt_us_mean=63311.3 sigma_us_mean=48396.9/n4739 fa_class=0.0625
QCLKLINE sc2-Q002 rep=1 site=srv [QCLK] site=receiver on=1 alpha=2.000000e-3 k=22.3383 evals=11938 law_n=11938 kept=2985 w_us_mean=1124125.5 w_us_p05=999735 w_us_p50=1142104 w_us_p95=1142104 w_us_min=999735 w_us_max=1409807 srtt_us_mean=64436.1 sigma_us_mean=47438.2/n11938 fa_class=0.0625
QCLKLINE sc2-Q002 rep=1 site=srv [QCLK] site=receiver on=1 alpha=2.000000e-3 k=22.3383 evals=20863 law_n=20863 kept=2608 w_us_mean=1069500.5 w_us_p05=999735 w_us_p50=999735 w_us_p95=1142104 w_us_min=858132 w_us_max=1409807 srtt_us_mean=67770.0 sigma_us_mean=44843.6/n20863 fa_class=0.0625
QCLKLINE sc2-Q002 rep=1 site=srv [QCLK] site=receiver on=1 alpha=2.000000e-3 k=22.3383 evals=28123 law_n=28123 kept=3516 w_us_mean=1014218.3 w_us_p05=858132 w_us_p50=999735 w_us_p95=1142104 w_us_min=754443 w_us_max=1409807 srtt_us_mean=70688.4 sigma_us_mean=42238.2/n28123 fa_class=0.0625
QCLKLINE sc2-Q002 rep=1 site=srv [QCLK] site=receiver on=1 alpha=2.000000e-3 k=22.3383 evals=35746 law_n=35746 kept=2235 w_us_mean=954541.7 w_us_p05=754443 w_us_p50=999735 w_us_p95=1142104 w_us_min=627897 w_us_max=1409807 srtt_us_mean=73924.0 sigma_us_mean=39421.9/n35746 fa_class=0.0625
QCLKLINE sc2-Q002 rep=1 site=srv [QCLK] site=receiver on=1 alpha=2.000000e-3 k=22.3383 evals=44403 law_n=44403 kept=2776 w_us_mean=884160.5 w_us_p05=535832 w_us_p50=858132 w_us_p95=1142104 w_us_min=535832 w_us_max=1409807 srtt_us_mean=77135.6 sigma_us_mean=36127.4/n44403 fa_class=0.0625
QCLKLINE sc2-Q002 rep=1 site=srv [QCLK] site=receiver on=1 alpha=2.000000e-3 k=22.3383 evals=52367 law_n=52367 kept=3273 w_us_mean=816302.5 w_us_p05=436040 w_us_p50=858132 w_us_p95=1142104 w_us_min=370128 w_us_max=1409807 srtt_us_mean=79762.1 sigma_us_mean=32972.1/n52367 fa_class=0.0625
QCLKLINE sc2-Q002 rep=1 site=srv [QCLK] site=receiver on=1 alpha=2.000000e-3 k=22.3383 evals=60652 law_n=60652 kept=3791 w_us_mean=746903.2 w_us_p05=270731 w_us_p50=754443 w_us_p95=1142104 w_us_min=264951 w_us_max=1409807 srtt_us_mean=82221.0 sigma_us_mean=29755.3/n60652 fa_class=0.0625
QCLKLINE sc2-Q002 rep=1 site=srv [QCLK] site=receiver on=1 alpha=2.000000e-3 k=22.3383 evals=67155 law_n=67155 kept=2099 w_us_mean=696329.1 w_us_p05=224134 w_us_p50=754443 w_us_p95=1142104 w_us_min=180553 w_us_max=1409807 srtt_us_mean=84000.3 sigma_us_mean=27411.6/n67155 fa_class=0.0625
RACKLINE sc2-Q002 rep=1 site=cli [RACK] on=0 evals=0 ceil=0.0000 gran=0.0000 legacy_pin=0.0000 round=0.0 legacy=0.0 mult=1 fa=24/24 fa_frac=1.0000 fa_class=0.0625
RACKLINE sc2-Q002 rep=1 site=cli [RACK] on=0 evals=0 ceil=0.0000 gran=0.0000 legacy_pin=0.0000 round=0.0 legacy=0.0 mult=1 fa=2202/2977 fa_frac=0.7397 fa_class=0.0625
RFALINE sc2-Q002 rep=1 site=cli [RFA] gen=0 fires=9 false=9 false_frac=1.0000 fill_coded=0 fill_src=0 dup_src=9 preempt_src=0 src_n=10 rep_n=0 nu_recv=0.90000 fa_class=0.0625
RFALINE sc2-Q002 rep=1 site=cli [RFA] gen=0 fires=10 false=10 false_frac=1.0000 fill_coded=0 fill_src=0 dup_src=10 preempt_src=0 src_n=11 rep_n=1 nu_recv=0.90909 fa_class=0.0625
RFALINE sc2-Q002 rep=1 site=cli [RFA] gen=0 fires=11 false=11 false_frac=1.0000 fill_coded=0 fill_src=0 dup_src=11 preempt_src=0 src_n=12 rep_n=2 nu_recv=0.91667 fa_class=0.0625
RFALINE sc2-Q002 rep=1 site=cli [RFA] gen=0 fires=13 false=13 false_frac=1.0000 fill_coded=0 fill_src=0 dup_src=13 preempt_src=0 src_n=14 rep_n=4 nu_recv=0.92857 fa_class=0.0625
RFALINE sc2-Q002 rep=1 site=cli [RFA] gen=0 fires=15 false=15 false_frac=1.0000 fill_coded=0 fill_src=0 dup_src=15 preempt_src=0 src_n=16 rep_n=6 nu_recv=0.93750 fa_class=0.0625
RFALINE sc2-Q002 rep=1 site=cli [RFA] gen=0 fires=18 false=18 false_frac=1.0000 fill_coded=0 fill_src=0 dup_src=18 preempt_src=0 src_n=19 rep_n=9 nu_recv=0.94737 fa_class=0.0625
RFALINE sc2-Q002 rep=1 site=cli [RFA] gen=0 fires=23 false=23 false_frac=1.0000 fill_coded=0 fill_src=0 dup_src=23 preempt_src=0 src_n=24 rep_n=14 nu_recv=0.95833 fa_class=0.0625
RFALINE sc2-Q002 rep=1 site=cli [RFA] gen=0 fires=24 false=24 false_frac=1.0000 fill_coded=0 fill_src=0 dup_src=24 preempt_src=0 src_n=26 rep_n=16 nu_recv=0.92308 fa_class=0.0625
RFALINE sc2-Q002 rep=1 site=srv [RFA] gen=0 fires=536 false=440 false_frac=0.8209 fill_coded=1 fill_src=95 dup_src=439 preempt_src=1 src_n=6648 rep_n=6 nu_recv=0.08063 fa_class=0.0625
RFALINE sc2-Q002 rep=1 site=srv [RFA] gen=0 fires=822 false=501 false_frac=0.6095 fill_coded=8 fill_src=313 dup_src=493 preempt_src=8 src_n=16256 rep_n=44 nu_recv=0.05057 fa_class=0.0625
RFALINE sc2-Q002 rep=1 site=srv [RFA] gen=0 fires=1188 false=593 false_frac=0.4992 fill_coded=24 fill_src=571 dup_src=569 preempt_src=24 src_n=25833 rep_n=94 nu_recv=0.04599 fa_class=0.0625
RFALINE sc2-Q002 rep=1 site=srv [RFA] gen=0 fires=1378 false=648 false_frac=0.4702 fill_coded=36 fill_src=694 dup_src=612 preempt_src=36 src_n=35414 rep_n=125 nu_recv=0.03891 fa_class=0.0625
RFALINE sc2-Q002 rep=1 site=srv [RFA] gen=0 fires=1695 false=722 false_frac=0.4260 fill_coded=52 fill_src=921 dup_src=670 preempt_src=52 src_n=45091 rep_n=171 nu_recv=0.03759 fa_class=0.0625
RFALINE sc2-Q002 rep=1 site=srv [RFA] gen=0 fires=2032 false=800 false_frac=0.3937 fill_coded=74 fill_src=1158 dup_src=726 preempt_src=74 src_n=54549 rep_n=217 nu_recv=0.03725 fa_class=0.0625
RFALINE sc2-Q002 rep=1 site=srv [RFA] gen=0 fires=2360 false=885 false_frac=0.3750 fill_coded=91 fill_src=1384 dup_src=794 preempt_src=91 src_n=64222 rep_n=264 nu_recv=0.03675 fa_class=0.0625
RFALINE sc2-Q002 rep=1 site=srv [RFA] gen=0 fires=2608 false=975 false_frac=0.3738 fill_coded=102 fill_src=1531 dup_src=873 preempt_src=102 src_n=73688 rep_n=308 nu_recv=0.03539 fa_class=0.0625
RFALINE sc2-Q002 rep=1 site=srv [RFA] gen=0 fires=2758 false=1023 false_frac=0.3709 fill_coded=109 fill_src=1626 dup_src=914 preempt_src=109 src_n=83406 rep_n=333 nu_recv=0.03307 fa_class=0.0625
DCAPLINE sc2-Q002 rep=1 site=cli [DCAP] on=1 eng=0/0 chg=0/0 chg_frac=0.0000 pin=0.0000 floor=0.0000 cap=0.0 ask=0.0 q=0.100000 b=2.00002026-08-20T17:28:10.340880Z  INFO raptorpath::net::receiver: receiver shutting down
WALLLINE sc2-Q002 rep=1 site=cli [WALL] onset=1.0000 dur_ms=0.1 retx=0 total_ms=9246.8 it_ms=0.103
ALPHAWITNESS {"cell":"sc2","arm":"Q002","alpha":"0.002","seed":42,"rep":1,"rc":0,"mbps":86.667,"band":[78,92],"band_applies":0,"in_band":1,"lossy":1,"qclk_law_n":84362,"rfa_lines":9,"W1_rfa_gen":"0","W2_pfrac_lines":0,"W4_retx_max":2773,"W5_rack_fa":"2202/2977"}
=== rep=1 arm=sc2-Q009 alpha=0.009 seed=42 env="RWM_QUANTILE_CLOCKS=1 RWM_ALPHA_OVERRIDE=0.009 RWM_DELTA_CAP=1 RWM_SUM_CAP=1 RWM_RACK_CLOCKS=0 RWM_DERIVED_SWEEP=0 RWM_COMPOSED_CAP=0 RWM_THREE_TERM=0 RWM_STORE_CAP_UNIFIED=0 RWM_LATE_BRAKE=0 RWM_CHARGE_RECOVERY=0 RWM_RELEASE_1TO1=0 RWM_LOSS_SENT_TRUTH=0" cell=c2/c2/single bytes=100000000 17:28:11
[2m2026-08-20T17:28:12.643281Z[0m [32m INFO[0m [2mraptorpath::gates[0m[2m:[0m [GATES] RWM_UNIFIED=1 RWM_UNIFIED_SHED=1 RWM_TAPER_R=1 RWM_ASTAR_ANCHOR=1 RWM_MSTAR_ANCHOR=1 RWM_PLAIN_RS=0 RWM_HONEST_ANCHOR=1 RWM_HONEST_K=0 RWM_STORE_SACK_RELEASE=1 RWM_STORE_PATHS=1 RWM_STORE_PATH_POOL=2048 RWM_STORE=unset RWM_STORE_GAIN=2 RWM_STORE_BOOT=128 RWM_STORE_CAPW=0 RWM_STORE_CAP_UNIFIED=0 RWM_THREE_TERM=0 RWM_COMPOSED_CAP=0 RWM_SUM_CAP=1 RWM_LATE_BRAKE=0 RWM_DELTA_CAP=1 RWM_STORE_PERCAP=0 RWM_PERCAP_GUARD=1 RWM_STORE_BORROW=0 RWM_HONEST_CAP=1 RWM_POOL_ANCHOR=0 RWM_POOL_DELIV=0 RWM_FLOOR_BOUND=0 RWM_ACK_MERGE=1 RWM_LOSS_SENT_TRUTH=0 RWM_RELEASE_1TO1=0 RWM_CHARGE_RECOVERY=0 RWM_PATIENCE_DERIVED=0 RWM_SIDLE_DERIVED=0 RWM_WIN_DECOUPLE=0 RWM_PLACE_SLACK=0 RWM_COLD_PLACE=0 RWM_GEN=384 RWM_PIPELINE=2 RWM_GEN_PIPE=1 RWM_GEN_R=unset RWM_GEN_RATE=9000 RWM_GEN_RATE_FLOOR=2000 RWM_GEN_INFLIGHT=unset RWM_OOO_RETAIN=0/16 RWM_WINDOW=unset RWM_REPORT_GENS=unset RWM_REPAIR_WAIT=unset RWM_CODED_SRC=0 RWM_NO_REACTIVE=0 RWM_XPATH_REPAIR=0 RWM_PROACTIVE_PACER=0 RWM_REASM_BDP=0 RWM_MIN_R=0 RWM_CC_PACE=0 RWM_CC_PACE_HR=1.1 RWM_REACT_CAP=unset RWM_INFL_CAP=0 RWM_INFL_BDP=unset RWM_COPA_FEED=0 RWM_RS_ATTR=1 RWM_EMIT_BATCH=0 RWM_EMIT_BURST=64 RWM_RECOV_MP=1 RWM_RECOV_MP_LAW=1 RWM_RECOV_MP_LIVE=0 RWM_RECOV_SP=0 RWM_DERIVED_SWEEP=0 RWM_RACK_CLOCKS=0 RWM_RACK_REO_MULT=1 RWM_QUANTILE_CLOCKS=1 RWM_ALPHA_OVERRIDE=0.009 RWM_DIAG=1 RWM_ACKDIAG=1 RWM_ACKDIAG_WINDOW_US=2000000 RWM_WALLDIAG=1 RWM_CPUPROF=0 RWM_RDIAG=0 RWM_FDIAG=1 RWM_TRACE=0 RWM_PFRAC=0
{"bytes":100000000,"dnf":0,"hint":"bulk","max_s":9.099,"mean_mbps":87.922,"mean_s":9.099,"median_s":9.099,"min_s":9.099,"proto":"rp-native","runs":1,"stdev_s":0.0,"summary":true}
    LATPROBE-LEG leg=0 file=/tmp/rwm-ping-0.txt sent=178 recv=171 censor=3.93% p50=75.2[censor=3.93% ok] p95=104.0[censor=3.93% ok] p99=107.0[censor=3.93% UNSCOREABLE(inside censored tail)]
    LATPROBE: 1 leg(s) /tmp/rwm-ping-0.txt=171 replies
    CPU: CPUSRV=7.64s CPUCLI=6.53s (srv=decoder cli=sender; whole-invocation incl warmup)
    QDISC cli0: qdisc netem a2f9: root refcnt 7 limit 1000 delay 5ms  3ms loss gemodel p 1.3% r 50% 1-h 100% 1-k 0% rate 100Mbit seed 42  Sent 112043220 bytes 88830 pkt (dropped 472, overlimits 0 requeues 0)   backlog 0b 0p requeues 0 
    QDISC srv0: qdisc netem a2fb: root refcnt 7 limit 1000 delay 5ms  3ms rate 100Mbit seed 8236532268223600460  Sent 11003184 bytes 61690 pkt (dropped 0, overlimits 0 requeues 0)   backlog 0b 0p requeues 0 
    QCAP: /tmp/rwm-q.txt 10 lines
RUNTIME sc2-Q009 rep=1 11s rc=0
ALPHARESULT {"cell": "sc2", "arm": "Q009", "alpha_cmd": 0.009, "seed": 42, "rep": 1, "n_paths": 1, "dnf": false, "dnf_count": 0, "mbps": 87.922, "mean_mbps": 87.922, "seconds": 9.099, "n_runs": 1, "cpusrv": 7.64, "cpucli": 6.53, "khr_med": 1.0, "kraw_med": null, "khr_n": 33, "kraw_n": 0, "rtp_med": 12, "occ_p50": 1018, "occcap_p50": 1024, "q_p50": 91, "q_p99": 102, "diag_lines": 36, "retx": 3557, "w1_rfa_gen": "0", "w2_pfrac_lines": 0, "w4_retx_max": 3557, "w5_rack_fa": "2761/3585", "gates_cli_quantile_clocks": 1, "gates_srv_quantile_clocks": 1, "gates_cli_rack_clocks": 0, "gates_srv_rack_clocks": 0, "gates_cli_derived_sweep": 0, "gates_srv_derived_sweep": 0, "gates_cli_delta_cap": 1, "gates_srv_delta_cap": 1, "gates_cli_sum_cap": 1, "gates_srv_sum_cap": 1, "gates_cli_composed_cap": 0, "gates_srv_composed_cap": 0, "gates_cli_three_term": 0, "gates_srv_three_term": 0, "gates_cli_loss_sent_truth": 0, "gates_srv_loss_sent_truth": 0, "gates_cli_gen": null, "gates_srv_gen": null, "gates_cli_diag": 1, "gates_srv_diag": 1, "gates_cli_ackdiag": 1, "gates_srv_ackdiag": 1, "gates_cli_walldiag": 1, "gates_srv_walldiag": 1, "gates_cli_fdiag": 1, "gates_srv_fdiag": 1, "gates_cli_recov_mp": 1, "gates_srv_recov_mp": 1, "gates_cli_cc_pace": 0, "gates_srv_cc_pace": 0, "gates_cli_rack_reo_mult": 1, "gates_srv_rack_reo_mult": 1, "gates_lines_cli": 1, "gates_lines_srv": 1, "gate_quantile_cli": "1", "gate_quantile_srv": "1", "gate_alpha_cli": "0.009", "gate_alpha_srv": "0.009", "gate_gen_cli": 384, "gate_gen_srv": 384, "qalpha_lines_cli": 2, "qalpha_site_cli": "sender", "qalpha_quantile_cli": 1, "qalpha_contract_cli": 0.001, "qalpha_override_cli": 0.009, "qalpha_cli": 0.009, "qalpha_k_cli": 10.4934, "qalpha_lines_srv": 2, "qalpha_site_srv": "sender", "qalpha_quantile_srv": 1, "qalpha_contract_srv": 0.001, "qalpha_override_srv": 0.009, "qalpha_srv": 0.009, "qalpha_k_srv": 10.4934, "qclk_cli_lines": 1, "qclk_cli_site": "sender", "qclk_cli_alpha": 0.009, "qclk_cli_k": 10.4934, "qclk_cli_w_us_mean": 108441.9, "qclk_cli_srtt_us_mean": 102404.0, "qclk_cli_on": 1, "qclk_cli_evals": 89935, "qclk_cli_kept": 2656, "qclk_cli_w_us_p05": 99762, "qclk_cli_w_us_p50": 108530, "qclk_cli_w_us_p95": 119221, "qclk_cli_w_us_min": 26271, "qclk_cli_w_us_max": 362219, "qclk_cli_law_n": 85003, "qclk_cli_sigma_us_mean": 575.4, "qclk_cli_sigma_n": 85003, "qclk_srv_lines": 9, "qclk_srv_site": "receiver", "qclk_srv_alpha": 0.009, "qclk_srv_k": 10.4934, "qclk_srv_w_us_mean": 224958.0, "qclk_srv_srtt_us_mean": 92081.6, "qclk_srv_on": 1, "qclk_srv_evals": 74320, "qclk_srv_kept": 2312, "qclk_srv_w_us_p05": 123457, "qclk_srv_w_us_p50": 152407, "qclk_srv_w_us_p95": 464459, "qclk_srv_w_us_min": 115460, "qclk_srv_w_us_max": 471886, "qclk_srv_law_n": 73984, "qclk_srv_sigma_us_mean": 12662.9, "qclk_srv_sigma_n": 73984, "rack_lines_cli": 2, "rack_on_cli": 0, "rack_evals_cli": 0, "rack_ceil_cli": 0.0, "rack_gran_cli": 0.0, "rack_legacy_pin_cli": 0.0, "rack_round_cli": 0.0, "rack_legacy_cli": 0.0, "rack_mult_cli": 1, "rack_fa_n_cli": 2761, "rack_fa_d_cli": 3585, "rack_fa_frac_cli": 0.7702, "rack_fa_class_cli": 0.0625, "rack_lines_srv": 0, "rack_on_srv": null, "rack_evals_srv": null, "rack_ceil_srv": null, "rack_gran_srv": null, "rack_legacy_pin_srv": null, "rack_round_srv": null, "rack_legacy_srv": null, "rack_mult_srv": null, "rack_fa_n_srv": null, "rack_fa_d_srv": null, "rack_fa_frac_srv": null, "rack_fa_class_srv": null, "rack_fired": 3585, "rack_spurious": 2761, "rack_fa_frac": 0.7702, "rack_fa_class": 0.0625, "rack_round_us": 0.0, "rack_legacy_us": 0.0, "rack_evals": 0, "rack_legacy_pin": 0.0, "rfa_lines": 9, "rfa_gen": 0, "rfa_fires": 3625, "rfa_false": 1280, "rfa_fill_coded": 188, "rfa_fill_src": 2157, "rfa_dup_src": 1097, "rfa_preempt_src": 183, "rfa_src_n": 84856, "rfa_rep_n": 457, "rfa_false_frac": 0.3531, "rfa_nu_recv": 0.04272, "rfa_fa_class": 0.0625, "rfa_bracket_lo": 0.3531, "rfa_bracket_hi": 0.871935, "sf_ticks": 1416, "sf_E": 0.9393, "sf_short": 0.0607, "sf_zero": 0.0607, "capboot_n": 33, "capboot_frac": 0.0, "ping_n": 171, "ping_p50": 75.2, "ping_p95": 104.0, "ping_p99": 107.0, "ping_tx": 178, "ping_rx": 171, "ping_loss": 3.93, "ping_censor_frac": 0.0393, "legs_probed": 1, "leg0_n": 171, "leg0_sent": 178, "leg0_recv": 171, "leg0_sent_source": "summary", "leg0_censor_frac": 0.0393, "leg0_censor_pct": 3.93, "leg0_recv_mismatch": false, "leg0_leg_unscoreable": false, "leg0_min": 9.23, "leg0_max": 107.0, "leg0_p50": 75.2, "leg0_p50_censored": false, "leg0_p50_scoreable": true, "leg0_p95": 104.0, "leg0_p95_censored": false, "leg0_p95_scoreable": true, "leg0_p99": 107.0, "leg0_p99_censored": true, "leg0_p99_scoreable": false, "legs_censor_max": 0.0393, "wait_tun": 35, "wait_paused": 35, "wait_pace": 0, "wait_gen": 0, "wait_nack": 32, "wait_defc": 0, "wait_tail": 0, "wait_flush": 0, "wait_lines": 33, "deadwall": false, "sig_us_p50": 231.0, "sig_us_n": 85411, "sig_us_path": 0, "sig_paths": 1, "pl_n": 33, "pl_max": 0.0, "pl_min": 0.0, "pl_p0": 0.0, "dgq_hand": 88737, "dgq_full": 0, "dgq_err": 0, "dgq_gap": 0, "tc_bytes": 112043220, "tc_pkts": 88830, "tc_drop": 472, "tc_s": 11}
LIVENESS sc2-Q009 rep=1 RWM_QUANTILE_CLOCKS=RWM_QUANTILE_CLOCKS=1/RWM_QUANTILE_CLOCKS=1(exp1) RWM_ALPHA_OVERRIDE=RWM_ALPHA_OVERRIDE=0.009/RWM_ALPHA_OVERRIDE=0.009(exp0.009) RWM_DELTA_CAP=RWM_DELTA_CAP=1/RWM_DELTA_CAP=1(exp1) RWM_SUM_CAP=RWM_SUM_CAP=1/RWM_SUM_CAP=1(exp1) RWM_RACK_CLOCKS=RWM_RACK_CLOCKS=0/RWM_RACK_CLOCKS=0(exp0) RWM_DERIVED_SWEEP=RWM_DERIVED_SWEEP=0/RWM_DERIVED_SWEEP=0(exp0) RWM_COMPOSED_CAP=RWM_COMPOSED_CAP=0/RWM_COMPOSED_CAP=0(exp0) RWM_THREE_TERM=RWM_THREE_TERM=0/RWM_THREE_TERM=0(exp0) RWM_STORE_CAP_UNIFIED=RWM_STORE_CAP_UNIFIED=0/RWM_STORE_CAP_UNIFIED=0(exp0) RWM_LATE_BRAKE=RWM_LATE_BRAKE=0/RWM_LATE_BRAKE=0(exp0) RWM_CHARGE_RECOVERY=RWM_CHARGE_RECOVERY=0/RWM_CHARGE_RECOVERY=0(exp0) RWM_RELEASE_1TO1=RWM_RELEASE_1TO1=0/RWM_RELEASE_1TO1=0(exp0) RWM_LOSS_SENT_TRUTH=RWM_LOSS_SENT_TRUTH=0/RWM_LOSS_SENT_TRUTH=0(exp0) RWM_DIAG=RWM_DIAG=1/RWM_DIAG=1(exp1) RWM_ACKDIAG=RWM_ACKDIAG=1/RWM_ACKDIAG=1(exp1) RWM_WALLDIAG=RWM_WALLDIAG=1/RWM_WALLDIAG=1(exp1) RWM_FDIAG=RWM_FDIAG=1/RWM_FDIAG=1(exp1)
QALPHALINE sc2-Q009 rep=1 site=cli [QALPHA] site=sender quantile=1 contract_alpha=1.000000e-3 override=9.000000e-3 alpha=9.000000e-3 k=10.4934 fa_class=0.0625
QALPHALINE sc2-Q009 rep=1 site=srv [QALPHA] site=receiver quantile=1 contract_alpha=1.000000e-5 override=9.000000e-3 alpha=9.000000e-3 k=10.4934 fa_class=0.0625
QCLKLINE sc2-Q009 rep=1 site=cli [QCLK] site=sender on=1 alpha=9.000000e-3 k=10.4934 evals=89935 law_n=85003 kept=2656 w_us_mean=108441.9 w_us_p05=99762 w_us_p50=108530 w_us_p95=119221 w_us_min=26271 w_us_max=362219 srtt_us_mean=102404.0 sigma_us_mean=575.4/n85003 fa_class=0.0625
QCLKLINE sc2-Q009 rep=1 site=srv [QCLK] site=receiver on=1 alpha=9.000000e-3 k=10.4934 evals=6463 law_n=6127 kept=3064 w_us_mean=398342.1 w_us_p05=296819 w_us_p50=464459 w_us_p95=466465 w_us_min=296819 w_us_max=471886 srtt_us_mean=50365.9 sigma_us_mean=33161.6/n6127 fa_class=0.0625
QCLKLINE sc2-Q009 rep=1 site=srv [QCLK] site=receiver on=1 alpha=9.000000e-3 k=10.4934 evals=13434 law_n=13098 kept=3275 w_us_mean=422551.9 w_us_p05=296819 w_us_p50=464459 w_us_p95=466465 w_us_min=296819 w_us_max=471886 srtt_us_mean=61906.8 sigma_us_mean=34368.9/n13098 fa_class=0.0625
QCLKLINE sc2-Q009 rep=1 site=srv [QCLK] site=receiver on=1 alpha=9.000000e-3 k=10.4934 evals=22619 law_n=22283 kept=2786 w_us_mean=392142.0 w_us_p05=296819 w_us_p50=391943 w_us_p95=466465 w_us_min=296819 w_us_max=471886 srtt_us_mean=71564.3 sigma_us_mean=30550.5/n22283 fa_class=0.0625
QCLKLINE sc2-Q009 rep=1 site=srv [QCLK] site=receiver on=1 alpha=9.000000e-3 k=10.4934 evals=28989 law_n=28653 kept=3582 w_us_mean=359470.6 w_us_p05=224145 w_us_p50=351223 w_us_p95=466465 w_us_min=198621 w_us_max=471886 srtt_us_mean=77008.4 sigma_us_mean=26918.2/n28653 fa_class=0.0625
QCLKLINE sc2-Q009 rep=1 site=srv [QCLK] site=receiver on=1 alpha=9.000000e-3 k=10.4934 evals=38360 law_n=38024 kept=2377 w_us_mean=309781.4 w_us_p05=140755 w_us_p50=304831 w_us_p95=466465 w_us_min=139955 w_us_max=471886 srtt_us_mean=82594.3 sigma_us_mean=21650.6/n38024 fa_class=0.0625
QCLKLINE sc2-Q009 rep=1 site=srv [QCLK] site=receiver on=1 alpha=9.000000e-3 k=10.4934 evals=47713 law_n=47377 kept=2962 w_us_mean=276492.6 w_us_p05=133825 w_us_p50=247935 w_us_p95=466465 w_us_min=123457 w_us_max=471886 srtt_us_mean=86286.2 sigma_us_mean=18126.4/n47377 fa_class=0.0625
QCLKLINE sc2-Q009 rep=1 site=srv [QCLK] site=receiver on=1 alpha=9.000000e-3 k=10.4934 evals=55786 law_n=55450 kept=3466 w_us_mean=254869.8 w_us_p05=123457 w_us_p50=224145 w_us_p95=466465 w_us_min=115460 w_us_max=471886 srtt_us_mean=88729.3 sigma_us_mean=15832.9/n55450 fa_class=0.0625
QCLKLINE sc2-Q009 rep=1 site=srv [QCLK] site=receiver on=1 alpha=9.000000e-3 k=10.4934 evals=65110 law_n=64774 kept=4049 w_us_mean=237651.9 w_us_p05=121293 w_us_p50=160256 w_us_p95=464459 w_us_min=115460 w_us_max=471886 srtt_us_mean=90676.4 sigma_us_mean=14006.5/n64774 fa_class=0.0625
QCLKLINE sc2-Q009 rep=1 site=srv [QCLK] site=receiver on=1 alpha=9.000000e-3 k=10.4934 evals=74320 law_n=73984 kept=2312 w_us_mean=224958.0 w_us_p05=123457 w_us_p50=152407 w_us_p95=464459 w_us_min=115460 w_us_max=471886 srtt_us_mean=92081.6 sigma_us_mean=12662.9/n73984 fa_class=0.0625
RACKLINE sc2-Q009 rep=1 site=cli [RACK] on=0 evals=0 ceil=0.0000 gran=0.0000 legacy_pin=0.0000 round=0.0 legacy=0.0 mult=1 fa=50/50 fa_frac=1.0000 fa_class=0.0625
RACKLINE sc2-Q009 rep=1 site=cli [RACK] on=0 evals=0 ceil=0.0000 gran=0.0000 legacy_pin=0.0000 round=0.0 legacy=0.0 mult=1 fa=2761/3585 fa_frac=0.7702 fa_class=0.0625
RFALINE sc2-Q009 rep=1 site=cli [RFA] gen=0 fires=6 false=6 false_frac=1.0000 fill_coded=0 fill_src=0 dup_src=6 preempt_src=0 src_n=7 rep_n=5 nu_recv=0.85714 fa_class=0.0625
RFALINE sc2-Q009 rep=1 site=cli [RFA] gen=0 fires=9 false=9 false_frac=1.0000 fill_coded=0 fill_src=0 dup_src=9 preempt_src=0 src_n=10 rep_n=8 nu_recv=0.90000 fa_class=0.0625
RFALINE sc2-Q009 rep=1 site=cli [RFA] gen=0 fires=13 false=13 false_frac=1.0000 fill_coded=0 fill_src=0 dup_src=13 preempt_src=0 src_n=14 rep_n=12 nu_recv=0.92857 fa_class=0.0625
RFALINE sc2-Q009 rep=1 site=cli [RFA] gen=0 fires=19 false=19 false_frac=1.0000 fill_coded=0 fill_src=0 dup_src=19 preempt_src=0 src_n=20 rep_n=18 nu_recv=0.95000 fa_class=0.0625
RFALINE sc2-Q009 rep=1 site=cli [RFA] gen=0 fires=26 false=26 false_frac=1.0000 fill_coded=0 fill_src=0 dup_src=26 preempt_src=0 src_n=27 rep_n=25 nu_recv=0.96296 fa_class=0.0625
RFALINE sc2-Q009 rep=1 site=cli [RFA] gen=0 fires=34 false=34 false_frac=1.0000 fill_coded=0 fill_src=0 dup_src=34 preempt_src=0 src_n=35 rep_n=33 nu_recv=0.97143 fa_class=0.0625
RFALINE sc2-Q009 rep=1 site=cli [RFA] gen=0 fires=42 false=42 false_frac=1.0000 fill_coded=0 fill_src=0 dup_src=42 preempt_src=0 src_n=43 rep_n=41 nu_recv=0.97674 fa_class=0.0625
RFALINE sc2-Q009 rep=1 site=cli [RFA] gen=0 fires=50 false=50 false_frac=1.0000 fill_coded=0 fill_src=0 dup_src=50 preempt_src=0 src_n=51 rep_n=49 nu_recv=0.98039 fa_class=0.0625
RFALINE sc2-Q009 rep=1 site=cli [RFA] gen=0 fires=50 false=50 false_frac=1.0000 fill_coded=0 fill_src=0 dup_src=50 preempt_src=0 src_n=52 rep_n=50 nu_recv=0.96154 fa_class=0.0625
RFALINE sc2-Q009 rep=1 site=srv [RFA] gen=0 fires=611 false=443 false_frac=0.7250 fill_coded=3 fill_src=165 dup_src=440 preempt_src=3 src_n=8222 rep_n=13 nu_recv=0.07431 fa_class=0.0625
RFALINE sc2-Q009 rep=1 site=srv [RFA] gen=0 fires=931 false=511 false_frac=0.5489 fill_coded=17 fill_src=403 dup_src=496 preempt_src=15 src_n=17801 rep_n=57 nu_recv=0.05230 fa_class=0.0625
RFALINE sc2-Q009 rep=1 site=srv [RFA] gen=0 fires=1273 false=613 false_frac=0.4815 fill_coded=38 fill_src=622 dup_src=577 preempt_src=36 src_n=27468 rep_n=110 nu_recv=0.04634 fa_class=0.0625
RFALINE sc2-Q009 rep=1 site=srv [RFA] gen=0 fires=1470 false=680 false_frac=0.4626 fill_coded=49 fill_src=741 dup_src=633 preempt_src=47 src_n=36973 rep_n=140 nu_recv=0.03976 fa_class=0.0625
RFALINE sc2-Q009 rep=1 site=srv [RFA] gen=0 fires=1897 false=760 false_frac=0.4006 fill_coded=65 fill_src=1072 dup_src=697 preempt_src=63 src_n=46650 rep_n=201 nu_recv=0.04066 fa_class=0.0625
RFALINE sc2-Q009 rep=1 site=srv [RFA] gen=0 fires=2372 false=942 false_frac=0.3971 fill_coded=103 fill_src=1327 dup_src=842 preempt_src=100 src_n=56080 rep_n=274 nu_recv=0.04230 fa_class=0.0625
RFALINE sc2-Q009 rep=1 site=srv [RFA] gen=0 fires=2569 false=991 false_frac=0.3858 fill_coded=111 fill_src=1467 dup_src=883 preempt_src=108 src_n=65762 rep_n=312 nu_recv=0.03907 fa_class=0.0625
RFALINE sc2-Q009 rep=1 site=srv [RFA] gen=0 fires=3159 false=1156 false_frac=0.3659 fill_coded=149 fill_src=1854 dup_src=1012 preempt_src=144 src_n=75305 rep_n=390 nu_recv=0.04195 fa_class=0.0625
RFALINE sc2-Q009 rep=1 site=srv [RFA] gen=0 fires=3625 false=1280 false_frac=0.3531 fill_coded=188 fill_src=2157 dup_src=1097 preempt_src=183 src_n=84856 rep_n=457 nu_recv=0.04272 fa_class=0.0625
DCAPLINE sc2-Q009 rep=1 site=cli [DCAP] on=1 eng=0/0 chg=0/0 chg_frac=0.0000 pin=0.0000 floor=0.0000 cap=0.0 ask=0.0 q=0.100000 b=2.0000
WALLLINE sc2-Q009 rep=1 site=cli [WALL] onset=1.0000 dur_ms=0.0 retx=0 total_ms=9111.1 it_ms=0.101
ALPHAWITNESS {"cell":"sc2","arm":"Q009","alpha":"0.009","seed":42,"rep":1,"rc":0,"mbps":87.922,"band":[78,92],"band_applies":0,"in_band":1,"lossy":1,"qclk_law_n":85003,"rfa_lines":9,"W1_rfa_gen":"0","W2_pfrac_lines":0,"W4_retx_max":3557,"W5_rack_fa":"2761/3585"}
=== rep=1 arm=sc2-Q050 alpha=0.05 seed=42 env="RWM_QUANTILE_CLOCKS=1 RWM_ALPHA_OVERRIDE=0.05 RWM_DELTA_CAP=1 RWM_SUM_CAP=1 RWM_RACK_CLOCKS=0 RWM_DERIVED_SWEEP=0 RWM_COMPOSED_CAP=0 RWM_THREE_TERM=0 RWM_STORE_CAP_UNIFIED=0 RWM_LATE_BRAKE=0 RWM_CHARGE_RECOVERY=0 RWM_RELEASE_1TO1=0 RWM_LOSS_SENT_TRUTH=0" cell=c2/c2/single bytes=100000000 17:28:54
[2m2026-08-20T17:28:55.706836Z[0m [32m INFO[0m [2mraptorpath::gates[0m[2m:[0m [GATES] RWM_UNIFIED=1 RWM_UNIFIED_SHED=1 RWM_TAPER_R=1 RWM_ASTAR_ANCHOR=1 RWM_MSTAR_ANCHOR=1 RWM_PLAIN_RS=0 RWM_HONEST_ANCHOR=1 RWM_HONEST_K=0 RWM_STORE_SACK_RELEASE=1 RWM_STORE_PATHS=1 RWM_STORE_PATH_POOL=2048 RWM_STORE=unset RWM_STORE_GAIN=2 RWM_STORE_BOOT=128 RWM_STORE_CAPW=0 RWM_STORE_CAP_UNIFIED=0 RWM_THREE_TERM=0 RWM_COMPOSED_CAP=0 RWM_SUM_CAP=1 RWM_LATE_BRAKE=0 RWM_DELTA_CAP=1 RWM_STORE_PERCAP=0 RWM_PERCAP_GUARD=1 RWM_STORE_BORROW=0 RWM_HONEST_CAP=1 RWM_POOL_ANCHOR=0 RWM_POOL_DELIV=0 RWM_FLOOR_BOUND=0 RWM_ACK_MERGE=1 RWM_LOSS_SENT_TRUTH=0 RWM_RELEASE_1TO1=0 RWM_CHARGE_RECOVERY=0 RWM_PATIENCE_DERIVED=0 RWM_SIDLE_DERIVED=0 RWM_WIN_DECOUPLE=0 RWM_PLACE_SLACK=0 RWM_COLD_PLACE=0 RWM_GEN=384 RWM_PIPELINE=2 RWM_GEN_PIPE=1 RWM_GEN_R=unset RWM_GEN_RATE=9000 RWM_GEN_RATE_FLOOR=2000 RWM_GEN_INFLIGHT=unset RWM_OOO_RETAIN=0/16 RWM_WINDOW=unset RWM_REPORT_GENS=unset RWM_REPAIR_WAIT=unset RWM_CODED_SRC=0 RWM_NO_REACTIVE=0 RWM_XPATH_REPAIR=0 RWM_PROACTIVE_PACER=0 RWM_REASM_BDP=0 RWM_MIN_R=0 RWM_CC_PACE=0 RWM_CC_PACE_HR=1.1 RWM_REACT_CAP=unset RWM_INFL_CAP=0 RWM_INFL_BDP=unset RWM_COPA_FEED=0 RWM_RS_ATTR=1 RWM_EMIT_BATCH=0 RWM_EMIT_BURST=64 RWM_RECOV_MP=1 RWM_RECOV_MP_LAW=1 RWM_RECOV_MP_LIVE=0 RWM_RECOV_SP=0 RWM_DERIVED_SWEEP=0 RWM_RACK_CLOCKS=0 RWM_RACK_REO_MULT=1 RWM_QUANTILE_CLOCKS=1 RWM_ALPHA_OVERRIDE=0.05 RWM_DIAG=1 RWM_ACKDIAG=1 RWM_ACKDIAG_WINDOW_US=2000000 RWM_WALLDIAG=1 RWM_CPUPROF=0 RWM_RDIAG=0 RWM_FDIAG=1 RWM_TRACE=0 RWM_PFRAC=0
{"bytes":100000000,"dnf":0,"hint":"bulk","max_s":9.0918,"mean_mbps":87.991,"mean_s":9.0918,"median_s":9.0918,"min_s":9.0918,"proto":"rp-native","runs":1,"stdev_s":0.0,"summary":true}
    LATPROBE-LEG leg=0 file=/tmp/rwm-ping-0.txt sent=174 recv=172 censor=1.15% p50=101.0[censor=1.15% ok] p95=105.0[censor=1.15% ok] p99=107.0[censor=1.15% UNSCOREABLE(inside censored tail)]
    LATPROBE: 1 leg(s) /tmp/rwm-ping-0.txt=172 replies
    CPU: CPUSRV=7.49s CPUCLI=6.56s (srv=decoder cli=sender; whole-invocation incl warmup)
    QDISC cli0: qdisc netem a2fd: root refcnt 7 limit 1000 delay 5ms  3ms loss gemodel p 1.3% r 50% 1-h 100% 1-k 0% rate 100Mbit seed 42  Sent 111731963 bytes 92926 pkt (dropped 537, overlimits 0 requeues 0)   backlog 0b 0p requeues 0 
    QDISC srv0: qdisc netem a2ff: root refcnt 7 limit 1000 delay 5ms  3ms rate 100Mbit seed 17239244854722438326  Sent 10884382 bytes 59835 pkt (dropped 0, overlimits 0 requeues 0)   backlog 0b 0p requeues 0 
    QCAP: /tmp/rwm-q.txt 10 lines
RUNTIME sc2-Q050 rep=1 11s rc=0
ALPHARESULT {"cell": "sc2", "arm": "Q050", "alpha_cmd": 0.05, "seed": 42, "rep": 1, "n_paths": 1, "dnf": false, "dnf_count": 0, "mbps": 87.991, "mean_mbps": 87.991, "seconds": 9.0918, "n_runs": 1, "cpusrv": 7.49, "cpucli": 6.56, "khr_med": 1.0, "kraw_med": null, "khr_n": 33, "kraw_n": 0, "rtp_med": 10, "occ_p50": 1004, "occcap_p50": 1024, "q_p50": 94, "q_p99": 109, "diag_lines": 36, "retx": 3029, "w1_rfa_gen": "0", "w2_pfrac_lines": 0, "w4_retx_max": 3029, "w5_rack_fa": "2475/3108", "gates_cli_quantile_clocks": 1, "gates_srv_quantile_clocks": 1, "gates_cli_rack_clocks": 0, "gates_srv_rack_clocks": 0, "gates_cli_derived_sweep": 0, "gates_srv_derived_sweep": 0, "gates_cli_delta_cap": 1, "gates_srv_delta_cap": 1, "gates_cli_sum_cap": 1, "gates_srv_sum_cap": 1, "gates_cli_composed_cap": 0, "gates_srv_composed_cap": 0, "gates_cli_three_term": 0, "gates_srv_three_term": 0, "gates_cli_loss_sent_truth": 0, "gates_srv_loss_sent_truth": 0, "gates_cli_gen": null, "gates_srv_gen": null, "gates_cli_diag": 1, "gates_srv_diag": 1, "gates_cli_ackdiag": 1, "gates_srv_ackdiag": 1, "gates_cli_walldiag": 1, "gates_srv_walldiag": 1, "gates_cli_fdiag": 1, "gates_srv_fdiag": 1, "gates_cli_recov_mp": 1, "gates_srv_recov_mp": 1, "gates_cli_cc_pace": 0, "gates_srv_cc_pace": 0, "gates_cli_rack_reo_mult": 1, "gates_srv_rack_reo_mult": 1, "gates_lines_cli": 1, "gates_lines_srv": 1, "gate_quantile_cli": "1", "gate_quantile_srv": "1", "gate_alpha_cli": "0.05", "gate_alpha_srv": "0.05", "gate_gen_cli": 384, "gate_gen_srv": 384, "qalpha_lines_cli": 2, "qalpha_site_cli": "sender", "qalpha_quantile_cli": 1, "qalpha_contract_cli": 0.001, "qalpha_override_cli": 0.05, "qalpha_cli": 0.05, "qalpha_k_cli": 4.3589, "qalpha_lines_srv": 2, "qalpha_site_srv": "sender", "qalpha_quantile_srv": 1, "qalpha_contract_srv": 0.001, "qalpha_override_srv": 0.05, "qalpha_srv": 0.05, "qalpha_k_srv": 4.3589, "qclk_cli_lines": 1, "qclk_cli_site": "sender", "qclk_cli_alpha": 0.05, "qclk_cli_k": 4.3589, "qclk_cli_w_us_mean": 101300.9, "qclk_cli_srtt_us_mean": 98858.8, "qclk_cli_on": 1, "qclk_cli_evals": 89961, "qclk_cli_kept": 2687, "qclk_cli_w_us_p05": 67939, "qclk_cli_w_us_p50": 104773, "qclk_cli_w_us_p95": 110198, "qclk_cli_w_us_min": 19825, "qclk_cli_w_us_max": 190130, "qclk_cli_law_n": 85969, "qclk_cli_sigma_us_mean": 560.4, "qclk_cli_sigma_n": 85969, "qclk_srv_lines": 9, "qclk_srv_site": "receiver", "qclk_srv_alpha": 0.05, "qclk_srv_k": 4.3589, "qclk_srv_w_us_mean": 120222.9, "qclk_srv_srtt_us_mean": 93842.5, "qclk_srv_on": 1, "qclk_srv_evals": 74705, "qclk_srv_kept": 2326, "qclk_srv_w_us_p05": 108257, "qclk_srv_w_us_p50": 114490, "qclk_srv_w_us_p95": 156622, "qclk_srv_w_us_min": 64079, "qclk_srv_w_us_max": 182974, "qclk_srv_law_n": 74441, "qclk_srv_sigma_us_mean": 6052.2, "qclk_srv_sigma_n": 74441, "rack_lines_cli": 2, "rack_on_cli": 0, "rack_evals_cli": 0, "rack_ceil_cli": 0.0, "rack_gran_cli": 0.0, "rack_legacy_pin_cli": 0.0, "rack_round_cli": 0.0, "rack_legacy_cli": 0.0, "rack_mult_cli": 1, "rack_fa_n_cli": 2475, "rack_fa_d_cli": 3108, "rack_fa_frac_cli": 0.7963, "rack_fa_class_cli": 0.0625, "rack_lines_srv": 0, "rack_on_srv": null, "rack_evals_srv": null, "rack_ceil_srv": null, "rack_gran_srv": null, "rack_legacy_pin_srv": null, "rack_round_srv": null, "rack_legacy_srv": null, "rack_mult_srv": null, "rack_fa_n_srv": null, "rack_fa_d_srv": null, "rack_fa_frac_srv": null, "rack_fa_class_srv": null, "rack_fired": 3108, "rack_spurious": 2475, "rack_fa_frac": 0.7963, "rack_fa_class": 0.0625, "rack_round_us": 0.0, "rack_legacy_us": 0.0, "rack_evals": 0, "rack_legacy_pin": 0.0, "rfa_lines": 9, "rfa_gen": 0, "rfa_fires": 3101, "rfa_false": 986, "rfa_fill_coded": 148, "rfa_fill_src": 1967, "rfa_dup_src": 839, "rfa_preempt_src": 147, "rfa_src_n": 84716, "rfa_rep_n": 415, "rfa_false_frac": 0.318, "rfa_nu_recv": 0.0366, "rfa_fa_class": 0.0625, "rfa_bracket_lo": 0.318, "rfa_bracket_hi": 0.869489, "sf_ticks": 1422, "sf_E": 0.9487, "sf_short": 0.0513, "sf_zero": 0.0513, "capboot_n": 33, "capboot_frac": 0.0, "ping_n": 172, "ping_p50": 101.0, "ping_p95": 105.0, "ping_p99": 106.0, "ping_tx": 174, "ping_rx": 172, "ping_loss": 1.15, "ping_censor_frac": 0.0115, "legs_probed": 1, "leg0_n": 172, "leg0_sent": 174, "leg0_recv": 172, "leg0_sent_source": "summary", "leg0_censor_frac": 0.0115, "leg0_censor_pct": 1.15, "leg0_recv_mismatch": false, "leg0_leg_unscoreable": false, "leg0_min": 9.25, "leg0_max": 109.0, "leg0_p50": 101.0, "leg0_p50_censored": false, "leg0_p50_scoreable": true, "leg0_p95": 105.0, "leg0_p95_censored": false, "leg0_p95_scoreable": true, "leg0_p99": 107.0, "leg0_p99_censored": true, "leg0_p99_scoreable": false, "legs_censor_max": 0.0115, "wait_tun": 35, "wait_paused": 35, "wait_pace": 0, "wait_gen": 0, "wait_nack": 30, "wait_defc": 0, "wait_tail": 0, "wait_flush": 0, "wait_lines": 33, "deadwall": false, "sig_us_p50": 256.0, "sig_us_n": 85186, "sig_us_path": 0, "sig_paths": 1, "pl_n": 33, "pl_max": 0.0, "pl_min": 0.0, "pl_p0": 0.0, "dgq_hand": 88220, "dgq_full": 0, "dgq_err": 0, "dgq_gap": 0, "tc_bytes": 111731963, "tc_pkts": 92926, "tc_drop": 537, "tc_s": 11}
LIVENESS sc2-Q050 rep=1 RWM_QUANTILE_CLOCKS=RWM_QUANTILE_CLOCKS=1/RWM_QUANTILE_CLOCKS=1(exp1) RWM_ALPHA_OVERRIDE=RWM_ALPHA_OVERRIDE=0.05/RWM_ALPHA_OVERRIDE=0.05(exp0.05) RWM_DELTA_CAP=RWM_DELTA_CAP=1/RWM_DELTA_CAP=1(exp1) RWM_SUM_CAP=RWM_SUM_CAP=1/RWM_SUM_CAP=1(exp1) RWM_RACK_CLOCKS=RWM_RACK_CLOCKS=0/RWM_RACK_CLOCKS=0(exp0) RWM_DERIVED_SWEEP=RWM_DERIVED_SWEEP=0/RWM_DERIVED_SWEEP=0(exp0) RWM_COMPOSED_CAP=RWM_COMPOSED_CAP=0/RWM_COMPOSED_CAP=0(exp0) RWM_THREE_TERM=RWM_THREE_TERM=0/RWM_THREE_TERM=0(exp0) RWM_STORE_CAP_UNIFIED=RWM_STORE_CAP_UNIFIED=0/RWM_STORE_CAP_UNIFIED=0(exp0) RWM_LATE_BRAKE=RWM_LATE_BRAKE=0/RWM_LATE_BRAKE=0(exp0) RWM_CHARGE_RECOVERY=RWM_CHARGE_RECOVERY=0/RWM_CHARGE_RECOVERY=0(exp0) RWM_RELEASE_1TO1=RWM_RELEASE_1TO1=0/RWM_RELEASE_1TO1=0(exp0) RWM_LOSS_SENT_TRUTH=RWM_LOSS_SENT_TRUTH=0/RWM_LOSS_SENT_TRUTH=0(exp0) RWM_DIAG=RWM_DIAG=1/RWM_DIAG=1(exp1) RWM_ACKDIAG=RWM_ACKDIAG=1/RWM_ACKDIAG=1(exp1) RWM_WALLDIAG=RWM_WALLDIAG=1/RWM_WALLDIAG=1(exp1) RWM_FDIAG=RWM_FDIAG=1/RWM_FDIAG=1(exp1)
QALPHALINE sc2-Q050 rep=1 site=cli [QALPHA] site=sender quantile=1 contract_alpha=1.000000e-3 override=5.000000e-2 alpha=5.000000e-2 k=4.3589 fa_class=0.0625
QALPHALINE sc2-Q050 rep=1 site=srv [QALPHA] site=receiver quantile=1 contract_alpha=1.000000e-5 override=5.000000e-2 alpha=5.000000e-2 k=4.3589 fa_class=0.0625
QCLKLINE sc2-Q050 rep=1 site=cli [QCLK] site=sender on=1 alpha=5.000000e-2 k=4.3589 evals=89961 law_n=85969 kept=2687 w_us_mean=101300.9 w_us_p05=67939 w_us_p50=104773 w_us_p95=110198 w_us_min=19825 w_us_max=190130 srtt_us_mean=98858.8 sigma_us_mean=560.4/n85969 fa_class=0.0625
QCLKLINE sc2-Q050 rep=1 site=srv [QCLK] site=receiver on=1 alpha=5.000000e-2 k=4.3589 evals=6234 law_n=5970 kept=2985 w_us_mean=102522.3 w_us_p05=64079 w_us_p50=105992 w_us_p95=115864 w_us_min=64079 w_us_max=115962 srtt_us_mean=41164.4 sigma_us_mean=14076.6/n5970 fa_class=0.0625
QCLKLINE sc2-Q050 rep=1 site=srv [QCLK] site=receiver on=1 alpha=5.000000e-2 k=4.3589 evals=14081 law_n=13817 kept=3455 w_us_mean=134120.1 w_us_p05=64079 w_us_p50=143364 w_us_p95=182974 w_us_min=64079 w_us_max=182974 srtt_us_mean=60954.0 sigma_us_mean=16785.6/n13817 fa_class=0.0625
QCLKLINE sc2-Q050 rep=1 site=srv [QCLK] site=receiver on=1 alpha=5.000000e-2 k=4.3589 evals=21827 law_n=21563 kept=2696 w_us_mean=135801.5 w_us_p05=80388 w_us_p50=142681 w_us_p95=175911 w_us_min=64079 w_us_max=182974 srtt_us_mean=73436.4 sigma_us_mean=14307.6/n21563 fa_class=0.0625
QCLKLINE sc2-Q050 rep=1 site=srv [QCLK] site=receiver on=1 alpha=5.000000e-2 k=4.3589 evals=30584 law_n=30320 kept=3790 w_us_mean=130630.4 w_us_p05=105689 w_us_p50=122919 w_us_p95=175911 w_us_min=64079 w_us_max=182974 srtt_us_mean=81512.4 sigma_us_mean=11268.6/n30320 fa_class=0.0625
QCLKLINE sc2-Q050 rep=1 site=srv [QCLK] site=receiver on=1 alpha=5.000000e-2 k=4.3589 evals=39113 law_n=38849 kept=2428 w_us_mean=126991.9 w_us_p05=105689 w_us_p50=118952 w_us_p95=175911 w_us_min=64079 w_us_max=182974 srtt_us_mean=85987.0 sigma_us_mean=9407.3/n38849 fa_class=0.0625
QCLKLINE sc2-Q050 rep=1 site=srv [QCLK] site=receiver on=1 alpha=5.000000e-2 k=4.3589 evals=47725 law_n=47461 kept=2966 w_us_mean=124550.6 w_us_p05=105689 w_us_p50=116613 w_us_p95=175911 w_us_min=64079 w_us_max=182974 srtt_us_mean=88915.0 sigma_us_mean=8175.5/n47461 fa_class=0.0625
QCLKLINE sc2-Q050 rep=1 site=srv [QCLK] site=receiver on=1 alpha=5.000000e-2 k=4.3589 evals=56177 law_n=55913 kept=3495 w_us_mean=123195.5 w_us_p05=105992 w_us_p50=115864 w_us_p95=156622 w_us_min=64079 w_us_max=182974 srtt_us_mean=90719.5 sigma_us_mean=7450.6/n55913 fa_class=0.0625
QCLKLINE sc2-Q050 rep=1 site=srv [QCLK] site=receiver on=1 alpha=5.000000e-2 k=4.3589 evals=65303 law_n=65039 kept=4065 w_us_mean=121727.6 w_us_p05=108686 w_us_p50=115016 w_us_p95=156622 w_us_min=64079 w_us_max=182974 srtt_us_mean=92435.5 sigma_us_mean=6720.2/n65039 fa_class=0.0625
QCLKLINE sc2-Q050 rep=1 site=srv [QCLK] site=receiver on=1 alpha=5.000000e-2 k=4.3589 evals=74705 law_n=74441 kept=2326 w_us_mean=120222.9 w_us_p05=108257 w_us_p50=114490 w_us_p95=156622 w_us_min=64079 w_us_max=182974 srtt_us_mean=93842.5 sigma_us_mean=6052.2/n74441 fa_class=0.0625
RACKLINE sc2-Q050 rep=1 site=cli [RACK] on=0 evals=0 ceil=0.0000 gran=0.0000 legacy_pin=0.0000 round=0.0 legacy=0.0 mult=1 fa=78/78 fa_frac=1.0000 fa_class=0.0625
RACKLINE sc2-Q050 rep=1 site=cli [RACK] on=0 evals=0 ceil=0.0000 gran=0.0000 legacy_pin=0.0000 round=0.0 legacy=0.0 mult=1 fa=2475/3108 fa_frac=0.7963 fa_class=0.0625
RFALINE sc2-Q050 rep=1 site=cli [RFA] gen=0 fires=12 false=12 false_frac=1.0000 fill_coded=0 fill_src=0 dup_src=12 preempt_src=0 src_n=13 rep_n=11 nu_recv=0.92308 fa_class=0.0625
RFALINE sc2-Q050 rep=1 site=cli [RFA] gen=0 fires=19 false=19 false_frac=1.0000 fill_coded=0 fill_src=0 dup_src=19 preempt_src=0 src_n=20 rep_n=18 nu_recv=0.95000 fa_class=0.0625
RFALINE sc2-Q050 rep=1 site=cli [RFA] gen=0 fires=27 false=27 false_frac=1.0000 fill_coded=0 fill_src=0 dup_src=27 preempt_src=0 src_n=28 rep_n=26 nu_recv=0.96429 fa_class=0.0625
RFALINE sc2-Q050 rep=1 site=cli [RFA] gen=0 fires=36 false=36 false_frac=1.0000 fill_coded=0 fill_src=0 dup_src=36 preempt_src=0 src_n=37 rep_n=35 nu_recv=0.97297 fa_class=0.0625
RFALINE sc2-Q050 rep=1 site=cli [RFA] gen=0 fires=45 false=45 false_frac=1.0000 fill_coded=0 fill_src=0 dup_src=45 preempt_src=0 src_n=46 rep_n=44 nu_recv=0.97826 fa_class=0.0625
RFALINE sc2-Q050 rep=1 site=cli [RFA] gen=0 fires=54 false=54 false_frac=1.0000 fill_coded=0 fill_src=0 dup_src=54 preempt_src=0 src_n=55 rep_n=53 nu_recv=0.98182 fa_class=0.0625
RFALINE sc2-Q050 rep=1 site=cli [RFA] gen=0 fires=63 false=63 false_frac=1.0000 fill_coded=0 fill_src=0 dup_src=63 preempt_src=0 src_n=64 rep_n=62 nu_recv=0.98438 fa_class=0.0625
RFALINE sc2-Q050 rep=1 site=cli [RFA] gen=0 fires=72 false=72 false_frac=1.0000 fill_coded=0 fill_src=0 dup_src=72 preempt_src=0 src_n=73 rep_n=71 nu_recv=0.98630 fa_class=0.0625
RFALINE sc2-Q050 rep=1 site=cli [RFA] gen=0 fires=78 false=78 false_frac=1.0000 fill_coded=0 fill_src=0 dup_src=78 preempt_src=0 src_n=80 rep_n=78 nu_recv=0.97500 fa_class=0.0625
RFALINE sc2-Q050 rep=1 site=srv [RFA] gen=0 fires=530 false=318 false_frac=0.6000 fill_coded=6 fill_src=206 dup_src=312 preempt_src=6 src_n=8109 rep_n=29 nu_recv=0.06536 fa_class=0.0625
RFALINE sc2-Q050 rep=1 site=srv [RFA] gen=0 fires=881 false=420 false_frac=0.4767 fill_coded=23 fill_src=438 dup_src=397 preempt_src=23 src_n=17683 rep_n=80 nu_recv=0.04982 fa_class=0.0625
RFALINE sc2-Q050 rep=1 site=srv [RFA] gen=0 fires=1064 false=467 false_frac=0.4389 fill_coded=31 fill_src=566 dup_src=436 preempt_src=31 src_n=27342 rep_n=115 nu_recv=0.03891 fa_class=0.0625
RFALINE sc2-Q050 rep=1 site=srv [RFA] gen=0 fires=1377 false=518 false_frac=0.3762 fill_coded=46 fill_src=813 dup_src=472 preempt_src=46 src_n=36823 rep_n=156 nu_recv=0.03740 fa_class=0.0625
RFALINE sc2-Q050 rep=1 site=srv [RFA] gen=0 fires=1733 false=616 false_frac=0.3555 fill_coded=70 fill_src=1047 dup_src=546 preempt_src=70 src_n=46446 rep_n=212 nu_recv=0.03731 fa_class=0.0625
RFALINE sc2-Q050 rep=1 site=srv [RFA] gen=0 fires=2052 false=679 false_frac=0.3309 fill_coded=88 fill_src=1285 dup_src=591 preempt_src=88 src_n=55944 rep_n=255 nu_recv=0.03668 fa_class=0.0625
RFALINE sc2-Q050 rep=1 site=srv [RFA] gen=0 fires=2340 false=763 false_frac=0.3261 fill_coded=105 fill_src=1472 dup_src=658 preempt_src=105 src_n=65602 rep_n=299 nu_recv=0.03567 fa_class=0.0625
RFALINE sc2-Q050 rep=1 site=srv [RFA] gen=0 fires=2856 false=924 false_frac=0.3235 fill_coded=136 fill_src=1796 dup_src=789 preempt_src=135 src_n=75038 rep_n=373 nu_recv=0.03806 fa_class=0.0625
RFALINE sc2-Q050 rep=1 site=srv [RFA] gen=0 fires=3101 false=986 false_frac=0.3180 fill_coded=148 fill_src=1967 dup_src=839 preempt_src=147 src_n=84716 rep_n=415 nu_recv=0.03660 fa_class=0.0625
DCAPLINE sc2-Q050 rep=1 site=cli [DCAP] on=1 eng=0/0 chg=0/0 chg_frac=0.0000 pin=0.0000 floor=0.0000 cap=0.0 ask=0.0 q=0.100000 b=2.0000
WALLLINE sc2-Q050 rep=1 site=cli [WALL] onset=0.9876 dur_ms=113.1 retx=79 total_ms=9102.5 it_ms=0.101
ALPHAWITNESS {"cell":"sc2","arm":"Q050","alpha":"0.05","seed":42,"rep":1,"rc":0,"mbps":87.991,"band":[78,92],"band_applies":0,"in_band":1,"lossy":1,"qclk_law_n":85969,"rfa_lines":9,"W1_rfa_gen":"0","W2_pfrac_lines":0,"W4_retx_max":3029,"W5_rack_fa":"2475/3108"}
=== rep=1 arm=sc2-Q184 alpha=0.184 seed=42 env="RWM_QUANTILE_CLOCKS=1 RWM_ALPHA_OVERRIDE=0.184 RWM_DELTA_CAP=1 RWM_SUM_CAP=1 RWM_RACK_CLOCKS=0 RWM_DERIVED_SWEEP=0 RWM_COMPOSED_CAP=0 RWM_THREE_TERM=0 RWM_STORE_CAP_UNIFIED=0 RWM_LATE_BRAKE=0 RWM_CHARGE_RECOVERY=0 RWM_RELEASE_1TO1=0 RWM_LOSS_SENT_TRUTH=0" cell=c2/c2/single bytes=100000000 17:29:05
[2m2026-08-20T17:29:07.213520Z[0m [32m INFO[0m [2mraptorpath::gates[0m[2m:[0m [GATES] RWM_UNIFIED=1 RWM_UNIFIED_SHED=1 RWM_TAPER_R=1 RWM_ASTAR_ANCHOR=1 RWM_MSTAR_ANCHOR=1 RWM_PLAIN_RS=0 RWM_HONEST_ANCHOR=1 RWM_HONEST_K=0 RWM_STORE_SACK_RELEASE=1 RWM_STORE_PATHS=1 RWM_STORE_PATH_POOL=2048 RWM_STORE=unset RWM_STORE_GAIN=2 RWM_STORE_BOOT=128 RWM_STORE_CAPW=0 RWM_STORE_CAP_UNIFIED=0 RWM_THREE_TERM=0 RWM_COMPOSED_CAP=0 RWM_SUM_CAP=1 RWM_LATE_BRAKE=0 RWM_DELTA_CAP=1 RWM_STORE_PERCAP=0 RWM_PERCAP_GUARD=1 RWM_STORE_BORROW=0 RWM_HONEST_CAP=1 RWM_POOL_ANCHOR=0 RWM_POOL_DELIV=0 RWM_FLOOR_BOUND=0 RWM_ACK_MERGE=1 RWM_LOSS_SENT_TRUTH=0 RWM_RELEASE_1TO1=0 RWM_CHARGE_RECOVERY=0 RWM_PATIENCE_DERIVED=0 RWM_SIDLE_DERIVED=0 RWM_WIN_DECOUPLE=0 RWM_PLACE_SLACK=0 RWM_COLD_PLACE=0 RWM_GEN=384 RWM_PIPELINE=2 RWM_GEN_PIPE=1 RWM_GEN_R=unset RWM_GEN_RATE=9000 RWM_GEN_RATE_FLOOR=2000 RWM_GEN_INFLIGHT=unset RWM_OOO_RETAIN=0/16 RWM_WINDOW=unset RWM_REPORT_GENS=unset RWM_REPAIR_WAIT=unset RWM_CODED_SRC=0 RWM_NO_REACTIVE=0 RWM_XPATH_REPAIR=0 RWM_PROACTIVE_PACER=0 RWM_REASM_BDP=0 RWM_MIN_R=0 RWM_CC_PACE=0 RWM_CC_PACE_HR=1.1 RWM_REACT_CAP=unset RWM_INFL_CAP=0 RWM_INFL_BDP=unset RWM_COPA_FEED=0 RWM_RS_ATTR=1 RWM_EMIT_BATCH=0 RWM_EMIT_BURST=64 RWM_RECOV_MP=1 RWM_RECOV_MP_LAW=1 RWM_RECOV_MP_LIVE=0 RWM_RECOV_SP=0 RWM_DERIVED_SWEEP=0 RWM_RACK_CLOCKS=0 RWM_RACK_REO_MULT=1 RWM_QUANTILE_CLOCKS=1 RWM_ALPHA_OVERRIDE=0.184 RWM_DIAG=1 RWM_ACKDIAG=1 RWM_ACKDIAG_WINDOW_US=2000000 RWM_WALLDIAG=1 RWM_CPUPROF=0 RWM_RDIAG=0 RWM_FDIAG=1 RWM_TRACE=0 RWM_PFRAC=0
{"bytes":100000000,"dnf":0,"hint":"bulk","max_s":9.0318,"mean_mbps":88.576,"mean_s":9.0318,"median_s":9.0318,"min_s":9.0318,"proto":"rp-native","runs":1,"stdev_s":0.0,"summary":true}
    LATPROBE-LEG leg=0 file=/tmp/rwm-ping-0.txt sent=174 recv=170 censor=2.30% p50=101.0[censor=2.30% ok] p95=107.0[censor=2.30% ok] p99=108.0[censor=2.30% UNSCOREABLE(inside censored tail)]
    LATPROBE: 1 leg(s) /tmp/rwm-ping-0.txt=170 replies
    CPU: CPUSRV=7.62s CPUCLI=6.54s (srv=decoder cli=sender; whole-invocation incl warmup)
    QDISC cli0: qdisc netem a301: root refcnt 7 limit 1000 delay 5ms  3ms loss gemodel p 1.3% r 50% 1-h 100% 1-k 0% rate 100Mbit seed 42  Sent 111834362 bytes 93623 pkt (dropped 544, overlimits 0 requeues 0)   backlog 0b 0p requeues 0 
    QDISC srv0: qdisc netem a303: root refcnt 7 limit 1000 delay 5ms  3ms rate 100Mbit seed 3020332929328938930  Sent 11024100 bytes 61226 pkt (dropped 0, overlimits 0 requeues 0)   backlog 0b 0p requeues 0 
    QCAP: /tmp/rwm-q.txt 10 lines
RUNTIME sc2-Q184 rep=1 11s rc=0
ALPHARESULT {"cell": "sc2", "arm": "Q184", "alpha_cmd": 0.184, "seed": 42, "rep": 1, "n_paths": 1, "dnf": false, "dnf_count": 0, "mbps": 88.576, "mean_mbps": 88.576, "seconds": 9.0318, "n_runs": 1, "cpusrv": 7.62, "cpucli": 6.54, "khr_med": 1.0, "kraw_med": null, "khr_n": 32, "kraw_n": 0, "rtp_med": 15, "occ_p50": 1016, "occcap_p50": 1024, "q_p50": 88, "q_p99": 99, "diag_lines": 35, "retx": 3363, "w1_rfa_gen": "0", "w2_pfrac_lines": 0, "w4_retx_max": 3363, "w5_rack_fa": "2955/3419", "gates_cli_quantile_clocks": 1, "gates_srv_quantile_clocks": 1, "gates_cli_rack_clocks": 0, "gates_srv_rack_clocks": 0, "gates_cli_derived_sweep": 0, "gates_srv_derived_sweep": 0, "gates_cli_delta_cap": 1, "gates_srv_delta_cap": 1, "gates_cli_sum_cap": 1, "gates_srv_sum_cap": 1, "gates_cli_composed_cap": 0, "gates_srv_composed_cap": 0, "gates_cli_three_term": 0, "gates_srv_three_term": 0, "gates_cli_loss_sent_truth": 0, "gates_srv_loss_sent_truth": 0, "gates_cli_gen": null, "gates_srv_gen": null, "gates_cli_diag": 1, "gates_srv_diag": 1, "gates_cli_ackdiag": 1, "gates_srv_ackdiag": 1, "gates_cli_walldiag": 1, "gates_srv_walldiag": 1, "gates_cli_fdiag": 1, "gates_srv_fdiag": 1, "gates_cli_recov_mp": 1, "gates_srv_recov_mp": 1, "gates_cli_cc_pace": 0, "gates_srv_cc_pace": 0, "gates_cli_rack_reo_mult": 1, "gates_srv_rack_reo_mult": 1, "gates_lines_cli": 1, "gates_lines_srv": 1, "gate_quantile_cli": "1", "gate_quantile_srv": "1", "gate_alpha_cli": "0.184", "gate_alpha_srv": "0.184", "gate_gen_cli": 384, "gate_gen_srv": 384, "qalpha_lines_cli": 2, "qalpha_site_cli": "sender", "qalpha_quantile_cli": 1, "qalpha_contract_cli": 0.001, "qalpha_override_cli": 0.184, "qalpha_cli": 0.184, "qalpha_k_cli": 2.1059, "qalpha_lines_srv": 2, "qalpha_site_srv": "sender", "qalpha_quantile_srv": 1, "qalpha_contract_srv": 0.001, "qalpha_override_srv": 0.184, "qalpha_srv": 0.184, "qalpha_k_srv": 2.1059, "qclk_cli_lines": 1, "qclk_cli_site": "sender", "qclk_cli_alpha": 0.184, "qclk_cli_k": 2.1059, "qclk_cli_w_us_mean": 103330.1, "qclk_cli_srtt_us_mean": 102175.4, "qclk_cli_on": 1, "qclk_cli_evals": 89992, "qclk_cli_kept": 2742, "qclk_cli_w_us_p05": 96129, "qclk_cli_w_us_p50": 104415, "qclk_cli_w_us_p95": 108969, "qclk_cli_w_us_min": 24553, "qclk_cli_w_us_max": 121219, "qclk_cli_law_n": 87739, "qclk_cli_sigma_us_mean": 548.6, "qclk_cli_sigma_n": 87739, "qclk_srv_lines": 9, "qclk_srv_site": "receiver", "qclk_srv_alpha": 0.184, "qclk_srv_k": 2.1059, "qclk_srv_w_us_mean": 112200.7, "qclk_srv_srtt_us_mean": 99145.4, "qclk_srv_on": 1, "qclk_srv_evals": 74690, "qclk_srv_kept": 2316, "qclk_srv_w_us_p05": 105670, "qclk_srv_w_us_p50": 108897, "qclk_srv_w_us_p95": 137025, "qclk_srv_w_us_min": 81450, "qclk_srv_w_us_max": 143561, "qclk_srv_law_n": 74110, "qclk_srv_sigma_us_mean": 6199.7, "qclk_srv_sigma_n": 74110, "rack_lines_cli": 2, "rack_on_cli": 0, "rack_evals_cli": 0, "rack_ceil_cli": 0.0, "rack_gran_cli": 0.0, "rack_legacy_pin_cli": 0.0, "rack_round_cli": 0.0, "rack_legacy_cli": 0.0, "rack_mult_cli": 1, "rack_fa_n_cli": 2955, "rack_fa_d_cli": 3419, "rack_fa_frac_cli": 0.8643, "rack_fa_class_cli": 0.0625, "rack_lines_srv": 0, "rack_on_srv": null, "rack_evals_srv": null, "rack_ceil_srv": null, "rack_gran_srv": null, "rack_legacy_pin_srv": null, "rack_round_srv": null, "rack_legacy_srv": null, "rack_mult_srv": null, "rack_fa_n_srv": null, "rack_fa_d_srv": null, "rack_fa_frac_srv": null, "rack_fa_class_srv": null, "rack_fired": 3419, "rack_spurious": 2955, "rack_fa_frac": 0.8643, "rack_fa_class": 0.0625, "rack_round_us": 0.0, "rack_legacy_us": 0.0, "rack_evals": 0, "rack_legacy_pin": 0.0, "rfa_lines": 9, "rfa_gen": 0, "rfa_fires": 3475, "rfa_false": 1044, "rfa_fill_coded": 183, "rfa_fill_src": 2248, "rfa_dup_src": 865, "rfa_preempt_src": 179, "rfa_src_n": 85174, "rfa_rep_n": 448, "rfa_false_frac": 0.3004, "rfa_nu_recv": 0.0408, "rfa_fa_class": 0.0625, "rfa_bracket_lo": 0.3004, "rfa_bracket_hi": 0.850856, "sf_ticks": 1426, "sf_E": 0.9705, "sf_short": 0.0295, "sf_zero": 0.0295, "capboot_n": 32, "capboot_frac": 0.0, "ping_n": 170, "ping_p50": 101.0, "ping_p95": 107.0, "ping_p99": 108.0, "ping_tx": 174, "ping_rx": 170, "ping_loss": 2.3, "ping_censor_frac": 0.023, "legs_probed": 1, "leg0_n": 170, "leg0_sent": 174, "leg0_recv": 170, "leg0_sent_source": "summary", "leg0_censor_frac": 0.023, "leg0_censor_pct": 2.3, "leg0_recv_mismatch": false, "leg0_leg_unscoreable": false, "leg0_min": 9.2, "leg0_max": 110.0, "leg0_p50": 101.0, "leg0_p50_censored": false, "leg0_p50_scoreable": true, "leg0_p95": 107.0, "leg0_p95_censored": false, "leg0_p95_scoreable": true, "leg0_p99": 108.0, "leg0_p99_censored": true, "leg0_p99_scoreable": false, "legs_censor_max": 0.023, "wait_tun": 35, "wait_paused": 38, "wait_pace": 0, "wait_gen": 0, "wait_nack": 30, "wait_defc": 0, "wait_tail": 0, "wait_flush": 0, "wait_lines": 32, "deadwall": false, "sig_us_p50": 576.0, "sig_us_n": 83293, "sig_us_path": 0, "sig_paths": 1, "pl_n": 32, "pl_max": 0.0, "pl_min": 0.0, "pl_p0": 0.0, "dgq_hand": 86996, "dgq_full": 0, "dgq_err": 0, "dgq_gap": 0, "tc_bytes": 111834362, "tc_pkts": 93623, "tc_drop": 544, "tc_s": 11}
LIVENESS sc2-Q184 rep=1 RWM_QUANTILE_CLOCKS=RWM_QUANTILE_CLOCKS=1/RWM_QUANTILE_CLOCKS=1(exp1) RWM_ALPHA_OVERRIDE=RWM_ALPHA_OVERRIDE=0.184/RWM_ALPHA_OVERRIDE=0.184(exp0.184) RWM_DELTA_CAP=RWM_DELTA_CAP=1/RWM_DELTA_CAP=1(exp1) RWM_SUM_CAP=RWM_SUM_CAP=1/RWM_SUM_CAP=1(exp1) RWM_RACK_CLOCKS=RWM_RACK_CLOCKS=0/RWM_RACK_CLOCKS=0(exp0) RWM_DERIVED_SWEEP=RWM_DERIVED_SWEEP=0/RWM_DERIVED_SWEEP=0(exp0) RWM_COMPOSED_CAP=RWM_COMPOSED_CAP=0/RWM_COMPOSED_CAP=0(exp0) RWM_THREE_TERM=RWM_THREE_TERM=0/RWM_THREE_TERM=0(exp0) RWM_STORE_CAP_UNIFIED=RWM_STORE_CAP_UNIFIED=0/RWM_STORE_CAP_UNIFIED=0(exp0) RWM_LATE_BRAKE=RWM_LATE_BRAKE=0/RWM_LATE_BRAKE=0(exp0) RWM_CHARGE_RECOVERY=RWM_CHARGE_RECOVERY=0/RWM_CHARGE_RECOVERY=0(exp0) RWM_RELEASE_1TO1=RWM_RELEASE_1TO1=0/RWM_RELEASE_1TO1=0(exp0) RWM_LOSS_SENT_TRUTH=RWM_LOSS_SENT_TRUTH=0/RWM_LOSS_SENT_TRUTH=0(exp0) RWM_DIAG=RWM_DIAG=1/RWM_DIAG=1(exp1) RWM_ACKDIAG=RWM_ACKDIAG=1/RWM_ACKDIAG=1(exp1) RWM_WALLDIAG=RWM_WALLDIAG=1/RWM_WALLDIAG=1(exp1) RWM_FDIAG=RWM_FDIAG=1/RWM_FDIAG=1(exp1)
QALPHALINE sc2-Q184 rep=1 site=cli [QALPHA] site=sender quantile=1 contract_alpha=1.000000e-3 override=1.840000e-1 alpha=1.840000e-1 k=2.1059 fa_class=0.0625
QALPHALINE sc2-Q184 rep=1 site=srv [QALPHA] site=receiver quantile=1 contract_alpha=1.000000e-5 override=1.840000e-1 alpha=1.840000e-1 k=2.1059 fa_class=0.0625
QCLKLINE sc2-Q184 rep=1 site=cli [QCLK] site=sender on=1 alpha=1.840000e-1 k=2.1059 evals=89992 law_n=87739 kept=2742 w_us_mean=103330.1 w_us_p05=96129 w_us_p50=104415 w_us_p95=108969 w_us_min=24553 w_us_max=121219 srtt_us_mean=102175.4 sigma_us_mean=548.6/n87739 fa_class=0.0625
QCLKLINE sc2-Q184 rep=1 site=srv [QCLK] site=receiver on=1 alpha=1.840000e-1 k=2.1059 evals=6854 law_n=6274 kept=3137 w_us_mean=129423.7 w_us_p05=110064 w_us_p50=139722 w_us_p95=143561 w_us_min=81450 w_us_max=143561 srtt_us_mean=68464.4 sigma_us_mean=28947.2/n6274 fa_class=0.0625
QCLKLINE sc2-Q184 rep=1 site=srv [QCLK] site=receiver on=1 alpha=1.840000e-1 k=2.1059 evals=13850 law_n=13270 kept=3318 w_us_mean=127691.3 w_us_p05=111509 w_us_p50=127214 w_us_p95=143561 w_us_min=81450 w_us_max=143561 srtt_us_mean=82128.1 sigma_us_mean=21636.3/n13270 fa_class=0.0625
QCLKLINE sc2-Q184 rep=1 site=srv [QCLK] site=receiver on=1 alpha=1.840000e-1 k=2.1059 evals=22791 law_n=22211 kept=2776 w_us_mean=120596.9 w_us_p05=106821 w_us_p50=116569 w_us_p95=143561 w_us_min=81450 w_us_max=143561 srtt_us_mean=90266.4 sigma_us_mean=14402.9/n22211 fa_class=0.0625
QCLKLINE sc2-Q184 rep=1 site=srv [QCLK] site=receiver on=1 alpha=1.840000e-1 k=2.1059 evals=29920 law_n=29340 kept=3667 w_us_mean=117220.8 w_us_p05=104693 w_us_p50=111509 w_us_p95=141526 w_us_min=81450 w_us_max=143561 srtt_us_mean=93112.7 sigma_us_mean=11448.2/n29340 fa_class=0.0625
QCLKLINE sc2-Q184 rep=1 site=srv [QCLK] site=receiver on=1 alpha=1.840000e-1 k=2.1059 evals=38770 law_n=38190 kept=2387 w_us_mean=114741.8 w_us_p05=105127 w_us_p50=108098 w_us_p95=141526 w_us_min=81450 w_us_max=143561 srtt_us_mean=95449.6 sigma_us_mean=9161.3/n38190 fa_class=0.0625
QCLKLINE sc2-Q184 rep=1 site=srv [QCLK] site=receiver on=1 alpha=1.840000e-1 k=2.1059 evals=46854 law_n=46274 kept=2892 w_us_mean=113494.1 w_us_p05=105127 w_us_p50=108098 w_us_p95=141526 w_us_min=81450 w_us_max=143561 srtt_us_mean=96775.6 sigma_us_mean=7939.2/n46274 fa_class=0.0625
QCLKLINE sc2-Q184 rep=1 site=srv [QCLK] site=receiver on=1 alpha=1.840000e-1 k=2.1059 evals=56349 law_n=55769 kept=3485 w_us_mean=112671.8 w_us_p05=105127 w_us_p50=108369 w_us_p95=139722 w_us_min=81450 w_us_max=143561 srtt_us_mean=97754.0 sigma_us_mean=7084.1/n55769 fa_class=0.0625
QCLKLINE sc2-Q184 rep=1 site=srv [QCLK] site=receiver on=1 alpha=1.840000e-1 k=2.1059 evals=65498 law_n=64918 kept=4057 w_us_mean=112198.8 w_us_p05=105278 w_us_p50=108548 w_us_p95=139722 w_us_min=81450 w_us_max=143561 srtt_us_mean=98570.8 sigma_us_mean=6471.6/n64918 fa_class=0.0625
QCLKLINE sc2-Q184 rep=1 site=srv [QCLK] site=receiver on=1 alpha=1.840000e-1 k=2.1059 evals=74690 law_n=74110 kept=2316 w_us_mean=112200.7 w_us_p05=105670 w_us_p50=108897 w_us_p95=137025 w_us_min=81450 w_us_max=143561 srtt_us_mean=99145.4 sigma_us_mean=6199.7/n74110 fa_class=0.0625
RACKLINE sc2-Q184 rep=1 site=cli [RACK] on=0 evals=0 ceil=0.0000 gran=0.0000 legacy_pin=0.0000 round=0.0 legacy=0.0 mult=1 fa=82/82 fa_frac=1.0000 fa_class=0.0625
RACKLINE sc2-Q184 rep=1 site=cli [RACK] on=0 evals=0 ceil=0.0000 gran=0.0000 legacy_pin=0.0000 round=0.0 legacy=0.0 mult=1 fa=2955/3419 fa_frac=0.8643 fa_class=0.0625
RFALINE sc2-Q184 rep=1 site=cli [RFA] gen=0 fires=11 false=11 false_frac=1.0000 fill_coded=0 fill_src=0 dup_src=11 preempt_src=0 src_n=12 rep_n=10 nu_recv=0.91667 fa_class=0.0625
RFALINE sc2-Q184 rep=1 site=cli [RFA] gen=0 fires=19 false=19 false_frac=1.0000 fill_coded=0 fill_src=0 dup_src=19 preempt_src=0 src_n=20 rep_n=18 nu_recv=0.95000 fa_class=0.0625
RFALINE sc2-Q184 rep=1 site=cli [RFA] gen=0 fires=29 false=29 false_frac=1.0000 fill_coded=0 fill_src=0 dup_src=29 preempt_src=0 src_n=30 rep_n=28 nu_recv=0.96667 fa_class=0.0625
RFALINE sc2-Q184 rep=1 site=cli [RFA] gen=0 fires=39 false=39 false_frac=1.0000 fill_coded=0 fill_src=0 dup_src=39 preempt_src=0 src_n=40 rep_n=38 nu_recv=0.97500 fa_class=0.0625
RFALINE sc2-Q184 rep=1 site=cli [RFA] gen=0 fires=49 false=49 false_frac=1.0000 fill_coded=0 fill_src=0 dup_src=49 preempt_src=0 src_n=50 rep_n=48 nu_recv=0.98000 fa_class=0.0625
RFALINE sc2-Q184 rep=1 site=cli [RFA] gen=0 fires=59 false=59 false_frac=1.0000 fill_coded=0 fill_src=0 dup_src=59 preempt_src=0 src_n=60 rep_n=58 nu_recv=0.98333 fa_class=0.0625
RFALINE sc2-Q184 rep=1 site=cli [RFA] gen=0 fires=69 false=69 false_frac=1.0000 fill_coded=0 fill_src=0 dup_src=69 preempt_src=0 src_n=70 rep_n=68 nu_recv=0.98571 fa_class=0.0625
RFALINE sc2-Q184 rep=1 site=cli [RFA] gen=0 fires=78 false=78 false_frac=1.0000 fill_coded=0 fill_src=0 dup_src=78 preempt_src=0 src_n=79 rep_n=77 nu_recv=0.98734 fa_class=0.0625
RFALINE sc2-Q184 rep=1 site=cli [RFA] gen=0 fires=82 false=82 false_frac=1.0000 fill_coded=0 fill_src=0 dup_src=82 preempt_src=0 src_n=84 rep_n=82 nu_recv=0.97619 fa_class=0.0625
RFALINE sc2-Q184 rep=1 site=srv [RFA] gen=0 fires=396 false=180 false_frac=0.4545 fill_coded=12 fill_src=204 dup_src=169 preempt_src=11 src_n=8600 rep_n=36 nu_recv=0.04605 fa_class=0.0625
RFALINE sc2-Q184 rep=1 site=srv [RFA] gen=0 fires=761 false=295 false_frac=0.3876 fill_coded=28 fill_src=438 dup_src=268 preempt_src=27 src_n=18166 rep_n=85 nu_recv=0.04189 fa_class=0.0625
RFALINE sc2-Q184 rep=1 site=srv [RFA] gen=0 fires=1022 false=357 false_frac=0.3493 fill_coded=40 fill_src=625 dup_src=319 preempt_src=38 src_n=27853 rep_n=119 nu_recv=0.03669 fa_class=0.0625
RFALINE sc2-Q184 rep=1 site=srv [RFA] gen=0 fires=1416 false=466 false_frac=0.3291 fill_coded=62 fill_src=888 dup_src=407 preempt_src=59 src_n=37328 rep_n=170 nu_recv=0.03793 fa_class=0.0625
RFALINE sc2-Q184 rep=1 site=srv [RFA] gen=0 fires=1703 false=554 false_frac=0.3253 fill_coded=81 fill_src=1068 dup_src=476 preempt_src=78 src_n=46967 rep_n=213 nu_recv=0.03626 fa_class=0.0625
RFALINE sc2-Q184 rep=1 site=srv [RFA] gen=0 fires=2026 false=637 false_frac=0.3144 fill_coded=97 fill_src=1292 dup_src=546 preempt_src=91 src_n=56431 rep_n=259 nu_recv=0.03590 fa_class=0.0625
RFALINE sc2-Q184 rep=1 site=srv [RFA] gen=0 fires=2612 false=792 false_frac=0.3032 fill_coded=128 fill_src=1692 dup_src=669 preempt_src=123 src_n=66039 rep_n=340 nu_recv=0.03955 fa_class=0.0625
RFALINE sc2-Q184 rep=1 site=srv [RFA] gen=0 fires=3101 false=952 false_frac=0.3070 fill_coded=156 fill_src=1993 dup_src=800 preempt_src=152 src_n=75481 rep_n=400 nu_recv=0.04108 fa_class=0.0625
RFALINE sc2-Q184 rep=1 site=srv [RFA] gen=0 fires=3475 false=1044 false_frac=0.3004 fill_coded=183 fill_src=2248 dup_src=865 preempt_src=179 src_n=85174 rep_n=448 nu_recv=0.04080 fa_class=0.0625
DCAPLINE sc2-Q184 rep=1 site=cli [DCAP] on=1 eng=0/0 chg=0/0 chg_frac=0.0000 pin=0.0000 floor=0.0000 cap=0.0 ask=0.0 q=0.100000 b=2.0000
WALLLINE sc2-Q184 rep=1 site=cli [WALL] onset=0.9884 dur_ms=104.8 retx=11 total_ms=9047.6 it_ms=0.101
ALPHAWITNESS {"cell":"sc2","arm":"Q184","alpha":"0.184","seed":42,"rep":1,"rc":0,"mbps":88.576,"band":[78,92],"band_applies":0,"in_band":1,"lossy":1,"qclk_law_n":87739,"rfa_lines":9,"W1_rfa_gen":"0","W2_pfrac_lines":0,"W4_retx_max":3363,"W5_rack_fa":"2955/3419"}
=== rep=1 arm=sc2-Q400 alpha=0.4 seed=42 env="RWM_QUANTILE_CLOCKS=1 RWM_ALPHA_OVERRIDE=0.4 RWM_DELTA_CAP=1 RWM_SUM_CAP=1 RWM_RACK_CLOCKS=0 RWM_DERIVED_SWEEP=0 RWM_COMPOSED_CAP=0 RWM_THREE_TERM=0 RWM_STORE_CAP_UNIFIED=0 RWM_LATE_BRAKE=0 RWM_CHARGE_RECOVERY=0 RWM_RELEASE_1TO1=0 RWM_LOSS_SENT_TRUTH=0" cell=c2/c2/single bytes=100000000 17:29:16
[2m2026-08-20T17:29:18.546364Z[0m [32m INFO[0m [2mraptorpath::gates[0m[2m:[0m [GATES] RWM_UNIFIED=1 RWM_UNIFIED_SHED=1 RWM_TAPER_R=1 RWM_ASTAR_ANCHOR=1 RWM_MSTAR_ANCHOR=1 RWM_PLAIN_RS=0 RWM_HONEST_ANCHOR=1 RWM_HONEST_K=0 RWM_STORE_SACK_RELEASE=1 RWM_STORE_PATHS=1 RWM_STORE_PATH_POOL=2048 RWM_STORE=unset RWM_STORE_GAIN=2 RWM_STORE_BOOT=128 RWM_STORE_CAPW=0 RWM_STORE_CAP_UNIFIED=0 RWM_THREE_TERM=0 RWM_COMPOSED_CAP=0 RWM_SUM_CAP=1 RWM_LATE_BRAKE=0 RWM_DELTA_CAP=1 RWM_STORE_PERCAP=0 RWM_PERCAP_GUARD=1 RWM_STORE_BORROW=0 RWM_HONEST_CAP=1 RWM_POOL_ANCHOR=0 RWM_POOL_DELIV=0 RWM_FLOOR_BOUND=0 RWM_ACK_MERGE=1 RWM_LOSS_SENT_TRUTH=0 RWM_RELEASE_1TO1=0 RWM_CHARGE_RECOVERY=0 RWM_PATIENCE_DERIVED=0 RWM_SIDLE_DERIVED=0 RWM_WIN_DECOUPLE=0 RWM_PLACE_SLACK=0 RWM_COLD_PLACE=0 RWM_GEN=384 RWM_PIPELINE=2 RWM_GEN_PIPE=1 RWM_GEN_R=unset RWM_GEN_RATE=9000 RWM_GEN_RATE_FLOOR=2000 RWM_GEN_INFLIGHT=unset RWM_OOO_RETAIN=0/16 RWM_WINDOW=unset RWM_REPORT_GENS=unset RWM_REPAIR_WAIT=unset RWM_CODED_SRC=0 RWM_NO_REACTIVE=0 RWM_XPATH_REPAIR=0 RWM_PROACTIVE_PACER=0 RWM_REASM_BDP=0 RWM_MIN_R=0 RWM_CC_PACE=0 RWM_CC_PACE_HR=1.1 RWM_REACT_CAP=unset RWM_INFL_CAP=0 RWM_INFL_BDP=unset RWM_COPA_FEED=0 RWM_RS_ATTR=1 RWM_EMIT_BATCH=0 RWM_EMIT_BURST=64 RWM_RECOV_MP=1 RWM_RECOV_MP_LAW=1 RWM_RECOV_MP_LIVE=0 RWM_RECOV_SP=0 RWM_DERIVED_SWEEP=0 RWM_RACK_CLOCKS=0 RWM_RACK_REO_MULT=1 RWM_QUANTILE_CLOCKS=1 RWM_ALPHA_OVERRIDE=0.4 RWM_DIAG=1 RWM_ACKDIAG=1 RWM_ACKDIAG_WINDOW_US=2000000 RWM_WALLDIAG=1 RWM_CPUPROF=0 RWM_RDIAG=0 RWM_FDIAG=1 RWM_TRACE=0 RWM_PFRAC=0
{"bytes":100000000,"dnf":0,"hint":"bulk","max_s":9.052,"mean_mbps":88.379,"mean_s":9.052,"median_s":9.052,"min_s":9.052,"proto":"rp-native","runs":1,"stdev_s":0.0,"summary":true}
    LATPROBE-LEG leg=0 file=/tmp/rwm-ping-0.txt sent=172 recv=167 censor=2.91% p50=101.0[censor=2.91% ok] p95=106.0[censor=2.91% ok] p99=108.0[censor=2.91% UNSCOREABLE(inside censored tail)]
    LATPROBE: 1 leg(s) /tmp/rwm-ping-0.txt=167 replies
    CPU: CPUSRV=7.74s CPUCLI=6.75s (srv=decoder cli=sender; whole-invocation incl warmup)
    QDISC cli0: qdisc netem a305: root refcnt 7 limit 1000 delay 5ms  3ms loss gemodel p 1.3% r 50% 1-h 100% 1-k 0% rate 100Mbit seed 42  Sent 111825734 bytes 91705 pkt (dropped 566, overlimits 0 requeues 0)   backlog 0b 0p requeues 0 
    QDISC srv0: qdisc netem a307: root refcnt 7 limit 1000 delay 5ms  3ms rate 100Mbit seed 5079518868036270293  Sent 11117174 bytes 61363 pkt (dropped 0, overlimits 0 requeues 0)   backlog 0b 0p requeues 0 
    QCAP: /tmp/rwm-q.txt 10 lines
RUNTIME sc2-Q400 rep=1 12s rc=0
ALPHARESULT {"cell": "sc2", "arm": "Q400", "alpha_cmd": 0.4, "seed": 42, "rep": 1, "n_paths": 1, "dnf": false, "dnf_count": 0, "mbps": 88.379, "mean_mbps": 88.379, "seconds": 9.052, "n_runs": 1, "cpusrv": 7.74, "cpucli": 6.75, "khr_med": 1.0, "kraw_med": null, "khr_n": 33, "kraw_n": 0, "rtp_med": 14, "occ_p50": 1011, "occcap_p50": 1024, "q_p50": 88, "q_p99": 95, "diag_lines": 36, "retx": 3157, "w1_rfa_gen": "0", "w2_pfrac_lines": 0, "w4_retx_max": 3157, "w5_rack_fa": "2623/3157", "gates_cli_quantile_clocks": 1, "gates_srv_quantile_clocks": 1, "gates_cli_rack_clocks": 0, "gates_srv_rack_clocks": 0, "gates_cli_derived_sweep": 0, "gates_srv_derived_sweep": 0, "gates_cli_delta_cap": 1, "gates_srv_delta_cap": 1, "gates_cli_sum_cap": 1, "gates_srv_sum_cap": 1, "gates_cli_composed_cap": 0, "gates_srv_composed_cap": 0, "gates_cli_three_term": 0, "gates_srv_three_term": 0, "gates_cli_loss_sent_truth": 0, "gates_srv_loss_sent_truth": 0, "gates_cli_gen": null, "gates_srv_gen": null, "gates_cli_diag": 1, "gates_srv_diag": 1, "gates_cli_ackdiag": 1, "gates_srv_ackdiag": 1, "gates_cli_walldiag": 1, "gates_srv_walldiag": 1, "gates_cli_fdiag": 1, "gates_srv_fdiag": 1, "gates_cli_recov_mp": 1, "gates_srv_recov_mp": 1, "gates_cli_cc_pace": 0, "gates_srv_cc_pace": 0, "gates_cli_rack_reo_mult": 1, "gates_srv_rack_reo_mult": 1, "gates_lines_cli": 1, "gates_lines_srv": 1, "gate_quantile_cli": "1", "gate_quantile_srv": "1", "gate_alpha_cli": "0.4", "gate_alpha_srv": "0.4", "gate_gen_cli": 384, "gate_gen_srv": 384, "qalpha_lines_cli": 2, "qalpha_site_cli": "sender", "qalpha_quantile_cli": 1, "qalpha_contract_cli": 0.001, "qalpha_override_cli": 0.4, "qalpha_cli": 0.4, "qalpha_k_cli": 1.2247, "qalpha_lines_srv": 2, "qalpha_site_srv": "sender", "qalpha_quantile_srv": 1, "qalpha_contract_srv": 0.001, "qalpha_override_srv": 0.4, "qalpha_srv": 0.4, "qalpha_k_srv": 1.2247, "qclk_cli_lines": 1, "qclk_cli_site": "sender", "qclk_cli_alpha": 0.4, "qclk_cli_k": 1.2247, "qclk_cli_w_us_mean": 103414.2, "qclk_cli_srtt_us_mean": 102718.8, "qclk_cli_on": 1, "qclk_cli_evals": 89861, "qclk_cli_kept": 2636, "qclk_cli_w_us_p05": 97895, "qclk_cli_w_us_p50": 104080, "qclk_cli_w_us_p95": 108559, "qclk_cli_w_us_min": 24011, "qclk_cli_w_us_max": 127091, "qclk_cli_law_n": 84334, "qclk_cli_sigma_us_mean": 568.3, "qclk_cli_sigma_n": 84334, "qclk_srv_lines": 9, "qclk_srv_site": "receiver", "qclk_srv_alpha": 0.4, "qclk_srv_k": 1.2247, "qclk_srv_w_us_mean": 105871.4, "qclk_srv_srtt_us_mean": 100201.6, "qclk_srv_on": 1, "qclk_srv_evals": 76118, "qclk_srv_kept": 2365, "qclk_srv_w_us_p05": 103962, "qclk_srv_w_us_p50": 105778, "qclk_srv_w_us_p95": 112436, "qclk_srv_w_us_min": 58233, "qclk_srv_w_us_max": 116776, "qclk_srv_law_n": 75698, "qclk_srv_sigma_us_mean": 4629.7, "qclk_srv_sigma_n": 75698, "rack_lines_cli": 2, "rack_on_cli": 0, "rack_evals_cli": 0, "rack_ceil_cli": 0.0, "rack_gran_cli": 0.0, "rack_legacy_pin_cli": 0.0, "rack_round_cli": 0.0, "rack_legacy_cli": 0.0, "rack_mult_cli": 1, "rack_fa_n_cli": 2623, "rack_fa_d_cli": 3157, "rack_fa_frac_cli": 0.8309, "rack_fa_class_cli": 0.0625, "rack_lines_srv": 0, "rack_on_srv": null, "rack_evals_srv": null, "rack_ceil_srv": null, "rack_gran_srv": null, "rack_legacy_pin_srv": null, "rack_round_srv": null, "rack_legacy_srv": null, "rack_mult_srv": null, "rack_fa_n_srv": null, "rack_fa_d_srv": null, "rack_fa_frac_srv": null, "rack_fa_class_srv": null, "rack_fired": 3157, "rack_spurious": 2623, "rack_fa_frac": 0.8309, "rack_fa_class": 0.0625, "rack_round_us": 0.0, "rack_legacy_us": 0.0, "rack_evals": 0, "rack_legacy_pin": 0.0, "rfa_lines": 9, "rfa_gen": 0, "rfa_fires": 3299, "rfa_false": 1102, "rfa_fill_coded": 185, "rfa_fill_src": 2012, "rfa_dup_src": 919, "rfa_preempt_src": 183, "rfa_src_n": 85043, "rfa_rep_n": 468, "rfa_false_frac": 0.334, "rfa_nu_recv": 0.03879, "rfa_fa_class": 0.0625, "rfa_bracket_lo": 0.334, "rfa_bracket_hi": 0.856255, "sf_ticks": 1429, "sf_E": 0.9363, "sf_short": 0.0637, "sf_zero": 0.0637, "capboot_n": 33, "capboot_frac": 0.0, "ping_n": 167, "ping_p50": 101.0, "ping_p95": 106.0, "ping_p99": 108.0, "ping_tx": 172, "ping_rx": 167, "ping_loss": 2.91, "ping_censor_frac": 0.0291, "legs_probed": 1, "leg0_n": 167, "leg0_sent": 172, "leg0_recv": 167, "leg0_sent_source": "summary", "leg0_censor_frac": 0.0291, "leg0_censor_pct": 2.91, "leg0_recv_mismatch": false, "leg0_leg_unscoreable": false, "leg0_min": 10.7, "leg0_max": 108.0, "leg0_p50": 101.0, "leg0_p50_censored": false, "leg0_p50_scoreable": true, "leg0_p95": 106.0, "leg0_p95_censored": false, "leg0_p95_scoreable": true, "leg0_p99": 108.0, "leg0_p99_censored": true, "leg0_p99_scoreable": false, "legs_censor_max": 0.0291, "wait_tun": 35, "wait_paused": 32, "wait_pace": 0, "wait_gen": 0, "wait_nack": 31, "wait_defc": 0, "wait_tail": 0, "wait_flush": 0, "wait_lines": 33, "deadwall": false, "sig_us_p50": 432.0, "sig_us_n": 85537, "sig_us_path": 0, "sig_paths": 1, "pl_n": 33, "pl_max": 0.0, "pl_min": 0.0, "pl_p0": 0.0, "dgq_hand": 88418, "dgq_full": 0, "dgq_err": 0, "dgq_gap": 0, "tc_bytes": 111825734, "tc_pkts": 91705, "tc_drop": 566, "tc_s": 11}
LIVENESS sc2-Q400 rep=1 RWM_QUANTILE_CLOCKS=RWM_QUANTILE_CLOCKS=1/RWM_QUANTILE_CLOCKS=1(exp1) RWM_ALPHA_OVERRIDE=RWM_ALPHA_OVERRIDE=0.4/RWM_ALPHA_OVERRIDE=0.4(exp0.4) RWM_DELTA_CAP=RWM_DELTA_CAP=1/RWM_DELTA_CAP=1(exp1) RWM_SUM_CAP=RWM_SUM_CAP=1/RWM_SUM_CAP=1(exp1) RWM_RACK_CLOCKS=RWM_RACK_CLOCKS=0/RWM_RACK_CLOCKS=0(exp0) RWM_DERIVED_SWEEP=RWM_DERIVED_SWEEP=0/RWM_DERIVED_SWEEP=0(exp0) RWM_COMPOSED_CAP=RWM_COMPOSED_CAP=0/RWM_COMPOSED_CAP=0(exp0) RWM_THREE_TERM=RWM_THREE_TERM=0/RWM_THREE_TERM=0(exp0) RWM_STORE_CAP_UNIFIED=RWM_STORE_CAP_UNIFIED=0/RWM_STORE_CAP_UNIFIED=0(exp0) RWM_LATE_BRAKE=RWM_LATE_BRAKE=0/RWM_LATE_BRAKE=0(exp0) RWM_CHARGE_RECOVERY=RWM_CHARGE_RECOVERY=0/RWM_CHARGE_RECOVERY=0(exp0) RWM_RELEASE_1TO1=RWM_RELEASE_1TO1=0/RWM_RELEASE_1TO1=0(exp0) RWM_LOSS_SENT_TRUTH=RWM_LOSS_SENT_TRUTH=0/RWM_LOSS_SENT_TRUTH=0(exp0) RWM_DIAG=RWM_DIAG=1/RWM_DIAG=1(exp1) RWM_ACKDIAG=RWM_ACKDIAG=1/RWM_ACKDIAG=1(exp1) RWM_WALLDIAG=RWM_WALLDIAG=1/RWM_WALLDIAG=1(exp1) RWM_FDIAG=RWM_FDIAG=1/RWM_FDIAG=1(exp1)
QALPHALINE sc2-Q400 rep=1 site=cli [QALPHA] site=sender quantile=1 contract_alpha=1.000000e-3 override=4.000000e-1 alpha=4.000000e-1 k=1.2247 fa_class=0.0625
QALPHALINE sc2-Q400 rep=1 site=srv [QALPHA] site=receiver quantile=1 contract_alpha=1.000000e-5 override=4.000000e-1 alpha=4.000000e-1 k=1.2247 fa_class=0.0625
QCLKLINE sc2-Q400 rep=1 site=cli [QCLK] site=sender on=1 alpha=4.000000e-1 k=1.2247 evals=89861 law_n=84334 kept=2636 w_us_mean=103414.2 w_us_p05=97895 w_us_p50=104080 w_us_p95=108559 w_us_min=24011 w_us_max=127091 srtt_us_mean=102718.8 sigma_us_mean=568.3/n84334 fa_class=0.0625
QCLKLINE sc2-Q400 rep=1 site=srv [QCLK] site=receiver on=1 alpha=4.000000e-1 k=1.2247 evals=5741 law_n=5321 kept=2661 w_us_mean=100708.4 w_us_p05=78977 w_us_p50=109152 w_us_p95=116776 w_us_min=58233 w_us_max=116776 srtt_us_mean=71329.8 sigma_us_mean=23987.8/n5321 fa_class=0.0625
QCLKLINE sc2-Q400 rep=1 site=srv [QCLK] site=receiver on=1 alpha=4.000000e-1 k=1.2247 evals=14178 law_n=13758 kept=3440 w_us_mean=106472.4 w_us_p05=78977 w_us_p50=109370 w_us_p95=116776 w_us_min=58233 w_us_max=116776 srtt_us_mean=87856.0 sigma_us_mean=15200.6/n13758 fa_class=0.0625
QCLKLINE sc2-Q400 rep=1 site=srv [QCLK] site=receiver on=1 alpha=4.000000e-1 k=1.2247 evals=22426 law_n=22006 kept=2751 w_us_mean=105828.5 w_us_p05=87874 w_us_p50=106259 w_us_p95=114377 w_us_min=58233 w_us_max=116776 srtt_us_mean=93255.7 sigma_us_mean=10266.0/n22006 fa_class=0.0625
QCLKLINE sc2-Q400 rep=1 site=srv [QCLK] site=receiver on=1 alpha=4.000000e-1 k=1.2247 evals=31421 law_n=31001 kept=3875 w_us_mean=105924.9 w_us_p05=87874 w_us_p50=106259 w_us_p95=114377 w_us_min=58233 w_us_max=116776 srtt_us_mean=95920.1 sigma_us_mean=8169.2/n31001 fa_class=0.0625
QCLKLINE sc2-Q400 rep=1 site=srv [QCLK] site=receiver on=1 alpha=4.000000e-1 k=1.2247 evals=40400 law_n=39980 kept=2498 w_us_mean=105967.1 w_us_p05=96645 w_us_p50=106259 w_us_p95=113556 w_us_min=58233 w_us_max=116776 srtt_us_mean=97485.6 sigma_us_mean=6925.5/n39980 fa_class=0.0625
QCLKLINE sc2-Q400 rep=1 site=srv [QCLK] site=receiver on=1 alpha=4.000000e-1 k=1.2247 evals=49544 law_n=49124 kept=3070 w_us_mean=105963.1 w_us_p05=96645 w_us_p50=106022 w_us_p95=113077 w_us_min=58233 w_us_max=116776 srtt_us_mean=98564.9 sigma_us_mean=6041.0/n49124 fa_class=0.0625
QCLKLINE sc2-Q400 rep=1 site=srv [QCLK] site=receiver on=1 alpha=4.000000e-1 k=1.2247 evals=59161 law_n=58741 kept=3671 w_us_mean=105918.0 w_us_p05=103295 w_us_p50=105873 w_us_p95=113077 w_us_min=58233 w_us_max=116776 srtt_us_mean=99367.5 sigma_us_mean=5348.9/n58741 fa_class=0.0625
QCLKLINE sc2-Q400 rep=1 site=srv [QCLK] site=receiver on=1 alpha=4.000000e-1 k=1.2247 evals=68026 law_n=67606 kept=2112 w_us_mean=105841.5 w_us_p05=103295 w_us_p50=105806 w_us_p95=112436 w_us_min=58233 w_us_max=116776 srtt_us_mean=99822.3 sigma_us_mean=4915.0/n67606 fa_class=0.0625
QCLKLINE sc2-Q400 rep=1 site=srv [QCLK] site=receiver on=1 alpha=4.000000e-1 k=1.2247 evals=76118 law_n=75698 kept=2365 w_us_mean=105871.4 w_us_p05=103962 w_us_p50=105778 w_us_p95=112436 w_us_min=58233 w_us_max=116776 srtt_us_mean=100201.6 sigma_us_mean=4629.7/n75698 fa_class=0.0625
RACKLINE sc2-Q400 rep=1 site=cli [RACK] on=0 evals=0 ceil=0.0000 gran=0.0000 legacy_pin=0.0000 round=0.0 legacy=0.0 mult=1 fa=87/87 fa_frac=1.0000 fa_class=0.0625
RACKLINE sc2-Q400 rep=1 site=cli [RACK] on=0 evals=0 ceil=0.0000 gran=0.0000 legacy_pin=0.0000 round=0.0 legacy=0.0 mult=1 fa=2623/3157 fa_frac=0.8309 fa_class=0.0625
RFALINE sc2-Q400 rep=1 site=cli [RFA] gen=0 fires=12 false=12 false_frac=1.0000 fill_coded=0 fill_src=0 dup_src=12 preempt_src=0 src_n=13 rep_n=11 nu_recv=0.92308 fa_class=0.0625
RFALINE sc2-Q400 rep=1 site=cli [RFA] gen=0 fires=22 false=22 false_frac=1.0000 fill_coded=0 fill_src=0 dup_src=22 preempt_src=0 src_n=23 rep_n=21 nu_recv=0.95652 fa_class=0.0625
RFALINE sc2-Q400 rep=1 site=cli [RFA] gen=0 fires=32 false=32 false_frac=1.0000 fill_coded=0 fill_src=0 dup_src=32 preempt_src=0 src_n=33 rep_n=31 nu_recv=0.96970 fa_class=0.0625
RFALINE sc2-Q400 rep=1 site=cli [RFA] gen=0 fires=42 false=42 false_frac=1.0000 fill_coded=0 fill_src=0 dup_src=42 preempt_src=0 src_n=43 rep_n=41 nu_recv=0.97674 fa_class=0.0625
RFALINE sc2-Q400 rep=1 site=cli [RFA] gen=0 fires=52 false=52 false_frac=1.0000 fill_coded=0 fill_src=0 dup_src=52 preempt_src=0 src_n=53 rep_n=51 nu_recv=0.98113 fa_class=0.0625
RFALINE sc2-Q400 rep=1 site=cli [RFA] gen=0 fires=62 false=62 false_frac=1.0000 fill_coded=0 fill_src=0 dup_src=62 preempt_src=0 src_n=63 rep_n=61 nu_recv=0.98413 fa_class=0.0625
RFALINE sc2-Q400 rep=1 site=cli [RFA] gen=0 fires=72 false=72 false_frac=1.0000 fill_coded=0 fill_src=0 dup_src=72 preempt_src=0 src_n=73 rep_n=71 nu_recv=0.98630 fa_class=0.0625
RFALINE sc2-Q400 rep=1 site=cli [RFA] gen=0 fires=82 false=82 false_frac=1.0000 fill_coded=0 fill_src=0 dup_src=82 preempt_src=0 src_n=83 rep_n=81 nu_recv=0.98795 fa_class=0.0625
RFALINE sc2-Q400 rep=1 site=cli [RFA] gen=0 fires=87 false=87 false_frac=1.0000 fill_coded=0 fill_src=0 dup_src=87 preempt_src=0 src_n=89 rep_n=87 nu_recv=0.97753 fa_class=0.0625
RFALINE sc2-Q400 rep=1 site=srv [RFA] gen=0 fires=392 false=271 false_frac=0.6913 fill_coded=2 fill_src=119 dup_src=269 preempt_src=2 src_n=8448 rep_n=15 nu_recv=0.04640 fa_class=0.0625
RFALINE sc2-Q400 rep=1 site=srv [RFA] gen=0 fires=710 false=356 false_frac=0.5014 fill_coded=24 fill_src=330 dup_src=333 preempt_src=23 src_n=18020 rep_n=75 nu_recv=0.03940 fa_class=0.0625
RFALINE sc2-Q400 rep=1 site=srv [RFA] gen=0 fires=988 false=408 false_frac=0.4130 fill_coded=37 fill_src=543 dup_src=372 preempt_src=36 src_n=27656 rep_n=118 nu_recv=0.03572 fa_class=0.0625
RFALINE sc2-Q400 rep=1 site=srv [RFA] gen=0 fires=1431 false=550 false_frac=0.3843 fill_coded=70 fill_src=811 dup_src=481 preempt_src=69 src_n=37133 rep_n=184 nu_recv=0.03854 fa_class=0.0625
RFALINE sc2-Q400 rep=1 site=srv [RFA] gen=0 fires=1720 false=619 false_frac=0.3599 fill_coded=90 fill_src=1011 dup_src=530 preempt_src=89 src_n=46795 rep_n=228 nu_recv=0.03676 fa_class=0.0625
RFALINE sc2-Q400 rep=1 site=srv [RFA] gen=0 fires=2140 false=768 false_frac=0.3589 fill_coded=106 fill_src=1266 dup_src=663 preempt_src=105 src_n=56249 rep_n=290 nu_recv=0.03805 fa_class=0.0625
RFALINE sc2-Q400 rep=1 site=srv [RFA] gen=0 fires=2605 false=909 false_frac=0.3489 fill_coded=141 fill_src=1555 dup_src=769 preempt_src=140 src_n=65923 rep_n=358 nu_recv=0.03952 fa_class=0.0625
RFALINE sc2-Q400 rep=1 site=srv [RFA] gen=0 fires=2895 false=977 false_frac=0.3375 fill_coded=159 fill_src=1759 dup_src=820 preempt_src=157 src_n=75349 rep_n=409 nu_recv=0.03842 fa_class=0.0625
RFALINE sc2-Q400 rep=1 site=srv [RFA] gen=0 fires=3299 false=1102 false_frac=0.3340 fill_coded=185 fill_src=2012 dup_src=919 preempt_src=183 src_n=85043 rep_n=468 nu_recv=0.03879 fa_class=0.0625
DCAPLINE sc2-Q400 rep=1 site=cli [DCAP] on=1 eng=0/0 chg=0/0 chg_frac=0.0000 pin=0.0000 floor=0.0000 cap=0.0 ask=0.0 q=0.100000 b=2.0000
WALLLINE sc2-Q400 rep=1 site=cli [WALL] onset=0.9939 dur_ms=55.1 retx=3 total_ms=9067.2 it_ms=0.101
ALPHAWITNESS {"cell":"sc2","arm":"Q400","alpha":"0.4","seed":42,"rep":1,"rc":0,"mbps":88.379,"band":[78,92],"band_applies":0,"in_band":1,"lossy":1,"qclk_law_n":84334,"rfa_lines":9,"W1_rfa_gen":"0","W2_pfrac_lines":0,"W4_retx_max":3157,"W5_rack_fa":"2623/3157"}
=== ARMCOUNTS (rows, NOT live n — see alpha_report.py) 2026-08-20T17:29:28Z
ARMCOUNT c1-CTL rows=1/1
ARMCOUNT c1-Q002 rows=1/1
ARMCOUNT c1-Q009 rows=1/1
ARMCOUNT c1-Q050 rows=1/1
ARMCOUNT c1-Q184 rows=1/1
ARMCOUNT c1-Q400 rows=1/1
ARMCOUNT c7-CTL rows=1/1
ARMCOUNT c7-Q002 rows=1/1
ARMCOUNT c7-Q009 rows=1/1
ARMCOUNT c7-Q050 rows=1/1
ARMCOUNT c7-Q184 rows=1/1
ARMCOUNT c7-Q400 rows=1/1
ARMCOUNT c8-CTL rows=1/1
ARMCOUNT c8-Q002 rows=1/1
ARMCOUNT c8-Q009 rows=1/1
ARMCOUNT c8-Q050 rows=1/1
ARMCOUNT c8-Q184 rows=1/1
ARMCOUNT c8-Q400 rows=1/1
ARMCOUNT c8L-CTL rows=1/1
ARMCOUNT c8L-Q002 rows=1/1
ARMCOUNT c8L-Q009 rows=1/1
ARMCOUNT c8L-Q050 rows=1/1
ARMCOUNT c8L-Q184 rows=1/1
ARMCOUNT c8L-Q400 rows=1/1
ARMCOUNT sc2-CTL rows=1/1
ARMCOUNT sc2-Q002 rows=1/1
ARMCOUNT sc2-Q009 rows=1/1
ARMCOUNT sc2-Q050 rows=1/1
ARMCOUNT sc2-Q184 rows=1/1
ARMCOUNT sc2-Q400 rows=1/1
ALPHA-BATTERY-DONE seed=42 2026-08-20T17:29:28Z
