=== LAT BATTERY seed=7 reps=8 cells='sc2 sc3 c2r100 c7 c2r200 c1' 2026-08-10T14:34:20Z
=== binary sha256 44e5eff7415766861803dc365c5ad761f0e77b5b2f28886952b206bc94a04b01
=== source 9f5adc0
Model name:                              Intel(R) Xeon(R) CPU E5-2650 v3 @ 2.30GHz
Flags:                                   fpu vme de pse tsc msr pae mce cx8 apic sep mtrr pge mca cmov pat pse36 clflush mmx fxsr sse sse2 ss ht syscall nx pdpe1gb rdtscp lm arch_perfmon rep_good nopl xtopology cpuid tsc_known_freq pni pclmulqdq vmx ssse3 fma cx16 pdcm pcid sse4_1 sse4_2 x2apic movbe popcnt tsc_deadline_timer aes xsave avx f16c rdrand hypervisor lahf_lm abm cpuid_fault pti ssbd ibrs ibpb stibp tpr_shadow flexpriority ept vpid ept_ad fsgsbase tsc_adjust bmi1 avx2 smep bmi2 erms invpcid xsaveopt arat vnmi umip md_clear flush_l1d arch_capabilities
=== rep=1 arm=sc2-A seed=7 env="" cell=c2/c2/single bytes=100000000 14:34:20
[2m2026-08-10T14:34:22.596700Z[0m [32m INFO[0m [2mraptorpath::gates[0m[2m:[0m [GATES] RWM_UNIFIED=1 RWM_UNIFIED_SHED=1 RWM_TAPER_R=1 RWM_ASTAR_ANCHOR=1 RWM_MSTAR_ANCHOR=1 RWM_PLAIN_RS=0 RWM_STORE_SACK_RELEASE=1 RWM_STORE_PATHS=1 RWM_STORE_PATH_POOL=2048 RWM_STORE=unset RWM_STORE_GAIN=2 RWM_STORE_BOOT=128 RWM_STORE_CAPW=0 RWM_STORE_CAP_UNIFIED=0 RWM_THREE_TERM=0 RWM_STORE_PERCAP=0 RWM_PERCAP_GUARD=1 RWM_STORE_BORROW=0 RWM_HONEST_CAP=1 RWM_POOL_ANCHOR=0 RWM_POOL_DELIV=0 RWM_FLOOR_BOUND=0 RWM_ACK_MERGE=1 RWM_PATIENCE_DERIVED=0 RWM_SIDLE_DERIVED=0 RWM_WIN_DECOUPLE=0 RWM_PLACE_SLACK=0 RWM_GEN=384 RWM_PIPELINE=2 RWM_GEN_PIPE=1 RWM_GEN_R=unset RWM_GEN_RATE=9000 RWM_GEN_RATE_FLOOR=2000 RWM_GEN_INFLIGHT=unset RWM_OOO_RETAIN=0/16 RWM_WINDOW=unset RWM_REPORT_GENS=unset RWM_REPAIR_WAIT=unset RWM_CODED_SRC=0 RWM_NO_REACTIVE=0 RWM_XPATH_REPAIR=0 RWM_PROACTIVE_PACER=0 RWM_REASM_BDP=0 RWM_MIN_R=0 RWM_CC_PACE=0 RWM_CC_PACE_HR=1.1 RWM_REACT_CAP=unset RWM_INFL_CAP=0 RWM_INFL_BDP=unset RWM_COPA_FEED=0 RWM_RS_ATTR=1 RWM_EMIT_BATCH=0 RWM_EMIT_BURST=64 RWM_RECOV_MP=1 RWM_RECOV_MP_LAW=1 RWM_RECOV_MP_LIVE=0 RWM_RECOV_SP=0 RWM_DIAG=1 RWM_RDIAG=0 RWM_FDIAG=0 RWM_TRACE=0 RWM_PFRAC=0
{"bytes":100000000,"dnf":0,"hint":"bulk","max_s":8.9783,"mean_mbps":89.103,"mean_s":8.9783,"median_s":8.9783,"min_s":8.9783,"proto":"rp-native","runs":1,"stdev_s":0.0,"summary":true}
    LATPROBE: /tmp/rwm-ping.txt 166 replies
    CPU: CPUSRV=6.41s CPUCLI=5.71s (srv=decoder cli=sender; whole-invocation incl warmup)
    QDISC cli0: qdisc netem 8241: root refcnt 7 limit 1000 delay 5ms  3ms loss gemodel p 1.3% r 50% 1-h 100% 1-k 0% rate 100Mbit seed 7  Sent 111847524 bytes 93394 pkt (dropped 513, overlimits 0 requeues 0)   backlog 0b 0p requeues 0 
    QDISC cli1: qdisc netem 8242: root refcnt 7 limit 1000 delay 5ms  3ms loss gemodel p 1.3% r 50% 1-h 100% 1-k 0% rate 100Mbit seed 7  Sent 592 bytes 8 pkt (dropped 2, overlimits 0 requeues 0)   backlog 0b 0p requeues 0 
    QDISC srv0: qdisc netem 8243: root refcnt 7 limit 1000 delay 5ms  3ms rate 100Mbit seed 1197696040472513574  Sent 11205498 bytes 65024 pkt (dropped 0, overlimits 0 requeues 0)   backlog 0b 0p requeues 0 
    QDISC srv1: qdisc netem 8244: root refcnt 7 limit 1000 delay 5ms  3ms rate 100Mbit seed 12380680701817431903  Sent 768 bytes 10 pkt (dropped 0, overlimits 0 requeues 0)   backlog 0b 0p requeues 0 
    QCAP: /tmp/rwm-q.txt 18 lines
RUNTIME sc2-A rep=1 11s
LATRESULT {"cell": "sc2", "arm": "A", "seed": 7, "rep": 1, "dnf": false, "dnf_count": 0, "mbps": 89.103, "seconds": 8.978, "n_runs": 1, "occ_p50": 1011, "occ_p90": 1024, "occcap_p50": 1024, "q_p50": 93, "q_p95": 96, "q_p99": 97, "q_n": 32, "diag_lines": 35, "retx": 2927, "gates_cli_3t": 0, "gates_srv_3t": 0, "gates_cli_rs": 0, "gates_srv_rs": 0, "gates_lines_cli": 1, "gates_lines_srv": 1, "active_echo_cli": 0, "tt_eng1": 0, "ping_n": 166, "ping_p50": 101.0, "ping_p95": 106.0, "ping_p99": 106.0, "ping_max": 107.0, "ping_min": 10.7, "ping_tx": null, "ping_rx": null, "ping_loss": null, "wait_tun": 28, "wait_paused": 40, "wait_pace": 0, "wait_gen": 0, "wait_nack": 31, "wait_defc": 0, "wait_tail": 1, "wait_flush": 0, "wait_lines": 32, "dgq_hand": 87021, "dgq_tx": 86990, "dgq_full": 0, "dgq_err": 0, "dgq_gap": 31, "dgq_paths": 1, "tc_bytes": 111848116, "tc_pkts": 93402, "tc_drop": 515, "tc_s": 11}
LIVENESS sc2-A rep=1 cli=[RWM_THREE_TERM=0 RWM_PLAIN_RS=0] srv=[RWM_THREE_TERM=0 RWM_PLAIN_RS=0] active=0 eng1_lines=0 wait_lines=35 dgq_lines=34 ping_replies=166 (expect 3t=0 rs=0)
=== rep=1 arm=sc2-B seed=7 env="RWM_THREE_TERM=1 RWM_PLAIN_RS=1" cell=c2/c2/single bytes=100000000 14:34:31
[2m2026-08-10T14:34:35.652412Z[0m [32m INFO[0m [2mraptorpath::gates[0m[2m:[0m [GATES] RWM_UNIFIED=1 RWM_UNIFIED_SHED=1 RWM_TAPER_R=1 RWM_ASTAR_ANCHOR=1 RWM_MSTAR_ANCHOR=1 RWM_PLAIN_RS=1 RWM_STORE_SACK_RELEASE=1 RWM_STORE_PATHS=1 RWM_STORE_PATH_POOL=2048 RWM_STORE=unset RWM_STORE_GAIN=2 RWM_STORE_BOOT=128 RWM_STORE_CAPW=0 RWM_STORE_CAP_UNIFIED=0 RWM_THREE_TERM=1 RWM_STORE_PERCAP=0 RWM_PERCAP_GUARD=1 RWM_STORE_BORROW=0 RWM_HONEST_CAP=1 RWM_POOL_ANCHOR=0 RWM_POOL_DELIV=0 RWM_FLOOR_BOUND=0 RWM_ACK_MERGE=1 RWM_PATIENCE_DERIVED=0 RWM_SIDLE_DERIVED=0 RWM_WIN_DECOUPLE=0 RWM_PLACE_SLACK=0 RWM_GEN=384 RWM_PIPELINE=2 RWM_GEN_PIPE=1 RWM_GEN_R=unset RWM_GEN_RATE=9000 RWM_GEN_RATE_FLOOR=2000 RWM_GEN_INFLIGHT=unset RWM_OOO_RETAIN=0/16 RWM_WINDOW=unset RWM_REPORT_GENS=unset RWM_REPAIR_WAIT=unset RWM_CODED_SRC=0 RWM_NO_REACTIVE=0 RWM_XPATH_REPAIR=0 RWM_PROACTIVE_PACER=0 RWM_REASM_BDP=0 RWM_MIN_R=0 RWM_CC_PACE=0 RWM_CC_PACE_HR=1.1 RWM_REACT_CAP=unset RWM_INFL_CAP=0 RWM_INFL_BDP=unset RWM_COPA_FEED=0 RWM_RS_ATTR=1 RWM_EMIT_BATCH=0 RWM_EMIT_BURST=64 RWM_RECOV_MP=1 RWM_RECOV_MP_LAW=1 RWM_RECOV_MP_LIVE=0 RWM_RECOV_SP=0 RWM_DIAG=1 RWM_RDIAG=0 RWM_FDIAG=0 RWM_TRACE=0 RWM_PFRAC=0
{"bytes":100000000,"dnf":0,"hint":"bulk","max_s":9.041,"mean_mbps":88.486,"mean_s":9.041,"median_s":9.041,"min_s":9.041,"proto":"rp-native","runs":1,"stdev_s":0.0,"summary":true}
    LATPROBE: /tmp/rwm-ping.txt 174 replies
    CPU: CPUSRV=6.74s CPUCLI=6.89s (srv=decoder cli=sender; whole-invocation incl warmup)
    QDISC cli0: qdisc netem 8245: root refcnt 7 limit 1000 delay 5ms  3ms loss gemodel p 1.3% r 50% 1-h 100% 1-k 0% rate 100Mbit seed 7  Sent 112058504 bytes 92797 pkt (dropped 512, overlimits 0 requeues 0)   backlog 0b 0p requeues 0 
    QDISC cli1: qdisc netem 8246: root refcnt 7 limit 1000 delay 5ms  3ms loss gemodel p 1.3% r 50% 1-h 100% 1-k 0% rate 100Mbit seed 7  Sent 658 bytes 9 pkt (dropped 2, overlimits 0 requeues 0)   backlog 0b 0p requeues 0 
    QDISC srv0: qdisc netem 8247: root refcnt 7 limit 1000 delay 5ms  3ms rate 100Mbit seed 172184533824901575  Sent 11305604 bytes 66750 pkt (dropped 0, overlimits 0 requeues 0)   backlog 0b 0p requeues 0 
    QDISC srv1: qdisc netem 8248: root refcnt 7 limit 1000 delay 5ms  3ms rate 100Mbit seed 4897704882204446677  Sent 768 bytes 10 pkt (dropped 0, overlimits 0 requeues 0)   backlog 0b 0p requeues 0 
    QCAP: /tmp/rwm-q.txt 18 lines
RUNTIME sc2-B rep=1 13s
LATRESULT {"cell": "sc2", "arm": "B", "seed": 7, "rep": 1, "dnf": false, "dnf_count": 0, "mbps": 88.486, "seconds": 9.041, "n_runs": 1, "occ_p50": 531, "occ_p90": 553, "occcap_p50": 544, "q_p50": 41, "q_p95": 46, "q_p99": 48, "q_n": 33, "diag_lines": 36, "retx": 3309, "gates_cli_3t": 1, "gates_srv_3t": 1, "gates_cli_rs": 1, "gates_srv_rs": 1, "gates_lines_cli": 1, "gates_lines_srv": 1, "active_echo_cli": 1, "tt_eng1": 4, "ping_n": 174, "ping_p50": 52.6, "ping_p95": 57.0, "ping_p99": 58.9, "ping_max": 60.1, "ping_min": 5.33, "ping_tx": null, "ping_rx": null, "ping_loss": null, "wait_tun": 32, "wait_paused": 38, "wait_pace": 0, "wait_gen": 0, "wait_nack": 29, "wait_defc": 0, "wait_tail": 0, "wait_flush": 0, "wait_lines": 33, "dgq_hand": 88521, "dgq_tx": 88521, "dgq_full": 0, "dgq_err": 0, "dgq_gap": 0, "dgq_paths": 1, "tc_bytes": 112059162, "tc_pkts": 92806, "tc_drop": 514, "tc_s": 13}
LIVENESS sc2-B rep=1 cli=[RWM_THREE_TERM=1 RWM_PLAIN_RS=1] srv=[RWM_THREE_TERM=1 RWM_PLAIN_RS=1] active=1 eng1_lines=4 wait_lines=36 dgq_lines=34 ping_replies=174 (expect 3t=1 rs=1)
=== rep=1 arm=sc2-D seed=7 env="RWM_PLAIN_RS=1" cell=c2/c2/single bytes=100000000 14:34:44
RUNTIME sc2-D rep=1 3s
LATRESULT {"cell": "sc2", "arm": "D", "seed": 7, "rep": 1, "dnf": true, "dnf_count": null, "mbps": null, "seconds": null, "n_runs": 0, "occ_p50": null, "occ_p90": null, "occcap_p50": null, "q_p50": null, "q_p95": null, "q_p99": null, "q_n": 0, "diag_lines": 0, "retx": 0, "gates_cli_3t": null, "gates_srv_3t": null, "gates_cli_rs": null, "gates_srv_rs": null, "gates_lines_cli": 0, "gates_lines_srv": 0, "active_echo_cli": 0, "tt_eng1": 0, "ping_n": 174, "ping_p50": 52.6, "ping_p95": 57.0, "ping_p99": 58.9, "ping_max": 60.1, "ping_min": 5.33, "ping_tx": null, "ping_rx": null, "ping_loss": null, "wait_tun": null, "wait_paused": null, "wait_pace": null, "wait_gen": null, "wait_nack": null, "wait_defc": null, "wait_tail": null, "wait_flush": null, "wait_lines": 0, "dgq_hand": null, "dgq_tx": null, "dgq_full": null, "dgq_err": null, "dgq_gap": null, "dgq_paths": null, "tc_bytes": null, "tc_pkts": null, "tc_drop": null, "tc_s": null}
LIVENESS sc2-D rep=1 cli=[ ] srv=[ ] active= eng1_lines=0 wait_lines= dgq_lines= ping_replies=174 (expect 3t=0 rs=1)
ARM-LIVENESS-FAIL-GATE-CLI sc2-D rep=1 got=''
ARM-LIVENESS-FAIL-GATE-SRV sc2-D rep=1 got=''
ARM-LIVENESS-FAIL-RS-CLI sc2-D rep=1 got=''
ARM-LIVENESS-FAIL-RS-SRV sc2-D rep=1 got=''
QCAP-MISSING sc2-D rep=1
=== rep=1 arm=sc3-A seed=7 env="" cell=c3/c3/single bytes=25000000 14:34:47
RUNTIME sc3-A rep=1 3s
LATRESULT {"cell": "sc3", "arm": "A", "seed": 7, "rep": 1, "dnf": true, "dnf_count": null, "mbps": null, "seconds": null, "n_runs": 0, "occ_p50": null, "occ_p90": null, "occcap_p50": null, "q_p50": null, "q_p95": null, "q_p99": null, "q_n": 0, "diag_lines": 0, "retx": 0, "gates_cli_3t": null, "gates_srv_3t": null, "gates_cli_rs": null, "gates_srv_rs": null, "gates_lines_cli": 0, "gates_lines_srv": 0, "active_echo_cli": 0, "tt_eng1": 0, "ping_n": 174, "ping_p50": 52.6, "ping_p95": 57.0, "ping_p99": 58.9, "ping_max": 60.1, "ping_min": 5.33, "ping_tx": null, "ping_rx": null, "ping_loss": null, "wait_tun": null, "wait_paused": null, "wait_pace": null, "wait_gen": null, "wait_nack": null, "wait_defc": null, "wait_tail": null, "wait_flush": null, "wait_lines": 0, "dgq_hand": null, "dgq_tx": null, "dgq_full": null, "dgq_err": null, "dgq_gap": null, "dgq_paths": null, "tc_bytes": null, "tc_pkts": null, "tc_drop": null, "tc_s": null}
LIVENESS sc3-A rep=1 cli=[ ] srv=[ ] active= eng1_lines=0 wait_lines= dgq_lines= ping_replies=174 (expect 3t=0 rs=0)
ARM-LIVENESS-FAIL-GATE-CLI sc3-A rep=1 got=''
ARM-LIVENESS-FAIL-GATE-SRV sc3-A rep=1 got=''
ARM-LIVENESS-FAIL-RS-CLI sc3-A rep=1 got=''
ARM-LIVENESS-FAIL-RS-SRV sc3-A rep=1 got=''
QCAP-MISSING sc3-A rep=1
=== rep=1 arm=sc3-B seed=7 env="RWM_THREE_TERM=1 RWM_PLAIN_RS=1" cell=c3/c3/single bytes=25000000 14:34:50
RUNTIME sc3-B rep=1 3s
LATRESULT {"cell": "sc3", "arm": "B", "seed": 7, "rep": 1, "dnf": true, "dnf_count": null, "mbps": null, "seconds": null, "n_runs": 0, "occ_p50": null, "occ_p90": null, "occcap_p50": null, "q_p50": null, "q_p95": null, "q_p99": null, "q_n": 0, "diag_lines": 0, "retx": 0, "gates_cli_3t": null, "gates_srv_3t": null, "gates_cli_rs": null, "gates_srv_rs": null, "gates_lines_cli": 0, "gates_lines_srv": 0, "active_echo_cli": 0, "tt_eng1": 0, "ping_n": 174, "ping_p50": 52.6, "ping_p95": 57.0, "ping_p99": 58.9, "ping_max": 60.1, "ping_min": 5.33, "ping_tx": null, "ping_rx": null, "ping_loss": null, "wait_tun": null, "wait_paused": null, "wait_pace": null, "wait_gen": null, "wait_nack": null, "wait_defc": null, "wait_tail": null, "wait_flush": null, "wait_lines": 0, "dgq_hand": null, "dgq_tx": null, "dgq_full": null, "dgq_err": null, "dgq_gap": null, "dgq_paths": null, "tc_bytes": null, "tc_pkts": null, "tc_drop": null, "tc_s": null}
LIVENESS sc3-B rep=1 cli=[ ] srv=[ ] active= eng1_lines=0 wait_lines= dgq_lines= ping_replies=174 (expect 3t=1 rs=1)
ARM-LIVENESS-FAIL-GATE-CLI sc3-B rep=1 got=''
ARM-LIVENESS-FAIL-GATE-SRV sc3-B rep=1 got=''
ARM-LIVENESS-FAIL-RS-CLI sc3-B rep=1 got=''
ARM-LIVENESS-FAIL-RS-SRV sc3-B rep=1 got=''
ARM-LIVENESS-FAIL-3T sc3-B rep=1 (VOID: no eng=1)
QCAP-MISSING sc3-B rep=1
=== rep=1 arm=sc3-D seed=7 env="RWM_PLAIN_RS=1" cell=c3/c3/single bytes=25000000 14:34:53
RUNTIME sc3-D rep=1 3s
LATRESULT {"cell": "sc3", "arm": "D", "seed": 7, "rep": 1, "dnf": true, "dnf_count": null, "mbps": null, "seconds": null, "n_runs": 0, "occ_p50": null, "occ_p90": null, "occcap_p50": null, "q_p50": null, "q_p95": null, "q_p99": null, "q_n": 0, "diag_lines": 0, "retx": 0, "gates_cli_3t": null, "gates_srv_3t": null, "gates_cli_rs": null, "gates_srv_rs": null, "gates_lines_cli": 0, "gates_lines_srv": 0, "active_echo_cli": 0, "tt_eng1": 0, "ping_n": 174, "ping_p50": 52.6, "ping_p95": 57.0, "ping_p99": 58.9, "ping_max": 60.1, "ping_min": 5.33, "ping_tx": null, "ping_rx": null, "ping_loss": null, "wait_tun": null, "wait_paused": null, "wait_pace": null, "wait_gen": null, "wait_nack": null, "wait_defc": null, "wait_tail": null, "wait_flush": null, "wait_lines": 0, "dgq_hand": null, "dgq_tx": null, "dgq_full": null, "dgq_err": null, "dgq_gap": null, "dgq_paths": null, "tc_bytes": null, "tc_pkts": null, "tc_drop": null, "tc_s": null}
LIVENESS sc3-D rep=1 cli=[ ] srv=[ ] active= eng1_lines=0 wait_lines= dgq_lines= ping_replies=174 (expect 3t=0 rs=1)
ARM-LIVENESS-FAIL-GATE-CLI sc3-D rep=1 got=''
ARM-LIVENESS-FAIL-GATE-SRV sc3-D rep=1 got=''
ARM-LIVENESS-FAIL-RS-CLI sc3-D rep=1 got=''
ARM-LIVENESS-FAIL-RS-SRV sc3-D rep=1 got=''
QCAP-MISSING sc3-D rep=1
=== rep=1 arm=c2r100-A seed=7 env="" cell=c2r100/c2r100/single bytes=100000000 14:34:56
[2m2026-08-10T14:34:58.382976Z[0m [32m INFO[0m [2mraptorpath::gates[0m[2m:[0m [GATES] RWM_UNIFIED=1 RWM_UNIFIED_SHED=1 RWM_TAPER_R=1 RWM_ASTAR_ANCHOR=1 RWM_MSTAR_ANCHOR=1 RWM_PLAIN_RS=0 RWM_STORE_SACK_RELEASE=1 RWM_STORE_PATHS=1 RWM_STORE_PATH_POOL=2048 RWM_STORE=unset RWM_STORE_GAIN=2 RWM_STORE_BOOT=128 RWM_STORE_CAPW=0 RWM_STORE_CAP_UNIFIED=0 RWM_THREE_TERM=0 RWM_STORE_PERCAP=0 RWM_PERCAP_GUARD=1 RWM_STORE_BORROW=0 RWM_HONEST_CAP=1 RWM_POOL_ANCHOR=0 RWM_POOL_DELIV=0 RWM_FLOOR_BOUND=0 RWM_ACK_MERGE=1 RWM_PATIENCE_DERIVED=0 RWM_SIDLE_DERIVED=0 RWM_WIN_DECOUPLE=0 RWM_PLACE_SLACK=0 RWM_GEN=384 RWM_PIPELINE=2 RWM_GEN_PIPE=1 RWM_GEN_R=unset RWM_GEN_RATE=9000 RWM_GEN_RATE_FLOOR=2000 RWM_GEN_INFLIGHT=unset RWM_OOO_RETAIN=0/16 RWM_WINDOW=unset RWM_REPORT_GENS=unset RWM_REPAIR_WAIT=unset RWM_CODED_SRC=0 RWM_NO_REACTIVE=0 RWM_XPATH_REPAIR=0 RWM_PROACTIVE_PACER=0 RWM_REASM_BDP=0 RWM_MIN_R=0 RWM_CC_PACE=0 RWM_CC_PACE_HR=1.1 RWM_REACT_CAP=unset RWM_INFL_CAP=0 RWM_INFL_BDP=unset RWM_COPA_FEED=0 RWM_RS_ATTR=1 RWM_EMIT_BATCH=0 RWM_EMIT_BURST=64 RWM_RECOV_MP=1 RWM_RECOV_MP_LAW=1 RWM_RECOV_MP_LIVE=0 RWM_RECOV_SP=0 RWM_DIAG=1 RWM_RDIAG=0 RWM_FDIAG=0 RWM_TRACE=0 RWM_PFRAC=0
{"bytes":100000000,"dnf":0,"hint":"bulk","max_s":9.7959,"mean_mbps":81.667,"mean_s":9.7959,"median_s":9.7959,"min_s":9.7959,"proto":"rp-native","runs":1,"stdev_s":0.0,"summary":true}
    LATPROBE: /tmp/rwm-ping.txt 188 replies
    CPU: CPUSRV=6.46s CPUCLI=6.57s (srv=decoder cli=sender; whole-invocation incl warmup)
    QDISC cli0: qdisc netem 8259: root refcnt 7 limit 1000 delay 50ms loss gemodel p 1.3% r 50% 1-h 100% 1-k 0% rate 100Mbit seed 7  Sent 112215585 bytes 102222 pkt (dropped 766, overlimits 0 requeues 0)   backlog 0b 0p requeues 0 
    QDISC cli1: qdisc netem 825a: root refcnt 7 limit 1000 delay 50ms loss gemodel p 1.3% r 50% 1-h 100% 1-k 0% rate 100Mbit seed 7  Sent 776 bytes 10 pkt (dropped 0, overlimits 0 requeues 0)   backlog 0b 0p requeues 0 
    QDISC srv0: qdisc netem 825b: root refcnt 7 limit 1000 delay 50ms rate 100Mbit seed 14326018543985174980  Sent 11037633 bytes 62443 pkt (dropped 0, overlimits 0 requeues 0)   backlog 2842b 4p requeues 0 
    QDISC srv1: qdisc netem 825c: root refcnt 7 limit 1000 delay 50ms rate 100Mbit seed 16249391279389213429  Sent 866 bytes 11 pkt (dropped 0, overlimits 0 requeues 0)   backlog 0b 0p requeues 0 
    QCAP: /tmp/rwm-q.txt 18 lines
RUNTIME c2r100-A rep=1 12s
LATRESULT {"cell": "c2r100", "arm": "A", "seed": 7, "rep": 1, "dnf": false, "dnf_count": 0, "mbps": 81.667, "seconds": 9.796, "n_runs": 1, "occ_p50": 1011, "occ_p90": 1024, "occcap_p50": 1024, "q_p50": 7, "q_p95": 10, "q_p99": 16, "q_n": 36, "diag_lines": 39, "retx": 2989, "gates_cli_3t": 0, "gates_srv_3t": 0, "gates_cli_rs": 0, "gates_srv_rs": 0, "gates_lines_cli": 1, "gates_lines_srv": 1, "active_echo_cli": 0, "tt_eng1": 0, "ping_n": 188, "ping_p50": 104.0, "ping_p95": 108.0, "ping_p99": 111.0, "ping_max": 112.0, "ping_min": 100.0, "ping_tx": null, "ping_rx": null, "ping_loss": null, "wait_tun": 29, "wait_paused": 41, "wait_pace": 0, "wait_gen": 0, "wait_nack": 31, "wait_defc": 0, "wait_tail": 1, "wait_flush": 0, "wait_lines": 36, "dgq_hand": 88131, "dgq_tx": 88129, "dgq_full": 0, "dgq_err": 0, "dgq_gap": 2, "dgq_paths": 1, "tc_bytes": 112216361, "tc_pkts": 102232, "tc_drop": 766, "tc_s": 12}
LIVENESS c2r100-A rep=1 cli=[RWM_THREE_TERM=0 RWM_PLAIN_RS=0] srv=[RWM_THREE_TERM=0 RWM_PLAIN_RS=0] active=0 eng1_lines=0 wait_lines=39 dgq_lines=38 ping_replies=188 (expect 3t=0 rs=0)
=== rep=1 arm=c2r100-B seed=7 env="RWM_THREE_TERM=1 RWM_PLAIN_RS=1" cell=c2r100/c2r100/single bytes=100000000 14:35:08
[2m2026-08-10T14:35:10.569818Z[0m [32m INFO[0m [2mraptorpath::gates[0m[2m:[0m [GATES] RWM_UNIFIED=1 RWM_UNIFIED_SHED=1 RWM_TAPER_R=1 RWM_ASTAR_ANCHOR=1 RWM_MSTAR_ANCHOR=1 RWM_PLAIN_RS=1 RWM_STORE_SACK_RELEASE=1 RWM_STORE_PATHS=1 RWM_STORE_PATH_POOL=2048 RWM_STORE=unset RWM_STORE_GAIN=2 RWM_STORE_BOOT=128 RWM_STORE_CAPW=0 RWM_STORE_CAP_UNIFIED=0 RWM_THREE_TERM=1 RWM_STORE_PERCAP=0 RWM_PERCAP_GUARD=1 RWM_STORE_BORROW=0 RWM_HONEST_CAP=1 RWM_POOL_ANCHOR=0 RWM_POOL_DELIV=0 RWM_FLOOR_BOUND=0 RWM_ACK_MERGE=1 RWM_PATIENCE_DERIVED=0 RWM_SIDLE_DERIVED=0 RWM_WIN_DECOUPLE=0 RWM_PLACE_SLACK=0 RWM_GEN=384 RWM_PIPELINE=2 RWM_GEN_PIPE=1 RWM_GEN_R=unset RWM_GEN_RATE=9000 RWM_GEN_RATE_FLOOR=2000 RWM_GEN_INFLIGHT=unset RWM_OOO_RETAIN=0/16 RWM_WINDOW=unset RWM_REPORT_GENS=unset RWM_REPAIR_WAIT=unset RWM_CODED_SRC=0 RWM_NO_REACTIVE=0 RWM_XPATH_REPAIR=0 RWM_PROACTIVE_PACER=0 RWM_REASM_BDP=0 RWM_MIN_R=0 RWM_CC_PACE=0 RWM_CC_PACE_HR=1.1 RWM_REACT_CAP=unset RWM_INFL_CAP=0 RWM_INFL_BDP=unset RWM_COPA_FEED=0 RWM_RS_ATTR=1 RWM_EMIT_BATCH=0 RWM_EMIT_BURST=64 RWM_RECOV_MP=1 RWM_RECOV_MP_LAW=1 RWM_RECOV_MP_LIVE=0 RWM_RECOV_SP=0 RWM_DIAG=1 RWM_RDIAG=0 RWM_FDIAG=0 RWM_TRACE=0 RWM_PFRAC=0
{"bytes":100000000,"dnf":0,"hint":"bulk","max_s":9.8128,"mean_mbps":81.526,"mean_s":9.8128,"median_s":9.8128,"min_s":9.8128,"proto":"rp-native","runs":1,"stdev_s":0.0,"summary":true}
    LATPROBE: /tmp/rwm-ping.txt 187 replies
    CPU: CPUSRV=7.14s CPUCLI=10.93s (srv=decoder cli=sender; whole-invocation incl warmup)
    QDISC cli0: qdisc netem 825d: root refcnt 7 limit 1000 delay 50ms loss gemodel p 1.3% r 50% 1-h 100% 1-k 0% rate 100Mbit seed 7  Sent 115044477 bytes 98810 pkt (dropped 916, overlimits 0 requeues 0)   backlog 1289b 6p requeues 0 
    QDISC cli1: qdisc netem 825e: root refcnt 7 limit 1000 delay 50ms loss gemodel p 1.3% r 50% 1-h 100% 1-k 0% rate 100Mbit seed 7  Sent 776 bytes 10 pkt (dropped 0, overlimits 0 requeues 0)   backlog 0b 0p requeues 0 
    QDISC srv0: qdisc netem 825f: root refcnt 7 limit 1000 delay 50ms rate 100Mbit seed 9003458029871314205  Sent 12387136 bytes 65790 pkt (dropped 0, overlimits 0 requeues 0)   backlog 361b 3p requeues 0 
    QDISC srv1: qdisc netem 8260: root refcnt 7 limit 1000 delay 50ms rate 100Mbit seed 735785819086070513  Sent 866 bytes 11 pkt (dropped 0, overlimits 0 requeues 0)   backlog 0b 0p requeues 0 
    QCAP: /tmp/rwm-q.txt 18 lines
RUNTIME c2r100-B rep=1 12s
LATRESULT {"cell": "c2r100", "arm": "B", "seed": 7, "rep": 1, "dnf": false, "dnf_count": 0, "mbps": 81.526, "seconds": 9.813, "n_runs": 1, "occ_p50": 2976, "occ_p90": 3165, "occcap_p50": 2998, "q_p50": 210, "q_p95": 241, "q_p99": 250, "q_n": 32, "diag_lines": 39, "retx": 5850, "gates_cli_3t": 1, "gates_srv_3t": 1, "gates_cli_rs": 1, "gates_srv_rs": 1, "gates_lines_cli": 1, "gates_lines_srv": 1, "active_echo_cli": 1, "tt_eng1": 4, "ping_n": 187, "ping_p50": 305.0, "ping_p95": 326.0, "ping_p99": 330.0, "ping_max": 334.0, "ping_min": 100.0, "ping_tx": null, "ping_rx": null, "ping_loss": null, "wait_tun": 49, "wait_paused": 6, "wait_pace": 0, "wait_gen": 0, "wait_nack": 44, "wait_defc": 0, "wait_tail": 1, "wait_flush": 0, "wait_lines": 36, "dgq_hand": 90990, "dgq_tx": 90990, "dgq_full": 0, "dgq_err": 0, "dgq_gap": 0, "dgq_paths": 1, "tc_bytes": 115046542, "tc_pkts": 98826, "tc_drop": 916, "tc_s": 12}
LIVENESS c2r100-B rep=1 cli=[RWM_THREE_TERM=1 RWM_PLAIN_RS=1] srv=[RWM_THREE_TERM=1 RWM_PLAIN_RS=1] active=1 eng1_lines=4 wait_lines=39 dgq_lines=32 ping_replies=187 (expect 3t=1 rs=1)
=== rep=1 arm=c2r100-D seed=7 env="RWM_PLAIN_RS=1" cell=c2r100/c2r100/single bytes=100000000 14:35:20
[2m2026-08-10T14:35:23.064017Z[0m [32m INFO[0m [2mraptorpath::gates[0m[2m:[0m [GATES] RWM_UNIFIED=1 RWM_UNIFIED_SHED=1 RWM_TAPER_R=1 RWM_ASTAR_ANCHOR=1 RWM_MSTAR_ANCHOR=1 RWM_PLAIN_RS=1 RWM_STORE_SACK_RELEASE=1 RWM_STORE_PATHS=1 RWM_STORE_PATH_POOL=2048 RWM_STORE=unset RWM_STORE_GAIN=2 RWM_STORE_BOOT=128 RWM_STORE_CAPW=0 RWM_STORE_CAP_UNIFIED=0 RWM_THREE_TERM=0 RWM_STORE_PERCAP=0 RWM_PERCAP_GUARD=1 RWM_STORE_BORROW=0 RWM_HONEST_CAP=1 RWM_POOL_ANCHOR=0 RWM_POOL_DELIV=0 RWM_FLOOR_BOUND=0 RWM_ACK_MERGE=1 RWM_PATIENCE_DERIVED=0 RWM_SIDLE_DERIVED=0 RWM_WIN_DECOUPLE=0 RWM_PLACE_SLACK=0 RWM_GEN=384 RWM_PIPELINE=2 RWM_GEN_PIPE=1 RWM_GEN_R=unset RWM_GEN_RATE=9000 RWM_GEN_RATE_FLOOR=2000 RWM_GEN_INFLIGHT=unset RWM_OOO_RETAIN=0/16 RWM_WINDOW=unset RWM_REPORT_GENS=unset RWM_REPAIR_WAIT=unset RWM_CODED_SRC=0 RWM_NO_REACTIVE=0 RWM_XPATH_REPAIR=0 RWM_PROACTIVE_PACER=0 RWM_REASM_BDP=0 RWM_MIN_R=0 RWM_CC_PACE=0 RWM_CC_PACE_HR=1.1 RWM_REACT_CAP=unset RWM_INFL_CAP=0 RWM_INFL_BDP=unset RWM_COPA_FEED=0 RWM_RS_ATTR=1 RWM_EMIT_BATCH=0 RWM_EMIT_BURST=64 RWM_RECOV_MP=1 RWM_RECOV_MP_LAW=1 RWM_RECOV_MP_LIVE=0 RWM_RECOV_SP=0 RWM_DIAG=1 RWM_RDIAG=0 RWM_FDIAG=0 RWM_TRACE=0 RWM_PFRAC=0
{"bytes":100000000,"dnf":0,"hint":"bulk","max_s":10.0569,"mean_mbps":79.548,"mean_s":10.0569,"median_s":10.0569,"min_s":10.0569,"proto":"rp-native","runs":1,"stdev_s":0.0,"summary":true}
    LATPROBE: /tmp/rwm-ping.txt 197 replies
    CPU: CPUSRV=6.49s CPUCLI=7.87s (srv=decoder cli=sender; whole-invocation incl warmup)
    QDISC cli0: qdisc netem 8261: root refcnt 7 limit 1000 delay 50ms loss gemodel p 1.3% r 50% 1-h 100% 1-k 0% rate 100Mbit seed 7  Sent 113058640 bytes 100137 pkt (dropped 694, overlimits 0 requeues 0)   backlog 1164b 6p requeues 0 
    QDISC cli1: qdisc netem 8262: root refcnt 7 limit 1000 delay 50ms loss gemodel p 1.3% r 50% 1-h 100% 1-k 0% rate 100Mbit seed 7  Sent 776 bytes 10 pkt (dropped 0, overlimits 0 requeues 0)   backlog 0b 0p requeues 0 
    QDISC srv0: qdisc netem 8263: root refcnt 7 limit 1000 delay 50ms rate 100Mbit seed 9948826360069184184  Sent 11116610 bytes 62705 pkt (dropped 0, overlimits 0 requeues 0)   backlog 1007b 7p requeues 0 
    QDISC srv1: qdisc netem 8264: root refcnt 7 limit 1000 delay 50ms rate 100Mbit seed 434159742648822725  Sent 866 bytes 11 pkt (dropped 0, overlimits 0 requeues 0)   backlog 0b 0p requeues 0 
    QCAP: /tmp/rwm-q.txt 18 lines
RUNTIME c2r100-D rep=1 13s
LATRESULT {"cell": "c2r100", "arm": "D", "seed": 7, "rep": 1, "dnf": false, "dnf_count": 0, "mbps": 79.548, "seconds": 10.057, "n_runs": 1, "occ_p50": 1003, "occ_p90": 1024, "occcap_p50": 1024, "q_p50": 6, "q_p95": 12, "q_p99": 18, "q_n": 36, "diag_lines": 40, "retx": 3809, "gates_cli_3t": 0, "gates_srv_3t": 0, "gates_cli_rs": 1, "gates_srv_rs": 1, "gates_lines_cli": 1, "gates_lines_srv": 1, "active_echo_cli": 0, "tt_eng1": 0, "ping_n": 197, "ping_p50": 103.0, "ping_p95": 110.0, "ping_p99": 117.0, "ping_max": 133.0, "ping_min": 100.0, "ping_tx": null, "ping_rx": null, "ping_loss": null, "wait_tun": 31, "wait_paused": 21, "wait_pace": 0, "wait_gen": 0, "wait_nack": 48, "wait_defc": 0, "wait_tail": 1, "wait_flush": 0, "wait_lines": 37, "dgq_hand": 88996, "dgq_tx": 88996, "dgq_full": 0, "dgq_err": 0, "dgq_gap": 0, "dgq_paths": 1, "tc_bytes": 113060580, "tc_pkts": 100153, "tc_drop": 694, "tc_s": 13}
LIVENESS c2r100-D rep=1 cli=[RWM_THREE_TERM=0 RWM_PLAIN_RS=1] srv=[RWM_THREE_TERM=0 RWM_PLAIN_RS=1] active=0 eng1_lines=0 wait_lines=40 dgq_lines=37 ping_replies=197 (expect 3t=0 rs=1)
=== rep=1 arm=c7-A seed=7 env="" cell=c2/c2/dual bytes=200000000 14:35:33
RUNTIME c7-A rep=1 3s
LATRESULT {"cell": "c7", "arm": "A", "seed": 7, "rep": 1, "dnf": true, "dnf_count": null, "mbps": null, "seconds": null, "n_runs": 0, "occ_p50": null, "occ_p90": null, "occcap_p50": null, "q_p50": null, "q_p95": null, "q_p99": null, "q_n": 0, "diag_lines": 0, "retx": 0, "gates_cli_3t": null, "gates_srv_3t": null, "gates_cli_rs": null, "gates_srv_rs": null, "gates_lines_cli": 0, "gates_lines_srv": 0, "active_echo_cli": 0, "tt_eng1": 0, "ping_n": 197, "ping_p50": 103.0, "ping_p95": 110.0, "ping_p99": 117.0, "ping_max": 133.0, "ping_min": 100.0, "ping_tx": null, "ping_rx": null, "ping_loss": null, "wait_tun": null, "wait_paused": null, "wait_pace": null, "wait_gen": null, "wait_nack": null, "wait_defc": null, "wait_tail": null, "wait_flush": null, "wait_lines": 0, "dgq_hand": null, "dgq_tx": null, "dgq_full": null, "dgq_err": null, "dgq_gap": null, "dgq_paths": null, "tc_bytes": null, "tc_pkts": null, "tc_drop": null, "tc_s": null}
LIVENESS c7-A rep=1 cli=[ ] srv=[ ] active= eng1_lines=0 wait_lines= dgq_lines= ping_replies=197 (expect 3t=0 rs=0)
ARM-LIVENESS-FAIL-GATE-CLI c7-A rep=1 got=''
ARM-LIVENESS-FAIL-GATE-SRV c7-A rep=1 got=''
ARM-LIVENESS-FAIL-RS-CLI c7-A rep=1 got=''
ARM-LIVENESS-FAIL-RS-SRV c7-A rep=1 got=''
QCAP-MISSING c7-A rep=1
=== rep=1 arm=c7-B seed=7 env="RWM_THREE_TERM=1 RWM_PLAIN_RS=1" cell=c2/c2/dual bytes=200000000 14:35:36
[2m2026-08-10T14:35:40.554151Z[0m [32m INFO[0m [2mraptorpath::gates[0m[2m:[0m [GATES] RWM_UNIFIED=1 RWM_UNIFIED_SHED=1 RWM_TAPER_R=1 RWM_ASTAR_ANCHOR=1 RWM_MSTAR_ANCHOR=1 RWM_PLAIN_RS=1 RWM_STORE_SACK_RELEASE=1 RWM_STORE_PATHS=1 RWM_STORE_PATH_POOL=2048 RWM_STORE=unset RWM_STORE_GAIN=2 RWM_STORE_BOOT=128 RWM_STORE_CAPW=0 RWM_STORE_CAP_UNIFIED=0 RWM_THREE_TERM=1 RWM_STORE_PERCAP=0 RWM_PERCAP_GUARD=1 RWM_STORE_BORROW=0 RWM_HONEST_CAP=1 RWM_POOL_ANCHOR=0 RWM_POOL_DELIV=0 RWM_FLOOR_BOUND=0 RWM_ACK_MERGE=1 RWM_PATIENCE_DERIVED=0 RWM_SIDLE_DERIVED=0 RWM_WIN_DECOUPLE=0 RWM_PLACE_SLACK=0 RWM_GEN=384 RWM_PIPELINE=2 RWM_GEN_PIPE=1 RWM_GEN_R=unset RWM_GEN_RATE=9000 RWM_GEN_RATE_FLOOR=2000 RWM_GEN_INFLIGHT=unset RWM_OOO_RETAIN=0/16 RWM_WINDOW=unset RWM_REPORT_GENS=unset RWM_REPAIR_WAIT=unset RWM_CODED_SRC=0 RWM_NO_REACTIVE=0 RWM_XPATH_REPAIR=0 RWM_PROACTIVE_PACER=0 RWM_REASM_BDP=0 RWM_MIN_R=0 RWM_CC_PACE=0 RWM_CC_PACE_HR=1.1 RWM_REACT_CAP=unset RWM_INFL_CAP=0 RWM_INFL_BDP=unset RWM_COPA_FEED=0 RWM_RS_ATTR=1 RWM_EMIT_BATCH=0 RWM_EMIT_BURST=64 RWM_RECOV_MP=1 RWM_RECOV_MP_LAW=1 RWM_RECOV_MP_LIVE=0 RWM_RECOV_SP=0 RWM_DIAG=1 RWM_RDIAG=0 RWM_FDIAG=0 RWM_TRACE=0 RWM_PFRAC=0
{"bytes":200000000,"dnf":0,"hint":"bulk","max_s":10.4844,"mean_mbps":152.607,"mean_s":10.4844,"median_s":10.4844,"min_s":10.4844,"proto":"rp-native","runs":1,"stdev_s":0.0,"summary":true}
    LATPROBE: /tmp/rwm-ping.txt 205 replies
    CPU: CPUSRV=13.31s CPUCLI=16.09s (srv=decoder cli=sender; whole-invocation incl warmup)
    QDISC cli0: qdisc netem 8269: root refcnt 7 limit 1000 delay 5ms  3ms loss gemodel p 1.3% r 50% 1-h 100% 1-k 0% rate 100Mbit seed 7  Sent 112836769 bytes 92342 pkt (dropped 613, overlimits 0 requeues 0)   backlog 0b 0p requeues 0 
    QDISC cli1: qdisc netem 826a: root refcnt 7 limit 1000 delay 5ms  3ms loss gemodel p 1.3% r 50% 1-h 100% 1-k 0% rate 100Mbit seed 7  Sent 114247214 bytes 93398 pkt (dropped 613, overlimits 0 requeues 0)   backlog 0b 0p requeues 0 
    QDISC srv0: qdisc netem 826b: root refcnt 7 limit 1000 delay 5ms  3ms rate 100Mbit seed 599259361785900829  Sent 15003360 bytes 63996 pkt (dropped 0, overlimits 0 requeues 0)   backlog 0b 0p requeues 0 
    QDISC srv1: qdisc netem 826c: root refcnt 7 limit 1000 delay 5ms  3ms rate 100Mbit seed 6578587576145745203  Sent 15309358 bytes 64053 pkt (dropped 0, overlimits 0 requeues 0)   backlog 0b 0p requeues 0 
    QCAP: /tmp/rwm-q.txt 18 lines
RUNTIME c7-B rep=1 15s
LATRESULT {"cell": "c7", "arm": "B", "seed": 7, "rep": 1, "dnf": false, "dnf_count": 0, "mbps": 152.607, "seconds": 10.484, "n_runs": 1, "occ_p50": 422, "occ_p90": 584, "occcap_p50": 1119, "q_p50": 16, "q_p95": 38, "q_p99": 50, "q_n": 73, "diag_lines": 41, "retx": 7272, "gates_cli_3t": 1, "gates_srv_3t": 1, "gates_cli_rs": 1, "gates_srv_rs": 1, "gates_lines_cli": 1, "gates_lines_srv": 1, "active_echo_cli": 1, "tt_eng1": 5, "ping_n": 205, "ping_p50": 20.9, "ping_p95": 42.4, "ping_p99": 50.2, "ping_max": 69.2, "ping_min": 6.9, "ping_tx": null, "ping_rx": null, "ping_loss": null, "wait_tun": 95, "wait_paused": 0, "wait_pace": 0, "wait_gen": 0, "wait_nack": 4, "wait_defc": 0, "wait_tail": 0, "wait_flush": 0, "wait_lines": 38, "dgq_hand": 174270, "dgq_tx": 174270, "dgq_full": 0, "dgq_err": 0, "dgq_gap": 0, "dgq_paths": 2, "tc_bytes": 227083983, "tc_pkts": 185740, "tc_drop": 1226, "tc_s": 15}
LIVENESS c7-B rep=1 cli=[RWM_THREE_TERM=1 RWM_PLAIN_RS=1] srv=[RWM_THREE_TERM=1 RWM_PLAIN_RS=1] active=1 eng1_lines=5 wait_lines=41 dgq_lines=40 ping_replies=205 (expect 3t=1 rs=1)
=== rep=1 arm=c7-D seed=7 env="RWM_PLAIN_RS=1" cell=c2/c2/dual bytes=200000000 14:35:51
[2m2026-08-10T14:35:54.379019Z[0m [32m INFO[0m [2mraptorpath::gates[0m[2m:[0m [GATES] RWM_UNIFIED=1 RWM_UNIFIED_SHED=1 RWM_TAPER_R=1 RWM_ASTAR_ANCHOR=1 RWM_MSTAR_ANCHOR=1 RWM_PLAIN_RS=1 RWM_STORE_SACK_RELEASE=1 RWM_STORE_PATHS=1 RWM_STORE_PATH_POOL=2048 RWM_STORE=unset RWM_STORE_GAIN=2 RWM_STORE_BOOT=128 RWM_STORE_CAPW=0 RWM_STORE_CAP_UNIFIED=0 RWM_THREE_TERM=0 RWM_STORE_PERCAP=0 RWM_PERCAP_GUARD=1 RWM_STORE_BORROW=0 RWM_HONEST_CAP=1 RWM_POOL_ANCHOR=0 RWM_POOL_DELIV=0 RWM_FLOOR_BOUND=0 RWM_ACK_MERGE=1 RWM_PATIENCE_DERIVED=0 RWM_SIDLE_DERIVED=0 RWM_WIN_DECOUPLE=0 RWM_PLACE_SLACK=0 RWM_GEN=384 RWM_PIPELINE=2 RWM_GEN_PIPE=1 RWM_GEN_R=unset RWM_GEN_RATE=9000 RWM_GEN_RATE_FLOOR=2000 RWM_GEN_INFLIGHT=unset RWM_OOO_RETAIN=0/16 RWM_WINDOW=unset RWM_REPORT_GENS=unset RWM_REPAIR_WAIT=unset RWM_CODED_SRC=0 RWM_NO_REACTIVE=0 RWM_XPATH_REPAIR=0 RWM_PROACTIVE_PACER=0 RWM_REASM_BDP=0 RWM_MIN_R=0 RWM_CC_PACE=0 RWM_CC_PACE_HR=1.1 RWM_REACT_CAP=unset RWM_INFL_CAP=0 RWM_INFL_BDP=unset RWM_COPA_FEED=0 RWM_RS_ATTR=1 RWM_EMIT_BATCH=0 RWM_EMIT_BURST=64 RWM_RECOV_MP=1 RWM_RECOV_MP_LAW=1 RWM_RECOV_MP_LIVE=0 RWM_RECOV_SP=0 RWM_DIAG=1 RWM_RDIAG=0 RWM_FDIAG=0 RWM_TRACE=0 RWM_PFRAC=0
{"bytes":200000000,"dnf":0,"hint":"bulk","max_s":10.3544,"mean_mbps":154.524,"mean_s":10.3544,"median_s":10.3544,"min_s":10.3544,"proto":"rp-native","runs":1,"stdev_s":0.0,"summary":true}
    LATPROBE: /tmp/rwm-ping.txt 203 replies
    CPU: CPUSRV=13.11s CPUCLI=15.93s (srv=decoder cli=sender; whole-invocation incl warmup)
    QDISC cli0: qdisc netem 826d: root refcnt 7 limit 1000 delay 5ms  3ms loss gemodel p 1.3% r 50% 1-h 100% 1-k 0% rate 100Mbit seed 7  Sent 113550912 bytes 93535 pkt (dropped 649, overlimits 0 requeues 0)   backlog 0b 0p requeues 0 
    QDISC cli1: qdisc netem 826e: root refcnt 7 limit 1000 delay 5ms  3ms loss gemodel p 1.3% r 50% 1-h 100% 1-k 0% rate 100Mbit seed 7  Sent 113025085 bytes 92451 pkt (dropped 613, overlimits 0 requeues 0)   backlog 0b 0p requeues 0 
    QDISC srv0: qdisc netem 826f: root refcnt 7 limit 1000 delay 5ms  3ms rate 100Mbit seed 13744951090456380020  Sent 15358601 bytes 65453 pkt (dropped 0, overlimits 0 requeues 0)   backlog 0b 0p requeues 0 
    QDISC srv1: qdisc netem 8270: root refcnt 7 limit 1000 delay 5ms  3ms rate 100Mbit seed 11244140661147928741  Sent 15260822 bytes 64989 pkt (dropped 0, overlimits 0 requeues 0)   backlog 0b 0p requeues 0 
    QCAP: /tmp/rwm-q.txt 18 lines
RUNTIME c7-D rep=1 13s
LATRESULT {"cell": "c7", "arm": "D", "seed": 7, "rep": 1, "dnf": false, "dnf_count": 0, "mbps": 154.524, "seconds": 10.354, "n_runs": 1, "occ_p50": 514, "occ_p90": 722, "occcap_p50": 4096, "q_p50": 21, "q_p95": 42, "q_p99": 49, "q_n": 72, "diag_lines": 41, "retx": 6755, "gates_cli_3t": 0, "gates_srv_3t": 0, "gates_cli_rs": 1, "gates_srv_rs": 1, "gates_lines_cli": 1, "gates_lines_srv": 1, "active_echo_cli": 0, "tt_eng1": 0, "ping_n": 203, "ping_p50": 24.6, "ping_p95": 50.0, "ping_p99": 54.4, "ping_max": 64.1, "ping_min": 6.78, "ping_tx": null, "ping_rx": null, "ping_loss": null, "wait_tun": 96, "wait_paused": 0, "wait_pace": 0, "wait_gen": 0, "wait_nack": 4, "wait_defc": 0, "wait_tail": 0, "wait_flush": 0, "wait_lines": 38, "dgq_hand": 177748, "dgq_tx": 177747, "dgq_full": 0, "dgq_err": 0, "dgq_gap": 1, "dgq_paths": 2, "tc_bytes": 226575997, "tc_pkts": 185986, "tc_drop": 1262, "tc_s": 13}
LIVENESS c7-D rep=1 cli=[RWM_THREE_TERM=0 RWM_PLAIN_RS=1] srv=[RWM_THREE_TERM=0 RWM_PLAIN_RS=1] active=0 eng1_lines=0 wait_lines=41 dgq_lines=40 ping_replies=203 (expect 3t=0 rs=1)
=== rep=1 arm=c2r200-A seed=7 env="" cell=c2r200/c2r200/single bytes=50000000 14:36:05
[2m2026-08-10T14:36:07.366838Z[0m [32m INFO[0m [2mraptorpath::gates[0m[2m:[0m [GATES] RWM_UNIFIED=1 RWM_UNIFIED_SHED=1 RWM_TAPER_R=1 RWM_ASTAR_ANCHOR=1 RWM_MSTAR_ANCHOR=1 RWM_PLAIN_RS=0 RWM_STORE_SACK_RELEASE=1 RWM_STORE_PATHS=1 RWM_STORE_PATH_POOL=2048 RWM_STORE=unset RWM_STORE_GAIN=2 RWM_STORE_BOOT=128 RWM_STORE_CAPW=0 RWM_STORE_CAP_UNIFIED=0 RWM_THREE_TERM=0 RWM_STORE_PERCAP=0 RWM_PERCAP_GUARD=1 RWM_STORE_BORROW=0 RWM_HONEST_CAP=1 RWM_POOL_ANCHOR=0 RWM_POOL_DELIV=0 RWM_FLOOR_BOUND=0 RWM_ACK_MERGE=1 RWM_PATIENCE_DERIVED=0 RWM_SIDLE_DERIVED=0 RWM_WIN_DECOUPLE=0 RWM_PLACE_SLACK=0 RWM_GEN=384 RWM_PIPELINE=2 RWM_GEN_PIPE=1 RWM_GEN_R=unset RWM_GEN_RATE=9000 RWM_GEN_RATE_FLOOR=2000 RWM_GEN_INFLIGHT=unset RWM_OOO_RETAIN=0/16 RWM_WINDOW=unset RWM_REPORT_GENS=unset RWM_REPAIR_WAIT=unset RWM_CODED_SRC=0 RWM_NO_REACTIVE=0 RWM_XPATH_REPAIR=0 RWM_PROACTIVE_PACER=0 RWM_REASM_BDP=0 RWM_MIN_R=0 RWM_CC_PACE=0 RWM_CC_PACE_HR=1.1 RWM_REACT_CAP=unset RWM_INFL_CAP=0 RWM_INFL_BDP=unset RWM_COPA_FEED=0 RWM_RS_ATTR=1 RWM_EMIT_BATCH=0 RWM_EMIT_BURST=64 RWM_RECOV_MP=1 RWM_RECOV_MP_LAW=1 RWM_RECOV_MP_LIVE=0 RWM_RECOV_SP=0 RWM_DIAG=1 RWM_RDIAG=0 RWM_FDIAG=0 RWM_TRACE=0 RWM_PFRAC=0
{"bytes":50000000,"dnf":0,"hint":"bulk","max_s":9.6573,"mean_mbps":41.419,"mean_s":9.6573,"median_s":9.6573,"min_s":9.6573,"proto":"rp-native","runs":1,"stdev_s":0.0,"summary":true}
    LATPROBE: /tmp/rwm-ping.txt 184 replies
    CPU: CPUSRV=3.37s CPUCLI=3.42s (srv=decoder cli=sender; whole-invocation incl warmup)
    QDISC cli0: qdisc netem 8271: root refcnt 7 limit 1000 delay 100ms loss gemodel p 1.3% r 50% 1-h 100% 1-k 0% rate 100Mbit seed 7  Sent 56166955 bytes 51692 pkt (dropped 368, overlimits 0 requeues 0)   backlog 14651b 8p requeues 0 
    QDISC cli1: qdisc netem 8272: root refcnt 7 limit 1000 delay 100ms loss gemodel p 1.3% r 50% 1-h 100% 1-k 0% rate 100Mbit seed 7  Sent 776 bytes 10 pkt (dropped 0, overlimits 0 requeues 0)   backlog 0b 0p requeues 0 
    QDISC srv0: qdisc netem 8273: root refcnt 7 limit 1000 delay 100ms rate 100Mbit seed 15446141211573764183  Sent 5626329 bytes 32197 pkt (dropped 0, overlimits 0 requeues 0)   backlog 1230b 7p requeues 0 
    QDISC srv1: qdisc netem 8274: root refcnt 7 limit 1000 delay 100ms rate 100Mbit seed 6451314965338226853  Sent 866 bytes 11 pkt (dropped 0, overlimits 0 requeues 0)   backlog 0b 0p requeues 0 
    QCAP: /tmp/rwm-q.txt 18 lines
RUNTIME c2r200-A rep=1 12s
LATRESULT {"cell": "c2r200", "arm": "A", "seed": 7, "rep": 1, "dnf": false, "dnf_count": 0, "mbps": 41.419, "seconds": 9.657, "n_runs": 1, "occ_p50": 1024, "occ_p90": 1024, "occcap_p50": 1024, "q_p50": 3, "q_p95": 82, "q_p99": 293, "q_n": 36, "diag_lines": 39, "retx": 1363, "gates_cli_3t": 0, "gates_srv_3t": 0, "gates_cli_rs": 0, "gates_srv_rs": 0, "gates_lines_cli": 1, "gates_lines_srv": 1, "active_echo_cli": 0, "tt_eng1": 0, "ping_n": 184, "ping_p50": 200.0, "ping_p95": 202.0, "ping_p99": 202.0, "ping_max": 203.0, "ping_min": 200.0, "ping_tx": null, "ping_rx": null, "ping_loss": null, "wait_tun": 15, "wait_paused": 66, "wait_pace": 0, "wait_gen": 0, "wait_nack": 18, "wait_defc": 0, "wait_tail": 1, "wait_flush": 0, "wait_lines": 36, "dgq_hand": 43943, "dgq_tx": 43933, "dgq_full": 0, "dgq_err": 0, "dgq_gap": 10, "dgq_paths": 1, "tc_bytes": 56180969, "tc_pkts": 51714, "tc_drop": 368, "tc_s": 12}
LIVENESS c2r200-A rep=1 cli=[RWM_THREE_TERM=0 RWM_PLAIN_RS=0] srv=[RWM_THREE_TERM=0 RWM_PLAIN_RS=0] active=0 eng1_lines=0 wait_lines=39 dgq_lines=38 ping_replies=184 (expect 3t=0 rs=0)
=== rep=1 arm=c2r200-B seed=7 env="RWM_THREE_TERM=1 RWM_PLAIN_RS=1" cell=c2r200/c2r200/single bytes=50000000 14:36:20
[2m2026-08-10T14:36:22.615397Z[0m [32m INFO[0m [2mraptorpath::gates[0m[2m:[0m [GATES] RWM_UNIFIED=1 RWM_UNIFIED_SHED=1 RWM_TAPER_R=1 RWM_ASTAR_ANCHOR=1 RWM_MSTAR_ANCHOR=1 RWM_PLAIN_RS=1 RWM_STORE_SACK_RELEASE=1 RWM_STORE_PATHS=1 RWM_STORE_PATH_POOL=2048 RWM_STORE=unset RWM_STORE_GAIN=2 RWM_STORE_BOOT=128 RWM_STORE_CAPW=0 RWM_STORE_CAP_UNIFIED=0 RWM_THREE_TERM=1 RWM_STORE_PERCAP=0 RWM_PERCAP_GUARD=1 RWM_STORE_BORROW=0 RWM_HONEST_CAP=1 RWM_POOL_ANCHOR=0 RWM_POOL_DELIV=0 RWM_FLOOR_BOUND=0 RWM_ACK_MERGE=1 RWM_PATIENCE_DERIVED=0 RWM_SIDLE_DERIVED=0 RWM_WIN_DECOUPLE=0 RWM_PLACE_SLACK=0 RWM_GEN=384 RWM_PIPELINE=2 RWM_GEN_PIPE=1 RWM_GEN_R=unset RWM_GEN_RATE=9000 RWM_GEN_RATE_FLOOR=2000 RWM_GEN_INFLIGHT=unset RWM_OOO_RETAIN=0/16 RWM_WINDOW=unset RWM_REPORT_GENS=unset RWM_REPAIR_WAIT=unset RWM_CODED_SRC=0 RWM_NO_REACTIVE=0 RWM_XPATH_REPAIR=0 RWM_PROACTIVE_PACER=0 RWM_REASM_BDP=0 RWM_MIN_R=0 RWM_CC_PACE=0 RWM_CC_PACE_HR=1.1 RWM_REACT_CAP=unset RWM_INFL_CAP=0 RWM_INFL_BDP=unset RWM_COPA_FEED=0 RWM_RS_ATTR=1 RWM_EMIT_BATCH=0 RWM_EMIT_BURST=64 RWM_RECOV_MP=1 RWM_RECOV_MP_LAW=1 RWM_RECOV_MP_LIVE=0 RWM_RECOV_SP=0 RWM_DIAG=1 RWM_RDIAG=0 RWM_FDIAG=0 RWM_TRACE=0 RWM_PFRAC=0
{"bytes":50000000,"dnf":0,"hint":"bulk","max_s":13.2871,"mean_mbps":30.104,"mean_s":13.2871,"median_s":13.2871,"min_s":13.2871,"proto":"rp-native","runs":1,"stdev_s":0.0,"summary":true}
    LATPROBE: /tmp/rwm-ping.txt 252 replies
    CPU: CPUSRV=4.02s CPUCLI=11.14s (srv=decoder cli=sender; whole-invocation incl warmup)
    QDISC cli0: qdisc netem 8275: root refcnt 7 limit 1000 delay 100ms loss gemodel p 1.3% r 50% 1-h 100% 1-k 0% rate 100Mbit seed 7  Sent 61043937 bytes 49972 pkt (dropped 912, overlimits 0 requeues 0)   backlog 5206b 10p requeues 0 
    QDISC cli1: qdisc netem 8276: root refcnt 7 limit 1000 delay 100ms loss gemodel p 1.3% r 50% 1-h 100% 1-k 0% rate 100Mbit seed 7  Sent 846 bytes 11 pkt (dropped 0, overlimits 0 requeues 0)   backlog 0b 0p requeues 0 
    QDISC srv0: qdisc netem 8277: root refcnt 7 limit 1000 delay 100ms rate 100Mbit seed 12039984348310707544  Sent 7632975 bytes 38021 pkt (dropped 0, overlimits 0 requeues 0)   backlog 3775b 9p requeues 0 
    QDISC srv1: qdisc netem 8278: root refcnt 7 limit 1000 delay 100ms rate 100Mbit seed 1693384600807018502  Sent 866 bytes 11 pkt (dropped 0, overlimits 0 requeues 0)   backlog 0b 0p requeues 0 
    QCAP: /tmp/rwm-q.txt 18 lines
RUNTIME c2r200-B rep=1 16s
LATRESULT {"cell": "c2r200", "arm": "B", "seed": 7, "rep": 1, "dnf": false, "dnf_count": 0, "mbps": 30.104, "seconds": 13.287, "n_runs": 1, "occ_p50": 1196, "occ_p90": 4071, "occcap_p50": 4096, "q_p50": 18, "q_p95": 415, "q_p99": 558, "q_n": 34, "diag_lines": 50, "retx": 7262, "gates_cli_3t": 1, "gates_srv_3t": 1, "gates_cli_rs": 1, "gates_srv_rs": 1, "gates_lines_cli": 1, "gates_lines_srv": 1, "active_echo_cli": 1, "tt_eng1": 6, "ping_n": 252, "ping_p50": 200.0, "ping_p95": 442.0, "ping_p99": 456.0, "ping_max": 478.0, "ping_min": 200.0, "ping_tx": null, "ping_rx": null, "ping_loss": null, "wait_tun": 19, "wait_paused": 0, "wait_pace": 0, "wait_gen": 0, "wait_nack": 52, "wait_defc": 0, "wait_tail": 2, "wait_flush": 0, "wait_lines": 47, "dgq_hand": 49998, "dgq_tx": 49240, "dgq_full": 758, "dgq_err": 0, "dgq_gap": 758, "dgq_paths": 1, "tc_bytes": 61048886, "tc_pkts": 49988, "tc_drop": 912, "tc_s": 16}
LIVENESS c2r200-B rep=1 cli=[RWM_THREE_TERM=1 RWM_PLAIN_RS=1] srv=[RWM_THREE_TERM=1 RWM_PLAIN_RS=1] active=1 eng1_lines=6 wait_lines=50 dgq_lines=34 ping_replies=252 (expect 3t=1 rs=1)
=== rep=1 arm=c2r200-D seed=7 env="RWM_PLAIN_RS=1" cell=c2r200/c2r200/single bytes=50000000 14:36:36
[2m2026-08-10T14:36:38.782992Z[0m [32m INFO[0m [2mraptorpath::gates[0m[2m:[0m [GATES] RWM_UNIFIED=1 RWM_UNIFIED_SHED=1 RWM_TAPER_R=1 RWM_ASTAR_ANCHOR=1 RWM_MSTAR_ANCHOR=1 RWM_PLAIN_RS=1 RWM_STORE_SACK_RELEASE=1 RWM_STORE_PATHS=1 RWM_STORE_PATH_POOL=2048 RWM_STORE=unset RWM_STORE_GAIN=2 RWM_STORE_BOOT=128 RWM_STORE_CAPW=0 RWM_STORE_CAP_UNIFIED=0 RWM_THREE_TERM=0 RWM_STORE_PERCAP=0 RWM_PERCAP_GUARD=1 RWM_STORE_BORROW=0 RWM_HONEST_CAP=1 RWM_POOL_ANCHOR=0 RWM_POOL_DELIV=0 RWM_FLOOR_BOUND=0 RWM_ACK_MERGE=1 RWM_PATIENCE_DERIVED=0 RWM_SIDLE_DERIVED=0 RWM_WIN_DECOUPLE=0 RWM_PLACE_SLACK=0 RWM_GEN=384 RWM_PIPELINE=2 RWM_GEN_PIPE=1 RWM_GEN_R=unset RWM_GEN_RATE=9000 RWM_GEN_RATE_FLOOR=2000 RWM_GEN_INFLIGHT=unset RWM_OOO_RETAIN=0/16 RWM_WINDOW=unset RWM_REPORT_GENS=unset RWM_REPAIR_WAIT=unset RWM_CODED_SRC=0 RWM_NO_REACTIVE=0 RWM_XPATH_REPAIR=0 RWM_PROACTIVE_PACER=0 RWM_REASM_BDP=0 RWM_MIN_R=0 RWM_CC_PACE=0 RWM_CC_PACE_HR=1.1 RWM_REACT_CAP=unset RWM_INFL_CAP=0 RWM_INFL_BDP=unset RWM_COPA_FEED=0 RWM_RS_ATTR=1 RWM_EMIT_BATCH=0 RWM_EMIT_BURST=64 RWM_RECOV_MP=1 RWM_RECOV_MP_LAW=1 RWM_RECOV_MP_LIVE=0 RWM_RECOV_SP=0 RWM_DIAG=1 RWM_RDIAG=0 RWM_FDIAG=0 RWM_TRACE=0 RWM_PFRAC=0
{"bytes":50000000,"dnf":0,"hint":"bulk","max_s":10.4165,"mean_mbps":38.401,"mean_s":10.4165,"median_s":10.4165,"min_s":10.4165,"proto":"rp-native","runs":1,"stdev_s":0.0,"summary":true}
    LATPROBE: /tmp/rwm-ping.txt 199 replies
    CPU: CPUSRV=3.35s CPUCLI=4.07s (srv=decoder cli=sender; whole-invocation incl warmup)
    QDISC cli0: qdisc netem 8279: root refcnt 7 limit 1000 delay 100ms loss gemodel p 1.3% r 50% 1-h 100% 1-k 0% rate 100Mbit seed 7  Sent 56809268 bytes 51458 pkt (dropped 351, overlimits 0 requeues 0)   backlog 2471b 17p requeues 0 
    QDISC cli1: qdisc netem 827a: root refcnt 7 limit 1000 delay 100ms loss gemodel p 1.3% r 50% 1-h 100% 1-k 0% rate 100Mbit seed 7  Sent 776 bytes 10 pkt (dropped 0, overlimits 0 requeues 0)   backlog 0b 0p requeues 0 
    QDISC srv0: qdisc netem 827b: root refcnt 7 limit 1000 delay 100ms rate 100Mbit seed 8256441933799527330  Sent 5715532 bytes 32836 pkt (dropped 0, overlimits 0 requeues 0)   backlog 1231b 7p requeues 0 
    QDISC srv1: qdisc netem 827c: root refcnt 7 limit 1000 delay 100ms rate 100Mbit seed 17010793527774441406  Sent 866 bytes 11 pkt (dropped 0, overlimits 0 requeues 0)   backlog 0b 0p requeues 0 
    QCAP: /tmp/rwm-q.txt 18 lines
RUNTIME c2r200-D rep=1 13s
LATRESULT {"cell": "c2r200", "arm": "D", "seed": 7, "rep": 1, "dnf": false, "dnf_count": 0, "mbps": 38.401, "seconds": 10.417, "n_runs": 1, "occ_p50": 1015, "occ_p90": 1024, "occcap_p50": 1024, "q_p50": 3, "q_p95": 5, "q_p99": 38, "q_n": 34, "diag_lines": 42, "retx": 1985, "gates_cli_3t": 0, "gates_srv_3t": 0, "gates_cli_rs": 1, "gates_srv_rs": 1, "gates_lines_cli": 1, "gates_lines_srv": 1, "active_echo_cli": 0, "tt_eng1": 0, "ping_n": 199, "ping_p50": 200.0, "ping_p95": 203.0, "ping_p99": 204.0, "ping_max": 206.0, "ping_min": 200.0, "ping_tx": null, "ping_rx": null, "ping_loss": null, "wait_tun": 15, "wait_paused": 59, "wait_pace": 0, "wait_gen": 0, "wait_nack": 24, "wait_defc": 0, "wait_tail": 1, "wait_flush": 0, "wait_lines": 39, "dgq_hand": 44593, "dgq_tx": 44593, "dgq_full": 0, "dgq_err": 0, "dgq_gap": 0, "dgq_paths": 1, "tc_bytes": 56812515, "tc_pkts": 51485, "tc_drop": 351, "tc_s": 13}
LIVENESS c2r200-D rep=1 cli=[RWM_THREE_TERM=0 RWM_PLAIN_RS=1] srv=[RWM_THREE_TERM=0 RWM_PLAIN_RS=1] active=0 eng1_lines=0 wait_lines=42 dgq_lines=34 ping_replies=199 (expect 3t=0 rs=1)
=== rep=1 arm=c1-A seed=7 env="" cell=c1/c1/single bytes=400000000 14:36:50
[2m2026-08-10T14:36:51.968722Z[0m [32m INFO[0m [2mraptorpath::gates[0m[2m:[0m [GATES] RWM_UNIFIED=1 RWM_UNIFIED_SHED=1 RWM_TAPER_R=1 RWM_ASTAR_ANCHOR=1 RWM_MSTAR_ANCHOR=1 RWM_PLAIN_RS=0 RWM_STORE_SACK_RELEASE=1 RWM_STORE_PATHS=1 RWM_STORE_PATH_POOL=2048 RWM_STORE=unset RWM_STORE_GAIN=2 RWM_STORE_BOOT=128 RWM_STORE_CAPW=0 RWM_STORE_CAP_UNIFIED=0 RWM_THREE_TERM=0 RWM_STORE_PERCAP=0 RWM_PERCAP_GUARD=1 RWM_STORE_BORROW=0 RWM_HONEST_CAP=1 RWM_POOL_ANCHOR=0 RWM_POOL_DELIV=0 RWM_FLOOR_BOUND=0 RWM_ACK_MERGE=1 RWM_PATIENCE_DERIVED=0 RWM_SIDLE_DERIVED=0 RWM_WIN_DECOUPLE=0 RWM_PLACE_SLACK=0 RWM_GEN=384 RWM_PIPELINE=2 RWM_GEN_PIPE=1 RWM_GEN_R=unset RWM_GEN_RATE=9000 RWM_GEN_RATE_FLOOR=2000 RWM_GEN_INFLIGHT=unset RWM_OOO_RETAIN=0/16 RWM_WINDOW=unset RWM_REPORT_GENS=unset RWM_REPAIR_WAIT=unset RWM_CODED_SRC=0 RWM_NO_REACTIVE=0 RWM_XPATH_REPAIR=0 RWM_PROACTIVE_PACER=0 RWM_REASM_BDP=0 RWM_MIN_R=0 RWM_CC_PACE=0 RWM_CC_PACE_HR=1.1 RWM_REACT_CAP=unset RWM_INFL_CAP=0 RWM_INFL_BDP=unset RWM_COPA_FEED=0 RWM_RS_ATTR=1 RWM_EMIT_BATCH=0 RWM_EMIT_BURST=64 RWM_RECOV_MP=1 RWM_RECOV_MP_LAW=1 RWM_RECOV_MP_LIVE=0 RWM_RECOV_SP=0 RWM_DIAG=1 RWM_RDIAG=0 RWM_FDIAG=0 RWM_TRACE=0 RWM_PFRAC=0
{"bytes":400000000,"dnf":0,"hint":"bulk","max_s":14.197,"mean_mbps":225.4,"mean_s":14.197,"median_s":14.197,"min_s":14.197,"proto":"rp-native","runs":1,"stdev_s":0.0,"summary":true}
    LATPROBE: /tmp/rwm-ping.txt 283 replies
    CPU: CPUSRV=15.19s CPUCLI=15.47s (srv=decoder cli=sender; whole-invocation incl warmup)
    QDISC cli0: qdisc netem 827d: root refcnt 7 limit 1000 delay 1ms loss gemodel p 0.05% r 50% 1-h 100% 1-k 0% rate 1Gbit seed 7  Sent 438433505 bytes 347750 pkt (dropped 57, overlimits 0 requeues 0)   backlog 0b 0p requeues 0 
    QDISC cli1: qdisc netem 827e: root refcnt 7 limit 1000 delay 1ms loss gemodel p 0.05% r 50% 1-h 100% 1-k 0% rate 1Gbit seed 7  Sent 846 bytes 11 pkt (dropped 0, overlimits 0 requeues 0)   backlog 0b 0p requeues 0 
    QDISC srv0: qdisc netem 827f: root refcnt 7 limit 1000 delay 1ms rate 1Gbit seed 14280291776270748840  Sent 31591899 bytes 85404 pkt (dropped 0, overlimits 0 requeues 0)   backlog 0b 0p requeues 0 
    QDISC srv1: qdisc netem 8280: root refcnt 7 limit 1000 delay 1ms rate 1Gbit seed 2588336014635843093  Sent 936 bytes 12 pkt (dropped 0, overlimits 0 requeues 0)   backlog 0b 0p requeues 0 
    QCAP: /tmp/rwm-q.txt 18 lines
RUNTIME c1-A rep=1 16s
LATRESULT {"cell": "c1", "arm": "A", "seed": 7, "rep": 1, "dnf": false, "dnf_count": 0, "mbps": 225.4, "seconds": 14.197, "n_runs": 1, "occ_p50": 247, "occ_p90": 407, "occcap_p50": 538, "q_p50": 8, "q_p95": 17, "q_p99": 21, "q_n": 35, "diag_lines": 56, "retx": 799, "gates_cli_3t": 0, "gates_srv_3t": 0, "gates_cli_rs": 0, "gates_srv_rs": 0, "gates_lines_cli": 1, "gates_lines_srv": 1, "active_echo_cli": 0, "tt_eng1": 0, "ping_n": 283, "ping_p50": 2.06, "ping_p95": 2.6, "ping_p99": 2.75, "ping_max": 3.06, "ping_min": 2.03, "ping_tx": null, "ping_rx": null, "ping_loss": null, "wait_tun": 68, "wait_paused": 31, "wait_pace": 0, "wait_gen": 0, "wait_nack": 0, "wait_defc": 0, "wait_tail": 0, "wait_flush": 0, "wait_lines": 53, "dgq_hand": 335539, "dgq_tx": 335539, "dgq_full": 0, "dgq_err": 0, "dgq_gap": 0, "dgq_paths": 1, "tc_bytes": 438434451, "tc_pkts": 347762, "tc_drop": 57, "tc_s": 16}
LIVENESS c1-A rep=1 cli=[RWM_THREE_TERM=0 RWM_PLAIN_RS=0] srv=[RWM_THREE_TERM=0 RWM_PLAIN_RS=0] active=0 eng1_lines=0 wait_lines=56 dgq_lines=36 ping_replies=283 (expect 3t=0 rs=0)
=== rep=1 arm=c1-B seed=7 env="RWM_THREE_TERM=1 RWM_PLAIN_RS=1" cell=c1/c1/single bytes=400000000 14:37:06
[2m2026-08-10T14:37:08.377966Z[0m [32m INFO[0m [2mraptorpath::gates[0m[2m:[0m [GATES] RWM_UNIFIED=1 RWM_UNIFIED_SHED=1 RWM_TAPER_R=1 RWM_ASTAR_ANCHOR=1 RWM_MSTAR_ANCHOR=1 RWM_PLAIN_RS=1 RWM_STORE_SACK_RELEASE=1 RWM_STORE_PATHS=1 RWM_STORE_PATH_POOL=2048 RWM_STORE=unset RWM_STORE_GAIN=2 RWM_STORE_BOOT=128 RWM_STORE_CAPW=0 RWM_STORE_CAP_UNIFIED=0 RWM_THREE_TERM=1 RWM_STORE_PERCAP=0 RWM_PERCAP_GUARD=1 RWM_STORE_BORROW=0 RWM_HONEST_CAP=1 RWM_POOL_ANCHOR=0 RWM_POOL_DELIV=0 RWM_FLOOR_BOUND=0 RWM_ACK_MERGE=1 RWM_PATIENCE_DERIVED=0 RWM_SIDLE_DERIVED=0 RWM_WIN_DECOUPLE=0 RWM_PLACE_SLACK=0 RWM_GEN=384 RWM_PIPELINE=2 RWM_GEN_PIPE=1 RWM_GEN_R=unset RWM_GEN_RATE=9000 RWM_GEN_RATE_FLOOR=2000 RWM_GEN_INFLIGHT=unset RWM_OOO_RETAIN=0/16 RWM_WINDOW=unset RWM_REPORT_GENS=unset RWM_REPAIR_WAIT=unset RWM_CODED_SRC=0 RWM_NO_REACTIVE=0 RWM_XPATH_REPAIR=0 RWM_PROACTIVE_PACER=0 RWM_REASM_BDP=0 RWM_MIN_R=0 RWM_CC_PACE=0 RWM_CC_PACE_HR=1.1 RWM_REACT_CAP=unset RWM_INFL_CAP=0 RWM_INFL_BDP=unset RWM_COPA_FEED=0 RWM_RS_ATTR=1 RWM_EMIT_BATCH=0 RWM_EMIT_BURST=64 RWM_RECOV_MP=1 RWM_RECOV_MP_LAW=1 RWM_RECOV_MP_LIVE=0 RWM_RECOV_SP=0 RWM_DIAG=1 RWM_RDIAG=0 RWM_FDIAG=0 RWM_TRACE=0 RWM_PFRAC=0
{"bytes":400000000,"dnf":0,"hint":"bulk","max_s":21.7518,"mean_mbps":147.114,"mean_s":21.7518,"median_s":21.7518,"min_s":21.7518,"proto":"rp-native","runs":1,"stdev_s":0.0,"summary":true}
    LATPROBE: /tmp/rwm-ping.txt 432 replies
    CPU: CPUSRV=20.94s CPUCLI=28.46s (srv=decoder cli=sender; whole-invocation incl warmup)
    QDISC cli0: qdisc netem 8281: root refcnt 7 limit 1000 delay 1ms loss gemodel p 0.05% r 50% 1-h 100% 1-k 0% rate 1Gbit seed 7  Sent 438583560 bytes 349201 pkt (dropped 57, overlimits 0 requeues 0)   backlog 0b 0p requeues 0 
    QDISC cli1: qdisc netem 8282: root refcnt 7 limit 1000 delay 1ms loss gemodel p 0.05% r 50% 1-h 100% 1-k 0% rate 1Gbit seed 7  Sent 846 bytes 11 pkt (dropped 0, overlimits 0 requeues 0)   backlog 0b 0p requeues 0 
    QDISC srv0: qdisc netem 8283: root refcnt 7 limit 1000 delay 1ms rate 1Gbit seed 11888135061823372396  Sent 37297294 bytes 159024 pkt (dropped 0, overlimits 0 requeues 0)   backlog 0b 0p requeues 0 
    QDISC srv1: qdisc netem 8284: root refcnt 7 limit 1000 delay 1ms rate 1Gbit seed 12820654527063529179  Sent 936 bytes 12 pkt (dropped 0, overlimits 0 requeues 0)   backlog 0b 0p requeues 0 
    QCAP: /tmp/rwm-q.txt 18 lines
RUNTIME c1-B rep=1 24s
LATRESULT {"cell": "c1", "arm": "B", "seed": 7, "rep": 1, "dnf": false, "dnf_count": 0, "mbps": 147.114, "seconds": 21.752, "n_runs": 1, "occ_p50": 187, "occ_p90": 296, "occcap_p50": 408, "q_p50": 9, "q_p95": 15, "q_p99": 18, "q_n": 70, "diag_lines": 86, "retx": 1028, "gates_cli_3t": 1, "gates_srv_3t": 1, "gates_cli_rs": 1, "gates_srv_rs": 1, "gates_lines_cli": 1, "gates_lines_srv": 1, "active_echo_cli": 1, "tt_eng1": 10, "ping_n": 432, "ping_p50": 2.06, "ping_p95": 2.6, "ping_p99": 2.85, "ping_max": 2.94, "ping_min": 2.03, "ping_tx": null, "ping_rx": null, "ping_loss": null, "wait_tun": 99, "wait_paused": 0, "wait_pace": 0, "wait_gen": 0, "wait_nack": 0, "wait_defc": 0, "wait_tail": 0, "wait_flush": 0, "wait_lines": 83, "dgq_hand": 338251, "dgq_tx": 338250, "dgq_full": 0, "dgq_err": 0, "dgq_gap": 1, "dgq_paths": 1, "tc_bytes": 438584406, "tc_pkts": 349212, "tc_drop": 57, "tc_s": 24}
LIVENESS c1-B rep=1 cli=[RWM_THREE_TERM=1 RWM_PLAIN_RS=1] srv=[RWM_THREE_TERM=1 RWM_PLAIN_RS=1] active=1 eng1_lines=10 wait_lines=86 dgq_lines=71 ping_replies=432 (expect 3t=1 rs=1)
=== rep=1 arm=c1-D seed=7 env="RWM_PLAIN_RS=1" cell=c1/c1/single bytes=400000000 14:37:30
[2m2026-08-10T14:37:32.340502Z[0m [32m INFO[0m [2mraptorpath::gates[0m[2m:[0m [GATES] RWM_UNIFIED=1 RWM_UNIFIED_SHED=1 RWM_TAPER_R=1 RWM_ASTAR_ANCHOR=1 RWM_MSTAR_ANCHOR=1 RWM_PLAIN_RS=1 RWM_STORE_SACK_RELEASE=1 RWM_STORE_PATHS=1 RWM_STORE_PATH_POOL=2048 RWM_STORE=unset RWM_STORE_GAIN=2 RWM_STORE_BOOT=128 RWM_STORE_CAPW=0 RWM_STORE_CAP_UNIFIED=0 RWM_THREE_TERM=0 RWM_STORE_PERCAP=0 RWM_PERCAP_GUARD=1 RWM_STORE_BORROW=0 RWM_HONEST_CAP=1 RWM_POOL_ANCHOR=0 RWM_POOL_DELIV=0 RWM_FLOOR_BOUND=0 RWM_ACK_MERGE=1 RWM_PATIENCE_DERIVED=0 RWM_SIDLE_DERIVED=0 RWM_WIN_DECOUPLE=0 RWM_PLACE_SLACK=0 RWM_GEN=384 RWM_PIPELINE=2 RWM_GEN_PIPE=1 RWM_GEN_R=unset RWM_GEN_RATE=9000 RWM_GEN_RATE_FLOOR=2000 RWM_GEN_INFLIGHT=unset RWM_OOO_RETAIN=0/16 RWM_WINDOW=unset RWM_REPORT_GENS=unset RWM_REPAIR_WAIT=unset RWM_CODED_SRC=0 RWM_NO_REACTIVE=0 RWM_XPATH_REPAIR=0 RWM_PROACTIVE_PACER=0 RWM_REASM_BDP=0 RWM_MIN_R=0 RWM_CC_PACE=0 RWM_CC_PACE_HR=1.1 RWM_REACT_CAP=unset RWM_INFL_CAP=0 RWM_INFL_BDP=unset RWM_COPA_FEED=0 RWM_RS_ATTR=1 RWM_EMIT_BATCH=0 RWM_EMIT_BURST=64 RWM_RECOV_MP=1 RWM_RECOV_MP_LAW=1 RWM_RECOV_MP_LIVE=0 RWM_RECOV_SP=0 RWM_DIAG=1 RWM_RDIAG=0 RWM_FDIAG=0 RWM_TRACE=0 RWM_PFRAC=0
{"bytes":400000000,"dnf":0,"hint":"bulk","max_s":22.0001,"mean_mbps":145.454,"mean_s":22.0001,"median_s":22.0001,"min_s":22.0001,"proto":"rp-native","runs":1,"stdev_s":0.0,"summary":true}
    LATPROBE: /tmp/rwm-ping.txt 438 replies
    CPU: CPUSRV=17.84s CPUCLI=24.60s (srv=decoder cli=sender; whole-invocation incl warmup)
    QDISC cli0: qdisc netem 8285: root refcnt 7 limit 1000 delay 1ms loss gemodel p 0.05% r 50% 1-h 100% 1-k 0% rate 1Gbit seed 7  Sent 439862218 bytes 365133 pkt (dropped 63, overlimits 0 requeues 0)   backlog 0b 0p requeues 0 
    QDISC cli1: qdisc netem 8286: root refcnt 7 limit 1000 delay 1ms loss gemodel p 0.05% r 50% 1-h 100% 1-k 0% rate 1Gbit seed 7  Sent 846 bytes 11 pkt (dropped 0, overlimits 0 requeues 0)   backlog 0b 0p requeues 0 
    QDISC srv0: qdisc netem 8287: root refcnt 7 limit 1000 delay 1ms rate 1Gbit seed 17179448404485681332  Sent 34390211 bytes 114784 pkt (dropped 0, overlimits 0 requeues 0)   backlog 0b 0p requeues 0 
    QDISC srv1: qdisc netem 8288: root refcnt 7 limit 1000 delay 1ms rate 1Gbit seed 11874664952773181212  Sent 936 bytes 12 pkt (dropped 0, overlimits 0 requeues 0)   backlog 0b 0p requeues 0 
    QCAP: /tmp/rwm-q.txt 18 lines
RUNTIME c1-D rep=1 24s
LATRESULT {"cell": "c1", "arm": "D", "seed": 7, "rep": 1, "dnf": false, "dnf_count": 0, "mbps": 145.454, "seconds": 22.0, "n_runs": 1, "occ_p50": 145, "occ_p90": 234, "occcap_p50": 1024, "q_p50": 12, "q_p95": 16, "q_p99": 19, "q_n": 58, "diag_lines": 87, "retx": 886, "gates_cli_3t": 0, "gates_srv_3t": 0, "gates_cli_rs": 1, "gates_srv_rs": 1, "gates_lines_cli": 1, "gates_lines_srv": 1, "active_echo_cli": 0, "tt_eng1": 0, "ping_n": 438, "ping_p50": 2.06, "ping_p95": 2.44, "ping_p99": 2.73, "ping_max": 2.87, "ping_min": 2.03, "ping_tx": null, "ping_rx": null, "ping_loss": null, "wait_tun": 57, "wait_paused": 42, "wait_pace": 0, "wait_gen": 0, "wait_nack": 0, "wait_defc": 0, "wait_tail": 0, "wait_flush": 0, "wait_lines": 84, "dgq_hand": 326575, "dgq_tx": 326575, "dgq_full": 0, "dgq_err": 0, "dgq_gap": 0, "dgq_paths": 1, "tc_bytes": 439863064, "tc_pkts": 365144, "tc_drop": 63, "tc_s": 24}
LIVENESS c1-D rep=1 cli=[RWM_THREE_TERM=0 RWM_PLAIN_RS=1] srv=[RWM_THREE_TERM=0 RWM_PLAIN_RS=1] active=0 eng1_lines=0 wait_lines=87 dgq_lines=58 ping_replies=438 (expect 3t=0 rs=1)
=== rep=2 arm=sc2-A seed=7 env="" cell=c2/c2/single bytes=100000000 14:37:54
[2m2026-08-10T14:37:56.919341Z[0m [32m INFO[0m [2mraptorpath::gates[0m[2m:[0m [GATES] RWM_UNIFIED=1 RWM_UNIFIED_SHED=1 RWM_TAPER_R=1 RWM_ASTAR_ANCHOR=1 RWM_MSTAR_ANCHOR=1 RWM_PLAIN_RS=0 RWM_STORE_SACK_RELEASE=1 RWM_STORE_PATHS=1 RWM_STORE_PATH_POOL=2048 RWM_STORE=unset RWM_STORE_GAIN=2 RWM_STORE_BOOT=128 RWM_STORE_CAPW=0 RWM_STORE_CAP_UNIFIED=0 RWM_THREE_TERM=0 RWM_STORE_PERCAP=0 RWM_PERCAP_GUARD=1 RWM_STORE_BORROW=0 RWM_HONEST_CAP=1 RWM_POOL_ANCHOR=0 RWM_POOL_DELIV=0 RWM_FLOOR_BOUND=0 RWM_ACK_MERGE=1 RWM_PATIENCE_DERIVED=0 RWM_SIDLE_DERIVED=0 RWM_WIN_DECOUPLE=0 RWM_PLACE_SLACK=0 RWM_GEN=384 RWM_PIPELINE=2 RWM_GEN_PIPE=1 RWM_GEN_R=unset RWM_GEN_RATE=9000 RWM_GEN_RATE_FLOOR=2000 RWM_GEN_INFLIGHT=unset RWM_OOO_RETAIN=0/16 RWM_WINDOW=unset RWM_REPORT_GENS=unset RWM_REPAIR_WAIT=unset RWM_CODED_SRC=0 RWM_NO_REACTIVE=0 RWM_XPATH_REPAIR=0 RWM_PROACTIVE_PACER=0 RWM_REASM_BDP=0 RWM_MIN_R=0 RWM_CC_PACE=0 RWM_CC_PACE_HR=1.1 RWM_REACT_CAP=unset RWM_INFL_CAP=0 RWM_INFL_BDP=unset RWM_COPA_FEED=0 RWM_RS_ATTR=1 RWM_EMIT_BATCH=0 RWM_EMIT_BURST=64 RWM_RECOV_MP=1 RWM_RECOV_MP_LAW=1 RWM_RECOV_MP_LIVE=0 RWM_RECOV_SP=0 RWM_DIAG=1 RWM_RDIAG=0 RWM_FDIAG=0 RWM_TRACE=0 RWM_PFRAC=0
{"bytes":100000000,"dnf":0,"hint":"bulk","max_s":9.2218,"mean_mbps":86.75,"mean_s":9.2218,"median_s":9.2218,"min_s":9.2218,"proto":"rp-native","runs":1,"stdev_s":0.0,"summary":true}
    LATPROBE: /tmp/rwm-ping.txt 179 replies
    CPU: CPUSRV=6.54s CPUCLI=5.71s (srv=decoder cli=sender; whole-invocation incl warmup)
    QDISC cli0: qdisc netem 8289: root refcnt 7 limit 1000 delay 5ms  3ms loss gemodel p 1.3% r 50% 1-h 100% 1-k 0% rate 100Mbit seed 7  Sent 111868048 bytes 86520 pkt (dropped 338, overlimits 0 requeues 0)   backlog 0b 0p requeues 0 
    QDISC cli1: qdisc netem 828a: root refcnt 7 limit 1000 delay 5ms  3ms loss gemodel p 1.3% r 50% 1-h 100% 1-k 0% rate 100Mbit seed 7  Sent 592 bytes 8 pkt (dropped 2, overlimits 0 requeues 0)   backlog 0b 0p requeues 0 
    QDISC srv0: qdisc netem 828b: root refcnt 7 limit 1000 delay 5ms  3ms rate 100Mbit seed 13231747444102174878  Sent 11056265 bytes 63853 pkt (dropped 0, overlimits 0 requeues 0)   backlog 144b 2p requeues 0 
    QDISC srv1: qdisc netem 828c: root refcnt 7 limit 1000 delay 5ms  3ms rate 100Mbit seed 10917155209800862671  Sent 768 bytes 10 pkt (dropped 0, overlimits 0 requeues 0)   backlog 0b 0p requeues 0 
    QCAP: /tmp/rwm-q.txt 18 lines
RUNTIME sc2-A rep=2 12s
LATRESULT {"cell": "sc2", "arm": "A", "seed": 7, "rep": 2, "dnf": false, "dnf_count": 0, "mbps": 86.75, "seconds": 9.222, "n_runs": 1, "occ_p50": 1005, "occ_p90": 1024, "occcap_p50": 1024, "q_p50": 91, "q_p95": 95, "q_p99": 99, "q_n": 33, "diag_lines": 36, "retx": 3210, "gates_cli_3t": 0, "gates_srv_3t": 0, "gates_cli_rs": 0, "gates_srv_rs": 0, "gates_lines_cli": 1, "gates_lines_srv": 1, "active_echo_cli": 0, "tt_eng1": 0, "ping_n": 179, "ping_p50": 88.7, "ping_p95": 93.3, "ping_p99": 94.7, "ping_max": 95.4, "ping_min": 7.93, "ping_tx": null, "ping_rx": null, "ping_loss": null, "wait_tun": 29, "wait_paused": 40, "wait_pace": 0, "wait_gen": 0, "wait_nack": 30, "wait_defc": 0, "wait_tail": 1, "wait_flush": 0, "wait_lines": 33, "dgq_hand": 87415, "dgq_tx": 87287, "dgq_full": 0, "dgq_err": 0, "dgq_gap": 128, "dgq_paths": 1, "tc_bytes": 111868640, "tc_pkts": 86528, "tc_drop": 340, "tc_s": 12}
LIVENESS sc2-A rep=2 cli=[RWM_THREE_TERM=0 RWM_PLAIN_RS=0] srv=[RWM_THREE_TERM=0 RWM_PLAIN_RS=0] active=0 eng1_lines=0 wait_lines=36 dgq_lines=33 ping_replies=179 (expect 3t=0 rs=0)
=== rep=2 arm=sc2-B seed=7 env="RWM_THREE_TERM=1 RWM_PLAIN_RS=1" cell=c2/c2/single bytes=100000000 14:38:06
RUNTIME sc2-B rep=2 3s
LATRESULT {"cell": "sc2", "arm": "B", "seed": 7, "rep": 2, "dnf": true, "dnf_count": null, "mbps": null, "seconds": null, "n_runs": 0, "occ_p50": null, "occ_p90": null, "occcap_p50": null, "q_p50": null, "q_p95": null, "q_p99": null, "q_n": 0, "diag_lines": 0, "retx": 0, "gates_cli_3t": null, "gates_srv_3t": null, "gates_cli_rs": null, "gates_srv_rs": null, "gates_lines_cli": 0, "gates_lines_srv": 0, "active_echo_cli": 0, "tt_eng1": 0, "ping_n": 179, "ping_p50": 88.7, "ping_p95": 93.3, "ping_p99": 94.7, "ping_max": 95.4, "ping_min": 7.93, "ping_tx": null, "ping_rx": null, "ping_loss": null, "wait_tun": null, "wait_paused": null, "wait_pace": null, "wait_gen": null, "wait_nack": null, "wait_defc": null, "wait_tail": null, "wait_flush": null, "wait_lines": 0, "dgq_hand": null, "dgq_tx": null, "dgq_full": null, "dgq_err": null, "dgq_gap": null, "dgq_paths": null, "tc_bytes": null, "tc_pkts": null, "tc_drop": null, "tc_s": null}
LIVENESS sc2-B rep=2 cli=[ ] srv=[ ] active= eng1_lines=0 wait_lines= dgq_lines= ping_replies=179 (expect 3t=1 rs=1)
ARM-LIVENESS-FAIL-GATE-CLI sc2-B rep=2 got=''
ARM-LIVENESS-FAIL-GATE-SRV sc2-B rep=2 got=''
ARM-LIVENESS-FAIL-RS-CLI sc2-B rep=2 got=''
ARM-LIVENESS-FAIL-RS-SRV sc2-B rep=2 got=''
ARM-LIVENESS-FAIL-3T sc2-B rep=2 (VOID: no eng=1)
QCAP-MISSING sc2-B rep=2
=== rep=2 arm=sc2-D seed=7 env="RWM_PLAIN_RS=1" cell=c2/c2/single bytes=100000000 14:38:09
RUNTIME sc2-D rep=2 2s
LATRESULT {"cell": "sc2", "arm": "D", "seed": 7, "rep": 2, "dnf": true, "dnf_count": null, "mbps": null, "seconds": null, "n_runs": 0, "occ_p50": null, "occ_p90": null, "occcap_p50": null, "q_p50": null, "q_p95": null, "q_p99": null, "q_n": 0, "diag_lines": 0, "retx": 0, "gates_cli_3t": null, "gates_srv_3t": null, "gates_cli_rs": null, "gates_srv_rs": null, "gates_lines_cli": 0, "gates_lines_srv": 0, "active_echo_cli": 0, "tt_eng1": 0, "ping_n": 179, "ping_p50": 88.7, "ping_p95": 93.3, "ping_p99": 94.7, "ping_max": 95.4, "ping_min": 7.93, "ping_tx": null, "ping_rx": null, "ping_loss": null, "wait_tun": null, "wait_paused": null, "wait_pace": null, "wait_gen": null, "wait_nack": null, "wait_defc": null, "wait_tail": null, "wait_flush": null, "wait_lines": 0, "dgq_hand": null, "dgq_tx": null, "dgq_full": null, "dgq_err": null, "dgq_gap": null, "dgq_paths": null, "tc_bytes": null, "tc_pkts": null, "tc_drop": null, "tc_s": null}
LIVENESS sc2-D rep=2 cli=[ ] srv=[ ] active= eng1_lines=0 wait_lines= dgq_lines= ping_replies=179 (expect 3t=0 rs=1)
ARM-LIVENESS-FAIL-GATE-CLI sc2-D rep=2 got=''
ARM-LIVENESS-FAIL-GATE-SRV sc2-D rep=2 got=''
ARM-LIVENESS-FAIL-RS-CLI sc2-D rep=2 got=''
ARM-LIVENESS-FAIL-RS-SRV sc2-D rep=2 got=''
QCAP-MISSING sc2-D rep=2
=== rep=2 arm=sc3-A seed=7 env="" cell=c3/c3/single bytes=25000000 14:38:11
[2m2026-08-10T14:38:14.432784Z[0m [32m INFO[0m [2mraptorpath::gates[0m[2m:[0m [GATES] RWM_UNIFIED=1 RWM_UNIFIED_SHED=1 RWM_TAPER_R=1 RWM_ASTAR_ANCHOR=1 RWM_MSTAR_ANCHOR=1 RWM_PLAIN_RS=0 RWM_STORE_SACK_RELEASE=1 RWM_STORE_PATHS=1 RWM_STORE_PATH_POOL=2048 RWM_STORE=unset RWM_STORE_GAIN=2 RWM_STORE_BOOT=128 RWM_STORE_CAPW=0 RWM_STORE_CAP_UNIFIED=0 RWM_THREE_TERM=0 RWM_STORE_PERCAP=0 RWM_PERCAP_GUARD=1 RWM_STORE_BORROW=0 RWM_HONEST_CAP=1 RWM_POOL_ANCHOR=0 RWM_POOL_DELIV=0 RWM_FLOOR_BOUND=0 RWM_ACK_MERGE=1 RWM_PATIENCE_DERIVED=0 RWM_SIDLE_DERIVED=0 RWM_WIN_DECOUPLE=0 RWM_PLACE_SLACK=0 RWM_GEN=384 RWM_PIPELINE=2 RWM_GEN_PIPE=1 RWM_GEN_R=unset RWM_GEN_RATE=9000 RWM_GEN_RATE_FLOOR=2000 RWM_GEN_INFLIGHT=unset RWM_OOO_RETAIN=0/16 RWM_WINDOW=unset RWM_REPORT_GENS=unset RWM_REPAIR_WAIT=unset RWM_CODED_SRC=0 RWM_NO_REACTIVE=0 RWM_XPATH_REPAIR=0 RWM_PROACTIVE_PACER=0 RWM_REASM_BDP=0 RWM_MIN_R=0 RWM_CC_PACE=0 RWM_CC_PACE_HR=1.1 RWM_REACT_CAP=unset RWM_INFL_CAP=0 RWM_INFL_BDP=unset RWM_COPA_FEED=0 RWM_RS_ATTR=1 RWM_EMIT_BATCH=0 RWM_EMIT_BURST=64 RWM_RECOV_MP=1 RWM_RECOV_MP_LAW=1 RWM_RECOV_MP_LIVE=0 RWM_RECOV_SP=0 RWM_DIAG=1 RWM_RDIAG=0 RWM_FDIAG=0 RWM_TRACE=0 RWM_PFRAC=0
{"bytes":25000000,"dnf":0,"hint":"bulk","max_s":11.8543,"mean_mbps":16.872,"mean_s":11.8543,"median_s":11.8543,"min_s":11.8543,"proto":"rp-native","runs":1,"stdev_s":0.0,"summary":true}
    LATPROBE: /tmp/rwm-ping.txt 220 replies
    CPU: CPUSRV=2.06s CPUCLI=2.26s (srv=decoder cli=sender; whole-invocation incl warmup)
    QDISC cli0: qdisc netem 8295: root refcnt 7 limit 1000 delay 20ms  5ms loss gemodel p 2% r 40% 1-h 100% 1-k 0% rate 20Mbit seed 7  Sent 29526214 bytes 26475 pkt (dropped 434, overlimits 0 requeues 0)   backlog 0b 0p requeues 0 
    QDISC cli1: qdisc netem 8296: root refcnt 7 limit 1000 delay 20ms  5ms loss gemodel p 2% r 40% 1-h 100% 1-k 0% rate 20Mbit seed 7  Sent 756 bytes 10 pkt (dropped 2, overlimits 0 requeues 0)   backlog 0b 0p requeues 0 
    QDISC srv0: qdisc netem 8297: root refcnt 7 limit 1000 delay 20ms  5ms rate 20Mbit seed 10251860501317104858  Sent 3395187 bytes 19108 pkt (dropped 0, overlimits 0 requeues 0)   backlog 175b 1p requeues 0 
    QDISC srv1: qdisc netem 8298: root refcnt 7 limit 1000 delay 20ms  5ms rate 20Mbit seed 14315442887198974619  Sent 936 bytes 12 pkt (dropped 0, overlimits 0 requeues 0)   backlog 0b 0p requeues 0 
    QCAP: /tmp/rwm-q.txt 18 lines
RUNTIME sc3-A rep=2 15s
LATRESULT {"cell": "sc3", "arm": "A", "seed": 7, "rep": 2, "dnf": false, "dnf_count": 0, "mbps": 16.872, "seconds": 11.854, "n_runs": 1, "occ_p50": 1024, "occ_p90": 1024, "occcap_p50": 1024, "q_p50": 478, "q_p95": 722, "q_p99": 755, "q_n": 43, "diag_lines": 47, "retx": 2275, "gates_cli_3t": 0, "gates_srv_3t": 0, "gates_cli_rs": 0, "gates_srv_rs": 0, "gates_lines_cli": 1, "gates_lines_srv": 1, "active_echo_cli": 0, "tt_eng1": 0, "ping_n": 220, "ping_p50": 513.0, "ping_p95": 536.0, "ping_p99": 542.0, "ping_max": 545.0, "ping_min": 38.5, "ping_tx": null, "ping_rx": null, "ping_loss": null, "wait_tun": 7, "wait_paused": 76, "wait_pace": 0, "wait_gen": 0, "wait_nack": 16, "wait_defc": 0, "wait_tail": 1, "wait_flush": 0, "wait_lines": 44, "dgq_hand": 23684, "dgq_tx": 23684, "dgq_full": 0, "dgq_err": 0, "dgq_gap": 0, "dgq_paths": 1, "tc_bytes": 29526970, "tc_pkts": 26485, "tc_drop": 436, "tc_s": 15}
LIVENESS sc3-A rep=2 cli=[RWM_THREE_TERM=0 RWM_PLAIN_RS=0] srv=[RWM_THREE_TERM=0 RWM_PLAIN_RS=0] active=0 eng1_lines=0 wait_lines=47 dgq_lines=43 ping_replies=220 (expect 3t=0 rs=0)
=== rep=2 arm=sc3-B seed=7 env="RWM_THREE_TERM=1 RWM_PLAIN_RS=1" cell=c3/c3/single bytes=25000000 14:38:26
RUNTIME sc3-B rep=2 3s
LATRESULT {"cell": "sc3", "arm": "B", "seed": 7, "rep": 2, "dnf": true, "dnf_count": null, "mbps": null, "seconds": null, "n_runs": 0, "occ_p50": null, "occ_p90": null, "occcap_p50": null, "q_p50": null, "q_p95": null, "q_p99": null, "q_n": 0, "diag_lines": 0, "retx": 0, "gates_cli_3t": null, "gates_srv_3t": null, "gates_cli_rs": null, "gates_srv_rs": null, "gates_lines_cli": 0, "gates_lines_srv": 0, "active_echo_cli": 0, "tt_eng1": 0, "ping_n": 220, "ping_p50": 513.0, "ping_p95": 536.0, "ping_p99": 542.0, "ping_max": 545.0, "ping_min": 38.5, "ping_tx": null, "ping_rx": null, "ping_loss": null, "wait_tun": null, "wait_paused": null, "wait_pace": null, "wait_gen": null, "wait_nack": null, "wait_defc": null, "wait_tail": null, "wait_flush": null, "wait_lines": 0, "dgq_hand": null, "dgq_tx": null, "dgq_full": null, "dgq_err": null, "dgq_gap": null, "dgq_paths": null, "tc_bytes": null, "tc_pkts": null, "tc_drop": null, "tc_s": null}
LIVENESS sc3-B rep=2 cli=[ ] srv=[ ] active= eng1_lines=0 wait_lines= dgq_lines= ping_replies=220 (expect 3t=1 rs=1)
ARM-LIVENESS-FAIL-GATE-CLI sc3-B rep=2 got=''
ARM-LIVENESS-FAIL-GATE-SRV sc3-B rep=2 got=''
ARM-LIVENESS-FAIL-RS-CLI sc3-B rep=2 got=''
ARM-LIVENESS-FAIL-RS-SRV sc3-B rep=2 got=''
ARM-LIVENESS-FAIL-3T sc3-B rep=2 (VOID: no eng=1)
QCAP-MISSING sc3-B rep=2
=== rep=2 arm=sc3-D seed=7 env="RWM_PLAIN_RS=1" cell=c3/c3/single bytes=25000000 14:38:29
RUNTIME sc3-D rep=2 3s
LATRESULT {"cell": "sc3", "arm": "D", "seed": 7, "rep": 2, "dnf": true, "dnf_count": null, "mbps": null, "seconds": null, "n_runs": 0, "occ_p50": null, "occ_p90": null, "occcap_p50": null, "q_p50": null, "q_p95": null, "q_p99": null, "q_n": 0, "diag_lines": 0, "retx": 0, "gates_cli_3t": null, "gates_srv_3t": null, "gates_cli_rs": null, "gates_srv_rs": null, "gates_lines_cli": 0, "gates_lines_srv": 0, "active_echo_cli": 0, "tt_eng1": 0, "ping_n": 220, "ping_p50": 513.0, "ping_p95": 536.0, "ping_p99": 542.0, "ping_max": 545.0, "ping_min": 38.5, "ping_tx": null, "ping_rx": null, "ping_loss": null, "wait_tun": null, "wait_paused": null, "wait_pace": null, "wait_gen": null, "wait_nack": null, "wait_defc": null, "wait_tail": null, "wait_flush": null, "wait_lines": 0, "dgq_hand": null, "dgq_tx": null, "dgq_full": null, "dgq_err": null, "dgq_gap": null, "dgq_paths": null, "tc_bytes": null, "tc_pkts": null, "tc_drop": null, "tc_s": null}
LIVENESS sc3-D rep=2 cli=[ ] srv=[ ] active= eng1_lines=0 wait_lines= dgq_lines= ping_replies=220 (expect 3t=0 rs=1)
ARM-LIVENESS-FAIL-GATE-CLI sc3-D rep=2 got=''
ARM-LIVENESS-FAIL-GATE-SRV sc3-D rep=2 got=''
ARM-LIVENESS-FAIL-RS-CLI sc3-D rep=2 got=''
ARM-LIVENESS-FAIL-RS-SRV sc3-D rep=2 got=''
QCAP-MISSING sc3-D rep=2
=== rep=2 arm=c2r100-A seed=7 env="" cell=c2r100/c2r100/single bytes=100000000 14:38:32
[2m2026-08-10T14:38:34.631413Z[0m [32m INFO[0m [2mraptorpath::gates[0m[2m:[0m [GATES] RWM_UNIFIED=1 RWM_UNIFIED_SHED=1 RWM_TAPER_R=1 RWM_ASTAR_ANCHOR=1 RWM_MSTAR_ANCHOR=1 RWM_PLAIN_RS=0 RWM_STORE_SACK_RELEASE=1 RWM_STORE_PATHS=1 RWM_STORE_PATH_POOL=2048 RWM_STORE=unset RWM_STORE_GAIN=2 RWM_STORE_BOOT=128 RWM_STORE_CAPW=0 RWM_STORE_CAP_UNIFIED=0 RWM_THREE_TERM=0 RWM_STORE_PERCAP=0 RWM_PERCAP_GUARD=1 RWM_STORE_BORROW=0 RWM_HONEST_CAP=1 RWM_POOL_ANCHOR=0 RWM_POOL_DELIV=0 RWM_FLOOR_BOUND=0 RWM_ACK_MERGE=1 RWM_PATIENCE_DERIVED=0 RWM_SIDLE_DERIVED=0 RWM_WIN_DECOUPLE=0 RWM_PLACE_SLACK=0 RWM_GEN=384 RWM_PIPELINE=2 RWM_GEN_PIPE=1 RWM_GEN_R=unset RWM_GEN_RATE=9000 RWM_GEN_RATE_FLOOR=2000 RWM_GEN_INFLIGHT=unset RWM_OOO_RETAIN=0/16 RWM_WINDOW=unset RWM_REPORT_GENS=unset RWM_REPAIR_WAIT=unset RWM_CODED_SRC=0 RWM_NO_REACTIVE=0 RWM_XPATH_REPAIR=0 RWM_PROACTIVE_PACER=0 RWM_REASM_BDP=0 RWM_MIN_R=0 RWM_CC_PACE=0 RWM_CC_PACE_HR=1.1 RWM_REACT_CAP=unset RWM_INFL_CAP=0 RWM_INFL_BDP=unset RWM_COPA_FEED=0 RWM_RS_ATTR=1 RWM_EMIT_BATCH=0 RWM_EMIT_BURST=64 RWM_RECOV_MP=1 RWM_RECOV_MP_LAW=1 RWM_RECOV_MP_LIVE=0 RWM_RECOV_SP=0 RWM_DIAG=1 RWM_RDIAG=0 RWM_FDIAG=0 RWM_TRACE=0 RWM_PFRAC=0
{"bytes":100000000,"dnf":0,"hint":"bulk","max_s":9.6003,"mean_mbps":83.331,"mean_s":9.6003,"median_s":9.6003,"min_s":9.6003,"proto":"rp-native","runs":1,"stdev_s":0.0,"summary":true}
    LATPROBE: /tmp/rwm-ping.txt 187 replies
    CPU: CPUSRV=6.30s CPUCLI=6.36s (srv=decoder cli=sender; whole-invocation incl warmup)
    QDISC cli0: qdisc netem 82a1: root refcnt 7 limit 1000 delay 50ms loss gemodel p 1.3% r 50% 1-h 100% 1-k 0% rate 100Mbit seed 7  Sent 112036071 bytes 100648 pkt (dropped 723, overlimits 0 requeues 0)   backlog 0b 0p requeues 0 
    QDISC cli1: qdisc netem 82a2: root refcnt 7 limit 1000 delay 50ms loss gemodel p 1.3% r 50% 1-h 100% 1-k 0% rate 100Mbit seed 7  Sent 776 bytes 10 pkt (dropped 0, overlimits 0 requeues 0)   backlog 0b 0p requeues 0 
    QDISC srv0: qdisc netem 82a3: root refcnt 7 limit 1000 delay 50ms rate 100Mbit seed 12189988917033964845  Sent 11074414 bytes 62973 pkt (dropped 0, overlimits 0 requeues 0)   backlog 2669b 3p requeues 0 
    QDISC srv1: qdisc netem 82a4: root refcnt 7 limit 1000 delay 50ms rate 100Mbit seed 11501512296999391825  Sent 866 bytes 11 pkt (dropped 0, overlimits 0 requeues 0)   backlog 0b 0p requeues 0 
    QCAP: /tmp/rwm-q.txt 18 lines
RUNTIME c2r100-A rep=2 12s
LATRESULT {"cell": "c2r100", "arm": "A", "seed": 7, "rep": 2, "dnf": false, "dnf_count": 0, "mbps": 83.331, "seconds": 9.6, "n_runs": 1, "occ_p50": 1012, "occ_p90": 1024, "occcap_p50": 1024, "q_p50": 5, "q_p95": 10, "q_p99": 11, "q_n": 35, "diag_lines": 38, "retx": 2819, "gates_cli_3t": 0, "gates_srv_3t": 0, "gates_cli_rs": 0, "gates_srv_rs": 0, "gates_lines_cli": 1, "gates_lines_srv": 1, "active_echo_cli": 0, "tt_eng1": 0, "ping_n": 187, "ping_p50": 103.0, "ping_p95": 108.0, "ping_p99": 110.0, "ping_max": 112.0, "ping_min": 100.0, "ping_tx": null, "ping_rx": null, "ping_loss": null, "wait_tun": 28, "wait_paused": 40, "wait_pace": 0, "wait_gen": 0, "wait_nack": 32, "wait_defc": 0, "wait_tail": 1, "wait_flush": 0, "wait_lines": 35, "dgq_hand": 87949, "dgq_tx": 87949, "dgq_full": 0, "dgq_err": 0, "dgq_gap": 0, "dgq_paths": 1, "tc_bytes": 112036847, "tc_pkts": 100658, "tc_drop": 723, "tc_s": 12}
LIVENESS c2r100-A rep=2 cli=[RWM_THREE_TERM=0 RWM_PLAIN_RS=0] srv=[RWM_THREE_TERM=0 RWM_PLAIN_RS=0] active=0 eng1_lines=0 wait_lines=38 dgq_lines=37 ping_replies=187 (expect 3t=0 rs=0)
=== rep=2 arm=c2r100-B seed=7 env="RWM_THREE_TERM=1 RWM_PLAIN_RS=1" cell=c2r100/c2r100/single bytes=100000000 14:38:44
[2m2026-08-10T14:38:46.603379Z[0m [32m INFO[0m [2mraptorpath::gates[0m[2m:[0m [GATES] RWM_UNIFIED=1 RWM_UNIFIED_SHED=1 RWM_TAPER_R=1 RWM_ASTAR_ANCHOR=1 RWM_MSTAR_ANCHOR=1 RWM_PLAIN_RS=1 RWM_STORE_SACK_RELEASE=1 RWM_STORE_PATHS=1 RWM_STORE_PATH_POOL=2048 RWM_STORE=unset RWM_STORE_GAIN=2 RWM_STORE_BOOT=128 RWM_STORE_CAPW=0 RWM_STORE_CAP_UNIFIED=0 RWM_THREE_TERM=1 RWM_STORE_PERCAP=0 RWM_PERCAP_GUARD=1 RWM_STORE_BORROW=0 RWM_HONEST_CAP=1 RWM_POOL_ANCHOR=0 RWM_POOL_DELIV=0 RWM_FLOOR_BOUND=0 RWM_ACK_MERGE=1 RWM_PATIENCE_DERIVED=0 RWM_SIDLE_DERIVED=0 RWM_WIN_DECOUPLE=0 RWM_PLACE_SLACK=0 RWM_GEN=384 RWM_PIPELINE=2 RWM_GEN_PIPE=1 RWM_GEN_R=unset RWM_GEN_RATE=9000 RWM_GEN_RATE_FLOOR=2000 RWM_GEN_INFLIGHT=unset RWM_OOO_RETAIN=0/16 RWM_WINDOW=unset RWM_REPORT_GENS=unset RWM_REPAIR_WAIT=unset RWM_CODED_SRC=0 RWM_NO_REACTIVE=0 RWM_XPATH_REPAIR=0 RWM_PROACTIVE_PACER=0 RWM_REASM_BDP=0 RWM_MIN_R=0 RWM_CC_PACE=0 RWM_CC_PACE_HR=1.1 RWM_REACT_CAP=unset RWM_INFL_CAP=0 RWM_INFL_BDP=unset RWM_COPA_FEED=0 RWM_RS_ATTR=1 RWM_EMIT_BATCH=0 RWM_EMIT_BURST=64 RWM_RECOV_MP=1 RWM_RECOV_MP_LAW=1 RWM_RECOV_MP_LIVE=0 RWM_RECOV_SP=0 RWM_DIAG=1 RWM_RDIAG=0 RWM_FDIAG=0 RWM_TRACE=0 RWM_PFRAC=0
{"bytes":100000000,"dnf":0,"hint":"bulk","max_s":9.8735,"mean_mbps":81.025,"mean_s":9.8735,"median_s":9.8735,"min_s":9.8735,"proto":"rp-native","runs":1,"stdev_s":0.0,"summary":true}
    LATPROBE: /tmp/rwm-ping.txt 187 replies
    CPU: CPUSRV=7.02s CPUCLI=10.42s (srv=decoder cli=sender; whole-invocation incl warmup)
    QDISC cli0: qdisc netem 82a5: root refcnt 7 limit 1000 delay 50ms loss gemodel p 1.3% r 50% 1-h 100% 1-k 0% rate 100Mbit seed 7  Sent 115443498 bytes 100357 pkt (dropped 1200, overlimits 0 requeues 0)   backlog 0b 0p requeues 0 
    QDISC cli1: qdisc netem 82a6: root refcnt 7 limit 1000 delay 50ms loss gemodel p 1.3% r 50% 1-h 100% 1-k 0% rate 100Mbit seed 7  Sent 776 bytes 10 pkt (dropped 0, overlimits 0 requeues 0)   backlog 0b 0p requeues 0 
    QDISC srv0: qdisc netem 82a7: root refcnt 7 limit 1000 delay 50ms rate 100Mbit seed 14448099149958135154  Sent 12678436 bytes 67450 pkt (dropped 0, overlimits 0 requeues 0)   backlog 83b 1p requeues 0 
    QDISC srv1: qdisc netem 82a8: root refcnt 7 limit 1000 delay 50ms rate 100Mbit seed 8861469992578776256  Sent 866 bytes 11 pkt (dropped 0, overlimits 0 requeues 0)   backlog 0b 0p requeues 0 
    QCAP: /tmp/rwm-q.txt 18 lines
RUNTIME c2r100-B rep=2 12s
LATRESULT {"cell": "c2r100", "arm": "B", "seed": 7, "rep": 2, "dnf": false, "dnf_count": 0, "mbps": 81.025, "seconds": 9.874, "n_runs": 1, "occ_p50": 2993, "occ_p90": 3206, "occcap_p50": 3018, "q_p50": 212, "q_p95": 243, "q_p99": 254, "q_n": 32, "diag_lines": 39, "retx": 6088, "gates_cli_3t": 1, "gates_srv_3t": 1, "gates_cli_rs": 1, "gates_srv_rs": 1, "gates_lines_cli": 1, "gates_lines_srv": 1, "active_echo_cli": 1, "tt_eng1": 4, "ping_n": 187, "ping_p50": 306.0, "ping_p95": 334.0, "ping_p99": 355.0, "ping_max": 357.0, "ping_min": 100.0, "ping_tx": null, "ping_rx": null, "ping_loss": null, "wait_tun": 45, "wait_paused": 7, "wait_pace": 0, "wait_gen": 0, "wait_nack": 49, "wait_defc": 0, "wait_tail": 1, "wait_flush": 0, "wait_lines": 36, "dgq_hand": 91233, "dgq_tx": 91222, "dgq_full": 0, "dgq_err": 0, "dgq_gap": 11, "dgq_paths": 1, "tc_bytes": 115444274, "tc_pkts": 100367, "tc_drop": 1200, "tc_s": 12}
LIVENESS c2r100-B rep=2 cli=[RWM_THREE_TERM=1 RWM_PLAIN_RS=1] srv=[RWM_THREE_TERM=1 RWM_PLAIN_RS=1] active=1 eng1_lines=4 wait_lines=39 dgq_lines=32 ping_replies=187 (expect 3t=1 rs=1)
=== rep=2 arm=c2r100-D seed=7 env="RWM_PLAIN_RS=1" cell=c2r100/c2r100/single bytes=100000000 14:38:57
[2m2026-08-10T14:38:59.147859Z[0m [32m INFO[0m [2mraptorpath::gates[0m[2m:[0m [GATES] RWM_UNIFIED=1 RWM_UNIFIED_SHED=1 RWM_TAPER_R=1 RWM_ASTAR_ANCHOR=1 RWM_MSTAR_ANCHOR=1 RWM_PLAIN_RS=1 RWM_STORE_SACK_RELEASE=1 RWM_STORE_PATHS=1 RWM_STORE_PATH_POOL=2048 RWM_STORE=unset RWM_STORE_GAIN=2 RWM_STORE_BOOT=128 RWM_STORE_CAPW=0 RWM_STORE_CAP_UNIFIED=0 RWM_THREE_TERM=0 RWM_STORE_PERCAP=0 RWM_PERCAP_GUARD=1 RWM_STORE_BORROW=0 RWM_HONEST_CAP=1 RWM_POOL_ANCHOR=0 RWM_POOL_DELIV=0 RWM_FLOOR_BOUND=0 RWM_ACK_MERGE=1 RWM_PATIENCE_DERIVED=0 RWM_SIDLE_DERIVED=0 RWM_WIN_DECOUPLE=0 RWM_PLACE_SLACK=0 RWM_GEN=384 RWM_PIPELINE=2 RWM_GEN_PIPE=1 RWM_GEN_R=unset RWM_GEN_RATE=9000 RWM_GEN_RATE_FLOOR=2000 RWM_GEN_INFLIGHT=unset RWM_OOO_RETAIN=0/16 RWM_WINDOW=unset RWM_REPORT_GENS=unset RWM_REPAIR_WAIT=unset RWM_CODED_SRC=0 RWM_NO_REACTIVE=0 RWM_XPATH_REPAIR=0 RWM_PROACTIVE_PACER=0 RWM_REASM_BDP=0 RWM_MIN_R=0 RWM_CC_PACE=0 RWM_CC_PACE_HR=1.1 RWM_REACT_CAP=unset RWM_INFL_CAP=0 RWM_INFL_BDP=unset RWM_COPA_FEED=0 RWM_RS_ATTR=1 RWM_EMIT_BATCH=0 RWM_EMIT_BURST=64 RWM_RECOV_MP=1 RWM_RECOV_MP_LAW=1 RWM_RECOV_MP_LIVE=0 RWM_RECOV_SP=0 RWM_DIAG=1 RWM_RDIAG=0 RWM_FDIAG=0 RWM_TRACE=0 RWM_PFRAC=0
{"bytes":100000000,"dnf":0,"hint":"bulk","max_s":9.8186,"mean_mbps":81.478,"mean_s":9.8186,"median_s":9.8186,"min_s":9.8186,"proto":"rp-native","runs":1,"stdev_s":0.0,"summary":true}
    LATPROBE: /tmp/rwm-ping.txt 190 replies
    CPU: CPUSRV=6.48s CPUCLI=7.91s (srv=decoder cli=sender; whole-invocation incl warmup)
    QDISC cli0: qdisc netem 82a9: root refcnt 7 limit 1000 delay 50ms loss gemodel p 1.3% r 50% 1-h 100% 1-k 0% rate 100Mbit seed 7  Sent 112726222 bytes 98969 pkt (dropped 668, overlimits 0 requeues 0)   backlog 0b 0p requeues 0 
    QDISC cli1: qdisc netem 82aa: root refcnt 7 limit 1000 delay 50ms loss gemodel p 1.3% r 50% 1-h 100% 1-k 0% rate 100Mbit seed 7  Sent 776 bytes 10 pkt (dropped 0, overlimits 0 requeues 0)   backlog 0b 0p requeues 0 
    QDISC srv0: qdisc netem 82ab: root refcnt 7 limit 1000 delay 50ms rate 100Mbit seed 8944986104002326461  Sent 11131596 bytes 63368 pkt (dropped 0, overlimits 0 requeues 0)   backlog 82b 1p requeues 0 
    QDISC srv1: qdisc netem 82ac: root refcnt 7 limit 1000 delay 50ms rate 100Mbit seed 11768367942280657368  Sent 866 bytes 11 pkt (dropped 0, overlimits 0 requeues 0)   backlog 0b 0p requeues 0 
    QCAP: /tmp/rwm-q.txt 18 lines
RUNTIME c2r100-D rep=2 12s
LATRESULT {"cell": "c2r100", "arm": "D", "seed": 7, "rep": 2, "dnf": false, "dnf_count": 0, "mbps": 81.478, "seconds": 9.819, "n_runs": 1, "occ_p50": 1007, "occ_p90": 1024, "occcap_p50": 1024, "q_p50": 7, "q_p95": 15, "q_p99": 18, "q_n": 36, "diag_lines": 39, "retx": 3435, "gates_cli_3t": 0, "gates_srv_3t": 0, "gates_cli_rs": 1, "gates_srv_rs": 1, "gates_lines_cli": 1, "gates_lines_srv": 1, "active_echo_cli": 0, "tt_eng1": 0, "ping_n": 190, "ping_p50": 104.0, "ping_p95": 111.0, "ping_p99": 114.0, "ping_max": 119.0, "ping_min": 100.0, "ping_tx": null, "ping_rx": null, "ping_loss": null, "wait_tun": 33, "wait_paused": 21, "wait_pace": 0, "wait_gen": 0, "wait_nack": 47, "wait_defc": 0, "wait_tail": 1, "wait_flush": 0, "wait_lines": 36, "dgq_hand": 88588, "dgq_tx": 88588, "dgq_full": 0, "dgq_err": 0, "dgq_gap": 0, "dgq_paths": 1, "tc_bytes": 112726998, "tc_pkts": 98979, "tc_drop": 668, "tc_s": 12}
LIVENESS c2r100-D rep=2 cli=[RWM_THREE_TERM=0 RWM_PLAIN_RS=1] srv=[RWM_THREE_TERM=0 RWM_PLAIN_RS=1] active=0 eng1_lines=0 wait_lines=39 dgq_lines=36 ping_replies=190 (expect 3t=0 rs=1)
=== rep=2 arm=c7-A seed=7 env="" cell=c2/c2/dual bytes=200000000 14:39:09
RUNTIME c7-A rep=2 3s
LATRESULT {"cell": "c7", "arm": "A", "seed": 7, "rep": 2, "dnf": true, "dnf_count": null, "mbps": null, "seconds": null, "n_runs": 0, "occ_p50": null, "occ_p90": null, "occcap_p50": null, "q_p50": null, "q_p95": null, "q_p99": null, "q_n": 0, "diag_lines": 0, "retx": 0, "gates_cli_3t": null, "gates_srv_3t": null, "gates_cli_rs": null, "gates_srv_rs": null, "gates_lines_cli": 0, "gates_lines_srv": 0, "active_echo_cli": 0, "tt_eng1": 0, "ping_n": 190, "ping_p50": 104.0, "ping_p95": 111.0, "ping_p99": 114.0, "ping_max": 119.0, "ping_min": 100.0, "ping_tx": null, "ping_rx": null, "ping_loss": null, "wait_tun": null, "wait_paused": null, "wait_pace": null, "wait_gen": null, "wait_nack": null, "wait_defc": null, "wait_tail": null, "wait_flush": null, "wait_lines": 0, "dgq_hand": null, "dgq_tx": null, "dgq_full": null, "dgq_err": null, "dgq_gap": null, "dgq_paths": null, "tc_bytes": null, "tc_pkts": null, "tc_drop": null, "tc_s": null}
LIVENESS c7-A rep=2 cli=[ ] srv=[ ] active= eng1_lines=0 wait_lines= dgq_lines= ping_replies=190 (expect 3t=0 rs=0)
ARM-LIVENESS-FAIL-GATE-CLI c7-A rep=2 got=''
ARM-LIVENESS-FAIL-GATE-SRV c7-A rep=2 got=''
ARM-LIVENESS-FAIL-RS-CLI c7-A rep=2 got=''
ARM-LIVENESS-FAIL-RS-SRV c7-A rep=2 got=''
QCAP-MISSING c7-A rep=2
=== rep=2 arm=c7-B seed=7 env="RWM_THREE_TERM=1 RWM_PLAIN_RS=1" cell=c2/c2/dual bytes=200000000 14:39:12
[2m2026-08-10T14:39:14.450772Z[0m [32m INFO[0m [2mraptorpath::gates[0m[2m:[0m [GATES] RWM_UNIFIED=1 RWM_UNIFIED_SHED=1 RWM_TAPER_R=1 RWM_ASTAR_ANCHOR=1 RWM_MSTAR_ANCHOR=1 RWM_PLAIN_RS=1 RWM_STORE_SACK_RELEASE=1 RWM_STORE_PATHS=1 RWM_STORE_PATH_POOL=2048 RWM_STORE=unset RWM_STORE_GAIN=2 RWM_STORE_BOOT=128 RWM_STORE_CAPW=0 RWM_STORE_CAP_UNIFIED=0 RWM_THREE_TERM=1 RWM_STORE_PERCAP=0 RWM_PERCAP_GUARD=1 RWM_STORE_BORROW=0 RWM_HONEST_CAP=1 RWM_POOL_ANCHOR=0 RWM_POOL_DELIV=0 RWM_FLOOR_BOUND=0 RWM_ACK_MERGE=1 RWM_PATIENCE_DERIVED=0 RWM_SIDLE_DERIVED=0 RWM_WIN_DECOUPLE=0 RWM_PLACE_SLACK=0 RWM_GEN=384 RWM_PIPELINE=2 RWM_GEN_PIPE=1 RWM_GEN_R=unset RWM_GEN_RATE=9000 RWM_GEN_RATE_FLOOR=2000 RWM_GEN_INFLIGHT=unset RWM_OOO_RETAIN=0/16 RWM_WINDOW=unset RWM_REPORT_GENS=unset RWM_REPAIR_WAIT=unset RWM_CODED_SRC=0 RWM_NO_REACTIVE=0 RWM_XPATH_REPAIR=0 RWM_PROACTIVE_PACER=0 RWM_REASM_BDP=0 RWM_MIN_R=0 RWM_CC_PACE=0 RWM_CC_PACE_HR=1.1 RWM_REACT_CAP=unset RWM_INFL_CAP=0 RWM_INFL_BDP=unset RWM_COPA_FEED=0 RWM_RS_ATTR=1 RWM_EMIT_BATCH=0 RWM_EMIT_BURST=64 RWM_RECOV_MP=1 RWM_RECOV_MP_LAW=1 RWM_RECOV_MP_LIVE=0 RWM_RECOV_SP=0 RWM_DIAG=1 RWM_RDIAG=0 RWM_FDIAG=0 RWM_TRACE=0 RWM_PFRAC=0
{"bytes":200000000,"dnf":0,"hint":"bulk","max_s":10.3632,"mean_mbps":154.392,"mean_s":10.3632,"median_s":10.3632,"min_s":10.3632,"proto":"rp-native","runs":1,"stdev_s":0.0,"summary":true}
    LATPROBE: /tmp/rwm-ping.txt 200 replies
    CPU: CPUSRV=13.10s CPUCLI=15.93s (srv=decoder cli=sender; whole-invocation incl warmup)
    QDISC cli0: qdisc netem 82b1: root refcnt 7 limit 1000 delay 5ms  3ms loss gemodel p 1.3% r 50% 1-h 100% 1-k 0% rate 100Mbit seed 7  Sent 115263005 bytes 94669 pkt (dropped 653, overlimits 0 requeues 0)   backlog 0b 0p requeues 0 
    QDISC cli1: qdisc netem 82b2: root refcnt 7 limit 1000 delay 5ms  3ms loss gemodel p 1.3% r 50% 1-h 100% 1-k 0% rate 100Mbit seed 7  Sent 111812962 bytes 91305 pkt (dropped 591, overlimits 0 requeues 0)   backlog 0b 0p requeues 0 
    QDISC srv0: qdisc netem 82b3: root refcnt 7 limit 1000 delay 5ms  3ms rate 100Mbit seed 2187805563770110607  Sent 16075202 bytes 66304 pkt (dropped 0, overlimits 0 requeues 0)   backlog 0b 0p requeues 0 
    QDISC srv1: qdisc netem 82b4: root refcnt 7 limit 1000 delay 5ms  3ms rate 100Mbit seed 6346633382121150706  Sent 13969797 bytes 63381 pkt (dropped 0, overlimits 0 requeues 0)   backlog 0b 0p requeues 0 
    QCAP: /tmp/rwm-q.txt 18 lines
RUNTIME c7-B rep=2 13s
LATRESULT {"cell": "c7", "arm": "B", "seed": 7, "rep": 2, "dnf": false, "dnf_count": 0, "mbps": 154.392, "seconds": 10.363, "n_runs": 1, "occ_p50": 458, "occ_p90": 693, "occcap_p50": 1214, "q_p50": 17, "q_p95": 38, "q_p99": 49, "q_n": 71, "diag_lines": 41, "retx": 7507, "gates_cli_3t": 1, "gates_srv_3t": 1, "gates_cli_rs": 1, "gates_srv_rs": 1, "gates_lines_cli": 1, "gates_lines_srv": 1, "active_echo_cli": 1, "tt_eng1": 5, "ping_n": 200, "ping_p50": 22.7, "ping_p95": 46.7, "ping_p99": 65.0, "ping_max": 72.2, "ping_min": 8.49, "ping_tx": null, "ping_rx": null, "ping_loss": null, "wait_tun": 96, "wait_paused": 0, "wait_pace": 0, "wait_gen": 0, "wait_nack": 3, "wait_defc": 0, "wait_tail": 0, "wait_flush": 0, "wait_lines": 38, "dgq_hand": 178287, "dgq_tx": 178283, "dgq_full": 0, "dgq_err": 0, "dgq_gap": 4, "dgq_paths": 2, "tc_bytes": 227075967, "tc_pkts": 185974, "tc_drop": 1244, "tc_s": 13}
LIVENESS c7-B rep=2 cli=[RWM_THREE_TERM=1 RWM_PLAIN_RS=1] srv=[RWM_THREE_TERM=1 RWM_PLAIN_RS=1] active=1 eng1_lines=5 wait_lines=41 dgq_lines=41 ping_replies=200 (expect 3t=1 rs=1)
=== rep=2 arm=c7-D seed=7 env="RWM_PLAIN_RS=1" cell=c2/c2/dual bytes=200000000 14:39:25
[2m2026-08-10T14:39:27.457159Z[0m [32m INFO[0m [2mraptorpath::gates[0m[2m:[0m [GATES] RWM_UNIFIED=1 RWM_UNIFIED_SHED=1 RWM_TAPER_R=1 RWM_ASTAR_ANCHOR=1 RWM_MSTAR_ANCHOR=1 RWM_PLAIN_RS=1 RWM_STORE_SACK_RELEASE=1 RWM_STORE_PATHS=1 RWM_STORE_PATH_POOL=2048 RWM_STORE=unset RWM_STORE_GAIN=2 RWM_STORE_BOOT=128 RWM_STORE_CAPW=0 RWM_STORE_CAP_UNIFIED=0 RWM_THREE_TERM=0 RWM_STORE_PERCAP=0 RWM_PERCAP_GUARD=1 RWM_STORE_BORROW=0 RWM_HONEST_CAP=1 RWM_POOL_ANCHOR=0 RWM_POOL_DELIV=0 RWM_FLOOR_BOUND=0 RWM_ACK_MERGE=1 RWM_PATIENCE_DERIVED=0 RWM_SIDLE_DERIVED=0 RWM_WIN_DECOUPLE=0 RWM_PLACE_SLACK=0 RWM_GEN=384 RWM_PIPELINE=2 RWM_GEN_PIPE=1 RWM_GEN_R=unset RWM_GEN_RATE=9000 RWM_GEN_RATE_FLOOR=2000 RWM_GEN_INFLIGHT=unset RWM_OOO_RETAIN=0/16 RWM_WINDOW=unset RWM_REPORT_GENS=unset RWM_REPAIR_WAIT=unset RWM_CODED_SRC=0 RWM_NO_REACTIVE=0 RWM_XPATH_REPAIR=0 RWM_PROACTIVE_PACER=0 RWM_REASM_BDP=0 RWM_MIN_R=0 RWM_CC_PACE=0 RWM_CC_PACE_HR=1.1 RWM_REACT_CAP=unset RWM_INFL_CAP=0 RWM_INFL_BDP=unset RWM_COPA_FEED=0 RWM_RS_ATTR=1 RWM_EMIT_BATCH=0 RWM_EMIT_BURST=64 RWM_RECOV_MP=1 RWM_RECOV_MP_LAW=1 RWM_RECOV_MP_LIVE=0 RWM_RECOV_SP=0 RWM_DIAG=1 RWM_RDIAG=0 RWM_FDIAG=0 RWM_TRACE=0 RWM_PFRAC=0
{"bytes":200000000,"dnf":0,"hint":"bulk","max_s":10.6131,"mean_mbps":150.757,"mean_s":10.6131,"median_s":10.6131,"min_s":10.6131,"proto":"rp-native","runs":1,"stdev_s":0.0,"summary":true}
    LATPROBE: /tmp/rwm-ping.txt 207 replies
    CPU: CPUSRV=13.35s CPUCLI=16.15s (srv=decoder cli=sender; whole-invocation incl warmup)
    QDISC cli0: qdisc netem 82b5: root refcnt 7 limit 1000 delay 5ms  3ms loss gemodel p 1.3% r 50% 1-h 100% 1-k 0% rate 100Mbit seed 7  Sent 112532469 bytes 92546 pkt (dropped 626, overlimits 0 requeues 0)   backlog 0b 0p requeues 0 
    QDISC cli1: qdisc netem 82b6: root refcnt 7 limit 1000 delay 5ms  3ms loss gemodel p 1.3% r 50% 1-h 100% 1-k 0% rate 100Mbit seed 7  Sent 114635457 bytes 93776 pkt (dropped 621, overlimits 0 requeues 0)   backlog 0b 0p requeues 0 
    QDISC srv0: qdisc netem 82b7: root refcnt 7 limit 1000 delay 5ms  3ms rate 100Mbit seed 8779020621976685085  Sent 15354419 bytes 64396 pkt (dropped 0, overlimits 0 requeues 0)   backlog 0b 0p requeues 0 
    QDISC srv1: qdisc netem 82b8: root refcnt 7 limit 1000 delay 5ms  3ms rate 100Mbit seed 10601989245964227796  Sent 15264475 bytes 65004 pkt (dropped 0, overlimits 0 requeues 0)   backlog 0b 0p requeues 0 
    QCAP: /tmp/rwm-q.txt 18 lines
RUNTIME c7-D rep=2 13s
LATRESULT {"cell": "c7", "arm": "D", "seed": 7, "rep": 2, "dnf": false, "dnf_count": 0, "mbps": 150.757, "seconds": 10.613, "n_runs": 1, "occ_p50": 382, "occ_p90": 676, "occcap_p50": 4096, "q_p50": 19, "q_p95": 44, "q_p99": 49, "q_n": 75, "diag_lines": 42, "retx": 7265, "gates_cli_3t": 0, "gates_srv_3t": 0, "gates_cli_rs": 1, "gates_srv_rs": 1, "gates_lines_cli": 1, "gates_lines_srv": 1, "active_echo_cli": 0, "tt_eng1": 0, "ping_n": 207, "ping_p50": 21.1, "ping_p95": 43.9, "ping_p99": 57.7, "ping_max": 60.8, "ping_min": 8.33, "ping_tx": null, "ping_rx": null, "ping_loss": null, "wait_tun": 96, "wait_paused": 0, "wait_pace": 0, "wait_gen": 0, "wait_nack": 4, "wait_defc": 0, "wait_tail": 0, "wait_flush": 0, "wait_lines": 39, "dgq_hand": 179419, "dgq_tx": 179419, "dgq_full": 0, "dgq_err": 0, "dgq_gap": 0, "dgq_paths": 2, "tc_bytes": 227167926, "tc_pkts": 186322, "tc_drop": 1247, "tc_s": 13}
LIVENESS c7-D rep=2 cli=[RWM_THREE_TERM=0 RWM_PLAIN_RS=1] srv=[RWM_THREE_TERM=0 RWM_PLAIN_RS=1] active=0 eng1_lines=0 wait_lines=42 dgq_lines=40 ping_replies=207 (expect 3t=0 rs=1)
=== rep=2 arm=c2r200-A seed=7 env="" cell=c2r200/c2r200/single bytes=50000000 14:39:38
[2m2026-08-10T14:39:40.703475Z[0m [32m INFO[0m [2mraptorpath::gates[0m[2m:[0m [GATES] RWM_UNIFIED=1 RWM_UNIFIED_SHED=1 RWM_TAPER_R=1 RWM_ASTAR_ANCHOR=1 RWM_MSTAR_ANCHOR=1 RWM_PLAIN_RS=0 RWM_STORE_SACK_RELEASE=1 RWM_STORE_PATHS=1 RWM_STORE_PATH_POOL=2048 RWM_STORE=unset RWM_STORE_GAIN=2 RWM_STORE_BOOT=128 RWM_STORE_CAPW=0 RWM_STORE_CAP_UNIFIED=0 RWM_THREE_TERM=0 RWM_STORE_PERCAP=0 RWM_PERCAP_GUARD=1 RWM_STORE_BORROW=0 RWM_HONEST_CAP=1 RWM_POOL_ANCHOR=0 RWM_POOL_DELIV=0 RWM_FLOOR_BOUND=0 RWM_ACK_MERGE=1 RWM_PATIENCE_DERIVED=0 RWM_SIDLE_DERIVED=0 RWM_WIN_DECOUPLE=0 RWM_PLACE_SLACK=0 RWM_GEN=384 RWM_PIPELINE=2 RWM_GEN_PIPE=1 RWM_GEN_R=unset RWM_GEN_RATE=9000 RWM_GEN_RATE_FLOOR=2000 RWM_GEN_INFLIGHT=unset RWM_OOO_RETAIN=0/16 RWM_WINDOW=unset RWM_REPORT_GENS=unset RWM_REPAIR_WAIT=unset RWM_CODED_SRC=0 RWM_NO_REACTIVE=0 RWM_XPATH_REPAIR=0 RWM_PROACTIVE_PACER=0 RWM_REASM_BDP=0 RWM_MIN_R=0 RWM_CC_PACE=0 RWM_CC_PACE_HR=1.1 RWM_REACT_CAP=unset RWM_INFL_CAP=0 RWM_INFL_BDP=unset RWM_COPA_FEED=0 RWM_RS_ATTR=1 RWM_EMIT_BATCH=0 RWM_EMIT_BURST=64 RWM_RECOV_MP=1 RWM_RECOV_MP_LAW=1 RWM_RECOV_MP_LIVE=0 RWM_RECOV_SP=0 RWM_DIAG=1 RWM_RDIAG=0 RWM_FDIAG=0 RWM_TRACE=0 RWM_PFRAC=0
{"bytes":50000000,"dnf":0,"hint":"bulk","max_s":9.7015,"mean_mbps":41.231,"mean_s":9.7015,"median_s":9.7015,"min_s":9.7015,"proto":"rp-native","runs":1,"stdev_s":0.0,"summary":true}
    LATPROBE: /tmp/rwm-ping.txt 191 replies
    CPU: CPUSRV=3.36s CPUCLI=3.40s (srv=decoder cli=sender; whole-invocation incl warmup)
    QDISC cli0: qdisc netem 82b9: root refcnt 7 limit 1000 delay 100ms loss gemodel p 1.3% r 50% 1-h 100% 1-k 0% rate 100Mbit seed 7  Sent 56277381 bytes 51847 pkt (dropped 366, overlimits 0 requeues 0)   backlog 7289b 9p requeues 0 
    QDISC cli1: qdisc netem 82ba: root refcnt 7 limit 1000 delay 100ms loss gemodel p 1.3% r 50% 1-h 100% 1-k 0% rate 100Mbit seed 7  Sent 776 bytes 10 pkt (dropped 0, overlimits 0 requeues 0)   backlog 0b 0p requeues 0 
    QDISC srv0: qdisc netem 82bb: root refcnt 7 limit 1000 delay 100ms rate 100Mbit seed 15357448179628235921  Sent 5641547 bytes 32228 pkt (dropped 0, overlimits 0 requeues 0)   backlog 1327b 9p requeues 0 
    QDISC srv1: qdisc netem 82bc: root refcnt 7 limit 1000 delay 100ms rate 100Mbit seed 13144353187993752333  Sent 866 bytes 11 pkt (dropped 0, overlimits 0 requeues 0)   backlog 0b 0p requeues 0 
    QCAP: /tmp/rwm-q.txt 18 lines
RUNTIME c2r200-A rep=2 13s
LATRESULT {"cell": "c2r200", "arm": "A", "seed": 7, "rep": 2, "dnf": false, "dnf_count": 0, "mbps": 41.231, "seconds": 9.701, "n_runs": 1, "occ_p50": 1024, "occ_p90": 1024, "occcap_p50": 1024, "q_p50": 3, "q_p95": 42, "q_p99": 421, "q_n": 36, "diag_lines": 39, "retx": 1505, "gates_cli_3t": 0, "gates_srv_3t": 0, "gates_cli_rs": 0, "gates_srv_rs": 0, "gates_lines_cli": 1, "gates_lines_srv": 1, "active_echo_cli": 0, "tt_eng1": 0, "ping_n": 191, "ping_p50": 200.0, "ping_p95": 202.0, "ping_p99": 203.0, "ping_max": 204.0, "ping_min": 200.0, "ping_tx": null, "ping_rx": null, "ping_loss": null, "wait_tun": 14, "wait_paused": 67, "wait_pace": 0, "wait_gen": 0, "wait_nack": 18, "wait_defc": 0, "wait_tail": 1, "wait_flush": 0, "wait_lines": 36, "dgq_hand": 44103, "dgq_tx": 44103, "dgq_full": 0, "dgq_err": 0, "dgq_gap": 0, "dgq_paths": 1, "tc_bytes": 56285088, "tc_pkts": 51867, "tc_drop": 366, "tc_s": 13}
LIVENESS c2r200-A rep=2 cli=[RWM_THREE_TERM=0 RWM_PLAIN_RS=0] srv=[RWM_THREE_TERM=0 RWM_PLAIN_RS=0] active=0 eng1_lines=0 wait_lines=39 dgq_lines=38 ping_replies=191 (expect 3t=0 rs=0)
=== rep=2 arm=c2r200-B seed=7 env="RWM_THREE_TERM=1 RWM_PLAIN_RS=1" cell=c2r200/c2r200/single bytes=50000000 14:39:51
[2m2026-08-10T14:39:53.559245Z[0m [32m INFO[0m [2mraptorpath::gates[0m[2m:[0m [GATES] RWM_UNIFIED=1 RWM_UNIFIED_SHED=1 RWM_TAPER_R=1 RWM_ASTAR_ANCHOR=1 RWM_MSTAR_ANCHOR=1 RWM_PLAIN_RS=1 RWM_STORE_SACK_RELEASE=1 RWM_STORE_PATHS=1 RWM_STORE_PATH_POOL=2048 RWM_STORE=unset RWM_STORE_GAIN=2 RWM_STORE_BOOT=128 RWM_STORE_CAPW=0 RWM_STORE_CAP_UNIFIED=0 RWM_THREE_TERM=1 RWM_STORE_PERCAP=0 RWM_PERCAP_GUARD=1 RWM_STORE_BORROW=0 RWM_HONEST_CAP=1 RWM_POOL_ANCHOR=0 RWM_POOL_DELIV=0 RWM_FLOOR_BOUND=0 RWM_ACK_MERGE=1 RWM_PATIENCE_DERIVED=0 RWM_SIDLE_DERIVED=0 RWM_WIN_DECOUPLE=0 RWM_PLACE_SLACK=0 RWM_GEN=384 RWM_PIPELINE=2 RWM_GEN_PIPE=1 RWM_GEN_R=unset RWM_GEN_RATE=9000 RWM_GEN_RATE_FLOOR=2000 RWM_GEN_INFLIGHT=unset RWM_OOO_RETAIN=0/16 RWM_WINDOW=unset RWM_REPORT_GENS=unset RWM_REPAIR_WAIT=unset RWM_CODED_SRC=0 RWM_NO_REACTIVE=0 RWM_XPATH_REPAIR=0 RWM_PROACTIVE_PACER=0 RWM_REASM_BDP=0 RWM_MIN_R=0 RWM_CC_PACE=0 RWM_CC_PACE_HR=1.1 RWM_REACT_CAP=unset RWM_INFL_CAP=0 RWM_INFL_BDP=unset RWM_COPA_FEED=0 RWM_RS_ATTR=1 RWM_EMIT_BATCH=0 RWM_EMIT_BURST=64 RWM_RECOV_MP=1 RWM_RECOV_MP_LAW=1 RWM_RECOV_MP_LIVE=0 RWM_RECOV_SP=0 RWM_DIAG=1 RWM_RDIAG=0 RWM_FDIAG=0 RWM_TRACE=0 RWM_PFRAC=0
{"bytes":50000000,"dnf":0,"hint":"bulk","max_s":7.7258,"mean_mbps":51.775,"mean_s":7.7258,"median_s":7.7258,"min_s":7.7258,"proto":"rp-native","runs":1,"stdev_s":0.0,"summary":true}
    LATPROBE: /tmp/rwm-ping.txt 152 replies
    CPU: CPUSRV=3.78s CPUCLI=8.09s (srv=decoder cli=sender; whole-invocation incl warmup)
    QDISC cli0: qdisc netem 82bd: root refcnt 7 limit 1000 delay 100ms loss gemodel p 1.3% r 50% 1-h 100% 1-k 0% rate 100Mbit seed 7  Sent 59511366 bytes 48768 pkt (dropped 794, overlimits 0 requeues 0)   backlog 1604b 5p requeues 0 
    QDISC cli1: qdisc netem 82be: root refcnt 7 limit 1000 delay 100ms loss gemodel p 1.3% r 50% 1-h 100% 1-k 0% rate 100Mbit seed 7  Sent 776 bytes 10 pkt (dropped 0, overlimits 0 requeues 0)   backlog 0b 0p requeues 0 
    QDISC srv0: qdisc netem 82bf: root refcnt 7 limit 1000 delay 100ms rate 100Mbit seed 3797973694436305372  Sent 6915852 bytes 34776 pkt (dropped 0, overlimits 0 requeues 0)   backlog 196b 2p requeues 0 
    QDISC srv1: qdisc netem 82c0: root refcnt 7 limit 1000 delay 100ms rate 100Mbit seed 15643774453945870971  Sent 866 bytes 11 pkt (dropped 0, overlimits 0 requeues 0)   backlog 0b 0p requeues 0 
    QCAP: /tmp/rwm-q.txt 18 lines
RUNTIME c2r200-B rep=2 11s
LATRESULT {"cell": "c2r200", "arm": "B", "seed": 7, "rep": 2, "dnf": false, "dnf_count": 0, "mbps": 51.775, "seconds": 7.726, "n_runs": 1, "occ_p50": 2598, "occ_p90": 4077, "occcap_p50": 4096, "q_p50": 162, "q_p95": 260, "q_p99": 306, "q_n": 19, "diag_lines": 31, "retx": 5443, "gates_cli_3t": 1, "gates_srv_3t": 1, "gates_cli_rs": 1, "gates_srv_rs": 1, "gates_lines_cli": 1, "gates_lines_srv": 1, "active_echo_cli": 1, "tt_eng1": 3, "ping_n": 152, "ping_p50": 203.0, "ping_p95": 450.0, "ping_p99": 469.0, "ping_max": 497.0, "ping_min": 200.0, "ping_tx": null, "ping_rx": null, "ping_loss": null, "wait_tun": 54, "wait_paused": 1, "wait_pace": 0, "wait_gen": 0, "wait_nack": 22, "wait_defc": 0, "wait_tail": 0, "wait_flush": 0, "wait_lines": 28, "dgq_hand": 48070, "dgq_tx": 48069, "dgq_full": 0, "dgq_err": 1, "dgq_gap": 1, "dgq_paths": 1, "tc_bytes": 59512363, "tc_pkts": 48780, "tc_drop": 794, "tc_s": 11}
LIVENESS c2r200-B rep=2 cli=[RWM_THREE_TERM=1 RWM_PLAIN_RS=1] srv=[RWM_THREE_TERM=1 RWM_PLAIN_RS=1] active=1 eng1_lines=3 wait_lines=31 dgq_lines=19 ping_replies=152 (expect 3t=1 rs=1)
=== rep=2 arm=c2r200-D seed=7 env="RWM_PLAIN_RS=1" cell=c2r200/c2r200/single bytes=50000000 14:40:02
[2m2026-08-10T14:40:04.191519Z[0m [32m INFO[0m [2mraptorpath::gates[0m[2m:[0m [GATES] RWM_UNIFIED=1 RWM_UNIFIED_SHED=1 RWM_TAPER_R=1 RWM_ASTAR_ANCHOR=1 RWM_MSTAR_ANCHOR=1 RWM_PLAIN_RS=1 RWM_STORE_SACK_RELEASE=1 RWM_STORE_PATHS=1 RWM_STORE_PATH_POOL=2048 RWM_STORE=unset RWM_STORE_GAIN=2 RWM_STORE_BOOT=128 RWM_STORE_CAPW=0 RWM_STORE_CAP_UNIFIED=0 RWM_THREE_TERM=0 RWM_STORE_PERCAP=0 RWM_PERCAP_GUARD=1 RWM_STORE_BORROW=0 RWM_HONEST_CAP=1 RWM_POOL_ANCHOR=0 RWM_POOL_DELIV=0 RWM_FLOOR_BOUND=0 RWM_ACK_MERGE=1 RWM_PATIENCE_DERIVED=0 RWM_SIDLE_DERIVED=0 RWM_WIN_DECOUPLE=0 RWM_PLACE_SLACK=0 RWM_GEN=384 RWM_PIPELINE=2 RWM_GEN_PIPE=1 RWM_GEN_R=unset RWM_GEN_RATE=9000 RWM_GEN_RATE_FLOOR=2000 RWM_GEN_INFLIGHT=unset RWM_OOO_RETAIN=0/16 RWM_WINDOW=unset RWM_REPORT_GENS=unset RWM_REPAIR_WAIT=unset RWM_CODED_SRC=0 RWM_NO_REACTIVE=0 RWM_XPATH_REPAIR=0 RWM_PROACTIVE_PACER=0 RWM_REASM_BDP=0 RWM_MIN_R=0 RWM_CC_PACE=0 RWM_CC_PACE_HR=1.1 RWM_REACT_CAP=unset RWM_INFL_CAP=0 RWM_INFL_BDP=unset RWM_COPA_FEED=0 RWM_RS_ATTR=1 RWM_EMIT_BATCH=0 RWM_EMIT_BURST=64 RWM_RECOV_MP=1 RWM_RECOV_MP_LAW=1 RWM_RECOV_MP_LIVE=0 RWM_RECOV_SP=0 RWM_DIAG=1 RWM_RDIAG=0 RWM_FDIAG=0 RWM_TRACE=0 RWM_PFRAC=0
{"bytes":50000000,"dnf":0,"hint":"bulk","max_s":10.444,"mean_mbps":38.3,"mean_s":10.444,"median_s":10.444,"min_s":10.444,"proto":"rp-native","runs":1,"stdev_s":0.0,"summary":true}
    LATPROBE: /tmp/rwm-ping.txt 204 replies
    CPU: CPUSRV=3.54s CPUCLI=4.23s (srv=decoder cli=sender; whole-invocation incl warmup)
    QDISC cli0: qdisc netem 82c1: root refcnt 7 limit 1000 delay 100ms loss gemodel p 1.3% r 50% 1-h 100% 1-k 0% rate 100Mbit seed 7  Sent 56938057 bytes 50105 pkt (dropped 366, overlimits 0 requeues 0)   backlog 507b 5p requeues 0 
    QDISC cli1: qdisc netem 82c2: root refcnt 7 limit 1000 delay 100ms loss gemodel p 1.3% r 50% 1-h 100% 1-k 0% rate 100Mbit seed 7  Sent 776 bytes 10 pkt (dropped 0, overlimits 0 requeues 0)   backlog 0b 0p requeues 0 
    QDISC srv0: qdisc netem 82c3: root refcnt 7 limit 1000 delay 100ms rate 100Mbit seed 1449678544113293294  Sent 5835485 bytes 33407 pkt (dropped 0, overlimits 0 requeues 0)   backlog 2Kb 14p requeues 0 
    QDISC srv1: qdisc netem 82c4: root refcnt 7 limit 1000 delay 100ms rate 100Mbit seed 11133330784547241577  Sent 866 bytes 11 pkt (dropped 0, overlimits 0 requeues 0)   backlog 0b 0p requeues 0 
    QCAP: /tmp/rwm-q.txt 18 lines
RUNTIME c2r200-D rep=2 13s
LATRESULT {"cell": "c2r200", "arm": "D", "seed": 7, "rep": 2, "dnf": false, "dnf_count": 0, "mbps": 38.3, "seconds": 10.444, "n_runs": 1, "occ_p50": 1012, "occ_p90": 1024, "occcap_p50": 1024, "q_p50": 3, "q_p95": 12, "q_p99": 42, "q_n": 34, "diag_lines": 42, "retx": 2236, "gates_cli_3t": 0, "gates_srv_3t": 0, "gates_cli_rs": 1, "gates_srv_rs": 1, "gates_lines_cli": 1, "gates_lines_srv": 1, "active_echo_cli": 0, "tt_eng1": 0, "ping_n": 204, "ping_p50": 200.0, "ping_p95": 202.0, "ping_p99": 203.0, "ping_max": 203.0, "ping_min": 200.0, "ping_tx": null, "ping_rx": null, "ping_loss": null, "wait_tun": 16, "wait_paused": 52, "wait_pace": 0, "wait_gen": 0, "wait_nack": 29, "wait_defc": 0, "wait_tail": 1, "wait_flush": 0, "wait_lines": 39, "dgq_hand": 44868, "dgq_tx": 44868, "dgq_full": 0, "dgq_err": 0, "dgq_gap": 0, "dgq_paths": 1, "tc_bytes": 56939218, "tc_pkts": 50119, "tc_drop": 366, "tc_s": 13}
LIVENESS c2r200-D rep=2 cli=[RWM_THREE_TERM=0 RWM_PLAIN_RS=1] srv=[RWM_THREE_TERM=0 RWM_PLAIN_RS=1] active=0 eng1_lines=0 wait_lines=42 dgq_lines=34 ping_replies=204 (expect 3t=0 rs=1)
=== rep=2 arm=c1-A seed=7 env="" cell=c1/c1/single bytes=400000000 14:40:15
[2m2026-08-10T14:40:17.448234Z[0m [32m INFO[0m [2mraptorpath::gates[0m[2m:[0m [GATES] RWM_UNIFIED=1 RWM_UNIFIED_SHED=1 RWM_TAPER_R=1 RWM_ASTAR_ANCHOR=1 RWM_MSTAR_ANCHOR=1 RWM_PLAIN_RS=0 RWM_STORE_SACK_RELEASE=1 RWM_STORE_PATHS=1 RWM_STORE_PATH_POOL=2048 RWM_STORE=unset RWM_STORE_GAIN=2 RWM_STORE_BOOT=128 RWM_STORE_CAPW=0 RWM_STORE_CAP_UNIFIED=0 RWM_THREE_TERM=0 RWM_STORE_PERCAP=0 RWM_PERCAP_GUARD=1 RWM_STORE_BORROW=0 RWM_HONEST_CAP=1 RWM_POOL_ANCHOR=0 RWM_POOL_DELIV=0 RWM_FLOOR_BOUND=0 RWM_ACK_MERGE=1 RWM_PATIENCE_DERIVED=0 RWM_SIDLE_DERIVED=0 RWM_WIN_DECOUPLE=0 RWM_PLACE_SLACK=0 RWM_GEN=384 RWM_PIPELINE=2 RWM_GEN_PIPE=1 RWM_GEN_R=unset RWM_GEN_RATE=9000 RWM_GEN_RATE_FLOOR=2000 RWM_GEN_INFLIGHT=unset RWM_OOO_RETAIN=0/16 RWM_WINDOW=unset RWM_REPORT_GENS=unset RWM_REPAIR_WAIT=unset RWM_CODED_SRC=0 RWM_NO_REACTIVE=0 RWM_XPATH_REPAIR=0 RWM_PROACTIVE_PACER=0 RWM_REASM_BDP=0 RWM_MIN_R=0 RWM_CC_PACE=0 RWM_CC_PACE_HR=1.1 RWM_REACT_CAP=unset RWM_INFL_CAP=0 RWM_INFL_BDP=unset RWM_COPA_FEED=0 RWM_RS_ATTR=1 RWM_EMIT_BATCH=0 RWM_EMIT_BURST=64 RWM_RECOV_MP=1 RWM_RECOV_MP_LAW=1 RWM_RECOV_MP_LIVE=0 RWM_RECOV_SP=0 RWM_DIAG=1 RWM_RDIAG=0 RWM_FDIAG=0 RWM_TRACE=0 RWM_PFRAC=0
{"bytes":400000000,"dnf":0,"hint":"bulk","max_s":13.904,"mean_mbps":230.15,"mean_s":13.904,"median_s":13.904,"min_s":13.904,"proto":"rp-native","runs":1,"stdev_s":0.0,"summary":true}
    LATPROBE: /tmp/rwm-ping.txt 277 replies
    CPU: CPUSRV=15.01s CPUCLI=15.18s (srv=decoder cli=sender; whole-invocation incl warmup)
    QDISC cli0: qdisc netem 82c5: root refcnt 7 limit 1000 delay 1ms loss gemodel p 0.05% r 50% 1-h 100% 1-k 0% rate 1Gbit seed 7  Sent 438006972 bytes 346390 pkt (dropped 56, overlimits 0 requeues 0)   backlog 0b 0p requeues 0 
    QDISC cli1: qdisc netem 82c6: root refcnt 7 limit 1000 delay 1ms loss gemodel p 0.05% r 50% 1-h 100% 1-k 0% rate 1Gbit seed 7  Sent 846 bytes 11 pkt (dropped 0, overlimits 0 requeues 0)   backlog 0b 0p requeues 0 
    QDISC srv0: qdisc netem 82c7: root refcnt 7 limit 1000 delay 1ms rate 1Gbit seed 13072172825731587526  Sent 31523203 bytes 85071 pkt (dropped 0, overlimits 0 requeues 0)   backlog 0b 0p requeues 0 
    QDISC srv1: qdisc netem 82c8: root refcnt 7 limit 1000 delay 1ms rate 1Gbit seed 11841902291465333373  Sent 936 bytes 12 pkt (dropped 0, overlimits 0 requeues 0)   backlog 0b 0p requeues 0 
    QCAP: /tmp/rwm-q.txt 18 lines
RUNTIME c1-A rep=2 16s
LATRESULT {"cell": "c1", "arm": "A", "seed": 7, "rep": 2, "dnf": false, "dnf_count": 0, "mbps": 230.15, "seconds": 13.904, "n_runs": 1, "occ_p50": 253, "occ_p90": 340, "occcap_p50": 536, "q_p50": 7, "q_p95": 12, "q_p99": 29, "q_n": 36, "diag_lines": 55, "retx": 587, "gates_cli_3t": 0, "gates_srv_3t": 0, "gates_cli_rs": 0, "gates_srv_rs": 0, "gates_lines_cli": 1, "gates_lines_srv": 1, "active_echo_cli": 0, "tt_eng1": 0, "ping_n": 277, "ping_p50": 2.06, "ping_p95": 2.57, "ping_p99": 2.88, "ping_max": 3.06, "ping_min": 2.03, "ping_tx": null, "ping_rx": null, "ping_loss": null, "wait_tun": 68, "wait_paused": 32, "wait_pace": 0, "wait_gen": 0, "wait_nack": 0, "wait_defc": 0, "wait_tail": 0, "wait_flush": 0, "wait_lines": 52, "dgq_hand": 336894, "dgq_tx": 336848, "dgq_full": 0, "dgq_err": 0, "dgq_gap": 46, "dgq_paths": 1, "tc_bytes": 438008021, "tc_pkts": 346402, "tc_drop": 56, "tc_s": 16}
LIVENESS c1-A rep=2 cli=[RWM_THREE_TERM=0 RWM_PLAIN_RS=0] srv=[RWM_THREE_TERM=0 RWM_PLAIN_RS=0] active=0 eng1_lines=0 wait_lines=55 dgq_lines=39 ping_replies=277 (expect 3t=0 rs=0)
=== rep=2 arm=c1-B seed=7 env="RWM_THREE_TERM=1 RWM_PLAIN_RS=1" cell=c1/c1/single bytes=400000000 14:40:31
[2m2026-08-10T14:40:33.537323Z[0m [32m INFO[0m [2mraptorpath::gates[0m[2m:[0m [GATES] RWM_UNIFIED=1 RWM_UNIFIED_SHED=1 RWM_TAPER_R=1 RWM_ASTAR_ANCHOR=1 RWM_MSTAR_ANCHOR=1 RWM_PLAIN_RS=1 RWM_STORE_SACK_RELEASE=1 RWM_STORE_PATHS=1 RWM_STORE_PATH_POOL=2048 RWM_STORE=unset RWM_STORE_GAIN=2 RWM_STORE_BOOT=128 RWM_STORE_CAPW=0 RWM_STORE_CAP_UNIFIED=0 RWM_THREE_TERM=1 RWM_STORE_PERCAP=0 RWM_PERCAP_GUARD=1 RWM_STORE_BORROW=0 RWM_HONEST_CAP=1 RWM_POOL_ANCHOR=0 RWM_POOL_DELIV=0 RWM_FLOOR_BOUND=0 RWM_ACK_MERGE=1 RWM_PATIENCE_DERIVED=0 RWM_SIDLE_DERIVED=0 RWM_WIN_DECOUPLE=0 RWM_PLACE_SLACK=0 RWM_GEN=384 RWM_PIPELINE=2 RWM_GEN_PIPE=1 RWM_GEN_R=unset RWM_GEN_RATE=9000 RWM_GEN_RATE_FLOOR=2000 RWM_GEN_INFLIGHT=unset RWM_OOO_RETAIN=0/16 RWM_WINDOW=unset RWM_REPORT_GENS=unset RWM_REPAIR_WAIT=unset RWM_CODED_SRC=0 RWM_NO_REACTIVE=0 RWM_XPATH_REPAIR=0 RWM_PROACTIVE_PACER=0 RWM_REASM_BDP=0 RWM_MIN_R=0 RWM_CC_PACE=0 RWM_CC_PACE_HR=1.1 RWM_REACT_CAP=unset RWM_INFL_CAP=0 RWM_INFL_BDP=unset RWM_COPA_FEED=0 RWM_RS_ATTR=1 RWM_EMIT_BATCH=0 RWM_EMIT_BURST=64 RWM_RECOV_MP=1 RWM_RECOV_MP_LAW=1 RWM_RECOV_MP_LIVE=0 RWM_RECOV_SP=0 RWM_DIAG=1 RWM_RDIAG=0 RWM_FDIAG=0 RWM_TRACE=0 RWM_PFRAC=0
{"bytes":400000000,"dnf":0,"hint":"bulk","max_s":21.9027,"mean_mbps":146.101,"mean_s":21.9027,"median_s":21.9027,"min_s":21.9027,"proto":"rp-native","runs":1,"stdev_s":0.0,"summary":true}
    LATPROBE: /tmp/rwm-ping.txt 436 replies
    CPU: CPUSRV=20.93s CPUCLI=28.74s (srv=decoder cli=sender; whole-invocation incl warmup)
    QDISC cli0: qdisc netem 82c9: root refcnt 7 limit 1000 delay 1ms loss gemodel p 0.05% r 50% 1-h 100% 1-k 0% rate 1Gbit seed 7  Sent 439043274 bytes 349599 pkt (dropped 57, overlimits 0 requeues 0)   backlog 0b 0p requeues 0 
    QDISC cli1: qdisc netem 82ca: root refcnt 7 limit 1000 delay 1ms loss gemodel p 0.05% r 50% 1-h 100% 1-k 0% rate 1Gbit seed 7  Sent 846 bytes 11 pkt (dropped 0, overlimits 0 requeues 0)   backlog 0b 0p requeues 0 
    QDISC srv0: qdisc netem 82cb: root refcnt 7 limit 1000 delay 1ms rate 1Gbit seed 15671511858795927271  Sent 37005708 bytes 154344 pkt (dropped 0, overlimits 0 requeues 0)   backlog 0b 0p requeues 0 
    QDISC srv1: qdisc netem 82cc: root refcnt 7 limit 1000 delay 1ms rate 1Gbit seed 13545169694941288462  Sent 936 bytes 12 pkt (dropped 0, overlimits 0 requeues 0)   backlog 0b 0p requeues 0 
    QCAP: /tmp/rwm-q.txt 18 lines
RUNTIME c1-B rep=2 24s
LATRESULT {"cell": "c1", "arm": "B", "seed": 7, "rep": 2, "dnf": false, "dnf_count": 0, "mbps": 146.101, "seconds": 21.903, "n_runs": 1, "occ_p50": 171, "occ_p90": 242, "occcap_p50": 462, "q_p50": 9, "q_p95": 13, "q_p99": 14, "q_n": 76, "diag_lines": 87, "retx": 1286, "gates_cli_3t": 1, "gates_srv_3t": 1, "gates_cli_rs": 1, "gates_srv_rs": 1, "gates_lines_cli": 1, "gates_lines_srv": 1, "active_echo_cli": 1, "tt_eng1": 10, "ping_n": 436, "ping_p50": 2.06, "ping_p95": 2.6, "ping_p99": 2.81, "ping_max": 2.86, "ping_min": 2.03, "ping_tx": null, "ping_rx": null, "ping_loss": null, "wait_tun": 100, "wait_paused": 0, "wait_pace": 0, "wait_gen": 0, "wait_nack": 0, "wait_defc": 0, "wait_tail": 0, "wait_flush": 0, "wait_lines": 84, "dgq_hand": 340388, "dgq_tx": 340352, "dgq_full": 0, "dgq_err": 0, "dgq_gap": 36, "dgq_paths": 1, "tc_bytes": 439044325, "tc_pkts": 349611, "tc_drop": 57, "tc_s": 24}
LIVENESS c1-B rep=2 cli=[RWM_THREE_TERM=1 RWM_PLAIN_RS=1] srv=[RWM_THREE_TERM=1 RWM_PLAIN_RS=1] active=1 eng1_lines=10 wait_lines=87 dgq_lines=76 ping_replies=436 (expect 3t=1 rs=1)
=== rep=2 arm=c1-D seed=7 env="RWM_PLAIN_RS=1" cell=c1/c1/single bytes=400000000 14:40:55
[2m2026-08-10T14:40:57.669795Z[0m [32m INFO[0m [2mraptorpath::gates[0m[2m:[0m [GATES] RWM_UNIFIED=1 RWM_UNIFIED_SHED=1 RWM_TAPER_R=1 RWM_ASTAR_ANCHOR=1 RWM_MSTAR_ANCHOR=1 RWM_PLAIN_RS=1 RWM_STORE_SACK_RELEASE=1 RWM_STORE_PATHS=1 RWM_STORE_PATH_POOL=2048 RWM_STORE=unset RWM_STORE_GAIN=2 RWM_STORE_BOOT=128 RWM_STORE_CAPW=0 RWM_STORE_CAP_UNIFIED=0 RWM_THREE_TERM=0 RWM_STORE_PERCAP=0 RWM_PERCAP_GUARD=1 RWM_STORE_BORROW=0 RWM_HONEST_CAP=1 RWM_POOL_ANCHOR=0 RWM_POOL_DELIV=0 RWM_FLOOR_BOUND=0 RWM_ACK_MERGE=1 RWM_PATIENCE_DERIVED=0 RWM_SIDLE_DERIVED=0 RWM_WIN_DECOUPLE=0 RWM_PLACE_SLACK=0 RWM_GEN=384 RWM_PIPELINE=2 RWM_GEN_PIPE=1 RWM_GEN_R=unset RWM_GEN_RATE=9000 RWM_GEN_RATE_FLOOR=2000 RWM_GEN_INFLIGHT=unset RWM_OOO_RETAIN=0/16 RWM_WINDOW=unset RWM_REPORT_GENS=unset RWM_REPAIR_WAIT=unset RWM_CODED_SRC=0 RWM_NO_REACTIVE=0 RWM_XPATH_REPAIR=0 RWM_PROACTIVE_PACER=0 RWM_REASM_BDP=0 RWM_MIN_R=0 RWM_CC_PACE=0 RWM_CC_PACE_HR=1.1 RWM_REACT_CAP=unset RWM_INFL_CAP=0 RWM_INFL_BDP=unset RWM_COPA_FEED=0 RWM_RS_ATTR=1 RWM_EMIT_BATCH=0 RWM_EMIT_BURST=64 RWM_RECOV_MP=1 RWM_RECOV_MP_LAW=1 RWM_RECOV_MP_LIVE=0 RWM_RECOV_SP=0 RWM_DIAG=1 RWM_RDIAG=0 RWM_FDIAG=0 RWM_TRACE=0 RWM_PFRAC=0
{"bytes":400000000,"dnf":0,"hint":"bulk","max_s":22.1457,"mean_mbps":144.498,"mean_s":22.1457,"median_s":22.1457,"min_s":22.1457,"proto":"rp-native","runs":1,"stdev_s":0.0,"summary":true}
    LATPROBE: /tmp/rwm-ping.txt 441 replies
    CPU: CPUSRV=17.37s CPUCLI=24.59s (srv=decoder cli=sender; whole-invocation incl warmup)
    QDISC cli0: qdisc netem 82cd: root refcnt 7 limit 1000 delay 1ms loss gemodel p 0.05% r 50% 1-h 100% 1-k 0% rate 1Gbit seed 7  Sent 440203098 bytes 365265 pkt (dropped 63, overlimits 0 requeues 0)   backlog 0b 0p requeues 0 
    QDISC cli1: qdisc netem 82ce: root refcnt 7 limit 1000 delay 1ms loss gemodel p 0.05% r 50% 1-h 100% 1-k 0% rate 1Gbit seed 7  Sent 846 bytes 11 pkt (dropped 0, overlimits 0 requeues 0)   backlog 0b 0p requeues 0 
    QDISC srv0: qdisc netem 82cf: root refcnt 7 limit 1000 delay 1ms rate 1Gbit seed 15778628059884394713  Sent 34321980 bytes 113612 pkt (dropped 0, overlimits 0 requeues 0)   backlog 0b 0p requeues 0 
    QDISC srv1: qdisc netem 82d0: root refcnt 7 limit 1000 delay 1ms rate 1Gbit seed 6013295563321103060  Sent 936 bytes 12 pkt (dropped 0, overlimits 0 requeues 0)   backlog 0b 0p requeues 0 
    QCAP: /tmp/rwm-q.txt 18 lines
RUNTIME c1-D rep=2 25s
LATRESULT {"cell": "c1", "arm": "D", "seed": 7, "rep": 2, "dnf": false, "dnf_count": 0, "mbps": 144.498, "seconds": 22.146, "n_runs": 1, "occ_p50": 168, "occ_p90": 293, "occcap_p50": 1024, "q_p50": 10, "q_p95": 18, "q_p99": 22, "q_n": 46, "diag_lines": 88, "retx": 1184, "gates_cli_3t": 0, "gates_srv_3t": 0, "gates_cli_rs": 1, "gates_srv_rs": 1, "gates_lines_cli": 1, "gates_lines_srv": 1, "active_echo_cli": 0, "tt_eng1": 0, "ping_n": 441, "ping_p50": 2.06, "ping_p95": 2.45, "ping_p99": 2.74, "ping_max": 2.92, "ping_min": 2.03, "ping_tx": null, "ping_rx": null, "ping_loss": null, "wait_tun": 57, "wait_paused": 42, "wait_pace": 0, "wait_gen": 0, "wait_nack": 0, "wait_defc": 0, "wait_tail": 0, "wait_flush": 0, "wait_lines": 85, "dgq_hand": 336215, "dgq_tx": 336215, "dgq_full": 0, "dgq_err": 0, "dgq_gap": 0, "dgq_paths": 1, "tc_bytes": 440204144, "tc_pkts": 365278, "tc_drop": 63, "tc_s": 24}
LIVENESS c1-D rep=2 cli=[RWM_THREE_TERM=0 RWM_PLAIN_RS=1] srv=[RWM_THREE_TERM=0 RWM_PLAIN_RS=1] active=0 eng1_lines=0 wait_lines=88 dgq_lines=47 ping_replies=441 (expect 3t=0 rs=1)
=== rep=3 arm=sc2-A seed=7 env="" cell=c2/c2/single bytes=100000000 14:41:20
RUNTIME sc2-A rep=3 2s
LATRESULT {"cell": "sc2", "arm": "A", "seed": 7, "rep": 3, "dnf": true, "dnf_count": null, "mbps": null, "seconds": null, "n_runs": 0, "occ_p50": null, "occ_p90": null, "occcap_p50": null, "q_p50": null, "q_p95": null, "q_p99": null, "q_n": 0, "diag_lines": 0, "retx": 0, "gates_cli_3t": null, "gates_srv_3t": null, "gates_cli_rs": null, "gates_srv_rs": null, "gates_lines_cli": 0, "gates_lines_srv": 0, "active_echo_cli": 0, "tt_eng1": 0, "ping_n": 441, "ping_p50": 2.06, "ping_p95": 2.45, "ping_p99": 2.74, "ping_max": 2.92, "ping_min": 2.03, "ping_tx": null, "ping_rx": null, "ping_loss": null, "wait_tun": null, "wait_paused": null, "wait_pace": null, "wait_gen": null, "wait_nack": null, "wait_defc": null, "wait_tail": null, "wait_flush": null, "wait_lines": 0, "dgq_hand": null, "dgq_tx": null, "dgq_full": null, "dgq_err": null, "dgq_gap": null, "dgq_paths": null, "tc_bytes": null, "tc_pkts": null, "tc_drop": null, "tc_s": null}
LIVENESS sc2-A rep=3 cli=[ ] srv=[ ] active= eng1_lines=0 wait_lines= dgq_lines= ping_replies=441 (expect 3t=0 rs=0)
ARM-LIVENESS-FAIL-GATE-CLI sc2-A rep=3 got=''
ARM-LIVENESS-FAIL-GATE-SRV sc2-A rep=3 got=''
ARM-LIVENESS-FAIL-RS-CLI sc2-A rep=3 got=''
ARM-LIVENESS-FAIL-RS-SRV sc2-A rep=3 got=''
QCAP-MISSING sc2-A rep=3
=== rep=3 arm=sc2-B seed=7 env="RWM_THREE_TERM=1 RWM_PLAIN_RS=1" cell=c2/c2/single bytes=100000000 14:41:23
[2m2026-08-10T14:41:27.145762Z[0m [32m INFO[0m [2mraptorpath::gates[0m[2m:[0m [GATES] RWM_UNIFIED=1 RWM_UNIFIED_SHED=1 RWM_TAPER_R=1 RWM_ASTAR_ANCHOR=1 RWM_MSTAR_ANCHOR=1 RWM_PLAIN_RS=1 RWM_STORE_SACK_RELEASE=1 RWM_STORE_PATHS=1 RWM_STORE_PATH_POOL=2048 RWM_STORE=unset RWM_STORE_GAIN=2 RWM_STORE_BOOT=128 RWM_STORE_CAPW=0 RWM_STORE_CAP_UNIFIED=0 RWM_THREE_TERM=1 RWM_STORE_PERCAP=0 RWM_PERCAP_GUARD=1 RWM_STORE_BORROW=0 RWM_HONEST_CAP=1 RWM_POOL_ANCHOR=0 RWM_POOL_DELIV=0 RWM_FLOOR_BOUND=0 RWM_ACK_MERGE=1 RWM_PATIENCE_DERIVED=0 RWM_SIDLE_DERIVED=0 RWM_WIN_DECOUPLE=0 RWM_PLACE_SLACK=0 RWM_GEN=384 RWM_PIPELINE=2 RWM_GEN_PIPE=1 RWM_GEN_R=unset RWM_GEN_RATE=9000 RWM_GEN_RATE_FLOOR=2000 RWM_GEN_INFLIGHT=unset RWM_OOO_RETAIN=0/16 RWM_WINDOW=unset RWM_REPORT_GENS=unset RWM_REPAIR_WAIT=unset RWM_CODED_SRC=0 RWM_NO_REACTIVE=0 RWM_XPATH_REPAIR=0 RWM_PROACTIVE_PACER=0 RWM_REASM_BDP=0 RWM_MIN_R=0 RWM_CC_PACE=0 RWM_CC_PACE_HR=1.1 RWM_REACT_CAP=unset RWM_INFL_CAP=0 RWM_INFL_BDP=unset RWM_COPA_FEED=0 RWM_RS_ATTR=1 RWM_EMIT_BATCH=0 RWM_EMIT_BURST=64 RWM_RECOV_MP=1 RWM_RECOV_MP_LAW=1 RWM_RECOV_MP_LIVE=0 RWM_RECOV_SP=0 RWM_DIAG=1 RWM_RDIAG=0 RWM_FDIAG=0 RWM_TRACE=0 RWM_PFRAC=0
{"bytes":100000000,"dnf":0,"hint":"bulk","max_s":9.0244,"mean_mbps":88.649,"mean_s":9.0244,"median_s":9.0244,"min_s":9.0244,"proto":"rp-native","runs":1,"stdev_s":0.0,"summary":true}
    LATPROBE: /tmp/rwm-ping.txt 177 replies
    CPU: CPUSRV=6.52s CPUCLI=6.64s (srv=decoder cli=sender; whole-invocation incl warmup)
    QDISC cli0: qdisc netem 82d5: root refcnt 7 limit 1000 delay 5ms  3ms loss gemodel p 1.3% r 50% 1-h 100% 1-k 0% rate 100Mbit seed 7  Sent 112096686 bytes 93451 pkt (dropped 499, overlimits 0 requeues 0)   backlog 0b 0p requeues 0 
    QDISC cli1: qdisc netem 82d6: root refcnt 7 limit 1000 delay 5ms  3ms loss gemodel p 1.3% r 50% 1-h 100% 1-k 0% rate 100Mbit seed 7  Sent 592 bytes 8 pkt (dropped 2, overlimits 0 requeues 0)   backlog 0b 0p requeues 0 
    QDISC srv0: qdisc netem 82d7: root refcnt 7 limit 1000 delay 5ms  3ms rate 100Mbit seed 13776364422403677976  Sent 11211418 bytes 65537 pkt (dropped 0, overlimits 0 requeues 0)   backlog 0b 0p requeues 0 
    QDISC srv1: qdisc netem 82d8: root refcnt 7 limit 1000 delay 5ms  3ms rate 100Mbit seed 11715009681895786733  Sent 768 bytes 10 pkt (dropped 0, overlimits 0 requeues 0)   backlog 0b 0p requeues 0 
    QCAP: /tmp/rwm-q.txt 18 lines
RUNTIME sc2-B rep=3 13s
LATRESULT {"cell": "sc2", "arm": "B", "seed": 7, "rep": 3, "dnf": false, "dnf_count": 0, "mbps": 88.649, "seconds": 9.024, "n_runs": 1, "occ_p50": 438, "occ_p90": 461, "occcap_p50": 458, "q_p50": 33, "q_p95": 36, "q_p99": 37, "q_n": 32, "diag_lines": 35, "retx": 3199, "gates_cli_3t": 1, "gates_srv_3t": 1, "gates_cli_rs": 1, "gates_srv_rs": 1, "gates_lines_cli": 1, "gates_lines_srv": 1, "active_echo_cli": 1, "tt_eng1": 4, "ping_n": 177, "ping_p50": 43.8, "ping_p95": 46.8, "ping_p99": 48.1, "ping_max": 48.9, "ping_min": 7.1, "ping_tx": null, "ping_rx": null, "ping_loss": null, "wait_tun": 31, "wait_paused": 42, "wait_pace": 0, "wait_gen": 0, "wait_nack": 28, "wait_defc": 0, "wait_tail": 0, "wait_flush": 0, "wait_lines": 32, "dgq_hand": 86362, "dgq_tx": 86362, "dgq_full": 0, "dgq_err": 0, "dgq_gap": 0, "dgq_paths": 1, "tc_bytes": 112097278, "tc_pkts": 93459, "tc_drop": 502, "tc_s": 13}
LIVENESS sc2-B rep=3 cli=[RWM_THREE_TERM=1 RWM_PLAIN_RS=1] srv=[RWM_THREE_TERM=1 RWM_PLAIN_RS=1] active=1 eng1_lines=4 wait_lines=35 dgq_lines=34 ping_replies=177 (expect 3t=1 rs=1)
=== rep=3 arm=sc2-D seed=7 env="RWM_PLAIN_RS=1" cell=c2/c2/single bytes=100000000 14:41:36
RUNTIME sc2-D rep=3 3s
LATRESULT {"cell": "sc2", "arm": "D", "seed": 7, "rep": 3, "dnf": true, "dnf_count": null, "mbps": null, "seconds": null, "n_runs": 0, "occ_p50": null, "occ_p90": null, "occcap_p50": null, "q_p50": null, "q_p95": null, "q_p99": null, "q_n": 0, "diag_lines": 0, "retx": 0, "gates_cli_3t": null, "gates_srv_3t": null, "gates_cli_rs": null, "gates_srv_rs": null, "gates_lines_cli": 0, "gates_lines_srv": 0, "active_echo_cli": 0, "tt_eng1": 0, "ping_n": 177, "ping_p50": 43.8, "ping_p95": 46.8, "ping_p99": 48.1, "ping_max": 48.9, "ping_min": 7.1, "ping_tx": null, "ping_rx": null, "ping_loss": null, "wait_tun": null, "wait_paused": null, "wait_pace": null, "wait_gen": null, "wait_nack": null, "wait_defc": null, "wait_tail": null, "wait_flush": null, "wait_lines": 0, "dgq_hand": null, "dgq_tx": null, "dgq_full": null, "dgq_err": null, "dgq_gap": null, "dgq_paths": null, "tc_bytes": null, "tc_pkts": null, "tc_drop": null, "tc_s": null}
LIVENESS sc2-D rep=3 cli=[ ] srv=[ ] active= eng1_lines=0 wait_lines= dgq_lines= ping_replies=177 (expect 3t=0 rs=1)
ARM-LIVENESS-FAIL-GATE-CLI sc2-D rep=3 got=''
ARM-LIVENESS-FAIL-GATE-SRV sc2-D rep=3 got=''
ARM-LIVENESS-FAIL-RS-CLI sc2-D rep=3 got=''
ARM-LIVENESS-FAIL-RS-SRV sc2-D rep=3 got=''
QCAP-MISSING sc2-D rep=3
=== rep=3 arm=sc3-A seed=7 env="" cell=c3/c3/single bytes=25000000 14:41:39
[2m2026-08-10T14:41:42.417176Z[0m [32m INFO[0m [2mraptorpath::gates[0m[2m:[0m [GATES] RWM_UNIFIED=1 RWM_UNIFIED_SHED=1 RWM_TAPER_R=1 RWM_ASTAR_ANCHOR=1 RWM_MSTAR_ANCHOR=1 RWM_PLAIN_RS=0 RWM_STORE_SACK_RELEASE=1 RWM_STORE_PATHS=1 RWM_STORE_PATH_POOL=2048 RWM_STORE=unset RWM_STORE_GAIN=2 RWM_STORE_BOOT=128 RWM_STORE_CAPW=0 RWM_STORE_CAP_UNIFIED=0 RWM_THREE_TERM=0 RWM_STORE_PERCAP=0 RWM_PERCAP_GUARD=1 RWM_STORE_BORROW=0 RWM_HONEST_CAP=1 RWM_POOL_ANCHOR=0 RWM_POOL_DELIV=0 RWM_FLOOR_BOUND=0 RWM_ACK_MERGE=1 RWM_PATIENCE_DERIVED=0 RWM_SIDLE_DERIVED=0 RWM_WIN_DECOUPLE=0 RWM_PLACE_SLACK=0 RWM_GEN=384 RWM_PIPELINE=2 RWM_GEN_PIPE=1 RWM_GEN_R=unset RWM_GEN_RATE=9000 RWM_GEN_RATE_FLOOR=2000 RWM_GEN_INFLIGHT=unset RWM_OOO_RETAIN=0/16 RWM_WINDOW=unset RWM_REPORT_GENS=unset RWM_REPAIR_WAIT=unset RWM_CODED_SRC=0 RWM_NO_REACTIVE=0 RWM_XPATH_REPAIR=0 RWM_PROACTIVE_PACER=0 RWM_REASM_BDP=0 RWM_MIN_R=0 RWM_CC_PACE=0 RWM_CC_PACE_HR=1.1 RWM_REACT_CAP=unset RWM_INFL_CAP=0 RWM_INFL_BDP=unset RWM_COPA_FEED=0 RWM_RS_ATTR=1 RWM_EMIT_BATCH=0 RWM_EMIT_BURST=64 RWM_RECOV_MP=1 RWM_RECOV_MP_LAW=1 RWM_RECOV_MP_LIVE=0 RWM_RECOV_SP=0 RWM_DIAG=1 RWM_RDIAG=0 RWM_FDIAG=0 RWM_TRACE=0 RWM_PFRAC=0
{"bytes":25000000,"dnf":0,"hint":"bulk","max_s":11.8405,"mean_mbps":16.891,"mean_s":11.8405,"median_s":11.8405,"min_s":11.8405,"proto":"rp-native","runs":1,"stdev_s":0.0,"summary":true}
    LATPROBE: /tmp/rwm-ping.txt 224 replies
    CPU: CPUSRV=2.05s CPUCLI=2.29s (srv=decoder cli=sender; whole-invocation incl warmup)
    QDISC cli0: qdisc netem 82dd: root refcnt 7 limit 1000 delay 20ms  5ms loss gemodel p 2% r 40% 1-h 100% 1-k 0% rate 20Mbit seed 7  Sent 29530642 bytes 26772 pkt (dropped 442, overlimits 0 requeues 0)   backlog 0b 0p requeues 0 
    QDISC cli1: qdisc netem 82de: root refcnt 7 limit 1000 delay 20ms  5ms loss gemodel p 2% r 40% 1-h 100% 1-k 0% rate 20Mbit seed 7  Sent 686 bytes 9 pkt (dropped 2, overlimits 0 requeues 0)   backlog 0b 0p requeues 0 
    QDISC srv0: qdisc netem 82df: root refcnt 7 limit 1000 delay 20ms  5ms rate 20Mbit seed 6066309958028093569  Sent 3404640 bytes 18957 pkt (dropped 0, overlimits 0 requeues 0)   backlog 175b 1p requeues 0 
    QDISC srv1: qdisc netem 82e0: root refcnt 7 limit 1000 delay 20ms  5ms rate 20Mbit seed 13634447417176939650  Sent 936 bytes 12 pkt (dropped 0, overlimits 0 requeues 0)   backlog 0b 0p requeues 0 
    QCAP: /tmp/rwm-q.txt 18 lines
RUNTIME sc3-A rep=3 15s
LATRESULT {"cell": "sc3", "arm": "A", "seed": 7, "rep": 3, "dnf": false, "dnf_count": 0, "mbps": 16.891, "seconds": 11.841, "n_runs": 1, "occ_p50": 1024, "occ_p90": 1024, "occcap_p50": 1024, "q_p50": 477, "q_p95": 649, "q_p99": 689, "q_n": 43, "diag_lines": 47, "retx": 2304, "gates_cli_3t": 0, "gates_srv_3t": 0, "gates_cli_rs": 0, "gates_srv_rs": 0, "gates_lines_cli": 1, "gates_lines_srv": 1, "active_echo_cli": 0, "tt_eng1": 0, "ping_n": 224, "ping_p50": 517.0, "ping_p95": 541.0, "ping_p99": 547.0, "ping_max": 553.0, "ping_min": 38.3, "ping_tx": null, "ping_rx": null, "ping_loss": null, "wait_tun": 7, "wait_paused": 75, "wait_pace": 0, "wait_gen": 0, "wait_nack": 16, "wait_defc": 0, "wait_tail": 1, "wait_flush": 0, "wait_lines": 44, "dgq_hand": 23744, "dgq_tx": 23744, "dgq_full": 0, "dgq_err": 0, "dgq_gap": 0, "dgq_paths": 1, "tc_bytes": 29531328, "tc_pkts": 26781, "tc_drop": 444, "tc_s": 15}
LIVENESS sc3-A rep=3 cli=[RWM_THREE_TERM=0 RWM_PLAIN_RS=0] srv=[RWM_THREE_TERM=0 RWM_PLAIN_RS=0] active=0 eng1_lines=0 wait_lines=47 dgq_lines=43 ping_replies=224 (expect 3t=0 rs=0)
=== rep=3 arm=sc3-B seed=7 env="RWM_THREE_TERM=1 RWM_PLAIN_RS=1" cell=c3/c3/single bytes=25000000 14:41:54
RUNTIME sc3-B rep=3 3s
LATRESULT {"cell": "sc3", "arm": "B", "seed": 7, "rep": 3, "dnf": true, "dnf_count": null, "mbps": null, "seconds": null, "n_runs": 0, "occ_p50": null, "occ_p90": null, "occcap_p50": null, "q_p50": null, "q_p95": null, "q_p99": null, "q_n": 0, "diag_lines": 0, "retx": 0, "gates_cli_3t": null, "gates_srv_3t": null, "gates_cli_rs": null, "gates_srv_rs": null, "gates_lines_cli": 0, "gates_lines_srv": 0, "active_echo_cli": 0, "tt_eng1": 0, "ping_n": 224, "ping_p50": 517.0, "ping_p95": 541.0, "ping_p99": 547.0, "ping_max": 553.0, "ping_min": 38.3, "ping_tx": null, "ping_rx": null, "ping_loss": null, "wait_tun": null, "wait_paused": null, "wait_pace": null, "wait_gen": null, "wait_nack": null, "wait_defc": null, "wait_tail": null, "wait_flush": null, "wait_lines": 0, "dgq_hand": null, "dgq_tx": null, "dgq_full": null, "dgq_err": null, "dgq_gap": null, "dgq_paths": null, "tc_bytes": null, "tc_pkts": null, "tc_drop": null, "tc_s": null}
LIVENESS sc3-B rep=3 cli=[ ] srv=[ ] active= eng1_lines=0 wait_lines= dgq_lines= ping_replies=224 (expect 3t=1 rs=1)
ARM-LIVENESS-FAIL-GATE-CLI sc3-B rep=3 got=''
ARM-LIVENESS-FAIL-GATE-SRV sc3-B rep=3 got=''
ARM-LIVENESS-FAIL-RS-CLI sc3-B rep=3 got=''
ARM-LIVENESS-FAIL-RS-SRV sc3-B rep=3 got=''
ARM-LIVENESS-FAIL-3T sc3-B rep=3 (VOID: no eng=1)
QCAP-MISSING sc3-B rep=3
=== rep=3 arm=sc3-D seed=7 env="RWM_PLAIN_RS=1" cell=c3/c3/single bytes=25000000 14:41:57
[2m2026-08-10T14:42:01.688412Z[0m [32m INFO[0m [2mraptorpath::gates[0m[2m:[0m [GATES] RWM_UNIFIED=1 RWM_UNIFIED_SHED=1 RWM_TAPER_R=1 RWM_ASTAR_ANCHOR=1 RWM_MSTAR_ANCHOR=1 RWM_PLAIN_RS=1 RWM_STORE_SACK_RELEASE=1 RWM_STORE_PATHS=1 RWM_STORE_PATH_POOL=2048 RWM_STORE=unset RWM_STORE_GAIN=2 RWM_STORE_BOOT=128 RWM_STORE_CAPW=0 RWM_STORE_CAP_UNIFIED=0 RWM_THREE_TERM=0 RWM_STORE_PERCAP=0 RWM_PERCAP_GUARD=1 RWM_STORE_BORROW=0 RWM_HONEST_CAP=1 RWM_POOL_ANCHOR=0 RWM_POOL_DELIV=0 RWM_FLOOR_BOUND=0 RWM_ACK_MERGE=1 RWM_PATIENCE_DERIVED=0 RWM_SIDLE_DERIVED=0 RWM_WIN_DECOUPLE=0 RWM_PLACE_SLACK=0 RWM_GEN=384 RWM_PIPELINE=2 RWM_GEN_PIPE=1 RWM_GEN_R=unset RWM_GEN_RATE=9000 RWM_GEN_RATE_FLOOR=2000 RWM_GEN_INFLIGHT=unset RWM_OOO_RETAIN=0/16 RWM_WINDOW=unset RWM_REPORT_GENS=unset RWM_REPAIR_WAIT=unset RWM_CODED_SRC=0 RWM_NO_REACTIVE=0 RWM_XPATH_REPAIR=0 RWM_PROACTIVE_PACER=0 RWM_REASM_BDP=0 RWM_MIN_R=0 RWM_CC_PACE=0 RWM_CC_PACE_HR=1.1 RWM_REACT_CAP=unset RWM_INFL_CAP=0 RWM_INFL_BDP=unset RWM_COPA_FEED=0 RWM_RS_ATTR=1 RWM_EMIT_BATCH=0 RWM_EMIT_BURST=64 RWM_RECOV_MP=1 RWM_RECOV_MP_LAW=1 RWM_RECOV_MP_LIVE=0 RWM_RECOV_SP=0 RWM_DIAG=1 RWM_RDIAG=0 RWM_FDIAG=0 RWM_TRACE=0 RWM_PFRAC=0
{"bytes":25000000,"dnf":0,"hint":"bulk","max_s":12.0408,"mean_mbps":16.61,"mean_s":12.0408,"median_s":12.0408,"min_s":12.0408,"proto":"rp-native","runs":1,"stdev_s":0.0,"summary":true}
    LATPROBE: /tmp/rwm-ping.txt 227 replies
    CPU: CPUSRV=2.06s CPUCLI=2.33s (srv=decoder cli=sender; whole-invocation incl warmup)
    QDISC cli0: qdisc netem 82e5: root refcnt 7 limit 1000 delay 20ms  5ms loss gemodel p 2% r 40% 1-h 100% 1-k 0% rate 20Mbit seed 7  Sent 29957228 bytes 28222 pkt (dropped 460, overlimits 0 requeues 0)   backlog 590b 1p requeues 0 
    QDISC cli1: qdisc netem 82e6: root refcnt 7 limit 1000 delay 20ms  5ms loss gemodel p 2% r 40% 1-h 100% 1-k 0% rate 20Mbit seed 7  Sent 662 bytes 9 pkt (dropped 2, overlimits 0 requeues 0)   backlog 0b 0p requeues 0 
    QDISC srv0: qdisc netem 82e7: root refcnt 7 limit 1000 delay 20ms  5ms rate 20Mbit seed 7584592057622991978  Sent 3233662 bytes 18796 pkt (dropped 0, overlimits 0 requeues 0)   backlog 0b 0p requeues 0 
    QDISC srv1: qdisc netem 82e8: root refcnt 7 limit 1000 delay 20ms  5ms rate 20Mbit seed 18295730491128174705  Sent 838 bytes 11 pkt (dropped 0, overlimits 0 requeues 0)   backlog 0b 0p requeues 0 
    QCAP: /tmp/rwm-q.txt 18 lines
RUNTIME sc3-D rep=3 17s
LATRESULT {"cell": "sc3", "arm": "D", "seed": 7, "rep": 3, "dnf": false, "dnf_count": 0, "mbps": 16.61, "seconds": 12.041, "n_runs": 1, "occ_p50": 409, "occ_p90": 821, "occcap_p50": 409, "q_p50": 164, "q_p95": 427, "q_p99": 495, "q_n": 42, "diag_lines": 48, "retx": 2588, "gates_cli_3t": 0, "gates_srv_3t": 0, "gates_cli_rs": 1, "gates_srv_rs": 1, "gates_lines_cli": 1, "gates_lines_srv": 1, "active_echo_cli": 0, "tt_eng1": 0, "ping_n": 227, "ping_p50": 209.0, "ping_p95": 438.0, "ping_p99": 540.0, "ping_max": 553.0, "ping_min": 32.1, "ping_tx": null, "ping_rx": null, "ping_loss": null, "wait_tun": 6, "wait_paused": 78, "wait_pace": 0, "wait_gen": 0, "wait_nack": 15, "wait_defc": 0, "wait_tail": 1, "wait_flush": 0, "wait_lines": 45, "dgq_hand": 24071, "dgq_tx": 24069, "dgq_full": 0, "dgq_err": 0, "dgq_gap": 2, "dgq_paths": 1, "tc_bytes": 29958480, "tc_pkts": 28232, "tc_drop": 462, "tc_s": 17}
LIVENESS sc3-D rep=3 cli=[RWM_THREE_TERM=0 RWM_PLAIN_RS=1] srv=[RWM_THREE_TERM=0 RWM_PLAIN_RS=1] active=0 eng1_lines=0 wait_lines=48 dgq_lines=42 ping_replies=227 (expect 3t=0 rs=1)
=== rep=3 arm=c2r100-A seed=7 env="" cell=c2r100/c2r100/single bytes=100000000 14:42:14
[2m2026-08-10T14:42:16.244528Z[0m [32m INFO[0m [2mraptorpath::gates[0m[2m:[0m [GATES] RWM_UNIFIED=1 RWM_UNIFIED_SHED=1 RWM_TAPER_R=1 RWM_ASTAR_ANCHOR=1 RWM_MSTAR_ANCHOR=1 RWM_PLAIN_RS=0 RWM_STORE_SACK_RELEASE=1 RWM_STORE_PATHS=1 RWM_STORE_PATH_POOL=2048 RWM_STORE=unset RWM_STORE_GAIN=2 RWM_STORE_BOOT=128 RWM_STORE_CAPW=0 RWM_STORE_CAP_UNIFIED=0 RWM_THREE_TERM=0 RWM_STORE_PERCAP=0 RWM_PERCAP_GUARD=1 RWM_STORE_BORROW=0 RWM_HONEST_CAP=1 RWM_POOL_ANCHOR=0 RWM_POOL_DELIV=0 RWM_FLOOR_BOUND=0 RWM_ACK_MERGE=1 RWM_PATIENCE_DERIVED=0 RWM_SIDLE_DERIVED=0 RWM_WIN_DECOUPLE=0 RWM_PLACE_SLACK=0 RWM_GEN=384 RWM_PIPELINE=2 RWM_GEN_PIPE=1 RWM_GEN_R=unset RWM_GEN_RATE=9000 RWM_GEN_RATE_FLOOR=2000 RWM_GEN_INFLIGHT=unset RWM_OOO_RETAIN=0/16 RWM_WINDOW=unset RWM_REPORT_GENS=unset RWM_REPAIR_WAIT=unset RWM_CODED_SRC=0 RWM_NO_REACTIVE=0 RWM_XPATH_REPAIR=0 RWM_PROACTIVE_PACER=0 RWM_REASM_BDP=0 RWM_MIN_R=0 RWM_CC_PACE=0 RWM_CC_PACE_HR=1.1 RWM_REACT_CAP=unset RWM_INFL_CAP=0 RWM_INFL_BDP=unset RWM_COPA_FEED=0 RWM_RS_ATTR=1 RWM_EMIT_BATCH=0 RWM_EMIT_BURST=64 RWM_RECOV_MP=1 RWM_RECOV_MP_LAW=1 RWM_RECOV_MP_LIVE=0 RWM_RECOV_SP=0 RWM_DIAG=1 RWM_RDIAG=0 RWM_FDIAG=0 RWM_TRACE=0 RWM_PFRAC=0
{"bytes":100000000,"dnf":0,"hint":"bulk","max_s":9.8365,"mean_mbps":81.329,"mean_s":9.8365,"median_s":9.8365,"min_s":9.8365,"proto":"rp-native","runs":1,"stdev_s":0.0,"summary":true}
    LATPROBE: /tmp/rwm-ping.txt 194 replies
    CPU: CPUSRV=6.25s CPUCLI=6.29s (srv=decoder cli=sender; whole-invocation incl warmup)
    QDISC cli0: qdisc netem 82e9: root refcnt 7 limit 1000 delay 50ms loss gemodel p 1.3% r 50% 1-h 100% 1-k 0% rate 100Mbit seed 7  Sent 112131827 bytes 101329 pkt (dropped 740, overlimits 0 requeues 0)   backlog 2182b 6p requeues 0 
    QDISC cli1: qdisc netem 82ea: root refcnt 7 limit 1000 delay 50ms loss gemodel p 1.3% r 50% 1-h 100% 1-k 0% rate 100Mbit seed 7  Sent 690 bytes 9 pkt (dropped 0, overlimits 0 requeues 0)   backlog 0b 0p requeues 0 
    QDISC srv0: qdisc netem 82eb: root refcnt 7 limit 1000 delay 50ms rate 100Mbit seed 12744419691112979142  Sent 11053984 bytes 62932 pkt (dropped 0, overlimits 0 requeues 0)   backlog 83b 1p requeues 0 
    QDISC srv1: qdisc netem 82ec: root refcnt 7 limit 1000 delay 50ms rate 100Mbit seed 10173353847831563566  Sent 866 bytes 11 pkt (dropped 0, overlimits 0 requeues 0)   backlog 0b 0p requeues 0 
    QCAP: /tmp/rwm-q.txt 18 lines
RUNTIME c2r100-A rep=3 12s
LATRESULT {"cell": "c2r100", "arm": "A", "seed": 7, "rep": 3, "dnf": false, "dnf_count": 0, "mbps": 81.329, "seconds": 9.837, "n_runs": 1, "occ_p50": 1009, "occ_p90": 1024, "occcap_p50": 1024, "q_p50": 6, "q_p95": 9, "q_p99": 13, "q_n": 36, "diag_lines": 39, "retx": 2816, "gates_cli_3t": 0, "gates_srv_3t": 0, "gates_cli_rs": 0, "gates_srv_rs": 0, "gates_lines_cli": 1, "gates_lines_srv": 1, "active_echo_cli": 0, "tt_eng1": 0, "ping_n": 194, "ping_p50": 104.0, "ping_p95": 108.0, "ping_p99": 113.0, "ping_max": 115.0, "ping_min": 100.0, "ping_tx": null, "ping_rx": null, "ping_loss": null, "wait_tun": 27, "wait_paused": 42, "wait_pace": 0, "wait_gen": 0, "wait_nack": 32, "wait_defc": 0, "wait_tail": 1, "wait_flush": 0, "wait_lines": 36, "dgq_hand": 87937, "dgq_tx": 87937, "dgq_full": 0, "dgq_err": 0, "dgq_gap": 0, "dgq_paths": 1, "tc_bytes": 112133316, "tc_pkts": 101341, "tc_drop": 740, "tc_s": 12}
LIVENESS c2r100-A rep=3 cli=[RWM_THREE_TERM=0 RWM_PLAIN_RS=0] srv=[RWM_THREE_TERM=0 RWM_PLAIN_RS=0] active=0 eng1_lines=0 wait_lines=39 dgq_lines=38 ping_replies=194 (expect 3t=0 rs=0)
=== rep=3 arm=c2r100-B seed=7 env="RWM_THREE_TERM=1 RWM_PLAIN_RS=1" cell=c2r100/c2r100/single bytes=100000000 14:42:26
[2m2026-08-10T14:42:28.438370Z[0m [32m INFO[0m [2mraptorpath::gates[0m[2m:[0m [GATES] RWM_UNIFIED=1 RWM_UNIFIED_SHED=1 RWM_TAPER_R=1 RWM_ASTAR_ANCHOR=1 RWM_MSTAR_ANCHOR=1 RWM_PLAIN_RS=1 RWM_STORE_SACK_RELEASE=1 RWM_STORE_PATHS=1 RWM_STORE_PATH_POOL=2048 RWM_STORE=unset RWM_STORE_GAIN=2 RWM_STORE_BOOT=128 RWM_STORE_CAPW=0 RWM_STORE_CAP_UNIFIED=0 RWM_THREE_TERM=1 RWM_STORE_PERCAP=0 RWM_PERCAP_GUARD=1 RWM_STORE_BORROW=0 RWM_HONEST_CAP=1 RWM_POOL_ANCHOR=0 RWM_POOL_DELIV=0 RWM_FLOOR_BOUND=0 RWM_ACK_MERGE=1 RWM_PATIENCE_DERIVED=0 RWM_SIDLE_DERIVED=0 RWM_WIN_DECOUPLE=0 RWM_PLACE_SLACK=0 RWM_GEN=384 RWM_PIPELINE=2 RWM_GEN_PIPE=1 RWM_GEN_R=unset RWM_GEN_RATE=9000 RWM_GEN_RATE_FLOOR=2000 RWM_GEN_INFLIGHT=unset RWM_OOO_RETAIN=0/16 RWM_WINDOW=unset RWM_REPORT_GENS=unset RWM_REPAIR_WAIT=unset RWM_CODED_SRC=0 RWM_NO_REACTIVE=0 RWM_XPATH_REPAIR=0 RWM_PROACTIVE_PACER=0 RWM_REASM_BDP=0 RWM_MIN_R=0 RWM_CC_PACE=0 RWM_CC_PACE_HR=1.1 RWM_REACT_CAP=unset RWM_INFL_CAP=0 RWM_INFL_BDP=unset RWM_COPA_FEED=0 RWM_RS_ATTR=1 RWM_EMIT_BATCH=0 RWM_EMIT_BURST=64 RWM_RECOV_MP=1 RWM_RECOV_MP_LAW=1 RWM_RECOV_MP_LIVE=0 RWM_RECOV_SP=0 RWM_DIAG=1 RWM_RDIAG=0 RWM_FDIAG=0 RWM_TRACE=0 RWM_PFRAC=0
{"bytes":100000000,"dnf":0,"hint":"bulk","max_s":12.884,"mean_mbps":62.092,"mean_s":12.884,"median_s":12.884,"min_s":12.884,"proto":"rp-native","runs":1,"stdev_s":0.0,"summary":true}
    LATPROBE: /tmp/rwm-ping.txt 236 replies
    CPU: CPUSRV=6.96s CPUCLI=12.15s (srv=decoder cli=sender; whole-invocation incl warmup)
    QDISC cli0: qdisc netem 82ed: root refcnt 7 limit 1000 delay 50ms loss gemodel p 1.3% r 50% 1-h 100% 1-k 0% rate 100Mbit seed 7  Sent 116439783 bytes 99952 pkt (dropped 1718, overlimits 0 requeues 0)   backlog 110b 1p requeues 0 
    QDISC cli1: qdisc netem 82ee: root refcnt 7 limit 1000 delay 50ms loss gemodel p 1.3% r 50% 1-h 100% 1-k 0% rate 100Mbit seed 7  Sent 846 bytes 11 pkt (dropped 0, overlimits 0 requeues 0)   backlog 0b 0p requeues 0 
    QDISC srv0: qdisc netem 82ef: root refcnt 7 limit 1000 delay 50ms rate 100Mbit seed 12273232896553294299  Sent 12966155 bytes 66683 pkt (dropped 0, overlimits 0 requeues 0)   backlog 83b 1p requeues 0 
    QDISC srv1: qdisc netem 82f0: root refcnt 7 limit 1000 delay 50ms rate 100Mbit seed 3921791202554148991  Sent 866 bytes 11 pkt (dropped 0, overlimits 0 requeues 0)   backlog 0b 0p requeues 0 
    QCAP: /tmp/rwm-q.txt 18 lines
RUNTIME c2r100-B rep=3 15s
LATRESULT {"cell": "c2r100", "arm": "B", "seed": 7, "rep": 3, "dnf": false, "dnf_count": 0, "mbps": 62.092, "seconds": 12.884, "n_runs": 1, "occ_p50": 2963, "occ_p90": 3169, "occcap_p50": 3023, "q_p50": 214, "q_p95": 265, "q_p99": 361, "q_n": 40, "diag_lines": 49, "retx": 7493, "gates_cli_3t": 1, "gates_srv_3t": 1, "gates_cli_rs": 1, "gates_srv_rs": 1, "gates_lines_cli": 1, "gates_lines_srv": 1, "active_echo_cli": 1, "tt_eng1": 6, "ping_n": 236, "ping_p50": 296.0, "ping_p95": 347.0, "ping_p99": 371.0, "ping_max": 378.0, "ping_min": 100.0, "ping_tx": null, "ping_rx": null, "ping_loss": null, "wait_tun": 41, "wait_paused": 5, "wait_pace": 0, "wait_gen": 0, "wait_nack": 42, "wait_defc": 0, "wait_tail": 0, "wait_flush": 0, "wait_lines": 46, "dgq_hand": 92724, "dgq_tx": 92724, "dgq_full": 0, "dgq_err": 0, "dgq_gap": 0, "dgq_paths": 1, "tc_bytes": 116440739, "tc_pkts": 99964, "tc_drop": 1718, "tc_s": 15}
LIVENESS c2r100-B rep=3 cli=[RWM_THREE_TERM=1 RWM_PLAIN_RS=1] srv=[RWM_THREE_TERM=1 RWM_PLAIN_RS=1] active=1 eng1_lines=6 wait_lines=49 dgq_lines=40 ping_replies=236 (expect 3t=1 rs=1)
=== rep=3 arm=c2r100-D seed=7 env="RWM_PLAIN_RS=1" cell=c2r100/c2r100/single bytes=100000000 14:42:41
[2m2026-08-10T14:42:43.993128Z[0m [32m INFO[0m [2mraptorpath::gates[0m[2m:[0m [GATES] RWM_UNIFIED=1 RWM_UNIFIED_SHED=1 RWM_TAPER_R=1 RWM_ASTAR_ANCHOR=1 RWM_MSTAR_ANCHOR=1 RWM_PLAIN_RS=1 RWM_STORE_SACK_RELEASE=1 RWM_STORE_PATHS=1 RWM_STORE_PATH_POOL=2048 RWM_STORE=unset RWM_STORE_GAIN=2 RWM_STORE_BOOT=128 RWM_STORE_CAPW=0 RWM_STORE_CAP_UNIFIED=0 RWM_THREE_TERM=0 RWM_STORE_PERCAP=0 RWM_PERCAP_GUARD=1 RWM_STORE_BORROW=0 RWM_HONEST_CAP=1 RWM_POOL_ANCHOR=0 RWM_POOL_DELIV=0 RWM_FLOOR_BOUND=0 RWM_ACK_MERGE=1 RWM_PATIENCE_DERIVED=0 RWM_SIDLE_DERIVED=0 RWM_WIN_DECOUPLE=0 RWM_PLACE_SLACK=0 RWM_GEN=384 RWM_PIPELINE=2 RWM_GEN_PIPE=1 RWM_GEN_R=unset RWM_GEN_RATE=9000 RWM_GEN_RATE_FLOOR=2000 RWM_GEN_INFLIGHT=unset RWM_OOO_RETAIN=0/16 RWM_WINDOW=unset RWM_REPORT_GENS=unset RWM_REPAIR_WAIT=unset RWM_CODED_SRC=0 RWM_NO_REACTIVE=0 RWM_XPATH_REPAIR=0 RWM_PROACTIVE_PACER=0 RWM_REASM_BDP=0 RWM_MIN_R=0 RWM_CC_PACE=0 RWM_CC_PACE_HR=1.1 RWM_REACT_CAP=unset RWM_INFL_CAP=0 RWM_INFL_BDP=unset RWM_COPA_FEED=0 RWM_RS_ATTR=1 RWM_EMIT_BATCH=0 RWM_EMIT_BURST=64 RWM_RECOV_MP=1 RWM_RECOV_MP_LAW=1 RWM_RECOV_MP_LIVE=0 RWM_RECOV_SP=0 RWM_DIAG=1 RWM_RDIAG=0 RWM_FDIAG=0 RWM_TRACE=0 RWM_PFRAC=0
{"bytes":100000000,"dnf":0,"hint":"bulk","max_s":9.8543,"mean_mbps":81.183,"mean_s":9.8543,"median_s":9.8543,"min_s":9.8543,"proto":"rp-native","runs":1,"stdev_s":0.0,"summary":true}
    LATPROBE: /tmp/rwm-ping.txt 193 replies
    CPU: CPUSRV=6.49s CPUCLI=7.89s (srv=decoder cli=sender; whole-invocation incl warmup)
    QDISC cli0: qdisc netem 82f1: root refcnt 7 limit 1000 delay 50ms loss gemodel p 1.3% r 50% 1-h 100% 1-k 0% rate 100Mbit seed 7  Sent 113033438 bytes 98714 pkt (dropped 675, overlimits 0 requeues 0)   backlog 971b 6p requeues 0 
    QDISC cli1: qdisc netem 82f2: root refcnt 7 limit 1000 delay 50ms loss gemodel p 1.3% r 50% 1-h 100% 1-k 0% rate 100Mbit seed 7  Sent 776 bytes 10 pkt (dropped 0, overlimits 0 requeues 0)   backlog 0b 0p requeues 0 
    QDISC srv0: qdisc netem 82f3: root refcnt 7 limit 1000 delay 50ms rate 100Mbit seed 6639815009922197403  Sent 11255442 bytes 64330 pkt (dropped 0, overlimits 0 requeues 0)   backlog 91b 1p requeues 0 
    QDISC srv1: qdisc netem 82f4: root refcnt 7 limit 1000 delay 50ms rate 100Mbit seed 2809765311995928431  Sent 866 bytes 11 pkt (dropped 0, overlimits 0 requeues 0)   backlog 0b 0p requeues 0 
    QCAP: /tmp/rwm-q.txt 18 lines
RUNTIME c2r100-D rep=3 13s
LATRESULT {"cell": "c2r100", "arm": "D", "seed": 7, "rep": 3, "dnf": false, "dnf_count": 0, "mbps": 81.183, "seconds": 9.854, "n_runs": 1, "occ_p50": 1006, "occ_p90": 1024, "occcap_p50": 1024, "q_p50": 5, "q_p95": 11, "q_p99": 14, "q_n": 35, "diag_lines": 39, "retx": 3758, "gates_cli_3t": 0, "gates_srv_3t": 0, "gates_cli_rs": 1, "gates_srv_rs": 1, "gates_lines_cli": 1, "gates_lines_srv": 1, "active_echo_cli": 0, "tt_eng1": 0, "ping_n": 193, "ping_p50": 104.0, "ping_p95": 111.0, "ping_p99": 115.0, "ping_max": 119.0, "ping_min": 100.0, "ping_tx": null, "ping_rx": null, "ping_loss": null, "wait_tun": 31, "wait_paused": 22, "wait_pace": 0, "wait_gen": 0, "wait_nack": 47, "wait_defc": 0, "wait_tail": 1, "wait_flush": 0, "wait_lines": 36, "dgq_hand": 88353, "dgq_tx": 88335, "dgq_full": 0, "dgq_err": 0, "dgq_gap": 18, "dgq_paths": 1, "tc_bytes": 113034537, "tc_pkts": 98726, "tc_drop": 675, "tc_s": 13}
LIVENESS c2r100-D rep=3 cli=[RWM_THREE_TERM=0 RWM_PLAIN_RS=1] srv=[RWM_THREE_TERM=0 RWM_PLAIN_RS=1] active=0 eng1_lines=0 wait_lines=39 dgq_lines=35 ping_replies=193 (expect 3t=0 rs=1)
=== rep=3 arm=c7-A seed=7 env="" cell=c2/c2/dual bytes=200000000 14:42:54
RUNTIME c7-A rep=3 3s
LATRESULT {"cell": "c7", "arm": "A", "seed": 7, "rep": 3, "dnf": true, "dnf_count": null, "mbps": null, "seconds": null, "n_runs": 0, "occ_p50": null, "occ_p90": null, "occcap_p50": null, "q_p50": null, "q_p95": null, "q_p99": null, "q_n": 0, "diag_lines": 0, "retx": 0, "gates_cli_3t": null, "gates_srv_3t": null, "gates_cli_rs": null, "gates_srv_rs": null, "gates_lines_cli": 0, "gates_lines_srv": 0, "active_echo_cli": 0, "tt_eng1": 0, "ping_n": 193, "ping_p50": 104.0, "ping_p95": 111.0, "ping_p99": 115.0, "ping_max": 119.0, "ping_min": 100.0, "ping_tx": null, "ping_rx": null, "ping_loss": null, "wait_tun": null, "wait_paused": null, "wait_pace": null, "wait_gen": null, "wait_nack": null, "wait_defc": null, "wait_tail": null, "wait_flush": null, "wait_lines": 0, "dgq_hand": null, "dgq_tx": null, "dgq_full": null, "dgq_err": null, "dgq_gap": null, "dgq_paths": null, "tc_bytes": null, "tc_pkts": null, "tc_drop": null, "tc_s": null}
LIVENESS c7-A rep=3 cli=[ ] srv=[ ] active= eng1_lines=0 wait_lines= dgq_lines= ping_replies=193 (expect 3t=0 rs=0)
ARM-LIVENESS-FAIL-GATE-CLI c7-A rep=3 got=''
ARM-LIVENESS-FAIL-GATE-SRV c7-A rep=3 got=''
ARM-LIVENESS-FAIL-RS-CLI c7-A rep=3 got=''
ARM-LIVENESS-FAIL-RS-SRV c7-A rep=3 got=''
QCAP-MISSING c7-A rep=3
=== rep=3 arm=c7-B seed=7 env="RWM_THREE_TERM=1 RWM_PLAIN_RS=1" cell=c2/c2/dual bytes=200000000 14:42:57
[2m2026-08-10T14:43:01.456448Z[0m [32m INFO[0m [2mraptorpath::gates[0m[2m:[0m [GATES] RWM_UNIFIED=1 RWM_UNIFIED_SHED=1 RWM_TAPER_R=1 RWM_ASTAR_ANCHOR=1 RWM_MSTAR_ANCHOR=1 RWM_PLAIN_RS=1 RWM_STORE_SACK_RELEASE=1 RWM_STORE_PATHS=1 RWM_STORE_PATH_POOL=2048 RWM_STORE=unset RWM_STORE_GAIN=2 RWM_STORE_BOOT=128 RWM_STORE_CAPW=0 RWM_STORE_CAP_UNIFIED=0 RWM_THREE_TERM=1 RWM_STORE_PERCAP=0 RWM_PERCAP_GUARD=1 RWM_STORE_BORROW=0 RWM_HONEST_CAP=1 RWM_POOL_ANCHOR=0 RWM_POOL_DELIV=0 RWM_FLOOR_BOUND=0 RWM_ACK_MERGE=1 RWM_PATIENCE_DERIVED=0 RWM_SIDLE_DERIVED=0 RWM_WIN_DECOUPLE=0 RWM_PLACE_SLACK=0 RWM_GEN=384 RWM_PIPELINE=2 RWM_GEN_PIPE=1 RWM_GEN_R=unset RWM_GEN_RATE=9000 RWM_GEN_RATE_FLOOR=2000 RWM_GEN_INFLIGHT=unset RWM_OOO_RETAIN=0/16 RWM_WINDOW=unset RWM_REPORT_GENS=unset RWM_REPAIR_WAIT=unset RWM_CODED_SRC=0 RWM_NO_REACTIVE=0 RWM_XPATH_REPAIR=0 RWM_PROACTIVE_PACER=0 RWM_REASM_BDP=0 RWM_MIN_R=0 RWM_CC_PACE=0 RWM_CC_PACE_HR=1.1 RWM_REACT_CAP=unset RWM_INFL_CAP=0 RWM_INFL_BDP=unset RWM_COPA_FEED=0 RWM_RS_ATTR=1 RWM_EMIT_BATCH=0 RWM_EMIT_BURST=64 RWM_RECOV_MP=1 RWM_RECOV_MP_LAW=1 RWM_RECOV_MP_LIVE=0 RWM_RECOV_SP=0 RWM_DIAG=1 RWM_RDIAG=0 RWM_FDIAG=0 RWM_TRACE=0 RWM_PFRAC=0
{"bytes":200000000,"dnf":0,"hint":"bulk","max_s":10.8686,"mean_mbps":147.213,"mean_s":10.8686,"median_s":10.8686,"min_s":10.8686,"proto":"rp-native","runs":1,"stdev_s":0.0,"summary":true}
    LATPROBE: /tmp/rwm-ping.txt 212 replies
    CPU: CPUSRV=13.56s CPUCLI=16.59s (srv=decoder cli=sender; whole-invocation incl warmup)
    QDISC cli0: qdisc netem 82f9: root refcnt 7 limit 1000 delay 5ms  3ms loss gemodel p 1.3% r 50% 1-h 100% 1-k 0% rate 100Mbit seed 7  Sent 117640429 bytes 96346 pkt (dropped 662, overlimits 0 requeues 0)   backlog 0b 0p requeues 0 
    QDISC cli1: qdisc netem 82fa: root refcnt 7 limit 1000 delay 5ms  3ms loss gemodel p 1.3% r 50% 1-h 100% 1-k 0% rate 100Mbit seed 7  Sent 109901162 bytes 89943 pkt (dropped 586, overlimits 0 requeues 0)   backlog 0b 0p requeues 0 
    QDISC srv0: qdisc netem 82fb: root refcnt 7 limit 1000 delay 5ms  3ms rate 100Mbit seed 14237384415481285190  Sent 15587404 bytes 67723 pkt (dropped 0, overlimits 0 requeues 0)   backlog 0b 0p requeues 0 
    QDISC srv1: qdisc netem 82fc: root refcnt 7 limit 1000 delay 5ms  3ms rate 100Mbit seed 11233267594566585433  Sent 15197315 bytes 63034 pkt (dropped 0, overlimits 0 requeues 0)   backlog 0b 0p requeues 0 
    QCAP: /tmp/rwm-q.txt 18 lines
RUNTIME c7-B rep=3 15s
LATRESULT {"cell": "c7", "arm": "B", "seed": 7, "rep": 3, "dnf": false, "dnf_count": 0, "mbps": 147.213, "seconds": 10.869, "n_runs": 1, "occ_p50": 477, "occ_p90": 763, "occcap_p50": 1114, "q_p50": 16, "q_p95": 40, "q_p99": 45, "q_n": 70, "diag_lines": 43, "retx": 7219, "gates_cli_3t": 1, "gates_srv_3t": 1, "gates_cli_rs": 1, "gates_srv_rs": 1, "gates_lines_cli": 1, "gates_lines_srv": 1, "active_echo_cli": 1, "tt_eng1": 5, "ping_n": 212, "ping_p50": 21.7, "ping_p95": 56.2, "ping_p99": 102.0, "ping_max": 108.0, "ping_min": 6.14, "ping_tx": null, "ping_rx": null, "ping_loss": null, "wait_tun": 96, "wait_paused": 0, "wait_pace": 0, "wait_gen": 0, "wait_nack": 4, "wait_defc": 0, "wait_tail": 0, "wait_flush": 0, "wait_lines": 40, "dgq_hand": 177998, "dgq_tx": 177995, "dgq_full": 0, "dgq_err": 0, "dgq_gap": 3, "dgq_paths": 2, "tc_bytes": 227541591, "tc_pkts": 186289, "tc_drop": 1248, "tc_s": 15}
LIVENESS c7-B rep=3 cli=[RWM_THREE_TERM=1 RWM_PLAIN_RS=1] srv=[RWM_THREE_TERM=1 RWM_PLAIN_RS=1] active=1 eng1_lines=5 wait_lines=43 dgq_lines=40 ping_replies=212 (expect 3t=1 rs=1)
=== rep=3 arm=c7-D seed=7 env="RWM_PLAIN_RS=1" cell=c2/c2/dual bytes=200000000 14:43:12
[2m2026-08-10T14:43:14.955151Z[0m [32m INFO[0m [2mraptorpath::gates[0m[2m:[0m [GATES] RWM_UNIFIED=1 RWM_UNIFIED_SHED=1 RWM_TAPER_R=1 RWM_ASTAR_ANCHOR=1 RWM_MSTAR_ANCHOR=1 RWM_PLAIN_RS=1 RWM_STORE_SACK_RELEASE=1 RWM_STORE_PATHS=1 RWM_STORE_PATH_POOL=2048 RWM_STORE=unset RWM_STORE_GAIN=2 RWM_STORE_BOOT=128 RWM_STORE_CAPW=0 RWM_STORE_CAP_UNIFIED=0 RWM_THREE_TERM=0 RWM_STORE_PERCAP=0 RWM_PERCAP_GUARD=1 RWM_STORE_BORROW=0 RWM_HONEST_CAP=1 RWM_POOL_ANCHOR=0 RWM_POOL_DELIV=0 RWM_FLOOR_BOUND=0 RWM_ACK_MERGE=1 RWM_PATIENCE_DERIVED=0 RWM_SIDLE_DERIVED=0 RWM_WIN_DECOUPLE=0 RWM_PLACE_SLACK=0 RWM_GEN=384 RWM_PIPELINE=2 RWM_GEN_PIPE=1 RWM_GEN_R=unset RWM_GEN_RATE=9000 RWM_GEN_RATE_FLOOR=2000 RWM_GEN_INFLIGHT=unset RWM_OOO_RETAIN=0/16 RWM_WINDOW=unset RWM_REPORT_GENS=unset RWM_REPAIR_WAIT=unset RWM_CODED_SRC=0 RWM_NO_REACTIVE=0 RWM_XPATH_REPAIR=0 RWM_PROACTIVE_PACER=0 RWM_REASM_BDP=0 RWM_MIN_R=0 RWM_CC_PACE=0 RWM_CC_PACE_HR=1.1 RWM_REACT_CAP=unset RWM_INFL_CAP=0 RWM_INFL_BDP=unset RWM_COPA_FEED=0 RWM_RS_ATTR=1 RWM_EMIT_BATCH=0 RWM_EMIT_BURST=64 RWM_RECOV_MP=1 RWM_RECOV_MP_LAW=1 RWM_RECOV_MP_LIVE=0 RWM_RECOV_SP=0 RWM_DIAG=1 RWM_RDIAG=0 RWM_FDIAG=0 RWM_TRACE=0 RWM_PFRAC=0
{"bytes":200000000,"dnf":0,"hint":"bulk","max_s":10.6548,"mean_mbps":150.167,"mean_s":10.6548,"median_s":10.6548,"min_s":10.6548,"proto":"rp-native","runs":1,"stdev_s":0.0,"summary":true}
    LATPROBE: /tmp/rwm-ping.txt 204 replies
    CPU: CPUSRV=13.34s CPUCLI=16.24s (srv=decoder cli=sender; whole-invocation incl warmup)
    QDISC cli0: qdisc netem 82fd: root refcnt 7 limit 1000 delay 5ms  3ms loss gemodel p 1.3% r 50% 1-h 100% 1-k 0% rate 100Mbit seed 7  Sent 112219865 bytes 92294 pkt (dropped 637, overlimits 0 requeues 0)   backlog 0b 0p requeues 0 
    QDISC cli1: qdisc netem 82fe: root refcnt 7 limit 1000 delay 5ms  3ms loss gemodel p 1.3% r 50% 1-h 100% 1-k 0% rate 100Mbit seed 7  Sent 115777257 bytes 94860 pkt (dropped 627, overlimits 0 requeues 0)   backlog 0b 0p requeues 0 
    QDISC srv0: qdisc netem 82ff: root refcnt 7 limit 1000 delay 5ms  3ms rate 100Mbit seed 7722186744093584571  Sent 15487347 bytes 65149 pkt (dropped 0, overlimits 0 requeues 0)   backlog 0b 0p requeues 0 
    QDISC srv1: qdisc netem 8300: root refcnt 7 limit 1000 delay 5ms  3ms rate 100Mbit seed 2620855494442758204  Sent 15188307 bytes 66031 pkt (dropped 0, overlimits 0 requeues 0)   backlog 0b 0p requeues 0 
    QCAP: /tmp/rwm-q.txt 18 lines
RUNTIME c7-D rep=3 13s
LATRESULT {"cell": "c7", "arm": "D", "seed": 7, "rep": 3, "dnf": false, "dnf_count": 0, "mbps": 150.167, "seconds": 10.655, "n_runs": 1, "occ_p50": 382, "occ_p90": 659, "occcap_p50": 4096, "q_p50": 17, "q_p95": 39, "q_p99": 43, "q_n": 74, "diag_lines": 42, "retx": 7787, "gates_cli_3t": 0, "gates_srv_3t": 0, "gates_cli_rs": 1, "gates_srv_rs": 1, "gates_lines_cli": 1, "gates_lines_srv": 1, "active_echo_cli": 0, "tt_eng1": 0, "ping_n": 204, "ping_p50": 22.5, "ping_p95": 47.1, "ping_p99": 71.7, "ping_max": 90.2, "ping_min": 9.0, "ping_tx": null, "ping_rx": null, "ping_loss": null, "wait_tun": 96, "wait_paused": 0, "wait_pace": 0, "wait_gen": 0, "wait_nack": 4, "wait_defc": 0, "wait_tail": 0, "wait_flush": 0, "wait_lines": 39, "dgq_hand": 178386, "dgq_tx": 178367, "dgq_full": 0, "dgq_err": 0, "dgq_gap": 19, "dgq_paths": 2, "tc_bytes": 227997122, "tc_pkts": 187154, "tc_drop": 1264, "tc_s": 13}
LIVENESS c7-D rep=3 cli=[RWM_THREE_TERM=0 RWM_PLAIN_RS=1] srv=[RWM_THREE_TERM=0 RWM_PLAIN_RS=1] active=0 eng1_lines=0 wait_lines=42 dgq_lines=40 ping_replies=204 (expect 3t=0 rs=1)
=== rep=3 arm=c2r200-A seed=7 env="" cell=c2r200/c2r200/single bytes=50000000 14:43:25
[2m2026-08-10T14:43:27.948829Z[0m [32m INFO[0m [2mraptorpath::gates[0m[2m:[0m [GATES] RWM_UNIFIED=1 RWM_UNIFIED_SHED=1 RWM_TAPER_R=1 RWM_ASTAR_ANCHOR=1 RWM_MSTAR_ANCHOR=1 RWM_PLAIN_RS=0 RWM_STORE_SACK_RELEASE=1 RWM_STORE_PATHS=1 RWM_STORE_PATH_POOL=2048 RWM_STORE=unset RWM_STORE_GAIN=2 RWM_STORE_BOOT=128 RWM_STORE_CAPW=0 RWM_STORE_CAP_UNIFIED=0 RWM_THREE_TERM=0 RWM_STORE_PERCAP=0 RWM_PERCAP_GUARD=1 RWM_STORE_BORROW=0 RWM_HONEST_CAP=1 RWM_POOL_ANCHOR=0 RWM_POOL_DELIV=0 RWM_FLOOR_BOUND=0 RWM_ACK_MERGE=1 RWM_PATIENCE_DERIVED=0 RWM_SIDLE_DERIVED=0 RWM_WIN_DECOUPLE=0 RWM_PLACE_SLACK=0 RWM_GEN=384 RWM_PIPELINE=2 RWM_GEN_PIPE=1 RWM_GEN_R=unset RWM_GEN_RATE=9000 RWM_GEN_RATE_FLOOR=2000 RWM_GEN_INFLIGHT=unset RWM_OOO_RETAIN=0/16 RWM_WINDOW=unset RWM_REPORT_GENS=unset RWM_REPAIR_WAIT=unset RWM_CODED_SRC=0 RWM_NO_REACTIVE=0 RWM_XPATH_REPAIR=0 RWM_PROACTIVE_PACER=0 RWM_REASM_BDP=0 RWM_MIN_R=0 RWM_CC_PACE=0 RWM_CC_PACE_HR=1.1 RWM_REACT_CAP=unset RWM_INFL_CAP=0 RWM_INFL_BDP=unset RWM_COPA_FEED=0 RWM_RS_ATTR=1 RWM_EMIT_BATCH=0 RWM_EMIT_BURST=64 RWM_RECOV_MP=1 RWM_RECOV_MP_LAW=1 RWM_RECOV_MP_LIVE=0 RWM_RECOV_SP=0 RWM_DIAG=1 RWM_RDIAG=0 RWM_FDIAG=0 RWM_TRACE=0 RWM_PFRAC=0
{"bytes":50000000,"dnf":0,"hint":"bulk","max_s":9.5541,"mean_mbps":41.867,"mean_s":9.5541,"median_s":9.5541,"min_s":9.5541,"proto":"rp-native","runs":1,"stdev_s":0.0,"summary":true}
    LATPROBE: /tmp/rwm-ping.txt 185 replies
    CPU: CPUSRV=3.38s CPUCLI=3.35s (srv=decoder cli=sender; whole-invocation incl warmup)
    QDISC cli0: qdisc netem 8301: root refcnt 7 limit 1000 delay 100ms loss gemodel p 1.3% r 50% 1-h 100% 1-k 0% rate 100Mbit seed 7  Sent 56106167 bytes 51961 pkt (dropped 370, overlimits 0 requeues 0)   backlog 15013b 9p requeues 0 
    QDISC cli1: qdisc netem 8302: root refcnt 7 limit 1000 delay 100ms loss gemodel p 1.3% r 50% 1-h 100% 1-k 0% rate 100Mbit seed 7  Sent 776 bytes 10 pkt (dropped 0, overlimits 0 requeues 0)   backlog 0b 0p requeues 0 
    QDISC srv0: qdisc netem 8303: root refcnt 7 limit 1000 delay 100ms rate 100Mbit seed 6632806264735047189  Sent 5649082 bytes 32616 pkt (dropped 0, overlimits 0 requeues 0)   backlog 2217b 13p requeues 0 
    QDISC srv1: qdisc netem 8304: root refcnt 7 limit 1000 delay 100ms rate 100Mbit seed 13117616473954970596  Sent 866 bytes 11 pkt (dropped 0, overlimits 0 requeues 0)   backlog 0b 0p requeues 0 
    QCAP: /tmp/rwm-q.txt 18 lines
RUNTIME c2r200-A rep=3 13s
LATRESULT {"cell": "c2r200", "arm": "A", "seed": 7, "rep": 3, "dnf": false, "dnf_count": 0, "mbps": 41.867, "seconds": 9.554, "n_runs": 1, "occ_p50": 1024, "occ_p90": 1024, "occcap_p50": 1024, "q_p50": 2, "q_p95": 4, "q_p99": 221, "q_n": 35, "diag_lines": 38, "retx": 1134, "gates_cli_3t": 0, "gates_srv_3t": 0, "gates_cli_rs": 0, "gates_srv_rs": 0, "gates_lines_cli": 1, "gates_lines_srv": 1, "active_echo_cli": 0, "tt_eng1": 0, "ping_n": 185, "ping_p50": 200.0, "ping_p95": 202.0, "ping_p99": 203.0, "ping_max": 203.0, "ping_min": 200.0, "ping_tx": null, "ping_rx": null, "ping_loss": null, "wait_tun": 14, "wait_paused": 67, "wait_pace": 0, "wait_gen": 0, "wait_nack": 18, "wait_defc": 0, "wait_tail": 1, "wait_flush": 0, "wait_lines": 35, "dgq_hand": 43700, "dgq_tx": 43700, "dgq_full": 0, "dgq_err": 0, "dgq_gap": 0, "dgq_paths": 1, "tc_bytes": 56120659, "tc_pkts": 51986, "tc_drop": 370, "tc_s": 13}
LIVENESS c2r200-A rep=3 cli=[RWM_THREE_TERM=0 RWM_PLAIN_RS=0] srv=[RWM_THREE_TERM=0 RWM_PLAIN_RS=0] active=0 eng1_lines=0 wait_lines=38 dgq_lines=36 ping_replies=185 (expect 3t=0 rs=0)
=== rep=3 arm=c2r200-B seed=7 env="RWM_THREE_TERM=1 RWM_PLAIN_RS=1" cell=c2r200/c2r200/single bytes=50000000 14:43:38
[2m2026-08-10T14:43:40.395442Z[0m [32m INFO[0m [2mraptorpath::gates[0m[2m:[0m [GATES] RWM_UNIFIED=1 RWM_UNIFIED_SHED=1 RWM_TAPER_R=1 RWM_ASTAR_ANCHOR=1 RWM_MSTAR_ANCHOR=1 RWM_PLAIN_RS=1 RWM_STORE_SACK_RELEASE=1 RWM_STORE_PATHS=1 RWM_STORE_PATH_POOL=2048 RWM_STORE=unset RWM_STORE_GAIN=2 RWM_STORE_BOOT=128 RWM_STORE_CAPW=0 RWM_STORE_CAP_UNIFIED=0 RWM_THREE_TERM=1 RWM_STORE_PERCAP=0 RWM_PERCAP_GUARD=1 RWM_STORE_BORROW=0 RWM_HONEST_CAP=1 RWM_POOL_ANCHOR=0 RWM_POOL_DELIV=0 RWM_FLOOR_BOUND=0 RWM_ACK_MERGE=1 RWM_PATIENCE_DERIVED=0 RWM_SIDLE_DERIVED=0 RWM_WIN_DECOUPLE=0 RWM_PLACE_SLACK=0 RWM_GEN=384 RWM_PIPELINE=2 RWM_GEN_PIPE=1 RWM_GEN_R=unset RWM_GEN_RATE=9000 RWM_GEN_RATE_FLOOR=2000 RWM_GEN_INFLIGHT=unset RWM_OOO_RETAIN=0/16 RWM_WINDOW=unset RWM_REPORT_GENS=unset RWM_REPAIR_WAIT=unset RWM_CODED_SRC=0 RWM_NO_REACTIVE=0 RWM_XPATH_REPAIR=0 RWM_PROACTIVE_PACER=0 RWM_REASM_BDP=0 RWM_MIN_R=0 RWM_CC_PACE=0 RWM_CC_PACE_HR=1.1 RWM_REACT_CAP=unset RWM_INFL_CAP=0 RWM_INFL_BDP=unset RWM_COPA_FEED=0 RWM_RS_ATTR=1 RWM_EMIT_BATCH=0 RWM_EMIT_BURST=64 RWM_RECOV_MP=1 RWM_RECOV_MP_LAW=1 RWM_RECOV_MP_LIVE=0 RWM_RECOV_SP=0 RWM_DIAG=1 RWM_RDIAG=0 RWM_FDIAG=0 RWM_TRACE=0 RWM_PFRAC=0
{"bytes":50000000,"dnf":0,"hint":"bulk","max_s":8.7275,"mean_mbps":45.832,"mean_s":8.7275,"median_s":8.7275,"min_s":8.7275,"proto":"rp-native","runs":1,"stdev_s":0.0,"summary":true}
    LATPROBE: /tmp/rwm-ping.txt 172 replies
    CPU: CPUSRV=3.86s CPUCLI=8.40s (srv=decoder cli=sender; whole-invocation incl warmup)
    QDISC cli0: qdisc netem 8305: root refcnt 7 limit 1000 delay 100ms loss gemodel p 1.3% r 50% 1-h 100% 1-k 0% rate 100Mbit seed 7  Sent 60567399 bytes 49653 pkt (dropped 588, overlimits 0 requeues 0)   backlog 6834b 5p requeues 0 
    QDISC cli1: qdisc netem 8306: root refcnt 7 limit 1000 delay 100ms loss gemodel p 1.3% r 50% 1-h 100% 1-k 0% rate 100Mbit seed 7  Sent 776 bytes 10 pkt (dropped 0, overlimits 0 requeues 0)   backlog 0b 0p requeues 0 
    QDISC srv0: qdisc netem 8307: root refcnt 7 limit 1000 delay 100ms rate 100Mbit seed 16726543849871605645  Sent 7187689 bytes 36313 pkt (dropped 2, overlimits 0 requeues 0)   backlog 4781b 16p requeues 0 
    QDISC srv1: qdisc netem 8308: root refcnt 7 limit 1000 delay 100ms rate 100Mbit seed 9299853126133527794  Sent 866 bytes 11 pkt (dropped 0, overlimits 0 requeues 0)   backlog 0b 0p requeues 0 
    QCAP: /tmp/rwm-q.txt 18 lines
RUNTIME c2r200-B rep=3 11s
LATRESULT {"cell": "c2r200", "arm": "B", "seed": 7, "rep": 3, "dnf": false, "dnf_count": 0, "mbps": 45.832, "seconds": 8.728, "n_runs": 1, "occ_p50": 3275, "occ_p90": 4044, "occcap_p50": 4096, "q_p50": 238, "q_p95": 765, "q_p99": 769, "q_n": 18, "diag_lines": 34, "retx": 6126, "gates_cli_3t": 1, "gates_srv_3t": 1, "gates_cli_rs": 1, "gates_srv_rs": 1, "gates_lines_cli": 1, "gates_lines_srv": 1, "active_echo_cli": 1, "tt_eng1": 4, "ping_n": 172, "ping_p50": 200.0, "ping_p95": 453.0, "ping_p99": 464.0, "ping_max": 537.0, "ping_min": 200.0, "ping_tx": null, "ping_rx": null, "ping_loss": null, "wait_tun": 36, "wait_paused": 2, "wait_pace": 0, "wait_gen": 0, "wait_nack": 24, "wait_defc": 0, "wait_tail": 0, "wait_flush": 0, "wait_lines": 31, "dgq_hand": 48697, "dgq_tx": 48467, "dgq_full": 230, "dgq_err": 0, "dgq_gap": 230, "dgq_paths": 1, "tc_bytes": 60574898, "tc_pkts": 49670, "tc_drop": 590, "tc_s": 11}
LIVENESS c2r200-B rep=3 cli=[RWM_THREE_TERM=1 RWM_PLAIN_RS=1] srv=[RWM_THREE_TERM=1 RWM_PLAIN_RS=1] active=1 eng1_lines=4 wait_lines=34 dgq_lines=18 ping_replies=172 (expect 3t=1 rs=1)
=== rep=3 arm=c2r200-D seed=7 env="RWM_PLAIN_RS=1" cell=c2r200/c2r200/single bytes=50000000 14:43:50
[2m2026-08-10T14:43:52.311098Z[0m [32m INFO[0m [2mraptorpath::gates[0m[2m:[0m [GATES] RWM_UNIFIED=1 RWM_UNIFIED_SHED=1 RWM_TAPER_R=1 RWM_ASTAR_ANCHOR=1 RWM_MSTAR_ANCHOR=1 RWM_PLAIN_RS=1 RWM_STORE_SACK_RELEASE=1 RWM_STORE_PATHS=1 RWM_STORE_PATH_POOL=2048 RWM_STORE=unset RWM_STORE_GAIN=2 RWM_STORE_BOOT=128 RWM_STORE_CAPW=0 RWM_STORE_CAP_UNIFIED=0 RWM_THREE_TERM=0 RWM_STORE_PERCAP=0 RWM_PERCAP_GUARD=1 RWM_STORE_BORROW=0 RWM_HONEST_CAP=1 RWM_POOL_ANCHOR=0 RWM_POOL_DELIV=0 RWM_FLOOR_BOUND=0 RWM_ACK_MERGE=1 RWM_PATIENCE_DERIVED=0 RWM_SIDLE_DERIVED=0 RWM_WIN_DECOUPLE=0 RWM_PLACE_SLACK=0 RWM_GEN=384 RWM_PIPELINE=2 RWM_GEN_PIPE=1 RWM_GEN_R=unset RWM_GEN_RATE=9000 RWM_GEN_RATE_FLOOR=2000 RWM_GEN_INFLIGHT=unset RWM_OOO_RETAIN=0/16 RWM_WINDOW=unset RWM_REPORT_GENS=unset RWM_REPAIR_WAIT=unset RWM_CODED_SRC=0 RWM_NO_REACTIVE=0 RWM_XPATH_REPAIR=0 RWM_PROACTIVE_PACER=0 RWM_REASM_BDP=0 RWM_MIN_R=0 RWM_CC_PACE=0 RWM_CC_PACE_HR=1.1 RWM_REACT_CAP=unset RWM_INFL_CAP=0 RWM_INFL_BDP=unset RWM_COPA_FEED=0 RWM_RS_ATTR=1 RWM_EMIT_BATCH=0 RWM_EMIT_BURST=64 RWM_RECOV_MP=1 RWM_RECOV_MP_LAW=1 RWM_RECOV_MP_LIVE=0 RWM_RECOV_SP=0 RWM_DIAG=1 RWM_RDIAG=0 RWM_FDIAG=0 RWM_TRACE=0 RWM_PFRAC=0
{"bytes":50000000,"dnf":0,"hint":"bulk","max_s":9.9499,"mean_mbps":40.202,"mean_s":9.9499,"median_s":9.9499,"min_s":9.9499,"proto":"rp-native","runs":1,"stdev_s":0.0,"summary":true}
    LATPROBE: /tmp/rwm-ping.txt 195 replies
    CPU: CPUSRV=3.40s CPUCLI=4.11s (srv=decoder cli=sender; whole-invocation incl warmup)
    QDISC cli0: qdisc netem 8309: root refcnt 7 limit 1000 delay 100ms loss gemodel p 1.3% r 50% 1-h 100% 1-k 0% rate 100Mbit seed 7  Sent 56510827 bytes 49960 pkt (dropped 366, overlimits 0 requeues 0)   backlog 14915b 12p requeues 0 
    QDISC cli1: qdisc netem 830a: root refcnt 7 limit 1000 delay 100ms loss gemodel p 1.3% r 50% 1-h 100% 1-k 0% rate 100Mbit seed 7  Sent 776 bytes 10 pkt (dropped 0, overlimits 0 requeues 0)   backlog 0b 0p requeues 0 
    QDISC srv0: qdisc netem 830b: root refcnt 7 limit 1000 delay 100ms rate 100Mbit seed 1326549320920730384  Sent 5762005 bytes 33257 pkt (dropped 0, overlimits 0 requeues 0)   backlog 196b 2p requeues 0 
    QDISC srv1: qdisc netem 830c: root refcnt 7 limit 1000 delay 100ms rate 100Mbit seed 556629839872179933  Sent 866 bytes 11 pkt (dropped 0, overlimits 0 requeues 0)   backlog 0b 0p requeues 0 
    QCAP: /tmp/rwm-q.txt 18 lines
RUNTIME c2r200-D rep=3 13s
LATRESULT {"cell": "c2r200", "arm": "D", "seed": 7, "rep": 3, "dnf": false, "dnf_count": 0, "mbps": 40.202, "seconds": 9.95, "n_runs": 1, "occ_p50": 1014, "occ_p90": 1024, "occcap_p50": 1024, "q_p50": 2, "q_p95": 7, "q_p99": 33, "q_n": 34, "diag_lines": 40, "retx": 1728, "gates_cli_3t": 0, "gates_srv_3t": 0, "gates_cli_rs": 1, "gates_srv_rs": 1, "gates_lines_cli": 1, "gates_lines_srv": 1, "active_echo_cli": 0, "tt_eng1": 0, "ping_n": 195, "ping_p50": 200.0, "ping_p95": 202.0, "ping_p99": 202.0, "ping_max": 203.0, "ping_min": 200.0, "ping_tx": null, "ping_rx": null, "ping_loss": null, "wait_tun": 16, "wait_paused": 55, "wait_pace": 0, "wait_gen": 0, "wait_nack": 28, "wait_defc": 0, "wait_tail": 1, "wait_flush": 0, "wait_lines": 37, "dgq_hand": 44317, "dgq_tx": 44317, "dgq_full": 0, "dgq_err": 0, "dgq_gap": 0, "dgq_paths": 1, "tc_bytes": 56524844, "tc_pkts": 49983, "tc_drop": 366, "tc_s": 13}
LIVENESS c2r200-D rep=3 cli=[RWM_THREE_TERM=0 RWM_PLAIN_RS=1] srv=[RWM_THREE_TERM=0 RWM_PLAIN_RS=1] active=0 eng1_lines=0 wait_lines=40 dgq_lines=34 ping_replies=195 (expect 3t=0 rs=1)
=== rep=3 arm=c1-A seed=7 env="" cell=c1/c1/single bytes=400000000 14:44:03
[2m2026-08-10T14:44:05.043597Z[0m [32m INFO[0m [2mraptorpath::gates[0m[2m:[0m [GATES] RWM_UNIFIED=1 RWM_UNIFIED_SHED=1 RWM_TAPER_R=1 RWM_ASTAR_ANCHOR=1 RWM_MSTAR_ANCHOR=1 RWM_PLAIN_RS=0 RWM_STORE_SACK_RELEASE=1 RWM_STORE_PATHS=1 RWM_STORE_PATH_POOL=2048 RWM_STORE=unset RWM_STORE_GAIN=2 RWM_STORE_BOOT=128 RWM_STORE_CAPW=0 RWM_STORE_CAP_UNIFIED=0 RWM_THREE_TERM=0 RWM_STORE_PERCAP=0 RWM_PERCAP_GUARD=1 RWM_STORE_BORROW=0 RWM_HONEST_CAP=1 RWM_POOL_ANCHOR=0 RWM_POOL_DELIV=0 RWM_FLOOR_BOUND=0 RWM_ACK_MERGE=1 RWM_PATIENCE_DERIVED=0 RWM_SIDLE_DERIVED=0 RWM_WIN_DECOUPLE=0 RWM_PLACE_SLACK=0 RWM_GEN=384 RWM_PIPELINE=2 RWM_GEN_PIPE=1 RWM_GEN_R=unset RWM_GEN_RATE=9000 RWM_GEN_RATE_FLOOR=2000 RWM_GEN_INFLIGHT=unset RWM_OOO_RETAIN=0/16 RWM_WINDOW=unset RWM_REPORT_GENS=unset RWM_REPAIR_WAIT=unset RWM_CODED_SRC=0 RWM_NO_REACTIVE=0 RWM_XPATH_REPAIR=0 RWM_PROACTIVE_PACER=0 RWM_REASM_BDP=0 RWM_MIN_R=0 RWM_CC_PACE=0 RWM_CC_PACE_HR=1.1 RWM_REACT_CAP=unset RWM_INFL_CAP=0 RWM_INFL_BDP=unset RWM_COPA_FEED=0 RWM_RS_ATTR=1 RWM_EMIT_BATCH=0 RWM_EMIT_BURST=64 RWM_RECOV_MP=1 RWM_RECOV_MP_LAW=1 RWM_RECOV_MP_LIVE=0 RWM_RECOV_SP=0 RWM_DIAG=1 RWM_RDIAG=0 RWM_FDIAG=0 RWM_TRACE=0 RWM_PFRAC=0
{"bytes":400000000,"dnf":0,"hint":"bulk","max_s":14.4265,"mean_mbps":221.814,"mean_s":14.4265,"median_s":14.4265,"min_s":14.4265,"proto":"rp-native","runs":1,"stdev_s":0.0,"summary":true}
    LATPROBE: /tmp/rwm-ping.txt 288 replies
    CPU: CPUSRV=15.65s CPUCLI=15.76s (srv=decoder cli=sender; whole-invocation incl warmup)
    QDISC cli0: qdisc netem 830d: root refcnt 7 limit 1000 delay 1ms loss gemodel p 0.05% r 50% 1-h 100% 1-k 0% rate 1Gbit seed 7  Sent 438454510 bytes 347975 pkt (dropped 57, overlimits 0 requeues 0)   backlog 0b 0p requeues 0 
    QDISC cli1: qdisc netem 830e: root refcnt 7 limit 1000 delay 1ms loss gemodel p 0.05% r 50% 1-h 100% 1-k 0% rate 1Gbit seed 7  Sent 846 bytes 11 pkt (dropped 0, overlimits 0 requeues 0)   backlog 0b 0p requeues 0 
    QDISC srv0: qdisc netem 830f: root refcnt 7 limit 1000 delay 1ms rate 1Gbit seed 1496548063839311381  Sent 31883343 bytes 89249 pkt (dropped 0, overlimits 0 requeues 0)   backlog 144b 2p requeues 0 
    QDISC srv1: qdisc netem 8310: root refcnt 7 limit 1000 delay 1ms rate 1Gbit seed 2245269472020535055  Sent 936 bytes 12 pkt (dropped 0, overlimits 0 requeues 0)   backlog 0b 0p requeues 0 
    QCAP: /tmp/rwm-q.txt 18 lines
RUNTIME c1-A rep=3 16s
LATRESULT {"cell": "c1", "arm": "A", "seed": 7, "rep": 3, "dnf": false, "dnf_count": 0, "mbps": 221.814, "seconds": 14.427, "n_runs": 1, "occ_p50": 229, "occ_p90": 388, "occcap_p50": 532, "q_p50": 7, "q_p95": 20, "q_p99": 24, "q_n": 40, "diag_lines": 57, "retx": 883, "gates_cli_3t": 0, "gates_srv_3t": 0, "gates_cli_rs": 0, "gates_srv_rs": 0, "gates_lines_cli": 1, "gates_lines_srv": 1, "active_echo_cli": 0, "tt_eng1": 0, "ping_n": 288, "ping_p50": 2.06, "ping_p95": 2.58, "ping_p99": 2.8, "ping_max": 2.86, "ping_min": 2.03, "ping_tx": null, "ping_rx": null, "ping_loss": null, "wait_tun": 66, "wait_paused": 34, "wait_pace": 0, "wait_gen": 0, "wait_nack": 0, "wait_defc": 0, "wait_tail": 0, "wait_flush": 0, "wait_lines": 54, "dgq_hand": 337272, "dgq_tx": 337272, "dgq_full": 0, "dgq_err": 0, "dgq_gap": 0, "dgq_paths": 1, "tc_bytes": 438455556, "tc_pkts": 347988, "tc_drop": 57, "tc_s": 16}
LIVENESS c1-A rep=3 cli=[RWM_THREE_TERM=0 RWM_PLAIN_RS=0] srv=[RWM_THREE_TERM=0 RWM_PLAIN_RS=0] active=0 eng1_lines=0 wait_lines=57 dgq_lines=42 ping_replies=288 (expect 3t=0 rs=0)
=== rep=3 arm=c1-B seed=7 env="RWM_THREE_TERM=1 RWM_PLAIN_RS=1" cell=c1/c1/single bytes=400000000 14:44:19
[2m2026-08-10T14:44:21.667818Z[0m [32m INFO[0m [2mraptorpath::gates[0m[2m:[0m [GATES] RWM_UNIFIED=1 RWM_UNIFIED_SHED=1 RWM_TAPER_R=1 RWM_ASTAR_ANCHOR=1 RWM_MSTAR_ANCHOR=1 RWM_PLAIN_RS=1 RWM_STORE_SACK_RELEASE=1 RWM_STORE_PATHS=1 RWM_STORE_PATH_POOL=2048 RWM_STORE=unset RWM_STORE_GAIN=2 RWM_STORE_BOOT=128 RWM_STORE_CAPW=0 RWM_STORE_CAP_UNIFIED=0 RWM_THREE_TERM=1 RWM_STORE_PERCAP=0 RWM_PERCAP_GUARD=1 RWM_STORE_BORROW=0 RWM_HONEST_CAP=1 RWM_POOL_ANCHOR=0 RWM_POOL_DELIV=0 RWM_FLOOR_BOUND=0 RWM_ACK_MERGE=1 RWM_PATIENCE_DERIVED=0 RWM_SIDLE_DERIVED=0 RWM_WIN_DECOUPLE=0 RWM_PLACE_SLACK=0 RWM_GEN=384 RWM_PIPELINE=2 RWM_GEN_PIPE=1 RWM_GEN_R=unset RWM_GEN_RATE=9000 RWM_GEN_RATE_FLOOR=2000 RWM_GEN_INFLIGHT=unset RWM_OOO_RETAIN=0/16 RWM_WINDOW=unset RWM_REPORT_GENS=unset RWM_REPAIR_WAIT=unset RWM_CODED_SRC=0 RWM_NO_REACTIVE=0 RWM_XPATH_REPAIR=0 RWM_PROACTIVE_PACER=0 RWM_REASM_BDP=0 RWM_MIN_R=0 RWM_CC_PACE=0 RWM_CC_PACE_HR=1.1 RWM_REACT_CAP=unset RWM_INFL_CAP=0 RWM_INFL_BDP=unset RWM_COPA_FEED=0 RWM_RS_ATTR=1 RWM_EMIT_BATCH=0 RWM_EMIT_BURST=64 RWM_RECOV_MP=1 RWM_RECOV_MP_LAW=1 RWM_RECOV_MP_LIVE=0 RWM_RECOV_SP=0 RWM_DIAG=1 RWM_RDIAG=0 RWM_FDIAG=0 RWM_TRACE=0 RWM_PFRAC=0
{"bytes":400000000,"dnf":0,"hint":"bulk","max_s":21.587,"mean_mbps":148.238,"mean_s":21.587,"median_s":21.587,"min_s":21.587,"proto":"rp-native","runs":1,"stdev_s":0.0,"summary":true}
    LATPROBE: /tmp/rwm-ping.txt 429 replies
    CPU: CPUSRV=20.96s CPUCLI=28.46s (srv=decoder cli=sender; whole-invocation incl warmup)
    QDISC cli0: qdisc netem 8311: root refcnt 7 limit 1000 delay 1ms loss gemodel p 0.05% r 50% 1-h 100% 1-k 0% rate 1Gbit seed 7  Sent 438735006 bytes 348855 pkt (dropped 57, overlimits 0 requeues 0)   backlog 0b 0p requeues 0 
    QDISC cli1: qdisc netem 8312: root refcnt 7 limit 1000 delay 1ms loss gemodel p 0.05% r 50% 1-h 100% 1-k 0% rate 1Gbit seed 7  Sent 846 bytes 11 pkt (dropped 0, overlimits 0 requeues 0)   backlog 0b 0p requeues 0 
    QDISC srv0: qdisc netem 8313: root refcnt 7 limit 1000 delay 1ms rate 1Gbit seed 986179611841030133  Sent 37535508 bytes 162543 pkt (dropped 0, overlimits 0 requeues 0)   backlog 0b 0p requeues 0 
    QDISC srv1: qdisc netem 8314: root refcnt 7 limit 1000 delay 1ms rate 1Gbit seed 5946187030234985551  Sent 936 bytes 12 pkt (dropped 0, overlimits 0 requeues 0)   backlog 0b 0p requeues 0 
    QCAP: /tmp/rwm-q.txt 18 lines
RUNTIME c1-B rep=3 24s
LATRESULT {"cell": "c1", "arm": "B", "seed": 7, "rep": 3, "dnf": false, "dnf_count": 0, "mbps": 148.238, "seconds": 21.587, "n_runs": 1, "occ_p50": 185, "occ_p90": 265, "occcap_p50": 480, "q_p50": 9, "q_p95": 13, "q_p99": 17, "q_n": 76, "diag_lines": 86, "retx": 1240, "gates_cli_3t": 1, "gates_srv_3t": 1, "gates_cli_rs": 1, "gates_srv_rs": 1, "gates_lines_cli": 1, "gates_lines_srv": 1, "active_echo_cli": 1, "tt_eng1": 10, "ping_n": 429, "ping_p50": 2.06, "ping_p95": 2.63, "ping_p99": 2.91, "ping_max": 2.97, "ping_min": 2.03, "ping_tx": null, "ping_rx": null, "ping_loss": null, "wait_tun": 100, "wait_paused": 0, "wait_pace": 0, "wait_gen": 0, "wait_nack": 0, "wait_defc": 0, "wait_tail": 0, "wait_flush": 0, "wait_lines": 83, "dgq_hand": 341323, "dgq_tx": 341283, "dgq_full": 0, "dgq_err": 0, "dgq_gap": 40, "dgq_paths": 1, "tc_bytes": 438736052, "tc_pkts": 348868, "tc_drop": 57, "tc_s": 24}
LIVENESS c1-B rep=3 cli=[RWM_THREE_TERM=1 RWM_PLAIN_RS=1] srv=[RWM_THREE_TERM=1 RWM_PLAIN_RS=1] active=1 eng1_lines=10 wait_lines=86 dgq_lines=78 ping_replies=429 (expect 3t=1 rs=1)
=== rep=3 arm=c1-D seed=7 env="RWM_PLAIN_RS=1" cell=c1/c1/single bytes=400000000 14:44:43
[2m2026-08-10T14:44:45.434912Z[0m [32m INFO[0m [2mraptorpath::gates[0m[2m:[0m [GATES] RWM_UNIFIED=1 RWM_UNIFIED_SHED=1 RWM_TAPER_R=1 RWM_ASTAR_ANCHOR=1 RWM_MSTAR_ANCHOR=1 RWM_PLAIN_RS=1 RWM_STORE_SACK_RELEASE=1 RWM_STORE_PATHS=1 RWM_STORE_PATH_POOL=2048 RWM_STORE=unset RWM_STORE_GAIN=2 RWM_STORE_BOOT=128 RWM_STORE_CAPW=0 RWM_STORE_CAP_UNIFIED=0 RWM_THREE_TERM=0 RWM_STORE_PERCAP=0 RWM_PERCAP_GUARD=1 RWM_STORE_BORROW=0 RWM_HONEST_CAP=1 RWM_POOL_ANCHOR=0 RWM_POOL_DELIV=0 RWM_FLOOR_BOUND=0 RWM_ACK_MERGE=1 RWM_PATIENCE_DERIVED=0 RWM_SIDLE_DERIVED=0 RWM_WIN_DECOUPLE=0 RWM_PLACE_SLACK=0 RWM_GEN=384 RWM_PIPELINE=2 RWM_GEN_PIPE=1 RWM_GEN_R=unset RWM_GEN_RATE=9000 RWM_GEN_RATE_FLOOR=2000 RWM_GEN_INFLIGHT=unset RWM_OOO_RETAIN=0/16 RWM_WINDOW=unset RWM_REPORT_GENS=unset RWM_REPAIR_WAIT=unset RWM_CODED_SRC=0 RWM_NO_REACTIVE=0 RWM_XPATH_REPAIR=0 RWM_PROACTIVE_PACER=0 RWM_REASM_BDP=0 RWM_MIN_R=0 RWM_CC_PACE=0 RWM_CC_PACE_HR=1.1 RWM_REACT_CAP=unset RWM_INFL_CAP=0 RWM_INFL_BDP=unset RWM_COPA_FEED=0 RWM_RS_ATTR=1 RWM_EMIT_BATCH=0 RWM_EMIT_BURST=64 RWM_RECOV_MP=1 RWM_RECOV_MP_LAW=1 RWM_RECOV_MP_LIVE=0 RWM_RECOV_SP=0 RWM_DIAG=1 RWM_RDIAG=0 RWM_FDIAG=0 RWM_TRACE=0 RWM_PFRAC=0
{"bytes":400000000,"dnf":0,"hint":"bulk","max_s":21.6546,"mean_mbps":147.774,"mean_s":21.6546,"median_s":21.6546,"min_s":21.6546,"proto":"rp-native","runs":1,"stdev_s":0.0,"summary":true}
    LATPROBE: /tmp/rwm-ping.txt 432 replies
    CPU: CPUSRV=17.88s CPUCLI=24.83s (srv=decoder cli=sender; whole-invocation incl warmup)
    QDISC cli0: qdisc netem 8315: root refcnt 7 limit 1000 delay 1ms loss gemodel p 0.05% r 50% 1-h 100% 1-k 0% rate 1Gbit seed 7  Sent 439440620 bytes 364069 pkt (dropped 63, overlimits 0 requeues 0)   backlog 0b 0p requeues 0 
    QDISC cli1: qdisc netem 8316: root refcnt 7 limit 1000 delay 1ms loss gemodel p 0.05% r 50% 1-h 100% 1-k 0% rate 1Gbit seed 7  Sent 846 bytes 11 pkt (dropped 0, overlimits 0 requeues 0)   backlog 0b 0p requeues 0 
    QDISC srv0: qdisc netem 8317: root refcnt 7 limit 1000 delay 1ms rate 1Gbit seed 2319560299263662977  Sent 34693848 bytes 120299 pkt (dropped 0, overlimits 0 requeues 0)   backlog 0b 0p requeues 0 
    QDISC srv1: qdisc netem 8318: root refcnt 7 limit 1000 delay 1ms rate 1Gbit seed 6258144038617116289  Sent 936 bytes 12 pkt (dropped 0, overlimits 0 requeues 0)   backlog 0b 0p requeues 0 
    QCAP: /tmp/rwm-q.txt 18 lines
RUNTIME c1-D rep=3 24s
LATRESULT {"cell": "c1", "arm": "D", "seed": 7, "rep": 3, "dnf": false, "dnf_count": 0, "mbps": 147.774, "seconds": 21.655, "n_runs": 1, "occ_p50": 170, "occ_p90": 282, "occcap_p50": 1024, "q_p50": 10, "q_p95": 23, "q_p99": 28, "q_n": 47, "diag_lines": 86, "retx": 541, "gates_cli_3t": 0, "gates_srv_3t": 0, "gates_cli_rs": 1, "gates_srv_rs": 1, "gates_lines_cli": 1, "gates_lines_srv": 1, "active_echo_cli": 0, "tt_eng1": 0, "ping_n": 432, "ping_p50": 2.06, "ping_p95": 2.44, "ping_p99": 2.81, "ping_max": 4.68, "ping_min": 2.03, "ping_tx": null, "ping_rx": null, "ping_loss": null, "wait_tun": 61, "wait_paused": 38, "wait_pace": 0, "wait_gen": 0, "wait_nack": 0, "wait_defc": 0, "wait_tail": 0, "wait_flush": 0, "wait_lines": 83, "dgq_hand": 339273, "dgq_tx": 339272, "dgq_full": 0, "dgq_err": 0, "dgq_gap": 1, "dgq_paths": 1, "tc_bytes": 439441666, "tc_pkts": 364082, "tc_drop": 63, "tc_s": 24}
LIVENESS c1-D rep=3 cli=[RWM_THREE_TERM=0 RWM_PLAIN_RS=1] srv=[RWM_THREE_TERM=0 RWM_PLAIN_RS=1] active=0 eng1_lines=0 wait_lines=86 dgq_lines=47 ping_replies=432 (expect 3t=0 rs=1)
=== rep=4 arm=sc2-A seed=7 env="" cell=c2/c2/single bytes=100000000 14:45:07
RUNTIME sc2-A rep=4 3s
LATRESULT {"cell": "sc2", "arm": "A", "seed": 7, "rep": 4, "dnf": true, "dnf_count": null, "mbps": null, "seconds": null, "n_runs": 0, "occ_p50": null, "occ_p90": null, "occcap_p50": null, "q_p50": null, "q_p95": null, "q_p99": null, "q_n": 0, "diag_lines": 0, "retx": 0, "gates_cli_3t": null, "gates_srv_3t": null, "gates_cli_rs": null, "gates_srv_rs": null, "gates_lines_cli": 0, "gates_lines_srv": 0, "active_echo_cli": 0, "tt_eng1": 0, "ping_n": 432, "ping_p50": 2.06, "ping_p95": 2.44, "ping_p99": 2.81, "ping_max": 4.68, "ping_min": 2.03, "ping_tx": null, "ping_rx": null, "ping_loss": null, "wait_tun": null, "wait_paused": null, "wait_pace": null, "wait_gen": null, "wait_nack": null, "wait_defc": null, "wait_tail": null, "wait_flush": null, "wait_lines": 0, "dgq_hand": null, "dgq_tx": null, "dgq_full": null, "dgq_err": null, "dgq_gap": null, "dgq_paths": null, "tc_bytes": null, "tc_pkts": null, "tc_drop": null, "tc_s": null}
LIVENESS sc2-A rep=4 cli=[ ] srv=[ ] active= eng1_lines=0 wait_lines= dgq_lines= ping_replies=432 (expect 3t=0 rs=0)
ARM-LIVENESS-FAIL-GATE-CLI sc2-A rep=4 got=''
ARM-LIVENESS-FAIL-GATE-SRV sc2-A rep=4 got=''
ARM-LIVENESS-FAIL-RS-CLI sc2-A rep=4 got=''
ARM-LIVENESS-FAIL-RS-SRV sc2-A rep=4 got=''
QCAP-MISSING sc2-A rep=4
=== rep=4 arm=sc2-B seed=7 env="RWM_THREE_TERM=1 RWM_PLAIN_RS=1" cell=c2/c2/single bytes=100000000 14:45:10
[2m2026-08-10T14:45:12.645525Z[0m [32m INFO[0m [2mraptorpath::gates[0m[2m:[0m [GATES] RWM_UNIFIED=1 RWM_UNIFIED_SHED=1 RWM_TAPER_R=1 RWM_ASTAR_ANCHOR=1 RWM_MSTAR_ANCHOR=1 RWM_PLAIN_RS=1 RWM_STORE_SACK_RELEASE=1 RWM_STORE_PATHS=1 RWM_STORE_PATH_POOL=2048 RWM_STORE=unset RWM_STORE_GAIN=2 RWM_STORE_BOOT=128 RWM_STORE_CAPW=0 RWM_STORE_CAP_UNIFIED=0 RWM_THREE_TERM=1 RWM_STORE_PERCAP=0 RWM_PERCAP_GUARD=1 RWM_STORE_BORROW=0 RWM_HONEST_CAP=1 RWM_POOL_ANCHOR=0 RWM_POOL_DELIV=0 RWM_FLOOR_BOUND=0 RWM_ACK_MERGE=1 RWM_PATIENCE_DERIVED=0 RWM_SIDLE_DERIVED=0 RWM_WIN_DECOUPLE=0 RWM_PLACE_SLACK=0 RWM_GEN=384 RWM_PIPELINE=2 RWM_GEN_PIPE=1 RWM_GEN_R=unset RWM_GEN_RATE=9000 RWM_GEN_RATE_FLOOR=2000 RWM_GEN_INFLIGHT=unset RWM_OOO_RETAIN=0/16 RWM_WINDOW=unset RWM_REPORT_GENS=unset RWM_REPAIR_WAIT=unset RWM_CODED_SRC=0 RWM_NO_REACTIVE=0 RWM_XPATH_REPAIR=0 RWM_PROACTIVE_PACER=0 RWM_REASM_BDP=0 RWM_MIN_R=0 RWM_CC_PACE=0 RWM_CC_PACE_HR=1.1 RWM_REACT_CAP=unset RWM_INFL_CAP=0 RWM_INFL_BDP=unset RWM_COPA_FEED=0 RWM_RS_ATTR=1 RWM_EMIT_BATCH=0 RWM_EMIT_BURST=64 RWM_RECOV_MP=1 RWM_RECOV_MP_LAW=1 RWM_RECOV_MP_LIVE=0 RWM_RECOV_SP=0 RWM_DIAG=1 RWM_RDIAG=0 RWM_FDIAG=0 RWM_TRACE=0 RWM_PFRAC=0
{"bytes":100000000,"dnf":0,"hint":"bulk","max_s":9.5087,"mean_mbps":84.133,"mean_s":9.5087,"median_s":9.5087,"min_s":9.5087,"proto":"rp-native","runs":1,"stdev_s":0.0,"summary":true}
    LATPROBE: /tmp/rwm-ping.txt 187 replies
    CPU: CPUSRV=6.46s CPUCLI=6.52s (srv=decoder cli=sender; whole-invocation incl warmup)
    QDISC cli0: qdisc netem 831d: root refcnt 7 limit 1000 delay 5ms  3ms loss gemodel p 1.3% r 50% 1-h 100% 1-k 0% rate 100Mbit seed 7  Sent 112083133 bytes 93222 pkt (dropped 508, overlimits 0 requeues 0)   backlog 0b 0p requeues 0 
    QDISC cli1: qdisc netem 831e: root refcnt 7 limit 1000 delay 5ms  3ms loss gemodel p 1.3% r 50% 1-h 100% 1-k 0% rate 100Mbit seed 7  Sent 592 bytes 8 pkt (dropped 2, overlimits 0 requeues 0)   backlog 0b 0p requeues 0 
    QDISC srv0: qdisc netem 831f: root refcnt 7 limit 1000 delay 5ms  3ms rate 100Mbit seed 12609975737082995941  Sent 11330655 bytes 67017 pkt (dropped 0, overlimits 0 requeues 0)   backlog 0b 0p requeues 0 
    QDISC srv1: qdisc netem 8320: root refcnt 7 limit 1000 delay 5ms  3ms rate 100Mbit seed 14430554274650461842  Sent 768 bytes 10 pkt (dropped 0, overlimits 0 requeues 0)   backlog 0b 0p requeues 0 
    QCAP: /tmp/rwm-q.txt 18 lines
RUNTIME sc2-B rep=4 12s
LATRESULT {"cell": "sc2", "arm": "B", "seed": 7, "rep": 4, "dnf": false, "dnf_count": 0, "mbps": 84.133, "seconds": 9.509, "n_runs": 1, "occ_p50": 470, "occ_p90": 495, "occcap_p50": 491, "q_p50": 35, "q_p95": 39, "q_p99": 44, "q_n": 34, "diag_lines": 37, "retx": 3315, "gates_cli_3t": 1, "gates_srv_3t": 1, "gates_cli_rs": 1, "gates_srv_rs": 1, "gates_lines_cli": 1, "gates_lines_srv": 1, "active_echo_cli": 1, "tt_eng1": 4, "ping_n": 187, "ping_p50": 46.7, "ping_p95": 50.9, "ping_p99": 52.4, "ping_max": 53.1, "ping_min": 8.54, "ping_tx": null, "ping_rx": null, "ping_loss": null, "wait_tun": 26, "wait_paused": 42, "wait_pace": 0, "wait_gen": 0, "wait_nack": 27, "wait_defc": 0, "wait_tail": 0, "wait_flush": 0, "wait_lines": 34, "dgq_hand": 88562, "dgq_tx": 88560, "dgq_full": 0, "dgq_err": 0, "dgq_gap": 2, "dgq_paths": 1, "tc_bytes": 112083725, "tc_pkts": 93230, "tc_drop": 510, "tc_s": 12}
LIVENESS sc2-B rep=4 cli=[RWM_THREE_TERM=1 RWM_PLAIN_RS=1] srv=[RWM_THREE_TERM=1 RWM_PLAIN_RS=1] active=1 eng1_lines=4 wait_lines=37 dgq_lines=36 ping_replies=187 (expect 3t=1 rs=1)
=== rep=4 arm=sc2-D seed=7 env="RWM_PLAIN_RS=1" cell=c2/c2/single bytes=100000000 14:45:22
RUNTIME sc2-D rep=4 2s
LATRESULT {"cell": "sc2", "arm": "D", "seed": 7, "rep": 4, "dnf": true, "dnf_count": null, "mbps": null, "seconds": null, "n_runs": 0, "occ_p50": null, "occ_p90": null, "occcap_p50": null, "q_p50": null, "q_p95": null, "q_p99": null, "q_n": 0, "diag_lines": 0, "retx": 0, "gates_cli_3t": null, "gates_srv_3t": null, "gates_cli_rs": null, "gates_srv_rs": null, "gates_lines_cli": 0, "gates_lines_srv": 0, "active_echo_cli": 0, "tt_eng1": 0, "ping_n": 187, "ping_p50": 46.7, "ping_p95": 50.9, "ping_p99": 52.4, "ping_max": 53.1, "ping_min": 8.54, "ping_tx": null, "ping_rx": null, "ping_loss": null, "wait_tun": null, "wait_paused": null, "wait_pace": null, "wait_gen": null, "wait_nack": null, "wait_defc": null, "wait_tail": null, "wait_flush": null, "wait_lines": 0, "dgq_hand": null, "dgq_tx": null, "dgq_full": null, "dgq_err": null, "dgq_gap": null, "dgq_paths": null, "tc_bytes": null, "tc_pkts": null, "tc_drop": null, "tc_s": null}
LIVENESS sc2-D rep=4 cli=[ ] srv=[ ] active= eng1_lines=0 wait_lines= dgq_lines= ping_replies=187 (expect 3t=0 rs=1)
ARM-LIVENESS-FAIL-GATE-CLI sc2-D rep=4 got=''
ARM-LIVENESS-FAIL-GATE-SRV sc2-D rep=4 got=''
ARM-LIVENESS-FAIL-RS-CLI sc2-D rep=4 got=''
ARM-LIVENESS-FAIL-RS-SRV sc2-D rep=4 got=''
QCAP-MISSING sc2-D rep=4
=== rep=4 arm=sc3-A seed=7 env="" cell=c3/c3/single bytes=25000000 14:45:24
[2m2026-08-10T14:45:27.258674Z[0m [32m INFO[0m [2mraptorpath::gates[0m[2m:[0m [GATES] RWM_UNIFIED=1 RWM_UNIFIED_SHED=1 RWM_TAPER_R=1 RWM_ASTAR_ANCHOR=1 RWM_MSTAR_ANCHOR=1 RWM_PLAIN_RS=0 RWM_STORE_SACK_RELEASE=1 RWM_STORE_PATHS=1 RWM_STORE_PATH_POOL=2048 RWM_STORE=unset RWM_STORE_GAIN=2 RWM_STORE_BOOT=128 RWM_STORE_CAPW=0 RWM_STORE_CAP_UNIFIED=0 RWM_THREE_TERM=0 RWM_STORE_PERCAP=0 RWM_PERCAP_GUARD=1 RWM_STORE_BORROW=0 RWM_HONEST_CAP=1 RWM_POOL_ANCHOR=0 RWM_POOL_DELIV=0 RWM_FLOOR_BOUND=0 RWM_ACK_MERGE=1 RWM_PATIENCE_DERIVED=0 RWM_SIDLE_DERIVED=0 RWM_WIN_DECOUPLE=0 RWM_PLACE_SLACK=0 RWM_GEN=384 RWM_PIPELINE=2 RWM_GEN_PIPE=1 RWM_GEN_R=unset RWM_GEN_RATE=9000 RWM_GEN_RATE_FLOOR=2000 RWM_GEN_INFLIGHT=unset RWM_OOO_RETAIN=0/16 RWM_WINDOW=unset RWM_REPORT_GENS=unset RWM_REPAIR_WAIT=unset RWM_CODED_SRC=0 RWM_NO_REACTIVE=0 RWM_XPATH_REPAIR=0 RWM_PROACTIVE_PACER=0 RWM_REASM_BDP=0 RWM_MIN_R=0 RWM_CC_PACE=0 RWM_CC_PACE_HR=1.1 RWM_REACT_CAP=unset RWM_INFL_CAP=0 RWM_INFL_BDP=unset RWM_COPA_FEED=0 RWM_RS_ATTR=1 RWM_EMIT_BATCH=0 RWM_EMIT_BURST=64 RWM_RECOV_MP=1 RWM_RECOV_MP_LAW=1 RWM_RECOV_MP_LIVE=0 RWM_RECOV_SP=0 RWM_DIAG=1 RWM_RDIAG=0 RWM_FDIAG=0 RWM_TRACE=0 RWM_PFRAC=0
{"bytes":25000000,"dnf":0,"hint":"bulk","max_s":11.8806,"mean_mbps":16.834,"mean_s":11.8806,"median_s":11.8806,"min_s":11.8806,"proto":"rp-native","runs":1,"stdev_s":0.0,"summary":true}
    LATPROBE: /tmp/rwm-ping.txt 223 replies
    CPU: CPUSRV=2.08s CPUCLI=2.23s (srv=decoder cli=sender; whole-invocation incl warmup)
    QDISC cli0: qdisc netem 8325: root refcnt 7 limit 1000 delay 20ms  5ms loss gemodel p 2% r 40% 1-h 100% 1-k 0% rate 20Mbit seed 7  Sent 29576268 bytes 27006 pkt (dropped 448, overlimits 0 requeues 0)   backlog 203b 1p requeues 0 
    QDISC cli1: qdisc netem 8326: root refcnt 7 limit 1000 delay 20ms  5ms loss gemodel p 2% r 40% 1-h 100% 1-k 0% rate 20Mbit seed 7  Sent 588 bytes 8 pkt (dropped 2, overlimits 0 requeues 0)   backlog 0b 0p requeues 0 
    QDISC srv0: qdisc netem 8327: root refcnt 7 limit 1000 delay 20ms  5ms rate 20Mbit seed 452574370096354633  Sent 3393378 bytes 19137 pkt (dropped 0, overlimits 0 requeues 0)   backlog 0b 0p requeues 0 
    QDISC srv1: qdisc netem 8328: root refcnt 7 limit 1000 delay 20ms  5ms rate 20Mbit seed 6001100138629153392  Sent 768 bytes 10 pkt (dropped 0, overlimits 0 requeues 0)   backlog 0b 0p requeues 0 
    QCAP: /tmp/rwm-q.txt 18 lines
RUNTIME sc3-A rep=4 15s
LATRESULT {"cell": "sc3", "arm": "A", "seed": 7, "rep": 4, "dnf": false, "dnf_count": 0, "mbps": 16.834, "seconds": 11.881, "n_runs": 1, "occ_p50": 1024, "occ_p90": 1024, "occcap_p50": 1024, "q_p50": 474, "q_p95": 608, "q_p99": 717, "q_n": 43, "diag_lines": 47, "retx": 2341, "gates_cli_3t": 0, "gates_srv_3t": 0, "gates_cli_rs": 0, "gates_srv_rs": 0, "gates_lines_cli": 1, "gates_lines_srv": 1, "active_echo_cli": 0, "tt_eng1": 0, "ping_n": 223, "ping_p50": 512.0, "ping_p95": 544.0, "ping_p99": 554.0, "ping_max": 559.0, "ping_min": 38.6, "ping_tx": null, "ping_rx": null, "ping_loss": null, "wait_tun": 7, "wait_paused": 76, "wait_pace": 0, "wait_gen": 0, "wait_nack": 15, "wait_defc": 0, "wait_tail": 1, "wait_flush": 0, "wait_lines": 44, "dgq_hand": 23771, "dgq_tx": 23771, "dgq_full": 0, "dgq_err": 0, "dgq_gap": 0, "dgq_paths": 1, "tc_bytes": 29577059, "tc_pkts": 27015, "tc_drop": 450, "tc_s": 15}
LIVENESS sc3-A rep=4 cli=[RWM_THREE_TERM=0 RWM_PLAIN_RS=0] srv=[RWM_THREE_TERM=0 RWM_PLAIN_RS=0] active=0 eng1_lines=0 wait_lines=47 dgq_lines=43 ping_replies=223 (expect 3t=0 rs=0)
=== rep=4 arm=sc3-B seed=7 env="RWM_THREE_TERM=1 RWM_PLAIN_RS=1" cell=c3/c3/single bytes=25000000 14:45:39
[2m2026-08-10T14:45:43.669503Z[0m [32m INFO[0m [2mraptorpath::gates[0m[2m:[0m [GATES] RWM_UNIFIED=1 RWM_UNIFIED_SHED=1 RWM_TAPER_R=1 RWM_ASTAR_ANCHOR=1 RWM_MSTAR_ANCHOR=1 RWM_PLAIN_RS=1 RWM_STORE_SACK_RELEASE=1 RWM_STORE_PATHS=1 RWM_STORE_PATH_POOL=2048 RWM_STORE=unset RWM_STORE_GAIN=2 RWM_STORE_BOOT=128 RWM_STORE_CAPW=0 RWM_STORE_CAP_UNIFIED=0 RWM_THREE_TERM=1 RWM_STORE_PERCAP=0 RWM_PERCAP_GUARD=1 RWM_STORE_BORROW=0 RWM_HONEST_CAP=1 RWM_POOL_ANCHOR=0 RWM_POOL_DELIV=0 RWM_FLOOR_BOUND=0 RWM_ACK_MERGE=1 RWM_PATIENCE_DERIVED=0 RWM_SIDLE_DERIVED=0 RWM_WIN_DECOUPLE=0 RWM_PLACE_SLACK=0 RWM_GEN=384 RWM_PIPELINE=2 RWM_GEN_PIPE=1 RWM_GEN_R=unset RWM_GEN_RATE=9000 RWM_GEN_RATE_FLOOR=2000 RWM_GEN_INFLIGHT=unset RWM_OOO_RETAIN=0/16 RWM_WINDOW=unset RWM_REPORT_GENS=unset RWM_REPAIR_WAIT=unset RWM_CODED_SRC=0 RWM_NO_REACTIVE=0 RWM_XPATH_REPAIR=0 RWM_PROACTIVE_PACER=0 RWM_REASM_BDP=0 RWM_MIN_R=0 RWM_CC_PACE=0 RWM_CC_PACE_HR=1.1 RWM_REACT_CAP=unset RWM_INFL_CAP=0 RWM_INFL_BDP=unset RWM_COPA_FEED=0 RWM_RS_ATTR=1 RWM_EMIT_BATCH=0 RWM_EMIT_BURST=64 RWM_RECOV_MP=1 RWM_RECOV_MP_LAW=1 RWM_RECOV_MP_LIVE=0 RWM_RECOV_SP=0 RWM_DIAG=1 RWM_RDIAG=0 RWM_FDIAG=0 RWM_TRACE=0 RWM_PFRAC=0
{"bytes":25000000,"dnf":0,"hint":"bulk","max_s":12.4062,"mean_mbps":16.121,"mean_s":12.4062,"median_s":12.4062,"min_s":12.4062,"proto":"rp-native","runs":1,"stdev_s":0.0,"summary":true}
    LATPROBE: /tmp/rwm-ping.txt 226 replies
    CPU: CPUSRV=2.14s CPUCLI=2.37s (srv=decoder cli=sender; whole-invocation incl warmup)
    QDISC cli0: qdisc netem 8329: root refcnt 7 limit 1000 delay 20ms  5ms loss gemodel p 2% r 40% 1-h 100% 1-k 0% rate 20Mbit seed 7  Sent 30890032 bytes 27782 pkt (dropped 461, overlimits 0 requeues 0)   backlog 100b 1p requeues 0 
    QDISC cli1: qdisc netem 832a: root refcnt 7 limit 1000 delay 20ms  5ms loss gemodel p 2% r 40% 1-h 100% 1-k 0% rate 20Mbit seed 7  Sent 662 bytes 9 pkt (dropped 2, overlimits 0 requeues 0)   backlog 0b 0p requeues 0 
    QDISC srv0: qdisc netem 832b: root refcnt 7 limit 1000 delay 20ms  5ms rate 20Mbit seed 9388767723425577675  Sent 3491027 bytes 20146 pkt (dropped 0, overlimits 0 requeues 0)   backlog 0b 0p requeues 0 
    QDISC srv1: qdisc netem 832c: root refcnt 7 limit 1000 delay 20ms  5ms rate 20Mbit seed 5105309128418112419  Sent 838 bytes 11 pkt (dropped 0, overlimits 0 requeues 0)   backlog 0b 0p requeues 0 
    QCAP: /tmp/rwm-q.txt 18 lines
RUNTIME sc3-B rep=4 17s
LATRESULT {"cell": "sc3", "arm": "B", "seed": 7, "rep": 4, "dnf": false, "dnf_count": 0, "mbps": 16.121, "seconds": 12.406, "n_runs": 1, "occ_p50": 283, "occ_p90": 997, "occcap_p50": 285, "q_p50": 102, "q_p95": 751, "q_p99": 827, "q_n": 42, "diag_lines": 49, "retx": 3411, "gates_cli_3t": 1, "gates_srv_3t": 1, "gates_cli_rs": 1, "gates_srv_rs": 1, "gates_lines_cli": 1, "gates_lines_srv": 1, "active_echo_cli": 1, "tt_eng1": 6, "ping_n": 226, "ping_p50": 142.0, "ping_p95": 471.0, "ping_p99": 604.0, "ping_max": 625.0, "ping_min": 41.9, "ping_tx": null, "ping_rx": null, "ping_loss": null, "wait_tun": 5, "wait_paused": 78, "wait_pace": 0, "wait_gen": 0, "wait_nack": 16, "wait_defc": 0, "wait_tail": 1, "wait_flush": 0, "wait_lines": 46, "dgq_hand": 24932, "dgq_tx": 24932, "dgq_full": 0, "dgq_err": 0, "dgq_gap": 0, "dgq_paths": 1, "tc_bytes": 30890894, "tc_pkts": 27793, "tc_drop": 463, "tc_s": 17}
LIVENESS sc3-B rep=4 cli=[RWM_THREE_TERM=1 RWM_PLAIN_RS=1] srv=[RWM_THREE_TERM=1 RWM_PLAIN_RS=1] active=1 eng1_lines=6 wait_lines=49 dgq_lines=43 ping_replies=226 (expect 3t=1 rs=1)
=== rep=4 arm=sc3-D seed=7 env="RWM_PLAIN_RS=1" cell=c3/c3/single bytes=25000000 14:45:56
[2m2026-08-10T14:45:58.469923Z[0m [32m INFO[0m [2mraptorpath::gates[0m[2m:[0m [GATES] RWM_UNIFIED=1 RWM_UNIFIED_SHED=1 RWM_TAPER_R=1 RWM_ASTAR_ANCHOR=1 RWM_MSTAR_ANCHOR=1 RWM_PLAIN_RS=1 RWM_STORE_SACK_RELEASE=1 RWM_STORE_PATHS=1 RWM_STORE_PATH_POOL=2048 RWM_STORE=unset RWM_STORE_GAIN=2 RWM_STORE_BOOT=128 RWM_STORE_CAPW=0 RWM_STORE_CAP_UNIFIED=0 RWM_THREE_TERM=0 RWM_STORE_PERCAP=0 RWM_PERCAP_GUARD=1 RWM_STORE_BORROW=0 RWM_HONEST_CAP=1 RWM_POOL_ANCHOR=0 RWM_POOL_DELIV=0 RWM_FLOOR_BOUND=0 RWM_ACK_MERGE=1 RWM_PATIENCE_DERIVED=0 RWM_SIDLE_DERIVED=0 RWM_WIN_DECOUPLE=0 RWM_PLACE_SLACK=0 RWM_GEN=384 RWM_PIPELINE=2 RWM_GEN_PIPE=1 RWM_GEN_R=unset RWM_GEN_RATE=9000 RWM_GEN_RATE_FLOOR=2000 RWM_GEN_INFLIGHT=unset RWM_OOO_RETAIN=0/16 RWM_WINDOW=unset RWM_REPORT_GENS=unset RWM_REPAIR_WAIT=unset RWM_CODED_SRC=0 RWM_NO_REACTIVE=0 RWM_XPATH_REPAIR=0 RWM_PROACTIVE_PACER=0 RWM_REASM_BDP=0 RWM_MIN_R=0 RWM_CC_PACE=0 RWM_CC_PACE_HR=1.1 RWM_REACT_CAP=unset RWM_INFL_CAP=0 RWM_INFL_BDP=unset RWM_COPA_FEED=0 RWM_RS_ATTR=1 RWM_EMIT_BATCH=0 RWM_EMIT_BURST=64 RWM_RECOV_MP=1 RWM_RECOV_MP_LAW=1 RWM_RECOV_MP_LIVE=0 RWM_RECOV_SP=0 RWM_DIAG=1 RWM_RDIAG=0 RWM_FDIAG=0 RWM_TRACE=0 RWM_PFRAC=0
{"bytes":25000000,"dnf":0,"hint":"bulk","max_s":12.0437,"mean_mbps":16.606,"mean_s":12.0437,"median_s":12.0437,"min_s":12.0437,"proto":"rp-native","runs":1,"stdev_s":0.0,"summary":true}
    LATPROBE: /tmp/rwm-ping.txt 223 replies
    CPU: CPUSRV=2.08s CPUCLI=2.29s (srv=decoder cli=sender; whole-invocation incl warmup)
    QDISC cli0: qdisc netem 832d: root refcnt 7 limit 1000 delay 20ms  5ms loss gemodel p 2% r 40% 1-h 100% 1-k 0% rate 20Mbit seed 7  Sent 30006117 bytes 27207 pkt (dropped 449, overlimits 0 requeues 0)   backlog 0b 0p requeues 0 
    QDISC cli1: qdisc netem 832e: root refcnt 7 limit 1000 delay 20ms  5ms loss gemodel p 2% r 40% 1-h 100% 1-k 0% rate 20Mbit seed 7  Sent 572 bytes 8 pkt (dropped 2, overlimits 0 requeues 0)   backlog 0b 0p requeues 0 
    QDISC srv0: qdisc netem 832f: root refcnt 7 limit 1000 delay 20ms  5ms rate 20Mbit seed 12912519315561076488  Sent 3310221 bytes 19318 pkt (dropped 0, overlimits 0 requeues 0)   backlog 156b 2p requeues 0 
    QDISC srv1: qdisc netem 8330: root refcnt 7 limit 1000 delay 20ms  5ms rate 20Mbit seed 10904993881535175935  Sent 768 bytes 10 pkt (dropped 0, overlimits 0 requeues 0)   backlog 70b 1p requeues 0 
    QCAP: /tmp/rwm-q.txt 18 lines
RUNTIME sc3-D rep=4 14s
LATRESULT {"cell": "sc3", "arm": "D", "seed": 7, "rep": 4, "dnf": false, "dnf_count": 0, "mbps": 16.606, "seconds": 12.044, "n_runs": 1, "occ_p50": 409, "occ_p90": 801, "occcap_p50": 409, "q_p50": 163, "q_p95": 521, "q_p99": 614, "q_n": 42, "diag_lines": 48, "retx": 2592, "gates_cli_3t": 0, "gates_srv_3t": 0, "gates_cli_rs": 1, "gates_srv_rs": 1, "gates_lines_cli": 1, "gates_lines_srv": 1, "active_echo_cli": 0, "tt_eng1": 0, "ping_n": 223, "ping_p50": 207.0, "ping_p95": 489.0, "ping_p99": 628.0, "ping_max": 677.0, "ping_min": 43.1, "ping_tx": null, "ping_rx": null, "ping_loss": null, "wait_tun": 6, "wait_paused": 77, "wait_pace": 0, "wait_gen": 0, "wait_nack": 16, "wait_defc": 0, "wait_tail": 1, "wait_flush": 0, "wait_lines": 45, "dgq_hand": 24065, "dgq_tx": 24065, "dgq_full": 0, "dgq_err": 0, "dgq_gap": 0, "dgq_paths": 1, "tc_bytes": 30006689, "tc_pkts": 27215, "tc_drop": 451, "tc_s": 14}
LIVENESS sc3-D rep=4 cli=[RWM_THREE_TERM=0 RWM_PLAIN_RS=1] srv=[RWM_THREE_TERM=0 RWM_PLAIN_RS=1] active=0 eng1_lines=0 wait_lines=48 dgq_lines=42 ping_replies=223 (expect 3t=0 rs=1)
=== rep=4 arm=c2r100-A seed=7 env="" cell=c2r100/c2r100/single bytes=100000000 14:46:10
[2m2026-08-10T14:46:12.737871Z[0m [32m INFO[0m [2mraptorpath::gates[0m[2m:[0m [GATES] RWM_UNIFIED=1 RWM_UNIFIED_SHED=1 RWM_TAPER_R=1 RWM_ASTAR_ANCHOR=1 RWM_MSTAR_ANCHOR=1 RWM_PLAIN_RS=0 RWM_STORE_SACK_RELEASE=1 RWM_STORE_PATHS=1 RWM_STORE_PATH_POOL=2048 RWM_STORE=unset RWM_STORE_GAIN=2 RWM_STORE_BOOT=128 RWM_STORE_CAPW=0 RWM_STORE_CAP_UNIFIED=0 RWM_THREE_TERM=0 RWM_STORE_PERCAP=0 RWM_PERCAP_GUARD=1 RWM_STORE_BORROW=0 RWM_HONEST_CAP=1 RWM_POOL_ANCHOR=0 RWM_POOL_DELIV=0 RWM_FLOOR_BOUND=0 RWM_ACK_MERGE=1 RWM_PATIENCE_DERIVED=0 RWM_SIDLE_DERIVED=0 RWM_WIN_DECOUPLE=0 RWM_PLACE_SLACK=0 RWM_GEN=384 RWM_PIPELINE=2 RWM_GEN_PIPE=1 RWM_GEN_R=unset RWM_GEN_RATE=9000 RWM_GEN_RATE_FLOOR=2000 RWM_GEN_INFLIGHT=unset RWM_OOO_RETAIN=0/16 RWM_WINDOW=unset RWM_REPORT_GENS=unset RWM_REPAIR_WAIT=unset RWM_CODED_SRC=0 RWM_NO_REACTIVE=0 RWM_XPATH_REPAIR=0 RWM_PROACTIVE_PACER=0 RWM_REASM_BDP=0 RWM_MIN_R=0 RWM_CC_PACE=0 RWM_CC_PACE_HR=1.1 RWM_REACT_CAP=unset RWM_INFL_CAP=0 RWM_INFL_BDP=unset RWM_COPA_FEED=0 RWM_RS_ATTR=1 RWM_EMIT_BATCH=0 RWM_EMIT_BURST=64 RWM_RECOV_MP=1 RWM_RECOV_MP_LAW=1 RWM_RECOV_MP_LIVE=0 RWM_RECOV_SP=0 RWM_DIAG=1 RWM_RDIAG=0 RWM_FDIAG=0 RWM_TRACE=0 RWM_PFRAC=0
{"bytes":100000000,"dnf":0,"hint":"bulk","max_s":9.6022,"mean_mbps":83.314,"mean_s":9.6022,"median_s":9.6022,"min_s":9.6022,"proto":"rp-native","runs":1,"stdev_s":0.0,"summary":true}
    LATPROBE: /tmp/rwm-ping.txt 184 replies
    CPU: CPUSRV=6.37s CPUCLI=6.38s (srv=decoder cli=sender; whole-invocation incl warmup)
    QDISC cli0: qdisc netem 8331: root refcnt 7 limit 1000 delay 50ms loss gemodel p 1.3% r 50% 1-h 100% 1-k 0% rate 100Mbit seed 7  Sent 111953760 bytes 99703 pkt (dropped 702, overlimits 0 requeues 0)   backlog 0b 0p requeues 0 
    QDISC cli1: qdisc netem 8332: root refcnt 7 limit 1000 delay 50ms loss gemodel p 1.3% r 50% 1-h 100% 1-k 0% rate 100Mbit seed 7  Sent 776 bytes 10 pkt (dropped 0, overlimits 0 requeues 0)   backlog 0b 0p requeues 0 
    QDISC srv0: qdisc netem 8333: root refcnt 7 limit 1000 delay 50ms rate 100Mbit seed 2945466850178272482  Sent 11027291 bytes 62595 pkt (dropped 0, overlimits 0 requeues 0)   backlog 2686b 2p requeues 0 
    QDISC srv1: qdisc netem 8334: root refcnt 7 limit 1000 delay 50ms rate 100Mbit seed 1611642614329261422  Sent 866 bytes 11 pkt (dropped 0, overlimits 0 requeues 0)   backlog 0b 0p requeues 0 
    QCAP: /tmp/rwm-q.txt 18 lines
RUNTIME c2r100-A rep=4 12s
LATRESULT {"cell": "c2r100", "arm": "A", "seed": 7, "rep": 4, "dnf": false, "dnf_count": 0, "mbps": 83.314, "seconds": 9.602, "n_runs": 1, "occ_p50": 1018, "occ_p90": 1024, "occcap_p50": 1024, "q_p50": 5, "q_p95": 8, "q_p99": 18, "q_n": 35, "diag_lines": 38, "retx": 2665, "gates_cli_3t": 0, "gates_srv_3t": 0, "gates_cli_rs": 0, "gates_srv_rs": 0, "gates_lines_cli": 1, "gates_lines_srv": 1, "active_echo_cli": 0, "tt_eng1": 0, "ping_n": 184, "ping_p50": 103.0, "ping_p95": 107.0, "ping_p99": 113.0, "ping_max": 116.0, "ping_min": 100.0, "ping_tx": null, "ping_rx": null, "ping_loss": null, "wait_tun": 27, "wait_paused": 39, "wait_pace": 0, "wait_gen": 0, "wait_nack": 31, "wait_defc": 0, "wait_tail": 1, "wait_flush": 0, "wait_lines": 35, "dgq_hand": 87775, "dgq_tx": 87775, "dgq_full": 0, "dgq_err": 0, "dgq_gap": 0, "dgq_paths": 1, "tc_bytes": 111954536, "tc_pkts": 99713, "tc_drop": 702, "tc_s": 12}
LIVENESS c2r100-A rep=4 cli=[RWM_THREE_TERM=0 RWM_PLAIN_RS=0] srv=[RWM_THREE_TERM=0 RWM_PLAIN_RS=0] active=0 eng1_lines=0 wait_lines=38 dgq_lines=37 ping_replies=184 (expect 3t=0 rs=0)
=== rep=4 arm=c2r100-B seed=7 env="RWM_THREE_TERM=1 RWM_PLAIN_RS=1" cell=c2r100/c2r100/single bytes=100000000 14:46:22
[2m2026-08-10T14:46:25.012835Z[0m [32m INFO[0m [2mraptorpath::gates[0m[2m:[0m [GATES] RWM_UNIFIED=1 RWM_UNIFIED_SHED=1 RWM_TAPER_R=1 RWM_ASTAR_ANCHOR=1 RWM_MSTAR_ANCHOR=1 RWM_PLAIN_RS=1 RWM_STORE_SACK_RELEASE=1 RWM_STORE_PATHS=1 RWM_STORE_PATH_POOL=2048 RWM_STORE=unset RWM_STORE_GAIN=2 RWM_STORE_BOOT=128 RWM_STORE_CAPW=0 RWM_STORE_CAP_UNIFIED=0 RWM_THREE_TERM=1 RWM_STORE_PERCAP=0 RWM_PERCAP_GUARD=1 RWM_STORE_BORROW=0 RWM_HONEST_CAP=1 RWM_POOL_ANCHOR=0 RWM_POOL_DELIV=0 RWM_FLOOR_BOUND=0 RWM_ACK_MERGE=1 RWM_PATIENCE_DERIVED=0 RWM_SIDLE_DERIVED=0 RWM_WIN_DECOUPLE=0 RWM_PLACE_SLACK=0 RWM_GEN=384 RWM_PIPELINE=2 RWM_GEN_PIPE=1 RWM_GEN_R=unset RWM_GEN_RATE=9000 RWM_GEN_RATE_FLOOR=2000 RWM_GEN_INFLIGHT=unset RWM_OOO_RETAIN=0/16 RWM_WINDOW=unset RWM_REPORT_GENS=unset RWM_REPAIR_WAIT=unset RWM_CODED_SRC=0 RWM_NO_REACTIVE=0 RWM_XPATH_REPAIR=0 RWM_PROACTIVE_PACER=0 RWM_REASM_BDP=0 RWM_MIN_R=0 RWM_CC_PACE=0 RWM_CC_PACE_HR=1.1 RWM_REACT_CAP=unset RWM_INFL_CAP=0 RWM_INFL_BDP=unset RWM_COPA_FEED=0 RWM_RS_ATTR=1 RWM_EMIT_BATCH=0 RWM_EMIT_BURST=64 RWM_RECOV_MP=1 RWM_RECOV_MP_LAW=1 RWM_RECOV_MP_LIVE=0 RWM_RECOV_SP=0 RWM_DIAG=1 RWM_RDIAG=0 RWM_FDIAG=0 RWM_TRACE=0 RWM_PFRAC=0
{"bytes":100000000,"dnf":0,"hint":"bulk","max_s":9.7893,"mean_mbps":81.722,"mean_s":9.7893,"median_s":9.7893,"min_s":9.7893,"proto":"rp-native","runs":1,"stdev_s":0.0,"summary":true}
    LATPROBE: /tmp/rwm-ping.txt 188 replies
    CPU: CPUSRV=6.74s CPUCLI=9.75s (srv=decoder cli=sender; whole-invocation incl warmup)
    QDISC cli0: qdisc netem 8335: root refcnt 7 limit 1000 delay 50ms loss gemodel p 1.3% r 50% 1-h 100% 1-k 0% rate 100Mbit seed 7  Sent 114949952 bytes 99816 pkt (dropped 802, overlimits 0 requeues 0)   backlog 708b 2p requeues 0 
    QDISC cli1: qdisc netem 8336: root refcnt 7 limit 1000 delay 50ms loss gemodel p 1.3% r 50% 1-h 100% 1-k 0% rate 100Mbit seed 7  Sent 776 bytes 10 pkt (dropped 0, overlimits 0 requeues 0)   backlog 0b 0p requeues 0 
    QDISC srv0: qdisc netem 8337: root refcnt 7 limit 1000 delay 50ms rate 100Mbit seed 17675753826696037453  Sent 12207107 bytes 65842 pkt (dropped 0, overlimits 0 requeues 0)   backlog 191b 1p requeues 0 
    QDISC srv1: qdisc netem 8338: root refcnt 7 limit 1000 delay 50ms rate 100Mbit seed 9107723662699836313  Sent 866 bytes 11 pkt (dropped 0, overlimits 0 requeues 0)   backlog 0b 0p requeues 0 
    QCAP: /tmp/rwm-q.txt 18 lines
RUNTIME c2r100-B rep=4 13s
LATRESULT {"cell": "c2r100", "arm": "B", "seed": 7, "rep": 4, "dnf": false, "dnf_count": 0, "mbps": 81.722, "seconds": 9.789, "n_runs": 1, "occ_p50": 2966, "occ_p90": 3007, "occcap_p50": 2994, "q_p50": 208, "q_p95": 223, "q_p99": 231, "q_n": 31, "diag_lines": 39, "retx": 5351, "gates_cli_3t": 1, "gates_srv_3t": 1, "gates_cli_rs": 1, "gates_srv_rs": 1, "gates_lines_cli": 1, "gates_lines_srv": 1, "active_echo_cli": 1, "tt_eng1": 4, "ping_n": 188, "ping_p50": 306.0, "ping_p95": 328.0, "ping_p99": 330.0, "ping_max": 331.0, "ping_min": 100.0, "ping_tx": null, "ping_rx": null, "ping_loss": null, "wait_tun": 40, "wait_paused": 7, "wait_pace": 0, "wait_gen": 0, "wait_nack": 53, "wait_defc": 0, "wait_tail": 0, "wait_flush": 0, "wait_lines": 36, "dgq_hand": 90435, "dgq_tx": 90424, "dgq_full": 0, "dgq_err": 0, "dgq_gap": 11, "dgq_paths": 1, "tc_bytes": 114951436, "tc_pkts": 99828, "tc_drop": 802, "tc_s": 13}
LIVENESS c2r100-B rep=4 cli=[RWM_THREE_TERM=1 RWM_PLAIN_RS=1] srv=[RWM_THREE_TERM=1 RWM_PLAIN_RS=1] active=1 eng1_lines=4 wait_lines=39 dgq_lines=31 ping_replies=188 (expect 3t=1 rs=1)
=== rep=4 arm=c2r100-D seed=7 env="RWM_PLAIN_RS=1" cell=c2r100/c2r100/single bytes=100000000 14:46:35
[2m2026-08-10T14:46:37.187736Z[0m [32m INFO[0m [2mraptorpath::gates[0m[2m:[0m [GATES] RWM_UNIFIED=1 RWM_UNIFIED_SHED=1 RWM_TAPER_R=1 RWM_ASTAR_ANCHOR=1 RWM_MSTAR_ANCHOR=1 RWM_PLAIN_RS=1 RWM_STORE_SACK_RELEASE=1 RWM_STORE_PATHS=1 RWM_STORE_PATH_POOL=2048 RWM_STORE=unset RWM_STORE_GAIN=2 RWM_STORE_BOOT=128 RWM_STORE_CAPW=0 RWM_STORE_CAP_UNIFIED=0 RWM_THREE_TERM=0 RWM_STORE_PERCAP=0 RWM_PERCAP_GUARD=1 RWM_STORE_BORROW=0 RWM_HONEST_CAP=1 RWM_POOL_ANCHOR=0 RWM_POOL_DELIV=0 RWM_FLOOR_BOUND=0 RWM_ACK_MERGE=1 RWM_PATIENCE_DERIVED=0 RWM_SIDLE_DERIVED=0 RWM_WIN_DECOUPLE=0 RWM_PLACE_SLACK=0 RWM_GEN=384 RWM_PIPELINE=2 RWM_GEN_PIPE=1 RWM_GEN_R=unset RWM_GEN_RATE=9000 RWM_GEN_RATE_FLOOR=2000 RWM_GEN_INFLIGHT=unset RWM_OOO_RETAIN=0/16 RWM_WINDOW=unset RWM_REPORT_GENS=unset RWM_REPAIR_WAIT=unset RWM_CODED_SRC=0 RWM_NO_REACTIVE=0 RWM_XPATH_REPAIR=0 RWM_PROACTIVE_PACER=0 RWM_REASM_BDP=0 RWM_MIN_R=0 RWM_CC_PACE=0 RWM_CC_PACE_HR=1.1 RWM_REACT_CAP=unset RWM_INFL_CAP=0 RWM_INFL_BDP=unset RWM_COPA_FEED=0 RWM_RS_ATTR=1 RWM_EMIT_BATCH=0 RWM_EMIT_BURST=64 RWM_RECOV_MP=1 RWM_RECOV_MP_LAW=1 RWM_RECOV_MP_LIVE=0 RWM_RECOV_SP=0 RWM_DIAG=1 RWM_RDIAG=0 RWM_FDIAG=0 RWM_TRACE=0 RWM_PFRAC=0
{"bytes":100000000,"dnf":0,"hint":"bulk","max_s":9.9493,"mean_mbps":80.408,"mean_s":9.9493,"median_s":9.9493,"min_s":9.9493,"proto":"rp-native","runs":1,"stdev_s":0.0,"summary":true}
    LATPROBE: /tmp/rwm-ping.txt 189 replies
    CPU: CPUSRV=6.34s CPUCLI=7.62s (srv=decoder cli=sender; whole-invocation incl warmup)
    QDISC cli0: qdisc netem 8339: root refcnt 7 limit 1000 delay 50ms loss gemodel p 1.3% r 50% 1-h 100% 1-k 0% rate 100Mbit seed 7  Sent 112778646 bytes 99588 pkt (dropped 675, overlimits 0 requeues 0)   backlog 816b 3p requeues 0 
    QDISC cli1: qdisc netem 833a: root refcnt 7 limit 1000 delay 50ms loss gemodel p 1.3% r 50% 1-h 100% 1-k 0% rate 100Mbit seed 7  Sent 776 bytes 10 pkt (dropped 0, overlimits 0 requeues 0)   backlog 0b 0p requeues 0 
    QDISC srv0: qdisc netem 833b: root refcnt 7 limit 1000 delay 50ms rate 100Mbit seed 1186205448706847865  Sent 11125450 bytes 63492 pkt (dropped 0, overlimits 0 requeues 0)   backlog 953b 6p requeues 0 
    QDISC srv1: qdisc netem 833c: root refcnt 7 limit 1000 delay 50ms rate 100Mbit seed 10879289045057929156  Sent 866 bytes 11 pkt (dropped 0, overlimits 0 requeues 0)   backlog 0b 0p requeues 0 
    QCAP: /tmp/rwm-q.txt 18 lines
RUNTIME c2r100-D rep=4 12s
LATRESULT {"cell": "c2r100", "arm": "D", "seed": 7, "rep": 4, "dnf": false, "dnf_count": 0, "mbps": 80.408, "seconds": 9.949, "n_runs": 1, "occ_p50": 1004, "occ_p90": 1024, "occcap_p50": 1024, "q_p50": 6, "q_p95": 10, "q_p99": 30, "q_n": 36, "diag_lines": 40, "retx": 3523, "gates_cli_3t": 0, "gates_srv_3t": 0, "gates_cli_rs": 1, "gates_srv_rs": 1, "gates_lines_cli": 1, "gates_lines_srv": 1, "active_echo_cli": 0, "tt_eng1": 0, "ping_n": 189, "ping_p50": 104.0, "ping_p95": 109.0, "ping_p99": 116.0, "ping_max": 130.0, "ping_min": 100.0, "ping_tx": null, "ping_rx": null, "ping_loss": null, "wait_tun": 30, "wait_paused": 22, "wait_pace": 0, "wait_gen": 0, "wait_nack": 47, "wait_defc": 0, "wait_tail": 1, "wait_flush": 0, "wait_lines": 37, "dgq_hand": 88676, "dgq_tx": 88676, "dgq_full": 0, "dgq_err": 0, "dgq_gap": 0, "dgq_paths": 1, "tc_bytes": 112780238, "tc_pkts": 99601, "tc_drop": 675, "tc_s": 12}
LIVENESS c2r100-D rep=4 cli=[RWM_THREE_TERM=0 RWM_PLAIN_RS=1] srv=[RWM_THREE_TERM=0 RWM_PLAIN_RS=1] active=0 eng1_lines=0 wait_lines=40 dgq_lines=36 ping_replies=189 (expect 3t=0 rs=1)
=== rep=4 arm=c7-A seed=7 env="" cell=c2/c2/dual bytes=200000000 14:46:47
[2m2026-08-10T14:46:50.323926Z[0m [32m INFO[0m [2mraptorpath::gates[0m[2m:[0m [GATES] RWM_UNIFIED=1 RWM_UNIFIED_SHED=1 RWM_TAPER_R=1 RWM_ASTAR_ANCHOR=1 RWM_MSTAR_ANCHOR=1 RWM_PLAIN_RS=0 RWM_STORE_SACK_RELEASE=1 RWM_STORE_PATHS=1 RWM_STORE_PATH_POOL=2048 RWM_STORE=unset RWM_STORE_GAIN=2 RWM_STORE_BOOT=128 RWM_STORE_CAPW=0 RWM_STORE_CAP_UNIFIED=0 RWM_THREE_TERM=0 RWM_STORE_PERCAP=0 RWM_PERCAP_GUARD=1 RWM_STORE_BORROW=0 RWM_HONEST_CAP=1 RWM_POOL_ANCHOR=0 RWM_POOL_DELIV=0 RWM_FLOOR_BOUND=0 RWM_ACK_MERGE=1 RWM_PATIENCE_DERIVED=0 RWM_SIDLE_DERIVED=0 RWM_WIN_DECOUPLE=0 RWM_PLACE_SLACK=0 RWM_GEN=384 RWM_PIPELINE=2 RWM_GEN_PIPE=1 RWM_GEN_R=unset RWM_GEN_RATE=9000 RWM_GEN_RATE_FLOOR=2000 RWM_GEN_INFLIGHT=unset RWM_OOO_RETAIN=0/16 RWM_WINDOW=unset RWM_REPORT_GENS=unset RWM_REPAIR_WAIT=unset RWM_CODED_SRC=0 RWM_NO_REACTIVE=0 RWM_XPATH_REPAIR=0 RWM_PROACTIVE_PACER=0 RWM_REASM_BDP=0 RWM_MIN_R=0 RWM_CC_PACE=0 RWM_CC_PACE_HR=1.1 RWM_REACT_CAP=unset RWM_INFL_CAP=0 RWM_INFL_BDP=unset RWM_COPA_FEED=0 RWM_RS_ATTR=1 RWM_EMIT_BATCH=0 RWM_EMIT_BURST=64 RWM_RECOV_MP=1 RWM_RECOV_MP_LAW=1 RWM_RECOV_MP_LIVE=0 RWM_RECOV_SP=0 RWM_DIAG=1 RWM_RDIAG=0 RWM_FDIAG=0 RWM_TRACE=0 RWM_PFRAC=0
{"bytes":200000000,"dnf":0,"hint":"bulk","max_s":9.3401,"mean_mbps":171.305,"mean_s":9.3401,"median_s":9.3401,"min_s":9.3401,"proto":"rp-native","runs":1,"stdev_s":0.0,"summary":true}
    LATPROBE: /tmp/rwm-ping.txt 182 replies
    CPU: CPUSRV=12.31s CPUCLI=13.82s (srv=decoder cli=sender; whole-invocation incl warmup)
    QDISC cli0: qdisc netem 833d: root refcnt 7 limit 1000 delay 5ms  3ms loss gemodel p 1.3% r 50% 1-h 100% 1-k 0% rate 100Mbit seed 7  Sent 112401445 bytes 91727 pkt (dropped 525, overlimits 0 requeues 0)   backlog 0b 0p requeues 0 
    QDISC cli1: qdisc netem 833e: root refcnt 7 limit 1000 delay 5ms  3ms loss gemodel p 1.3% r 50% 1-h 100% 1-k 0% rate 100Mbit seed 7  Sent 112402546 bytes 91113 pkt (dropped 492, overlimits 0 requeues 0)   backlog 0b 0p requeues 0 
    QDISC srv0: qdisc netem 833f: root refcnt 7 limit 1000 delay 5ms  3ms rate 100Mbit seed 9706983507793409477  Sent 12273284 bytes 60136 pkt (dropped 0, overlimits 0 requeues 0)   backlog 0b 0p requeues 0 
    QDISC srv1: qdisc netem 8340: root refcnt 7 limit 1000 delay 5ms  3ms rate 100Mbit seed 8622511178029773408  Sent 12615855 bytes 59698 pkt (dropped 0, overlimits 0 requeues 0)   backlog 0b 0p requeues 0 
    QCAP: /tmp/rwm-q.txt 18 lines
RUNTIME c7-A rep=4 12s
LATRESULT {"cell": "c7", "arm": "A", "seed": 7, "rep": 4, "dnf": false, "dnf_count": 0, "mbps": 171.305, "seconds": 9.34, "n_runs": 1, "occ_p50": 1166, "occ_p90": 2761, "occcap_p50": 4096, "q_p50": 77, "q_p95": 199, "q_p99": 243, "q_n": 66, "diag_lines": 37, "retx": 6454, "gates_cli_3t": 0, "gates_srv_3t": 0, "gates_cli_rs": 0, "gates_srv_rs": 0, "gates_lines_cli": 1, "gates_lines_srv": 1, "active_echo_cli": 0, "tt_eng1": 0, "ping_n": 182, "ping_p50": 76.5, "ping_p95": 188.0, "ping_p99": 230.0, "ping_max": 291.0, "ping_min": 7.31, "ping_tx": null, "ping_rx": null, "ping_loss": null, "wait_tun": 96, "wait_paused": 0, "wait_pace": 0, "wait_gen": 0, "wait_nack": 4, "wait_defc": 0, "wait_tail": 0, "wait_flush": 0, "wait_lines": 34, "dgq_hand": 177685, "dgq_tx": 177685, "dgq_full": 0, "dgq_err": 0, "dgq_gap": 0, "dgq_paths": 2, "tc_bytes": 224803991, "tc_pkts": 182840, "tc_drop": 1017, "tc_s": 12}
LIVENESS c7-A rep=4 cli=[RWM_THREE_TERM=0 RWM_PLAIN_RS=0] srv=[RWM_THREE_TERM=0 RWM_PLAIN_RS=0] active=0 eng1_lines=0 wait_lines=37 dgq_lines=36 ping_replies=182 (expect 3t=0 rs=0)
=== rep=4 arm=c7-B seed=7 env="RWM_THREE_TERM=1 RWM_PLAIN_RS=1" cell=c2/c2/dual bytes=200000000 14:46:59
[2m2026-08-10T14:47:02.920561Z[0m [32m INFO[0m [2mraptorpath::gates[0m[2m:[0m [GATES] RWM_UNIFIED=1 RWM_UNIFIED_SHED=1 RWM_TAPER_R=1 RWM_ASTAR_ANCHOR=1 RWM_MSTAR_ANCHOR=1 RWM_PLAIN_RS=1 RWM_STORE_SACK_RELEASE=1 RWM_STORE_PATHS=1 RWM_STORE_PATH_POOL=2048 RWM_STORE=unset RWM_STORE_GAIN=2 RWM_STORE_BOOT=128 RWM_STORE_CAPW=0 RWM_STORE_CAP_UNIFIED=0 RWM_THREE_TERM=1 RWM_STORE_PERCAP=0 RWM_PERCAP_GUARD=1 RWM_STORE_BORROW=0 RWM_HONEST_CAP=1 RWM_POOL_ANCHOR=0 RWM_POOL_DELIV=0 RWM_FLOOR_BOUND=0 RWM_ACK_MERGE=1 RWM_PATIENCE_DERIVED=0 RWM_SIDLE_DERIVED=0 RWM_WIN_DECOUPLE=0 RWM_PLACE_SLACK=0 RWM_GEN=384 RWM_PIPELINE=2 RWM_GEN_PIPE=1 RWM_GEN_R=unset RWM_GEN_RATE=9000 RWM_GEN_RATE_FLOOR=2000 RWM_GEN_INFLIGHT=unset RWM_OOO_RETAIN=0/16 RWM_WINDOW=unset RWM_REPORT_GENS=unset RWM_REPAIR_WAIT=unset RWM_CODED_SRC=0 RWM_NO_REACTIVE=0 RWM_XPATH_REPAIR=0 RWM_PROACTIVE_PACER=0 RWM_REASM_BDP=0 RWM_MIN_R=0 RWM_CC_PACE=0 RWM_CC_PACE_HR=1.1 RWM_REACT_CAP=unset RWM_INFL_CAP=0 RWM_INFL_BDP=unset RWM_COPA_FEED=0 RWM_RS_ATTR=1 RWM_EMIT_BATCH=0 RWM_EMIT_BURST=64 RWM_RECOV_MP=1 RWM_RECOV_MP_LAW=1 RWM_RECOV_MP_LIVE=0 RWM_RECOV_SP=0 RWM_DIAG=1 RWM_RDIAG=0 RWM_FDIAG=0 RWM_TRACE=0 RWM_PFRAC=0
{"bytes":200000000,"dnf":0,"hint":"bulk","max_s":10.395,"mean_mbps":153.92,"mean_s":10.395,"median_s":10.395,"min_s":10.395,"proto":"rp-native","runs":1,"stdev_s":0.0,"summary":true}
    LATPROBE: /tmp/rwm-ping.txt 202 replies
    CPU: CPUSRV=13.12s CPUCLI=15.96s (srv=decoder cli=sender; whole-invocation incl warmup)
    QDISC cli0: qdisc netem 8341: root refcnt 7 limit 1000 delay 5ms  3ms loss gemodel p 1.3% r 50% 1-h 100% 1-k 0% rate 100Mbit seed 7  Sent 111314162 bytes 91163 pkt (dropped 624, overlimits 0 requeues 0)   backlog 0b 0p requeues 0 
    QDISC cli1: qdisc netem 8342: root refcnt 7 limit 1000 delay 5ms  3ms loss gemodel p 1.3% r 50% 1-h 100% 1-k 0% rate 100Mbit seed 7  Sent 115930851 bytes 94731 pkt (dropped 639, overlimits 0 requeues 0)   backlog 0b 0p requeues 0 
    QDISC srv0: qdisc netem 8343: root refcnt 7 limit 1000 delay 5ms  3ms rate 100Mbit seed 18090707968613846845  Sent 14361235 bytes 63209 pkt (dropped 0, overlimits 0 requeues 0)   backlog 0b 0p requeues 0 
    QDISC srv1: qdisc netem 8344: root refcnt 7 limit 1000 delay 5ms  3ms rate 100Mbit seed 17984255869828815665  Sent 15468569 bytes 65852 pkt (dropped 0, overlimits 0 requeues 0)   backlog 0b 0p requeues 0 
    QCAP: /tmp/rwm-q.txt 18 lines
RUNTIME c7-B rep=4 14s
LATRESULT {"cell": "c7", "arm": "B", "seed": 7, "rep": 4, "dnf": false, "dnf_count": 0, "mbps": 153.92, "seconds": 10.395, "n_runs": 1, "occ_p50": 412, "occ_p90": 603, "occcap_p50": 1210, "q_p50": 18, "q_p95": 46, "q_p99": 61, "q_n": 70, "diag_lines": 41, "retx": 7566, "gates_cli_3t": 1, "gates_srv_3t": 1, "gates_cli_rs": 1, "gates_srv_rs": 1, "gates_lines_cli": 1, "gates_lines_srv": 1, "active_echo_cli": 1, "tt_eng1": 5, "ping_n": 202, "ping_p50": 21.0, "ping_p95": 44.6, "ping_p99": 52.4, "ping_max": 55.0, "ping_min": 5.47, "ping_tx": null, "ping_rx": null, "ping_loss": null, "wait_tun": 96, "wait_paused": 0, "wait_pace": 0, "wait_gen": 0, "wait_nack": 4, "wait_defc": 0, "wait_tail": 0, "wait_flush": 0, "wait_lines": 38, "dgq_hand": 179154, "dgq_tx": 179151, "dgq_full": 0, "dgq_err": 0, "dgq_gap": 3, "dgq_paths": 2, "tc_bytes": 227245213, "tc_pkts": 185896, "tc_drop": 1263, "tc_s": 14}
LIVENESS c7-B rep=4 cli=[RWM_THREE_TERM=1 RWM_PLAIN_RS=1] srv=[RWM_THREE_TERM=1 RWM_PLAIN_RS=1] active=1 eng1_lines=5 wait_lines=41 dgq_lines=36 ping_replies=202 (expect 3t=1 rs=1)
=== rep=4 arm=c7-D seed=7 env="RWM_PLAIN_RS=1" cell=c2/c2/dual bytes=200000000 14:47:13
RUNTIME c7-D rep=4 3s
LATRESULT {"cell": "c7", "arm": "D", "seed": 7, "rep": 4, "dnf": true, "dnf_count": null, "mbps": null, "seconds": null, "n_runs": 0, "occ_p50": null, "occ_p90": null, "occcap_p50": null, "q_p50": null, "q_p95": null, "q_p99": null, "q_n": 0, "diag_lines": 0, "retx": 0, "gates_cli_3t": null, "gates_srv_3t": null, "gates_cli_rs": null, "gates_srv_rs": null, "gates_lines_cli": 0, "gates_lines_srv": 0, "active_echo_cli": 0, "tt_eng1": 0, "ping_n": 202, "ping_p50": 21.0, "ping_p95": 44.6, "ping_p99": 52.4, "ping_max": 55.0, "ping_min": 5.47, "ping_tx": null, "ping_rx": null, "ping_loss": null, "wait_tun": null, "wait_paused": null, "wait_pace": null, "wait_gen": null, "wait_nack": null, "wait_defc": null, "wait_tail": null, "wait_flush": null, "wait_lines": 0, "dgq_hand": null, "dgq_tx": null, "dgq_full": null, "dgq_err": null, "dgq_gap": null, "dgq_paths": null, "tc_bytes": null, "tc_pkts": null, "tc_drop": null, "tc_s": null}
LIVENESS c7-D rep=4 cli=[ ] srv=[ ] active= eng1_lines=0 wait_lines= dgq_lines= ping_replies=202 (expect 3t=0 rs=1)
ARM-LIVENESS-FAIL-GATE-CLI c7-D rep=4 got=''
ARM-LIVENESS-FAIL-GATE-SRV c7-D rep=4 got=''
ARM-LIVENESS-FAIL-RS-CLI c7-D rep=4 got=''
ARM-LIVENESS-FAIL-RS-SRV c7-D rep=4 got=''
QCAP-MISSING c7-D rep=4
=== rep=4 arm=c2r200-A seed=7 env="" cell=c2r200/c2r200/single bytes=50000000 14:47:16
[2m2026-08-10T14:47:18.830554Z[0m [32m INFO[0m [2mraptorpath::gates[0m[2m:[0m [GATES] RWM_UNIFIED=1 RWM_UNIFIED_SHED=1 RWM_TAPER_R=1 RWM_ASTAR_ANCHOR=1 RWM_MSTAR_ANCHOR=1 RWM_PLAIN_RS=0 RWM_STORE_SACK_RELEASE=1 RWM_STORE_PATHS=1 RWM_STORE_PATH_POOL=2048 RWM_STORE=unset RWM_STORE_GAIN=2 RWM_STORE_BOOT=128 RWM_STORE_CAPW=0 RWM_STORE_CAP_UNIFIED=0 RWM_THREE_TERM=0 RWM_STORE_PERCAP=0 RWM_PERCAP_GUARD=1 RWM_STORE_BORROW=0 RWM_HONEST_CAP=1 RWM_POOL_ANCHOR=0 RWM_POOL_DELIV=0 RWM_FLOOR_BOUND=0 RWM_ACK_MERGE=1 RWM_PATIENCE_DERIVED=0 RWM_SIDLE_DERIVED=0 RWM_WIN_DECOUPLE=0 RWM_PLACE_SLACK=0 RWM_GEN=384 RWM_PIPELINE=2 RWM_GEN_PIPE=1 RWM_GEN_R=unset RWM_GEN_RATE=9000 RWM_GEN_RATE_FLOOR=2000 RWM_GEN_INFLIGHT=unset RWM_OOO_RETAIN=0/16 RWM_WINDOW=unset RWM_REPORT_GENS=unset RWM_REPAIR_WAIT=unset RWM_CODED_SRC=0 RWM_NO_REACTIVE=0 RWM_XPATH_REPAIR=0 RWM_PROACTIVE_PACER=0 RWM_REASM_BDP=0 RWM_MIN_R=0 RWM_CC_PACE=0 RWM_CC_PACE_HR=1.1 RWM_REACT_CAP=unset RWM_INFL_CAP=0 RWM_INFL_BDP=unset RWM_COPA_FEED=0 RWM_RS_ATTR=1 RWM_EMIT_BATCH=0 RWM_EMIT_BURST=64 RWM_RECOV_MP=1 RWM_RECOV_MP_LAW=1 RWM_RECOV_MP_LIVE=0 RWM_RECOV_SP=0 RWM_DIAG=1 RWM_RDIAG=0 RWM_FDIAG=0 RWM_TRACE=0 RWM_PFRAC=0
{"bytes":50000000,"dnf":0,"hint":"bulk","max_s":9.2854,"mean_mbps":43.078,"mean_s":9.2854,"median_s":9.2854,"min_s":9.2854,"proto":"rp-native","runs":1,"stdev_s":0.0,"summary":true}
    LATPROBE: /tmp/rwm-ping.txt 178 replies
    CPU: CPUSRV=3.31s CPUCLI=3.35s (srv=decoder cli=sender; whole-invocation incl warmup)
    QDISC cli0: qdisc netem 8349: root refcnt 7 limit 1000 delay 100ms loss gemodel p 1.3% r 50% 1-h 100% 1-k 0% rate 100Mbit seed 7  Sent 56076433 bytes 51623 pkt (dropped 370, overlimits 0 requeues 0)   backlog 13271b 6p requeues 0 
    QDISC cli1: qdisc netem 834a: root refcnt 7 limit 1000 delay 100ms loss gemodel p 1.3% r 50% 1-h 100% 1-k 0% rate 100Mbit seed 7  Sent 776 bytes 10 pkt (dropped 0, overlimits 0 requeues 0)   backlog 0b 0p requeues 0 
    QDISC srv0: qdisc netem 834b: root refcnt 7 limit 1000 delay 100ms rate 100Mbit seed 9546592650785312109  Sent 5637991 bytes 32254 pkt (dropped 0, overlimits 0 requeues 0)   backlog 1283b 9p requeues 0 
    QDISC srv1: qdisc netem 834c: root refcnt 7 limit 1000 delay 100ms rate 100Mbit seed 16012997816191503219  Sent 866 bytes 11 pkt (dropped 0, overlimits 0 requeues 0)   backlog 0b 0p requeues 0 
    QCAP: /tmp/rwm-q.txt 18 lines
RUNTIME c2r200-A rep=4 12s
LATRESULT {"cell": "c2r200", "arm": "A", "seed": 7, "rep": 4, "dnf": false, "dnf_count": 0, "mbps": 43.078, "seconds": 9.285, "n_runs": 1, "occ_p50": 1017, "occ_p90": 1024, "occcap_p50": 1024, "q_p50": 2, "q_p95": 6, "q_p99": 77, "q_n": 34, "diag_lines": 37, "retx": 1299, "gates_cli_3t": 0, "gates_srv_3t": 0, "gates_cli_rs": 0, "gates_srv_rs": 0, "gates_lines_cli": 1, "gates_lines_srv": 1, "active_echo_cli": 0, "tt_eng1": 0, "ping_n": 178, "ping_p50": 200.0, "ping_p95": 202.0, "ping_p99": 203.0, "ping_max": 204.0, "ping_min": 200.0, "ping_tx": null, "ping_rx": null, "ping_loss": null, "wait_tun": 14, "wait_paused": 65, "wait_pace": 0, "wait_gen": 0, "wait_nack": 18, "wait_defc": 0, "wait_tail": 1, "wait_flush": 0, "wait_lines": 34, "dgq_hand": 43877, "dgq_tx": 43877, "dgq_full": 0, "dgq_err": 0, "dgq_gap": 0, "dgq_paths": 1, "tc_bytes": 56089300, "tc_pkts": 51645, "tc_drop": 370, "tc_s": 12}
LIVENESS c2r200-A rep=4 cli=[RWM_THREE_TERM=0 RWM_PLAIN_RS=0] srv=[RWM_THREE_TERM=0 RWM_PLAIN_RS=0] active=0 eng1_lines=0 wait_lines=37 dgq_lines=35 ping_replies=178 (expect 3t=0 rs=0)
=== rep=4 arm=c2r200-B seed=7 env="RWM_THREE_TERM=1 RWM_PLAIN_RS=1" cell=c2r200/c2r200/single bytes=50000000 14:47:29
[2m2026-08-10T14:47:31.317312Z[0m [32m INFO[0m [2mraptorpath::gates[0m[2m:[0m [GATES] RWM_UNIFIED=1 RWM_UNIFIED_SHED=1 RWM_TAPER_R=1 RWM_ASTAR_ANCHOR=1 RWM_MSTAR_ANCHOR=1 RWM_PLAIN_RS=1 RWM_STORE_SACK_RELEASE=1 RWM_STORE_PATHS=1 RWM_STORE_PATH_POOL=2048 RWM_STORE=unset RWM_STORE_GAIN=2 RWM_STORE_BOOT=128 RWM_STORE_CAPW=0 RWM_STORE_CAP_UNIFIED=0 RWM_THREE_TERM=1 RWM_STORE_PERCAP=0 RWM_PERCAP_GUARD=1 RWM_STORE_BORROW=0 RWM_HONEST_CAP=1 RWM_POOL_ANCHOR=0 RWM_POOL_DELIV=0 RWM_FLOOR_BOUND=0 RWM_ACK_MERGE=1 RWM_PATIENCE_DERIVED=0 RWM_SIDLE_DERIVED=0 RWM_WIN_DECOUPLE=0 RWM_PLACE_SLACK=0 RWM_GEN=384 RWM_PIPELINE=2 RWM_GEN_PIPE=1 RWM_GEN_R=unset RWM_GEN_RATE=9000 RWM_GEN_RATE_FLOOR=2000 RWM_GEN_INFLIGHT=unset RWM_OOO_RETAIN=0/16 RWM_WINDOW=unset RWM_REPORT_GENS=unset RWM_REPAIR_WAIT=unset RWM_CODED_SRC=0 RWM_NO_REACTIVE=0 RWM_XPATH_REPAIR=0 RWM_PROACTIVE_PACER=0 RWM_REASM_BDP=0 RWM_MIN_R=0 RWM_CC_PACE=0 RWM_CC_PACE_HR=1.1 RWM_REACT_CAP=unset RWM_INFL_CAP=0 RWM_INFL_BDP=unset RWM_COPA_FEED=0 RWM_RS_ATTR=1 RWM_EMIT_BATCH=0 RWM_EMIT_BURST=64 RWM_RECOV_MP=1 RWM_RECOV_MP_LAW=1 RWM_RECOV_MP_LIVE=0 RWM_RECOV_SP=0 RWM_DIAG=1 RWM_RDIAG=0 RWM_FDIAG=0 RWM_TRACE=0 RWM_PFRAC=0
{"bytes":50000000,"dnf":0,"hint":"bulk","max_s":7.601,"mean_mbps":52.624,"mean_s":7.601,"median_s":7.601,"min_s":7.601,"proto":"rp-native","runs":1,"stdev_s":0.0,"summary":true}
    LATPROBE: /tmp/rwm-ping.txt 149 replies
    CPU: CPUSRV=3.67s CPUCLI=8.53s (srv=decoder cli=sender; whole-invocation incl warmup)
    QDISC cli0: qdisc netem 834d: root refcnt 7 limit 1000 delay 100ms loss gemodel p 1.3% r 50% 1-h 100% 1-k 0% rate 100Mbit seed 7  Sent 59939564 bytes 49532 pkt (dropped 664, overlimits 0 requeues 0)   backlog 1533b 9p requeues 0 
    QDISC cli1: qdisc netem 834e: root refcnt 7 limit 1000 delay 100ms loss gemodel p 1.3% r 50% 1-h 100% 1-k 0% rate 100Mbit seed 7  Sent 776 bytes 10 pkt (dropped 0, overlimits 0 requeues 0)   backlog 0b 0p requeues 0 
    QDISC srv0: qdisc netem 834f: root refcnt 7 limit 1000 delay 100ms rate 100Mbit seed 2177366933456482962  Sent 6961274 bytes 34749 pkt (dropped 0, overlimits 0 requeues 0)   backlog 454b 4p requeues 0 
    QDISC srv1: qdisc netem 8350: root refcnt 7 limit 1000 delay 100ms rate 100Mbit seed 10194112698138107943  Sent 866 bytes 11 pkt (dropped 0, overlimits 0 requeues 0)   backlog 0b 0p requeues 0 
    QCAP: /tmp/rwm-q.txt 18 lines
RUNTIME c2r200-B rep=4 10s
LATRESULT {"cell": "c2r200", "arm": "B", "seed": 7, "rep": 4, "dnf": false, "dnf_count": 0, "mbps": 52.624, "seconds": 7.601, "n_runs": 1, "occ_p50": 3023, "occ_p90": 4070, "occcap_p50": 4096, "q_p50": 260, "q_p95": 349, "q_p99": 435, "q_n": 15, "diag_lines": 29, "retx": 5438, "gates_cli_3t": 1, "gates_srv_3t": 1, "gates_cli_rs": 1, "gates_srv_rs": 1, "gates_lines_cli": 1, "gates_lines_srv": 1, "active_echo_cli": 1, "tt_eng1": 3, "ping_n": 149, "ping_p50": 207.0, "ping_p95": 465.0, "ping_p99": 493.0, "ping_max": 506.0, "ping_min": 200.0, "ping_tx": null, "ping_rx": null, "ping_loss": null, "wait_tun": 55, "wait_paused": 8, "wait_pace": 0, "wait_gen": 0, "wait_nack": 20, "wait_defc": 0, "wait_tail": 0, "wait_flush": 0, "wait_lines": 26, "dgq_hand": 47983, "dgq_tx": 47972, "dgq_full": 0, "dgq_err": 0, "dgq_gap": 11, "dgq_paths": 1, "tc_bytes": 59940725, "tc_pkts": 49546, "tc_drop": 664, "tc_s": 10}
LIVENESS c2r200-B rep=4 cli=[RWM_THREE_TERM=1 RWM_PLAIN_RS=1] srv=[RWM_THREE_TERM=1 RWM_PLAIN_RS=1] active=1 eng1_lines=3 wait_lines=29 dgq_lines=15 ping_replies=149 (expect 3t=1 rs=1)
=== rep=4 arm=c2r200-D seed=7 env="RWM_PLAIN_RS=1" cell=c2r200/c2r200/single bytes=50000000 14:47:39
[2m2026-08-10T14:47:42.125206Z[0m [32m INFO[0m [2mraptorpath::gates[0m[2m:[0m [GATES] RWM_UNIFIED=1 RWM_UNIFIED_SHED=1 RWM_TAPER_R=1 RWM_ASTAR_ANCHOR=1 RWM_MSTAR_ANCHOR=1 RWM_PLAIN_RS=1 RWM_STORE_SACK_RELEASE=1 RWM_STORE_PATHS=1 RWM_STORE_PATH_POOL=2048 RWM_STORE=unset RWM_STORE_GAIN=2 RWM_STORE_BOOT=128 RWM_STORE_CAPW=0 RWM_STORE_CAP_UNIFIED=0 RWM_THREE_TERM=0 RWM_STORE_PERCAP=0 RWM_PERCAP_GUARD=1 RWM_STORE_BORROW=0 RWM_HONEST_CAP=1 RWM_POOL_ANCHOR=0 RWM_POOL_DELIV=0 RWM_FLOOR_BOUND=0 RWM_ACK_MERGE=1 RWM_PATIENCE_DERIVED=0 RWM_SIDLE_DERIVED=0 RWM_WIN_DECOUPLE=0 RWM_PLACE_SLACK=0 RWM_GEN=384 RWM_PIPELINE=2 RWM_GEN_PIPE=1 RWM_GEN_R=unset RWM_GEN_RATE=9000 RWM_GEN_RATE_FLOOR=2000 RWM_GEN_INFLIGHT=unset RWM_OOO_RETAIN=0/16 RWM_WINDOW=unset RWM_REPORT_GENS=unset RWM_REPAIR_WAIT=unset RWM_CODED_SRC=0 RWM_NO_REACTIVE=0 RWM_XPATH_REPAIR=0 RWM_PROACTIVE_PACER=0 RWM_REASM_BDP=0 RWM_MIN_R=0 RWM_CC_PACE=0 RWM_CC_PACE_HR=1.1 RWM_REACT_CAP=unset RWM_INFL_CAP=0 RWM_INFL_BDP=unset RWM_COPA_FEED=0 RWM_RS_ATTR=1 RWM_EMIT_BATCH=0 RWM_EMIT_BURST=64 RWM_RECOV_MP=1 RWM_RECOV_MP_LAW=1 RWM_RECOV_MP_LIVE=0 RWM_RECOV_SP=0 RWM_DIAG=1 RWM_RDIAG=0 RWM_FDIAG=0 RWM_TRACE=0 RWM_PFRAC=0
{"bytes":50000000,"dnf":0,"hint":"bulk","max_s":9.9513,"mean_mbps":40.196,"mean_s":9.9513,"median_s":9.9513,"min_s":9.9513,"proto":"rp-native","runs":1,"stdev_s":0.0,"summary":true}
    LATPROBE: /tmp/rwm-ping.txt 194 replies
    CPU: CPUSRV=3.28s CPUCLI=4.03s (srv=decoder cli=sender; whole-invocation incl warmup)
    QDISC cli0: qdisc netem 8351: root refcnt 7 limit 1000 delay 100ms loss gemodel p 1.3% r 50% 1-h 100% 1-k 0% rate 100Mbit seed 7  Sent 56637274 bytes 51032 pkt (dropped 338, overlimits 0 requeues 0)   backlog 24680b 16p requeues 0 
    QDISC cli1: qdisc netem 8352: root refcnt 7 limit 1000 delay 100ms loss gemodel p 1.3% r 50% 1-h 100% 1-k 0% rate 100Mbit seed 7  Sent 846 bytes 11 pkt (dropped 0, overlimits 0 requeues 0)   backlog 0b 0p requeues 0 
    QDISC srv0: qdisc netem 8353: root refcnt 7 limit 1000 delay 100ms rate 100Mbit seed 3643472246991153487  Sent 5643912 bytes 32027 pkt (dropped 0, overlimits 0 requeues 0)   backlog 2867b 5p requeues 0 
    QDISC srv1: qdisc netem 8354: root refcnt 7 limit 1000 delay 100ms rate 100Mbit seed 4558953519568387597  Sent 866 bytes 11 pkt (dropped 0, overlimits 0 requeues 0)   backlog 0b 0p requeues 0 
    QCAP: /tmp/rwm-q.txt 18 lines
RUNTIME c2r200-D rep=4 13s
LATRESULT {"cell": "c2r200", "arm": "D", "seed": 7, "rep": 4, "dnf": false, "dnf_count": 0, "mbps": 40.196, "seconds": 9.951, "n_runs": 1, "occ_p50": 1024, "occ_p90": 1024, "occcap_p50": 1024, "q_p50": 3, "q_p95": 4, "q_p99": 28, "q_n": 34, "diag_lines": 40, "retx": 1832, "gates_cli_3t": 0, "gates_srv_3t": 0, "gates_cli_rs": 1, "gates_srv_rs": 1, "gates_lines_cli": 1, "gates_lines_srv": 1, "active_echo_cli": 0, "tt_eng1": 0, "ping_n": 194, "ping_p50": 200.0, "ping_p95": 202.0, "ping_p99": 203.0, "ping_max": 204.0, "ping_min": 200.0, "ping_tx": null, "ping_rx": null, "ping_loss": null, "wait_tun": 16, "wait_paused": 56, "wait_pace": 0, "wait_gen": 0, "wait_nack": 26, "wait_defc": 0, "wait_tail": 1, "wait_flush": 0, "wait_lines": 37, "dgq_hand": 44436, "dgq_tx": 44436, "dgq_full": 0, "dgq_err": 0, "dgq_gap": 0, "dgq_paths": 1, "tc_bytes": 56662207, "tc_pkts": 51069, "tc_drop": 338, "tc_s": 13}
LIVENESS c2r200-D rep=4 cli=[RWM_THREE_TERM=0 RWM_PLAIN_RS=1] srv=[RWM_THREE_TERM=0 RWM_PLAIN_RS=1] active=0 eng1_lines=0 wait_lines=40 dgq_lines=34 ping_replies=194 (expect 3t=0 rs=1)
=== rep=4 arm=c1-A seed=7 env="" cell=c1/c1/single bytes=400000000 14:47:52
[2m2026-08-10T14:47:54.855873Z[0m [32m INFO[0m [2mraptorpath::gates[0m[2m:[0m [GATES] RWM_UNIFIED=1 RWM_UNIFIED_SHED=1 RWM_TAPER_R=1 RWM_ASTAR_ANCHOR=1 RWM_MSTAR_ANCHOR=1 RWM_PLAIN_RS=0 RWM_STORE_SACK_RELEASE=1 RWM_STORE_PATHS=1 RWM_STORE_PATH_POOL=2048 RWM_STORE=unset RWM_STORE_GAIN=2 RWM_STORE_BOOT=128 RWM_STORE_CAPW=0 RWM_STORE_CAP_UNIFIED=0 RWM_THREE_TERM=0 RWM_STORE_PERCAP=0 RWM_PERCAP_GUARD=1 RWM_STORE_BORROW=0 RWM_HONEST_CAP=1 RWM_POOL_ANCHOR=0 RWM_POOL_DELIV=0 RWM_FLOOR_BOUND=0 RWM_ACK_MERGE=1 RWM_PATIENCE_DERIVED=0 RWM_SIDLE_DERIVED=0 RWM_WIN_DECOUPLE=0 RWM_PLACE_SLACK=0 RWM_GEN=384 RWM_PIPELINE=2 RWM_GEN_PIPE=1 RWM_GEN_R=unset RWM_GEN_RATE=9000 RWM_GEN_RATE_FLOOR=2000 RWM_GEN_INFLIGHT=unset RWM_OOO_RETAIN=0/16 RWM_WINDOW=unset RWM_REPORT_GENS=unset RWM_REPAIR_WAIT=unset RWM_CODED_SRC=0 RWM_NO_REACTIVE=0 RWM_XPATH_REPAIR=0 RWM_PROACTIVE_PACER=0 RWM_REASM_BDP=0 RWM_MIN_R=0 RWM_CC_PACE=0 RWM_CC_PACE_HR=1.1 RWM_REACT_CAP=unset RWM_INFL_CAP=0 RWM_INFL_BDP=unset RWM_COPA_FEED=0 RWM_RS_ATTR=1 RWM_EMIT_BATCH=0 RWM_EMIT_BURST=64 RWM_RECOV_MP=1 RWM_RECOV_MP_LAW=1 RWM_RECOV_MP_LIVE=0 RWM_RECOV_SP=0 RWM_DIAG=1 RWM_RDIAG=0 RWM_FDIAG=0 RWM_TRACE=0 RWM_PFRAC=0
{"bytes":400000000,"dnf":0,"hint":"bulk","max_s":14.0516,"mean_mbps":227.732,"mean_s":14.0516,"median_s":14.0516,"min_s":14.0516,"proto":"rp-native","runs":1,"stdev_s":0.0,"summary":true}
    LATPROBE: /tmp/rwm-ping.txt 279 replies
    CPU: CPUSRV=15.22s CPUCLI=15.46s (srv=decoder cli=sender; whole-invocation incl warmup)
    QDISC cli0: qdisc netem 8355: root refcnt 7 limit 1000 delay 1ms loss gemodel p 0.05% r 50% 1-h 100% 1-k 0% rate 1Gbit seed 7  Sent 438050642 bytes 346754 pkt (dropped 57, overlimits 0 requeues 0)   backlog 0b 0p requeues 0 
    QDISC cli1: qdisc netem 8356: root refcnt 7 limit 1000 delay 1ms loss gemodel p 0.05% r 50% 1-h 100% 1-k 0% rate 1Gbit seed 7  Sent 846 bytes 11 pkt (dropped 0, overlimits 0 requeues 0)   backlog 0b 0p requeues 0 
    QDISC srv0: qdisc netem 8357: root refcnt 7 limit 1000 delay 1ms rate 1Gbit seed 5784120070504996383  Sent 31661497 bytes 87064 pkt (dropped 0, overlimits 0 requeues 0)   backlog 0b 0p requeues 0 
    QDISC srv1: qdisc netem 8358: root refcnt 7 limit 1000 delay 1ms rate 1Gbit seed 17196056397436957036  Sent 866 bytes 11 pkt (dropped 0, overlimits 0 requeues 0)   backlog 0b 0p requeues 0 
    QCAP: /tmp/rwm-q.txt 18 lines
RUNTIME c1-A rep=4 17s
LATRESULT {"cell": "c1", "arm": "A", "seed": 7, "rep": 4, "dnf": false, "dnf_count": 0, "mbps": 227.732, "seconds": 14.052, "n_runs": 1, "occ_p50": 224, "occ_p90": 368, "occcap_p50": 547, "q_p50": 7, "q_p95": 19, "q_p99": 31, "q_n": 40, "diag_lines": 56, "retx": 641, "gates_cli_3t": 0, "gates_srv_3t": 0, "gates_cli_rs": 0, "gates_srv_rs": 0, "gates_lines_cli": 1, "gates_lines_srv": 1, "active_echo_cli": 0, "tt_eng1": 0, "ping_n": 279, "ping_p50": 2.06, "ping_p95": 2.53, "ping_p99": 2.7, "ping_max": 2.83, "ping_min": 2.04, "ping_tx": null, "ping_rx": null, "ping_loss": null, "wait_tun": 68, "wait_paused": 31, "wait_pace": 0, "wait_gen": 0, "wait_nack": 0, "wait_defc": 0, "wait_tail": 0, "wait_flush": 0, "wait_lines": 53, "dgq_hand": 340008, "dgq_tx": 339847, "dgq_full": 0, "dgq_err": 0, "dgq_gap": 161, "dgq_paths": 1, "tc_bytes": 438051488, "tc_pkts": 346765, "tc_drop": 57, "tc_s": 17}
LIVENESS c1-A rep=4 cli=[RWM_THREE_TERM=0 RWM_PLAIN_RS=0] srv=[RWM_THREE_TERM=0 RWM_PLAIN_RS=0] active=0 eng1_lines=0 wait_lines=56 dgq_lines=42 ping_replies=279 (expect 3t=0 rs=0)
=== rep=4 arm=c1-B seed=7 env="RWM_THREE_TERM=1 RWM_PLAIN_RS=1" cell=c1/c1/single bytes=400000000 14:48:09
[2m2026-08-10T14:48:11.095018Z[0m [32m INFO[0m [2mraptorpath::gates[0m[2m:[0m [GATES] RWM_UNIFIED=1 RWM_UNIFIED_SHED=1 RWM_TAPER_R=1 RWM_ASTAR_ANCHOR=1 RWM_MSTAR_ANCHOR=1 RWM_PLAIN_RS=1 RWM_STORE_SACK_RELEASE=1 RWM_STORE_PATHS=1 RWM_STORE_PATH_POOL=2048 RWM_STORE=unset RWM_STORE_GAIN=2 RWM_STORE_BOOT=128 RWM_STORE_CAPW=0 RWM_STORE_CAP_UNIFIED=0 RWM_THREE_TERM=1 RWM_STORE_PERCAP=0 RWM_PERCAP_GUARD=1 RWM_STORE_BORROW=0 RWM_HONEST_CAP=1 RWM_POOL_ANCHOR=0 RWM_POOL_DELIV=0 RWM_FLOOR_BOUND=0 RWM_ACK_MERGE=1 RWM_PATIENCE_DERIVED=0 RWM_SIDLE_DERIVED=0 RWM_WIN_DECOUPLE=0 RWM_PLACE_SLACK=0 RWM_GEN=384 RWM_PIPELINE=2 RWM_GEN_PIPE=1 RWM_GEN_R=unset RWM_GEN_RATE=9000 RWM_GEN_RATE_FLOOR=2000 RWM_GEN_INFLIGHT=unset RWM_OOO_RETAIN=0/16 RWM_WINDOW=unset RWM_REPORT_GENS=unset RWM_REPAIR_WAIT=unset RWM_CODED_SRC=0 RWM_NO_REACTIVE=0 RWM_XPATH_REPAIR=0 RWM_PROACTIVE_PACER=0 RWM_REASM_BDP=0 RWM_MIN_R=0 RWM_CC_PACE=0 RWM_CC_PACE_HR=1.1 RWM_REACT_CAP=unset RWM_INFL_CAP=0 RWM_INFL_BDP=unset RWM_COPA_FEED=0 RWM_RS_ATTR=1 RWM_EMIT_BATCH=0 RWM_EMIT_BURST=64 RWM_RECOV_MP=1 RWM_RECOV_MP_LAW=1 RWM_RECOV_MP_LIVE=0 RWM_RECOV_SP=0 RWM_DIAG=1 RWM_RDIAG=0 RWM_FDIAG=0 RWM_TRACE=0 RWM_PFRAC=0
{"bytes":400000000,"dnf":0,"hint":"bulk","max_s":21.1989,"mean_mbps":150.951,"mean_s":21.1989,"median_s":21.1989,"min_s":21.1989,"proto":"rp-native","runs":1,"stdev_s":0.0,"summary":true}
    LATPROBE: /tmp/rwm-ping.txt 421 replies
    CPU: CPUSRV=20.63s CPUCLI=27.85s (srv=decoder cli=sender; whole-invocation incl warmup)
    QDISC cli0: qdisc netem 8359: root refcnt 7 limit 1000 delay 1ms loss gemodel p 0.05% r 50% 1-h 100% 1-k 0% rate 1Gbit seed 7  Sent 439186206 bytes 349847 pkt (dropped 57, overlimits 0 requeues 0)   backlog 0b 0p requeues 0 
    QDISC cli1: qdisc netem 835a: root refcnt 7 limit 1000 delay 1ms loss gemodel p 0.05% r 50% 1-h 100% 1-k 0% rate 1Gbit seed 7  Sent 846 bytes 11 pkt (dropped 0, overlimits 0 requeues 0)   backlog 0b 0p requeues 0 
    QDISC srv0: qdisc netem 835b: root refcnt 7 limit 1000 delay 1ms rate 1Gbit seed 15909920588508339367  Sent 36908050 bytes 154146 pkt (dropped 0, overlimits 0 requeues 0)   backlog 0b 0p requeues 0 
    QDISC srv1: qdisc netem 835c: root refcnt 7 limit 1000 delay 1ms rate 1Gbit seed 777113462641027280  Sent 936 bytes 12 pkt (dropped 0, overlimits 0 requeues 0)   backlog 0b 0p requeues 0 
    QCAP: /tmp/rwm-q.txt 18 lines
RUNTIME c1-B rep=4 23s
LATRESULT {"cell": "c1", "arm": "B", "seed": 7, "rep": 4, "dnf": false, "dnf_count": 0, "mbps": 150.951, "seconds": 21.199, "n_runs": 1, "occ_p50": 193, "occ_p90": 337, "occcap_p50": 423, "q_p50": 9, "q_p95": 17, "q_p99": 19, "q_n": 57, "diag_lines": 84, "retx": 1356, "gates_cli_3t": 1, "gates_srv_3t": 1, "gates_cli_rs": 1, "gates_srv_rs": 1, "gates_lines_cli": 1, "gates_lines_srv": 1, "active_echo_cli": 1, "tt_eng1": 10, "ping_n": 421, "ping_p50": 2.05, "ping_p95": 2.5, "ping_p99": 2.85, "ping_max": 2.93, "ping_min": 2.03, "ping_tx": null, "ping_rx": null, "ping_loss": null, "wait_tun": 99, "wait_paused": 0, "wait_pace": 0, "wait_gen": 0, "wait_nack": 0, "wait_defc": 0, "wait_tail": 0, "wait_flush": 0, "wait_lines": 81, "dgq_hand": 339506, "dgq_tx": 339504, "dgq_full": 0, "dgq_err": 0, "dgq_gap": 2, "dgq_paths": 1, "tc_bytes": 439187052, "tc_pkts": 349858, "tc_drop": 57, "tc_s": 23}
LIVENESS c1-B rep=4 cli=[RWM_THREE_TERM=1 RWM_PLAIN_RS=1] srv=[RWM_THREE_TERM=1 RWM_PLAIN_RS=1] active=1 eng1_lines=10 wait_lines=84 dgq_lines=58 ping_replies=421 (expect 3t=1 rs=1)
=== rep=4 arm=c1-D seed=7 env="RWM_PLAIN_RS=1" cell=c1/c1/single bytes=400000000 14:48:32
[2m2026-08-10T14:48:34.462142Z[0m [32m INFO[0m [2mraptorpath::gates[0m[2m:[0m [GATES] RWM_UNIFIED=1 RWM_UNIFIED_SHED=1 RWM_TAPER_R=1 RWM_ASTAR_ANCHOR=1 RWM_MSTAR_ANCHOR=1 RWM_PLAIN_RS=1 RWM_STORE_SACK_RELEASE=1 RWM_STORE_PATHS=1 RWM_STORE_PATH_POOL=2048 RWM_STORE=unset RWM_STORE_GAIN=2 RWM_STORE_BOOT=128 RWM_STORE_CAPW=0 RWM_STORE_CAP_UNIFIED=0 RWM_THREE_TERM=0 RWM_STORE_PERCAP=0 RWM_PERCAP_GUARD=1 RWM_STORE_BORROW=0 RWM_HONEST_CAP=1 RWM_POOL_ANCHOR=0 RWM_POOL_DELIV=0 RWM_FLOOR_BOUND=0 RWM_ACK_MERGE=1 RWM_PATIENCE_DERIVED=0 RWM_SIDLE_DERIVED=0 RWM_WIN_DECOUPLE=0 RWM_PLACE_SLACK=0 RWM_GEN=384 RWM_PIPELINE=2 RWM_GEN_PIPE=1 RWM_GEN_R=unset RWM_GEN_RATE=9000 RWM_GEN_RATE_FLOOR=2000 RWM_GEN_INFLIGHT=unset RWM_OOO_RETAIN=0/16 RWM_WINDOW=unset RWM_REPORT_GENS=unset RWM_REPAIR_WAIT=unset RWM_CODED_SRC=0 RWM_NO_REACTIVE=0 RWM_XPATH_REPAIR=0 RWM_PROACTIVE_PACER=0 RWM_REASM_BDP=0 RWM_MIN_R=0 RWM_CC_PACE=0 RWM_CC_PACE_HR=1.1 RWM_REACT_CAP=unset RWM_INFL_CAP=0 RWM_INFL_BDP=unset RWM_COPA_FEED=0 RWM_RS_ATTR=1 RWM_EMIT_BATCH=0 RWM_EMIT_BURST=64 RWM_RECOV_MP=1 RWM_RECOV_MP_LAW=1 RWM_RECOV_MP_LIVE=0 RWM_RECOV_SP=0 RWM_DIAG=1 RWM_RDIAG=0 RWM_FDIAG=0 RWM_TRACE=0 RWM_PFRAC=0
{"bytes":400000000,"dnf":0,"hint":"bulk","max_s":21.4592,"mean_mbps":149.12,"mean_s":21.4592,"median_s":21.4592,"min_s":21.4592,"proto":"rp-native","runs":1,"stdev_s":0.0,"summary":true}
    LATPROBE: /tmp/rwm-ping.txt 426 replies
    CPU: CPUSRV=17.84s CPUCLI=24.93s (srv=decoder cli=sender; whole-invocation incl warmup)
    QDISC cli0: qdisc netem 835d: root refcnt 7 limit 1000 delay 1ms loss gemodel p 0.05% r 50% 1-h 100% 1-k 0% rate 1Gbit seed 7  Sent 439307108 bytes 363727 pkt (dropped 62, overlimits 0 requeues 0)   backlog 0b 0p requeues 0 
    QDISC cli1: qdisc netem 835e: root refcnt 7 limit 1000 delay 1ms loss gemodel p 0.05% r 50% 1-h 100% 1-k 0% rate 1Gbit seed 7  Sent 760 bytes 10 pkt (dropped 0, overlimits 0 requeues 0)   backlog 0b 0p requeues 0 
    QDISC srv0: qdisc netem 835f: root refcnt 7 limit 1000 delay 1ms rate 1Gbit seed 12781369169682896956  Sent 34613069 bytes 119529 pkt (dropped 0, overlimits 0 requeues 0)   backlog 0b 0p requeues 0 
    QDISC srv1: qdisc netem 8360: root refcnt 7 limit 1000 delay 1ms rate 1Gbit seed 18193806901754665863  Sent 936 bytes 12 pkt (dropped 0, overlimits 0 requeues 0)   backlog 0b 0p requeues 0 
    QCAP: /tmp/rwm-q.txt 18 lines
RUNTIME c1-D rep=4 24s
LATRESULT {"cell": "c1", "arm": "D", "seed": 7, "rep": 4, "dnf": false, "dnf_count": 0, "mbps": 149.12, "seconds": 21.459, "n_runs": 1, "occ_p50": 151, "occ_p90": 278, "occcap_p50": 1024, "q_p50": 9, "q_p95": 15, "q_p99": 18, "q_n": 60, "diag_lines": 85, "retx": 464, "gates_cli_3t": 0, "gates_srv_3t": 0, "gates_cli_rs": 1, "gates_srv_rs": 1, "gates_lines_cli": 1, "gates_lines_srv": 1, "active_echo_cli": 0, "tt_eng1": 0, "ping_n": 426, "ping_p50": 2.06, "ping_p95": 2.51, "ping_p99": 2.79, "ping_max": 2.87, "ping_min": 2.03, "ping_tx": null, "ping_rx": null, "ping_loss": null, "wait_tun": 62, "wait_paused": 37, "wait_pace": 0, "wait_gen": 0, "wait_nack": 0, "wait_defc": 0, "wait_tail": 0, "wait_flush": 0, "wait_lines": 82, "dgq_hand": 338333, "dgq_tx": 338291, "dgq_full": 0, "dgq_err": 0, "dgq_gap": 42, "dgq_paths": 1, "tc_bytes": 439307868, "tc_pkts": 363737, "tc_drop": 62, "tc_s": 24}
LIVENESS c1-D rep=4 cli=[RWM_THREE_TERM=0 RWM_PLAIN_RS=1] srv=[RWM_THREE_TERM=0 RWM_PLAIN_RS=1] active=0 eng1_lines=0 wait_lines=85 dgq_lines=60 ping_replies=426 (expect 3t=0 rs=1)
=== rep=5 arm=sc2-A seed=7 env="" cell=c2/c2/single bytes=100000000 14:48:56
[2m2026-08-10T14:48:58.482414Z[0m [32m INFO[0m [2mraptorpath::gates[0m[2m:[0m [GATES] RWM_UNIFIED=1 RWM_UNIFIED_SHED=1 RWM_TAPER_R=1 RWM_ASTAR_ANCHOR=1 RWM_MSTAR_ANCHOR=1 RWM_PLAIN_RS=0 RWM_STORE_SACK_RELEASE=1 RWM_STORE_PATHS=1 RWM_STORE_PATH_POOL=2048 RWM_STORE=unset RWM_STORE_GAIN=2 RWM_STORE_BOOT=128 RWM_STORE_CAPW=0 RWM_STORE_CAP_UNIFIED=0 RWM_THREE_TERM=0 RWM_STORE_PERCAP=0 RWM_PERCAP_GUARD=1 RWM_STORE_BORROW=0 RWM_HONEST_CAP=1 RWM_POOL_ANCHOR=0 RWM_POOL_DELIV=0 RWM_FLOOR_BOUND=0 RWM_ACK_MERGE=1 RWM_PATIENCE_DERIVED=0 RWM_SIDLE_DERIVED=0 RWM_WIN_DECOUPLE=0 RWM_PLACE_SLACK=0 RWM_GEN=384 RWM_PIPELINE=2 RWM_GEN_PIPE=1 RWM_GEN_R=unset RWM_GEN_RATE=9000 RWM_GEN_RATE_FLOOR=2000 RWM_GEN_INFLIGHT=unset RWM_OOO_RETAIN=0/16 RWM_WINDOW=unset RWM_REPORT_GENS=unset RWM_REPAIR_WAIT=unset RWM_CODED_SRC=0 RWM_NO_REACTIVE=0 RWM_XPATH_REPAIR=0 RWM_PROACTIVE_PACER=0 RWM_REASM_BDP=0 RWM_MIN_R=0 RWM_CC_PACE=0 RWM_CC_PACE_HR=1.1 RWM_REACT_CAP=unset RWM_INFL_CAP=0 RWM_INFL_BDP=unset RWM_COPA_FEED=0 RWM_RS_ATTR=1 RWM_EMIT_BATCH=0 RWM_EMIT_BURST=64 RWM_RECOV_MP=1 RWM_RECOV_MP_LAW=1 RWM_RECOV_MP_LIVE=0 RWM_RECOV_SP=0 RWM_DIAG=1 RWM_RDIAG=0 RWM_FDIAG=0 RWM_TRACE=0 RWM_PFRAC=0
{"bytes":100000000,"dnf":0,"hint":"bulk","max_s":9.0387,"mean_mbps":88.509,"mean_s":9.0387,"median_s":9.0387,"min_s":9.0387,"proto":"rp-native","runs":1,"stdev_s":0.0,"summary":true}
    LATPROBE: /tmp/rwm-ping.txt 173 replies
    CPU: CPUSRV=6.31s CPUCLI=5.52s (srv=decoder cli=sender; whole-invocation incl warmup)
    QDISC cli0: qdisc netem 8361: root refcnt 7 limit 1000 delay 5ms  3ms loss gemodel p 1.3% r 50% 1-h 100% 1-k 0% rate 100Mbit seed 7  Sent 111686697 bytes 90926 pkt (dropped 474, overlimits 0 requeues 0)   backlog 0b 0p requeues 0 
    QDISC cli1: qdisc netem 8362: root refcnt 7 limit 1000 delay 5ms  3ms loss gemodel p 1.3% r 50% 1-h 100% 1-k 0% rate 100Mbit seed 7  Sent 588 bytes 8 pkt (dropped 2, overlimits 0 requeues 0)   backlog 0b 0p requeues 0 
    QDISC srv0: qdisc netem 8363: root refcnt 7 limit 1000 delay 5ms  3ms rate 100Mbit seed 4637662727348123707  Sent 11140199 bytes 64544 pkt (dropped 0, overlimits 0 requeues 0)   backlog 0b 0p requeues 0 
    QDISC srv1: qdisc netem 8364: root refcnt 7 limit 1000 delay 5ms  3ms rate 100Mbit seed 15298791195119849902  Sent 768 bytes 10 pkt (dropped 0, overlimits 0 requeues 0)   backlog 0b 0p requeues 0 
    QCAP: /tmp/rwm-q.txt 18 lines
RUNTIME sc2-A rep=5 11s
LATRESULT {"cell": "sc2", "arm": "A", "seed": 7, "rep": 5, "dnf": false, "dnf_count": 0, "mbps": 88.509, "seconds": 9.039, "n_runs": 1, "occ_p50": 1007, "occ_p90": 1024, "occcap_p50": 1024, "q_p50": 89, "q_p95": 94, "q_p99": 102, "q_n": 33, "diag_lines": 36, "retx": 3062, "gates_cli_3t": 0, "gates_srv_3t": 0, "gates_cli_rs": 0, "gates_srv_rs": 0, "gates_lines_cli": 1, "gates_lines_srv": 1, "active_echo_cli": 0, "tt_eng1": 0, "ping_n": 173, "ping_p50": 97.7, "ping_p95": 106.0, "ping_p99": 107.0, "ping_max": 108.0, "ping_min": 7.23, "ping_tx": null, "ping_rx": null, "ping_loss": null, "wait_tun": 29, "wait_paused": 38, "wait_pace": 0, "wait_gen": 0, "wait_nack": 30, "wait_defc": 0, "wait_tail": 1, "wait_flush": 0, "wait_lines": 33, "dgq_hand": 88184, "dgq_tx": 88184, "dgq_full": 0, "dgq_err": 0, "dgq_gap": 0, "dgq_paths": 1, "tc_bytes": 111687285, "tc_pkts": 90934, "tc_drop": 476, "tc_s": 11}
LIVENESS sc2-A rep=5 cli=[RWM_THREE_TERM=0 RWM_PLAIN_RS=0] srv=[RWM_THREE_TERM=0 RWM_PLAIN_RS=0] active=0 eng1_lines=0 wait_lines=36 dgq_lines=34 ping_replies=173 (expect 3t=0 rs=0)
=== rep=5 arm=sc2-B seed=7 env="RWM_THREE_TERM=1 RWM_PLAIN_RS=1" cell=c2/c2/single bytes=100000000 14:49:07
RUNTIME sc2-B rep=5 3s
LATRESULT {"cell": "sc2", "arm": "B", "seed": 7, "rep": 5, "dnf": true, "dnf_count": null, "mbps": null, "seconds": null, "n_runs": 0, "occ_p50": null, "occ_p90": null, "occcap_p50": null, "q_p50": null, "q_p95": null, "q_p99": null, "q_n": 0, "diag_lines": 0, "retx": 0, "gates_cli_3t": null, "gates_srv_3t": null, "gates_cli_rs": null, "gates_srv_rs": null, "gates_lines_cli": 0, "gates_lines_srv": 0, "active_echo_cli": 0, "tt_eng1": 0, "ping_n": 173, "ping_p50": 97.7, "ping_p95": 106.0, "ping_p99": 107.0, "ping_max": 108.0, "ping_min": 7.23, "ping_tx": null, "ping_rx": null, "ping_loss": null, "wait_tun": null, "wait_paused": null, "wait_pace": null, "wait_gen": null, "wait_nack": null, "wait_defc": null, "wait_tail": null, "wait_flush": null, "wait_lines": 0, "dgq_hand": null, "dgq_tx": null, "dgq_full": null, "dgq_err": null, "dgq_gap": null, "dgq_paths": null, "tc_bytes": null, "tc_pkts": null, "tc_drop": null, "tc_s": null}
LIVENESS sc2-B rep=5 cli=[ ] srv=[ ] active= eng1_lines=0 wait_lines= dgq_lines= ping_replies=173 (expect 3t=1 rs=1)
ARM-LIVENESS-FAIL-GATE-CLI sc2-B rep=5 got=''
ARM-LIVENESS-FAIL-GATE-SRV sc2-B rep=5 got=''
ARM-LIVENESS-FAIL-RS-CLI sc2-B rep=5 got=''
ARM-LIVENESS-FAIL-RS-SRV sc2-B rep=5 got=''
ARM-LIVENESS-FAIL-3T sc2-B rep=5 (VOID: no eng=1)
QCAP-MISSING sc2-B rep=5
=== rep=5 arm=sc2-D seed=7 env="RWM_PLAIN_RS=1" cell=c2/c2/single bytes=100000000 14:49:10
RUNTIME sc2-D rep=5 3s
LATRESULT {"cell": "sc2", "arm": "D", "seed": 7, "rep": 5, "dnf": true, "dnf_count": null, "mbps": null, "seconds": null, "n_runs": 0, "occ_p50": null, "occ_p90": null, "occcap_p50": null, "q_p50": null, "q_p95": null, "q_p99": null, "q_n": 0, "diag_lines": 0, "retx": 0, "gates_cli_3t": null, "gates_srv_3t": null, "gates_cli_rs": null, "gates_srv_rs": null, "gates_lines_cli": 0, "gates_lines_srv": 0, "active_echo_cli": 0, "tt_eng1": 0, "ping_n": 173, "ping_p50": 97.7, "ping_p95": 106.0, "ping_p99": 107.0, "ping_max": 108.0, "ping_min": 7.23, "ping_tx": null, "ping_rx": null, "ping_loss": null, "wait_tun": null, "wait_paused": null, "wait_pace": null, "wait_gen": null, "wait_nack": null, "wait_defc": null, "wait_tail": null, "wait_flush": null, "wait_lines": 0, "dgq_hand": null, "dgq_tx": null, "dgq_full": null, "dgq_err": null, "dgq_gap": null, "dgq_paths": null, "tc_bytes": null, "tc_pkts": null, "tc_drop": null, "tc_s": null}
LIVENESS sc2-D rep=5 cli=[ ] srv=[ ] active= eng1_lines=0 wait_lines= dgq_lines= ping_replies=173 (expect 3t=0 rs=1)
ARM-LIVENESS-FAIL-GATE-CLI sc2-D rep=5 got=''
ARM-LIVENESS-FAIL-GATE-SRV sc2-D rep=5 got=''
ARM-LIVENESS-FAIL-RS-CLI sc2-D rep=5 got=''
ARM-LIVENESS-FAIL-RS-SRV sc2-D rep=5 got=''
QCAP-MISSING sc2-D rep=5
=== rep=5 arm=sc3-A seed=7 env="" cell=c3/c3/single bytes=25000000 14:49:13
[2m2026-08-10T14:49:15.933826Z[0m [32m INFO[0m [2mraptorpath::gates[0m[2m:[0m [GATES] RWM_UNIFIED=1 RWM_UNIFIED_SHED=1 RWM_TAPER_R=1 RWM_ASTAR_ANCHOR=1 RWM_MSTAR_ANCHOR=1 RWM_PLAIN_RS=0 RWM_STORE_SACK_RELEASE=1 RWM_STORE_PATHS=1 RWM_STORE_PATH_POOL=2048 RWM_STORE=unset RWM_STORE_GAIN=2 RWM_STORE_BOOT=128 RWM_STORE_CAPW=0 RWM_STORE_CAP_UNIFIED=0 RWM_THREE_TERM=0 RWM_STORE_PERCAP=0 RWM_PERCAP_GUARD=1 RWM_STORE_BORROW=0 RWM_HONEST_CAP=1 RWM_POOL_ANCHOR=0 RWM_POOL_DELIV=0 RWM_FLOOR_BOUND=0 RWM_ACK_MERGE=1 RWM_PATIENCE_DERIVED=0 RWM_SIDLE_DERIVED=0 RWM_WIN_DECOUPLE=0 RWM_PLACE_SLACK=0 RWM_GEN=384 RWM_PIPELINE=2 RWM_GEN_PIPE=1 RWM_GEN_R=unset RWM_GEN_RATE=9000 RWM_GEN_RATE_FLOOR=2000 RWM_GEN_INFLIGHT=unset RWM_OOO_RETAIN=0/16 RWM_WINDOW=unset RWM_REPORT_GENS=unset RWM_REPAIR_WAIT=unset RWM_CODED_SRC=0 RWM_NO_REACTIVE=0 RWM_XPATH_REPAIR=0 RWM_PROACTIVE_PACER=0 RWM_REASM_BDP=0 RWM_MIN_R=0 RWM_CC_PACE=0 RWM_CC_PACE_HR=1.1 RWM_REACT_CAP=unset RWM_INFL_CAP=0 RWM_INFL_BDP=unset RWM_COPA_FEED=0 RWM_RS_ATTR=1 RWM_EMIT_BATCH=0 RWM_EMIT_BURST=64 RWM_RECOV_MP=1 RWM_RECOV_MP_LAW=1 RWM_RECOV_MP_LIVE=0 RWM_RECOV_SP=0 RWM_DIAG=1 RWM_RDIAG=0 RWM_FDIAG=0 RWM_TRACE=0 RWM_PFRAC=0
{"bytes":25000000,"dnf":0,"hint":"bulk","max_s":11.9257,"mean_mbps":16.77,"mean_s":11.9257,"median_s":11.9257,"min_s":11.9257,"proto":"rp-native","runs":1,"stdev_s":0.0,"summary":true}
    LATPROBE: /tmp/rwm-ping.txt 223 replies
    CPU: CPUSRV=2.12s CPUCLI=2.32s (srv=decoder cli=sender; whole-invocation incl warmup)
    QDISC cli0: qdisc netem 836d: root refcnt 7 limit 1000 delay 20ms  5ms loss gemodel p 2% r 40% 1-h 100% 1-k 0% rate 20Mbit seed 7  Sent 29506911 bytes 27577 pkt (dropped 468, overlimits 0 requeues 0)   backlog 0b 0p requeues 0 
    QDISC cli1: qdisc netem 836e: root refcnt 7 limit 1000 delay 20ms  5ms loss gemodel p 2% r 40% 1-h 100% 1-k 0% rate 20Mbit seed 7  Sent 756 bytes 10 pkt (dropped 2, overlimits 0 requeues 0)   backlog 0b 0p requeues 0 
    QDISC srv0: qdisc netem 836f: root refcnt 7 limit 1000 delay 20ms  5ms rate 20Mbit seed 7911966736140273999  Sent 3366252 bytes 18978 pkt (dropped 0, overlimits 0 requeues 0)   backlog 0b 0p requeues 0 
    QDISC srv1: qdisc netem 8370: root refcnt 7 limit 1000 delay 20ms  5ms rate 20Mbit seed 4761995649143950621  Sent 866 bytes 11 pkt (dropped 0, overlimits 0 requeues 0)   backlog 0b 0p requeues 0 
    QCAP: /tmp/rwm-q.txt 18 lines
RUNTIME sc3-A rep=5 15s
LATRESULT {"cell": "sc3", "arm": "A", "seed": 7, "rep": 5, "dnf": false, "dnf_count": 0, "mbps": 16.77, "seconds": 11.926, "n_runs": 1, "occ_p50": 1024, "occ_p90": 1024, "occcap_p50": 1024, "q_p50": 477, "q_p95": 609, "q_p99": 708, "q_n": 43, "diag_lines": 47, "retx": 2193, "gates_cli_3t": 0, "gates_srv_3t": 0, "gates_cli_rs": 0, "gates_srv_rs": 0, "gates_lines_cli": 1, "gates_lines_srv": 1, "active_echo_cli": 0, "tt_eng1": 0, "ping_n": 223, "ping_p50": 520.0, "ping_p95": 556.0, "ping_p99": 668.0, "ping_max": 676.0, "ping_min": 36.0, "ping_tx": null, "ping_rx": null, "ping_loss": null, "wait_tun": 7, "wait_paused": 76, "wait_pace": 0, "wait_gen": 0, "wait_nack": 16, "wait_defc": 0, "wait_tail": 1, "wait_flush": 0, "wait_lines": 44, "dgq_hand": 23592, "dgq_tx": 23581, "dgq_full": 0, "dgq_err": 0, "dgq_gap": 11, "dgq_paths": 1, "tc_bytes": 29507667, "tc_pkts": 27587, "tc_drop": 470, "tc_s": 15}
LIVENESS sc3-A rep=5 cli=[RWM_THREE_TERM=0 RWM_PLAIN_RS=0] srv=[RWM_THREE_TERM=0 RWM_PLAIN_RS=0] active=0 eng1_lines=0 wait_lines=47 dgq_lines=43 ping_replies=223 (expect 3t=0 rs=0)
=== rep=5 arm=sc3-B seed=7 env="RWM_THREE_TERM=1 RWM_PLAIN_RS=1" cell=c3/c3/single bytes=25000000 14:49:28
[2m2026-08-10T14:49:32.373862Z[0m [32m INFO[0m [2mraptorpath::gates[0m[2m:[0m [GATES] RWM_UNIFIED=1 RWM_UNIFIED_SHED=1 RWM_TAPER_R=1 RWM_ASTAR_ANCHOR=1 RWM_MSTAR_ANCHOR=1 RWM_PLAIN_RS=1 RWM_STORE_SACK_RELEASE=1 RWM_STORE_PATHS=1 RWM_STORE_PATH_POOL=2048 RWM_STORE=unset RWM_STORE_GAIN=2 RWM_STORE_BOOT=128 RWM_STORE_CAPW=0 RWM_STORE_CAP_UNIFIED=0 RWM_THREE_TERM=1 RWM_STORE_PERCAP=0 RWM_PERCAP_GUARD=1 RWM_STORE_BORROW=0 RWM_HONEST_CAP=1 RWM_POOL_ANCHOR=0 RWM_POOL_DELIV=0 RWM_FLOOR_BOUND=0 RWM_ACK_MERGE=1 RWM_PATIENCE_DERIVED=0 RWM_SIDLE_DERIVED=0 RWM_WIN_DECOUPLE=0 RWM_PLACE_SLACK=0 RWM_GEN=384 RWM_PIPELINE=2 RWM_GEN_PIPE=1 RWM_GEN_R=unset RWM_GEN_RATE=9000 RWM_GEN_RATE_FLOOR=2000 RWM_GEN_INFLIGHT=unset RWM_OOO_RETAIN=0/16 RWM_WINDOW=unset RWM_REPORT_GENS=unset RWM_REPAIR_WAIT=unset RWM_CODED_SRC=0 RWM_NO_REACTIVE=0 RWM_XPATH_REPAIR=0 RWM_PROACTIVE_PACER=0 RWM_REASM_BDP=0 RWM_MIN_R=0 RWM_CC_PACE=0 RWM_CC_PACE_HR=1.1 RWM_REACT_CAP=unset RWM_INFL_CAP=0 RWM_INFL_BDP=unset RWM_COPA_FEED=0 RWM_RS_ATTR=1 RWM_EMIT_BATCH=0 RWM_EMIT_BURST=64 RWM_RECOV_MP=1 RWM_RECOV_MP_LAW=1 RWM_RECOV_MP_LIVE=0 RWM_RECOV_SP=0 RWM_DIAG=1 RWM_RDIAG=0 RWM_FDIAG=0 RWM_TRACE=0 RWM_PFRAC=0
{"bytes":25000000,"dnf":0,"hint":"bulk","max_s":12.4746,"mean_mbps":16.033,"mean_s":12.4746,"median_s":12.4746,"min_s":12.4746,"proto":"rp-native","runs":1,"stdev_s":0.0,"summary":true}
    LATPROBE: /tmp/rwm-ping.txt 237 replies
    CPU: CPUSRV=2.26s CPUCLI=2.50s (srv=decoder cli=sender; whole-invocation incl warmup)
    QDISC cli0: qdisc netem 8371: root refcnt 7 limit 1000 delay 20ms  5ms loss gemodel p 2% r 40% 1-h 100% 1-k 0% rate 20Mbit seed 7  Sent 31018288 bytes 28236 pkt (dropped 471, overlimits 0 requeues 0)   backlog 0b 0p requeues 0 
    QDISC cli1: qdisc netem 8372: root refcnt 7 limit 1000 delay 20ms  5ms loss gemodel p 2% r 40% 1-h 100% 1-k 0% rate 20Mbit seed 7  Sent 662 bytes 9 pkt (dropped 2, overlimits 0 requeues 0)   backlog 0b 0p requeues 0 
    QDISC srv0: qdisc netem 8373: root refcnt 7 limit 1000 delay 20ms  5ms rate 20Mbit seed 5360595599983190442  Sent 3487726 bytes 20102 pkt (dropped 0, overlimits 0 requeues 0)   backlog 0b 0p requeues 0 
    QDISC srv1: qdisc netem 8374: root refcnt 7 limit 1000 delay 20ms  5ms rate 20Mbit seed 12488600043901917836  Sent 838 bytes 11 pkt (dropped 0, overlimits 0 requeues 0)   backlog 0b 0p requeues 0 
    QCAP: /tmp/rwm-q.txt 18 lines
RUNTIME sc3-B rep=5 17s
LATRESULT {"cell": "sc3", "arm": "B", "seed": 7, "rep": 5, "dnf": false, "dnf_count": 0, "mbps": 16.033, "seconds": 12.475, "n_runs": 1, "occ_p50": 335, "occ_p90": 872, "occcap_p50": 335, "q_p50": 128, "q_p95": 908, "q_p99": 1062, "q_n": 41, "diag_lines": 49, "retx": 3310, "gates_cli_3t": 1, "gates_srv_3t": 1, "gates_cli_rs": 1, "gates_srv_rs": 1, "gates_lines_cli": 1, "gates_lines_srv": 1, "active_echo_cli": 1, "tt_eng1": 6, "ping_n": 237, "ping_p50": 171.0, "ping_p95": 717.0, "ping_p99": 968.0, "ping_max": 978.0, "ping_min": 37.0, "ping_tx": null, "ping_rx": null, "ping_loss": null, "wait_tun": 6, "wait_paused": 76, "wait_pace": 0, "wait_gen": 0, "wait_nack": 16, "wait_defc": 0, "wait_tail": 1, "wait_flush": 0, "wait_lines": 46, "dgq_hand": 24807, "dgq_tx": 24807, "dgq_full": 0, "dgq_err": 0, "dgq_gap": 0, "dgq_paths": 1, "tc_bytes": 31018950, "tc_pkts": 28245, "tc_drop": 473, "tc_s": 17}
LIVENESS sc3-B rep=5 cli=[RWM_THREE_TERM=1 RWM_PLAIN_RS=1] srv=[RWM_THREE_TERM=1 RWM_PLAIN_RS=1] active=1 eng1_lines=6 wait_lines=49 dgq_lines=42 ping_replies=237 (expect 3t=1 rs=1)
=== rep=5 arm=sc3-D seed=7 env="RWM_PLAIN_RS=1" cell=c3/c3/single bytes=25000000 14:49:45
[2m2026-08-10T14:49:49.391457Z[0m [32m INFO[0m [2mraptorpath::gates[0m[2m:[0m [GATES] RWM_UNIFIED=1 RWM_UNIFIED_SHED=1 RWM_TAPER_R=1 RWM_ASTAR_ANCHOR=1 RWM_MSTAR_ANCHOR=1 RWM_PLAIN_RS=1 RWM_STORE_SACK_RELEASE=1 RWM_STORE_PATHS=1 RWM_STORE_PATH_POOL=2048 RWM_STORE=unset RWM_STORE_GAIN=2 RWM_STORE_BOOT=128 RWM_STORE_CAPW=0 RWM_STORE_CAP_UNIFIED=0 RWM_THREE_TERM=0 RWM_STORE_PERCAP=0 RWM_PERCAP_GUARD=1 RWM_STORE_BORROW=0 RWM_HONEST_CAP=1 RWM_POOL_ANCHOR=0 RWM_POOL_DELIV=0 RWM_FLOOR_BOUND=0 RWM_ACK_MERGE=1 RWM_PATIENCE_DERIVED=0 RWM_SIDLE_DERIVED=0 RWM_WIN_DECOUPLE=0 RWM_PLACE_SLACK=0 RWM_GEN=384 RWM_PIPELINE=2 RWM_GEN_PIPE=1 RWM_GEN_R=unset RWM_GEN_RATE=9000 RWM_GEN_RATE_FLOOR=2000 RWM_GEN_INFLIGHT=unset RWM_OOO_RETAIN=0/16 RWM_WINDOW=unset RWM_REPORT_GENS=unset RWM_REPAIR_WAIT=unset RWM_CODED_SRC=0 RWM_NO_REACTIVE=0 RWM_XPATH_REPAIR=0 RWM_PROACTIVE_PACER=0 RWM_REASM_BDP=0 RWM_MIN_R=0 RWM_CC_PACE=0 RWM_CC_PACE_HR=1.1 RWM_REACT_CAP=unset RWM_INFL_CAP=0 RWM_INFL_BDP=unset RWM_COPA_FEED=0 RWM_RS_ATTR=1 RWM_EMIT_BATCH=0 RWM_EMIT_BURST=64 RWM_RECOV_MP=1 RWM_RECOV_MP_LAW=1 RWM_RECOV_MP_LIVE=0 RWM_RECOV_SP=0 RWM_DIAG=1 RWM_RDIAG=0 RWM_FDIAG=0 RWM_TRACE=0 RWM_PFRAC=0
{"bytes":25000000,"dnf":0,"hint":"bulk","max_s":12.071,"mean_mbps":16.569,"mean_s":12.071,"median_s":12.071,"min_s":12.071,"proto":"rp-native","runs":1,"stdev_s":0.0,"summary":true}
    LATPROBE: /tmp/rwm-ping.txt 232 replies
    CPU: CPUSRV=2.09s CPUCLI=2.37s (srv=decoder cli=sender; whole-invocation incl warmup)
    QDISC cli0: qdisc netem 8375: root refcnt 7 limit 1000 delay 20ms  5ms loss gemodel p 2% r 40% 1-h 100% 1-k 0% rate 20Mbit seed 7  Sent 29851506 bytes 27119 pkt (dropped 448, overlimits 0 requeues 0)   backlog 0b 0p requeues 0 
    QDISC cli1: qdisc netem 8376: root refcnt 7 limit 1000 delay 20ms  5ms loss gemodel p 2% r 40% 1-h 100% 1-k 0% rate 20Mbit seed 7  Sent 662 bytes 9 pkt (dropped 2, overlimits 0 requeues 0)   backlog 0b 0p requeues 0 
    QDISC srv0: qdisc netem 8377: root refcnt 7 limit 1000 delay 20ms  5ms rate 20Mbit seed 16206700650136134764  Sent 3299281 bytes 19143 pkt (dropped 0, overlimits 0 requeues 0)   backlog 144b 2p requeues 0 
    QDISC srv1: qdisc netem 8378: root refcnt 7 limit 1000 delay 20ms  5ms rate 20Mbit seed 6315229735748572567  Sent 838 bytes 11 pkt (dropped 0, overlimits 0 requeues 0)   backlog 0b 0p requeues 0 
    QCAP: /tmp/rwm-q.txt 18 lines
RUNTIME sc3-D rep=5 16s
LATRESULT {"cell": "sc3", "arm": "D", "seed": 7, "rep": 5, "dnf": false, "dnf_count": 0, "mbps": 16.569, "seconds": 12.071, "n_runs": 1, "occ_p50": 421, "occ_p90": 779, "occcap_p50": 422, "q_p50": 170, "q_p95": 421, "q_p99": 591, "q_n": 42, "diag_lines": 48, "retx": 2553, "gates_cli_3t": 0, "gates_srv_3t": 0, "gates_cli_rs": 1, "gates_srv_rs": 1, "gates_lines_cli": 1, "gates_lines_srv": 1, "active_echo_cli": 0, "tt_eng1": 0, "ping_n": 232, "ping_p50": 208.0, "ping_p95": 445.0, "ping_p99": 692.0, "ping_max": 709.0, "ping_min": 41.1, "ping_tx": null, "ping_rx": null, "ping_loss": null, "wait_tun": 6, "wait_paused": 75, "wait_pace": 0, "wait_gen": 0, "wait_nack": 18, "wait_defc": 0, "wait_tail": 1, "wait_flush": 0, "wait_lines": 45, "dgq_hand": 24004, "dgq_tx": 24004, "dgq_full": 0, "dgq_err": 0, "dgq_gap": 0, "dgq_paths": 1, "tc_bytes": 29852168, "tc_pkts": 27128, "tc_drop": 450, "tc_s": 16}
LIVENESS sc3-D rep=5 cli=[RWM_THREE_TERM=0 RWM_PLAIN_RS=1] srv=[RWM_THREE_TERM=0 RWM_PLAIN_RS=1] active=0 eng1_lines=0 wait_lines=48 dgq_lines=42 ping_replies=232 (expect 3t=0 rs=1)
=== rep=5 arm=c2r100-A seed=7 env="" cell=c2r100/c2r100/single bytes=100000000 14:50:01
[2m2026-08-10T14:50:03.962492Z[0m [32m INFO[0m [2mraptorpath::gates[0m[2m:[0m [GATES] RWM_UNIFIED=1 RWM_UNIFIED_SHED=1 RWM_TAPER_R=1 RWM_ASTAR_ANCHOR=1 RWM_MSTAR_ANCHOR=1 RWM_PLAIN_RS=0 RWM_STORE_SACK_RELEASE=1 RWM_STORE_PATHS=1 RWM_STORE_PATH_POOL=2048 RWM_STORE=unset RWM_STORE_GAIN=2 RWM_STORE_BOOT=128 RWM_STORE_CAPW=0 RWM_STORE_CAP_UNIFIED=0 RWM_THREE_TERM=0 RWM_STORE_PERCAP=0 RWM_PERCAP_GUARD=1 RWM_STORE_BORROW=0 RWM_HONEST_CAP=1 RWM_POOL_ANCHOR=0 RWM_POOL_DELIV=0 RWM_FLOOR_BOUND=0 RWM_ACK_MERGE=1 RWM_PATIENCE_DERIVED=0 RWM_SIDLE_DERIVED=0 RWM_WIN_DECOUPLE=0 RWM_PLACE_SLACK=0 RWM_GEN=384 RWM_PIPELINE=2 RWM_GEN_PIPE=1 RWM_GEN_R=unset RWM_GEN_RATE=9000 RWM_GEN_RATE_FLOOR=2000 RWM_GEN_INFLIGHT=unset RWM_OOO_RETAIN=0/16 RWM_WINDOW=unset RWM_REPORT_GENS=unset RWM_REPAIR_WAIT=unset RWM_CODED_SRC=0 RWM_NO_REACTIVE=0 RWM_XPATH_REPAIR=0 RWM_PROACTIVE_PACER=0 RWM_REASM_BDP=0 RWM_MIN_R=0 RWM_CC_PACE=0 RWM_CC_PACE_HR=1.1 RWM_REACT_CAP=unset RWM_INFL_CAP=0 RWM_INFL_BDP=unset RWM_COPA_FEED=0 RWM_RS_ATTR=1 RWM_EMIT_BATCH=0 RWM_EMIT_BURST=64 RWM_RECOV_MP=1 RWM_RECOV_MP_LAW=1 RWM_RECOV_MP_LIVE=0 RWM_RECOV_SP=0 RWM_DIAG=1 RWM_RDIAG=0 RWM_FDIAG=0 RWM_TRACE=0 RWM_PFRAC=0
{"bytes":100000000,"dnf":0,"hint":"bulk","max_s":9.5685,"mean_mbps":83.608,"mean_s":9.5685,"median_s":9.5685,"min_s":9.5685,"proto":"rp-native","runs":1,"stdev_s":0.0,"summary":true}
    LATPROBE: /tmp/rwm-ping.txt 185 replies
    CPU: CPUSRV=6.10s CPUCLI=6.22s (srv=decoder cli=sender; whole-invocation incl warmup)
    QDISC cli0: qdisc netem 8379: root refcnt 7 limit 1000 delay 50ms loss gemodel p 1.3% r 50% 1-h 100% 1-k 0% rate 100Mbit seed 7  Sent 111935634 bytes 98929 pkt (dropped 675, overlimits 0 requeues 0)   backlog 0b 0p requeues 0 
    QDISC cli1: qdisc netem 837a: root refcnt 7 limit 1000 delay 50ms loss gemodel p 1.3% r 50% 1-h 100% 1-k 0% rate 100Mbit seed 7  Sent 776 bytes 10 pkt (dropped 0, overlimits 0 requeues 0)   backlog 0b 0p requeues 0 
    QDISC srv0: qdisc netem 837b: root refcnt 7 limit 1000 delay 50ms rate 100Mbit seed 8308963573792859000  Sent 10989396 bytes 62135 pkt (dropped 0, overlimits 0 requeues 0)   backlog 91b 1p requeues 0 
    QDISC srv1: qdisc netem 837c: root refcnt 7 limit 1000 delay 50ms rate 100Mbit seed 9802624025373995557  Sent 866 bytes 11 pkt (dropped 0, overlimits 0 requeues 0)   backlog 0b 0p requeues 0 
    QCAP: /tmp/rwm-q.txt 18 lines
RUNTIME c2r100-A rep=5 13s
LATRESULT {"cell": "c2r100", "arm": "A", "seed": 7, "rep": 5, "dnf": false, "dnf_count": 0, "mbps": 83.608, "seconds": 9.569, "n_runs": 1, "occ_p50": 1024, "occ_p90": 1024, "occcap_p50": 1024, "q_p50": 5, "q_p95": 7, "q_p99": 11, "q_n": 35, "diag_lines": 38, "retx": 2794, "gates_cli_3t": 0, "gates_srv_3t": 0, "gates_cli_rs": 0, "gates_srv_rs": 0, "gates_lines_cli": 1, "gates_lines_srv": 1, "active_echo_cli": 0, "tt_eng1": 0, "ping_n": 185, "ping_p50": 103.0, "ping_p95": 107.0, "ping_p99": 110.0, "ping_max": 112.0, "ping_min": 100.0, "ping_tx": null, "ping_rx": null, "ping_loss": null, "wait_tun": 28, "wait_paused": 39, "wait_pace": 0, "wait_gen": 0, "wait_nack": 33, "wait_defc": 0, "wait_tail": 1, "wait_flush": 0, "wait_lines": 35, "dgq_hand": 87718, "dgq_tx": 87718, "dgq_full": 0, "dgq_err": 0, "dgq_gap": 0, "dgq_paths": 1, "tc_bytes": 111936410, "tc_pkts": 98939, "tc_drop": 675, "tc_s": 12}
LIVENESS c2r100-A rep=5 cli=[RWM_THREE_TERM=0 RWM_PLAIN_RS=0] srv=[RWM_THREE_TERM=0 RWM_PLAIN_RS=0] active=0 eng1_lines=0 wait_lines=38 dgq_lines=37 ping_replies=185 (expect 3t=0 rs=0)
=== rep=5 arm=c2r100-B seed=7 env="RWM_THREE_TERM=1 RWM_PLAIN_RS=1" cell=c2r100/c2r100/single bytes=100000000 14:50:14
[2m2026-08-10T14:50:15.881182Z[0m [32m INFO[0m [2mraptorpath::gates[0m[2m:[0m [GATES] RWM_UNIFIED=1 RWM_UNIFIED_SHED=1 RWM_TAPER_R=1 RWM_ASTAR_ANCHOR=1 RWM_MSTAR_ANCHOR=1 RWM_PLAIN_RS=1 RWM_STORE_SACK_RELEASE=1 RWM_STORE_PATHS=1 RWM_STORE_PATH_POOL=2048 RWM_STORE=unset RWM_STORE_GAIN=2 RWM_STORE_BOOT=128 RWM_STORE_CAPW=0 RWM_STORE_CAP_UNIFIED=0 RWM_THREE_TERM=1 RWM_STORE_PERCAP=0 RWM_PERCAP_GUARD=1 RWM_STORE_BORROW=0 RWM_HONEST_CAP=1 RWM_POOL_ANCHOR=0 RWM_POOL_DELIV=0 RWM_FLOOR_BOUND=0 RWM_ACK_MERGE=1 RWM_PATIENCE_DERIVED=0 RWM_SIDLE_DERIVED=0 RWM_WIN_DECOUPLE=0 RWM_PLACE_SLACK=0 RWM_GEN=384 RWM_PIPELINE=2 RWM_GEN_PIPE=1 RWM_GEN_R=unset RWM_GEN_RATE=9000 RWM_GEN_RATE_FLOOR=2000 RWM_GEN_INFLIGHT=unset RWM_OOO_RETAIN=0/16 RWM_WINDOW=unset RWM_REPORT_GENS=unset RWM_REPAIR_WAIT=unset RWM_CODED_SRC=0 RWM_NO_REACTIVE=0 RWM_XPATH_REPAIR=0 RWM_PROACTIVE_PACER=0 RWM_REASM_BDP=0 RWM_MIN_R=0 RWM_CC_PACE=0 RWM_CC_PACE_HR=1.1 RWM_REACT_CAP=unset RWM_INFL_CAP=0 RWM_INFL_BDP=unset RWM_COPA_FEED=0 RWM_RS_ATTR=1 RWM_EMIT_BATCH=0 RWM_EMIT_BURST=64 RWM_RECOV_MP=1 RWM_RECOV_MP_LAW=1 RWM_RECOV_MP_LIVE=0 RWM_RECOV_SP=0 RWM_DIAG=1 RWM_RDIAG=0 RWM_FDIAG=0 RWM_TRACE=0 RWM_PFRAC=0
{"bytes":100000000,"dnf":0,"hint":"bulk","max_s":9.7218,"mean_mbps":82.289,"mean_s":9.7218,"median_s":9.7218,"min_s":9.7218,"proto":"rp-native","runs":1,"stdev_s":0.0,"summary":true}
    LATPROBE: /tmp/rwm-ping.txt 188 replies
    CPU: CPUSRV=6.71s CPUCLI=10.07s (srv=decoder cli=sender; whole-invocation incl warmup)
    QDISC cli0: qdisc netem 837d: root refcnt 7 limit 1000 delay 50ms loss gemodel p 1.3% r 50% 1-h 100% 1-k 0% rate 100Mbit seed 7  Sent 115116264 bytes 100507 pkt (dropped 1076, overlimits 0 requeues 0)   backlog 686b 3p requeues 0 
    QDISC cli1: qdisc netem 837e: root refcnt 7 limit 1000 delay 50ms loss gemodel p 1.3% r 50% 1-h 100% 1-k 0% rate 100Mbit seed 7  Sent 776 bytes 10 pkt (dropped 0, overlimits 0 requeues 0)   backlog 0b 0p requeues 0 
    QDISC srv0: qdisc netem 837f: root refcnt 7 limit 1000 delay 50ms rate 100Mbit seed 16301141576783896811  Sent 12312751 bytes 65527 pkt (dropped 0, overlimits 0 requeues 0)   backlog 1307b 8p requeues 0 
    QDISC srv1: qdisc netem 8380: root refcnt 7 limit 1000 delay 50ms rate 100Mbit seed 8862809436686810941  Sent 866 bytes 11 pkt (dropped 0, overlimits 0 requeues 0)   backlog 0b 0p requeues 0 
    QCAP: /tmp/rwm-q.txt 18 lines
RUNTIME c2r100-B rep=5 12s
LATRESULT {"cell": "c2r100", "arm": "B", "seed": 7, "rep": 5, "dnf": false, "dnf_count": 0, "mbps": 82.289, "seconds": 9.722, "n_runs": 1, "occ_p50": 2992, "occ_p90": 3146, "occcap_p50": 3024, "q_p50": 213, "q_p95": 236, "q_p99": 241, "q_n": 32, "diag_lines": 39, "retx": 5691, "gates_cli_3t": 1, "gates_srv_3t": 1, "gates_cli_rs": 1, "gates_srv_rs": 1, "gates_lines_cli": 1, "gates_lines_srv": 1, "active_echo_cli": 1, "tt_eng1": 4, "ping_n": 188, "ping_p50": 310.0, "ping_p95": 333.0, "ping_p99": 336.0, "ping_max": 339.0, "ping_min": 100.0, "ping_tx": null, "ping_rx": null, "ping_loss": null, "wait_tun": 43, "wait_paused": 8, "wait_pace": 0, "wait_gen": 0, "wait_nack": 48, "wait_defc": 0, "wait_tail": 0, "wait_flush": 0, "wait_lines": 36, "dgq_hand": 90796, "dgq_tx": 90796, "dgq_full": 0, "dgq_err": 0, "dgq_gap": 0, "dgq_paths": 1, "tc_bytes": 115117726, "tc_pkts": 100520, "tc_drop": 1076, "tc_s": 12}
LIVENESS c2r100-B rep=5 cli=[RWM_THREE_TERM=1 RWM_PLAIN_RS=1] srv=[RWM_THREE_TERM=1 RWM_PLAIN_RS=1] active=1 eng1_lines=4 wait_lines=39 dgq_lines=32 ping_replies=188 (expect 3t=1 rs=1)
=== rep=5 arm=c2r100-D seed=7 env="RWM_PLAIN_RS=1" cell=c2r100/c2r100/single bytes=100000000 14:50:26
[2m2026-08-10T14:50:28.265580Z[0m [32m INFO[0m [2mraptorpath::gates[0m[2m:[0m [GATES] RWM_UNIFIED=1 RWM_UNIFIED_SHED=1 RWM_TAPER_R=1 RWM_ASTAR_ANCHOR=1 RWM_MSTAR_ANCHOR=1 RWM_PLAIN_RS=1 RWM_STORE_SACK_RELEASE=1 RWM_STORE_PATHS=1 RWM_STORE_PATH_POOL=2048 RWM_STORE=unset RWM_STORE_GAIN=2 RWM_STORE_BOOT=128 RWM_STORE_CAPW=0 RWM_STORE_CAP_UNIFIED=0 RWM_THREE_TERM=0 RWM_STORE_PERCAP=0 RWM_PERCAP_GUARD=1 RWM_STORE_BORROW=0 RWM_HONEST_CAP=1 RWM_POOL_ANCHOR=0 RWM_POOL_DELIV=0 RWM_FLOOR_BOUND=0 RWM_ACK_MERGE=1 RWM_PATIENCE_DERIVED=0 RWM_SIDLE_DERIVED=0 RWM_WIN_DECOUPLE=0 RWM_PLACE_SLACK=0 RWM_GEN=384 RWM_PIPELINE=2 RWM_GEN_PIPE=1 RWM_GEN_R=unset RWM_GEN_RATE=9000 RWM_GEN_RATE_FLOOR=2000 RWM_GEN_INFLIGHT=unset RWM_OOO_RETAIN=0/16 RWM_WINDOW=unset RWM_REPORT_GENS=unset RWM_REPAIR_WAIT=unset RWM_CODED_SRC=0 RWM_NO_REACTIVE=0 RWM_XPATH_REPAIR=0 RWM_PROACTIVE_PACER=0 RWM_REASM_BDP=0 RWM_MIN_R=0 RWM_CC_PACE=0 RWM_CC_PACE_HR=1.1 RWM_REACT_CAP=unset RWM_INFL_CAP=0 RWM_INFL_BDP=unset RWM_COPA_FEED=0 RWM_RS_ATTR=1 RWM_EMIT_BATCH=0 RWM_EMIT_BURST=64 RWM_RECOV_MP=1 RWM_RECOV_MP_LAW=1 RWM_RECOV_MP_LIVE=0 RWM_RECOV_SP=0 RWM_DIAG=1 RWM_RDIAG=0 RWM_FDIAG=0 RWM_TRACE=0 RWM_PFRAC=0
{"bytes":100000000,"dnf":0,"hint":"bulk","max_s":9.9313,"mean_mbps":80.553,"mean_s":9.9313,"median_s":9.9313,"min_s":9.9313,"proto":"rp-native","runs":1,"stdev_s":0.0,"summary":true}
    LATPROBE: /tmp/rwm-ping.txt 190 replies
    CPU: CPUSRV=6.26s CPUCLI=7.57s (srv=decoder cli=sender; whole-invocation incl warmup)
    QDISC cli0: qdisc netem 8381: root refcnt 7 limit 1000 delay 50ms loss gemodel p 1.3% r 50% 1-h 100% 1-k 0% rate 100Mbit seed 7  Sent 112975465 bytes 101234 pkt (dropped 698, overlimits 0 requeues 0)   backlog 0b 0p requeues 0 
    QDISC cli1: qdisc netem 8382: root refcnt 7 limit 1000 delay 50ms loss gemodel p 1.3% r 50% 1-h 100% 1-k 0% rate 100Mbit seed 7  Sent 776 bytes 10 pkt (dropped 0, overlimits 0 requeues 0)   backlog 0b 0p requeues 0 
    QDISC srv0: qdisc netem 8383: root refcnt 7 limit 1000 delay 50ms rate 100Mbit seed 14715264277980736345  Sent 11116309 bytes 63392 pkt (dropped 0, overlimits 0 requeues 0)   backlog 86b 1p requeues 0 
    QDISC srv1: qdisc netem 8384: root refcnt 7 limit 1000 delay 50ms rate 100Mbit seed 5117547009874205687  Sent 866 bytes 11 pkt (dropped 0, overlimits 0 requeues 0)   backlog 0b 0p requeues 0 
    QCAP: /tmp/rwm-q.txt 18 lines
RUNTIME c2r100-D rep=5 12s
LATRESULT {"cell": "c2r100", "arm": "D", "seed": 7, "rep": 5, "dnf": false, "dnf_count": 0, "mbps": 80.553, "seconds": 9.931, "n_runs": 1, "occ_p50": 1006, "occ_p90": 1024, "occcap_p50": 1024, "q_p50": 6, "q_p95": 9, "q_p99": 19, "q_n": 36, "diag_lines": 40, "retx": 3444, "gates_cli_3t": 0, "gates_srv_3t": 0, "gates_cli_rs": 1, "gates_srv_rs": 1, "gates_lines_cli": 1, "gates_lines_srv": 1, "active_echo_cli": 0, "tt_eng1": 0, "ping_n": 190, "ping_p50": 104.0, "ping_p95": 110.0, "ping_p99": 116.0, "ping_max": 123.0, "ping_min": 100.0, "ping_tx": null, "ping_rx": null, "ping_loss": null, "wait_tun": 29, "wait_paused": 27, "wait_pace": 0, "wait_gen": 0, "wait_nack": 43, "wait_defc": 0, "wait_tail": 1, "wait_flush": 0, "wait_lines": 37, "dgq_hand": 88583, "dgq_tx": 88574, "dgq_full": 0, "dgq_err": 0, "dgq_gap": 9, "dgq_paths": 1, "tc_bytes": 112976241, "tc_pkts": 101244, "tc_drop": 698, "tc_s": 12}
LIVENESS c2r100-D rep=5 cli=[RWM_THREE_TERM=0 RWM_PLAIN_RS=1] srv=[RWM_THREE_TERM=0 RWM_PLAIN_RS=1] active=0 eng1_lines=0 wait_lines=40 dgq_lines=36 ping_replies=190 (expect 3t=0 rs=1)
=== rep=5 arm=c7-A seed=7 env="" cell=c2/c2/dual bytes=200000000 14:50:38
[2m2026-08-10T14:50:42.871133Z[0m [32m INFO[0m [2mraptorpath::gates[0m[2m:[0m [GATES] RWM_UNIFIED=1 RWM_UNIFIED_SHED=1 RWM_TAPER_R=1 RWM_ASTAR_ANCHOR=1 RWM_MSTAR_ANCHOR=1 RWM_PLAIN_RS=0 RWM_STORE_SACK_RELEASE=1 RWM_STORE_PATHS=1 RWM_STORE_PATH_POOL=2048 RWM_STORE=unset RWM_STORE_GAIN=2 RWM_STORE_BOOT=128 RWM_STORE_CAPW=0 RWM_STORE_CAP_UNIFIED=0 RWM_THREE_TERM=0 RWM_STORE_PERCAP=0 RWM_PERCAP_GUARD=1 RWM_STORE_BORROW=0 RWM_HONEST_CAP=1 RWM_POOL_ANCHOR=0 RWM_POOL_DELIV=0 RWM_FLOOR_BOUND=0 RWM_ACK_MERGE=1 RWM_PATIENCE_DERIVED=0 RWM_SIDLE_DERIVED=0 RWM_WIN_DECOUPLE=0 RWM_PLACE_SLACK=0 RWM_GEN=384 RWM_PIPELINE=2 RWM_GEN_PIPE=1 RWM_GEN_R=unset RWM_GEN_RATE=9000 RWM_GEN_RATE_FLOOR=2000 RWM_GEN_INFLIGHT=unset RWM_OOO_RETAIN=0/16 RWM_WINDOW=unset RWM_REPORT_GENS=unset RWM_REPAIR_WAIT=unset RWM_CODED_SRC=0 RWM_NO_REACTIVE=0 RWM_XPATH_REPAIR=0 RWM_PROACTIVE_PACER=0 RWM_REASM_BDP=0 RWM_MIN_R=0 RWM_CC_PACE=0 RWM_CC_PACE_HR=1.1 RWM_REACT_CAP=unset RWM_INFL_CAP=0 RWM_INFL_BDP=unset RWM_COPA_FEED=0 RWM_RS_ATTR=1 RWM_EMIT_BATCH=0 RWM_EMIT_BURST=64 RWM_RECOV_MP=1 RWM_RECOV_MP_LAW=1 RWM_RECOV_MP_LIVE=0 RWM_RECOV_SP=0 RWM_DIAG=1 RWM_RDIAG=0 RWM_FDIAG=0 RWM_TRACE=0 RWM_PFRAC=0
{"bytes":200000000,"dnf":0,"hint":"bulk","max_s":9.3266,"mean_mbps":171.553,"mean_s":9.3266,"median_s":9.3266,"min_s":9.3266,"proto":"rp-native","runs":1,"stdev_s":0.0,"summary":true}
    LATPROBE: /tmp/rwm-ping.txt 182 replies
    CPU: CPUSRV=12.21s CPUCLI=13.87s (srv=decoder cli=sender; whole-invocation incl warmup)
    QDISC cli0: qdisc netem 8385: root refcnt 7 limit 1000 delay 5ms  3ms loss gemodel p 1.3% r 50% 1-h 100% 1-k 0% rate 100Mbit seed 7  Sent 113108481 bytes 91959 pkt (dropped 519, overlimits 0 requeues 0)   backlog 0b 0p requeues 0 
    QDISC cli1: qdisc netem 8386: root refcnt 7 limit 1000 delay 5ms  3ms loss gemodel p 1.3% r 50% 1-h 100% 1-k 0% rate 100Mbit seed 7  Sent 110076546 bytes 89013 pkt (dropped 491, overlimits 0 requeues 0)   backlog 0b 0p requeues 0 
    QDISC srv0: qdisc netem 8387: root refcnt 7 limit 1000 delay 5ms  3ms rate 100Mbit seed 628394402995569436  Sent 12733386 bytes 61799 pkt (dropped 0, overlimits 0 requeues 0)   backlog 0b 0p requeues 0 
    QDISC srv1: qdisc netem 8388: root refcnt 7 limit 1000 delay 5ms  3ms rate 100Mbit seed 15014802398819994620  Sent 12596375 bytes 60303 pkt (dropped 0, overlimits 0 requeues 0)   backlog 0b 0p requeues 0 
    QCAP: /tmp/rwm-q.txt 18 lines
RUNTIME c7-A rep=5 14s
LATRESULT {"cell": "c7", "arm": "A", "seed": 7, "rep": 5, "dnf": false, "dnf_count": 0, "mbps": 171.553, "seconds": 9.327, "n_runs": 1, "occ_p50": 1094, "occ_p90": 2075, "occcap_p50": 4096, "q_p50": 69, "q_p95": 197, "q_p99": 227, "q_n": 65, "diag_lines": 36, "retx": 5312, "gates_cli_3t": 0, "gates_srv_3t": 0, "gates_cli_rs": 0, "gates_srv_rs": 0, "gates_lines_cli": 1, "gates_lines_srv": 1, "active_echo_cli": 0, "tt_eng1": 0, "ping_n": 182, "ping_p50": 72.2, "ping_p95": 150.0, "ping_p99": 177.0, "ping_max": 199.0, "ping_min": 7.74, "ping_tx": null, "ping_rx": null, "ping_loss": null, "wait_tun": 97, "wait_paused": 0, "wait_pace": 0, "wait_gen": 0, "wait_nack": 3, "wait_defc": 0, "wait_tail": 0, "wait_flush": 0, "wait_lines": 33, "dgq_hand": 174373, "dgq_tx": 173283, "dgq_full": 0, "dgq_err": 0, "dgq_gap": 1090, "dgq_paths": 2, "tc_bytes": 223185097, "tc_pkts": 180973, "tc_drop": 1010, "tc_s": 14}
LIVENESS c7-A rep=5 cli=[RWM_THREE_TERM=0 RWM_PLAIN_RS=0] srv=[RWM_THREE_TERM=0 RWM_PLAIN_RS=0] active=0 eng1_lines=0 wait_lines=36 dgq_lines=35 ping_replies=182 (expect 3t=0 rs=0)
=== rep=5 arm=c7-B seed=7 env="RWM_THREE_TERM=1 RWM_PLAIN_RS=1" cell=c2/c2/dual bytes=200000000 14:50:52
[2m2026-08-10T14:50:55.493674Z[0m [32m INFO[0m [2mraptorpath::gates[0m[2m:[0m [GATES] RWM_UNIFIED=1 RWM_UNIFIED_SHED=1 RWM_TAPER_R=1 RWM_ASTAR_ANCHOR=1 RWM_MSTAR_ANCHOR=1 RWM_PLAIN_RS=1 RWM_STORE_SACK_RELEASE=1 RWM_STORE_PATHS=1 RWM_STORE_PATH_POOL=2048 RWM_STORE=unset RWM_STORE_GAIN=2 RWM_STORE_BOOT=128 RWM_STORE_CAPW=0 RWM_STORE_CAP_UNIFIED=0 RWM_THREE_TERM=1 RWM_STORE_PERCAP=0 RWM_PERCAP_GUARD=1 RWM_STORE_BORROW=0 RWM_HONEST_CAP=1 RWM_POOL_ANCHOR=0 RWM_POOL_DELIV=0 RWM_FLOOR_BOUND=0 RWM_ACK_MERGE=1 RWM_PATIENCE_DERIVED=0 RWM_SIDLE_DERIVED=0 RWM_WIN_DECOUPLE=0 RWM_PLACE_SLACK=0 RWM_GEN=384 RWM_PIPELINE=2 RWM_GEN_PIPE=1 RWM_GEN_R=unset RWM_GEN_RATE=9000 RWM_GEN_RATE_FLOOR=2000 RWM_GEN_INFLIGHT=unset RWM_OOO_RETAIN=0/16 RWM_WINDOW=unset RWM_REPORT_GENS=unset RWM_REPAIR_WAIT=unset RWM_CODED_SRC=0 RWM_NO_REACTIVE=0 RWM_XPATH_REPAIR=0 RWM_PROACTIVE_PACER=0 RWM_REASM_BDP=0 RWM_MIN_R=0 RWM_CC_PACE=0 RWM_CC_PACE_HR=1.1 RWM_REACT_CAP=unset RWM_INFL_CAP=0 RWM_INFL_BDP=unset RWM_COPA_FEED=0 RWM_RS_ATTR=1 RWM_EMIT_BATCH=0 RWM_EMIT_BURST=64 RWM_RECOV_MP=1 RWM_RECOV_MP_LAW=1 RWM_RECOV_MP_LIVE=0 RWM_RECOV_SP=0 RWM_DIAG=1 RWM_RDIAG=0 RWM_FDIAG=0 RWM_TRACE=0 RWM_PFRAC=0
{"bytes":200000000,"dnf":0,"hint":"bulk","max_s":10.6694,"mean_mbps":149.961,"mean_s":10.6694,"median_s":10.6694,"min_s":10.6694,"proto":"rp-native","runs":1,"stdev_s":0.0,"summary":true}
    LATPROBE: /tmp/rwm-ping.txt 207 replies
    CPU: CPUSRV=13.62s CPUCLI=16.40s (srv=decoder cli=sender; whole-invocation incl warmup)
    QDISC cli0: qdisc netem 8389: root refcnt 7 limit 1000 delay 5ms  3ms loss gemodel p 1.3% r 50% 1-h 100% 1-k 0% rate 100Mbit seed 7  Sent 110702590 bytes 91052 pkt (dropped 598, overlimits 0 requeues 0)   backlog 0b 0p requeues 0 
    QDISC cli1: qdisc netem 838a: root refcnt 7 limit 1000 delay 5ms  3ms loss gemodel p 1.3% r 50% 1-h 100% 1-k 0% rate 100Mbit seed 7  Sent 117573423 bytes 96260 pkt (dropped 598, overlimits 0 requeues 0)   backlog 0b 0p requeues 0 
    QDISC srv0: qdisc netem 838b: root refcnt 7 limit 1000 delay 5ms  3ms rate 100Mbit seed 11011324316787966425  Sent 14462667 bytes 61769 pkt (dropped 0, overlimits 0 requeues 0)   backlog 0b 0p requeues 0 
    QDISC srv1: qdisc netem 838c: root refcnt 7 limit 1000 delay 5ms  3ms rate 100Mbit seed 65171690081241680  Sent 16799609 bytes 65734 pkt (dropped 0, overlimits 0 requeues 0)   backlog 0b 0p requeues 0 
    QCAP: /tmp/rwm-q.txt 18 lines
RUNTIME c7-B rep=5 14s
LATRESULT {"cell": "c7", "arm": "B", "seed": 7, "rep": 5, "dnf": false, "dnf_count": 0, "mbps": 149.961, "seconds": 10.669, "n_runs": 1, "occ_p50": 441, "occ_p90": 688, "occcap_p50": 1366, "q_p50": 13, "q_p95": 44, "q_p99": 47, "q_n": 72, "diag_lines": 42, "retx": 7810, "gates_cli_3t": 1, "gates_srv_3t": 1, "gates_cli_rs": 1, "gates_srv_rs": 1, "gates_lines_cli": 1, "gates_lines_srv": 1, "active_echo_cli": 1, "tt_eng1": 5, "ping_n": 207, "ping_p50": 20.7, "ping_p95": 44.4, "ping_p99": 58.3, "ping_max": 64.1, "ping_min": 5.43, "ping_tx": null, "ping_rx": null, "ping_loss": null, "wait_tun": 96, "wait_paused": 0, "wait_pace": 0, "wait_gen": 0, "wait_nack": 4, "wait_defc": 0, "wait_tail": 0, "wait_flush": 0, "wait_lines": 39, "dgq_hand": 175865, "dgq_tx": 175756, "dgq_full": 0, "dgq_err": 0, "dgq_gap": 109, "dgq_paths": 2, "tc_bytes": 228276013, "tc_pkts": 187312, "tc_drop": 1196, "tc_s": 14}
LIVENESS c7-B rep=5 cli=[RWM_THREE_TERM=1 RWM_PLAIN_RS=1] srv=[RWM_THREE_TERM=1 RWM_PLAIN_RS=1] active=1 eng1_lines=5 wait_lines=42 dgq_lines=38 ping_replies=207 (expect 3t=1 rs=1)
=== rep=5 arm=c7-D seed=7 env="RWM_PLAIN_RS=1" cell=c2/c2/dual bytes=200000000 14:51:06
[2m2026-08-10T14:51:08.830541Z[0m [32m INFO[0m [2mraptorpath::gates[0m[2m:[0m [GATES] RWM_UNIFIED=1 RWM_UNIFIED_SHED=1 RWM_TAPER_R=1 RWM_ASTAR_ANCHOR=1 RWM_MSTAR_ANCHOR=1 RWM_PLAIN_RS=1 RWM_STORE_SACK_RELEASE=1 RWM_STORE_PATHS=1 RWM_STORE_PATH_POOL=2048 RWM_STORE=unset RWM_STORE_GAIN=2 RWM_STORE_BOOT=128 RWM_STORE_CAPW=0 RWM_STORE_CAP_UNIFIED=0 RWM_THREE_TERM=0 RWM_STORE_PERCAP=0 RWM_PERCAP_GUARD=1 RWM_STORE_BORROW=0 RWM_HONEST_CAP=1 RWM_POOL_ANCHOR=0 RWM_POOL_DELIV=0 RWM_FLOOR_BOUND=0 RWM_ACK_MERGE=1 RWM_PATIENCE_DERIVED=0 RWM_SIDLE_DERIVED=0 RWM_WIN_DECOUPLE=0 RWM_PLACE_SLACK=0 RWM_GEN=384 RWM_PIPELINE=2 RWM_GEN_PIPE=1 RWM_GEN_R=unset RWM_GEN_RATE=9000 RWM_GEN_RATE_FLOOR=2000 RWM_GEN_INFLIGHT=unset RWM_OOO_RETAIN=0/16 RWM_WINDOW=unset RWM_REPORT_GENS=unset RWM_REPAIR_WAIT=unset RWM_CODED_SRC=0 RWM_NO_REACTIVE=0 RWM_XPATH_REPAIR=0 RWM_PROACTIVE_PACER=0 RWM_REASM_BDP=0 RWM_MIN_R=0 RWM_CC_PACE=0 RWM_CC_PACE_HR=1.1 RWM_REACT_CAP=unset RWM_INFL_CAP=0 RWM_INFL_BDP=unset RWM_COPA_FEED=0 RWM_RS_ATTR=1 RWM_EMIT_BATCH=0 RWM_EMIT_BURST=64 RWM_RECOV_MP=1 RWM_RECOV_MP_LAW=1 RWM_RECOV_MP_LIVE=0 RWM_RECOV_SP=0 RWM_DIAG=1 RWM_RDIAG=0 RWM_FDIAG=0 RWM_TRACE=0 RWM_PFRAC=0
{"bytes":200000000,"dnf":0,"hint":"bulk","max_s":10.5804,"mean_mbps":151.223,"mean_s":10.5804,"median_s":10.5804,"min_s":10.5804,"proto":"rp-native","runs":1,"stdev_s":0.0,"summary":true}
    LATPROBE: /tmp/rwm-ping.txt 205 replies
    CPU: CPUSRV=13.35s CPUCLI=16.23s (srv=decoder cli=sender; whole-invocation incl warmup)
    QDISC cli0: qdisc netem 838d: root refcnt 7 limit 1000 delay 5ms  3ms loss gemodel p 1.3% r 50% 1-h 100% 1-k 0% rate 100Mbit seed 7  Sent 112576715 bytes 92390 pkt (dropped 629, overlimits 0 requeues 0)   backlog 0b 0p requeues 0 
    QDISC cli1: qdisc netem 838e: root refcnt 7 limit 1000 delay 5ms  3ms loss gemodel p 1.3% r 50% 1-h 100% 1-k 0% rate 100Mbit seed 7  Sent 115603517 bytes 94469 pkt (dropped 613, overlimits 0 requeues 0)   backlog 0b 0p requeues 0 
    QDISC srv0: qdisc netem 838f: root refcnt 7 limit 1000 delay 5ms  3ms rate 100Mbit seed 17528719660801046408  Sent 14668013 bytes 63885 pkt (dropped 0, overlimits 0 requeues 0)   backlog 0b 0p requeues 0 
    QDISC srv1: qdisc netem 8390: root refcnt 7 limit 1000 delay 5ms  3ms rate 100Mbit seed 15265447671752345105  Sent 15461924 bytes 65670 pkt (dropped 0, overlimits 0 requeues 0)   backlog 0b 0p requeues 0 
    QCAP: /tmp/rwm-q.txt 18 lines
RUNTIME c7-D rep=5 13s
LATRESULT {"cell": "c7", "arm": "D", "seed": 7, "rep": 5, "dnf": false, "dnf_count": 0, "mbps": 151.223, "seconds": 10.58, "n_runs": 1, "occ_p50": 380, "occ_p90": 609, "occcap_p50": 4096, "q_p50": 15, "q_p95": 38, "q_p99": 45, "q_n": 73, "diag_lines": 42, "retx": 7804, "gates_cli_3t": 0, "gates_srv_3t": 0, "gates_cli_rs": 1, "gates_srv_rs": 1, "gates_lines_cli": 1, "gates_lines_srv": 1, "active_echo_cli": 0, "tt_eng1": 0, "ping_n": 205, "ping_p50": 22.5, "ping_p95": 50.3, "ping_p99": 61.4, "ping_max": 75.8, "ping_min": 7.79, "ping_tx": null, "ping_rx": null, "ping_loss": null, "wait_tun": 96, "wait_paused": 0, "wait_pace": 0, "wait_gen": 0, "wait_nack": 4, "wait_defc": 0, "wait_tail": 0, "wait_flush": 0, "wait_lines": 39, "dgq_hand": 180063, "dgq_tx": 179987, "dgq_full": 0, "dgq_err": 0, "dgq_gap": 76, "dgq_paths": 2, "tc_bytes": 228180232, "tc_pkts": 186859, "tc_drop": 1242, "tc_s": 13}
LIVENESS c7-D rep=5 cli=[RWM_THREE_TERM=0 RWM_PLAIN_RS=1] srv=[RWM_THREE_TERM=0 RWM_PLAIN_RS=1] active=0 eng1_lines=0 wait_lines=42 dgq_lines=41 ping_replies=205 (expect 3t=0 rs=1)
=== rep=5 arm=c2r200-A seed=7 env="" cell=c2r200/c2r200/single bytes=50000000 14:51:19
[2m2026-08-10T14:51:21.781258Z[0m [32m INFO[0m [2mraptorpath::gates[0m[2m:[0m [GATES] RWM_UNIFIED=1 RWM_UNIFIED_SHED=1 RWM_TAPER_R=1 RWM_ASTAR_ANCHOR=1 RWM_MSTAR_ANCHOR=1 RWM_PLAIN_RS=0 RWM_STORE_SACK_RELEASE=1 RWM_STORE_PATHS=1 RWM_STORE_PATH_POOL=2048 RWM_STORE=unset RWM_STORE_GAIN=2 RWM_STORE_BOOT=128 RWM_STORE_CAPW=0 RWM_STORE_CAP_UNIFIED=0 RWM_THREE_TERM=0 RWM_STORE_PERCAP=0 RWM_PERCAP_GUARD=1 RWM_STORE_BORROW=0 RWM_HONEST_CAP=1 RWM_POOL_ANCHOR=0 RWM_POOL_DELIV=0 RWM_FLOOR_BOUND=0 RWM_ACK_MERGE=1 RWM_PATIENCE_DERIVED=0 RWM_SIDLE_DERIVED=0 RWM_WIN_DECOUPLE=0 RWM_PLACE_SLACK=0 RWM_GEN=384 RWM_PIPELINE=2 RWM_GEN_PIPE=1 RWM_GEN_R=unset RWM_GEN_RATE=9000 RWM_GEN_RATE_FLOOR=2000 RWM_GEN_INFLIGHT=unset RWM_OOO_RETAIN=0/16 RWM_WINDOW=unset RWM_REPORT_GENS=unset RWM_REPAIR_WAIT=unset RWM_CODED_SRC=0 RWM_NO_REACTIVE=0 RWM_XPATH_REPAIR=0 RWM_PROACTIVE_PACER=0 RWM_REASM_BDP=0 RWM_MIN_R=0 RWM_CC_PACE=0 RWM_CC_PACE_HR=1.1 RWM_REACT_CAP=unset RWM_INFL_CAP=0 RWM_INFL_BDP=unset RWM_COPA_FEED=0 RWM_RS_ATTR=1 RWM_EMIT_BATCH=0 RWM_EMIT_BURST=64 RWM_RECOV_MP=1 RWM_RECOV_MP_LAW=1 RWM_RECOV_MP_LIVE=0 RWM_RECOV_SP=0 RWM_DIAG=1 RWM_RDIAG=0 RWM_FDIAG=0 RWM_TRACE=0 RWM_PFRAC=0
{"bytes":50000000,"dnf":0,"hint":"bulk","max_s":9.574,"mean_mbps":41.78,"mean_s":9.574,"median_s":9.574,"min_s":9.574,"proto":"rp-native","runs":1,"stdev_s":0.0,"summary":true}
    LATPROBE: /tmp/rwm-ping.txt 185 replies
    CPU: CPUSRV=3.27s CPUCLI=3.33s (srv=decoder cli=sender; whole-invocation incl warmup)
    QDISC cli0: qdisc netem 8391: root refcnt 7 limit 1000 delay 100ms loss gemodel p 1.3% r 50% 1-h 100% 1-k 0% rate 100Mbit seed 7  Sent 56201781 bytes 51756 pkt (dropped 366, overlimits 0 requeues 0)   backlog 16273b 13p requeues 0 
    QDISC cli1: qdisc netem 8392: root refcnt 7 limit 1000 delay 100ms loss gemodel p 1.3% r 50% 1-h 100% 1-k 0% rate 100Mbit seed 7  Sent 776 bytes 10 pkt (dropped 0, overlimits 0 requeues 0)   backlog 0b 0p requeues 0 
    QDISC srv0: qdisc netem 8393: root refcnt 7 limit 1000 delay 100ms rate 100Mbit seed 1430157540239660973  Sent 5638788 bytes 32064 pkt (dropped 0, overlimits 0 requeues 0)   backlog 2264b 14p requeues 0 
    QDISC srv1: qdisc netem 8394: root refcnt 7 limit 1000 delay 100ms rate 100Mbit seed 9558728987398761308  Sent 866 bytes 11 pkt (dropped 0, overlimits 0 requeues 0)   backlog 0b 0p requeues 0 
    QCAP: /tmp/rwm-q.txt 18 lines
RUNTIME c2r200-A rep=5 13s
LATRESULT {"cell": "c2r200", "arm": "A", "seed": 7, "rep": 5, "dnf": false, "dnf_count": 0, "mbps": 41.78, "seconds": 9.574, "n_runs": 1, "occ_p50": 1024, "occ_p90": 1024, "occcap_p50": 1024, "q_p50": 2, "q_p95": 3, "q_p99": 289, "q_n": 35, "diag_lines": 38, "retx": 1495, "gates_cli_3t": 0, "gates_srv_3t": 0, "gates_cli_rs": 0, "gates_srv_rs": 0, "gates_lines_cli": 1, "gates_lines_srv": 1, "active_echo_cli": 0, "tt_eng1": 0, "ping_n": 185, "ping_p50": 200.0, "ping_p95": 202.0, "ping_p99": 203.0, "ping_max": 204.0, "ping_min": 200.0, "ping_tx": null, "ping_rx": null, "ping_loss": null, "wait_tun": 14, "wait_paused": 65, "wait_pace": 0, "wait_gen": 0, "wait_nack": 20, "wait_defc": 0, "wait_tail": 1, "wait_flush": 0, "wait_lines": 35, "dgq_hand": 44094, "dgq_tx": 44094, "dgq_full": 0, "dgq_err": 0, "dgq_gap": 0, "dgq_paths": 1, "tc_bytes": 56217410, "tc_pkts": 51783, "tc_drop": 366, "tc_s": 13}
LIVENESS c2r200-A rep=5 cli=[RWM_THREE_TERM=0 RWM_PLAIN_RS=0] srv=[RWM_THREE_TERM=0 RWM_PLAIN_RS=0] active=0 eng1_lines=0 wait_lines=38 dgq_lines=36 ping_replies=185 (expect 3t=0 rs=0)
=== rep=5 arm=c2r200-B seed=7 env="RWM_THREE_TERM=1 RWM_PLAIN_RS=1" cell=c2r200/c2r200/single bytes=50000000 14:51:32
[2m2026-08-10T14:51:34.221249Z[0m [32m INFO[0m [2mraptorpath::gates[0m[2m:[0m [GATES] RWM_UNIFIED=1 RWM_UNIFIED_SHED=1 RWM_TAPER_R=1 RWM_ASTAR_ANCHOR=1 RWM_MSTAR_ANCHOR=1 RWM_PLAIN_RS=1 RWM_STORE_SACK_RELEASE=1 RWM_STORE_PATHS=1 RWM_STORE_PATH_POOL=2048 RWM_STORE=unset RWM_STORE_GAIN=2 RWM_STORE_BOOT=128 RWM_STORE_CAPW=0 RWM_STORE_CAP_UNIFIED=0 RWM_THREE_TERM=1 RWM_STORE_PERCAP=0 RWM_PERCAP_GUARD=1 RWM_STORE_BORROW=0 RWM_HONEST_CAP=1 RWM_POOL_ANCHOR=0 RWM_POOL_DELIV=0 RWM_FLOOR_BOUND=0 RWM_ACK_MERGE=1 RWM_PATIENCE_DERIVED=0 RWM_SIDLE_DERIVED=0 RWM_WIN_DECOUPLE=0 RWM_PLACE_SLACK=0 RWM_GEN=384 RWM_PIPELINE=2 RWM_GEN_PIPE=1 RWM_GEN_R=unset RWM_GEN_RATE=9000 RWM_GEN_RATE_FLOOR=2000 RWM_GEN_INFLIGHT=unset RWM_OOO_RETAIN=0/16 RWM_WINDOW=unset RWM_REPORT_GENS=unset RWM_REPAIR_WAIT=unset RWM_CODED_SRC=0 RWM_NO_REACTIVE=0 RWM_XPATH_REPAIR=0 RWM_PROACTIVE_PACER=0 RWM_REASM_BDP=0 RWM_MIN_R=0 RWM_CC_PACE=0 RWM_CC_PACE_HR=1.1 RWM_REACT_CAP=unset RWM_INFL_CAP=0 RWM_INFL_BDP=unset RWM_COPA_FEED=0 RWM_RS_ATTR=1 RWM_EMIT_BATCH=0 RWM_EMIT_BURST=64 RWM_RECOV_MP=1 RWM_RECOV_MP_LAW=1 RWM_RECOV_MP_LIVE=0 RWM_RECOV_SP=0 RWM_DIAG=1 RWM_RDIAG=0 RWM_FDIAG=0 RWM_TRACE=0 RWM_PFRAC=0
{"bytes":50000000,"dnf":0,"hint":"bulk","max_s":10.2148,"mean_mbps":39.159,"mean_s":10.2148,"median_s":10.2148,"min_s":10.2148,"proto":"rp-native","runs":1,"stdev_s":0.0,"summary":true}
    LATPROBE: /tmp/rwm-ping.txt 199 replies
    CPU: CPUSRV=3.77s CPUCLI=9.32s (srv=decoder cli=sender; whole-invocation incl warmup)
    QDISC cli0: qdisc netem 8395: root refcnt 7 limit 1000 delay 100ms loss gemodel p 1.3% r 50% 1-h 100% 1-k 0% rate 100Mbit seed 7  Sent 59689250 bytes 49195 pkt (dropped 938, overlimits 0 requeues 0)   backlog 827b 8p requeues 0 
    QDISC cli1: qdisc netem 8396: root refcnt 7 limit 1000 delay 100ms loss gemodel p 1.3% r 50% 1-h 100% 1-k 0% rate 100Mbit seed 7  Sent 776 bytes 10 pkt (dropped 0, overlimits 0 requeues 0)   backlog 0b 0p requeues 0 
    QDISC srv0: qdisc netem 8397: root refcnt 7 limit 1000 delay 100ms rate 100Mbit seed 8321113377016029513  Sent 7197773 bytes 36007 pkt (dropped 0, overlimits 0 requeues 0)   backlog 2622b 17p requeues 0 
    QDISC srv1: qdisc netem 8398: root refcnt 7 limit 1000 delay 100ms rate 100Mbit seed 9959477958613551942  Sent 866 bytes 11 pkt (dropped 0, overlimits 0 requeues 0)   backlog 0b 0p requeues 0 
    QCAP: /tmp/rwm-q.txt 18 lines
RUNTIME c2r200-B rep=5 13s
LATRESULT {"cell": "c2r200", "arm": "B", "seed": 7, "rep": 5, "dnf": false, "dnf_count": 0, "mbps": 39.159, "seconds": 10.215, "n_runs": 1, "occ_p50": 1958, "occ_p90": 4075, "occcap_p50": 4096, "q_p50": 191, "q_p95": 327, "q_p99": 347, "q_n": 24, "diag_lines": 38, "retx": 5438, "gates_cli_3t": 1, "gates_srv_3t": 1, "gates_cli_rs": 1, "gates_srv_rs": 1, "gates_lines_cli": 1, "gates_lines_srv": 1, "active_echo_cli": 1, "tt_eng1": 5, "ping_n": 199, "ping_p50": 200.0, "ping_p95": 464.0, "ping_p99": 479.0, "ping_max": 484.0, "ping_min": 200.0, "ping_tx": null, "ping_rx": null, "ping_loss": null, "wait_tun": 35, "wait_paused": 0, "wait_pace": 0, "wait_gen": 0, "wait_nack": 40, "wait_defc": 0, "wait_tail": 0, "wait_flush": 0, "wait_lines": 35, "dgq_hand": 48039, "dgq_tx": 48028, "dgq_full": 0, "dgq_err": 0, "dgq_gap": 11, "dgq_paths": 1, "tc_bytes": 59690853, "tc_pkts": 49213, "tc_drop": 938, "tc_s": 13}
LIVENESS c2r200-B rep=5 cli=[RWM_THREE_TERM=1 RWM_PLAIN_RS=1] srv=[RWM_THREE_TERM=1 RWM_PLAIN_RS=1] active=1 eng1_lines=5 wait_lines=38 dgq_lines=24 ping_replies=199 (expect 3t=1 rs=1)
=== rep=5 arm=c2r200-D seed=7 env="RWM_PLAIN_RS=1" cell=c2r200/c2r200/single bytes=50000000 14:51:45
[2m2026-08-10T14:51:47.646141Z[0m [32m INFO[0m [2mraptorpath::gates[0m[2m:[0m [GATES] RWM_UNIFIED=1 RWM_UNIFIED_SHED=1 RWM_TAPER_R=1 RWM_ASTAR_ANCHOR=1 RWM_MSTAR_ANCHOR=1 RWM_PLAIN_RS=1 RWM_STORE_SACK_RELEASE=1 RWM_STORE_PATHS=1 RWM_STORE_PATH_POOL=2048 RWM_STORE=unset RWM_STORE_GAIN=2 RWM_STORE_BOOT=128 RWM_STORE_CAPW=0 RWM_STORE_CAP_UNIFIED=0 RWM_THREE_TERM=0 RWM_STORE_PERCAP=0 RWM_PERCAP_GUARD=1 RWM_STORE_BORROW=0 RWM_HONEST_CAP=1 RWM_POOL_ANCHOR=0 RWM_POOL_DELIV=0 RWM_FLOOR_BOUND=0 RWM_ACK_MERGE=1 RWM_PATIENCE_DERIVED=0 RWM_SIDLE_DERIVED=0 RWM_WIN_DECOUPLE=0 RWM_PLACE_SLACK=0 RWM_GEN=384 RWM_PIPELINE=2 RWM_GEN_PIPE=1 RWM_GEN_R=unset RWM_GEN_RATE=9000 RWM_GEN_RATE_FLOOR=2000 RWM_GEN_INFLIGHT=unset RWM_OOO_RETAIN=0/16 RWM_WINDOW=unset RWM_REPORT_GENS=unset RWM_REPAIR_WAIT=unset RWM_CODED_SRC=0 RWM_NO_REACTIVE=0 RWM_XPATH_REPAIR=0 RWM_PROACTIVE_PACER=0 RWM_REASM_BDP=0 RWM_MIN_R=0 RWM_CC_PACE=0 RWM_CC_PACE_HR=1.1 RWM_REACT_CAP=unset RWM_INFL_CAP=0 RWM_INFL_BDP=unset RWM_COPA_FEED=0 RWM_RS_ATTR=1 RWM_EMIT_BATCH=0 RWM_EMIT_BURST=64 RWM_RECOV_MP=1 RWM_RECOV_MP_LAW=1 RWM_RECOV_MP_LIVE=0 RWM_RECOV_SP=0 RWM_DIAG=1 RWM_RDIAG=0 RWM_FDIAG=0 RWM_TRACE=0 RWM_PFRAC=0
{"bytes":50000000,"dnf":0,"hint":"bulk","max_s":9.7779,"mean_mbps":40.909,"mean_s":9.7779,"median_s":9.7779,"min_s":9.7779,"proto":"rp-native","runs":1,"stdev_s":0.0,"summary":true}
    LATPROBE: /tmp/rwm-ping.txt 190 replies
    CPU: CPUSRV=3.31s CPUCLI=3.99s (srv=decoder cli=sender; whole-invocation incl warmup)
    QDISC cli0: qdisc netem 8399: root refcnt 7 limit 1000 delay 100ms loss gemodel p 1.3% r 50% 1-h 100% 1-k 0% rate 100Mbit seed 7  Sent 56812544 bytes 51356 pkt (dropped 351, overlimits 0 requeues 0)   backlog 13179b 13p requeues 0 
    QDISC cli1: qdisc netem 839a: root refcnt 7 limit 1000 delay 100ms loss gemodel p 1.3% r 50% 1-h 100% 1-k 0% rate 100Mbit seed 7  Sent 776 bytes 10 pkt (dropped 0, overlimits 0 requeues 0)   backlog 0b 0p requeues 0 
    QDISC srv0: qdisc netem 839b: root refcnt 7 limit 1000 delay 100ms rate 100Mbit seed 645423708567051119  Sent 5657678 bytes 31918 pkt (dropped 0, overlimits 0 requeues 0)   backlog 2333b 17p requeues 0 
    QDISC srv1: qdisc netem 839c: root refcnt 7 limit 1000 delay 100ms rate 100Mbit seed 15349735742536029193  Sent 866 bytes 11 pkt (dropped 0, overlimits 0 requeues 0)   backlog 0b 0p requeues 0 
    QCAP: /tmp/rwm-q.txt 18 lines
RUNTIME c2r200-D rep=5 13s
LATRESULT {"cell": "c2r200", "arm": "D", "seed": 7, "rep": 5, "dnf": false, "dnf_count": 0, "mbps": 40.909, "seconds": 9.778, "n_runs": 1, "occ_p50": 1024, "occ_p90": 1024, "occcap_p50": 1024, "q_p50": 3, "q_p95": 4, "q_p99": 35, "q_n": 35, "diag_lines": 39, "retx": 1984, "gates_cli_3t": 0, "gates_srv_3t": 0, "gates_cli_rs": 1, "gates_srv_rs": 1, "gates_lines_cli": 1, "gates_lines_srv": 1, "active_echo_cli": 0, "tt_eng1": 0, "ping_n": 190, "ping_p50": 200.0, "ping_p95": 202.0, "ping_p99": 203.0, "ping_max": 204.0, "ping_min": 200.0, "ping_tx": null, "ping_rx": null, "ping_loss": null, "wait_tun": 16, "wait_paused": 59, "wait_pace": 0, "wait_gen": 0, "wait_nack": 25, "wait_defc": 0, "wait_tail": 1, "wait_flush": 0, "wait_lines": 36, "dgq_hand": 44594, "dgq_tx": 44592, "dgq_full": 0, "dgq_err": 0, "dgq_gap": 2, "dgq_paths": 1, "tc_bytes": 56813502, "tc_pkts": 51368, "tc_drop": 351, "tc_s": 13}
LIVENESS c2r200-D rep=5 cli=[RWM_THREE_TERM=0 RWM_PLAIN_RS=1] srv=[RWM_THREE_TERM=0 RWM_PLAIN_RS=1] active=0 eng1_lines=0 wait_lines=39 dgq_lines=35 ping_replies=190 (expect 3t=0 rs=1)
=== rep=5 arm=c1-A seed=7 env="" cell=c1/c1/single bytes=400000000 14:51:58
[2m2026-08-10T14:52:00.192594Z[0m [32m INFO[0m [2mraptorpath::gates[0m[2m:[0m [GATES] RWM_UNIFIED=1 RWM_UNIFIED_SHED=1 RWM_TAPER_R=1 RWM_ASTAR_ANCHOR=1 RWM_MSTAR_ANCHOR=1 RWM_PLAIN_RS=0 RWM_STORE_SACK_RELEASE=1 RWM_STORE_PATHS=1 RWM_STORE_PATH_POOL=2048 RWM_STORE=unset RWM_STORE_GAIN=2 RWM_STORE_BOOT=128 RWM_STORE_CAPW=0 RWM_STORE_CAP_UNIFIED=0 RWM_THREE_TERM=0 RWM_STORE_PERCAP=0 RWM_PERCAP_GUARD=1 RWM_STORE_BORROW=0 RWM_HONEST_CAP=1 RWM_POOL_ANCHOR=0 RWM_POOL_DELIV=0 RWM_FLOOR_BOUND=0 RWM_ACK_MERGE=1 RWM_PATIENCE_DERIVED=0 RWM_SIDLE_DERIVED=0 RWM_WIN_DECOUPLE=0 RWM_PLACE_SLACK=0 RWM_GEN=384 RWM_PIPELINE=2 RWM_GEN_PIPE=1 RWM_GEN_R=unset RWM_GEN_RATE=9000 RWM_GEN_RATE_FLOOR=2000 RWM_GEN_INFLIGHT=unset RWM_OOO_RETAIN=0/16 RWM_WINDOW=unset RWM_REPORT_GENS=unset RWM_REPAIR_WAIT=unset RWM_CODED_SRC=0 RWM_NO_REACTIVE=0 RWM_XPATH_REPAIR=0 RWM_PROACTIVE_PACER=0 RWM_REASM_BDP=0 RWM_MIN_R=0 RWM_CC_PACE=0 RWM_CC_PACE_HR=1.1 RWM_REACT_CAP=unset RWM_INFL_CAP=0 RWM_INFL_BDP=unset RWM_COPA_FEED=0 RWM_RS_ATTR=1 RWM_EMIT_BATCH=0 RWM_EMIT_BURST=64 RWM_RECOV_MP=1 RWM_RECOV_MP_LAW=1 RWM_RECOV_MP_LIVE=0 RWM_RECOV_SP=0 RWM_DIAG=1 RWM_RDIAG=0 RWM_FDIAG=0 RWM_TRACE=0 RWM_PFRAC=0
{"bytes":400000000,"dnf":0,"hint":"bulk","max_s":14.2094,"mean_mbps":225.203,"mean_s":14.2094,"median_s":14.2094,"min_s":14.2094,"proto":"rp-native","runs":1,"stdev_s":0.0,"summary":true}
    LATPROBE: /tmp/rwm-ping.txt 283 replies
    CPU: CPUSRV=15.30s CPUCLI=15.45s (srv=decoder cli=sender; whole-invocation incl warmup)
    QDISC cli0: qdisc netem 839d: root refcnt 7 limit 1000 delay 1ms loss gemodel p 0.05% r 50% 1-h 100% 1-k 0% rate 1Gbit seed 7  Sent 438453978 bytes 347699 pkt (dropped 57, overlimits 0 requeues 0)   backlog 0b 0p requeues 0 
    QDISC cli1: qdisc netem 839e: root refcnt 7 limit 1000 delay 1ms loss gemodel p 0.05% r 50% 1-h 100% 1-k 0% rate 1Gbit seed 7  Sent 846 bytes 11 pkt (dropped 0, overlimits 0 requeues 0)   backlog 0b 0p requeues 0 
    QDISC srv0: qdisc netem 839f: root refcnt 7 limit 1000 delay 1ms rate 1Gbit seed 8492437008106450718  Sent 31732631 bytes 87568 pkt (dropped 0, overlimits 0 requeues 0)   backlog 0b 0p requeues 0 
    QDISC srv1: qdisc netem 83a0: root refcnt 7 limit 1000 delay 1ms rate 1Gbit seed 17276182710371171585  Sent 936 bytes 12 pkt (dropped 0, overlimits 0 requeues 0)   backlog 0b 0p requeues 0 
    QCAP: /tmp/rwm-q.txt 18 lines
RUNTIME c1-A rep=5 16s
LATRESULT {"cell": "c1", "arm": "A", "seed": 7, "rep": 5, "dnf": false, "dnf_count": 0, "mbps": 225.203, "seconds": 14.209, "n_runs": 1, "occ_p50": 250, "occ_p90": 448, "occcap_p50": 534, "q_p50": 6, "q_p95": 11, "q_p99": 18, "q_n": 34, "diag_lines": 56, "retx": 824, "gates_cli_3t": 0, "gates_srv_3t": 0, "gates_cli_rs": 0, "gates_srv_rs": 0, "gates_lines_cli": 1, "gates_lines_srv": 1, "active_echo_cli": 0, "tt_eng1": 0, "ping_n": 283, "ping_p50": 2.06, "ping_p95": 2.62, "ping_p99": 2.88, "ping_max": 2.94, "ping_min": 2.03, "ping_tx": null, "ping_rx": null, "ping_loss": null, "wait_tun": 66, "wait_paused": 34, "wait_pace": 0, "wait_gen": 0, "wait_nack": 0, "wait_defc": 0, "wait_tail": 0, "wait_flush": 0, "wait_lines": 53, "dgq_hand": 329375, "dgq_tx": 329248, "dgq_full": 0, "dgq_err": 0, "dgq_gap": 127, "dgq_paths": 1, "tc_bytes": 438454924, "tc_pkts": 347711, "tc_drop": 57, "tc_s": 16}
LIVENESS c1-A rep=5 cli=[RWM_THREE_TERM=0 RWM_PLAIN_RS=0] srv=[RWM_THREE_TERM=0 RWM_PLAIN_RS=0] active=0 eng1_lines=0 wait_lines=56 dgq_lines=36 ping_replies=283 (expect 3t=0 rs=0)
=== rep=5 arm=c1-B seed=7 env="RWM_THREE_TERM=1 RWM_PLAIN_RS=1" cell=c1/c1/single bytes=400000000 14:52:14
[2m2026-08-10T14:52:16.594953Z[0m [32m INFO[0m [2mraptorpath::gates[0m[2m:[0m [GATES] RWM_UNIFIED=1 RWM_UNIFIED_SHED=1 RWM_TAPER_R=1 RWM_ASTAR_ANCHOR=1 RWM_MSTAR_ANCHOR=1 RWM_PLAIN_RS=1 RWM_STORE_SACK_RELEASE=1 RWM_STORE_PATHS=1 RWM_STORE_PATH_POOL=2048 RWM_STORE=unset RWM_STORE_GAIN=2 RWM_STORE_BOOT=128 RWM_STORE_CAPW=0 RWM_STORE_CAP_UNIFIED=0 RWM_THREE_TERM=1 RWM_STORE_PERCAP=0 RWM_PERCAP_GUARD=1 RWM_STORE_BORROW=0 RWM_HONEST_CAP=1 RWM_POOL_ANCHOR=0 RWM_POOL_DELIV=0 RWM_FLOOR_BOUND=0 RWM_ACK_MERGE=1 RWM_PATIENCE_DERIVED=0 RWM_SIDLE_DERIVED=0 RWM_WIN_DECOUPLE=0 RWM_PLACE_SLACK=0 RWM_GEN=384 RWM_PIPELINE=2 RWM_GEN_PIPE=1 RWM_GEN_R=unset RWM_GEN_RATE=9000 RWM_GEN_RATE_FLOOR=2000 RWM_GEN_INFLIGHT=unset RWM_OOO_RETAIN=0/16 RWM_WINDOW=unset RWM_REPORT_GENS=unset RWM_REPAIR_WAIT=unset RWM_CODED_SRC=0 RWM_NO_REACTIVE=0 RWM_XPATH_REPAIR=0 RWM_PROACTIVE_PACER=0 RWM_REASM_BDP=0 RWM_MIN_R=0 RWM_CC_PACE=0 RWM_CC_PACE_HR=1.1 RWM_REACT_CAP=unset RWM_INFL_CAP=0 RWM_INFL_BDP=unset RWM_COPA_FEED=0 RWM_RS_ATTR=1 RWM_EMIT_BATCH=0 RWM_EMIT_BURST=64 RWM_RECOV_MP=1 RWM_RECOV_MP_LAW=1 RWM_RECOV_MP_LIVE=0 RWM_RECOV_SP=0 RWM_DIAG=1 RWM_RDIAG=0 RWM_FDIAG=0 RWM_TRACE=0 RWM_PFRAC=0
{"bytes":400000000,"dnf":0,"hint":"bulk","max_s":21.9846,"mean_mbps":145.557,"mean_s":21.9846,"median_s":21.9846,"min_s":21.9846,"proto":"rp-native","runs":1,"stdev_s":0.0,"summary":true}
    LATPROBE: /tmp/rwm-ping.txt 437 replies
    CPU: CPUSRV=21.28s CPUCLI=28.65s (srv=decoder cli=sender; whole-invocation incl warmup)
    QDISC cli0: qdisc netem 83a1: root refcnt 7 limit 1000 delay 1ms loss gemodel p 0.05% r 50% 1-h 100% 1-k 0% rate 1Gbit seed 7  Sent 438966698 bytes 351283 pkt (dropped 58, overlimits 0 requeues 0)   backlog 0b 0p requeues 0 
    QDISC cli1: qdisc netem 83a2: root refcnt 7 limit 1000 delay 1ms loss gemodel p 0.05% r 50% 1-h 100% 1-k 0% rate 1Gbit seed 7  Sent 846 bytes 11 pkt (dropped 0, overlimits 0 requeues 0)   backlog 0b 0p requeues 0 
    QDISC srv0: qdisc netem 83a3: root refcnt 7 limit 1000 delay 1ms rate 1Gbit seed 4296379028220058643  Sent 37194164 bytes 157431 pkt (dropped 0, overlimits 0 requeues 0)   backlog 0b 0p requeues 0 
    QDISC srv1: qdisc netem 83a4: root refcnt 7 limit 1000 delay 1ms rate 1Gbit seed 4280795200164707086  Sent 936 bytes 12 pkt (dropped 0, overlimits 0 requeues 0)   backlog 0b 0p requeues 0 
    QCAP: /tmp/rwm-q.txt 18 lines
RUNTIME c1-B rep=5 24s
LATRESULT {"cell": "c1", "arm": "B", "seed": 7, "rep": 5, "dnf": false, "dnf_count": 0, "mbps": 145.557, "seconds": 21.985, "n_runs": 1, "occ_p50": 170, "occ_p90": 274, "occcap_p50": 400, "q_p50": 8, "q_p95": 14, "q_p99": 16, "q_n": 76, "diag_lines": 87, "retx": 1125, "gates_cli_3t": 1, "gates_srv_3t": 1, "gates_cli_rs": 1, "gates_srv_rs": 1, "gates_lines_cli": 1, "gates_lines_srv": 1, "active_echo_cli": 1, "tt_eng1": 10, "ping_n": 437, "ping_p50": 2.06, "ping_p95": 2.43, "ping_p99": 2.84, "ping_max": 3.38, "ping_min": 2.03, "ping_tx": null, "ping_rx": null, "ping_loss": null, "wait_tun": 98, "wait_paused": 1, "wait_pace": 0, "wait_gen": 0, "wait_nack": 0, "wait_defc": 0, "wait_tail": 0, "wait_flush": 0, "wait_lines": 84, "dgq_hand": 339123, "dgq_tx": 339123, "dgq_full": 0, "dgq_err": 0, "dgq_gap": 0, "dgq_paths": 1, "tc_bytes": 438967544, "tc_pkts": 351294, "tc_drop": 58, "tc_s": 24}
LIVENESS c1-B rep=5 cli=[RWM_THREE_TERM=1 RWM_PLAIN_RS=1] srv=[RWM_THREE_TERM=1 RWM_PLAIN_RS=1] active=1 eng1_lines=10 wait_lines=87 dgq_lines=76 ping_replies=437 (expect 3t=1 rs=1)
=== rep=5 arm=c1-D seed=7 env="RWM_PLAIN_RS=1" cell=c1/c1/single bytes=400000000 14:52:38
[2m2026-08-10T14:52:40.779007Z[0m [32m INFO[0m [2mraptorpath::gates[0m[2m:[0m [GATES] RWM_UNIFIED=1 RWM_UNIFIED_SHED=1 RWM_TAPER_R=1 RWM_ASTAR_ANCHOR=1 RWM_MSTAR_ANCHOR=1 RWM_PLAIN_RS=1 RWM_STORE_SACK_RELEASE=1 RWM_STORE_PATHS=1 RWM_STORE_PATH_POOL=2048 RWM_STORE=unset RWM_STORE_GAIN=2 RWM_STORE_BOOT=128 RWM_STORE_CAPW=0 RWM_STORE_CAP_UNIFIED=0 RWM_THREE_TERM=0 RWM_STORE_PERCAP=0 RWM_PERCAP_GUARD=1 RWM_STORE_BORROW=0 RWM_HONEST_CAP=1 RWM_POOL_ANCHOR=0 RWM_POOL_DELIV=0 RWM_FLOOR_BOUND=0 RWM_ACK_MERGE=1 RWM_PATIENCE_DERIVED=0 RWM_SIDLE_DERIVED=0 RWM_WIN_DECOUPLE=0 RWM_PLACE_SLACK=0 RWM_GEN=384 RWM_PIPELINE=2 RWM_GEN_PIPE=1 RWM_GEN_R=unset RWM_GEN_RATE=9000 RWM_GEN_RATE_FLOOR=2000 RWM_GEN_INFLIGHT=unset RWM_OOO_RETAIN=0/16 RWM_WINDOW=unset RWM_REPORT_GENS=unset RWM_REPAIR_WAIT=unset RWM_CODED_SRC=0 RWM_NO_REACTIVE=0 RWM_XPATH_REPAIR=0 RWM_PROACTIVE_PACER=0 RWM_REASM_BDP=0 RWM_MIN_R=0 RWM_CC_PACE=0 RWM_CC_PACE_HR=1.1 RWM_REACT_CAP=unset RWM_INFL_CAP=0 RWM_INFL_BDP=unset RWM_COPA_FEED=0 RWM_RS_ATTR=1 RWM_EMIT_BATCH=0 RWM_EMIT_BURST=64 RWM_RECOV_MP=1 RWM_RECOV_MP_LAW=1 RWM_RECOV_MP_LIVE=0 RWM_RECOV_SP=0 RWM_DIAG=1 RWM_RDIAG=0 RWM_FDIAG=0 RWM_TRACE=0 RWM_PFRAC=0
{"bytes":400000000,"dnf":0,"hint":"bulk","max_s":21.773,"mean_mbps":146.971,"mean_s":21.773,"median_s":21.773,"min_s":21.773,"proto":"rp-native","runs":1,"stdev_s":0.0,"summary":true}
    LATPROBE: /tmp/rwm-ping.txt 434 replies
    CPU: CPUSRV=20.69s CPUCLI=25.03s (srv=decoder cli=sender; whole-invocation incl warmup)
    QDISC cli0: qdisc netem 83a5: root refcnt 7 limit 1000 delay 1ms loss gemodel p 0.05% r 50% 1-h 100% 1-k 0% rate 1Gbit seed 7  Sent 439263676 bytes 352056 pkt (dropped 58, overlimits 0 requeues 0)   backlog 0b 0p requeues 0 
    QDISC cli1: qdisc netem 83a6: root refcnt 7 limit 1000 delay 1ms loss gemodel p 0.05% r 50% 1-h 100% 1-k 0% rate 1Gbit seed 7  Sent 846 bytes 11 pkt (dropped 0, overlimits 0 requeues 0)   backlog 0b 0p requeues 0 
    QDISC srv0: qdisc netem 83a7: root refcnt 7 limit 1000 delay 1ms rate 1Gbit seed 5734487915814049472  Sent 37282840 bytes 159662 pkt (dropped 0, overlimits 0 requeues 0)   backlog 0b 0p requeues 0 
    QDISC srv1: qdisc netem 83a8: root refcnt 7 limit 1000 delay 1ms rate 1Gbit seed 8152104350571999425  Sent 936 bytes 12 pkt (dropped 0, overlimits 0 requeues 0)   backlog 0b 0p requeues 0 
    QCAP: /tmp/rwm-q.txt 18 lines
RUNTIME c1-D rep=5 24s
LATRESULT {"cell": "c1", "arm": "D", "seed": 7, "rep": 5, "dnf": false, "dnf_count": 0, "mbps": 146.971, "seconds": 21.773, "n_runs": 1, "occ_p50": 163, "occ_p90": 293, "occcap_p50": 128, "q_p50": 9, "q_p95": 18, "q_p99": 19, "q_n": 41, "diag_lines": 86, "retx": 768, "gates_cli_3t": 0, "gates_srv_3t": 0, "gates_cli_rs": 1, "gates_srv_rs": 1, "gates_lines_cli": 1, "gates_lines_srv": 1, "active_echo_cli": 0, "tt_eng1": 0, "ping_n": 434, "ping_p50": 2.05, "ping_p95": 2.29, "ping_p99": 2.61, "ping_max": 2.82, "ping_min": 2.03, "ping_tx": null, "ping_rx": null, "ping_loss": null, "wait_tun": 52, "wait_paused": 47, "wait_pace": 0, "wait_gen": 0, "wait_nack": 0, "wait_defc": 0, "wait_tail": 0, "wait_flush": 0, "wait_lines": 83, "dgq_hand": 337737, "dgq_tx": 337663, "dgq_full": 0, "dgq_err": 0, "dgq_gap": 74, "dgq_paths": 1, "tc_bytes": 439264522, "tc_pkts": 352067, "tc_drop": 58, "tc_s": 24}
LIVENESS c1-D rep=5 cli=[RWM_THREE_TERM=0 RWM_PLAIN_RS=1] srv=[RWM_THREE_TERM=0 RWM_PLAIN_RS=1] active=0 eng1_lines=0 wait_lines=86 dgq_lines=43 ping_replies=434 (expect 3t=0 rs=1)
=== rep=6 arm=sc2-A seed=7 env="" cell=c2/c2/single bytes=100000000 14:53:02
[2m2026-08-10T14:53:04.879545Z[0m [32m INFO[0m [2mraptorpath::gates[0m[2m:[0m [GATES] RWM_UNIFIED=1 RWM_UNIFIED_SHED=1 RWM_TAPER_R=1 RWM_ASTAR_ANCHOR=1 RWM_MSTAR_ANCHOR=1 RWM_PLAIN_RS=0 RWM_STORE_SACK_RELEASE=1 RWM_STORE_PATHS=1 RWM_STORE_PATH_POOL=2048 RWM_STORE=unset RWM_STORE_GAIN=2 RWM_STORE_BOOT=128 RWM_STORE_CAPW=0 RWM_STORE_CAP_UNIFIED=0 RWM_THREE_TERM=0 RWM_STORE_PERCAP=0 RWM_PERCAP_GUARD=1 RWM_STORE_BORROW=0 RWM_HONEST_CAP=1 RWM_POOL_ANCHOR=0 RWM_POOL_DELIV=0 RWM_FLOOR_BOUND=0 RWM_ACK_MERGE=1 RWM_PATIENCE_DERIVED=0 RWM_SIDLE_DERIVED=0 RWM_WIN_DECOUPLE=0 RWM_PLACE_SLACK=0 RWM_GEN=384 RWM_PIPELINE=2 RWM_GEN_PIPE=1 RWM_GEN_R=unset RWM_GEN_RATE=9000 RWM_GEN_RATE_FLOOR=2000 RWM_GEN_INFLIGHT=unset RWM_OOO_RETAIN=0/16 RWM_WINDOW=unset RWM_REPORT_GENS=unset RWM_REPAIR_WAIT=unset RWM_CODED_SRC=0 RWM_NO_REACTIVE=0 RWM_XPATH_REPAIR=0 RWM_PROACTIVE_PACER=0 RWM_REASM_BDP=0 RWM_MIN_R=0 RWM_CC_PACE=0 RWM_CC_PACE_HR=1.1 RWM_REACT_CAP=unset RWM_INFL_CAP=0 RWM_INFL_BDP=unset RWM_COPA_FEED=0 RWM_RS_ATTR=1 RWM_EMIT_BATCH=0 RWM_EMIT_BURST=64 RWM_RECOV_MP=1 RWM_RECOV_MP_LAW=1 RWM_RECOV_MP_LIVE=0 RWM_RECOV_SP=0 RWM_DIAG=1 RWM_RDIAG=0 RWM_FDIAG=0 RWM_TRACE=0 RWM_PFRAC=0
{"bytes":100000000,"dnf":0,"hint":"bulk","max_s":8.9793,"mean_mbps":89.094,"mean_s":8.9793,"median_s":8.9793,"min_s":8.9793,"proto":"rp-native","runs":1,"stdev_s":0.0,"summary":true}
    LATPROBE: /tmp/rwm-ping.txt 160 replies
    CPU: CPUSRV=6.48s CPUCLI=5.73s (srv=decoder cli=sender; whole-invocation incl warmup)
    QDISC cli0: qdisc netem 83a9: root refcnt 7 limit 1000 delay 5ms  3ms loss gemodel p 1.3% r 50% 1-h 100% 1-k 0% rate 100Mbit seed 7  Sent 111761238 bytes 93024 pkt (dropped 544, overlimits 0 requeues 0)   backlog 0b 0p requeues 0 
    QDISC cli1: qdisc netem 83aa: root refcnt 7 limit 1000 delay 5ms  3ms loss gemodel p 1.3% r 50% 1-h 100% 1-k 0% rate 100Mbit seed 7  Sent 592 bytes 8 pkt (dropped 2, overlimits 0 requeues 0)   backlog 0b 0p requeues 0 
    QDISC srv0: qdisc netem 83ab: root refcnt 7 limit 1000 delay 5ms  3ms rate 100Mbit seed 18246203324639951417  Sent 11264737 bytes 65858 pkt (dropped 0, overlimits 0 requeues 0)   backlog 0b 0p requeues 0 
    QDISC srv1: qdisc netem 83ac: root refcnt 7 limit 1000 delay 5ms  3ms rate 100Mbit seed 3331468682546775105  Sent 768 bytes 10 pkt (dropped 0, overlimits 0 requeues 0)   backlog 0b 0p requeues 0 
    QCAP: /tmp/rwm-q.txt 18 lines
RUNTIME sc2-A rep=6 12s
LATRESULT {"cell": "sc2", "arm": "A", "seed": 7, "rep": 6, "dnf": false, "dnf_count": 0, "mbps": 89.094, "seconds": 8.979, "n_runs": 1, "occ_p50": 1006, "occ_p90": 1024, "occcap_p50": 1024, "q_p50": 92, "q_p95": 96, "q_p99": 107, "q_n": 32, "diag_lines": 35, "retx": 2777, "gates_cli_3t": 0, "gates_srv_3t": 0, "gates_cli_rs": 0, "gates_srv_rs": 0, "gates_lines_cli": 1, "gates_lines_srv": 1, "active_echo_cli": 0, "tt_eng1": 0, "ping_n": 160, "ping_p50": 102.0, "ping_p95": 106.0, "ping_p99": 107.0, "ping_max": 107.0, "ping_min": 10.3, "ping_tx": null, "ping_rx": null, "ping_loss": null, "wait_tun": 29, "wait_paused": 40, "wait_pace": 0, "wait_gen": 0, "wait_nack": 30, "wait_defc": 0, "wait_tail": 1, "wait_flush": 0, "wait_lines": 32, "dgq_hand": 86807, "dgq_tx": 86807, "dgq_full": 0, "dgq_err": 0, "dgq_gap": 0, "dgq_paths": 1, "tc_bytes": 111761830, "tc_pkts": 93032, "tc_drop": 546, "tc_s": 12}
LIVENESS sc2-A rep=6 cli=[RWM_THREE_TERM=0 RWM_PLAIN_RS=0] srv=[RWM_THREE_TERM=0 RWM_PLAIN_RS=0] active=0 eng1_lines=0 wait_lines=35 dgq_lines=33 ping_replies=160 (expect 3t=0 rs=0)
=== rep=6 arm=sc2-B seed=7 env="RWM_THREE_TERM=1 RWM_PLAIN_RS=1" cell=c2/c2/single bytes=100000000 14:53:14
RUNTIME sc2-B rep=6 2s
LATRESULT {"cell": "sc2", "arm": "B", "seed": 7, "rep": 6, "dnf": true, "dnf_count": null, "mbps": null, "seconds": null, "n_runs": 0, "occ_p50": null, "occ_p90": null, "occcap_p50": null, "q_p50": null, "q_p95": null, "q_p99": null, "q_n": 0, "diag_lines": 0, "retx": 0, "gates_cli_3t": null, "gates_srv_3t": null, "gates_cli_rs": null, "gates_srv_rs": null, "gates_lines_cli": 0, "gates_lines_srv": 0, "active_echo_cli": 0, "tt_eng1": 0, "ping_n": 160, "ping_p50": 102.0, "ping_p95": 106.0, "ping_p99": 107.0, "ping_max": 107.0, "ping_min": 10.3, "ping_tx": null, "ping_rx": null, "ping_loss": null, "wait_tun": null, "wait_paused": null, "wait_pace": null, "wait_gen": null, "wait_nack": null, "wait_defc": null, "wait_tail": null, "wait_flush": null, "wait_lines": 0, "dgq_hand": null, "dgq_tx": null, "dgq_full": null, "dgq_err": null, "dgq_gap": null, "dgq_paths": null, "tc_bytes": null, "tc_pkts": null, "tc_drop": null, "tc_s": null}
LIVENESS sc2-B rep=6 cli=[ ] srv=[ ] active= eng1_lines=0 wait_lines= dgq_lines= ping_replies=160 (expect 3t=1 rs=1)
ARM-LIVENESS-FAIL-GATE-CLI sc2-B rep=6 got=''
ARM-LIVENESS-FAIL-GATE-SRV sc2-B rep=6 got=''
ARM-LIVENESS-FAIL-RS-CLI sc2-B rep=6 got=''
ARM-LIVENESS-FAIL-RS-SRV sc2-B rep=6 got=''
ARM-LIVENESS-FAIL-3T sc2-B rep=6 (VOID: no eng=1)
QCAP-MISSING sc2-B rep=6
=== rep=6 arm=sc2-D seed=7 env="RWM_PLAIN_RS=1" cell=c2/c2/single bytes=100000000 14:53:16
[2m2026-08-10T14:53:18.976159Z[0m [32m INFO[0m [2mraptorpath::gates[0m[2m:[0m [GATES] RWM_UNIFIED=1 RWM_UNIFIED_SHED=1 RWM_TAPER_R=1 RWM_ASTAR_ANCHOR=1 RWM_MSTAR_ANCHOR=1 RWM_PLAIN_RS=1 RWM_STORE_SACK_RELEASE=1 RWM_STORE_PATHS=1 RWM_STORE_PATH_POOL=2048 RWM_STORE=unset RWM_STORE_GAIN=2 RWM_STORE_BOOT=128 RWM_STORE_CAPW=0 RWM_STORE_CAP_UNIFIED=0 RWM_THREE_TERM=0 RWM_STORE_PERCAP=0 RWM_PERCAP_GUARD=1 RWM_STORE_BORROW=0 RWM_HONEST_CAP=1 RWM_POOL_ANCHOR=0 RWM_POOL_DELIV=0 RWM_FLOOR_BOUND=0 RWM_ACK_MERGE=1 RWM_PATIENCE_DERIVED=0 RWM_SIDLE_DERIVED=0 RWM_WIN_DECOUPLE=0 RWM_PLACE_SLACK=0 RWM_GEN=384 RWM_PIPELINE=2 RWM_GEN_PIPE=1 RWM_GEN_R=unset RWM_GEN_RATE=9000 RWM_GEN_RATE_FLOOR=2000 RWM_GEN_INFLIGHT=unset RWM_OOO_RETAIN=0/16 RWM_WINDOW=unset RWM_REPORT_GENS=unset RWM_REPAIR_WAIT=unset RWM_CODED_SRC=0 RWM_NO_REACTIVE=0 RWM_XPATH_REPAIR=0 RWM_PROACTIVE_PACER=0 RWM_REASM_BDP=0 RWM_MIN_R=0 RWM_CC_PACE=0 RWM_CC_PACE_HR=1.1 RWM_REACT_CAP=unset RWM_INFL_CAP=0 RWM_INFL_BDP=unset RWM_COPA_FEED=0 RWM_RS_ATTR=1 RWM_EMIT_BATCH=0 RWM_EMIT_BURST=64 RWM_RECOV_MP=1 RWM_RECOV_MP_LAW=1 RWM_RECOV_MP_LIVE=0 RWM_RECOV_SP=0 RWM_DIAG=1 RWM_RDIAG=0 RWM_FDIAG=0 RWM_TRACE=0 RWM_PFRAC=0
{"bytes":100000000,"dnf":0,"hint":"bulk","max_s":9.1479,"mean_mbps":87.452,"mean_s":9.1479,"median_s":9.1479,"min_s":9.1479,"proto":"rp-native","runs":1,"stdev_s":0.0,"summary":true}
    LATPROBE: /tmp/rwm-ping.txt 172 replies
    CPU: CPUSRV=6.59s CPUCLI=7.15s (srv=decoder cli=sender; whole-invocation incl warmup)
    QDISC cli0: qdisc netem 83b1: root refcnt 7 limit 1000 delay 5ms  3ms loss gemodel p 1.3% r 50% 1-h 100% 1-k 0% rate 100Mbit seed 7  Sent 112659992 bytes 93280 pkt (dropped 522, overlimits 0 requeues 0)   backlog 0b 0p requeues 0 
    QDISC cli1: qdisc netem 83b2: root refcnt 7 limit 1000 delay 5ms  3ms loss gemodel p 1.3% r 50% 1-h 100% 1-k 0% rate 100Mbit seed 7  Sent 592 bytes 8 pkt (dropped 2, overlimits 0 requeues 0)   backlog 0b 0p requeues 0 
    QDISC srv0: qdisc netem 83b3: root refcnt 7 limit 1000 delay 5ms  3ms rate 100Mbit seed 188569473046589371  Sent 11352873 bytes 66199 pkt (dropped 0, overlimits 0 requeues 0)   backlog 0b 0p requeues 0 
    QDISC srv1: qdisc netem 83b4: root refcnt 7 limit 1000 delay 5ms  3ms rate 100Mbit seed 6804754441771573354  Sent 768 bytes 10 pkt (dropped 0, overlimits 0 requeues 0)   backlog 0b 0p requeues 0 
    QCAP: /tmp/rwm-q.txt 18 lines
RUNTIME sc2-D rep=6 12s
LATRESULT {"cell": "sc2", "arm": "D", "seed": 7, "rep": 6, "dnf": false, "dnf_count": 0, "mbps": 87.452, "seconds": 9.148, "n_runs": 1, "occ_p50": 1009, "occ_p90": 1024, "occcap_p50": 1024, "q_p50": 88, "q_p95": 92, "q_p99": 93, "q_n": 33, "diag_lines": 36, "retx": 3647, "gates_cli_3t": 0, "gates_srv_3t": 0, "gates_cli_rs": 1, "gates_srv_rs": 1, "gates_lines_cli": 1, "gates_lines_srv": 1, "active_echo_cli": 0, "tt_eng1": 0, "ping_n": 172, "ping_p50": 101.0, "ping_p95": 106.0, "ping_p99": 108.0, "ping_max": 109.0, "ping_min": 8.14, "ping_tx": null, "ping_rx": null, "ping_loss": null, "wait_tun": 32, "wait_paused": 31, "wait_pace": 0, "wait_gen": 0, "wait_nack": 38, "wait_defc": 0, "wait_tail": 1, "wait_flush": 0, "wait_lines": 33, "dgq_hand": 88445, "dgq_tx": 88441, "dgq_full": 0, "dgq_err": 0, "dgq_gap": 4, "dgq_paths": 1, "tc_bytes": 112660584, "tc_pkts": 93288, "tc_drop": 524, "tc_s": 12}
LIVENESS sc2-D rep=6 cli=[RWM_THREE_TERM=0 RWM_PLAIN_RS=1] srv=[RWM_THREE_TERM=0 RWM_PLAIN_RS=1] active=0 eng1_lines=0 wait_lines=36 dgq_lines=33 ping_replies=172 (expect 3t=0 rs=1)
=== rep=6 arm=sc3-A seed=7 env="" cell=c3/c3/single bytes=25000000 14:53:28
[2m2026-08-10T14:53:31.464562Z[0m [32m INFO[0m [2mraptorpath::gates[0m[2m:[0m [GATES] RWM_UNIFIED=1 RWM_UNIFIED_SHED=1 RWM_TAPER_R=1 RWM_ASTAR_ANCHOR=1 RWM_MSTAR_ANCHOR=1 RWM_PLAIN_RS=0 RWM_STORE_SACK_RELEASE=1 RWM_STORE_PATHS=1 RWM_STORE_PATH_POOL=2048 RWM_STORE=unset RWM_STORE_GAIN=2 RWM_STORE_BOOT=128 RWM_STORE_CAPW=0 RWM_STORE_CAP_UNIFIED=0 RWM_THREE_TERM=0 RWM_STORE_PERCAP=0 RWM_PERCAP_GUARD=1 RWM_STORE_BORROW=0 RWM_HONEST_CAP=1 RWM_POOL_ANCHOR=0 RWM_POOL_DELIV=0 RWM_FLOOR_BOUND=0 RWM_ACK_MERGE=1 RWM_PATIENCE_DERIVED=0 RWM_SIDLE_DERIVED=0 RWM_WIN_DECOUPLE=0 RWM_PLACE_SLACK=0 RWM_GEN=384 RWM_PIPELINE=2 RWM_GEN_PIPE=1 RWM_GEN_R=unset RWM_GEN_RATE=9000 RWM_GEN_RATE_FLOOR=2000 RWM_GEN_INFLIGHT=unset RWM_OOO_RETAIN=0/16 RWM_WINDOW=unset RWM_REPORT_GENS=unset RWM_REPAIR_WAIT=unset RWM_CODED_SRC=0 RWM_NO_REACTIVE=0 RWM_XPATH_REPAIR=0 RWM_PROACTIVE_PACER=0 RWM_REASM_BDP=0 RWM_MIN_R=0 RWM_CC_PACE=0 RWM_CC_PACE_HR=1.1 RWM_REACT_CAP=unset RWM_INFL_CAP=0 RWM_INFL_BDP=unset RWM_COPA_FEED=0 RWM_RS_ATTR=1 RWM_EMIT_BATCH=0 RWM_EMIT_BURST=64 RWM_RECOV_MP=1 RWM_RECOV_MP_LAW=1 RWM_RECOV_MP_LIVE=0 RWM_RECOV_SP=0 RWM_DIAG=1 RWM_RDIAG=0 RWM_FDIAG=0 RWM_TRACE=0 RWM_PFRAC=0
{"bytes":25000000,"dnf":0,"hint":"bulk","max_s":12.1961,"mean_mbps":16.399,"mean_s":12.1961,"median_s":12.1961,"min_s":12.1961,"proto":"rp-native","runs":1,"stdev_s":0.0,"summary":true}
    LATPROBE: /tmp/rwm-ping.txt 233 replies
    CPU: CPUSRV=2.12s CPUCLI=2.42s (srv=decoder cli=sender; whole-invocation incl warmup)
    QDISC cli0: qdisc netem 83b5: root refcnt 7 limit 1000 delay 20ms  5ms loss gemodel p 2% r 40% 1-h 100% 1-k 0% rate 20Mbit seed 7  Sent 29513360 bytes 27565 pkt (dropped 471, overlimits 0 requeues 0)   backlog 0b 0p requeues 0 
    QDISC cli1: qdisc netem 83b6: root refcnt 7 limit 1000 delay 20ms  5ms loss gemodel p 2% r 40% 1-h 100% 1-k 0% rate 20Mbit seed 7  Sent 756 bytes 10 pkt (dropped 2, overlimits 0 requeues 0)   backlog 0b 0p requeues 0 
    QDISC srv0: qdisc netem 83b7: root refcnt 7 limit 1000 delay 20ms  5ms rate 20Mbit seed 16224000722756156951  Sent 3386595 bytes 19050 pkt (dropped 0, overlimits 0 requeues 0)   backlog 0b 0p requeues 0 
    QDISC srv1: qdisc netem 83b8: root refcnt 7 limit 1000 delay 20ms  5ms rate 20Mbit seed 3008287693510567145  Sent 936 bytes 12 pkt (dropped 0, overlimits 0 requeues 0)   backlog 0b 0p requeues 0 
    QCAP: /tmp/rwm-q.txt 18 lines
RUNTIME sc3-A rep=6 15s
LATRESULT {"cell": "sc3", "arm": "A", "seed": 7, "rep": 6, "dnf": false, "dnf_count": 0, "mbps": 16.399, "seconds": 12.196, "n_runs": 1, "occ_p50": 1024, "occ_p90": 1024, "occcap_p50": 1024, "q_p50": 481, "q_p95": 573, "q_p99": 625, "q_n": 44, "diag_lines": 48, "retx": 2137, "gates_cli_3t": 0, "gates_srv_3t": 0, "gates_cli_rs": 0, "gates_srv_rs": 0, "gates_lines_cli": 1, "gates_lines_srv": 1, "active_echo_cli": 0, "tt_eng1": 0, "ping_n": 233, "ping_p50": 522.0, "ping_p95": 544.0, "ping_p99": 601.0, "ping_max": 619.0, "ping_min": 35.0, "ping_tx": null, "ping_rx": null, "ping_loss": null, "wait_tun": 7, "wait_paused": 76, "wait_pace": 0, "wait_gen": 0, "wait_nack": 16, "wait_defc": 0, "wait_tail": 1, "wait_flush": 0, "wait_lines": 45, "dgq_hand": 23554, "dgq_tx": 23554, "dgq_full": 0, "dgq_err": 0, "dgq_gap": 0, "dgq_paths": 1, "tc_bytes": 29514216, "tc_pkts": 27576, "tc_drop": 473, "tc_s": 15}
LIVENESS sc3-A rep=6 cli=[RWM_THREE_TERM=0 RWM_PLAIN_RS=0] srv=[RWM_THREE_TERM=0 RWM_PLAIN_RS=0] active=0 eng1_lines=0 wait_lines=48 dgq_lines=44 ping_replies=233 (expect 3t=0 rs=0)
=== rep=6 arm=sc3-B seed=7 env="RWM_THREE_TERM=1 RWM_PLAIN_RS=1" cell=c3/c3/single bytes=25000000 14:53:44
RUNTIME sc3-B rep=6 2s
LATRESULT {"cell": "sc3", "arm": "B", "seed": 7, "rep": 6, "dnf": true, "dnf_count": null, "mbps": null, "seconds": null, "n_runs": 0, "occ_p50": null, "occ_p90": null, "occcap_p50": null, "q_p50": null, "q_p95": null, "q_p99": null, "q_n": 0, "diag_lines": 0, "retx": 0, "gates_cli_3t": null, "gates_srv_3t": null, "gates_cli_rs": null, "gates_srv_rs": null, "gates_lines_cli": 0, "gates_lines_srv": 0, "active_echo_cli": 0, "tt_eng1": 0, "ping_n": 233, "ping_p50": 522.0, "ping_p95": 544.0, "ping_p99": 601.0, "ping_max": 619.0, "ping_min": 35.0, "ping_tx": null, "ping_rx": null, "ping_loss": null, "wait_tun": null, "wait_paused": null, "wait_pace": null, "wait_gen": null, "wait_nack": null, "wait_defc": null, "wait_tail": null, "wait_flush": null, "wait_lines": 0, "dgq_hand": null, "dgq_tx": null, "dgq_full": null, "dgq_err": null, "dgq_gap": null, "dgq_paths": null, "tc_bytes": null, "tc_pkts": null, "tc_drop": null, "tc_s": null}
LIVENESS sc3-B rep=6 cli=[ ] srv=[ ] active= eng1_lines=0 wait_lines= dgq_lines= ping_replies=233 (expect 3t=1 rs=1)
ARM-LIVENESS-FAIL-GATE-CLI sc3-B rep=6 got=''
ARM-LIVENESS-FAIL-GATE-SRV sc3-B rep=6 got=''
ARM-LIVENESS-FAIL-RS-CLI sc3-B rep=6 got=''
ARM-LIVENESS-FAIL-RS-SRV sc3-B rep=6 got=''
ARM-LIVENESS-FAIL-3T sc3-B rep=6 (VOID: no eng=1)
QCAP-MISSING sc3-B rep=6
=== rep=6 arm=sc3-D seed=7 env="RWM_PLAIN_RS=1" cell=c3/c3/single bytes=25000000 14:53:46
RUNTIME sc3-D rep=6 3s
LATRESULT {"cell": "sc3", "arm": "D", "seed": 7, "rep": 6, "dnf": true, "dnf_count": null, "mbps": null, "seconds": null, "n_runs": 0, "occ_p50": null, "occ_p90": null, "occcap_p50": null, "q_p50": null, "q_p95": null, "q_p99": null, "q_n": 0, "diag_lines": 0, "retx": 0, "gates_cli_3t": null, "gates_srv_3t": null, "gates_cli_rs": null, "gates_srv_rs": null, "gates_lines_cli": 0, "gates_lines_srv": 0, "active_echo_cli": 0, "tt_eng1": 0, "ping_n": 233, "ping_p50": 522.0, "ping_p95": 544.0, "ping_p99": 601.0, "ping_max": 619.0, "ping_min": 35.0, "ping_tx": null, "ping_rx": null, "ping_loss": null, "wait_tun": null, "wait_paused": null, "wait_pace": null, "wait_gen": null, "wait_nack": null, "wait_defc": null, "wait_tail": null, "wait_flush": null, "wait_lines": 0, "dgq_hand": null, "dgq_tx": null, "dgq_full": null, "dgq_err": null, "dgq_gap": null, "dgq_paths": null, "tc_bytes": null, "tc_pkts": null, "tc_drop": null, "tc_s": null}
LIVENESS sc3-D rep=6 cli=[ ] srv=[ ] active= eng1_lines=0 wait_lines= dgq_lines= ping_replies=233 (expect 3t=0 rs=1)
ARM-LIVENESS-FAIL-GATE-CLI sc3-D rep=6 got=''
ARM-LIVENESS-FAIL-GATE-SRV sc3-D rep=6 got=''
ARM-LIVENESS-FAIL-RS-CLI sc3-D rep=6 got=''
ARM-LIVENESS-FAIL-RS-SRV sc3-D rep=6 got=''
QCAP-MISSING sc3-D rep=6
=== rep=6 arm=c2r100-A seed=7 env="" cell=c2r100/c2r100/single bytes=100000000 14:53:49
[2m2026-08-10T14:53:51.972186Z[0m [32m INFO[0m [2mraptorpath::gates[0m[2m:[0m [GATES] RWM_UNIFIED=1 RWM_UNIFIED_SHED=1 RWM_TAPER_R=1 RWM_ASTAR_ANCHOR=1 RWM_MSTAR_ANCHOR=1 RWM_PLAIN_RS=0 RWM_STORE_SACK_RELEASE=1 RWM_STORE_PATHS=1 RWM_STORE_PATH_POOL=2048 RWM_STORE=unset RWM_STORE_GAIN=2 RWM_STORE_BOOT=128 RWM_STORE_CAPW=0 RWM_STORE_CAP_UNIFIED=0 RWM_THREE_TERM=0 RWM_STORE_PERCAP=0 RWM_PERCAP_GUARD=1 RWM_STORE_BORROW=0 RWM_HONEST_CAP=1 RWM_POOL_ANCHOR=0 RWM_POOL_DELIV=0 RWM_FLOOR_BOUND=0 RWM_ACK_MERGE=1 RWM_PATIENCE_DERIVED=0 RWM_SIDLE_DERIVED=0 RWM_WIN_DECOUPLE=0 RWM_PLACE_SLACK=0 RWM_GEN=384 RWM_PIPELINE=2 RWM_GEN_PIPE=1 RWM_GEN_R=unset RWM_GEN_RATE=9000 RWM_GEN_RATE_FLOOR=2000 RWM_GEN_INFLIGHT=unset RWM_OOO_RETAIN=0/16 RWM_WINDOW=unset RWM_REPORT_GENS=unset RWM_REPAIR_WAIT=unset RWM_CODED_SRC=0 RWM_NO_REACTIVE=0 RWM_XPATH_REPAIR=0 RWM_PROACTIVE_PACER=0 RWM_REASM_BDP=0 RWM_MIN_R=0 RWM_CC_PACE=0 RWM_CC_PACE_HR=1.1 RWM_REACT_CAP=unset RWM_INFL_CAP=0 RWM_INFL_BDP=unset RWM_COPA_FEED=0 RWM_RS_ATTR=1 RWM_EMIT_BATCH=0 RWM_EMIT_BURST=64 RWM_RECOV_MP=1 RWM_RECOV_MP_LAW=1 RWM_RECOV_MP_LIVE=0 RWM_RECOV_SP=0 RWM_DIAG=1 RWM_RDIAG=0 RWM_FDIAG=0 RWM_TRACE=0 RWM_PFRAC=0
{"bytes":100000000,"dnf":0,"hint":"bulk","max_s":9.7376,"mean_mbps":82.156,"mean_s":9.7376,"median_s":9.7376,"min_s":9.7376,"proto":"rp-native","runs":1,"stdev_s":0.0,"summary":true}
    LATPROBE: /tmp/rwm-ping.txt 189 replies
    CPU: CPUSRV=6.40s CPUCLI=6.54s (srv=decoder cli=sender; whole-invocation incl warmup)
    QDISC cli0: qdisc netem 83c1: root refcnt 7 limit 1000 delay 50ms loss gemodel p 1.3% r 50% 1-h 100% 1-k 0% rate 100Mbit seed 7  Sent 112161248 bytes 101148 pkt (dropped 727, overlimits 0 requeues 0)   backlog 1305b 6p requeues 0 
    QDISC cli1: qdisc netem 83c2: root refcnt 7 limit 1000 delay 50ms loss gemodel p 1.3% r 50% 1-h 100% 1-k 0% rate 100Mbit seed 7  Sent 776 bytes 10 pkt (dropped 0, overlimits 0 requeues 0)   backlog 0b 0p requeues 0 
    QDISC srv0: qdisc netem 83c3: root refcnt 7 limit 1000 delay 50ms rate 100Mbit seed 3843353036915079941  Sent 11052909 bytes 62510 pkt (dropped 0, overlimits 0 requeues 0)   backlog 810b 6p requeues 0 
    QDISC srv1: qdisc netem 83c4: root refcnt 7 limit 1000 delay 50ms rate 100Mbit seed 4494924985143406294  Sent 866 bytes 11 pkt (dropped 0, overlimits 0 requeues 0)   backlog 0b 0p requeues 0 
    QCAP: /tmp/rwm-q.txt 18 lines
RUNTIME c2r100-A rep=6 13s
LATRESULT {"cell": "c2r100", "arm": "A", "seed": 7, "rep": 6, "dnf": false, "dnf_count": 0, "mbps": 82.156, "seconds": 9.738, "n_runs": 1, "occ_p50": 1015, "occ_p90": 1024, "occcap_p50": 1024, "q_p50": 5, "q_p95": 8, "q_p99": 14, "q_n": 36, "diag_lines": 39, "retx": 3133, "gates_cli_3t": 0, "gates_srv_3t": 0, "gates_cli_rs": 0, "gates_srv_rs": 0, "gates_lines_cli": 1, "gates_lines_srv": 1, "active_echo_cli": 0, "tt_eng1": 0, "ping_n": 189, "ping_p50": 103.0, "ping_p95": 108.0, "ping_p99": 110.0, "ping_max": 113.0, "ping_min": 100.0, "ping_tx": null, "ping_rx": null, "ping_loss": null, "wait_tun": 29, "wait_paused": 39, "wait_pace": 0, "wait_gen": 0, "wait_nack": 32, "wait_defc": 0, "wait_tail": 1, "wait_flush": 0, "wait_lines": 36, "dgq_hand": 88272, "dgq_tx": 88272, "dgq_full": 0, "dgq_err": 0, "dgq_gap": 0, "dgq_paths": 1, "tc_bytes": 112162024, "tc_pkts": 101158, "tc_drop": 727, "tc_s": 13}
LIVENESS c2r100-A rep=6 cli=[RWM_THREE_TERM=0 RWM_PLAIN_RS=0] srv=[RWM_THREE_TERM=0 RWM_PLAIN_RS=0] active=0 eng1_lines=0 wait_lines=39 dgq_lines=37 ping_replies=189 (expect 3t=0 rs=0)
=== rep=6 arm=c2r100-B seed=7 env="RWM_THREE_TERM=1 RWM_PLAIN_RS=1" cell=c2r100/c2r100/single bytes=100000000 14:54:02
[2m2026-08-10T14:54:04.091326Z[0m [32m INFO[0m [2mraptorpath::gates[0m[2m:[0m [GATES] RWM_UNIFIED=1 RWM_UNIFIED_SHED=1 RWM_TAPER_R=1 RWM_ASTAR_ANCHOR=1 RWM_MSTAR_ANCHOR=1 RWM_PLAIN_RS=1 RWM_STORE_SACK_RELEASE=1 RWM_STORE_PATHS=1 RWM_STORE_PATH_POOL=2048 RWM_STORE=unset RWM_STORE_GAIN=2 RWM_STORE_BOOT=128 RWM_STORE_CAPW=0 RWM_STORE_CAP_UNIFIED=0 RWM_THREE_TERM=1 RWM_STORE_PERCAP=0 RWM_PERCAP_GUARD=1 RWM_STORE_BORROW=0 RWM_HONEST_CAP=1 RWM_POOL_ANCHOR=0 RWM_POOL_DELIV=0 RWM_FLOOR_BOUND=0 RWM_ACK_MERGE=1 RWM_PATIENCE_DERIVED=0 RWM_SIDLE_DERIVED=0 RWM_WIN_DECOUPLE=0 RWM_PLACE_SLACK=0 RWM_GEN=384 RWM_PIPELINE=2 RWM_GEN_PIPE=1 RWM_GEN_R=unset RWM_GEN_RATE=9000 RWM_GEN_RATE_FLOOR=2000 RWM_GEN_INFLIGHT=unset RWM_OOO_RETAIN=0/16 RWM_WINDOW=unset RWM_REPORT_GENS=unset RWM_REPAIR_WAIT=unset RWM_CODED_SRC=0 RWM_NO_REACTIVE=0 RWM_XPATH_REPAIR=0 RWM_PROACTIVE_PACER=0 RWM_REASM_BDP=0 RWM_MIN_R=0 RWM_CC_PACE=0 RWM_CC_PACE_HR=1.1 RWM_REACT_CAP=unset RWM_INFL_CAP=0 RWM_INFL_BDP=unset RWM_COPA_FEED=0 RWM_RS_ATTR=1 RWM_EMIT_BATCH=0 RWM_EMIT_BURST=64 RWM_RECOV_MP=1 RWM_RECOV_MP_LAW=1 RWM_RECOV_MP_LIVE=0 RWM_RECOV_SP=0 RWM_DIAG=1 RWM_RDIAG=0 RWM_FDIAG=0 RWM_TRACE=0 RWM_PFRAC=0
{"bytes":100000000,"dnf":0,"hint":"bulk","max_s":9.7815,"mean_mbps":81.787,"mean_s":9.7815,"median_s":9.7815,"min_s":9.7815,"proto":"rp-native","runs":1,"stdev_s":0.0,"summary":true}
    LATPROBE: /tmp/rwm-ping.txt 187 replies
    CPU: CPUSRV=6.57s CPUCLI=9.65s (srv=decoder cli=sender; whole-invocation incl warmup)
    QDISC cli0: qdisc netem 83c5: root refcnt 7 limit 1000 delay 50ms loss gemodel p 1.3% r 50% 1-h 100% 1-k 0% rate 100Mbit seed 7  Sent 115066253 bytes 100108 pkt (dropped 721, overlimits 0 requeues 0)   backlog 0b 0p requeues 0 
    QDISC cli1: qdisc netem 83c6: root refcnt 7 limit 1000 delay 50ms loss gemodel p 1.3% r 50% 1-h 100% 1-k 0% rate 100Mbit seed 7  Sent 776 bytes 10 pkt (dropped 0, overlimits 0 requeues 0)   backlog 0b 0p requeues 0 
    QDISC srv0: qdisc netem 83c7: root refcnt 7 limit 1000 delay 50ms rate 100Mbit seed 10372071239457246571  Sent 12142641 bytes 65184 pkt (dropped 0, overlimits 0 requeues 0)   backlog 2780b 2p requeues 0 
    QDISC srv1: qdisc netem 83c8: root refcnt 7 limit 1000 delay 50ms rate 100Mbit seed 3981357554371627960  Sent 866 bytes 11 pkt (dropped 0, overlimits 0 requeues 0)   backlog 0b 0p requeues 0 
    QCAP: /tmp/rwm-q.txt 18 lines
RUNTIME c2r100-B rep=6 12s
LATRESULT {"cell": "c2r100", "arm": "B", "seed": 7, "rep": 6, "dnf": false, "dnf_count": 0, "mbps": 81.787, "seconds": 9.781, "n_runs": 1, "occ_p50": 2972, "occ_p90": 3169, "occcap_p50": 2998, "q_p50": 208, "q_p95": 234, "q_p99": 236, "q_n": 32, "diag_lines": 39, "retx": 5361, "gates_cli_3t": 1, "gates_srv_3t": 1, "gates_cli_rs": 1, "gates_srv_rs": 1, "gates_lines_cli": 1, "gates_lines_srv": 1, "active_echo_cli": 1, "tt_eng1": 4, "ping_n": 187, "ping_p50": 306.0, "ping_p95": 334.0, "ping_p99": 335.0, "ping_max": 336.0, "ping_min": 100.0, "ping_tx": null, "ping_rx": null, "ping_loss": null, "wait_tun": 40, "wait_paused": 8, "wait_pace": 0, "wait_gen": 0, "wait_nack": 53, "wait_defc": 0, "wait_tail": 1, "wait_flush": 0, "wait_lines": 36, "dgq_hand": 90443, "dgq_tx": 90443, "dgq_full": 0, "dgq_err": 0, "dgq_gap": 0, "dgq_paths": 1, "tc_bytes": 115067029, "tc_pkts": 100118, "tc_drop": 721, "tc_s": 12}
LIVENESS c2r100-B rep=6 cli=[RWM_THREE_TERM=1 RWM_PLAIN_RS=1] srv=[RWM_THREE_TERM=1 RWM_PLAIN_RS=1] active=1 eng1_lines=4 wait_lines=39 dgq_lines=32 ping_replies=187 (expect 3t=1 rs=1)
=== rep=6 arm=c2r100-D seed=7 env="RWM_PLAIN_RS=1" cell=c2r100/c2r100/single bytes=100000000 14:54:14
[2m2026-08-10T14:54:16.553750Z[0m [32m INFO[0m [2mraptorpath::gates[0m[2m:[0m [GATES] RWM_UNIFIED=1 RWM_UNIFIED_SHED=1 RWM_TAPER_R=1 RWM_ASTAR_ANCHOR=1 RWM_MSTAR_ANCHOR=1 RWM_PLAIN_RS=1 RWM_STORE_SACK_RELEASE=1 RWM_STORE_PATHS=1 RWM_STORE_PATH_POOL=2048 RWM_STORE=unset RWM_STORE_GAIN=2 RWM_STORE_BOOT=128 RWM_STORE_CAPW=0 RWM_STORE_CAP_UNIFIED=0 RWM_THREE_TERM=0 RWM_STORE_PERCAP=0 RWM_PERCAP_GUARD=1 RWM_STORE_BORROW=0 RWM_HONEST_CAP=1 RWM_POOL_ANCHOR=0 RWM_POOL_DELIV=0 RWM_FLOOR_BOUND=0 RWM_ACK_MERGE=1 RWM_PATIENCE_DERIVED=0 RWM_SIDLE_DERIVED=0 RWM_WIN_DECOUPLE=0 RWM_PLACE_SLACK=0 RWM_GEN=384 RWM_PIPELINE=2 RWM_GEN_PIPE=1 RWM_GEN_R=unset RWM_GEN_RATE=9000 RWM_GEN_RATE_FLOOR=2000 RWM_GEN_INFLIGHT=unset RWM_OOO_RETAIN=0/16 RWM_WINDOW=unset RWM_REPORT_GENS=unset RWM_REPAIR_WAIT=unset RWM_CODED_SRC=0 RWM_NO_REACTIVE=0 RWM_XPATH_REPAIR=0 RWM_PROACTIVE_PACER=0 RWM_REASM_BDP=0 RWM_MIN_R=0 RWM_CC_PACE=0 RWM_CC_PACE_HR=1.1 RWM_REACT_CAP=unset RWM_INFL_CAP=0 RWM_INFL_BDP=unset RWM_COPA_FEED=0 RWM_RS_ATTR=1 RWM_EMIT_BATCH=0 RWM_EMIT_BURST=64 RWM_RECOV_MP=1 RWM_RECOV_MP_LAW=1 RWM_RECOV_MP_LIVE=0 RWM_RECOV_SP=0 RWM_DIAG=1 RWM_RDIAG=0 RWM_FDIAG=0 RWM_TRACE=0 RWM_PFRAC=0
{"bytes":100000000,"dnf":0,"hint":"bulk","max_s":10.4452,"mean_mbps":76.59,"mean_s":10.4452,"median_s":10.4452,"min_s":10.4452,"proto":"rp-native","runs":1,"stdev_s":0.0,"summary":true}
    LATPROBE: /tmp/rwm-ping.txt 200 replies
    CPU: CPUSRV=6.54s CPUCLI=7.90s (srv=decoder cli=sender; whole-invocation incl warmup)
    QDISC cli0: qdisc netem 83c9: root refcnt 7 limit 1000 delay 50ms loss gemodel p 1.3% r 50% 1-h 100% 1-k 0% rate 100Mbit seed 7  Sent 112827483 bytes 98916 pkt (dropped 667, overlimits 0 requeues 0)   backlog 0b 0p requeues 0 
    QDISC cli1: qdisc netem 83ca: root refcnt 7 limit 1000 delay 50ms loss gemodel p 1.3% r 50% 1-h 100% 1-k 0% rate 100Mbit seed 7  Sent 776 bytes 10 pkt (dropped 0, overlimits 0 requeues 0)   backlog 0b 0p requeues 0 
    QDISC srv0: qdisc netem 83cb: root refcnt 7 limit 1000 delay 50ms rate 100Mbit seed 17956101344540818254  Sent 11200692 bytes 64366 pkt (dropped 0, overlimits 0 requeues 0)   backlog 254b 3p requeues 0 
    QDISC srv1: qdisc netem 83cc: root refcnt 7 limit 1000 delay 50ms rate 100Mbit seed 7097420849336490105  Sent 866 bytes 11 pkt (dropped 0, overlimits 0 requeues 0)   backlog 0b 0p requeues 0 
    QCAP: /tmp/rwm-q.txt 18 lines
RUNTIME c2r100-D rep=6 13s
LATRESULT {"cell": "c2r100", "arm": "D", "seed": 7, "rep": 6, "dnf": false, "dnf_count": 0, "mbps": 76.59, "seconds": 10.445, "n_runs": 1, "occ_p50": 1002, "occ_p90": 1018, "occcap_p50": 1024, "q_p50": 6, "q_p95": 10, "q_p99": 26, "q_n": 37, "diag_lines": 42, "retx": 3648, "gates_cli_3t": 0, "gates_srv_3t": 0, "gates_cli_rs": 1, "gates_srv_rs": 1, "gates_lines_cli": 1, "gates_lines_srv": 1, "active_echo_cli": 0, "tt_eng1": 0, "ping_n": 200, "ping_p50": 103.0, "ping_p95": 110.0, "ping_p99": 112.0, "ping_max": 118.0, "ping_min": 100.0, "ping_tx": null, "ping_rx": null, "ping_loss": null, "wait_tun": 31, "wait_paused": 22, "wait_pace": 0, "wait_gen": 0, "wait_nack": 46, "wait_defc": 0, "wait_tail": 1, "wait_flush": 0, "wait_lines": 39, "dgq_hand": 88825, "dgq_tx": 88825, "dgq_full": 0, "dgq_err": 0, "dgq_gap": 0, "dgq_paths": 1, "tc_bytes": 112828259, "tc_pkts": 98926, "tc_drop": 667, "tc_s": 13}
LIVENESS c2r100-D rep=6 cli=[RWM_THREE_TERM=0 RWM_PLAIN_RS=1] srv=[RWM_THREE_TERM=0 RWM_PLAIN_RS=1] active=0 eng1_lines=0 wait_lines=42 dgq_lines=37 ping_replies=200 (expect 3t=0 rs=1)
=== rep=6 arm=c7-A seed=7 env="" cell=c2/c2/dual bytes=200000000 14:54:27
[2m2026-08-10T14:54:29.903953Z[0m [32m INFO[0m [2mraptorpath::gates[0m[2m:[0m [GATES] RWM_UNIFIED=1 RWM_UNIFIED_SHED=1 RWM_TAPER_R=1 RWM_ASTAR_ANCHOR=1 RWM_MSTAR_ANCHOR=1 RWM_PLAIN_RS=0 RWM_STORE_SACK_RELEASE=1 RWM_STORE_PATHS=1 RWM_STORE_PATH_POOL=2048 RWM_STORE=unset RWM_STORE_GAIN=2 RWM_STORE_BOOT=128 RWM_STORE_CAPW=0 RWM_STORE_CAP_UNIFIED=0 RWM_THREE_TERM=0 RWM_STORE_PERCAP=0 RWM_PERCAP_GUARD=1 RWM_STORE_BORROW=0 RWM_HONEST_CAP=1 RWM_POOL_ANCHOR=0 RWM_POOL_DELIV=0 RWM_FLOOR_BOUND=0 RWM_ACK_MERGE=1 RWM_PATIENCE_DERIVED=0 RWM_SIDLE_DERIVED=0 RWM_WIN_DECOUPLE=0 RWM_PLACE_SLACK=0 RWM_GEN=384 RWM_PIPELINE=2 RWM_GEN_PIPE=1 RWM_GEN_R=unset RWM_GEN_RATE=9000 RWM_GEN_RATE_FLOOR=2000 RWM_GEN_INFLIGHT=unset RWM_OOO_RETAIN=0/16 RWM_WINDOW=unset RWM_REPORT_GENS=unset RWM_REPAIR_WAIT=unset RWM_CODED_SRC=0 RWM_NO_REACTIVE=0 RWM_XPATH_REPAIR=0 RWM_PROACTIVE_PACER=0 RWM_REASM_BDP=0 RWM_MIN_R=0 RWM_CC_PACE=0 RWM_CC_PACE_HR=1.1 RWM_REACT_CAP=unset RWM_INFL_CAP=0 RWM_INFL_BDP=unset RWM_COPA_FEED=0 RWM_RS_ATTR=1 RWM_EMIT_BATCH=0 RWM_EMIT_BURST=64 RWM_RECOV_MP=1 RWM_RECOV_MP_LAW=1 RWM_RECOV_MP_LIVE=0 RWM_RECOV_SP=0 RWM_DIAG=1 RWM_RDIAG=0 RWM_FDIAG=0 RWM_TRACE=0 RWM_PFRAC=0
{"bytes":200000000,"dnf":0,"hint":"bulk","max_s":9.3449,"mean_mbps":171.216,"mean_s":9.3449,"median_s":9.3449,"min_s":9.3449,"proto":"rp-native","runs":1,"stdev_s":0.0,"summary":true}
    LATPROBE: /tmp/rwm-ping.txt 178 replies
    CPU: CPUSRV=12.33s CPUCLI=13.79s (srv=decoder cli=sender; whole-invocation incl warmup)
    QDISC cli0: qdisc netem 83cd: root refcnt 7 limit 1000 delay 5ms  3ms loss gemodel p 1.3% r 50% 1-h 100% 1-k 0% rate 100Mbit seed 7  Sent 109994744 bytes 88909 pkt (dropped 514, overlimits 0 requeues 0)   backlog 0b 0p requeues 0 
    QDISC cli1: qdisc netem 83ce: root refcnt 7 limit 1000 delay 5ms  3ms loss gemodel p 1.3% r 50% 1-h 100% 1-k 0% rate 100Mbit seed 7  Sent 113383495 bytes 91493 pkt (dropped 512, overlimits 0 requeues 0)   backlog 0b 0p requeues 0 
    QDISC srv0: qdisc netem 83cf: root refcnt 7 limit 1000 delay 5ms  3ms rate 100Mbit seed 17917988125322733445  Sent 12180309 bytes 58345 pkt (dropped 0, overlimits 0 requeues 0)   backlog 0b 0p requeues 0 
    QDISC srv1: qdisc netem 83d0: root refcnt 7 limit 1000 delay 5ms  3ms rate 100Mbit seed 8969131708076590015  Sent 12409055 bytes 60219 pkt (dropped 0, overlimits 0 requeues 0)   backlog 0b 0p requeues 0 
    QCAP: /tmp/rwm-q.txt 18 lines
RUNTIME c7-A rep=6 12s
LATRESULT {"cell": "c7", "arm": "A", "seed": 7, "rep": 6, "dnf": false, "dnf_count": 0, "mbps": 171.216, "seconds": 9.345, "n_runs": 1, "occ_p50": 1316, "occ_p90": 2650, "occcap_p50": 4096, "q_p50": 83, "q_p95": 181, "q_p99": 196, "q_n": 66, "diag_lines": 37, "retx": 5445, "gates_cli_3t": 0, "gates_srv_3t": 0, "gates_cli_rs": 0, "gates_srv_rs": 0, "gates_lines_cli": 1, "gates_lines_srv": 1, "active_echo_cli": 0, "tt_eng1": 0, "ping_n": 178, "ping_p50": 70.1, "ping_p95": 148.0, "ping_p99": 169.0, "ping_max": 172.0, "ping_min": 5.08, "ping_tx": null, "ping_rx": null, "ping_loss": null, "wait_tun": 98, "wait_paused": 0, "wait_pace": 0, "wait_gen": 0, "wait_nack": 2, "wait_defc": 0, "wait_tail": 0, "wait_flush": 0, "wait_lines": 34, "dgq_hand": 176590, "dgq_tx": 176590, "dgq_full": 0, "dgq_err": 0, "dgq_gap": 0, "dgq_paths": 2, "tc_bytes": 223378239, "tc_pkts": 180402, "tc_drop": 1026, "tc_s": 12}
LIVENESS c7-A rep=6 cli=[RWM_THREE_TERM=0 RWM_PLAIN_RS=0] srv=[RWM_THREE_TERM=0 RWM_PLAIN_RS=0] active=0 eng1_lines=0 wait_lines=37 dgq_lines=36 ping_replies=178 (expect 3t=0 rs=0)
=== rep=6 arm=c7-B seed=7 env="RWM_THREE_TERM=1 RWM_PLAIN_RS=1" cell=c2/c2/dual bytes=200000000 14:54:39
RUNTIME c7-B rep=6 3s
LATRESULT {"cell": "c7", "arm": "B", "seed": 7, "rep": 6, "dnf": true, "dnf_count": null, "mbps": null, "seconds": null, "n_runs": 0, "occ_p50": null, "occ_p90": null, "occcap_p50": null, "q_p50": null, "q_p95": null, "q_p99": null, "q_n": 0, "diag_lines": 0, "retx": 0, "gates_cli_3t": null, "gates_srv_3t": null, "gates_cli_rs": null, "gates_srv_rs": null, "gates_lines_cli": 0, "gates_lines_srv": 0, "active_echo_cli": 0, "tt_eng1": 0, "ping_n": 178, "ping_p50": 70.1, "ping_p95": 148.0, "ping_p99": 169.0, "ping_max": 172.0, "ping_min": 5.08, "ping_tx": null, "ping_rx": null, "ping_loss": null, "wait_tun": null, "wait_paused": null, "wait_pace": null, "wait_gen": null, "wait_nack": null, "wait_defc": null, "wait_tail": null, "wait_flush": null, "wait_lines": 0, "dgq_hand": null, "dgq_tx": null, "dgq_full": null, "dgq_err": null, "dgq_gap": null, "dgq_paths": null, "tc_bytes": null, "tc_pkts": null, "tc_drop": null, "tc_s": null}
LIVENESS c7-B rep=6 cli=[ ] srv=[ ] active= eng1_lines=0 wait_lines= dgq_lines= ping_replies=178 (expect 3t=1 rs=1)
ARM-LIVENESS-FAIL-GATE-CLI c7-B rep=6 got=''
ARM-LIVENESS-FAIL-GATE-SRV c7-B rep=6 got=''
ARM-LIVENESS-FAIL-RS-CLI c7-B rep=6 got=''
ARM-LIVENESS-FAIL-RS-SRV c7-B rep=6 got=''
ARM-LIVENESS-FAIL-3T c7-B rep=6 (VOID: no eng=1)
QCAP-MISSING c7-B rep=6
=== rep=6 arm=c7-D seed=7 env="RWM_PLAIN_RS=1" cell=c2/c2/dual bytes=200000000 14:54:42
RUNTIME c7-D rep=6 3s
LATRESULT {"cell": "c7", "arm": "D", "seed": 7, "rep": 6, "dnf": true, "dnf_count": null, "mbps": null, "seconds": null, "n_runs": 0, "occ_p50": null, "occ_p90": null, "occcap_p50": null, "q_p50": null, "q_p95": null, "q_p99": null, "q_n": 0, "diag_lines": 0, "retx": 0, "gates_cli_3t": null, "gates_srv_3t": null, "gates_cli_rs": null, "gates_srv_rs": null, "gates_lines_cli": 0, "gates_lines_srv": 0, "active_echo_cli": 0, "tt_eng1": 0, "ping_n": 178, "ping_p50": 70.1, "ping_p95": 148.0, "ping_p99": 169.0, "ping_max": 172.0, "ping_min": 5.08, "ping_tx": null, "ping_rx": null, "ping_loss": null, "wait_tun": null, "wait_paused": null, "wait_pace": null, "wait_gen": null, "wait_nack": null, "wait_defc": null, "wait_tail": null, "wait_flush": null, "wait_lines": 0, "dgq_hand": null, "dgq_tx": null, "dgq_full": null, "dgq_err": null, "dgq_gap": null, "dgq_paths": null, "tc_bytes": null, "tc_pkts": null, "tc_drop": null, "tc_s": null}
LIVENESS c7-D rep=6 cli=[ ] srv=[ ] active= eng1_lines=0 wait_lines= dgq_lines= ping_replies=178 (expect 3t=0 rs=1)
ARM-LIVENESS-FAIL-GATE-CLI c7-D rep=6 got=''
ARM-LIVENESS-FAIL-GATE-SRV c7-D rep=6 got=''
ARM-LIVENESS-FAIL-RS-CLI c7-D rep=6 got=''
ARM-LIVENESS-FAIL-RS-SRV c7-D rep=6 got=''
QCAP-MISSING c7-D rep=6
=== rep=6 arm=c2r200-A seed=7 env="" cell=c2r200/c2r200/single bytes=50000000 14:54:45
[2m2026-08-10T14:54:47.829760Z[0m [32m INFO[0m [2mraptorpath::gates[0m[2m:[0m [GATES] RWM_UNIFIED=1 RWM_UNIFIED_SHED=1 RWM_TAPER_R=1 RWM_ASTAR_ANCHOR=1 RWM_MSTAR_ANCHOR=1 RWM_PLAIN_RS=0 RWM_STORE_SACK_RELEASE=1 RWM_STORE_PATHS=1 RWM_STORE_PATH_POOL=2048 RWM_STORE=unset RWM_STORE_GAIN=2 RWM_STORE_BOOT=128 RWM_STORE_CAPW=0 RWM_STORE_CAP_UNIFIED=0 RWM_THREE_TERM=0 RWM_STORE_PERCAP=0 RWM_PERCAP_GUARD=1 RWM_STORE_BORROW=0 RWM_HONEST_CAP=1 RWM_POOL_ANCHOR=0 RWM_POOL_DELIV=0 RWM_FLOOR_BOUND=0 RWM_ACK_MERGE=1 RWM_PATIENCE_DERIVED=0 RWM_SIDLE_DERIVED=0 RWM_WIN_DECOUPLE=0 RWM_PLACE_SLACK=0 RWM_GEN=384 RWM_PIPELINE=2 RWM_GEN_PIPE=1 RWM_GEN_R=unset RWM_GEN_RATE=9000 RWM_GEN_RATE_FLOOR=2000 RWM_GEN_INFLIGHT=unset RWM_OOO_RETAIN=0/16 RWM_WINDOW=unset RWM_REPORT_GENS=unset RWM_REPAIR_WAIT=unset RWM_CODED_SRC=0 RWM_NO_REACTIVE=0 RWM_XPATH_REPAIR=0 RWM_PROACTIVE_PACER=0 RWM_REASM_BDP=0 RWM_MIN_R=0 RWM_CC_PACE=0 RWM_CC_PACE_HR=1.1 RWM_REACT_CAP=unset RWM_INFL_CAP=0 RWM_INFL_BDP=unset RWM_COPA_FEED=0 RWM_RS_ATTR=1 RWM_EMIT_BATCH=0 RWM_EMIT_BURST=64 RWM_RECOV_MP=1 RWM_RECOV_MP_LAW=1 RWM_RECOV_MP_LIVE=0 RWM_RECOV_SP=0 RWM_DIAG=1 RWM_RDIAG=0 RWM_FDIAG=0 RWM_TRACE=0 RWM_PFRAC=0
{"bytes":50000000,"dnf":0,"hint":"bulk","max_s":9.5785,"mean_mbps":41.76,"mean_s":9.5785,"median_s":9.5785,"min_s":9.5785,"proto":"rp-native","runs":1,"stdev_s":0.0,"summary":true}
    LATPROBE: /tmp/rwm-ping.txt 186 replies
    CPU: CPUSRV=3.31s CPUCLI=3.41s (srv=decoder cli=sender; whole-invocation incl warmup)
    QDISC cli0: qdisc netem 83d9: root refcnt 7 limit 1000 delay 100ms loss gemodel p 1.3% r 50% 1-h 100% 1-k 0% rate 100Mbit seed 7  Sent 56134246 bytes 51675 pkt (dropped 366, overlimits 0 requeues 0)   backlog 14634b 13p requeues 0 
    QDISC cli1: qdisc netem 83da: root refcnt 7 limit 1000 delay 100ms loss gemodel p 1.3% r 50% 1-h 100% 1-k 0% rate 100Mbit seed 7  Sent 776 bytes 10 pkt (dropped 0, overlimits 0 requeues 0)   backlog 0b 0p requeues 0 
    QDISC srv0: qdisc netem 83db: root refcnt 7 limit 1000 delay 100ms rate 100Mbit seed 296400586914365196  Sent 5592242 bytes 31745 pkt (dropped 0, overlimits 0 requeues 0)   backlog 2881b 5p requeues 0 
    QDISC srv1: qdisc netem 83dc: root refcnt 7 limit 1000 delay 100ms rate 100Mbit seed 10930107817680157600  Sent 866 bytes 11 pkt (dropped 0, overlimits 0 requeues 0)   backlog 0b 0p requeues 0 
    QCAP: /tmp/rwm-q.txt 18 lines
RUNTIME c2r200-A rep=6 13s
LATRESULT {"cell": "c2r200", "arm": "A", "seed": 7, "rep": 6, "dnf": false, "dnf_count": 0, "mbps": 41.76, "seconds": 9.578, "n_runs": 1, "occ_p50": 1024, "occ_p90": 1024, "occcap_p50": 1024, "q_p50": 3, "q_p95": 20, "q_p99": 423, "q_n": 35, "diag_lines": 38, "retx": 1300, "gates_cli_3t": 0, "gates_srv_3t": 0, "gates_cli_rs": 0, "gates_srv_rs": 0, "gates_lines_cli": 1, "gates_lines_srv": 1, "active_echo_cli": 0, "tt_eng1": 0, "ping_n": 186, "ping_p50": 200.0, "ping_p95": 202.0, "ping_p99": 203.0, "ping_max": 203.0, "ping_min": 200.0, "ping_tx": null, "ping_rx": null, "ping_loss": null, "wait_tun": 15, "wait_paused": 65, "wait_pace": 0, "wait_gen": 0, "wait_nack": 19, "wait_defc": 0, "wait_tail": 1, "wait_flush": 0, "wait_lines": 35, "dgq_hand": 43876, "dgq_tx": 43876, "dgq_full": 0, "dgq_err": 0, "dgq_gap": 0, "dgq_paths": 1, "tc_bytes": 56148935, "tc_pkts": 51703, "tc_drop": 366, "tc_s": 13}
LIVENESS c2r200-A rep=6 cli=[RWM_THREE_TERM=0 RWM_PLAIN_RS=0] srv=[RWM_THREE_TERM=0 RWM_PLAIN_RS=0] active=0 eng1_lines=0 wait_lines=38 dgq_lines=37 ping_replies=186 (expect 3t=0 rs=0)
=== rep=6 arm=c2r200-B seed=7 env="RWM_THREE_TERM=1 RWM_PLAIN_RS=1" cell=c2r200/c2r200/single bytes=50000000 14:54:58
[2m2026-08-10T14:55:00.590238Z[0m [32m INFO[0m [2mraptorpath::gates[0m[2m:[0m [GATES] RWM_UNIFIED=1 RWM_UNIFIED_SHED=1 RWM_TAPER_R=1 RWM_ASTAR_ANCHOR=1 RWM_MSTAR_ANCHOR=1 RWM_PLAIN_RS=1 RWM_STORE_SACK_RELEASE=1 RWM_STORE_PATHS=1 RWM_STORE_PATH_POOL=2048 RWM_STORE=unset RWM_STORE_GAIN=2 RWM_STORE_BOOT=128 RWM_STORE_CAPW=0 RWM_STORE_CAP_UNIFIED=0 RWM_THREE_TERM=1 RWM_STORE_PERCAP=0 RWM_PERCAP_GUARD=1 RWM_STORE_BORROW=0 RWM_HONEST_CAP=1 RWM_POOL_ANCHOR=0 RWM_POOL_DELIV=0 RWM_FLOOR_BOUND=0 RWM_ACK_MERGE=1 RWM_PATIENCE_DERIVED=0 RWM_SIDLE_DERIVED=0 RWM_WIN_DECOUPLE=0 RWM_PLACE_SLACK=0 RWM_GEN=384 RWM_PIPELINE=2 RWM_GEN_PIPE=1 RWM_GEN_R=unset RWM_GEN_RATE=9000 RWM_GEN_RATE_FLOOR=2000 RWM_GEN_INFLIGHT=unset RWM_OOO_RETAIN=0/16 RWM_WINDOW=unset RWM_REPORT_GENS=unset RWM_REPAIR_WAIT=unset RWM_CODED_SRC=0 RWM_NO_REACTIVE=0 RWM_XPATH_REPAIR=0 RWM_PROACTIVE_PACER=0 RWM_REASM_BDP=0 RWM_MIN_R=0 RWM_CC_PACE=0 RWM_CC_PACE_HR=1.1 RWM_REACT_CAP=unset RWM_INFL_CAP=0 RWM_INFL_BDP=unset RWM_COPA_FEED=0 RWM_RS_ATTR=1 RWM_EMIT_BATCH=0 RWM_EMIT_BURST=64 RWM_RECOV_MP=1 RWM_RECOV_MP_LAW=1 RWM_RECOV_MP_LIVE=0 RWM_RECOV_SP=0 RWM_DIAG=1 RWM_RDIAG=0 RWM_FDIAG=0 RWM_TRACE=0 RWM_PFRAC=0
{"bytes":50000000,"dnf":0,"hint":"bulk","max_s":7.1575,"mean_mbps":55.885,"mean_s":7.1575,"median_s":7.1575,"min_s":7.1575,"proto":"rp-native","runs":1,"stdev_s":0.0,"summary":true}
    LATPROBE: /tmp/rwm-ping.txt 143 replies
    CPU: CPUSRV=3.81s CPUCLI=7.65s (srv=decoder cli=sender; whole-invocation incl warmup)
    QDISC cli0: qdisc netem 83dd: root refcnt 7 limit 1000 delay 100ms loss gemodel p 1.3% r 50% 1-h 100% 1-k 0% rate 100Mbit seed 7  Sent 60350672 bytes 49432 pkt (dropped 515, overlimits 0 requeues 0)   backlog 12051b 5p requeues 0 
    QDISC cli1: qdisc netem 83de: root refcnt 7 limit 1000 delay 100ms loss gemodel p 1.3% r 50% 1-h 100% 1-k 0% rate 100Mbit seed 7  Sent 776 bytes 10 pkt (dropped 0, overlimits 0 requeues 0)   backlog 0b 0p requeues 0 
    QDISC srv0: qdisc netem 83df: root refcnt 7 limit 1000 delay 100ms rate 100Mbit seed 1362372339001628513  Sent 7028543 bytes 35741 pkt (dropped 0, overlimits 0 requeues 0)   backlog 1461b 11p requeues 0 
    QDISC srv1: qdisc netem 83e0: root refcnt 7 limit 1000 delay 100ms rate 100Mbit seed 9520368237453341415  Sent 866 bytes 11 pkt (dropped 0, overlimits 0 requeues 0)   backlog 0b 0p requeues 0 
    QCAP: /tmp/rwm-q.txt 18 lines
RUNTIME c2r200-B rep=6 10s
LATRESULT {"cell": "c2r200", "arm": "B", "seed": 7, "rep": 6, "dnf": false, "dnf_count": 0, "mbps": 55.885, "seconds": 7.158, "n_runs": 1, "occ_p50": 2643, "occ_p90": 4076, "occcap_p50": 4096, "q_p50": 237, "q_p95": 305, "q_p99": 318, "q_n": 12, "diag_lines": 28, "retx": 5846, "gates_cli_3t": 1, "gates_srv_3t": 1, "gates_cli_rs": 1, "gates_srv_rs": 1, "gates_lines_cli": 1, "gates_lines_srv": 1, "active_echo_cli": 1, "tt_eng1": 3, "ping_n": 143, "ping_p50": 215.0, "ping_p95": 463.0, "ping_p99": 491.0, "ping_max": 519.0, "ping_min": 200.0, "ping_tx": null, "ping_rx": null, "ping_loss": null, "wait_tun": 52, "wait_paused": 7, "wait_pace": 0, "wait_gen": 0, "wait_nack": 22, "wait_defc": 0, "wait_tail": 0, "wait_flush": 0, "wait_lines": 25, "dgq_hand": 48379, "dgq_tx": 48379, "dgq_full": 0, "dgq_err": 0, "dgq_gap": 0, "dgq_paths": 1, "tc_bytes": 60363383, "tc_pkts": 49453, "tc_drop": 515, "tc_s": 10}
LIVENESS c2r200-B rep=6 cli=[RWM_THREE_TERM=1 RWM_PLAIN_RS=1] srv=[RWM_THREE_TERM=1 RWM_PLAIN_RS=1] active=1 eng1_lines=3 wait_lines=28 dgq_lines=12 ping_replies=143 (expect 3t=1 rs=1)
=== rep=6 arm=c2r200-D seed=7 env="RWM_PLAIN_RS=1" cell=c2r200/c2r200/single bytes=50000000 14:55:08
[2m2026-08-10T14:55:10.962359Z[0m [32m INFO[0m [2mraptorpath::gates[0m[2m:[0m [GATES] RWM_UNIFIED=1 RWM_UNIFIED_SHED=1 RWM_TAPER_R=1 RWM_ASTAR_ANCHOR=1 RWM_MSTAR_ANCHOR=1 RWM_PLAIN_RS=1 RWM_STORE_SACK_RELEASE=1 RWM_STORE_PATHS=1 RWM_STORE_PATH_POOL=2048 RWM_STORE=unset RWM_STORE_GAIN=2 RWM_STORE_BOOT=128 RWM_STORE_CAPW=0 RWM_STORE_CAP_UNIFIED=0 RWM_THREE_TERM=0 RWM_STORE_PERCAP=0 RWM_PERCAP_GUARD=1 RWM_STORE_BORROW=0 RWM_HONEST_CAP=1 RWM_POOL_ANCHOR=0 RWM_POOL_DELIV=0 RWM_FLOOR_BOUND=0 RWM_ACK_MERGE=1 RWM_PATIENCE_DERIVED=0 RWM_SIDLE_DERIVED=0 RWM_WIN_DECOUPLE=0 RWM_PLACE_SLACK=0 RWM_GEN=384 RWM_PIPELINE=2 RWM_GEN_PIPE=1 RWM_GEN_R=unset RWM_GEN_RATE=9000 RWM_GEN_RATE_FLOOR=2000 RWM_GEN_INFLIGHT=unset RWM_OOO_RETAIN=0/16 RWM_WINDOW=unset RWM_REPORT_GENS=unset RWM_REPAIR_WAIT=unset RWM_CODED_SRC=0 RWM_NO_REACTIVE=0 RWM_XPATH_REPAIR=0 RWM_PROACTIVE_PACER=0 RWM_REASM_BDP=0 RWM_MIN_R=0 RWM_CC_PACE=0 RWM_CC_PACE_HR=1.1 RWM_REACT_CAP=unset RWM_INFL_CAP=0 RWM_INFL_BDP=unset RWM_COPA_FEED=0 RWM_RS_ATTR=1 RWM_EMIT_BATCH=0 RWM_EMIT_BURST=64 RWM_RECOV_MP=1 RWM_RECOV_MP_LAW=1 RWM_RECOV_MP_LIVE=0 RWM_RECOV_SP=0 RWM_DIAG=1 RWM_RDIAG=0 RWM_FDIAG=0 RWM_TRACE=0 RWM_PFRAC=0
{"bytes":50000000,"dnf":0,"hint":"bulk","max_s":10.2408,"mean_mbps":39.059,"mean_s":10.2408,"median_s":10.2408,"min_s":10.2408,"proto":"rp-native","runs":1,"stdev_s":0.0,"summary":true}
    LATPROBE: /tmp/rwm-ping.txt 201 replies
    CPU: CPUSRV=3.22s CPUCLI=3.98s (srv=decoder cli=sender; whole-invocation incl warmup)
    QDISC cli0: qdisc netem 83e1: root refcnt 7 limit 1000 delay 100ms loss gemodel p 1.3% r 50% 1-h 100% 1-k 0% rate 100Mbit seed 7  Sent 56606765 bytes 51007 pkt (dropped 351, overlimits 0 requeues 0)   backlog 221b 2p requeues 0 
    QDISC cli1: qdisc netem 83e2: root refcnt 7 limit 1000 delay 100ms loss gemodel p 1.3% r 50% 1-h 100% 1-k 0% rate 100Mbit seed 7  Sent 776 bytes 10 pkt (dropped 0, overlimits 0 requeues 0)   backlog 0b 0p requeues 0 
    QDISC srv0: qdisc netem 83e3: root refcnt 7 limit 1000 delay 100ms rate 100Mbit seed 14517093415145674552  Sent 5680345 bytes 32648 pkt (dropped 0, overlimits 0 requeues 0)   backlog 196b 2p requeues 0 
    QDISC srv1: qdisc netem 83e4: root refcnt 7 limit 1000 delay 100ms rate 100Mbit seed 3546860923009721565  Sent 866 bytes 11 pkt (dropped 0, overlimits 0 requeues 0)   backlog 0b 0p requeues 0 
    QCAP: /tmp/rwm-q.txt 18 lines
RUNTIME c2r200-D rep=6 13s
LATRESULT {"cell": "c2r200", "arm": "D", "seed": 7, "rep": 6, "dnf": false, "dnf_count": 0, "mbps": 39.059, "seconds": 10.241, "n_runs": 1, "occ_p50": 1024, "occ_p90": 1024, "occcap_p50": 1024, "q_p50": 3, "q_p95": 5, "q_p99": 10, "q_n": 35, "diag_lines": 41, "retx": 1863, "gates_cli_3t": 0, "gates_srv_3t": 0, "gates_cli_rs": 1, "gates_srv_rs": 1, "gates_lines_cli": 1, "gates_lines_srv": 1, "active_echo_cli": 0, "tt_eng1": 0, "ping_n": 201, "ping_p50": 200.0, "ping_p95": 203.0, "ping_p99": 205.0, "ping_max": 207.0, "ping_min": 200.0, "ping_tx": null, "ping_rx": null, "ping_loss": null, "wait_tun": 14, "wait_paused": 59, "wait_pace": 0, "wait_gen": 0, "wait_nack": 23, "wait_defc": 0, "wait_tail": 1, "wait_flush": 0, "wait_lines": 38, "dgq_hand": 44473, "dgq_tx": 44473, "dgq_full": 0, "dgq_err": 0, "dgq_gap": 0, "dgq_paths": 1, "tc_bytes": 56607762, "tc_pkts": 51019, "tc_drop": 351, "tc_s": 13}
LIVENESS c2r200-D rep=6 cli=[RWM_THREE_TERM=0 RWM_PLAIN_RS=1] srv=[RWM_THREE_TERM=0 RWM_PLAIN_RS=1] active=0 eng1_lines=0 wait_lines=41 dgq_lines=35 ping_replies=201 (expect 3t=0 rs=1)
=== rep=6 arm=c1-A seed=7 env="" cell=c1/c1/single bytes=400000000 14:55:22
[2m2026-08-10T14:55:23.961556Z[0m [32m INFO[0m [2mraptorpath::gates[0m[2m:[0m [GATES] RWM_UNIFIED=1 RWM_UNIFIED_SHED=1 RWM_TAPER_R=1 RWM_ASTAR_ANCHOR=1 RWM_MSTAR_ANCHOR=1 RWM_PLAIN_RS=0 RWM_STORE_SACK_RELEASE=1 RWM_STORE_PATHS=1 RWM_STORE_PATH_POOL=2048 RWM_STORE=unset RWM_STORE_GAIN=2 RWM_STORE_BOOT=128 RWM_STORE_CAPW=0 RWM_STORE_CAP_UNIFIED=0 RWM_THREE_TERM=0 RWM_STORE_PERCAP=0 RWM_PERCAP_GUARD=1 RWM_STORE_BORROW=0 RWM_HONEST_CAP=1 RWM_POOL_ANCHOR=0 RWM_POOL_DELIV=0 RWM_FLOOR_BOUND=0 RWM_ACK_MERGE=1 RWM_PATIENCE_DERIVED=0 RWM_SIDLE_DERIVED=0 RWM_WIN_DECOUPLE=0 RWM_PLACE_SLACK=0 RWM_GEN=384 RWM_PIPELINE=2 RWM_GEN_PIPE=1 RWM_GEN_R=unset RWM_GEN_RATE=9000 RWM_GEN_RATE_FLOOR=2000 RWM_GEN_INFLIGHT=unset RWM_OOO_RETAIN=0/16 RWM_WINDOW=unset RWM_REPORT_GENS=unset RWM_REPAIR_WAIT=unset RWM_CODED_SRC=0 RWM_NO_REACTIVE=0 RWM_XPATH_REPAIR=0 RWM_PROACTIVE_PACER=0 RWM_REASM_BDP=0 RWM_MIN_R=0 RWM_CC_PACE=0 RWM_CC_PACE_HR=1.1 RWM_REACT_CAP=unset RWM_INFL_CAP=0 RWM_INFL_BDP=unset RWM_COPA_FEED=0 RWM_RS_ATTR=1 RWM_EMIT_BATCH=0 RWM_EMIT_BURST=64 RWM_RECOV_MP=1 RWM_RECOV_MP_LAW=1 RWM_RECOV_MP_LIVE=0 RWM_RECOV_SP=0 RWM_DIAG=1 RWM_RDIAG=0 RWM_FDIAG=0 RWM_TRACE=0 RWM_PFRAC=0
{"bytes":400000000,"dnf":0,"hint":"bulk","max_s":14.1337,"mean_mbps":226.409,"mean_s":14.1337,"median_s":14.1337,"min_s":14.1337,"proto":"rp-native","runs":1,"stdev_s":0.0,"summary":true}
    LATPROBE: /tmp/rwm-ping.txt 282 replies
    CPU: CPUSRV=15.39s CPUCLI=15.60s (srv=decoder cli=sender; whole-invocation incl warmup)
    QDISC cli0: qdisc netem 83e5: root refcnt 7 limit 1000 delay 1ms loss gemodel p 0.05% r 50% 1-h 100% 1-k 0% rate 1Gbit seed 7  Sent 438340769 bytes 347614 pkt (dropped 57, overlimits 0 requeues 0)   backlog 0b 0p requeues 0 
    QDISC cli1: qdisc netem 83e6: root refcnt 7 limit 1000 delay 1ms loss gemodel p 0.05% r 50% 1-h 100% 1-k 0% rate 1Gbit seed 7  Sent 846 bytes 11 pkt (dropped 0, overlimits 0 requeues 0)   backlog 0b 0p requeues 0 
    QDISC srv0: qdisc netem 83e7: root refcnt 7 limit 1000 delay 1ms rate 1Gbit seed 15800689728705388430  Sent 31767151 bytes 87999 pkt (dropped 0, overlimits 0 requeues 0)   backlog 0b 0p requeues 0 
    QDISC srv1: qdisc netem 83e8: root refcnt 7 limit 1000 delay 1ms rate 1Gbit seed 6205463324870971764  Sent 866 bytes 11 pkt (dropped 0, overlimits 0 requeues 0)   backlog 0b 0p requeues 0 
    QCAP: /tmp/rwm-q.txt 18 lines
RUNTIME c1-A rep=6 16s
LATRESULT {"cell": "c1", "arm": "A", "seed": 7, "rep": 6, "dnf": false, "dnf_count": 0, "mbps": 226.409, "seconds": 14.134, "n_runs": 1, "occ_p50": 248, "occ_p90": 402, "occcap_p50": 531, "q_p50": 7, "q_p95": 11, "q_p99": 21, "q_n": 34, "diag_lines": 56, "retx": 839, "gates_cli_3t": 0, "gates_srv_3t": 0, "gates_cli_rs": 0, "gates_srv_rs": 0, "gates_lines_cli": 1, "gates_lines_srv": 1, "active_echo_cli": 0, "tt_eng1": 0, "ping_n": 282, "ping_p50": 2.06, "ping_p95": 2.61, "ping_p99": 2.73, "ping_max": 2.92, "ping_min": 2.03, "ping_tx": null, "ping_rx": null, "ping_loss": null, "wait_tun": 66, "wait_paused": 33, "wait_pace": 0, "wait_gen": 0, "wait_nack": 0, "wait_defc": 0, "wait_tail": 0, "wait_flush": 0, "wait_lines": 53, "dgq_hand": 337845, "dgq_tx": 337844, "dgq_full": 0, "dgq_err": 0, "dgq_gap": 1, "dgq_paths": 1, "tc_bytes": 438341715, "tc_pkts": 347626, "tc_drop": 57, "tc_s": 16}
LIVENESS c1-A rep=6 cli=[RWM_THREE_TERM=0 RWM_PLAIN_RS=0] srv=[RWM_THREE_TERM=0 RWM_PLAIN_RS=0] active=0 eng1_lines=0 wait_lines=56 dgq_lines=35 ping_replies=282 (expect 3t=0 rs=0)
=== rep=6 arm=c1-B seed=7 env="RWM_THREE_TERM=1 RWM_PLAIN_RS=1" cell=c1/c1/single bytes=400000000 14:55:38
[2m2026-08-10T14:55:40.285099Z[0m [32m INFO[0m [2mraptorpath::gates[0m[2m:[0m [GATES] RWM_UNIFIED=1 RWM_UNIFIED_SHED=1 RWM_TAPER_R=1 RWM_ASTAR_ANCHOR=1 RWM_MSTAR_ANCHOR=1 RWM_PLAIN_RS=1 RWM_STORE_SACK_RELEASE=1 RWM_STORE_PATHS=1 RWM_STORE_PATH_POOL=2048 RWM_STORE=unset RWM_STORE_GAIN=2 RWM_STORE_BOOT=128 RWM_STORE_CAPW=0 RWM_STORE_CAP_UNIFIED=0 RWM_THREE_TERM=1 RWM_STORE_PERCAP=0 RWM_PERCAP_GUARD=1 RWM_STORE_BORROW=0 RWM_HONEST_CAP=1 RWM_POOL_ANCHOR=0 RWM_POOL_DELIV=0 RWM_FLOOR_BOUND=0 RWM_ACK_MERGE=1 RWM_PATIENCE_DERIVED=0 RWM_SIDLE_DERIVED=0 RWM_WIN_DECOUPLE=0 RWM_PLACE_SLACK=0 RWM_GEN=384 RWM_PIPELINE=2 RWM_GEN_PIPE=1 RWM_GEN_R=unset RWM_GEN_RATE=9000 RWM_GEN_RATE_FLOOR=2000 RWM_GEN_INFLIGHT=unset RWM_OOO_RETAIN=0/16 RWM_WINDOW=unset RWM_REPORT_GENS=unset RWM_REPAIR_WAIT=unset RWM_CODED_SRC=0 RWM_NO_REACTIVE=0 RWM_XPATH_REPAIR=0 RWM_PROACTIVE_PACER=0 RWM_REASM_BDP=0 RWM_MIN_R=0 RWM_CC_PACE=0 RWM_CC_PACE_HR=1.1 RWM_REACT_CAP=unset RWM_INFL_CAP=0 RWM_INFL_BDP=unset RWM_COPA_FEED=0 RWM_RS_ATTR=1 RWM_EMIT_BATCH=0 RWM_EMIT_BURST=64 RWM_RECOV_MP=1 RWM_RECOV_MP_LAW=1 RWM_RECOV_MP_LIVE=0 RWM_RECOV_SP=0 RWM_DIAG=1 RWM_RDIAG=0 RWM_FDIAG=0 RWM_TRACE=0 RWM_PFRAC=0
{"bytes":400000000,"dnf":0,"hint":"bulk","max_s":21.9104,"mean_mbps":146.05,"mean_s":21.9104,"median_s":21.9104,"min_s":21.9104,"proto":"rp-native","runs":1,"stdev_s":0.0,"summary":true}
    LATPROBE: /tmp/rwm-ping.txt 437 replies
    CPU: CPUSRV=20.35s CPUCLI=27.58s (srv=decoder cli=sender; whole-invocation incl warmup)
    QDISC cli0: qdisc netem 83e9: root refcnt 7 limit 1000 delay 1ms loss gemodel p 0.05% r 50% 1-h 100% 1-k 0% rate 1Gbit seed 7  Sent 438845227 bytes 356958 pkt (dropped 60, overlimits 0 requeues 0)   backlog 0b 0p requeues 0 
    QDISC cli1: qdisc netem 83ea: root refcnt 7 limit 1000 delay 1ms loss gemodel p 0.05% r 50% 1-h 100% 1-k 0% rate 1Gbit seed 7  Sent 846 bytes 11 pkt (dropped 0, overlimits 0 requeues 0)   backlog 0b 0p requeues 0 
    QDISC srv0: qdisc netem 83eb: root refcnt 7 limit 1000 delay 1ms rate 1Gbit seed 15401551911731324324  Sent 37014208 bytes 154178 pkt (dropped 0, overlimits 0 requeues 0)   backlog 0b 0p requeues 0 
    QDISC srv1: qdisc netem 83ec: root refcnt 7 limit 1000 delay 1ms rate 1Gbit seed 14424753984557712002  Sent 936 bytes 12 pkt (dropped 0, overlimits 0 requeues 0)   backlog 0b 0p requeues 0 
    QCAP: /tmp/rwm-q.txt 18 lines
RUNTIME c1-B rep=6 24s
LATRESULT {"cell": "c1", "arm": "B", "seed": 7, "rep": 6, "dnf": false, "dnf_count": 0, "mbps": 146.05, "seconds": 21.91, "n_runs": 1, "occ_p50": 134, "occ_p90": 206, "occcap_p50": 195, "q_p50": 7, "q_p95": 10, "q_p99": 12, "q_n": 73, "diag_lines": 87, "retx": 505, "gates_cli_3t": 1, "gates_srv_3t": 1, "gates_cli_rs": 1, "gates_srv_rs": 1, "gates_lines_cli": 1, "gates_lines_srv": 1, "active_echo_cli": 1, "tt_eng1": 10, "ping_n": 437, "ping_p50": 2.06, "ping_p95": 2.46, "ping_p99": 2.72, "ping_max": 2.9, "ping_min": 2.03, "ping_tx": null, "ping_rx": null, "ping_loss": null, "wait_tun": 68, "wait_paused": 31, "wait_pace": 0, "wait_gen": 0, "wait_nack": 0, "wait_defc": 0, "wait_tail": 0, "wait_flush": 0, "wait_lines": 84, "dgq_hand": 327036, "dgq_tx": 327031, "dgq_full": 0, "dgq_err": 0, "dgq_gap": 5, "dgq_paths": 1, "tc_bytes": 438846278, "tc_pkts": 356970, "tc_drop": 60, "tc_s": 24}
LIVENESS c1-B rep=6 cli=[RWM_THREE_TERM=1 RWM_PLAIN_RS=1] srv=[RWM_THREE_TERM=1 RWM_PLAIN_RS=1] active=1 eng1_lines=10 wait_lines=87 dgq_lines=73 ping_replies=437 (expect 3t=1 rs=1)
=== rep=6 arm=c1-D seed=7 env="RWM_PLAIN_RS=1" cell=c1/c1/single bytes=400000000 14:56:02
[2m2026-08-10T14:56:04.425647Z[0m [32m INFO[0m [2mraptorpath::gates[0m[2m:[0m [GATES] RWM_UNIFIED=1 RWM_UNIFIED_SHED=1 RWM_TAPER_R=1 RWM_ASTAR_ANCHOR=1 RWM_MSTAR_ANCHOR=1 RWM_PLAIN_RS=1 RWM_STORE_SACK_RELEASE=1 RWM_STORE_PATHS=1 RWM_STORE_PATH_POOL=2048 RWM_STORE=unset RWM_STORE_GAIN=2 RWM_STORE_BOOT=128 RWM_STORE_CAPW=0 RWM_STORE_CAP_UNIFIED=0 RWM_THREE_TERM=0 RWM_STORE_PERCAP=0 RWM_PERCAP_GUARD=1 RWM_STORE_BORROW=0 RWM_HONEST_CAP=1 RWM_POOL_ANCHOR=0 RWM_POOL_DELIV=0 RWM_FLOOR_BOUND=0 RWM_ACK_MERGE=1 RWM_PATIENCE_DERIVED=0 RWM_SIDLE_DERIVED=0 RWM_WIN_DECOUPLE=0 RWM_PLACE_SLACK=0 RWM_GEN=384 RWM_PIPELINE=2 RWM_GEN_PIPE=1 RWM_GEN_R=unset RWM_GEN_RATE=9000 RWM_GEN_RATE_FLOOR=2000 RWM_GEN_INFLIGHT=unset RWM_OOO_RETAIN=0/16 RWM_WINDOW=unset RWM_REPORT_GENS=unset RWM_REPAIR_WAIT=unset RWM_CODED_SRC=0 RWM_NO_REACTIVE=0 RWM_XPATH_REPAIR=0 RWM_PROACTIVE_PACER=0 RWM_REASM_BDP=0 RWM_MIN_R=0 RWM_CC_PACE=0 RWM_CC_PACE_HR=1.1 RWM_REACT_CAP=unset RWM_INFL_CAP=0 RWM_INFL_BDP=unset RWM_COPA_FEED=0 RWM_RS_ATTR=1 RWM_EMIT_BATCH=0 RWM_EMIT_BURST=64 RWM_RECOV_MP=1 RWM_RECOV_MP_LAW=1 RWM_RECOV_MP_LIVE=0 RWM_RECOV_SP=0 RWM_DIAG=1 RWM_RDIAG=0 RWM_FDIAG=0 RWM_TRACE=0 RWM_PFRAC=0
{"bytes":400000000,"dnf":0,"hint":"bulk","max_s":21.4287,"mean_mbps":149.333,"mean_s":21.4287,"median_s":21.4287,"min_s":21.4287,"proto":"rp-native","runs":1,"stdev_s":0.0,"summary":true}
    LATPROBE: /tmp/rwm-ping.txt 426 replies
    CPU: CPUSRV=17.54s CPUCLI=24.30s (srv=decoder cli=sender; whole-invocation incl warmup)
    QDISC cli0: qdisc netem 83ed: root refcnt 7 limit 1000 delay 1ms loss gemodel p 0.05% r 50% 1-h 100% 1-k 0% rate 1Gbit seed 7  Sent 439420801 bytes 365229 pkt (dropped 63, overlimits 0 requeues 0)   backlog 0b 0p requeues 0 
    QDISC cli1: qdisc netem 83ee: root refcnt 7 limit 1000 delay 1ms loss gemodel p 0.05% r 50% 1-h 100% 1-k 0% rate 1Gbit seed 7  Sent 846 bytes 11 pkt (dropped 0, overlimits 0 requeues 0)   backlog 0b 0p requeues 0 
    QDISC srv0: qdisc netem 83ef: root refcnt 7 limit 1000 delay 1ms rate 1Gbit seed 7287508817527252798  Sent 34696062 bytes 119950 pkt (dropped 0, overlimits 0 requeues 0)   backlog 0b 0p requeues 0 
    QDISC srv1: qdisc netem 83f0: root refcnt 7 limit 1000 delay 1ms rate 1Gbit seed 12350606530036083543  Sent 936 bytes 12 pkt (dropped 0, overlimits 0 requeues 0)   backlog 0b 0p requeues 0 
    QCAP: /tmp/rwm-q.txt 18 lines
RUNTIME c1-D rep=6 24s
LATRESULT {"cell": "c1", "arm": "D", "seed": 7, "rep": 6, "dnf": false, "dnf_count": 0, "mbps": 149.333, "seconds": 21.429, "n_runs": 1, "occ_p50": 159, "occ_p90": 298, "occcap_p50": 1024, "q_p50": 9, "q_p95": 20, "q_p99": 25, "q_n": 47, "diag_lines": 85, "retx": 452, "gates_cli_3t": 0, "gates_srv_3t": 0, "gates_cli_rs": 1, "gates_srv_rs": 1, "gates_lines_cli": 1, "gates_lines_srv": 1, "active_echo_cli": 0, "tt_eng1": 0, "ping_n": 426, "ping_p50": 2.06, "ping_p95": 2.6, "ping_p99": 2.8, "ping_max": 2.94, "ping_min": 2.03, "ping_tx": null, "ping_rx": null, "ping_loss": null, "wait_tun": 61, "wait_paused": 38, "wait_pace": 0, "wait_gen": 0, "wait_nack": 0, "wait_defc": 0, "wait_tail": 0, "wait_flush": 0, "wait_lines": 82, "dgq_hand": 330452, "dgq_tx": 330431, "dgq_full": 0, "dgq_err": 0, "dgq_gap": 21, "dgq_paths": 1, "tc_bytes": 439421747, "tc_pkts": 365241, "tc_drop": 63, "tc_s": 24}
LIVENESS c1-D rep=6 cli=[RWM_THREE_TERM=0 RWM_PLAIN_RS=1] srv=[RWM_THREE_TERM=0 RWM_PLAIN_RS=1] active=0 eng1_lines=0 wait_lines=85 dgq_lines=49 ping_replies=426 (expect 3t=0 rs=1)
=== rep=7 arm=sc2-A seed=7 env="" cell=c2/c2/single bytes=100000000 14:56:26
RUNTIME sc2-A rep=7 2s
LATRESULT {"cell": "sc2", "arm": "A", "seed": 7, "rep": 7, "dnf": true, "dnf_count": null, "mbps": null, "seconds": null, "n_runs": 0, "occ_p50": null, "occ_p90": null, "occcap_p50": null, "q_p50": null, "q_p95": null, "q_p99": null, "q_n": 0, "diag_lines": 0, "retx": 0, "gates_cli_3t": null, "gates_srv_3t": null, "gates_cli_rs": null, "gates_srv_rs": null, "gates_lines_cli": 0, "gates_lines_srv": 0, "active_echo_cli": 0, "tt_eng1": 0, "ping_n": 426, "ping_p50": 2.06, "ping_p95": 2.6, "ping_p99": 2.8, "ping_max": 2.94, "ping_min": 2.03, "ping_tx": null, "ping_rx": null, "ping_loss": null, "wait_tun": null, "wait_paused": null, "wait_pace": null, "wait_gen": null, "wait_nack": null, "wait_defc": null, "wait_tail": null, "wait_flush": null, "wait_lines": 0, "dgq_hand": null, "dgq_tx": null, "dgq_full": null, "dgq_err": null, "dgq_gap": null, "dgq_paths": null, "tc_bytes": null, "tc_pkts": null, "tc_drop": null, "tc_s": null}
LIVENESS sc2-A rep=7 cli=[ ] srv=[ ] active= eng1_lines=0 wait_lines= dgq_lines= ping_replies=426 (expect 3t=0 rs=0)
ARM-LIVENESS-FAIL-GATE-CLI sc2-A rep=7 got=''
ARM-LIVENESS-FAIL-GATE-SRV sc2-A rep=7 got=''
ARM-LIVENESS-FAIL-RS-CLI sc2-A rep=7 got=''
ARM-LIVENESS-FAIL-RS-SRV sc2-A rep=7 got=''
QCAP-MISSING sc2-A rep=7
=== rep=7 arm=sc2-B seed=7 env="RWM_THREE_TERM=1 RWM_PLAIN_RS=1" cell=c2/c2/single bytes=100000000 14:56:29
[2m2026-08-10T14:56:31.701744Z[0m [32m INFO[0m [2mraptorpath::gates[0m[2m:[0m [GATES] RWM_UNIFIED=1 RWM_UNIFIED_SHED=1 RWM_TAPER_R=1 RWM_ASTAR_ANCHOR=1 RWM_MSTAR_ANCHOR=1 RWM_PLAIN_RS=1 RWM_STORE_SACK_RELEASE=1 RWM_STORE_PATHS=1 RWM_STORE_PATH_POOL=2048 RWM_STORE=unset RWM_STORE_GAIN=2 RWM_STORE_BOOT=128 RWM_STORE_CAPW=0 RWM_STORE_CAP_UNIFIED=0 RWM_THREE_TERM=1 RWM_STORE_PERCAP=0 RWM_PERCAP_GUARD=1 RWM_STORE_BORROW=0 RWM_HONEST_CAP=1 RWM_POOL_ANCHOR=0 RWM_POOL_DELIV=0 RWM_FLOOR_BOUND=0 RWM_ACK_MERGE=1 RWM_PATIENCE_DERIVED=0 RWM_SIDLE_DERIVED=0 RWM_WIN_DECOUPLE=0 RWM_PLACE_SLACK=0 RWM_GEN=384 RWM_PIPELINE=2 RWM_GEN_PIPE=1 RWM_GEN_R=unset RWM_GEN_RATE=9000 RWM_GEN_RATE_FLOOR=2000 RWM_GEN_INFLIGHT=unset RWM_OOO_RETAIN=0/16 RWM_WINDOW=unset RWM_REPORT_GENS=unset RWM_REPAIR_WAIT=unset RWM_CODED_SRC=0 RWM_NO_REACTIVE=0 RWM_XPATH_REPAIR=0 RWM_PROACTIVE_PACER=0 RWM_REASM_BDP=0 RWM_MIN_R=0 RWM_CC_PACE=0 RWM_CC_PACE_HR=1.1 RWM_REACT_CAP=unset RWM_INFL_CAP=0 RWM_INFL_BDP=unset RWM_COPA_FEED=0 RWM_RS_ATTR=1 RWM_EMIT_BATCH=0 RWM_EMIT_BURST=64 RWM_RECOV_MP=1 RWM_RECOV_MP_LAW=1 RWM_RECOV_MP_LIVE=0 RWM_RECOV_SP=0 RWM_DIAG=1 RWM_RDIAG=0 RWM_FDIAG=0 RWM_TRACE=0 RWM_PFRAC=0
{"bytes":100000000,"dnf":0,"hint":"bulk","max_s":9.2291,"mean_mbps":86.682,"mean_s":9.2291,"median_s":9.2291,"min_s":9.2291,"proto":"rp-native","runs":1,"stdev_s":0.0,"summary":true}
    LATPROBE: /tmp/rwm-ping.txt 180 replies
    CPU: CPUSRV=6.42s CPUCLI=6.55s (srv=decoder cli=sender; whole-invocation incl warmup)
    QDISC cli0: qdisc netem 83f5: root refcnt 7 limit 1000 delay 5ms  3ms loss gemodel p 1.3% r 50% 1-h 100% 1-k 0% rate 100Mbit seed 7  Sent 112001443 bytes 92903 pkt (dropped 495, overlimits 0 requeues 0)   backlog 0b 0p requeues 0 
    QDISC cli1: qdisc netem 83f6: root refcnt 7 limit 1000 delay 5ms  3ms loss gemodel p 1.3% r 50% 1-h 100% 1-k 0% rate 100Mbit seed 7  Sent 686 bytes 9 pkt (dropped 2, overlimits 0 requeues 0)   backlog 0b 0p requeues 0 
    QDISC srv0: qdisc netem 83f7: root refcnt 7 limit 1000 delay 5ms  3ms rate 100Mbit seed 2062563016483484874  Sent 11230040 bytes 66111 pkt (dropped 0, overlimits 0 requeues 0)   backlog 0b 0p requeues 0 
    QDISC srv1: qdisc netem 83f8: root refcnt 7 limit 1000 delay 5ms  3ms rate 100Mbit seed 2833906197492645308  Sent 866 bytes 11 pkt (dropped 0, overlimits 0 requeues 0)   backlog 0b 0p requeues 0 
    QCAP: /tmp/rwm-q.txt 18 lines
RUNTIME sc2-B rep=7 12s
LATRESULT {"cell": "sc2", "arm": "B", "seed": 7, "rep": 7, "dnf": false, "dnf_count": 0, "mbps": 86.682, "seconds": 9.229, "n_runs": 1, "occ_p50": 460, "occ_p90": 478, "occcap_p50": 476, "q_p50": 35, "q_p95": 38, "q_p99": 42, "q_n": 33, "diag_lines": 36, "retx": 2939, "gates_cli_3t": 1, "gates_srv_3t": 1, "gates_cli_rs": 1, "gates_srv_rs": 1, "gates_lines_cli": 1, "gates_lines_srv": 1, "active_echo_cli": 1, "tt_eng1": 4, "ping_n": 180, "ping_p50": 45.4, "ping_p95": 48.5, "ping_p99": 49.7, "ping_max": 50.4, "ping_min": 8.25, "ping_tx": null, "ping_rx": null, "ping_loss": null, "wait_tun": 31, "wait_paused": 46, "wait_pace": 0, "wait_gen": 0, "wait_nack": 26, "wait_defc": 0, "wait_tail": 0, "wait_flush": 0, "wait_lines": 33, "dgq_hand": 86535, "dgq_tx": 86535, "dgq_full": 0, "dgq_err": 0, "dgq_gap": 0, "dgq_paths": 1, "tc_bytes": 112002129, "tc_pkts": 92912, "tc_drop": 497, "tc_s": 12}
LIVENESS sc2-B rep=7 cli=[RWM_THREE_TERM=1 RWM_PLAIN_RS=1] srv=[RWM_THREE_TERM=1 RWM_PLAIN_RS=1] active=1 eng1_lines=4 wait_lines=36 dgq_lines=34 ping_replies=180 (expect 3t=1 rs=1)
=== rep=7 arm=sc2-D seed=7 env="RWM_PLAIN_RS=1" cell=c2/c2/single bytes=100000000 14:56:41
[2m2026-08-10T14:56:43.517438Z[0m [32m INFO[0m [2mraptorpath::gates[0m[2m:[0m [GATES] RWM_UNIFIED=1 RWM_UNIFIED_SHED=1 RWM_TAPER_R=1 RWM_ASTAR_ANCHOR=1 RWM_MSTAR_ANCHOR=1 RWM_PLAIN_RS=1 RWM_STORE_SACK_RELEASE=1 RWM_STORE_PATHS=1 RWM_STORE_PATH_POOL=2048 RWM_STORE=unset RWM_STORE_GAIN=2 RWM_STORE_BOOT=128 RWM_STORE_CAPW=0 RWM_STORE_CAP_UNIFIED=0 RWM_THREE_TERM=0 RWM_STORE_PERCAP=0 RWM_PERCAP_GUARD=1 RWM_STORE_BORROW=0 RWM_HONEST_CAP=1 RWM_POOL_ANCHOR=0 RWM_POOL_DELIV=0 RWM_FLOOR_BOUND=0 RWM_ACK_MERGE=1 RWM_PATIENCE_DERIVED=0 RWM_SIDLE_DERIVED=0 RWM_WIN_DECOUPLE=0 RWM_PLACE_SLACK=0 RWM_GEN=384 RWM_PIPELINE=2 RWM_GEN_PIPE=1 RWM_GEN_R=unset RWM_GEN_RATE=9000 RWM_GEN_RATE_FLOOR=2000 RWM_GEN_INFLIGHT=unset RWM_OOO_RETAIN=0/16 RWM_WINDOW=unset RWM_REPORT_GENS=unset RWM_REPAIR_WAIT=unset RWM_CODED_SRC=0 RWM_NO_REACTIVE=0 RWM_XPATH_REPAIR=0 RWM_PROACTIVE_PACER=0 RWM_REASM_BDP=0 RWM_MIN_R=0 RWM_CC_PACE=0 RWM_CC_PACE_HR=1.1 RWM_REACT_CAP=unset RWM_INFL_CAP=0 RWM_INFL_BDP=unset RWM_COPA_FEED=0 RWM_RS_ATTR=1 RWM_EMIT_BATCH=0 RWM_EMIT_BURST=64 RWM_RECOV_MP=1 RWM_RECOV_MP_LAW=1 RWM_RECOV_MP_LIVE=0 RWM_RECOV_SP=0 RWM_DIAG=1 RWM_RDIAG=0 RWM_FDIAG=0 RWM_TRACE=0 RWM_PFRAC=0
{"bytes":100000000,"dnf":0,"hint":"bulk","max_s":9.1787,"mean_mbps":87.158,"mean_s":9.1787,"median_s":9.1787,"min_s":9.1787,"proto":"rp-native","runs":1,"stdev_s":0.0,"summary":true}
    LATPROBE: /tmp/rwm-ping.txt 164 replies
    CPU: CPUSRV=6.45s CPUCLI=7.16s (srv=decoder cli=sender; whole-invocation incl warmup)
    QDISC cli0: qdisc netem 83f9: root refcnt 7 limit 1000 delay 5ms  3ms loss gemodel p 1.3% r 50% 1-h 100% 1-k 0% rate 100Mbit seed 7  Sent 112823514 bytes 94113 pkt (dropped 537, overlimits 0 requeues 0)   backlog 0b 0p requeues 0 
    QDISC cli1: qdisc netem 83fa: root refcnt 7 limit 1000 delay 5ms  3ms loss gemodel p 1.3% r 50% 1-h 100% 1-k 0% rate 100Mbit seed 7  Sent 592 bytes 8 pkt (dropped 2, overlimits 0 requeues 0)   backlog 0b 0p requeues 0 
    QDISC srv0: qdisc netem 83fb: root refcnt 7 limit 1000 delay 5ms  3ms rate 100Mbit seed 9523024091996497559  Sent 11339794 bytes 65894 pkt (dropped 0, overlimits 0 requeues 0)   backlog 0b 0p requeues 0 
    QDISC srv1: qdisc netem 83fc: root refcnt 7 limit 1000 delay 5ms  3ms rate 100Mbit seed 13272338837890231656  Sent 768 bytes 10 pkt (dropped 0, overlimits 0 requeues 0)   backlog 0b 0p requeues 0 
    QCAP: /tmp/rwm-q.txt 18 lines
RUNTIME sc2-D rep=7 11s
LATRESULT {"cell": "sc2", "arm": "D", "seed": 7, "rep": 7, "dnf": false, "dnf_count": 0, "mbps": 87.158, "seconds": 9.179, "n_runs": 1, "occ_p50": 1007, "occ_p90": 1024, "occcap_p50": 1024, "q_p50": 90, "q_p95": 94, "q_p99": 103, "q_n": 33, "diag_lines": 36, "retx": 3934, "gates_cli_3t": 0, "gates_srv_3t": 0, "gates_cli_rs": 1, "gates_srv_rs": 1, "gates_lines_cli": 1, "gates_lines_srv": 1, "active_echo_cli": 0, "tt_eng1": 0, "ping_n": 164, "ping_p50": 101.0, "ping_p95": 106.0, "ping_p99": 108.0, "ping_max": 108.0, "ping_min": 7.77, "ping_tx": null, "ping_rx": null, "ping_loss": null, "wait_tun": 32, "wait_paused": 27, "wait_pace": 0, "wait_gen": 0, "wait_nack": 40, "wait_defc": 0, "wait_tail": 0, "wait_flush": 0, "wait_lines": 33, "dgq_hand": 88529, "dgq_tx": 88529, "dgq_full": 0, "dgq_err": 0, "dgq_gap": 0, "dgq_paths": 1, "tc_bytes": 112824106, "tc_pkts": 94121, "tc_drop": 539, "tc_s": 11}
LIVENESS sc2-D rep=7 cli=[RWM_THREE_TERM=0 RWM_PLAIN_RS=1] srv=[RWM_THREE_TERM=0 RWM_PLAIN_RS=1] active=0 eng1_lines=0 wait_lines=36 dgq_lines=34 ping_replies=164 (expect 3t=0 rs=1)
=== rep=7 arm=sc3-A seed=7 env="" cell=c3/c3/single bytes=25000000 14:56:53
[2m2026-08-10T14:56:56.007331Z[0m [32m INFO[0m [2mraptorpath::gates[0m[2m:[0m [GATES] RWM_UNIFIED=1 RWM_UNIFIED_SHED=1 RWM_TAPER_R=1 RWM_ASTAR_ANCHOR=1 RWM_MSTAR_ANCHOR=1 RWM_PLAIN_RS=0 RWM_STORE_SACK_RELEASE=1 RWM_STORE_PATHS=1 RWM_STORE_PATH_POOL=2048 RWM_STORE=unset RWM_STORE_GAIN=2 RWM_STORE_BOOT=128 RWM_STORE_CAPW=0 RWM_STORE_CAP_UNIFIED=0 RWM_THREE_TERM=0 RWM_STORE_PERCAP=0 RWM_PERCAP_GUARD=1 RWM_STORE_BORROW=0 RWM_HONEST_CAP=1 RWM_POOL_ANCHOR=0 RWM_POOL_DELIV=0 RWM_FLOOR_BOUND=0 RWM_ACK_MERGE=1 RWM_PATIENCE_DERIVED=0 RWM_SIDLE_DERIVED=0 RWM_WIN_DECOUPLE=0 RWM_PLACE_SLACK=0 RWM_GEN=384 RWM_PIPELINE=2 RWM_GEN_PIPE=1 RWM_GEN_R=unset RWM_GEN_RATE=9000 RWM_GEN_RATE_FLOOR=2000 RWM_GEN_INFLIGHT=unset RWM_OOO_RETAIN=0/16 RWM_WINDOW=unset RWM_REPORT_GENS=unset RWM_REPAIR_WAIT=unset RWM_CODED_SRC=0 RWM_NO_REACTIVE=0 RWM_XPATH_REPAIR=0 RWM_PROACTIVE_PACER=0 RWM_REASM_BDP=0 RWM_MIN_R=0 RWM_CC_PACE=0 RWM_CC_PACE_HR=1.1 RWM_REACT_CAP=unset RWM_INFL_CAP=0 RWM_INFL_BDP=unset RWM_COPA_FEED=0 RWM_RS_ATTR=1 RWM_EMIT_BATCH=0 RWM_EMIT_BURST=64 RWM_RECOV_MP=1 RWM_RECOV_MP_LAW=1 RWM_RECOV_MP_LIVE=0 RWM_RECOV_SP=0 RWM_DIAG=1 RWM_RDIAG=0 RWM_FDIAG=0 RWM_TRACE=0 RWM_PFRAC=0
{"bytes":25000000,"dnf":0,"hint":"bulk","max_s":11.8704,"mean_mbps":16.849,"mean_s":11.8704,"median_s":11.8704,"min_s":11.8704,"proto":"rp-native","runs":1,"stdev_s":0.0,"summary":true}
    LATPROBE: /tmp/rwm-ping.txt 224 replies
    CPU: CPUSRV=2.09s CPUCLI=2.31s (srv=decoder cli=sender; whole-invocation incl warmup)
    QDISC cli0: qdisc netem 83fd: root refcnt 7 limit 1000 delay 20ms  5ms loss gemodel p 2% r 40% 1-h 100% 1-k 0% rate 20Mbit seed 7  Sent 29562953 bytes 26713 pkt (dropped 449, overlimits 0 requeues 0)   backlog 0b 0p requeues 0 
    QDISC cli1: qdisc netem 83fe: root refcnt 7 limit 1000 delay 20ms  5ms loss gemodel p 2% r 40% 1-h 100% 1-k 0% rate 20Mbit seed 7  Sent 756 bytes 10 pkt (dropped 2, overlimits 0 requeues 0)   backlog 0b 0p requeues 0 
    QDISC srv0: qdisc netem 83ff: root refcnt 7 limit 1000 delay 20ms  5ms rate 20Mbit seed 12636823184395461200  Sent 3455113 bytes 19226 pkt (dropped 0, overlimits 0 requeues 0)   backlog 0b 0p requeues 0 
    QDISC srv1: qdisc netem 8400: root refcnt 7 limit 1000 delay 20ms  5ms rate 20Mbit seed 11724696241630592746  Sent 936 bytes 12 pkt (dropped 0, overlimits 0 requeues 0)   backlog 0b 0p requeues 0 
    QCAP: /tmp/rwm-q.txt 18 lines
RUNTIME sc3-A rep=7 15s
LATRESULT {"cell": "sc3", "arm": "A", "seed": 7, "rep": 7, "dnf": false, "dnf_count": 0, "mbps": 16.849, "seconds": 11.87, "n_runs": 1, "occ_p50": 1024, "occ_p90": 1024, "occcap_p50": 1024, "q_p50": 478, "q_p95": 565, "q_p99": 665, "q_n": 43, "diag_lines": 47, "retx": 2293, "gates_cli_3t": 0, "gates_srv_3t": 0, "gates_cli_rs": 0, "gates_srv_rs": 0, "gates_lines_cli": 1, "gates_lines_srv": 1, "active_echo_cli": 0, "tt_eng1": 0, "ping_n": 224, "ping_p50": 515.0, "ping_p95": 538.0, "ping_p99": 546.0, "ping_max": 549.0, "ping_min": 39.2, "ping_tx": null, "ping_rx": null, "ping_loss": null, "wait_tun": 7, "wait_paused": 75, "wait_pace": 0, "wait_gen": 0, "wait_nack": 16, "wait_defc": 0, "wait_tail": 1, "wait_flush": 0, "wait_lines": 44, "dgq_hand": 23736, "dgq_tx": 23736, "dgq_full": 0, "dgq_err": 0, "dgq_gap": 0, "dgq_paths": 1, "tc_bytes": 29563709, "tc_pkts": 26723, "tc_drop": 451, "tc_s": 15}
LIVENESS sc3-A rep=7 cli=[RWM_THREE_TERM=0 RWM_PLAIN_RS=0] srv=[RWM_THREE_TERM=0 RWM_PLAIN_RS=0] active=0 eng1_lines=0 wait_lines=47 dgq_lines=43 ping_replies=224 (expect 3t=0 rs=0)
=== rep=7 arm=sc3-B seed=7 env="RWM_THREE_TERM=1 RWM_PLAIN_RS=1" cell=c3/c3/single bytes=25000000 14:57:08
[2m2026-08-10T14:57:10.269695Z[0m [32m INFO[0m [2mraptorpath::gates[0m[2m:[0m [GATES] RWM_UNIFIED=1 RWM_UNIFIED_SHED=1 RWM_TAPER_R=1 RWM_ASTAR_ANCHOR=1 RWM_MSTAR_ANCHOR=1 RWM_PLAIN_RS=1 RWM_STORE_SACK_RELEASE=1 RWM_STORE_PATHS=1 RWM_STORE_PATH_POOL=2048 RWM_STORE=unset RWM_STORE_GAIN=2 RWM_STORE_BOOT=128 RWM_STORE_CAPW=0 RWM_STORE_CAP_UNIFIED=0 RWM_THREE_TERM=1 RWM_STORE_PERCAP=0 RWM_PERCAP_GUARD=1 RWM_STORE_BORROW=0 RWM_HONEST_CAP=1 RWM_POOL_ANCHOR=0 RWM_POOL_DELIV=0 RWM_FLOOR_BOUND=0 RWM_ACK_MERGE=1 RWM_PATIENCE_DERIVED=0 RWM_SIDLE_DERIVED=0 RWM_WIN_DECOUPLE=0 RWM_PLACE_SLACK=0 RWM_GEN=384 RWM_PIPELINE=2 RWM_GEN_PIPE=1 RWM_GEN_R=unset RWM_GEN_RATE=9000 RWM_GEN_RATE_FLOOR=2000 RWM_GEN_INFLIGHT=unset RWM_OOO_RETAIN=0/16 RWM_WINDOW=unset RWM_REPORT_GENS=unset RWM_REPAIR_WAIT=unset RWM_CODED_SRC=0 RWM_NO_REACTIVE=0 RWM_XPATH_REPAIR=0 RWM_PROACTIVE_PACER=0 RWM_REASM_BDP=0 RWM_MIN_R=0 RWM_CC_PACE=0 RWM_CC_PACE_HR=1.1 RWM_REACT_CAP=unset RWM_INFL_CAP=0 RWM_INFL_BDP=unset RWM_COPA_FEED=0 RWM_RS_ATTR=1 RWM_EMIT_BATCH=0 RWM_EMIT_BURST=64 RWM_RECOV_MP=1 RWM_RECOV_MP_LAW=1 RWM_RECOV_MP_LIVE=0 RWM_RECOV_SP=0 RWM_DIAG=1 RWM_RDIAG=0 RWM_FDIAG=0 RWM_TRACE=0 RWM_PFRAC=0
{"bytes":25000000,"dnf":0,"hint":"bulk","max_s":12.5032,"mean_mbps":15.996,"mean_s":12.5032,"median_s":12.5032,"min_s":12.5032,"proto":"rp-native","runs":1,"stdev_s":0.0,"summary":true}
    LATPROBE: /tmp/rwm-ping.txt 239 replies
    CPU: CPUSRV=2.03s CPUCLI=2.29s (srv=decoder cli=sender; whole-invocation incl warmup)
    QDISC cli0: qdisc netem 8401: root refcnt 7 limit 1000 delay 20ms  5ms loss gemodel p 2% r 40% 1-h 100% 1-k 0% rate 20Mbit seed 7  Sent 31175593 bytes 29288 pkt (dropped 468, overlimits 0 requeues 0)   backlog 0b 0p requeues 0 
    QDISC cli1: qdisc netem 8402: root refcnt 7 limit 1000 delay 20ms  5ms loss gemodel p 2% r 40% 1-h 100% 1-k 0% rate 20Mbit seed 7  Sent 572 bytes 8 pkt (dropped 2, overlimits 0 requeues 0)   backlog 0b 0p requeues 0 
    QDISC srv0: qdisc netem 8403: root refcnt 7 limit 1000 delay 20ms  5ms rate 20Mbit seed 4725206011386259769  Sent 3390272 bytes 19061 pkt (dropped 0, overlimits 0 requeues 0)   backlog 214b 3p requeues 0 
    QDISC srv1: qdisc netem 8404: root refcnt 7 limit 1000 delay 20ms  5ms rate 20Mbit seed 12861530313047301110  Sent 768 bytes 10 pkt (dropped 0, overlimits 0 requeues 0)   backlog 70b 1p requeues 0 
    QCAP: /tmp/rwm-q.txt 18 lines
RUNTIME sc3-B rep=7 15s
LATRESULT {"cell": "sc3", "arm": "B", "seed": 7, "rep": 7, "dnf": false, "dnf_count": 0, "mbps": 15.996, "seconds": 12.503, "n_runs": 1, "occ_p50": 343, "occ_p90": 1075, "occcap_p50": 346, "q_p50": 128, "q_p95": 798, "q_p99": 952, "q_n": 42, "diag_lines": 49, "retx": 3550, "gates_cli_3t": 1, "gates_srv_3t": 1, "gates_cli_rs": 1, "gates_srv_rs": 1, "gates_lines_cli": 1, "gates_lines_srv": 1, "active_echo_cli": 1, "tt_eng1": 6, "ping_n": 239, "ping_p50": 175.0, "ping_p95": 970.0, "ping_p99": 1096.0, "ping_max": 1102.0, "ping_min": 39.3, "ping_tx": null, "ping_rx": null, "ping_loss": null, "wait_tun": 5, "wait_paused": 78, "wait_pace": 0, "wait_gen": 0, "wait_nack": 14, "wait_defc": 0, "wait_tail": 1, "wait_flush": 0, "wait_lines": 46, "dgq_hand": 25058, "dgq_tx": 25058, "dgq_full": 0, "dgq_err": 0, "dgq_gap": 0, "dgq_paths": 1, "tc_bytes": 31176165, "tc_pkts": 29296, "tc_drop": 470, "tc_s": 15}
LIVENESS sc3-B rep=7 cli=[RWM_THREE_TERM=1 RWM_PLAIN_RS=1] srv=[RWM_THREE_TERM=1 RWM_PLAIN_RS=1] active=1 eng1_lines=6 wait_lines=49 dgq_lines=43 ping_replies=239 (expect 3t=1 rs=1)
=== rep=7 arm=sc3-D seed=7 env="RWM_PLAIN_RS=1" cell=c3/c3/single bytes=25000000 14:57:23
RUNTIME sc3-D rep=7 3s
LATRESULT {"cell": "sc3", "arm": "D", "seed": 7, "rep": 7, "dnf": true, "dnf_count": null, "mbps": null, "seconds": null, "n_runs": 0, "occ_p50": null, "occ_p90": null, "occcap_p50": null, "q_p50": null, "q_p95": null, "q_p99": null, "q_n": 0, "diag_lines": 0, "retx": 0, "gates_cli_3t": null, "gates_srv_3t": null, "gates_cli_rs": null, "gates_srv_rs": null, "gates_lines_cli": 0, "gates_lines_srv": 0, "active_echo_cli": 0, "tt_eng1": 0, "ping_n": 239, "ping_p50": 175.0, "ping_p95": 970.0, "ping_p99": 1096.0, "ping_max": 1102.0, "ping_min": 39.3, "ping_tx": null, "ping_rx": null, "ping_loss": null, "wait_tun": null, "wait_paused": null, "wait_pace": null, "wait_gen": null, "wait_nack": null, "wait_defc": null, "wait_tail": null, "wait_flush": null, "wait_lines": 0, "dgq_hand": null, "dgq_tx": null, "dgq_full": null, "dgq_err": null, "dgq_gap": null, "dgq_paths": null, "tc_bytes": null, "tc_pkts": null, "tc_drop": null, "tc_s": null}
LIVENESS sc3-D rep=7 cli=[ ] srv=[ ] active= eng1_lines=0 wait_lines= dgq_lines= ping_replies=239 (expect 3t=0 rs=1)
ARM-LIVENESS-FAIL-GATE-CLI sc3-D rep=7 got=''
ARM-LIVENESS-FAIL-GATE-SRV sc3-D rep=7 got=''
ARM-LIVENESS-FAIL-RS-CLI sc3-D rep=7 got=''
ARM-LIVENESS-FAIL-RS-SRV sc3-D rep=7 got=''
QCAP-MISSING sc3-D rep=7
=== rep=7 arm=c2r100-A seed=7 env="" cell=c2r100/c2r100/single bytes=100000000 14:57:26
[2m2026-08-10T14:57:28.216736Z[0m [32m INFO[0m [2mraptorpath::gates[0m[2m:[0m [GATES] RWM_UNIFIED=1 RWM_UNIFIED_SHED=1 RWM_TAPER_R=1 RWM_ASTAR_ANCHOR=1 RWM_MSTAR_ANCHOR=1 RWM_PLAIN_RS=0 RWM_STORE_SACK_RELEASE=1 RWM_STORE_PATHS=1 RWM_STORE_PATH_POOL=2048 RWM_STORE=unset RWM_STORE_GAIN=2 RWM_STORE_BOOT=128 RWM_STORE_CAPW=0 RWM_STORE_CAP_UNIFIED=0 RWM_THREE_TERM=0 RWM_STORE_PERCAP=0 RWM_PERCAP_GUARD=1 RWM_STORE_BORROW=0 RWM_HONEST_CAP=1 RWM_POOL_ANCHOR=0 RWM_POOL_DELIV=0 RWM_FLOOR_BOUND=0 RWM_ACK_MERGE=1 RWM_PATIENCE_DERIVED=0 RWM_SIDLE_DERIVED=0 RWM_WIN_DECOUPLE=0 RWM_PLACE_SLACK=0 RWM_GEN=384 RWM_PIPELINE=2 RWM_GEN_PIPE=1 RWM_GEN_R=unset RWM_GEN_RATE=9000 RWM_GEN_RATE_FLOOR=2000 RWM_GEN_INFLIGHT=unset RWM_OOO_RETAIN=0/16 RWM_WINDOW=unset RWM_REPORT_GENS=unset RWM_REPAIR_WAIT=unset RWM_CODED_SRC=0 RWM_NO_REACTIVE=0 RWM_XPATH_REPAIR=0 RWM_PROACTIVE_PACER=0 RWM_REASM_BDP=0 RWM_MIN_R=0 RWM_CC_PACE=0 RWM_CC_PACE_HR=1.1 RWM_REACT_CAP=unset RWM_INFL_CAP=0 RWM_INFL_BDP=unset RWM_COPA_FEED=0 RWM_RS_ATTR=1 RWM_EMIT_BATCH=0 RWM_EMIT_BURST=64 RWM_RECOV_MP=1 RWM_RECOV_MP_LAW=1 RWM_RECOV_MP_LIVE=0 RWM_RECOV_SP=0 RWM_DIAG=1 RWM_RDIAG=0 RWM_FDIAG=0 RWM_TRACE=0 RWM_PFRAC=0
{"bytes":100000000,"dnf":0,"hint":"bulk","max_s":9.6031,"mean_mbps":83.306,"mean_s":9.6031,"median_s":9.6031,"min_s":9.6031,"proto":"rp-native","runs":1,"stdev_s":0.0,"summary":true}
    LATPROBE: /tmp/rwm-ping.txt 188 replies
    CPU: CPUSRV=6.22s CPUCLI=6.40s (srv=decoder cli=sender; whole-invocation incl warmup)
    QDISC cli0: qdisc netem 8409: root refcnt 7 limit 1000 delay 50ms loss gemodel p 1.3% r 50% 1-h 100% 1-k 0% rate 100Mbit seed 7  Sent 112079322 bytes 101011 pkt (dropped 723, overlimits 0 requeues 0)   backlog 0b 0p requeues 0 
    QDISC cli1: qdisc netem 840a: root refcnt 7 limit 1000 delay 50ms loss gemodel p 1.3% r 50% 1-h 100% 1-k 0% rate 100Mbit seed 7  Sent 776 bytes 10 pkt (dropped 0, overlimits 0 requeues 0)   backlog 0b 0p requeues 0 
    QDISC srv0: qdisc netem 840b: root refcnt 7 limit 1000 delay 50ms rate 100Mbit seed 12771606126119290113  Sent 11021281 bytes 62461 pkt (dropped 0, overlimits 0 requeues 0)   backlog 3393b 5p requeues 0 
    QDISC srv1: qdisc netem 840c: root refcnt 7 limit 1000 delay 50ms rate 100Mbit seed 8552013764989326841  Sent 866 bytes 11 pkt (dropped 0, overlimits 0 requeues 0)   backlog 0b 0p requeues 0 
    QCAP: /tmp/rwm-q.txt 18 lines
RUNTIME c2r100-A rep=7 12s
LATRESULT {"cell": "c2r100", "arm": "A", "seed": 7, "rep": 7, "dnf": false, "dnf_count": 0, "mbps": 83.306, "seconds": 9.603, "n_runs": 1, "occ_p50": 1007, "occ_p90": 1024, "occcap_p50": 1024, "q_p50": 5, "q_p95": 8, "q_p99": 9, "q_n": 35, "diag_lines": 38, "retx": 2756, "gates_cli_3t": 0, "gates_srv_3t": 0, "gates_cli_rs": 0, "gates_srv_rs": 0, "gates_lines_cli": 1, "gates_lines_srv": 1, "active_echo_cli": 0, "tt_eng1": 0, "ping_n": 188, "ping_p50": 104.0, "ping_p95": 108.0, "ping_p99": 110.0, "ping_max": 115.0, "ping_min": 100.0, "ping_tx": null, "ping_rx": null, "ping_loss": null, "wait_tun": 28, "wait_paused": 41, "wait_pace": 0, "wait_gen": 0, "wait_nack": 33, "wait_defc": 0, "wait_tail": 1, "wait_flush": 0, "wait_lines": 35, "dgq_hand": 87509, "dgq_tx": 87509, "dgq_full": 0, "dgq_err": 0, "dgq_gap": 0, "dgq_paths": 1, "tc_bytes": 112080098, "tc_pkts": 101021, "tc_drop": 723, "tc_s": 12}
LIVENESS c2r100-A rep=7 cli=[RWM_THREE_TERM=0 RWM_PLAIN_RS=0] srv=[RWM_THREE_TERM=0 RWM_PLAIN_RS=0] active=0 eng1_lines=0 wait_lines=38 dgq_lines=37 ping_replies=188 (expect 3t=0 rs=0)
=== rep=7 arm=c2r100-B seed=7 env="RWM_THREE_TERM=1 RWM_PLAIN_RS=1" cell=c2r100/c2r100/single bytes=100000000 14:57:38
[2m2026-08-10T14:57:40.504207Z[0m [32m INFO[0m [2mraptorpath::gates[0m[2m:[0m [GATES] RWM_UNIFIED=1 RWM_UNIFIED_SHED=1 RWM_TAPER_R=1 RWM_ASTAR_ANCHOR=1 RWM_MSTAR_ANCHOR=1 RWM_PLAIN_RS=1 RWM_STORE_SACK_RELEASE=1 RWM_STORE_PATHS=1 RWM_STORE_PATH_POOL=2048 RWM_STORE=unset RWM_STORE_GAIN=2 RWM_STORE_BOOT=128 RWM_STORE_CAPW=0 RWM_STORE_CAP_UNIFIED=0 RWM_THREE_TERM=1 RWM_STORE_PERCAP=0 RWM_PERCAP_GUARD=1 RWM_STORE_BORROW=0 RWM_HONEST_CAP=1 RWM_POOL_ANCHOR=0 RWM_POOL_DELIV=0 RWM_FLOOR_BOUND=0 RWM_ACK_MERGE=1 RWM_PATIENCE_DERIVED=0 RWM_SIDLE_DERIVED=0 RWM_WIN_DECOUPLE=0 RWM_PLACE_SLACK=0 RWM_GEN=384 RWM_PIPELINE=2 RWM_GEN_PIPE=1 RWM_GEN_R=unset RWM_GEN_RATE=9000 RWM_GEN_RATE_FLOOR=2000 RWM_GEN_INFLIGHT=unset RWM_OOO_RETAIN=0/16 RWM_WINDOW=unset RWM_REPORT_GENS=unset RWM_REPAIR_WAIT=unset RWM_CODED_SRC=0 RWM_NO_REACTIVE=0 RWM_XPATH_REPAIR=0 RWM_PROACTIVE_PACER=0 RWM_REASM_BDP=0 RWM_MIN_R=0 RWM_CC_PACE=0 RWM_CC_PACE_HR=1.1 RWM_REACT_CAP=unset RWM_INFL_CAP=0 RWM_INFL_BDP=unset RWM_COPA_FEED=0 RWM_RS_ATTR=1 RWM_EMIT_BATCH=0 RWM_EMIT_BURST=64 RWM_RECOV_MP=1 RWM_RECOV_MP_LAW=1 RWM_RECOV_MP_LIVE=0 RWM_RECOV_SP=0 RWM_DIAG=1 RWM_RDIAG=0 RWM_FDIAG=0 RWM_TRACE=0 RWM_PFRAC=0
{"bytes":100000000,"dnf":0,"hint":"bulk","max_s":10.4696,"mean_mbps":76.412,"mean_s":10.4696,"median_s":10.4696,"min_s":10.4696,"proto":"rp-native","runs":1,"stdev_s":0.0,"summary":true}
    LATPROBE: /tmp/rwm-ping.txt 202 replies
    CPU: CPUSRV=7.10s CPUCLI=11.01s (srv=decoder cli=sender; whole-invocation incl warmup)
    QDISC cli0: qdisc netem 840d: root refcnt 7 limit 1000 delay 50ms loss gemodel p 1.3% r 50% 1-h 100% 1-k 0% rate 100Mbit seed 7  Sent 115258907 bytes 98070 pkt (dropped 1449, overlimits 0 requeues 0)   backlog 392b 3p requeues 0 
    QDISC cli1: qdisc netem 840e: root refcnt 7 limit 1000 delay 50ms loss gemodel p 1.3% r 50% 1-h 100% 1-k 0% rate 100Mbit seed 7  Sent 776 bytes 10 pkt (dropped 0, overlimits 0 requeues 0)   backlog 0b 0p requeues 0 
    QDISC srv0: qdisc netem 840f: root refcnt 7 limit 1000 delay 50ms rate 100Mbit seed 13104180903604051777  Sent 13234930 bytes 69588 pkt (dropped 0, overlimits 0 requeues 0)   backlog 2669b 3p requeues 0 
    QDISC srv1: qdisc netem 8410: root refcnt 7 limit 1000 delay 50ms rate 100Mbit seed 9223951132357595916  Sent 866 bytes 11 pkt (dropped 0, overlimits 0 requeues 0)   backlog 0b 0p requeues 0 
    QCAP: /tmp/rwm-q.txt 18 lines
RUNTIME c2r100-B rep=7 13s
LATRESULT {"cell": "c2r100", "arm": "B", "seed": 7, "rep": 7, "dnf": false, "dnf_count": 0, "mbps": 76.412, "seconds": 10.47, "n_runs": 1, "occ_p50": 3000, "occ_p90": 3131, "occcap_p50": 3046, "q_p50": 216, "q_p95": 247, "q_p99": 344, "q_n": 34, "diag_lines": 41, "retx": 6153, "gates_cli_3t": 1, "gates_srv_3t": 1, "gates_cli_rs": 1, "gates_srv_rs": 1, "gates_lines_cli": 1, "gates_lines_srv": 1, "active_echo_cli": 1, "tt_eng1": 5, "ping_n": 202, "ping_p50": 306.0, "ping_p95": 337.0, "ping_p99": 341.0, "ping_max": 342.0, "ping_min": 100.0, "ping_tx": null, "ping_rx": null, "ping_loss": null, "wait_tun": 46, "wait_paused": 8, "wait_pace": 0, "wait_gen": 0, "wait_nack": 43, "wait_defc": 0, "wait_tail": 1, "wait_flush": 0, "wait_lines": 38, "dgq_hand": 91382, "dgq_tx": 91371, "dgq_full": 0, "dgq_err": 0, "dgq_gap": 11, "dgq_paths": 1, "tc_bytes": 115259796, "tc_pkts": 98081, "tc_drop": 1449, "tc_s": 13}
LIVENESS c2r100-B rep=7 cli=[RWM_THREE_TERM=1 RWM_PLAIN_RS=1] srv=[RWM_THREE_TERM=1 RWM_PLAIN_RS=1] active=1 eng1_lines=5 wait_lines=41 dgq_lines=34 ping_replies=202 (expect 3t=1 rs=1)
=== rep=7 arm=c2r100-D seed=7 env="RWM_PLAIN_RS=1" cell=c2r100/c2r100/single bytes=100000000 14:57:51
[2m2026-08-10T14:57:53.666686Z[0m [32m INFO[0m [2mraptorpath::gates[0m[2m:[0m [GATES] RWM_UNIFIED=1 RWM_UNIFIED_SHED=1 RWM_TAPER_R=1 RWM_ASTAR_ANCHOR=1 RWM_MSTAR_ANCHOR=1 RWM_PLAIN_RS=1 RWM_STORE_SACK_RELEASE=1 RWM_STORE_PATHS=1 RWM_STORE_PATH_POOL=2048 RWM_STORE=unset RWM_STORE_GAIN=2 RWM_STORE_BOOT=128 RWM_STORE_CAPW=0 RWM_STORE_CAP_UNIFIED=0 RWM_THREE_TERM=0 RWM_STORE_PERCAP=0 RWM_PERCAP_GUARD=1 RWM_STORE_BORROW=0 RWM_HONEST_CAP=1 RWM_POOL_ANCHOR=0 RWM_POOL_DELIV=0 RWM_FLOOR_BOUND=0 RWM_ACK_MERGE=1 RWM_PATIENCE_DERIVED=0 RWM_SIDLE_DERIVED=0 RWM_WIN_DECOUPLE=0 RWM_PLACE_SLACK=0 RWM_GEN=384 RWM_PIPELINE=2 RWM_GEN_PIPE=1 RWM_GEN_R=unset RWM_GEN_RATE=9000 RWM_GEN_RATE_FLOOR=2000 RWM_GEN_INFLIGHT=unset RWM_OOO_RETAIN=0/16 RWM_WINDOW=unset RWM_REPORT_GENS=unset RWM_REPAIR_WAIT=unset RWM_CODED_SRC=0 RWM_NO_REACTIVE=0 RWM_XPATH_REPAIR=0 RWM_PROACTIVE_PACER=0 RWM_REASM_BDP=0 RWM_MIN_R=0 RWM_CC_PACE=0 RWM_CC_PACE_HR=1.1 RWM_REACT_CAP=unset RWM_INFL_CAP=0 RWM_INFL_BDP=unset RWM_COPA_FEED=0 RWM_RS_ATTR=1 RWM_EMIT_BATCH=0 RWM_EMIT_BURST=64 RWM_RECOV_MP=1 RWM_RECOV_MP_LAW=1 RWM_RECOV_MP_LIVE=0 RWM_RECOV_SP=0 RWM_DIAG=1 RWM_RDIAG=0 RWM_FDIAG=0 RWM_TRACE=0 RWM_PFRAC=0
{"bytes":100000000,"dnf":0,"hint":"bulk","max_s":9.8963,"mean_mbps":80.838,"mean_s":9.8963,"median_s":9.8963,"min_s":9.8963,"proto":"rp-native","runs":1,"stdev_s":0.0,"summary":true}
    LATPROBE: /tmp/rwm-ping.txt 190 replies
    CPU: CPUSRV=6.46s CPUCLI=7.65s (srv=decoder cli=sender; whole-invocation incl warmup)
    QDISC cli0: qdisc netem 8411: root refcnt 7 limit 1000 delay 50ms loss gemodel p 1.3% r 50% 1-h 100% 1-k 0% rate 100Mbit seed 7  Sent 112762612 bytes 99969 pkt (dropped 674, overlimits 0 requeues 0)   backlog 0b 0p requeues 0 
    QDISC cli1: qdisc netem 8412: root refcnt 7 limit 1000 delay 50ms loss gemodel p 1.3% r 50% 1-h 100% 1-k 0% rate 100Mbit seed 7  Sent 776 bytes 10 pkt (dropped 0, overlimits 0 requeues 0)   backlog 0b 0p requeues 0 
    QDISC srv0: qdisc netem 8413: root refcnt 7 limit 1000 delay 50ms rate 100Mbit seed 11428618921663466269  Sent 11114691 bytes 63623 pkt (dropped 0, overlimits 0 requeues 0)   backlog 188b 2p requeues 0 
    QDISC srv1: qdisc netem 8414: root refcnt 7 limit 1000 delay 50ms rate 100Mbit seed 12037458315028391151  Sent 866 bytes 11 pkt (dropped 0, overlimits 0 requeues 0)   backlog 0b 0p requeues 0 
    QCAP: /tmp/rwm-q.txt 18 lines
RUNTIME c2r100-D rep=7 13s
LATRESULT {"cell": "c2r100", "arm": "D", "seed": 7, "rep": 7, "dnf": false, "dnf_count": 0, "mbps": 80.838, "seconds": 9.896, "n_runs": 1, "occ_p50": 1008, "occ_p90": 1024, "occcap_p50": 1024, "q_p50": 6, "q_p95": 11, "q_p99": 12, "q_n": 35, "diag_lines": 39, "retx": 3400, "gates_cli_3t": 0, "gates_srv_3t": 0, "gates_cli_rs": 1, "gates_srv_rs": 1, "gates_lines_cli": 1, "gates_lines_srv": 1, "active_echo_cli": 0, "tt_eng1": 0, "ping_n": 190, "ping_p50": 104.0, "ping_p95": 110.0, "ping_p99": 118.0, "ping_max": 129.0, "ping_min": 100.0, "ping_tx": null, "ping_rx": null, "ping_loss": null, "wait_tun": 30, "wait_paused": 25, "wait_pace": 0, "wait_gen": 0, "wait_nack": 45, "wait_defc": 0, "wait_tail": 1, "wait_flush": 0, "wait_lines": 36, "dgq_hand": 87596, "dgq_tx": 87596, "dgq_full": 0, "dgq_err": 0, "dgq_gap": 0, "dgq_paths": 1, "tc_bytes": 112763388, "tc_pkts": 99979, "tc_drop": 674, "tc_s": 13}
LIVENESS c2r100-D rep=7 cli=[RWM_THREE_TERM=0 RWM_PLAIN_RS=1] srv=[RWM_THREE_TERM=0 RWM_PLAIN_RS=1] active=0 eng1_lines=0 wait_lines=39 dgq_lines=35 ping_replies=190 (expect 3t=0 rs=1)
=== rep=7 arm=c7-A seed=7 env="" cell=c2/c2/dual bytes=200000000 14:58:04
RUNTIME c7-A rep=7 2s
LATRESULT {"cell": "c7", "arm": "A", "seed": 7, "rep": 7, "dnf": true, "dnf_count": null, "mbps": null, "seconds": null, "n_runs": 0, "occ_p50": null, "occ_p90": null, "occcap_p50": null, "q_p50": null, "q_p95": null, "q_p99": null, "q_n": 0, "diag_lines": 0, "retx": 0, "gates_cli_3t": null, "gates_srv_3t": null, "gates_cli_rs": null, "gates_srv_rs": null, "gates_lines_cli": 0, "gates_lines_srv": 0, "active_echo_cli": 0, "tt_eng1": 0, "ping_n": 190, "ping_p50": 104.0, "ping_p95": 110.0, "ping_p99": 118.0, "ping_max": 129.0, "ping_min": 100.0, "ping_tx": null, "ping_rx": null, "ping_loss": null, "wait_tun": null, "wait_paused": null, "wait_pace": null, "wait_gen": null, "wait_nack": null, "wait_defc": null, "wait_tail": null, "wait_flush": null, "wait_lines": 0, "dgq_hand": null, "dgq_tx": null, "dgq_full": null, "dgq_err": null, "dgq_gap": null, "dgq_paths": null, "tc_bytes": null, "tc_pkts": null, "tc_drop": null, "tc_s": null}
LIVENESS c7-A rep=7 cli=[ ] srv=[ ] active= eng1_lines=0 wait_lines= dgq_lines= ping_replies=190 (expect 3t=0 rs=0)
ARM-LIVENESS-FAIL-GATE-CLI c7-A rep=7 got=''
ARM-LIVENESS-FAIL-GATE-SRV c7-A rep=7 got=''
ARM-LIVENESS-FAIL-RS-CLI c7-A rep=7 got=''
ARM-LIVENESS-FAIL-RS-SRV c7-A rep=7 got=''
QCAP-MISSING c7-A rep=7
=== rep=7 arm=c7-B seed=7 env="RWM_THREE_TERM=1 RWM_PLAIN_RS=1" cell=c2/c2/dual bytes=200000000 14:58:06
RUNTIME c7-B rep=7 3s
LATRESULT {"cell": "c7", "arm": "B", "seed": 7, "rep": 7, "dnf": true, "dnf_count": null, "mbps": null, "seconds": null, "n_runs": 0, "occ_p50": null, "occ_p90": null, "occcap_p50": null, "q_p50": null, "q_p95": null, "q_p99": null, "q_n": 0, "diag_lines": 0, "retx": 0, "gates_cli_3t": null, "gates_srv_3t": null, "gates_cli_rs": null, "gates_srv_rs": null, "gates_lines_cli": 0, "gates_lines_srv": 0, "active_echo_cli": 0, "tt_eng1": 0, "ping_n": 190, "ping_p50": 104.0, "ping_p95": 110.0, "ping_p99": 118.0, "ping_max": 129.0, "ping_min": 100.0, "ping_tx": null, "ping_rx": null, "ping_loss": null, "wait_tun": null, "wait_paused": null, "wait_pace": null, "wait_gen": null, "wait_nack": null, "wait_defc": null, "wait_tail": null, "wait_flush": null, "wait_lines": 0, "dgq_hand": null, "dgq_tx": null, "dgq_full": null, "dgq_err": null, "dgq_gap": null, "dgq_paths": null, "tc_bytes": null, "tc_pkts": null, "tc_drop": null, "tc_s": null}
LIVENESS c7-B rep=7 cli=[ ] srv=[ ] active= eng1_lines=0 wait_lines= dgq_lines= ping_replies=190 (expect 3t=1 rs=1)
ARM-LIVENESS-FAIL-GATE-CLI c7-B rep=7 got=''
ARM-LIVENESS-FAIL-GATE-SRV c7-B rep=7 got=''
ARM-LIVENESS-FAIL-RS-CLI c7-B rep=7 got=''
ARM-LIVENESS-FAIL-RS-SRV c7-B rep=7 got=''
ARM-LIVENESS-FAIL-3T c7-B rep=7 (VOID: no eng=1)
QCAP-MISSING c7-B rep=7
=== rep=7 arm=c7-D seed=7 env="RWM_PLAIN_RS=1" cell=c2/c2/dual bytes=200000000 14:58:09
RUNTIME c7-D rep=7 3s
LATRESULT {"cell": "c7", "arm": "D", "seed": 7, "rep": 7, "dnf": true, "dnf_count": null, "mbps": null, "seconds": null, "n_runs": 0, "occ_p50": null, "occ_p90": null, "occcap_p50": null, "q_p50": null, "q_p95": null, "q_p99": null, "q_n": 0, "diag_lines": 0, "retx": 0, "gates_cli_3t": null, "gates_srv_3t": null, "gates_cli_rs": null, "gates_srv_rs": null, "gates_lines_cli": 0, "gates_lines_srv": 0, "active_echo_cli": 0, "tt_eng1": 0, "ping_n": 190, "ping_p50": 104.0, "ping_p95": 110.0, "ping_p99": 118.0, "ping_max": 129.0, "ping_min": 100.0, "ping_tx": null, "ping_rx": null, "ping_loss": null, "wait_tun": null, "wait_paused": null, "wait_pace": null, "wait_gen": null, "wait_nack": null, "wait_defc": null, "wait_tail": null, "wait_flush": null, "wait_lines": 0, "dgq_hand": null, "dgq_tx": null, "dgq_full": null, "dgq_err": null, "dgq_gap": null, "dgq_paths": null, "tc_bytes": null, "tc_pkts": null, "tc_drop": null, "tc_s": null}
LIVENESS c7-D rep=7 cli=[ ] srv=[ ] active= eng1_lines=0 wait_lines= dgq_lines= ping_replies=190 (expect 3t=0 rs=1)
ARM-LIVENESS-FAIL-GATE-CLI c7-D rep=7 got=''
ARM-LIVENESS-FAIL-GATE-SRV c7-D rep=7 got=''
ARM-LIVENESS-FAIL-RS-CLI c7-D rep=7 got=''
ARM-LIVENESS-FAIL-RS-SRV c7-D rep=7 got=''
QCAP-MISSING c7-D rep=7
=== rep=7 arm=c2r200-A seed=7 env="" cell=c2r200/c2r200/single bytes=50000000 14:58:12
[2m2026-08-10T14:58:14.793434Z[0m [32m INFO[0m [2mraptorpath::gates[0m[2m:[0m [GATES] RWM_UNIFIED=1 RWM_UNIFIED_SHED=1 RWM_TAPER_R=1 RWM_ASTAR_ANCHOR=1 RWM_MSTAR_ANCHOR=1 RWM_PLAIN_RS=0 RWM_STORE_SACK_RELEASE=1 RWM_STORE_PATHS=1 RWM_STORE_PATH_POOL=2048 RWM_STORE=unset RWM_STORE_GAIN=2 RWM_STORE_BOOT=128 RWM_STORE_CAPW=0 RWM_STORE_CAP_UNIFIED=0 RWM_THREE_TERM=0 RWM_STORE_PERCAP=0 RWM_PERCAP_GUARD=1 RWM_STORE_BORROW=0 RWM_HONEST_CAP=1 RWM_POOL_ANCHOR=0 RWM_POOL_DELIV=0 RWM_FLOOR_BOUND=0 RWM_ACK_MERGE=1 RWM_PATIENCE_DERIVED=0 RWM_SIDLE_DERIVED=0 RWM_WIN_DECOUPLE=0 RWM_PLACE_SLACK=0 RWM_GEN=384 RWM_PIPELINE=2 RWM_GEN_PIPE=1 RWM_GEN_R=unset RWM_GEN_RATE=9000 RWM_GEN_RATE_FLOOR=2000 RWM_GEN_INFLIGHT=unset RWM_OOO_RETAIN=0/16 RWM_WINDOW=unset RWM_REPORT_GENS=unset RWM_REPAIR_WAIT=unset RWM_CODED_SRC=0 RWM_NO_REACTIVE=0 RWM_XPATH_REPAIR=0 RWM_PROACTIVE_PACER=0 RWM_REASM_BDP=0 RWM_MIN_R=0 RWM_CC_PACE=0 RWM_CC_PACE_HR=1.1 RWM_REACT_CAP=unset RWM_INFL_CAP=0 RWM_INFL_BDP=unset RWM_COPA_FEED=0 RWM_RS_ATTR=1 RWM_EMIT_BATCH=0 RWM_EMIT_BURST=64 RWM_RECOV_MP=1 RWM_RECOV_MP_LAW=1 RWM_RECOV_MP_LIVE=0 RWM_RECOV_SP=0 RWM_DIAG=1 RWM_RDIAG=0 RWM_FDIAG=0 RWM_TRACE=0 RWM_PFRAC=0
{"bytes":50000000,"dnf":0,"hint":"bulk","max_s":9.6838,"mean_mbps":41.306,"mean_s":9.6838,"median_s":9.6838,"min_s":9.6838,"proto":"rp-native","runs":1,"stdev_s":0.0,"summary":true}
    LATPROBE: /tmp/rwm-ping.txt 186 replies
    CPU: CPUSRV=3.48s CPUCLI=3.52s (srv=decoder cli=sender; whole-invocation incl warmup)
    QDISC cli0: qdisc netem 8421: root refcnt 7 limit 1000 delay 100ms loss gemodel p 1.3% r 50% 1-h 100% 1-k 0% rate 100Mbit seed 7  Sent 55909356 bytes 49935 pkt (dropped 382, overlimits 0 requeues 0)   backlog 8440b 9p requeues 0 
    QDISC cli1: qdisc netem 8422: root refcnt 7 limit 1000 delay 100ms loss gemodel p 1.3% r 50% 1-h 100% 1-k 0% rate 100Mbit seed 7  Sent 776 bytes 10 pkt (dropped 0, overlimits 0 requeues 0)   backlog 0b 0p requeues 0 
    QDISC srv0: qdisc netem 8423: root refcnt 7 limit 1000 delay 100ms rate 100Mbit seed 1737041816138049943  Sent 5692741 bytes 32747 pkt (dropped 0, overlimits 0 requeues 0)   backlog 3834b 10p requeues 0 
    QDISC srv1: qdisc netem 8424: root refcnt 7 limit 1000 delay 100ms rate 100Mbit seed 12142143603465493956  Sent 866 bytes 11 pkt (dropped 0, overlimits 0 requeues 0)   backlog 0b 0p requeues 0 
    QCAP: /tmp/rwm-q.txt 18 lines
RUNTIME c2r200-A rep=7 13s
LATRESULT {"cell": "c2r200", "arm": "A", "seed": 7, "rep": 7, "dnf": false, "dnf_count": 0, "mbps": 41.306, "seconds": 9.684, "n_runs": 1, "occ_p50": 1024, "occ_p90": 1024, "occcap_p50": 1024, "q_p50": 3, "q_p95": 14, "q_p99": 215, "q_n": 36, "diag_lines": 39, "retx": 1190, "gates_cli_3t": 0, "gates_srv_3t": 0, "gates_cli_rs": 0, "gates_srv_rs": 0, "gates_lines_cli": 1, "gates_lines_srv": 1, "active_echo_cli": 0, "tt_eng1": 0, "ping_n": 186, "ping_p50": 200.0, "ping_p95": 202.0, "ping_p99": 203.0, "ping_max": 203.0, "ping_min": 200.0, "ping_tx": null, "ping_rx": null, "ping_loss": null, "wait_tun": 15, "wait_paused": 65, "wait_pace": 0, "wait_gen": 0, "wait_nack": 20, "wait_defc": 0, "wait_tail": 1, "wait_flush": 0, "wait_lines": 36, "dgq_hand": 43770, "dgq_tx": 43763, "dgq_full": 0, "dgq_err": 0, "dgq_gap": 7, "dgq_paths": 1, "tc_bytes": 55918450, "tc_pkts": 49957, "tc_drop": 382, "tc_s": 13}
LIVENESS c2r200-A rep=7 cli=[RWM_THREE_TERM=0 RWM_PLAIN_RS=0] srv=[RWM_THREE_TERM=0 RWM_PLAIN_RS=0] active=0 eng1_lines=0 wait_lines=39 dgq_lines=37 ping_replies=186 (expect 3t=0 rs=0)
=== rep=7 arm=c2r200-B seed=7 env="RWM_THREE_TERM=1 RWM_PLAIN_RS=1" cell=c2r200/c2r200/single bytes=50000000 14:58:25
[2m2026-08-10T14:58:27.670148Z[0m [32m INFO[0m [2mraptorpath::gates[0m[2m:[0m [GATES] RWM_UNIFIED=1 RWM_UNIFIED_SHED=1 RWM_TAPER_R=1 RWM_ASTAR_ANCHOR=1 RWM_MSTAR_ANCHOR=1 RWM_PLAIN_RS=1 RWM_STORE_SACK_RELEASE=1 RWM_STORE_PATHS=1 RWM_STORE_PATH_POOL=2048 RWM_STORE=unset RWM_STORE_GAIN=2 RWM_STORE_BOOT=128 RWM_STORE_CAPW=0 RWM_STORE_CAP_UNIFIED=0 RWM_THREE_TERM=1 RWM_STORE_PERCAP=0 RWM_PERCAP_GUARD=1 RWM_STORE_BORROW=0 RWM_HONEST_CAP=1 RWM_POOL_ANCHOR=0 RWM_POOL_DELIV=0 RWM_FLOOR_BOUND=0 RWM_ACK_MERGE=1 RWM_PATIENCE_DERIVED=0 RWM_SIDLE_DERIVED=0 RWM_WIN_DECOUPLE=0 RWM_PLACE_SLACK=0 RWM_GEN=384 RWM_PIPELINE=2 RWM_GEN_PIPE=1 RWM_GEN_R=unset RWM_GEN_RATE=9000 RWM_GEN_RATE_FLOOR=2000 RWM_GEN_INFLIGHT=unset RWM_OOO_RETAIN=0/16 RWM_WINDOW=unset RWM_REPORT_GENS=unset RWM_REPAIR_WAIT=unset RWM_CODED_SRC=0 RWM_NO_REACTIVE=0 RWM_XPATH_REPAIR=0 RWM_PROACTIVE_PACER=0 RWM_REASM_BDP=0 RWM_MIN_R=0 RWM_CC_PACE=0 RWM_CC_PACE_HR=1.1 RWM_REACT_CAP=unset RWM_INFL_CAP=0 RWM_INFL_BDP=unset RWM_COPA_FEED=0 RWM_RS_ATTR=1 RWM_EMIT_BATCH=0 RWM_EMIT_BURST=64 RWM_RECOV_MP=1 RWM_RECOV_MP_LAW=1 RWM_RECOV_MP_LIVE=0 RWM_RECOV_SP=0 RWM_DIAG=1 RWM_RDIAG=0 RWM_FDIAG=0 RWM_TRACE=0 RWM_PFRAC=0
{"bytes":50000000,"dnf":0,"hint":"bulk","max_s":9.7892,"mean_mbps":40.861,"mean_s":9.7892,"median_s":9.7892,"min_s":9.7892,"proto":"rp-native","runs":1,"stdev_s":0.0,"summary":true}
    LATPROBE: /tmp/rwm-ping.txt 189 replies
    CPU: CPUSRV=3.70s CPUCLI=9.34s (srv=decoder cli=sender; whole-invocation incl warmup)
    QDISC cli0: qdisc netem 8425: root refcnt 7 limit 1000 delay 100ms loss gemodel p 1.3% r 50% 1-h 100% 1-k 0% rate 100Mbit seed 7  Sent 59320234 bytes 50221 pkt (dropped 965, overlimits 0 requeues 0)   backlog 2488b 14p requeues 0 
    QDISC cli1: qdisc netem 8426: root refcnt 7 limit 1000 delay 100ms loss gemodel p 1.3% r 50% 1-h 100% 1-k 0% rate 100Mbit seed 7  Sent 846 bytes 11 pkt (dropped 0, overlimits 0 requeues 0)   backlog 0b 0p requeues 0 
    QDISC srv0: qdisc netem 8427: root refcnt 7 limit 1000 delay 100ms rate 100Mbit seed 9034732034766471004  Sent 7026392 bytes 35058 pkt (dropped 0, overlimits 0 requeues 0)   backlog 1172b 8p requeues 0 
    QDISC srv1: qdisc netem 8428: root refcnt 7 limit 1000 delay 100ms rate 100Mbit seed 17278679893276426321  Sent 866 bytes 11 pkt (dropped 0, overlimits 0 requeues 0)   backlog 0b 0p requeues 0 
    QCAP: /tmp/rwm-q.txt 18 lines
RUNTIME c2r200-B rep=7 13s
LATRESULT {"cell": "c2r200", "arm": "B", "seed": 7, "rep": 7, "dnf": false, "dnf_count": 0, "mbps": 40.861, "seconds": 9.789, "n_runs": 1, "occ_p50": 2372, "occ_p90": 4083, "occcap_p50": 4096, "q_p50": 216, "q_p95": 501, "q_p99": 653, "q_n": 18, "diag_lines": 35, "retx": 5006, "gates_cli_3t": 1, "gates_srv_3t": 1, "gates_cli_rs": 1, "gates_srv_rs": 1, "gates_lines_cli": 1, "gates_lines_srv": 1, "active_echo_cli": 1, "tt_eng1": 4, "ping_n": 189, "ping_p50": 200.0, "ping_p95": 449.0, "ping_p99": 465.0, "ping_max": 505.0, "ping_min": 200.0, "ping_tx": null, "ping_rx": null, "ping_loss": null, "wait_tun": 31, "wait_paused": 5, "wait_pace": 0, "wait_gen": 0, "wait_nack": 23, "wait_defc": 0, "wait_tail": 1, "wait_flush": 0, "wait_lines": 32, "dgq_hand": 47568, "dgq_tx": 47557, "dgq_full": 0, "dgq_err": 0, "dgq_gap": 11, "dgq_paths": 1, "tc_bytes": 59322978, "tc_pkts": 50245, "tc_drop": 965, "tc_s": 13}
LIVENESS c2r200-B rep=7 cli=[RWM_THREE_TERM=1 RWM_PLAIN_RS=1] srv=[RWM_THREE_TERM=1 RWM_PLAIN_RS=1] active=1 eng1_lines=4 wait_lines=35 dgq_lines=18 ping_replies=189 (expect 3t=1 rs=1)
=== rep=7 arm=c2r200-D seed=7 env="RWM_PLAIN_RS=1" cell=c2r200/c2r200/single bytes=50000000 14:58:38
[2m2026-08-10T14:58:40.622576Z[0m [32m INFO[0m [2mraptorpath::gates[0m[2m:[0m [GATES] RWM_UNIFIED=1 RWM_UNIFIED_SHED=1 RWM_TAPER_R=1 RWM_ASTAR_ANCHOR=1 RWM_MSTAR_ANCHOR=1 RWM_PLAIN_RS=1 RWM_STORE_SACK_RELEASE=1 RWM_STORE_PATHS=1 RWM_STORE_PATH_POOL=2048 RWM_STORE=unset RWM_STORE_GAIN=2 RWM_STORE_BOOT=128 RWM_STORE_CAPW=0 RWM_STORE_CAP_UNIFIED=0 RWM_THREE_TERM=0 RWM_STORE_PERCAP=0 RWM_PERCAP_GUARD=1 RWM_STORE_BORROW=0 RWM_HONEST_CAP=1 RWM_POOL_ANCHOR=0 RWM_POOL_DELIV=0 RWM_FLOOR_BOUND=0 RWM_ACK_MERGE=1 RWM_PATIENCE_DERIVED=0 RWM_SIDLE_DERIVED=0 RWM_WIN_DECOUPLE=0 RWM_PLACE_SLACK=0 RWM_GEN=384 RWM_PIPELINE=2 RWM_GEN_PIPE=1 RWM_GEN_R=unset RWM_GEN_RATE=9000 RWM_GEN_RATE_FLOOR=2000 RWM_GEN_INFLIGHT=unset RWM_OOO_RETAIN=0/16 RWM_WINDOW=unset RWM_REPORT_GENS=unset RWM_REPAIR_WAIT=unset RWM_CODED_SRC=0 RWM_NO_REACTIVE=0 RWM_XPATH_REPAIR=0 RWM_PROACTIVE_PACER=0 RWM_REASM_BDP=0 RWM_MIN_R=0 RWM_CC_PACE=0 RWM_CC_PACE_HR=1.1 RWM_REACT_CAP=unset RWM_INFL_CAP=0 RWM_INFL_BDP=unset RWM_COPA_FEED=0 RWM_RS_ATTR=1 RWM_EMIT_BATCH=0 RWM_EMIT_BURST=64 RWM_RECOV_MP=1 RWM_RECOV_MP_LAW=1 RWM_RECOV_MP_LIVE=0 RWM_RECOV_SP=0 RWM_DIAG=1 RWM_RDIAG=0 RWM_FDIAG=0 RWM_TRACE=0 RWM_PFRAC=0
{"bytes":50000000,"dnf":0,"hint":"bulk","max_s":9.9774,"mean_mbps":40.09,"mean_s":9.9774,"median_s":9.9774,"min_s":9.9774,"proto":"rp-native","runs":1,"stdev_s":0.0,"summary":true}
    LATPROBE: /tmp/rwm-ping.txt 194 replies
    CPU: CPUSRV=3.26s CPUCLI=4.06s (srv=decoder cli=sender; whole-invocation incl warmup)
    QDISC cli0: qdisc netem 8429: root refcnt 7 limit 1000 delay 100ms loss gemodel p 1.3% r 50% 1-h 100% 1-k 0% rate 100Mbit seed 7  Sent 56488116 bytes 49603 pkt (dropped 352, overlimits 0 requeues 0)   backlog 9658b 14p requeues 0 
    QDISC cli1: qdisc netem 842a: root refcnt 7 limit 1000 delay 100ms loss gemodel p 1.3% r 50% 1-h 100% 1-k 0% rate 100Mbit seed 7  Sent 846 bytes 11 pkt (dropped 0, overlimits 0 requeues 0)   backlog 0b 0p requeues 0 
    QDISC srv0: qdisc netem 842b: root refcnt 7 limit 1000 delay 100ms rate 100Mbit seed 2145605998451494541  Sent 5741301 bytes 32530 pkt (dropped 0, overlimits 0 requeues 0)   backlog 4378b 9p requeues 0 
    QDISC srv1: qdisc netem 842c: root refcnt 7 limit 1000 delay 100ms rate 100Mbit seed 15202158235771008  Sent 866 bytes 11 pkt (dropped 0, overlimits 0 requeues 0)   backlog 0b 0p requeues 0 
    QCAP: /tmp/rwm-q.txt 18 lines
RUNTIME c2r200-D rep=7 13s
LATRESULT {"cell": "c2r200", "arm": "D", "seed": 7, "rep": 7, "dnf": false, "dnf_count": 0, "mbps": 40.09, "seconds": 9.977, "n_runs": 1, "occ_p50": 1019, "occ_p90": 1024, "occcap_p50": 1024, "q_p50": 3, "q_p95": 7, "q_p99": 30, "q_n": 34, "diag_lines": 40, "retx": 1819, "gates_cli_3t": 0, "gates_srv_3t": 0, "gates_cli_rs": 1, "gates_srv_rs": 1, "gates_lines_cli": 1, "gates_lines_srv": 1, "active_echo_cli": 0, "tt_eng1": 0, "ping_n": 194, "ping_p50": 200.0, "ping_p95": 202.0, "ping_p99": 203.0, "ping_max": 203.0, "ping_min": 200.0, "ping_tx": null, "ping_rx": null, "ping_loss": null, "wait_tun": 16, "wait_paused": 55, "wait_pace": 0, "wait_gen": 0, "wait_nack": 27, "wait_defc": 0, "wait_tail": 1, "wait_flush": 0, "wait_lines": 37, "dgq_hand": 44447, "dgq_tx": 44447, "dgq_full": 0, "dgq_err": 0, "dgq_gap": 0, "dgq_paths": 1, "tc_bytes": 56497450, "tc_pkts": 49627, "tc_drop": 352, "tc_s": 13}
LIVENESS c2r200-D rep=7 cli=[RWM_THREE_TERM=0 RWM_PLAIN_RS=1] srv=[RWM_THREE_TERM=0 RWM_PLAIN_RS=1] active=0 eng1_lines=0 wait_lines=40 dgq_lines=34 ping_replies=194 (expect 3t=0 rs=1)
=== rep=7 arm=c1-A seed=7 env="" cell=c1/c1/single bytes=400000000 14:58:51
[2m2026-08-10T14:58:53.401290Z[0m [32m INFO[0m [2mraptorpath::gates[0m[2m:[0m [GATES] RWM_UNIFIED=1 RWM_UNIFIED_SHED=1 RWM_TAPER_R=1 RWM_ASTAR_ANCHOR=1 RWM_MSTAR_ANCHOR=1 RWM_PLAIN_RS=0 RWM_STORE_SACK_RELEASE=1 RWM_STORE_PATHS=1 RWM_STORE_PATH_POOL=2048 RWM_STORE=unset RWM_STORE_GAIN=2 RWM_STORE_BOOT=128 RWM_STORE_CAPW=0 RWM_STORE_CAP_UNIFIED=0 RWM_THREE_TERM=0 RWM_STORE_PERCAP=0 RWM_PERCAP_GUARD=1 RWM_STORE_BORROW=0 RWM_HONEST_CAP=1 RWM_POOL_ANCHOR=0 RWM_POOL_DELIV=0 RWM_FLOOR_BOUND=0 RWM_ACK_MERGE=1 RWM_PATIENCE_DERIVED=0 RWM_SIDLE_DERIVED=0 RWM_WIN_DECOUPLE=0 RWM_PLACE_SLACK=0 RWM_GEN=384 RWM_PIPELINE=2 RWM_GEN_PIPE=1 RWM_GEN_R=unset RWM_GEN_RATE=9000 RWM_GEN_RATE_FLOOR=2000 RWM_GEN_INFLIGHT=unset RWM_OOO_RETAIN=0/16 RWM_WINDOW=unset RWM_REPORT_GENS=unset RWM_REPAIR_WAIT=unset RWM_CODED_SRC=0 RWM_NO_REACTIVE=0 RWM_XPATH_REPAIR=0 RWM_PROACTIVE_PACER=0 RWM_REASM_BDP=0 RWM_MIN_R=0 RWM_CC_PACE=0 RWM_CC_PACE_HR=1.1 RWM_REACT_CAP=unset RWM_INFL_CAP=0 RWM_INFL_BDP=unset RWM_COPA_FEED=0 RWM_RS_ATTR=1 RWM_EMIT_BATCH=0 RWM_EMIT_BURST=64 RWM_RECOV_MP=1 RWM_RECOV_MP_LAW=1 RWM_RECOV_MP_LIVE=0 RWM_RECOV_SP=0 RWM_DIAG=1 RWM_RDIAG=0 RWM_FDIAG=0 RWM_TRACE=0 RWM_PFRAC=0
{"bytes":400000000,"dnf":0,"hint":"bulk","max_s":14.1192,"mean_mbps":226.642,"mean_s":14.1192,"median_s":14.1192,"min_s":14.1192,"proto":"rp-native","runs":1,"stdev_s":0.0,"summary":true}
    LATPROBE: /tmp/rwm-ping.txt 282 replies
    CPU: CPUSRV=15.29s CPUCLI=15.55s (srv=decoder cli=sender; whole-invocation incl warmup)
    QDISC cli0: qdisc netem 842d: root refcnt 7 limit 1000 delay 1ms loss gemodel p 0.05% r 50% 1-h 100% 1-k 0% rate 1Gbit seed 7  Sent 438152103 bytes 346443 pkt (dropped 56, overlimits 0 requeues 0)   backlog 0b 0p requeues 0 
    QDISC cli1: qdisc netem 842e: root refcnt 7 limit 1000 delay 1ms loss gemodel p 0.05% r 50% 1-h 100% 1-k 0% rate 1Gbit seed 7  Sent 846 bytes 11 pkt (dropped 0, overlimits 0 requeues 0)   backlog 0b 0p requeues 0 
    QDISC srv0: qdisc netem 842f: root refcnt 7 limit 1000 delay 1ms rate 1Gbit seed 12595828779863878687  Sent 31655560 bytes 86832 pkt (dropped 0, overlimits 0 requeues 0)   backlog 0b 0p requeues 0 
    QDISC srv1: qdisc netem 8430: root refcnt 7 limit 1000 delay 1ms rate 1Gbit seed 15957991593375246617  Sent 936 bytes 12 pkt (dropped 0, overlimits 0 requeues 0)   backlog 0b 0p requeues 0 
    QCAP: /tmp/rwm-q.txt 18 lines
RUNTIME c1-A rep=7 16s
LATRESULT {"cell": "c1", "arm": "A", "seed": 7, "rep": 7, "dnf": false, "dnf_count": 0, "mbps": 226.642, "seconds": 14.119, "n_runs": 1, "occ_p50": 228, "occ_p90": 458, "occcap_p50": 559, "q_p50": 7, "q_p95": 14, "q_p99": 16, "q_n": 38, "diag_lines": 56, "retx": 691, "gates_cli_3t": 0, "gates_srv_3t": 0, "gates_cli_rs": 0, "gates_srv_rs": 0, "gates_lines_cli": 1, "gates_lines_srv": 1, "active_echo_cli": 0, "tt_eng1": 0, "ping_n": 282, "ping_p50": 2.06, "ping_p95": 2.57, "ping_p99": 2.76, "ping_max": 3.08, "ping_min": 2.03, "ping_tx": null, "ping_rx": null, "ping_loss": null, "wait_tun": 70, "wait_paused": 30, "wait_pace": 0, "wait_gen": 0, "wait_nack": 0, "wait_defc": 0, "wait_tail": 0, "wait_flush": 0, "wait_lines": 53, "dgq_hand": 331870, "dgq_tx": 331829, "dgq_full": 0, "dgq_err": 0, "dgq_gap": 41, "dgq_paths": 1, "tc_bytes": 438153049, "tc_pkts": 346455, "tc_drop": 56, "tc_s": 16}
LIVENESS c1-A rep=7 cli=[RWM_THREE_TERM=0 RWM_PLAIN_RS=0] srv=[RWM_THREE_TERM=0 RWM_PLAIN_RS=0] active=0 eng1_lines=0 wait_lines=56 dgq_lines=41 ping_replies=282 (expect 3t=0 rs=0)
=== rep=7 arm=c1-B seed=7 env="RWM_THREE_TERM=1 RWM_PLAIN_RS=1" cell=c1/c1/single bytes=400000000 14:59:07
[2m2026-08-10T14:59:09.426804Z[0m [32m INFO[0m [2mraptorpath::gates[0m[2m:[0m [GATES] RWM_UNIFIED=1 RWM_UNIFIED_SHED=1 RWM_TAPER_R=1 RWM_ASTAR_ANCHOR=1 RWM_MSTAR_ANCHOR=1 RWM_PLAIN_RS=1 RWM_STORE_SACK_RELEASE=1 RWM_STORE_PATHS=1 RWM_STORE_PATH_POOL=2048 RWM_STORE=unset RWM_STORE_GAIN=2 RWM_STORE_BOOT=128 RWM_STORE_CAPW=0 RWM_STORE_CAP_UNIFIED=0 RWM_THREE_TERM=1 RWM_STORE_PERCAP=0 RWM_PERCAP_GUARD=1 RWM_STORE_BORROW=0 RWM_HONEST_CAP=1 RWM_POOL_ANCHOR=0 RWM_POOL_DELIV=0 RWM_FLOOR_BOUND=0 RWM_ACK_MERGE=1 RWM_PATIENCE_DERIVED=0 RWM_SIDLE_DERIVED=0 RWM_WIN_DECOUPLE=0 RWM_PLACE_SLACK=0 RWM_GEN=384 RWM_PIPELINE=2 RWM_GEN_PIPE=1 RWM_GEN_R=unset RWM_GEN_RATE=9000 RWM_GEN_RATE_FLOOR=2000 RWM_GEN_INFLIGHT=unset RWM_OOO_RETAIN=0/16 RWM_WINDOW=unset RWM_REPORT_GENS=unset RWM_REPAIR_WAIT=unset RWM_CODED_SRC=0 RWM_NO_REACTIVE=0 RWM_XPATH_REPAIR=0 RWM_PROACTIVE_PACER=0 RWM_REASM_BDP=0 RWM_MIN_R=0 RWM_CC_PACE=0 RWM_CC_PACE_HR=1.1 RWM_REACT_CAP=unset RWM_INFL_CAP=0 RWM_INFL_BDP=unset RWM_COPA_FEED=0 RWM_RS_ATTR=1 RWM_EMIT_BATCH=0 RWM_EMIT_BURST=64 RWM_RECOV_MP=1 RWM_RECOV_MP_LAW=1 RWM_RECOV_MP_LIVE=0 RWM_RECOV_SP=0 RWM_DIAG=1 RWM_RDIAG=0 RWM_FDIAG=0 RWM_TRACE=0 RWM_PFRAC=0
{"bytes":400000000,"dnf":0,"hint":"bulk","max_s":21.357,"mean_mbps":149.834,"mean_s":21.357,"median_s":21.357,"min_s":21.357,"proto":"rp-native","runs":1,"stdev_s":0.0,"summary":true}
    LATPROBE: /tmp/rwm-ping.txt 426 replies
    CPU: CPUSRV=20.34s CPUCLI=27.64s (srv=decoder cli=sender; whole-invocation incl warmup)
    QDISC cli0: qdisc netem 8431: root refcnt 7 limit 1000 delay 1ms loss gemodel p 0.05% r 50% 1-h 100% 1-k 0% rate 1Gbit seed 7  Sent 438859154 bytes 349801 pkt (dropped 57, overlimits 0 requeues 0)   backlog 0b 0p requeues 0 
    QDISC cli1: qdisc netem 8432: root refcnt 7 limit 1000 delay 1ms loss gemodel p 0.05% r 50% 1-h 100% 1-k 0% rate 1Gbit seed 7  Sent 846 bytes 11 pkt (dropped 0, overlimits 0 requeues 0)   backlog 0b 0p requeues 0 
    QDISC srv0: qdisc netem 8433: root refcnt 7 limit 1000 delay 1ms rate 1Gbit seed 16030813594355634921  Sent 36960851 bytes 154518 pkt (dropped 0, overlimits 0 requeues 0)   backlog 0b 0p requeues 0 
    QDISC srv1: qdisc netem 8434: root refcnt 7 limit 1000 delay 1ms rate 1Gbit seed 747817016878782988  Sent 936 bytes 12 pkt (dropped 0, overlimits 0 requeues 0)   backlog 0b 0p requeues 0 
    QCAP: /tmp/rwm-q.txt 18 lines
RUNTIME c1-B rep=7 23s
LATRESULT {"cell": "c1", "arm": "B", "seed": 7, "rep": 7, "dnf": false, "dnf_count": 0, "mbps": 149.834, "seconds": 21.357, "n_runs": 1, "occ_p50": 185, "occ_p90": 310, "occcap_p50": 480, "q_p50": 7, "q_p95": 13, "q_p99": 16, "q_n": 61, "diag_lines": 85, "retx": 1258, "gates_cli_3t": 1, "gates_srv_3t": 1, "gates_cli_rs": 1, "gates_srv_rs": 1, "gates_lines_cli": 1, "gates_lines_srv": 1, "active_echo_cli": 1, "tt_eng1": 10, "ping_n": 426, "ping_p50": 2.06, "ping_p95": 2.47, "ping_p99": 2.77, "ping_max": 2.9, "ping_min": 2.03, "ping_tx": null, "ping_rx": null, "ping_loss": null, "wait_tun": 98, "wait_paused": 1, "wait_pace": 0, "wait_gen": 0, "wait_nack": 0, "wait_defc": 0, "wait_tail": 0, "wait_flush": 0, "wait_lines": 82, "dgq_hand": 340677, "dgq_tx": 340676, "dgq_full": 0, "dgq_err": 0, "dgq_gap": 1, "dgq_paths": 1, "tc_bytes": 438860200, "tc_pkts": 349814, "tc_drop": 57, "tc_s": 23}
LIVENESS c1-B rep=7 cli=[RWM_THREE_TERM=1 RWM_PLAIN_RS=1] srv=[RWM_THREE_TERM=1 RWM_PLAIN_RS=1] active=1 eng1_lines=10 wait_lines=85 dgq_lines=61 ping_replies=426 (expect 3t=1 rs=1)
=== rep=7 arm=c1-D seed=7 env="RWM_PLAIN_RS=1" cell=c1/c1/single bytes=400000000 14:59:31
[2m2026-08-10T14:59:32.638177Z[0m [32m INFO[0m [2mraptorpath::gates[0m[2m:[0m [GATES] RWM_UNIFIED=1 RWM_UNIFIED_SHED=1 RWM_TAPER_R=1 RWM_ASTAR_ANCHOR=1 RWM_MSTAR_ANCHOR=1 RWM_PLAIN_RS=1 RWM_STORE_SACK_RELEASE=1 RWM_STORE_PATHS=1 RWM_STORE_PATH_POOL=2048 RWM_STORE=unset RWM_STORE_GAIN=2 RWM_STORE_BOOT=128 RWM_STORE_CAPW=0 RWM_STORE_CAP_UNIFIED=0 RWM_THREE_TERM=0 RWM_STORE_PERCAP=0 RWM_PERCAP_GUARD=1 RWM_STORE_BORROW=0 RWM_HONEST_CAP=1 RWM_POOL_ANCHOR=0 RWM_POOL_DELIV=0 RWM_FLOOR_BOUND=0 RWM_ACK_MERGE=1 RWM_PATIENCE_DERIVED=0 RWM_SIDLE_DERIVED=0 RWM_WIN_DECOUPLE=0 RWM_PLACE_SLACK=0 RWM_GEN=384 RWM_PIPELINE=2 RWM_GEN_PIPE=1 RWM_GEN_R=unset RWM_GEN_RATE=9000 RWM_GEN_RATE_FLOOR=2000 RWM_GEN_INFLIGHT=unset RWM_OOO_RETAIN=0/16 RWM_WINDOW=unset RWM_REPORT_GENS=unset RWM_REPAIR_WAIT=unset RWM_CODED_SRC=0 RWM_NO_REACTIVE=0 RWM_XPATH_REPAIR=0 RWM_PROACTIVE_PACER=0 RWM_REASM_BDP=0 RWM_MIN_R=0 RWM_CC_PACE=0 RWM_CC_PACE_HR=1.1 RWM_REACT_CAP=unset RWM_INFL_CAP=0 RWM_INFL_BDP=unset RWM_COPA_FEED=0 RWM_RS_ATTR=1 RWM_EMIT_BATCH=0 RWM_EMIT_BURST=64 RWM_RECOV_MP=1 RWM_RECOV_MP_LAW=1 RWM_RECOV_MP_LIVE=0 RWM_RECOV_SP=0 RWM_DIAG=1 RWM_RDIAG=0 RWM_FDIAG=0 RWM_TRACE=0 RWM_PFRAC=0
{"bytes":400000000,"dnf":0,"hint":"bulk","max_s":21.9981,"mean_mbps":145.467,"mean_s":21.9981,"median_s":21.9981,"min_s":21.9981,"proto":"rp-native","runs":1,"stdev_s":0.0,"summary":true}
    LATPROBE: /tmp/rwm-ping.txt 438 replies
    CPU: CPUSRV=17.47s CPUCLI=24.85s (srv=decoder cli=sender; whole-invocation incl warmup)
    QDISC cli0: qdisc netem 8435: root refcnt 7 limit 1000 delay 1ms loss gemodel p 0.05% r 50% 1-h 100% 1-k 0% rate 1Gbit seed 7  Sent 439806404 bytes 363655 pkt (dropped 62, overlimits 0 requeues 0)   backlog 0b 0p requeues 0 
    QDISC cli1: qdisc netem 8436: root refcnt 7 limit 1000 delay 1ms loss gemodel p 0.05% r 50% 1-h 100% 1-k 0% rate 1Gbit seed 7  Sent 846 bytes 11 pkt (dropped 0, overlimits 0 requeues 0)   backlog 0b 0p requeues 0 
    QDISC srv0: qdisc netem 8437: root refcnt 7 limit 1000 delay 1ms rate 1Gbit seed 15867568688882388686  Sent 34195218 bytes 111696 pkt (dropped 0, overlimits 0 requeues 0)   backlog 0b 0p requeues 0 
    QDISC srv1: qdisc netem 8438: root refcnt 7 limit 1000 delay 1ms rate 1Gbit seed 8730092582161296867  Sent 936 bytes 12 pkt (dropped 0, overlimits 0 requeues 0)   backlog 0b 0p requeues 0 
    QCAP: /tmp/rwm-q.txt 18 lines
RUNTIME c1-D rep=7 23s
LATRESULT {"cell": "c1", "arm": "D", "seed": 7, "rep": 7, "dnf": false, "dnf_count": 0, "mbps": 145.467, "seconds": 21.998, "n_runs": 1, "occ_p50": 172, "occ_p90": 293, "occcap_p50": 1024, "q_p50": 10, "q_p95": 15, "q_p99": 19, "q_n": 51, "diag_lines": 87, "retx": 886, "gates_cli_3t": 0, "gates_srv_3t": 0, "gates_cli_rs": 1, "gates_srv_rs": 1, "gates_lines_cli": 1, "gates_lines_srv": 1, "active_echo_cli": 0, "tt_eng1": 0, "ping_n": 438, "ping_p50": 2.06, "ping_p95": 2.42, "ping_p99": 2.91, "ping_max": 3.3, "ping_min": 2.03, "ping_tx": null, "ping_rx": null, "ping_loss": null, "wait_tun": 59, "wait_paused": 40, "wait_pace": 0, "wait_gen": 0, "wait_nack": 0, "wait_defc": 0, "wait_tail": 0, "wait_flush": 0, "wait_lines": 84, "dgq_hand": 340343, "dgq_tx": 340329, "dgq_full": 0, "dgq_err": 0, "dgq_gap": 14, "dgq_paths": 1, "tc_bytes": 439807250, "tc_pkts": 363666, "tc_drop": 62, "tc_s": 23}
LIVENESS c1-D rep=7 cli=[RWM_THREE_TERM=0 RWM_PLAIN_RS=1] srv=[RWM_THREE_TERM=0 RWM_PLAIN_RS=1] active=0 eng1_lines=0 wait_lines=87 dgq_lines=52 ping_replies=438 (expect 3t=0 rs=1)
=== rep=8 arm=sc2-A seed=7 env="" cell=c2/c2/single bytes=100000000 14:59:54
[2m2026-08-10T14:59:58.710408Z[0m [32m INFO[0m [2mraptorpath::gates[0m[2m:[0m [GATES] RWM_UNIFIED=1 RWM_UNIFIED_SHED=1 RWM_TAPER_R=1 RWM_ASTAR_ANCHOR=1 RWM_MSTAR_ANCHOR=1 RWM_PLAIN_RS=0 RWM_STORE_SACK_RELEASE=1 RWM_STORE_PATHS=1 RWM_STORE_PATH_POOL=2048 RWM_STORE=unset RWM_STORE_GAIN=2 RWM_STORE_BOOT=128 RWM_STORE_CAPW=0 RWM_STORE_CAP_UNIFIED=0 RWM_THREE_TERM=0 RWM_STORE_PERCAP=0 RWM_PERCAP_GUARD=1 RWM_STORE_BORROW=0 RWM_HONEST_CAP=1 RWM_POOL_ANCHOR=0 RWM_POOL_DELIV=0 RWM_FLOOR_BOUND=0 RWM_ACK_MERGE=1 RWM_PATIENCE_DERIVED=0 RWM_SIDLE_DERIVED=0 RWM_WIN_DECOUPLE=0 RWM_PLACE_SLACK=0 RWM_GEN=384 RWM_PIPELINE=2 RWM_GEN_PIPE=1 RWM_GEN_R=unset RWM_GEN_RATE=9000 RWM_GEN_RATE_FLOOR=2000 RWM_GEN_INFLIGHT=unset RWM_OOO_RETAIN=0/16 RWM_WINDOW=unset RWM_REPORT_GENS=unset RWM_REPAIR_WAIT=unset RWM_CODED_SRC=0 RWM_NO_REACTIVE=0 RWM_XPATH_REPAIR=0 RWM_PROACTIVE_PACER=0 RWM_REASM_BDP=0 RWM_MIN_R=0 RWM_CC_PACE=0 RWM_CC_PACE_HR=1.1 RWM_REACT_CAP=unset RWM_INFL_CAP=0 RWM_INFL_BDP=unset RWM_COPA_FEED=0 RWM_RS_ATTR=1 RWM_EMIT_BATCH=0 RWM_EMIT_BURST=64 RWM_RECOV_MP=1 RWM_RECOV_MP_LAW=1 RWM_RECOV_MP_LIVE=0 RWM_RECOV_SP=0 RWM_DIAG=1 RWM_RDIAG=0 RWM_FDIAG=0 RWM_TRACE=0 RWM_PFRAC=0
{"bytes":100000000,"dnf":0,"hint":"bulk","max_s":9.2303,"mean_mbps":86.671,"mean_s":9.2303,"median_s":9.2303,"min_s":9.2303,"proto":"rp-native","runs":1,"stdev_s":0.0,"summary":true}
    LATPROBE: /tmp/rwm-ping.txt 178 replies
    CPU: CPUSRV=6.35s CPUCLI=5.48s (srv=decoder cli=sender; whole-invocation incl warmup)
    QDISC cli0: qdisc netem 8439: root refcnt 7 limit 1000 delay 5ms  3ms loss gemodel p 1.3% r 50% 1-h 100% 1-k 0% rate 100Mbit seed 7  Sent 111836853 bytes 86515 pkt (dropped 341, overlimits 0 requeues 0)   backlog 0b 0p requeues 0 
    QDISC cli1: qdisc netem 843a: root refcnt 7 limit 1000 delay 5ms  3ms loss gemodel p 1.3% r 50% 1-h 100% 1-k 0% rate 100Mbit seed 7  Sent 662 bytes 9 pkt (dropped 2, overlimits 0 requeues 0)   backlog 0b 0p requeues 0 
    QDISC srv0: qdisc netem 843b: root refcnt 7 limit 1000 delay 5ms  3ms rate 100Mbit seed 10816156176566837243  Sent 11080612 bytes 64378 pkt (dropped 0, overlimits 0 requeues 0)   backlog 2584b 2p requeues 0 
    QDISC srv1: qdisc netem 843c: root refcnt 7 limit 1000 delay 5ms  3ms rate 100Mbit seed 10236914854475232291  Sent 768 bytes 10 pkt (dropped 0, overlimits 0 requeues 0)   backlog 0b 0p requeues 0 
    QCAP: /tmp/rwm-q.txt 18 lines
RUNTIME sc2-A rep=8 14s
LATRESULT {"cell": "sc2", "arm": "A", "seed": 7, "rep": 8, "dnf": false, "dnf_count": 0, "mbps": 86.671, "seconds": 9.23, "n_runs": 1, "occ_p50": 1006, "occ_p90": 1024, "occcap_p50": 1024, "q_p50": 89, "q_p95": 93, "q_p99": 94, "q_n": 33, "diag_lines": 36, "retx": 3116, "gates_cli_3t": 0, "gates_srv_3t": 0, "gates_cli_rs": 0, "gates_srv_rs": 0, "gates_lines_cli": 1, "gates_lines_srv": 1, "active_echo_cli": 0, "tt_eng1": 0, "ping_n": 178, "ping_p50": 79.1, "ping_p95": 83.6, "ping_p99": 84.5, "ping_max": 84.8, "ping_min": 5.17, "ping_tx": null, "ping_rx": null, "ping_loss": null, "wait_tun": 31, "wait_paused": 41, "wait_pace": 0, "wait_gen": 0, "wait_nack": 30, "wait_defc": 0, "wait_tail": 1, "wait_flush": 0, "wait_lines": 33, "dgq_hand": 87375, "dgq_tx": 87133, "dgq_full": 0, "dgq_err": 0, "dgq_gap": 242, "dgq_paths": 1, "tc_bytes": 111838695, "tc_pkts": 86526, "tc_drop": 343, "tc_s": 14}
LIVENESS sc2-A rep=8 cli=[RWM_THREE_TERM=0 RWM_PLAIN_RS=0] srv=[RWM_THREE_TERM=0 RWM_PLAIN_RS=0] active=0 eng1_lines=0 wait_lines=36 dgq_lines=33 ping_replies=178 (expect 3t=0 rs=0)
=== rep=8 arm=sc2-B seed=7 env="RWM_THREE_TERM=1 RWM_PLAIN_RS=1" cell=c2/c2/single bytes=100000000 15:00:08
[2m2026-08-10T15:00:10.523231Z[0m [32m INFO[0m [2mraptorpath::gates[0m[2m:[0m [GATES] RWM_UNIFIED=1 RWM_UNIFIED_SHED=1 RWM_TAPER_R=1 RWM_ASTAR_ANCHOR=1 RWM_MSTAR_ANCHOR=1 RWM_PLAIN_RS=1 RWM_STORE_SACK_RELEASE=1 RWM_STORE_PATHS=1 RWM_STORE_PATH_POOL=2048 RWM_STORE=unset RWM_STORE_GAIN=2 RWM_STORE_BOOT=128 RWM_STORE_CAPW=0 RWM_STORE_CAP_UNIFIED=0 RWM_THREE_TERM=1 RWM_STORE_PERCAP=0 RWM_PERCAP_GUARD=1 RWM_STORE_BORROW=0 RWM_HONEST_CAP=1 RWM_POOL_ANCHOR=0 RWM_POOL_DELIV=0 RWM_FLOOR_BOUND=0 RWM_ACK_MERGE=1 RWM_PATIENCE_DERIVED=0 RWM_SIDLE_DERIVED=0 RWM_WIN_DECOUPLE=0 RWM_PLACE_SLACK=0 RWM_GEN=384 RWM_PIPELINE=2 RWM_GEN_PIPE=1 RWM_GEN_R=unset RWM_GEN_RATE=9000 RWM_GEN_RATE_FLOOR=2000 RWM_GEN_INFLIGHT=unset RWM_OOO_RETAIN=0/16 RWM_WINDOW=unset RWM_REPORT_GENS=unset RWM_REPAIR_WAIT=unset RWM_CODED_SRC=0 RWM_NO_REACTIVE=0 RWM_XPATH_REPAIR=0 RWM_PROACTIVE_PACER=0 RWM_REASM_BDP=0 RWM_MIN_R=0 RWM_CC_PACE=0 RWM_CC_PACE_HR=1.1 RWM_REACT_CAP=unset RWM_INFL_CAP=0 RWM_INFL_BDP=unset RWM_COPA_FEED=0 RWM_RS_ATTR=1 RWM_EMIT_BATCH=0 RWM_EMIT_BURST=64 RWM_RECOV_MP=1 RWM_RECOV_MP_LAW=1 RWM_RECOV_MP_LIVE=0 RWM_RECOV_SP=0 RWM_DIAG=1 RWM_RDIAG=0 RWM_FDIAG=0 RWM_TRACE=0 RWM_PFRAC=0
{"bytes":100000000,"dnf":0,"hint":"bulk","max_s":9.2357,"mean_mbps":86.62,"mean_s":9.2357,"median_s":9.2357,"min_s":9.2357,"proto":"rp-native","runs":1,"stdev_s":0.0,"summary":true}
    LATPROBE: /tmp/rwm-ping.txt 179 replies
    CPU: CPUSRV=6.55s CPUCLI=6.54s (srv=decoder cli=sender; whole-invocation incl warmup)
    QDISC cli0: qdisc netem 843d: root refcnt 7 limit 1000 delay 5ms  3ms loss gemodel p 1.3% r 50% 1-h 100% 1-k 0% rate 100Mbit seed 7  Sent 111861380 bytes 93637 pkt (dropped 504, overlimits 0 requeues 0)   backlog 0b 0p requeues 0 
    QDISC cli1: qdisc netem 843e: root refcnt 7 limit 1000 delay 5ms  3ms loss gemodel p 1.3% r 50% 1-h 100% 1-k 0% rate 100Mbit seed 7  Sent 588 bytes 8 pkt (dropped 2, overlimits 0 requeues 0)   backlog 0b 0p requeues 0 
    QDISC srv0: qdisc netem 843f: root refcnt 7 limit 1000 delay 5ms  3ms rate 100Mbit seed 12362065740564403490  Sent 11275114 bytes 66392 pkt (dropped 0, overlimits 0 requeues 0)   backlog 0b 0p requeues 0 
    QDISC srv1: qdisc netem 8440: root refcnt 7 limit 1000 delay 5ms  3ms rate 100Mbit seed 11959640604056045004  Sent 768 bytes 10 pkt (dropped 0, overlimits 0 requeues 0)   backlog 0b 0p requeues 0 
    QCAP: /tmp/rwm-q.txt 18 lines
RUNTIME sc2-B rep=8 11s
LATRESULT {"cell": "sc2", "arm": "B", "seed": 7, "rep": 8, "dnf": false, "dnf_count": 0, "mbps": 86.62, "seconds": 9.236, "n_runs": 1, "occ_p50": 355, "occ_p90": 399, "occcap_p50": 371, "q_p50": 27, "q_p95": 32, "q_p99": 35, "q_n": 33, "diag_lines": 36, "retx": 2882, "gates_cli_3t": 1, "gates_srv_3t": 1, "gates_cli_rs": 1, "gates_srv_rs": 1, "gates_lines_cli": 1, "gates_lines_srv": 1, "active_echo_cli": 1, "tt_eng1": 4, "ping_n": 179, "ping_p50": 35.1, "ping_p95": 40.4, "ping_p99": 43.6, "ping_max": 44.8, "ping_min": 5.8, "ping_tx": null, "ping_rx": null, "ping_loss": null, "wait_tun": 30, "wait_paused": 50, "wait_pace": 0, "wait_gen": 0, "wait_nack": 21, "wait_defc": 0, "wait_tail": 0, "wait_flush": 0, "wait_lines": 33, "dgq_hand": 86610, "dgq_tx": 86610, "dgq_full": 0, "dgq_err": 0, "dgq_gap": 0, "dgq_paths": 1, "tc_bytes": 111861968, "tc_pkts": 93645, "tc_drop": 506, "tc_s": 11}
LIVENESS sc2-B rep=8 cli=[RWM_THREE_TERM=1 RWM_PLAIN_RS=1] srv=[RWM_THREE_TERM=1 RWM_PLAIN_RS=1] active=1 eng1_lines=4 wait_lines=36 dgq_lines=34 ping_replies=179 (expect 3t=1 rs=1)
=== rep=8 arm=sc2-D seed=7 env="RWM_PLAIN_RS=1" cell=c2/c2/single bytes=100000000 15:00:20
[2m2026-08-10T15:00:22.740692Z[0m [32m INFO[0m [2mraptorpath::gates[0m[2m:[0m [GATES] RWM_UNIFIED=1 RWM_UNIFIED_SHED=1 RWM_TAPER_R=1 RWM_ASTAR_ANCHOR=1 RWM_MSTAR_ANCHOR=1 RWM_PLAIN_RS=1 RWM_STORE_SACK_RELEASE=1 RWM_STORE_PATHS=1 RWM_STORE_PATH_POOL=2048 RWM_STORE=unset RWM_STORE_GAIN=2 RWM_STORE_BOOT=128 RWM_STORE_CAPW=0 RWM_STORE_CAP_UNIFIED=0 RWM_THREE_TERM=0 RWM_STORE_PERCAP=0 RWM_PERCAP_GUARD=1 RWM_STORE_BORROW=0 RWM_HONEST_CAP=1 RWM_POOL_ANCHOR=0 RWM_POOL_DELIV=0 RWM_FLOOR_BOUND=0 RWM_ACK_MERGE=1 RWM_PATIENCE_DERIVED=0 RWM_SIDLE_DERIVED=0 RWM_WIN_DECOUPLE=0 RWM_PLACE_SLACK=0 RWM_GEN=384 RWM_PIPELINE=2 RWM_GEN_PIPE=1 RWM_GEN_R=unset RWM_GEN_RATE=9000 RWM_GEN_RATE_FLOOR=2000 RWM_GEN_INFLIGHT=unset RWM_OOO_RETAIN=0/16 RWM_WINDOW=unset RWM_REPORT_GENS=unset RWM_REPAIR_WAIT=unset RWM_CODED_SRC=0 RWM_NO_REACTIVE=0 RWM_XPATH_REPAIR=0 RWM_PROACTIVE_PACER=0 RWM_REASM_BDP=0 RWM_MIN_R=0 RWM_CC_PACE=0 RWM_CC_PACE_HR=1.1 RWM_REACT_CAP=unset RWM_INFL_CAP=0 RWM_INFL_BDP=unset RWM_COPA_FEED=0 RWM_RS_ATTR=1 RWM_EMIT_BATCH=0 RWM_EMIT_BURST=64 RWM_RECOV_MP=1 RWM_RECOV_MP_LAW=1 RWM_RECOV_MP_LIVE=0 RWM_RECOV_SP=0 RWM_DIAG=1 RWM_RDIAG=0 RWM_FDIAG=0 RWM_TRACE=0 RWM_PFRAC=0
{"bytes":100000000,"dnf":0,"hint":"bulk","max_s":9.1534,"mean_mbps":87.4,"mean_s":9.1534,"median_s":9.1534,"min_s":9.1534,"proto":"rp-native","runs":1,"stdev_s":0.0,"summary":true}
    LATPROBE: /tmp/rwm-ping.txt 172 replies
    CPU: CPUSRV=6.37s CPUCLI=7.06s (srv=decoder cli=sender; whole-invocation incl warmup)
    QDISC cli0: qdisc netem 8441: root refcnt 7 limit 1000 delay 5ms  3ms loss gemodel p 1.3% r 50% 1-h 100% 1-k 0% rate 100Mbit seed 7  Sent 112416489 bytes 93923 pkt (dropped 551, overlimits 0 requeues 0)   backlog 0b 0p requeues 0 
    QDISC cli1: qdisc netem 8442: root refcnt 7 limit 1000 delay 5ms  3ms loss gemodel p 1.3% r 50% 1-h 100% 1-k 0% rate 100Mbit seed 7  Sent 686 bytes 9 pkt (dropped 2, overlimits 0 requeues 0)   backlog 0b 0p requeues 0 
    QDISC srv0: qdisc netem 8443: root refcnt 7 limit 1000 delay 5ms  3ms rate 100Mbit seed 17627047457545701674  Sent 11306070 bytes 65510 pkt (dropped 0, overlimits 0 requeues 0)   backlog 0b 0p requeues 0 
    QDISC srv1: qdisc netem 8444: root refcnt 7 limit 1000 delay 5ms  3ms rate 100Mbit seed 18063378926318655046  Sent 866 bytes 11 pkt (dropped 0, overlimits 0 requeues 0)   backlog 0b 0p requeues 0 
    QCAP: /tmp/rwm-q.txt 18 lines
RUNTIME sc2-D rep=8 12s
LATRESULT {"cell": "sc2", "arm": "D", "seed": 7, "rep": 8, "dnf": false, "dnf_count": 0, "mbps": 87.4, "seconds": 9.153, "n_runs": 1, "occ_p50": 1009, "occ_p90": 1024, "occcap_p50": 1024, "q_p50": 88, "q_p95": 93, "q_p99": 99, "q_n": 32, "diag_lines": 36, "retx": 3433, "gates_cli_3t": 0, "gates_srv_3t": 0, "gates_cli_rs": 1, "gates_srv_rs": 1, "gates_lines_cli": 1, "gates_lines_srv": 1, "active_echo_cli": 0, "tt_eng1": 0, "ping_n": 172, "ping_p50": 102.0, "ping_p95": 106.0, "ping_p99": 107.0, "ping_max": 109.0, "ping_min": 10.1, "ping_tx": null, "ping_rx": null, "ping_loss": null, "wait_tun": 31, "wait_paused": 29, "wait_pace": 0, "wait_gen": 0, "wait_nack": 41, "wait_defc": 0, "wait_tail": 1, "wait_flush": 0, "wait_lines": 33, "dgq_hand": 88173, "dgq_tx": 88173, "dgq_full": 0, "dgq_err": 0, "dgq_gap": 0, "dgq_paths": 1, "tc_bytes": 112417175, "tc_pkts": 93932, "tc_drop": 553, "tc_s": 12}
LIVENESS sc2-D rep=8 cli=[RWM_THREE_TERM=0 RWM_PLAIN_RS=1] srv=[RWM_THREE_TERM=0 RWM_PLAIN_RS=1] active=0 eng1_lines=0 wait_lines=36 dgq_lines=33 ping_replies=172 (expect 3t=0 rs=1)
=== rep=8 arm=sc3-A seed=7 env="" cell=c3/c3/single bytes=25000000 15:00:32
RUNTIME sc3-A rep=8 3s
LATRESULT {"cell": "sc3", "arm": "A", "seed": 7, "rep": 8, "dnf": true, "dnf_count": null, "mbps": null, "seconds": null, "n_runs": 0, "occ_p50": null, "occ_p90": null, "occcap_p50": null, "q_p50": null, "q_p95": null, "q_p99": null, "q_n": 0, "diag_lines": 0, "retx": 0, "gates_cli_3t": null, "gates_srv_3t": null, "gates_cli_rs": null, "gates_srv_rs": null, "gates_lines_cli": 0, "gates_lines_srv": 0, "active_echo_cli": 0, "tt_eng1": 0, "ping_n": 172, "ping_p50": 102.0, "ping_p95": 106.0, "ping_p99": 107.0, "ping_max": 109.0, "ping_min": 10.1, "ping_tx": null, "ping_rx": null, "ping_loss": null, "wait_tun": null, "wait_paused": null, "wait_pace": null, "wait_gen": null, "wait_nack": null, "wait_defc": null, "wait_tail": null, "wait_flush": null, "wait_lines": 0, "dgq_hand": null, "dgq_tx": null, "dgq_full": null, "dgq_err": null, "dgq_gap": null, "dgq_paths": null, "tc_bytes": null, "tc_pkts": null, "tc_drop": null, "tc_s": null}
LIVENESS sc3-A rep=8 cli=[ ] srv=[ ] active= eng1_lines=0 wait_lines= dgq_lines= ping_replies=172 (expect 3t=0 rs=0)
ARM-LIVENESS-FAIL-GATE-CLI sc3-A rep=8 got=''
ARM-LIVENESS-FAIL-GATE-SRV sc3-A rep=8 got=''
ARM-LIVENESS-FAIL-RS-CLI sc3-A rep=8 got=''
ARM-LIVENESS-FAIL-RS-SRV sc3-A rep=8 got=''
QCAP-MISSING sc3-A rep=8
=== rep=8 arm=sc3-B seed=7 env="RWM_THREE_TERM=1 RWM_PLAIN_RS=1" cell=c3/c3/single bytes=25000000 15:00:35
RUNTIME sc3-B rep=8 2s
LATRESULT {"cell": "sc3", "arm": "B", "seed": 7, "rep": 8, "dnf": true, "dnf_count": null, "mbps": null, "seconds": null, "n_runs": 0, "occ_p50": null, "occ_p90": null, "occcap_p50": null, "q_p50": null, "q_p95": null, "q_p99": null, "q_n": 0, "diag_lines": 0, "retx": 0, "gates_cli_3t": null, "gates_srv_3t": null, "gates_cli_rs": null, "gates_srv_rs": null, "gates_lines_cli": 0, "gates_lines_srv": 0, "active_echo_cli": 0, "tt_eng1": 0, "ping_n": 172, "ping_p50": 102.0, "ping_p95": 106.0, "ping_p99": 107.0, "ping_max": 109.0, "ping_min": 10.1, "ping_tx": null, "ping_rx": null, "ping_loss": null, "wait_tun": null, "wait_paused": null, "wait_pace": null, "wait_gen": null, "wait_nack": null, "wait_defc": null, "wait_tail": null, "wait_flush": null, "wait_lines": 0, "dgq_hand": null, "dgq_tx": null, "dgq_full": null, "dgq_err": null, "dgq_gap": null, "dgq_paths": null, "tc_bytes": null, "tc_pkts": null, "tc_drop": null, "tc_s": null}
LIVENESS sc3-B rep=8 cli=[ ] srv=[ ] active= eng1_lines=0 wait_lines= dgq_lines= ping_replies=172 (expect 3t=1 rs=1)
ARM-LIVENESS-FAIL-GATE-CLI sc3-B rep=8 got=''
ARM-LIVENESS-FAIL-GATE-SRV sc3-B rep=8 got=''
ARM-LIVENESS-FAIL-RS-CLI sc3-B rep=8 got=''
ARM-LIVENESS-FAIL-RS-SRV sc3-B rep=8 got=''
ARM-LIVENESS-FAIL-3T sc3-B rep=8 (VOID: no eng=1)
QCAP-MISSING sc3-B rep=8
=== rep=8 arm=sc3-D seed=7 env="RWM_PLAIN_RS=1" cell=c3/c3/single bytes=25000000 15:00:38
RUNTIME sc3-D rep=8 2s
LATRESULT {"cell": "sc3", "arm": "D", "seed": 7, "rep": 8, "dnf": true, "dnf_count": null, "mbps": null, "seconds": null, "n_runs": 0, "occ_p50": null, "occ_p90": null, "occcap_p50": null, "q_p50": null, "q_p95": null, "q_p99": null, "q_n": 0, "diag_lines": 0, "retx": 0, "gates_cli_3t": null, "gates_srv_3t": null, "gates_cli_rs": null, "gates_srv_rs": null, "gates_lines_cli": 0, "gates_lines_srv": 0, "active_echo_cli": 0, "tt_eng1": 0, "ping_n": 172, "ping_p50": 102.0, "ping_p95": 106.0, "ping_p99": 107.0, "ping_max": 109.0, "ping_min": 10.1, "ping_tx": null, "ping_rx": null, "ping_loss": null, "wait_tun": null, "wait_paused": null, "wait_pace": null, "wait_gen": null, "wait_nack": null, "wait_defc": null, "wait_tail": null, "wait_flush": null, "wait_lines": 0, "dgq_hand": null, "dgq_tx": null, "dgq_full": null, "dgq_err": null, "dgq_gap": null, "dgq_paths": null, "tc_bytes": null, "tc_pkts": null, "tc_drop": null, "tc_s": null}
LIVENESS sc3-D rep=8 cli=[ ] srv=[ ] active= eng1_lines=0 wait_lines= dgq_lines= ping_replies=172 (expect 3t=0 rs=1)
ARM-LIVENESS-FAIL-GATE-CLI sc3-D rep=8 got=''
ARM-LIVENESS-FAIL-GATE-SRV sc3-D rep=8 got=''
ARM-LIVENESS-FAIL-RS-CLI sc3-D rep=8 got=''
ARM-LIVENESS-FAIL-RS-SRV sc3-D rep=8 got=''
QCAP-MISSING sc3-D rep=8
=== rep=8 arm=c2r100-A seed=7 env="" cell=c2r100/c2r100/single bytes=100000000 15:00:40
[2m2026-08-10T15:00:42.769530Z[0m [32m INFO[0m [2mraptorpath::gates[0m[2m:[0m [GATES] RWM_UNIFIED=1 RWM_UNIFIED_SHED=1 RWM_TAPER_R=1 RWM_ASTAR_ANCHOR=1 RWM_MSTAR_ANCHOR=1 RWM_PLAIN_RS=0 RWM_STORE_SACK_RELEASE=1 RWM_STORE_PATHS=1 RWM_STORE_PATH_POOL=2048 RWM_STORE=unset RWM_STORE_GAIN=2 RWM_STORE_BOOT=128 RWM_STORE_CAPW=0 RWM_STORE_CAP_UNIFIED=0 RWM_THREE_TERM=0 RWM_STORE_PERCAP=0 RWM_PERCAP_GUARD=1 RWM_STORE_BORROW=0 RWM_HONEST_CAP=1 RWM_POOL_ANCHOR=0 RWM_POOL_DELIV=0 RWM_FLOOR_BOUND=0 RWM_ACK_MERGE=1 RWM_PATIENCE_DERIVED=0 RWM_SIDLE_DERIVED=0 RWM_WIN_DECOUPLE=0 RWM_PLACE_SLACK=0 RWM_GEN=384 RWM_PIPELINE=2 RWM_GEN_PIPE=1 RWM_GEN_R=unset RWM_GEN_RATE=9000 RWM_GEN_RATE_FLOOR=2000 RWM_GEN_INFLIGHT=unset RWM_OOO_RETAIN=0/16 RWM_WINDOW=unset RWM_REPORT_GENS=unset RWM_REPAIR_WAIT=unset RWM_CODED_SRC=0 RWM_NO_REACTIVE=0 RWM_XPATH_REPAIR=0 RWM_PROACTIVE_PACER=0 RWM_REASM_BDP=0 RWM_MIN_R=0 RWM_CC_PACE=0 RWM_CC_PACE_HR=1.1 RWM_REACT_CAP=unset RWM_INFL_CAP=0 RWM_INFL_BDP=unset RWM_COPA_FEED=0 RWM_RS_ATTR=1 RWM_EMIT_BATCH=0 RWM_EMIT_BURST=64 RWM_RECOV_MP=1 RWM_RECOV_MP_LAW=1 RWM_RECOV_MP_LIVE=0 RWM_RECOV_SP=0 RWM_DIAG=1 RWM_RDIAG=0 RWM_FDIAG=0 RWM_TRACE=0 RWM_PFRAC=0
{"bytes":100000000,"dnf":0,"hint":"bulk","max_s":9.532,"mean_mbps":83.928,"mean_s":9.532,"median_s":9.532,"min_s":9.532,"proto":"rp-native","runs":1,"stdev_s":0.0,"summary":true}
    LATPROBE: /tmp/rwm-ping.txt 190 replies
    CPU: CPUSRV=6.24s CPUCLI=6.26s (srv=decoder cli=sender; whole-invocation incl warmup)
    QDISC cli0: qdisc netem 8451: root refcnt 7 limit 1000 delay 50ms loss gemodel p 1.3% r 50% 1-h 100% 1-k 0% rate 100Mbit seed 7  Sent 111962296 bytes 100197 pkt (dropped 709, overlimits 0 requeues 0)   backlog 0b 0p requeues 0 
    QDISC cli1: qdisc netem 8452: root refcnt 7 limit 1000 delay 50ms loss gemodel p 1.3% r 50% 1-h 100% 1-k 0% rate 100Mbit seed 7  Sent 776 bytes 10 pkt (dropped 0, overlimits 0 requeues 0)   backlog 0b 0p requeues 0 
    QDISC srv0: qdisc netem 8453: root refcnt 7 limit 1000 delay 50ms rate 100Mbit seed 1812935303362220690  Sent 11013258 bytes 62442 pkt (dropped 0, overlimits 0 requeues 0)   backlog 90b 1p requeues 0 
    QDISC srv1: qdisc netem 8454: root refcnt 7 limit 1000 delay 50ms rate 100Mbit seed 7558368476137510199  Sent 866 bytes 11 pkt (dropped 0, overlimits 0 requeues 0)   backlog 0b 0p requeues 0 
    QCAP: /tmp/rwm-q.txt 18 lines
RUNTIME c2r100-A rep=8 12s
LATRESULT {"cell": "c2r100", "arm": "A", "seed": 7, "rep": 8, "dnf": false, "dnf_count": 0, "mbps": 83.928, "seconds": 9.532, "n_runs": 1, "occ_p50": 1017, "occ_p90": 1024, "occcap_p50": 1024, "q_p50": 5, "q_p95": 9, "q_p99": 13, "q_n": 35, "diag_lines": 38, "retx": 2690, "gates_cli_3t": 0, "gates_srv_3t": 0, "gates_cli_rs": 0, "gates_srv_rs": 0, "gates_lines_cli": 1, "gates_lines_srv": 1, "active_echo_cli": 0, "tt_eng1": 0, "ping_n": 190, "ping_p50": 104.0, "ping_p95": 109.0, "ping_p99": 114.0, "ping_max": 117.0, "ping_min": 100.0, "ping_tx": null, "ping_rx": null, "ping_loss": null, "wait_tun": 28, "wait_paused": 42, "wait_pace": 0, "wait_gen": 0, "wait_nack": 30, "wait_defc": 0, "wait_tail": 1, "wait_flush": 0, "wait_lines": 35, "dgq_hand": 87736, "dgq_tx": 87736, "dgq_full": 0, "dgq_err": 0, "dgq_gap": 0, "dgq_paths": 1, "tc_bytes": 111963072, "tc_pkts": 100207, "tc_drop": 709, "tc_s": 12}
LIVENESS c2r100-A rep=8 cli=[RWM_THREE_TERM=0 RWM_PLAIN_RS=0] srv=[RWM_THREE_TERM=0 RWM_PLAIN_RS=0] active=0 eng1_lines=0 wait_lines=38 dgq_lines=37 ping_replies=190 (expect 3t=0 rs=0)
=== rep=8 arm=c2r100-B seed=7 env="RWM_THREE_TERM=1 RWM_PLAIN_RS=1" cell=c2r100/c2r100/single bytes=100000000 15:00:52
[2m2026-08-10T15:00:54.972906Z[0m [32m INFO[0m [2mraptorpath::gates[0m[2m:[0m [GATES] RWM_UNIFIED=1 RWM_UNIFIED_SHED=1 RWM_TAPER_R=1 RWM_ASTAR_ANCHOR=1 RWM_MSTAR_ANCHOR=1 RWM_PLAIN_RS=1 RWM_STORE_SACK_RELEASE=1 RWM_STORE_PATHS=1 RWM_STORE_PATH_POOL=2048 RWM_STORE=unset RWM_STORE_GAIN=2 RWM_STORE_BOOT=128 RWM_STORE_CAPW=0 RWM_STORE_CAP_UNIFIED=0 RWM_THREE_TERM=1 RWM_STORE_PERCAP=0 RWM_PERCAP_GUARD=1 RWM_STORE_BORROW=0 RWM_HONEST_CAP=1 RWM_POOL_ANCHOR=0 RWM_POOL_DELIV=0 RWM_FLOOR_BOUND=0 RWM_ACK_MERGE=1 RWM_PATIENCE_DERIVED=0 RWM_SIDLE_DERIVED=0 RWM_WIN_DECOUPLE=0 RWM_PLACE_SLACK=0 RWM_GEN=384 RWM_PIPELINE=2 RWM_GEN_PIPE=1 RWM_GEN_R=unset RWM_GEN_RATE=9000 RWM_GEN_RATE_FLOOR=2000 RWM_GEN_INFLIGHT=unset RWM_OOO_RETAIN=0/16 RWM_WINDOW=unset RWM_REPORT_GENS=unset RWM_REPAIR_WAIT=unset RWM_CODED_SRC=0 RWM_NO_REACTIVE=0 RWM_XPATH_REPAIR=0 RWM_PROACTIVE_PACER=0 RWM_REASM_BDP=0 RWM_MIN_R=0 RWM_CC_PACE=0 RWM_CC_PACE_HR=1.1 RWM_REACT_CAP=unset RWM_INFL_CAP=0 RWM_INFL_BDP=unset RWM_COPA_FEED=0 RWM_RS_ATTR=1 RWM_EMIT_BATCH=0 RWM_EMIT_BURST=64 RWM_RECOV_MP=1 RWM_RECOV_MP_LAW=1 RWM_RECOV_MP_LIVE=0 RWM_RECOV_SP=0 RWM_DIAG=1 RWM_RDIAG=0 RWM_FDIAG=0 RWM_TRACE=0 RWM_PFRAC=0
{"bytes":100000000,"dnf":0,"hint":"bulk","max_s":9.6758,"mean_mbps":82.681,"mean_s":9.6758,"median_s":9.6758,"min_s":9.6758,"proto":"rp-native","runs":1,"stdev_s":0.0,"summary":true}
    LATPROBE: /tmp/rwm-ping.txt 187 replies
    CPU: CPUSRV=6.81s CPUCLI=9.67s (srv=decoder cli=sender; whole-invocation incl warmup)
    QDISC cli0: qdisc netem 8455: root refcnt 7 limit 1000 delay 50ms loss gemodel p 1.3% r 50% 1-h 100% 1-k 0% rate 100Mbit seed 7  Sent 114846891 bytes 98080 pkt (dropped 706, overlimits 0 requeues 0)   backlog 0b 0p requeues 0 
    QDISC cli1: qdisc netem 8456: root refcnt 7 limit 1000 delay 50ms loss gemodel p 1.3% r 50% 1-h 100% 1-k 0% rate 100Mbit seed 7  Sent 776 bytes 10 pkt (dropped 0, overlimits 0 requeues 0)   backlog 0b 0p requeues 0 
    QDISC srv0: qdisc netem 8457: root refcnt 7 limit 1000 delay 50ms rate 100Mbit seed 15463000814454032163  Sent 12213297 bytes 66286 pkt (dropped 0, overlimits 0 requeues 0)   backlog 183b 2p requeues 0 
    QDISC srv1: qdisc netem 8458: root refcnt 7 limit 1000 delay 50ms rate 100Mbit seed 8991837306492828643  Sent 866 bytes 11 pkt (dropped 0, overlimits 0 requeues 0)   backlog 0b 0p requeues 0 
    QCAP: /tmp/rwm-q.txt 18 lines
RUNTIME c2r100-B rep=8 13s
LATRESULT {"cell": "c2r100", "arm": "B", "seed": 7, "rep": 8, "dnf": false, "dnf_count": 0, "mbps": 82.681, "seconds": 9.676, "n_runs": 1, "occ_p50": 2979, "occ_p90": 2997, "occcap_p50": 2998, "q_p50": 209, "q_p95": 222, "q_p99": 225, "q_n": 32, "diag_lines": 39, "retx": 5328, "gates_cli_3t": 1, "gates_srv_3t": 1, "gates_cli_rs": 1, "gates_srv_rs": 1, "gates_lines_cli": 1, "gates_lines_srv": 1, "active_echo_cli": 1, "tt_eng1": 4, "ping_n": 187, "ping_p50": 303.0, "ping_p95": 312.0, "ping_p99": 316.0, "ping_max": 318.0, "ping_min": 100.0, "ping_tx": null, "ping_rx": null, "ping_loss": null, "wait_tun": 41, "wait_paused": 8, "wait_pace": 0, "wait_gen": 0, "wait_nack": 49, "wait_defc": 0, "wait_tail": 1, "wait_flush": 0, "wait_lines": 36, "dgq_hand": 90420, "dgq_tx": 90420, "dgq_full": 0, "dgq_err": 0, "dgq_gap": 0, "dgq_paths": 1, "tc_bytes": 114847667, "tc_pkts": 98090, "tc_drop": 707, "tc_s": 13}
LIVENESS c2r100-B rep=8 cli=[RWM_THREE_TERM=1 RWM_PLAIN_RS=1] srv=[RWM_THREE_TERM=1 RWM_PLAIN_RS=1] active=1 eng1_lines=4 wait_lines=39 dgq_lines=32 ping_replies=187 (expect 3t=1 rs=1)
=== rep=8 arm=c2r100-D seed=7 env="RWM_PLAIN_RS=1" cell=c2r100/c2r100/single bytes=100000000 15:01:05
[2m2026-08-10T15:01:07.306309Z[0m [32m INFO[0m [2mraptorpath::gates[0m[2m:[0m [GATES] RWM_UNIFIED=1 RWM_UNIFIED_SHED=1 RWM_TAPER_R=1 RWM_ASTAR_ANCHOR=1 RWM_MSTAR_ANCHOR=1 RWM_PLAIN_RS=1 RWM_STORE_SACK_RELEASE=1 RWM_STORE_PATHS=1 RWM_STORE_PATH_POOL=2048 RWM_STORE=unset RWM_STORE_GAIN=2 RWM_STORE_BOOT=128 RWM_STORE_CAPW=0 RWM_STORE_CAP_UNIFIED=0 RWM_THREE_TERM=0 RWM_STORE_PERCAP=0 RWM_PERCAP_GUARD=1 RWM_STORE_BORROW=0 RWM_HONEST_CAP=1 RWM_POOL_ANCHOR=0 RWM_POOL_DELIV=0 RWM_FLOOR_BOUND=0 RWM_ACK_MERGE=1 RWM_PATIENCE_DERIVED=0 RWM_SIDLE_DERIVED=0 RWM_WIN_DECOUPLE=0 RWM_PLACE_SLACK=0 RWM_GEN=384 RWM_PIPELINE=2 RWM_GEN_PIPE=1 RWM_GEN_R=unset RWM_GEN_RATE=9000 RWM_GEN_RATE_FLOOR=2000 RWM_GEN_INFLIGHT=unset RWM_OOO_RETAIN=0/16 RWM_WINDOW=unset RWM_REPORT_GENS=unset RWM_REPAIR_WAIT=unset RWM_CODED_SRC=0 RWM_NO_REACTIVE=0 RWM_XPATH_REPAIR=0 RWM_PROACTIVE_PACER=0 RWM_REASM_BDP=0 RWM_MIN_R=0 RWM_CC_PACE=0 RWM_CC_PACE_HR=1.1 RWM_REACT_CAP=unset RWM_INFL_CAP=0 RWM_INFL_BDP=unset RWM_COPA_FEED=0 RWM_RS_ATTR=1 RWM_EMIT_BATCH=0 RWM_EMIT_BURST=64 RWM_RECOV_MP=1 RWM_RECOV_MP_LAW=1 RWM_RECOV_MP_LIVE=0 RWM_RECOV_SP=0 RWM_DIAG=1 RWM_RDIAG=0 RWM_FDIAG=0 RWM_TRACE=0 RWM_PFRAC=0
{"bytes":100000000,"dnf":0,"hint":"bulk","max_s":10.0243,"mean_mbps":79.806,"mean_s":10.0243,"median_s":10.0243,"min_s":10.0243,"proto":"rp-native","runs":1,"stdev_s":0.0,"summary":true}
    LATPROBE: /tmp/rwm-ping.txt 196 replies
    CPU: CPUSRV=6.35s CPUCLI=7.63s (srv=decoder cli=sender; whole-invocation incl warmup)
    QDISC cli0: qdisc netem 8459: root refcnt 7 limit 1000 delay 50ms loss gemodel p 1.3% r 50% 1-h 100% 1-k 0% rate 100Mbit seed 7  Sent 112993339 bytes 100473 pkt (dropped 700, overlimits 0 requeues 0)   backlog 1154b 5p requeues 0 
    QDISC cli1: qdisc netem 845a: root refcnt 7 limit 1000 delay 50ms loss gemodel p 1.3% r 50% 1-h 100% 1-k 0% rate 100Mbit seed 7  Sent 776 bytes 10 pkt (dropped 0, overlimits 0 requeues 0)   backlog 0b 0p requeues 0 
    QDISC srv0: qdisc netem 845b: root refcnt 7 limit 1000 delay 50ms rate 100Mbit seed 15251611359224498277  Sent 11184176 bytes 63623 pkt (dropped 0, overlimits 0 requeues 0)   backlog 1007b 6p requeues 0 
    QDISC srv1: qdisc netem 845c: root refcnt 7 limit 1000 delay 50ms rate 100Mbit seed 13714139711480992348  Sent 866 bytes 11 pkt (dropped 0, overlimits 0 requeues 0)   backlog 0b 0p requeues 0 
    QCAP: /tmp/rwm-q.txt 18 lines
RUNTIME c2r100-D rep=8 12s
LATRESULT {"cell": "c2r100", "arm": "D", "seed": 7, "rep": 8, "dnf": false, "dnf_count": 0, "mbps": 79.806, "seconds": 10.024, "n_runs": 1, "occ_p50": 1005, "occ_p90": 1024, "occcap_p50": 1024, "q_p50": 6, "q_p95": 10, "q_p99": 21, "q_n": 36, "diag_lines": 40, "retx": 3821, "gates_cli_3t": 0, "gates_srv_3t": 0, "gates_cli_rs": 1, "gates_srv_rs": 1, "gates_lines_cli": 1, "gates_lines_srv": 1, "active_echo_cli": 0, "tt_eng1": 0, "ping_n": 196, "ping_p50": 104.0, "ping_p95": 109.0, "ping_p99": 114.0, "ping_max": 121.0, "ping_min": 100.0, "ping_tx": null, "ping_rx": null, "ping_loss": null, "wait_tun": 30, "wait_paused": 24, "wait_pace": 0, "wait_gen": 0, "wait_nack": 46, "wait_defc": 0, "wait_tail": 1, "wait_flush": 0, "wait_lines": 37, "dgq_hand": 89009, "dgq_tx": 89009, "dgq_full": 0, "dgq_err": 0, "dgq_gap": 0, "dgq_paths": 1, "tc_bytes": 112994231, "tc_pkts": 100484, "tc_drop": 700, "tc_s": 12}
LIVENESS c2r100-D rep=8 cli=[RWM_THREE_TERM=0 RWM_PLAIN_RS=1] srv=[RWM_THREE_TERM=0 RWM_PLAIN_RS=1] active=0 eng1_lines=0 wait_lines=40 dgq_lines=36 ping_replies=196 (expect 3t=0 rs=1)
=== rep=8 arm=c7-A seed=7 env="" cell=c2/c2/dual bytes=200000000 15:01:17
[2m2026-08-10T15:01:20.015818Z[0m [32m INFO[0m [2mraptorpath::gates[0m[2m:[0m [GATES] RWM_UNIFIED=1 RWM_UNIFIED_SHED=1 RWM_TAPER_R=1 RWM_ASTAR_ANCHOR=1 RWM_MSTAR_ANCHOR=1 RWM_PLAIN_RS=0 RWM_STORE_SACK_RELEASE=1 RWM_STORE_PATHS=1 RWM_STORE_PATH_POOL=2048 RWM_STORE=unset RWM_STORE_GAIN=2 RWM_STORE_BOOT=128 RWM_STORE_CAPW=0 RWM_STORE_CAP_UNIFIED=0 RWM_THREE_TERM=0 RWM_STORE_PERCAP=0 RWM_PERCAP_GUARD=1 RWM_STORE_BORROW=0 RWM_HONEST_CAP=1 RWM_POOL_ANCHOR=0 RWM_POOL_DELIV=0 RWM_FLOOR_BOUND=0 RWM_ACK_MERGE=1 RWM_PATIENCE_DERIVED=0 RWM_SIDLE_DERIVED=0 RWM_WIN_DECOUPLE=0 RWM_PLACE_SLACK=0 RWM_GEN=384 RWM_PIPELINE=2 RWM_GEN_PIPE=1 RWM_GEN_R=unset RWM_GEN_RATE=9000 RWM_GEN_RATE_FLOOR=2000 RWM_GEN_INFLIGHT=unset RWM_OOO_RETAIN=0/16 RWM_WINDOW=unset RWM_REPORT_GENS=unset RWM_REPAIR_WAIT=unset RWM_CODED_SRC=0 RWM_NO_REACTIVE=0 RWM_XPATH_REPAIR=0 RWM_PROACTIVE_PACER=0 RWM_REASM_BDP=0 RWM_MIN_R=0 RWM_CC_PACE=0 RWM_CC_PACE_HR=1.1 RWM_REACT_CAP=unset RWM_INFL_CAP=0 RWM_INFL_BDP=unset RWM_COPA_FEED=0 RWM_RS_ATTR=1 RWM_EMIT_BATCH=0 RWM_EMIT_BURST=64 RWM_RECOV_MP=1 RWM_RECOV_MP_LAW=1 RWM_RECOV_MP_LIVE=0 RWM_RECOV_SP=0 RWM_DIAG=1 RWM_RDIAG=0 RWM_FDIAG=0 RWM_TRACE=0 RWM_PFRAC=0
{"bytes":200000000,"dnf":0,"hint":"bulk","max_s":9.1939,"mean_mbps":174.028,"mean_s":9.1939,"median_s":9.1939,"min_s":9.1939,"proto":"rp-native","runs":1,"stdev_s":0.0,"summary":true}
    LATPROBE: /tmp/rwm-ping.txt 177 replies
    CPU: CPUSRV=12.36s CPUCLI=13.71s (srv=decoder cli=sender; whole-invocation incl warmup)
    QDISC cli0: qdisc netem 845d: root refcnt 7 limit 1000 delay 5ms  3ms loss gemodel p 1.3% r 50% 1-h 100% 1-k 0% rate 100Mbit seed 7  Sent 110111978 bytes 89856 pkt (dropped 526, overlimits 0 requeues 0)   backlog 200b 2p requeues 0 
    QDISC cli1: qdisc netem 845e: root refcnt 7 limit 1000 delay 5ms  3ms loss gemodel p 1.3% r 50% 1-h 100% 1-k 0% rate 100Mbit seed 7  Sent 112567629 bytes 91593 pkt (dropped 540, overlimits 0 requeues 0)   backlog 0b 0p requeues 0 
    QDISC srv0: qdisc netem 845f: root refcnt 7 limit 1000 delay 5ms  3ms rate 100Mbit seed 10221525543320144787  Sent 12611207 bytes 59589 pkt (dropped 0, overlimits 0 requeues 0)   backlog 0b 0p requeues 0 
    QDISC srv1: qdisc netem 8460: root refcnt 7 limit 1000 delay 5ms  3ms rate 100Mbit seed 10212145736933131750  Sent 12319314 bytes 60815 pkt (dropped 0, overlimits 0 requeues 0)   backlog 0b 0p requeues 0 
    QCAP: /tmp/rwm-q.txt 18 lines
RUNTIME c7-A rep=8 12s
LATRESULT {"cell": "c7", "arm": "A", "seed": 7, "rep": 8, "dnf": false, "dnf_count": 0, "mbps": 174.028, "seconds": 9.194, "n_runs": 1, "occ_p50": 1199, "occ_p90": 2747, "occcap_p50": 4096, "q_p50": 74, "q_p95": 181, "q_p99": 196, "q_n": 65, "diag_lines": 36, "retx": 4786, "gates_cli_3t": 0, "gates_srv_3t": 0, "gates_cli_rs": 0, "gates_srv_rs": 0, "gates_lines_cli": 1, "gates_lines_srv": 1, "active_echo_cli": 0, "tt_eng1": 0, "ping_n": 177, "ping_p50": 63.7, "ping_p95": 165.0, "ping_p99": 246.0, "ping_max": 250.0, "ping_min": 6.29, "ping_tx": null, "ping_rx": null, "ping_loss": null, "wait_tun": 98, "wait_paused": 0, "wait_pace": 0, "wait_gen": 0, "wait_nack": 2, "wait_defc": 0, "wait_tail": 0, "wait_flush": 0, "wait_lines": 33, "dgq_hand": 175737, "dgq_tx": 175723, "dgq_full": 0, "dgq_err": 0, "dgq_gap": 14, "dgq_paths": 2, "tc_bytes": 222679807, "tc_pkts": 181451, "tc_drop": 1066, "tc_s": 12}
LIVENESS c7-A rep=8 cli=[RWM_THREE_TERM=0 RWM_PLAIN_RS=0] srv=[RWM_THREE_TERM=0 RWM_PLAIN_RS=0] active=0 eng1_lines=0 wait_lines=36 dgq_lines=35 ping_replies=177 (expect 3t=0 rs=0)
=== rep=8 arm=c7-B seed=7 env="RWM_THREE_TERM=1 RWM_PLAIN_RS=1" cell=c2/c2/dual bytes=200000000 15:01:29
[2m2026-08-10T15:01:33.693707Z[0m [32m INFO[0m [2mraptorpath::gates[0m[2m:[0m [GATES] RWM_UNIFIED=1 RWM_UNIFIED_SHED=1 RWM_TAPER_R=1 RWM_ASTAR_ANCHOR=1 RWM_MSTAR_ANCHOR=1 RWM_PLAIN_RS=1 RWM_STORE_SACK_RELEASE=1 RWM_STORE_PATHS=1 RWM_STORE_PATH_POOL=2048 RWM_STORE=unset RWM_STORE_GAIN=2 RWM_STORE_BOOT=128 RWM_STORE_CAPW=0 RWM_STORE_CAP_UNIFIED=0 RWM_THREE_TERM=1 RWM_STORE_PERCAP=0 RWM_PERCAP_GUARD=1 RWM_STORE_BORROW=0 RWM_HONEST_CAP=1 RWM_POOL_ANCHOR=0 RWM_POOL_DELIV=0 RWM_FLOOR_BOUND=0 RWM_ACK_MERGE=1 RWM_PATIENCE_DERIVED=0 RWM_SIDLE_DERIVED=0 RWM_WIN_DECOUPLE=0 RWM_PLACE_SLACK=0 RWM_GEN=384 RWM_PIPELINE=2 RWM_GEN_PIPE=1 RWM_GEN_R=unset RWM_GEN_RATE=9000 RWM_GEN_RATE_FLOOR=2000 RWM_GEN_INFLIGHT=unset RWM_OOO_RETAIN=0/16 RWM_WINDOW=unset RWM_REPORT_GENS=unset RWM_REPAIR_WAIT=unset RWM_CODED_SRC=0 RWM_NO_REACTIVE=0 RWM_XPATH_REPAIR=0 RWM_PROACTIVE_PACER=0 RWM_REASM_BDP=0 RWM_MIN_R=0 RWM_CC_PACE=0 RWM_CC_PACE_HR=1.1 RWM_REACT_CAP=unset RWM_INFL_CAP=0 RWM_INFL_BDP=unset RWM_COPA_FEED=0 RWM_RS_ATTR=1 RWM_EMIT_BATCH=0 RWM_EMIT_BURST=64 RWM_RECOV_MP=1 RWM_RECOV_MP_LAW=1 RWM_RECOV_MP_LIVE=0 RWM_RECOV_SP=0 RWM_DIAG=1 RWM_RDIAG=0 RWM_FDIAG=0 RWM_TRACE=0 RWM_PFRAC=0
{"bytes":200000000,"dnf":0,"hint":"bulk","max_s":10.6266,"mean_mbps":150.565,"mean_s":10.6266,"median_s":10.6266,"min_s":10.6266,"proto":"rp-native","runs":1,"stdev_s":0.0,"summary":true}
    LATPROBE: /tmp/rwm-ping.txt 209 replies
    CPU: CPUSRV=13.27s CPUCLI=16.19s (srv=decoder cli=sender; whole-invocation incl warmup)
    QDISC cli0: qdisc netem 8461: root refcnt 7 limit 1000 delay 5ms  3ms loss gemodel p 1.3% r 50% 1-h 100% 1-k 0% rate 100Mbit seed 7  Sent 116231497 bytes 94715 pkt (dropped 602, overlimits 0 requeues 0)   backlog 0b 0p requeues 0 
    QDISC cli1: qdisc netem 8462: root refcnt 7 limit 1000 delay 5ms  3ms loss gemodel p 1.3% r 50% 1-h 100% 1-k 0% rate 100Mbit seed 7  Sent 112535236 bytes 91676 pkt (dropped 597, overlimits 0 requeues 0)   backlog 0b 0p requeues 0 
    QDISC srv0: qdisc netem 8463: root refcnt 7 limit 1000 delay 5ms  3ms rate 100Mbit seed 4295185443546272811  Sent 14967234 bytes 67325 pkt (dropped 0, overlimits 0 requeues 0)   backlog 0b 0p requeues 0 
    QDISC srv1: qdisc netem 8464: root refcnt 7 limit 1000 delay 5ms  3ms rate 100Mbit seed 15787473784424227747  Sent 14450111 bytes 62319 pkt (dropped 0, overlimits 0 requeues 0)   backlog 0b 0p requeues 0 
    QCAP: /tmp/rwm-q.txt 18 lines
RUNTIME c7-B rep=8 15s
LATRESULT {"cell": "c7", "arm": "B", "seed": 7, "rep": 8, "dnf": false, "dnf_count": 0, "mbps": 150.565, "seconds": 10.627, "n_runs": 1, "occ_p50": 453, "occ_p90": 645, "occcap_p50": 1309, "q_p50": 16, "q_p95": 60, "q_p99": 66, "q_n": 73, "diag_lines": 42, "retx": 8587, "gates_cli_3t": 1, "gates_srv_3t": 1, "gates_cli_rs": 1, "gates_srv_rs": 1, "gates_lines_cli": 1, "gates_lines_srv": 1, "active_echo_cli": 1, "tt_eng1": 5, "ping_n": 209, "ping_p50": 22.6, "ping_p95": 76.9, "ping_p99": 84.7, "ping_max": 95.6, "ping_min": 8.89, "ping_tx": null, "ping_rx": null, "ping_loss": null, "wait_tun": 96, "wait_paused": 0, "wait_pace": 0, "wait_gen": 0, "wait_nack": 4, "wait_defc": 0, "wait_tail": 0, "wait_flush": 0, "wait_lines": 39, "dgq_hand": 179674, "dgq_tx": 179673, "dgq_full": 0, "dgq_err": 0, "dgq_gap": 1, "dgq_paths": 2, "tc_bytes": 228766733, "tc_pkts": 186391, "tc_drop": 1199, "tc_s": 15}
LIVENESS c7-B rep=8 cli=[RWM_THREE_TERM=1 RWM_PLAIN_RS=1] srv=[RWM_THREE_TERM=1 RWM_PLAIN_RS=1] active=1 eng1_lines=5 wait_lines=42 dgq_lines=37 ping_replies=209 (expect 3t=1 rs=1)
=== rep=8 arm=c7-D seed=7 env="RWM_PLAIN_RS=1" cell=c2/c2/dual bytes=200000000 15:01:44
[2m2026-08-10T15:01:48.479238Z[0m [32m INFO[0m [2mraptorpath::gates[0m[2m:[0m [GATES] RWM_UNIFIED=1 RWM_UNIFIED_SHED=1 RWM_TAPER_R=1 RWM_ASTAR_ANCHOR=1 RWM_MSTAR_ANCHOR=1 RWM_PLAIN_RS=1 RWM_STORE_SACK_RELEASE=1 RWM_STORE_PATHS=1 RWM_STORE_PATH_POOL=2048 RWM_STORE=unset RWM_STORE_GAIN=2 RWM_STORE_BOOT=128 RWM_STORE_CAPW=0 RWM_STORE_CAP_UNIFIED=0 RWM_THREE_TERM=0 RWM_STORE_PERCAP=0 RWM_PERCAP_GUARD=1 RWM_STORE_BORROW=0 RWM_HONEST_CAP=1 RWM_POOL_ANCHOR=0 RWM_POOL_DELIV=0 RWM_FLOOR_BOUND=0 RWM_ACK_MERGE=1 RWM_PATIENCE_DERIVED=0 RWM_SIDLE_DERIVED=0 RWM_WIN_DECOUPLE=0 RWM_PLACE_SLACK=0 RWM_GEN=384 RWM_PIPELINE=2 RWM_GEN_PIPE=1 RWM_GEN_R=unset RWM_GEN_RATE=9000 RWM_GEN_RATE_FLOOR=2000 RWM_GEN_INFLIGHT=unset RWM_OOO_RETAIN=0/16 RWM_WINDOW=unset RWM_REPORT_GENS=unset RWM_REPAIR_WAIT=unset RWM_CODED_SRC=0 RWM_NO_REACTIVE=0 RWM_XPATH_REPAIR=0 RWM_PROACTIVE_PACER=0 RWM_REASM_BDP=0 RWM_MIN_R=0 RWM_CC_PACE=0 RWM_CC_PACE_HR=1.1 RWM_REACT_CAP=unset RWM_INFL_CAP=0 RWM_INFL_BDP=unset RWM_COPA_FEED=0 RWM_RS_ATTR=1 RWM_EMIT_BATCH=0 RWM_EMIT_BURST=64 RWM_RECOV_MP=1 RWM_RECOV_MP_LAW=1 RWM_RECOV_MP_LIVE=0 RWM_RECOV_SP=0 RWM_DIAG=1 RWM_RDIAG=0 RWM_FDIAG=0 RWM_TRACE=0 RWM_PFRAC=0
{"bytes":200000000,"dnf":0,"hint":"bulk","max_s":10.6421,"mean_mbps":150.346,"mean_s":10.6421,"median_s":10.6421,"min_s":10.6421,"proto":"rp-native","runs":1,"stdev_s":0.0,"summary":true}
    LATPROBE: /tmp/rwm-ping.txt 205 replies
    CPU: CPUSRV=13.25s CPUCLI=16.17s (srv=decoder cli=sender; whole-invocation incl warmup)
    QDISC cli0: qdisc netem 8465: root refcnt 7 limit 1000 delay 5ms  3ms loss gemodel p 1.3% r 50% 1-h 100% 1-k 0% rate 100Mbit seed 7  Sent 113259129 bytes 92777 pkt (dropped 603, overlimits 0 requeues 0)   backlog 0b 0p requeues 0 
    QDISC cli1: qdisc netem 8466: root refcnt 7 limit 1000 delay 5ms  3ms loss gemodel p 1.3% r 50% 1-h 100% 1-k 0% rate 100Mbit seed 7  Sent 113735875 bytes 92958 pkt (dropped 617, overlimits 0 requeues 0)   backlog 0b 0p requeues 0 
    QDISC srv0: qdisc netem 8467: root refcnt 7 limit 1000 delay 5ms  3ms rate 100Mbit seed 14482457666706596054  Sent 15313672 bytes 63707 pkt (dropped 0, overlimits 0 requeues 0)   backlog 0b 0p requeues 0 
    QDISC srv1: qdisc netem 8468: root refcnt 7 limit 1000 delay 5ms  3ms rate 100Mbit seed 7085418804287805661  Sent 15020457 bytes 63986 pkt (dropped 0, overlimits 0 requeues 0)   backlog 0b 0p requeues 0 
    QCAP: /tmp/rwm-q.txt 18 lines
RUNTIME c7-D rep=8 15s
LATRESULT {"cell": "c7", "arm": "D", "seed": 7, "rep": 8, "dnf": false, "dnf_count": 0, "mbps": 150.346, "seconds": 10.642, "n_runs": 1, "occ_p50": 401, "occ_p90": 572, "occcap_p50": 4096, "q_p50": 16, "q_p95": 36, "q_p99": 48, "q_n": 77, "diag_lines": 42, "retx": 7132, "gates_cli_3t": 0, "gates_srv_3t": 0, "gates_cli_rs": 1, "gates_srv_rs": 1, "gates_lines_cli": 1, "gates_lines_srv": 1, "active_echo_cli": 0, "tt_eng1": 0, "ping_n": 205, "ping_p50": 21.0, "ping_p95": 46.7, "ping_p99": 60.4, "ping_max": 72.3, "ping_min": 9.39, "ping_tx": null, "ping_rx": null, "ping_loss": null, "wait_tun": 96, "wait_paused": 0, "wait_pace": 0, "wait_gen": 0, "wait_nack": 4, "wait_defc": 0, "wait_tail": 0, "wait_flush": 0, "wait_lines": 39, "dgq_hand": 178565, "dgq_tx": 178537, "dgq_full": 0, "dgq_err": 0, "dgq_gap": 28, "dgq_paths": 2, "tc_bytes": 226995004, "tc_pkts": 185735, "tc_drop": 1220, "tc_s": 15}
LIVENESS c7-D rep=8 cli=[RWM_THREE_TERM=0 RWM_PLAIN_RS=1] srv=[RWM_THREE_TERM=0 RWM_PLAIN_RS=1] active=0 eng1_lines=0 wait_lines=42 dgq_lines=41 ping_replies=205 (expect 3t=0 rs=1)
=== rep=8 arm=c2r200-A seed=7 env="" cell=c2r200/c2r200/single bytes=50000000 15:01:59
[2m2026-08-10T15:02:01.786258Z[0m [32m INFO[0m [2mraptorpath::gates[0m[2m:[0m [GATES] RWM_UNIFIED=1 RWM_UNIFIED_SHED=1 RWM_TAPER_R=1 RWM_ASTAR_ANCHOR=1 RWM_MSTAR_ANCHOR=1 RWM_PLAIN_RS=0 RWM_STORE_SACK_RELEASE=1 RWM_STORE_PATHS=1 RWM_STORE_PATH_POOL=2048 RWM_STORE=unset RWM_STORE_GAIN=2 RWM_STORE_BOOT=128 RWM_STORE_CAPW=0 RWM_STORE_CAP_UNIFIED=0 RWM_THREE_TERM=0 RWM_STORE_PERCAP=0 RWM_PERCAP_GUARD=1 RWM_STORE_BORROW=0 RWM_HONEST_CAP=1 RWM_POOL_ANCHOR=0 RWM_POOL_DELIV=0 RWM_FLOOR_BOUND=0 RWM_ACK_MERGE=1 RWM_PATIENCE_DERIVED=0 RWM_SIDLE_DERIVED=0 RWM_WIN_DECOUPLE=0 RWM_PLACE_SLACK=0 RWM_GEN=384 RWM_PIPELINE=2 RWM_GEN_PIPE=1 RWM_GEN_R=unset RWM_GEN_RATE=9000 RWM_GEN_RATE_FLOOR=2000 RWM_GEN_INFLIGHT=unset RWM_OOO_RETAIN=0/16 RWM_WINDOW=unset RWM_REPORT_GENS=unset RWM_REPAIR_WAIT=unset RWM_CODED_SRC=0 RWM_NO_REACTIVE=0 RWM_XPATH_REPAIR=0 RWM_PROACTIVE_PACER=0 RWM_REASM_BDP=0 RWM_MIN_R=0 RWM_CC_PACE=0 RWM_CC_PACE_HR=1.1 RWM_REACT_CAP=unset RWM_INFL_CAP=0 RWM_INFL_BDP=unset RWM_COPA_FEED=0 RWM_RS_ATTR=1 RWM_EMIT_BATCH=0 RWM_EMIT_BURST=64 RWM_RECOV_MP=1 RWM_RECOV_MP_LAW=1 RWM_RECOV_MP_LIVE=0 RWM_RECOV_SP=0 RWM_DIAG=1 RWM_RDIAG=0 RWM_FDIAG=0 RWM_TRACE=0 RWM_PFRAC=0
{"bytes":50000000,"dnf":0,"hint":"bulk","max_s":9.5982,"mean_mbps":41.675,"mean_s":9.5982,"median_s":9.5982,"min_s":9.5982,"proto":"rp-native","runs":1,"stdev_s":0.0,"summary":true}
    LATPROBE: /tmp/rwm-ping.txt 185 replies
    CPU: CPUSRV=3.40s CPUCLI=3.41s (srv=decoder cli=sender; whole-invocation incl warmup)
    QDISC cli0: qdisc netem 8469: root refcnt 7 limit 1000 delay 100ms loss gemodel p 1.3% r 50% 1-h 100% 1-k 0% rate 100Mbit seed 7  Sent 56208731 bytes 51683 pkt (dropped 368, overlimits 0 requeues 0)   backlog 2550b 8p requeues 0 
    QDISC cli1: qdisc netem 846a: root refcnt 7 limit 1000 delay 100ms loss gemodel p 1.3% r 50% 1-h 100% 1-k 0% rate 100Mbit seed 7  Sent 776 bytes 10 pkt (dropped 0, overlimits 0 requeues 0)   backlog 0b 0p requeues 0 
    QDISC srv0: qdisc netem 846b: root refcnt 7 limit 1000 delay 100ms rate 100Mbit seed 12501591074825905970  Sent 5657547 bytes 32303 pkt (dropped 0, overlimits 0 requeues 0)   backlog 2950b 6p requeues 0 
    QDISC srv1: qdisc netem 846c: root refcnt 7 limit 1000 delay 100ms rate 100Mbit seed 12120031214989111893  Sent 866 bytes 11 pkt (dropped 0, overlimits 0 requeues 0)   backlog 0b 0p requeues 0 
    QCAP: /tmp/rwm-q.txt 18 lines
RUNTIME c2r200-A rep=8 13s
LATRESULT {"cell": "c2r200", "arm": "A", "seed": 7, "rep": 8, "dnf": false, "dnf_count": 0, "mbps": 41.675, "seconds": 9.598, "n_runs": 1, "occ_p50": 1024, "occ_p90": 1024, "occcap_p50": 1024, "q_p50": 2, "q_p95": 4, "q_p99": 178, "q_n": 36, "diag_lines": 39, "retx": 1435, "gates_cli_3t": 0, "gates_srv_3t": 0, "gates_cli_rs": 0, "gates_srv_rs": 0, "gates_lines_cli": 1, "gates_lines_srv": 1, "active_echo_cli": 0, "tt_eng1": 0, "ping_n": 185, "ping_p50": 200.0, "ping_p95": 202.0, "ping_p99": 203.0, "ping_max": 205.0, "ping_min": 200.0, "ping_tx": null, "ping_rx": null, "ping_loss": null, "wait_tun": 15, "wait_paused": 66, "wait_pace": 0, "wait_gen": 0, "wait_nack": 20, "wait_defc": 0, "wait_tail": 1, "wait_flush": 0, "wait_lines": 36, "dgq_hand": 44043, "dgq_tx": 44034, "dgq_full": 0, "dgq_err": 0, "dgq_gap": 9, "dgq_paths": 1, "tc_bytes": 56209507, "tc_pkts": 51693, "tc_drop": 368, "tc_s": 13}
LIVENESS c2r200-A rep=8 cli=[RWM_THREE_TERM=0 RWM_PLAIN_RS=0] srv=[RWM_THREE_TERM=0 RWM_PLAIN_RS=0] active=0 eng1_lines=0 wait_lines=39 dgq_lines=37 ping_replies=185 (expect 3t=0 rs=0)
=== rep=8 arm=c2r200-B seed=7 env="RWM_THREE_TERM=1 RWM_PLAIN_RS=1" cell=c2r200/c2r200/single bytes=50000000 15:02:12
[2m2026-08-10T15:02:14.575475Z[0m [32m INFO[0m [2mraptorpath::gates[0m[2m:[0m [GATES] RWM_UNIFIED=1 RWM_UNIFIED_SHED=1 RWM_TAPER_R=1 RWM_ASTAR_ANCHOR=1 RWM_MSTAR_ANCHOR=1 RWM_PLAIN_RS=1 RWM_STORE_SACK_RELEASE=1 RWM_STORE_PATHS=1 RWM_STORE_PATH_POOL=2048 RWM_STORE=unset RWM_STORE_GAIN=2 RWM_STORE_BOOT=128 RWM_STORE_CAPW=0 RWM_STORE_CAP_UNIFIED=0 RWM_THREE_TERM=1 RWM_STORE_PERCAP=0 RWM_PERCAP_GUARD=1 RWM_STORE_BORROW=0 RWM_HONEST_CAP=1 RWM_POOL_ANCHOR=0 RWM_POOL_DELIV=0 RWM_FLOOR_BOUND=0 RWM_ACK_MERGE=1 RWM_PATIENCE_DERIVED=0 RWM_SIDLE_DERIVED=0 RWM_WIN_DECOUPLE=0 RWM_PLACE_SLACK=0 RWM_GEN=384 RWM_PIPELINE=2 RWM_GEN_PIPE=1 RWM_GEN_R=unset RWM_GEN_RATE=9000 RWM_GEN_RATE_FLOOR=2000 RWM_GEN_INFLIGHT=unset RWM_OOO_RETAIN=0/16 RWM_WINDOW=unset RWM_REPORT_GENS=unset RWM_REPAIR_WAIT=unset RWM_CODED_SRC=0 RWM_NO_REACTIVE=0 RWM_XPATH_REPAIR=0 RWM_PROACTIVE_PACER=0 RWM_REASM_BDP=0 RWM_MIN_R=0 RWM_CC_PACE=0 RWM_CC_PACE_HR=1.1 RWM_REACT_CAP=unset RWM_INFL_CAP=0 RWM_INFL_BDP=unset RWM_COPA_FEED=0 RWM_RS_ATTR=1 RWM_EMIT_BATCH=0 RWM_EMIT_BURST=64 RWM_RECOV_MP=1 RWM_RECOV_MP_LAW=1 RWM_RECOV_MP_LIVE=0 RWM_RECOV_SP=0 RWM_DIAG=1 RWM_RDIAG=0 RWM_FDIAG=0 RWM_TRACE=0 RWM_PFRAC=0
{"bytes":50000000,"dnf":0,"hint":"bulk","max_s":7.2021,"mean_mbps":55.54,"mean_s":7.2021,"median_s":7.2021,"min_s":7.2021,"proto":"rp-native","runs":1,"stdev_s":0.0,"summary":true}
    LATPROBE: /tmp/rwm-ping.txt 145 replies
    CPU: CPUSRV=3.73s CPUCLI=8.05s (srv=decoder cli=sender; whole-invocation incl warmup)
    QDISC cli0: qdisc netem 846d: root refcnt 7 limit 1000 delay 100ms loss gemodel p 1.3% r 50% 1-h 100% 1-k 0% rate 100Mbit seed 7  Sent 59205578 bytes 48269 pkt (dropped 650, overlimits 0 requeues 0)   backlog 1305b 6p requeues 0 
    QDISC cli1: qdisc netem 846e: root refcnt 7 limit 1000 delay 100ms loss gemodel p 1.3% r 50% 1-h 100% 1-k 0% rate 100Mbit seed 7  Sent 776 bytes 10 pkt (dropped 0, overlimits 0 requeues 0)   backlog 0b 0p requeues 0 
    QDISC srv0: qdisc netem 846f: root refcnt 7 limit 1000 delay 100ms rate 100Mbit seed 2290885202797000524  Sent 6815979 bytes 34931 pkt (dropped 0, overlimits 0 requeues 0)   backlog 1192b 6p requeues 0 
    QDISC srv1: qdisc netem 8470: root refcnt 7 limit 1000 delay 100ms rate 100Mbit seed 14587907226059385465  Sent 866 bytes 11 pkt (dropped 0, overlimits 0 requeues 0)   backlog 0b 0p requeues 0 
    QCAP: /tmp/rwm-q.txt 18 lines
RUNTIME c2r200-B rep=8 10s
LATRESULT {"cell": "c2r200", "arm": "B", "seed": 7, "rep": 8, "dnf": false, "dnf_count": 0, "mbps": 55.54, "seconds": 7.202, "n_runs": 1, "occ_p50": 3784, "occ_p90": 4074, "occcap_p50": 4096, "q_p50": 243, "q_p95": 355, "q_p99": 369, "q_n": 14, "diag_lines": 29, "retx": 5015, "gates_cli_3t": 1, "gates_srv_3t": 1, "gates_cli_rs": 1, "gates_srv_rs": 1, "gates_lines_cli": 1, "gates_lines_srv": 1, "active_echo_cli": 1, "tt_eng1": 3, "ping_n": 145, "ping_p50": 223.0, "ping_p95": 475.0, "ping_p99": 482.0, "ping_max": 526.0, "ping_min": 200.0, "ping_tx": null, "ping_rx": null, "ping_loss": null, "wait_tun": 51, "wait_paused": 8, "wait_pace": 0, "wait_gen": 0, "wait_nack": 17, "wait_defc": 0, "wait_tail": 0, "wait_flush": 0, "wait_lines": 26, "dgq_hand": 47565, "dgq_tx": 47555, "dgq_full": 0, "dgq_err": 0, "dgq_gap": 10, "dgq_paths": 1, "tc_bytes": 59207659, "tc_pkts": 48285, "tc_drop": 650, "tc_s": 10}
LIVENESS c2r200-B rep=8 cli=[RWM_THREE_TERM=1 RWM_PLAIN_RS=1] srv=[RWM_THREE_TERM=1 RWM_PLAIN_RS=1] active=1 eng1_lines=3 wait_lines=29 dgq_lines=14 ping_replies=145 (expect 3t=1 rs=1)
=== rep=8 arm=c2r200-D seed=7 env="RWM_PLAIN_RS=1" cell=c2r200/c2r200/single bytes=50000000 15:02:22
[2m2026-08-10T15:02:24.980895Z[0m [32m INFO[0m [2mraptorpath::gates[0m[2m:[0m [GATES] RWM_UNIFIED=1 RWM_UNIFIED_SHED=1 RWM_TAPER_R=1 RWM_ASTAR_ANCHOR=1 RWM_MSTAR_ANCHOR=1 RWM_PLAIN_RS=1 RWM_STORE_SACK_RELEASE=1 RWM_STORE_PATHS=1 RWM_STORE_PATH_POOL=2048 RWM_STORE=unset RWM_STORE_GAIN=2 RWM_STORE_BOOT=128 RWM_STORE_CAPW=0 RWM_STORE_CAP_UNIFIED=0 RWM_THREE_TERM=0 RWM_STORE_PERCAP=0 RWM_PERCAP_GUARD=1 RWM_STORE_BORROW=0 RWM_HONEST_CAP=1 RWM_POOL_ANCHOR=0 RWM_POOL_DELIV=0 RWM_FLOOR_BOUND=0 RWM_ACK_MERGE=1 RWM_PATIENCE_DERIVED=0 RWM_SIDLE_DERIVED=0 RWM_WIN_DECOUPLE=0 RWM_PLACE_SLACK=0 RWM_GEN=384 RWM_PIPELINE=2 RWM_GEN_PIPE=1 RWM_GEN_R=unset RWM_GEN_RATE=9000 RWM_GEN_RATE_FLOOR=2000 RWM_GEN_INFLIGHT=unset RWM_OOO_RETAIN=0/16 RWM_WINDOW=unset RWM_REPORT_GENS=unset RWM_REPAIR_WAIT=unset RWM_CODED_SRC=0 RWM_NO_REACTIVE=0 RWM_XPATH_REPAIR=0 RWM_PROACTIVE_PACER=0 RWM_REASM_BDP=0 RWM_MIN_R=0 RWM_CC_PACE=0 RWM_CC_PACE_HR=1.1 RWM_REACT_CAP=unset RWM_INFL_CAP=0 RWM_INFL_BDP=unset RWM_COPA_FEED=0 RWM_RS_ATTR=1 RWM_EMIT_BATCH=0 RWM_EMIT_BURST=64 RWM_RECOV_MP=1 RWM_RECOV_MP_LAW=1 RWM_RECOV_MP_LIVE=0 RWM_RECOV_SP=0 RWM_DIAG=1 RWM_RDIAG=0 RWM_FDIAG=0 RWM_TRACE=0 RWM_PFRAC=0
{"bytes":50000000,"dnf":0,"hint":"bulk","max_s":9.7888,"mean_mbps":40.863,"mean_s":9.7888,"median_s":9.7888,"min_s":9.7888,"proto":"rp-native","runs":1,"stdev_s":0.0,"summary":true}
    LATPROBE: /tmp/rwm-ping.txt 189 replies
    CPU: CPUSRV=3.47s CPUCLI=4.15s (srv=decoder cli=sender; whole-invocation incl warmup)
    QDISC cli0: qdisc netem 8471: root refcnt 7 limit 1000 delay 100ms loss gemodel p 1.3% r 50% 1-h 100% 1-k 0% rate 100Mbit seed 7  Sent 56389311 bytes 49968 pkt (dropped 357, overlimits 0 requeues 0)   backlog 2818b 19p requeues 0 
    QDISC cli1: qdisc netem 8472: root refcnt 7 limit 1000 delay 100ms loss gemodel p 1.3% r 50% 1-h 100% 1-k 0% rate 100Mbit seed 7  Sent 776 bytes 10 pkt (dropped 0, overlimits 0 requeues 0)   backlog 0b 0p requeues 0 
    QDISC srv0: qdisc netem 8473: root refcnt 7 limit 1000 delay 100ms rate 100Mbit seed 15696462280997924655  Sent 5756754 bytes 33480 pkt (dropped 0, overlimits 0 requeues 0)   backlog 4145b 27p requeues 0 
    QDISC srv1: qdisc netem 8474: root refcnt 7 limit 1000 delay 100ms rate 100Mbit seed 651367285536279487  Sent 866 bytes 11 pkt (dropped 0, overlimits 0 requeues 0)   backlog 0b 0p requeues 0 
    QCAP: /tmp/rwm-q.txt 18 lines
RUNTIME c2r200-D rep=8 13s
LATRESULT {"cell": "c2r200", "arm": "D", "seed": 7, "rep": 8, "dnf": false, "dnf_count": 0, "mbps": 40.863, "seconds": 9.789, "n_runs": 1, "occ_p50": 1022, "occ_p90": 1024, "occcap_p50": 1024, "q_p50": 3, "q_p95": 6, "q_p99": 39, "q_n": 33, "diag_lines": 39, "retx": 1542, "gates_cli_3t": 0, "gates_srv_3t": 0, "gates_cli_rs": 1, "gates_srv_rs": 1, "gates_lines_cli": 1, "gates_lines_srv": 1, "active_echo_cli": 0, "tt_eng1": 0, "ping_n": 189, "ping_p50": 200.0, "ping_p95": 202.0, "ping_p99": 202.0, "ping_max": 204.0, "ping_min": 200.0, "ping_tx": null, "ping_rx": null, "ping_loss": null, "wait_tun": 16, "wait_paused": 55, "wait_pace": 0, "wait_gen": 0, "wait_nack": 28, "wait_defc": 0, "wait_tail": 1, "wait_flush": 0, "wait_lines": 36, "dgq_hand": 44096, "dgq_tx": 44096, "dgq_full": 0, "dgq_err": 0, "dgq_gap": 0, "dgq_paths": 1, "tc_bytes": 56392905, "tc_pkts": 49997, "tc_drop": 357, "tc_s": 13}
LIVENESS c2r200-D rep=8 cli=[RWM_THREE_TERM=0 RWM_PLAIN_RS=1] srv=[RWM_THREE_TERM=0 RWM_PLAIN_RS=1] active=0 eng1_lines=0 wait_lines=39 dgq_lines=33 ping_replies=189 (expect 3t=0 rs=1)
=== rep=8 arm=c1-A seed=7 env="" cell=c1/c1/single bytes=400000000 15:02:35
[2m2026-08-10T15:02:37.567870Z[0m [32m INFO[0m [2mraptorpath::gates[0m[2m:[0m [GATES] RWM_UNIFIED=1 RWM_UNIFIED_SHED=1 RWM_TAPER_R=1 RWM_ASTAR_ANCHOR=1 RWM_MSTAR_ANCHOR=1 RWM_PLAIN_RS=0 RWM_STORE_SACK_RELEASE=1 RWM_STORE_PATHS=1 RWM_STORE_PATH_POOL=2048 RWM_STORE=unset RWM_STORE_GAIN=2 RWM_STORE_BOOT=128 RWM_STORE_CAPW=0 RWM_STORE_CAP_UNIFIED=0 RWM_THREE_TERM=0 RWM_STORE_PERCAP=0 RWM_PERCAP_GUARD=1 RWM_STORE_BORROW=0 RWM_HONEST_CAP=1 RWM_POOL_ANCHOR=0 RWM_POOL_DELIV=0 RWM_FLOOR_BOUND=0 RWM_ACK_MERGE=1 RWM_PATIENCE_DERIVED=0 RWM_SIDLE_DERIVED=0 RWM_WIN_DECOUPLE=0 RWM_PLACE_SLACK=0 RWM_GEN=384 RWM_PIPELINE=2 RWM_GEN_PIPE=1 RWM_GEN_R=unset RWM_GEN_RATE=9000 RWM_GEN_RATE_FLOOR=2000 RWM_GEN_INFLIGHT=unset RWM_OOO_RETAIN=0/16 RWM_WINDOW=unset RWM_REPORT_GENS=unset RWM_REPAIR_WAIT=unset RWM_CODED_SRC=0 RWM_NO_REACTIVE=0 RWM_XPATH_REPAIR=0 RWM_PROACTIVE_PACER=0 RWM_REASM_BDP=0 RWM_MIN_R=0 RWM_CC_PACE=0 RWM_CC_PACE_HR=1.1 RWM_REACT_CAP=unset RWM_INFL_CAP=0 RWM_INFL_BDP=unset RWM_COPA_FEED=0 RWM_RS_ATTR=1 RWM_EMIT_BATCH=0 RWM_EMIT_BURST=64 RWM_RECOV_MP=1 RWM_RECOV_MP_LAW=1 RWM_RECOV_MP_LIVE=0 RWM_RECOV_SP=0 RWM_DIAG=1 RWM_RDIAG=0 RWM_FDIAG=0 RWM_TRACE=0 RWM_PFRAC=0
{"bytes":400000000,"dnf":0,"hint":"bulk","max_s":13.9269,"mean_mbps":229.771,"mean_s":13.9269,"median_s":13.9269,"min_s":13.9269,"proto":"rp-native","runs":1,"stdev_s":0.0,"summary":true}
    LATPROBE: /tmp/rwm-ping.txt 278 replies
    CPU: CPUSRV=14.89s CPUCLI=15.03s (srv=decoder cli=sender; whole-invocation incl warmup)
    QDISC cli0: qdisc netem 8475: root refcnt 7 limit 1000 delay 1ms loss gemodel p 0.05% r 50% 1-h 100% 1-k 0% rate 1Gbit seed 7  Sent 438512307 bytes 347792 pkt (dropped 57, overlimits 0 requeues 0)   backlog 0b 0p requeues 0 
    QDISC cli1: qdisc netem 8476: root refcnt 7 limit 1000 delay 1ms loss gemodel p 0.05% r 50% 1-h 100% 1-k 0% rate 1Gbit seed 7  Sent 846 bytes 11 pkt (dropped 0, overlimits 0 requeues 0)   backlog 0b 0p requeues 0 
    QDISC srv0: qdisc netem 8477: root refcnt 7 limit 1000 delay 1ms rate 1Gbit seed 12523448677002289499  Sent 31640993 bytes 86385 pkt (dropped 0, overlimits 0 requeues 0)   backlog 0b 0p requeues 0 
    QDISC srv1: qdisc netem 8478: root refcnt 7 limit 1000 delay 1ms rate 1Gbit seed 2651917537292252227  Sent 866 bytes 11 pkt (dropped 0, overlimits 0 requeues 0)   backlog 0b 0p requeues 0 
    QCAP: /tmp/rwm-q.txt 18 lines
RUNTIME c1-A rep=8 16s
LATRESULT {"cell": "c1", "arm": "A", "seed": 7, "rep": 8, "dnf": false, "dnf_count": 0, "mbps": 229.771, "seconds": 13.927, "n_runs": 1, "occ_p50": 247, "occ_p90": 368, "occcap_p50": 522, "q_p50": 8, "q_p95": 12, "q_p99": 14, "q_n": 31, "diag_lines": 55, "retx": 833, "gates_cli_3t": 0, "gates_srv_3t": 0, "gates_cli_rs": 0, "gates_srv_rs": 0, "gates_lines_cli": 1, "gates_lines_srv": 1, "active_echo_cli": 0, "tt_eng1": 0, "ping_n": 278, "ping_p50": 2.06, "ping_p95": 2.63, "ping_p99": 2.73, "ping_max": 3.45, "ping_min": 2.03, "ping_tx": null, "ping_rx": null, "ping_loss": null, "wait_tun": 65, "wait_paused": 34, "wait_pace": 0, "wait_gen": 0, "wait_nack": 0, "wait_defc": 0, "wait_tail": 0, "wait_flush": 0, "wait_lines": 52, "dgq_hand": 336565, "dgq_tx": 336447, "dgq_full": 0, "dgq_err": 0, "dgq_gap": 118, "dgq_paths": 1, "tc_bytes": 438513153, "tc_pkts": 347803, "tc_drop": 57, "tc_s": 16}
LIVENESS c1-A rep=8 cli=[RWM_THREE_TERM=0 RWM_PLAIN_RS=0] srv=[RWM_THREE_TERM=0 RWM_PLAIN_RS=0] active=0 eng1_lines=0 wait_lines=55 dgq_lines=35 ping_replies=278 (expect 3t=0 rs=0)
=== rep=8 arm=c1-B seed=7 env="RWM_THREE_TERM=1 RWM_PLAIN_RS=1" cell=c1/c1/single bytes=400000000 15:02:51
[2m2026-08-10T15:02:53.678835Z[0m [32m INFO[0m [2mraptorpath::gates[0m[2m:[0m [GATES] RWM_UNIFIED=1 RWM_UNIFIED_SHED=1 RWM_TAPER_R=1 RWM_ASTAR_ANCHOR=1 RWM_MSTAR_ANCHOR=1 RWM_PLAIN_RS=1 RWM_STORE_SACK_RELEASE=1 RWM_STORE_PATHS=1 RWM_STORE_PATH_POOL=2048 RWM_STORE=unset RWM_STORE_GAIN=2 RWM_STORE_BOOT=128 RWM_STORE_CAPW=0 RWM_STORE_CAP_UNIFIED=0 RWM_THREE_TERM=1 RWM_STORE_PERCAP=0 RWM_PERCAP_GUARD=1 RWM_STORE_BORROW=0 RWM_HONEST_CAP=1 RWM_POOL_ANCHOR=0 RWM_POOL_DELIV=0 RWM_FLOOR_BOUND=0 RWM_ACK_MERGE=1 RWM_PATIENCE_DERIVED=0 RWM_SIDLE_DERIVED=0 RWM_WIN_DECOUPLE=0 RWM_PLACE_SLACK=0 RWM_GEN=384 RWM_PIPELINE=2 RWM_GEN_PIPE=1 RWM_GEN_R=unset RWM_GEN_RATE=9000 RWM_GEN_RATE_FLOOR=2000 RWM_GEN_INFLIGHT=unset RWM_OOO_RETAIN=0/16 RWM_WINDOW=unset RWM_REPORT_GENS=unset RWM_REPAIR_WAIT=unset RWM_CODED_SRC=0 RWM_NO_REACTIVE=0 RWM_XPATH_REPAIR=0 RWM_PROACTIVE_PACER=0 RWM_REASM_BDP=0 RWM_MIN_R=0 RWM_CC_PACE=0 RWM_CC_PACE_HR=1.1 RWM_REACT_CAP=unset RWM_INFL_CAP=0 RWM_INFL_BDP=unset RWM_COPA_FEED=0 RWM_RS_ATTR=1 RWM_EMIT_BATCH=0 RWM_EMIT_BURST=64 RWM_RECOV_MP=1 RWM_RECOV_MP_LAW=1 RWM_RECOV_MP_LIVE=0 RWM_RECOV_SP=0 RWM_DIAG=1 RWM_RDIAG=0 RWM_FDIAG=0 RWM_TRACE=0 RWM_PFRAC=0
{"bytes":400000000,"dnf":0,"hint":"bulk","max_s":21.4197,"mean_mbps":149.396,"mean_s":21.4197,"median_s":21.4197,"min_s":21.4197,"proto":"rp-native","runs":1,"stdev_s":0.0,"summary":true}
    LATPROBE: /tmp/rwm-ping.txt 426 replies
    CPU: CPUSRV=20.65s CPUCLI=27.84s (srv=decoder cli=sender; whole-invocation incl warmup)
    QDISC cli0: qdisc netem 8479: root refcnt 7 limit 1000 delay 1ms loss gemodel p 0.05% r 50% 1-h 100% 1-k 0% rate 1Gbit seed 7  Sent 438496519 bytes 351789 pkt (dropped 58, overlimits 0 requeues 0)   backlog 0b 0p requeues 0 
    QDISC cli1: qdisc netem 847a: root refcnt 7 limit 1000 delay 1ms loss gemodel p 0.05% r 50% 1-h 100% 1-k 0% rate 1Gbit seed 7  Sent 846 bytes 11 pkt (dropped 0, overlimits 0 requeues 0)   backlog 0b 0p requeues 0 
    QDISC srv0: qdisc netem 847b: root refcnt 7 limit 1000 delay 1ms rate 1Gbit seed 7808857810442371125  Sent 36697967 bytes 150645 pkt (dropped 0, overlimits 0 requeues 0)   backlog 0b 0p requeues 0 
    QDISC srv1: qdisc netem 847c: root refcnt 7 limit 1000 delay 1ms rate 1Gbit seed 2480671580429156673  Sent 936 bytes 12 pkt (dropped 0, overlimits 0 requeues 0)   backlog 0b 0p requeues 0 
    QCAP: /tmp/rwm-q.txt 18 lines
RUNTIME c1-B rep=8 24s
LATRESULT {"cell": "c1", "arm": "B", "seed": 7, "rep": 8, "dnf": false, "dnf_count": 0, "mbps": 149.396, "seconds": 21.42, "n_runs": 1, "occ_p50": 159, "occ_p90": 254, "occcap_p50": 366, "q_p50": 10, "q_p95": 15, "q_p99": 17, "q_n": 65, "diag_lines": 85, "retx": 597, "gates_cli_3t": 1, "gates_srv_3t": 1, "gates_cli_rs": 1, "gates_srv_rs": 1, "gates_lines_cli": 1, "gates_lines_srv": 1, "active_echo_cli": 1, "tt_eng1": 10, "ping_n": 426, "ping_p50": 2.06, "ping_p95": 2.54, "ping_p99": 2.82, "ping_max": 2.96, "ping_min": 2.03, "ping_tx": null, "ping_rx": null, "ping_loss": null, "wait_tun": 94, "wait_paused": 4, "wait_pace": 0, "wait_gen": 0, "wait_nack": 0, "wait_defc": 0, "wait_tail": 0, "wait_flush": 0, "wait_lines": 82, "dgq_hand": 339169, "dgq_tx": 339164, "dgq_full": 0, "dgq_err": 0, "dgq_gap": 5, "dgq_paths": 1, "tc_bytes": 438497565, "tc_pkts": 351802, "tc_drop": 58, "tc_s": 24}
LIVENESS c1-B rep=8 cli=[RWM_THREE_TERM=1 RWM_PLAIN_RS=1] srv=[RWM_THREE_TERM=1 RWM_PLAIN_RS=1] active=1 eng1_lines=10 wait_lines=85 dgq_lines=65 ping_replies=426 (expect 3t=1 rs=1)
=== rep=8 arm=c1-D seed=7 env="RWM_PLAIN_RS=1" cell=c1/c1/single bytes=400000000 15:03:15
[2m2026-08-10T15:03:17.292505Z[0m [32m INFO[0m [2mraptorpath::gates[0m[2m:[0m [GATES] RWM_UNIFIED=1 RWM_UNIFIED_SHED=1 RWM_TAPER_R=1 RWM_ASTAR_ANCHOR=1 RWM_MSTAR_ANCHOR=1 RWM_PLAIN_RS=1 RWM_STORE_SACK_RELEASE=1 RWM_STORE_PATHS=1 RWM_STORE_PATH_POOL=2048 RWM_STORE=unset RWM_STORE_GAIN=2 RWM_STORE_BOOT=128 RWM_STORE_CAPW=0 RWM_STORE_CAP_UNIFIED=0 RWM_THREE_TERM=0 RWM_STORE_PERCAP=0 RWM_PERCAP_GUARD=1 RWM_STORE_BORROW=0 RWM_HONEST_CAP=1 RWM_POOL_ANCHOR=0 RWM_POOL_DELIV=0 RWM_FLOOR_BOUND=0 RWM_ACK_MERGE=1 RWM_PATIENCE_DERIVED=0 RWM_SIDLE_DERIVED=0 RWM_WIN_DECOUPLE=0 RWM_PLACE_SLACK=0 RWM_GEN=384 RWM_PIPELINE=2 RWM_GEN_PIPE=1 RWM_GEN_R=unset RWM_GEN_RATE=9000 RWM_GEN_RATE_FLOOR=2000 RWM_GEN_INFLIGHT=unset RWM_OOO_RETAIN=0/16 RWM_WINDOW=unset RWM_REPORT_GENS=unset RWM_REPAIR_WAIT=unset RWM_CODED_SRC=0 RWM_NO_REACTIVE=0 RWM_XPATH_REPAIR=0 RWM_PROACTIVE_PACER=0 RWM_REASM_BDP=0 RWM_MIN_R=0 RWM_CC_PACE=0 RWM_CC_PACE_HR=1.1 RWM_REACT_CAP=unset RWM_INFL_CAP=0 RWM_INFL_BDP=unset RWM_COPA_FEED=0 RWM_RS_ATTR=1 RWM_EMIT_BATCH=0 RWM_EMIT_BURST=64 RWM_RECOV_MP=1 RWM_RECOV_MP_LAW=1 RWM_RECOV_MP_LIVE=0 RWM_RECOV_SP=0 RWM_DIAG=1 RWM_RDIAG=0 RWM_FDIAG=0 RWM_TRACE=0 RWM_PFRAC=0
{"bytes":400000000,"dnf":0,"hint":"bulk","max_s":21.4778,"mean_mbps":148.991,"mean_s":21.4778,"median_s":21.4778,"min_s":21.4778,"proto":"rp-native","runs":1,"stdev_s":0.0,"summary":true}
    LATPROBE: /tmp/rwm-ping.txt 428 replies
    CPU: CPUSRV=17.84s CPUCLI=24.17s (srv=decoder cli=sender; whole-invocation incl warmup)
    QDISC cli0: qdisc netem 847d: root refcnt 7 limit 1000 delay 1ms loss gemodel p 0.05% r 50% 1-h 100% 1-k 0% rate 1Gbit seed 7  Sent 439539311 bytes 360268 pkt (dropped 61, overlimits 0 requeues 0)   backlog 0b 0p requeues 0 
    QDISC cli1: qdisc netem 847e: root refcnt 7 limit 1000 delay 1ms loss gemodel p 0.05% r 50% 1-h 100% 1-k 0% rate 1Gbit seed 7  Sent 846 bytes 11 pkt (dropped 0, overlimits 0 requeues 0)   backlog 0b 0p requeues 0 
    QDISC srv0: qdisc netem 847f: root refcnt 7 limit 1000 delay 1ms rate 1Gbit seed 11167509268747446042  Sent 34732694 bytes 122988 pkt (dropped 0, overlimits 0 requeues 0)   backlog 0b 0p requeues 0 
    QDISC srv1: qdisc netem 8480: root refcnt 7 limit 1000 delay 1ms rate 1Gbit seed 12683162353786027427  Sent 936 bytes 12 pkt (dropped 0, overlimits 0 requeues 0)   backlog 0b 0p requeues 0 
    QCAP: /tmp/rwm-q.txt 18 lines
RUNTIME c1-D rep=8 23s
LATRESULT {"cell": "c1", "arm": "D", "seed": 7, "rep": 8, "dnf": false, "dnf_count": 0, "mbps": 148.991, "seconds": 21.478, "n_runs": 1, "occ_p50": 167, "occ_p90": 348, "occcap_p50": 128, "q_p50": 12, "q_p95": 19, "q_p99": 27, "q_n": 41, "diag_lines": 85, "retx": 730, "gates_cli_3t": 0, "gates_srv_3t": 0, "gates_cli_rs": 1, "gates_srv_rs": 1, "gates_lines_cli": 1, "gates_lines_srv": 1, "active_echo_cli": 0, "tt_eng1": 0, "ping_n": 428, "ping_p50": 2.06, "ping_p95": 2.41, "ping_p99": 2.68, "ping_max": 2.77, "ping_min": 2.03, "ping_tx": null, "ping_rx": null, "ping_loss": null, "wait_tun": 52, "wait_paused": 46, "wait_pace": 0, "wait_gen": 0, "wait_nack": 0, "wait_defc": 0, "wait_tail": 0, "wait_flush": 0, "wait_lines": 82, "dgq_hand": 338040, "dgq_tx": 338040, "dgq_full": 0, "dgq_err": 0, "dgq_gap": 0, "dgq_paths": 1, "tc_bytes": 439540257, "tc_pkts": 360280, "tc_drop": 61, "tc_s": 23}
LIVENESS c1-D rep=8 cli=[RWM_THREE_TERM=0 RWM_PLAIN_RS=1] srv=[RWM_THREE_TERM=0 RWM_PLAIN_RS=1] active=0 eng1_lines=0 wait_lines=85 dgq_lines=43 ping_replies=428 (expect 3t=0 rs=1)
=== ARMCOUNTS 2026-08-10T15:03:39Z
ARMCOUNT sc2-A n=8/8
ARMCOUNT sc2-B n=8/8
ARMCOUNT sc2-D n=8/8
ARMCOUNT sc3-A n=8/8
ARMCOUNT sc3-B n=8/8
ARMCOUNT sc3-D n=8/8
ARMCOUNT c2r100-A n=8/8
ARMCOUNT c2r100-B n=8/8
ARMCOUNT c2r100-D n=8/8
ARMCOUNT c7-A n=8/8
ARMCOUNT c7-B n=8/8
ARMCOUNT c7-D n=8/8
ARMCOUNT c2r200-A n=8/8
ARMCOUNT c2r200-B n=8/8
ARMCOUNT c2r200-D n=8/8
ARMCOUNT c1-A n=8/8
ARMCOUNT c1-B n=8/8
ARMCOUNT c1-D n=8/8
LAT-BATTERY-DONE seed=7 2026-08-10T15:03:39Z
