=== LAT BATTERY seed=7 reps=8 cells='sc2 sc3 c7' 2026-08-10T15:06:16Z
=== binary sha256 44e5eff7415766861803dc365c5ad761f0e77b5b2f28886952b206bc94a04b01
=== source 9f5adc0
Model name:                              Intel(R) Xeon(R) CPU E5-2650 v3 @ 2.30GHz
Flags:                                   fpu vme de pse tsc msr pae mce cx8 apic sep mtrr pge mca cmov pat pse36 clflush mmx fxsr sse sse2 ss ht syscall nx pdpe1gb rdtscp lm arch_perfmon rep_good nopl xtopology cpuid tsc_known_freq pni pclmulqdq vmx ssse3 fma cx16 pdcm pcid sse4_1 sse4_2 x2apic movbe popcnt tsc_deadline_timer aes xsave avx f16c rdrand hypervisor lahf_lm abm cpuid_fault pti ssbd ibrs ibpb stibp tpr_shadow flexpriority ept vpid ept_ad fsgsbase tsc_adjust bmi1 avx2 smep bmi2 erms invpcid xsaveopt arat vnmi umip md_clear flush_l1d arch_capabilities
=== rep=1 arm=sc2-A seed=7 env="" cell=c2/c2/single bytes=100000000 15:06:16
[2m2026-08-10T15:06:18.337370Z[0m [32m INFO[0m [2mraptorpath::gates[0m[2m:[0m [GATES] RWM_UNIFIED=1 RWM_UNIFIED_SHED=1 RWM_TAPER_R=1 RWM_ASTAR_ANCHOR=1 RWM_MSTAR_ANCHOR=1 RWM_PLAIN_RS=0 RWM_STORE_SACK_RELEASE=1 RWM_STORE_PATHS=1 RWM_STORE_PATH_POOL=2048 RWM_STORE=unset RWM_STORE_GAIN=2 RWM_STORE_BOOT=128 RWM_STORE_CAPW=0 RWM_STORE_CAP_UNIFIED=0 RWM_THREE_TERM=0 RWM_STORE_PERCAP=0 RWM_PERCAP_GUARD=1 RWM_STORE_BORROW=0 RWM_HONEST_CAP=1 RWM_POOL_ANCHOR=0 RWM_POOL_DELIV=0 RWM_FLOOR_BOUND=0 RWM_ACK_MERGE=1 RWM_PATIENCE_DERIVED=0 RWM_SIDLE_DERIVED=0 RWM_WIN_DECOUPLE=0 RWM_PLACE_SLACK=0 RWM_GEN=384 RWM_PIPELINE=2 RWM_GEN_PIPE=1 RWM_GEN_R=unset RWM_GEN_RATE=9000 RWM_GEN_RATE_FLOOR=2000 RWM_GEN_INFLIGHT=unset RWM_OOO_RETAIN=0/16 RWM_WINDOW=unset RWM_REPORT_GENS=unset RWM_REPAIR_WAIT=unset RWM_CODED_SRC=0 RWM_NO_REACTIVE=0 RWM_XPATH_REPAIR=0 RWM_PROACTIVE_PACER=0 RWM_REASM_BDP=0 RWM_MIN_R=0 RWM_CC_PACE=0 RWM_CC_PACE_HR=1.1 RWM_REACT_CAP=unset RWM_INFL_CAP=0 RWM_INFL_BDP=unset RWM_COPA_FEED=0 RWM_RS_ATTR=1 RWM_EMIT_BATCH=0 RWM_EMIT_BURST=64 RWM_RECOV_MP=1 RWM_RECOV_MP_LAW=1 RWM_RECOV_MP_LIVE=0 RWM_RECOV_SP=0 RWM_DIAG=1 RWM_RDIAG=0 RWM_FDIAG=0 RWM_TRACE=0 RWM_PFRAC=0
{"bytes":100000000,"dnf":0,"hint":"bulk","max_s":9.0758,"mean_mbps":88.146,"mean_s":9.0758,"median_s":9.0758,"min_s":9.0758,"proto":"rp-native","runs":1,"stdev_s":0.0,"summary":true}
    LATPROBE: /tmp/rwm-ping.txt 165 replies
    CPU: CPUSRV=6.28s CPUCLI=5.52s (srv=decoder cli=sender; whole-invocation incl warmup)
    QDISC cli0: qdisc netem 8481: root refcnt 7 limit 1000 delay 5ms  3ms loss gemodel p 1.3% r 50% 1-h 100% 1-k 0% rate 100Mbit seed 7  Sent 111837058 bytes 90540 pkt (dropped 481, overlimits 0 requeues 0)   backlog 0b 0p requeues 0 
    QDISC cli1: qdisc netem 8482: root refcnt 7 limit 1000 delay 5ms  3ms loss gemodel p 1.3% r 50% 1-h 100% 1-k 0% rate 100Mbit seed 7  Sent 588 bytes 8 pkt (dropped 2, overlimits 0 requeues 0)   backlog 0b 0p requeues 0 
    QDISC srv0: qdisc netem 8483: root refcnt 7 limit 1000 delay 5ms  3ms rate 100Mbit seed 14255121556428696717  Sent 11277009 bytes 65702 pkt (dropped 0, overlimits 0 requeues 0)   backlog 144b 2p requeues 0 
    QDISC srv1: qdisc netem 8484: root refcnt 7 limit 1000 delay 5ms  3ms rate 100Mbit seed 2609068017754603944  Sent 768 bytes 10 pkt (dropped 0, overlimits 0 requeues 0)   backlog 0b 0p requeues 0 
    QCAP: /tmp/rwm-q.txt 18 lines
RUNTIME sc2-A rep=1 11s
LATRESULT {"cell": "sc2", "arm": "A", "seed": 7, "rep": 1, "dnf": false, "dnf_count": 0, "mbps": 88.146, "seconds": 9.076, "n_runs": 1, "occ_p50": 1007, "occ_p90": 1024, "occcap_p50": 1024, "q_p50": 91, "q_p95": 94, "q_p99": 100, "q_n": 33, "diag_lines": 36, "retx": 3201, "gates_cli_3t": 0, "gates_srv_3t": 0, "gates_cli_rs": 0, "gates_srv_rs": 0, "gates_lines_cli": 1, "gates_lines_srv": 1, "active_echo_cli": 0, "tt_eng1": 0, "ping_n": 165, "ping_p50": 67.5, "ping_p95": 105.0, "ping_p99": 107.0, "ping_max": 107.0, "ping_min": 9.71, "ping_tx": null, "ping_rx": null, "ping_loss": null, "wait_tun": 29, "wait_paused": 42, "wait_pace": 0, "wait_gen": 0, "wait_nack": 30, "wait_defc": 0, "wait_tail": 1, "wait_flush": 0, "wait_lines": 33, "dgq_hand": 88350, "dgq_tx": 88350, "dgq_full": 0, "dgq_err": 0, "dgq_gap": 0, "dgq_paths": 1, "tc_bytes": 111837846, "tc_pkts": 90550, "tc_drop": 483, "tc_s": 11}
LIVENESS sc2-A rep=1 cli=[RWM_THREE_TERM=0 RWM_PLAIN_RS=0] srv=[RWM_THREE_TERM=0 RWM_PLAIN_RS=0] active=0 eng1_lines=0 wait_lines=36 dgq_lines=34 ping_replies=165 (expect 3t=0 rs=0)
=== rep=1 arm=sc2-B seed=7 env="RWM_THREE_TERM=1 RWM_PLAIN_RS=1" cell=c2/c2/single bytes=100000000 15:06:27
RUNTIME sc2-B rep=1 3s
LATRESULT {"cell": "sc2", "arm": "B", "seed": 7, "rep": 1, "dnf": true, "dnf_count": null, "mbps": null, "seconds": null, "n_runs": 0, "occ_p50": null, "occ_p90": null, "occcap_p50": null, "q_p50": null, "q_p95": null, "q_p99": null, "q_n": 0, "diag_lines": 0, "retx": 0, "gates_cli_3t": null, "gates_srv_3t": null, "gates_cli_rs": null, "gates_srv_rs": null, "gates_lines_cli": 0, "gates_lines_srv": 0, "active_echo_cli": 0, "tt_eng1": 0, "ping_n": 165, "ping_p50": 67.5, "ping_p95": 105.0, "ping_p99": 107.0, "ping_max": 107.0, "ping_min": 9.71, "ping_tx": null, "ping_rx": null, "ping_loss": null, "wait_tun": null, "wait_paused": null, "wait_pace": null, "wait_gen": null, "wait_nack": null, "wait_defc": null, "wait_tail": null, "wait_flush": null, "wait_lines": 0, "dgq_hand": null, "dgq_tx": null, "dgq_full": null, "dgq_err": null, "dgq_gap": null, "dgq_paths": null, "tc_bytes": null, "tc_pkts": null, "tc_drop": null, "tc_s": null}
LIVENESS sc2-B rep=1 cli=[ ] srv=[ ] active= eng1_lines=0 wait_lines= dgq_lines= ping_replies=165 (expect 3t=1 rs=1)
ARM-LIVENESS-FAIL-GATE-CLI sc2-B rep=1 got=''
ARM-LIVENESS-FAIL-GATE-SRV sc2-B rep=1 got=''
ARM-LIVENESS-FAIL-RS-CLI sc2-B rep=1 got=''
ARM-LIVENESS-FAIL-RS-SRV sc2-B rep=1 got=''
ARM-LIVENESS-FAIL-3T sc2-B rep=1 (VOID: no eng=1)
QCAP-MISSING sc2-B rep=1
=== rep=1 arm=sc2-D seed=7 env="RWM_PLAIN_RS=1" cell=c2/c2/single bytes=100000000 15:06:30
[2m2026-08-10T15:06:33.544425Z[0m [32m INFO[0m [2mraptorpath::gates[0m[2m:[0m [GATES] RWM_UNIFIED=1 RWM_UNIFIED_SHED=1 RWM_TAPER_R=1 RWM_ASTAR_ANCHOR=1 RWM_MSTAR_ANCHOR=1 RWM_PLAIN_RS=1 RWM_STORE_SACK_RELEASE=1 RWM_STORE_PATHS=1 RWM_STORE_PATH_POOL=2048 RWM_STORE=unset RWM_STORE_GAIN=2 RWM_STORE_BOOT=128 RWM_STORE_CAPW=0 RWM_STORE_CAP_UNIFIED=0 RWM_THREE_TERM=0 RWM_STORE_PERCAP=0 RWM_PERCAP_GUARD=1 RWM_STORE_BORROW=0 RWM_HONEST_CAP=1 RWM_POOL_ANCHOR=0 RWM_POOL_DELIV=0 RWM_FLOOR_BOUND=0 RWM_ACK_MERGE=1 RWM_PATIENCE_DERIVED=0 RWM_SIDLE_DERIVED=0 RWM_WIN_DECOUPLE=0 RWM_PLACE_SLACK=0 RWM_GEN=384 RWM_PIPELINE=2 RWM_GEN_PIPE=1 RWM_GEN_R=unset RWM_GEN_RATE=9000 RWM_GEN_RATE_FLOOR=2000 RWM_GEN_INFLIGHT=unset RWM_OOO_RETAIN=0/16 RWM_WINDOW=unset RWM_REPORT_GENS=unset RWM_REPAIR_WAIT=unset RWM_CODED_SRC=0 RWM_NO_REACTIVE=0 RWM_XPATH_REPAIR=0 RWM_PROACTIVE_PACER=0 RWM_REASM_BDP=0 RWM_MIN_R=0 RWM_CC_PACE=0 RWM_CC_PACE_HR=1.1 RWM_REACT_CAP=unset RWM_INFL_CAP=0 RWM_INFL_BDP=unset RWM_COPA_FEED=0 RWM_RS_ATTR=1 RWM_EMIT_BATCH=0 RWM_EMIT_BURST=64 RWM_RECOV_MP=1 RWM_RECOV_MP_LAW=1 RWM_RECOV_MP_LIVE=0 RWM_RECOV_SP=0 RWM_DIAG=1 RWM_RDIAG=0 RWM_FDIAG=0 RWM_TRACE=0 RWM_PFRAC=0
{"bytes":100000000,"dnf":0,"hint":"bulk","max_s":9.2239,"mean_mbps":86.731,"mean_s":9.2239,"median_s":9.2239,"min_s":9.2239,"proto":"rp-native","runs":1,"stdev_s":0.0,"summary":true}
    LATPROBE: /tmp/rwm-ping.txt 175 replies
    CPU: CPUSRV=6.37s CPUCLI=7.23s (srv=decoder cli=sender; whole-invocation incl warmup)
    QDISC cli0: qdisc netem 8489: root refcnt 7 limit 1000 delay 5ms  3ms loss gemodel p 1.3% r 50% 1-h 100% 1-k 0% rate 100Mbit seed 7  Sent 112621193 bytes 94177 pkt (dropped 527, overlimits 0 requeues 0)   backlog 0b 0p requeues 0 
    QDISC cli1: qdisc netem 848a: root refcnt 7 limit 1000 delay 5ms  3ms loss gemodel p 1.3% r 50% 1-h 100% 1-k 0% rate 100Mbit seed 7  Sent 686 bytes 9 pkt (dropped 2, overlimits 0 requeues 0)   backlog 0b 0p requeues 0 
    QDISC srv0: qdisc netem 848b: root refcnt 7 limit 1000 delay 5ms  3ms rate 100Mbit seed 11721341938436371367  Sent 11234818 bytes 64862 pkt (dropped 0, overlimits 0 requeues 0)   backlog 0b 0p requeues 0 
    QDISC srv1: qdisc netem 848c: root refcnt 7 limit 1000 delay 5ms  3ms rate 100Mbit seed 13772308833963637120  Sent 866 bytes 11 pkt (dropped 0, overlimits 0 requeues 0)   backlog 0b 0p requeues 0 
    QCAP: /tmp/rwm-q.txt 18 lines
RUNTIME sc2-D rep=1 12s
LATRESULT {"cell": "sc2", "arm": "D", "seed": 7, "rep": 1, "dnf": false, "dnf_count": 0, "mbps": 86.731, "seconds": 9.224, "n_runs": 1, "occ_p50": 1008, "occ_p90": 1024, "occcap_p50": 1024, "q_p50": 90, "q_p95": 96, "q_p99": 102, "q_n": 32, "diag_lines": 36, "retx": 3565, "gates_cli_3t": 0, "gates_srv_3t": 0, "gates_cli_rs": 1, "gates_srv_rs": 1, "gates_lines_cli": 1, "gates_lines_srv": 1, "active_echo_cli": 0, "tt_eng1": 0, "ping_n": 175, "ping_p50": 101.0, "ping_p95": 105.0, "ping_p99": 108.0, "ping_max": 113.0, "ping_min": 4.99, "ping_tx": null, "ping_rx": null, "ping_loss": null, "wait_tun": 33, "wait_paused": 28, "wait_pace": 0, "wait_gen": 0, "wait_nack": 39, "wait_defc": 0, "wait_tail": 0, "wait_flush": 0, "wait_lines": 33, "dgq_hand": 87844, "dgq_tx": 87831, "dgq_full": 0, "dgq_err": 0, "dgq_gap": 13, "dgq_paths": 1, "tc_bytes": 112622079, "tc_pkts": 94188, "tc_drop": 529, "tc_s": 12}
LIVENESS sc2-D rep=1 cli=[RWM_THREE_TERM=0 RWM_PLAIN_RS=1] srv=[RWM_THREE_TERM=0 RWM_PLAIN_RS=1] active=0 eng1_lines=0 wait_lines=36 dgq_lines=32 ping_replies=175 (expect 3t=0 rs=1)
=== rep=1 arm=sc3-A seed=7 env="" cell=c3/c3/single bytes=25000000 15:06:43
RUNTIME sc3-A rep=1 2s
LATRESULT {"cell": "sc3", "arm": "A", "seed": 7, "rep": 1, "dnf": true, "dnf_count": null, "mbps": null, "seconds": null, "n_runs": 0, "occ_p50": null, "occ_p90": null, "occcap_p50": null, "q_p50": null, "q_p95": null, "q_p99": null, "q_n": 0, "diag_lines": 0, "retx": 0, "gates_cli_3t": null, "gates_srv_3t": null, "gates_cli_rs": null, "gates_srv_rs": null, "gates_lines_cli": 0, "gates_lines_srv": 0, "active_echo_cli": 0, "tt_eng1": 0, "ping_n": 175, "ping_p50": 101.0, "ping_p95": 105.0, "ping_p99": 108.0, "ping_max": 113.0, "ping_min": 4.99, "ping_tx": null, "ping_rx": null, "ping_loss": null, "wait_tun": null, "wait_paused": null, "wait_pace": null, "wait_gen": null, "wait_nack": null, "wait_defc": null, "wait_tail": null, "wait_flush": null, "wait_lines": 0, "dgq_hand": null, "dgq_tx": null, "dgq_full": null, "dgq_err": null, "dgq_gap": null, "dgq_paths": null, "tc_bytes": null, "tc_pkts": null, "tc_drop": null, "tc_s": null}
LIVENESS sc3-A rep=1 cli=[ ] srv=[ ] active= eng1_lines=0 wait_lines= dgq_lines= ping_replies=175 (expect 3t=0 rs=0)
ARM-LIVENESS-FAIL-GATE-CLI sc3-A rep=1 got=''
ARM-LIVENESS-FAIL-GATE-SRV sc3-A rep=1 got=''
ARM-LIVENESS-FAIL-RS-CLI sc3-A rep=1 got=''
ARM-LIVENESS-FAIL-RS-SRV sc3-A rep=1 got=''
QCAP-MISSING sc3-A rep=1
=== rep=1 arm=sc3-B seed=7 env="RWM_THREE_TERM=1 RWM_PLAIN_RS=1" cell=c3/c3/single bytes=25000000 15:06:45
[2m2026-08-10T15:06:48.975366Z[0m [32m INFO[0m [2mraptorpath::gates[0m[2m:[0m [GATES] RWM_UNIFIED=1 RWM_UNIFIED_SHED=1 RWM_TAPER_R=1 RWM_ASTAR_ANCHOR=1 RWM_MSTAR_ANCHOR=1 RWM_PLAIN_RS=1 RWM_STORE_SACK_RELEASE=1 RWM_STORE_PATHS=1 RWM_STORE_PATH_POOL=2048 RWM_STORE=unset RWM_STORE_GAIN=2 RWM_STORE_BOOT=128 RWM_STORE_CAPW=0 RWM_STORE_CAP_UNIFIED=0 RWM_THREE_TERM=1 RWM_STORE_PERCAP=0 RWM_PERCAP_GUARD=1 RWM_STORE_BORROW=0 RWM_HONEST_CAP=1 RWM_POOL_ANCHOR=0 RWM_POOL_DELIV=0 RWM_FLOOR_BOUND=0 RWM_ACK_MERGE=1 RWM_PATIENCE_DERIVED=0 RWM_SIDLE_DERIVED=0 RWM_WIN_DECOUPLE=0 RWM_PLACE_SLACK=0 RWM_GEN=384 RWM_PIPELINE=2 RWM_GEN_PIPE=1 RWM_GEN_R=unset RWM_GEN_RATE=9000 RWM_GEN_RATE_FLOOR=2000 RWM_GEN_INFLIGHT=unset RWM_OOO_RETAIN=0/16 RWM_WINDOW=unset RWM_REPORT_GENS=unset RWM_REPAIR_WAIT=unset RWM_CODED_SRC=0 RWM_NO_REACTIVE=0 RWM_XPATH_REPAIR=0 RWM_PROACTIVE_PACER=0 RWM_REASM_BDP=0 RWM_MIN_R=0 RWM_CC_PACE=0 RWM_CC_PACE_HR=1.1 RWM_REACT_CAP=unset RWM_INFL_CAP=0 RWM_INFL_BDP=unset RWM_COPA_FEED=0 RWM_RS_ATTR=1 RWM_EMIT_BATCH=0 RWM_EMIT_BURST=64 RWM_RECOV_MP=1 RWM_RECOV_MP_LAW=1 RWM_RECOV_MP_LIVE=0 RWM_RECOV_SP=0 RWM_DIAG=1 RWM_RDIAG=0 RWM_FDIAG=0 RWM_TRACE=0 RWM_PFRAC=0
{"bytes":25000000,"dnf":0,"hint":"bulk","max_s":12.6021,"mean_mbps":15.87,"mean_s":12.6021,"median_s":12.6021,"min_s":12.6021,"proto":"rp-native","runs":1,"stdev_s":0.0,"summary":true}
    LATPROBE: /tmp/rwm-ping.txt 240 replies
    CPU: CPUSRV=2.17s CPUCLI=2.36s (srv=decoder cli=sender; whole-invocation incl warmup)
    QDISC cli0: qdisc netem 8491: root refcnt 7 limit 1000 delay 20ms  5ms loss gemodel p 2% r 40% 1-h 100% 1-k 0% rate 20Mbit seed 7  Sent 31103448 bytes 29082 pkt (dropped 471, overlimits 0 requeues 0)   backlog 111b 1p requeues 0 
    QDISC cli1: qdisc netem 8492: root refcnt 7 limit 1000 delay 20ms  5ms loss gemodel p 2% r 40% 1-h 100% 1-k 0% rate 20Mbit seed 7  Sent 756 bytes 10 pkt (dropped 2, overlimits 0 requeues 0)   backlog 0b 0p requeues 0 
    QDISC srv0: qdisc netem 8493: root refcnt 7 limit 1000 delay 20ms  5ms rate 20Mbit seed 8679642193448216741  Sent 3470790 bytes 19948 pkt (dropped 0, overlimits 0 requeues 0)   backlog 144b 2p requeues 0 
    QDISC srv1: qdisc netem 8494: root refcnt 7 limit 1000 delay 20ms  5ms rate 20Mbit seed 13095557405104099851  Sent 866 bytes 11 pkt (dropped 0, overlimits 0 requeues 0)   backlog 0b 0p requeues 0 
    QCAP: /tmp/rwm-q.txt 18 lines
RUNTIME sc3-B rep=1 16s
LATRESULT {"cell": "sc3", "arm": "B", "seed": 7, "rep": 1, "dnf": false, "dnf_count": 0, "mbps": 15.87, "seconds": 12.602, "n_runs": 1, "occ_p50": 311, "occ_p90": 868, "occcap_p50": 312, "q_p50": 111, "q_p95": 885, "q_p99": 1045, "q_n": 42, "diag_lines": 50, "retx": 3418, "gates_cli_3t": 1, "gates_srv_3t": 1, "gates_cli_rs": 1, "gates_srv_rs": 1, "gates_lines_cli": 1, "gates_lines_srv": 1, "active_echo_cli": 1, "tt_eng1": 6, "ping_n": 240, "ping_p50": 159.0, "ping_p95": 622.0, "ping_p99": 641.0, "ping_max": 652.0, "ping_min": 31.5, "ping_tx": null, "ping_rx": null, "ping_loss": null, "wait_tun": 5, "wait_paused": 78, "wait_pace": 0, "wait_gen": 0, "wait_nack": 14, "wait_defc": 0, "wait_tail": 1, "wait_flush": 0, "wait_lines": 47, "dgq_hand": 24940, "dgq_tx": 24938, "dgq_full": 0, "dgq_err": 0, "dgq_gap": 2, "dgq_paths": 1, "tc_bytes": 31104315, "tc_pkts": 29093, "tc_drop": 473, "tc_s": 16}
LIVENESS sc3-B rep=1 cli=[RWM_THREE_TERM=1 RWM_PLAIN_RS=1] srv=[RWM_THREE_TERM=1 RWM_PLAIN_RS=1] active=1 eng1_lines=6 wait_lines=50 dgq_lines=43 ping_replies=240 (expect 3t=1 rs=1)
=== rep=1 arm=sc3-D seed=7 env="RWM_PLAIN_RS=1" cell=c3/c3/single bytes=25000000 15:07:01
[2m2026-08-10T15:07:06.073782Z[0m [32m INFO[0m [2mraptorpath::gates[0m[2m:[0m [GATES] RWM_UNIFIED=1 RWM_UNIFIED_SHED=1 RWM_TAPER_R=1 RWM_ASTAR_ANCHOR=1 RWM_MSTAR_ANCHOR=1 RWM_PLAIN_RS=1 RWM_STORE_SACK_RELEASE=1 RWM_STORE_PATHS=1 RWM_STORE_PATH_POOL=2048 RWM_STORE=unset RWM_STORE_GAIN=2 RWM_STORE_BOOT=128 RWM_STORE_CAPW=0 RWM_STORE_CAP_UNIFIED=0 RWM_THREE_TERM=0 RWM_STORE_PERCAP=0 RWM_PERCAP_GUARD=1 RWM_STORE_BORROW=0 RWM_HONEST_CAP=1 RWM_POOL_ANCHOR=0 RWM_POOL_DELIV=0 RWM_FLOOR_BOUND=0 RWM_ACK_MERGE=1 RWM_PATIENCE_DERIVED=0 RWM_SIDLE_DERIVED=0 RWM_WIN_DECOUPLE=0 RWM_PLACE_SLACK=0 RWM_GEN=384 RWM_PIPELINE=2 RWM_GEN_PIPE=1 RWM_GEN_R=unset RWM_GEN_RATE=9000 RWM_GEN_RATE_FLOOR=2000 RWM_GEN_INFLIGHT=unset RWM_OOO_RETAIN=0/16 RWM_WINDOW=unset RWM_REPORT_GENS=unset RWM_REPAIR_WAIT=unset RWM_CODED_SRC=0 RWM_NO_REACTIVE=0 RWM_XPATH_REPAIR=0 RWM_PROACTIVE_PACER=0 RWM_REASM_BDP=0 RWM_MIN_R=0 RWM_CC_PACE=0 RWM_CC_PACE_HR=1.1 RWM_REACT_CAP=unset RWM_INFL_CAP=0 RWM_INFL_BDP=unset RWM_COPA_FEED=0 RWM_RS_ATTR=1 RWM_EMIT_BATCH=0 RWM_EMIT_BURST=64 RWM_RECOV_MP=1 RWM_RECOV_MP_LAW=1 RWM_RECOV_MP_LIVE=0 RWM_RECOV_SP=0 RWM_DIAG=1 RWM_RDIAG=0 RWM_FDIAG=0 RWM_TRACE=0 RWM_PFRAC=0
{"bytes":25000000,"dnf":0,"hint":"bulk","max_s":12.1789,"mean_mbps":16.422,"mean_s":12.1789,"median_s":12.1789,"min_s":12.1789,"proto":"rp-native","runs":1,"stdev_s":0.0,"summary":true}
    LATPROBE: /tmp/rwm-ping.txt 227 replies
    CPU: CPUSRV=2.10s CPUCLI=2.39s (srv=decoder cli=sender; whole-invocation incl warmup)
    QDISC cli0: qdisc netem 8495: root refcnt 7 limit 1000 delay 20ms  5ms loss gemodel p 2% r 40% 1-h 100% 1-k 0% rate 20Mbit seed 7  Sent 30004027 bytes 28248 pkt (dropped 461, overlimits 0 requeues 0)   backlog 100b 1p requeues 0 
    QDISC cli1: qdisc netem 8496: root refcnt 7 limit 1000 delay 20ms  5ms loss gemodel p 2% r 40% 1-h 100% 1-k 0% rate 20Mbit seed 7  Sent 658 bytes 9 pkt (dropped 2, overlimits 0 requeues 0)   backlog 0b 0p requeues 0 
    QDISC srv0: qdisc netem 8497: root refcnt 7 limit 1000 delay 20ms  5ms rate 20Mbit seed 6608516245385214054  Sent 3242471 bytes 18693 pkt (dropped 0, overlimits 0 requeues 0)   backlog 0b 0p requeues 0 
    QDISC srv1: qdisc netem 8498: root refcnt 7 limit 1000 delay 20ms  5ms rate 20Mbit seed 9667937642466643037  Sent 838 bytes 11 pkt (dropped 0, overlimits 0 requeues 0)   backlog 0b 0p requeues 0 
    QCAP: /tmp/rwm-q.txt 18 lines
RUNTIME sc3-D rep=1 17s
LATRESULT {"cell": "sc3", "arm": "D", "seed": 7, "rep": 1, "dnf": false, "dnf_count": 0, "mbps": 16.422, "seconds": 12.179, "n_runs": 1, "occ_p50": 411, "occ_p90": 811, "occcap_p50": 411, "q_p50": 167, "q_p95": 404, "q_p99": 620, "q_n": 41, "diag_lines": 48, "retx": 2625, "gates_cli_3t": 0, "gates_srv_3t": 0, "gates_cli_rs": 1, "gates_srv_rs": 1, "gates_lines_cli": 1, "gates_lines_srv": 1, "active_echo_cli": 0, "tt_eng1": 0, "ping_n": 227, "ping_p50": 206.0, "ping_p95": 367.0, "ping_p99": 595.0, "ping_max": 596.0, "ping_min": 38.7, "ping_tx": null, "ping_rx": null, "ping_loss": null, "wait_tun": 6, "wait_paused": 77, "wait_pace": 0, "wait_gen": 0, "wait_nack": 16, "wait_defc": 0, "wait_tail": 1, "wait_flush": 0, "wait_lines": 45, "dgq_hand": 24102, "dgq_tx": 24102, "dgq_full": 0, "dgq_err": 0, "dgq_gap": 0, "dgq_paths": 1, "tc_bytes": 30004785, "tc_pkts": 28258, "tc_drop": 463, "tc_s": 17}
LIVENESS sc3-D rep=1 cli=[RWM_THREE_TERM=0 RWM_PLAIN_RS=1] srv=[RWM_THREE_TERM=0 RWM_PLAIN_RS=1] active=0 eng1_lines=0 wait_lines=48 dgq_lines=41 ping_replies=227 (expect 3t=0 rs=1)
=== rep=1 arm=c7-A seed=7 env="" cell=c2/c2/dual bytes=200000000 15:07:18
[2m2026-08-10T15:07:21.005591Z[0m [32m INFO[0m [2mraptorpath::gates[0m[2m:[0m [GATES] RWM_UNIFIED=1 RWM_UNIFIED_SHED=1 RWM_TAPER_R=1 RWM_ASTAR_ANCHOR=1 RWM_MSTAR_ANCHOR=1 RWM_PLAIN_RS=0 RWM_STORE_SACK_RELEASE=1 RWM_STORE_PATHS=1 RWM_STORE_PATH_POOL=2048 RWM_STORE=unset RWM_STORE_GAIN=2 RWM_STORE_BOOT=128 RWM_STORE_CAPW=0 RWM_STORE_CAP_UNIFIED=0 RWM_THREE_TERM=0 RWM_STORE_PERCAP=0 RWM_PERCAP_GUARD=1 RWM_STORE_BORROW=0 RWM_HONEST_CAP=1 RWM_POOL_ANCHOR=0 RWM_POOL_DELIV=0 RWM_FLOOR_BOUND=0 RWM_ACK_MERGE=1 RWM_PATIENCE_DERIVED=0 RWM_SIDLE_DERIVED=0 RWM_WIN_DECOUPLE=0 RWM_PLACE_SLACK=0 RWM_GEN=384 RWM_PIPELINE=2 RWM_GEN_PIPE=1 RWM_GEN_R=unset RWM_GEN_RATE=9000 RWM_GEN_RATE_FLOOR=2000 RWM_GEN_INFLIGHT=unset RWM_OOO_RETAIN=0/16 RWM_WINDOW=unset RWM_REPORT_GENS=unset RWM_REPAIR_WAIT=unset RWM_CODED_SRC=0 RWM_NO_REACTIVE=0 RWM_XPATH_REPAIR=0 RWM_PROACTIVE_PACER=0 RWM_REASM_BDP=0 RWM_MIN_R=0 RWM_CC_PACE=0 RWM_CC_PACE_HR=1.1 RWM_REACT_CAP=unset RWM_INFL_CAP=0 RWM_INFL_BDP=unset RWM_COPA_FEED=0 RWM_RS_ATTR=1 RWM_EMIT_BATCH=0 RWM_EMIT_BURST=64 RWM_RECOV_MP=1 RWM_RECOV_MP_LAW=1 RWM_RECOV_MP_LIVE=0 RWM_RECOV_SP=0 RWM_DIAG=1 RWM_RDIAG=0 RWM_FDIAG=0 RWM_TRACE=0 RWM_PFRAC=0
{"bytes":200000000,"dnf":0,"hint":"bulk","max_s":9.0734,"mean_mbps":176.34,"mean_s":9.0734,"median_s":9.0734,"min_s":9.0734,"proto":"rp-native","runs":1,"stdev_s":0.0,"summary":true}
    LATPROBE: /tmp/rwm-ping.txt 178 replies
    CPU: CPUSRV=12.24s CPUCLI=13.57s (srv=decoder cli=sender; whole-invocation incl warmup)
    QDISC cli0: qdisc netem 8499: root refcnt 7 limit 1000 delay 5ms  3ms loss gemodel p 1.3% r 50% 1-h 100% 1-k 0% rate 100Mbit seed 7  Sent 111491745 bytes 89952 pkt (dropped 494, overlimits 0 requeues 0)   backlog 0b 0p requeues 0 
    QDISC cli1: qdisc netem 849a: root refcnt 7 limit 1000 delay 5ms  3ms loss gemodel p 1.3% r 50% 1-h 100% 1-k 0% rate 100Mbit seed 7  Sent 110985606 bytes 88007 pkt (dropped 459, overlimits 0 requeues 0)   backlog 0b 0p requeues 0 
    QDISC srv0: qdisc netem 849b: root refcnt 7 limit 1000 delay 5ms  3ms rate 100Mbit seed 5770698033479995634  Sent 11675559 bytes 59617 pkt (dropped 0, overlimits 0 requeues 0)   backlog 0b 0p requeues 0 
    QDISC srv1: qdisc netem 849c: root refcnt 7 limit 1000 delay 5ms  3ms rate 100Mbit seed 1702217148309805911  Sent 11853808 bytes 59248 pkt (dropped 0, overlimits 0 requeues 0)   backlog 0b 0p requeues 0 
    QCAP: /tmp/rwm-q.txt 18 lines
RUNTIME c7-A rep=1 12s
LATRESULT {"cell": "c7", "arm": "A", "seed": 7, "rep": 1, "dnf": false, "dnf_count": 0, "mbps": 176.34, "seconds": 9.073, "n_runs": 1, "occ_p50": 1365, "occ_p90": 2344, "occcap_p50": 4096, "q_p50": 87, "q_p95": 190, "q_p99": 226, "q_n": 65, "diag_lines": 36, "retx": 5099, "gates_cli_3t": 0, "gates_srv_3t": 0, "gates_cli_rs": 0, "gates_srv_rs": 0, "gates_lines_cli": 1, "gates_lines_srv": 1, "active_echo_cli": 0, "tt_eng1": 0, "ping_n": 178, "ping_p50": 75.3, "ping_p95": 158.0, "ping_p99": 161.0, "ping_max": 163.0, "ping_min": 8.98, "ping_tx": null, "ping_rx": null, "ping_loss": null, "wait_tun": 98, "wait_paused": 0, "wait_pace": 0, "wait_gen": 0, "wait_nack": 2, "wait_defc": 0, "wait_tail": 0, "wait_flush": 0, "wait_lines": 33, "dgq_hand": 175974, "dgq_tx": 175974, "dgq_full": 0, "dgq_err": 0, "dgq_gap": 0, "dgq_paths": 2, "tc_bytes": 222477351, "tc_pkts": 177959, "tc_drop": 953, "tc_s": 12}
LIVENESS c7-A rep=1 cli=[RWM_THREE_TERM=0 RWM_PLAIN_RS=0] srv=[RWM_THREE_TERM=0 RWM_PLAIN_RS=0] active=0 eng1_lines=0 wait_lines=36 dgq_lines=35 ping_replies=178 (expect 3t=0 rs=0)
=== rep=1 arm=c7-B seed=7 env="RWM_THREE_TERM=1 RWM_PLAIN_RS=1" cell=c2/c2/dual bytes=200000000 15:07:30
RUNTIME c7-B rep=1 3s
LATRESULT {"cell": "c7", "arm": "B", "seed": 7, "rep": 1, "dnf": true, "dnf_count": null, "mbps": null, "seconds": null, "n_runs": 0, "occ_p50": null, "occ_p90": null, "occcap_p50": null, "q_p50": null, "q_p95": null, "q_p99": null, "q_n": 0, "diag_lines": 0, "retx": 0, "gates_cli_3t": null, "gates_srv_3t": null, "gates_cli_rs": null, "gates_srv_rs": null, "gates_lines_cli": 0, "gates_lines_srv": 0, "active_echo_cli": 0, "tt_eng1": 0, "ping_n": 178, "ping_p50": 75.3, "ping_p95": 158.0, "ping_p99": 161.0, "ping_max": 163.0, "ping_min": 8.98, "ping_tx": null, "ping_rx": null, "ping_loss": null, "wait_tun": null, "wait_paused": null, "wait_pace": null, "wait_gen": null, "wait_nack": null, "wait_defc": null, "wait_tail": null, "wait_flush": null, "wait_lines": 0, "dgq_hand": null, "dgq_tx": null, "dgq_full": null, "dgq_err": null, "dgq_gap": null, "dgq_paths": null, "tc_bytes": null, "tc_pkts": null, "tc_drop": null, "tc_s": null}
LIVENESS c7-B rep=1 cli=[ ] srv=[ ] active= eng1_lines=0 wait_lines= dgq_lines= ping_replies=178 (expect 3t=1 rs=1)
ARM-LIVENESS-FAIL-GATE-CLI c7-B rep=1 got=''
ARM-LIVENESS-FAIL-GATE-SRV c7-B rep=1 got=''
ARM-LIVENESS-FAIL-RS-CLI c7-B rep=1 got=''
ARM-LIVENESS-FAIL-RS-SRV c7-B rep=1 got=''
ARM-LIVENESS-FAIL-3T c7-B rep=1 (VOID: no eng=1)
QCAP-MISSING c7-B rep=1
=== rep=1 arm=c7-D seed=7 env="RWM_PLAIN_RS=1" cell=c2/c2/dual bytes=200000000 15:07:33
[2m2026-08-10T15:07:35.646699Z[0m [32m INFO[0m [2mraptorpath::gates[0m[2m:[0m [GATES] RWM_UNIFIED=1 RWM_UNIFIED_SHED=1 RWM_TAPER_R=1 RWM_ASTAR_ANCHOR=1 RWM_MSTAR_ANCHOR=1 RWM_PLAIN_RS=1 RWM_STORE_SACK_RELEASE=1 RWM_STORE_PATHS=1 RWM_STORE_PATH_POOL=2048 RWM_STORE=unset RWM_STORE_GAIN=2 RWM_STORE_BOOT=128 RWM_STORE_CAPW=0 RWM_STORE_CAP_UNIFIED=0 RWM_THREE_TERM=0 RWM_STORE_PERCAP=0 RWM_PERCAP_GUARD=1 RWM_STORE_BORROW=0 RWM_HONEST_CAP=1 RWM_POOL_ANCHOR=0 RWM_POOL_DELIV=0 RWM_FLOOR_BOUND=0 RWM_ACK_MERGE=1 RWM_PATIENCE_DERIVED=0 RWM_SIDLE_DERIVED=0 RWM_WIN_DECOUPLE=0 RWM_PLACE_SLACK=0 RWM_GEN=384 RWM_PIPELINE=2 RWM_GEN_PIPE=1 RWM_GEN_R=unset RWM_GEN_RATE=9000 RWM_GEN_RATE_FLOOR=2000 RWM_GEN_INFLIGHT=unset RWM_OOO_RETAIN=0/16 RWM_WINDOW=unset RWM_REPORT_GENS=unset RWM_REPAIR_WAIT=unset RWM_CODED_SRC=0 RWM_NO_REACTIVE=0 RWM_XPATH_REPAIR=0 RWM_PROACTIVE_PACER=0 RWM_REASM_BDP=0 RWM_MIN_R=0 RWM_CC_PACE=0 RWM_CC_PACE_HR=1.1 RWM_REACT_CAP=unset RWM_INFL_CAP=0 RWM_INFL_BDP=unset RWM_COPA_FEED=0 RWM_RS_ATTR=1 RWM_EMIT_BATCH=0 RWM_EMIT_BURST=64 RWM_RECOV_MP=1 RWM_RECOV_MP_LAW=1 RWM_RECOV_MP_LIVE=0 RWM_RECOV_SP=0 RWM_DIAG=1 RWM_RDIAG=0 RWM_FDIAG=0 RWM_TRACE=0 RWM_PFRAC=0
{"bytes":200000000,"dnf":0,"hint":"bulk","max_s":10.3499,"mean_mbps":154.59,"mean_s":10.3499,"median_s":10.3499,"min_s":10.3499,"proto":"rp-native","runs":1,"stdev_s":0.0,"summary":true}
    LATPROBE: /tmp/rwm-ping.txt 200 replies
    CPU: CPUSRV=13.19s CPUCLI=15.86s (srv=decoder cli=sender; whole-invocation incl warmup)
    QDISC cli0: qdisc netem 84a1: root refcnt 7 limit 1000 delay 5ms  3ms loss gemodel p 1.3% r 50% 1-h 100% 1-k 0% rate 100Mbit seed 7  Sent 116172088 bytes 95369 pkt (dropped 661, overlimits 0 requeues 0)   backlog 0b 0p requeues 0 
    QDISC cli1: qdisc netem 84a2: root refcnt 7 limit 1000 delay 5ms  3ms loss gemodel p 1.3% r 50% 1-h 100% 1-k 0% rate 100Mbit seed 7  Sent 110920528 bytes 91043 pkt (dropped 661, overlimits 0 requeues 0)   backlog 0b 0p requeues 0 
    QDISC srv0: qdisc netem 84a3: root refcnt 7 limit 1000 delay 5ms  3ms rate 100Mbit seed 9684634865357874870  Sent 16410102 bytes 67340 pkt (dropped 0, overlimits 0 requeues 0)   backlog 0b 0p requeues 0 
    QDISC srv1: qdisc netem 84a4: root refcnt 7 limit 1000 delay 5ms  3ms rate 100Mbit seed 8781315423811843675  Sent 13982900 bytes 63601 pkt (dropped 0, overlimits 0 requeues 0)   backlog 0b 0p requeues 0 
    QCAP: /tmp/rwm-q.txt 18 lines
RUNTIME c7-D rep=1 13s
LATRESULT {"cell": "c7", "arm": "D", "seed": 7, "rep": 1, "dnf": false, "dnf_count": 0, "mbps": 154.59, "seconds": 10.35, "n_runs": 1, "occ_p50": 423, "occ_p90": 694, "occcap_p50": 4096, "q_p50": 21, "q_p95": 37, "q_p99": 43, "q_n": 71, "diag_lines": 41, "retx": 7071, "gates_cli_3t": 0, "gates_srv_3t": 0, "gates_cli_rs": 1, "gates_srv_rs": 1, "gates_lines_cli": 1, "gates_lines_srv": 1, "active_echo_cli": 0, "tt_eng1": 0, "ping_n": 200, "ping_p50": 22.4, "ping_p95": 45.6, "ping_p99": 52.4, "ping_max": 57.2, "ping_min": 9.11, "ping_tx": null, "ping_rx": null, "ping_loss": null, "wait_tun": 96, "wait_paused": 0, "wait_pace": 0, "wait_gen": 0, "wait_nack": 4, "wait_defc": 0, "wait_tail": 0, "wait_flush": 0, "wait_lines": 38, "dgq_hand": 172030, "dgq_tx": 172030, "dgq_full": 0, "dgq_err": 0, "dgq_gap": 0, "dgq_paths": 2, "tc_bytes": 227092616, "tc_pkts": 186412, "tc_drop": 1322, "tc_s": 13}
LIVENESS c7-D rep=1 cli=[RWM_THREE_TERM=0 RWM_PLAIN_RS=1] srv=[RWM_THREE_TERM=0 RWM_PLAIN_RS=1] active=0 eng1_lines=0 wait_lines=41 dgq_lines=39 ping_replies=200 (expect 3t=0 rs=1)
=== rep=2 arm=sc2-A seed=7 env="" cell=c2/c2/single bytes=100000000 15:07:46
[2m2026-08-10T15:07:50.457971Z[0m [32m INFO[0m [2mraptorpath::gates[0m[2m:[0m [GATES] RWM_UNIFIED=1 RWM_UNIFIED_SHED=1 RWM_TAPER_R=1 RWM_ASTAR_ANCHOR=1 RWM_MSTAR_ANCHOR=1 RWM_PLAIN_RS=0 RWM_STORE_SACK_RELEASE=1 RWM_STORE_PATHS=1 RWM_STORE_PATH_POOL=2048 RWM_STORE=unset RWM_STORE_GAIN=2 RWM_STORE_BOOT=128 RWM_STORE_CAPW=0 RWM_STORE_CAP_UNIFIED=0 RWM_THREE_TERM=0 RWM_STORE_PERCAP=0 RWM_PERCAP_GUARD=1 RWM_STORE_BORROW=0 RWM_HONEST_CAP=1 RWM_POOL_ANCHOR=0 RWM_POOL_DELIV=0 RWM_FLOOR_BOUND=0 RWM_ACK_MERGE=1 RWM_PATIENCE_DERIVED=0 RWM_SIDLE_DERIVED=0 RWM_WIN_DECOUPLE=0 RWM_PLACE_SLACK=0 RWM_GEN=384 RWM_PIPELINE=2 RWM_GEN_PIPE=1 RWM_GEN_R=unset RWM_GEN_RATE=9000 RWM_GEN_RATE_FLOOR=2000 RWM_GEN_INFLIGHT=unset RWM_OOO_RETAIN=0/16 RWM_WINDOW=unset RWM_REPORT_GENS=unset RWM_REPAIR_WAIT=unset RWM_CODED_SRC=0 RWM_NO_REACTIVE=0 RWM_XPATH_REPAIR=0 RWM_PROACTIVE_PACER=0 RWM_REASM_BDP=0 RWM_MIN_R=0 RWM_CC_PACE=0 RWM_CC_PACE_HR=1.1 RWM_REACT_CAP=unset RWM_INFL_CAP=0 RWM_INFL_BDP=unset RWM_COPA_FEED=0 RWM_RS_ATTR=1 RWM_EMIT_BATCH=0 RWM_EMIT_BURST=64 RWM_RECOV_MP=1 RWM_RECOV_MP_LAW=1 RWM_RECOV_MP_LIVE=0 RWM_RECOV_SP=0 RWM_DIAG=1 RWM_RDIAG=0 RWM_FDIAG=0 RWM_TRACE=0 RWM_PFRAC=0
{"bytes":100000000,"dnf":0,"hint":"bulk","max_s":8.9967,"mean_mbps":88.921,"mean_s":8.9967,"median_s":8.9967,"min_s":8.9967,"proto":"rp-native","runs":1,"stdev_s":0.0,"summary":true}
    LATPROBE: /tmp/rwm-ping.txt 171 replies
    CPU: CPUSRV=6.34s CPUCLI=5.78s (srv=decoder cli=sender; whole-invocation incl warmup)
    QDISC cli0: qdisc netem 84a5: root refcnt 7 limit 1000 delay 5ms  3ms loss gemodel p 1.3% r 50% 1-h 100% 1-k 0% rate 100Mbit seed 7  Sent 111754824 bytes 93436 pkt (dropped 561, overlimits 0 requeues 0)   backlog 0b 0p requeues 0 
    QDISC cli1: qdisc netem 84a6: root refcnt 7 limit 1000 delay 5ms  3ms loss gemodel p 1.3% r 50% 1-h 100% 1-k 0% rate 100Mbit seed 7  Sent 588 bytes 8 pkt (dropped 2, overlimits 0 requeues 0)   backlog 0b 0p requeues 0 
    QDISC srv0: qdisc netem 84a7: root refcnt 7 limit 1000 delay 5ms  3ms rate 100Mbit seed 16806562654471776154  Sent 11252693 bytes 65432 pkt (dropped 0, overlimits 0 requeues 0)   backlog 0b 0p requeues 0 
    QDISC srv1: qdisc netem 84a8: root refcnt 7 limit 1000 delay 5ms  3ms rate 100Mbit seed 8102198366015637399  Sent 768 bytes 10 pkt (dropped 0, overlimits 0 requeues 0)   backlog 0b 0p requeues 0 
    QCAP: /tmp/rwm-q.txt 18 lines
RUNTIME sc2-A rep=2 13s
LATRESULT {"cell": "sc2", "arm": "A", "seed": 7, "rep": 2, "dnf": false, "dnf_count": 0, "mbps": 88.921, "seconds": 8.997, "n_runs": 1, "occ_p50": 1009, "occ_p90": 1024, "occcap_p50": 1024, "q_p50": 90, "q_p95": 94, "q_p99": 100, "q_n": 32, "diag_lines": 35, "retx": 2753, "gates_cli_3t": 0, "gates_srv_3t": 0, "gates_cli_rs": 0, "gates_srv_rs": 0, "gates_lines_cli": 1, "gates_lines_srv": 1, "active_echo_cli": 0, "tt_eng1": 0, "ping_n": 171, "ping_p50": 102.0, "ping_p95": 105.0, "ping_p99": 106.0, "ping_max": 107.0, "ping_min": 8.19, "ping_tx": null, "ping_rx": null, "ping_loss": null, "wait_tun": 30, "wait_paused": 41, "wait_pace": 0, "wait_gen": 0, "wait_nack": 30, "wait_defc": 0, "wait_tail": 1, "wait_flush": 0, "wait_lines": 32, "dgq_hand": 86720, "dgq_tx": 86706, "dgq_full": 0, "dgq_err": 0, "dgq_gap": 14, "dgq_paths": 1, "tc_bytes": 111755412, "tc_pkts": 93444, "tc_drop": 563, "tc_s": 13}
LIVENESS sc2-A rep=2 cli=[RWM_THREE_TERM=0 RWM_PLAIN_RS=0] srv=[RWM_THREE_TERM=0 RWM_PLAIN_RS=0] active=0 eng1_lines=0 wait_lines=35 dgq_lines=34 ping_replies=171 (expect 3t=0 rs=0)
=== rep=2 arm=sc2-B seed=7 env="RWM_THREE_TERM=1 RWM_PLAIN_RS=1" cell=c2/c2/single bytes=100000000 15:07:59
[2m2026-08-10T15:08:02.074694Z[0m [32m INFO[0m [2mraptorpath::gates[0m[2m:[0m [GATES] RWM_UNIFIED=1 RWM_UNIFIED_SHED=1 RWM_TAPER_R=1 RWM_ASTAR_ANCHOR=1 RWM_MSTAR_ANCHOR=1 RWM_PLAIN_RS=1 RWM_STORE_SACK_RELEASE=1 RWM_STORE_PATHS=1 RWM_STORE_PATH_POOL=2048 RWM_STORE=unset RWM_STORE_GAIN=2 RWM_STORE_BOOT=128 RWM_STORE_CAPW=0 RWM_STORE_CAP_UNIFIED=0 RWM_THREE_TERM=1 RWM_STORE_PERCAP=0 RWM_PERCAP_GUARD=1 RWM_STORE_BORROW=0 RWM_HONEST_CAP=1 RWM_POOL_ANCHOR=0 RWM_POOL_DELIV=0 RWM_FLOOR_BOUND=0 RWM_ACK_MERGE=1 RWM_PATIENCE_DERIVED=0 RWM_SIDLE_DERIVED=0 RWM_WIN_DECOUPLE=0 RWM_PLACE_SLACK=0 RWM_GEN=384 RWM_PIPELINE=2 RWM_GEN_PIPE=1 RWM_GEN_R=unset RWM_GEN_RATE=9000 RWM_GEN_RATE_FLOOR=2000 RWM_GEN_INFLIGHT=unset RWM_OOO_RETAIN=0/16 RWM_WINDOW=unset RWM_REPORT_GENS=unset RWM_REPAIR_WAIT=unset RWM_CODED_SRC=0 RWM_NO_REACTIVE=0 RWM_XPATH_REPAIR=0 RWM_PROACTIVE_PACER=0 RWM_REASM_BDP=0 RWM_MIN_R=0 RWM_CC_PACE=0 RWM_CC_PACE_HR=1.1 RWM_REACT_CAP=unset RWM_INFL_CAP=0 RWM_INFL_BDP=unset RWM_COPA_FEED=0 RWM_RS_ATTR=1 RWM_EMIT_BATCH=0 RWM_EMIT_BURST=64 RWM_RECOV_MP=1 RWM_RECOV_MP_LAW=1 RWM_RECOV_MP_LIVE=0 RWM_RECOV_SP=0 RWM_DIAG=1 RWM_RDIAG=0 RWM_FDIAG=0 RWM_TRACE=0 RWM_PFRAC=0
{"bytes":100000000,"dnf":0,"hint":"bulk","max_s":8.9962,"mean_mbps":88.926,"mean_s":8.9962,"median_s":8.9962,"min_s":8.9962,"proto":"rp-native","runs":1,"stdev_s":0.0,"summary":true}
    LATPROBE: /tmp/rwm-ping.txt 177 replies
    CPU: CPUSRV=6.59s CPUCLI=6.67s (srv=decoder cli=sender; whole-invocation incl warmup)
    QDISC cli0: qdisc netem 84a9: root refcnt 7 limit 1000 delay 5ms  3ms loss gemodel p 1.3% r 50% 1-h 100% 1-k 0% rate 100Mbit seed 7  Sent 111936187 bytes 93107 pkt (dropped 512, overlimits 0 requeues 0)   backlog 0b 0p requeues 0 
    QDISC cli1: qdisc netem 84aa: root refcnt 7 limit 1000 delay 5ms  3ms loss gemodel p 1.3% r 50% 1-h 100% 1-k 0% rate 100Mbit seed 7  Sent 588 bytes 8 pkt (dropped 2, overlimits 0 requeues 0)   backlog 0b 0p requeues 0 
    QDISC srv0: qdisc netem 84ab: root refcnt 7 limit 1000 delay 5ms  3ms rate 100Mbit seed 1113307377881290364  Sent 11308279 bytes 67141 pkt (dropped 0, overlimits 0 requeues 0)   backlog 0b 0p requeues 0 
    QDISC srv1: qdisc netem 84ac: root refcnt 7 limit 1000 delay 5ms  3ms rate 100Mbit seed 3298824551089060599  Sent 768 bytes 10 pkt (dropped 0, overlimits 0 requeues 0)   backlog 0b 0p requeues 0 
    QCAP: /tmp/rwm-q.txt 18 lines
RUNTIME sc2-B rep=2 12s
LATRESULT {"cell": "sc2", "arm": "B", "seed": 7, "rep": 2, "dnf": false, "dnf_count": 0, "mbps": 88.926, "seconds": 8.996, "n_runs": 1, "occ_p50": 469, "occ_p90": 482, "occcap_p50": 486, "q_p50": 37, "q_p95": 40, "q_p99": 42, "q_n": 32, "diag_lines": 35, "retx": 3015, "gates_cli_3t": 1, "gates_srv_3t": 1, "gates_cli_rs": 1, "gates_srv_rs": 1, "gates_lines_cli": 1, "gates_lines_srv": 1, "active_echo_cli": 1, "tt_eng1": 4, "ping_n": 177, "ping_p50": 46.6, "ping_p95": 49.7, "ping_p99": 50.5, "ping_max": 51.9, "ping_min": 10.9, "ping_tx": null, "ping_rx": null, "ping_loss": null, "wait_tun": 31, "wait_paused": 43, "wait_pace": 0, "wait_gen": 0, "wait_nack": 30, "wait_defc": 0, "wait_tail": 0, "wait_flush": 0, "wait_lines": 32, "dgq_hand": 86439, "dgq_tx": 86439, "dgq_full": 0, "dgq_err": 0, "dgq_gap": 0, "dgq_paths": 1, "tc_bytes": 111936975, "tc_pkts": 93117, "tc_drop": 514, "tc_s": 12}
LIVENESS sc2-B rep=2 cli=[RWM_THREE_TERM=1 RWM_PLAIN_RS=1] srv=[RWM_THREE_TERM=1 RWM_PLAIN_RS=1] active=1 eng1_lines=4 wait_lines=35 dgq_lines=34 ping_replies=177 (expect 3t=1 rs=1)
=== rep=2 arm=sc2-D seed=7 env="RWM_PLAIN_RS=1" cell=c2/c2/single bytes=100000000 15:08:11
[2m2026-08-10T15:08:15.479056Z[0m [32m INFO[0m [2mraptorpath::gates[0m[2m:[0m [GATES] RWM_UNIFIED=1 RWM_UNIFIED_SHED=1 RWM_TAPER_R=1 RWM_ASTAR_ANCHOR=1 RWM_MSTAR_ANCHOR=1 RWM_PLAIN_RS=1 RWM_STORE_SACK_RELEASE=1 RWM_STORE_PATHS=1 RWM_STORE_PATH_POOL=2048 RWM_STORE=unset RWM_STORE_GAIN=2 RWM_STORE_BOOT=128 RWM_STORE_CAPW=0 RWM_STORE_CAP_UNIFIED=0 RWM_THREE_TERM=0 RWM_STORE_PERCAP=0 RWM_PERCAP_GUARD=1 RWM_STORE_BORROW=0 RWM_HONEST_CAP=1 RWM_POOL_ANCHOR=0 RWM_POOL_DELIV=0 RWM_FLOOR_BOUND=0 RWM_ACK_MERGE=1 RWM_PATIENCE_DERIVED=0 RWM_SIDLE_DERIVED=0 RWM_WIN_DECOUPLE=0 RWM_PLACE_SLACK=0 RWM_GEN=384 RWM_PIPELINE=2 RWM_GEN_PIPE=1 RWM_GEN_R=unset RWM_GEN_RATE=9000 RWM_GEN_RATE_FLOOR=2000 RWM_GEN_INFLIGHT=unset RWM_OOO_RETAIN=0/16 RWM_WINDOW=unset RWM_REPORT_GENS=unset RWM_REPAIR_WAIT=unset RWM_CODED_SRC=0 RWM_NO_REACTIVE=0 RWM_XPATH_REPAIR=0 RWM_PROACTIVE_PACER=0 RWM_REASM_BDP=0 RWM_MIN_R=0 RWM_CC_PACE=0 RWM_CC_PACE_HR=1.1 RWM_REACT_CAP=unset RWM_INFL_CAP=0 RWM_INFL_BDP=unset RWM_COPA_FEED=0 RWM_RS_ATTR=1 RWM_EMIT_BATCH=0 RWM_EMIT_BURST=64 RWM_RECOV_MP=1 RWM_RECOV_MP_LAW=1 RWM_RECOV_MP_LIVE=0 RWM_RECOV_SP=0 RWM_DIAG=1 RWM_RDIAG=0 RWM_FDIAG=0 RWM_TRACE=0 RWM_PFRAC=0
{"bytes":100000000,"dnf":0,"hint":"bulk","max_s":9.0734,"mean_mbps":88.17,"mean_s":9.0734,"median_s":9.0734,"min_s":9.0734,"proto":"rp-native","runs":1,"stdev_s":0.0,"summary":true}
    LATPROBE: /tmp/rwm-ping.txt 168 replies
    CPU: CPUSRV=6.27s CPUCLI=6.96s (srv=decoder cli=sender; whole-invocation incl warmup)
    QDISC cli0: qdisc netem 84ad: root refcnt 7 limit 1000 delay 5ms  3ms loss gemodel p 1.3% r 50% 1-h 100% 1-k 0% rate 100Mbit seed 7  Sent 112695471 bytes 94111 pkt (dropped 527, overlimits 0 requeues 0)   backlog 0b 0p requeues 0 
    QDISC cli1: qdisc netem 84ae: root refcnt 7 limit 1000 delay 5ms  3ms loss gemodel p 1.3% r 50% 1-h 100% 1-k 0% rate 100Mbit seed 7  Sent 662 bytes 9 pkt (dropped 2, overlimits 0 requeues 0)   backlog 0b 0p requeues 0 
    QDISC srv0: qdisc netem 84af: root refcnt 7 limit 1000 delay 5ms  3ms rate 100Mbit seed 12106920554003113618  Sent 11279013 bytes 65351 pkt (dropped 0, overlimits 0 requeues 0)   backlog 0b 0p requeues 0 
    QDISC srv1: qdisc netem 84b0: root refcnt 7 limit 1000 delay 5ms  3ms rate 100Mbit seed 4951822649720640798  Sent 768 bytes 10 pkt (dropped 0, overlimits 0 requeues 0)   backlog 0b 0p requeues 0 
    QCAP: /tmp/rwm-q.txt 18 lines
RUNTIME sc2-D rep=2 13s
LATRESULT {"cell": "sc2", "arm": "D", "seed": 7, "rep": 2, "dnf": false, "dnf_count": 0, "mbps": 88.17, "seconds": 9.073, "n_runs": 1, "occ_p50": 1005, "occ_p90": 1024, "occcap_p50": 1024, "q_p50": 92, "q_p95": 96, "q_p99": 105, "q_n": 33, "diag_lines": 36, "retx": 3710, "gates_cli_3t": 0, "gates_srv_3t": 0, "gates_cli_rs": 1, "gates_srv_rs": 1, "gates_lines_cli": 1, "gates_lines_srv": 1, "active_echo_cli": 0, "tt_eng1": 0, "ping_n": 168, "ping_p50": 102.0, "ping_p95": 107.0, "ping_p99": 110.0, "ping_max": 115.0, "ping_min": 10.7, "ping_tx": null, "ping_rx": null, "ping_loss": null, "wait_tun": 31, "wait_paused": 30, "wait_pace": 0, "wait_gen": 0, "wait_nack": 38, "wait_defc": 0, "wait_tail": 1, "wait_flush": 0, "wait_lines": 33, "dgq_hand": 88862, "dgq_tx": 88862, "dgq_full": 0, "dgq_err": 0, "dgq_gap": 0, "dgq_paths": 1, "tc_bytes": 112696133, "tc_pkts": 94120, "tc_drop": 529, "tc_s": 13}
LIVENESS sc2-D rep=2 cli=[RWM_THREE_TERM=0 RWM_PLAIN_RS=1] srv=[RWM_THREE_TERM=0 RWM_PLAIN_RS=1] active=0 eng1_lines=0 wait_lines=36 dgq_lines=33 ping_replies=168 (expect 3t=0 rs=1)
=== rep=2 arm=sc3-A seed=7 env="" cell=c3/c3/single bytes=25000000 15:08:24
[2m2026-08-10T15:08:27.546930Z[0m [32m INFO[0m [2mraptorpath::gates[0m[2m:[0m [GATES] RWM_UNIFIED=1 RWM_UNIFIED_SHED=1 RWM_TAPER_R=1 RWM_ASTAR_ANCHOR=1 RWM_MSTAR_ANCHOR=1 RWM_PLAIN_RS=0 RWM_STORE_SACK_RELEASE=1 RWM_STORE_PATHS=1 RWM_STORE_PATH_POOL=2048 RWM_STORE=unset RWM_STORE_GAIN=2 RWM_STORE_BOOT=128 RWM_STORE_CAPW=0 RWM_STORE_CAP_UNIFIED=0 RWM_THREE_TERM=0 RWM_STORE_PERCAP=0 RWM_PERCAP_GUARD=1 RWM_STORE_BORROW=0 RWM_HONEST_CAP=1 RWM_POOL_ANCHOR=0 RWM_POOL_DELIV=0 RWM_FLOOR_BOUND=0 RWM_ACK_MERGE=1 RWM_PATIENCE_DERIVED=0 RWM_SIDLE_DERIVED=0 RWM_WIN_DECOUPLE=0 RWM_PLACE_SLACK=0 RWM_GEN=384 RWM_PIPELINE=2 RWM_GEN_PIPE=1 RWM_GEN_R=unset RWM_GEN_RATE=9000 RWM_GEN_RATE_FLOOR=2000 RWM_GEN_INFLIGHT=unset RWM_OOO_RETAIN=0/16 RWM_WINDOW=unset RWM_REPORT_GENS=unset RWM_REPAIR_WAIT=unset RWM_CODED_SRC=0 RWM_NO_REACTIVE=0 RWM_XPATH_REPAIR=0 RWM_PROACTIVE_PACER=0 RWM_REASM_BDP=0 RWM_MIN_R=0 RWM_CC_PACE=0 RWM_CC_PACE_HR=1.1 RWM_REACT_CAP=unset RWM_INFL_CAP=0 RWM_INFL_BDP=unset RWM_COPA_FEED=0 RWM_RS_ATTR=1 RWM_EMIT_BATCH=0 RWM_EMIT_BURST=64 RWM_RECOV_MP=1 RWM_RECOV_MP_LAW=1 RWM_RECOV_MP_LIVE=0 RWM_RECOV_SP=0 RWM_DIAG=1 RWM_RDIAG=0 RWM_FDIAG=0 RWM_TRACE=0 RWM_PFRAC=0
{"bytes":25000000,"dnf":0,"hint":"bulk","max_s":11.8614,"mean_mbps":16.861,"mean_s":11.8614,"median_s":11.8614,"min_s":11.8614,"proto":"rp-native","runs":1,"stdev_s":0.0,"summary":true}
    LATPROBE: /tmp/rwm-ping.txt 220 replies
    CPU: CPUSRV=2.20s CPUCLI=2.37s (srv=decoder cli=sender; whole-invocation incl warmup)
    QDISC cli0: qdisc netem 84b1: root refcnt 7 limit 1000 delay 20ms  5ms loss gemodel p 2% r 40% 1-h 100% 1-k 0% rate 20Mbit seed 7  Sent 29569143 bytes 26883 pkt (dropped 460, overlimits 0 requeues 0)   backlog 0b 0p requeues 0 
    QDISC cli1: qdisc netem 84b2: root refcnt 7 limit 1000 delay 20ms  5ms loss gemodel p 2% r 40% 1-h 100% 1-k 0% rate 20Mbit seed 7  Sent 756 bytes 10 pkt (dropped 2, overlimits 0 requeues 0)   backlog 0b 0p requeues 0 
    QDISC srv0: qdisc netem 84b3: root refcnt 7 limit 1000 delay 20ms  5ms rate 20Mbit seed 5438938708509974943  Sent 3446651 bytes 19795 pkt (dropped 0, overlimits 0 requeues 0)   backlog 0b 0p requeues 0 
    QDISC srv1: qdisc netem 84b4: root refcnt 7 limit 1000 delay 20ms  5ms rate 20Mbit seed 12691766902857553433  Sent 936 bytes 12 pkt (dropped 0, overlimits 0 requeues 0)   backlog 0b 0p requeues 0 
    QCAP: /tmp/rwm-q.txt 18 lines
RUNTIME sc3-A rep=2 15s
LATRESULT {"cell": "sc3", "arm": "A", "seed": 7, "rep": 2, "dnf": false, "dnf_count": 0, "mbps": 16.861, "seconds": 11.861, "n_runs": 1, "occ_p50": 1024, "occ_p90": 1024, "occcap_p50": 1024, "q_p50": 470, "q_p95": 679, "q_p99": 727, "q_n": 43, "diag_lines": 47, "retx": 2269, "gates_cli_3t": 0, "gates_srv_3t": 0, "gates_cli_rs": 0, "gates_srv_rs": 0, "gates_lines_cli": 1, "gates_lines_srv": 1, "active_echo_cli": 0, "tt_eng1": 0, "ping_n": 220, "ping_p50": 517.0, "ping_p95": 538.0, "ping_p99": 541.0, "ping_max": 545.0, "ping_min": 39.9, "ping_tx": null, "ping_rx": null, "ping_loss": null, "wait_tun": 8, "wait_paused": 75, "wait_pace": 0, "wait_gen": 0, "wait_nack": 17, "wait_defc": 0, "wait_tail": 1, "wait_flush": 0, "wait_lines": 44, "dgq_hand": 23684, "dgq_tx": 23684, "dgq_full": 0, "dgq_err": 0, "dgq_gap": 0, "dgq_paths": 1, "tc_bytes": 29569899, "tc_pkts": 26893, "tc_drop": 462, "tc_s": 15}
LIVENESS sc3-A rep=2 cli=[RWM_THREE_TERM=0 RWM_PLAIN_RS=0] srv=[RWM_THREE_TERM=0 RWM_PLAIN_RS=0] active=0 eng1_lines=0 wait_lines=47 dgq_lines=43 ping_replies=220 (expect 3t=0 rs=0)
=== rep=2 arm=sc3-B seed=7 env="RWM_THREE_TERM=1 RWM_PLAIN_RS=1" cell=c3/c3/single bytes=25000000 15:08:39
RUNTIME sc3-B rep=2 3s
LATRESULT {"cell": "sc3", "arm": "B", "seed": 7, "rep": 2, "dnf": true, "dnf_count": null, "mbps": null, "seconds": null, "n_runs": 0, "occ_p50": null, "occ_p90": null, "occcap_p50": null, "q_p50": null, "q_p95": null, "q_p99": null, "q_n": 0, "diag_lines": 0, "retx": 0, "gates_cli_3t": null, "gates_srv_3t": null, "gates_cli_rs": null, "gates_srv_rs": null, "gates_lines_cli": 0, "gates_lines_srv": 0, "active_echo_cli": 0, "tt_eng1": 0, "ping_n": 220, "ping_p50": 517.0, "ping_p95": 538.0, "ping_p99": 541.0, "ping_max": 545.0, "ping_min": 39.9, "ping_tx": null, "ping_rx": null, "ping_loss": null, "wait_tun": null, "wait_paused": null, "wait_pace": null, "wait_gen": null, "wait_nack": null, "wait_defc": null, "wait_tail": null, "wait_flush": null, "wait_lines": 0, "dgq_hand": null, "dgq_tx": null, "dgq_full": null, "dgq_err": null, "dgq_gap": null, "dgq_paths": null, "tc_bytes": null, "tc_pkts": null, "tc_drop": null, "tc_s": null}
LIVENESS sc3-B rep=2 cli=[ ] srv=[ ] active= eng1_lines=0 wait_lines= dgq_lines= ping_replies=220 (expect 3t=1 rs=1)
ARM-LIVENESS-FAIL-GATE-CLI sc3-B rep=2 got=''
ARM-LIVENESS-FAIL-GATE-SRV sc3-B rep=2 got=''
ARM-LIVENESS-FAIL-RS-CLI sc3-B rep=2 got=''
ARM-LIVENESS-FAIL-RS-SRV sc3-B rep=2 got=''
ARM-LIVENESS-FAIL-3T sc3-B rep=2 (VOID: no eng=1)
QCAP-MISSING sc3-B rep=2
=== rep=2 arm=sc3-D seed=7 env="RWM_PLAIN_RS=1" cell=c3/c3/single bytes=25000000 15:08:42
RUNTIME sc3-D rep=2 3s
LATRESULT {"cell": "sc3", "arm": "D", "seed": 7, "rep": 2, "dnf": true, "dnf_count": null, "mbps": null, "seconds": null, "n_runs": 0, "occ_p50": null, "occ_p90": null, "occcap_p50": null, "q_p50": null, "q_p95": null, "q_p99": null, "q_n": 0, "diag_lines": 0, "retx": 0, "gates_cli_3t": null, "gates_srv_3t": null, "gates_cli_rs": null, "gates_srv_rs": null, "gates_lines_cli": 0, "gates_lines_srv": 0, "active_echo_cli": 0, "tt_eng1": 0, "ping_n": 220, "ping_p50": 517.0, "ping_p95": 538.0, "ping_p99": 541.0, "ping_max": 545.0, "ping_min": 39.9, "ping_tx": null, "ping_rx": null, "ping_loss": null, "wait_tun": null, "wait_paused": null, "wait_pace": null, "wait_gen": null, "wait_nack": null, "wait_defc": null, "wait_tail": null, "wait_flush": null, "wait_lines": 0, "dgq_hand": null, "dgq_tx": null, "dgq_full": null, "dgq_err": null, "dgq_gap": null, "dgq_paths": null, "tc_bytes": null, "tc_pkts": null, "tc_drop": null, "tc_s": null}
LIVENESS sc3-D rep=2 cli=[ ] srv=[ ] active= eng1_lines=0 wait_lines= dgq_lines= ping_replies=220 (expect 3t=0 rs=1)
ARM-LIVENESS-FAIL-GATE-CLI sc3-D rep=2 got=''
ARM-LIVENESS-FAIL-GATE-SRV sc3-D rep=2 got=''
ARM-LIVENESS-FAIL-RS-CLI sc3-D rep=2 got=''
ARM-LIVENESS-FAIL-RS-SRV sc3-D rep=2 got=''
QCAP-MISSING sc3-D rep=2
=== rep=2 arm=c7-A seed=7 env="" cell=c2/c2/dual bytes=200000000 15:08:45
[2m2026-08-10T15:08:47.717467Z[0m [32m INFO[0m [2mraptorpath::gates[0m[2m:[0m [GATES] RWM_UNIFIED=1 RWM_UNIFIED_SHED=1 RWM_TAPER_R=1 RWM_ASTAR_ANCHOR=1 RWM_MSTAR_ANCHOR=1 RWM_PLAIN_RS=0 RWM_STORE_SACK_RELEASE=1 RWM_STORE_PATHS=1 RWM_STORE_PATH_POOL=2048 RWM_STORE=unset RWM_STORE_GAIN=2 RWM_STORE_BOOT=128 RWM_STORE_CAPW=0 RWM_STORE_CAP_UNIFIED=0 RWM_THREE_TERM=0 RWM_STORE_PERCAP=0 RWM_PERCAP_GUARD=1 RWM_STORE_BORROW=0 RWM_HONEST_CAP=1 RWM_POOL_ANCHOR=0 RWM_POOL_DELIV=0 RWM_FLOOR_BOUND=0 RWM_ACK_MERGE=1 RWM_PATIENCE_DERIVED=0 RWM_SIDLE_DERIVED=0 RWM_WIN_DECOUPLE=0 RWM_PLACE_SLACK=0 RWM_GEN=384 RWM_PIPELINE=2 RWM_GEN_PIPE=1 RWM_GEN_R=unset RWM_GEN_RATE=9000 RWM_GEN_RATE_FLOOR=2000 RWM_GEN_INFLIGHT=unset RWM_OOO_RETAIN=0/16 RWM_WINDOW=unset RWM_REPORT_GENS=unset RWM_REPAIR_WAIT=unset RWM_CODED_SRC=0 RWM_NO_REACTIVE=0 RWM_XPATH_REPAIR=0 RWM_PROACTIVE_PACER=0 RWM_REASM_BDP=0 RWM_MIN_R=0 RWM_CC_PACE=0 RWM_CC_PACE_HR=1.1 RWM_REACT_CAP=unset RWM_INFL_CAP=0 RWM_INFL_BDP=unset RWM_COPA_FEED=0 RWM_RS_ATTR=1 RWM_EMIT_BATCH=0 RWM_EMIT_BURST=64 RWM_RECOV_MP=1 RWM_RECOV_MP_LAW=1 RWM_RECOV_MP_LIVE=0 RWM_RECOV_SP=0 RWM_DIAG=1 RWM_RDIAG=0 RWM_FDIAG=0 RWM_TRACE=0 RWM_PFRAC=0
{"bytes":200000000,"dnf":0,"hint":"bulk","max_s":9.0736,"mean_mbps":176.336,"mean_s":9.0736,"median_s":9.0736,"min_s":9.0736,"proto":"rp-native","runs":1,"stdev_s":0.0,"summary":true}
    LATPROBE: /tmp/rwm-ping.txt 178 replies
    CPU: CPUSRV=12.07s CPUCLI=13.53s (srv=decoder cli=sender; whole-invocation incl warmup)
    QDISC cli0: qdisc netem 84bd: root refcnt 7 limit 1000 delay 5ms  3ms loss gemodel p 1.3% r 50% 1-h 100% 1-k 0% rate 100Mbit seed 7  Sent 111558875 bytes 90421 pkt (dropped 512, overlimits 0 requeues 0)   backlog 0b 0p requeues 0 
    QDISC cli1: qdisc netem 84be: root refcnt 7 limit 1000 delay 5ms  3ms loss gemodel p 1.3% r 50% 1-h 100% 1-k 0% rate 100Mbit seed 7  Sent 110259936 bytes 89038 pkt (dropped 492, overlimits 0 requeues 0)   backlog 0b 0p requeues 0 
    QDISC srv0: qdisc netem 84bf: root refcnt 7 limit 1000 delay 5ms  3ms rate 100Mbit seed 16961378919763987393  Sent 11738121 bytes 59296 pkt (dropped 0, overlimits 0 requeues 0)   backlog 0b 0p requeues 0 
    QDISC srv1: qdisc netem 84c0: root refcnt 7 limit 1000 delay 5ms  3ms rate 100Mbit seed 8313204364986039435  Sent 11448638 bytes 57817 pkt (dropped 0, overlimits 0 requeues 0)   backlog 0b 0p requeues 0 
    QCAP: /tmp/rwm-q.txt 18 lines
RUNTIME c7-A rep=2 12s
LATRESULT {"cell": "c7", "arm": "A", "seed": 7, "rep": 2, "dnf": false, "dnf_count": 0, "mbps": 176.336, "seconds": 9.074, "n_runs": 1, "occ_p50": 1371, "occ_p90": 1955, "occcap_p50": 4096, "q_p50": 73, "q_p95": 151, "q_p99": 210, "q_n": 66, "diag_lines": 36, "retx": 4495, "gates_cli_3t": 0, "gates_srv_3t": 0, "gates_cli_rs": 0, "gates_srv_rs": 0, "gates_lines_cli": 1, "gates_lines_srv": 1, "active_echo_cli": 0, "tt_eng1": 0, "ping_n": 178, "ping_p50": 74.3, "ping_p95": 157.0, "ping_p99": 190.0, "ping_max": 196.0, "ping_min": 6.3, "ping_tx": null, "ping_rx": null, "ping_loss": null, "wait_tun": 98, "wait_paused": 0, "wait_pace": 0, "wait_gen": 0, "wait_nack": 2, "wait_defc": 0, "wait_tail": 0, "wait_flush": 0, "wait_lines": 33, "dgq_hand": 175275, "dgq_tx": 175260, "dgq_full": 0, "dgq_err": 0, "dgq_gap": 15, "dgq_paths": 2, "tc_bytes": 221818811, "tc_pkts": 179459, "tc_drop": 1004, "tc_s": 11}
LIVENESS c7-A rep=2 cli=[RWM_THREE_TERM=0 RWM_PLAIN_RS=0] srv=[RWM_THREE_TERM=0 RWM_PLAIN_RS=0] active=0 eng1_lines=0 wait_lines=36 dgq_lines=36 ping_replies=178 (expect 3t=0 rs=0)
=== rep=2 arm=c7-B seed=7 env="RWM_THREE_TERM=1 RWM_PLAIN_RS=1" cell=c2/c2/dual bytes=200000000 15:08:57
[2m2026-08-10T15:08:59.429338Z[0m [32m INFO[0m [2mraptorpath::gates[0m[2m:[0m [GATES] RWM_UNIFIED=1 RWM_UNIFIED_SHED=1 RWM_TAPER_R=1 RWM_ASTAR_ANCHOR=1 RWM_MSTAR_ANCHOR=1 RWM_PLAIN_RS=1 RWM_STORE_SACK_RELEASE=1 RWM_STORE_PATHS=1 RWM_STORE_PATH_POOL=2048 RWM_STORE=unset RWM_STORE_GAIN=2 RWM_STORE_BOOT=128 RWM_STORE_CAPW=0 RWM_STORE_CAP_UNIFIED=0 RWM_THREE_TERM=1 RWM_STORE_PERCAP=0 RWM_PERCAP_GUARD=1 RWM_STORE_BORROW=0 RWM_HONEST_CAP=1 RWM_POOL_ANCHOR=0 RWM_POOL_DELIV=0 RWM_FLOOR_BOUND=0 RWM_ACK_MERGE=1 RWM_PATIENCE_DERIVED=0 RWM_SIDLE_DERIVED=0 RWM_WIN_DECOUPLE=0 RWM_PLACE_SLACK=0 RWM_GEN=384 RWM_PIPELINE=2 RWM_GEN_PIPE=1 RWM_GEN_R=unset RWM_GEN_RATE=9000 RWM_GEN_RATE_FLOOR=2000 RWM_GEN_INFLIGHT=unset RWM_OOO_RETAIN=0/16 RWM_WINDOW=unset RWM_REPORT_GENS=unset RWM_REPAIR_WAIT=unset RWM_CODED_SRC=0 RWM_NO_REACTIVE=0 RWM_XPATH_REPAIR=0 RWM_PROACTIVE_PACER=0 RWM_REASM_BDP=0 RWM_MIN_R=0 RWM_CC_PACE=0 RWM_CC_PACE_HR=1.1 RWM_REACT_CAP=unset RWM_INFL_CAP=0 RWM_INFL_BDP=unset RWM_COPA_FEED=0 RWM_RS_ATTR=1 RWM_EMIT_BATCH=0 RWM_EMIT_BURST=64 RWM_RECOV_MP=1 RWM_RECOV_MP_LAW=1 RWM_RECOV_MP_LIVE=0 RWM_RECOV_SP=0 RWM_DIAG=1 RWM_RDIAG=0 RWM_FDIAG=0 RWM_TRACE=0 RWM_PFRAC=0
{"bytes":200000000,"dnf":0,"hint":"bulk","max_s":10.5906,"mean_mbps":151.078,"mean_s":10.5906,"median_s":10.5906,"min_s":10.5906,"proto":"rp-native","runs":1,"stdev_s":0.0,"summary":true}
    LATPROBE: /tmp/rwm-ping.txt 208 replies
    CPU: CPUSRV=13.41s CPUCLI=16.14s (srv=decoder cli=sender; whole-invocation incl warmup)
    QDISC cli0: qdisc netem 84c1: root refcnt 7 limit 1000 delay 5ms  3ms loss gemodel p 1.3% r 50% 1-h 100% 1-k 0% rate 100Mbit seed 7  Sent 113446075 bytes 93274 pkt (dropped 653, overlimits 0 requeues 0)   backlog 0b 0p requeues 0 
    QDISC cli1: qdisc netem 84c2: root refcnt 7 limit 1000 delay 5ms  3ms loss gemodel p 1.3% r 50% 1-h 100% 1-k 0% rate 100Mbit seed 7  Sent 113636816 bytes 93200 pkt (dropped 613, overlimits 0 requeues 0)   backlog 0b 0p requeues 0 
    QDISC srv0: qdisc netem 84c3: root refcnt 7 limit 1000 delay 5ms  3ms rate 100Mbit seed 6579595255636667787  Sent 14850260 bytes 64943 pkt (dropped 0, overlimits 0 requeues 0)   backlog 0b 0p requeues 0 
    QDISC srv1: qdisc netem 84c4: root refcnt 7 limit 1000 delay 5ms  3ms rate 100Mbit seed 528444479649872854  Sent 15180291 bytes 64886 pkt (dropped 0, overlimits 0 requeues 0)   backlog 0b 0p requeues 0 
    QCAP: /tmp/rwm-q.txt 18 lines
RUNTIME c7-B rep=2 13s
LATRESULT {"cell": "c7", "arm": "B", "seed": 7, "rep": 2, "dnf": false, "dnf_count": 0, "mbps": 151.078, "seconds": 10.591, "n_runs": 1, "occ_p50": 425, "occ_p90": 587, "occcap_p50": 908, "q_p50": 19, "q_p95": 38, "q_p99": 47, "q_n": 75, "diag_lines": 42, "retx": 7452, "gates_cli_3t": 1, "gates_srv_3t": 1, "gates_cli_rs": 1, "gates_srv_rs": 1, "gates_lines_cli": 1, "gates_lines_srv": 1, "active_echo_cli": 1, "tt_eng1": 5, "ping_n": 208, "ping_p50": 20.3, "ping_p95": 46.8, "ping_p99": 59.3, "ping_max": 65.1, "ping_min": 7.38, "ping_tx": null, "ping_rx": null, "ping_loss": null, "wait_tun": 95, "wait_paused": 0, "wait_pace": 0, "wait_gen": 0, "wait_nack": 5, "wait_defc": 0, "wait_tail": 0, "wait_flush": 0, "wait_lines": 39, "dgq_hand": 178984, "dgq_tx": 178982, "dgq_full": 0, "dgq_err": 0, "dgq_gap": 2, "dgq_paths": 2, "tc_bytes": 227082891, "tc_pkts": 186474, "tc_drop": 1266, "tc_s": 13}
LIVENESS c7-B rep=2 cli=[RWM_THREE_TERM=1 RWM_PLAIN_RS=1] srv=[RWM_THREE_TERM=1 RWM_PLAIN_RS=1] active=1 eng1_lines=5 wait_lines=42 dgq_lines=40 ping_replies=208 (expect 3t=1 rs=1)
=== rep=2 arm=c7-D seed=7 env="RWM_PLAIN_RS=1" cell=c2/c2/dual bytes=200000000 15:09:10
[2m2026-08-10T15:09:14.277342Z[0m [32m INFO[0m [2mraptorpath::gates[0m[2m:[0m [GATES] RWM_UNIFIED=1 RWM_UNIFIED_SHED=1 RWM_TAPER_R=1 RWM_ASTAR_ANCHOR=1 RWM_MSTAR_ANCHOR=1 RWM_PLAIN_RS=1 RWM_STORE_SACK_RELEASE=1 RWM_STORE_PATHS=1 RWM_STORE_PATH_POOL=2048 RWM_STORE=unset RWM_STORE_GAIN=2 RWM_STORE_BOOT=128 RWM_STORE_CAPW=0 RWM_STORE_CAP_UNIFIED=0 RWM_THREE_TERM=0 RWM_STORE_PERCAP=0 RWM_PERCAP_GUARD=1 RWM_STORE_BORROW=0 RWM_HONEST_CAP=1 RWM_POOL_ANCHOR=0 RWM_POOL_DELIV=0 RWM_FLOOR_BOUND=0 RWM_ACK_MERGE=1 RWM_PATIENCE_DERIVED=0 RWM_SIDLE_DERIVED=0 RWM_WIN_DECOUPLE=0 RWM_PLACE_SLACK=0 RWM_GEN=384 RWM_PIPELINE=2 RWM_GEN_PIPE=1 RWM_GEN_R=unset RWM_GEN_RATE=9000 RWM_GEN_RATE_FLOOR=2000 RWM_GEN_INFLIGHT=unset RWM_OOO_RETAIN=0/16 RWM_WINDOW=unset RWM_REPORT_GENS=unset RWM_REPAIR_WAIT=unset RWM_CODED_SRC=0 RWM_NO_REACTIVE=0 RWM_XPATH_REPAIR=0 RWM_PROACTIVE_PACER=0 RWM_REASM_BDP=0 RWM_MIN_R=0 RWM_CC_PACE=0 RWM_CC_PACE_HR=1.1 RWM_REACT_CAP=unset RWM_INFL_CAP=0 RWM_INFL_BDP=unset RWM_COPA_FEED=0 RWM_RS_ATTR=1 RWM_EMIT_BATCH=0 RWM_EMIT_BURST=64 RWM_RECOV_MP=1 RWM_RECOV_MP_LAW=1 RWM_RECOV_MP_LIVE=0 RWM_RECOV_SP=0 RWM_DIAG=1 RWM_RDIAG=0 RWM_FDIAG=0 RWM_TRACE=0 RWM_PFRAC=0
{"bytes":200000000,"dnf":0,"hint":"bulk","max_s":10.3681,"mean_mbps":154.319,"mean_s":10.3681,"median_s":10.3681,"min_s":10.3681,"proto":"rp-native","runs":1,"stdev_s":0.0,"summary":true}
    LATPROBE: /tmp/rwm-ping.txt 205 replies
    CPU: CPUSRV=13.18s CPUCLI=15.93s (srv=decoder cli=sender; whole-invocation incl warmup)
    QDISC cli0: qdisc netem 84c5: root refcnt 7 limit 1000 delay 5ms  3ms loss gemodel p 1.3% r 50% 1-h 100% 1-k 0% rate 100Mbit seed 7  Sent 113550641 bytes 93337 pkt (dropped 639, overlimits 0 requeues 0)   backlog 0b 0p requeues 0 
    QDISC cli1: qdisc netem 84c6: root refcnt 7 limit 1000 delay 5ms  3ms loss gemodel p 1.3% r 50% 1-h 100% 1-k 0% rate 100Mbit seed 7  Sent 113378304 bytes 92924 pkt (dropped 639, overlimits 0 requeues 0)   backlog 0b 0p requeues 0 
    QDISC srv0: qdisc netem 84c7: root refcnt 7 limit 1000 delay 5ms  3ms rate 100Mbit seed 17997951066093388876  Sent 15028354 bytes 65141 pkt (dropped 0, overlimits 0 requeues 0)   backlog 0b 0p requeues 0 
    QDISC srv1: qdisc netem 84c8: root refcnt 7 limit 1000 delay 5ms  3ms rate 100Mbit seed 17566067518647140298  Sent 15240441 bytes 65167 pkt (dropped 0, overlimits 0 requeues 0)   backlog 0b 0p requeues 0 
    QCAP: /tmp/rwm-q.txt 18 lines
RUNTIME c7-D rep=2 14s
LATRESULT {"cell": "c7", "arm": "D", "seed": 7, "rep": 2, "dnf": false, "dnf_count": 0, "mbps": 154.319, "seconds": 10.368, "n_runs": 1, "occ_p50": 377, "occ_p90": 670, "occcap_p50": 4096, "q_p50": 16, "q_p95": 34, "q_p99": 45, "q_n": 69, "diag_lines": 41, "retx": 7232, "gates_cli_3t": 0, "gates_srv_3t": 0, "gates_cli_rs": 1, "gates_srv_rs": 1, "gates_lines_cli": 1, "gates_lines_srv": 1, "active_echo_cli": 0, "tt_eng1": 0, "ping_n": 205, "ping_p50": 21.9, "ping_p95": 47.9, "ping_p99": 54.0, "ping_max": 72.6, "ping_min": 6.97, "ping_tx": null, "ping_rx": null, "ping_loss": null, "wait_tun": 96, "wait_paused": 0, "wait_pace": 0, "wait_gen": 0, "wait_nack": 4, "wait_defc": 0, "wait_tail": 0, "wait_flush": 0, "wait_lines": 38, "dgq_hand": 177709, "dgq_tx": 177688, "dgq_full": 0, "dgq_err": 0, "dgq_gap": 21, "dgq_paths": 2, "tc_bytes": 226928945, "tc_pkts": 186261, "tc_drop": 1278, "tc_s": 14}
LIVENESS c7-D rep=2 cli=[RWM_THREE_TERM=0 RWM_PLAIN_RS=1] srv=[RWM_THREE_TERM=0 RWM_PLAIN_RS=1] active=0 eng1_lines=0 wait_lines=41 dgq_lines=37 ping_replies=205 (expect 3t=0 rs=1)
=== rep=3 arm=sc2-A seed=7 env="" cell=c2/c2/single bytes=100000000 15:09:24
[2m2026-08-10T15:09:28.557152Z[0m [32m INFO[0m [2mraptorpath::gates[0m[2m:[0m [GATES] RWM_UNIFIED=1 RWM_UNIFIED_SHED=1 RWM_TAPER_R=1 RWM_ASTAR_ANCHOR=1 RWM_MSTAR_ANCHOR=1 RWM_PLAIN_RS=0 RWM_STORE_SACK_RELEASE=1 RWM_STORE_PATHS=1 RWM_STORE_PATH_POOL=2048 RWM_STORE=unset RWM_STORE_GAIN=2 RWM_STORE_BOOT=128 RWM_STORE_CAPW=0 RWM_STORE_CAP_UNIFIED=0 RWM_THREE_TERM=0 RWM_STORE_PERCAP=0 RWM_PERCAP_GUARD=1 RWM_STORE_BORROW=0 RWM_HONEST_CAP=1 RWM_POOL_ANCHOR=0 RWM_POOL_DELIV=0 RWM_FLOOR_BOUND=0 RWM_ACK_MERGE=1 RWM_PATIENCE_DERIVED=0 RWM_SIDLE_DERIVED=0 RWM_WIN_DECOUPLE=0 RWM_PLACE_SLACK=0 RWM_GEN=384 RWM_PIPELINE=2 RWM_GEN_PIPE=1 RWM_GEN_R=unset RWM_GEN_RATE=9000 RWM_GEN_RATE_FLOOR=2000 RWM_GEN_INFLIGHT=unset RWM_OOO_RETAIN=0/16 RWM_WINDOW=unset RWM_REPORT_GENS=unset RWM_REPAIR_WAIT=unset RWM_CODED_SRC=0 RWM_NO_REACTIVE=0 RWM_XPATH_REPAIR=0 RWM_PROACTIVE_PACER=0 RWM_REASM_BDP=0 RWM_MIN_R=0 RWM_CC_PACE=0 RWM_CC_PACE_HR=1.1 RWM_REACT_CAP=unset RWM_INFL_CAP=0 RWM_INFL_BDP=unset RWM_COPA_FEED=0 RWM_RS_ATTR=1 RWM_EMIT_BATCH=0 RWM_EMIT_BURST=64 RWM_RECOV_MP=1 RWM_RECOV_MP_LAW=1 RWM_RECOV_MP_LIVE=0 RWM_RECOV_SP=0 RWM_DIAG=1 RWM_RDIAG=0 RWM_FDIAG=0 RWM_TRACE=0 RWM_PFRAC=0
{"bytes":100000000,"dnf":0,"hint":"bulk","max_s":8.9882,"mean_mbps":89.006,"mean_s":8.9882,"median_s":8.9882,"min_s":8.9882,"proto":"rp-native","runs":1,"stdev_s":0.0,"summary":true}
    LATPROBE: /tmp/rwm-ping.txt 166 replies
    CPU: CPUSRV=6.00s CPUCLI=5.44s (srv=decoder cli=sender; whole-invocation incl warmup)
    QDISC cli0: qdisc netem 84c9: root refcnt 7 limit 1000 delay 5ms  3ms loss gemodel p 1.3% r 50% 1-h 100% 1-k 0% rate 100Mbit seed 7  Sent 111906344 bytes 94908 pkt (dropped 529, overlimits 0 requeues 0)   backlog 100b 1p requeues 0 
    QDISC cli1: qdisc netem 84ca: root refcnt 7 limit 1000 delay 5ms  3ms loss gemodel p 1.3% r 50% 1-h 100% 1-k 0% rate 100Mbit seed 7  Sent 616 bytes 8 pkt (dropped 2, overlimits 0 requeues 0)   backlog 0b 0p requeues 0 
    QDISC srv0: qdisc netem 84cb: root refcnt 7 limit 1000 delay 5ms  3ms rate 100Mbit seed 17600440481967886277  Sent 11090262 bytes 63677 pkt (dropped 0, overlimits 0 requeues 0)   backlog 0b 0p requeues 0 
    QDISC srv1: qdisc netem 84cc: root refcnt 7 limit 1000 delay 5ms  3ms rate 100Mbit seed 8506984642637743649  Sent 866 bytes 11 pkt (dropped 0, overlimits 0 requeues 0)   backlog 0b 0p requeues 0 
    QCAP: /tmp/rwm-q.txt 18 lines
RUNTIME sc2-A rep=3 13s
LATRESULT {"cell": "sc2", "arm": "A", "seed": 7, "rep": 3, "dnf": false, "dnf_count": 0, "mbps": 89.006, "seconds": 8.988, "n_runs": 1, "occ_p50": 1009, "occ_p90": 1024, "occcap_p50": 1024, "q_p50": 89, "q_p95": 92, "q_p99": 96, "q_n": 32, "diag_lines": 35, "retx": 3042, "gates_cli_3t": 0, "gates_srv_3t": 0, "gates_cli_rs": 0, "gates_srv_rs": 0, "gates_lines_cli": 1, "gates_lines_srv": 1, "active_echo_cli": 0, "tt_eng1": 0, "ping_n": 166, "ping_p50": 102.0, "ping_p95": 106.0, "ping_p99": 106.0, "ping_max": 107.0, "ping_min": 7.23, "ping_tx": null, "ping_rx": null, "ping_loss": null, "wait_tun": 28, "wait_paused": 42, "wait_pace": 0, "wait_gen": 0, "wait_nack": 31, "wait_defc": 0, "wait_tail": 1, "wait_flush": 0, "wait_lines": 32, "dgq_hand": 86921, "dgq_tx": 86921, "dgq_full": 0, "dgq_err": 0, "dgq_gap": 0, "dgq_paths": 1, "tc_bytes": 111907060, "tc_pkts": 94917, "tc_drop": 531, "tc_s": 13}
LIVENESS sc2-A rep=3 cli=[RWM_THREE_TERM=0 RWM_PLAIN_RS=0] srv=[RWM_THREE_TERM=0 RWM_PLAIN_RS=0] active=0 eng1_lines=0 wait_lines=35 dgq_lines=34 ping_replies=166 (expect 3t=0 rs=0)
=== rep=3 arm=sc2-B seed=7 env="RWM_THREE_TERM=1 RWM_PLAIN_RS=1" cell=c2/c2/single bytes=100000000 15:09:37
[2m2026-08-10T15:09:40.131854Z[0m [32m INFO[0m [2mraptorpath::gates[0m[2m:[0m [GATES] RWM_UNIFIED=1 RWM_UNIFIED_SHED=1 RWM_TAPER_R=1 RWM_ASTAR_ANCHOR=1 RWM_MSTAR_ANCHOR=1 RWM_PLAIN_RS=1 RWM_STORE_SACK_RELEASE=1 RWM_STORE_PATHS=1 RWM_STORE_PATH_POOL=2048 RWM_STORE=unset RWM_STORE_GAIN=2 RWM_STORE_BOOT=128 RWM_STORE_CAPW=0 RWM_STORE_CAP_UNIFIED=0 RWM_THREE_TERM=1 RWM_STORE_PERCAP=0 RWM_PERCAP_GUARD=1 RWM_STORE_BORROW=0 RWM_HONEST_CAP=1 RWM_POOL_ANCHOR=0 RWM_POOL_DELIV=0 RWM_FLOOR_BOUND=0 RWM_ACK_MERGE=1 RWM_PATIENCE_DERIVED=0 RWM_SIDLE_DERIVED=0 RWM_WIN_DECOUPLE=0 RWM_PLACE_SLACK=0 RWM_GEN=384 RWM_PIPELINE=2 RWM_GEN_PIPE=1 RWM_GEN_R=unset RWM_GEN_RATE=9000 RWM_GEN_RATE_FLOOR=2000 RWM_GEN_INFLIGHT=unset RWM_OOO_RETAIN=0/16 RWM_WINDOW=unset RWM_REPORT_GENS=unset RWM_REPAIR_WAIT=unset RWM_CODED_SRC=0 RWM_NO_REACTIVE=0 RWM_XPATH_REPAIR=0 RWM_PROACTIVE_PACER=0 RWM_REASM_BDP=0 RWM_MIN_R=0 RWM_CC_PACE=0 RWM_CC_PACE_HR=1.1 RWM_REACT_CAP=unset RWM_INFL_CAP=0 RWM_INFL_BDP=unset RWM_COPA_FEED=0 RWM_RS_ATTR=1 RWM_EMIT_BATCH=0 RWM_EMIT_BURST=64 RWM_RECOV_MP=1 RWM_RECOV_MP_LAW=1 RWM_RECOV_MP_LIVE=0 RWM_RECOV_SP=0 RWM_DIAG=1 RWM_RDIAG=0 RWM_FDIAG=0 RWM_TRACE=0 RWM_PFRAC=0
{"bytes":100000000,"dnf":0,"hint":"bulk","max_s":9.0181,"mean_mbps":88.711,"mean_s":9.0181,"median_s":9.0181,"min_s":9.0181,"proto":"rp-native","runs":1,"stdev_s":0.0,"summary":true}
    LATPROBE: /tmp/rwm-ping.txt 178 replies
    CPU: CPUSRV=6.36s CPUCLI=6.33s (srv=decoder cli=sender; whole-invocation incl warmup)
    QDISC cli0: qdisc netem 84cd: root refcnt 7 limit 1000 delay 5ms  3ms loss gemodel p 1.3% r 50% 1-h 100% 1-k 0% rate 100Mbit seed 7  Sent 111948929 bytes 93801 pkt (dropped 504, overlimits 0 requeues 0)   backlog 0b 0p requeues 0 
    QDISC cli1: qdisc netem 84ce: root refcnt 7 limit 1000 delay 5ms  3ms loss gemodel p 1.3% r 50% 1-h 100% 1-k 0% rate 100Mbit seed 7  Sent 592 bytes 8 pkt (dropped 2, overlimits 0 requeues 0)   backlog 0b 0p requeues 0 
    QDISC srv0: qdisc netem 84cf: root refcnt 7 limit 1000 delay 5ms  3ms rate 100Mbit seed 2761414893461350855  Sent 11307911 bytes 67249 pkt (dropped 0, overlimits 0 requeues 0)   backlog 0b 0p requeues 0 
    QDISC srv1: qdisc netem 84d0: root refcnt 7 limit 1000 delay 5ms  3ms rate 100Mbit seed 16402843022790060380  Sent 768 bytes 10 pkt (dropped 0, overlimits 0 requeues 0)   backlog 0b 0p requeues 0 
    QCAP: /tmp/rwm-q.txt 18 lines
RUNTIME sc2-B rep=3 12s
LATRESULT {"cell": "sc2", "arm": "B", "seed": 7, "rep": 3, "dnf": false, "dnf_count": 0, "mbps": 88.711, "seconds": 9.018, "n_runs": 1, "occ_p50": 422, "occ_p90": 438, "occcap_p50": 440, "q_p50": 32, "q_p95": 34, "q_p99": 35, "q_n": 33, "diag_lines": 36, "retx": 3027, "gates_cli_3t": 1, "gates_srv_3t": 1, "gates_cli_rs": 1, "gates_srv_rs": 1, "gates_lines_cli": 1, "gates_lines_srv": 1, "active_echo_cli": 1, "tt_eng1": 4, "ping_n": 178, "ping_p50": 42.0, "ping_p95": 45.2, "ping_p99": 46.3, "ping_max": 49.9, "ping_min": 6.55, "ping_tx": null, "ping_rx": null, "ping_loss": null, "wait_tun": 27, "wait_paused": 48, "wait_pace": 0, "wait_gen": 0, "wait_nack": 25, "wait_defc": 0, "wait_tail": 0, "wait_flush": 0, "wait_lines": 33, "dgq_hand": 88234, "dgq_tx": 88232, "dgq_full": 0, "dgq_err": 0, "dgq_gap": 2, "dgq_paths": 1, "tc_bytes": 111949521, "tc_pkts": 93809, "tc_drop": 506, "tc_s": 12}
LIVENESS sc2-B rep=3 cli=[RWM_THREE_TERM=1 RWM_PLAIN_RS=1] srv=[RWM_THREE_TERM=1 RWM_PLAIN_RS=1] active=1 eng1_lines=4 wait_lines=36 dgq_lines=35 ping_replies=178 (expect 3t=1 rs=1)
=== rep=3 arm=sc2-D seed=7 env="RWM_PLAIN_RS=1" cell=c2/c2/single bytes=100000000 15:09:49
RUNTIME sc2-D rep=3 3s
LATRESULT {"cell": "sc2", "arm": "D", "seed": 7, "rep": 3, "dnf": true, "dnf_count": null, "mbps": null, "seconds": null, "n_runs": 0, "occ_p50": null, "occ_p90": null, "occcap_p50": null, "q_p50": null, "q_p95": null, "q_p99": null, "q_n": 0, "diag_lines": 0, "retx": 0, "gates_cli_3t": null, "gates_srv_3t": null, "gates_cli_rs": null, "gates_srv_rs": null, "gates_lines_cli": 0, "gates_lines_srv": 0, "active_echo_cli": 0, "tt_eng1": 0, "ping_n": 178, "ping_p50": 42.0, "ping_p95": 45.2, "ping_p99": 46.3, "ping_max": 49.9, "ping_min": 6.55, "ping_tx": null, "ping_rx": null, "ping_loss": null, "wait_tun": null, "wait_paused": null, "wait_pace": null, "wait_gen": null, "wait_nack": null, "wait_defc": null, "wait_tail": null, "wait_flush": null, "wait_lines": 0, "dgq_hand": null, "dgq_tx": null, "dgq_full": null, "dgq_err": null, "dgq_gap": null, "dgq_paths": null, "tc_bytes": null, "tc_pkts": null, "tc_drop": null, "tc_s": null}
LIVENESS sc2-D rep=3 cli=[ ] srv=[ ] active= eng1_lines=0 wait_lines= dgq_lines= ping_replies=178 (expect 3t=0 rs=1)
ARM-LIVENESS-FAIL-GATE-CLI sc2-D rep=3 got=''
ARM-LIVENESS-FAIL-GATE-SRV sc2-D rep=3 got=''
ARM-LIVENESS-FAIL-RS-CLI sc2-D rep=3 got=''
ARM-LIVENESS-FAIL-RS-SRV sc2-D rep=3 got=''
QCAP-MISSING sc2-D rep=3
=== rep=3 arm=sc3-A seed=7 env="" cell=c3/c3/single bytes=25000000 15:09:52
[2m2026-08-10T15:09:55.996110Z[0m [32m INFO[0m [2mraptorpath::gates[0m[2m:[0m [GATES] RWM_UNIFIED=1 RWM_UNIFIED_SHED=1 RWM_TAPER_R=1 RWM_ASTAR_ANCHOR=1 RWM_MSTAR_ANCHOR=1 RWM_PLAIN_RS=0 RWM_STORE_SACK_RELEASE=1 RWM_STORE_PATHS=1 RWM_STORE_PATH_POOL=2048 RWM_STORE=unset RWM_STORE_GAIN=2 RWM_STORE_BOOT=128 RWM_STORE_CAPW=0 RWM_STORE_CAP_UNIFIED=0 RWM_THREE_TERM=0 RWM_STORE_PERCAP=0 RWM_PERCAP_GUARD=1 RWM_STORE_BORROW=0 RWM_HONEST_CAP=1 RWM_POOL_ANCHOR=0 RWM_POOL_DELIV=0 RWM_FLOOR_BOUND=0 RWM_ACK_MERGE=1 RWM_PATIENCE_DERIVED=0 RWM_SIDLE_DERIVED=0 RWM_WIN_DECOUPLE=0 RWM_PLACE_SLACK=0 RWM_GEN=384 RWM_PIPELINE=2 RWM_GEN_PIPE=1 RWM_GEN_R=unset RWM_GEN_RATE=9000 RWM_GEN_RATE_FLOOR=2000 RWM_GEN_INFLIGHT=unset RWM_OOO_RETAIN=0/16 RWM_WINDOW=unset RWM_REPORT_GENS=unset RWM_REPAIR_WAIT=unset RWM_CODED_SRC=0 RWM_NO_REACTIVE=0 RWM_XPATH_REPAIR=0 RWM_PROACTIVE_PACER=0 RWM_REASM_BDP=0 RWM_MIN_R=0 RWM_CC_PACE=0 RWM_CC_PACE_HR=1.1 RWM_REACT_CAP=unset RWM_INFL_CAP=0 RWM_INFL_BDP=unset RWM_COPA_FEED=0 RWM_RS_ATTR=1 RWM_EMIT_BATCH=0 RWM_EMIT_BURST=64 RWM_RECOV_MP=1 RWM_RECOV_MP_LAW=1 RWM_RECOV_MP_LIVE=0 RWM_RECOV_SP=0 RWM_DIAG=1 RWM_RDIAG=0 RWM_FDIAG=0 RWM_TRACE=0 RWM_PFRAC=0
{"bytes":25000000,"dnf":0,"hint":"bulk","max_s":11.939,"mean_mbps":16.752,"mean_s":11.939,"median_s":11.939,"min_s":11.939,"proto":"rp-native","runs":1,"stdev_s":0.0,"summary":true}
    LATPROBE: /tmp/rwm-ping.txt 221 replies
    CPU: CPUSRV=2.10s CPUCLI=2.32s (srv=decoder cli=sender; whole-invocation incl warmup)
    QDISC cli0: qdisc netem 84d5: root refcnt 7 limit 1000 delay 20ms  5ms loss gemodel p 2% r 40% 1-h 100% 1-k 0% rate 20Mbit seed 7  Sent 29744925 bytes 28059 pkt (dropped 457, overlimits 0 requeues 0)   backlog 0b 0p requeues 0 
    QDISC cli1: qdisc netem 84d6: root refcnt 7 limit 1000 delay 20ms  5ms loss gemodel p 2% r 40% 1-h 100% 1-k 0% rate 20Mbit seed 7  Sent 658 bytes 9 pkt (dropped 2, overlimits 0 requeues 0)   backlog 0b 0p requeues 0 
    QDISC srv0: qdisc netem 84d7: root refcnt 7 limit 1000 delay 20ms  5ms rate 20Mbit seed 3808338672881454250  Sent 3307262 bytes 18213 pkt (dropped 0, overlimits 0 requeues 0)   backlog 0b 0p requeues 0 
    QDISC srv1: qdisc netem 84d8: root refcnt 7 limit 1000 delay 20ms  5ms rate 20Mbit seed 17168935000406585039  Sent 838 bytes 11 pkt (dropped 0, overlimits 0 requeues 0)   backlog 0b 0p requeues 0 
    QCAP: /tmp/rwm-q.txt 18 lines
RUNTIME sc3-A rep=3 16s
LATRESULT {"cell": "sc3", "arm": "A", "seed": 7, "rep": 3, "dnf": false, "dnf_count": 0, "mbps": 16.752, "seconds": 11.939, "n_runs": 1, "occ_p50": 1024, "occ_p90": 1024, "occcap_p50": 1024, "q_p50": 477, "q_p95": 727, "q_p99": 751, "q_n": 43, "diag_lines": 47, "retx": 2331, "gates_cli_3t": 0, "gates_srv_3t": 0, "gates_cli_rs": 0, "gates_srv_rs": 0, "gates_lines_cli": 1, "gates_lines_srv": 1, "active_echo_cli": 0, "tt_eng1": 0, "ping_n": 221, "ping_p50": 524.0, "ping_p95": 645.0, "ping_p99": 783.0, "ping_max": 804.0, "ping_min": 46.2, "ping_tx": null, "ping_rx": null, "ping_loss": null, "wait_tun": 7, "wait_paused": 77, "wait_pace": 0, "wait_gen": 0, "wait_nack": 15, "wait_defc": 0, "wait_tail": 1, "wait_flush": 0, "wait_lines": 44, "dgq_hand": 23733, "dgq_tx": 23733, "dgq_full": 0, "dgq_err": 0, "dgq_gap": 0, "dgq_paths": 1, "tc_bytes": 29745583, "tc_pkts": 28068, "tc_drop": 461, "tc_s": 16}
LIVENESS sc3-A rep=3 cli=[RWM_THREE_TERM=0 RWM_PLAIN_RS=0] srv=[RWM_THREE_TERM=0 RWM_PLAIN_RS=0] active=0 eng1_lines=0 wait_lines=47 dgq_lines=43 ping_replies=221 (expect 3t=0 rs=0)
=== rep=3 arm=sc3-B seed=7 env="RWM_THREE_TERM=1 RWM_PLAIN_RS=1" cell=c3/c3/single bytes=25000000 15:10:08
[2m2026-08-10T15:10:11.410120Z[0m [32m INFO[0m [2mraptorpath::gates[0m[2m:[0m [GATES] RWM_UNIFIED=1 RWM_UNIFIED_SHED=1 RWM_TAPER_R=1 RWM_ASTAR_ANCHOR=1 RWM_MSTAR_ANCHOR=1 RWM_PLAIN_RS=1 RWM_STORE_SACK_RELEASE=1 RWM_STORE_PATHS=1 RWM_STORE_PATH_POOL=2048 RWM_STORE=unset RWM_STORE_GAIN=2 RWM_STORE_BOOT=128 RWM_STORE_CAPW=0 RWM_STORE_CAP_UNIFIED=0 RWM_THREE_TERM=1 RWM_STORE_PERCAP=0 RWM_PERCAP_GUARD=1 RWM_STORE_BORROW=0 RWM_HONEST_CAP=1 RWM_POOL_ANCHOR=0 RWM_POOL_DELIV=0 RWM_FLOOR_BOUND=0 RWM_ACK_MERGE=1 RWM_PATIENCE_DERIVED=0 RWM_SIDLE_DERIVED=0 RWM_WIN_DECOUPLE=0 RWM_PLACE_SLACK=0 RWM_GEN=384 RWM_PIPELINE=2 RWM_GEN_PIPE=1 RWM_GEN_R=unset RWM_GEN_RATE=9000 RWM_GEN_RATE_FLOOR=2000 RWM_GEN_INFLIGHT=unset RWM_OOO_RETAIN=0/16 RWM_WINDOW=unset RWM_REPORT_GENS=unset RWM_REPAIR_WAIT=unset RWM_CODED_SRC=0 RWM_NO_REACTIVE=0 RWM_XPATH_REPAIR=0 RWM_PROACTIVE_PACER=0 RWM_REASM_BDP=0 RWM_MIN_R=0 RWM_CC_PACE=0 RWM_CC_PACE_HR=1.1 RWM_REACT_CAP=unset RWM_INFL_CAP=0 RWM_INFL_BDP=unset RWM_COPA_FEED=0 RWM_RS_ATTR=1 RWM_EMIT_BATCH=0 RWM_EMIT_BURST=64 RWM_RECOV_MP=1 RWM_RECOV_MP_LAW=1 RWM_RECOV_MP_LIVE=0 RWM_RECOV_SP=0 RWM_DIAG=1 RWM_RDIAG=0 RWM_FDIAG=0 RWM_TRACE=0 RWM_PFRAC=0
{"bytes":25000000,"dnf":0,"hint":"bulk","max_s":12.3069,"mean_mbps":16.251,"mean_s":12.3069,"median_s":12.3069,"min_s":12.3069,"proto":"rp-native","runs":1,"stdev_s":0.0,"summary":true}
    LATPROBE: /tmp/rwm-ping.txt 230 replies
    CPU: CPUSRV=2.11s CPUCLI=2.30s (srv=decoder cli=sender; whole-invocation incl warmup)
    QDISC cli0: qdisc netem 84d9: root refcnt 7 limit 1000 delay 20ms  5ms loss gemodel p 2% r 40% 1-h 100% 1-k 0% rate 20Mbit seed 7  Sent 30648761 bytes 28723 pkt (dropped 471, overlimits 0 requeues 0)   backlog 0b 0p requeues 0 
    QDISC cli1: qdisc netem 84da: root refcnt 7 limit 1000 delay 20ms  5ms loss gemodel p 2% r 40% 1-h 100% 1-k 0% rate 20Mbit seed 7  Sent 756 bytes 10 pkt (dropped 2, overlimits 0 requeues 0)   backlog 0b 0p requeues 0 
    QDISC srv0: qdisc netem 84db: root refcnt 7 limit 1000 delay 20ms  5ms rate 20Mbit seed 5905025965870396019  Sent 3365985 bytes 19341 pkt (dropped 0, overlimits 0 requeues 0)   backlog 144b 2p requeues 0 
    QDISC srv1: qdisc netem 84dc: root refcnt 7 limit 1000 delay 20ms  5ms rate 20Mbit seed 7556381218377697138  Sent 936 bytes 12 pkt (dropped 0, overlimits 0 requeues 0)   backlog 0b 0p requeues 0 
    QCAP: /tmp/rwm-q.txt 18 lines
RUNTIME sc3-B rep=3 16s
LATRESULT {"cell": "sc3", "arm": "B", "seed": 7, "rep": 3, "dnf": false, "dnf_count": 0, "mbps": 16.251, "seconds": 12.307, "n_runs": 1, "occ_p50": 309, "occ_p90": 906, "occcap_p50": 309, "q_p50": 112, "q_p95": 738, "q_p99": 866, "q_n": 42, "diag_lines": 49, "retx": 3146, "gates_cli_3t": 1, "gates_srv_3t": 1, "gates_cli_rs": 1, "gates_srv_rs": 1, "gates_lines_cli": 1, "gates_lines_srv": 1, "active_echo_cli": 1, "tt_eng1": 6, "ping_n": 230, "ping_p50": 157.0, "ping_p95": 542.0, "ping_p99": 886.0, "ping_max": 888.0, "ping_min": 32.5, "ping_tx": null, "ping_rx": null, "ping_loss": null, "wait_tun": 6, "wait_paused": 77, "wait_pace": 0, "wait_gen": 0, "wait_nack": 15, "wait_defc": 0, "wait_tail": 1, "wait_flush": 0, "wait_lines": 46, "dgq_hand": 24640, "dgq_tx": 24640, "dgq_full": 0, "dgq_err": 0, "dgq_gap": 0, "dgq_paths": 1, "tc_bytes": 30649517, "tc_pkts": 28733, "tc_drop": 473, "tc_s": 15}
LIVENESS sc3-B rep=3 cli=[RWM_THREE_TERM=1 RWM_PLAIN_RS=1] srv=[RWM_THREE_TERM=1 RWM_PLAIN_RS=1] active=1 eng1_lines=6 wait_lines=49 dgq_lines=43 ping_replies=230 (expect 3t=1 rs=1)
=== rep=3 arm=sc3-D seed=7 env="RWM_PLAIN_RS=1" cell=c3/c3/single bytes=25000000 15:10:24
[2m2026-08-10T15:10:27.798266Z[0m [32m INFO[0m [2mraptorpath::gates[0m[2m:[0m [GATES] RWM_UNIFIED=1 RWM_UNIFIED_SHED=1 RWM_TAPER_R=1 RWM_ASTAR_ANCHOR=1 RWM_MSTAR_ANCHOR=1 RWM_PLAIN_RS=1 RWM_STORE_SACK_RELEASE=1 RWM_STORE_PATHS=1 RWM_STORE_PATH_POOL=2048 RWM_STORE=unset RWM_STORE_GAIN=2 RWM_STORE_BOOT=128 RWM_STORE_CAPW=0 RWM_STORE_CAP_UNIFIED=0 RWM_THREE_TERM=0 RWM_STORE_PERCAP=0 RWM_PERCAP_GUARD=1 RWM_STORE_BORROW=0 RWM_HONEST_CAP=1 RWM_POOL_ANCHOR=0 RWM_POOL_DELIV=0 RWM_FLOOR_BOUND=0 RWM_ACK_MERGE=1 RWM_PATIENCE_DERIVED=0 RWM_SIDLE_DERIVED=0 RWM_WIN_DECOUPLE=0 RWM_PLACE_SLACK=0 RWM_GEN=384 RWM_PIPELINE=2 RWM_GEN_PIPE=1 RWM_GEN_R=unset RWM_GEN_RATE=9000 RWM_GEN_RATE_FLOOR=2000 RWM_GEN_INFLIGHT=unset RWM_OOO_RETAIN=0/16 RWM_WINDOW=unset RWM_REPORT_GENS=unset RWM_REPAIR_WAIT=unset RWM_CODED_SRC=0 RWM_NO_REACTIVE=0 RWM_XPATH_REPAIR=0 RWM_PROACTIVE_PACER=0 RWM_REASM_BDP=0 RWM_MIN_R=0 RWM_CC_PACE=0 RWM_CC_PACE_HR=1.1 RWM_REACT_CAP=unset RWM_INFL_CAP=0 RWM_INFL_BDP=unset RWM_COPA_FEED=0 RWM_RS_ATTR=1 RWM_EMIT_BATCH=0 RWM_EMIT_BURST=64 RWM_RECOV_MP=1 RWM_RECOV_MP_LAW=1 RWM_RECOV_MP_LIVE=0 RWM_RECOV_SP=0 RWM_DIAG=1 RWM_RDIAG=0 RWM_FDIAG=0 RWM_TRACE=0 RWM_PFRAC=0
{"bytes":25000000,"dnf":0,"hint":"bulk","max_s":12.0235,"mean_mbps":16.634,"mean_s":12.0235,"median_s":12.0235,"min_s":12.0235,"proto":"rp-native","runs":1,"stdev_s":0.0,"summary":true}
    LATPROBE: /tmp/rwm-ping.txt 226 replies
    CPU: CPUSRV=2.08s CPUCLI=2.34s (srv=decoder cli=sender; whole-invocation incl warmup)
    QDISC cli0: qdisc netem 84dd: root refcnt 7 limit 1000 delay 20ms  5ms loss gemodel p 2% r 40% 1-h 100% 1-k 0% rate 20Mbit seed 7  Sent 29934118 bytes 27753 pkt (dropped 464, overlimits 0 requeues 0)   backlog 0b 0p requeues 0 
    QDISC cli1: qdisc netem 84de: root refcnt 7 limit 1000 delay 20ms  5ms loss gemodel p 2% r 40% 1-h 100% 1-k 0% rate 20Mbit seed 7  Sent 846 bytes 11 pkt (dropped 2, overlimits 0 requeues 0)   backlog 0b 0p requeues 0 
    QDISC srv0: qdisc netem 84df: root refcnt 7 limit 1000 delay 20ms  5ms rate 20Mbit seed 17550903202595604982  Sent 3288896 bytes 19098 pkt (dropped 0, overlimits 0 requeues 0)   backlog 2584b 2p requeues 0 
    QDISC srv1: qdisc netem 84e0: root refcnt 7 limit 1000 delay 20ms  5ms rate 20Mbit seed 14703804388924829542  Sent 936 bytes 12 pkt (dropped 0, overlimits 0 requeues 0)   backlog 0b 0p requeues 0 
    QCAP: /tmp/rwm-q.txt 18 lines
RUNTIME sc3-D rep=3 16s
LATRESULT {"cell": "sc3", "arm": "D", "seed": 7, "rep": 3, "dnf": false, "dnf_count": 0, "mbps": 16.634, "seconds": 12.024, "n_runs": 1, "occ_p50": 434, "occ_p90": 763, "occcap_p50": 434, "q_p50": 180, "q_p95": 403, "q_p99": 503, "q_n": 43, "diag_lines": 48, "retx": 2648, "gates_cli_3t": 0, "gates_srv_3t": 0, "gates_cli_rs": 1, "gates_srv_rs": 1, "gates_lines_cli": 1, "gates_lines_srv": 1, "active_echo_cli": 0, "tt_eng1": 0, "ping_n": 226, "ping_p50": 219.0, "ping_p95": 581.0, "ping_p99": 701.0, "ping_max": 724.0, "ping_min": 38.7, "ping_tx": null, "ping_rx": null, "ping_loss": null, "wait_tun": 6, "wait_paused": 76, "wait_pace": 0, "wait_gen": 0, "wait_nack": 17, "wait_defc": 0, "wait_tail": 1, "wait_flush": 0, "wait_lines": 45, "dgq_hand": 24121, "dgq_tx": 24121, "dgq_full": 0, "dgq_err": 0, "dgq_gap": 0, "dgq_paths": 1, "tc_bytes": 29934964, "tc_pkts": 27764, "tc_drop": 466, "tc_s": 16}
LIVENESS sc3-D rep=3 cli=[RWM_THREE_TERM=0 RWM_PLAIN_RS=1] srv=[RWM_THREE_TERM=0 RWM_PLAIN_RS=1] active=0 eng1_lines=0 wait_lines=48 dgq_lines=43 ping_replies=226 (expect 3t=0 rs=1)
=== rep=3 arm=c7-A seed=7 env="" cell=c2/c2/dual bytes=200000000 15:10:40
RUNTIME c7-A rep=3 3s
LATRESULT {"cell": "c7", "arm": "A", "seed": 7, "rep": 3, "dnf": true, "dnf_count": null, "mbps": null, "seconds": null, "n_runs": 0, "occ_p50": null, "occ_p90": null, "occcap_p50": null, "q_p50": null, "q_p95": null, "q_p99": null, "q_n": 0, "diag_lines": 0, "retx": 0, "gates_cli_3t": null, "gates_srv_3t": null, "gates_cli_rs": null, "gates_srv_rs": null, "gates_lines_cli": 0, "gates_lines_srv": 0, "active_echo_cli": 0, "tt_eng1": 0, "ping_n": 226, "ping_p50": 219.0, "ping_p95": 581.0, "ping_p99": 701.0, "ping_max": 724.0, "ping_min": 38.7, "ping_tx": null, "ping_rx": null, "ping_loss": null, "wait_tun": null, "wait_paused": null, "wait_pace": null, "wait_gen": null, "wait_nack": null, "wait_defc": null, "wait_tail": null, "wait_flush": null, "wait_lines": 0, "dgq_hand": null, "dgq_tx": null, "dgq_full": null, "dgq_err": null, "dgq_gap": null, "dgq_paths": null, "tc_bytes": null, "tc_pkts": null, "tc_drop": null, "tc_s": null}
LIVENESS c7-A rep=3 cli=[ ] srv=[ ] active= eng1_lines=0 wait_lines= dgq_lines= ping_replies=226 (expect 3t=0 rs=0)
ARM-LIVENESS-FAIL-GATE-CLI c7-A rep=3 got=''
ARM-LIVENESS-FAIL-GATE-SRV c7-A rep=3 got=''
ARM-LIVENESS-FAIL-RS-CLI c7-A rep=3 got=''
ARM-LIVENESS-FAIL-RS-SRV c7-A rep=3 got=''
QCAP-MISSING c7-A rep=3
=== rep=3 arm=c7-B seed=7 env="RWM_THREE_TERM=1 RWM_PLAIN_RS=1" cell=c2/c2/dual bytes=200000000 15:10:43
RUNTIME c7-B rep=3 2s
LATRESULT {"cell": "c7", "arm": "B", "seed": 7, "rep": 3, "dnf": true, "dnf_count": null, "mbps": null, "seconds": null, "n_runs": 0, "occ_p50": null, "occ_p90": null, "occcap_p50": null, "q_p50": null, "q_p95": null, "q_p99": null, "q_n": 0, "diag_lines": 0, "retx": 0, "gates_cli_3t": null, "gates_srv_3t": null, "gates_cli_rs": null, "gates_srv_rs": null, "gates_lines_cli": 0, "gates_lines_srv": 0, "active_echo_cli": 0, "tt_eng1": 0, "ping_n": 226, "ping_p50": 219.0, "ping_p95": 581.0, "ping_p99": 701.0, "ping_max": 724.0, "ping_min": 38.7, "ping_tx": null, "ping_rx": null, "ping_loss": null, "wait_tun": null, "wait_paused": null, "wait_pace": null, "wait_gen": null, "wait_nack": null, "wait_defc": null, "wait_tail": null, "wait_flush": null, "wait_lines": 0, "dgq_hand": null, "dgq_tx": null, "dgq_full": null, "dgq_err": null, "dgq_gap": null, "dgq_paths": null, "tc_bytes": null, "tc_pkts": null, "tc_drop": null, "tc_s": null}
LIVENESS c7-B rep=3 cli=[ ] srv=[ ] active= eng1_lines=0 wait_lines= dgq_lines= ping_replies=226 (expect 3t=1 rs=1)
ARM-LIVENESS-FAIL-GATE-CLI c7-B rep=3 got=''
ARM-LIVENESS-FAIL-GATE-SRV c7-B rep=3 got=''
ARM-LIVENESS-FAIL-RS-CLI c7-B rep=3 got=''
ARM-LIVENESS-FAIL-RS-SRV c7-B rep=3 got=''
ARM-LIVENESS-FAIL-3T c7-B rep=3 (VOID: no eng=1)
QCAP-MISSING c7-B rep=3
=== rep=3 arm=c7-D seed=7 env="RWM_PLAIN_RS=1" cell=c2/c2/dual bytes=200000000 15:10:45
RUNTIME c7-D rep=3 3s
LATRESULT {"cell": "c7", "arm": "D", "seed": 7, "rep": 3, "dnf": true, "dnf_count": null, "mbps": null, "seconds": null, "n_runs": 0, "occ_p50": null, "occ_p90": null, "occcap_p50": null, "q_p50": null, "q_p95": null, "q_p99": null, "q_n": 0, "diag_lines": 0, "retx": 0, "gates_cli_3t": null, "gates_srv_3t": null, "gates_cli_rs": null, "gates_srv_rs": null, "gates_lines_cli": 0, "gates_lines_srv": 0, "active_echo_cli": 0, "tt_eng1": 0, "ping_n": 226, "ping_p50": 219.0, "ping_p95": 581.0, "ping_p99": 701.0, "ping_max": 724.0, "ping_min": 38.7, "ping_tx": null, "ping_rx": null, "ping_loss": null, "wait_tun": null, "wait_paused": null, "wait_pace": null, "wait_gen": null, "wait_nack": null, "wait_defc": null, "wait_tail": null, "wait_flush": null, "wait_lines": 0, "dgq_hand": null, "dgq_tx": null, "dgq_full": null, "dgq_err": null, "dgq_gap": null, "dgq_paths": null, "tc_bytes": null, "tc_pkts": null, "tc_drop": null, "tc_s": null}
LIVENESS c7-D rep=3 cli=[ ] srv=[ ] active= eng1_lines=0 wait_lines= dgq_lines= ping_replies=226 (expect 3t=0 rs=1)
ARM-LIVENESS-FAIL-GATE-CLI c7-D rep=3 got=''
ARM-LIVENESS-FAIL-GATE-SRV c7-D rep=3 got=''
ARM-LIVENESS-FAIL-RS-CLI c7-D rep=3 got=''
ARM-LIVENESS-FAIL-RS-SRV c7-D rep=3 got=''
QCAP-MISSING c7-D rep=3
=== rep=4 arm=sc2-A seed=7 env="" cell=c2/c2/single bytes=100000000 15:10:48
[2m2026-08-10T15:10:50.779819Z[0m [32m INFO[0m [2mraptorpath::gates[0m[2m:[0m [GATES] RWM_UNIFIED=1 RWM_UNIFIED_SHED=1 RWM_TAPER_R=1 RWM_ASTAR_ANCHOR=1 RWM_MSTAR_ANCHOR=1 RWM_PLAIN_RS=0 RWM_STORE_SACK_RELEASE=1 RWM_STORE_PATHS=1 RWM_STORE_PATH_POOL=2048 RWM_STORE=unset RWM_STORE_GAIN=2 RWM_STORE_BOOT=128 RWM_STORE_CAPW=0 RWM_STORE_CAP_UNIFIED=0 RWM_THREE_TERM=0 RWM_STORE_PERCAP=0 RWM_PERCAP_GUARD=1 RWM_STORE_BORROW=0 RWM_HONEST_CAP=1 RWM_POOL_ANCHOR=0 RWM_POOL_DELIV=0 RWM_FLOOR_BOUND=0 RWM_ACK_MERGE=1 RWM_PATIENCE_DERIVED=0 RWM_SIDLE_DERIVED=0 RWM_WIN_DECOUPLE=0 RWM_PLACE_SLACK=0 RWM_GEN=384 RWM_PIPELINE=2 RWM_GEN_PIPE=1 RWM_GEN_R=unset RWM_GEN_RATE=9000 RWM_GEN_RATE_FLOOR=2000 RWM_GEN_INFLIGHT=unset RWM_OOO_RETAIN=0/16 RWM_WINDOW=unset RWM_REPORT_GENS=unset RWM_REPAIR_WAIT=unset RWM_CODED_SRC=0 RWM_NO_REACTIVE=0 RWM_XPATH_REPAIR=0 RWM_PROACTIVE_PACER=0 RWM_REASM_BDP=0 RWM_MIN_R=0 RWM_CC_PACE=0 RWM_CC_PACE_HR=1.1 RWM_REACT_CAP=unset RWM_INFL_CAP=0 RWM_INFL_BDP=unset RWM_COPA_FEED=0 RWM_RS_ATTR=1 RWM_EMIT_BATCH=0 RWM_EMIT_BURST=64 RWM_RECOV_MP=1 RWM_RECOV_MP_LAW=1 RWM_RECOV_MP_LIVE=0 RWM_RECOV_SP=0 RWM_DIAG=1 RWM_RDIAG=0 RWM_FDIAG=0 RWM_TRACE=0 RWM_PFRAC=0
{"bytes":100000000,"dnf":0,"hint":"bulk","max_s":9.0234,"mean_mbps":88.659,"mean_s":9.0234,"median_s":9.0234,"min_s":9.0234,"proto":"rp-native","runs":1,"stdev_s":0.0,"summary":true}
    LATPROBE: /tmp/rwm-ping.txt 164 replies
    CPU: CPUSRV=6.52s CPUCLI=5.95s (srv=decoder cli=sender; whole-invocation incl warmup)
    QDISC cli0: qdisc netem 84ed: root refcnt 7 limit 1000 delay 5ms  3ms loss gemodel p 1.3% r 50% 1-h 100% 1-k 0% rate 100Mbit seed 7  Sent 111960581 bytes 93200 pkt (dropped 529, overlimits 0 requeues 0)   backlog 0b 0p requeues 0 
    QDISC cli1: qdisc netem 84ee: root refcnt 7 limit 1000 delay 5ms  3ms loss gemodel p 1.3% r 50% 1-h 100% 1-k 0% rate 100Mbit seed 7  Sent 686 bytes 9 pkt (dropped 2, overlimits 0 requeues 0)   backlog 0b 0p requeues 0 
    QDISC srv0: qdisc netem 84ef: root refcnt 7 limit 1000 delay 5ms  3ms rate 100Mbit seed 1532982126563147630  Sent 11195299 bytes 64854 pkt (dropped 0, overlimits 0 requeues 0)   backlog 0b 0p requeues 0 
    QDISC srv1: qdisc netem 84f0: root refcnt 7 limit 1000 delay 5ms  3ms rate 100Mbit seed 2106213097609433549  Sent 866 bytes 11 pkt (dropped 0, overlimits 0 requeues 0)   backlog 0b 0p requeues 0 
    QCAP: /tmp/rwm-q.txt 18 lines
RUNTIME sc2-A rep=4 12s
LATRESULT {"cell": "sc2", "arm": "A", "seed": 7, "rep": 4, "dnf": false, "dnf_count": 0, "mbps": 88.659, "seconds": 9.023, "n_runs": 1, "occ_p50": 1005, "occ_p90": 1024, "occcap_p50": 1024, "q_p50": 91, "q_p95": 94, "q_p99": 96, "q_n": 33, "diag_lines": 36, "retx": 2918, "gates_cli_3t": 0, "gates_srv_3t": 0, "gates_cli_rs": 0, "gates_srv_rs": 0, "gates_lines_cli": 1, "gates_lines_srv": 1, "active_echo_cli": 0, "tt_eng1": 0, "ping_n": 164, "ping_p50": 102.0, "ping_p95": 106.0, "ping_p99": 109.0, "ping_max": 113.0, "ping_min": 7.2, "ping_tx": null, "ping_rx": null, "ping_loss": null, "wait_tun": 30, "wait_paused": 40, "wait_pace": 0, "wait_gen": 0, "wait_nack": 29, "wait_defc": 0, "wait_tail": 1, "wait_flush": 0, "wait_lines": 33, "dgq_hand": 88032, "dgq_tx": 88032, "dgq_full": 0, "dgq_err": 0, "dgq_gap": 0, "dgq_paths": 1, "tc_bytes": 111961857, "tc_pkts": 93210, "tc_drop": 531, "tc_s": 11}
LIVENESS sc2-A rep=4 cli=[RWM_THREE_TERM=0 RWM_PLAIN_RS=0] srv=[RWM_THREE_TERM=0 RWM_PLAIN_RS=0] active=0 eng1_lines=0 wait_lines=36 dgq_lines=34 ping_replies=164 (expect 3t=0 rs=0)
=== rep=4 arm=sc2-B seed=7 env="RWM_THREE_TERM=1 RWM_PLAIN_RS=1" cell=c2/c2/single bytes=100000000 15:11:00
RUNTIME sc2-B rep=4 2s
LATRESULT {"cell": "sc2", "arm": "B", "seed": 7, "rep": 4, "dnf": true, "dnf_count": null, "mbps": null, "seconds": null, "n_runs": 0, "occ_p50": null, "occ_p90": null, "occcap_p50": null, "q_p50": null, "q_p95": null, "q_p99": null, "q_n": 0, "diag_lines": 0, "retx": 0, "gates_cli_3t": null, "gates_srv_3t": null, "gates_cli_rs": null, "gates_srv_rs": null, "gates_lines_cli": 0, "gates_lines_srv": 0, "active_echo_cli": 0, "tt_eng1": 0, "ping_n": 164, "ping_p50": 102.0, "ping_p95": 106.0, "ping_p99": 109.0, "ping_max": 113.0, "ping_min": 7.2, "ping_tx": null, "ping_rx": null, "ping_loss": null, "wait_tun": null, "wait_paused": null, "wait_pace": null, "wait_gen": null, "wait_nack": null, "wait_defc": null, "wait_tail": null, "wait_flush": null, "wait_lines": 0, "dgq_hand": null, "dgq_tx": null, "dgq_full": null, "dgq_err": null, "dgq_gap": null, "dgq_paths": null, "tc_bytes": null, "tc_pkts": null, "tc_drop": null, "tc_s": null}
LIVENESS sc2-B rep=4 cli=[ ] srv=[ ] active= eng1_lines=0 wait_lines= dgq_lines= ping_replies=164 (expect 3t=1 rs=1)
ARM-LIVENESS-FAIL-GATE-CLI sc2-B rep=4 got=''
ARM-LIVENESS-FAIL-GATE-SRV sc2-B rep=4 got=''
ARM-LIVENESS-FAIL-RS-CLI sc2-B rep=4 got=''
ARM-LIVENESS-FAIL-RS-SRV sc2-B rep=4 got=''
ARM-LIVENESS-FAIL-3T sc2-B rep=4 (VOID: no eng=1)
QCAP-MISSING sc2-B rep=4
=== rep=4 arm=sc2-D seed=7 env="RWM_PLAIN_RS=1" cell=c2/c2/single bytes=100000000 15:11:02
[2m2026-08-10T15:11:05.185121Z[0m [32m INFO[0m [2mraptorpath::gates[0m[2m:[0m [GATES] RWM_UNIFIED=1 RWM_UNIFIED_SHED=1 RWM_TAPER_R=1 RWM_ASTAR_ANCHOR=1 RWM_MSTAR_ANCHOR=1 RWM_PLAIN_RS=1 RWM_STORE_SACK_RELEASE=1 RWM_STORE_PATHS=1 RWM_STORE_PATH_POOL=2048 RWM_STORE=unset RWM_STORE_GAIN=2 RWM_STORE_BOOT=128 RWM_STORE_CAPW=0 RWM_STORE_CAP_UNIFIED=0 RWM_THREE_TERM=0 RWM_STORE_PERCAP=0 RWM_PERCAP_GUARD=1 RWM_STORE_BORROW=0 RWM_HONEST_CAP=1 RWM_POOL_ANCHOR=0 RWM_POOL_DELIV=0 RWM_FLOOR_BOUND=0 RWM_ACK_MERGE=1 RWM_PATIENCE_DERIVED=0 RWM_SIDLE_DERIVED=0 RWM_WIN_DECOUPLE=0 RWM_PLACE_SLACK=0 RWM_GEN=384 RWM_PIPELINE=2 RWM_GEN_PIPE=1 RWM_GEN_R=unset RWM_GEN_RATE=9000 RWM_GEN_RATE_FLOOR=2000 RWM_GEN_INFLIGHT=unset RWM_OOO_RETAIN=0/16 RWM_WINDOW=unset RWM_REPORT_GENS=unset RWM_REPAIR_WAIT=unset RWM_CODED_SRC=0 RWM_NO_REACTIVE=0 RWM_XPATH_REPAIR=0 RWM_PROACTIVE_PACER=0 RWM_REASM_BDP=0 RWM_MIN_R=0 RWM_CC_PACE=0 RWM_CC_PACE_HR=1.1 RWM_REACT_CAP=unset RWM_INFL_CAP=0 RWM_INFL_BDP=unset RWM_COPA_FEED=0 RWM_RS_ATTR=1 RWM_EMIT_BATCH=0 RWM_EMIT_BURST=64 RWM_RECOV_MP=1 RWM_RECOV_MP_LAW=1 RWM_RECOV_MP_LIVE=0 RWM_RECOV_SP=0 RWM_DIAG=1 RWM_RDIAG=0 RWM_FDIAG=0 RWM_TRACE=0 RWM_PFRAC=0
{"bytes":100000000,"dnf":0,"hint":"bulk","max_s":9.0644,"mean_mbps":88.258,"mean_s":9.0644,"median_s":9.0644,"min_s":9.0644,"proto":"rp-native","runs":1,"stdev_s":0.0,"summary":true}
    LATPROBE: /tmp/rwm-ping.txt 164 replies
    CPU: CPUSRV=6.37s CPUCLI=6.86s (srv=decoder cli=sender; whole-invocation incl warmup)
    QDISC cli0: qdisc netem 84f5: root refcnt 7 limit 1000 delay 5ms  3ms loss gemodel p 1.3% r 50% 1-h 100% 1-k 0% rate 100Mbit seed 7  Sent 112471880 bytes 92906 pkt (dropped 504, overlimits 0 requeues 0)   backlog 0b 0p requeues 0 
    QDISC cli1: qdisc netem 84f6: root refcnt 7 limit 1000 delay 5ms  3ms loss gemodel p 1.3% r 50% 1-h 100% 1-k 0% rate 100Mbit seed 7  Sent 592 bytes 8 pkt (dropped 2, overlimits 0 requeues 0)   backlog 0b 0p requeues 0 
    QDISC srv0: qdisc netem 84f7: root refcnt 7 limit 1000 delay 5ms  3ms rate 100Mbit seed 16500199369305891675  Sent 11240423 bytes 65310 pkt (dropped 0, overlimits 0 requeues 0)   backlog 0b 0p requeues 0 
    QDISC srv1: qdisc netem 84f8: root refcnt 7 limit 1000 delay 5ms  3ms rate 100Mbit seed 4719548467235661161  Sent 768 bytes 10 pkt (dropped 0, overlimits 0 requeues 0)   backlog 0b 0p requeues 0 
    QCAP: /tmp/rwm-q.txt 18 lines
RUNTIME sc2-D rep=4 12s
LATRESULT {"cell": "sc2", "arm": "D", "seed": 7, "rep": 4, "dnf": false, "dnf_count": 0, "mbps": 88.258, "seconds": 9.064, "n_runs": 1, "occ_p50": 1012, "occ_p90": 1024, "occcap_p50": 1024, "q_p50": 92, "q_p95": 95, "q_p99": 99, "q_n": 33, "diag_lines": 36, "retx": 3375, "gates_cli_3t": 0, "gates_srv_3t": 0, "gates_cli_rs": 1, "gates_srv_rs": 1, "gates_lines_cli": 1, "gates_lines_srv": 1, "active_echo_cli": 0, "tt_eng1": 0, "ping_n": 164, "ping_p50": 101.0, "ping_p95": 106.0, "ping_p99": 108.0, "ping_max": 109.0, "ping_min": 10.4, "ping_tx": null, "ping_rx": null, "ping_loss": null, "wait_tun": 30, "wait_paused": 31, "wait_pace": 0, "wait_gen": 0, "wait_nack": 39, "wait_defc": 0, "wait_tail": 1, "wait_flush": 0, "wait_lines": 33, "dgq_hand": 88499, "dgq_tx": 88493, "dgq_full": 0, "dgq_err": 0, "dgq_gap": 6, "dgq_paths": 1, "tc_bytes": 112472472, "tc_pkts": 92914, "tc_drop": 506, "tc_s": 12}
LIVENESS sc2-D rep=4 cli=[RWM_THREE_TERM=0 RWM_PLAIN_RS=1] srv=[RWM_THREE_TERM=0 RWM_PLAIN_RS=1] active=0 eng1_lines=0 wait_lines=36 dgq_lines=33 ping_replies=164 (expect 3t=0 rs=1)
=== rep=4 arm=sc3-A seed=7 env="" cell=c3/c3/single bytes=25000000 15:11:14
RUNTIME sc3-A rep=4 3s
LATRESULT {"cell": "sc3", "arm": "A", "seed": 7, "rep": 4, "dnf": true, "dnf_count": null, "mbps": null, "seconds": null, "n_runs": 0, "occ_p50": null, "occ_p90": null, "occcap_p50": null, "q_p50": null, "q_p95": null, "q_p99": null, "q_n": 0, "diag_lines": 0, "retx": 0, "gates_cli_3t": null, "gates_srv_3t": null, "gates_cli_rs": null, "gates_srv_rs": null, "gates_lines_cli": 0, "gates_lines_srv": 0, "active_echo_cli": 0, "tt_eng1": 0, "ping_n": 164, "ping_p50": 101.0, "ping_p95": 106.0, "ping_p99": 108.0, "ping_max": 109.0, "ping_min": 10.4, "ping_tx": null, "ping_rx": null, "ping_loss": null, "wait_tun": null, "wait_paused": null, "wait_pace": null, "wait_gen": null, "wait_nack": null, "wait_defc": null, "wait_tail": null, "wait_flush": null, "wait_lines": 0, "dgq_hand": null, "dgq_tx": null, "dgq_full": null, "dgq_err": null, "dgq_gap": null, "dgq_paths": null, "tc_bytes": null, "tc_pkts": null, "tc_drop": null, "tc_s": null}
LIVENESS sc3-A rep=4 cli=[ ] srv=[ ] active= eng1_lines=0 wait_lines= dgq_lines= ping_replies=164 (expect 3t=0 rs=0)
ARM-LIVENESS-FAIL-GATE-CLI sc3-A rep=4 got=''
ARM-LIVENESS-FAIL-GATE-SRV sc3-A rep=4 got=''
ARM-LIVENESS-FAIL-RS-CLI sc3-A rep=4 got=''
ARM-LIVENESS-FAIL-RS-SRV sc3-A rep=4 got=''
QCAP-MISSING sc3-A rep=4
=== rep=4 arm=sc3-B seed=7 env="RWM_THREE_TERM=1 RWM_PLAIN_RS=1" cell=c3/c3/single bytes=25000000 15:11:17
RUNTIME sc3-B rep=4 2s
LATRESULT {"cell": "sc3", "arm": "B", "seed": 7, "rep": 4, "dnf": true, "dnf_count": null, "mbps": null, "seconds": null, "n_runs": 0, "occ_p50": null, "occ_p90": null, "occcap_p50": null, "q_p50": null, "q_p95": null, "q_p99": null, "q_n": 0, "diag_lines": 0, "retx": 0, "gates_cli_3t": null, "gates_srv_3t": null, "gates_cli_rs": null, "gates_srv_rs": null, "gates_lines_cli": 0, "gates_lines_srv": 0, "active_echo_cli": 0, "tt_eng1": 0, "ping_n": 164, "ping_p50": 101.0, "ping_p95": 106.0, "ping_p99": 108.0, "ping_max": 109.0, "ping_min": 10.4, "ping_tx": null, "ping_rx": null, "ping_loss": null, "wait_tun": null, "wait_paused": null, "wait_pace": null, "wait_gen": null, "wait_nack": null, "wait_defc": null, "wait_tail": null, "wait_flush": null, "wait_lines": 0, "dgq_hand": null, "dgq_tx": null, "dgq_full": null, "dgq_err": null, "dgq_gap": null, "dgq_paths": null, "tc_bytes": null, "tc_pkts": null, "tc_drop": null, "tc_s": null}
LIVENESS sc3-B rep=4 cli=[ ] srv=[ ] active= eng1_lines=0 wait_lines= dgq_lines= ping_replies=164 (expect 3t=1 rs=1)
ARM-LIVENESS-FAIL-GATE-CLI sc3-B rep=4 got=''
ARM-LIVENESS-FAIL-GATE-SRV sc3-B rep=4 got=''
ARM-LIVENESS-FAIL-RS-CLI sc3-B rep=4 got=''
ARM-LIVENESS-FAIL-RS-SRV sc3-B rep=4 got=''
ARM-LIVENESS-FAIL-3T sc3-B rep=4 (VOID: no eng=1)
QCAP-MISSING sc3-B rep=4
=== rep=4 arm=sc3-D seed=7 env="RWM_PLAIN_RS=1" cell=c3/c3/single bytes=25000000 15:11:19
RUNTIME sc3-D rep=4 3s
LATRESULT {"cell": "sc3", "arm": "D", "seed": 7, "rep": 4, "dnf": true, "dnf_count": null, "mbps": null, "seconds": null, "n_runs": 0, "occ_p50": null, "occ_p90": null, "occcap_p50": null, "q_p50": null, "q_p95": null, "q_p99": null, "q_n": 0, "diag_lines": 0, "retx": 0, "gates_cli_3t": null, "gates_srv_3t": null, "gates_cli_rs": null, "gates_srv_rs": null, "gates_lines_cli": 0, "gates_lines_srv": 0, "active_echo_cli": 0, "tt_eng1": 0, "ping_n": 164, "ping_p50": 101.0, "ping_p95": 106.0, "ping_p99": 108.0, "ping_max": 109.0, "ping_min": 10.4, "ping_tx": null, "ping_rx": null, "ping_loss": null, "wait_tun": null, "wait_paused": null, "wait_pace": null, "wait_gen": null, "wait_nack": null, "wait_defc": null, "wait_tail": null, "wait_flush": null, "wait_lines": 0, "dgq_hand": null, "dgq_tx": null, "dgq_full": null, "dgq_err": null, "dgq_gap": null, "dgq_paths": null, "tc_bytes": null, "tc_pkts": null, "tc_drop": null, "tc_s": null}
LIVENESS sc3-D rep=4 cli=[ ] srv=[ ] active= eng1_lines=0 wait_lines= dgq_lines= ping_replies=164 (expect 3t=0 rs=1)
ARM-LIVENESS-FAIL-GATE-CLI sc3-D rep=4 got=''
ARM-LIVENESS-FAIL-GATE-SRV sc3-D rep=4 got=''
ARM-LIVENESS-FAIL-RS-CLI sc3-D rep=4 got=''
ARM-LIVENESS-FAIL-RS-SRV sc3-D rep=4 got=''
QCAP-MISSING sc3-D rep=4
=== rep=4 arm=c7-A seed=7 env="" cell=c2/c2/dual bytes=200000000 15:11:22
[2m2026-08-10T15:11:26.941469Z[0m [32m INFO[0m [2mraptorpath::gates[0m[2m:[0m [GATES] RWM_UNIFIED=1 RWM_UNIFIED_SHED=1 RWM_TAPER_R=1 RWM_ASTAR_ANCHOR=1 RWM_MSTAR_ANCHOR=1 RWM_PLAIN_RS=0 RWM_STORE_SACK_RELEASE=1 RWM_STORE_PATHS=1 RWM_STORE_PATH_POOL=2048 RWM_STORE=unset RWM_STORE_GAIN=2 RWM_STORE_BOOT=128 RWM_STORE_CAPW=0 RWM_STORE_CAP_UNIFIED=0 RWM_THREE_TERM=0 RWM_STORE_PERCAP=0 RWM_PERCAP_GUARD=1 RWM_STORE_BORROW=0 RWM_HONEST_CAP=1 RWM_POOL_ANCHOR=0 RWM_POOL_DELIV=0 RWM_FLOOR_BOUND=0 RWM_ACK_MERGE=1 RWM_PATIENCE_DERIVED=0 RWM_SIDLE_DERIVED=0 RWM_WIN_DECOUPLE=0 RWM_PLACE_SLACK=0 RWM_GEN=384 RWM_PIPELINE=2 RWM_GEN_PIPE=1 RWM_GEN_R=unset RWM_GEN_RATE=9000 RWM_GEN_RATE_FLOOR=2000 RWM_GEN_INFLIGHT=unset RWM_OOO_RETAIN=0/16 RWM_WINDOW=unset RWM_REPORT_GENS=unset RWM_REPAIR_WAIT=unset RWM_CODED_SRC=0 RWM_NO_REACTIVE=0 RWM_XPATH_REPAIR=0 RWM_PROACTIVE_PACER=0 RWM_REASM_BDP=0 RWM_MIN_R=0 RWM_CC_PACE=0 RWM_CC_PACE_HR=1.1 RWM_REACT_CAP=unset RWM_INFL_CAP=0 RWM_INFL_BDP=unset RWM_COPA_FEED=0 RWM_RS_ATTR=1 RWM_EMIT_BATCH=0 RWM_EMIT_BURST=64 RWM_RECOV_MP=1 RWM_RECOV_MP_LAW=1 RWM_RECOV_MP_LIVE=0 RWM_RECOV_SP=0 RWM_DIAG=1 RWM_RDIAG=0 RWM_FDIAG=0 RWM_TRACE=0 RWM_PFRAC=0
{"bytes":200000000,"dnf":0,"hint":"bulk","max_s":9.405,"mean_mbps":170.122,"mean_s":9.405,"median_s":9.405,"min_s":9.405,"proto":"rp-native","runs":1,"stdev_s":0.0,"summary":true}
    LATPROBE: /tmp/rwm-ping.txt 180 replies
    CPU: CPUSRV=12.36s CPUCLI=13.72s (srv=decoder cli=sender; whole-invocation incl warmup)
    QDISC cli0: qdisc netem 8505: root refcnt 7 limit 1000 delay 5ms  3ms loss gemodel p 1.3% r 50% 1-h 100% 1-k 0% rate 100Mbit seed 7  Sent 111971971 bytes 91672 pkt (dropped 559, overlimits 0 requeues 0)   backlog 0b 0p requeues 0 
    QDISC cli1: qdisc netem 8506: root refcnt 7 limit 1000 delay 5ms  3ms loss gemodel p 1.3% r 50% 1-h 100% 1-k 0% rate 100Mbit seed 7  Sent 112104048 bytes 89670 pkt (dropped 489, overlimits 0 requeues 0)   backlog 0b 0p requeues 0 
    QDISC srv0: qdisc netem 8507: root refcnt 7 limit 1000 delay 5ms  3ms rate 100Mbit seed 2470566912014198091  Sent 12110555 bytes 59601 pkt (dropped 0, overlimits 0 requeues 0)   backlog 0b 0p requeues 0 
    QDISC srv1: qdisc netem 8508: root refcnt 7 limit 1000 delay 5ms  3ms rate 100Mbit seed 15822203903773650360  Sent 11744957 bytes 59250 pkt (dropped 0, overlimits 0 requeues 0)   backlog 0b 0p requeues 0 
    QCAP: /tmp/rwm-q.txt 18 lines
RUNTIME c7-A rep=4 14s
LATRESULT {"cell": "c7", "arm": "A", "seed": 7, "rep": 4, "dnf": false, "dnf_count": 0, "mbps": 170.122, "seconds": 9.405, "n_runs": 1, "occ_p50": 1198, "occ_p90": 2065, "occcap_p50": 4096, "q_p50": 73, "q_p95": 159, "q_p99": 189, "q_n": 66, "diag_lines": 37, "retx": 5947, "gates_cli_3t": 0, "gates_srv_3t": 0, "gates_cli_rs": 0, "gates_srv_rs": 0, "gates_lines_cli": 1, "gates_lines_srv": 1, "active_echo_cli": 0, "tt_eng1": 0, "ping_n": 180, "ping_p50": 69.2, "ping_p95": 153.0, "ping_p99": 196.0, "ping_max": 218.0, "ping_min": 7.64, "ping_tx": null, "ping_rx": null, "ping_loss": null, "wait_tun": 98, "wait_paused": 0, "wait_pace": 0, "wait_gen": 0, "wait_nack": 2, "wait_defc": 0, "wait_tail": 0, "wait_flush": 0, "wait_lines": 34, "dgq_hand": 177117, "dgq_tx": 177104, "dgq_full": 0, "dgq_err": 0, "dgq_gap": 13, "dgq_paths": 2, "tc_bytes": 224077199, "tc_pkts": 181344, "tc_drop": 1048, "tc_s": 14}
LIVENESS c7-A rep=4 cli=[RWM_THREE_TERM=0 RWM_PLAIN_RS=0] srv=[RWM_THREE_TERM=0 RWM_PLAIN_RS=0] active=0 eng1_lines=0 wait_lines=37 dgq_lines=35 ping_replies=180 (expect 3t=0 rs=0)
=== rep=4 arm=c7-B seed=7 env="RWM_THREE_TERM=1 RWM_PLAIN_RS=1" cell=c2/c2/dual bytes=200000000 15:11:36
[2m2026-08-10T15:11:40.777388Z[0m [32m INFO[0m [2mraptorpath::gates[0m[2m:[0m [GATES] RWM_UNIFIED=1 RWM_UNIFIED_SHED=1 RWM_TAPER_R=1 RWM_ASTAR_ANCHOR=1 RWM_MSTAR_ANCHOR=1 RWM_PLAIN_RS=1 RWM_STORE_SACK_RELEASE=1 RWM_STORE_PATHS=1 RWM_STORE_PATH_POOL=2048 RWM_STORE=unset RWM_STORE_GAIN=2 RWM_STORE_BOOT=128 RWM_STORE_CAPW=0 RWM_STORE_CAP_UNIFIED=0 RWM_THREE_TERM=1 RWM_STORE_PERCAP=0 RWM_PERCAP_GUARD=1 RWM_STORE_BORROW=0 RWM_HONEST_CAP=1 RWM_POOL_ANCHOR=0 RWM_POOL_DELIV=0 RWM_FLOOR_BOUND=0 RWM_ACK_MERGE=1 RWM_PATIENCE_DERIVED=0 RWM_SIDLE_DERIVED=0 RWM_WIN_DECOUPLE=0 RWM_PLACE_SLACK=0 RWM_GEN=384 RWM_PIPELINE=2 RWM_GEN_PIPE=1 RWM_GEN_R=unset RWM_GEN_RATE=9000 RWM_GEN_RATE_FLOOR=2000 RWM_GEN_INFLIGHT=unset RWM_OOO_RETAIN=0/16 RWM_WINDOW=unset RWM_REPORT_GENS=unset RWM_REPAIR_WAIT=unset RWM_CODED_SRC=0 RWM_NO_REACTIVE=0 RWM_XPATH_REPAIR=0 RWM_PROACTIVE_PACER=0 RWM_REASM_BDP=0 RWM_MIN_R=0 RWM_CC_PACE=0 RWM_CC_PACE_HR=1.1 RWM_REACT_CAP=unset RWM_INFL_CAP=0 RWM_INFL_BDP=unset RWM_COPA_FEED=0 RWM_RS_ATTR=1 RWM_EMIT_BATCH=0 RWM_EMIT_BURST=64 RWM_RECOV_MP=1 RWM_RECOV_MP_LAW=1 RWM_RECOV_MP_LIVE=0 RWM_RECOV_SP=0 RWM_DIAG=1 RWM_RDIAG=0 RWM_FDIAG=0 RWM_TRACE=0 RWM_PFRAC=0
{"bytes":200000000,"dnf":0,"hint":"bulk","max_s":10.5085,"mean_mbps":152.258,"mean_s":10.5085,"median_s":10.5085,"min_s":10.5085,"proto":"rp-native","runs":1,"stdev_s":0.0,"summary":true}
    LATPROBE: /tmp/rwm-ping.txt 206 replies
    CPU: CPUSRV=13.33s CPUCLI=16.13s (srv=decoder cli=sender; whole-invocation incl warmup)
    QDISC cli0: qdisc netem 8509: root refcnt 7 limit 1000 delay 5ms  3ms loss gemodel p 1.3% r 50% 1-h 100% 1-k 0% rate 100Mbit seed 7  Sent 115993394 bytes 95119 pkt (dropped 661, overlimits 0 requeues 0)   backlog 0b 0p requeues 0 
    QDISC cli1: qdisc netem 850a: root refcnt 7 limit 1000 delay 5ms  3ms loss gemodel p 1.3% r 50% 1-h 100% 1-k 0% rate 100Mbit seed 7  Sent 111787799 bytes 91291 pkt (dropped 625, overlimits 0 requeues 0)   backlog 0b 0p requeues 0 
    QDISC srv0: qdisc netem 850b: root refcnt 7 limit 1000 delay 5ms  3ms rate 100Mbit seed 440410974630324211  Sent 16753432 bytes 66786 pkt (dropped 0, overlimits 0 requeues 0)   backlog 0b 0p requeues 0 
    QDISC srv1: qdisc netem 850c: root refcnt 7 limit 1000 delay 5ms  3ms rate 100Mbit seed 11711882303042084934  Sent 13922818 bytes 63726 pkt (dropped 0, overlimits 0 requeues 0)   backlog 0b 0p requeues 0 
    QCAP: /tmp/rwm-q.txt 18 lines
RUNTIME c7-B rep=4 15s
LATRESULT {"cell": "c7", "arm": "B", "seed": 7, "rep": 4, "dnf": false, "dnf_count": 0, "mbps": 152.258, "seconds": 10.508, "n_runs": 1, "occ_p50": 373, "occ_p90": 667, "occcap_p50": 1105, "q_p50": 17, "q_p95": 33, "q_p99": 42, "q_n": 74, "diag_lines": 42, "retx": 7869, "gates_cli_3t": 1, "gates_srv_3t": 1, "gates_cli_rs": 1, "gates_srv_rs": 1, "gates_lines_cli": 1, "gates_lines_srv": 1, "active_echo_cli": 1, "tt_eng1": 5, "ping_n": 206, "ping_p50": 23.0, "ping_p95": 45.6, "ping_p99": 53.5, "ping_max": 78.0, "ping_min": 5.04, "ping_tx": null, "ping_rx": null, "ping_loss": null, "wait_tun": 96, "wait_paused": 0, "wait_pace": 0, "wait_gen": 0, "wait_nack": 4, "wait_defc": 0, "wait_tail": 0, "wait_flush": 0, "wait_lines": 39, "dgq_hand": 180261, "dgq_tx": 180257, "dgq_full": 0, "dgq_err": 0, "dgq_gap": 4, "dgq_paths": 2, "tc_bytes": 227781193, "tc_pkts": 186410, "tc_drop": 1286, "tc_s": 15}
LIVENESS c7-B rep=4 cli=[RWM_THREE_TERM=1 RWM_PLAIN_RS=1] srv=[RWM_THREE_TERM=1 RWM_PLAIN_RS=1] active=1 eng1_lines=5 wait_lines=42 dgq_lines=41 ping_replies=206 (expect 3t=1 rs=1)
=== rep=4 arm=c7-D seed=7 env="RWM_PLAIN_RS=1" cell=c2/c2/dual bytes=200000000 15:11:51
RUNTIME c7-D rep=4 3s
LATRESULT {"cell": "c7", "arm": "D", "seed": 7, "rep": 4, "dnf": true, "dnf_count": null, "mbps": null, "seconds": null, "n_runs": 0, "occ_p50": null, "occ_p90": null, "occcap_p50": null, "q_p50": null, "q_p95": null, "q_p99": null, "q_n": 0, "diag_lines": 0, "retx": 0, "gates_cli_3t": null, "gates_srv_3t": null, "gates_cli_rs": null, "gates_srv_rs": null, "gates_lines_cli": 0, "gates_lines_srv": 0, "active_echo_cli": 0, "tt_eng1": 0, "ping_n": 206, "ping_p50": 23.0, "ping_p95": 45.6, "ping_p99": 53.5, "ping_max": 78.0, "ping_min": 5.04, "ping_tx": null, "ping_rx": null, "ping_loss": null, "wait_tun": null, "wait_paused": null, "wait_pace": null, "wait_gen": null, "wait_nack": null, "wait_defc": null, "wait_tail": null, "wait_flush": null, "wait_lines": 0, "dgq_hand": null, "dgq_tx": null, "dgq_full": null, "dgq_err": null, "dgq_gap": null, "dgq_paths": null, "tc_bytes": null, "tc_pkts": null, "tc_drop": null, "tc_s": null}
LIVENESS c7-D rep=4 cli=[ ] srv=[ ] active= eng1_lines=0 wait_lines= dgq_lines= ping_replies=206 (expect 3t=0 rs=1)
ARM-LIVENESS-FAIL-GATE-CLI c7-D rep=4 got=''
ARM-LIVENESS-FAIL-GATE-SRV c7-D rep=4 got=''
ARM-LIVENESS-FAIL-RS-CLI c7-D rep=4 got=''
ARM-LIVENESS-FAIL-RS-SRV c7-D rep=4 got=''
QCAP-MISSING c7-D rep=4
=== rep=5 arm=sc2-A seed=7 env="" cell=c2/c2/single bytes=100000000 15:11:54
RUNTIME sc2-A rep=5 2s
LATRESULT {"cell": "sc2", "arm": "A", "seed": 7, "rep": 5, "dnf": true, "dnf_count": null, "mbps": null, "seconds": null, "n_runs": 0, "occ_p50": null, "occ_p90": null, "occcap_p50": null, "q_p50": null, "q_p95": null, "q_p99": null, "q_n": 0, "diag_lines": 0, "retx": 0, "gates_cli_3t": null, "gates_srv_3t": null, "gates_cli_rs": null, "gates_srv_rs": null, "gates_lines_cli": 0, "gates_lines_srv": 0, "active_echo_cli": 0, "tt_eng1": 0, "ping_n": 206, "ping_p50": 23.0, "ping_p95": 45.6, "ping_p99": 53.5, "ping_max": 78.0, "ping_min": 5.04, "ping_tx": null, "ping_rx": null, "ping_loss": null, "wait_tun": null, "wait_paused": null, "wait_pace": null, "wait_gen": null, "wait_nack": null, "wait_defc": null, "wait_tail": null, "wait_flush": null, "wait_lines": 0, "dgq_hand": null, "dgq_tx": null, "dgq_full": null, "dgq_err": null, "dgq_gap": null, "dgq_paths": null, "tc_bytes": null, "tc_pkts": null, "tc_drop": null, "tc_s": null}
LIVENESS sc2-A rep=5 cli=[ ] srv=[ ] active= eng1_lines=0 wait_lines= dgq_lines= ping_replies=206 (expect 3t=0 rs=0)
ARM-LIVENESS-FAIL-GATE-CLI sc2-A rep=5 got=''
ARM-LIVENESS-FAIL-GATE-SRV sc2-A rep=5 got=''
ARM-LIVENESS-FAIL-RS-CLI sc2-A rep=5 got=''
ARM-LIVENESS-FAIL-RS-SRV sc2-A rep=5 got=''
QCAP-MISSING sc2-A rep=5
=== rep=5 arm=sc2-B seed=7 env="RWM_THREE_TERM=1 RWM_PLAIN_RS=1" cell=c2/c2/single bytes=100000000 15:11:57
RUNTIME sc2-B rep=5 2s
LATRESULT {"cell": "sc2", "arm": "B", "seed": 7, "rep": 5, "dnf": true, "dnf_count": null, "mbps": null, "seconds": null, "n_runs": 0, "occ_p50": null, "occ_p90": null, "occcap_p50": null, "q_p50": null, "q_p95": null, "q_p99": null, "q_n": 0, "diag_lines": 0, "retx": 0, "gates_cli_3t": null, "gates_srv_3t": null, "gates_cli_rs": null, "gates_srv_rs": null, "gates_lines_cli": 0, "gates_lines_srv": 0, "active_echo_cli": 0, "tt_eng1": 0, "ping_n": 206, "ping_p50": 23.0, "ping_p95": 45.6, "ping_p99": 53.5, "ping_max": 78.0, "ping_min": 5.04, "ping_tx": null, "ping_rx": null, "ping_loss": null, "wait_tun": null, "wait_paused": null, "wait_pace": null, "wait_gen": null, "wait_nack": null, "wait_defc": null, "wait_tail": null, "wait_flush": null, "wait_lines": 0, "dgq_hand": null, "dgq_tx": null, "dgq_full": null, "dgq_err": null, "dgq_gap": null, "dgq_paths": null, "tc_bytes": null, "tc_pkts": null, "tc_drop": null, "tc_s": null}
LIVENESS sc2-B rep=5 cli=[ ] srv=[ ] active= eng1_lines=0 wait_lines= dgq_lines= ping_replies=206 (expect 3t=1 rs=1)
ARM-LIVENESS-FAIL-GATE-CLI sc2-B rep=5 got=''
ARM-LIVENESS-FAIL-GATE-SRV sc2-B rep=5 got=''
ARM-LIVENESS-FAIL-RS-CLI sc2-B rep=5 got=''
ARM-LIVENESS-FAIL-RS-SRV sc2-B rep=5 got=''
ARM-LIVENESS-FAIL-3T sc2-B rep=5 (VOID: no eng=1)
QCAP-MISSING sc2-B rep=5
=== rep=5 arm=sc2-D seed=7 env="RWM_PLAIN_RS=1" cell=c2/c2/single bytes=100000000 15:11:59
RUNTIME sc2-D rep=5 2s
LATRESULT {"cell": "sc2", "arm": "D", "seed": 7, "rep": 5, "dnf": true, "dnf_count": null, "mbps": null, "seconds": null, "n_runs": 0, "occ_p50": null, "occ_p90": null, "occcap_p50": null, "q_p50": null, "q_p95": null, "q_p99": null, "q_n": 0, "diag_lines": 0, "retx": 0, "gates_cli_3t": null, "gates_srv_3t": null, "gates_cli_rs": null, "gates_srv_rs": null, "gates_lines_cli": 0, "gates_lines_srv": 0, "active_echo_cli": 0, "tt_eng1": 0, "ping_n": 206, "ping_p50": 23.0, "ping_p95": 45.6, "ping_p99": 53.5, "ping_max": 78.0, "ping_min": 5.04, "ping_tx": null, "ping_rx": null, "ping_loss": null, "wait_tun": null, "wait_paused": null, "wait_pace": null, "wait_gen": null, "wait_nack": null, "wait_defc": null, "wait_tail": null, "wait_flush": null, "wait_lines": 0, "dgq_hand": null, "dgq_tx": null, "dgq_full": null, "dgq_err": null, "dgq_gap": null, "dgq_paths": null, "tc_bytes": null, "tc_pkts": null, "tc_drop": null, "tc_s": null}
LIVENESS sc2-D rep=5 cli=[ ] srv=[ ] active= eng1_lines=0 wait_lines= dgq_lines= ping_replies=206 (expect 3t=0 rs=1)
ARM-LIVENESS-FAIL-GATE-CLI sc2-D rep=5 got=''
ARM-LIVENESS-FAIL-GATE-SRV sc2-D rep=5 got=''
ARM-LIVENESS-FAIL-RS-CLI sc2-D rep=5 got=''
ARM-LIVENESS-FAIL-RS-SRV sc2-D rep=5 got=''
QCAP-MISSING sc2-D rep=5
=== rep=5 arm=sc3-A seed=7 env="" cell=c3/c3/single bytes=25000000 15:12:02
RUNTIME sc3-A rep=5 2s
LATRESULT {"cell": "sc3", "arm": "A", "seed": 7, "rep": 5, "dnf": true, "dnf_count": null, "mbps": null, "seconds": null, "n_runs": 0, "occ_p50": null, "occ_p90": null, "occcap_p50": null, "q_p50": null, "q_p95": null, "q_p99": null, "q_n": 0, "diag_lines": 0, "retx": 0, "gates_cli_3t": null, "gates_srv_3t": null, "gates_cli_rs": null, "gates_srv_rs": null, "gates_lines_cli": 0, "gates_lines_srv": 0, "active_echo_cli": 0, "tt_eng1": 0, "ping_n": 206, "ping_p50": 23.0, "ping_p95": 45.6, "ping_p99": 53.5, "ping_max": 78.0, "ping_min": 5.04, "ping_tx": null, "ping_rx": null, "ping_loss": null, "wait_tun": null, "wait_paused": null, "wait_pace": null, "wait_gen": null, "wait_nack": null, "wait_defc": null, "wait_tail": null, "wait_flush": null, "wait_lines": 0, "dgq_hand": null, "dgq_tx": null, "dgq_full": null, "dgq_err": null, "dgq_gap": null, "dgq_paths": null, "tc_bytes": null, "tc_pkts": null, "tc_drop": null, "tc_s": null}
LIVENESS sc3-A rep=5 cli=[ ] srv=[ ] active= eng1_lines=0 wait_lines= dgq_lines= ping_replies=206 (expect 3t=0 rs=0)
ARM-LIVENESS-FAIL-GATE-CLI sc3-A rep=5 got=''
ARM-LIVENESS-FAIL-GATE-SRV sc3-A rep=5 got=''
ARM-LIVENESS-FAIL-RS-CLI sc3-A rep=5 got=''
ARM-LIVENESS-FAIL-RS-SRV sc3-A rep=5 got=''
QCAP-MISSING sc3-A rep=5
=== rep=5 arm=sc3-B seed=7 env="RWM_THREE_TERM=1 RWM_PLAIN_RS=1" cell=c3/c3/single bytes=25000000 15:12:04
[2m2026-08-10T15:12:07.707891Z[0m [32m INFO[0m [2mraptorpath::gates[0m[2m:[0m [GATES] RWM_UNIFIED=1 RWM_UNIFIED_SHED=1 RWM_TAPER_R=1 RWM_ASTAR_ANCHOR=1 RWM_MSTAR_ANCHOR=1 RWM_PLAIN_RS=1 RWM_STORE_SACK_RELEASE=1 RWM_STORE_PATHS=1 RWM_STORE_PATH_POOL=2048 RWM_STORE=unset RWM_STORE_GAIN=2 RWM_STORE_BOOT=128 RWM_STORE_CAPW=0 RWM_STORE_CAP_UNIFIED=0 RWM_THREE_TERM=1 RWM_STORE_PERCAP=0 RWM_PERCAP_GUARD=1 RWM_STORE_BORROW=0 RWM_HONEST_CAP=1 RWM_POOL_ANCHOR=0 RWM_POOL_DELIV=0 RWM_FLOOR_BOUND=0 RWM_ACK_MERGE=1 RWM_PATIENCE_DERIVED=0 RWM_SIDLE_DERIVED=0 RWM_WIN_DECOUPLE=0 RWM_PLACE_SLACK=0 RWM_GEN=384 RWM_PIPELINE=2 RWM_GEN_PIPE=1 RWM_GEN_R=unset RWM_GEN_RATE=9000 RWM_GEN_RATE_FLOOR=2000 RWM_GEN_INFLIGHT=unset RWM_OOO_RETAIN=0/16 RWM_WINDOW=unset RWM_REPORT_GENS=unset RWM_REPAIR_WAIT=unset RWM_CODED_SRC=0 RWM_NO_REACTIVE=0 RWM_XPATH_REPAIR=0 RWM_PROACTIVE_PACER=0 RWM_REASM_BDP=0 RWM_MIN_R=0 RWM_CC_PACE=0 RWM_CC_PACE_HR=1.1 RWM_REACT_CAP=unset RWM_INFL_CAP=0 RWM_INFL_BDP=unset RWM_COPA_FEED=0 RWM_RS_ATTR=1 RWM_EMIT_BATCH=0 RWM_EMIT_BURST=64 RWM_RECOV_MP=1 RWM_RECOV_MP_LAW=1 RWM_RECOV_MP_LIVE=0 RWM_RECOV_SP=0 RWM_DIAG=1 RWM_RDIAG=0 RWM_FDIAG=0 RWM_TRACE=0 RWM_PFRAC=0
{"bytes":25000000,"dnf":0,"hint":"bulk","max_s":12.5413,"mean_mbps":15.947,"mean_s":12.5413,"median_s":12.5413,"min_s":12.5413,"proto":"rp-native","runs":1,"stdev_s":0.0,"summary":true}
    LATPROBE: /tmp/rwm-ping.txt 228 replies
    CPU: CPUSRV=2.13s CPUCLI=2.36s (srv=decoder cli=sender; whole-invocation incl warmup)
    QDISC cli0: qdisc netem 8521: root refcnt 7 limit 1000 delay 20ms  5ms loss gemodel p 2% r 40% 1-h 100% 1-k 0% rate 20Mbit seed 7  Sent 31260868 bytes 29016 pkt (dropped 471, overlimits 0 requeues 0)   backlog 0b 0p requeues 0 
    QDISC cli1: qdisc netem 8522: root refcnt 7 limit 1000 delay 20ms  5ms loss gemodel p 2% r 40% 1-h 100% 1-k 0% rate 20Mbit seed 7  Sent 756 bytes 10 pkt (dropped 2, overlimits 0 requeues 0)   backlog 0b 0p requeues 0 
    QDISC srv0: qdisc netem 8523: root refcnt 7 limit 1000 delay 20ms  5ms rate 20Mbit seed 1446253411331363610  Sent 3441166 bytes 19685 pkt (dropped 0, overlimits 0 requeues 0)   backlog 0b 0p requeues 0 
    QDISC srv1: qdisc netem 8524: root refcnt 7 limit 1000 delay 20ms  5ms rate 20Mbit seed 3649643515786301966  Sent 936 bytes 12 pkt (dropped 0, overlimits 0 requeues 0)   backlog 0b 0p requeues 0 
    QCAP: /tmp/rwm-q.txt 18 lines
RUNTIME sc3-B rep=5 16s
LATRESULT {"cell": "sc3", "arm": "B", "seed": 7, "rep": 5, "dnf": false, "dnf_count": 0, "mbps": 15.947, "seconds": 12.541, "n_runs": 1, "occ_p50": 333, "occ_p90": 985, "occcap_p50": 336, "q_p50": 127, "q_p95": 977, "q_p99": 1026, "q_n": 42, "diag_lines": 50, "retx": 3553, "gates_cli_3t": 1, "gates_srv_3t": 1, "gates_cli_rs": 1, "gates_srv_rs": 1, "gates_lines_cli": 1, "gates_lines_srv": 1, "active_echo_cli": 1, "tt_eng1": 6, "ping_n": 228, "ping_p50": 169.0, "ping_p95": 416.0, "ping_p99": 583.0, "ping_max": 633.0, "ping_min": 38.2, "ping_tx": null, "ping_rx": null, "ping_loss": null, "wait_tun": 5, "wait_paused": 79, "wait_pace": 0, "wait_gen": 0, "wait_nack": 14, "wait_defc": 0, "wait_tail": 1, "wait_flush": 0, "wait_lines": 47, "dgq_hand": 25048, "dgq_tx": 25048, "dgq_full": 0, "dgq_err": 0, "dgq_gap": 0, "dgq_paths": 1, "tc_bytes": 31261624, "tc_pkts": 29026, "tc_drop": 473, "tc_s": 16}
LIVENESS sc3-B rep=5 cli=[RWM_THREE_TERM=1 RWM_PLAIN_RS=1] srv=[RWM_THREE_TERM=1 RWM_PLAIN_RS=1] active=1 eng1_lines=6 wait_lines=50 dgq_lines=43 ping_replies=228 (expect 3t=1 rs=1)
=== rep=5 arm=sc3-D seed=7 env="RWM_PLAIN_RS=1" cell=c3/c3/single bytes=25000000 15:12:20
RUNTIME sc3-D rep=5 3s
LATRESULT {"cell": "sc3", "arm": "D", "seed": 7, "rep": 5, "dnf": true, "dnf_count": null, "mbps": null, "seconds": null, "n_runs": 0, "occ_p50": null, "occ_p90": null, "occcap_p50": null, "q_p50": null, "q_p95": null, "q_p99": null, "q_n": 0, "diag_lines": 0, "retx": 0, "gates_cli_3t": null, "gates_srv_3t": null, "gates_cli_rs": null, "gates_srv_rs": null, "gates_lines_cli": 0, "gates_lines_srv": 0, "active_echo_cli": 0, "tt_eng1": 0, "ping_n": 228, "ping_p50": 169.0, "ping_p95": 416.0, "ping_p99": 583.0, "ping_max": 633.0, "ping_min": 38.2, "ping_tx": null, "ping_rx": null, "ping_loss": null, "wait_tun": null, "wait_paused": null, "wait_pace": null, "wait_gen": null, "wait_nack": null, "wait_defc": null, "wait_tail": null, "wait_flush": null, "wait_lines": 0, "dgq_hand": null, "dgq_tx": null, "dgq_full": null, "dgq_err": null, "dgq_gap": null, "dgq_paths": null, "tc_bytes": null, "tc_pkts": null, "tc_drop": null, "tc_s": null}
LIVENESS sc3-D rep=5 cli=[ ] srv=[ ] active= eng1_lines=0 wait_lines= dgq_lines= ping_replies=228 (expect 3t=0 rs=1)
ARM-LIVENESS-FAIL-GATE-CLI sc3-D rep=5 got=''
ARM-LIVENESS-FAIL-GATE-SRV sc3-D rep=5 got=''
ARM-LIVENESS-FAIL-RS-CLI sc3-D rep=5 got=''
ARM-LIVENESS-FAIL-RS-SRV sc3-D rep=5 got=''
QCAP-MISSING sc3-D rep=5
=== rep=5 arm=c7-A seed=7 env="" cell=c2/c2/dual bytes=200000000 15:12:23
[2m2026-08-10T15:12:26.197707Z[0m [32m INFO[0m [2mraptorpath::gates[0m[2m:[0m [GATES] RWM_UNIFIED=1 RWM_UNIFIED_SHED=1 RWM_TAPER_R=1 RWM_ASTAR_ANCHOR=1 RWM_MSTAR_ANCHOR=1 RWM_PLAIN_RS=0 RWM_STORE_SACK_RELEASE=1 RWM_STORE_PATHS=1 RWM_STORE_PATH_POOL=2048 RWM_STORE=unset RWM_STORE_GAIN=2 RWM_STORE_BOOT=128 RWM_STORE_CAPW=0 RWM_STORE_CAP_UNIFIED=0 RWM_THREE_TERM=0 RWM_STORE_PERCAP=0 RWM_PERCAP_GUARD=1 RWM_STORE_BORROW=0 RWM_HONEST_CAP=1 RWM_POOL_ANCHOR=0 RWM_POOL_DELIV=0 RWM_FLOOR_BOUND=0 RWM_ACK_MERGE=1 RWM_PATIENCE_DERIVED=0 RWM_SIDLE_DERIVED=0 RWM_WIN_DECOUPLE=0 RWM_PLACE_SLACK=0 RWM_GEN=384 RWM_PIPELINE=2 RWM_GEN_PIPE=1 RWM_GEN_R=unset RWM_GEN_RATE=9000 RWM_GEN_RATE_FLOOR=2000 RWM_GEN_INFLIGHT=unset RWM_OOO_RETAIN=0/16 RWM_WINDOW=unset RWM_REPORT_GENS=unset RWM_REPAIR_WAIT=unset RWM_CODED_SRC=0 RWM_NO_REACTIVE=0 RWM_XPATH_REPAIR=0 RWM_PROACTIVE_PACER=0 RWM_REASM_BDP=0 RWM_MIN_R=0 RWM_CC_PACE=0 RWM_CC_PACE_HR=1.1 RWM_REACT_CAP=unset RWM_INFL_CAP=0 RWM_INFL_BDP=unset RWM_COPA_FEED=0 RWM_RS_ATTR=1 RWM_EMIT_BATCH=0 RWM_EMIT_BURST=64 RWM_RECOV_MP=1 RWM_RECOV_MP_LAW=1 RWM_RECOV_MP_LIVE=0 RWM_RECOV_SP=0 RWM_DIAG=1 RWM_RDIAG=0 RWM_FDIAG=0 RWM_TRACE=0 RWM_PFRAC=0
{"bytes":200000000,"dnf":0,"hint":"bulk","max_s":9.1884,"mean_mbps":174.134,"mean_s":9.1884,"median_s":9.1884,"min_s":9.1884,"proto":"rp-native","runs":1,"stdev_s":0.0,"summary":true}
    LATPROBE: /tmp/rwm-ping.txt 177 replies
    CPU: CPUSRV=12.32s CPUCLI=13.71s (srv=decoder cli=sender; whole-invocation incl warmup)
    QDISC cli0: qdisc netem 8529: root refcnt 7 limit 1000 delay 5ms  3ms loss gemodel p 1.3% r 50% 1-h 100% 1-k 0% rate 100Mbit seed 7  Sent 111211174 bytes 90241 pkt (dropped 508, overlimits 0 requeues 0)   backlog 0b 0p requeues 0 
    QDISC cli1: qdisc netem 852a: root refcnt 7 limit 1000 delay 5ms  3ms loss gemodel p 1.3% r 50% 1-h 100% 1-k 0% rate 100Mbit seed 7  Sent 111609644 bytes 89752 pkt (dropped 491, overlimits 0 requeues 0)   backlog 0b 0p requeues 0 
    QDISC srv0: qdisc netem 852b: root refcnt 7 limit 1000 delay 5ms  3ms rate 100Mbit seed 364199239563548662  Sent 12211126 bytes 57084 pkt (dropped 0, overlimits 0 requeues 0)   backlog 0b 0p requeues 0 
    QDISC srv1: qdisc netem 852c: root refcnt 7 limit 1000 delay 5ms  3ms rate 100Mbit seed 7029526740938499239  Sent 11856982 bytes 56556 pkt (dropped 0, overlimits 0 requeues 0)   backlog 0b 0p requeues 0 
    QCAP: /tmp/rwm-q.txt 18 lines
RUNTIME c7-A rep=5 12s
LATRESULT {"cell": "c7", "arm": "A", "seed": 7, "rep": 5, "dnf": false, "dnf_count": 0, "mbps": 174.134, "seconds": 9.188, "n_runs": 1, "occ_p50": 1172, "occ_p90": 2100, "occcap_p50": 4096, "q_p50": 61, "q_p95": 170, "q_p99": 174, "q_n": 65, "diag_lines": 36, "retx": 4982, "gates_cli_3t": 0, "gates_srv_3t": 0, "gates_cli_rs": 0, "gates_srv_rs": 0, "gates_lines_cli": 1, "gates_lines_srv": 1, "active_echo_cli": 0, "tt_eng1": 0, "ping_n": 177, "ping_p50": 68.1, "ping_p95": 135.0, "ping_p99": 161.0, "ping_max": 163.0, "ping_min": 5.57, "ping_tx": null, "ping_rx": null, "ping_loss": null, "wait_tun": 98, "wait_paused": 0, "wait_pace": 0, "wait_gen": 0, "wait_nack": 2, "wait_defc": 0, "wait_tail": 0, "wait_flush": 0, "wait_lines": 33, "dgq_hand": 175230, "dgq_tx": 174892, "dgq_full": 0, "dgq_err": 0, "dgq_gap": 338, "dgq_paths": 2, "tc_bytes": 222820818, "tc_pkts": 179993, "tc_drop": 999, "tc_s": 12}
LIVENESS c7-A rep=5 cli=[RWM_THREE_TERM=0 RWM_PLAIN_RS=0] srv=[RWM_THREE_TERM=0 RWM_PLAIN_RS=0] active=0 eng1_lines=0 wait_lines=36 dgq_lines=36 ping_replies=177 (expect 3t=0 rs=0)
=== rep=5 arm=c7-B seed=7 env="RWM_THREE_TERM=1 RWM_PLAIN_RS=1" cell=c2/c2/dual bytes=200000000 15:12:35
RUNTIME c7-B rep=5 3s
LATRESULT {"cell": "c7", "arm": "B", "seed": 7, "rep": 5, "dnf": true, "dnf_count": null, "mbps": null, "seconds": null, "n_runs": 0, "occ_p50": null, "occ_p90": null, "occcap_p50": null, "q_p50": null, "q_p95": null, "q_p99": null, "q_n": 0, "diag_lines": 0, "retx": 0, "gates_cli_3t": null, "gates_srv_3t": null, "gates_cli_rs": null, "gates_srv_rs": null, "gates_lines_cli": 0, "gates_lines_srv": 0, "active_echo_cli": 0, "tt_eng1": 0, "ping_n": 177, "ping_p50": 68.1, "ping_p95": 135.0, "ping_p99": 161.0, "ping_max": 163.0, "ping_min": 5.57, "ping_tx": null, "ping_rx": null, "ping_loss": null, "wait_tun": null, "wait_paused": null, "wait_pace": null, "wait_gen": null, "wait_nack": null, "wait_defc": null, "wait_tail": null, "wait_flush": null, "wait_lines": 0, "dgq_hand": null, "dgq_tx": null, "dgq_full": null, "dgq_err": null, "dgq_gap": null, "dgq_paths": null, "tc_bytes": null, "tc_pkts": null, "tc_drop": null, "tc_s": null}
LIVENESS c7-B rep=5 cli=[ ] srv=[ ] active= eng1_lines=0 wait_lines= dgq_lines= ping_replies=177 (expect 3t=1 rs=1)
ARM-LIVENESS-FAIL-GATE-CLI c7-B rep=5 got=''
ARM-LIVENESS-FAIL-GATE-SRV c7-B rep=5 got=''
ARM-LIVENESS-FAIL-RS-CLI c7-B rep=5 got=''
ARM-LIVENESS-FAIL-RS-SRV c7-B rep=5 got=''
ARM-LIVENESS-FAIL-3T c7-B rep=5 (VOID: no eng=1)
QCAP-MISSING c7-B rep=5
=== rep=5 arm=c7-D seed=7 env="RWM_PLAIN_RS=1" cell=c2/c2/dual bytes=200000000 15:12:38
[2m2026-08-10T15:12:42.353624Z[0m [32m INFO[0m [2mraptorpath::gates[0m[2m:[0m [GATES] RWM_UNIFIED=1 RWM_UNIFIED_SHED=1 RWM_TAPER_R=1 RWM_ASTAR_ANCHOR=1 RWM_MSTAR_ANCHOR=1 RWM_PLAIN_RS=1 RWM_STORE_SACK_RELEASE=1 RWM_STORE_PATHS=1 RWM_STORE_PATH_POOL=2048 RWM_STORE=unset RWM_STORE_GAIN=2 RWM_STORE_BOOT=128 RWM_STORE_CAPW=0 RWM_STORE_CAP_UNIFIED=0 RWM_THREE_TERM=0 RWM_STORE_PERCAP=0 RWM_PERCAP_GUARD=1 RWM_STORE_BORROW=0 RWM_HONEST_CAP=1 RWM_POOL_ANCHOR=0 RWM_POOL_DELIV=0 RWM_FLOOR_BOUND=0 RWM_ACK_MERGE=1 RWM_PATIENCE_DERIVED=0 RWM_SIDLE_DERIVED=0 RWM_WIN_DECOUPLE=0 RWM_PLACE_SLACK=0 RWM_GEN=384 RWM_PIPELINE=2 RWM_GEN_PIPE=1 RWM_GEN_R=unset RWM_GEN_RATE=9000 RWM_GEN_RATE_FLOOR=2000 RWM_GEN_INFLIGHT=unset RWM_OOO_RETAIN=0/16 RWM_WINDOW=unset RWM_REPORT_GENS=unset RWM_REPAIR_WAIT=unset RWM_CODED_SRC=0 RWM_NO_REACTIVE=0 RWM_XPATH_REPAIR=0 RWM_PROACTIVE_PACER=0 RWM_REASM_BDP=0 RWM_MIN_R=0 RWM_CC_PACE=0 RWM_CC_PACE_HR=1.1 RWM_REACT_CAP=unset RWM_INFL_CAP=0 RWM_INFL_BDP=unset RWM_COPA_FEED=0 RWM_RS_ATTR=1 RWM_EMIT_BATCH=0 RWM_EMIT_BURST=64 RWM_RECOV_MP=1 RWM_RECOV_MP_LAW=1 RWM_RECOV_MP_LIVE=0 RWM_RECOV_SP=0 RWM_DIAG=1 RWM_RDIAG=0 RWM_FDIAG=0 RWM_TRACE=0 RWM_PFRAC=0
{"bytes":200000000,"dnf":0,"hint":"bulk","max_s":10.8183,"mean_mbps":147.898,"mean_s":10.8183,"median_s":10.8183,"min_s":10.8183,"proto":"rp-native","runs":1,"stdev_s":0.0,"summary":true}
    LATPROBE: /tmp/rwm-ping.txt 208 replies
    CPU: CPUSRV=13.61s CPUCLI=16.61s (srv=decoder cli=sender; whole-invocation incl warmup)
    QDISC cli0: qdisc netem 8531: root refcnt 7 limit 1000 delay 5ms  3ms loss gemodel p 1.3% r 50% 1-h 100% 1-k 0% rate 100Mbit seed 7  Sent 111934787 bytes 91339 pkt (dropped 576, overlimits 0 requeues 0)   backlog 0b 0p requeues 0 
    QDISC cli1: qdisc netem 8532: root refcnt 7 limit 1000 delay 5ms  3ms loss gemodel p 1.3% r 50% 1-h 100% 1-k 0% rate 100Mbit seed 7  Sent 114948734 bytes 94070 pkt (dropped 598, overlimits 0 requeues 0)   backlog 0b 0p requeues 0 
    QDISC srv0: qdisc netem 8533: root refcnt 7 limit 1000 delay 5ms  3ms rate 100Mbit seed 7729916812890292159  Sent 14091617 bytes 61408 pkt (dropped 0, overlimits 0 requeues 0)   backlog 0b 0p requeues 0 
    QDISC srv1: qdisc netem 8534: root refcnt 7 limit 1000 delay 5ms  3ms rate 100Mbit seed 13440497933081569235  Sent 16269942 bytes 64093 pkt (dropped 0, overlimits 0 requeues 0)   backlog 0b 0p requeues 0 
    QCAP: /tmp/rwm-q.txt 18 lines
RUNTIME c7-D rep=5 15s
LATRESULT {"cell": "c7", "arm": "D", "seed": 7, "rep": 5, "dnf": false, "dnf_count": 0, "mbps": 147.898, "seconds": 10.818, "n_runs": 1, "occ_p50": 461, "occ_p90": 787, "occcap_p50": 3989, "q_p50": 15, "q_p95": 41, "q_p99": 43, "q_n": 68, "diag_lines": 43, "retx": 6973, "gates_cli_3t": 0, "gates_srv_3t": 0, "gates_cli_rs": 1, "gates_srv_rs": 1, "gates_lines_cli": 1, "gates_lines_srv": 1, "active_echo_cli": 0, "tt_eng1": 0, "ping_n": 208, "ping_p50": 18.6, "ping_p95": 42.9, "ping_p99": 63.7, "ping_max": 66.7, "ping_min": 7.53, "ping_tx": null, "ping_rx": null, "ping_loss": null, "wait_tun": 96, "wait_paused": 0, "wait_pace": 0, "wait_gen": 0, "wait_nack": 4, "wait_defc": 0, "wait_tail": 0, "wait_flush": 0, "wait_lines": 40, "dgq_hand": 178764, "dgq_tx": 178756, "dgq_full": 0, "dgq_err": 0, "dgq_gap": 8, "dgq_paths": 2, "tc_bytes": 226883521, "tc_pkts": 185409, "tc_drop": 1174, "tc_s": 15}
LIVENESS c7-D rep=5 cli=[RWM_THREE_TERM=0 RWM_PLAIN_RS=1] srv=[RWM_THREE_TERM=0 RWM_PLAIN_RS=1] active=0 eng1_lines=0 wait_lines=43 dgq_lines=35 ping_replies=208 (expect 3t=0 rs=1)
=== rep=6 arm=sc2-A seed=7 env="" cell=c2/c2/single bytes=100000000 15:12:53
RUNTIME sc2-A rep=6 2s
LATRESULT {"cell": "sc2", "arm": "A", "seed": 7, "rep": 6, "dnf": true, "dnf_count": null, "mbps": null, "seconds": null, "n_runs": 0, "occ_p50": null, "occ_p90": null, "occcap_p50": null, "q_p50": null, "q_p95": null, "q_p99": null, "q_n": 0, "diag_lines": 0, "retx": 0, "gates_cli_3t": null, "gates_srv_3t": null, "gates_cli_rs": null, "gates_srv_rs": null, "gates_lines_cli": 0, "gates_lines_srv": 0, "active_echo_cli": 0, "tt_eng1": 0, "ping_n": 208, "ping_p50": 18.6, "ping_p95": 42.9, "ping_p99": 63.7, "ping_max": 66.7, "ping_min": 7.53, "ping_tx": null, "ping_rx": null, "ping_loss": null, "wait_tun": null, "wait_paused": null, "wait_pace": null, "wait_gen": null, "wait_nack": null, "wait_defc": null, "wait_tail": null, "wait_flush": null, "wait_lines": 0, "dgq_hand": null, "dgq_tx": null, "dgq_full": null, "dgq_err": null, "dgq_gap": null, "dgq_paths": null, "tc_bytes": null, "tc_pkts": null, "tc_drop": null, "tc_s": null}
LIVENESS sc2-A rep=6 cli=[ ] srv=[ ] active= eng1_lines=0 wait_lines= dgq_lines= ping_replies=208 (expect 3t=0 rs=0)
ARM-LIVENESS-FAIL-GATE-CLI sc2-A rep=6 got=''
ARM-LIVENESS-FAIL-GATE-SRV sc2-A rep=6 got=''
ARM-LIVENESS-FAIL-RS-CLI sc2-A rep=6 got=''
ARM-LIVENESS-FAIL-RS-SRV sc2-A rep=6 got=''
QCAP-MISSING sc2-A rep=6
=== rep=6 arm=sc2-B seed=7 env="RWM_THREE_TERM=1 RWM_PLAIN_RS=1" cell=c2/c2/single bytes=100000000 15:12:56
RUNTIME sc2-B rep=6 2s
LATRESULT {"cell": "sc2", "arm": "B", "seed": 7, "rep": 6, "dnf": true, "dnf_count": null, "mbps": null, "seconds": null, "n_runs": 0, "occ_p50": null, "occ_p90": null, "occcap_p50": null, "q_p50": null, "q_p95": null, "q_p99": null, "q_n": 0, "diag_lines": 0, "retx": 0, "gates_cli_3t": null, "gates_srv_3t": null, "gates_cli_rs": null, "gates_srv_rs": null, "gates_lines_cli": 0, "gates_lines_srv": 0, "active_echo_cli": 0, "tt_eng1": 0, "ping_n": 208, "ping_p50": 18.6, "ping_p95": 42.9, "ping_p99": 63.7, "ping_max": 66.7, "ping_min": 7.53, "ping_tx": null, "ping_rx": null, "ping_loss": null, "wait_tun": null, "wait_paused": null, "wait_pace": null, "wait_gen": null, "wait_nack": null, "wait_defc": null, "wait_tail": null, "wait_flush": null, "wait_lines": 0, "dgq_hand": null, "dgq_tx": null, "dgq_full": null, "dgq_err": null, "dgq_gap": null, "dgq_paths": null, "tc_bytes": null, "tc_pkts": null, "tc_drop": null, "tc_s": null}
LIVENESS sc2-B rep=6 cli=[ ] srv=[ ] active= eng1_lines=0 wait_lines= dgq_lines= ping_replies=208 (expect 3t=1 rs=1)
ARM-LIVENESS-FAIL-GATE-CLI sc2-B rep=6 got=''
ARM-LIVENESS-FAIL-GATE-SRV sc2-B rep=6 got=''
ARM-LIVENESS-FAIL-RS-CLI sc2-B rep=6 got=''
ARM-LIVENESS-FAIL-RS-SRV sc2-B rep=6 got=''
ARM-LIVENESS-FAIL-3T sc2-B rep=6 (VOID: no eng=1)
QCAP-MISSING sc2-B rep=6
=== rep=6 arm=sc2-D seed=7 env="RWM_PLAIN_RS=1" cell=c2/c2/single bytes=100000000 15:12:58
[2m2026-08-10T15:13:02.751216Z[0m [32m INFO[0m [2mraptorpath::gates[0m[2m:[0m [GATES] RWM_UNIFIED=1 RWM_UNIFIED_SHED=1 RWM_TAPER_R=1 RWM_ASTAR_ANCHOR=1 RWM_MSTAR_ANCHOR=1 RWM_PLAIN_RS=1 RWM_STORE_SACK_RELEASE=1 RWM_STORE_PATHS=1 RWM_STORE_PATH_POOL=2048 RWM_STORE=unset RWM_STORE_GAIN=2 RWM_STORE_BOOT=128 RWM_STORE_CAPW=0 RWM_STORE_CAP_UNIFIED=0 RWM_THREE_TERM=0 RWM_STORE_PERCAP=0 RWM_PERCAP_GUARD=1 RWM_STORE_BORROW=0 RWM_HONEST_CAP=1 RWM_POOL_ANCHOR=0 RWM_POOL_DELIV=0 RWM_FLOOR_BOUND=0 RWM_ACK_MERGE=1 RWM_PATIENCE_DERIVED=0 RWM_SIDLE_DERIVED=0 RWM_WIN_DECOUPLE=0 RWM_PLACE_SLACK=0 RWM_GEN=384 RWM_PIPELINE=2 RWM_GEN_PIPE=1 RWM_GEN_R=unset RWM_GEN_RATE=9000 RWM_GEN_RATE_FLOOR=2000 RWM_GEN_INFLIGHT=unset RWM_OOO_RETAIN=0/16 RWM_WINDOW=unset RWM_REPORT_GENS=unset RWM_REPAIR_WAIT=unset RWM_CODED_SRC=0 RWM_NO_REACTIVE=0 RWM_XPATH_REPAIR=0 RWM_PROACTIVE_PACER=0 RWM_REASM_BDP=0 RWM_MIN_R=0 RWM_CC_PACE=0 RWM_CC_PACE_HR=1.1 RWM_REACT_CAP=unset RWM_INFL_CAP=0 RWM_INFL_BDP=unset RWM_COPA_FEED=0 RWM_RS_ATTR=1 RWM_EMIT_BATCH=0 RWM_EMIT_BURST=64 RWM_RECOV_MP=1 RWM_RECOV_MP_LAW=1 RWM_RECOV_MP_LIVE=0 RWM_RECOV_SP=0 RWM_DIAG=1 RWM_RDIAG=0 RWM_FDIAG=0 RWM_TRACE=0 RWM_PFRAC=0
{"bytes":100000000,"dnf":0,"hint":"bulk","max_s":9.2853,"mean_mbps":86.158,"mean_s":9.2853,"median_s":9.2853,"min_s":9.2853,"proto":"rp-native","runs":1,"stdev_s":0.0,"summary":true}
    LATPROBE: /tmp/rwm-ping.txt 172 replies
    CPU: CPUSRV=6.44s CPUCLI=7.03s (srv=decoder cli=sender; whole-invocation incl warmup)
    QDISC cli0: qdisc netem 853d: root refcnt 7 limit 1000 delay 5ms  3ms loss gemodel p 1.3% r 50% 1-h 100% 1-k 0% rate 100Mbit seed 7  Sent 112599244 bytes 92218 pkt (dropped 492, overlimits 0 requeues 0)   backlog 0b 0p requeues 0 
    QDISC cli1: qdisc netem 853e: root refcnt 7 limit 1000 delay 5ms  3ms loss gemodel p 1.3% r 50% 1-h 100% 1-k 0% rate 100Mbit seed 7  Sent 588 bytes 8 pkt (dropped 2, overlimits 0 requeues 0)   backlog 0b 0p requeues 0 
    QDISC srv0: qdisc netem 853f: root refcnt 7 limit 1000 delay 5ms  3ms rate 100Mbit seed 12466233589883572513  Sent 11295557 bytes 65643 pkt (dropped 0, overlimits 0 requeues 0)   backlog 0b 0p requeues 0 
    QDISC srv1: qdisc netem 8540: root refcnt 7 limit 1000 delay 5ms  3ms rate 100Mbit seed 7441958281662608284  Sent 768 bytes 10 pkt (dropped 0, overlimits 0 requeues 0)   backlog 0b 0p requeues 0 
    QCAP: /tmp/rwm-q.txt 18 lines
RUNTIME sc2-D rep=6 14s
LATRESULT {"cell": "sc2", "arm": "D", "seed": 7, "rep": 6, "dnf": false, "dnf_count": 0, "mbps": 86.158, "seconds": 9.285, "n_runs": 1, "occ_p50": 1002, "occ_p90": 1024, "occcap_p50": 1024, "q_p50": 90, "q_p95": 92, "q_p99": 95, "q_n": 33, "diag_lines": 37, "retx": 3712, "gates_cli_3t": 0, "gates_srv_3t": 0, "gates_cli_rs": 1, "gates_srv_rs": 1, "gates_lines_cli": 1, "gates_lines_srv": 1, "active_echo_cli": 0, "tt_eng1": 0, "ping_n": 172, "ping_p50": 99.5, "ping_p95": 106.0, "ping_p99": 108.0, "ping_max": 110.0, "ping_min": 6.18, "ping_tx": null, "ping_rx": null, "ping_loss": null, "wait_tun": 31, "wait_paused": 30, "wait_pace": 0, "wait_gen": 0, "wait_nack": 38, "wait_defc": 0, "wait_tail": 1, "wait_flush": 0, "wait_lines": 34, "dgq_hand": 88863, "dgq_tx": 88863, "dgq_full": 0, "dgq_err": 0, "dgq_gap": 0, "dgq_paths": 1, "tc_bytes": 112600032, "tc_pkts": 92228, "tc_drop": 494, "tc_s": 14}
LIVENESS sc2-D rep=6 cli=[RWM_THREE_TERM=0 RWM_PLAIN_RS=1] srv=[RWM_THREE_TERM=0 RWM_PLAIN_RS=1] active=0 eng1_lines=0 wait_lines=37 dgq_lines=33 ping_replies=172 (expect 3t=0 rs=1)
=== rep=6 arm=sc3-A seed=7 env="" cell=c3/c3/single bytes=25000000 15:13:12
[2m2026-08-10T15:13:16.463912Z[0m [32m INFO[0m [2mraptorpath::gates[0m[2m:[0m [GATES] RWM_UNIFIED=1 RWM_UNIFIED_SHED=1 RWM_TAPER_R=1 RWM_ASTAR_ANCHOR=1 RWM_MSTAR_ANCHOR=1 RWM_PLAIN_RS=0 RWM_STORE_SACK_RELEASE=1 RWM_STORE_PATHS=1 RWM_STORE_PATH_POOL=2048 RWM_STORE=unset RWM_STORE_GAIN=2 RWM_STORE_BOOT=128 RWM_STORE_CAPW=0 RWM_STORE_CAP_UNIFIED=0 RWM_THREE_TERM=0 RWM_STORE_PERCAP=0 RWM_PERCAP_GUARD=1 RWM_STORE_BORROW=0 RWM_HONEST_CAP=1 RWM_POOL_ANCHOR=0 RWM_POOL_DELIV=0 RWM_FLOOR_BOUND=0 RWM_ACK_MERGE=1 RWM_PATIENCE_DERIVED=0 RWM_SIDLE_DERIVED=0 RWM_WIN_DECOUPLE=0 RWM_PLACE_SLACK=0 RWM_GEN=384 RWM_PIPELINE=2 RWM_GEN_PIPE=1 RWM_GEN_R=unset RWM_GEN_RATE=9000 RWM_GEN_RATE_FLOOR=2000 RWM_GEN_INFLIGHT=unset RWM_OOO_RETAIN=0/16 RWM_WINDOW=unset RWM_REPORT_GENS=unset RWM_REPAIR_WAIT=unset RWM_CODED_SRC=0 RWM_NO_REACTIVE=0 RWM_XPATH_REPAIR=0 RWM_PROACTIVE_PACER=0 RWM_REASM_BDP=0 RWM_MIN_R=0 RWM_CC_PACE=0 RWM_CC_PACE_HR=1.1 RWM_REACT_CAP=unset RWM_INFL_CAP=0 RWM_INFL_BDP=unset RWM_COPA_FEED=0 RWM_RS_ATTR=1 RWM_EMIT_BATCH=0 RWM_EMIT_BURST=64 RWM_RECOV_MP=1 RWM_RECOV_MP_LAW=1 RWM_RECOV_MP_LIVE=0 RWM_RECOV_SP=0 RWM_DIAG=1 RWM_RDIAG=0 RWM_FDIAG=0 RWM_TRACE=0 RWM_PFRAC=0
{"bytes":25000000,"dnf":0,"hint":"bulk","max_s":11.8652,"mean_mbps":16.856,"mean_s":11.8652,"median_s":11.8652,"min_s":11.8652,"proto":"rp-native","runs":1,"stdev_s":0.0,"summary":true}
    LATPROBE: /tmp/rwm-ping.txt 229 replies
    CPU: CPUSRV=2.12s CPUCLI=2.32s (srv=decoder cli=sender; whole-invocation incl warmup)
    QDISC cli0: qdisc netem 8541: root refcnt 7 limit 1000 delay 20ms  5ms loss gemodel p 2% r 40% 1-h 100% 1-k 0% rate 20Mbit seed 7  Sent 29537793 bytes 26914 pkt (dropped 448, overlimits 0 requeues 0)   backlog 0b 0p requeues 0 
    QDISC cli1: qdisc netem 8542: root refcnt 7 limit 1000 delay 20ms  5ms loss gemodel p 2% r 40% 1-h 100% 1-k 0% rate 20Mbit seed 7  Sent 658 bytes 9 pkt (dropped 2, overlimits 0 requeues 0)   backlog 0b 0p requeues 0 
    QDISC srv0: qdisc netem 8543: root refcnt 7 limit 1000 delay 20ms  5ms rate 20Mbit seed 9035075106165149764  Sent 3376614 bytes 18988 pkt (dropped 0, overlimits 0 requeues 0)   backlog 0b 0p requeues 0 
    QDISC srv1: qdisc netem 8544: root refcnt 7 limit 1000 delay 20ms  5ms rate 20Mbit seed 9611347047778383529  Sent 838 bytes 11 pkt (dropped 0, overlimits 0 requeues 0)   backlog 0b 0p requeues 0 
    QCAP: /tmp/rwm-q.txt 18 lines
RUNTIME sc3-A rep=6 16s
LATRESULT {"cell": "sc3", "arm": "A", "seed": 7, "rep": 6, "dnf": false, "dnf_count": 0, "mbps": 16.856, "seconds": 11.865, "n_runs": 1, "occ_p50": 1024, "occ_p90": 1024, "occcap_p50": 1024, "q_p50": 480, "q_p95": 654, "q_p99": 772, "q_n": 44, "diag_lines": 47, "retx": 2212, "gates_cli_3t": 0, "gates_srv_3t": 0, "gates_cli_rs": 0, "gates_srv_rs": 0, "gates_lines_cli": 1, "gates_lines_srv": 1, "active_echo_cli": 0, "tt_eng1": 0, "ping_n": 229, "ping_p50": 515.0, "ping_p95": 545.0, "ping_p99": 554.0, "ping_max": 555.0, "ping_min": 40.0, "ping_tx": null, "ping_rx": null, "ping_loss": null, "wait_tun": 7, "wait_paused": 75, "wait_pace": 0, "wait_gen": 0, "wait_nack": 16, "wait_defc": 0, "wait_tail": 1, "wait_flush": 0, "wait_lines": 44, "dgq_hand": 23633, "dgq_tx": 23633, "dgq_full": 0, "dgq_err": 0, "dgq_gap": 0, "dgq_paths": 1, "tc_bytes": 29538654, "tc_pkts": 26924, "tc_drop": 450, "tc_s": 16}
LIVENESS sc3-A rep=6 cli=[RWM_THREE_TERM=0 RWM_PLAIN_RS=0] srv=[RWM_THREE_TERM=0 RWM_PLAIN_RS=0] active=0 eng1_lines=0 wait_lines=47 dgq_lines=44 ping_replies=229 (expect 3t=0 rs=0)
=== rep=6 arm=sc3-B seed=7 env="RWM_THREE_TERM=1 RWM_PLAIN_RS=1" cell=c3/c3/single bytes=25000000 15:13:28
[2m2026-08-10T15:13:32.543542Z[0m [32m INFO[0m [2mraptorpath::gates[0m[2m:[0m [GATES] RWM_UNIFIED=1 RWM_UNIFIED_SHED=1 RWM_TAPER_R=1 RWM_ASTAR_ANCHOR=1 RWM_MSTAR_ANCHOR=1 RWM_PLAIN_RS=1 RWM_STORE_SACK_RELEASE=1 RWM_STORE_PATHS=1 RWM_STORE_PATH_POOL=2048 RWM_STORE=unset RWM_STORE_GAIN=2 RWM_STORE_BOOT=128 RWM_STORE_CAPW=0 RWM_STORE_CAP_UNIFIED=0 RWM_THREE_TERM=1 RWM_STORE_PERCAP=0 RWM_PERCAP_GUARD=1 RWM_STORE_BORROW=0 RWM_HONEST_CAP=1 RWM_POOL_ANCHOR=0 RWM_POOL_DELIV=0 RWM_FLOOR_BOUND=0 RWM_ACK_MERGE=1 RWM_PATIENCE_DERIVED=0 RWM_SIDLE_DERIVED=0 RWM_WIN_DECOUPLE=0 RWM_PLACE_SLACK=0 RWM_GEN=384 RWM_PIPELINE=2 RWM_GEN_PIPE=1 RWM_GEN_R=unset RWM_GEN_RATE=9000 RWM_GEN_RATE_FLOOR=2000 RWM_GEN_INFLIGHT=unset RWM_OOO_RETAIN=0/16 RWM_WINDOW=unset RWM_REPORT_GENS=unset RWM_REPAIR_WAIT=unset RWM_CODED_SRC=0 RWM_NO_REACTIVE=0 RWM_XPATH_REPAIR=0 RWM_PROACTIVE_PACER=0 RWM_REASM_BDP=0 RWM_MIN_R=0 RWM_CC_PACE=0 RWM_CC_PACE_HR=1.1 RWM_REACT_CAP=unset RWM_INFL_CAP=0 RWM_INFL_BDP=unset RWM_COPA_FEED=0 RWM_RS_ATTR=1 RWM_EMIT_BATCH=0 RWM_EMIT_BURST=64 RWM_RECOV_MP=1 RWM_RECOV_MP_LAW=1 RWM_RECOV_MP_LIVE=0 RWM_RECOV_SP=0 RWM_DIAG=1 RWM_RDIAG=0 RWM_FDIAG=0 RWM_TRACE=0 RWM_PFRAC=0
{"bytes":25000000,"dnf":0,"hint":"bulk","max_s":12.6506,"mean_mbps":15.81,"mean_s":12.6506,"median_s":12.6506,"min_s":12.6506,"proto":"rp-native","runs":1,"stdev_s":0.0,"summary":true}
    LATPROBE: /tmp/rwm-ping.txt 240 replies
    CPU: CPUSRV=2.11s CPUCLI=2.46s (srv=decoder cli=sender; whole-invocation incl warmup)
    QDISC cli0: qdisc netem 8545: root refcnt 7 limit 1000 delay 20ms  5ms loss gemodel p 2% r 40% 1-h 100% 1-k 0% rate 20Mbit seed 7  Sent 31247728 bytes 29007 pkt (dropped 465, overlimits 0 requeues 0)   backlog 100b 1p requeues 0 
    QDISC cli1: qdisc netem 8546: root refcnt 7 limit 1000 delay 20ms  5ms loss gemodel p 2% r 40% 1-h 100% 1-k 0% rate 20Mbit seed 7  Sent 662 bytes 9 pkt (dropped 2, overlimits 0 requeues 0)   backlog 0b 0p requeues 0 
    QDISC srv0: qdisc netem 8547: root refcnt 7 limit 1000 delay 20ms  5ms rate 20Mbit seed 13532053509031525046  Sent 3452428 bytes 19359 pkt (dropped 0, overlimits 0 requeues 0)   backlog 0b 0p requeues 0 
    QDISC srv1: qdisc netem 8548: root refcnt 7 limit 1000 delay 20ms  5ms rate 20Mbit seed 8205710067216224566  Sent 838 bytes 11 pkt (dropped 0, overlimits 0 requeues 0)   backlog 0b 0p requeues 0 
    QCAP: /tmp/rwm-q.txt 18 lines
RUNTIME sc3-B rep=6 17s
LATRESULT {"cell": "sc3", "arm": "B", "seed": 7, "rep": 6, "dnf": false, "dnf_count": 0, "mbps": 15.81, "seconds": 12.651, "n_runs": 1, "occ_p50": 326, "occ_p90": 1017, "occcap_p50": 328, "q_p50": 120, "q_p95": 943, "q_p99": 1040, "q_n": 42, "diag_lines": 50, "retx": 3648, "gates_cli_3t": 1, "gates_srv_3t": 1, "gates_cli_rs": 1, "gates_srv_rs": 1, "gates_lines_cli": 1, "gates_lines_srv": 1, "active_echo_cli": 1, "tt_eng1": 6, "ping_n": 240, "ping_p50": 166.0, "ping_p95": 675.0, "ping_p99": 799.0, "ping_max": 803.0, "ping_min": 37.9, "ping_tx": null, "ping_rx": null, "ping_loss": null, "wait_tun": 6, "wait_paused": 77, "wait_pace": 0, "wait_gen": 0, "wait_nack": 15, "wait_defc": 0, "wait_tail": 1, "wait_flush": 0, "wait_lines": 47, "dgq_hand": 25153, "dgq_tx": 25147, "dgq_full": 0, "dgq_err": 0, "dgq_gap": 6, "dgq_paths": 1, "tc_bytes": 31248490, "tc_pkts": 29017, "tc_drop": 467, "tc_s": 17}
LIVENESS sc3-B rep=6 cli=[RWM_THREE_TERM=1 RWM_PLAIN_RS=1] srv=[RWM_THREE_TERM=1 RWM_PLAIN_RS=1] active=1 eng1_lines=6 wait_lines=50 dgq_lines=43 ping_replies=240 (expect 3t=1 rs=1)
=== rep=6 arm=sc3-D seed=7 env="RWM_PLAIN_RS=1" cell=c3/c3/single bytes=25000000 15:13:45
RUNTIME sc3-D rep=6 3s
LATRESULT {"cell": "sc3", "arm": "D", "seed": 7, "rep": 6, "dnf": true, "dnf_count": null, "mbps": null, "seconds": null, "n_runs": 0, "occ_p50": null, "occ_p90": null, "occcap_p50": null, "q_p50": null, "q_p95": null, "q_p99": null, "q_n": 0, "diag_lines": 0, "retx": 0, "gates_cli_3t": null, "gates_srv_3t": null, "gates_cli_rs": null, "gates_srv_rs": null, "gates_lines_cli": 0, "gates_lines_srv": 0, "active_echo_cli": 0, "tt_eng1": 0, "ping_n": 240, "ping_p50": 166.0, "ping_p95": 675.0, "ping_p99": 799.0, "ping_max": 803.0, "ping_min": 37.9, "ping_tx": null, "ping_rx": null, "ping_loss": null, "wait_tun": null, "wait_paused": null, "wait_pace": null, "wait_gen": null, "wait_nack": null, "wait_defc": null, "wait_tail": null, "wait_flush": null, "wait_lines": 0, "dgq_hand": null, "dgq_tx": null, "dgq_full": null, "dgq_err": null, "dgq_gap": null, "dgq_paths": null, "tc_bytes": null, "tc_pkts": null, "tc_drop": null, "tc_s": null}
LIVENESS sc3-D rep=6 cli=[ ] srv=[ ] active= eng1_lines=0 wait_lines= dgq_lines= ping_replies=240 (expect 3t=0 rs=1)
ARM-LIVENESS-FAIL-GATE-CLI sc3-D rep=6 got=''
ARM-LIVENESS-FAIL-GATE-SRV sc3-D rep=6 got=''
ARM-LIVENESS-FAIL-RS-CLI sc3-D rep=6 got=''
ARM-LIVENESS-FAIL-RS-SRV sc3-D rep=6 got=''
QCAP-MISSING sc3-D rep=6
=== rep=6 arm=c7-A seed=7 env="" cell=c2/c2/dual bytes=200000000 15:13:48
[2m2026-08-10T15:13:50.436018Z[0m [32m INFO[0m [2mraptorpath::gates[0m[2m:[0m [GATES] RWM_UNIFIED=1 RWM_UNIFIED_SHED=1 RWM_TAPER_R=1 RWM_ASTAR_ANCHOR=1 RWM_MSTAR_ANCHOR=1 RWM_PLAIN_RS=0 RWM_STORE_SACK_RELEASE=1 RWM_STORE_PATHS=1 RWM_STORE_PATH_POOL=2048 RWM_STORE=unset RWM_STORE_GAIN=2 RWM_STORE_BOOT=128 RWM_STORE_CAPW=0 RWM_STORE_CAP_UNIFIED=0 RWM_THREE_TERM=0 RWM_STORE_PERCAP=0 RWM_PERCAP_GUARD=1 RWM_STORE_BORROW=0 RWM_HONEST_CAP=1 RWM_POOL_ANCHOR=0 RWM_POOL_DELIV=0 RWM_FLOOR_BOUND=0 RWM_ACK_MERGE=1 RWM_PATIENCE_DERIVED=0 RWM_SIDLE_DERIVED=0 RWM_WIN_DECOUPLE=0 RWM_PLACE_SLACK=0 RWM_GEN=384 RWM_PIPELINE=2 RWM_GEN_PIPE=1 RWM_GEN_R=unset RWM_GEN_RATE=9000 RWM_GEN_RATE_FLOOR=2000 RWM_GEN_INFLIGHT=unset RWM_OOO_RETAIN=0/16 RWM_WINDOW=unset RWM_REPORT_GENS=unset RWM_REPAIR_WAIT=unset RWM_CODED_SRC=0 RWM_NO_REACTIVE=0 RWM_XPATH_REPAIR=0 RWM_PROACTIVE_PACER=0 RWM_REASM_BDP=0 RWM_MIN_R=0 RWM_CC_PACE=0 RWM_CC_PACE_HR=1.1 RWM_REACT_CAP=unset RWM_INFL_CAP=0 RWM_INFL_BDP=unset RWM_COPA_FEED=0 RWM_RS_ATTR=1 RWM_EMIT_BATCH=0 RWM_EMIT_BURST=64 RWM_RECOV_MP=1 RWM_RECOV_MP_LAW=1 RWM_RECOV_MP_LIVE=0 RWM_RECOV_SP=0 RWM_DIAG=1 RWM_RDIAG=0 RWM_FDIAG=0 RWM_TRACE=0 RWM_PFRAC=0
{"bytes":200000000,"dnf":0,"hint":"bulk","max_s":9.3028,"mean_mbps":171.992,"mean_s":9.3028,"median_s":9.3028,"min_s":9.3028,"proto":"rp-native","runs":1,"stdev_s":0.0,"summary":true}
    LATPROBE: /tmp/rwm-ping.txt 182 replies
    CPU: CPUSRV=12.41s CPUCLI=13.92s (srv=decoder cli=sender; whole-invocation incl warmup)
    QDISC cli0: qdisc netem 854d: root refcnt 7 limit 1000 delay 5ms  3ms loss gemodel p 1.3% r 50% 1-h 100% 1-k 0% rate 100Mbit seed 7  Sent 110484434 bytes 89221 pkt (dropped 495, overlimits 0 requeues 0)   backlog 0b 0p requeues 0 
    QDISC cli1: qdisc netem 854e: root refcnt 7 limit 1000 delay 5ms  3ms loss gemodel p 1.3% r 50% 1-h 100% 1-k 0% rate 100Mbit seed 7  Sent 112260506 bytes 90575 pkt (dropped 495, overlimits 0 requeues 0)   backlog 0b 0p requeues 0 
    QDISC srv0: qdisc netem 854f: root refcnt 7 limit 1000 delay 5ms  3ms rate 100Mbit seed 16587324720373929426  Sent 12828037 bytes 59844 pkt (dropped 0, overlimits 0 requeues 0)   backlog 0b 0p requeues 0 
    QDISC srv1: qdisc netem 8550: root refcnt 7 limit 1000 delay 5ms  3ms rate 100Mbit seed 17744631696730175561  Sent 12474123 bytes 60093 pkt (dropped 0, overlimits 0 requeues 0)   backlog 0b 0p requeues 0 
    QCAP: /tmp/rwm-q.txt 18 lines
RUNTIME c7-A rep=6 11s
LATRESULT {"cell": "c7", "arm": "A", "seed": 7, "rep": 6, "dnf": false, "dnf_count": 0, "mbps": 171.992, "seconds": 9.303, "n_runs": 1, "occ_p50": 1171, "occ_p90": 2689, "occcap_p50": 4096, "q_p50": 71, "q_p95": 223, "q_p99": 236, "q_n": 67, "diag_lines": 37, "retx": 5116, "gates_cli_3t": 0, "gates_srv_3t": 0, "gates_cli_rs": 0, "gates_srv_rs": 0, "gates_lines_cli": 1, "gates_lines_srv": 1, "active_echo_cli": 0, "tt_eng1": 0, "ping_n": 182, "ping_p50": 62.4, "ping_p95": 133.0, "ping_p99": 136.0, "ping_max": 137.0, "ping_min": 8.91, "ping_tx": null, "ping_rx": null, "ping_loss": null, "wait_tun": 98, "wait_paused": 0, "wait_pace": 0, "wait_gen": 0, "wait_nack": 2, "wait_defc": 0, "wait_tail": 0, "wait_flush": 0, "wait_lines": 34, "dgq_hand": 176087, "dgq_tx": 176087, "dgq_full": 0, "dgq_err": 0, "dgq_gap": 0, "dgq_paths": 2, "tc_bytes": 222744940, "tc_pkts": 179796, "tc_drop": 990, "tc_s": 11}
LIVENESS c7-A rep=6 cli=[RWM_THREE_TERM=0 RWM_PLAIN_RS=0] srv=[RWM_THREE_TERM=0 RWM_PLAIN_RS=0] active=0 eng1_lines=0 wait_lines=37 dgq_lines=36 ping_replies=182 (expect 3t=0 rs=0)
=== rep=6 arm=c7-B seed=7 env="RWM_THREE_TERM=1 RWM_PLAIN_RS=1" cell=c2/c2/dual bytes=200000000 15:14:00
RUNTIME c7-B rep=6 2s
LATRESULT {"cell": "c7", "arm": "B", "seed": 7, "rep": 6, "dnf": true, "dnf_count": null, "mbps": null, "seconds": null, "n_runs": 0, "occ_p50": null, "occ_p90": null, "occcap_p50": null, "q_p50": null, "q_p95": null, "q_p99": null, "q_n": 0, "diag_lines": 0, "retx": 0, "gates_cli_3t": null, "gates_srv_3t": null, "gates_cli_rs": null, "gates_srv_rs": null, "gates_lines_cli": 0, "gates_lines_srv": 0, "active_echo_cli": 0, "tt_eng1": 0, "ping_n": 182, "ping_p50": 62.4, "ping_p95": 133.0, "ping_p99": 136.0, "ping_max": 137.0, "ping_min": 8.91, "ping_tx": null, "ping_rx": null, "ping_loss": null, "wait_tun": null, "wait_paused": null, "wait_pace": null, "wait_gen": null, "wait_nack": null, "wait_defc": null, "wait_tail": null, "wait_flush": null, "wait_lines": 0, "dgq_hand": null, "dgq_tx": null, "dgq_full": null, "dgq_err": null, "dgq_gap": null, "dgq_paths": null, "tc_bytes": null, "tc_pkts": null, "tc_drop": null, "tc_s": null}
LIVENESS c7-B rep=6 cli=[ ] srv=[ ] active= eng1_lines=0 wait_lines= dgq_lines= ping_replies=182 (expect 3t=1 rs=1)
ARM-LIVENESS-FAIL-GATE-CLI c7-B rep=6 got=''
ARM-LIVENESS-FAIL-GATE-SRV c7-B rep=6 got=''
ARM-LIVENESS-FAIL-RS-CLI c7-B rep=6 got=''
ARM-LIVENESS-FAIL-RS-SRV c7-B rep=6 got=''
ARM-LIVENESS-FAIL-3T c7-B rep=6 (VOID: no eng=1)
QCAP-MISSING c7-B rep=6
=== rep=6 arm=c7-D seed=7 env="RWM_PLAIN_RS=1" cell=c2/c2/dual bytes=200000000 15:14:03
[2m2026-08-10T15:14:05.306693Z[0m [32m INFO[0m [2mraptorpath::gates[0m[2m:[0m [GATES] RWM_UNIFIED=1 RWM_UNIFIED_SHED=1 RWM_TAPER_R=1 RWM_ASTAR_ANCHOR=1 RWM_MSTAR_ANCHOR=1 RWM_PLAIN_RS=1 RWM_STORE_SACK_RELEASE=1 RWM_STORE_PATHS=1 RWM_STORE_PATH_POOL=2048 RWM_STORE=unset RWM_STORE_GAIN=2 RWM_STORE_BOOT=128 RWM_STORE_CAPW=0 RWM_STORE_CAP_UNIFIED=0 RWM_THREE_TERM=0 RWM_STORE_PERCAP=0 RWM_PERCAP_GUARD=1 RWM_STORE_BORROW=0 RWM_HONEST_CAP=1 RWM_POOL_ANCHOR=0 RWM_POOL_DELIV=0 RWM_FLOOR_BOUND=0 RWM_ACK_MERGE=1 RWM_PATIENCE_DERIVED=0 RWM_SIDLE_DERIVED=0 RWM_WIN_DECOUPLE=0 RWM_PLACE_SLACK=0 RWM_GEN=384 RWM_PIPELINE=2 RWM_GEN_PIPE=1 RWM_GEN_R=unset RWM_GEN_RATE=9000 RWM_GEN_RATE_FLOOR=2000 RWM_GEN_INFLIGHT=unset RWM_OOO_RETAIN=0/16 RWM_WINDOW=unset RWM_REPORT_GENS=unset RWM_REPAIR_WAIT=unset RWM_CODED_SRC=0 RWM_NO_REACTIVE=0 RWM_XPATH_REPAIR=0 RWM_PROACTIVE_PACER=0 RWM_REASM_BDP=0 RWM_MIN_R=0 RWM_CC_PACE=0 RWM_CC_PACE_HR=1.1 RWM_REACT_CAP=unset RWM_INFL_CAP=0 RWM_INFL_BDP=unset RWM_COPA_FEED=0 RWM_RS_ATTR=1 RWM_EMIT_BATCH=0 RWM_EMIT_BURST=64 RWM_RECOV_MP=1 RWM_RECOV_MP_LAW=1 RWM_RECOV_MP_LIVE=0 RWM_RECOV_SP=0 RWM_DIAG=1 RWM_RDIAG=0 RWM_FDIAG=0 RWM_TRACE=0 RWM_PFRAC=0
{"bytes":200000000,"dnf":0,"hint":"bulk","max_s":11.2809,"mean_mbps":141.833,"mean_s":11.2809,"median_s":11.2809,"min_s":11.2809,"proto":"rp-native","runs":1,"stdev_s":0.0,"summary":true}
    LATPROBE: /tmp/rwm-ping.txt 215 replies
    CPU: CPUSRV=13.92s CPUCLI=16.66s (srv=decoder cli=sender; whole-invocation incl warmup)
    QDISC cli0: qdisc netem 8555: root refcnt 7 limit 1000 delay 5ms  3ms loss gemodel p 1.3% r 50% 1-h 100% 1-k 0% rate 100Mbit seed 7  Sent 109367551 bytes 89443 pkt (dropped 586, overlimits 0 requeues 0)   backlog 0b 0p requeues 0 
    QDISC cli1: qdisc netem 8556: root refcnt 7 limit 1000 delay 5ms  3ms loss gemodel p 1.3% r 50% 1-h 100% 1-k 0% rate 100Mbit seed 7  Sent 119962267 bytes 97930 pkt (dropped 661, overlimits 0 requeues 0)   backlog 100b 1p requeues 0 
    QDISC srv0: qdisc netem 8557: root refcnt 7 limit 1000 delay 5ms  3ms rate 100Mbit seed 13325577570000566230  Sent 14655931 bytes 61452 pkt (dropped 0, overlimits 0 requeues 0)   backlog 0b 0p requeues 0 
    QDISC srv1: qdisc netem 8558: root refcnt 7 limit 1000 delay 5ms  3ms rate 100Mbit seed 1635799190218572117  Sent 15580071 bytes 67964 pkt (dropped 0, overlimits 0 requeues 0)   backlog 0b 0p requeues 0 
    QCAP: /tmp/rwm-q.txt 18 lines
RUNTIME c7-D rep=6 13s
LATRESULT {"cell": "c7", "arm": "D", "seed": 7, "rep": 6, "dnf": false, "dnf_count": 0, "mbps": 141.833, "seconds": 11.281, "n_runs": 1, "occ_p50": 481, "occ_p90": 739, "occcap_p50": 3996, "q_p50": 14, "q_p95": 35, "q_p99": 78, "q_n": 79, "diag_lines": 45, "retx": 8284, "gates_cli_3t": 0, "gates_srv_3t": 0, "gates_cli_rs": 1, "gates_srv_rs": 1, "gates_lines_cli": 1, "gates_lines_srv": 1, "active_echo_cli": 0, "tt_eng1": 0, "ping_n": 215, "ping_p50": 17.5, "ping_p95": 38.2, "ping_p99": 52.8, "ping_max": 57.4, "ping_min": 6.81, "ping_tx": null, "ping_rx": null, "ping_loss": null, "wait_tun": 95, "wait_paused": 0, "wait_pace": 0, "wait_gen": 0, "wait_nack": 5, "wait_defc": 0, "wait_tail": 0, "wait_flush": 0, "wait_lines": 42, "dgq_hand": 181072, "dgq_tx": 181072, "dgq_full": 0, "dgq_err": 0, "dgq_gap": 0, "dgq_paths": 2, "tc_bytes": 229329918, "tc_pkts": 187374, "tc_drop": 1247, "tc_s": 13}
LIVENESS c7-D rep=6 cli=[RWM_THREE_TERM=0 RWM_PLAIN_RS=1] srv=[RWM_THREE_TERM=0 RWM_PLAIN_RS=1] active=0 eng1_lines=0 wait_lines=45 dgq_lines=43 ping_replies=215 (expect 3t=0 rs=1)
=== rep=7 arm=sc2-A seed=7 env="" cell=c2/c2/single bytes=100000000 15:14:16
RUNTIME sc2-A rep=7 3s
LATRESULT {"cell": "sc2", "arm": "A", "seed": 7, "rep": 7, "dnf": true, "dnf_count": null, "mbps": null, "seconds": null, "n_runs": 0, "occ_p50": null, "occ_p90": null, "occcap_p50": null, "q_p50": null, "q_p95": null, "q_p99": null, "q_n": 0, "diag_lines": 0, "retx": 0, "gates_cli_3t": null, "gates_srv_3t": null, "gates_cli_rs": null, "gates_srv_rs": null, "gates_lines_cli": 0, "gates_lines_srv": 0, "active_echo_cli": 0, "tt_eng1": 0, "ping_n": 215, "ping_p50": 17.5, "ping_p95": 38.2, "ping_p99": 52.8, "ping_max": 57.4, "ping_min": 6.81, "ping_tx": null, "ping_rx": null, "ping_loss": null, "wait_tun": null, "wait_paused": null, "wait_pace": null, "wait_gen": null, "wait_nack": null, "wait_defc": null, "wait_tail": null, "wait_flush": null, "wait_lines": 0, "dgq_hand": null, "dgq_tx": null, "dgq_full": null, "dgq_err": null, "dgq_gap": null, "dgq_paths": null, "tc_bytes": null, "tc_pkts": null, "tc_drop": null, "tc_s": null}
LIVENESS sc2-A rep=7 cli=[ ] srv=[ ] active= eng1_lines=0 wait_lines= dgq_lines= ping_replies=215 (expect 3t=0 rs=0)
ARM-LIVENESS-FAIL-GATE-CLI sc2-A rep=7 got=''
ARM-LIVENESS-FAIL-GATE-SRV sc2-A rep=7 got=''
ARM-LIVENESS-FAIL-RS-CLI sc2-A rep=7 got=''
ARM-LIVENESS-FAIL-RS-SRV sc2-A rep=7 got=''
QCAP-MISSING sc2-A rep=7
=== rep=7 arm=sc2-B seed=7 env="RWM_THREE_TERM=1 RWM_PLAIN_RS=1" cell=c2/c2/single bytes=100000000 15:14:19
[2m2026-08-10T15:14:23.950984Z[0m [32m INFO[0m [2mraptorpath::gates[0m[2m:[0m [GATES] RWM_UNIFIED=1 RWM_UNIFIED_SHED=1 RWM_TAPER_R=1 RWM_ASTAR_ANCHOR=1 RWM_MSTAR_ANCHOR=1 RWM_PLAIN_RS=1 RWM_STORE_SACK_RELEASE=1 RWM_STORE_PATHS=1 RWM_STORE_PATH_POOL=2048 RWM_STORE=unset RWM_STORE_GAIN=2 RWM_STORE_BOOT=128 RWM_STORE_CAPW=0 RWM_STORE_CAP_UNIFIED=0 RWM_THREE_TERM=1 RWM_STORE_PERCAP=0 RWM_PERCAP_GUARD=1 RWM_STORE_BORROW=0 RWM_HONEST_CAP=1 RWM_POOL_ANCHOR=0 RWM_POOL_DELIV=0 RWM_FLOOR_BOUND=0 RWM_ACK_MERGE=1 RWM_PATIENCE_DERIVED=0 RWM_SIDLE_DERIVED=0 RWM_WIN_DECOUPLE=0 RWM_PLACE_SLACK=0 RWM_GEN=384 RWM_PIPELINE=2 RWM_GEN_PIPE=1 RWM_GEN_R=unset RWM_GEN_RATE=9000 RWM_GEN_RATE_FLOOR=2000 RWM_GEN_INFLIGHT=unset RWM_OOO_RETAIN=0/16 RWM_WINDOW=unset RWM_REPORT_GENS=unset RWM_REPAIR_WAIT=unset RWM_CODED_SRC=0 RWM_NO_REACTIVE=0 RWM_XPATH_REPAIR=0 RWM_PROACTIVE_PACER=0 RWM_REASM_BDP=0 RWM_MIN_R=0 RWM_CC_PACE=0 RWM_CC_PACE_HR=1.1 RWM_REACT_CAP=unset RWM_INFL_CAP=0 RWM_INFL_BDP=unset RWM_COPA_FEED=0 RWM_RS_ATTR=1 RWM_EMIT_BATCH=0 RWM_EMIT_BURST=64 RWM_RECOV_MP=1 RWM_RECOV_MP_LAW=1 RWM_RECOV_MP_LIVE=0 RWM_RECOV_SP=0 RWM_DIAG=1 RWM_RDIAG=0 RWM_FDIAG=0 RWM_TRACE=0 RWM_PFRAC=0
{"bytes":100000000,"dnf":0,"hint":"bulk","max_s":9.209,"mean_mbps":86.871,"mean_s":9.209,"median_s":9.209,"min_s":9.209,"proto":"rp-native","runs":1,"stdev_s":0.0,"summary":true}
    LATPROBE: /tmp/rwm-ping.txt 178 replies
    CPU: CPUSRV=6.87s CPUCLI=6.97s (srv=decoder cli=sender; whole-invocation incl warmup)
    QDISC cli0: qdisc netem 855d: root refcnt 7 limit 1000 delay 5ms  3ms loss gemodel p 1.3% r 50% 1-h 100% 1-k 0% rate 100Mbit seed 7  Sent 111788580 bytes 93041 pkt (dropped 503, overlimits 0 requeues 0)   backlog 0b 0p requeues 0 
    QDISC cli1: qdisc netem 855e: root refcnt 7 limit 1000 delay 5ms  3ms loss gemodel p 1.3% r 50% 1-h 100% 1-k 0% rate 100Mbit seed 7  Sent 588 bytes 8 pkt (dropped 2, overlimits 0 requeues 0)   backlog 0b 0p requeues 0 
    QDISC srv0: qdisc netem 855f: root refcnt 7 limit 1000 delay 5ms  3ms rate 100Mbit seed 13320639935413975649  Sent 11320970 bytes 67367 pkt (dropped 0, overlimits 0 requeues 0)   backlog 0b 0p requeues 0 
    QDISC srv1: qdisc netem 8560: root refcnt 7 limit 1000 delay 5ms  3ms rate 100Mbit seed 18248056908866298342  Sent 768 bytes 10 pkt (dropped 0, overlimits 0 requeues 0)   backlog 0b 0p requeues 0 
    QCAP: /tmp/rwm-q.txt 18 lines
RUNTIME sc2-B rep=7 14s
LATRESULT {"cell": "sc2", "arm": "B", "seed": 7, "rep": 7, "dnf": false, "dnf_count": 0, "mbps": 86.871, "seconds": 9.209, "n_runs": 1, "occ_p50": 408, "occ_p90": 428, "occcap_p50": 429, "q_p50": 30, "q_p95": 35, "q_p99": 39, "q_n": 33, "diag_lines": 36, "retx": 2853, "gates_cli_3t": 1, "gates_srv_3t": 1, "gates_cli_rs": 1, "gates_srv_rs": 1, "gates_lines_cli": 1, "gates_lines_srv": 1, "active_echo_cli": 1, "tt_eng1": 4, "ping_n": 178, "ping_p50": 40.4, "ping_p95": 43.7, "ping_p99": 44.5, "ping_max": 44.6, "ping_min": 8.77, "ping_tx": null, "ping_rx": null, "ping_loss": null, "wait_tun": 30, "wait_paused": 46, "wait_pace": 0, "wait_gen": 0, "wait_nack": 24, "wait_defc": 0, "wait_tail": 0, "wait_flush": 0, "wait_lines": 33, "dgq_hand": 86563, "dgq_tx": 86563, "dgq_full": 0, "dgq_err": 0, "dgq_gap": 0, "dgq_paths": 1, "tc_bytes": 111789168, "tc_pkts": 93049, "tc_drop": 505, "tc_s": 14}
LIVENESS sc2-B rep=7 cli=[RWM_THREE_TERM=1 RWM_PLAIN_RS=1] srv=[RWM_THREE_TERM=1 RWM_PLAIN_RS=1] active=1 eng1_lines=4 wait_lines=36 dgq_lines=34 ping_replies=178 (expect 3t=1 rs=1)
=== rep=7 arm=sc2-D seed=7 env="RWM_PLAIN_RS=1" cell=c2/c2/single bytes=100000000 15:14:33
RUNTIME sc2-D rep=7 3s
LATRESULT {"cell": "sc2", "arm": "D", "seed": 7, "rep": 7, "dnf": true, "dnf_count": null, "mbps": null, "seconds": null, "n_runs": 0, "occ_p50": null, "occ_p90": null, "occcap_p50": null, "q_p50": null, "q_p95": null, "q_p99": null, "q_n": 0, "diag_lines": 0, "retx": 0, "gates_cli_3t": null, "gates_srv_3t": null, "gates_cli_rs": null, "gates_srv_rs": null, "gates_lines_cli": 0, "gates_lines_srv": 0, "active_echo_cli": 0, "tt_eng1": 0, "ping_n": 178, "ping_p50": 40.4, "ping_p95": 43.7, "ping_p99": 44.5, "ping_max": 44.6, "ping_min": 8.77, "ping_tx": null, "ping_rx": null, "ping_loss": null, "wait_tun": null, "wait_paused": null, "wait_pace": null, "wait_gen": null, "wait_nack": null, "wait_defc": null, "wait_tail": null, "wait_flush": null, "wait_lines": 0, "dgq_hand": null, "dgq_tx": null, "dgq_full": null, "dgq_err": null, "dgq_gap": null, "dgq_paths": null, "tc_bytes": null, "tc_pkts": null, "tc_drop": null, "tc_s": null}
LIVENESS sc2-D rep=7 cli=[ ] srv=[ ] active= eng1_lines=0 wait_lines= dgq_lines= ping_replies=178 (expect 3t=0 rs=1)
ARM-LIVENESS-FAIL-GATE-CLI sc2-D rep=7 got=''
ARM-LIVENESS-FAIL-GATE-SRV sc2-D rep=7 got=''
ARM-LIVENESS-FAIL-RS-CLI sc2-D rep=7 got=''
ARM-LIVENESS-FAIL-RS-SRV sc2-D rep=7 got=''
QCAP-MISSING sc2-D rep=7
=== rep=7 arm=sc3-A seed=7 env="" cell=c3/c3/single bytes=25000000 15:14:36
[2m2026-08-10T15:14:40.478936Z[0m [32m INFO[0m [2mraptorpath::gates[0m[2m:[0m [GATES] RWM_UNIFIED=1 RWM_UNIFIED_SHED=1 RWM_TAPER_R=1 RWM_ASTAR_ANCHOR=1 RWM_MSTAR_ANCHOR=1 RWM_PLAIN_RS=0 RWM_STORE_SACK_RELEASE=1 RWM_STORE_PATHS=1 RWM_STORE_PATH_POOL=2048 RWM_STORE=unset RWM_STORE_GAIN=2 RWM_STORE_BOOT=128 RWM_STORE_CAPW=0 RWM_STORE_CAP_UNIFIED=0 RWM_THREE_TERM=0 RWM_STORE_PERCAP=0 RWM_PERCAP_GUARD=1 RWM_STORE_BORROW=0 RWM_HONEST_CAP=1 RWM_POOL_ANCHOR=0 RWM_POOL_DELIV=0 RWM_FLOOR_BOUND=0 RWM_ACK_MERGE=1 RWM_PATIENCE_DERIVED=0 RWM_SIDLE_DERIVED=0 RWM_WIN_DECOUPLE=0 RWM_PLACE_SLACK=0 RWM_GEN=384 RWM_PIPELINE=2 RWM_GEN_PIPE=1 RWM_GEN_R=unset RWM_GEN_RATE=9000 RWM_GEN_RATE_FLOOR=2000 RWM_GEN_INFLIGHT=unset RWM_OOO_RETAIN=0/16 RWM_WINDOW=unset RWM_REPORT_GENS=unset RWM_REPAIR_WAIT=unset RWM_CODED_SRC=0 RWM_NO_REACTIVE=0 RWM_XPATH_REPAIR=0 RWM_PROACTIVE_PACER=0 RWM_REASM_BDP=0 RWM_MIN_R=0 RWM_CC_PACE=0 RWM_CC_PACE_HR=1.1 RWM_REACT_CAP=unset RWM_INFL_CAP=0 RWM_INFL_BDP=unset RWM_COPA_FEED=0 RWM_RS_ATTR=1 RWM_EMIT_BATCH=0 RWM_EMIT_BURST=64 RWM_RECOV_MP=1 RWM_RECOV_MP_LAW=1 RWM_RECOV_MP_LIVE=0 RWM_RECOV_SP=0 RWM_DIAG=1 RWM_RDIAG=0 RWM_FDIAG=0 RWM_TRACE=0 RWM_PFRAC=0
{"bytes":25000000,"dnf":0,"hint":"bulk","max_s":11.934,"mean_mbps":16.759,"mean_s":11.934,"median_s":11.934,"min_s":11.934,"proto":"rp-native","runs":1,"stdev_s":0.0,"summary":true}
    LATPROBE: /tmp/rwm-ping.txt 225 replies
    CPU: CPUSRV=2.16s CPUCLI=2.43s (srv=decoder cli=sender; whole-invocation incl warmup)
    QDISC cli0: qdisc netem 8565: root refcnt 7 limit 1000 delay 20ms  5ms loss gemodel p 2% r 40% 1-h 100% 1-k 0% rate 20Mbit seed 7  Sent 29709708 bytes 26782 pkt (dropped 442, overlimits 0 requeues 0)   backlog 0b 0p requeues 0 
    QDISC cli1: qdisc netem 8566: root refcnt 7 limit 1000 delay 20ms  5ms loss gemodel p 2% r 40% 1-h 100% 1-k 0% rate 20Mbit seed 7  Sent 658 bytes 9 pkt (dropped 2, overlimits 0 requeues 0)   backlog 0b 0p requeues 0 
    QDISC srv0: qdisc netem 8567: root refcnt 7 limit 1000 delay 20ms  5ms rate 20Mbit seed 12177360980223036389  Sent 3452700 bytes 19485 pkt (dropped 0, overlimits 0 requeues 0)   backlog 144b 2p requeues 0 
    QDISC srv1: qdisc netem 8568: root refcnt 7 limit 1000 delay 20ms  5ms rate 20Mbit seed 17653370579105348366  Sent 838 bytes 11 pkt (dropped 0, overlimits 0 requeues 0)   backlog 0b 0p requeues 0 
    QCAP: /tmp/rwm-q.txt 18 lines
RUNTIME sc3-A rep=7 16s
LATRESULT {"cell": "sc3", "arm": "A", "seed": 7, "rep": 7, "dnf": false, "dnf_count": 0, "mbps": 16.759, "seconds": 11.934, "n_runs": 1, "occ_p50": 1024, "occ_p90": 1024, "occcap_p50": 1024, "q_p50": 476, "q_p95": 595, "q_p99": 663, "q_n": 43, "diag_lines": 47, "retx": 2529, "gates_cli_3t": 0, "gates_srv_3t": 0, "gates_cli_rs": 0, "gates_srv_rs": 0, "gates_lines_cli": 1, "gates_lines_srv": 1, "active_echo_cli": 0, "tt_eng1": 0, "ping_n": 225, "ping_p50": 513.0, "ping_p95": 539.0, "ping_p99": 544.0, "ping_max": 545.0, "ping_min": 37.9, "ping_tx": null, "ping_rx": null, "ping_loss": null, "wait_tun": 8, "wait_paused": 75, "wait_pace": 0, "wait_gen": 0, "wait_nack": 17, "wait_defc": 0, "wait_tail": 1, "wait_flush": 0, "wait_lines": 44, "dgq_hand": 23983, "dgq_tx": 23983, "dgq_full": 0, "dgq_err": 0, "dgq_gap": 0, "dgq_paths": 1, "tc_bytes": 29710366, "tc_pkts": 26791, "tc_drop": 444, "tc_s": 16}
LIVENESS sc3-A rep=7 cli=[RWM_THREE_TERM=0 RWM_PLAIN_RS=0] srv=[RWM_THREE_TERM=0 RWM_PLAIN_RS=0] active=0 eng1_lines=0 wait_lines=47 dgq_lines=43 ping_replies=225 (expect 3t=0 rs=0)
=== rep=7 arm=sc3-B seed=7 env="RWM_THREE_TERM=1 RWM_PLAIN_RS=1" cell=c3/c3/single bytes=25000000 15:14:52
RUNTIME sc3-B rep=7 3s
LATRESULT {"cell": "sc3", "arm": "B", "seed": 7, "rep": 7, "dnf": true, "dnf_count": null, "mbps": null, "seconds": null, "n_runs": 0, "occ_p50": null, "occ_p90": null, "occcap_p50": null, "q_p50": null, "q_p95": null, "q_p99": null, "q_n": 0, "diag_lines": 0, "retx": 0, "gates_cli_3t": null, "gates_srv_3t": null, "gates_cli_rs": null, "gates_srv_rs": null, "gates_lines_cli": 0, "gates_lines_srv": 0, "active_echo_cli": 0, "tt_eng1": 0, "ping_n": 225, "ping_p50": 513.0, "ping_p95": 539.0, "ping_p99": 544.0, "ping_max": 545.0, "ping_min": 37.9, "ping_tx": null, "ping_rx": null, "ping_loss": null, "wait_tun": null, "wait_paused": null, "wait_pace": null, "wait_gen": null, "wait_nack": null, "wait_defc": null, "wait_tail": null, "wait_flush": null, "wait_lines": 0, "dgq_hand": null, "dgq_tx": null, "dgq_full": null, "dgq_err": null, "dgq_gap": null, "dgq_paths": null, "tc_bytes": null, "tc_pkts": null, "tc_drop": null, "tc_s": null}
LIVENESS sc3-B rep=7 cli=[ ] srv=[ ] active= eng1_lines=0 wait_lines= dgq_lines= ping_replies=225 (expect 3t=1 rs=1)
ARM-LIVENESS-FAIL-GATE-CLI sc3-B rep=7 got=''
ARM-LIVENESS-FAIL-GATE-SRV sc3-B rep=7 got=''
ARM-LIVENESS-FAIL-RS-CLI sc3-B rep=7 got=''
ARM-LIVENESS-FAIL-RS-SRV sc3-B rep=7 got=''
ARM-LIVENESS-FAIL-3T sc3-B rep=7 (VOID: no eng=1)
QCAP-MISSING sc3-B rep=7
=== rep=7 arm=sc3-D seed=7 env="RWM_PLAIN_RS=1" cell=c3/c3/single bytes=25000000 15:14:55
[2m2026-08-10T15:14:59.872237Z[0m [32m INFO[0m [2mraptorpath::gates[0m[2m:[0m [GATES] RWM_UNIFIED=1 RWM_UNIFIED_SHED=1 RWM_TAPER_R=1 RWM_ASTAR_ANCHOR=1 RWM_MSTAR_ANCHOR=1 RWM_PLAIN_RS=1 RWM_STORE_SACK_RELEASE=1 RWM_STORE_PATHS=1 RWM_STORE_PATH_POOL=2048 RWM_STORE=unset RWM_STORE_GAIN=2 RWM_STORE_BOOT=128 RWM_STORE_CAPW=0 RWM_STORE_CAP_UNIFIED=0 RWM_THREE_TERM=0 RWM_STORE_PERCAP=0 RWM_PERCAP_GUARD=1 RWM_STORE_BORROW=0 RWM_HONEST_CAP=1 RWM_POOL_ANCHOR=0 RWM_POOL_DELIV=0 RWM_FLOOR_BOUND=0 RWM_ACK_MERGE=1 RWM_PATIENCE_DERIVED=0 RWM_SIDLE_DERIVED=0 RWM_WIN_DECOUPLE=0 RWM_PLACE_SLACK=0 RWM_GEN=384 RWM_PIPELINE=2 RWM_GEN_PIPE=1 RWM_GEN_R=unset RWM_GEN_RATE=9000 RWM_GEN_RATE_FLOOR=2000 RWM_GEN_INFLIGHT=unset RWM_OOO_RETAIN=0/16 RWM_WINDOW=unset RWM_REPORT_GENS=unset RWM_REPAIR_WAIT=unset RWM_CODED_SRC=0 RWM_NO_REACTIVE=0 RWM_XPATH_REPAIR=0 RWM_PROACTIVE_PACER=0 RWM_REASM_BDP=0 RWM_MIN_R=0 RWM_CC_PACE=0 RWM_CC_PACE_HR=1.1 RWM_REACT_CAP=unset RWM_INFL_CAP=0 RWM_INFL_BDP=unset RWM_COPA_FEED=0 RWM_RS_ATTR=1 RWM_EMIT_BATCH=0 RWM_EMIT_BURST=64 RWM_RECOV_MP=1 RWM_RECOV_MP_LAW=1 RWM_RECOV_MP_LIVE=0 RWM_RECOV_SP=0 RWM_DIAG=1 RWM_RDIAG=0 RWM_FDIAG=0 RWM_TRACE=0 RWM_PFRAC=0
{"bytes":25000000,"dnf":0,"hint":"bulk","max_s":11.9807,"mean_mbps":16.694,"mean_s":11.9807,"median_s":11.9807,"min_s":11.9807,"proto":"rp-native","runs":1,"stdev_s":0.0,"summary":true}
    LATPROBE: /tmp/rwm-ping.txt 226 replies
    CPU: CPUSRV=2.15s CPUCLI=2.42s (srv=decoder cli=sender; whole-invocation incl warmup)
    QDISC cli0: qdisc netem 856d: root refcnt 7 limit 1000 delay 20ms  5ms loss gemodel p 2% r 40% 1-h 100% 1-k 0% rate 20Mbit seed 7  Sent 29850483 bytes 27345 pkt (dropped 460, overlimits 0 requeues 0)   backlog 0b 0p requeues 0 
    QDISC cli1: qdisc netem 856e: root refcnt 7 limit 1000 delay 20ms  5ms loss gemodel p 2% r 40% 1-h 100% 1-k 0% rate 20Mbit seed 7  Sent 662 bytes 9 pkt (dropped 2, overlimits 0 requeues 0)   backlog 0b 0p requeues 0 
    QDISC srv0: qdisc netem 856f: root refcnt 7 limit 1000 delay 20ms  5ms rate 20Mbit seed 12840491110229574521  Sent 3300816 bytes 19315 pkt (dropped 0, overlimits 0 requeues 0)   backlog 0b 0p requeues 0 
    QDISC srv1: qdisc netem 8570: root refcnt 7 limit 1000 delay 20ms  5ms rate 20Mbit seed 18320788221437165548  Sent 838 bytes 11 pkt (dropped 0, overlimits 0 requeues 0)   backlog 0b 0p requeues 0 
    QCAP: /tmp/rwm-q.txt 18 lines
RUNTIME sc3-D rep=7 17s
LATRESULT {"cell": "sc3", "arm": "D", "seed": 7, "rep": 7, "dnf": false, "dnf_count": 0, "mbps": 16.694, "seconds": 11.981, "n_runs": 1, "occ_p50": 417, "occ_p90": 714, "occcap_p50": 417, "q_p50": 168, "q_p95": 444, "q_p99": 579, "q_n": 42, "diag_lines": 47, "retx": 2452, "gates_cli_3t": 0, "gates_srv_3t": 0, "gates_cli_rs": 1, "gates_srv_rs": 1, "gates_lines_cli": 1, "gates_lines_srv": 1, "active_echo_cli": 0, "tt_eng1": 0, "ping_n": 226, "ping_p50": 209.0, "ping_p95": 489.0, "ping_p99": 500.0, "ping_max": 504.0, "ping_min": 40.3, "ping_tx": null, "ping_rx": null, "ping_loss": null, "wait_tun": 6, "wait_paused": 76, "wait_pace": 0, "wait_gen": 0, "wait_nack": 16, "wait_defc": 0, "wait_tail": 1, "wait_flush": 0, "wait_lines": 44, "dgq_hand": 23913, "dgq_tx": 23913, "dgq_full": 0, "dgq_err": 0, "dgq_gap": 0, "dgq_paths": 1, "tc_bytes": 29851145, "tc_pkts": 27354, "tc_drop": 462, "tc_s": 17}
LIVENESS sc3-D rep=7 cli=[RWM_THREE_TERM=0 RWM_PLAIN_RS=1] srv=[RWM_THREE_TERM=0 RWM_PLAIN_RS=1] active=0 eng1_lines=0 wait_lines=47 dgq_lines=42 ping_replies=226 (expect 3t=0 rs=1)
=== rep=7 arm=c7-A seed=7 env="" cell=c2/c2/dual bytes=200000000 15:15:12
[2m2026-08-10T15:15:16.391291Z[0m [32m INFO[0m [2mraptorpath::gates[0m[2m:[0m [GATES] RWM_UNIFIED=1 RWM_UNIFIED_SHED=1 RWM_TAPER_R=1 RWM_ASTAR_ANCHOR=1 RWM_MSTAR_ANCHOR=1 RWM_PLAIN_RS=0 RWM_STORE_SACK_RELEASE=1 RWM_STORE_PATHS=1 RWM_STORE_PATH_POOL=2048 RWM_STORE=unset RWM_STORE_GAIN=2 RWM_STORE_BOOT=128 RWM_STORE_CAPW=0 RWM_STORE_CAP_UNIFIED=0 RWM_THREE_TERM=0 RWM_STORE_PERCAP=0 RWM_PERCAP_GUARD=1 RWM_STORE_BORROW=0 RWM_HONEST_CAP=1 RWM_POOL_ANCHOR=0 RWM_POOL_DELIV=0 RWM_FLOOR_BOUND=0 RWM_ACK_MERGE=1 RWM_PATIENCE_DERIVED=0 RWM_SIDLE_DERIVED=0 RWM_WIN_DECOUPLE=0 RWM_PLACE_SLACK=0 RWM_GEN=384 RWM_PIPELINE=2 RWM_GEN_PIPE=1 RWM_GEN_R=unset RWM_GEN_RATE=9000 RWM_GEN_RATE_FLOOR=2000 RWM_GEN_INFLIGHT=unset RWM_OOO_RETAIN=0/16 RWM_WINDOW=unset RWM_REPORT_GENS=unset RWM_REPAIR_WAIT=unset RWM_CODED_SRC=0 RWM_NO_REACTIVE=0 RWM_XPATH_REPAIR=0 RWM_PROACTIVE_PACER=0 RWM_REASM_BDP=0 RWM_MIN_R=0 RWM_CC_PACE=0 RWM_CC_PACE_HR=1.1 RWM_REACT_CAP=unset RWM_INFL_CAP=0 RWM_INFL_BDP=unset RWM_COPA_FEED=0 RWM_RS_ATTR=1 RWM_EMIT_BATCH=0 RWM_EMIT_BURST=64 RWM_RECOV_MP=1 RWM_RECOV_MP_LAW=1 RWM_RECOV_MP_LIVE=0 RWM_RECOV_SP=0 RWM_DIAG=1 RWM_RDIAG=0 RWM_FDIAG=0 RWM_TRACE=0 RWM_PFRAC=0
{"bytes":200000000,"dnf":0,"hint":"bulk","max_s":9.1426,"mean_mbps":175.006,"mean_s":9.1426,"median_s":9.1426,"min_s":9.1426,"proto":"rp-native","runs":1,"stdev_s":0.0,"summary":true}
    LATPROBE: /tmp/rwm-ping.txt 179 replies
    CPU: CPUSRV=12.08s CPUCLI=13.62s (srv=decoder cli=sender; whole-invocation incl warmup)
    QDISC cli0: qdisc netem 8571: root refcnt 7 limit 1000 delay 5ms  3ms loss gemodel p 1.3% r 50% 1-h 100% 1-k 0% rate 100Mbit seed 7  Sent 111078859 bytes 90074 pkt (dropped 512, overlimits 0 requeues 0)   backlog 0b 0p requeues 0 
    QDISC cli1: qdisc netem 8572: root refcnt 7 limit 1000 delay 5ms  3ms loss gemodel p 1.3% r 50% 1-h 100% 1-k 0% rate 100Mbit seed 7  Sent 110945459 bytes 88919 pkt (dropped 481, overlimits 0 requeues 0)   backlog 0b 0p requeues 0 
    QDISC srv0: qdisc netem 8573: root refcnt 7 limit 1000 delay 5ms  3ms rate 100Mbit seed 14348375053315651478  Sent 11537742 bytes 59355 pkt (dropped 0, overlimits 0 requeues 0)   backlog 0b 0p requeues 0 
    QDISC srv1: qdisc netem 8574: root refcnt 7 limit 1000 delay 5ms  3ms rate 100Mbit seed 11591241154624146050  Sent 11750067 bytes 58887 pkt (dropped 0, overlimits 0 requeues 0)   backlog 0b 0p requeues 0 
    QCAP: /tmp/rwm-q.txt 18 lines
RUNTIME c7-A rep=7 13s
LATRESULT {"cell": "c7", "arm": "A", "seed": 7, "rep": 7, "dnf": false, "dnf_count": 0, "mbps": 175.006, "seconds": 9.143, "n_runs": 1, "occ_p50": 1337, "occ_p90": 2455, "occcap_p50": 4096, "q_p50": 89, "q_p95": 173, "q_p99": 193, "q_n": 65, "diag_lines": 36, "retx": 4722, "gates_cli_3t": 0, "gates_srv_3t": 0, "gates_cli_rs": 0, "gates_srv_rs": 0, "gates_lines_cli": 1, "gates_lines_srv": 1, "active_echo_cli": 0, "tt_eng1": 0, "ping_n": 179, "ping_p50": 77.8, "ping_p95": 150.0, "ping_p99": 198.0, "ping_max": 229.0, "ping_min": 5.13, "ping_tx": null, "ping_rx": null, "ping_loss": null, "wait_tun": 98, "wait_paused": 0, "wait_pace": 0, "wait_gen": 0, "wait_nack": 2, "wait_defc": 0, "wait_tail": 0, "wait_flush": 0, "wait_lines": 33, "dgq_hand": 175634, "dgq_tx": 175634, "dgq_full": 0, "dgq_err": 0, "dgq_gap": 0, "dgq_paths": 2, "tc_bytes": 222024318, "tc_pkts": 178993, "tc_drop": 993, "tc_s": 13}
LIVENESS c7-A rep=7 cli=[RWM_THREE_TERM=0 RWM_PLAIN_RS=0] srv=[RWM_THREE_TERM=0 RWM_PLAIN_RS=0] active=0 eng1_lines=0 wait_lines=36 dgq_lines=35 ping_replies=179 (expect 3t=0 rs=0)
=== rep=7 arm=c7-B seed=7 env="RWM_THREE_TERM=1 RWM_PLAIN_RS=1" cell=c2/c2/dual bytes=200000000 15:15:25
[2m2026-08-10T15:15:28.842921Z[0m [32m INFO[0m [2mraptorpath::gates[0m[2m:[0m [GATES] RWM_UNIFIED=1 RWM_UNIFIED_SHED=1 RWM_TAPER_R=1 RWM_ASTAR_ANCHOR=1 RWM_MSTAR_ANCHOR=1 RWM_PLAIN_RS=1 RWM_STORE_SACK_RELEASE=1 RWM_STORE_PATHS=1 RWM_STORE_PATH_POOL=2048 RWM_STORE=unset RWM_STORE_GAIN=2 RWM_STORE_BOOT=128 RWM_STORE_CAPW=0 RWM_STORE_CAP_UNIFIED=0 RWM_THREE_TERM=1 RWM_STORE_PERCAP=0 RWM_PERCAP_GUARD=1 RWM_STORE_BORROW=0 RWM_HONEST_CAP=1 RWM_POOL_ANCHOR=0 RWM_POOL_DELIV=0 RWM_FLOOR_BOUND=0 RWM_ACK_MERGE=1 RWM_PATIENCE_DERIVED=0 RWM_SIDLE_DERIVED=0 RWM_WIN_DECOUPLE=0 RWM_PLACE_SLACK=0 RWM_GEN=384 RWM_PIPELINE=2 RWM_GEN_PIPE=1 RWM_GEN_R=unset RWM_GEN_RATE=9000 RWM_GEN_RATE_FLOOR=2000 RWM_GEN_INFLIGHT=unset RWM_OOO_RETAIN=0/16 RWM_WINDOW=unset RWM_REPORT_GENS=unset RWM_REPAIR_WAIT=unset RWM_CODED_SRC=0 RWM_NO_REACTIVE=0 RWM_XPATH_REPAIR=0 RWM_PROACTIVE_PACER=0 RWM_REASM_BDP=0 RWM_MIN_R=0 RWM_CC_PACE=0 RWM_CC_PACE_HR=1.1 RWM_REACT_CAP=unset RWM_INFL_CAP=0 RWM_INFL_BDP=unset RWM_COPA_FEED=0 RWM_RS_ATTR=1 RWM_EMIT_BATCH=0 RWM_EMIT_BURST=64 RWM_RECOV_MP=1 RWM_RECOV_MP_LAW=1 RWM_RECOV_MP_LIVE=0 RWM_RECOV_SP=0 RWM_DIAG=1 RWM_RDIAG=0 RWM_FDIAG=0 RWM_TRACE=0 RWM_PFRAC=0
{"bytes":200000000,"dnf":0,"hint":"bulk","max_s":10.6815,"mean_mbps":149.792,"mean_s":10.6815,"median_s":10.6815,"min_s":10.6815,"proto":"rp-native","runs":1,"stdev_s":0.0,"summary":true}
    LATPROBE: /tmp/rwm-ping.txt 208 replies
    CPU: CPUSRV=13.55s CPUCLI=16.39s (srv=decoder cli=sender; whole-invocation incl warmup)
    QDISC cli0: qdisc netem 8575: root refcnt 7 limit 1000 delay 5ms  3ms loss gemodel p 1.3% r 50% 1-h 100% 1-k 0% rate 100Mbit seed 7  Sent 109290213 bytes 89545 pkt (dropped 591, overlimits 0 requeues 0)   backlog 0b 0p requeues 0 
    QDISC cli1: qdisc netem 8576: root refcnt 7 limit 1000 delay 5ms  3ms loss gemodel p 1.3% r 50% 1-h 100% 1-k 0% rate 100Mbit seed 7  Sent 117023860 bytes 96372 pkt (dropped 662, overlimits 0 requeues 0)   backlog 0b 0p requeues 0 
    QDISC srv0: qdisc netem 8577: root refcnt 7 limit 1000 delay 5ms  3ms rate 100Mbit seed 382778232595908411  Sent 14561904 bytes 62222 pkt (dropped 0, overlimits 0 requeues 0)   backlog 0b 0p requeues 0 
    QDISC srv1: qdisc netem 8578: root refcnt 7 limit 1000 delay 5ms  3ms rate 100Mbit seed 1027873793225326302  Sent 16749157 bytes 67259 pkt (dropped 0, overlimits 0 requeues 0)   backlog 0b 0p requeues 0 
    QCAP: /tmp/rwm-q.txt 18 lines
RUNTIME c7-B rep=7 14s
LATRESULT {"cell": "c7", "arm": "B", "seed": 7, "rep": 7, "dnf": false, "dnf_count": 0, "mbps": 149.792, "seconds": 10.681, "n_runs": 1, "occ_p50": 470, "occ_p90": 769, "occcap_p50": 1019, "q_p50": 19, "q_p95": 43, "q_p99": 54, "q_n": 66, "diag_lines": 42, "retx": 6831, "gates_cli_3t": 1, "gates_srv_3t": 1, "gates_cli_rs": 1, "gates_srv_rs": 1, "gates_lines_cli": 1, "gates_lines_srv": 1, "active_echo_cli": 1, "tt_eng1": 5, "ping_n": 208, "ping_p50": 19.5, "ping_p95": 36.8, "ping_p99": 48.1, "ping_max": 50.4, "ping_min": 5.91, "ping_tx": null, "ping_rx": null, "ping_loss": null, "wait_tun": 96, "wait_paused": 0, "wait_pace": 0, "wait_gen": 0, "wait_nack": 4, "wait_defc": 0, "wait_tail": 0, "wait_flush": 0, "wait_lines": 39, "dgq_hand": 176883, "dgq_tx": 176827, "dgq_full": 0, "dgq_err": 0, "dgq_gap": 56, "dgq_paths": 2, "tc_bytes": 226314073, "tc_pkts": 185917, "tc_drop": 1253, "tc_s": 14}
LIVENESS c7-B rep=7 cli=[RWM_THREE_TERM=1 RWM_PLAIN_RS=1] srv=[RWM_THREE_TERM=1 RWM_PLAIN_RS=1] active=1 eng1_lines=5 wait_lines=42 dgq_lines=34 ping_replies=208 (expect 3t=1 rs=1)
=== rep=7 arm=c7-D seed=7 env="RWM_PLAIN_RS=1" cell=c2/c2/dual bytes=200000000 15:15:39
[2m2026-08-10T15:15:42.794466Z[0m [32m INFO[0m [2mraptorpath::gates[0m[2m:[0m [GATES] RWM_UNIFIED=1 RWM_UNIFIED_SHED=1 RWM_TAPER_R=1 RWM_ASTAR_ANCHOR=1 RWM_MSTAR_ANCHOR=1 RWM_PLAIN_RS=1 RWM_STORE_SACK_RELEASE=1 RWM_STORE_PATHS=1 RWM_STORE_PATH_POOL=2048 RWM_STORE=unset RWM_STORE_GAIN=2 RWM_STORE_BOOT=128 RWM_STORE_CAPW=0 RWM_STORE_CAP_UNIFIED=0 RWM_THREE_TERM=0 RWM_STORE_PERCAP=0 RWM_PERCAP_GUARD=1 RWM_STORE_BORROW=0 RWM_HONEST_CAP=1 RWM_POOL_ANCHOR=0 RWM_POOL_DELIV=0 RWM_FLOOR_BOUND=0 RWM_ACK_MERGE=1 RWM_PATIENCE_DERIVED=0 RWM_SIDLE_DERIVED=0 RWM_WIN_DECOUPLE=0 RWM_PLACE_SLACK=0 RWM_GEN=384 RWM_PIPELINE=2 RWM_GEN_PIPE=1 RWM_GEN_R=unset RWM_GEN_RATE=9000 RWM_GEN_RATE_FLOOR=2000 RWM_GEN_INFLIGHT=unset RWM_OOO_RETAIN=0/16 RWM_WINDOW=unset RWM_REPORT_GENS=unset RWM_REPAIR_WAIT=unset RWM_CODED_SRC=0 RWM_NO_REACTIVE=0 RWM_XPATH_REPAIR=0 RWM_PROACTIVE_PACER=0 RWM_REASM_BDP=0 RWM_MIN_R=0 RWM_CC_PACE=0 RWM_CC_PACE_HR=1.1 RWM_REACT_CAP=unset RWM_INFL_CAP=0 RWM_INFL_BDP=unset RWM_COPA_FEED=0 RWM_RS_ATTR=1 RWM_EMIT_BATCH=0 RWM_EMIT_BURST=64 RWM_RECOV_MP=1 RWM_RECOV_MP_LAW=1 RWM_RECOV_MP_LIVE=0 RWM_RECOV_SP=0 RWM_DIAG=1 RWM_RDIAG=0 RWM_FDIAG=0 RWM_TRACE=0 RWM_PFRAC=0
{"bytes":200000000,"dnf":0,"hint":"bulk","max_s":10.7864,"mean_mbps":148.335,"mean_s":10.7864,"median_s":10.7864,"min_s":10.7864,"proto":"rp-native","runs":1,"stdev_s":0.0,"summary":true}
    LATPROBE: /tmp/rwm-ping.txt 207 replies
    CPU: CPUSRV=13.41s CPUCLI=16.28s (srv=decoder cli=sender; whole-invocation incl warmup)
    QDISC cli0: qdisc netem 8579: root refcnt 7 limit 1000 delay 5ms  3ms loss gemodel p 1.3% r 50% 1-h 100% 1-k 0% rate 100Mbit seed 7  Sent 117528618 bytes 96533 pkt (dropped 661, overlimits 0 requeues 0)   backlog 0b 0p requeues 0 
    QDISC cli1: qdisc netem 857a: root refcnt 7 limit 1000 delay 5ms  3ms loss gemodel p 1.3% r 50% 1-h 100% 1-k 0% rate 100Mbit seed 7  Sent 110876198 bytes 90402 pkt (dropped 586, overlimits 0 requeues 0)   backlog 0b 0p requeues 0 
    QDISC srv0: qdisc netem 857b: root refcnt 7 limit 1000 delay 5ms  3ms rate 100Mbit seed 64733107273907682  Sent 15938274 bytes 67008 pkt (dropped 0, overlimits 0 requeues 0)   backlog 0b 0p requeues 0 
    QDISC srv1: qdisc netem 857c: root refcnt 7 limit 1000 delay 5ms  3ms rate 100Mbit seed 18075846011527907447  Sent 14223942 bytes 62792 pkt (dropped 0, overlimits 0 requeues 0)   backlog 0b 0p requeues 0 
    QCAP: /tmp/rwm-q.txt 18 lines
RUNTIME c7-D rep=7 14s
LATRESULT {"cell": "c7", "arm": "D", "seed": 7, "rep": 7, "dnf": false, "dnf_count": 0, "mbps": 148.335, "seconds": 10.786, "n_runs": 1, "occ_p50": 397, "occ_p90": 574, "occcap_p50": 4096, "q_p50": 16, "q_p95": 42, "q_p99": 47, "q_n": 75, "diag_lines": 43, "retx": 8002, "gates_cli_3t": 0, "gates_srv_3t": 0, "gates_cli_rs": 1, "gates_srv_rs": 1, "gates_lines_cli": 1, "gates_lines_srv": 1, "active_echo_cli": 0, "tt_eng1": 0, "ping_n": 207, "ping_p50": 22.8, "ping_p95": 59.0, "ping_p99": 85.7, "ping_max": 104.0, "ping_min": 9.75, "ping_tx": null, "ping_rx": null, "ping_loss": null, "wait_tun": 96, "wait_paused": 0, "wait_pace": 0, "wait_gen": 0, "wait_nack": 4, "wait_defc": 0, "wait_tail": 0, "wait_flush": 0, "wait_lines": 40, "dgq_hand": 180507, "dgq_tx": 180492, "dgq_full": 0, "dgq_err": 0, "dgq_gap": 15, "dgq_paths": 2, "tc_bytes": 228405016, "tc_pkts": 186937, "tc_drop": 1247, "tc_s": 14}
LIVENESS c7-D rep=7 cli=[RWM_THREE_TERM=0 RWM_PLAIN_RS=1] srv=[RWM_THREE_TERM=0 RWM_PLAIN_RS=1] active=0 eng1_lines=0 wait_lines=43 dgq_lines=40 ping_replies=207 (expect 3t=0 rs=1)
=== rep=8 arm=sc2-A seed=7 env="" cell=c2/c2/single bytes=100000000 15:15:53
[2m2026-08-10T15:15:57.900673Z[0m [32m INFO[0m [2mraptorpath::gates[0m[2m:[0m [GATES] RWM_UNIFIED=1 RWM_UNIFIED_SHED=1 RWM_TAPER_R=1 RWM_ASTAR_ANCHOR=1 RWM_MSTAR_ANCHOR=1 RWM_PLAIN_RS=0 RWM_STORE_SACK_RELEASE=1 RWM_STORE_PATHS=1 RWM_STORE_PATH_POOL=2048 RWM_STORE=unset RWM_STORE_GAIN=2 RWM_STORE_BOOT=128 RWM_STORE_CAPW=0 RWM_STORE_CAP_UNIFIED=0 RWM_THREE_TERM=0 RWM_STORE_PERCAP=0 RWM_PERCAP_GUARD=1 RWM_STORE_BORROW=0 RWM_HONEST_CAP=1 RWM_POOL_ANCHOR=0 RWM_POOL_DELIV=0 RWM_FLOOR_BOUND=0 RWM_ACK_MERGE=1 RWM_PATIENCE_DERIVED=0 RWM_SIDLE_DERIVED=0 RWM_WIN_DECOUPLE=0 RWM_PLACE_SLACK=0 RWM_GEN=384 RWM_PIPELINE=2 RWM_GEN_PIPE=1 RWM_GEN_R=unset RWM_GEN_RATE=9000 RWM_GEN_RATE_FLOOR=2000 RWM_GEN_INFLIGHT=unset RWM_OOO_RETAIN=0/16 RWM_WINDOW=unset RWM_REPORT_GENS=unset RWM_REPAIR_WAIT=unset RWM_CODED_SRC=0 RWM_NO_REACTIVE=0 RWM_XPATH_REPAIR=0 RWM_PROACTIVE_PACER=0 RWM_REASM_BDP=0 RWM_MIN_R=0 RWM_CC_PACE=0 RWM_CC_PACE_HR=1.1 RWM_REACT_CAP=unset RWM_INFL_CAP=0 RWM_INFL_BDP=unset RWM_COPA_FEED=0 RWM_RS_ATTR=1 RWM_EMIT_BATCH=0 RWM_EMIT_BURST=64 RWM_RECOV_MP=1 RWM_RECOV_MP_LAW=1 RWM_RECOV_MP_LIVE=0 RWM_RECOV_SP=0 RWM_DIAG=1 RWM_RDIAG=0 RWM_FDIAG=0 RWM_TRACE=0 RWM_PFRAC=0
{"bytes":100000000,"dnf":0,"hint":"bulk","max_s":9.0069,"mean_mbps":88.821,"mean_s":9.0069,"median_s":9.0069,"min_s":9.0069,"proto":"rp-native","runs":1,"stdev_s":0.0,"summary":true}
    LATPROBE: /tmp/rwm-ping.txt 171 replies
    CPU: CPUSRV=6.51s CPUCLI=5.82s (srv=decoder cli=sender; whole-invocation incl warmup)
    QDISC cli0: qdisc netem 857d: root refcnt 7 limit 1000 delay 5ms  3ms loss gemodel p 1.3% r 50% 1-h 100% 1-k 0% rate 100Mbit seed 7  Sent 111918455 bytes 94040 pkt (dropped 526, overlimits 0 requeues 0)   backlog 0b 0p requeues 0 
    QDISC cli1: qdisc netem 857e: root refcnt 7 limit 1000 delay 5ms  3ms loss gemodel p 1.3% r 50% 1-h 100% 1-k 0% rate 100Mbit seed 7  Sent 846 bytes 11 pkt (dropped 2, overlimits 0 requeues 0)   backlog 0b 0p requeues 0 
    QDISC srv0: qdisc netem 857f: root refcnt 7 limit 1000 delay 5ms  3ms rate 100Mbit seed 8992584471505475263  Sent 11191057 bytes 64681 pkt (dropped 0, overlimits 0 requeues 0)   backlog 0b 0p requeues 0 
    QDISC srv1: qdisc netem 8580: root refcnt 7 limit 1000 delay 5ms  3ms rate 100Mbit seed 17015495495805672799  Sent 866 bytes 11 pkt (dropped 0, overlimits 0 requeues 0)   backlog 0b 0p requeues 0 
    QCAP: /tmp/rwm-q.txt 18 lines
RUNTIME sc2-A rep=8 14s
LATRESULT {"cell": "sc2", "arm": "A", "seed": 7, "rep": 8, "dnf": false, "dnf_count": 0, "mbps": 88.821, "seconds": 9.007, "n_runs": 1, "occ_p50": 1014, "occ_p90": 1024, "occcap_p50": 1024, "q_p50": 92, "q_p95": 96, "q_p99": 100, "q_n": 32, "diag_lines": 35, "retx": 3163, "gates_cli_3t": 0, "gates_srv_3t": 0, "gates_cli_rs": 0, "gates_srv_rs": 0, "gates_lines_cli": 1, "gates_lines_srv": 1, "active_echo_cli": 0, "tt_eng1": 0, "ping_n": 171, "ping_p50": 102.0, "ping_p95": 106.0, "ping_p99": 107.0, "ping_max": 108.0, "ping_min": 7.56, "ping_tx": null, "ping_rx": null, "ping_loss": null, "wait_tun": 30, "wait_paused": 41, "wait_pace": 0, "wait_gen": 0, "wait_nack": 30, "wait_defc": 0, "wait_tail": 1, "wait_flush": 0, "wait_lines": 32, "dgq_hand": 86920, "dgq_tx": 86912, "dgq_full": 0, "dgq_err": 0, "dgq_gap": 8, "dgq_paths": 1, "tc_bytes": 111919301, "tc_pkts": 94051, "tc_drop": 528, "tc_s": 14}
LIVENESS sc2-A rep=8 cli=[RWM_THREE_TERM=0 RWM_PLAIN_RS=0] srv=[RWM_THREE_TERM=0 RWM_PLAIN_RS=0] active=0 eng1_lines=0 wait_lines=35 dgq_lines=35 ping_replies=171 (expect 3t=0 rs=0)
=== rep=8 arm=sc2-B seed=7 env="RWM_THREE_TERM=1 RWM_PLAIN_RS=1" cell=c2/c2/single bytes=100000000 15:16:07
[2m2026-08-10T15:16:09.943107Z[0m [32m INFO[0m [2mraptorpath::gates[0m[2m:[0m [GATES] RWM_UNIFIED=1 RWM_UNIFIED_SHED=1 RWM_TAPER_R=1 RWM_ASTAR_ANCHOR=1 RWM_MSTAR_ANCHOR=1 RWM_PLAIN_RS=1 RWM_STORE_SACK_RELEASE=1 RWM_STORE_PATHS=1 RWM_STORE_PATH_POOL=2048 RWM_STORE=unset RWM_STORE_GAIN=2 RWM_STORE_BOOT=128 RWM_STORE_CAPW=0 RWM_STORE_CAP_UNIFIED=0 RWM_THREE_TERM=1 RWM_STORE_PERCAP=0 RWM_PERCAP_GUARD=1 RWM_STORE_BORROW=0 RWM_HONEST_CAP=1 RWM_POOL_ANCHOR=0 RWM_POOL_DELIV=0 RWM_FLOOR_BOUND=0 RWM_ACK_MERGE=1 RWM_PATIENCE_DERIVED=0 RWM_SIDLE_DERIVED=0 RWM_WIN_DECOUPLE=0 RWM_PLACE_SLACK=0 RWM_GEN=384 RWM_PIPELINE=2 RWM_GEN_PIPE=1 RWM_GEN_R=unset RWM_GEN_RATE=9000 RWM_GEN_RATE_FLOOR=2000 RWM_GEN_INFLIGHT=unset RWM_OOO_RETAIN=0/16 RWM_WINDOW=unset RWM_REPORT_GENS=unset RWM_REPAIR_WAIT=unset RWM_CODED_SRC=0 RWM_NO_REACTIVE=0 RWM_XPATH_REPAIR=0 RWM_PROACTIVE_PACER=0 RWM_REASM_BDP=0 RWM_MIN_R=0 RWM_CC_PACE=0 RWM_CC_PACE_HR=1.1 RWM_REACT_CAP=unset RWM_INFL_CAP=0 RWM_INFL_BDP=unset RWM_COPA_FEED=0 RWM_RS_ATTR=1 RWM_EMIT_BATCH=0 RWM_EMIT_BURST=64 RWM_RECOV_MP=1 RWM_RECOV_MP_LAW=1 RWM_RECOV_MP_LIVE=0 RWM_RECOV_SP=0 RWM_DIAG=1 RWM_RDIAG=0 RWM_FDIAG=0 RWM_TRACE=0 RWM_PFRAC=0
{"bytes":100000000,"dnf":0,"hint":"bulk","max_s":9.0211,"mean_mbps":88.681,"mean_s":9.0211,"median_s":9.0211,"min_s":9.0211,"proto":"rp-native","runs":1,"stdev_s":0.0,"summary":true}
    LATPROBE: /tmp/rwm-ping.txt 174 replies
    CPU: CPUSRV=6.49s CPUCLI=6.83s (srv=decoder cli=sender; whole-invocation incl warmup)
    QDISC cli0: qdisc netem 8581: root refcnt 7 limit 1000 delay 5ms  3ms loss gemodel p 1.3% r 50% 1-h 100% 1-k 0% rate 100Mbit seed 7  Sent 112247452 bytes 92925 pkt (dropped 512, overlimits 0 requeues 0)   backlog 0b 0p requeues 0 
    QDISC cli1: qdisc netem 8582: root refcnt 7 limit 1000 delay 5ms  3ms loss gemodel p 1.3% r 50% 1-h 100% 1-k 0% rate 100Mbit seed 7  Sent 686 bytes 9 pkt (dropped 2, overlimits 0 requeues 0)   backlog 0b 0p requeues 0 
    QDISC srv0: qdisc netem 8583: root refcnt 7 limit 1000 delay 5ms  3ms rate 100Mbit seed 6916857542993005850  Sent 11321370 bytes 66468 pkt (dropped 0, overlimits 0 requeues 0)   backlog 0b 0p requeues 0 
    QDISC srv1: qdisc netem 8584: root refcnt 7 limit 1000 delay 5ms  3ms rate 100Mbit seed 15381971268955150611  Sent 866 bytes 11 pkt (dropped 0, overlimits 0 requeues 0)   backlog 0b 0p requeues 0 
    QCAP: /tmp/rwm-q.txt 18 lines
RUNTIME sc2-B rep=8 12s
LATRESULT {"cell": "sc2", "arm": "B", "seed": 7, "rep": 8, "dnf": false, "dnf_count": 0, "mbps": 88.681, "seconds": 9.021, "n_runs": 1, "occ_p50": 600, "occ_p90": 616, "occcap_p50": 618, "q_p50": 47, "q_p95": 51, "q_p99": 52, "q_n": 33, "diag_lines": 36, "retx": 3554, "gates_cli_3t": 1, "gates_srv_3t": 1, "gates_cli_rs": 1, "gates_srv_rs": 1, "gates_lines_cli": 1, "gates_lines_srv": 1, "active_echo_cli": 1, "tt_eng1": 4, "ping_n": 174, "ping_p50": 59.6, "ping_p95": 63.3, "ping_p99": 64.6, "ping_max": 66.1, "ping_min": 5.99, "ping_tx": null, "ping_rx": null, "ping_loss": null, "wait_tun": 31, "wait_paused": 37, "wait_pace": 0, "wait_gen": 0, "wait_nack": 31, "wait_defc": 0, "wait_tail": 0, "wait_flush": 0, "wait_lines": 33, "dgq_hand": 88801, "dgq_tx": 88801, "dgq_full": 0, "dgq_err": 0, "dgq_gap": 0, "dgq_paths": 1, "tc_bytes": 112248138, "tc_pkts": 92934, "tc_drop": 514, "tc_s": 12}
LIVENESS sc2-B rep=8 cli=[RWM_THREE_TERM=1 RWM_PLAIN_RS=1] srv=[RWM_THREE_TERM=1 RWM_PLAIN_RS=1] active=1 eng1_lines=4 wait_lines=36 dgq_lines=35 ping_replies=174 (expect 3t=1 rs=1)
=== rep=8 arm=sc2-D seed=7 env="RWM_PLAIN_RS=1" cell=c2/c2/single bytes=100000000 15:16:19
[2m2026-08-10T15:16:21.299635Z[0m [32m INFO[0m [2mraptorpath::gates[0m[2m:[0m [GATES] RWM_UNIFIED=1 RWM_UNIFIED_SHED=1 RWM_TAPER_R=1 RWM_ASTAR_ANCHOR=1 RWM_MSTAR_ANCHOR=1 RWM_PLAIN_RS=1 RWM_STORE_SACK_RELEASE=1 RWM_STORE_PATHS=1 RWM_STORE_PATH_POOL=2048 RWM_STORE=unset RWM_STORE_GAIN=2 RWM_STORE_BOOT=128 RWM_STORE_CAPW=0 RWM_STORE_CAP_UNIFIED=0 RWM_THREE_TERM=0 RWM_STORE_PERCAP=0 RWM_PERCAP_GUARD=1 RWM_STORE_BORROW=0 RWM_HONEST_CAP=1 RWM_POOL_ANCHOR=0 RWM_POOL_DELIV=0 RWM_FLOOR_BOUND=0 RWM_ACK_MERGE=1 RWM_PATIENCE_DERIVED=0 RWM_SIDLE_DERIVED=0 RWM_WIN_DECOUPLE=0 RWM_PLACE_SLACK=0 RWM_GEN=384 RWM_PIPELINE=2 RWM_GEN_PIPE=1 RWM_GEN_R=unset RWM_GEN_RATE=9000 RWM_GEN_RATE_FLOOR=2000 RWM_GEN_INFLIGHT=unset RWM_OOO_RETAIN=0/16 RWM_WINDOW=unset RWM_REPORT_GENS=unset RWM_REPAIR_WAIT=unset RWM_CODED_SRC=0 RWM_NO_REACTIVE=0 RWM_XPATH_REPAIR=0 RWM_PROACTIVE_PACER=0 RWM_REASM_BDP=0 RWM_MIN_R=0 RWM_CC_PACE=0 RWM_CC_PACE_HR=1.1 RWM_REACT_CAP=unset RWM_INFL_CAP=0 RWM_INFL_BDP=unset RWM_COPA_FEED=0 RWM_RS_ATTR=1 RWM_EMIT_BATCH=0 RWM_EMIT_BURST=64 RWM_RECOV_MP=1 RWM_RECOV_MP_LAW=1 RWM_RECOV_MP_LIVE=0 RWM_RECOV_SP=0 RWM_DIAG=1 RWM_RDIAG=0 RWM_FDIAG=0 RWM_TRACE=0 RWM_PFRAC=0
{"bytes":100000000,"dnf":0,"hint":"bulk","max_s":9.224,"mean_mbps":86.73,"mean_s":9.224,"median_s":9.224,"min_s":9.224,"proto":"rp-native","runs":1,"stdev_s":0.0,"summary":true}
    LATPROBE: /tmp/rwm-ping.txt 172 replies
    CPU: CPUSRV=6.66s CPUCLI=7.15s (srv=decoder cli=sender; whole-invocation incl warmup)
    QDISC cli0: qdisc netem 8585: root refcnt 7 limit 1000 delay 5ms  3ms loss gemodel p 1.3% r 50% 1-h 100% 1-k 0% rate 100Mbit seed 7  Sent 112492271 bytes 89126 pkt (dropped 404, overlimits 0 requeues 0)   backlog 0b 0p requeues 0 
    QDISC cli1: qdisc netem 8586: root refcnt 7 limit 1000 delay 5ms  3ms loss gemodel p 1.3% r 50% 1-h 100% 1-k 0% rate 100Mbit seed 7  Sent 588 bytes 8 pkt (dropped 2, overlimits 0 requeues 0)   backlog 0b 0p requeues 0 
    QDISC srv0: qdisc netem 8587: root refcnt 7 limit 1000 delay 5ms  3ms rate 100Mbit seed 3312044423304540501  Sent 11321963 bytes 66421 pkt (dropped 0, overlimits 0 requeues 0)   backlog 0b 0p requeues 0 
    QDISC srv1: qdisc netem 8588: root refcnt 7 limit 1000 delay 5ms  3ms rate 100Mbit seed 5889552640392786461  Sent 768 bytes 10 pkt (dropped 0, overlimits 0 requeues 0)   backlog 0b 0p requeues 0 
    QCAP: /tmp/rwm-q.txt 18 lines
RUNTIME sc2-D rep=8 11s
LATRESULT {"cell": "sc2", "arm": "D", "seed": 7, "rep": 8, "dnf": false, "dnf_count": 0, "mbps": 86.73, "seconds": 9.224, "n_runs": 1, "occ_p50": 1004, "occ_p90": 1024, "occcap_p50": 1024, "q_p50": 91, "q_p95": 95, "q_p99": 105, "q_n": 31, "diag_lines": 36, "retx": 3566, "gates_cli_3t": 0, "gates_srv_3t": 0, "gates_cli_rs": 1, "gates_srv_rs": 1, "gates_lines_cli": 1, "gates_lines_srv": 1, "active_echo_cli": 0, "tt_eng1": 0, "ping_n": 172, "ping_p50": 95.6, "ping_p95": 104.0, "ping_p99": 106.0, "ping_max": 107.0, "ping_min": 8.51, "ping_tx": null, "ping_rx": null, "ping_loss": null, "wait_tun": 35, "wait_paused": 27, "wait_pace": 0, "wait_gen": 0, "wait_nack": 39, "wait_defc": 0, "wait_tail": 0, "wait_flush": 0, "wait_lines": 33, "dgq_hand": 87650, "dgq_tx": 87650, "dgq_full": 0, "dgq_err": 0, "dgq_gap": 0, "dgq_paths": 1, "tc_bytes": 112492859, "tc_pkts": 89134, "tc_drop": 406, "tc_s": 11}
LIVENESS sc2-D rep=8 cli=[RWM_THREE_TERM=0 RWM_PLAIN_RS=1] srv=[RWM_THREE_TERM=0 RWM_PLAIN_RS=1] active=0 eng1_lines=0 wait_lines=36 dgq_lines=31 ping_replies=172 (expect 3t=0 rs=1)
=== rep=8 arm=sc3-A seed=7 env="" cell=c3/c3/single bytes=25000000 15:16:30
[2m2026-08-10T15:16:33.561655Z[0m [32m INFO[0m [2mraptorpath::gates[0m[2m:[0m [GATES] RWM_UNIFIED=1 RWM_UNIFIED_SHED=1 RWM_TAPER_R=1 RWM_ASTAR_ANCHOR=1 RWM_MSTAR_ANCHOR=1 RWM_PLAIN_RS=0 RWM_STORE_SACK_RELEASE=1 RWM_STORE_PATHS=1 RWM_STORE_PATH_POOL=2048 RWM_STORE=unset RWM_STORE_GAIN=2 RWM_STORE_BOOT=128 RWM_STORE_CAPW=0 RWM_STORE_CAP_UNIFIED=0 RWM_THREE_TERM=0 RWM_STORE_PERCAP=0 RWM_PERCAP_GUARD=1 RWM_STORE_BORROW=0 RWM_HONEST_CAP=1 RWM_POOL_ANCHOR=0 RWM_POOL_DELIV=0 RWM_FLOOR_BOUND=0 RWM_ACK_MERGE=1 RWM_PATIENCE_DERIVED=0 RWM_SIDLE_DERIVED=0 RWM_WIN_DECOUPLE=0 RWM_PLACE_SLACK=0 RWM_GEN=384 RWM_PIPELINE=2 RWM_GEN_PIPE=1 RWM_GEN_R=unset RWM_GEN_RATE=9000 RWM_GEN_RATE_FLOOR=2000 RWM_GEN_INFLIGHT=unset RWM_OOO_RETAIN=0/16 RWM_WINDOW=unset RWM_REPORT_GENS=unset RWM_REPAIR_WAIT=unset RWM_CODED_SRC=0 RWM_NO_REACTIVE=0 RWM_XPATH_REPAIR=0 RWM_PROACTIVE_PACER=0 RWM_REASM_BDP=0 RWM_MIN_R=0 RWM_CC_PACE=0 RWM_CC_PACE_HR=1.1 RWM_REACT_CAP=unset RWM_INFL_CAP=0 RWM_INFL_BDP=unset RWM_COPA_FEED=0 RWM_RS_ATTR=1 RWM_EMIT_BATCH=0 RWM_EMIT_BURST=64 RWM_RECOV_MP=1 RWM_RECOV_MP_LAW=1 RWM_RECOV_MP_LIVE=0 RWM_RECOV_SP=0 RWM_DIAG=1 RWM_RDIAG=0 RWM_FDIAG=0 RWM_TRACE=0 RWM_PFRAC=0
{"bytes":25000000,"dnf":0,"hint":"bulk","max_s":11.9905,"mean_mbps":16.68,"mean_s":11.9905,"median_s":11.9905,"min_s":11.9905,"proto":"rp-native","runs":1,"stdev_s":0.0,"summary":true}
    LATPROBE: /tmp/rwm-ping.txt 223 replies
    CPU: CPUSRV=2.13s CPUCLI=2.37s (srv=decoder cli=sender; whole-invocation incl warmup)
    QDISC cli0: qdisc netem 8589: root refcnt 7 limit 1000 delay 20ms  5ms loss gemodel p 2% r 40% 1-h 100% 1-k 0% rate 20Mbit seed 7  Sent 29441145 bytes 24856 pkt (dropped 376, overlimits 0 requeues 0)   backlog 0b 0p requeues 0 
    QDISC cli1: qdisc netem 858a: root refcnt 7 limit 1000 delay 20ms  5ms loss gemodel p 2% r 40% 1-h 100% 1-k 0% rate 20Mbit seed 7  Sent 756 bytes 10 pkt (dropped 2, overlimits 0 requeues 0)   backlog 0b 0p requeues 0 
    QDISC srv0: qdisc netem 858b: root refcnt 7 limit 1000 delay 20ms  5ms rate 20Mbit seed 8041014352852874197  Sent 3433610 bytes 19838 pkt (dropped 0, overlimits 0 requeues 0)   backlog 2740b 4p requeues 0 
    QDISC srv1: qdisc netem 858c: root refcnt 7 limit 1000 delay 20ms  5ms rate 20Mbit seed 9018020839952262127  Sent 936 bytes 12 pkt (dropped 0, overlimits 0 requeues 0)   backlog 0b 0p requeues 0 
    QCAP: /tmp/rwm-q.txt 18 lines
RUNTIME sc3-A rep=8 15s
LATRESULT {"cell": "sc3", "arm": "A", "seed": 7, "rep": 8, "dnf": false, "dnf_count": 0, "mbps": 16.68, "seconds": 11.991, "n_runs": 1, "occ_p50": 1024, "occ_p90": 1024, "occcap_p50": 1024, "q_p50": 472, "q_p95": 611, "q_p99": 666, "q_n": 44, "diag_lines": 48, "retx": 2340, "gates_cli_3t": 0, "gates_srv_3t": 0, "gates_cli_rs": 0, "gates_srv_rs": 0, "gates_lines_cli": 1, "gates_lines_srv": 1, "active_echo_cli": 0, "tt_eng1": 0, "ping_n": 223, "ping_p50": 490.0, "ping_p95": 532.0, "ping_p99": 539.0, "ping_max": 543.0, "ping_min": 36.6, "ping_tx": null, "ping_rx": null, "ping_loss": null, "wait_tun": 7, "wait_paused": 74, "wait_pace": 0, "wait_gen": 0, "wait_nack": 17, "wait_defc": 0, "wait_tail": 1, "wait_flush": 0, "wait_lines": 45, "dgq_hand": 23771, "dgq_tx": 23771, "dgq_full": 0, "dgq_err": 0, "dgq_gap": 0, "dgq_paths": 1, "tc_bytes": 29441901, "tc_pkts": 24866, "tc_drop": 378, "tc_s": 15}
LIVENESS sc3-A rep=8 cli=[RWM_THREE_TERM=0 RWM_PLAIN_RS=0] srv=[RWM_THREE_TERM=0 RWM_PLAIN_RS=0] active=0 eng1_lines=0 wait_lines=48 dgq_lines=44 ping_replies=223 (expect 3t=0 rs=0)
=== rep=8 arm=sc3-B seed=7 env="RWM_THREE_TERM=1 RWM_PLAIN_RS=1" cell=c3/c3/single bytes=25000000 15:16:45
RUNTIME sc3-B rep=8 3s
LATRESULT {"cell": "sc3", "arm": "B", "seed": 7, "rep": 8, "dnf": true, "dnf_count": null, "mbps": null, "seconds": null, "n_runs": 0, "occ_p50": null, "occ_p90": null, "occcap_p50": null, "q_p50": null, "q_p95": null, "q_p99": null, "q_n": 0, "diag_lines": 0, "retx": 0, "gates_cli_3t": null, "gates_srv_3t": null, "gates_cli_rs": null, "gates_srv_rs": null, "gates_lines_cli": 0, "gates_lines_srv": 0, "active_echo_cli": 0, "tt_eng1": 0, "ping_n": 223, "ping_p50": 490.0, "ping_p95": 532.0, "ping_p99": 539.0, "ping_max": 543.0, "ping_min": 36.6, "ping_tx": null, "ping_rx": null, "ping_loss": null, "wait_tun": null, "wait_paused": null, "wait_pace": null, "wait_gen": null, "wait_nack": null, "wait_defc": null, "wait_tail": null, "wait_flush": null, "wait_lines": 0, "dgq_hand": null, "dgq_tx": null, "dgq_full": null, "dgq_err": null, "dgq_gap": null, "dgq_paths": null, "tc_bytes": null, "tc_pkts": null, "tc_drop": null, "tc_s": null}
LIVENESS sc3-B rep=8 cli=[ ] srv=[ ] active= eng1_lines=0 wait_lines= dgq_lines= ping_replies=223 (expect 3t=1 rs=1)
ARM-LIVENESS-FAIL-GATE-CLI sc3-B rep=8 got=''
ARM-LIVENESS-FAIL-GATE-SRV sc3-B rep=8 got=''
ARM-LIVENESS-FAIL-RS-CLI sc3-B rep=8 got=''
ARM-LIVENESS-FAIL-RS-SRV sc3-B rep=8 got=''
ARM-LIVENESS-FAIL-3T sc3-B rep=8 (VOID: no eng=1)
QCAP-MISSING sc3-B rep=8
=== rep=8 arm=sc3-D seed=7 env="RWM_PLAIN_RS=1" cell=c3/c3/single bytes=25000000 15:16:48
[2m2026-08-10T15:16:50.747958Z[0m [32m INFO[0m [2mraptorpath::gates[0m[2m:[0m [GATES] RWM_UNIFIED=1 RWM_UNIFIED_SHED=1 RWM_TAPER_R=1 RWM_ASTAR_ANCHOR=1 RWM_MSTAR_ANCHOR=1 RWM_PLAIN_RS=1 RWM_STORE_SACK_RELEASE=1 RWM_STORE_PATHS=1 RWM_STORE_PATH_POOL=2048 RWM_STORE=unset RWM_STORE_GAIN=2 RWM_STORE_BOOT=128 RWM_STORE_CAPW=0 RWM_STORE_CAP_UNIFIED=0 RWM_THREE_TERM=0 RWM_STORE_PERCAP=0 RWM_PERCAP_GUARD=1 RWM_STORE_BORROW=0 RWM_HONEST_CAP=1 RWM_POOL_ANCHOR=0 RWM_POOL_DELIV=0 RWM_FLOOR_BOUND=0 RWM_ACK_MERGE=1 RWM_PATIENCE_DERIVED=0 RWM_SIDLE_DERIVED=0 RWM_WIN_DECOUPLE=0 RWM_PLACE_SLACK=0 RWM_GEN=384 RWM_PIPELINE=2 RWM_GEN_PIPE=1 RWM_GEN_R=unset RWM_GEN_RATE=9000 RWM_GEN_RATE_FLOOR=2000 RWM_GEN_INFLIGHT=unset RWM_OOO_RETAIN=0/16 RWM_WINDOW=unset RWM_REPORT_GENS=unset RWM_REPAIR_WAIT=unset RWM_CODED_SRC=0 RWM_NO_REACTIVE=0 RWM_XPATH_REPAIR=0 RWM_PROACTIVE_PACER=0 RWM_REASM_BDP=0 RWM_MIN_R=0 RWM_CC_PACE=0 RWM_CC_PACE_HR=1.1 RWM_REACT_CAP=unset RWM_INFL_CAP=0 RWM_INFL_BDP=unset RWM_COPA_FEED=0 RWM_RS_ATTR=1 RWM_EMIT_BATCH=0 RWM_EMIT_BURST=64 RWM_RECOV_MP=1 RWM_RECOV_MP_LAW=1 RWM_RECOV_MP_LIVE=0 RWM_RECOV_SP=0 RWM_DIAG=1 RWM_RDIAG=0 RWM_FDIAG=0 RWM_TRACE=0 RWM_PFRAC=0
{"bytes":25000000,"dnf":0,"hint":"bulk","max_s":12.2048,"mean_mbps":16.387,"mean_s":12.2048,"median_s":12.2048,"min_s":12.2048,"proto":"rp-native","runs":1,"stdev_s":0.0,"summary":true}
    LATPROBE: /tmp/rwm-ping.txt 229 replies
    CPU: CPUSRV=2.29s CPUCLI=2.50s (srv=decoder cli=sender; whole-invocation incl warmup)
    QDISC cli0: qdisc netem 8591: root refcnt 7 limit 1000 delay 20ms  5ms loss gemodel p 2% r 40% 1-h 100% 1-k 0% rate 20Mbit seed 7  Sent 29826591 bytes 27514 pkt (dropped 468, overlimits 0 requeues 0)   backlog 281b 3p requeues 0 
    QDISC cli1: qdisc netem 8592: root refcnt 7 limit 1000 delay 20ms  5ms loss gemodel p 2% r 40% 1-h 100% 1-k 0% rate 20Mbit seed 7  Sent 662 bytes 9 pkt (dropped 2, overlimits 0 requeues 0)   backlog 0b 0p requeues 0 
    QDISC srv0: qdisc netem 8593: root refcnt 7 limit 1000 delay 20ms  5ms rate 20Mbit seed 895518007776589980  Sent 3344643 bytes 19879 pkt (dropped 0, overlimits 0 requeues 0)   backlog 0b 0p requeues 0 
    QDISC srv1: qdisc netem 8594: root refcnt 7 limit 1000 delay 20ms  5ms rate 20Mbit seed 6230864348525557751  Sent 838 bytes 11 pkt (dropped 0, overlimits 0 requeues 0)   backlog 0b 0p requeues 0 
    QCAP: /tmp/rwm-q.txt 18 lines
RUNTIME sc3-D rep=8 15s
LATRESULT {"cell": "sc3", "arm": "D", "seed": 7, "rep": 8, "dnf": false, "dnf_count": 0, "mbps": 16.387, "seconds": 12.205, "n_runs": 1, "occ_p50": 438, "occ_p90": 765, "occcap_p50": 439, "q_p50": 184, "q_p95": 441, "q_p99": 558, "q_n": 42, "diag_lines": 48, "retx": 2423, "gates_cli_3t": 0, "gates_srv_3t": 0, "gates_cli_rs": 1, "gates_srv_rs": 1, "gates_lines_cli": 1, "gates_lines_srv": 1, "active_echo_cli": 0, "tt_eng1": 0, "ping_n": 229, "ping_p50": 221.0, "ping_p95": 547.0, "ping_p99": 722.0, "ping_max": 745.0, "ping_min": 39.6, "ping_tx": null, "ping_rx": null, "ping_loss": null, "wait_tun": 6, "wait_paused": 76, "wait_pace": 0, "wait_gen": 0, "wait_nack": 16, "wait_defc": 0, "wait_tail": 1, "wait_flush": 0, "wait_lines": 45, "dgq_hand": 23878, "dgq_tx": 23867, "dgq_full": 0, "dgq_err": 0, "dgq_gap": 11, "dgq_paths": 1, "tc_bytes": 29827534, "tc_pkts": 27526, "tc_drop": 470, "tc_s": 15}
LIVENESS sc3-D rep=8 cli=[RWM_THREE_TERM=0 RWM_PLAIN_RS=1] srv=[RWM_THREE_TERM=0 RWM_PLAIN_RS=1] active=0 eng1_lines=0 wait_lines=48 dgq_lines=42 ping_replies=229 (expect 3t=0 rs=1)
=== rep=8 arm=c7-A seed=7 env="" cell=c2/c2/dual bytes=200000000 15:17:03
[2m2026-08-10T15:17:07.176276Z[0m [32m INFO[0m [2mraptorpath::gates[0m[2m:[0m [GATES] RWM_UNIFIED=1 RWM_UNIFIED_SHED=1 RWM_TAPER_R=1 RWM_ASTAR_ANCHOR=1 RWM_MSTAR_ANCHOR=1 RWM_PLAIN_RS=0 RWM_STORE_SACK_RELEASE=1 RWM_STORE_PATHS=1 RWM_STORE_PATH_POOL=2048 RWM_STORE=unset RWM_STORE_GAIN=2 RWM_STORE_BOOT=128 RWM_STORE_CAPW=0 RWM_STORE_CAP_UNIFIED=0 RWM_THREE_TERM=0 RWM_STORE_PERCAP=0 RWM_PERCAP_GUARD=1 RWM_STORE_BORROW=0 RWM_HONEST_CAP=1 RWM_POOL_ANCHOR=0 RWM_POOL_DELIV=0 RWM_FLOOR_BOUND=0 RWM_ACK_MERGE=1 RWM_PATIENCE_DERIVED=0 RWM_SIDLE_DERIVED=0 RWM_WIN_DECOUPLE=0 RWM_PLACE_SLACK=0 RWM_GEN=384 RWM_PIPELINE=2 RWM_GEN_PIPE=1 RWM_GEN_R=unset RWM_GEN_RATE=9000 RWM_GEN_RATE_FLOOR=2000 RWM_GEN_INFLIGHT=unset RWM_OOO_RETAIN=0/16 RWM_WINDOW=unset RWM_REPORT_GENS=unset RWM_REPAIR_WAIT=unset RWM_CODED_SRC=0 RWM_NO_REACTIVE=0 RWM_XPATH_REPAIR=0 RWM_PROACTIVE_PACER=0 RWM_REASM_BDP=0 RWM_MIN_R=0 RWM_CC_PACE=0 RWM_CC_PACE_HR=1.1 RWM_REACT_CAP=unset RWM_INFL_CAP=0 RWM_INFL_BDP=unset RWM_COPA_FEED=0 RWM_RS_ATTR=1 RWM_EMIT_BATCH=0 RWM_EMIT_BURST=64 RWM_RECOV_MP=1 RWM_RECOV_MP_LAW=1 RWM_RECOV_MP_LIVE=0 RWM_RECOV_SP=0 RWM_DIAG=1 RWM_RDIAG=0 RWM_FDIAG=0 RWM_TRACE=0 RWM_PFRAC=0
{"bytes":200000000,"dnf":0,"hint":"bulk","max_s":9.1803,"mean_mbps":174.286,"mean_s":9.1803,"median_s":9.1803,"min_s":9.1803,"proto":"rp-native","runs":1,"stdev_s":0.0,"summary":true}
    LATPROBE: /tmp/rwm-ping.txt 179 replies
    CPU: CPUSRV=12.32s CPUCLI=13.73s (srv=decoder cli=sender; whole-invocation incl warmup)
    QDISC cli0: qdisc netem 8595: root refcnt 7 limit 1000 delay 5ms  3ms loss gemodel p 1.3% r 50% 1-h 100% 1-k 0% rate 100Mbit seed 7  Sent 111520487 bytes 90005 pkt (dropped 490, overlimits 0 requeues 0)   backlog 0b 0p requeues 0 
    QDISC cli1: qdisc netem 8596: root refcnt 7 limit 1000 delay 5ms  3ms loss gemodel p 1.3% r 50% 1-h 100% 1-k 0% rate 100Mbit seed 7  Sent 110414043 bytes 89014 pkt (dropped 492, overlimits 0 requeues 0)   backlog 0b 0p requeues 0 
    QDISC srv0: qdisc netem 8597: root refcnt 7 limit 1000 delay 5ms  3ms rate 100Mbit seed 6075889166926408918  Sent 12285254 bytes 58668 pkt (dropped 0, overlimits 0 requeues 0)   backlog 0b 0p requeues 0 
    QDISC srv1: qdisc netem 8598: root refcnt 7 limit 1000 delay 5ms  3ms rate 100Mbit seed 10671411475671943540  Sent 12084669 bytes 58592 pkt (dropped 0, overlimits 0 requeues 0)   backlog 0b 0p requeues 0 
    QCAP: /tmp/rwm-q.txt 18 lines
RUNTIME c7-A rep=8 13s
LATRESULT {"cell": "c7", "arm": "A", "seed": 7, "rep": 8, "dnf": false, "dnf_count": 0, "mbps": 174.286, "seconds": 9.18, "n_runs": 1, "occ_p50": 1143, "occ_p90": 1887, "occcap_p50": 4096, "q_p50": 72, "q_p95": 153, "q_p99": 179, "q_n": 66, "diag_lines": 36, "retx": 4415, "gates_cli_3t": 0, "gates_srv_3t": 0, "gates_cli_rs": 0, "gates_srv_rs": 0, "gates_lines_cli": 1, "gates_lines_srv": 1, "active_echo_cli": 0, "tt_eng1": 0, "ping_n": 179, "ping_p50": 66.8, "ping_p95": 128.0, "ping_p99": 161.0, "ping_max": 164.0, "ping_min": 8.58, "ping_tx": null, "ping_rx": null, "ping_loss": null, "wait_tun": 98, "wait_paused": 0, "wait_pace": 0, "wait_gen": 0, "wait_nack": 2, "wait_defc": 0, "wait_tail": 0, "wait_flush": 0, "wait_lines": 33, "dgq_hand": 174069, "dgq_tx": 174021, "dgq_full": 0, "dgq_err": 0, "dgq_gap": 48, "dgq_paths": 2, "tc_bytes": 221934530, "tc_pkts": 179019, "tc_drop": 982, "tc_s": 13}
LIVENESS c7-A rep=8 cli=[RWM_THREE_TERM=0 RWM_PLAIN_RS=0] srv=[RWM_THREE_TERM=0 RWM_PLAIN_RS=0] active=0 eng1_lines=0 wait_lines=36 dgq_lines=36 ping_replies=179 (expect 3t=0 rs=0)
=== rep=8 arm=c7-B seed=7 env="RWM_THREE_TERM=1 RWM_PLAIN_RS=1" cell=c2/c2/dual bytes=200000000 15:17:16
[2m2026-08-10T15:17:20.494908Z[0m [32m INFO[0m [2mraptorpath::gates[0m[2m:[0m [GATES] RWM_UNIFIED=1 RWM_UNIFIED_SHED=1 RWM_TAPER_R=1 RWM_ASTAR_ANCHOR=1 RWM_MSTAR_ANCHOR=1 RWM_PLAIN_RS=1 RWM_STORE_SACK_RELEASE=1 RWM_STORE_PATHS=1 RWM_STORE_PATH_POOL=2048 RWM_STORE=unset RWM_STORE_GAIN=2 RWM_STORE_BOOT=128 RWM_STORE_CAPW=0 RWM_STORE_CAP_UNIFIED=0 RWM_THREE_TERM=1 RWM_STORE_PERCAP=0 RWM_PERCAP_GUARD=1 RWM_STORE_BORROW=0 RWM_HONEST_CAP=1 RWM_POOL_ANCHOR=0 RWM_POOL_DELIV=0 RWM_FLOOR_BOUND=0 RWM_ACK_MERGE=1 RWM_PATIENCE_DERIVED=0 RWM_SIDLE_DERIVED=0 RWM_WIN_DECOUPLE=0 RWM_PLACE_SLACK=0 RWM_GEN=384 RWM_PIPELINE=2 RWM_GEN_PIPE=1 RWM_GEN_R=unset RWM_GEN_RATE=9000 RWM_GEN_RATE_FLOOR=2000 RWM_GEN_INFLIGHT=unset RWM_OOO_RETAIN=0/16 RWM_WINDOW=unset RWM_REPORT_GENS=unset RWM_REPAIR_WAIT=unset RWM_CODED_SRC=0 RWM_NO_REACTIVE=0 RWM_XPATH_REPAIR=0 RWM_PROACTIVE_PACER=0 RWM_REASM_BDP=0 RWM_MIN_R=0 RWM_CC_PACE=0 RWM_CC_PACE_HR=1.1 RWM_REACT_CAP=unset RWM_INFL_CAP=0 RWM_INFL_BDP=unset RWM_COPA_FEED=0 RWM_RS_ATTR=1 RWM_EMIT_BATCH=0 RWM_EMIT_BURST=64 RWM_RECOV_MP=1 RWM_RECOV_MP_LAW=1 RWM_RECOV_MP_LIVE=0 RWM_RECOV_SP=0 RWM_DIAG=1 RWM_RDIAG=0 RWM_FDIAG=0 RWM_TRACE=0 RWM_PFRAC=0
{"bytes":200000000,"dnf":0,"hint":"bulk","max_s":14.9114,"mean_mbps":107.3,"mean_s":14.9114,"median_s":14.9114,"min_s":14.9114,"proto":"rp-native","runs":1,"stdev_s":0.0,"summary":true}
    LATPROBE: /tmp/rwm-ping.txt 284 replies
    CPU: CPUSRV=12.87s CPUCLI=14.31s (srv=decoder cli=sender; whole-invocation incl warmup)
    QDISC cli0: qdisc netem 8599: root refcnt 7 limit 1000 delay 5ms  3ms loss gemodel p 1.3% r 50% 1-h 100% 1-k 0% rate 100Mbit seed 7  Sent 45276761 bytes 37009 pkt (dropped 249, overlimits 0 requeues 0)   backlog 0b 0p requeues 0 
    QDISC cli1: qdisc netem 859a: root refcnt 7 limit 1000 delay 5ms  3ms loss gemodel p 1.3% r 50% 1-h 100% 1-k 0% rate 100Mbit seed 7  Sent 181922678 bytes 150711 pkt (dropped 858, overlimits 0 requeues 0)   backlog 0b 0p requeues 0 
    QDISC srv0: qdisc netem 859b: root refcnt 7 limit 1000 delay 5ms  3ms rate 100Mbit seed 3886177908133854821  Sent 4981967 bytes 24795 pkt (dropped 0, overlimits 0 requeues 0)   backlog 0b 0p requeues 0 
    QDISC srv1: qdisc netem 859c: root refcnt 7 limit 1000 delay 5ms  3ms rate 100Mbit seed 18898662862311000  Sent 21033940 bytes 105837 pkt (dropped 0, overlimits 0 requeues 0)   backlog 0b 0p requeues 0 
    QCAP: /tmp/rwm-q.txt 18 lines
RUNTIME c7-B rep=8 19s
LATRESULT {"cell": "c7", "arm": "B", "seed": 7, "rep": 8, "dnf": false, "dnf_count": 0, "mbps": 107.3, "seconds": 14.911, "n_runs": 1, "occ_p50": 524, "occ_p90": 1016, "occcap_p50": 538, "q_p50": 38, "q_p95": 73, "q_p99": 131, "q_n": 108, "diag_lines": 59, "retx": 6830, "gates_cli_3t": 1, "gates_srv_3t": 1, "gates_cli_rs": 1, "gates_srv_rs": 1, "gates_lines_cli": 1, "gates_lines_srv": 1, "active_echo_cli": 1, "tt_eng1": 7, "ping_n": 284, "ping_p50": 11.4, "ping_p95": 50.6, "ping_p99": 71.5, "ping_max": 84.4, "ping_min": 4.89, "ping_tx": null, "ping_rx": null, "ping_loss": null, "wait_tun": 25, "wait_paused": 44, "wait_pace": 0, "wait_gen": 0, "wait_nack": 21, "wait_defc": 0, "wait_tail": 0, "wait_flush": 0, "wait_lines": 56, "dgq_hand": 176185, "dgq_tx": 176181, "dgq_full": 0, "dgq_err": 0, "dgq_gap": 4, "dgq_paths": 2, "tc_bytes": 227199439, "tc_pkts": 187720, "tc_drop": 1107, "tc_s": 19}
LIVENESS c7-B rep=8 cli=[RWM_THREE_TERM=1 RWM_PLAIN_RS=1] srv=[RWM_THREE_TERM=1 RWM_PLAIN_RS=1] active=1 eng1_lines=7 wait_lines=59 dgq_lines=56 ping_replies=284 (expect 3t=1 rs=1)
=== rep=8 arm=c7-D seed=7 env="RWM_PLAIN_RS=1" cell=c2/c2/dual bytes=200000000 15:17:35
[2m2026-08-10T15:17:37.756601Z[0m [32m INFO[0m [2mraptorpath::gates[0m[2m:[0m [GATES] RWM_UNIFIED=1 RWM_UNIFIED_SHED=1 RWM_TAPER_R=1 RWM_ASTAR_ANCHOR=1 RWM_MSTAR_ANCHOR=1 RWM_PLAIN_RS=1 RWM_STORE_SACK_RELEASE=1 RWM_STORE_PATHS=1 RWM_STORE_PATH_POOL=2048 RWM_STORE=unset RWM_STORE_GAIN=2 RWM_STORE_BOOT=128 RWM_STORE_CAPW=0 RWM_STORE_CAP_UNIFIED=0 RWM_THREE_TERM=0 RWM_STORE_PERCAP=0 RWM_PERCAP_GUARD=1 RWM_STORE_BORROW=0 RWM_HONEST_CAP=1 RWM_POOL_ANCHOR=0 RWM_POOL_DELIV=0 RWM_FLOOR_BOUND=0 RWM_ACK_MERGE=1 RWM_PATIENCE_DERIVED=0 RWM_SIDLE_DERIVED=0 RWM_WIN_DECOUPLE=0 RWM_PLACE_SLACK=0 RWM_GEN=384 RWM_PIPELINE=2 RWM_GEN_PIPE=1 RWM_GEN_R=unset RWM_GEN_RATE=9000 RWM_GEN_RATE_FLOOR=2000 RWM_GEN_INFLIGHT=unset RWM_OOO_RETAIN=0/16 RWM_WINDOW=unset RWM_REPORT_GENS=unset RWM_REPAIR_WAIT=unset RWM_CODED_SRC=0 RWM_NO_REACTIVE=0 RWM_XPATH_REPAIR=0 RWM_PROACTIVE_PACER=0 RWM_REASM_BDP=0 RWM_MIN_R=0 RWM_CC_PACE=0 RWM_CC_PACE_HR=1.1 RWM_REACT_CAP=unset RWM_INFL_CAP=0 RWM_INFL_BDP=unset RWM_COPA_FEED=0 RWM_RS_ATTR=1 RWM_EMIT_BATCH=0 RWM_EMIT_BURST=64 RWM_RECOV_MP=1 RWM_RECOV_MP_LAW=1 RWM_RECOV_MP_LIVE=0 RWM_RECOV_SP=0 RWM_DIAG=1 RWM_RDIAG=0 RWM_FDIAG=0 RWM_TRACE=0 RWM_PFRAC=0
{"bytes":200000000,"dnf":0,"hint":"bulk","max_s":10.5003,"mean_mbps":152.377,"mean_s":10.5003,"median_s":10.5003,"min_s":10.5003,"proto":"rp-native","runs":1,"stdev_s":0.0,"summary":true}
    LATPROBE: /tmp/rwm-ping.txt 206 replies
    CPU: CPUSRV=13.19s CPUCLI=16.06s (srv=decoder cli=sender; whole-invocation incl warmup)
    QDISC cli0: qdisc netem 859d: root refcnt 7 limit 1000 delay 5ms  3ms loss gemodel p 1.3% r 50% 1-h 100% 1-k 0% rate 100Mbit seed 7  Sent 112648401 bytes 92659 pkt (dropped 653, overlimits 0 requeues 0)   backlog 0b 0p requeues 0 
    QDISC cli1: qdisc netem 859e: root refcnt 7 limit 1000 delay 5ms  3ms loss gemodel p 1.3% r 50% 1-h 100% 1-k 0% rate 100Mbit seed 7  Sent 113896762 bytes 93168 pkt (dropped 637, overlimits 0 requeues 0)   backlog 0b 0p requeues 0 
    QDISC srv0: qdisc netem 859f: root refcnt 7 limit 1000 delay 5ms  3ms rate 100Mbit seed 8395597484883331189  Sent 14646644 bytes 64302 pkt (dropped 0, overlimits 0 requeues 0)   backlog 0b 0p requeues 0 
    QDISC srv1: qdisc netem 85a0: root refcnt 7 limit 1000 delay 5ms  3ms rate 100Mbit seed 297014097430767359  Sent 15286042 bytes 65288 pkt (dropped 0, overlimits 0 requeues 0)   backlog 0b 0p requeues 0 
    QCAP: /tmp/rwm-q.txt 18 lines
RUNTIME c7-D rep=8 13s
LATRESULT {"cell": "c7", "arm": "D", "seed": 7, "rep": 8, "dnf": false, "dnf_count": 0, "mbps": 152.377, "seconds": 10.5, "n_runs": 1, "occ_p50": 393, "occ_p90": 654, "occcap_p50": 4018, "q_p50": 14, "q_p95": 32, "q_p99": 36, "q_n": 70, "diag_lines": 41, "retx": 6808, "gates_cli_3t": 0, "gates_srv_3t": 0, "gates_cli_rs": 1, "gates_srv_rs": 1, "gates_lines_cli": 1, "gates_lines_srv": 1, "active_echo_cli": 0, "tt_eng1": 0, "ping_n": 206, "ping_p50": 21.6, "ping_p95": 40.0, "ping_p99": 51.3, "ping_max": 55.6, "ping_min": 9.19, "ping_tx": null, "ping_rx": null, "ping_loss": null, "wait_tun": 97, "wait_paused": 0, "wait_pace": 0, "wait_gen": 0, "wait_nack": 3, "wait_defc": 0, "wait_tail": 0, "wait_flush": 0, "wait_lines": 38, "dgq_hand": 175158, "dgq_tx": 175148, "dgq_full": 0, "dgq_err": 0, "dgq_gap": 10, "dgq_paths": 2, "tc_bytes": 226545163, "tc_pkts": 185827, "tc_drop": 1290, "tc_s": 13}
LIVENESS c7-D rep=8 cli=[RWM_THREE_TERM=0 RWM_PLAIN_RS=1] srv=[RWM_THREE_TERM=0 RWM_PLAIN_RS=1] active=0 eng1_lines=0 wait_lines=41 dgq_lines=38 ping_replies=206 (expect 3t=0 rs=1)
=== ARMCOUNTS 2026-08-10T15:17:48Z
ARMCOUNT sc2-A n=8/8
ARMCOUNT sc2-B n=8/8
ARMCOUNT sc2-D n=8/8
ARMCOUNT sc3-A n=8/8
ARMCOUNT sc3-B n=8/8
ARMCOUNT sc3-D n=8/8
ARMCOUNT c7-A n=8/8
ARMCOUNT c7-B n=8/8
ARMCOUNT c7-D n=8/8
LAT-BATTERY-DONE seed=7 2026-08-10T15:17:48Z
