=== MODE-HUNT BATTERY seed=7 reps=12 pinreps=4 cells='c8 c8L' arms='A AU AUR' 2026-08-12T04:58:08Z
=== CONTRACT goal-gate "Mode-Hunt Battery — VM PRE-REGISTRATION" (commit b8fd6d9)
=== BASELINE AU (the arm that CARRIES the mode, 8/11 = 0.727 in the predecessor) — NOT the shipped default
=== ARMS-DROPPED AUP (pooled ceiling + unified set): NOT gate-expressible, dropped before contact — see the pre-registration
=== STATISTIC deadwall = (wait_tun == 0 AND wait_paused == 0), per rep
=== binary sha256 8b2337cce580c200fef09d054665d8bf6a1837092b0ec4297ea7658b183168b0
=== source 5d089d0 feat/mode-hunt-battery (mode-hunt battery: the driver)
=== kernel 7.0.14-101.fc43.x86_64
=== uptime/load  06:58:08 up 1 day, 15:17,  7 users,  load average: 1.51, 1.33, 1.14
=== co-tenant 0
0 kwin_x11 / 1 sddm (desktop session, recorded per era honesty)
Model name:                              Intel(R) Xeon(R) CPU E5-2650 v3 @ 2.30GHz
aes avx2 pclmulqdq 
=== rep=1 arm=c8-A seed=7 env="" cell=c2/c3/dual bytes=25000000 04:58:08
[2m2026-08-12T04:58:11.939183Z[0m [32m INFO[0m [2mraptorpath::gates[0m[2m:[0m [GATES] RWM_UNIFIED=1 RWM_UNIFIED_SHED=1 RWM_TAPER_R=1 RWM_ASTAR_ANCHOR=1 RWM_MSTAR_ANCHOR=1 RWM_PLAIN_RS=0 RWM_HONEST_ANCHOR=1 RWM_HONEST_K=0 RWM_STORE_SACK_RELEASE=1 RWM_STORE_PATHS=1 RWM_STORE_PATH_POOL=2048 RWM_STORE=unset RWM_STORE_GAIN=2 RWM_STORE_BOOT=128 RWM_STORE_CAPW=0 RWM_STORE_CAP_UNIFIED=0 RWM_THREE_TERM=0 RWM_STORE_PERCAP=0 RWM_PERCAP_GUARD=1 RWM_STORE_BORROW=0 RWM_HONEST_CAP=1 RWM_POOL_ANCHOR=0 RWM_POOL_DELIV=0 RWM_FLOOR_BOUND=0 RWM_ACK_MERGE=1 RWM_PATIENCE_DERIVED=0 RWM_SIDLE_DERIVED=0 RWM_WIN_DECOUPLE=0 RWM_PLACE_SLACK=0 RWM_GEN=384 RWM_PIPELINE=2 RWM_GEN_PIPE=1 RWM_GEN_R=unset RWM_GEN_RATE=9000 RWM_GEN_RATE_FLOOR=2000 RWM_GEN_INFLIGHT=unset RWM_OOO_RETAIN=0/16 RWM_WINDOW=unset RWM_REPORT_GENS=unset RWM_REPAIR_WAIT=unset RWM_CODED_SRC=0 RWM_NO_REACTIVE=0 RWM_XPATH_REPAIR=0 RWM_PROACTIVE_PACER=0 RWM_REASM_BDP=0 RWM_MIN_R=0 RWM_CC_PACE=0 RWM_CC_PACE_HR=1.1 RWM_REACT_CAP=unset RWM_INFL_CAP=0 RWM_INFL_BDP=unset RWM_COPA_FEED=0 RWM_RS_ATTR=1 RWM_EMIT_BATCH=0 RWM_EMIT_BURST=64 RWM_RECOV_MP=1 RWM_RECOV_MP_LAW=1 RWM_RECOV_MP_LIVE=0 RWM_RECOV_SP=0 RWM_DERIVED_SWEEP=0 RWM_DIAG=1 RWM_ACKDIAG=1 RWM_RDIAG=0 RWM_FDIAG=0 RWM_TRACE=0 RWM_PFRAC=0
{"bytes":25000000,"dnf":0,"hint":"bulk","max_s":2.1208,"mean_mbps":94.304,"mean_s":2.1208,"median_s":2.1208,"min_s":2.1208,"proto":"rp-native","runs":1,"stdev_s":0.0,"summary":true}
    LATPROBE: /tmp/rwm-ping.txt 42 replies
    CPU: CPUSRV=2.11s CPUCLI=2.15s (srv=decoder cli=sender; whole-invocation incl warmup)
    QDISC cli0: qdisc netem a1f3: root refcnt 7 limit 1000 delay 5ms  3ms loss gemodel p 1.3% r 50% 1-h 100% 1-k 0% rate 100Mbit seed 7  Sent 24420721 bytes 19138 pkt (dropped 99, overlimits 0 requeues 0)   backlog 0b 0p requeues 0 
    QDISC cli1: qdisc netem a1f4: root refcnt 7 limit 1000 delay 20ms  5ms loss gemodel p 2% r 40% 1-h 100% 1-k 0% rate 20Mbit seed 7  Sent 4603154 bytes 4163 pkt (dropped 95, overlimits 0 requeues 0)   backlog 307b 3p requeues 0 
    QDISC srv0: qdisc netem a1f5: root refcnt 7 limit 1000 delay 5ms  3ms rate 100Mbit seed 5607424634939573410  Sent 2647684 bytes 15027 pkt (dropped 0, overlimits 0 requeues 0)   backlog 144b 2p requeues 0 
    QDISC srv1: qdisc netem a1f6: root refcnt 7 limit 1000 delay 20ms  5ms rate 20Mbit seed 4539784500046069653  Sent 651972 bytes 3739 pkt (dropped 0, overlimits 0 requeues 0)   backlog 0b 0p requeues 0 
    QCAP: /tmp/rwm-q.txt 18 lines
RUNTIME c8-A rep=1 6s
DEADWALLRESULT {"cell": "c8", "arm": "A", "seed": 7, "rep": 1, "dnf": false, "dnf_count": 0, "mbps": 94.304, "seconds": 2.121, "n_runs": 1, "cpusrv": 2.11, "cpucli": 2.15, "khr_med": 1.0, "kraw_med": null, "khr_n": 9, "kraw_n": 0, "rtp_med": 39, "occ_p50": 3551, "occcap_p50": 4096, "q_p50": 339, "q_p99": 490, "diag_lines": 8, "retx": 1167, "gates_cli_ds": 0, "gates_srv_ds": 0, "gates_cli_u": 0, "gates_srv_u": 0, "gates_cli_mp": 1, "gates_srv_mp": 1, "gates_cli_ack": 1, "gates_srv_ack": 1, "gates_cli_diag": 1, "gates_srv_diag": 1, "gates_lines_cli": 1, "gates_lines_srv": 1, "active_ds_cli": 0, "active_ds_srv": 0, "diverged_ds_cli": 0, "diverged_ds_srv": 0, "active_u_cli": 0, "active_u_srv": 0, "ds_site": null, "ds_srtt_us": null, "ds_jitter_us": null, "ds_derived_us": null, "ds_legacy_us": null, "ds_from": null, "ds_n_echo": 0, "ackdiag_lines_cli": 2, "ackdiag_lines_srv": 2, "sf_ticks": 320, "sf_E": 0.8438, "sf_short": 0.2906, "sf_zero": 0.0219, "capboot_n": 5, "capboot_frac": 0.0, "ping_n": 42, "ping_p50": 97.8, "ping_p95": 109.0, "ping_p99": 110.0, "ping_tx": null, "ping_rx": null, "ping_loss": null, "wait_tun": 48, "wait_paused": 7, "wait_pace": 0, "wait_gen": 0, "wait_nack": 29, "wait_defc": 0, "wait_tail": 1, "wait_flush": 0, "wait_lines": 5, "deadwall": false, "dgq_hand": 22873, "dgq_full": 0, "dgq_gap": 0, "tc_bytes": 29024382, "tc_pkts": 23306, "tc_drop": 194, "tc_s": 6}
LIVENESS c8-A rep=1 cli=[RWM_DERIVED_SWEEP=0 RWM_STORE_CAP_UNIFIED=0 RWM_RECOV_MP=1 RWM_ACKDIAG=1] srv=[RWM_DERIVED_SWEEP=0 RWM_STORE_CAP_UNIFIED=0 RWM_RECOV_MP=1 RWM_ACKDIAG=1] actDS=0/0 divDS=0/0 actU=0/0 ackdiag=2/2 (expect ds=0 u=0)
=== rep=1 arm=c8-AU seed=7 env="RWM_STORE_CAP_UNIFIED=1" cell=c2/c3/dual bytes=25000000 04:58:14
[2m2026-08-12T04:58:18.714984Z[0m [32m INFO[0m [2mraptorpath::gates[0m[2m:[0m [GATES] RWM_UNIFIED=1 RWM_UNIFIED_SHED=1 RWM_TAPER_R=1 RWM_ASTAR_ANCHOR=1 RWM_MSTAR_ANCHOR=1 RWM_PLAIN_RS=0 RWM_HONEST_ANCHOR=1 RWM_HONEST_K=0 RWM_STORE_SACK_RELEASE=1 RWM_STORE_PATHS=1 RWM_STORE_PATH_POOL=2048 RWM_STORE=unset RWM_STORE_GAIN=2 RWM_STORE_BOOT=128 RWM_STORE_CAPW=0 RWM_STORE_CAP_UNIFIED=1 RWM_THREE_TERM=0 RWM_STORE_PERCAP=0 RWM_PERCAP_GUARD=1 RWM_STORE_BORROW=0 RWM_HONEST_CAP=1 RWM_POOL_ANCHOR=0 RWM_POOL_DELIV=0 RWM_FLOOR_BOUND=0 RWM_ACK_MERGE=1 RWM_PATIENCE_DERIVED=0 RWM_SIDLE_DERIVED=0 RWM_WIN_DECOUPLE=0 RWM_PLACE_SLACK=0 RWM_GEN=384 RWM_PIPELINE=2 RWM_GEN_PIPE=1 RWM_GEN_R=unset RWM_GEN_RATE=9000 RWM_GEN_RATE_FLOOR=2000 RWM_GEN_INFLIGHT=unset RWM_OOO_RETAIN=0/16 RWM_WINDOW=unset RWM_REPORT_GENS=unset RWM_REPAIR_WAIT=unset RWM_CODED_SRC=0 RWM_NO_REACTIVE=0 RWM_XPATH_REPAIR=0 RWM_PROACTIVE_PACER=0 RWM_REASM_BDP=0 RWM_MIN_R=0 RWM_CC_PACE=0 RWM_CC_PACE_HR=1.1 RWM_REACT_CAP=unset RWM_INFL_CAP=0 RWM_INFL_BDP=unset RWM_COPA_FEED=0 RWM_RS_ATTR=1 RWM_EMIT_BATCH=0 RWM_EMIT_BURST=64 RWM_RECOV_MP=1 RWM_RECOV_MP_LAW=1 RWM_RECOV_MP_LIVE=0 RWM_RECOV_SP=0 RWM_DERIVED_SWEEP=0 RWM_DIAG=1 RWM_ACKDIAG=1 RWM_RDIAG=0 RWM_FDIAG=0 RWM_TRACE=0 RWM_PFRAC=0
{"bytes":25000000,"dnf":0,"hint":"bulk","max_s":2.5897,"mean_mbps":77.229,"mean_s":2.5897,"median_s":2.5897,"min_s":2.5897,"proto":"rp-native","runs":1,"stdev_s":0.0,"summary":true}
    LATPROBE: /tmp/rwm-ping.txt 52 replies
    CPU: CPUSRV=2.12s CPUCLI=2.51s (srv=decoder cli=sender; whole-invocation incl warmup)
    QDISC cli0: qdisc netem a1f7: root refcnt 7 limit 1000 delay 5ms  3ms loss gemodel p 1.3% r 50% 1-h 100% 1-k 0% rate 100Mbit seed 7  Sent 25356995 bytes 19851 pkt (dropped 91, overlimits 0 requeues 0)   backlog 0b 0p requeues 0 
    QDISC cli1: qdisc netem a1f8: root refcnt 7 limit 1000 delay 20ms  5ms loss gemodel p 2% r 40% 1-h 100% 1-k 0% rate 20Mbit seed 7  Sent 4520844 bytes 3906 pkt (dropped 77, overlimits 0 requeues 0)   backlog 0b 0p requeues 0 
    QDISC srv0: qdisc netem a1f9: root refcnt 7 limit 1000 delay 5ms  3ms rate 100Mbit seed 15725477224094352493  Sent 2812236 bytes 15041 pkt (dropped 0, overlimits 0 requeues 0)   backlog 0b 0p requeues 0 
    QDISC srv1: qdisc netem a1fa: root refcnt 7 limit 1000 delay 20ms  5ms rate 20Mbit seed 11677335746228283398  Sent 568904 bytes 3335 pkt (dropped 0, overlimits 0 requeues 0)   backlog 0b 0p requeues 0 
    QCAP: /tmp/rwm-q.txt 18 lines
RUNTIME c8-AU rep=1 7s
DEADWALLRESULT {"cell": "c8", "arm": "AU", "seed": 7, "rep": 1, "dnf": false, "dnf_count": 0, "mbps": 77.229, "seconds": 2.59, "n_runs": 1, "cpusrv": 2.12, "cpucli": 2.51, "khr_med": 1.0, "kraw_med": null, "khr_n": 14, "kraw_n": 0, "rtp_med": 12, "occ_p50": 3379, "occcap_p50": 4096, "q_p50": 399, "q_p99": 928, "diag_lines": 10, "retx": 2013, "gates_cli_ds": 0, "gates_srv_ds": 0, "gates_cli_u": 1, "gates_srv_u": 1, "gates_cli_mp": 1, "gates_srv_mp": 1, "gates_cli_ack": 1, "gates_srv_ack": 1, "gates_cli_diag": 1, "gates_srv_diag": 1, "gates_lines_cli": 1, "gates_lines_srv": 1, "active_ds_cli": 0, "active_ds_srv": 0, "diverged_ds_cli": 0, "diverged_ds_srv": 0, "active_u_cli": 1, "active_u_srv": 1, "ds_site": null, "ds_srtt_us": null, "ds_jitter_us": null, "ds_derived_us": null, "ds_legacy_us": null, "ds_from": null, "ds_n_echo": 0, "ackdiag_lines_cli": 2, "ackdiag_lines_srv": 2, "sf_ticks": 316, "sf_E": 0.5712, "sf_short": 0.4968, "sf_zero": 0.3608, "capboot_n": 7, "capboot_frac": 0.0, "ping_n": 52, "ping_p50": 73.0, "ping_p95": 95.4, "ping_p99": 95.5, "ping_tx": null, "ping_rx": null, "ping_loss": null, "wait_tun": 49, "wait_paused": 8, "wait_pace": 0, "wait_gen": 0, "wait_nack": 28, "wait_defc": 0, "wait_tail": 1, "wait_flush": 0, "wait_lines": 7, "deadwall": false, "dgq_hand": 23629, "dgq_full": 0, "dgq_gap": 19, "tc_bytes": 29877839, "tc_pkts": 23757, "tc_drop": 168, "tc_s": 7}
LIVENESS c8-AU rep=1 cli=[RWM_DERIVED_SWEEP=0 RWM_STORE_CAP_UNIFIED=1 RWM_RECOV_MP=1 RWM_ACKDIAG=1] srv=[RWM_DERIVED_SWEEP=0 RWM_STORE_CAP_UNIFIED=1 RWM_RECOV_MP=1 RWM_ACKDIAG=1] actDS=0/0 divDS=0/0 actU=1/1 ackdiag=2/2 (expect ds=0 u=1)
=== rep=1 arm=c8-AUR seed=7 env="RWM_STORE_CAP_UNIFIED=1 RWM_DERIVED_SWEEP=1" cell=c2/c3/dual bytes=25000000 04:58:21
[2m2026-08-12T04:58:25.960827Z[0m [32m INFO[0m [2mraptorpath::gates[0m[2m:[0m [GATES] RWM_UNIFIED=1 RWM_UNIFIED_SHED=1 RWM_TAPER_R=1 RWM_ASTAR_ANCHOR=1 RWM_MSTAR_ANCHOR=1 RWM_PLAIN_RS=0 RWM_HONEST_ANCHOR=1 RWM_HONEST_K=0 RWM_STORE_SACK_RELEASE=1 RWM_STORE_PATHS=1 RWM_STORE_PATH_POOL=2048 RWM_STORE=unset RWM_STORE_GAIN=2 RWM_STORE_BOOT=128 RWM_STORE_CAPW=0 RWM_STORE_CAP_UNIFIED=1 RWM_THREE_TERM=0 RWM_STORE_PERCAP=0 RWM_PERCAP_GUARD=1 RWM_STORE_BORROW=0 RWM_HONEST_CAP=1 RWM_POOL_ANCHOR=0 RWM_POOL_DELIV=0 RWM_FLOOR_BOUND=0 RWM_ACK_MERGE=1 RWM_PATIENCE_DERIVED=0 RWM_SIDLE_DERIVED=0 RWM_WIN_DECOUPLE=0 RWM_PLACE_SLACK=0 RWM_GEN=384 RWM_PIPELINE=2 RWM_GEN_PIPE=1 RWM_GEN_R=unset RWM_GEN_RATE=9000 RWM_GEN_RATE_FLOOR=2000 RWM_GEN_INFLIGHT=unset RWM_OOO_RETAIN=0/16 RWM_WINDOW=unset RWM_REPORT_GENS=unset RWM_REPAIR_WAIT=unset RWM_CODED_SRC=0 RWM_NO_REACTIVE=0 RWM_XPATH_REPAIR=0 RWM_PROACTIVE_PACER=0 RWM_REASM_BDP=0 RWM_MIN_R=0 RWM_CC_PACE=0 RWM_CC_PACE_HR=1.1 RWM_REACT_CAP=unset RWM_INFL_CAP=0 RWM_INFL_BDP=unset RWM_COPA_FEED=0 RWM_RS_ATTR=1 RWM_EMIT_BATCH=0 RWM_EMIT_BURST=64 RWM_RECOV_MP=1 RWM_RECOV_MP_LAW=1 RWM_RECOV_MP_LIVE=0 RWM_RECOV_SP=0 RWM_DERIVED_SWEEP=1 RWM_DIAG=1 RWM_ACKDIAG=1 RWM_RDIAG=0 RWM_FDIAG=0 RWM_TRACE=0 RWM_PFRAC=0
{"bytes":25000000,"dnf":0,"hint":"bulk","max_s":3.674,"mean_mbps":54.436,"mean_s":3.674,"median_s":3.674,"min_s":3.674,"proto":"rp-native","runs":1,"stdev_s":0.0,"summary":true}
    LATPROBE: /tmp/rwm-ping.txt 73 replies
    CPU: CPUSRV=2.09s CPUCLI=2.47s (srv=decoder cli=sender; whole-invocation incl warmup)
    QDISC cli0: qdisc netem a1fb: root refcnt 7 limit 1000 delay 5ms  3ms loss gemodel p 1.3% r 50% 1-h 100% 1-k 0% rate 100Mbit seed 7  Sent 25387528 bytes 20061 pkt (dropped 87, overlimits 0 requeues 0)   backlog 0b 0p requeues 0 
    QDISC cli1: qdisc netem a1fc: root refcnt 7 limit 1000 delay 20ms  5ms loss gemodel p 2% r 40% 1-h 100% 1-k 0% rate 20Mbit seed 7  Sent 4833077 bytes 4158 pkt (dropped 80, overlimits 0 requeues 0)   backlog 0b 0p requeues 0 
    QDISC srv0: qdisc netem a1fd: root refcnt 7 limit 1000 delay 5ms  3ms rate 100Mbit seed 2982055955915441221  Sent 2777169 bytes 15004 pkt (dropped 0, overlimits 0 requeues 0)   backlog 0b 0p requeues 0 
    QDISC srv1: qdisc netem a1fe: root refcnt 7 limit 1000 delay 20ms  5ms rate 20Mbit seed 11292878802522132247  Sent 705764 bytes 3766 pkt (dropped 0, overlimits 0 requeues 0)   backlog 0b 0p requeues 0 
    QCAP: /tmp/rwm-q.txt 18 lines
RUNTIME c8-AUR rep=1 8s
DEADWALLRESULT {"cell": "c8", "arm": "AUR", "seed": 7, "rep": 1, "dnf": false, "dnf_count": 0, "mbps": 54.436, "seconds": 3.674, "n_runs": 1, "cpusrv": 2.09, "cpucli": 2.47, "khr_med": 1.0, "kraw_med": null, "khr_n": 11, "kraw_n": 0, "rtp_med": 34, "occ_p50": 2507, "occcap_p50": 4096, "q_p50": 620, "q_p99": 1071, "diag_lines": 9, "retx": 2143, "gates_cli_ds": 1, "gates_srv_ds": 1, "gates_cli_u": 1, "gates_srv_u": 1, "gates_cli_mp": 1, "gates_srv_mp": 1, "gates_cli_ack": 1, "gates_srv_ack": 1, "gates_cli_diag": 1, "gates_srv_diag": 1, "gates_lines_cli": 1, "gates_lines_srv": 1, "active_ds_cli": 1, "active_ds_srv": 2, "diverged_ds_cli": 1, "diverged_ds_srv": 2, "active_u_cli": 1, "active_u_srv": 1, "ds_site": "receiver-hole-refresh", "ds_srtt_us": 53791, "ds_jitter_us": 28852, "ds_derived_us": 107582, "ds_legacy_us": 100000, "ds_from": "diverged", "ds_n_echo": 6, "ackdiag_lines_cli": 2, "ackdiag_lines_srv": 2, "sf_ticks": 316, "sf_E": 0.4968, "sf_short": 0.5665, "sf_zero": 0.4399, "capboot_n": 6, "capboot_frac": 0.0, "ping_n": 73, "ping_p50": 14.9, "ping_p95": 212.0, "ping_p99": 214.0, "ping_tx": null, "ping_rx": null, "ping_loss": null, "wait_tun": 22, "wait_paused": 3, "wait_pace": 0, "wait_gen": 0, "wait_nack": 22, "wait_defc": 0, "wait_tail": 0, "wait_flush": 0, "wait_lines": 6, "deadwall": false, "dgq_hand": 23674, "dgq_full": 0, "dgq_gap": 2, "tc_bytes": 30220605, "tc_pkts": 24219, "tc_drop": 167, "tc_s": 8}
LIVENESS c8-AUR rep=1 cli=[RWM_DERIVED_SWEEP=1 RWM_STORE_CAP_UNIFIED=1 RWM_RECOV_MP=1 RWM_ACKDIAG=1] srv=[RWM_DERIVED_SWEEP=1 RWM_STORE_CAP_UNIFIED=1 RWM_RECOV_MP=1 RWM_ACKDIAG=1] actDS=1/2 divDS=1/2 actU=1/1 ackdiag=2/2 (expect ds=1 u=1)
DSLINE c8-AUR rep=1 ep=c ACTIVE site=sender-tail-sweep srtt_us=50000 jitter_us=0 derived_us=100000 legacy_us=100000
DSLINE c8-AUR rep=1 ep=c DIVERGED site=sender-tail-sweep srtt_us=10000 jitter_us=0 derived_us=20000 legacy_us=25000
DSLINE c8-AUR rep=1 ep=s ACTIVE site=sender-tail-sweep srtt_us=50000 jitter_us=0 derived_us=100000 legacy_us=100000
DSLINE c8-AUR rep=1 ep=s ACTIVE site=receiver-hole-refresh srtt_us=50000 jitter_us=131 derived_us=100000 legacy_us=100000
DSLINE c8-AUR rep=1 ep=s DIVERGED site=receiver-hole-refresh srtt_us=53791 jitter_us=28852 derived_us=107582 legacy_us=100000
DSLINE c8-AUR rep=1 ep=s DIVERGED site=sender-tail-sweep srtt_us=53791 jitter_us=28852 derived_us=107582 legacy_us=100000
=== rep=1 arm=c8L-AU seed=7 env="RWM_STORE_CAP_UNIFIED=1" cell=c2/c3/dual bytes=200000000 04:58:30
[2m2026-08-12T04:58:32.444017Z[0m [32m INFO[0m [2mraptorpath::gates[0m[2m:[0m [GATES] RWM_UNIFIED=1 RWM_UNIFIED_SHED=1 RWM_TAPER_R=1 RWM_ASTAR_ANCHOR=1 RWM_MSTAR_ANCHOR=1 RWM_PLAIN_RS=0 RWM_HONEST_ANCHOR=1 RWM_HONEST_K=0 RWM_STORE_SACK_RELEASE=1 RWM_STORE_PATHS=1 RWM_STORE_PATH_POOL=2048 RWM_STORE=unset RWM_STORE_GAIN=2 RWM_STORE_BOOT=128 RWM_STORE_CAPW=0 RWM_STORE_CAP_UNIFIED=1 RWM_THREE_TERM=0 RWM_STORE_PERCAP=0 RWM_PERCAP_GUARD=1 RWM_STORE_BORROW=0 RWM_HONEST_CAP=1 RWM_POOL_ANCHOR=0 RWM_POOL_DELIV=0 RWM_FLOOR_BOUND=0 RWM_ACK_MERGE=1 RWM_PATIENCE_DERIVED=0 RWM_SIDLE_DERIVED=0 RWM_WIN_DECOUPLE=0 RWM_PLACE_SLACK=0 RWM_GEN=384 RWM_PIPELINE=2 RWM_GEN_PIPE=1 RWM_GEN_R=unset RWM_GEN_RATE=9000 RWM_GEN_RATE_FLOOR=2000 RWM_GEN_INFLIGHT=unset RWM_OOO_RETAIN=0/16 RWM_WINDOW=unset RWM_REPORT_GENS=unset RWM_REPAIR_WAIT=unset RWM_CODED_SRC=0 RWM_NO_REACTIVE=0 RWM_XPATH_REPAIR=0 RWM_PROACTIVE_PACER=0 RWM_REASM_BDP=0 RWM_MIN_R=0 RWM_CC_PACE=0 RWM_CC_PACE_HR=1.1 RWM_REACT_CAP=unset RWM_INFL_CAP=0 RWM_INFL_BDP=unset RWM_COPA_FEED=0 RWM_RS_ATTR=1 RWM_EMIT_BATCH=0 RWM_EMIT_BURST=64 RWM_RECOV_MP=1 RWM_RECOV_MP_LAW=1 RWM_RECOV_MP_LIVE=0 RWM_RECOV_SP=0 RWM_DERIVED_SWEEP=0 RWM_DIAG=1 RWM_ACKDIAG=1 RWM_RDIAG=0 RWM_FDIAG=0 RWM_TRACE=0 RWM_PFRAC=0
{"bytes":200000000,"dnf":0,"hint":"bulk","max_s":47.5923,"mean_mbps":33.619,"mean_s":47.5923,"median_s":47.5923,"min_s":47.5923,"proto":"rp-native","runs":1,"stdev_s":0.0,"summary":true}
    LATPROBE: /tmp/rwm-ping.txt 902 replies
    CPU: CPUSRV=16.30s CPUCLI=50.20s (srv=decoder cli=sender; whole-invocation incl warmup)
    QDISC cli0: qdisc netem a1ff: root refcnt 7 limit 1000 delay 5ms  3ms loss gemodel p 1.3% r 50% 1-h 100% 1-k 0% rate 100Mbit seed 7  Sent 234064508 bytes 189915 pkt (dropped 1018, overlimits 0 requeues 0)   backlog 1180b 2p requeues 0 
    QDISC cli1: qdisc netem a200: root refcnt 7 limit 1000 delay 20ms  5ms loss gemodel p 2% r 40% 1-h 100% 1-k 0% rate 20Mbit seed 7  Sent 5025500 bytes 4456 pkt (dropped 84, overlimits 0 requeues 0)   backlog 0b 0p requeues 0 
    QDISC srv0: qdisc netem a201: root refcnt 7 limit 1000 delay 5ms  3ms rate 100Mbit seed 15083405911721450984  Sent 27802626 bytes 144635 pkt (dropped 0, overlimits 0 requeues 0)   backlog 0b 0p requeues 0 
    QDISC srv1: qdisc netem a202: root refcnt 7 limit 1000 delay 20ms  5ms rate 20Mbit seed 3201950417466207902  Sent 707541 bytes 4203 pkt (dropped 0, overlimits 0 requeues 0)   backlog 0b 0p requeues 0 
    QCAP: /tmp/rwm-q.txt 18 lines
RUNTIME c8L-AU rep=1 50s
DEADWALLRESULT {"cell": "c8L", "arm": "AU", "seed": 7, "rep": 1, "dnf": false, "dnf_count": 0, "mbps": 33.619, "seconds": 47.592, "n_runs": 1, "cpusrv": 16.3, "cpucli": 50.2, "khr_med": 1.0, "kraw_med": null, "khr_n": 263, "kraw_n": 0, "rtp_med": 44, "occ_p50": 509, "occcap_p50": 4096, "q_p50": 334, "q_p99": 901, "diag_lines": 141, "retx": 16603, "gates_cli_ds": 0, "gates_srv_ds": 0, "gates_cli_u": 1, "gates_srv_u": 1, "gates_cli_mp": 1, "gates_srv_mp": 1, "gates_cli_ack": 1, "gates_srv_ack": 1, "gates_cli_diag": 1, "gates_srv_diag": 1, "gates_lines_cli": 1, "gates_lines_srv": 1, "active_ds_cli": 0, "active_ds_srv": 0, "diverged_ds_cli": 0, "diverged_ds_srv": 0, "active_u_cli": 1, "active_u_srv": 1, "ds_site": null, "ds_srtt_us": null, "ds_jitter_us": null, "ds_derived_us": null, "ds_legacy_us": null, "ds_from": null, "ds_n_echo": 0, "ackdiag_lines_cli": 43, "ackdiag_lines_srv": 25, "sf_ticks": 1669, "sf_E": 0.8053, "sf_short": 0.3757, "sf_zero": 0.0138, "capboot_n": 138, "capboot_frac": 0.0, "ping_n": 902, "ping_p50": 12.4, "ping_p95": 128.0, "ping_p99": 140.0, "ping_tx": null, "ping_rx": null, "ping_loss": null, "wait_tun": 93, "wait_paused": 0, "wait_pace": 0, "wait_gen": 0, "wait_nack": 5, "wait_defc": 0, "wait_tail": 0, "wait_flush": 0, "wait_lines": 138, "deadwall": false, "dgq_hand": 201175, "dgq_full": 12094, "dgq_gap": 12109, "tc_bytes": 239091188, "tc_pkts": 194373, "tc_drop": 1102, "tc_s": 50}
LIVENESS c8L-AU rep=1 cli=[RWM_DERIVED_SWEEP=0 RWM_STORE_CAP_UNIFIED=1 RWM_RECOV_MP=1 RWM_ACKDIAG=1] srv=[RWM_DERIVED_SWEEP=0 RWM_STORE_CAP_UNIFIED=1 RWM_RECOV_MP=1 RWM_ACKDIAG=1] actDS=0/0 divDS=0/0 actU=1/1 ackdiag=43/25 (expect ds=0 u=1)
=== rep=2 arm=c8-A seed=7 env="" cell=c2/c3/dual bytes=25000000 04:59:20
[2m2026-08-12T04:59:23.285827Z[0m [32m INFO[0m [2mraptorpath::gates[0m[2m:[0m [GATES] RWM_UNIFIED=1 RWM_UNIFIED_SHED=1 RWM_TAPER_R=1 RWM_ASTAR_ANCHOR=1 RWM_MSTAR_ANCHOR=1 RWM_PLAIN_RS=0 RWM_HONEST_ANCHOR=1 RWM_HONEST_K=0 RWM_STORE_SACK_RELEASE=1 RWM_STORE_PATHS=1 RWM_STORE_PATH_POOL=2048 RWM_STORE=unset RWM_STORE_GAIN=2 RWM_STORE_BOOT=128 RWM_STORE_CAPW=0 RWM_STORE_CAP_UNIFIED=0 RWM_THREE_TERM=0 RWM_STORE_PERCAP=0 RWM_PERCAP_GUARD=1 RWM_STORE_BORROW=0 RWM_HONEST_CAP=1 RWM_POOL_ANCHOR=0 RWM_POOL_DELIV=0 RWM_FLOOR_BOUND=0 RWM_ACK_MERGE=1 RWM_PATIENCE_DERIVED=0 RWM_SIDLE_DERIVED=0 RWM_WIN_DECOUPLE=0 RWM_PLACE_SLACK=0 RWM_GEN=384 RWM_PIPELINE=2 RWM_GEN_PIPE=1 RWM_GEN_R=unset RWM_GEN_RATE=9000 RWM_GEN_RATE_FLOOR=2000 RWM_GEN_INFLIGHT=unset RWM_OOO_RETAIN=0/16 RWM_WINDOW=unset RWM_REPORT_GENS=unset RWM_REPAIR_WAIT=unset RWM_CODED_SRC=0 RWM_NO_REACTIVE=0 RWM_XPATH_REPAIR=0 RWM_PROACTIVE_PACER=0 RWM_REASM_BDP=0 RWM_MIN_R=0 RWM_CC_PACE=0 RWM_CC_PACE_HR=1.1 RWM_REACT_CAP=unset RWM_INFL_CAP=0 RWM_INFL_BDP=unset RWM_COPA_FEED=0 RWM_RS_ATTR=1 RWM_EMIT_BATCH=0 RWM_EMIT_BURST=64 RWM_RECOV_MP=1 RWM_RECOV_MP_LAW=1 RWM_RECOV_MP_LIVE=0 RWM_RECOV_SP=0 RWM_DERIVED_SWEEP=0 RWM_DIAG=1 RWM_ACKDIAG=1 RWM_RDIAG=0 RWM_FDIAG=0 RWM_TRACE=0 RWM_PFRAC=0
{"bytes":25000000,"dnf":0,"hint":"bulk","max_s":2.2239,"mean_mbps":89.934,"mean_s":2.2239,"median_s":2.2239,"min_s":2.2239,"proto":"rp-native","runs":1,"stdev_s":0.0,"summary":true}
    LATPROBE: /tmp/rwm-ping.txt 45 replies
    CPU: CPUSRV=2.01s CPUCLI=2.03s (srv=decoder cli=sender; whole-invocation incl warmup)
    QDISC cli0: qdisc netem a203: root refcnt 7 limit 1000 delay 5ms  3ms loss gemodel p 1.3% r 50% 1-h 100% 1-k 0% rate 100Mbit seed 7  Sent 24677891 bytes 19372 pkt (dropped 91, overlimits 0 requeues 0)   backlog 0b 0p requeues 0 
    QDISC cli1: qdisc netem a204: root refcnt 7 limit 1000 delay 20ms  5ms loss gemodel p 2% r 40% 1-h 100% 1-k 0% rate 20Mbit seed 7  Sent 4372961 bytes 3840 pkt (dropped 77, overlimits 0 requeues 0)   backlog 0b 0p requeues 0 
    QDISC srv0: qdisc netem a205: root refcnt 7 limit 1000 delay 5ms  3ms rate 100Mbit seed 11577230443830894534  Sent 2713860 bytes 14986 pkt (dropped 0, overlimits 0 requeues 0)   backlog 0b 0p requeues 0 
    QDISC srv1: qdisc netem a206: root refcnt 7 limit 1000 delay 20ms  5ms rate 20Mbit seed 11089152526792053836  Sent 562129 bytes 3407 pkt (dropped 0, overlimits 0 requeues 0)   backlog 0b 0p requeues 0 
    QCAP: /tmp/rwm-q.txt 18 lines
RUNTIME c8-A rep=2 5s
DEADWALLRESULT {"cell": "c8", "arm": "A", "seed": 7, "rep": 2, "dnf": false, "dnf_count": 0, "mbps": 89.934, "seconds": 2.224, "n_runs": 1, "cpusrv": 2.01, "cpucli": 2.03, "khr_med": 1.0, "kraw_med": null, "khr_n": 10, "kraw_n": 0, "rtp_med": 11, "occ_p50": 3674, "occcap_p50": 4096, "q_p50": 355, "q_p99": 601, "diag_lines": 8, "retx": 1127, "gates_cli_ds": 0, "gates_srv_ds": 0, "gates_cli_u": 0, "gates_srv_u": 0, "gates_cli_mp": 1, "gates_srv_mp": 1, "gates_cli_ack": 1, "gates_srv_ack": 1, "gates_cli_diag": 1, "gates_srv_diag": 1, "gates_lines_cli": 1, "gates_lines_srv": 1, "active_ds_cli": 0, "active_ds_srv": 0, "diverged_ds_cli": 0, "diverged_ds_srv": 0, "active_u_cli": 0, "active_u_srv": 0, "ds_site": null, "ds_srtt_us": null, "ds_jitter_us": null, "ds_derived_us": null, "ds_legacy_us": null, "ds_from": null, "ds_n_echo": 0, "ackdiag_lines_cli": 2, "ackdiag_lines_srv": 2, "sf_ticks": 324, "sf_E": 0.8164, "sf_short": 0.3333, "sf_zero": 0.034, "capboot_n": 5, "capboot_frac": 0.0, "ping_n": 45, "ping_p50": 90.2, "ping_p95": 117.0, "ping_p99": 118.0, "ping_tx": null, "ping_rx": null, "ping_loss": null, "wait_tun": 56, "wait_paused": 14, "wait_pace": 0, "wait_gen": 0, "wait_nack": 23, "wait_defc": 0, "wait_tail": 1, "wait_flush": 0, "wait_lines": 5, "deadwall": false, "dgq_hand": 22708, "dgq_full": 0, "dgq_gap": 1, "tc_bytes": 29052232, "tc_pkts": 23216, "tc_drop": 168, "tc_s": 5}
LIVENESS c8-A rep=2 cli=[RWM_DERIVED_SWEEP=0 RWM_STORE_CAP_UNIFIED=0 RWM_RECOV_MP=1 RWM_ACKDIAG=1] srv=[RWM_DERIVED_SWEEP=0 RWM_STORE_CAP_UNIFIED=0 RWM_RECOV_MP=1 RWM_ACKDIAG=1] actDS=0/0 divDS=0/0 actU=0/0 ackdiag=2/2 (expect ds=0 u=0)
=== rep=2 arm=c8-AU seed=7 env="RWM_STORE_CAP_UNIFIED=1" cell=c2/c3/dual bytes=25000000 04:59:25
[2m2026-08-12T04:59:28.279643Z[0m [32m INFO[0m [2mraptorpath::gates[0m[2m:[0m [GATES] RWM_UNIFIED=1 RWM_UNIFIED_SHED=1 RWM_TAPER_R=1 RWM_ASTAR_ANCHOR=1 RWM_MSTAR_ANCHOR=1 RWM_PLAIN_RS=0 RWM_HONEST_ANCHOR=1 RWM_HONEST_K=0 RWM_STORE_SACK_RELEASE=1 RWM_STORE_PATHS=1 RWM_STORE_PATH_POOL=2048 RWM_STORE=unset RWM_STORE_GAIN=2 RWM_STORE_BOOT=128 RWM_STORE_CAPW=0 RWM_STORE_CAP_UNIFIED=1 RWM_THREE_TERM=0 RWM_STORE_PERCAP=0 RWM_PERCAP_GUARD=1 RWM_STORE_BORROW=0 RWM_HONEST_CAP=1 RWM_POOL_ANCHOR=0 RWM_POOL_DELIV=0 RWM_FLOOR_BOUND=0 RWM_ACK_MERGE=1 RWM_PATIENCE_DERIVED=0 RWM_SIDLE_DERIVED=0 RWM_WIN_DECOUPLE=0 RWM_PLACE_SLACK=0 RWM_GEN=384 RWM_PIPELINE=2 RWM_GEN_PIPE=1 RWM_GEN_R=unset RWM_GEN_RATE=9000 RWM_GEN_RATE_FLOOR=2000 RWM_GEN_INFLIGHT=unset RWM_OOO_RETAIN=0/16 RWM_WINDOW=unset RWM_REPORT_GENS=unset RWM_REPAIR_WAIT=unset RWM_CODED_SRC=0 RWM_NO_REACTIVE=0 RWM_XPATH_REPAIR=0 RWM_PROACTIVE_PACER=0 RWM_REASM_BDP=0 RWM_MIN_R=0 RWM_CC_PACE=0 RWM_CC_PACE_HR=1.1 RWM_REACT_CAP=unset RWM_INFL_CAP=0 RWM_INFL_BDP=unset RWM_COPA_FEED=0 RWM_RS_ATTR=1 RWM_EMIT_BATCH=0 RWM_EMIT_BURST=64 RWM_RECOV_MP=1 RWM_RECOV_MP_LAW=1 RWM_RECOV_MP_LIVE=0 RWM_RECOV_SP=0 RWM_DERIVED_SWEEP=0 RWM_DIAG=1 RWM_ACKDIAG=1 RWM_RDIAG=0 RWM_FDIAG=0 RWM_TRACE=0 RWM_PFRAC=0
{"bytes":25000000,"dnf":0,"hint":"bulk","max_s":2.3536,"mean_mbps":84.977,"mean_s":2.3536,"median_s":2.3536,"min_s":2.3536,"proto":"rp-native","runs":1,"stdev_s":0.0,"summary":true}
    LATPROBE: /tmp/rwm-ping.txt 48 replies
    CPU: CPUSRV=2.12s CPUCLI=2.33s (srv=decoder cli=sender; whole-invocation incl warmup)
    QDISC cli0: qdisc netem a207: root refcnt 7 limit 1000 delay 5ms  3ms loss gemodel p 1.3% r 50% 1-h 100% 1-k 0% rate 100Mbit seed 7  Sent 25321317 bytes 19921 pkt (dropped 103, overlimits 0 requeues 0)   backlog 0b 0p requeues 0 
    QDISC cli1: qdisc netem a208: root refcnt 7 limit 1000 delay 20ms  5ms loss gemodel p 2% r 40% 1-h 100% 1-k 0% rate 20Mbit seed 7  Sent 4456045 bytes 3942 pkt (dropped 80, overlimits 0 requeues 0)   backlog 0b 0p requeues 0 
    QDISC srv0: qdisc netem a209: root refcnt 7 limit 1000 delay 5ms  3ms rate 100Mbit seed 6750486623604802713  Sent 2807194 bytes 15617 pkt (dropped 0, overlimits 0 requeues 0)   backlog 0b 0p requeues 0 
    QDISC srv1: qdisc netem a20a: root refcnt 7 limit 1000 delay 20ms  5ms rate 20Mbit seed 11556817621785776418  Sent 567977 bytes 3407 pkt (dropped 0, overlimits 0 requeues 0)   backlog 0b 0p requeues 0 
    QCAP: /tmp/rwm-q.txt 18 lines
RUNTIME c8-AU rep=2 5s
DEADWALLRESULT {"cell": "c8", "arm": "AU", "seed": 7, "rep": 2, "dnf": false, "dnf_count": 0, "mbps": 84.977, "seconds": 2.354, "n_runs": 1, "cpusrv": 2.12, "cpucli": 2.33, "khr_med": 1.0, "kraw_med": null, "khr_n": 12, "kraw_n": 0, "rtp_med": 37, "occ_p50": 2868, "occcap_p50": 4096, "q_p50": 399, "q_p99": 852, "diag_lines": 9, "retx": 1888, "gates_cli_ds": 0, "gates_srv_ds": 0, "gates_cli_u": 1, "gates_srv_u": 1, "gates_cli_mp": 1, "gates_srv_mp": 1, "gates_cli_ack": 1, "gates_srv_ack": 1, "gates_cli_diag": 1, "gates_srv_diag": 1, "gates_lines_cli": 1, "gates_lines_srv": 1, "active_ds_cli": 0, "active_ds_srv": 0, "diverged_ds_cli": 0, "diverged_ds_srv": 0, "active_u_cli": 1, "active_u_srv": 1, "ds_site": null, "ds_srtt_us": null, "ds_jitter_us": null, "ds_derived_us": null, "ds_legacy_us": null, "ds_from": null, "ds_n_echo": 0, "ackdiag_lines_cli": 2, "ackdiag_lines_srv": 2, "sf_ticks": 303, "sf_E": 0.571, "sf_short": 0.5545, "sf_zero": 0.3036, "capboot_n": 6, "capboot_frac": 0.0, "ping_n": 48, "ping_p50": 148.0, "ping_p95": 203.0, "ping_p99": 204.0, "ping_tx": null, "ping_rx": null, "ping_loss": null, "wait_tun": 47, "wait_paused": 6, "wait_pace": 0, "wait_gen": 0, "wait_nack": 26, "wait_defc": 0, "wait_tail": 1, "wait_flush": 0, "wait_lines": 6, "deadwall": false, "dgq_hand": 23507, "dgq_full": 0, "dgq_gap": 19, "tc_bytes": 29777362, "tc_pkts": 23863, "tc_drop": 183, "tc_s": 5}
LIVENESS c8-AU rep=2 cli=[RWM_DERIVED_SWEEP=0 RWM_STORE_CAP_UNIFIED=1 RWM_RECOV_MP=1 RWM_ACKDIAG=1] srv=[RWM_DERIVED_SWEEP=0 RWM_STORE_CAP_UNIFIED=1 RWM_RECOV_MP=1 RWM_ACKDIAG=1] actDS=0/0 divDS=0/0 actU=1/1 ackdiag=2/2 (expect ds=0 u=1)
=== rep=2 arm=c8-AUR seed=7 env="RWM_STORE_CAP_UNIFIED=1 RWM_DERIVED_SWEEP=1" cell=c2/c3/dual bytes=25000000 04:59:31
RUNTIME c8-AUR rep=2 2s
DEADWALLRESULT {"cell": "c8", "arm": "AUR", "seed": 7, "rep": 2, "dnf": true, "dnf_count": null, "mbps": null, "seconds": null, "n_runs": 0, "cpusrv": null, "cpucli": null, "khr_med": null, "kraw_med": null, "khr_n": 0, "kraw_n": 0, "rtp_med": null, "occ_p50": null, "occcap_p50": null, "q_p50": null, "q_p99": null, "diag_lines": 0, "retx": 0, "gates_cli_ds": null, "gates_srv_ds": null, "gates_cli_u": null, "gates_srv_u": null, "gates_cli_mp": null, "gates_srv_mp": null, "gates_cli_ack": null, "gates_srv_ack": null, "gates_cli_diag": null, "gates_srv_diag": null, "gates_lines_cli": 0, "gates_lines_srv": 0, "active_ds_cli": 0, "active_ds_srv": 0, "diverged_ds_cli": 0, "diverged_ds_srv": 0, "active_u_cli": 0, "active_u_srv": 0, "ds_site": null, "ds_srtt_us": null, "ds_jitter_us": null, "ds_derived_us": null, "ds_legacy_us": null, "ds_from": null, "ds_n_echo": 0, "ackdiag_lines_cli": 0, "ackdiag_lines_srv": 0, "sf_ticks": null, "sf_E": null, "sf_short": null, "sf_zero": null, "capboot_n": 0, "capboot_frac": null, "ping_n": 48, "ping_p50": 148.0, "ping_p95": 203.0, "ping_p99": 204.0, "ping_tx": null, "ping_rx": null, "ping_loss": null, "wait_tun": null, "wait_paused": null, "wait_pace": null, "wait_gen": null, "wait_nack": null, "wait_defc": null, "wait_tail": null, "wait_flush": null, "wait_lines": 0, "deadwall": null, "dgq_hand": null, "dgq_full": null, "dgq_gap": null, "tc_bytes": null, "tc_pkts": null, "tc_drop": null, "tc_s": null}
LIVENESS c8-AUR rep=2 cli=[   ] srv=[   ] actDS=/ divDS=/ actU=/ ackdiag=/ (expect ds=1 u=1)
ABORT c8-AUR rep=2 (no [GATES] on either endpoint)
QCAP-MISSING c8-AUR rep=2
=== rep=2 arm=c8L-AU seed=7 env="RWM_STORE_CAP_UNIFIED=1" cell=c2/c3/dual bytes=200000000 04:59:34
RUNTIME c8L-AU rep=2 2s
DEADWALLRESULT {"cell": "c8L", "arm": "AU", "seed": 7, "rep": 2, "dnf": true, "dnf_count": null, "mbps": null, "seconds": null, "n_runs": 0, "cpusrv": null, "cpucli": null, "khr_med": null, "kraw_med": null, "khr_n": 0, "kraw_n": 0, "rtp_med": null, "occ_p50": null, "occcap_p50": null, "q_p50": null, "q_p99": null, "diag_lines": 0, "retx": 0, "gates_cli_ds": null, "gates_srv_ds": null, "gates_cli_u": null, "gates_srv_u": null, "gates_cli_mp": null, "gates_srv_mp": null, "gates_cli_ack": null, "gates_srv_ack": null, "gates_cli_diag": null, "gates_srv_diag": null, "gates_lines_cli": 0, "gates_lines_srv": 0, "active_ds_cli": 0, "active_ds_srv": 0, "diverged_ds_cli": 0, "diverged_ds_srv": 0, "active_u_cli": 0, "active_u_srv": 0, "ds_site": null, "ds_srtt_us": null, "ds_jitter_us": null, "ds_derived_us": null, "ds_legacy_us": null, "ds_from": null, "ds_n_echo": 0, "ackdiag_lines_cli": 0, "ackdiag_lines_srv": 0, "sf_ticks": null, "sf_E": null, "sf_short": null, "sf_zero": null, "capboot_n": 0, "capboot_frac": null, "ping_n": 48, "ping_p50": 148.0, "ping_p95": 203.0, "ping_p99": 204.0, "ping_tx": null, "ping_rx": null, "ping_loss": null, "wait_tun": null, "wait_paused": null, "wait_pace": null, "wait_gen": null, "wait_nack": null, "wait_defc": null, "wait_tail": null, "wait_flush": null, "wait_lines": 0, "deadwall": null, "dgq_hand": null, "dgq_full": null, "dgq_gap": null, "tc_bytes": null, "tc_pkts": null, "tc_drop": null, "tc_s": null}
LIVENESS c8L-AU rep=2 cli=[   ] srv=[   ] actDS=/ divDS=/ actU=/ ackdiag=/ (expect ds=0 u=1)
ABORT c8L-AU rep=2 (no [GATES] on either endpoint)
QCAP-MISSING c8L-AU rep=2
=== rep=3 arm=c8-A seed=7 env="" cell=c2/c3/dual bytes=25000000 04:59:36
[2m2026-08-12T04:59:39.652135Z[0m [32m INFO[0m [2mraptorpath::gates[0m[2m:[0m [GATES] RWM_UNIFIED=1 RWM_UNIFIED_SHED=1 RWM_TAPER_R=1 RWM_ASTAR_ANCHOR=1 RWM_MSTAR_ANCHOR=1 RWM_PLAIN_RS=0 RWM_HONEST_ANCHOR=1 RWM_HONEST_K=0 RWM_STORE_SACK_RELEASE=1 RWM_STORE_PATHS=1 RWM_STORE_PATH_POOL=2048 RWM_STORE=unset RWM_STORE_GAIN=2 RWM_STORE_BOOT=128 RWM_STORE_CAPW=0 RWM_STORE_CAP_UNIFIED=0 RWM_THREE_TERM=0 RWM_STORE_PERCAP=0 RWM_PERCAP_GUARD=1 RWM_STORE_BORROW=0 RWM_HONEST_CAP=1 RWM_POOL_ANCHOR=0 RWM_POOL_DELIV=0 RWM_FLOOR_BOUND=0 RWM_ACK_MERGE=1 RWM_PATIENCE_DERIVED=0 RWM_SIDLE_DERIVED=0 RWM_WIN_DECOUPLE=0 RWM_PLACE_SLACK=0 RWM_GEN=384 RWM_PIPELINE=2 RWM_GEN_PIPE=1 RWM_GEN_R=unset RWM_GEN_RATE=9000 RWM_GEN_RATE_FLOOR=2000 RWM_GEN_INFLIGHT=unset RWM_OOO_RETAIN=0/16 RWM_WINDOW=unset RWM_REPORT_GENS=unset RWM_REPAIR_WAIT=unset RWM_CODED_SRC=0 RWM_NO_REACTIVE=0 RWM_XPATH_REPAIR=0 RWM_PROACTIVE_PACER=0 RWM_REASM_BDP=0 RWM_MIN_R=0 RWM_CC_PACE=0 RWM_CC_PACE_HR=1.1 RWM_REACT_CAP=unset RWM_INFL_CAP=0 RWM_INFL_BDP=unset RWM_COPA_FEED=0 RWM_RS_ATTR=1 RWM_EMIT_BATCH=0 RWM_EMIT_BURST=64 RWM_RECOV_MP=1 RWM_RECOV_MP_LAW=1 RWM_RECOV_MP_LIVE=0 RWM_RECOV_SP=0 RWM_DERIVED_SWEEP=0 RWM_DIAG=1 RWM_ACKDIAG=1 RWM_RDIAG=0 RWM_FDIAG=0 RWM_TRACE=0 RWM_PFRAC=0
{"bytes":25000000,"dnf":0,"hint":"bulk","max_s":2.6021,"mean_mbps":76.861,"mean_s":2.6021,"median_s":2.6021,"min_s":2.6021,"proto":"rp-native","runs":1,"stdev_s":0.0,"summary":true}
    LATPROBE: /tmp/rwm-ping.txt 53 replies
    CPU: CPUSRV=2.03s CPUCLI=2.29s (srv=decoder cli=sender; whole-invocation incl warmup)
    QDISC cli0: qdisc netem a213: root refcnt 7 limit 1000 delay 5ms  3ms loss gemodel p 1.3% r 50% 1-h 100% 1-k 0% rate 100Mbit seed 7  Sent 24697984 bytes 19461 pkt (dropped 87, overlimits 0 requeues 0)   backlog 0b 0p requeues 0 
    QDISC cli1: qdisc netem a214: root refcnt 7 limit 1000 delay 20ms  5ms loss gemodel p 2% r 40% 1-h 100% 1-k 0% rate 20Mbit seed 7  Sent 4527660 bytes 4047 pkt (dropped 80, overlimits 0 requeues 0)   backlog 0b 0p requeues 0 
    QDISC srv0: qdisc netem a215: root refcnt 7 limit 1000 delay 5ms  3ms rate 100Mbit seed 1088075056993578199  Sent 2771917 bytes 15268 pkt (dropped 0, overlimits 0 requeues 0)   backlog 0b 0p requeues 0 
    QDISC srv1: qdisc netem a216: root refcnt 7 limit 1000 delay 20ms  5ms rate 20Mbit seed 14906346938898323939  Sent 586198 bytes 3507 pkt (dropped 0, overlimits 0 requeues 0)   backlog 0b 0p requeues 0 
    QCAP: /tmp/rwm-q.txt 18 lines
RUNTIME c8-A rep=3 6s
DEADWALLRESULT {"cell": "c8", "arm": "A", "seed": 7, "rep": 3, "dnf": false, "dnf_count": 0, "mbps": 76.861, "seconds": 2.602, "n_runs": 1, "cpusrv": 2.03, "cpucli": 2.29, "khr_med": 1.0, "kraw_med": null, "khr_n": 14, "kraw_n": 0, "rtp_med": 11, "occ_p50": 2241, "occcap_p50": 4096, "q_p50": 296, "q_p99": 899, "diag_lines": 10, "retx": 1423, "gates_cli_ds": 0, "gates_srv_ds": 0, "gates_cli_u": 0, "gates_srv_u": 0, "gates_cli_mp": 1, "gates_srv_mp": 1, "gates_cli_ack": 1, "gates_srv_ack": 1, "gates_cli_diag": 1, "gates_srv_diag": 1, "gates_lines_cli": 1, "gates_lines_srv": 1, "active_ds_cli": 0, "active_ds_srv": 0, "diverged_ds_cli": 0, "diverged_ds_srv": 0, "active_u_cli": 0, "active_u_srv": 0, "ds_site": null, "ds_srtt_us": null, "ds_jitter_us": null, "ds_derived_us": null, "ds_legacy_us": null, "ds_from": null, "ds_n_echo": 0, "ackdiag_lines_cli": 2, "ackdiag_lines_srv": 2, "sf_ticks": 320, "sf_E": 0.8562, "sf_short": 0.2594, "sf_zero": 0.0281, "capboot_n": 7, "capboot_frac": 0.0, "ping_n": 53, "ping_p50": 122.0, "ping_p95": 155.0, "ping_p99": 157.0, "ping_tx": null, "ping_rx": null, "ping_loss": null, "wait_tun": 13, "wait_paused": 3, "wait_pace": 0, "wait_gen": 0, "wait_nack": 32, "wait_defc": 0, "wait_tail": 1, "wait_flush": 0, "wait_lines": 7, "deadwall": false, "dgq_hand": 23136, "dgq_full": 0, "dgq_gap": 0, "tc_bytes": 29225644, "tc_pkts": 23508, "tc_drop": 167, "tc_s": 6}
LIVENESS c8-A rep=3 cli=[RWM_DERIVED_SWEEP=0 RWM_STORE_CAP_UNIFIED=0 RWM_RECOV_MP=1 RWM_ACKDIAG=1] srv=[RWM_DERIVED_SWEEP=0 RWM_STORE_CAP_UNIFIED=0 RWM_RECOV_MP=1 RWM_ACKDIAG=1] actDS=0/0 divDS=0/0 actU=0/0 ackdiag=2/2 (expect ds=0 u=0)
=== rep=3 arm=c8-AU seed=7 env="RWM_STORE_CAP_UNIFIED=1" cell=c2/c3/dual bytes=25000000 04:59:42
RUNTIME c8-AU rep=3 3s
DEADWALLRESULT {"cell": "c8", "arm": "AU", "seed": 7, "rep": 3, "dnf": true, "dnf_count": null, "mbps": null, "seconds": null, "n_runs": 0, "cpusrv": null, "cpucli": null, "khr_med": null, "kraw_med": null, "khr_n": 0, "kraw_n": 0, "rtp_med": null, "occ_p50": null, "occcap_p50": null, "q_p50": null, "q_p99": null, "diag_lines": 0, "retx": 0, "gates_cli_ds": null, "gates_srv_ds": null, "gates_cli_u": null, "gates_srv_u": null, "gates_cli_mp": null, "gates_srv_mp": null, "gates_cli_ack": null, "gates_srv_ack": null, "gates_cli_diag": null, "gates_srv_diag": null, "gates_lines_cli": 0, "gates_lines_srv": 0, "active_ds_cli": 0, "active_ds_srv": 0, "diverged_ds_cli": 0, "diverged_ds_srv": 0, "active_u_cli": 0, "active_u_srv": 0, "ds_site": null, "ds_srtt_us": null, "ds_jitter_us": null, "ds_derived_us": null, "ds_legacy_us": null, "ds_from": null, "ds_n_echo": 0, "ackdiag_lines_cli": 0, "ackdiag_lines_srv": 0, "sf_ticks": null, "sf_E": null, "sf_short": null, "sf_zero": null, "capboot_n": 0, "capboot_frac": null, "ping_n": 53, "ping_p50": 122.0, "ping_p95": 155.0, "ping_p99": 157.0, "ping_tx": null, "ping_rx": null, "ping_loss": null, "wait_tun": null, "wait_paused": null, "wait_pace": null, "wait_gen": null, "wait_nack": null, "wait_defc": null, "wait_tail": null, "wait_flush": null, "wait_lines": 0, "deadwall": null, "dgq_hand": null, "dgq_full": null, "dgq_gap": null, "tc_bytes": null, "tc_pkts": null, "tc_drop": null, "tc_s": null}
LIVENESS c8-AU rep=3 cli=[   ] srv=[   ] actDS=/ divDS=/ actU=/ ackdiag=/ (expect ds=0 u=1)
ABORT c8-AU rep=3 (no [GATES] on either endpoint)
QCAP-MISSING c8-AU rep=3
=== rep=3 arm=c8-AUR seed=7 env="RWM_STORE_CAP_UNIFIED=1 RWM_DERIVED_SWEEP=1" cell=c2/c3/dual bytes=25000000 04:59:45
[2m2026-08-12T04:59:48.440617Z[0m [32m INFO[0m [2mraptorpath::gates[0m[2m:[0m [GATES] RWM_UNIFIED=1 RWM_UNIFIED_SHED=1 RWM_TAPER_R=1 RWM_ASTAR_ANCHOR=1 RWM_MSTAR_ANCHOR=1 RWM_PLAIN_RS=0 RWM_HONEST_ANCHOR=1 RWM_HONEST_K=0 RWM_STORE_SACK_RELEASE=1 RWM_STORE_PATHS=1 RWM_STORE_PATH_POOL=2048 RWM_STORE=unset RWM_STORE_GAIN=2 RWM_STORE_BOOT=128 RWM_STORE_CAPW=0 RWM_STORE_CAP_UNIFIED=1 RWM_THREE_TERM=0 RWM_STORE_PERCAP=0 RWM_PERCAP_GUARD=1 RWM_STORE_BORROW=0 RWM_HONEST_CAP=1 RWM_POOL_ANCHOR=0 RWM_POOL_DELIV=0 RWM_FLOOR_BOUND=0 RWM_ACK_MERGE=1 RWM_PATIENCE_DERIVED=0 RWM_SIDLE_DERIVED=0 RWM_WIN_DECOUPLE=0 RWM_PLACE_SLACK=0 RWM_GEN=384 RWM_PIPELINE=2 RWM_GEN_PIPE=1 RWM_GEN_R=unset RWM_GEN_RATE=9000 RWM_GEN_RATE_FLOOR=2000 RWM_GEN_INFLIGHT=unset RWM_OOO_RETAIN=0/16 RWM_WINDOW=unset RWM_REPORT_GENS=unset RWM_REPAIR_WAIT=unset RWM_CODED_SRC=0 RWM_NO_REACTIVE=0 RWM_XPATH_REPAIR=0 RWM_PROACTIVE_PACER=0 RWM_REASM_BDP=0 RWM_MIN_R=0 RWM_CC_PACE=0 RWM_CC_PACE_HR=1.1 RWM_REACT_CAP=unset RWM_INFL_CAP=0 RWM_INFL_BDP=unset RWM_COPA_FEED=0 RWM_RS_ATTR=1 RWM_EMIT_BATCH=0 RWM_EMIT_BURST=64 RWM_RECOV_MP=1 RWM_RECOV_MP_LAW=1 RWM_RECOV_MP_LIVE=0 RWM_RECOV_SP=0 RWM_DERIVED_SWEEP=1 RWM_DIAG=1 RWM_ACKDIAG=1 RWM_RDIAG=0 RWM_FDIAG=0 RWM_TRACE=0 RWM_PFRAC=0
{"bytes":25000000,"dnf":0,"hint":"bulk","max_s":3.5463,"mean_mbps":56.397,"mean_s":3.5463,"median_s":3.5463,"min_s":3.5463,"proto":"rp-native","runs":1,"stdev_s":0.0,"summary":true}
    LATPROBE: /tmp/rwm-ping.txt 73 replies
    CPU: CPUSRV=2.08s CPUCLI=2.40s (srv=decoder cli=sender; whole-invocation incl warmup)
    QDISC cli0: qdisc netem a21b: root refcnt 7 limit 1000 delay 5ms  3ms loss gemodel p 1.3% r 50% 1-h 100% 1-k 0% rate 100Mbit seed 7  Sent 24654969 bytes 19465 pkt (dropped 91, overlimits 0 requeues 0)   backlog 0b 0p requeues 0 
    QDISC cli1: qdisc netem a21c: root refcnt 7 limit 1000 delay 20ms  5ms loss gemodel p 2% r 40% 1-h 100% 1-k 0% rate 20Mbit seed 7  Sent 5949345 bytes 5090 pkt (dropped 85, overlimits 0 requeues 0)   backlog 0b 0p requeues 0 
    QDISC srv0: qdisc netem a21d: root refcnt 7 limit 1000 delay 5ms  3ms rate 100Mbit seed 4515382704583278957  Sent 2757871 bytes 14730 pkt (dropped 0, overlimits 0 requeues 0)   backlog 0b 0p requeues 0 
    QDISC srv1: qdisc netem a21e: root refcnt 7 limit 1000 delay 20ms  5ms rate 20Mbit seed 4660591973449629615  Sent 788912 bytes 4368 pkt (dropped 0, overlimits 0 requeues 0)   backlog 0b 0p requeues 0 
    QCAP: /tmp/rwm-q.txt 18 lines
RUNTIME c8-AUR rep=3 7s
DEADWALLRESULT {"cell": "c8", "arm": "AUR", "seed": 7, "rep": 3, "dnf": false, "dnf_count": 0, "mbps": 56.397, "seconds": 3.546, "n_runs": 1, "cpusrv": 2.08, "cpucli": 2.4, "khr_med": 1.0, "kraw_med": null, "khr_n": 12, "kraw_n": 0, "rtp_med": 42, "occ_p50": 1815, "occcap_p50": 4096, "q_p50": 959, "q_p99": 1422, "diag_lines": 10, "retx": 2624, "gates_cli_ds": 1, "gates_srv_ds": 1, "gates_cli_u": 1, "gates_srv_u": 1, "gates_cli_mp": 1, "gates_srv_mp": 1, "gates_cli_ack": 1, "gates_srv_ack": 1, "gates_cli_diag": 1, "gates_srv_diag": 1, "gates_lines_cli": 1, "gates_lines_srv": 1, "active_ds_cli": 1, "active_ds_srv": 2, "diverged_ds_cli": 1, "diverged_ds_srv": 2, "active_u_cli": 1, "active_u_srv": 1, "ds_site": "receiver-hole-refresh", "ds_srtt_us": 57274, "ds_jitter_us": 20636, "ds_derived_us": 114548, "ds_legacy_us": 100000, "ds_from": "diverged", "ds_n_echo": 6, "ackdiag_lines_cli": 2, "ackdiag_lines_srv": 2, "sf_ticks": 305, "sf_E": 0.4115, "sf_short": 0.741, "sf_zero": 0.4361, "capboot_n": 7, "capboot_frac": 0.0, "ping_n": 73, "ping_p50": 16.2, "ping_p95": 191.0, "ping_p99": 193.0, "ping_tx": null, "ping_rx": null, "ping_loss": null, "wait_tun": 4, "wait_paused": 1, "wait_pace": 0, "wait_gen": 0, "wait_nack": 20, "wait_defc": 0, "wait_tail": 0, "wait_flush": 0, "wait_lines": 7, "deadwall": false, "dgq_hand": 24180, "dgq_full": 0, "dgq_gap": 2, "tc_bytes": 30604314, "tc_pkts": 24555, "tc_drop": 176, "tc_s": 7}
LIVENESS c8-AUR rep=3 cli=[RWM_DERIVED_SWEEP=1 RWM_STORE_CAP_UNIFIED=1 RWM_RECOV_MP=1 RWM_ACKDIAG=1] srv=[RWM_DERIVED_SWEEP=1 RWM_STORE_CAP_UNIFIED=1 RWM_RECOV_MP=1 RWM_ACKDIAG=1] actDS=1/2 divDS=1/2 actU=1/1 ackdiag=2/2 (expect ds=1 u=1)
DSLINE c8-AUR rep=3 ep=c ACTIVE site=sender-tail-sweep srtt_us=50000 jitter_us=0 derived_us=100000 legacy_us=100000
DSLINE c8-AUR rep=3 ep=c DIVERGED site=sender-tail-sweep srtt_us=10000 jitter_us=0 derived_us=20000 legacy_us=25000
DSLINE c8-AUR rep=3 ep=s ACTIVE site=sender-tail-sweep srtt_us=50000 jitter_us=0 derived_us=100000 legacy_us=100000
DSLINE c8-AUR rep=3 ep=s ACTIVE site=receiver-hole-refresh srtt_us=50000 jitter_us=169 derived_us=100000 legacy_us=100000
DSLINE c8-AUR rep=3 ep=s DIVERGED site=receiver-hole-refresh srtt_us=57274 jitter_us=20636 derived_us=114548 legacy_us=100000
DSLINE c8-AUR rep=3 ep=s DIVERGED site=sender-tail-sweep srtt_us=57274 jitter_us=20636 derived_us=114548 legacy_us=100000
=== rep=3 arm=c8L-AU seed=7 env="RWM_STORE_CAP_UNIFIED=1" cell=c2/c3/dual bytes=200000000 04:59:52
RUNTIME c8L-AU rep=3 2s
DEADWALLRESULT {"cell": "c8L", "arm": "AU", "seed": 7, "rep": 3, "dnf": true, "dnf_count": null, "mbps": null, "seconds": null, "n_runs": 0, "cpusrv": null, "cpucli": null, "khr_med": null, "kraw_med": null, "khr_n": 0, "kraw_n": 0, "rtp_med": null, "occ_p50": null, "occcap_p50": null, "q_p50": null, "q_p99": null, "diag_lines": 0, "retx": 0, "gates_cli_ds": null, "gates_srv_ds": null, "gates_cli_u": null, "gates_srv_u": null, "gates_cli_mp": null, "gates_srv_mp": null, "gates_cli_ack": null, "gates_srv_ack": null, "gates_cli_diag": null, "gates_srv_diag": null, "gates_lines_cli": 0, "gates_lines_srv": 0, "active_ds_cli": 0, "active_ds_srv": 0, "diverged_ds_cli": 0, "diverged_ds_srv": 0, "active_u_cli": 0, "active_u_srv": 0, "ds_site": null, "ds_srtt_us": null, "ds_jitter_us": null, "ds_derived_us": null, "ds_legacy_us": null, "ds_from": null, "ds_n_echo": 0, "ackdiag_lines_cli": 0, "ackdiag_lines_srv": 0, "sf_ticks": null, "sf_E": null, "sf_short": null, "sf_zero": null, "capboot_n": 0, "capboot_frac": null, "ping_n": 73, "ping_p50": 16.2, "ping_p95": 191.0, "ping_p99": 193.0, "ping_tx": null, "ping_rx": null, "ping_loss": null, "wait_tun": null, "wait_paused": null, "wait_pace": null, "wait_gen": null, "wait_nack": null, "wait_defc": null, "wait_tail": null, "wait_flush": null, "wait_lines": 0, "deadwall": null, "dgq_hand": null, "dgq_full": null, "dgq_gap": null, "tc_bytes": null, "tc_pkts": null, "tc_drop": null, "tc_s": null}
LIVENESS c8L-AU rep=3 cli=[   ] srv=[   ] actDS=/ divDS=/ actU=/ ackdiag=/ (expect ds=0 u=1)
ABORT c8L-AU rep=3 (no [GATES] on either endpoint)
QCAP-MISSING c8L-AU rep=3
=== rep=4 arm=c8-A seed=7 env="" cell=c2/c3/dual bytes=25000000 04:59:55
RUNTIME c8-A rep=4 2s
DEADWALLRESULT {"cell": "c8", "arm": "A", "seed": 7, "rep": 4, "dnf": true, "dnf_count": null, "mbps": null, "seconds": null, "n_runs": 0, "cpusrv": null, "cpucli": null, "khr_med": null, "kraw_med": null, "khr_n": 0, "kraw_n": 0, "rtp_med": null, "occ_p50": null, "occcap_p50": null, "q_p50": null, "q_p99": null, "diag_lines": 0, "retx": 0, "gates_cli_ds": null, "gates_srv_ds": null, "gates_cli_u": null, "gates_srv_u": null, "gates_cli_mp": null, "gates_srv_mp": null, "gates_cli_ack": null, "gates_srv_ack": null, "gates_cli_diag": null, "gates_srv_diag": null, "gates_lines_cli": 0, "gates_lines_srv": 0, "active_ds_cli": 0, "active_ds_srv": 0, "diverged_ds_cli": 0, "diverged_ds_srv": 0, "active_u_cli": 0, "active_u_srv": 0, "ds_site": null, "ds_srtt_us": null, "ds_jitter_us": null, "ds_derived_us": null, "ds_legacy_us": null, "ds_from": null, "ds_n_echo": 0, "ackdiag_lines_cli": 0, "ackdiag_lines_srv": 0, "sf_ticks": null, "sf_E": null, "sf_short": null, "sf_zero": null, "capboot_n": 0, "capboot_frac": null, "ping_n": 73, "ping_p50": 16.2, "ping_p95": 191.0, "ping_p99": 193.0, "ping_tx": null, "ping_rx": null, "ping_loss": null, "wait_tun": null, "wait_paused": null, "wait_pace": null, "wait_gen": null, "wait_nack": null, "wait_defc": null, "wait_tail": null, "wait_flush": null, "wait_lines": 0, "deadwall": null, "dgq_hand": null, "dgq_full": null, "dgq_gap": null, "tc_bytes": null, "tc_pkts": null, "tc_drop": null, "tc_s": null}
LIVENESS c8-A rep=4 cli=[   ] srv=[   ] actDS=/ divDS=/ actU=/ ackdiag=/ (expect ds=0 u=0)
ABORT c8-A rep=4 (no [GATES] on either endpoint)
QCAP-MISSING c8-A rep=4
=== rep=4 arm=c8-AU seed=7 env="RWM_STORE_CAP_UNIFIED=1" cell=c2/c3/dual bytes=25000000 04:59:57
[2m2026-08-12T05:00:01.697264Z[0m [32m INFO[0m [2mraptorpath::gates[0m[2m:[0m [GATES] RWM_UNIFIED=1 RWM_UNIFIED_SHED=1 RWM_TAPER_R=1 RWM_ASTAR_ANCHOR=1 RWM_MSTAR_ANCHOR=1 RWM_PLAIN_RS=0 RWM_HONEST_ANCHOR=1 RWM_HONEST_K=0 RWM_STORE_SACK_RELEASE=1 RWM_STORE_PATHS=1 RWM_STORE_PATH_POOL=2048 RWM_STORE=unset RWM_STORE_GAIN=2 RWM_STORE_BOOT=128 RWM_STORE_CAPW=0 RWM_STORE_CAP_UNIFIED=1 RWM_THREE_TERM=0 RWM_STORE_PERCAP=0 RWM_PERCAP_GUARD=1 RWM_STORE_BORROW=0 RWM_HONEST_CAP=1 RWM_POOL_ANCHOR=0 RWM_POOL_DELIV=0 RWM_FLOOR_BOUND=0 RWM_ACK_MERGE=1 RWM_PATIENCE_DERIVED=0 RWM_SIDLE_DERIVED=0 RWM_WIN_DECOUPLE=0 RWM_PLACE_SLACK=0 RWM_GEN=384 RWM_PIPELINE=2 RWM_GEN_PIPE=1 RWM_GEN_R=unset RWM_GEN_RATE=9000 RWM_GEN_RATE_FLOOR=2000 RWM_GEN_INFLIGHT=unset RWM_OOO_RETAIN=0/16 RWM_WINDOW=unset RWM_REPORT_GENS=unset RWM_REPAIR_WAIT=unset RWM_CODED_SRC=0 RWM_NO_REACTIVE=0 RWM_XPATH_REPAIR=0 RWM_PROACTIVE_PACER=0 RWM_REASM_BDP=0 RWM_MIN_R=0 RWM_CC_PACE=0 RWM_CC_PACE_HR=1.1 RWM_REACT_CAP=unset RWM_INFL_CAP=0 RWM_INFL_BDP=unset RWM_COPA_FEED=0 RWM_RS_ATTR=1 RWM_EMIT_BATCH=0 RWM_EMIT_BURST=64 RWM_RECOV_MP=1 RWM_RECOV_MP_LAW=1 RWM_RECOV_MP_LIVE=0 RWM_RECOV_SP=0 RWM_DERIVED_SWEEP=0 RWM_DIAG=1 RWM_ACKDIAG=1 RWM_RDIAG=0 RWM_FDIAG=0 RWM_TRACE=0 RWM_PFRAC=0
{"bytes":25000000,"dnf":0,"hint":"bulk","max_s":2.7204,"mean_mbps":73.519,"mean_s":2.7204,"median_s":2.7204,"min_s":2.7204,"proto":"rp-native","runs":1,"stdev_s":0.0,"summary":true}
    LATPROBE: /tmp/rwm-ping.txt 54 replies
    CPU: CPUSRV=2.05s CPUCLI=2.43s (srv=decoder cli=sender; whole-invocation incl warmup)
    QDISC cli0: qdisc netem a227: root refcnt 7 limit 1000 delay 5ms  3ms loss gemodel p 1.3% r 50% 1-h 100% 1-k 0% rate 100Mbit seed 7  Sent 25613516 bytes 20360 pkt (dropped 91, overlimits 0 requeues 0)   backlog 0b 0p requeues 0 
    QDISC cli1: qdisc netem a228: root refcnt 7 limit 1000 delay 20ms  5ms loss gemodel p 2% r 40% 1-h 100% 1-k 0% rate 20Mbit seed 7  Sent 4840791 bytes 4016 pkt (dropped 70, overlimits 0 requeues 0)   backlog 0b 0p requeues 0 
    QDISC srv0: qdisc netem a229: root refcnt 7 limit 1000 delay 5ms  3ms rate 100Mbit seed 8216180773262485787  Sent 2829374 bytes 15083 pkt (dropped 0, overlimits 0 requeues 0)   backlog 0b 0p requeues 0 
    QDISC srv1: qdisc netem a22a: root refcnt 7 limit 1000 delay 20ms  5ms rate 20Mbit seed 2485200358208468921  Sent 654259 bytes 3526 pkt (dropped 0, overlimits 0 requeues 0)   backlog 0b 0p requeues 0 
    QCAP: /tmp/rwm-q.txt 18 lines
RUNTIME c8-AU rep=4 7s
DEADWALLRESULT {"cell": "c8", "arm": "AU", "seed": 7, "rep": 4, "dnf": false, "dnf_count": 0, "mbps": 73.519, "seconds": 2.72, "n_runs": 1, "cpusrv": 2.05, "cpucli": 2.43, "khr_med": 1.0, "kraw_med": null, "khr_n": 12, "kraw_n": 0, "rtp_med": 42, "occ_p50": 2177, "occcap_p50": 4096, "q_p50": 453, "q_p99": 1540, "diag_lines": 10, "retx": 2306, "gates_cli_ds": 0, "gates_srv_ds": 0, "gates_cli_u": 1, "gates_srv_u": 1, "gates_cli_mp": 1, "gates_srv_mp": 1, "gates_cli_ack": 1, "gates_srv_ack": 1, "gates_cli_diag": 1, "gates_srv_diag": 1, "gates_lines_cli": 1, "gates_lines_srv": 1, "active_ds_cli": 0, "active_ds_srv": 0, "diverged_ds_cli": 0, "diverged_ds_srv": 0, "active_u_cli": 1, "active_u_srv": 1, "ds_site": null, "ds_srtt_us": null, "ds_jitter_us": null, "ds_derived_us": null, "ds_legacy_us": null, "ds_from": null, "ds_n_echo": 0, "ackdiag_lines_cli": 2, "ackdiag_lines_srv": 2, "sf_ticks": 292, "sf_E": 0.5873, "sf_short": 0.6849, "sf_zero": 0.1404, "capboot_n": 7, "capboot_frac": 0.0, "ping_n": 54, "ping_p50": 48.8, "ping_p95": 261.0, "ping_p99": 261.0, "ping_tx": null, "ping_rx": null, "ping_loss": null, "wait_tun": 21, "wait_paused": 0, "wait_pace": 0, "wait_gen": 0, "wait_nack": 40, "wait_defc": 0, "wait_tail": 1, "wait_flush": 0, "wait_lines": 7, "deadwall": false, "dgq_hand": 23961, "dgq_full": 0, "dgq_gap": 0, "tc_bytes": 30454307, "tc_pkts": 24376, "tc_drop": 161, "tc_s": 7}
LIVENESS c8-AU rep=4 cli=[RWM_DERIVED_SWEEP=0 RWM_STORE_CAP_UNIFIED=1 RWM_RECOV_MP=1 RWM_ACKDIAG=1] srv=[RWM_DERIVED_SWEEP=0 RWM_STORE_CAP_UNIFIED=1 RWM_RECOV_MP=1 RWM_ACKDIAG=1] actDS=0/0 divDS=0/0 actU=1/1 ackdiag=2/2 (expect ds=0 u=1)
=== rep=4 arm=c8-AUR seed=7 env="RWM_STORE_CAP_UNIFIED=1 RWM_DERIVED_SWEEP=1" cell=c2/c3/dual bytes=25000000 05:00:04
RUNTIME c8-AUR rep=4 3s
DEADWALLRESULT {"cell": "c8", "arm": "AUR", "seed": 7, "rep": 4, "dnf": true, "dnf_count": null, "mbps": null, "seconds": null, "n_runs": 0, "cpusrv": null, "cpucli": null, "khr_med": null, "kraw_med": null, "khr_n": 0, "kraw_n": 0, "rtp_med": null, "occ_p50": null, "occcap_p50": null, "q_p50": null, "q_p99": null, "diag_lines": 0, "retx": 0, "gates_cli_ds": null, "gates_srv_ds": null, "gates_cli_u": null, "gates_srv_u": null, "gates_cli_mp": null, "gates_srv_mp": null, "gates_cli_ack": null, "gates_srv_ack": null, "gates_cli_diag": null, "gates_srv_diag": null, "gates_lines_cli": 0, "gates_lines_srv": 0, "active_ds_cli": 0, "active_ds_srv": 0, "diverged_ds_cli": 0, "diverged_ds_srv": 0, "active_u_cli": 0, "active_u_srv": 0, "ds_site": null, "ds_srtt_us": null, "ds_jitter_us": null, "ds_derived_us": null, "ds_legacy_us": null, "ds_from": null, "ds_n_echo": 0, "ackdiag_lines_cli": 0, "ackdiag_lines_srv": 0, "sf_ticks": null, "sf_E": null, "sf_short": null, "sf_zero": null, "capboot_n": 0, "capboot_frac": null, "ping_n": 54, "ping_p50": 48.8, "ping_p95": 261.0, "ping_p99": 261.0, "ping_tx": null, "ping_rx": null, "ping_loss": null, "wait_tun": null, "wait_paused": null, "wait_pace": null, "wait_gen": null, "wait_nack": null, "wait_defc": null, "wait_tail": null, "wait_flush": null, "wait_lines": 0, "deadwall": null, "dgq_hand": null, "dgq_full": null, "dgq_gap": null, "tc_bytes": null, "tc_pkts": null, "tc_drop": null, "tc_s": null}
LIVENESS c8-AUR rep=4 cli=[   ] srv=[   ] actDS=/ divDS=/ actU=/ ackdiag=/ (expect ds=1 u=1)
ABORT c8-AUR rep=4 (no [GATES] on either endpoint)
QCAP-MISSING c8-AUR rep=4
=== rep=4 arm=c8L-AU seed=7 env="RWM_STORE_CAP_UNIFIED=1" cell=c2/c3/dual bytes=200000000 05:00:07
RUNTIME c8L-AU rep=4 3s
DEADWALLRESULT {"cell": "c8L", "arm": "AU", "seed": 7, "rep": 4, "dnf": true, "dnf_count": null, "mbps": null, "seconds": null, "n_runs": 0, "cpusrv": null, "cpucli": null, "khr_med": null, "kraw_med": null, "khr_n": 0, "kraw_n": 0, "rtp_med": null, "occ_p50": null, "occcap_p50": null, "q_p50": null, "q_p99": null, "diag_lines": 0, "retx": 0, "gates_cli_ds": null, "gates_srv_ds": null, "gates_cli_u": null, "gates_srv_u": null, "gates_cli_mp": null, "gates_srv_mp": null, "gates_cli_ack": null, "gates_srv_ack": null, "gates_cli_diag": null, "gates_srv_diag": null, "gates_lines_cli": 0, "gates_lines_srv": 0, "active_ds_cli": 0, "active_ds_srv": 0, "diverged_ds_cli": 0, "diverged_ds_srv": 0, "active_u_cli": 0, "active_u_srv": 0, "ds_site": null, "ds_srtt_us": null, "ds_jitter_us": null, "ds_derived_us": null, "ds_legacy_us": null, "ds_from": null, "ds_n_echo": 0, "ackdiag_lines_cli": 0, "ackdiag_lines_srv": 0, "sf_ticks": null, "sf_E": null, "sf_short": null, "sf_zero": null, "capboot_n": 0, "capboot_frac": null, "ping_n": 54, "ping_p50": 48.8, "ping_p95": 261.0, "ping_p99": 261.0, "ping_tx": null, "ping_rx": null, "ping_loss": null, "wait_tun": null, "wait_paused": null, "wait_pace": null, "wait_gen": null, "wait_nack": null, "wait_defc": null, "wait_tail": null, "wait_flush": null, "wait_lines": 0, "deadwall": null, "dgq_hand": null, "dgq_full": null, "dgq_gap": null, "tc_bytes": null, "tc_pkts": null, "tc_drop": null, "tc_s": null}
LIVENESS c8L-AU rep=4 cli=[   ] srv=[   ] actDS=/ divDS=/ actU=/ ackdiag=/ (expect ds=0 u=1)
ABORT c8L-AU rep=4 (no [GATES] on either endpoint)
QCAP-MISSING c8L-AU rep=4
=== rep=5 arm=c8-AU seed=7 env="RWM_STORE_CAP_UNIFIED=1" cell=c2/c3/dual bytes=25000000 05:00:10
[2m2026-08-12T05:00:13.460740Z[0m [32m INFO[0m [2mraptorpath::gates[0m[2m:[0m [GATES] RWM_UNIFIED=1 RWM_UNIFIED_SHED=1 RWM_TAPER_R=1 RWM_ASTAR_ANCHOR=1 RWM_MSTAR_ANCHOR=1 RWM_PLAIN_RS=0 RWM_HONEST_ANCHOR=1 RWM_HONEST_K=0 RWM_STORE_SACK_RELEASE=1 RWM_STORE_PATHS=1 RWM_STORE_PATH_POOL=2048 RWM_STORE=unset RWM_STORE_GAIN=2 RWM_STORE_BOOT=128 RWM_STORE_CAPW=0 RWM_STORE_CAP_UNIFIED=1 RWM_THREE_TERM=0 RWM_STORE_PERCAP=0 RWM_PERCAP_GUARD=1 RWM_STORE_BORROW=0 RWM_HONEST_CAP=1 RWM_POOL_ANCHOR=0 RWM_POOL_DELIV=0 RWM_FLOOR_BOUND=0 RWM_ACK_MERGE=1 RWM_PATIENCE_DERIVED=0 RWM_SIDLE_DERIVED=0 RWM_WIN_DECOUPLE=0 RWM_PLACE_SLACK=0 RWM_GEN=384 RWM_PIPELINE=2 RWM_GEN_PIPE=1 RWM_GEN_R=unset RWM_GEN_RATE=9000 RWM_GEN_RATE_FLOOR=2000 RWM_GEN_INFLIGHT=unset RWM_OOO_RETAIN=0/16 RWM_WINDOW=unset RWM_REPORT_GENS=unset RWM_REPAIR_WAIT=unset RWM_CODED_SRC=0 RWM_NO_REACTIVE=0 RWM_XPATH_REPAIR=0 RWM_PROACTIVE_PACER=0 RWM_REASM_BDP=0 RWM_MIN_R=0 RWM_CC_PACE=0 RWM_CC_PACE_HR=1.1 RWM_REACT_CAP=unset RWM_INFL_CAP=0 RWM_INFL_BDP=unset RWM_COPA_FEED=0 RWM_RS_ATTR=1 RWM_EMIT_BATCH=0 RWM_EMIT_BURST=64 RWM_RECOV_MP=1 RWM_RECOV_MP_LAW=1 RWM_RECOV_MP_LIVE=0 RWM_RECOV_SP=0 RWM_DERIVED_SWEEP=0 RWM_DIAG=1 RWM_ACKDIAG=1 RWM_RDIAG=0 RWM_FDIAG=0 RWM_TRACE=0 RWM_PFRAC=0
{"bytes":25000000,"dnf":0,"hint":"bulk","max_s":4.9995,"mean_mbps":40.004,"mean_s":4.9995,"median_s":4.9995,"min_s":4.9995,"proto":"rp-native","runs":1,"stdev_s":0.0,"summary":true}
    LATPROBE: /tmp/rwm-ping.txt 99 replies
    CPU: CPUSRV=2.15s CPUCLI=3.24s (srv=decoder cli=sender; whole-invocation incl warmup)
    QDISC cli0: qdisc netem a233: root refcnt 7 limit 1000 delay 5ms  3ms loss gemodel p 1.3% r 50% 1-h 100% 1-k 0% rate 100Mbit seed 7  Sent 27184780 bytes 21699 pkt (dropped 104, overlimits 0 requeues 0)   backlog 0b 0p requeues 0 
    QDISC cli1: qdisc netem a234: root refcnt 7 limit 1000 delay 20ms  5ms loss gemodel p 2% r 40% 1-h 100% 1-k 0% rate 20Mbit seed 7  Sent 4493597 bytes 3858 pkt (dropped 75, overlimits 0 requeues 0)   backlog 0b 0p requeues 0 
    QDISC srv0: qdisc netem a235: root refcnt 7 limit 1000 delay 5ms  3ms rate 100Mbit seed 16854232470932429518  Sent 3306100 bytes 16496 pkt (dropped 0, overlimits 0 requeues 0)   backlog 0b 0p requeues 0 
    QDISC srv1: qdisc netem a236: root refcnt 7 limit 1000 delay 20ms  5ms rate 20Mbit seed 5358953616606089477  Sent 578985 bytes 3312 pkt (dropped 0, overlimits 0 requeues 0)   backlog 0b 0p requeues 0 
    QCAP: /tmp/rwm-q.txt 18 lines
RUNTIME c8-AU rep=5 8s
DEADWALLRESULT {"cell": "c8", "arm": "AU", "seed": 7, "rep": 5, "dnf": false, "dnf_count": 0, "mbps": 40.004, "seconds": 4.999, "n_runs": 1, "cpusrv": 2.15, "cpucli": 3.24, "khr_med": 1.0, "kraw_med": null, "khr_n": 29, "kraw_n": 0, "rtp_med": 46, "occ_p50": 0, "occcap_p50": 4096, "q_p50": 478, "q_p99": 1240, "diag_lines": 18, "retx": 3652, "gates_cli_ds": 0, "gates_srv_ds": 0, "gates_cli_u": 1, "gates_srv_u": 1, "gates_cli_mp": 1, "gates_srv_mp": 1, "gates_cli_ack": 1, "gates_srv_ack": 1, "gates_cli_diag": 1, "gates_srv_diag": 1, "gates_lines_cli": 1, "gates_lines_srv": 1, "active_ds_cli": 0, "active_ds_srv": 0, "diverged_ds_cli": 0, "diverged_ds_srv": 0, "active_u_cli": 1, "active_u_srv": 1, "ds_site": null, "ds_srtt_us": null, "ds_jitter_us": null, "ds_derived_us": null, "ds_legacy_us": null, "ds_from": null, "ds_n_echo": 0, "ackdiag_lines_cli": 4, "ackdiag_lines_srv": 3, "sf_ticks": 375, "sf_E": 0.5333, "sf_short": 0.552, "sf_zero": 0.3813, "capboot_n": 15, "capboot_frac": 0.0, "ping_n": 99, "ping_p50": 12.7, "ping_p95": 96.5, "ping_p99": 97.2, "ping_tx": null, "ping_rx": null, "ping_loss": null, "wait_tun": 0, "wait_paused": 0, "wait_pace": 0, "wait_gen": 0, "wait_nack": 63, "wait_defc": 0, "wait_tail": 1, "wait_flush": 0, "wait_lines": 15, "deadwall": true, "dgq_hand": 26261, "dgq_full": 1530, "dgq_gap": 1551, "tc_bytes": 31678377, "tc_pkts": 25557, "tc_drop": 179, "tc_s": 8}
LIVENESS c8-AU rep=5 cli=[RWM_DERIVED_SWEEP=0 RWM_STORE_CAP_UNIFIED=1 RWM_RECOV_MP=1 RWM_ACKDIAG=1] srv=[RWM_DERIVED_SWEEP=0 RWM_STORE_CAP_UNIFIED=1 RWM_RECOV_MP=1 RWM_ACKDIAG=1] actDS=0/0 divDS=0/0 actU=1/1 ackdiag=4/3 (expect ds=0 u=1)
=== rep=5 arm=c8-AUR seed=7 env="RWM_STORE_CAP_UNIFIED=1 RWM_DERIVED_SWEEP=1" cell=c2/c3/dual bytes=25000000 05:00:18
[2m2026-08-12T05:00:21.659117Z[0m [32m INFO[0m [2mraptorpath::gates[0m[2m:[0m [GATES] RWM_UNIFIED=1 RWM_UNIFIED_SHED=1 RWM_TAPER_R=1 RWM_ASTAR_ANCHOR=1 RWM_MSTAR_ANCHOR=1 RWM_PLAIN_RS=0 RWM_HONEST_ANCHOR=1 RWM_HONEST_K=0 RWM_STORE_SACK_RELEASE=1 RWM_STORE_PATHS=1 RWM_STORE_PATH_POOL=2048 RWM_STORE=unset RWM_STORE_GAIN=2 RWM_STORE_BOOT=128 RWM_STORE_CAPW=0 RWM_STORE_CAP_UNIFIED=1 RWM_THREE_TERM=0 RWM_STORE_PERCAP=0 RWM_PERCAP_GUARD=1 RWM_STORE_BORROW=0 RWM_HONEST_CAP=1 RWM_POOL_ANCHOR=0 RWM_POOL_DELIV=0 RWM_FLOOR_BOUND=0 RWM_ACK_MERGE=1 RWM_PATIENCE_DERIVED=0 RWM_SIDLE_DERIVED=0 RWM_WIN_DECOUPLE=0 RWM_PLACE_SLACK=0 RWM_GEN=384 RWM_PIPELINE=2 RWM_GEN_PIPE=1 RWM_GEN_R=unset RWM_GEN_RATE=9000 RWM_GEN_RATE_FLOOR=2000 RWM_GEN_INFLIGHT=unset RWM_OOO_RETAIN=0/16 RWM_WINDOW=unset RWM_REPORT_GENS=unset RWM_REPAIR_WAIT=unset RWM_CODED_SRC=0 RWM_NO_REACTIVE=0 RWM_XPATH_REPAIR=0 RWM_PROACTIVE_PACER=0 RWM_REASM_BDP=0 RWM_MIN_R=0 RWM_CC_PACE=0 RWM_CC_PACE_HR=1.1 RWM_REACT_CAP=unset RWM_INFL_CAP=0 RWM_INFL_BDP=unset RWM_COPA_FEED=0 RWM_RS_ATTR=1 RWM_EMIT_BATCH=0 RWM_EMIT_BURST=64 RWM_RECOV_MP=1 RWM_RECOV_MP_LAW=1 RWM_RECOV_MP_LIVE=0 RWM_RECOV_SP=0 RWM_DERIVED_SWEEP=1 RWM_DIAG=1 RWM_ACKDIAG=1 RWM_RDIAG=0 RWM_FDIAG=0 RWM_TRACE=0 RWM_PFRAC=0
{"bytes":25000000,"dnf":0,"hint":"bulk","max_s":3.1511,"mean_mbps":63.471,"mean_s":3.1511,"median_s":3.1511,"min_s":3.1511,"proto":"rp-native","runs":1,"stdev_s":0.0,"summary":true}
    LATPROBE: /tmp/rwm-ping.txt 63 replies
    CPU: CPUSRV=2.04s CPUCLI=2.56s (srv=decoder cli=sender; whole-invocation incl warmup)
    QDISC cli0: qdisc netem a237: root refcnt 7 limit 1000 delay 5ms  3ms loss gemodel p 1.3% r 50% 1-h 100% 1-k 0% rate 100Mbit seed 7  Sent 23770024 bytes 18833 pkt (dropped 98, overlimits 0 requeues 0)   backlog 0b 0p requeues 0 
    QDISC cli1: qdisc netem a238: root refcnt 7 limit 1000 delay 20ms  5ms loss gemodel p 2% r 40% 1-h 100% 1-k 0% rate 20Mbit seed 7  Sent 5061336 bytes 4505 pkt (dropped 80, overlimits 0 requeues 0)   backlog 0b 0p requeues 0 
    QDISC srv0: qdisc netem a239: root refcnt 7 limit 1000 delay 5ms  3ms rate 100Mbit seed 11501181238194227538  Sent 2698189 bytes 14616 pkt (dropped 0, overlimits 0 requeues 0)   backlog 0b 0p requeues 0 
    QDISC srv1: qdisc netem a23a: root refcnt 7 limit 1000 delay 20ms  5ms rate 20Mbit seed 2578439970917750386  Sent 631070 bytes 3751 pkt (dropped 0, overlimits 0 requeues 0)   backlog 0b 0p requeues 0 
    QCAP: /tmp/rwm-q.txt 18 lines
RUNTIME c8-AUR rep=5 7s
DEADWALLRESULT {"cell": "c8", "arm": "AUR", "seed": 7, "rep": 5, "dnf": false, "dnf_count": 0, "mbps": 63.471, "seconds": 3.151, "n_runs": 1, "cpusrv": 2.04, "cpucli": 2.56, "khr_med": 1.0, "kraw_med": null, "khr_n": 12, "kraw_n": 0, "rtp_med": 43, "occ_p50": 261, "occcap_p50": 4096, "q_p50": 476, "q_p99": 1409, "diag_lines": 9, "retx": 1190, "gates_cli_ds": 1, "gates_srv_ds": 1, "gates_cli_u": 1, "gates_srv_u": 1, "gates_cli_mp": 1, "gates_srv_mp": 1, "gates_cli_ack": 1, "gates_srv_ack": 1, "gates_cli_diag": 1, "gates_srv_diag": 1, "gates_lines_cli": 1, "gates_lines_srv": 1, "active_ds_cli": 1, "active_ds_srv": 2, "diverged_ds_cli": 1, "diverged_ds_srv": 2, "active_u_cli": 1, "active_u_srv": 1, "ds_site": "sender-tail-sweep", "ds_srtt_us": 112369, "ds_jitter_us": 413, "ds_derived_us": 224738, "ds_legacy_us": 100000, "ds_from": "diverged", "ds_n_echo": 6, "ackdiag_lines_cli": 2, "ackdiag_lines_srv": 2, "sf_ticks": 278, "sf_E": 0.7032, "sf_short": 0.3309, "sf_zero": 0.2626, "capboot_n": 6, "capboot_frac": 0.0, "ping_n": 63, "ping_p50": 27.9, "ping_p95": 185.0, "ping_p99": 186.0, "ping_tx": null, "ping_rx": null, "ping_loss": null, "wait_tun": 38, "wait_paused": 0, "wait_pace": 0, "wait_gen": 0, "wait_nack": 20, "wait_defc": 0, "wait_tail": 0, "wait_flush": 0, "wait_lines": 6, "deadwall": false, "dgq_hand": 22629, "dgq_full": 0, "dgq_gap": 19, "tc_bytes": 28831360, "tc_pkts": 23338, "tc_drop": 178, "tc_s": 7}
LIVENESS c8-AUR rep=5 cli=[RWM_DERIVED_SWEEP=1 RWM_STORE_CAP_UNIFIED=1 RWM_RECOV_MP=1 RWM_ACKDIAG=1] srv=[RWM_DERIVED_SWEEP=1 RWM_STORE_CAP_UNIFIED=1 RWM_RECOV_MP=1 RWM_ACKDIAG=1] actDS=1/2 divDS=1/2 actU=1/1 ackdiag=2/2 (expect ds=1 u=1)
DSLINE c8-AUR rep=5 ep=c ACTIVE site=sender-tail-sweep srtt_us=50000 jitter_us=0 derived_us=100000 legacy_us=100000
DSLINE c8-AUR rep=5 ep=c DIVERGED site=sender-tail-sweep srtt_us=10000 jitter_us=0 derived_us=20000 legacy_us=25000
DSLINE c8-AUR rep=5 ep=s ACTIVE site=sender-tail-sweep srtt_us=50000 jitter_us=0 derived_us=100000 legacy_us=100000
DSLINE c8-AUR rep=5 ep=s ACTIVE site=receiver-hole-refresh srtt_us=50000 jitter_us=0 derived_us=100000 legacy_us=100000
DSLINE c8-AUR rep=5 ep=s DIVERGED site=receiver-hole-refresh srtt_us=112365 jitter_us=475 derived_us=224730 legacy_us=100000
DSLINE c8-AUR rep=5 ep=s DIVERGED site=sender-tail-sweep srtt_us=112369 jitter_us=413 derived_us=224738 legacy_us=100000
=== rep=5 arm=c8L-AU seed=7 env="RWM_STORE_CAP_UNIFIED=1" cell=c2/c3/dual bytes=200000000 05:00:25
[2m2026-08-12T05:00:29.427544Z[0m [32m INFO[0m [2mraptorpath::gates[0m[2m:[0m [GATES] RWM_UNIFIED=1 RWM_UNIFIED_SHED=1 RWM_TAPER_R=1 RWM_ASTAR_ANCHOR=1 RWM_MSTAR_ANCHOR=1 RWM_PLAIN_RS=0 RWM_HONEST_ANCHOR=1 RWM_HONEST_K=0 RWM_STORE_SACK_RELEASE=1 RWM_STORE_PATHS=1 RWM_STORE_PATH_POOL=2048 RWM_STORE=unset RWM_STORE_GAIN=2 RWM_STORE_BOOT=128 RWM_STORE_CAPW=0 RWM_STORE_CAP_UNIFIED=1 RWM_THREE_TERM=0 RWM_STORE_PERCAP=0 RWM_PERCAP_GUARD=1 RWM_STORE_BORROW=0 RWM_HONEST_CAP=1 RWM_POOL_ANCHOR=0 RWM_POOL_DELIV=0 RWM_FLOOR_BOUND=0 RWM_ACK_MERGE=1 RWM_PATIENCE_DERIVED=0 RWM_SIDLE_DERIVED=0 RWM_WIN_DECOUPLE=0 RWM_PLACE_SLACK=0 RWM_GEN=384 RWM_PIPELINE=2 RWM_GEN_PIPE=1 RWM_GEN_R=unset RWM_GEN_RATE=9000 RWM_GEN_RATE_FLOOR=2000 RWM_GEN_INFLIGHT=unset RWM_OOO_RETAIN=0/16 RWM_WINDOW=unset RWM_REPORT_GENS=unset RWM_REPAIR_WAIT=unset RWM_CODED_SRC=0 RWM_NO_REACTIVE=0 RWM_XPATH_REPAIR=0 RWM_PROACTIVE_PACER=0 RWM_REASM_BDP=0 RWM_MIN_R=0 RWM_CC_PACE=0 RWM_CC_PACE_HR=1.1 RWM_REACT_CAP=unset RWM_INFL_CAP=0 RWM_INFL_BDP=unset RWM_COPA_FEED=0 RWM_RS_ATTR=1 RWM_EMIT_BATCH=0 RWM_EMIT_BURST=64 RWM_RECOV_MP=1 RWM_RECOV_MP_LAW=1 RWM_RECOV_MP_LIVE=0 RWM_RECOV_SP=0 RWM_DERIVED_SWEEP=0 RWM_DIAG=1 RWM_ACKDIAG=1 RWM_RDIAG=0 RWM_FDIAG=0 RWM_TRACE=0 RWM_PFRAC=0
{"bytes":200000000,"dnf":0,"hint":"bulk","max_s":28.1082,"mean_mbps":56.923,"mean_s":28.1082,"median_s":28.1082,"min_s":28.1082,"proto":"rp-native","runs":1,"stdev_s":0.0,"summary":true}
    LATPROBE: /tmp/rwm-ping.txt 544 replies
    CPU: CPUSRV=15.39s CPUCLI=32.21s (srv=decoder cli=sender; whole-invocation incl warmup)
    QDISC cli0: qdisc netem a23b: root refcnt 7 limit 1000 delay 5ms  3ms loss gemodel p 1.3% r 50% 1-h 100% 1-k 0% rate 100Mbit seed 7  Sent 210839984 bytes 171087 pkt (dropped 939, overlimits 0 requeues 0)   backlog 0b 0p requeues 0 
    QDISC cli1: qdisc netem a23c: root refcnt 7 limit 1000 delay 20ms  5ms loss gemodel p 2% r 40% 1-h 100% 1-k 0% rate 20Mbit seed 7  Sent 19964706 bytes 17711 pkt (dropped 333, overlimits 0 requeues 0)   backlog 0b 0p requeues 0 
    QDISC srv0: qdisc netem a23d: root refcnt 7 limit 1000 delay 5ms  3ms rate 100Mbit seed 12323732700392409884  Sent 23836119 bytes 125914 pkt (dropped 0, overlimits 0 requeues 0)   backlog 0b 0p requeues 0 
    QDISC srv1: qdisc netem a23e: root refcnt 7 limit 1000 delay 20ms  5ms rate 20Mbit seed 14533277868191044080  Sent 2595720 bytes 14790 pkt (dropped 0, overlimits 0 requeues 0)   backlog 0b 0p requeues 0 
    QCAP: /tmp/rwm-q.txt 18 lines
RUNTIME c8L-AU rep=5 32s
DEADWALLRESULT {"cell": "c8L", "arm": "AU", "seed": 7, "rep": 5, "dnf": false, "dnf_count": 0, "mbps": 56.923, "seconds": 28.108, "n_runs": 1, "cpusrv": 15.39, "cpucli": 32.21, "khr_med": 1.0, "kraw_med": null, "khr_n": 177, "kraw_n": 0, "rtp_med": 34, "occ_p50": 366, "occcap_p50": 4096, "q_p50": 192, "q_p99": 1310, "diag_lines": 98, "retx": 13899, "gates_cli_ds": 0, "gates_srv_ds": 0, "gates_cli_u": 1, "gates_srv_u": 1, "gates_cli_mp": 1, "gates_srv_mp": 1, "gates_cli_ack": 1, "gates_srv_ack": 1, "gates_cli_diag": 1, "gates_srv_diag": 1, "gates_lines_cli": 1, "gates_lines_srv": 1, "active_ds_cli": 0, "active_ds_srv": 0, "diverged_ds_cli": 0, "diverged_ds_srv": 0, "active_u_cli": 1, "active_u_srv": 1, "ds_site": null, "ds_srtt_us": null, "ds_jitter_us": null, "ds_derived_us": null, "ds_legacy_us": null, "ds_from": null, "ds_n_echo": 0, "ackdiag_lines_cli": 26, "ackdiag_lines_srv": 15, "sf_ticks": 1682, "sf_E": 0.8252, "sf_short": 0.2634, "sf_zero": 0.0862, "capboot_n": 95, "capboot_frac": 0.0, "ping_n": 544, "ping_p50": 20.8, "ping_p95": 132.0, "ping_p99": 136.0, "ping_tx": null, "ping_rx": null, "ping_loss": null, "wait_tun": 87, "wait_paused": 0, "wait_pace": 0, "wait_gen": 0, "wait_nack": 10, "wait_defc": 0, "wait_tail": 0, "wait_flush": 0, "wait_lines": 95, "deadwall": false, "dgq_hand": 184881, "dgq_full": 8670, "dgq_gap": 8697, "tc_bytes": 230804760, "tc_pkts": 188799, "tc_drop": 1272, "tc_s": 32}
LIVENESS c8L-AU rep=5 cli=[RWM_DERIVED_SWEEP=0 RWM_STORE_CAP_UNIFIED=1 RWM_RECOV_MP=1 RWM_ACKDIAG=1] srv=[RWM_DERIVED_SWEEP=0 RWM_STORE_CAP_UNIFIED=1 RWM_RECOV_MP=1 RWM_ACKDIAG=1] actDS=0/0 divDS=0/0 actU=1/1 ackdiag=26/15 (expect ds=0 u=1)
=== rep=6 arm=c8-AU seed=7 env="RWM_STORE_CAP_UNIFIED=1" cell=c2/c3/dual bytes=25000000 05:00:58
RUNTIME c8-AU rep=6 2s
DEADWALLRESULT {"cell": "c8", "arm": "AU", "seed": 7, "rep": 6, "dnf": true, "dnf_count": null, "mbps": null, "seconds": null, "n_runs": 0, "cpusrv": null, "cpucli": null, "khr_med": null, "kraw_med": null, "khr_n": 0, "kraw_n": 0, "rtp_med": null, "occ_p50": null, "occcap_p50": null, "q_p50": null, "q_p99": null, "diag_lines": 0, "retx": 0, "gates_cli_ds": null, "gates_srv_ds": null, "gates_cli_u": null, "gates_srv_u": null, "gates_cli_mp": null, "gates_srv_mp": null, "gates_cli_ack": null, "gates_srv_ack": null, "gates_cli_diag": null, "gates_srv_diag": null, "gates_lines_cli": 0, "gates_lines_srv": 0, "active_ds_cli": 0, "active_ds_srv": 0, "diverged_ds_cli": 0, "diverged_ds_srv": 0, "active_u_cli": 0, "active_u_srv": 0, "ds_site": null, "ds_srtt_us": null, "ds_jitter_us": null, "ds_derived_us": null, "ds_legacy_us": null, "ds_from": null, "ds_n_echo": 0, "ackdiag_lines_cli": 0, "ackdiag_lines_srv": 0, "sf_ticks": null, "sf_E": null, "sf_short": null, "sf_zero": null, "capboot_n": 0, "capboot_frac": null, "ping_n": 544, "ping_p50": 20.8, "ping_p95": 132.0, "ping_p99": 136.0, "ping_tx": null, "ping_rx": null, "ping_loss": null, "wait_tun": null, "wait_paused": null, "wait_pace": null, "wait_gen": null, "wait_nack": null, "wait_defc": null, "wait_tail": null, "wait_flush": null, "wait_lines": 0, "deadwall": null, "dgq_hand": null, "dgq_full": null, "dgq_gap": null, "tc_bytes": null, "tc_pkts": null, "tc_drop": null, "tc_s": null}
LIVENESS c8-AU rep=6 cli=[   ] srv=[   ] actDS=/ divDS=/ actU=/ ackdiag=/ (expect ds=0 u=1)
ABORT c8-AU rep=6 (no [GATES] on either endpoint)
QCAP-MISSING c8-AU rep=6
=== rep=6 arm=c8-AUR seed=7 env="RWM_STORE_CAP_UNIFIED=1 RWM_DERIVED_SWEEP=1" cell=c2/c3/dual bytes=25000000 05:01:00
RUNTIME c8-AUR rep=6 3s
DEADWALLRESULT {"cell": "c8", "arm": "AUR", "seed": 7, "rep": 6, "dnf": true, "dnf_count": null, "mbps": null, "seconds": null, "n_runs": 0, "cpusrv": null, "cpucli": null, "khr_med": null, "kraw_med": null, "khr_n": 0, "kraw_n": 0, "rtp_med": null, "occ_p50": null, "occcap_p50": null, "q_p50": null, "q_p99": null, "diag_lines": 0, "retx": 0, "gates_cli_ds": null, "gates_srv_ds": null, "gates_cli_u": null, "gates_srv_u": null, "gates_cli_mp": null, "gates_srv_mp": null, "gates_cli_ack": null, "gates_srv_ack": null, "gates_cli_diag": null, "gates_srv_diag": null, "gates_lines_cli": 0, "gates_lines_srv": 0, "active_ds_cli": 0, "active_ds_srv": 0, "diverged_ds_cli": 0, "diverged_ds_srv": 0, "active_u_cli": 0, "active_u_srv": 0, "ds_site": null, "ds_srtt_us": null, "ds_jitter_us": null, "ds_derived_us": null, "ds_legacy_us": null, "ds_from": null, "ds_n_echo": 0, "ackdiag_lines_cli": 0, "ackdiag_lines_srv": 0, "sf_ticks": null, "sf_E": null, "sf_short": null, "sf_zero": null, "capboot_n": 0, "capboot_frac": null, "ping_n": 544, "ping_p50": 20.8, "ping_p95": 132.0, "ping_p99": 136.0, "ping_tx": null, "ping_rx": null, "ping_loss": null, "wait_tun": null, "wait_paused": null, "wait_pace": null, "wait_gen": null, "wait_nack": null, "wait_defc": null, "wait_tail": null, "wait_flush": null, "wait_lines": 0, "deadwall": null, "dgq_hand": null, "dgq_full": null, "dgq_gap": null, "tc_bytes": null, "tc_pkts": null, "tc_drop": null, "tc_s": null}
LIVENESS c8-AUR rep=6 cli=[   ] srv=[   ] actDS=/ divDS=/ actU=/ ackdiag=/ (expect ds=1 u=1)
ABORT c8-AUR rep=6 (no [GATES] on either endpoint)
QCAP-MISSING c8-AUR rep=6
=== rep=6 arm=c8L-AU seed=7 env="RWM_STORE_CAP_UNIFIED=1" cell=c2/c3/dual bytes=200000000 05:01:03
[2m2026-08-12T05:01:06.633193Z[0m [32m INFO[0m [2mraptorpath::gates[0m[2m:[0m [GATES] RWM_UNIFIED=1 RWM_UNIFIED_SHED=1 RWM_TAPER_R=1 RWM_ASTAR_ANCHOR=1 RWM_MSTAR_ANCHOR=1 RWM_PLAIN_RS=0 RWM_HONEST_ANCHOR=1 RWM_HONEST_K=0 RWM_STORE_SACK_RELEASE=1 RWM_STORE_PATHS=1 RWM_STORE_PATH_POOL=2048 RWM_STORE=unset RWM_STORE_GAIN=2 RWM_STORE_BOOT=128 RWM_STORE_CAPW=0 RWM_STORE_CAP_UNIFIED=1 RWM_THREE_TERM=0 RWM_STORE_PERCAP=0 RWM_PERCAP_GUARD=1 RWM_STORE_BORROW=0 RWM_HONEST_CAP=1 RWM_POOL_ANCHOR=0 RWM_POOL_DELIV=0 RWM_FLOOR_BOUND=0 RWM_ACK_MERGE=1 RWM_PATIENCE_DERIVED=0 RWM_SIDLE_DERIVED=0 RWM_WIN_DECOUPLE=0 RWM_PLACE_SLACK=0 RWM_GEN=384 RWM_PIPELINE=2 RWM_GEN_PIPE=1 RWM_GEN_R=unset RWM_GEN_RATE=9000 RWM_GEN_RATE_FLOOR=2000 RWM_GEN_INFLIGHT=unset RWM_OOO_RETAIN=0/16 RWM_WINDOW=unset RWM_REPORT_GENS=unset RWM_REPAIR_WAIT=unset RWM_CODED_SRC=0 RWM_NO_REACTIVE=0 RWM_XPATH_REPAIR=0 RWM_PROACTIVE_PACER=0 RWM_REASM_BDP=0 RWM_MIN_R=0 RWM_CC_PACE=0 RWM_CC_PACE_HR=1.1 RWM_REACT_CAP=unset RWM_INFL_CAP=0 RWM_INFL_BDP=unset RWM_COPA_FEED=0 RWM_RS_ATTR=1 RWM_EMIT_BATCH=0 RWM_EMIT_BURST=64 RWM_RECOV_MP=1 RWM_RECOV_MP_LAW=1 RWM_RECOV_MP_LIVE=0 RWM_RECOV_SP=0 RWM_DERIVED_SWEEP=0 RWM_DIAG=1 RWM_ACKDIAG=1 RWM_RDIAG=0 RWM_FDIAG=0 RWM_TRACE=0 RWM_PFRAC=0
{"bytes":200000000,"dnf":0,"hint":"bulk","max_s":20.062,"mean_mbps":79.753,"mean_s":20.062,"median_s":20.062,"min_s":20.062,"proto":"rp-native","runs":1,"stdev_s":0.0,"summary":true}
    LATPROBE: /tmp/rwm-ping.txt 381 replies
    CPU: CPUSRV=14.60s CPUCLI=22.78s (srv=decoder cli=sender; whole-invocation incl warmup)
    QDISC cli0: qdisc netem a247: root refcnt 7 limit 1000 delay 5ms  3ms loss gemodel p 1.3% r 50% 1-h 100% 1-k 0% rate 100Mbit seed 7  Sent 203837761 bytes 161129 pkt (dropped 776, overlimits 0 requeues 0)   backlog 0b 0p requeues 0 
    QDISC cli1: qdisc netem a248: root refcnt 7 limit 1000 delay 20ms  5ms loss gemodel p 2% r 40% 1-h 100% 1-k 0% rate 20Mbit seed 7  Sent 25309569 bytes 22885 pkt (dropped 428, overlimits 0 requeues 0)   backlog 0b 0p requeues 0 
    QDISC srv0: qdisc netem a249: root refcnt 7 limit 1000 delay 5ms  3ms rate 100Mbit seed 886428476396017657  Sent 21993185 bytes 117528 pkt (dropped 0, overlimits 0 requeues 0)   backlog 0b 0p requeues 0 
    QDISC srv1: qdisc netem a24a: root refcnt 7 limit 1000 delay 20ms  5ms rate 20Mbit seed 7683654923799225978  Sent 3219451 bytes 18031 pkt (dropped 0, overlimits 0 requeues 0)   backlog 0b 0p requeues 0 
    QCAP: /tmp/rwm-q.txt 18 lines
RUNTIME c8L-AU rep=6 24s
DEADWALLRESULT {"cell": "c8L", "arm": "AU", "seed": 7, "rep": 6, "dnf": false, "dnf_count": 0, "mbps": 79.753, "seconds": 20.062, "n_runs": 1, "cpusrv": 14.6, "cpucli": 22.78, "khr_med": 1.0, "kraw_med": null, "khr_n": 125, "kraw_n": 0, "rtp_med": 35, "occ_p50": 1857, "occcap_p50": 4096, "q_p50": 419, "q_p99": 1740, "diag_lines": 75, "retx": 9734, "gates_cli_ds": 0, "gates_srv_ds": 0, "gates_cli_u": 1, "gates_srv_u": 1, "gates_cli_mp": 1, "gates_srv_mp": 1, "gates_cli_ack": 1, "gates_srv_ack": 1, "gates_cli_diag": 1, "gates_srv_diag": 1, "gates_lines_cli": 1, "gates_lines_srv": 1, "active_ds_cli": 0, "active_ds_srv": 0, "diverged_ds_cli": 0, "diverged_ds_srv": 0, "active_u_cli": 1, "active_u_srv": 1, "ds_site": null, "ds_srtt_us": null, "ds_jitter_us": null, "ds_derived_us": null, "ds_legacy_us": null, "ds_from": null, "ds_n_echo": 0, "ackdiag_lines_cli": 16, "ackdiag_lines_srv": 11, "sf_ticks": 1893, "sf_E": 0.7623, "sf_short": 0.4157, "sf_zero": 0.0597, "capboot_n": 72, "capboot_frac": 0.0, "ping_n": 381, "ping_p50": 76.1, "ping_p95": 168.0, "ping_p99": 204.0, "ping_tx": null, "ping_rx": null, "ping_loss": null, "wait_tun": 80, "wait_paused": 0, "wait_pace": 0, "wait_gen": 0, "wait_nack": 19, "wait_defc": 0, "wait_tail": 0, "wait_flush": 0, "wait_lines": 72, "deadwall": false, "dgq_hand": 183466, "dgq_full": 1805, "dgq_gap": 1805, "tc_bytes": 229147330, "tc_pkts": 184014, "tc_drop": 1204, "tc_s": 23}
LIVENESS c8L-AU rep=6 cli=[RWM_DERIVED_SWEEP=0 RWM_STORE_CAP_UNIFIED=1 RWM_RECOV_MP=1 RWM_ACKDIAG=1] srv=[RWM_DERIVED_SWEEP=0 RWM_STORE_CAP_UNIFIED=1 RWM_RECOV_MP=1 RWM_ACKDIAG=1] actDS=0/0 divDS=0/0 actU=1/1 ackdiag=16/11 (expect ds=0 u=1)
=== rep=7 arm=c8-AU seed=7 env="RWM_STORE_CAP_UNIFIED=1" cell=c2/c3/dual bytes=25000000 05:01:27
[2m2026-08-12T05:01:31.323230Z[0m [32m INFO[0m [2mraptorpath::gates[0m[2m:[0m [GATES] RWM_UNIFIED=1 RWM_UNIFIED_SHED=1 RWM_TAPER_R=1 RWM_ASTAR_ANCHOR=1 RWM_MSTAR_ANCHOR=1 RWM_PLAIN_RS=0 RWM_HONEST_ANCHOR=1 RWM_HONEST_K=0 RWM_STORE_SACK_RELEASE=1 RWM_STORE_PATHS=1 RWM_STORE_PATH_POOL=2048 RWM_STORE=unset RWM_STORE_GAIN=2 RWM_STORE_BOOT=128 RWM_STORE_CAPW=0 RWM_STORE_CAP_UNIFIED=1 RWM_THREE_TERM=0 RWM_STORE_PERCAP=0 RWM_PERCAP_GUARD=1 RWM_STORE_BORROW=0 RWM_HONEST_CAP=1 RWM_POOL_ANCHOR=0 RWM_POOL_DELIV=0 RWM_FLOOR_BOUND=0 RWM_ACK_MERGE=1 RWM_PATIENCE_DERIVED=0 RWM_SIDLE_DERIVED=0 RWM_WIN_DECOUPLE=0 RWM_PLACE_SLACK=0 RWM_GEN=384 RWM_PIPELINE=2 RWM_GEN_PIPE=1 RWM_GEN_R=unset RWM_GEN_RATE=9000 RWM_GEN_RATE_FLOOR=2000 RWM_GEN_INFLIGHT=unset RWM_OOO_RETAIN=0/16 RWM_WINDOW=unset RWM_REPORT_GENS=unset RWM_REPAIR_WAIT=unset RWM_CODED_SRC=0 RWM_NO_REACTIVE=0 RWM_XPATH_REPAIR=0 RWM_PROACTIVE_PACER=0 RWM_REASM_BDP=0 RWM_MIN_R=0 RWM_CC_PACE=0 RWM_CC_PACE_HR=1.1 RWM_REACT_CAP=unset RWM_INFL_CAP=0 RWM_INFL_BDP=unset RWM_COPA_FEED=0 RWM_RS_ATTR=1 RWM_EMIT_BATCH=0 RWM_EMIT_BURST=64 RWM_RECOV_MP=1 RWM_RECOV_MP_LAW=1 RWM_RECOV_MP_LIVE=0 RWM_RECOV_SP=0 RWM_DERIVED_SWEEP=0 RWM_DIAG=1 RWM_ACKDIAG=1 RWM_RDIAG=0 RWM_FDIAG=0 RWM_TRACE=0 RWM_PFRAC=0
{"bytes":25000000,"dnf":0,"hint":"bulk","max_s":4.1005,"mean_mbps":48.775,"mean_s":4.1005,"median_s":4.1005,"min_s":4.1005,"proto":"rp-native","runs":1,"stdev_s":0.0,"summary":true}
    LATPROBE: /tmp/rwm-ping.txt 82 replies
    CPU: CPUSRV=2.17s CPUCLI=2.36s (srv=decoder cli=sender; whole-invocation incl warmup)
    QDISC cli0: qdisc netem a24b: root refcnt 7 limit 1000 delay 5ms  3ms loss gemodel p 1.3% r 50% 1-h 100% 1-k 0% rate 100Mbit seed 7  Sent 24334762 bytes 19045 pkt (dropped 91, overlimits 0 requeues 0)   backlog 0b 0p requeues 0 
    QDISC cli1: qdisc netem a24c: root refcnt 7 limit 1000 delay 20ms  5ms loss gemodel p 2% r 40% 1-h 100% 1-k 0% rate 20Mbit seed 7  Sent 6866486 bytes 6287 pkt (dropped 103, overlimits 0 requeues 0)   backlog 200b 2p requeues 0 
    QDISC srv0: qdisc netem a24d: root refcnt 7 limit 1000 delay 5ms  3ms rate 100Mbit seed 12130693910505137003  Sent 2711263 bytes 15172 pkt (dropped 0, overlimits 0 requeues 0)   backlog 0b 0p requeues 0 
    QDISC srv1: qdisc netem a24e: root refcnt 7 limit 1000 delay 20ms  5ms rate 20Mbit seed 16717802674993648933  Sent 940549 bytes 4925 pkt (dropped 0, overlimits 0 requeues 0)   backlog 0b 0p requeues 0 
    QCAP: /tmp/rwm-q.txt 18 lines
RUNTIME c8-AU rep=7 8s
DEADWALLRESULT {"cell": "c8", "arm": "AU", "seed": 7, "rep": 7, "dnf": false, "dnf_count": 0, "mbps": 48.775, "seconds": 4.1, "n_runs": 1, "cpusrv": 2.17, "cpucli": 2.36, "khr_med": 1.0, "kraw_med": null, "khr_n": 22, "kraw_n": 0, "rtp_med": 39, "occ_p50": 0, "occcap_p50": 4096, "q_p50": 235, "q_p99": 1089, "diag_lines": 16, "retx": 3592, "gates_cli_ds": 0, "gates_srv_ds": 0, "gates_cli_u": 1, "gates_srv_u": 1, "gates_cli_mp": 1, "gates_srv_mp": 1, "gates_cli_ack": 1, "gates_srv_ack": 1, "gates_cli_diag": 1, "gates_srv_diag": 1, "gates_lines_cli": 1, "gates_lines_srv": 1, "active_ds_cli": 0, "active_ds_srv": 0, "diverged_ds_cli": 0, "diverged_ds_srv": 0, "active_u_cli": 1, "active_u_srv": 1, "ds_site": null, "ds_srtt_us": null, "ds_jitter_us": null, "ds_derived_us": null, "ds_legacy_us": null, "ds_from": null, "ds_n_echo": 0, "ackdiag_lines_cli": 4, "ackdiag_lines_srv": 4, "sf_ticks": 413, "sf_E": 0.4722, "sf_short": 0.6489, "sf_zero": 0.4068, "capboot_n": 13, "capboot_frac": 0.0, "ping_n": 82, "ping_p50": 12.6, "ping_p95": 95.8, "ping_p99": 97.1, "ping_tx": null, "ping_rx": null, "ping_loss": null, "wait_tun": 0, "wait_paused": 0, "wait_pace": 0, "wait_gen": 0, "wait_nack": 58, "wait_defc": 0, "wait_tail": 3, "wait_flush": 0, "wait_lines": 13, "deadwall": true, "dgq_hand": 25749, "dgq_full": 895, "dgq_gap": 895, "tc_bytes": 31201448, "tc_pkts": 25334, "tc_drop": 194, "tc_s": 8}
LIVENESS c8-AU rep=7 cli=[RWM_DERIVED_SWEEP=0 RWM_STORE_CAP_UNIFIED=1 RWM_RECOV_MP=1 RWM_ACKDIAG=1] srv=[RWM_DERIVED_SWEEP=0 RWM_STORE_CAP_UNIFIED=1 RWM_RECOV_MP=1 RWM_ACKDIAG=1] actDS=0/0 divDS=0/0 actU=1/1 ackdiag=4/4 (expect ds=0 u=1)
=== rep=7 arm=c8-AUR seed=7 env="RWM_STORE_CAP_UNIFIED=1 RWM_DERIVED_SWEEP=1" cell=c2/c3/dual bytes=25000000 05:01:35
RUNTIME c8-AUR rep=7 3s
DEADWALLRESULT {"cell": "c8", "arm": "AUR", "seed": 7, "rep": 7, "dnf": true, "dnf_count": null, "mbps": null, "seconds": null, "n_runs": 0, "cpusrv": null, "cpucli": null, "khr_med": null, "kraw_med": null, "khr_n": 0, "kraw_n": 0, "rtp_med": null, "occ_p50": null, "occcap_p50": null, "q_p50": null, "q_p99": null, "diag_lines": 0, "retx": 0, "gates_cli_ds": null, "gates_srv_ds": null, "gates_cli_u": null, "gates_srv_u": null, "gates_cli_mp": null, "gates_srv_mp": null, "gates_cli_ack": null, "gates_srv_ack": null, "gates_cli_diag": null, "gates_srv_diag": null, "gates_lines_cli": 0, "gates_lines_srv": 0, "active_ds_cli": 0, "active_ds_srv": 0, "diverged_ds_cli": 0, "diverged_ds_srv": 0, "active_u_cli": 0, "active_u_srv": 0, "ds_site": null, "ds_srtt_us": null, "ds_jitter_us": null, "ds_derived_us": null, "ds_legacy_us": null, "ds_from": null, "ds_n_echo": 0, "ackdiag_lines_cli": 0, "ackdiag_lines_srv": 0, "sf_ticks": null, "sf_E": null, "sf_short": null, "sf_zero": null, "capboot_n": 0, "capboot_frac": null, "ping_n": 82, "ping_p50": 12.6, "ping_p95": 95.8, "ping_p99": 97.1, "ping_tx": null, "ping_rx": null, "ping_loss": null, "wait_tun": null, "wait_paused": null, "wait_pace": null, "wait_gen": null, "wait_nack": null, "wait_defc": null, "wait_tail": null, "wait_flush": null, "wait_lines": 0, "deadwall": null, "dgq_hand": null, "dgq_full": null, "dgq_gap": null, "tc_bytes": null, "tc_pkts": null, "tc_drop": null, "tc_s": null}
LIVENESS c8-AUR rep=7 cli=[   ] srv=[   ] actDS=/ divDS=/ actU=/ ackdiag=/ (expect ds=1 u=1)
ABORT c8-AUR rep=7 (no [GATES] on either endpoint)
QCAP-MISSING c8-AUR rep=7
=== rep=7 arm=c8L-AU seed=7 env="RWM_STORE_CAP_UNIFIED=1" cell=c2/c3/dual bytes=200000000 05:01:38
[2m2026-08-12T05:01:41.148363Z[0m [32m INFO[0m [2mraptorpath::gates[0m[2m:[0m [GATES] RWM_UNIFIED=1 RWM_UNIFIED_SHED=1 RWM_TAPER_R=1 RWM_ASTAR_ANCHOR=1 RWM_MSTAR_ANCHOR=1 RWM_PLAIN_RS=0 RWM_HONEST_ANCHOR=1 RWM_HONEST_K=0 RWM_STORE_SACK_RELEASE=1 RWM_STORE_PATHS=1 RWM_STORE_PATH_POOL=2048 RWM_STORE=unset RWM_STORE_GAIN=2 RWM_STORE_BOOT=128 RWM_STORE_CAPW=0 RWM_STORE_CAP_UNIFIED=1 RWM_THREE_TERM=0 RWM_STORE_PERCAP=0 RWM_PERCAP_GUARD=1 RWM_STORE_BORROW=0 RWM_HONEST_CAP=1 RWM_POOL_ANCHOR=0 RWM_POOL_DELIV=0 RWM_FLOOR_BOUND=0 RWM_ACK_MERGE=1 RWM_PATIENCE_DERIVED=0 RWM_SIDLE_DERIVED=0 RWM_WIN_DECOUPLE=0 RWM_PLACE_SLACK=0 RWM_GEN=384 RWM_PIPELINE=2 RWM_GEN_PIPE=1 RWM_GEN_R=unset RWM_GEN_RATE=9000 RWM_GEN_RATE_FLOOR=2000 RWM_GEN_INFLIGHT=unset RWM_OOO_RETAIN=0/16 RWM_WINDOW=unset RWM_REPORT_GENS=unset RWM_REPAIR_WAIT=unset RWM_CODED_SRC=0 RWM_NO_REACTIVE=0 RWM_XPATH_REPAIR=0 RWM_PROACTIVE_PACER=0 RWM_REASM_BDP=0 RWM_MIN_R=0 RWM_CC_PACE=0 RWM_CC_PACE_HR=1.1 RWM_REACT_CAP=unset RWM_INFL_CAP=0 RWM_INFL_BDP=unset RWM_COPA_FEED=0 RWM_RS_ATTR=1 RWM_EMIT_BATCH=0 RWM_EMIT_BURST=64 RWM_RECOV_MP=1 RWM_RECOV_MP_LAW=1 RWM_RECOV_MP_LIVE=0 RWM_RECOV_SP=0 RWM_DERIVED_SWEEP=0 RWM_DIAG=1 RWM_ACKDIAG=1 RWM_RDIAG=0 RWM_FDIAG=0 RWM_TRACE=0 RWM_PFRAC=0
{"bytes":200000000,"dnf":0,"hint":"bulk","max_s":29.7091,"mean_mbps":53.855,"mean_s":29.7091,"median_s":29.7091,"min_s":29.7091,"proto":"rp-native","runs":1,"stdev_s":0.0,"summary":true}
    LATPROBE: /tmp/rwm-ping.txt 581 replies
    CPU: CPUSRV=15.78s CPUCLI=29.94s (srv=decoder cli=sender; whole-invocation incl warmup)
    QDISC cli0: qdisc netem a253: root refcnt 7 limit 1000 delay 5ms  3ms loss gemodel p 1.3% r 50% 1-h 100% 1-k 0% rate 100Mbit seed 7  Sent 224445207 bytes 179306 pkt (dropped 942, overlimits 0 requeues 0)   backlog 0b 0p requeues 0 
    QDISC cli1: qdisc netem a254: root refcnt 7 limit 1000 delay 20ms  5ms loss gemodel p 2% r 40% 1-h 100% 1-k 0% rate 20Mbit seed 7  Sent 13737372 bytes 11755 pkt (dropped 197, overlimits 0 requeues 0)   backlog 0b 0p requeues 0 
    QDISC srv0: qdisc netem a255: root refcnt 7 limit 1000 delay 5ms  3ms rate 100Mbit seed 16725642622361805002  Sent 25840498 bytes 134954 pkt (dropped 0, overlimits 0 requeues 0)   backlog 0b 0p requeues 0 
    QDISC srv1: qdisc netem a256: root refcnt 7 limit 1000 delay 20ms  5ms rate 20Mbit seed 13843568293730813316  Sent 1826202 bytes 10459 pkt (dropped 0, overlimits 0 requeues 0)   backlog 0b 0p requeues 0 
    QCAP: /tmp/rwm-q.txt 18 lines
RUNTIME c8L-AU rep=7 33s
DEADWALLRESULT {"cell": "c8L", "arm": "AU", "seed": 7, "rep": 7, "dnf": false, "dnf_count": 0, "mbps": 53.855, "seconds": 29.709, "n_runs": 1, "cpusrv": 15.78, "cpucli": 29.94, "khr_med": 1.0, "kraw_med": null, "khr_n": 188, "kraw_n": 0, "rtp_med": 42, "occ_p50": 411, "occcap_p50": 4096, "q_p50": 414, "q_p99": 879, "diag_lines": 106, "retx": 17433, "gates_cli_ds": 0, "gates_srv_ds": 0, "gates_cli_u": 1, "gates_srv_u": 1, "gates_cli_mp": 1, "gates_srv_mp": 1, "gates_cli_ack": 1, "gates_srv_ack": 1, "gates_cli_diag": 1, "gates_srv_diag": 1, "gates_lines_cli": 1, "gates_lines_srv": 1, "active_ds_cli": 0, "active_ds_srv": 0, "diverged_ds_cli": 0, "diverged_ds_srv": 0, "active_u_cli": 1, "active_u_srv": 1, "ds_site": null, "ds_srtt_us": null, "ds_jitter_us": null, "ds_derived_us": null, "ds_legacy_us": null, "ds_from": null, "ds_n_echo": 0, "ackdiag_lines_cli": 26, "ackdiag_lines_srv": 16, "sf_ticks": 2073, "sf_E": 0.7639, "sf_short": 0.4062, "sf_zero": 0.0661, "capboot_n": 103, "capboot_frac": 0.0, "ping_n": 581, "ping_p50": 21.8, "ping_p95": 80.4, "ping_p99": 98.2, "ping_tx": null, "ping_rx": null, "ping_loss": null, "wait_tun": 82, "wait_paused": 0, "wait_pace": 0, "wait_gen": 0, "wait_nack": 15, "wait_defc": 0, "wait_tail": 0, "wait_flush": 0, "wait_lines": 103, "deadwall": false, "dgq_hand": 201439, "dgq_full": 12981, "dgq_gap": 12992, "tc_bytes": 238182579, "tc_pkts": 191061, "tc_drop": 1139, "tc_s": 33}
LIVENESS c8L-AU rep=7 cli=[RWM_DERIVED_SWEEP=0 RWM_STORE_CAP_UNIFIED=1 RWM_RECOV_MP=1 RWM_ACKDIAG=1] srv=[RWM_DERIVED_SWEEP=0 RWM_STORE_CAP_UNIFIED=1 RWM_RECOV_MP=1 RWM_ACKDIAG=1] actDS=0/0 divDS=0/0 actU=1/1 ackdiag=26/16 (expect ds=0 u=1)
=== rep=8 arm=c8-AU seed=7 env="RWM_STORE_CAP_UNIFIED=1" cell=c2/c3/dual bytes=25000000 05:02:11
RUNTIME c8-AU rep=8 3s
DEADWALLRESULT {"cell": "c8", "arm": "AU", "seed": 7, "rep": 8, "dnf": true, "dnf_count": null, "mbps": null, "seconds": null, "n_runs": 0, "cpusrv": null, "cpucli": null, "khr_med": null, "kraw_med": null, "khr_n": 0, "kraw_n": 0, "rtp_med": null, "occ_p50": null, "occcap_p50": null, "q_p50": null, "q_p99": null, "diag_lines": 0, "retx": 0, "gates_cli_ds": null, "gates_srv_ds": null, "gates_cli_u": null, "gates_srv_u": null, "gates_cli_mp": null, "gates_srv_mp": null, "gates_cli_ack": null, "gates_srv_ack": null, "gates_cli_diag": null, "gates_srv_diag": null, "gates_lines_cli": 0, "gates_lines_srv": 0, "active_ds_cli": 0, "active_ds_srv": 0, "diverged_ds_cli": 0, "diverged_ds_srv": 0, "active_u_cli": 0, "active_u_srv": 0, "ds_site": null, "ds_srtt_us": null, "ds_jitter_us": null, "ds_derived_us": null, "ds_legacy_us": null, "ds_from": null, "ds_n_echo": 0, "ackdiag_lines_cli": 0, "ackdiag_lines_srv": 0, "sf_ticks": null, "sf_E": null, "sf_short": null, "sf_zero": null, "capboot_n": 0, "capboot_frac": null, "ping_n": 581, "ping_p50": 21.8, "ping_p95": 80.4, "ping_p99": 98.2, "ping_tx": null, "ping_rx": null, "ping_loss": null, "wait_tun": null, "wait_paused": null, "wait_pace": null, "wait_gen": null, "wait_nack": null, "wait_defc": null, "wait_tail": null, "wait_flush": null, "wait_lines": 0, "deadwall": null, "dgq_hand": null, "dgq_full": null, "dgq_gap": null, "tc_bytes": null, "tc_pkts": null, "tc_drop": null, "tc_s": null}
LIVENESS c8-AU rep=8 cli=[   ] srv=[   ] actDS=/ divDS=/ actU=/ ackdiag=/ (expect ds=0 u=1)
ABORT c8-AU rep=8 (no [GATES] on either endpoint)
QCAP-MISSING c8-AU rep=8
=== rep=8 arm=c8-AUR seed=7 env="RWM_STORE_CAP_UNIFIED=1 RWM_DERIVED_SWEEP=1" cell=c2/c3/dual bytes=25000000 05:02:14
RUNTIME c8-AUR rep=8 3s
DEADWALLRESULT {"cell": "c8", "arm": "AUR", "seed": 7, "rep": 8, "dnf": true, "dnf_count": null, "mbps": null, "seconds": null, "n_runs": 0, "cpusrv": null, "cpucli": null, "khr_med": null, "kraw_med": null, "khr_n": 0, "kraw_n": 0, "rtp_med": null, "occ_p50": null, "occcap_p50": null, "q_p50": null, "q_p99": null, "diag_lines": 0, "retx": 0, "gates_cli_ds": null, "gates_srv_ds": null, "gates_cli_u": null, "gates_srv_u": null, "gates_cli_mp": null, "gates_srv_mp": null, "gates_cli_ack": null, "gates_srv_ack": null, "gates_cli_diag": null, "gates_srv_diag": null, "gates_lines_cli": 0, "gates_lines_srv": 0, "active_ds_cli": 0, "active_ds_srv": 0, "diverged_ds_cli": 0, "diverged_ds_srv": 0, "active_u_cli": 0, "active_u_srv": 0, "ds_site": null, "ds_srtt_us": null, "ds_jitter_us": null, "ds_derived_us": null, "ds_legacy_us": null, "ds_from": null, "ds_n_echo": 0, "ackdiag_lines_cli": 0, "ackdiag_lines_srv": 0, "sf_ticks": null, "sf_E": null, "sf_short": null, "sf_zero": null, "capboot_n": 0, "capboot_frac": null, "ping_n": 581, "ping_p50": 21.8, "ping_p95": 80.4, "ping_p99": 98.2, "ping_tx": null, "ping_rx": null, "ping_loss": null, "wait_tun": null, "wait_paused": null, "wait_pace": null, "wait_gen": null, "wait_nack": null, "wait_defc": null, "wait_tail": null, "wait_flush": null, "wait_lines": 0, "deadwall": null, "dgq_hand": null, "dgq_full": null, "dgq_gap": null, "tc_bytes": null, "tc_pkts": null, "tc_drop": null, "tc_s": null}
LIVENESS c8-AUR rep=8 cli=[   ] srv=[   ] actDS=/ divDS=/ actU=/ ackdiag=/ (expect ds=1 u=1)
ABORT c8-AUR rep=8 (no [GATES] on either endpoint)
QCAP-MISSING c8-AUR rep=8
=== rep=8 arm=c8L-AU seed=7 env="RWM_STORE_CAP_UNIFIED=1" cell=c2/c3/dual bytes=200000000 05:02:17
[2m2026-08-12T05:02:19.640921Z[0m [32m INFO[0m [2mraptorpath::gates[0m[2m:[0m [GATES] RWM_UNIFIED=1 RWM_UNIFIED_SHED=1 RWM_TAPER_R=1 RWM_ASTAR_ANCHOR=1 RWM_MSTAR_ANCHOR=1 RWM_PLAIN_RS=0 RWM_HONEST_ANCHOR=1 RWM_HONEST_K=0 RWM_STORE_SACK_RELEASE=1 RWM_STORE_PATHS=1 RWM_STORE_PATH_POOL=2048 RWM_STORE=unset RWM_STORE_GAIN=2 RWM_STORE_BOOT=128 RWM_STORE_CAPW=0 RWM_STORE_CAP_UNIFIED=1 RWM_THREE_TERM=0 RWM_STORE_PERCAP=0 RWM_PERCAP_GUARD=1 RWM_STORE_BORROW=0 RWM_HONEST_CAP=1 RWM_POOL_ANCHOR=0 RWM_POOL_DELIV=0 RWM_FLOOR_BOUND=0 RWM_ACK_MERGE=1 RWM_PATIENCE_DERIVED=0 RWM_SIDLE_DERIVED=0 RWM_WIN_DECOUPLE=0 RWM_PLACE_SLACK=0 RWM_GEN=384 RWM_PIPELINE=2 RWM_GEN_PIPE=1 RWM_GEN_R=unset RWM_GEN_RATE=9000 RWM_GEN_RATE_FLOOR=2000 RWM_GEN_INFLIGHT=unset RWM_OOO_RETAIN=0/16 RWM_WINDOW=unset RWM_REPORT_GENS=unset RWM_REPAIR_WAIT=unset RWM_CODED_SRC=0 RWM_NO_REACTIVE=0 RWM_XPATH_REPAIR=0 RWM_PROACTIVE_PACER=0 RWM_REASM_BDP=0 RWM_MIN_R=0 RWM_CC_PACE=0 RWM_CC_PACE_HR=1.1 RWM_REACT_CAP=unset RWM_INFL_CAP=0 RWM_INFL_BDP=unset RWM_COPA_FEED=0 RWM_RS_ATTR=1 RWM_EMIT_BATCH=0 RWM_EMIT_BURST=64 RWM_RECOV_MP=1 RWM_RECOV_MP_LAW=1 RWM_RECOV_MP_LIVE=0 RWM_RECOV_SP=0 RWM_DERIVED_SWEEP=0 RWM_DIAG=1 RWM_ACKDIAG=1 RWM_RDIAG=0 RWM_FDIAG=0 RWM_TRACE=0 RWM_PFRAC=0
{"bytes":200000000,"dnf":0,"hint":"bulk","max_s":23.7886,"mean_mbps":67.259,"mean_s":23.7886,"median_s":23.7886,"min_s":23.7886,"proto":"rp-native","runs":1,"stdev_s":0.0,"summary":true}
    LATPROBE: /tmp/rwm-ping.txt 457 replies
    CPU: CPUSRV=15.80s CPUCLI=28.17s (srv=decoder cli=sender; whole-invocation incl warmup)
    QDISC cli0: qdisc netem a25f: root refcnt 7 limit 1000 delay 5ms  3ms loss gemodel p 1.3% r 50% 1-h 100% 1-k 0% rate 100Mbit seed 7  Sent 216199067 bytes 174510 pkt (dropped 939, overlimits 0 requeues 0)   backlog 0b 0p requeues 0 
    QDISC cli1: qdisc netem a260: root refcnt 7 limit 1000 delay 20ms  5ms loss gemodel p 2% r 40% 1-h 100% 1-k 0% rate 20Mbit seed 7  Sent 19025176 bytes 17238 pkt (dropped 271, overlimits 0 requeues 0)   backlog 0b 0p requeues 0 
    QDISC srv0: qdisc netem a261: root refcnt 7 limit 1000 delay 5ms  3ms rate 100Mbit seed 13694255740696366620  Sent 24345302 bytes 131628 pkt (dropped 0, overlimits 0 requeues 0)   backlog 0b 0p requeues 0 
    QDISC srv1: qdisc netem a262: root refcnt 7 limit 1000 delay 20ms  5ms rate 20Mbit seed 1408740799279738057  Sent 2364925 bytes 13517 pkt (dropped 0, overlimits 0 requeues 0)   backlog 0b 0p requeues 0 
    QCAP: /tmp/rwm-q.txt 18 lines
RUNTIME c8L-AU rep=8 26s
DEADWALLRESULT {"cell": "c8L", "arm": "AU", "seed": 7, "rep": 8, "dnf": false, "dnf_count": 0, "mbps": 67.259, "seconds": 23.789, "n_runs": 1, "cpusrv": 15.8, "cpucli": 28.17, "khr_med": 1.0, "kraw_med": null, "khr_n": 148, "kraw_n": 0, "rtp_med": 36, "occ_p50": 826, "occcap_p50": 4096, "q_p50": 378, "q_p99": 1770, "diag_lines": 84, "retx": 15049, "gates_cli_ds": 0, "gates_srv_ds": 0, "gates_cli_u": 1, "gates_srv_u": 1, "gates_cli_mp": 1, "gates_srv_mp": 1, "gates_cli_ack": 1, "gates_srv_ack": 1, "gates_cli_diag": 1, "gates_srv_diag": 1, "gates_lines_cli": 1, "gates_lines_srv": 1, "active_ds_cli": 0, "active_ds_srv": 0, "diverged_ds_cli": 0, "diverged_ds_srv": 0, "active_u_cli": 1, "active_u_srv": 1, "ds_site": null, "ds_srtt_us": null, "ds_jitter_us": null, "ds_derived_us": null, "ds_legacy_us": null, "ds_from": null, "ds_n_echo": 0, "ackdiag_lines_cli": 20, "ackdiag_lines_srv": 12, "sf_ticks": 1636, "sf_E": 0.8102, "sf_short": 0.3105, "sf_zero": 0.0691, "capboot_n": 81, "capboot_frac": 0.0, "ping_n": 457, "ping_p50": 37.7, "ping_p95": 118.0, "ping_p99": 121.0, "ping_tx": null, "ping_rx": null, "ping_loss": null, "wait_tun": 89, "wait_paused": 0, "wait_pace": 0, "wait_gen": 0, "wait_nack": 10, "wait_defc": 0, "wait_tail": 0, "wait_flush": 0, "wait_lines": 81, "deadwall": false, "dgq_hand": 194815, "dgq_full": 8981, "dgq_gap": 9002, "tc_bytes": 235224443, "tc_pkts": 191750, "tc_drop": 1210, "tc_s": 26}
LIVENESS c8L-AU rep=8 cli=[RWM_DERIVED_SWEEP=0 RWM_STORE_CAP_UNIFIED=1 RWM_RECOV_MP=1 RWM_ACKDIAG=1] srv=[RWM_DERIVED_SWEEP=0 RWM_STORE_CAP_UNIFIED=1 RWM_RECOV_MP=1 RWM_ACKDIAG=1] actDS=0/0 divDS=0/0 actU=1/1 ackdiag=20/12 (expect ds=0 u=1)
=== rep=9 arm=c8-AU seed=7 env="RWM_STORE_CAP_UNIFIED=1" cell=c2/c3/dual bytes=25000000 05:02:43
[2m2026-08-12T05:02:46.032491Z[0m [32m INFO[0m [2mraptorpath::gates[0m[2m:[0m [GATES] RWM_UNIFIED=1 RWM_UNIFIED_SHED=1 RWM_TAPER_R=1 RWM_ASTAR_ANCHOR=1 RWM_MSTAR_ANCHOR=1 RWM_PLAIN_RS=0 RWM_HONEST_ANCHOR=1 RWM_HONEST_K=0 RWM_STORE_SACK_RELEASE=1 RWM_STORE_PATHS=1 RWM_STORE_PATH_POOL=2048 RWM_STORE=unset RWM_STORE_GAIN=2 RWM_STORE_BOOT=128 RWM_STORE_CAPW=0 RWM_STORE_CAP_UNIFIED=1 RWM_THREE_TERM=0 RWM_STORE_PERCAP=0 RWM_PERCAP_GUARD=1 RWM_STORE_BORROW=0 RWM_HONEST_CAP=1 RWM_POOL_ANCHOR=0 RWM_POOL_DELIV=0 RWM_FLOOR_BOUND=0 RWM_ACK_MERGE=1 RWM_PATIENCE_DERIVED=0 RWM_SIDLE_DERIVED=0 RWM_WIN_DECOUPLE=0 RWM_PLACE_SLACK=0 RWM_GEN=384 RWM_PIPELINE=2 RWM_GEN_PIPE=1 RWM_GEN_R=unset RWM_GEN_RATE=9000 RWM_GEN_RATE_FLOOR=2000 RWM_GEN_INFLIGHT=unset RWM_OOO_RETAIN=0/16 RWM_WINDOW=unset RWM_REPORT_GENS=unset RWM_REPAIR_WAIT=unset RWM_CODED_SRC=0 RWM_NO_REACTIVE=0 RWM_XPATH_REPAIR=0 RWM_PROACTIVE_PACER=0 RWM_REASM_BDP=0 RWM_MIN_R=0 RWM_CC_PACE=0 RWM_CC_PACE_HR=1.1 RWM_REACT_CAP=unset RWM_INFL_CAP=0 RWM_INFL_BDP=unset RWM_COPA_FEED=0 RWM_RS_ATTR=1 RWM_EMIT_BATCH=0 RWM_EMIT_BURST=64 RWM_RECOV_MP=1 RWM_RECOV_MP_LAW=1 RWM_RECOV_MP_LIVE=0 RWM_RECOV_SP=0 RWM_DERIVED_SWEEP=0 RWM_DIAG=1 RWM_ACKDIAG=1 RWM_RDIAG=0 RWM_FDIAG=0 RWM_TRACE=0 RWM_PFRAC=0
{"bytes":25000000,"dnf":0,"hint":"bulk","max_s":3.0915,"mean_mbps":64.693,"mean_s":3.0915,"median_s":3.0915,"min_s":3.0915,"proto":"rp-native","runs":1,"stdev_s":0.0,"summary":true}
    LATPROBE: /tmp/rwm-ping.txt 64 replies
    CPU: CPUSRV=2.03s CPUCLI=2.48s (srv=decoder cli=sender; whole-invocation incl warmup)
    QDISC cli0: qdisc netem a263: root refcnt 7 limit 1000 delay 5ms  3ms loss gemodel p 1.3% r 50% 1-h 100% 1-k 0% rate 100Mbit seed 7  Sent 23755585 bytes 18721 pkt (dropped 87, overlimits 0 requeues 0)   backlog 0b 0p requeues 0 
    QDISC cli1: qdisc netem a264: root refcnt 7 limit 1000 delay 20ms  5ms loss gemodel p 2% r 40% 1-h 100% 1-k 0% rate 20Mbit seed 7  Sent 5145220 bytes 4409 pkt (dropped 80, overlimits 0 requeues 0)   backlog 0b 0p requeues 0 
    QDISC srv0: qdisc netem a265: root refcnt 7 limit 1000 delay 5ms  3ms rate 100Mbit seed 2872030425840950895  Sent 2645133 bytes 14448 pkt (dropped 0, overlimits 0 requeues 0)   backlog 0b 0p requeues 0 
    QDISC srv1: qdisc netem a266: root refcnt 7 limit 1000 delay 20ms  5ms rate 20Mbit seed 2780449185289193431  Sent 649275 bytes 3871 pkt (dropped 0, overlimits 0 requeues 0)   backlog 0b 0p requeues 0 
    QCAP: /tmp/rwm-q.txt 18 lines
RUNTIME c8-AU rep=9 6s
DEADWALLRESULT {"cell": "c8", "arm": "AU", "seed": 7, "rep": 9, "dnf": false, "dnf_count": 0, "mbps": 64.693, "seconds": 3.092, "n_runs": 1, "cpusrv": 2.03, "cpucli": 2.48, "khr_med": 1.0, "kraw_med": null, "khr_n": 16, "kraw_n": 0, "rtp_med": 49, "occ_p50": 1226, "occcap_p50": 4096, "q_p50": 493, "q_p99": 1125, "diag_lines": 11, "retx": 1259, "gates_cli_ds": 0, "gates_srv_ds": 0, "gates_cli_u": 1, "gates_srv_u": 1, "gates_cli_mp": 1, "gates_srv_mp": 1, "gates_cli_ack": 1, "gates_srv_ack": 1, "gates_cli_diag": 1, "gates_srv_diag": 1, "gates_lines_cli": 1, "gates_lines_srv": 1, "active_ds_cli": 0, "active_ds_srv": 0, "diverged_ds_cli": 0, "diverged_ds_srv": 0, "active_u_cli": 1, "active_u_srv": 1, "ds_site": null, "ds_srtt_us": null, "ds_jitter_us": null, "ds_derived_us": null, "ds_legacy_us": null, "ds_from": null, "ds_n_echo": 0, "ackdiag_lines_cli": 2, "ackdiag_lines_srv": 2, "sf_ticks": 279, "sf_E": 0.6953, "sf_short": 0.3763, "sf_zero": 0.233, "capboot_n": 8, "capboot_frac": 0.0, "ping_n": 64, "ping_p50": 26.3, "ping_p95": 111.0, "ping_p99": 112.0, "ping_tx": null, "ping_rx": null, "ping_loss": null, "wait_tun": 46, "wait_paused": 0, "wait_pace": 0, "wait_gen": 0, "wait_nack": 23, "wait_defc": 0, "wait_tail": 15, "wait_flush": 0, "wait_lines": 8, "deadwall": false, "dgq_hand": 22699, "dgq_full": 0, "dgq_gap": 2, "tc_bytes": 28900805, "tc_pkts": 23130, "tc_drop": 167, "tc_s": 6}
LIVENESS c8-AU rep=9 cli=[RWM_DERIVED_SWEEP=0 RWM_STORE_CAP_UNIFIED=1 RWM_RECOV_MP=1 RWM_ACKDIAG=1] srv=[RWM_DERIVED_SWEEP=0 RWM_STORE_CAP_UNIFIED=1 RWM_RECOV_MP=1 RWM_ACKDIAG=1] actDS=0/0 divDS=0/0 actU=1/1 ackdiag=2/2 (expect ds=0 u=1)
=== rep=9 arm=c8-AUR seed=7 env="RWM_STORE_CAP_UNIFIED=1 RWM_DERIVED_SWEEP=1" cell=c2/c3/dual bytes=25000000 05:02:49
[2m2026-08-12T05:02:53.742893Z[0m [32m INFO[0m [2mraptorpath::gates[0m[2m:[0m [GATES] RWM_UNIFIED=1 RWM_UNIFIED_SHED=1 RWM_TAPER_R=1 RWM_ASTAR_ANCHOR=1 RWM_MSTAR_ANCHOR=1 RWM_PLAIN_RS=0 RWM_HONEST_ANCHOR=1 RWM_HONEST_K=0 RWM_STORE_SACK_RELEASE=1 RWM_STORE_PATHS=1 RWM_STORE_PATH_POOL=2048 RWM_STORE=unset RWM_STORE_GAIN=2 RWM_STORE_BOOT=128 RWM_STORE_CAPW=0 RWM_STORE_CAP_UNIFIED=1 RWM_THREE_TERM=0 RWM_STORE_PERCAP=0 RWM_PERCAP_GUARD=1 RWM_STORE_BORROW=0 RWM_HONEST_CAP=1 RWM_POOL_ANCHOR=0 RWM_POOL_DELIV=0 RWM_FLOOR_BOUND=0 RWM_ACK_MERGE=1 RWM_PATIENCE_DERIVED=0 RWM_SIDLE_DERIVED=0 RWM_WIN_DECOUPLE=0 RWM_PLACE_SLACK=0 RWM_GEN=384 RWM_PIPELINE=2 RWM_GEN_PIPE=1 RWM_GEN_R=unset RWM_GEN_RATE=9000 RWM_GEN_RATE_FLOOR=2000 RWM_GEN_INFLIGHT=unset RWM_OOO_RETAIN=0/16 RWM_WINDOW=unset RWM_REPORT_GENS=unset RWM_REPAIR_WAIT=unset RWM_CODED_SRC=0 RWM_NO_REACTIVE=0 RWM_XPATH_REPAIR=0 RWM_PROACTIVE_PACER=0 RWM_REASM_BDP=0 RWM_MIN_R=0 RWM_CC_PACE=0 RWM_CC_PACE_HR=1.1 RWM_REACT_CAP=unset RWM_INFL_CAP=0 RWM_INFL_BDP=unset RWM_COPA_FEED=0 RWM_RS_ATTR=1 RWM_EMIT_BATCH=0 RWM_EMIT_BURST=64 RWM_RECOV_MP=1 RWM_RECOV_MP_LAW=1 RWM_RECOV_MP_LIVE=0 RWM_RECOV_SP=0 RWM_DERIVED_SWEEP=1 RWM_DIAG=1 RWM_ACKDIAG=1 RWM_RDIAG=0 RWM_FDIAG=0 RWM_TRACE=0 RWM_PFRAC=0
{"bytes":25000000,"dnf":0,"hint":"bulk","max_s":3.9293,"mean_mbps":50.9,"mean_s":3.9293,"median_s":3.9293,"min_s":3.9293,"proto":"rp-native","runs":1,"stdev_s":0.0,"summary":true}
    LATPROBE: /tmp/rwm-ping.txt 76 replies
    CPU: CPUSRV=2.07s CPUCLI=2.55s (srv=decoder cli=sender; whole-invocation incl warmup)
    QDISC cli0: qdisc netem a267: root refcnt 7 limit 1000 delay 5ms  3ms loss gemodel p 1.3% r 50% 1-h 100% 1-k 0% rate 100Mbit seed 7  Sent 23489761 bytes 18549 pkt (dropped 91, overlimits 0 requeues 0)   backlog 0b 0p requeues 0 
    QDISC cli1: qdisc netem a268: root refcnt 7 limit 1000 delay 20ms  5ms loss gemodel p 2% r 40% 1-h 100% 1-k 0% rate 20Mbit seed 7  Sent 5686858 bytes 4788 pkt (dropped 81, overlimits 0 requeues 0)   backlog 0b 0p requeues 0 
    QDISC srv0: qdisc netem a269: root refcnt 7 limit 1000 delay 5ms  3ms rate 100Mbit seed 138400027351828356  Sent 2638606 bytes 14610 pkt (dropped 0, overlimits 0 requeues 0)   backlog 0b 0p requeues 0 
    QDISC srv1: qdisc netem a26a: root refcnt 7 limit 1000 delay 20ms  5ms rate 20Mbit seed 10044149780256969934  Sent 733053 bytes 4267 pkt (dropped 0, overlimits 0 requeues 0)   backlog 0b 0p requeues 0 
    QCAP: /tmp/rwm-q.txt 18 lines
RUNTIME c8-AUR rep=9 9s
DEADWALLRESULT {"cell": "c8", "arm": "AUR", "seed": 7, "rep": 9, "dnf": false, "dnf_count": 0, "mbps": 50.9, "seconds": 3.929, "n_runs": 1, "cpusrv": 2.07, "cpucli": 2.55, "khr_med": 1.0, "kraw_med": null, "khr_n": 12, "kraw_n": 0, "rtp_med": 45, "occ_p50": 959, "occcap_p50": 4096, "q_p50": 783, "q_p99": 1380, "diag_lines": 9, "retx": 1437, "gates_cli_ds": 1, "gates_srv_ds": 1, "gates_cli_u": 1, "gates_srv_u": 1, "gates_cli_mp": 1, "gates_srv_mp": 1, "gates_cli_ack": 1, "gates_srv_ack": 1, "gates_cli_diag": 1, "gates_srv_diag": 1, "gates_lines_cli": 1, "gates_lines_srv": 1, "active_ds_cli": 1, "active_ds_srv": 2, "diverged_ds_cli": 1, "diverged_ds_srv": 2, "active_u_cli": 1, "active_u_srv": 1, "ds_site": "receiver-hole-refresh", "ds_srtt_us": 57936, "ds_jitter_us": 25888, "ds_derived_us": 115872, "ds_legacy_us": 100000, "ds_from": "diverged", "ds_n_echo": 6, "ackdiag_lines_cli": 2, "ackdiag_lines_srv": 2, "sf_ticks": 284, "sf_E": 0.6303, "sf_short": 0.4683, "sf_zero": 0.2711, "capboot_n": 6, "capboot_frac": 0.0, "ping_n": 76, "ping_p50": 13.2, "ping_p95": 138.0, "ping_p99": 140.0, "ping_tx": null, "ping_rx": null, "ping_loss": null, "wait_tun": 0, "wait_paused": 0, "wait_pace": 0, "wait_gen": 0, "wait_nack": 21, "wait_defc": 0, "wait_tail": 0, "wait_flush": 0, "wait_lines": 6, "deadwall": true, "dgq_hand": 22886, "dgq_full": 0, "dgq_gap": 2, "tc_bytes": 29176619, "tc_pkts": 23337, "tc_drop": 172, "tc_s": 8}
LIVENESS c8-AUR rep=9 cli=[RWM_DERIVED_SWEEP=1 RWM_STORE_CAP_UNIFIED=1 RWM_RECOV_MP=1 RWM_ACKDIAG=1] srv=[RWM_DERIVED_SWEEP=1 RWM_STORE_CAP_UNIFIED=1 RWM_RECOV_MP=1 RWM_ACKDIAG=1] actDS=1/2 divDS=1/2 actU=1/1 ackdiag=2/2 (expect ds=1 u=1)
DSLINE c8-AUR rep=9 ep=c ACTIVE site=sender-tail-sweep srtt_us=50000 jitter_us=0 derived_us=100000 legacy_us=100000
DSLINE c8-AUR rep=9 ep=c DIVERGED site=sender-tail-sweep srtt_us=10000 jitter_us=0 derived_us=20000 legacy_us=25000
DSLINE c8-AUR rep=9 ep=s ACTIVE site=sender-tail-sweep srtt_us=50000 jitter_us=0 derived_us=100000 legacy_us=100000
DSLINE c8-AUR rep=9 ep=s ACTIVE site=receiver-hole-refresh srtt_us=50000 jitter_us=3 derived_us=100000 legacy_us=100000
DSLINE c8-AUR rep=9 ep=s DIVERGED site=receiver-hole-refresh srtt_us=57936 jitter_us=25888 derived_us=115872 legacy_us=100000
DSLINE c8-AUR rep=9 ep=s DIVERGED site=sender-tail-sweep srtt_us=57936 jitter_us=25888 derived_us=115872 legacy_us=100000
=== rep=9 arm=c8L-AU seed=7 env="RWM_STORE_CAP_UNIFIED=1" cell=c2/c3/dual bytes=200000000 05:02:58
[2m2026-08-12T05:03:00.445193Z[0m [32m INFO[0m [2mraptorpath::gates[0m[2m:[0m [GATES] RWM_UNIFIED=1 RWM_UNIFIED_SHED=1 RWM_TAPER_R=1 RWM_ASTAR_ANCHOR=1 RWM_MSTAR_ANCHOR=1 RWM_PLAIN_RS=0 RWM_HONEST_ANCHOR=1 RWM_HONEST_K=0 RWM_STORE_SACK_RELEASE=1 RWM_STORE_PATHS=1 RWM_STORE_PATH_POOL=2048 RWM_STORE=unset RWM_STORE_GAIN=2 RWM_STORE_BOOT=128 RWM_STORE_CAPW=0 RWM_STORE_CAP_UNIFIED=1 RWM_THREE_TERM=0 RWM_STORE_PERCAP=0 RWM_PERCAP_GUARD=1 RWM_STORE_BORROW=0 RWM_HONEST_CAP=1 RWM_POOL_ANCHOR=0 RWM_POOL_DELIV=0 RWM_FLOOR_BOUND=0 RWM_ACK_MERGE=1 RWM_PATIENCE_DERIVED=0 RWM_SIDLE_DERIVED=0 RWM_WIN_DECOUPLE=0 RWM_PLACE_SLACK=0 RWM_GEN=384 RWM_PIPELINE=2 RWM_GEN_PIPE=1 RWM_GEN_R=unset RWM_GEN_RATE=9000 RWM_GEN_RATE_FLOOR=2000 RWM_GEN_INFLIGHT=unset RWM_OOO_RETAIN=0/16 RWM_WINDOW=unset RWM_REPORT_GENS=unset RWM_REPAIR_WAIT=unset RWM_CODED_SRC=0 RWM_NO_REACTIVE=0 RWM_XPATH_REPAIR=0 RWM_PROACTIVE_PACER=0 RWM_REASM_BDP=0 RWM_MIN_R=0 RWM_CC_PACE=0 RWM_CC_PACE_HR=1.1 RWM_REACT_CAP=unset RWM_INFL_CAP=0 RWM_INFL_BDP=unset RWM_COPA_FEED=0 RWM_RS_ATTR=1 RWM_EMIT_BATCH=0 RWM_EMIT_BURST=64 RWM_RECOV_MP=1 RWM_RECOV_MP_LAW=1 RWM_RECOV_MP_LIVE=0 RWM_RECOV_SP=0 RWM_DERIVED_SWEEP=0 RWM_DIAG=1 RWM_ACKDIAG=1 RWM_RDIAG=0 RWM_FDIAG=0 RWM_TRACE=0 RWM_PFRAC=0
{"bytes":200000000,"dnf":0,"hint":"bulk","max_s":58.799,"mean_mbps":27.211,"mean_s":58.799,"median_s":58.799,"min_s":58.799,"proto":"rp-native","runs":1,"stdev_s":0.0,"summary":true}
    LATPROBE: /tmp/rwm-ping.txt 1129 replies
    CPU: CPUSRV=17.05s CPUCLI=62.49s (srv=decoder cli=sender; whole-invocation incl warmup)
    QDISC cli0: qdisc netem a26b: root refcnt 7 limit 1000 delay 5ms  3ms loss gemodel p 1.3% r 50% 1-h 100% 1-k 0% rate 100Mbit seed 7  Sent 225129073 bytes 186592 pkt (dropped 1203, overlimits 0 requeues 0)   backlog 0b 0p requeues 0 
    QDISC cli1: qdisc netem a26c: root refcnt 7 limit 1000 delay 20ms  5ms loss gemodel p 2% r 40% 1-h 100% 1-k 0% rate 20Mbit seed 7  Sent 8528787 bytes 7987 pkt (dropped 152, overlimits 0 requeues 0)   backlog 0b 0p requeues 0 
    QDISC srv0: qdisc netem a26d: root refcnt 7 limit 1000 delay 5ms  3ms rate 100Mbit seed 13929841796375989211  Sent 27219097 bytes 145046 pkt (dropped 0, overlimits 0 requeues 0)   backlog 0b 0p requeues 0 
    QDISC srv1: qdisc netem a26e: root refcnt 7 limit 1000 delay 20ms  5ms rate 20Mbit seed 13883021389087173955  Sent 1271371 bytes 6784 pkt (dropped 0, overlimits 0 requeues 0)   backlog 0b 0p requeues 0 
    QCAP: /tmp/rwm-q.txt 18 lines
RUNTIME c8L-AU rep=9 61s
DEADWALLRESULT {"cell": "c8L", "arm": "AU", "seed": 7, "rep": 9, "dnf": false, "dnf_count": 0, "mbps": 27.211, "seconds": 58.799, "n_runs": 1, "cpusrv": 17.05, "cpucli": 62.49, "khr_med": 1.0, "kraw_med": null, "khr_n": 334, "kraw_n": 0, "rtp_med": 35, "occ_p50": 0, "occcap_p50": 4096, "q_p50": 193, "q_p99": 844, "diag_lines": 173, "retx": 18148, "gates_cli_ds": 0, "gates_srv_ds": 0, "gates_cli_u": 1, "gates_srv_u": 1, "gates_cli_mp": 1, "gates_srv_mp": 1, "gates_cli_ack": 1, "gates_srv_ack": 1, "gates_cli_diag": 1, "gates_srv_diag": 1, "gates_lines_cli": 1, "gates_lines_srv": 1, "active_ds_cli": 0, "active_ds_srv": 0, "diverged_ds_cli": 0, "diverged_ds_srv": 0, "active_u_cli": 1, "active_u_srv": 1, "ds_site": null, "ds_srtt_us": null, "ds_jitter_us": null, "ds_derived_us": null, "ds_legacy_us": null, "ds_from": null, "ds_n_echo": 0, "ackdiag_lines_cli": 54, "ackdiag_lines_srv": 31, "sf_ticks": 1736, "sf_E": 0.8897, "sf_short": 0.1498, "sf_zero": 0.0709, "capboot_n": 170, "capboot_frac": 0.0, "ping_n": 1129, "ping_p50": 11.7, "ping_p95": 115.0, "ping_p99": 121.0, "ping_tx": null, "ping_rx": null, "ping_loss": null, "wait_tun": 91, "wait_paused": 0, "wait_pace": 0, "wait_gen": 0, "wait_nack": 7, "wait_defc": 0, "wait_tail": 0, "wait_flush": 0, "wait_lines": 170, "deadwall": false, "dgq_hand": 198515, "dgq_full": 13863, "dgq_gap": 13871, "tc_bytes": 233658060, "tc_pkts": 194581, "tc_drop": 1355, "tc_s": 61}
LIVENESS c8L-AU rep=9 cli=[RWM_DERIVED_SWEEP=0 RWM_STORE_CAP_UNIFIED=1 RWM_RECOV_MP=1 RWM_ACKDIAG=1] srv=[RWM_DERIVED_SWEEP=0 RWM_STORE_CAP_UNIFIED=1 RWM_RECOV_MP=1 RWM_ACKDIAG=1] actDS=0/0 divDS=0/0 actU=1/1 ackdiag=54/31 (expect ds=0 u=1)
=== rep=10 arm=c8-AU seed=7 env="RWM_STORE_CAP_UNIFIED=1" cell=c2/c3/dual bytes=25000000 05:03:59
[2m2026-08-12T05:04:02.822942Z[0m [32m INFO[0m [2mraptorpath::gates[0m[2m:[0m [GATES] RWM_UNIFIED=1 RWM_UNIFIED_SHED=1 RWM_TAPER_R=1 RWM_ASTAR_ANCHOR=1 RWM_MSTAR_ANCHOR=1 RWM_PLAIN_RS=0 RWM_HONEST_ANCHOR=1 RWM_HONEST_K=0 RWM_STORE_SACK_RELEASE=1 RWM_STORE_PATHS=1 RWM_STORE_PATH_POOL=2048 RWM_STORE=unset RWM_STORE_GAIN=2 RWM_STORE_BOOT=128 RWM_STORE_CAPW=0 RWM_STORE_CAP_UNIFIED=1 RWM_THREE_TERM=0 RWM_STORE_PERCAP=0 RWM_PERCAP_GUARD=1 RWM_STORE_BORROW=0 RWM_HONEST_CAP=1 RWM_POOL_ANCHOR=0 RWM_POOL_DELIV=0 RWM_FLOOR_BOUND=0 RWM_ACK_MERGE=1 RWM_PATIENCE_DERIVED=0 RWM_SIDLE_DERIVED=0 RWM_WIN_DECOUPLE=0 RWM_PLACE_SLACK=0 RWM_GEN=384 RWM_PIPELINE=2 RWM_GEN_PIPE=1 RWM_GEN_R=unset RWM_GEN_RATE=9000 RWM_GEN_RATE_FLOOR=2000 RWM_GEN_INFLIGHT=unset RWM_OOO_RETAIN=0/16 RWM_WINDOW=unset RWM_REPORT_GENS=unset RWM_REPAIR_WAIT=unset RWM_CODED_SRC=0 RWM_NO_REACTIVE=0 RWM_XPATH_REPAIR=0 RWM_PROACTIVE_PACER=0 RWM_REASM_BDP=0 RWM_MIN_R=0 RWM_CC_PACE=0 RWM_CC_PACE_HR=1.1 RWM_REACT_CAP=unset RWM_INFL_CAP=0 RWM_INFL_BDP=unset RWM_COPA_FEED=0 RWM_RS_ATTR=1 RWM_EMIT_BATCH=0 RWM_EMIT_BURST=64 RWM_RECOV_MP=1 RWM_RECOV_MP_LAW=1 RWM_RECOV_MP_LIVE=0 RWM_RECOV_SP=0 RWM_DERIVED_SWEEP=0 RWM_DIAG=1 RWM_ACKDIAG=1 RWM_RDIAG=0 RWM_FDIAG=0 RWM_TRACE=0 RWM_PFRAC=0
{"bytes":25000000,"dnf":0,"hint":"bulk","max_s":2.6287,"mean_mbps":76.083,"mean_s":2.6287,"median_s":2.6287,"min_s":2.6287,"proto":"rp-native","runs":1,"stdev_s":0.0,"summary":true}
    LATPROBE: /tmp/rwm-ping.txt 54 replies
    CPU: CPUSRV=2.00s CPUCLI=2.53s (srv=decoder cli=sender; whole-invocation incl warmup)
    QDISC cli0: qdisc netem a26f: root refcnt 7 limit 1000 delay 5ms  3ms loss gemodel p 1.3% r 50% 1-h 100% 1-k 0% rate 100Mbit seed 7  Sent 24915995 bytes 19680 pkt (dropped 91, overlimits 0 requeues 0)   backlog 0b 0p requeues 0 
    QDISC cli1: qdisc netem a270: root refcnt 7 limit 1000 delay 20ms  5ms loss gemodel p 2% r 40% 1-h 100% 1-k 0% rate 20Mbit seed 7  Sent 4830300 bytes 4159 pkt (dropped 80, overlimits 0 requeues 0)   backlog 0b 0p requeues 0 
    QDISC srv0: qdisc netem a271: root refcnt 7 limit 1000 delay 5ms  3ms rate 100Mbit seed 18182605130558000397  Sent 2822478 bytes 14944 pkt (dropped 0, overlimits 0 requeues 0)   backlog 0b 0p requeues 0 
    QDISC srv1: qdisc netem a272: root refcnt 7 limit 1000 delay 20ms  5ms rate 20Mbit seed 13186554862956257983  Sent 638994 bytes 3671 pkt (dropped 0, overlimits 0 requeues 0)   backlog 0b 0p requeues 0 
    QCAP: /tmp/rwm-q.txt 18 lines
RUNTIME c8-AU rep=10 6s
DEADWALLRESULT {"cell": "c8", "arm": "AU", "seed": 7, "rep": 10, "dnf": false, "dnf_count": 0, "mbps": 76.083, "seconds": 2.629, "n_runs": 1, "cpusrv": 2.0, "cpucli": 2.53, "khr_med": 1.0, "kraw_med": null, "khr_n": 14, "kraw_n": 0, "rtp_med": 13, "occ_p50": 2424, "occcap_p50": 4096, "q_p50": 441, "q_p99": 1178, "diag_lines": 10, "retx": 2109, "gates_cli_ds": 0, "gates_srv_ds": 0, "gates_cli_u": 1, "gates_srv_u": 1, "gates_cli_mp": 1, "gates_srv_mp": 1, "gates_cli_ack": 1, "gates_srv_ack": 1, "gates_cli_diag": 1, "gates_srv_diag": 1, "gates_lines_cli": 1, "gates_lines_srv": 1, "active_ds_cli": 0, "active_ds_srv": 0, "diverged_ds_cli": 0, "diverged_ds_srv": 0, "active_u_cli": 1, "active_u_srv": 1, "ds_site": null, "ds_srtt_us": null, "ds_jitter_us": null, "ds_derived_us": null, "ds_legacy_us": null, "ds_from": null, "ds_n_echo": 0, "ackdiag_lines_cli": 2, "ackdiag_lines_srv": 2, "sf_ticks": 307, "sf_E": 0.4674, "sf_short": 0.5537, "sf_zero": 0.5114, "capboot_n": 7, "capboot_frac": 0.0, "ping_n": 54, "ping_p50": 101.0, "ping_p95": 167.0, "ping_p99": 168.0, "ping_tx": null, "ping_rx": null, "ping_loss": null, "wait_tun": 42, "wait_paused": 0, "wait_pace": 0, "wait_gen": 0, "wait_nack": 55, "wait_defc": 0, "wait_tail": 1, "wait_flush": 0, "wait_lines": 7, "deadwall": false, "dgq_hand": 23583, "dgq_full": 0, "dgq_gap": 15, "tc_bytes": 29746295, "tc_pkts": 23839, "tc_drop": 171, "tc_s": 6}
LIVENESS c8-AU rep=10 cli=[RWM_DERIVED_SWEEP=0 RWM_STORE_CAP_UNIFIED=1 RWM_RECOV_MP=1 RWM_ACKDIAG=1] srv=[RWM_DERIVED_SWEEP=0 RWM_STORE_CAP_UNIFIED=1 RWM_RECOV_MP=1 RWM_ACKDIAG=1] actDS=0/0 divDS=0/0 actU=1/1 ackdiag=2/2 (expect ds=0 u=1)
=== rep=10 arm=c8-AUR seed=7 env="RWM_STORE_CAP_UNIFIED=1 RWM_DERIVED_SWEEP=1" cell=c2/c3/dual bytes=25000000 05:04:05
[2m2026-08-12T05:04:09.566932Z[0m [32m INFO[0m [2mraptorpath::gates[0m[2m:[0m [GATES] RWM_UNIFIED=1 RWM_UNIFIED_SHED=1 RWM_TAPER_R=1 RWM_ASTAR_ANCHOR=1 RWM_MSTAR_ANCHOR=1 RWM_PLAIN_RS=0 RWM_HONEST_ANCHOR=1 RWM_HONEST_K=0 RWM_STORE_SACK_RELEASE=1 RWM_STORE_PATHS=1 RWM_STORE_PATH_POOL=2048 RWM_STORE=unset RWM_STORE_GAIN=2 RWM_STORE_BOOT=128 RWM_STORE_CAPW=0 RWM_STORE_CAP_UNIFIED=1 RWM_THREE_TERM=0 RWM_STORE_PERCAP=0 RWM_PERCAP_GUARD=1 RWM_STORE_BORROW=0 RWM_HONEST_CAP=1 RWM_POOL_ANCHOR=0 RWM_POOL_DELIV=0 RWM_FLOOR_BOUND=0 RWM_ACK_MERGE=1 RWM_PATIENCE_DERIVED=0 RWM_SIDLE_DERIVED=0 RWM_WIN_DECOUPLE=0 RWM_PLACE_SLACK=0 RWM_GEN=384 RWM_PIPELINE=2 RWM_GEN_PIPE=1 RWM_GEN_R=unset RWM_GEN_RATE=9000 RWM_GEN_RATE_FLOOR=2000 RWM_GEN_INFLIGHT=unset RWM_OOO_RETAIN=0/16 RWM_WINDOW=unset RWM_REPORT_GENS=unset RWM_REPAIR_WAIT=unset RWM_CODED_SRC=0 RWM_NO_REACTIVE=0 RWM_XPATH_REPAIR=0 RWM_PROACTIVE_PACER=0 RWM_REASM_BDP=0 RWM_MIN_R=0 RWM_CC_PACE=0 RWM_CC_PACE_HR=1.1 RWM_REACT_CAP=unset RWM_INFL_CAP=0 RWM_INFL_BDP=unset RWM_COPA_FEED=0 RWM_RS_ATTR=1 RWM_EMIT_BATCH=0 RWM_EMIT_BURST=64 RWM_RECOV_MP=1 RWM_RECOV_MP_LAW=1 RWM_RECOV_MP_LIVE=0 RWM_RECOV_SP=0 RWM_DERIVED_SWEEP=1 RWM_DIAG=1 RWM_ACKDIAG=1 RWM_RDIAG=0 RWM_FDIAG=0 RWM_TRACE=0 RWM_PFRAC=0
{"bytes":25000000,"dnf":0,"hint":"bulk","max_s":5.0379,"mean_mbps":39.699,"mean_s":5.0379,"median_s":5.0379,"min_s":5.0379,"proto":"rp-native","runs":1,"stdev_s":0.0,"summary":true}
    LATPROBE: /tmp/rwm-ping.txt 100 replies
    CPU: CPUSRV=1.97s CPUCLI=2.33s (srv=decoder cli=sender; whole-invocation incl warmup)
    QDISC cli0: qdisc netem a273: root refcnt 7 limit 1000 delay 5ms  3ms loss gemodel p 1.3% r 50% 1-h 100% 1-k 0% rate 100Mbit seed 7  Sent 24397911 bytes 19249 pkt (dropped 87, overlimits 0 requeues 0)   backlog 0b 0p requeues 0 
    QDISC cli1: qdisc netem a274: root refcnt 7 limit 1000 delay 20ms  5ms loss gemodel p 2% r 40% 1-h 100% 1-k 0% rate 20Mbit seed 7  Sent 5544724 bytes 4663 pkt (dropped 84, overlimits 0 requeues 0)   backlog 0b 0p requeues 0 
    QDISC srv0: qdisc netem a275: root refcnt 7 limit 1000 delay 5ms  3ms rate 100Mbit seed 6938568322266856859  Sent 2812815 bytes 15107 pkt (dropped 0, overlimits 0 requeues 0)   backlog 0b 0p requeues 0 
    QDISC srv1: qdisc netem a276: root refcnt 7 limit 1000 delay 20ms  5ms rate 20Mbit seed 2969844432672961538  Sent 695574 bytes 4317 pkt (dropped 0, overlimits 0 requeues 0)   backlog 0b 0p requeues 0 
    QCAP: /tmp/rwm-q.txt 18 lines
RUNTIME c8-AUR rep=10 9s
DEADWALLRESULT {"cell": "c8", "arm": "AUR", "seed": 7, "rep": 10, "dnf": false, "dnf_count": 0, "mbps": 39.699, "seconds": 5.038, "n_runs": 1, "cpusrv": 1.97, "cpucli": 2.33, "khr_med": 1.0, "kraw_med": null, "khr_n": 15, "kraw_n": 0, "rtp_med": 41, "occ_p50": 2031, "occcap_p50": 4096, "q_p50": 755, "q_p99": 1181, "diag_lines": 11, "retx": 1874, "gates_cli_ds": 1, "gates_srv_ds": 1, "gates_cli_u": 1, "gates_srv_u": 1, "gates_cli_mp": 1, "gates_srv_mp": 1, "gates_cli_ack": 1, "gates_srv_ack": 1, "gates_cli_diag": 1, "gates_srv_diag": 1, "gates_lines_cli": 1, "gates_lines_srv": 1, "active_ds_cli": 1, "active_ds_srv": 2, "diverged_ds_cli": 1, "diverged_ds_srv": 2, "active_u_cli": 1, "active_u_srv": 1, "ds_site": "sender-tail-sweep", "ds_srtt_us": 239411, "ds_jitter_us": 422, "ds_derived_us": 478822, "ds_legacy_us": 100000, "ds_from": "diverged", "ds_n_echo": 6, "ackdiag_lines_cli": 4, "ackdiag_lines_srv": 4, "sf_ticks": 343, "sf_E": 0.5758, "sf_short": 0.5219, "sf_zero": 0.3265, "capboot_n": 8, "capboot_frac": 0.0, "ping_n": 100, "ping_p50": 12.1, "ping_p95": 95.6, "ping_p99": 97.0, "ping_tx": null, "ping_rx": null, "ping_loss": null, "wait_tun": 16, "wait_paused": 3, "wait_pace": 0, "wait_gen": 0, "wait_nack": 100, "wait_defc": 0, "wait_tail": 0, "wait_flush": 0, "wait_lines": 8, "deadwall": false, "dgq_hand": 23531, "dgq_full": 0, "dgq_gap": 20, "tc_bytes": 29942635, "tc_pkts": 23912, "tc_drop": 171, "tc_s": 9}
LIVENESS c8-AUR rep=10 cli=[RWM_DERIVED_SWEEP=1 RWM_STORE_CAP_UNIFIED=1 RWM_RECOV_MP=1 RWM_ACKDIAG=1] srv=[RWM_DERIVED_SWEEP=1 RWM_STORE_CAP_UNIFIED=1 RWM_RECOV_MP=1 RWM_ACKDIAG=1] actDS=1/2 divDS=1/2 actU=1/1 ackdiag=4/4 (expect ds=1 u=1)
DSLINE c8-AUR rep=10 ep=c ACTIVE site=sender-tail-sweep srtt_us=50000 jitter_us=0 derived_us=100000 legacy_us=100000
DSLINE c8-AUR rep=10 ep=c DIVERGED site=sender-tail-sweep srtt_us=10000 jitter_us=0 derived_us=20000 legacy_us=25000
DSLINE c8-AUR rep=10 ep=s ACTIVE site=sender-tail-sweep srtt_us=50000 jitter_us=0 derived_us=100000 legacy_us=100000
DSLINE c8-AUR rep=10 ep=s ACTIVE site=receiver-hole-refresh srtt_us=50000 jitter_us=226 derived_us=100000 legacy_us=100000
DSLINE c8-AUR rep=10 ep=s DIVERGED site=receiver-hole-refresh srtt_us=239398 jitter_us=446 derived_us=478796 legacy_us=100000
DSLINE c8-AUR rep=10 ep=s DIVERGED site=sender-tail-sweep srtt_us=239411 jitter_us=422 derived_us=478822 legacy_us=100000
=== rep=10 arm=c8L-AU seed=7 env="RWM_STORE_CAP_UNIFIED=1" cell=c2/c3/dual bytes=200000000 05:04:15
[2m2026-08-12T05:04:19.185170Z[0m [32m INFO[0m [2mraptorpath::gates[0m[2m:[0m [GATES] RWM_UNIFIED=1 RWM_UNIFIED_SHED=1 RWM_TAPER_R=1 RWM_ASTAR_ANCHOR=1 RWM_MSTAR_ANCHOR=1 RWM_PLAIN_RS=0 RWM_HONEST_ANCHOR=1 RWM_HONEST_K=0 RWM_STORE_SACK_RELEASE=1 RWM_STORE_PATHS=1 RWM_STORE_PATH_POOL=2048 RWM_STORE=unset RWM_STORE_GAIN=2 RWM_STORE_BOOT=128 RWM_STORE_CAPW=0 RWM_STORE_CAP_UNIFIED=1 RWM_THREE_TERM=0 RWM_STORE_PERCAP=0 RWM_PERCAP_GUARD=1 RWM_STORE_BORROW=0 RWM_HONEST_CAP=1 RWM_POOL_ANCHOR=0 RWM_POOL_DELIV=0 RWM_FLOOR_BOUND=0 RWM_ACK_MERGE=1 RWM_PATIENCE_DERIVED=0 RWM_SIDLE_DERIVED=0 RWM_WIN_DECOUPLE=0 RWM_PLACE_SLACK=0 RWM_GEN=384 RWM_PIPELINE=2 RWM_GEN_PIPE=1 RWM_GEN_R=unset RWM_GEN_RATE=9000 RWM_GEN_RATE_FLOOR=2000 RWM_GEN_INFLIGHT=unset RWM_OOO_RETAIN=0/16 RWM_WINDOW=unset RWM_REPORT_GENS=unset RWM_REPAIR_WAIT=unset RWM_CODED_SRC=0 RWM_NO_REACTIVE=0 RWM_XPATH_REPAIR=0 RWM_PROACTIVE_PACER=0 RWM_REASM_BDP=0 RWM_MIN_R=0 RWM_CC_PACE=0 RWM_CC_PACE_HR=1.1 RWM_REACT_CAP=unset RWM_INFL_CAP=0 RWM_INFL_BDP=unset RWM_COPA_FEED=0 RWM_RS_ATTR=1 RWM_EMIT_BATCH=0 RWM_EMIT_BURST=64 RWM_RECOV_MP=1 RWM_RECOV_MP_LAW=1 RWM_RECOV_MP_LIVE=0 RWM_RECOV_SP=0 RWM_DERIVED_SWEEP=0 RWM_DIAG=1 RWM_ACKDIAG=1 RWM_RDIAG=0 RWM_FDIAG=0 RWM_TRACE=0 RWM_PFRAC=0
{"bytes":200000000,"dnf":0,"hint":"bulk","max_s":28.4427,"mean_mbps":56.253,"mean_s":28.4427,"median_s":28.4427,"min_s":28.4427,"proto":"rp-native","runs":1,"stdev_s":0.0,"summary":true}
    LATPROBE: /tmp/rwm-ping.txt 554 replies
    CPU: CPUSRV=15.06s CPUCLI=25.67s (srv=decoder cli=sender; whole-invocation incl warmup)
    QDISC cli0: qdisc netem a277: root refcnt 7 limit 1000 delay 5ms  3ms loss gemodel p 1.3% r 50% 1-h 100% 1-k 0% rate 100Mbit seed 7  Sent 220217786 bytes 175503 pkt (dropped 877, overlimits 0 requeues 0)   backlog 0b 0p requeues 0 
    QDISC cli1: qdisc netem a278: root refcnt 7 limit 1000 delay 20ms  5ms loss gemodel p 2% r 40% 1-h 100% 1-k 0% rate 20Mbit seed 7  Sent 11765861 bytes 10155 pkt (dropped 160, overlimits 0 requeues 0)   backlog 0b 0p requeues 0 
    QDISC srv0: qdisc netem a279: root refcnt 7 limit 1000 delay 5ms  3ms rate 100Mbit seed 12778242694443167254  Sent 24398354 bytes 127456 pkt (dropped 0, overlimits 0 requeues 0)   backlog 0b 0p requeues 0 
    QDISC srv1: qdisc netem a27a: root refcnt 7 limit 1000 delay 20ms  5ms rate 20Mbit seed 10855260796252232733  Sent 1486605 bytes 8729 pkt (dropped 0, overlimits 0 requeues 0)   backlog 0b 0p requeues 0 
    QCAP: /tmp/rwm-q.txt 18 lines
RUNTIME c8L-AU rep=10 32s
DEADWALLRESULT {"cell": "c8L", "arm": "AU", "seed": 7, "rep": 10, "dnf": false, "dnf_count": 0, "mbps": 56.253, "seconds": 28.443, "n_runs": 1, "cpusrv": 15.06, "cpucli": 25.67, "khr_med": 1.0, "kraw_med": null, "khr_n": 171, "kraw_n": 0, "rtp_med": 35, "occ_p50": 789, "occcap_p50": 4096, "q_p50": 1302, "q_p99": 1421, "diag_lines": 104, "retx": 12214, "gates_cli_ds": 0, "gates_srv_ds": 0, "gates_cli_u": 1, "gates_srv_u": 1, "gates_cli_mp": 1, "gates_srv_mp": 1, "gates_cli_ack": 1, "gates_srv_ack": 1, "gates_cli_diag": 1, "gates_srv_diag": 1, "gates_lines_cli": 1, "gates_lines_srv": 1, "active_ds_cli": 0, "active_ds_srv": 0, "diverged_ds_cli": 0, "diverged_ds_srv": 0, "active_u_cli": 1, "active_u_srv": 1, "ds_site": null, "ds_srtt_us": null, "ds_jitter_us": null, "ds_derived_us": null, "ds_legacy_us": null, "ds_from": null, "ds_n_echo": 0, "ackdiag_lines_cli": 23, "ackdiag_lines_srv": 15, "sf_ticks": 2212, "sf_E": 0.7215, "sf_short": 0.5371, "sf_zero": 0.0199, "capboot_n": 101, "capboot_frac": 0.0, "ping_n": 554, "ping_p50": 33.7, "ping_p95": 129.0, "ping_p99": 173.0, "ping_tx": null, "ping_rx": null, "ping_loss": null, "wait_tun": 78, "wait_paused": 0, "wait_pace": 0, "wait_gen": 0, "wait_nack": 18, "wait_defc": 0, "wait_tail": 0, "wait_flush": 0, "wait_lines": 101, "deadwall": false, "dgq_hand": 191701, "dgq_full": 8130, "dgq_gap": 8153, "tc_bytes": 231983647, "tc_pkts": 185658, "tc_drop": 1037, "tc_s": 32}
LIVENESS c8L-AU rep=10 cli=[RWM_DERIVED_SWEEP=0 RWM_STORE_CAP_UNIFIED=1 RWM_RECOV_MP=1 RWM_ACKDIAG=1] srv=[RWM_DERIVED_SWEEP=0 RWM_STORE_CAP_UNIFIED=1 RWM_RECOV_MP=1 RWM_ACKDIAG=1] actDS=0/0 divDS=0/0 actU=1/1 ackdiag=23/15 (expect ds=0 u=1)
=== rep=11 arm=c8-AU seed=7 env="RWM_STORE_CAP_UNIFIED=1" cell=c2/c3/dual bytes=25000000 05:04:48
[2m2026-08-12T05:04:52.268683Z[0m [32m INFO[0m [2mraptorpath::gates[0m[2m:[0m [GATES] RWM_UNIFIED=1 RWM_UNIFIED_SHED=1 RWM_TAPER_R=1 RWM_ASTAR_ANCHOR=1 RWM_MSTAR_ANCHOR=1 RWM_PLAIN_RS=0 RWM_HONEST_ANCHOR=1 RWM_HONEST_K=0 RWM_STORE_SACK_RELEASE=1 RWM_STORE_PATHS=1 RWM_STORE_PATH_POOL=2048 RWM_STORE=unset RWM_STORE_GAIN=2 RWM_STORE_BOOT=128 RWM_STORE_CAPW=0 RWM_STORE_CAP_UNIFIED=1 RWM_THREE_TERM=0 RWM_STORE_PERCAP=0 RWM_PERCAP_GUARD=1 RWM_STORE_BORROW=0 RWM_HONEST_CAP=1 RWM_POOL_ANCHOR=0 RWM_POOL_DELIV=0 RWM_FLOOR_BOUND=0 RWM_ACK_MERGE=1 RWM_PATIENCE_DERIVED=0 RWM_SIDLE_DERIVED=0 RWM_WIN_DECOUPLE=0 RWM_PLACE_SLACK=0 RWM_GEN=384 RWM_PIPELINE=2 RWM_GEN_PIPE=1 RWM_GEN_R=unset RWM_GEN_RATE=9000 RWM_GEN_RATE_FLOOR=2000 RWM_GEN_INFLIGHT=unset RWM_OOO_RETAIN=0/16 RWM_WINDOW=unset RWM_REPORT_GENS=unset RWM_REPAIR_WAIT=unset RWM_CODED_SRC=0 RWM_NO_REACTIVE=0 RWM_XPATH_REPAIR=0 RWM_PROACTIVE_PACER=0 RWM_REASM_BDP=0 RWM_MIN_R=0 RWM_CC_PACE=0 RWM_CC_PACE_HR=1.1 RWM_REACT_CAP=unset RWM_INFL_CAP=0 RWM_INFL_BDP=unset RWM_COPA_FEED=0 RWM_RS_ATTR=1 RWM_EMIT_BATCH=0 RWM_EMIT_BURST=64 RWM_RECOV_MP=1 RWM_RECOV_MP_LAW=1 RWM_RECOV_MP_LIVE=0 RWM_RECOV_SP=0 RWM_DERIVED_SWEEP=0 RWM_DIAG=1 RWM_ACKDIAG=1 RWM_RDIAG=0 RWM_FDIAG=0 RWM_TRACE=0 RWM_PFRAC=0
{"bytes":25000000,"dnf":0,"hint":"bulk","max_s":2.2769,"mean_mbps":87.839,"mean_s":2.2769,"median_s":2.2769,"min_s":2.2769,"proto":"rp-native","runs":1,"stdev_s":0.0,"summary":true}
    LATPROBE: /tmp/rwm-ping.txt 46 replies
    CPU: CPUSRV=1.96s CPUCLI=2.20s (srv=decoder cli=sender; whole-invocation incl warmup)
    QDISC cli0: qdisc netem a27b: root refcnt 7 limit 1000 delay 5ms  3ms loss gemodel p 1.3% r 50% 1-h 100% 1-k 0% rate 100Mbit seed 7  Sent 25768475 bytes 20235 pkt (dropped 103, overlimits 0 requeues 0)   backlog 0b 0p requeues 0 
    QDISC cli1: qdisc netem a27c: root refcnt 7 limit 1000 delay 20ms  5ms loss gemodel p 2% r 40% 1-h 100% 1-k 0% rate 20Mbit seed 7  Sent 4149968 bytes 3511 pkt (dropped 71, overlimits 0 requeues 0)   backlog 0b 0p requeues 0 
    QDISC srv0: qdisc netem a27d: root refcnt 7 limit 1000 delay 5ms  3ms rate 100Mbit seed 11429217538565173097  Sent 2844512 bytes 15757 pkt (dropped 0, overlimits 0 requeues 0)   backlog 0b 0p requeues 0 
    QDISC srv1: qdisc netem a27e: root refcnt 7 limit 1000 delay 20ms  5ms rate 20Mbit seed 1008009812759261984  Sent 552424 bytes 3317 pkt (dropped 0, overlimits 0 requeues 0)   backlog 0b 0p requeues 0 
    QCAP: /tmp/rwm-q.txt 18 lines
RUNTIME c8-AU rep=11 6s
DEADWALLRESULT {"cell": "c8", "arm": "AU", "seed": 7, "rep": 11, "dnf": false, "dnf_count": 0, "mbps": 87.839, "seconds": 2.277, "n_runs": 1, "cpusrv": 1.96, "cpucli": 2.2, "khr_med": 1.0, "kraw_med": null, "khr_n": 12, "kraw_n": 0, "rtp_med": 36, "occ_p50": 2885, "occcap_p50": 3698, "q_p50": 376, "q_p99": 938, "diag_lines": 9, "retx": 1958, "gates_cli_ds": 0, "gates_srv_ds": 0, "gates_cli_u": 1, "gates_srv_u": 1, "gates_cli_mp": 1, "gates_srv_mp": 1, "gates_cli_ack": 1, "gates_srv_ack": 1, "gates_cli_diag": 1, "gates_srv_diag": 1, "gates_lines_cli": 1, "gates_lines_srv": 1, "active_ds_cli": 0, "active_ds_srv": 0, "diverged_ds_cli": 0, "diverged_ds_srv": 0, "active_u_cli": 1, "active_u_srv": 1, "ds_site": null, "ds_srtt_us": null, "ds_jitter_us": null, "ds_derived_us": null, "ds_legacy_us": null, "ds_from": null, "ds_n_echo": 0, "ackdiag_lines_cli": 2, "ackdiag_lines_srv": 2, "sf_ticks": 315, "sf_E": 0.7032, "sf_short": 0.4444, "sf_zero": 0.1492, "capboot_n": 6, "capboot_frac": 0.0, "ping_n": 46, "ping_p50": 149.0, "ping_p95": 167.0, "ping_p99": 169.0, "ping_tx": null, "ping_rx": null, "ping_loss": null, "wait_tun": 34, "wait_paused": 7, "wait_pace": 0, "wait_gen": 0, "wait_nack": 25, "wait_defc": 0, "wait_tail": 1, "wait_flush": 0, "wait_lines": 6, "deadwall": false, "dgq_hand": 23771, "dgq_full": 0, "dgq_gap": 17, "tc_bytes": 29918443, "tc_pkts": 23746, "tc_drop": 174, "tc_s": 6}
LIVENESS c8-AU rep=11 cli=[RWM_DERIVED_SWEEP=0 RWM_STORE_CAP_UNIFIED=1 RWM_RECOV_MP=1 RWM_ACKDIAG=1] srv=[RWM_DERIVED_SWEEP=0 RWM_STORE_CAP_UNIFIED=1 RWM_RECOV_MP=1 RWM_ACKDIAG=1] actDS=0/0 divDS=0/0 actU=1/1 ackdiag=2/2 (expect ds=0 u=1)
=== rep=11 arm=c8-AUR seed=7 env="RWM_STORE_CAP_UNIFIED=1 RWM_DERIVED_SWEEP=1" cell=c2/c3/dual bytes=25000000 05:04:54
[2m2026-08-12T05:04:57.001464Z[0m [32m INFO[0m [2mraptorpath::gates[0m[2m:[0m [GATES] RWM_UNIFIED=1 RWM_UNIFIED_SHED=1 RWM_TAPER_R=1 RWM_ASTAR_ANCHOR=1 RWM_MSTAR_ANCHOR=1 RWM_PLAIN_RS=0 RWM_HONEST_ANCHOR=1 RWM_HONEST_K=0 RWM_STORE_SACK_RELEASE=1 RWM_STORE_PATHS=1 RWM_STORE_PATH_POOL=2048 RWM_STORE=unset RWM_STORE_GAIN=2 RWM_STORE_BOOT=128 RWM_STORE_CAPW=0 RWM_STORE_CAP_UNIFIED=1 RWM_THREE_TERM=0 RWM_STORE_PERCAP=0 RWM_PERCAP_GUARD=1 RWM_STORE_BORROW=0 RWM_HONEST_CAP=1 RWM_POOL_ANCHOR=0 RWM_POOL_DELIV=0 RWM_FLOOR_BOUND=0 RWM_ACK_MERGE=1 RWM_PATIENCE_DERIVED=0 RWM_SIDLE_DERIVED=0 RWM_WIN_DECOUPLE=0 RWM_PLACE_SLACK=0 RWM_GEN=384 RWM_PIPELINE=2 RWM_GEN_PIPE=1 RWM_GEN_R=unset RWM_GEN_RATE=9000 RWM_GEN_RATE_FLOOR=2000 RWM_GEN_INFLIGHT=unset RWM_OOO_RETAIN=0/16 RWM_WINDOW=unset RWM_REPORT_GENS=unset RWM_REPAIR_WAIT=unset RWM_CODED_SRC=0 RWM_NO_REACTIVE=0 RWM_XPATH_REPAIR=0 RWM_PROACTIVE_PACER=0 RWM_REASM_BDP=0 RWM_MIN_R=0 RWM_CC_PACE=0 RWM_CC_PACE_HR=1.1 RWM_REACT_CAP=unset RWM_INFL_CAP=0 RWM_INFL_BDP=unset RWM_COPA_FEED=0 RWM_RS_ATTR=1 RWM_EMIT_BATCH=0 RWM_EMIT_BURST=64 RWM_RECOV_MP=1 RWM_RECOV_MP_LAW=1 RWM_RECOV_MP_LIVE=0 RWM_RECOV_SP=0 RWM_DERIVED_SWEEP=1 RWM_DIAG=1 RWM_ACKDIAG=1 RWM_RDIAG=0 RWM_FDIAG=0 RWM_TRACE=0 RWM_PFRAC=0
{"bytes":25000000,"dnf":0,"hint":"bulk","max_s":2.9401,"mean_mbps":68.025,"mean_s":2.9401,"median_s":2.9401,"min_s":2.9401,"proto":"rp-native","runs":1,"stdev_s":0.0,"summary":true}
    LATPROBE: /tmp/rwm-ping.txt 61 replies
    CPU: CPUSRV=2.04s CPUCLI=1.96s (srv=decoder cli=sender; whole-invocation incl warmup)
    QDISC cli0: qdisc netem a27f: root refcnt 7 limit 1000 delay 5ms  3ms loss gemodel p 1.3% r 50% 1-h 100% 1-k 0% rate 100Mbit seed 7  Sent 25950348 bytes 20400 pkt (dropped 103, overlimits 0 requeues 0)   backlog 0b 0p requeues 0 
    QDISC cli1: qdisc netem a280: root refcnt 7 limit 1000 delay 20ms  5ms loss gemodel p 2% r 40% 1-h 100% 1-k 0% rate 20Mbit seed 7  Sent 4202075 bytes 3628 pkt (dropped 77, overlimits 0 requeues 0)   backlog 0b 0p requeues 0 
    QDISC srv0: qdisc netem a281: root refcnt 7 limit 1000 delay 5ms  3ms rate 100Mbit seed 10627823073842029900  Sent 2831350 bytes 16283 pkt (dropped 0, overlimits 0 requeues 0)   backlog 0b 0p requeues 0 
    QDISC srv1: qdisc netem a282: root refcnt 7 limit 1000 delay 20ms  5ms rate 20Mbit seed 16971686799998760282  Sent 538351 bytes 3299 pkt (dropped 0, overlimits 0 requeues 0)   backlog 0b 0p requeues 0 
    QCAP: /tmp/rwm-q.txt 18 lines
RUNTIME c8-AUR rep=11 6s
DEADWALLRESULT {"cell": "c8", "arm": "AUR", "seed": 7, "rep": 11, "dnf": false, "dnf_count": 0, "mbps": 68.025, "seconds": 2.94, "n_runs": 1, "cpusrv": 2.04, "cpucli": 1.96, "khr_med": 1.0, "kraw_med": null, "khr_n": 9, "kraw_n": 0, "rtp_med": 41, "occ_p50": 3469, "occcap_p50": 4096, "q_p50": 331, "q_p99": 836, "diag_lines": 8, "retx": 2047, "gates_cli_ds": 1, "gates_srv_ds": 1, "gates_cli_u": 1, "gates_srv_u": 1, "gates_cli_mp": 1, "gates_srv_mp": 1, "gates_cli_ack": 1, "gates_srv_ack": 1, "gates_cli_diag": 1, "gates_srv_diag": 1, "gates_lines_cli": 1, "gates_lines_srv": 1, "active_ds_cli": 1, "active_ds_srv": 2, "diverged_ds_cli": 1, "diverged_ds_srv": 2, "active_u_cli": 1, "active_u_srv": 1, "ds_site": "receiver-hole-refresh", "ds_srtt_us": 53887, "ds_jitter_us": 26123, "ds_derived_us": 107774, "ds_legacy_us": 100000, "ds_from": "diverged", "ds_n_echo": 6, "ackdiag_lines_cli": 2, "ackdiag_lines_srv": 2, "sf_ticks": 292, "sf_E": 0.613, "sf_short": 0.6336, "sf_zero": 0.1404, "capboot_n": 5, "capboot_frac": 0.0, "ping_n": 61, "ping_p50": 110.0, "ping_p95": 183.0, "ping_p99": 184.0, "ping_tx": null, "ping_rx": null, "ping_loss": null, "wait_tun": 48, "wait_paused": 15, "wait_pace": 0, "wait_gen": 0, "wait_nack": 25, "wait_defc": 0, "wait_tail": 0, "wait_flush": 0, "wait_lines": 5, "deadwall": false, "dgq_hand": 23818, "dgq_full": 0, "dgq_gap": 2, "tc_bytes": 30152423, "tc_pkts": 24028, "tc_drop": 180, "tc_s": 6}
LIVENESS c8-AUR rep=11 cli=[RWM_DERIVED_SWEEP=1 RWM_STORE_CAP_UNIFIED=1 RWM_RECOV_MP=1 RWM_ACKDIAG=1] srv=[RWM_DERIVED_SWEEP=1 RWM_STORE_CAP_UNIFIED=1 RWM_RECOV_MP=1 RWM_ACKDIAG=1] actDS=1/2 divDS=1/2 actU=1/1 ackdiag=2/2 (expect ds=1 u=1)
DSLINE c8-AUR rep=11 ep=c ACTIVE site=sender-tail-sweep srtt_us=50000 jitter_us=0 derived_us=100000 legacy_us=100000
DSLINE c8-AUR rep=11 ep=c DIVERGED site=sender-tail-sweep srtt_us=10000 jitter_us=0 derived_us=20000 legacy_us=25000
DSLINE c8-AUR rep=11 ep=s ACTIVE site=sender-tail-sweep srtt_us=50000 jitter_us=0 derived_us=100000 legacy_us=100000
DSLINE c8-AUR rep=11 ep=s ACTIVE site=receiver-hole-refresh srtt_us=50000 jitter_us=164 derived_us=100000 legacy_us=100000
DSLINE c8-AUR rep=11 ep=s DIVERGED site=receiver-hole-refresh srtt_us=53887 jitter_us=26123 derived_us=107774 legacy_us=100000
DSLINE c8-AUR rep=11 ep=s DIVERGED site=sender-tail-sweep srtt_us=53887 jitter_us=26123 derived_us=107774 legacy_us=100000
=== rep=11 arm=c8L-AU seed=7 env="RWM_STORE_CAP_UNIFIED=1" cell=c2/c3/dual bytes=200000000 05:05:00
[2m2026-08-12T05:05:03.437572Z[0m [32m INFO[0m [2mraptorpath::gates[0m[2m:[0m [GATES] RWM_UNIFIED=1 RWM_UNIFIED_SHED=1 RWM_TAPER_R=1 RWM_ASTAR_ANCHOR=1 RWM_MSTAR_ANCHOR=1 RWM_PLAIN_RS=0 RWM_HONEST_ANCHOR=1 RWM_HONEST_K=0 RWM_STORE_SACK_RELEASE=1 RWM_STORE_PATHS=1 RWM_STORE_PATH_POOL=2048 RWM_STORE=unset RWM_STORE_GAIN=2 RWM_STORE_BOOT=128 RWM_STORE_CAPW=0 RWM_STORE_CAP_UNIFIED=1 RWM_THREE_TERM=0 RWM_STORE_PERCAP=0 RWM_PERCAP_GUARD=1 RWM_STORE_BORROW=0 RWM_HONEST_CAP=1 RWM_POOL_ANCHOR=0 RWM_POOL_DELIV=0 RWM_FLOOR_BOUND=0 RWM_ACK_MERGE=1 RWM_PATIENCE_DERIVED=0 RWM_SIDLE_DERIVED=0 RWM_WIN_DECOUPLE=0 RWM_PLACE_SLACK=0 RWM_GEN=384 RWM_PIPELINE=2 RWM_GEN_PIPE=1 RWM_GEN_R=unset RWM_GEN_RATE=9000 RWM_GEN_RATE_FLOOR=2000 RWM_GEN_INFLIGHT=unset RWM_OOO_RETAIN=0/16 RWM_WINDOW=unset RWM_REPORT_GENS=unset RWM_REPAIR_WAIT=unset RWM_CODED_SRC=0 RWM_NO_REACTIVE=0 RWM_XPATH_REPAIR=0 RWM_PROACTIVE_PACER=0 RWM_REASM_BDP=0 RWM_MIN_R=0 RWM_CC_PACE=0 RWM_CC_PACE_HR=1.1 RWM_REACT_CAP=unset RWM_INFL_CAP=0 RWM_INFL_BDP=unset RWM_COPA_FEED=0 RWM_RS_ATTR=1 RWM_EMIT_BATCH=0 RWM_EMIT_BURST=64 RWM_RECOV_MP=1 RWM_RECOV_MP_LAW=1 RWM_RECOV_MP_LIVE=0 RWM_RECOV_SP=0 RWM_DERIVED_SWEEP=0 RWM_DIAG=1 RWM_ACKDIAG=1 RWM_RDIAG=0 RWM_FDIAG=0 RWM_TRACE=0 RWM_PFRAC=0
{"bytes":200000000,"dnf":0,"hint":"bulk","max_s":31.2138,"mean_mbps":51.259,"mean_s":31.2138,"median_s":31.2138,"min_s":31.2138,"proto":"rp-native","runs":1,"stdev_s":0.0,"summary":true}
    LATPROBE: /tmp/rwm-ping.txt 600 replies
    CPU: CPUSRV=15.92s CPUCLI=34.62s (srv=decoder cli=sender; whole-invocation incl warmup)
    QDISC cli0: qdisc netem a283: root refcnt 7 limit 1000 delay 5ms  3ms loss gemodel p 1.3% r 50% 1-h 100% 1-k 0% rate 100Mbit seed 7  Sent 220892871 bytes 177187 pkt (dropped 903, overlimits 0 requeues 0)   backlog 0b 0p requeues 0 
    QDISC cli1: qdisc netem a284: root refcnt 7 limit 1000 delay 20ms  5ms loss gemodel p 2% r 40% 1-h 100% 1-k 0% rate 20Mbit seed 7  Sent 13612056 bytes 11555 pkt (dropped 169, overlimits 0 requeues 0)   backlog 0b 0p requeues 0 
    QDISC srv0: qdisc netem a285: root refcnt 7 limit 1000 delay 5ms  3ms rate 100Mbit seed 4106808239670575720  Sent 25022223 bytes 134354 pkt (dropped 0, overlimits 0 requeues 0)   backlog 0b 0p requeues 0 
    QDISC srv1: qdisc netem a286: root refcnt 7 limit 1000 delay 20ms  5ms rate 20Mbit seed 10311991347973976483  Sent 1676848 bytes 9591 pkt (dropped 0, overlimits 0 requeues 0)   backlog 0b 0p requeues 0 
    QCAP: /tmp/rwm-q.txt 18 lines
RUNTIME c8L-AU rep=11 34s
DEADWALLRESULT {"cell": "c8L", "arm": "AU", "seed": 7, "rep": 11, "dnf": false, "dnf_count": 0, "mbps": 51.259, "seconds": 31.214, "n_runs": 1, "cpusrv": 15.92, "cpucli": 34.62, "khr_med": 1.0, "kraw_med": null, "khr_n": 196, "kraw_n": 0, "rtp_med": 40, "occ_p50": 516, "occcap_p50": 4096, "q_p50": 433, "q_p99": 1337, "diag_lines": 108, "retx": 13715, "gates_cli_ds": 0, "gates_srv_ds": 0, "gates_cli_u": 1, "gates_srv_u": 1, "gates_cli_mp": 1, "gates_srv_mp": 1, "gates_cli_ack": 1, "gates_srv_ack": 1, "gates_cli_diag": 1, "gates_srv_diag": 1, "gates_lines_cli": 1, "gates_lines_srv": 1, "active_ds_cli": 0, "active_ds_srv": 0, "diverged_ds_cli": 0, "diverged_ds_srv": 0, "active_u_cli": 1, "active_u_srv": 1, "ds_site": null, "ds_srtt_us": null, "ds_jitter_us": null, "ds_derived_us": null, "ds_legacy_us": null, "ds_from": null, "ds_n_echo": 0, "ackdiag_lines_cli": 28, "ackdiag_lines_srv": 16, "sf_ticks": 1781, "sf_E": 0.8085, "sf_short": 0.3554, "sf_zero": 0.0275, "capboot_n": 105, "capboot_frac": 0.0, "ping_n": 600, "ping_p50": 18.4, "ping_p95": 138.0, "ping_p99": 158.0, "ping_tx": null, "ping_rx": null, "ping_loss": null, "wait_tun": 90, "wait_paused": 0, "wait_pace": 0, "wait_gen": 0, "wait_nack": 10, "wait_defc": 0, "wait_tail": 0, "wait_flush": 0, "wait_lines": 105, "deadwall": false, "dgq_hand": 194086, "dgq_full": 8917, "dgq_gap": 8925, "tc_bytes": 234504927, "tc_pkts": 188742, "tc_drop": 1072, "tc_s": 34}
LIVENESS c8L-AU rep=11 cli=[RWM_DERIVED_SWEEP=0 RWM_STORE_CAP_UNIFIED=1 RWM_RECOV_MP=1 RWM_ACKDIAG=1] srv=[RWM_DERIVED_SWEEP=0 RWM_STORE_CAP_UNIFIED=1 RWM_RECOV_MP=1 RWM_ACKDIAG=1] actDS=0/0 divDS=0/0 actU=1/1 ackdiag=28/16 (expect ds=0 u=1)
=== rep=12 arm=c8-AU seed=7 env="RWM_STORE_CAP_UNIFIED=1" cell=c2/c3/dual bytes=25000000 05:05:35
[2m2026-08-12T05:05:37.469496Z[0m [32m INFO[0m [2mraptorpath::gates[0m[2m:[0m [GATES] RWM_UNIFIED=1 RWM_UNIFIED_SHED=1 RWM_TAPER_R=1 RWM_ASTAR_ANCHOR=1 RWM_MSTAR_ANCHOR=1 RWM_PLAIN_RS=0 RWM_HONEST_ANCHOR=1 RWM_HONEST_K=0 RWM_STORE_SACK_RELEASE=1 RWM_STORE_PATHS=1 RWM_STORE_PATH_POOL=2048 RWM_STORE=unset RWM_STORE_GAIN=2 RWM_STORE_BOOT=128 RWM_STORE_CAPW=0 RWM_STORE_CAP_UNIFIED=1 RWM_THREE_TERM=0 RWM_STORE_PERCAP=0 RWM_PERCAP_GUARD=1 RWM_STORE_BORROW=0 RWM_HONEST_CAP=1 RWM_POOL_ANCHOR=0 RWM_POOL_DELIV=0 RWM_FLOOR_BOUND=0 RWM_ACK_MERGE=1 RWM_PATIENCE_DERIVED=0 RWM_SIDLE_DERIVED=0 RWM_WIN_DECOUPLE=0 RWM_PLACE_SLACK=0 RWM_GEN=384 RWM_PIPELINE=2 RWM_GEN_PIPE=1 RWM_GEN_R=unset RWM_GEN_RATE=9000 RWM_GEN_RATE_FLOOR=2000 RWM_GEN_INFLIGHT=unset RWM_OOO_RETAIN=0/16 RWM_WINDOW=unset RWM_REPORT_GENS=unset RWM_REPAIR_WAIT=unset RWM_CODED_SRC=0 RWM_NO_REACTIVE=0 RWM_XPATH_REPAIR=0 RWM_PROACTIVE_PACER=0 RWM_REASM_BDP=0 RWM_MIN_R=0 RWM_CC_PACE=0 RWM_CC_PACE_HR=1.1 RWM_REACT_CAP=unset RWM_INFL_CAP=0 RWM_INFL_BDP=unset RWM_COPA_FEED=0 RWM_RS_ATTR=1 RWM_EMIT_BATCH=0 RWM_EMIT_BURST=64 RWM_RECOV_MP=1 RWM_RECOV_MP_LAW=1 RWM_RECOV_MP_LIVE=0 RWM_RECOV_SP=0 RWM_DERIVED_SWEEP=0 RWM_DIAG=1 RWM_ACKDIAG=1 RWM_RDIAG=0 RWM_FDIAG=0 RWM_TRACE=0 RWM_PFRAC=0
{"bytes":25000000,"dnf":0,"hint":"bulk","max_s":2.6591,"mean_mbps":75.214,"mean_s":2.6591,"median_s":2.6591,"min_s":2.6591,"proto":"rp-native","runs":1,"stdev_s":0.0,"summary":true}
    LATPROBE: /tmp/rwm-ping.txt 53 replies
    CPU: CPUSRV=1.98s CPUCLI=2.59s (srv=decoder cli=sender; whole-invocation incl warmup)
    QDISC cli0: qdisc netem a287: root refcnt 7 limit 1000 delay 5ms  3ms loss gemodel p 1.3% r 50% 1-h 100% 1-k 0% rate 100Mbit seed 7  Sent 23970915 bytes 18850 pkt (dropped 82, overlimits 0 requeues 0)   backlog 0b 0p requeues 0 
    QDISC cli1: qdisc netem a288: root refcnt 7 limit 1000 delay 20ms  5ms loss gemodel p 2% r 40% 1-h 100% 1-k 0% rate 20Mbit seed 7  Sent 4805977 bytes 4088 pkt (dropped 75, overlimits 0 requeues 0)   backlog 0b 0p requeues 0 
    QDISC srv0: qdisc netem a289: root refcnt 7 limit 1000 delay 5ms  3ms rate 100Mbit seed 97142703128203008  Sent 2717267 bytes 14483 pkt (dropped 0, overlimits 0 requeues 0)   backlog 0b 0p requeues 0 
    QDISC srv1: qdisc netem a28a: root refcnt 7 limit 1000 delay 20ms  5ms rate 20Mbit seed 14619610462577331718  Sent 612908 bytes 3608 pkt (dropped 0, overlimits 0 requeues 0)   backlog 0b 0p requeues 0 
    QCAP: /tmp/rwm-q.txt 18 lines
RUNTIME c8-AU rep=12 5s
DEADWALLRESULT {"cell": "c8", "arm": "AU", "seed": 7, "rep": 12, "dnf": false, "dnf_count": 0, "mbps": 75.214, "seconds": 2.659, "n_runs": 1, "cpusrv": 1.98, "cpucli": 2.59, "khr_med": 1.0, "kraw_med": null, "khr_n": 14, "kraw_n": 0, "rtp_med": 11, "occ_p50": 1497, "occcap_p50": 4096, "q_p50": 396, "q_p99": 1163, "diag_lines": 10, "retx": 1135, "gates_cli_ds": 0, "gates_srv_ds": 0, "gates_cli_u": 1, "gates_srv_u": 1, "gates_cli_mp": 1, "gates_srv_mp": 1, "gates_cli_ack": 1, "gates_srv_ack": 1, "gates_cli_diag": 1, "gates_srv_diag": 1, "gates_lines_cli": 1, "gates_lines_srv": 1, "active_ds_cli": 0, "active_ds_srv": 0, "diverged_ds_cli": 0, "diverged_ds_srv": 0, "active_u_cli": 1, "active_u_srv": 1, "ds_site": null, "ds_srtt_us": null, "ds_jitter_us": null, "ds_derived_us": null, "ds_legacy_us": null, "ds_from": null, "ds_n_echo": 0, "ackdiag_lines_cli": 2, "ackdiag_lines_srv": 2, "sf_ticks": 293, "sf_E": 0.7747, "sf_short": 0.3311, "sf_zero": 0.1195, "capboot_n": 7, "capboot_frac": 0.0, "ping_n": 53, "ping_p50": 56.6, "ping_p95": 91.6, "ping_p99": 92.0, "ping_tx": null, "ping_rx": null, "ping_loss": null, "wait_tun": 0, "wait_paused": 0, "wait_pace": 0, "wait_gen": 0, "wait_nack": 82, "wait_defc": 0, "wait_tail": 0, "wait_flush": 0, "wait_lines": 7, "deadwall": true, "dgq_hand": 22665, "dgq_full": 0, "dgq_gap": 16, "tc_bytes": 28776892, "tc_pkts": 22938, "tc_drop": 157, "tc_s": 5}
LIVENESS c8-AU rep=12 cli=[RWM_DERIVED_SWEEP=0 RWM_STORE_CAP_UNIFIED=1 RWM_RECOV_MP=1 RWM_ACKDIAG=1] srv=[RWM_DERIVED_SWEEP=0 RWM_STORE_CAP_UNIFIED=1 RWM_RECOV_MP=1 RWM_ACKDIAG=1] actDS=0/0 divDS=0/0 actU=1/1 ackdiag=2/2 (expect ds=0 u=1)
=== rep=12 arm=c8-AUR seed=7 env="RWM_STORE_CAP_UNIFIED=1 RWM_DERIVED_SWEEP=1" cell=c2/c3/dual bytes=25000000 05:05:40
[2m2026-08-12T05:05:44.759353Z[0m [32m INFO[0m [2mraptorpath::gates[0m[2m:[0m [GATES] RWM_UNIFIED=1 RWM_UNIFIED_SHED=1 RWM_TAPER_R=1 RWM_ASTAR_ANCHOR=1 RWM_MSTAR_ANCHOR=1 RWM_PLAIN_RS=0 RWM_HONEST_ANCHOR=1 RWM_HONEST_K=0 RWM_STORE_SACK_RELEASE=1 RWM_STORE_PATHS=1 RWM_STORE_PATH_POOL=2048 RWM_STORE=unset RWM_STORE_GAIN=2 RWM_STORE_BOOT=128 RWM_STORE_CAPW=0 RWM_STORE_CAP_UNIFIED=1 RWM_THREE_TERM=0 RWM_STORE_PERCAP=0 RWM_PERCAP_GUARD=1 RWM_STORE_BORROW=0 RWM_HONEST_CAP=1 RWM_POOL_ANCHOR=0 RWM_POOL_DELIV=0 RWM_FLOOR_BOUND=0 RWM_ACK_MERGE=1 RWM_PATIENCE_DERIVED=0 RWM_SIDLE_DERIVED=0 RWM_WIN_DECOUPLE=0 RWM_PLACE_SLACK=0 RWM_GEN=384 RWM_PIPELINE=2 RWM_GEN_PIPE=1 RWM_GEN_R=unset RWM_GEN_RATE=9000 RWM_GEN_RATE_FLOOR=2000 RWM_GEN_INFLIGHT=unset RWM_OOO_RETAIN=0/16 RWM_WINDOW=unset RWM_REPORT_GENS=unset RWM_REPAIR_WAIT=unset RWM_CODED_SRC=0 RWM_NO_REACTIVE=0 RWM_XPATH_REPAIR=0 RWM_PROACTIVE_PACER=0 RWM_REASM_BDP=0 RWM_MIN_R=0 RWM_CC_PACE=0 RWM_CC_PACE_HR=1.1 RWM_REACT_CAP=unset RWM_INFL_CAP=0 RWM_INFL_BDP=unset RWM_COPA_FEED=0 RWM_RS_ATTR=1 RWM_EMIT_BATCH=0 RWM_EMIT_BURST=64 RWM_RECOV_MP=1 RWM_RECOV_MP_LAW=1 RWM_RECOV_MP_LIVE=0 RWM_RECOV_SP=0 RWM_DERIVED_SWEEP=1 RWM_DIAG=1 RWM_ACKDIAG=1 RWM_RDIAG=0 RWM_FDIAG=0 RWM_TRACE=0 RWM_PFRAC=0
{"bytes":25000000,"dnf":0,"hint":"bulk","max_s":2.4003,"mean_mbps":83.321,"mean_s":2.4003,"median_s":2.4003,"min_s":2.4003,"proto":"rp-native","runs":1,"stdev_s":0.0,"summary":true}
    LATPROBE: /tmp/rwm-ping.txt 50 replies
    CPU: CPUSRV=2.03s CPUCLI=2.42s (srv=decoder cli=sender; whole-invocation incl warmup)
    QDISC cli0: qdisc netem a28b: root refcnt 7 limit 1000 delay 5ms  3ms loss gemodel p 1.3% r 50% 1-h 100% 1-k 0% rate 100Mbit seed 7  Sent 25887200 bytes 21698 pkt (dropped 215, overlimits 0 requeues 0)   backlog 0b 0p requeues 0 
    QDISC cli1: qdisc netem a28c: root refcnt 7 limit 1000 delay 20ms  5ms loss gemodel p 2% r 40% 1-h 100% 1-k 0% rate 20Mbit seed 7  Sent 3884085 bytes 3302 pkt (dropped 66, overlimits 0 requeues 0)   backlog 0b 0p requeues 0 
    QDISC srv0: qdisc netem a28d: root refcnt 7 limit 1000 delay 5ms  3ms rate 100Mbit seed 17229704720212023204  Sent 2973096 bytes 15650 pkt (dropped 0, overlimits 0 requeues 0)   backlog 0b 0p requeues 0 
    QDISC srv1: qdisc netem a28e: root refcnt 7 limit 1000 delay 20ms  5ms rate 20Mbit seed 17987862386341760938  Sent 537375 bytes 2896 pkt (dropped 0, overlimits 0 requeues 0)   backlog 0b 0p requeues 0 
    QCAP: /tmp/rwm-q.txt 18 lines
RUNTIME c8-AUR rep=12 7s
DEADWALLRESULT {"cell": "c8", "arm": "AUR", "seed": 7, "rep": 12, "dnf": false, "dnf_count": 0, "mbps": 83.321, "seconds": 2.4, "n_runs": 1, "cpusrv": 2.03, "cpucli": 2.42, "khr_med": 1.0, "kraw_med": null, "khr_n": 12, "kraw_n": 0, "rtp_med": 35, "occ_p50": 2737, "occcap_p50": 3296, "q_p50": 324, "q_p99": 902, "diag_lines": 9, "retx": 1929, "gates_cli_ds": 1, "gates_srv_ds": 1, "gates_cli_u": 1, "gates_srv_u": 1, "gates_cli_mp": 1, "gates_srv_mp": 1, "gates_cli_ack": 1, "gates_srv_ack": 1, "gates_cli_diag": 1, "gates_srv_diag": 1, "gates_lines_cli": 1, "gates_lines_srv": 1, "active_ds_cli": 1, "active_ds_srv": 2, "diverged_ds_cli": 1, "diverged_ds_srv": 2, "active_u_cli": 1, "active_u_srv": 1, "ds_site": "sender-tail-sweep", "ds_srtt_us": 57042, "ds_jitter_us": 31953, "ds_derived_us": 114084, "ds_legacy_us": 100000, "ds_from": "diverged", "ds_n_echo": 6, "ackdiag_lines_cli": 2, "ackdiag_lines_srv": 2, "sf_ticks": 309, "sf_E": 0.5405, "sf_short": 0.5016, "sf_zero": 0.4175, "capboot_n": 6, "capboot_frac": 0.0, "ping_n": 50, "ping_p50": 210.0, "ping_p95": 363.0, "ping_p99": 371.0, "ping_tx": null, "ping_rx": null, "ping_loss": null, "wait_tun": 48, "wait_paused": 4, "wait_pace": 0, "wait_gen": 0, "wait_nack": 38, "wait_defc": 0, "wait_tail": 0, "wait_flush": 0, "wait_lines": 6, "deadwall": false, "dgq_hand": 23490, "dgq_full": 0, "dgq_gap": 17, "tc_bytes": 29771285, "tc_pkts": 25000, "tc_drop": 281, "tc_s": 7}
LIVENESS c8-AUR rep=12 cli=[RWM_DERIVED_SWEEP=1 RWM_STORE_CAP_UNIFIED=1 RWM_RECOV_MP=1 RWM_ACKDIAG=1] srv=[RWM_DERIVED_SWEEP=1 RWM_STORE_CAP_UNIFIED=1 RWM_RECOV_MP=1 RWM_ACKDIAG=1] actDS=1/2 divDS=1/2 actU=1/1 ackdiag=2/2 (expect ds=1 u=1)
DSLINE c8-AUR rep=12 ep=c ACTIVE site=sender-tail-sweep srtt_us=50000 jitter_us=0 derived_us=100000 legacy_us=100000
DSLINE c8-AUR rep=12 ep=c DIVERGED site=sender-tail-sweep srtt_us=10000 jitter_us=0 derived_us=20000 legacy_us=25000
DSLINE c8-AUR rep=12 ep=s ACTIVE site=sender-tail-sweep srtt_us=50000 jitter_us=0 derived_us=100000 legacy_us=100000
DSLINE c8-AUR rep=12 ep=s ACTIVE site=receiver-hole-refresh srtt_us=50000 jitter_us=140 derived_us=100000 legacy_us=100000
DSLINE c8-AUR rep=12 ep=s DIVERGED site=receiver-hole-refresh srtt_us=50347 jitter_us=31953 derived_us=100694 legacy_us=100000
DSLINE c8-AUR rep=12 ep=s DIVERGED site=sender-tail-sweep srtt_us=57042 jitter_us=31953 derived_us=114084 legacy_us=100000
=== rep=12 arm=c8L-AU seed=7 env="RWM_STORE_CAP_UNIFIED=1" cell=c2/c3/dual bytes=200000000 05:05:47
[2m2026-08-12T05:05:50.740475Z[0m [32m INFO[0m [2mraptorpath::gates[0m[2m:[0m [GATES] RWM_UNIFIED=1 RWM_UNIFIED_SHED=1 RWM_TAPER_R=1 RWM_ASTAR_ANCHOR=1 RWM_MSTAR_ANCHOR=1 RWM_PLAIN_RS=0 RWM_HONEST_ANCHOR=1 RWM_HONEST_K=0 RWM_STORE_SACK_RELEASE=1 RWM_STORE_PATHS=1 RWM_STORE_PATH_POOL=2048 RWM_STORE=unset RWM_STORE_GAIN=2 RWM_STORE_BOOT=128 RWM_STORE_CAPW=0 RWM_STORE_CAP_UNIFIED=1 RWM_THREE_TERM=0 RWM_STORE_PERCAP=0 RWM_PERCAP_GUARD=1 RWM_STORE_BORROW=0 RWM_HONEST_CAP=1 RWM_POOL_ANCHOR=0 RWM_POOL_DELIV=0 RWM_FLOOR_BOUND=0 RWM_ACK_MERGE=1 RWM_PATIENCE_DERIVED=0 RWM_SIDLE_DERIVED=0 RWM_WIN_DECOUPLE=0 RWM_PLACE_SLACK=0 RWM_GEN=384 RWM_PIPELINE=2 RWM_GEN_PIPE=1 RWM_GEN_R=unset RWM_GEN_RATE=9000 RWM_GEN_RATE_FLOOR=2000 RWM_GEN_INFLIGHT=unset RWM_OOO_RETAIN=0/16 RWM_WINDOW=unset RWM_REPORT_GENS=unset RWM_REPAIR_WAIT=unset RWM_CODED_SRC=0 RWM_NO_REACTIVE=0 RWM_XPATH_REPAIR=0 RWM_PROACTIVE_PACER=0 RWM_REASM_BDP=0 RWM_MIN_R=0 RWM_CC_PACE=0 RWM_CC_PACE_HR=1.1 RWM_REACT_CAP=unset RWM_INFL_CAP=0 RWM_INFL_BDP=unset RWM_COPA_FEED=0 RWM_RS_ATTR=1 RWM_EMIT_BATCH=0 RWM_EMIT_BURST=64 RWM_RECOV_MP=1 RWM_RECOV_MP_LAW=1 RWM_RECOV_MP_LIVE=0 RWM_RECOV_SP=0 RWM_DERIVED_SWEEP=0 RWM_DIAG=1 RWM_ACKDIAG=1 RWM_RDIAG=0 RWM_FDIAG=0 RWM_TRACE=0 RWM_PFRAC=0
{"bytes":200000000,"dnf":0,"hint":"bulk","max_s":19.0894,"mean_mbps":83.816,"mean_s":19.0894,"median_s":19.0894,"min_s":19.0894,"proto":"rp-native","runs":1,"stdev_s":0.0,"summary":true}
    LATPROBE: /tmp/rwm-ping.txt 369 replies
    CPU: CPUSRV=14.45s CPUCLI=21.65s (srv=decoder cli=sender; whole-invocation incl warmup)
    QDISC cli0: qdisc netem a28f: root refcnt 7 limit 1000 delay 5ms  3ms loss gemodel p 1.3% r 50% 1-h 100% 1-k 0% rate 100Mbit seed 7  Sent 215728785 bytes 169796 pkt (dropped 778, overlimits 0 requeues 0)   backlog 0b 0p requeues 0 
    QDISC cli1: qdisc netem a290: root refcnt 7 limit 1000 delay 20ms  5ms loss gemodel p 2% r 40% 1-h 100% 1-k 0% rate 20Mbit seed 7  Sent 14136269 bytes 12181 pkt (dropped 176, overlimits 0 requeues 0)   backlog 0b 0p requeues 0 
    QDISC srv0: qdisc netem a291: root refcnt 7 limit 1000 delay 5ms  3ms rate 100Mbit seed 6307596728440739874  Sent 22904436 bytes 123028 pkt (dropped 0, overlimits 0 requeues 0)   backlog 0b 0p requeues 0 
    QDISC srv1: qdisc netem a292: root refcnt 7 limit 1000 delay 20ms  5ms rate 20Mbit seed 3124468700736038479  Sent 1753061 bytes 10258 pkt (dropped 0, overlimits 0 requeues 0)   backlog 0b 0p requeues 0 
    QCAP: /tmp/rwm-q.txt 18 lines
RUNTIME c8L-AU rep=12 23s
DEADWALLRESULT {"cell": "c8L", "arm": "AU", "seed": 7, "rep": 12, "dnf": false, "dnf_count": 0, "mbps": 83.816, "seconds": 19.089, "n_runs": 1, "cpusrv": 14.45, "cpucli": 21.65, "khr_med": 1.0, "kraw_med": null, "khr_n": 111, "kraw_n": 0, "rtp_med": 44, "occ_p50": 2758, "occcap_p50": 4096, "q_p50": 994, "q_p99": 1383, "diag_lines": 72, "retx": 9639, "gates_cli_ds": 0, "gates_srv_ds": 0, "gates_cli_u": 1, "gates_srv_u": 1, "gates_cli_mp": 1, "gates_srv_mp": 1, "gates_cli_ack": 1, "gates_srv_ack": 1, "gates_cli_diag": 1, "gates_srv_diag": 1, "gates_lines_cli": 1, "gates_lines_srv": 1, "active_ds_cli": 0, "active_ds_srv": 0, "diverged_ds_cli": 0, "diverged_ds_srv": 0, "active_u_cli": 1, "active_u_srv": 1, "ds_site": null, "ds_srtt_us": null, "ds_jitter_us": null, "ds_derived_us": null, "ds_legacy_us": null, "ds_from": null, "ds_n_echo": 0, "ackdiag_lines_cli": 12, "ackdiag_lines_srv": 10, "sf_ticks": 1930, "sf_E": 0.7158, "sf_short": 0.5052, "sf_zero": 0.0632, "capboot_n": 69, "capboot_frac": 0.0, "ping_n": 369, "ping_p50": 114.0, "ping_p95": 162.0, "ping_p99": 166.0, "ping_tx": null, "ping_rx": null, "ping_loss": null, "wait_tun": 80, "wait_paused": 0, "wait_pace": 0, "wait_gen": 0, "wait_nack": 17, "wait_defc": 0, "wait_tail": 0, "wait_flush": 0, "wait_lines": 69, "deadwall": false, "dgq_hand": 186128, "dgq_full": 4432, "dgq_gap": 4437, "tc_bytes": 229865054, "tc_pkts": 181977, "tc_drop": 954, "tc_s": 23}
LIVENESS c8L-AU rep=12 cli=[RWM_DERIVED_SWEEP=0 RWM_STORE_CAP_UNIFIED=1 RWM_RECOV_MP=1 RWM_ACKDIAG=1] srv=[RWM_DERIVED_SWEEP=0 RWM_STORE_CAP_UNIFIED=1 RWM_RECOV_MP=1 RWM_ACKDIAG=1] actDS=0/0 divDS=0/0 actU=1/1 ackdiag=12/10 (expect ds=0 u=1)
=== ARMCOUNTS 2026-08-12T05:06:10Z
ARMCOUNT c8-A n=4/4
ARMCOUNT c8-AU n=12/12
ARMCOUNT c8-AUR n=12/12
ARMCOUNT c8L-AU n=12/12
MODEHUNT-BATTERY-DONE seed=7 2026-08-12T05:06:10Z
