=== SIGB BATTERY seed=42 reps=1 2026-08-20T23:08:41Z
CONTRACT goal-gate 'THE SIGMA ESTIMATOR — THE BATTERY, PRE-REGISTRATION' (feat/sigma-battery from main@2a1719a)
SCORED-AGAINST goal-gate 'THE SIGMA ESTIMATOR — THE ACCEPTANCE BAR' and nothing else
CELLS c1 c7 c8 c8L sc2
ARMS  NONE — the shipped stack, RWM_QUANTILE_CLOCKS OFF, RWM_ALPHA_OVERRIDE ABSENT. No clock is touched.
SEAT  plain window (RWM_GEN=0). The generation seat of §16.74.5 req 3 is NOT run — see the pre-registration's scope clause.
ENV   RWM_GEN=0 RWM_DIAG=1 RWM_FDIAG=1 RWM_ACKDIAG=1 RWM_WALLDIAG=1 RWM_LATPROBE=1
W3    NOT CITED (RETIRED by primitives-pw §2 — cod= is 111-750 at every lossy plain-window cell)
BIN /home/vibe/raptorpath/target/release/raptorpath
SHA256 5f87359e0ffe6d014fb87efbd92f96177254af27fc8bc26c90143cb1069f0781  /home/vibe/raptorpath/target/release/raptorpath
COMMIT a3709af (feat/sigma-battery) — BINARY BUILT FROM THE ENGINE TREE AT main@2a1719a; a3709af is DOC+HARNESS-ONLY (goal-gate prereg + tools/l1/sigb_*), no engine crate touched. sha256 5f87359e0ffe6d014fb87efbd92f96177254af27fc8bc26c90143cb1069f0781. Built TWICE: once from a CRLF-damaged tree, once from the LF-repaired tree — sha256 IDENTICAL both times.
KERNEL 7.0.14-101.fc43.x86_64
UPTIME  01:08:42 up 2 days,  3:51,  6 users,  load average: 4.46, 2.88, 1.51
COTENANT kwin=0
0 sddm=4
CPU Model name:                              Intel(R) Xeon(R) CPU E5-2650 v3 @ 2.30GHz
=== rep=1 cell=c1 seed=42 spec=c1/c1/single bytes=400000000 23:08:42
[2m2026-08-20T23:08:43.747829Z[0m [32m INFO[0m [2mraptorpath::gates[0m[2m:[0m [GATES] RWM_UNIFIED=1 RWM_UNIFIED_SHED=1 RWM_TAPER_R=1 RWM_ASTAR_ANCHOR=1 RWM_MSTAR_ANCHOR=1 RWM_PLAIN_RS=0 RWM_HONEST_ANCHOR=1 RWM_HONEST_K=0 RWM_STORE_SACK_RELEASE=1 RWM_STORE_PATHS=1 RWM_STORE_PATH_POOL=2048 RWM_STORE=unset RWM_STORE_GAIN=2 RWM_STORE_BOOT=128 RWM_STORE_CAPW=0 RWM_STORE_CAP_UNIFIED=0 RWM_THREE_TERM=0 RWM_COMPOSED_CAP=0 RWM_SUM_CAP=1 RWM_LATE_BRAKE=0 RWM_DELTA_CAP=1 RWM_STORE_PERCAP=0 RWM_PERCAP_GUARD=1 RWM_STORE_BORROW=0 RWM_HONEST_CAP=1 RWM_POOL_ANCHOR=0 RWM_POOL_DELIV=0 RWM_FLOOR_BOUND=0 RWM_ACK_MERGE=1 RWM_LOSS_SENT_TRUTH=0 RWM_RELEASE_1TO1=0 RWM_CHARGE_RECOVERY=0 RWM_PATIENCE_DERIVED=0 RWM_SIDLE_DERIVED=0 RWM_WIN_DECOUPLE=0 RWM_PLACE_SLACK=0 RWM_COLD_PLACE=0 RWM_GEN=384 RWM_PIPELINE=2 RWM_GEN_PIPE=1 RWM_GEN_R=unset RWM_GEN_RATE=9000 RWM_GEN_RATE_FLOOR=2000 RWM_GEN_INFLIGHT=unset RWM_OOO_RETAIN=0/16 RWM_WINDOW=unset RWM_REPORT_GENS=unset RWM_REPAIR_WAIT=unset RWM_CODED_SRC=0 RWM_NO_REACTIVE=0 RWM_XPATH_REPAIR=0 RWM_PROACTIVE_PACER=0 RWM_REASM_BDP=0 RWM_MIN_R=0 RWM_CC_PACE=0 RWM_CC_PACE_HR=1.1 RWM_REACT_CAP=unset RWM_INFL_CAP=0 RWM_INFL_BDP=unset RWM_COPA_FEED=0 RWM_RS_ATTR=1 RWM_EMIT_BATCH=0 RWM_EMIT_BURST=64 RWM_RECOV_MP=1 RWM_RECOV_MP_LAW=1 RWM_RECOV_MP_LIVE=0 RWM_RECOV_SP=0 RWM_DERIVED_SWEEP=0 RWM_RACK_CLOCKS=0 RWM_RACK_REO_MULT=1 RWM_QUANTILE_CLOCKS=0 RWM_ALPHA_OVERRIDE=unset RWM_DIAG=1 RWM_ACKDIAG=1 RWM_ACKDIAG_WINDOW_US=2000000 RWM_WALLDIAG=1 RWM_CPUPROF=0 RWM_RDIAG=0 RWM_FDIAG=1 RWM_TRACE=0 RWM_PFRAC=0
{"bytes":400000000,"dnf":0,"hint":"bulk","max_s":16.9755,"mean_mbps":188.507,"mean_s":16.9755,"median_s":16.9755,"min_s":16.9755,"proto":"rp-native","runs":1,"stdev_s":0.0,"summary":true}
    LATPROBE-LEG leg=0 file=/tmp/rwm-ping-0.txt sent=338 recv=337 censor=0.30% p50=2.09[censor=0.30% ok] p95=2.54[censor=0.30% ok] p99=2.83[censor=0.30% ok]
    LATPROBE: 1 leg(s) /tmp/rwm-ping-0.txt=337 replies
    CPU: CPUSRV=18.69s CPUCLI=19.15s (srv=decoder cli=sender; whole-invocation incl warmup)
    QDISC cli0: qdisc netem aa89: root refcnt 7 limit 1000 delay 1ms loss gemodel p 0.05% r 50% 1-h 100% 1-k 0% rate 1Gbit seed 42  Sent 437929958 bytes 343141 pkt (dropped 50, overlimits 0 requeues 0)   backlog 0b 0p requeues 0 
    QDISC srv0: qdisc netem aa8b: root refcnt 7 limit 1000 delay 1ms rate 1Gbit seed 5591490872616083051  Sent 31035422 bytes 75390 pkt (dropped 0, overlimits 0 requeues 0)   backlog 0b 0p requeues 0 
    QCAP: /tmp/rwm-q.txt 10 lines
RUNTIME c1 rep=1 19s rc=0
LIVENESS c1 rep=1 RWM_DELTA_CAP=RWM_DELTA_CAP=1/RWM_DELTA_CAP=1(exp1) RWM_SUM_CAP=RWM_SUM_CAP=1/RWM_SUM_CAP=1(exp1) RWM_QUANTILE_CLOCKS=RWM_QUANTILE_CLOCKS=0/RWM_QUANTILE_CLOCKS=0(exp0) RWM_RACK_CLOCKS=RWM_RACK_CLOCKS=0/RWM_RACK_CLOCKS=0(exp0) RWM_DERIVED_SWEEP=RWM_DERIVED_SWEEP=0/RWM_DERIVED_SWEEP=0(exp0) RWM_COMPOSED_CAP=RWM_COMPOSED_CAP=0/RWM_COMPOSED_CAP=0(exp0) RWM_THREE_TERM=RWM_THREE_TERM=0/RWM_THREE_TERM=0(exp0) RWM_STORE_CAP_UNIFIED=RWM_STORE_CAP_UNIFIED=0/RWM_STORE_CAP_UNIFIED=0(exp0) RWM_LATE_BRAKE=RWM_LATE_BRAKE=0/RWM_LATE_BRAKE=0(exp0) RWM_CHARGE_RECOVERY=RWM_CHARGE_RECOVERY=0/RWM_CHARGE_RECOVERY=0(exp0) RWM_RELEASE_1TO1=RWM_RELEASE_1TO1=0/RWM_RELEASE_1TO1=0(exp0) RWM_LOSS_SENT_TRUTH=RWM_LOSS_SENT_TRUTH=0/RWM_LOSS_SENT_TRUTH=0(exp0) RWM_ALPHA_OVERRIDE=RWM_ALPHA_OVERRIDE=unset/RWM_ALPHA_OVERRIDE=unset(expunset) RWM_DIAG=RWM_DIAG=1/RWM_DIAG=1(exp1) RWM_FDIAG=RWM_FDIAG=1/RWM_FDIAG=1(exp1) RWM_ACKDIAG=RWM_ACKDIAG=1/RWM_ACKDIAG=1(exp1) RWM_WALLDIAG=RWM_WALLDIAG=1/RWM_WALLDIAG=1(exp1)
SIGBREAD c1 42 1 cli p0 blk=1 sig=618/582 rvar=559/582 qsp=46003/256 msd=16/255
SIGBREAD c1 42 1 cli p0 blk=2 sig=12/5190 rvar=10/5190 qsp=1906/256 msd=5/255
SIGBREAD c1 42 1 cli p0 blk=3 sig=2092/9750 rvar=1914/9750 qsp=4147/256 msd=5/255
SIGBREAD c1 42 1 cli p0 blk=4 sig=49/14696 rvar=47/14696 qsp=2849/256 msd=4/255
SIGBREAD c1 42 1 cli p0 blk=6 sig=356/25260 rvar=320/25260 qsp=2314/256 msd=4/255
SIGBREAD c1 42 1 cli p0 blk=7 sig=189/30252 rvar=177/30252 qsp=2035/256 msd=4/255
SIGBREAD c1 42 1 cli p0 blk=8 sig=930/36171 rvar=758/36171 qsp=2770/256 msd=4/255
SIGBREAD c1 42 1 cli p0 blk=9 sig=84/41835 rvar=84/41835 qsp=774/256 msd=5/255
SIGBREAD c1 42 1 cli p0 blk=11 sig=75/52220 rvar=71/52220 qsp=5549/256 msd=7/255
SIGBREAD c1 42 1 cli p0 blk=13 sig=33/62620 rvar=28/62620 qsp=2115/256 msd=4/255
SIGBREAD c1 42 1 cli p0 blk=14 sig=60/67713 rvar=52/67713 qsp=3223/256 msd=5/255
SIGBREAD c1 42 1 cli p0 blk=17 sig=61/82409 rvar=59/82409 qsp=3413/256 msd=14/255
SIGBREAD c1 42 1 cli p0 blk=18 sig=13/87319 rvar=12/87319 qsp=3430/256 msd=7/255
SIGBREAD c1 42 1 cli p0 blk=19 sig=21/92708 rvar=19/92708 qsp=736/256 msd=9/255
SIGBREAD c1 42 1 cli p0 blk=20 sig=39/97593 rvar=39/97593 qsp=3633/256 msd=7/255
SIGBREAD c1 42 1 cli p0 blk=22 sig=56/107471 rvar=50/107471 qsp=338/256 msd=10/255
SIGBREAD c1 42 1 cli p0 blk=23 sig=490/112073 rvar=411/112073 qsp=1666/256 msd=10/255
SIGBREAD c1 42 1 cli p0 blk=25 sig=519/121710 rvar=304/121710 qsp=590/256 msd=9/255
SIGBREAD c1 42 1 cli p0 blk=26 sig=1179/126546 rvar=1032/126546 qsp=1078/256 msd=8/255
SIGBREAD c1 42 1 cli p0 blk=27 sig=51/131687 rvar=21/131687 qsp=936/256 msd=9/255
SIGBREAD c1 42 1 cli p0 blk=28 sig=70/136706 rvar=68/136706 qsp=859/256 msd=6/255
SIGBREAD c1 42 1 cli p0 blk=29 sig=77/142127 rvar=71/142127 qsp=1516/256 msd=11/255
SIGBREAD c1 42 1 cli p0 blk=34 sig=104/167350 rvar=104/167350 qsp=2816/256 msd=13/255
SIGBREAD c1 42 1 cli p0 blk=35 sig=6923/172640 rvar=4599/172640 qsp=3124/256 msd=7/255
SIGBREAD c1 42 1 cli p0 blk=37 sig=36/182654 rvar=26/182654 qsp=1129/256 msd=10/255
SIGBREAD c1 42 1 cli p0 blk=38 sig=72/188859 rvar=71/188859 qsp=3051/256 msd=6/255
SIGBREAD c1 42 1 cli p0 blk=39 sig=67/194180 rvar=52/194180 qsp=6218/256 msd=8/255
SIGBREAD c1 42 1 cli p0 blk=41 sig=257/202175 rvar=246/202175 qsp=178/256 msd=6/255
SIGBREAD c1 42 1 cli p0 blk=42 sig=61/207235 rvar=58/207235 qsp=3524/256 msd=8/255
SIGBREAD c1 42 1 cli p0 blk=43 sig=58/212759 rvar=57/212759 qsp=1490/256 msd=16/255
SIGBREAD c1 42 1 cli p0 blk=44 sig=43/217876 rvar=43/217876 qsp=3911/256 msd=13/255
SIGBREAD c1 42 1 cli p0 blk=45 sig=91/223441 rvar=90/223441 qsp=1591/256 msd=12/255
SIGBREAD c1 42 1 cli p0 blk=46 sig=25/228518 rvar=12/228518 qsp=893/256 msd=13/255
SIGBREAD c1 42 1 cli p0 blk=49 sig=60/241474 rvar=56/241474 qsp=4581/256 msd=13/255
SIGBREAD c1 42 1 cli p0 blk=50 sig=74/246715 rvar=62/246715 qsp=2281/256 msd=8/255
SIGBREAD c1 42 1 cli p0 blk=52 sig=95/257154 rvar=83/257154 qsp=267/256 msd=9/255
SIGBREAD c1 42 1 cli p0 blk=53 sig=459/262697 rvar=384/262697 qsp=2156/256 msd=11/255
SIGBREAD c1 42 1 cli p0 blk=55 sig=159/273590 rvar=156/273590 qsp=501/256 msd=15/255
SIGBREAD c1 42 1 cli p0 blk=57 sig=73/284032 rvar=71/284032 qsp=2372/256 msd=19/255
SIGBREAD c1 42 1 cli p0 blk=59 sig=84/294158 rvar=83/294158 qsp=3679/256 msd=15/255
SIGBREAD c1 42 1 cli p0 blk=60 sig=117/299550 rvar=115/299550 qsp=3703/256 msd=18/255
SIGBREAD c1 42 1 cli p0 blk=61 sig=18/304976 rvar=16/304976 qsp=824/256 msd=8/255
SIGBREAD c1 42 1 cli p0 blk=62 sig=84/310079 rvar=82/310079 qsp=3756/256 msd=17/255
SIGBREAD c1 42 1 cli p0 blk=63 sig=155/314424 rvar=119/314424 qsp=1241/256 msd=24/255
SIGBREAD c1 42 1 cli p0 blk=64 sig=87/318592 rvar=85/318592 qsp=958/256 msd=9/255
SIGBREAD c1 42 1 cli p0 blk=65 sig=493/323443 rvar=444/323443 qsp=806/256 msd=14/255
SIGBREAD c1 42 1 cli p0 blk=66 sig=17/328438 rvar=15/328438 qsp=2568/256 msd=10/255
SIGBREAD c1 42 1 cli p0 blk=67 sig=20/334460 rvar=17/334460 qsp=2965/256 msd=7/255
SIGBREAD c1 42 1 srv p0 blk=1 sig=30179/7 rvar=21656/7 qsp=21957/7 msd=21813/6
SIGBREAD c1 42 1 srv p0 blk=2 sig=8286/19 rvar=6812/19 qsp=60713/19 msd=1165/18
SIGBREAD c1 42 1 srv p0 blk=3 sig=3212/39 rvar=2908/39 qsp=22091/39 msd=752/38
SIGBREAD c1 42 1 srv p0 blk=4 sig=3206/59 rvar=2928/59 qsp=5925/59 msd=752/58
SIGBREAD c1 42 1 srv p0 blk=5 sig=2811/79 rvar=2475/79 qsp=5569/79 msd=664/78
SIGBREAD c1 42 1 srv p0 blk=6 sig=2919/99 rvar=2763/99 qsp=5286/99 msd=610/98
SIGBREAD c1 42 1 srv p0 blk=7 sig=3274/119 rvar=2379/119 qsp=5286/119 msd=610/118
SIGBREAD c1 42 1 srv p0 blk=8 sig=8591/137 rvar=7486/137 qsp=5564/137 msd=480/136
SIGBREAD c1 42 1 srv p0 blk=9 sig=2486/157 rvar=2363/157 qsp=5056/157 msd=610/156
SIGBREAD c1 42 1 srv p0 blk=10 sig=1944/177 rvar=1328/177 qsp=5128/177 msd=340/176
SIGBREAD c1 42 1 srv p0 blk=11 sig=3490/197 rvar=2936/197 qsp=4941/197 msd=355/196
SIGBREAD c1 42 1 srv p0 blk=12 sig=4258/217 rvar=3917/217 qsp=5541/217 msd=340/216
SIGBREAD c1 42 1 srv p0 blk=13 sig=6669/237 rvar=6269/237 qsp=6048/237 msd=326/236
SIGBREAD c1 42 1 srv p0 blk=14 sig=1746/257 rvar=883/257 qsp=5842/256 msd=315/255
SIGBREAD c1 42 1 srv p0 blk=15 sig=2761/275 rvar=1643/275 qsp=5806/256 msd=295/255
SIGBREAD c1 42 1 srv p0 blk=16 sig=3723/293 rvar=3390/293 qsp=5521/256 msd=295/255
SIGBREAD c1 42 1 srv p0 blk=17 sig=4422/313 rvar=2797/313 qsp=5963/256 msd=280/255
SIGBREAD c1 42 1 srv p0 blk=18 sig=2234/333 rvar=2010/333 qsp=5734/256 msd=243/255
SIGBREAD c1 42 1 srv p0 blk=19 sig=4004/353 rvar=3422/353 qsp=5463/256 msd=243/255
SIGBREAD c1 42 1 srv p0 blk=20 sig=2735/373 rvar=1736/373 qsp=5457/256 msd=243/255
SIGBREAD c1 42 1 srv p0 blk=21 sig=2146/393 rvar=2058/393 qsp=5192/256 msd=280/255
SIGBREAD c1 42 1 srv p0 blk=22 sig=2118/413 rvar=2000/413 qsp=5198/256 msd=280/255
SIGBREAD c1 42 1 srv p0 blk=23 sig=11829/431 rvar=9536/431 qsp=5463/256 msd=287/255
SIGBREAD c1 42 1 srv p0 blk=24 sig=4001/449 rvar=3704/449 qsp=5558/256 msd=261/255
SIGBREAD c1 42 1 srv p0 blk=25 sig=5503/469 rvar=5345/469 qsp=6412/256 msd=261/255
SIGBREAD c1 42 1 srv p0 blk=26 sig=5204/489 rvar=4551/489 qsp=6532/256 msd=261/255
SIGBREAD c1 42 1 srv p0 blk=27 sig=1779/509 rvar=1418/509 qsp=6559/256 msd=261/255
SIGBREAD c1 42 1 srv p0 blk=28 sig=2389/529 rvar=2241/529 qsp=6025/256 msd=261/255
SIGBREAD c1 42 1 srv p0 blk=29 sig=3781/549 rvar=3462/549 qsp=5859/256 msd=232/255
SIGBREAD c1 42 1 srv p0 blk=30 sig=1854/569 rvar=1697/569 qsp=5225/256 msd=261/255
SIGBREAD c1 42 1 srv p0 blk=31 sig=1541/589 rvar=869/589 qsp=5526/256 msd=269/255
SIGBREAD c1 42 1 srv p0 blk=32 sig=2349/609 rvar=1482/609 qsp=5590/256 msd=287/255
SIGBREAD c1 42 1 srv p0 blk=33 sig=2655/629 rvar=2314/629 qsp=5167/256 msd=294/255
SIGBREAD c1 42 1 srv p0 blk=34 sig=4045/649 rvar=3557/649 qsp=5277/256 msd=269/255
SIGBREAD c1 42 1 srv p0 blk=35 sig=5181/669 rvar=4730/669 qsp=5657/256 msd=269/255
SIGBREAD c1 42 1 srv p0 blk=36 sig=1423/689 rvar=1277/689 qsp=5331/256 msd=261/255
SIGBREAD c1 42 1 srv p0 blk=37 sig=1917/709 rvar=1534/709 qsp=5138/256 msd=232/255
SIGBREAD c1 42 1 srv p0 blk=38 sig=24400/727 rvar=21421/727 qsp=5205/256 msd=232/255
SIGBREAD c1 42 1 srv p0 blk=39 sig=18944/737 rvar=18298/737 qsp=5123/256 msd=232/255
SIGBREAD c1 42 1 srv p0 blk=40 sig=7772/749 rvar=6855/749 qsp=5066/256 msd=232/255
SIGBREAD c1 42 1 srv p0 blk=41 sig=2231/769 rvar=1768/769 qsp=4977/256 msd=221/255
SIGBREAD c1 42 1 srv p0 blk=42 sig=1215/789 rvar=1009/789 qsp=4942/256 msd=221/255
SIGBREAD c1 42 1 srv p0 blk=43 sig=2273/809 rvar=1754/809 qsp=4885/256 msd=263/255
SIGBREAD c1 42 1 srv p0 blk=44 sig=4969/829 rvar=4421/829 qsp=4881/256 msd=232/255
SIGBREAD c1 42 1 srv p0 blk=45 sig=2092/845 rvar=1516/845 qsp=4870/256 msd=213/255
SIGBREAD c1 42 1 srv p0 blk=46 sig=3692/863 rvar=3151/863 qsp=5613/256 msd=202/255
SIGBREAD c1 42 1 srv p0 blk=47 sig=2860/883 rvar=2502/883 qsp=5628/256 msd=191/255
SIGBREAD c1 42 1 srv p0 blk=48 sig=2475/903 rvar=2119/903 qsp=5628/256 msd=232/255
SIGBREAD c1 42 1 srv p0 blk=49 sig=2157/923 rvar=1893/923 qsp=5425/256 msd=232/255
SIGBREAD c1 42 1 srv p0 blk=50 sig=2132/943 rvar=2044/943 qsp=5145/256 msd=247/255
SIGBREAD c1 42 1 srv p0 blk=51 sig=2963/963 rvar=2629/963 qsp=5132/256 msd=255/255
SIGBREAD c1 42 1 srv p0 blk=52 sig=6807/983 rvar=5425/983 qsp=4150/256 msd=255/255
SIGBREAD c1 42 1 srv p0 blk=53 sig=3137/1001 rvar=2092/1001 qsp=3831/256 msd=255/255
SIGBREAD c1 42 1 srv p0 blk=54 sig=4971/1019 rvar=4167/1019 qsp=4136/256 msd=263/255
SIGBREAD c1 42 1 srv p0 blk=55 sig=7514/1037 rvar=6923/1037 qsp=4558/256 msd=263/255
SIGBREAD c1 42 1 srv p0 blk=56 sig=2338/1057 rvar=2053/1057 qsp=4221/256 msd=255/255
SIGBREAD c1 42 1 srv p0 blk=57 sig=1204/1077 rvar=953/1077 qsp=4367/256 msd=264/255
SIGBREAD c1 42 1 srv p0 blk=58 sig=1849/1097 rvar=1789/1097 qsp=3827/256 msd=327/255
SIGBREAD c1 42 1 srv p0 blk=59 sig=3412/1115 rvar=2838/1115 qsp=3842/256 msd=327/255
SIGBREAD c1 42 1 srv p0 blk=60 sig=3461/1129 rvar=2432/1129 qsp=6945/256 msd=327/255
SIGBREAD c1 42 1 srv p0 blk=61 sig=3908/1145 rvar=3215/1145 qsp=7646/256 msd=338/255
SIGBREAD c1 42 1 srv p0 blk=62 sig=2712/1161 rvar=2109/1161 qsp=8535/256 msd=338/255
SIGBREAD c1 42 1 srv p0 blk=63 sig=4451/1181 rvar=3981/1181 qsp=8724/256 msd=343/255
SIGBREAD c1 42 1 srv p0 blk=64 sig=4474/1202 rvar=4109/1202 qsp=9047/256 msd=370/255
SIGBMETA c1 42 1 {"seconds": 16.9755, "mbps": 188.507, "diag_blocks_cli": 67, "diag_blocks_srv": 64, "reads_cli": 48, "reads_srv": 64, "tc_bytes": 437929958, "tc_pkts": 343141, "tc_drop": 50, "tc_s": 19}
SIGBPROBE c1 42 1 {"leg": 0, "file": "/tmp/rwm-ping-0.txt", "n": 337, "sent": 338, "recv": 337, "sent_source": "summary", "summary_tx": 338, "summary_rx": 337, "recv_mismatch": false, "censor_frac": 0.003, "censor_pct": 0.3, "contract_bar": 0.2, "leg_unscoreable": false, "min": 2.04, "max": 3.36, "p50": 2.09, "p50_censored": false, "p50_scoreable": true, "p95": 2.54, "p95_censored": false, "p95_scoreable": true, "p99": 2.83, "p99_censored": false, "p99_scoreable": true, "n_samples": 337, "spacing_ms": 50.0, "spacing_obs_ms": 50.0, "seq_span": 337, "qsp": 300.0, "msd": 40.0, "sd": 167.118, "msd_adj": 40.0, "msd_pairs": 336, "msd_adj_pairs": 335, "adj_frac": 0.997, "sd_mad": 103.554, "qsp_structural_dead": false, "qsp_structural_bar": 0.1}
SIGBWITNESS {"cell": "c1", "seed": 42, "rep": 1, "mbps": 188.507, "seconds": 16.9755, "W1_rfa_gen": 0, "W2_pfrac_lines": 0, "W4_retx_max": 826, "W5_rack_fa": "100/826", "W7_group_misses_cli": 0, "W7_group_misses_srv": 0, "diag_blocks_cli": 67, "diag_blocks_srv": 64, "gen_plateau": false, "plateau_band": [26.8, 34.1]}
W7TOKEN c1 rep=1 sig_us cli=48 srv=64
W7TOKEN c1 rep=1 rvar_us cli=48 srv=64
W7TOKEN c1 rep=1 qsp_us cli=48 srv=64
W7TOKEN c1 rep=1 msd_us cli=48 srv=64
RACKLINE c1 rep=1 site=cli [RACK] on=0 evals=0 ceil=0.0000 gran=0.0000 legacy_pin=0.0000 round=0.0 legacy=0.0 mult=1 fa=603/603 fa_frac=1.0000 fa_class=0.0625
RACKLINE c1 rep=1 site=cli [RACK] on=0 evals=0 ceil=0.0000 gran=0.0000 legacy_pin=0.0000 round=0.0 legacy=0.0 mult=1 fa=100/826 fa_frac=0.1211 fa_class=0.0625
RFALINE c1 rep=1 site=cli [RFA] gen=0 fires=29 false=29 false_frac=1.0000 fill_coded=0 fill_src=0 dup_src=29 preempt_src=0 src_n=30 rep_n=22 nu_recv=0.96667 fa_class=0.0625
RFALINE c1 rep=1 site=cli [RFA] gen=0 fires=68 false=68 false_frac=1.0000 fill_coded=0 fill_src=0 dup_src=68 preempt_src=0 src_n=69 rep_n=61 nu_recv=0.98551 fa_class=0.0625
RFALINE c1 rep=1 site=cli [RFA] gen=0 fires=106 false=106 false_frac=1.0000 fill_coded=0 fill_src=0 dup_src=106 preempt_src=0 src_n=107 rep_n=99 nu_recv=0.99065 fa_class=0.0625
RFALINE c1 rep=1 site=cli [RFA] gen=0 fires=142 false=142 false_frac=1.0000 fill_coded=0 fill_src=0 dup_src=142 preempt_src=0 src_n=143 rep_n=135 nu_recv=0.99301 fa_class=0.0625
RFALINE c1 rep=1 site=cli [RFA] gen=0 fires=180 false=180 false_frac=1.0000 fill_coded=0 fill_src=0 dup_src=180 preempt_src=0 src_n=181 rep_n=173 nu_recv=0.99448 fa_class=0.0625
RFALINE c1 rep=1 site=cli [RFA] gen=0 fires=218 false=218 false_frac=1.0000 fill_coded=0 fill_src=0 dup_src=218 preempt_src=0 src_n=219 rep_n=211 nu_recv=0.99543 fa_class=0.0625
RFALINE c1 rep=1 site=cli [RFA] gen=0 fires=254 false=254 false_frac=1.0000 fill_coded=0 fill_src=0 dup_src=254 preempt_src=0 src_n=255 rep_n=247 nu_recv=0.99608 fa_class=0.0625
RFALINE c1 rep=1 site=cli [RFA] gen=0 fires=292 false=292 false_frac=1.0000 fill_coded=0 fill_src=0 dup_src=292 preempt_src=0 src_n=293 rep_n=285 nu_recv=0.99659 fa_class=0.0625
RFALINE c1 rep=1 site=cli [RFA] gen=0 fires=330 false=330 false_frac=1.0000 fill_coded=0 fill_src=0 dup_src=330 preempt_src=0 src_n=331 rep_n=323 nu_recv=0.99698 fa_class=0.0625
RFALINE c1 rep=1 site=cli [RFA] gen=0 fires=368 false=368 false_frac=1.0000 fill_coded=0 fill_src=0 dup_src=368 preempt_src=0 src_n=369 rep_n=361 nu_recv=0.99729 fa_class=0.0625
RFALINE c1 rep=1 site=cli [RFA] gen=0 fires=395 false=395 false_frac=1.0000 fill_coded=0 fill_src=0 dup_src=395 preempt_src=0 src_n=396 rep_n=388 nu_recv=0.99747 fa_class=0.0625
RFALINE c1 rep=1 site=cli [RFA] gen=0 fires=431 false=431 false_frac=1.0000 fill_coded=0 fill_src=0 dup_src=431 preempt_src=0 src_n=432 rep_n=424 nu_recv=0.99769 fa_class=0.0625
RFALINE c1 rep=1 site=cli [RFA] gen=0 fires=469 false=469 false_frac=1.0000 fill_coded=0 fill_src=0 dup_src=469 preempt_src=0 src_n=470 rep_n=462 nu_recv=0.99787 fa_class=0.0625
RFALINE c1 rep=1 site=cli [RFA] gen=0 fires=506 false=506 false_frac=1.0000 fill_coded=0 fill_src=0 dup_src=506 preempt_src=0 src_n=507 rep_n=499 nu_recv=0.99803 fa_class=0.0625
RFALINE c1 rep=1 site=cli [RFA] gen=0 fires=543 false=543 false_frac=1.0000 fill_coded=0 fill_src=0 dup_src=543 preempt_src=0 src_n=544 rep_n=536 nu_recv=0.99816 fa_class=0.0625
RFALINE c1 rep=1 site=cli [RFA] gen=0 fires=576 false=576 false_frac=1.0000 fill_coded=0 fill_src=0 dup_src=576 preempt_src=0 src_n=577 rep_n=569 nu_recv=0.99827 fa_class=0.0625
RFALINE c1 rep=1 site=cli [RFA] gen=0 fires=603 false=603 false_frac=1.0000 fill_coded=0 fill_src=0 dup_src=603 preempt_src=0 src_n=605 rep_n=597 nu_recv=0.99669 fa_class=0.0625
RFALINE c1 rep=1 site=srv [RFA] gen=0 fires=155 false=64 false_frac=0.4129 fill_coded=2 fill_src=89 dup_src=62 preempt_src=2 src_n=14725 rep_n=11 nu_recv=0.01053 fa_class=0.0625
RFALINE c1 rep=1 site=srv [RFA] gen=0 fires=215 false=84 false_frac=0.3907 fill_coded=2 fill_src=129 dup_src=82 preempt_src=2 src_n=36200 rep_n=18 nu_recv=0.00594 fa_class=0.0625
RFALINE c1 rep=1 site=srv [RFA] gen=0 fires=289 false=98 false_frac=0.3391 fill_coded=3 fill_src=188 dup_src=95 preempt_src=3 src_n=57191 rep_n=24 nu_recv=0.00505 fa_class=0.0625
RFALINE c1 rep=1 site=srv [RFA] gen=0 fires=360 false=129 false_frac=0.3583 fill_coded=3 fill_src=228 dup_src=126 preempt_src=3 src_n=77723 rep_n=30 nu_recv=0.00463 fa_class=0.0625
RFALINE c1 rep=1 site=srv [RFA] gen=0 fires=392 false=141 false_frac=0.3597 fill_coded=3 fill_src=248 dup_src=138 preempt_src=3 src_n=97915 rep_n=34 nu_recv=0.00400 fa_class=0.0625
RFALINE c1 rep=1 site=srv [RFA] gen=0 fires=394 false=143 false_frac=0.3629 fill_coded=3 fill_src=248 dup_src=140 preempt_src=3 src_n=116448 rep_n=35 nu_recv=0.00338 fa_class=0.0625
RFALINE c1 rep=1 site=srv [RFA] gen=0 fires=507 false=166 false_frac=0.3274 fill_coded=3 fill_src=338 dup_src=163 preempt_src=3 src_n=137037 rep_n=46 nu_recv=0.00370 fa_class=0.0625
RFALINE c1 rep=1 site=srv [RFA] gen=0 fires=616 false=207 false_frac=0.3360 fill_coded=3 fill_src=406 dup_src=204 preempt_src=3 src_n=157891 rep_n=54 nu_recv=0.00390 fa_class=0.0625
RFALINE c1 rep=1 site=srv [RFA] gen=0 fires=619 false=210 false_frac=0.3393 fill_coded=3 fill_src=406 dup_src=207 preempt_src=3 src_n=177871 rep_n=56 nu_recv=0.00348 fa_class=0.0625
RFALINE c1 rep=1 site=srv [RFA] gen=0 fires=619 false=210 false_frac=0.3393 fill_coded=3 fill_src=406 dup_src=207 preempt_src=3 src_n=199822 rep_n=56 nu_recv=0.00310 fa_class=0.0625
RFALINE c1 rep=1 site=srv [RFA] gen=0 fires=669 false=240 false_frac=0.3587 fill_coded=3 fill_src=426 dup_src=237 preempt_src=3 src_n=218182 rep_n=58 nu_recv=0.00307 fa_class=0.0625
RFALINE c1 rep=1 site=srv [RFA] gen=0 fires=670 false=241 false_frac=0.3597 fill_coded=3 fill_src=426 dup_src=238 preempt_src=3 src_n=237261 rep_n=58 nu_recv=0.00282 fa_class=0.0625
RFALINE c1 rep=1 site=srv [RFA] gen=0 fires=673 false=244 false_frac=0.3626 fill_coded=3 fill_src=426 dup_src=241 preempt_src=3 src_n=257131 rep_n=60 nu_recv=0.00262 fa_class=0.0625
RFALINE c1 rep=1 site=srv [RFA] gen=0 fires=685 false=246 false_frac=0.3591 fill_coded=3 fill_src=436 dup_src=243 preempt_src=3 src_n=278933 rep_n=62 nu_recv=0.00246 fa_class=0.0625
RFALINE c1 rep=1 site=srv [RFA] gen=0 fires=730 false=261 false_frac=0.3575 fill_coded=3 fill_src=466 dup_src=258 preempt_src=3 src_n=299526 rep_n=66 nu_recv=0.00244 fa_class=0.0625
RFALINE c1 rep=1 site=srv [RFA] gen=0 fires=816 false=276 false_frac=0.3382 fill_coded=3 fill_src=537 dup_src=273 preempt_src=3 src_n=318588 rep_n=77 nu_recv=0.00256 fa_class=0.0625
FDIAGLINE c1 rep=1 site=cli [FDIAG] frontier=0 seen=0 gap=0 probe_holes=0 probe_buffered=0 | DECODE n=0 avg=0us present_at_stall=0 | SOURCE n=0 avg=0us | COMPUTE calls=16 avg=0us max=11us total=0ms | rf=4 ru=0 | rows=0 max_span=0 coeff_kb=0 recovered=1 seen=5
FDIAGLINE c1 rep=1 site=cli [FDIAG] frontier=0 seen=0 gap=0 probe_holes=0 probe_buffered=0 | DECODE n=0 avg=0us present_at_stall=0 | SOURCE n=0 avg=0us | COMPUTE calls=54 avg=0us max=3us total=0ms | rf=23 ru=0 | rows=0 max_span=0 coeff_kb=0 recovered=1 seen=24
FDIAGLINE c1 rep=1 site=cli [FDIAG] frontier=0 seen=0 gap=0 probe_holes=0 probe_buffered=0 | DECODE n=0 avg=0us present_at_stall=0 | SOURCE n=0 avg=0us | COMPUTE calls=94 avg=0us max=4us total=0ms | rf=43 ru=0 | rows=0 max_span=0 coeff_kb=0 recovered=1 seen=44
FDIAGLINE c1 rep=1 site=cli [FDIAG] frontier=0 seen=0 gap=0 probe_holes=0 probe_buffered=0 | DECODE n=0 avg=0us present_at_stall=0 | SOURCE n=0 avg=0us | COMPUTE calls=134 avg=0us max=3us total=0ms | rf=63 ru=0 | rows=0 max_span=0 coeff_kb=0 recovered=1 seen=64
FDIAGLINE c1 rep=1 site=cli [FDIAG] frontier=0 seen=0 gap=0 probe_holes=0 probe_buffered=0 | DECODE n=0 avg=0us present_at_stall=0 | SOURCE n=0 avg=0us | COMPUTE calls=172 avg=0us max=1us total=0ms | rf=82 ru=0 | rows=0 max_span=0 coeff_kb=0 recovered=1 seen=83
FDIAGLINE c1 rep=1 site=cli [FDIAG] frontier=0 seen=0 gap=0 probe_holes=0 probe_buffered=0 | DECODE n=0 avg=0us present_at_stall=0 | SOURCE n=0 avg=0us | COMPUTE calls=212 avg=0us max=2us total=0ms | rf=102 ru=0 | rows=0 max_span=0 coeff_kb=0 recovered=1 seen=103
FDIAGLINE c1 rep=1 site=cli [FDIAG] frontier=0 seen=0 gap=0 probe_holes=0 probe_buffered=0 | DECODE n=0 avg=0us present_at_stall=0 | SOURCE n=0 avg=0us | COMPUTE calls=250 avg=0us max=12us total=0ms | rf=121 ru=0 | rows=0 max_span=0 coeff_kb=0 recovered=1 seen=122
FDIAGLINE c1 rep=1 site=cli [FDIAG] frontier=0 seen=0 gap=0 probe_holes=0 probe_buffered=0 | DECODE n=0 avg=0us present_at_stall=0 | SOURCE n=0 avg=0us | COMPUTE calls=286 avg=0us max=1us total=0ms | rf=139 ru=0 | rows=0 max_span=0 coeff_kb=0 recovered=1 seen=140
FDIAGLINE c1 rep=1 site=cli [FDIAG] frontier=0 seen=0 gap=0 probe_holes=0 probe_buffered=0 | DECODE n=0 avg=0us present_at_stall=0 | SOURCE n=0 avg=0us | COMPUTE calls=326 avg=0us max=1us total=0ms | rf=159 ru=0 | rows=0 max_span=0 coeff_kb=0 recovered=1 seen=160
FDIAGLINE c1 rep=1 site=cli [FDIAG] frontier=0 seen=0 gap=0 probe_holes=0 probe_buffered=0 | DECODE n=0 avg=0us present_at_stall=0 | SOURCE n=0 avg=0us | COMPUTE calls=364 avg=0us max=1us total=0ms | rf=178 ru=0 | rows=0 max_span=0 coeff_kb=0 recovered=1 seen=179
FDIAGLINE c1 rep=1 site=cli [FDIAG] frontier=0 seen=0 gap=0 probe_holes=0 probe_buffered=0 | DECODE n=0 avg=0us present_at_stall=0 | SOURCE n=0 avg=0us | COMPUTE calls=404 avg=0us max=1us total=0ms | rf=198 ru=0 | rows=0 max_span=0 coeff_kb=0 recovered=1 seen=199
FDIAGLINE c1 rep=1 site=cli [FDIAG] frontier=0 seen=0 gap=0 probe_holes=0 probe_buffered=0 | DECODE n=0 avg=0us present_at_stall=0 | SOURCE n=0 avg=0us | COMPUTE calls=438 avg=0us max=1us total=0ms | rf=215 ru=0 | rows=0 max_span=0 coeff_kb=0 recovered=1 seen=216
FDIAGLINE c1 rep=1 site=cli [FDIAG] frontier=0 seen=0 gap=0 probe_holes=0 probe_buffered=0 | DECODE n=0 avg=0us present_at_stall=0 | SOURCE n=0 avg=0us | COMPUTE calls=476 avg=0us max=52us total=0ms | rf=234 ru=0 | rows=0 max_span=0 coeff_kb=0 recovered=1 seen=235
FDIAGLINE c1 rep=1 site=cli [FDIAG] frontier=0 seen=0 gap=0 probe_holes=0 probe_buffered=0 | DECODE n=0 avg=0us present_at_stall=0 | SOURCE n=0 avg=0us | COMPUTE calls=514 avg=0us max=1us total=0ms | rf=253 ru=0 | rows=0 max_span=0 coeff_kb=0 recovered=1 seen=254
FDIAGLINE c1 rep=1 site=cli [FDIAG] frontier=0 seen=0 gap=0 probe_holes=0 probe_buffered=0 | DECODE n=0 avg=0us present_at_stall=0 | SOURCE n=0 avg=0us | COMPUTE calls=552 avg=0us max=1us total=0ms | rf=272 ru=0 | rows=0 max_span=0 coeff_kb=0 recovered=1 seen=273
FDIAGLINE c1 rep=1 site=cli [FDIAG] frontier=0 seen=0 gap=0 probe_holes=0 probe_buffered=0 | DECODE n=0 avg=0us present_at_stall=0 | SOURCE n=0 avg=0us | COMPUTE calls=590 avg=0us max=1us total=0ms | rf=291 ru=0 | rows=0 max_span=0 coeff_kb=0 recovered=1 seen=292
FDIAGLINE c1 rep=1 site=cli [FDIAG] frontier=0 seen=0 gap=0 probe_holes=0 probe_buffered=0 | DECODE n=0 avg=0us present_at_stall=0 | SOURCE n=0 avg=0us | COMPUTE calls=630 avg=0us max=4us total=0ms | rf=311 ru=0 | rows=0 max_span=0 coeff_kb=0 recovered=1 seen=312
FDIAGLINE c1 rep=1 site=cli [FDIAG] frontier=0 seen=0 gap=0 probe_holes=0 probe_buffered=0 | DECODE n=0 avg=0us present_at_stall=0 | SOURCE n=0 avg=0us | COMPUTE calls=670 avg=0us max=1us total=0ms | rf=331 ru=0 | rows=0 max_span=0 coeff_kb=0 recovered=1 seen=332
FDIAGLINE c1 rep=1 site=cli [FDIAG] frontier=0 seen=0 gap=0 probe_holes=0 probe_buffered=0 | DECODE n=0 avg=0us present_at_stall=0 | SOURCE n=0 avg=0us | COMPUTE calls=710 avg=0us max=10us total=0ms | rf=351 ru=0 | rows=0 max_span=0 coeff_kb=0 recovered=1 seen=352
FDIAGLINE c1 rep=1 site=cli [FDIAG] frontier=0 seen=0 gap=0 probe_holes=0 probe_buffered=0 | DECODE n=0 avg=0us present_at_stall=0 | SOURCE n=0 avg=0us | COMPUTE calls=738 avg=0us max=25us total=0ms | rf=365 ru=0 | rows=0 max_span=0 coeff_kb=0 recovered=1 seen=366
FDIAGLINE c1 rep=1 site=cli [FDIAG] frontier=0 seen=0 gap=0 probe_holes=0 probe_buffered=0 | DECODE n=0 avg=0us present_at_stall=0 | SOURCE n=0 avg=0us | COMPUTE calls=768 avg=0us max=1us total=0ms | rf=380 ru=0 | rows=0 max_span=0 coeff_kb=0 recovered=1 seen=381
FDIAGLINE c1 rep=1 site=cli [FDIAG] frontier=0 seen=0 gap=0 probe_holes=0 probe_buffered=0 | DECODE n=0 avg=0us present_at_stall=0 | SOURCE n=0 avg=0us | COMPUTE calls=806 avg=0us max=1us total=0ms | rf=399 ru=0 | rows=0 max_span=0 coeff_kb=0 recovered=1 seen=400
FDIAGLINE c1 rep=1 site=cli [FDIAG] frontier=0 seen=0 gap=0 probe_holes=0 probe_buffered=0 | DECODE n=0 avg=0us present_at_stall=0 | SOURCE n=0 avg=0us | COMPUTE calls=842 avg=0us max=1us total=0ms | rf=417 ru=0 | rows=0 max_span=0 coeff_kb=0 recovered=1 seen=418
FDIAGLINE c1 rep=1 site=cli [FDIAG] frontier=0 seen=0 gap=0 probe_holes=0 probe_buffered=0 | DECODE n=0 avg=0us present_at_stall=0 | SOURCE n=0 avg=0us | COMPUTE calls=878 avg=0us max=1us total=0ms | rf=435 ru=0 | rows=0 max_span=0 coeff_kb=0 recovered=1 seen=436
FDIAGLINE c1 rep=1 site=cli [FDIAG] frontier=0 seen=0 gap=0 probe_holes=0 probe_buffered=0 | DECODE n=0 avg=0us present_at_stall=0 | SOURCE n=0 avg=0us | COMPUTE calls=918 avg=0us max=40us total=0ms | rf=455 ru=0 | rows=0 max_span=0 coeff_kb=0 recovered=1 seen=456
FDIAGLINE c1 rep=1 site=cli [FDIAG] frontier=0 seen=0 gap=0 probe_holes=0 probe_buffered=0 | DECODE n=0 avg=0us present_at_stall=0 | SOURCE n=0 avg=0us | COMPUTE calls=956 avg=0us max=29us total=0ms | rf=474 ru=0 | rows=0 max_span=0 coeff_kb=0 recovered=1 seen=475
FDIAGLINE c1 rep=1 site=cli [FDIAG] frontier=0 seen=0 gap=0 probe_holes=0 probe_buffered=0 | DECODE n=0 avg=0us present_at_stall=0 | SOURCE n=0 avg=0us | COMPUTE calls=994 avg=0us max=1us total=0ms | rf=493 ru=0 | rows=0 max_span=0 coeff_kb=0 recovered=1 seen=494
FDIAGLINE c1 rep=1 site=cli [FDIAG] frontier=0 seen=0 gap=0 probe_holes=0 probe_buffered=0 | DECODE n=0 avg=0us present_at_stall=0 | SOURCE n=0 avg=0us | COMPUTE calls=1032 avg=0us max=51us total=0ms | rf=512 ru=0 | rows=0 max_span=0 coeff_kb=0 recovered=1 seen=513
FDIAGLINE c1 rep=1 site=cli [FDIAG] frontier=0 seen=0 gap=0 probe_holes=0 probe_buffered=0 | DECODE n=0 avg=0us present_at_stall=0 | SOURCE n=0 avg=0us | COMPUTE calls=1070 avg=0us max=1us total=0ms | rf=531 ru=0 | rows=0 max_span=0 coeff_kb=0 recovered=1 seen=532
FDIAGLINE c1 rep=1 site=cli [FDIAG] frontier=0 seen=0 gap=0 probe_holes=0 probe_buffered=0 | DECODE n=0 avg=0us present_at_stall=0 | SOURCE n=0 avg=0us | COMPUTE calls=1110 avg=0us max=1us total=0ms | rf=551 ru=0 | rows=0 max_span=0 coeff_kb=0 recovered=1 seen=552
FDIAGLINE c1 rep=1 site=cli [FDIAG] frontier=0 seen=0 gap=0 probe_holes=0 probe_buffered=0 | DECODE n=0 avg=0us present_at_stall=0 | SOURCE n=0 avg=0us | COMPUTE calls=1138 avg=0us max=1us total=0ms | rf=565 ru=0 | rows=0 max_span=0 coeff_kb=0 recovered=1 seen=566
FDIAGLINE c1 rep=1 site=cli [FDIAG] frontier=0 seen=0 gap=0 probe_holes=0 probe_buffered=0 | DECODE n=0 avg=0us present_at_stall=0 | SOURCE n=0 avg=0us | COMPUTE calls=1172 avg=0us max=1us total=0ms | rf=582 ru=0 | rows=0 max_span=0 coeff_kb=0 recovered=1 seen=583
FDIAGLINE c1 rep=1 site=srv [FDIAG] frontier=5118 seen=5118 gap=0 probe_holes=0 probe_buffered=0 | DECODE n=0 avg=0us present_at_stall=0 | SOURCE n=79 avg=1174us | COMPUTE calls=5191 avg=2us max=897us total=15ms | rf=10 ru=2 | rows=0 max_span=0 coeff_kb=0 recovered=5119 seen=5129
FDIAGLINE c1 rep=1 site=srv [FDIAG] frontier=14662 seen=14662 gap=0 probe_holes=0 probe_buffered=0 | DECODE n=0 avg=0us present_at_stall=0 | SOURCE n=89 avg=1150us | COMPUTE calls=14736 avg=2us max=2058us total=42ms | rf=11 ru=2 | rows=0 max_span=0 coeff_kb=0 recovered=14663 seen=14674
FDIAGLINE c1 rep=1 site=srv [FDIAG] frontier=25215 seen=25215 gap=0 probe_holes=0 probe_buffered=0 | DECODE n=0 avg=0us present_at_stall=0 | SOURCE n=89 avg=1150us | COMPUTE calls=25289 avg=2us max=180us total=64ms | rf=11 ru=2 | rows=0 max_span=0 coeff_kb=0 recovered=25216 seen=25227
FDIAGLINE c1 rep=1 site=srv [FDIAG] frontier=36117 seen=36117 gap=0 probe_holes=0 probe_buffered=0 | DECODE n=0 avg=0us present_at_stall=0 | SOURCE n=129 avg=1110us | COMPUTE calls=36218 avg=2us max=3751us total=92ms | rf=18 ru=2 | rows=0 max_span=0 coeff_kb=0 recovered=36118 seen=36136
FDIAGLINE c1 rep=1 site=srv [FDIAG] frontier=46862 seen=46862 gap=0 probe_holes=0 probe_buffered=0 | DECODE n=0 avg=0us present_at_stall=0 | SOURCE n=129 avg=1110us | COMPUTE calls=46964 avg=2us max=1090us total=113ms | rf=18 ru=2 | rows=0 max_span=0 coeff_kb=0 recovered=11146 seen=11146
FDIAGLINE c1 rep=1 site=srv [FDIAG] frontier=57095 seen=57095 gap=0 probe_holes=0 probe_buffered=0 | DECODE n=0 avg=0us present_at_stall=0 | SOURCE n=188 avg=1045us | COMPUTE calls=57215 avg=2us max=905us total=137ms | rf=24 ru=3 | rows=0 max_span=0 coeff_kb=0 recovered=21379 seen=21385
FDIAGLINE c1 rep=1 site=srv [FDIAG] frontier=67440 seen=67440 gap=0 probe_holes=0 probe_buffered=0 | DECODE n=0 avg=0us present_at_stall=0 | SOURCE n=208 avg=1057us | COMPUTE calls=67573 avg=2us max=282us total=162ms | rf=27 ru=3 | rows=0 max_span=0 coeff_kb=0 recovered=31724 seen=31733
FDIAGLINE c1 rep=1 site=srv [FDIAG] frontier=77596 seen=77596 gap=0 probe_holes=0 probe_buffered=0 | DECODE n=0 avg=0us present_at_stall=0 | SOURCE n=228 avg=1049us | COMPUTE calls=77753 avg=2us max=986us total=190ms | rf=30 ru=3 | rows=0 max_span=0 coeff_kb=0 recovered=402 seen=402
FDIAGLINE c1 rep=1 site=srv [FDIAG] frontier=87618 seen=87618 gap=0 probe_holes=0 probe_buffered=0 | DECODE n=0 avg=0us present_at_stall=0 | SOURCE n=228 avg=1049us | COMPUTE calls=87779 avg=2us max=189us total=211ms | rf=31 ru=3 | rows=0 max_span=0 coeff_kb=0 recovered=10424 seen=10425
FDIAGLINE c1 rep=1 site=srv [FDIAG] frontier=97776 seen=97776 gap=0 probe_holes=0 probe_buffered=0 | DECODE n=0 avg=0us present_at_stall=0 | SOURCE n=248 avg=1054us | COMPUTE calls=97949 avg=2us max=206us total=232ms | rf=34 ru=3 | rows=0 max_span=0 coeff_kb=0 recovered=20582 seen=20586
FDIAGLINE c1 rep=1 site=srv [FDIAG] frontier=107702 seen=107702 gap=0 probe_holes=0 probe_buffered=0 | DECODE n=0 avg=0us present_at_stall=0 | SOURCE n=248 avg=1054us | COMPUTE calls=107877 avg=2us max=280us total=252ms | rf=35 ru=3 | rows=0 max_span=0 coeff_kb=0 recovered=30508 seen=30513
FDIAGLINE c1 rep=1 site=srv [FDIAG] frontier=116307 seen=116307 gap=0 probe_holes=0 probe_buffered=0 | DECODE n=0 avg=0us present_at_stall=0 | SOURCE n=248 avg=1054us | COMPUTE calls=116483 avg=2us max=319us total=272ms | rf=35 ru=3 | rows=0 max_span=0 coeff_kb=0 recovered=408 seen=408
FDIAGLINE c1 rep=1 site=srv [FDIAG] frontier=126927 seen=126927 gap=0 probe_holes=0 probe_buffered=0 | DECODE n=0 avg=0us present_at_stall=0 | SOURCE n=288 avg=1075us | COMPUTE calls=127117 avg=2us max=45us total=292ms | rf=40 ru=3 | rows=0 max_span=0 coeff_kb=0 recovered=11028 seen=11033
FDIAGLINE c1 rep=1 site=srv [FDIAG] frontier=136874 seen=136874 gap=0 probe_holes=0 probe_buffered=0 | DECODE n=0 avg=0us present_at_stall=0 | SOURCE n=338 avg=1061us | COMPUTE calls=137084 avg=2us max=121us total=310ms | rf=46 ru=3 | rows=0 max_span=0 coeff_kb=0 recovered=20975 seen=20986
FDIAGLINE c1 rep=1 site=srv [FDIAG] frontier=147956 seen=147956 gap=0 probe_holes=0 probe_buffered=0 | DECODE n=0 avg=0us present_at_stall=0 | SOURCE n=368 avg=1077us | COMPUTE calls=148200 avg=2us max=256us total=330ms | rf=50 ru=3 | rows=0 max_span=0 coeff_kb=0 recovered=32057 seen=32072
FDIAGLINE c1 rep=1 site=srv [FDIAG] frontier=157686 seen=157686 gap=0 probe_holes=0 probe_buffered=0 | DECODE n=0 avg=0us present_at_stall=0 | SOURCE n=406 avg=1120us | COMPUTE calls=157945 avg=2us max=48us total=351ms | rf=54 ru=3 | rows=0 max_span=0 coeff_kb=0 recovered=572 seen=572
FDIAGLINE c1 rep=1 site=srv [FDIAG] frontier=167560 seen=167560 gap=0 probe_holes=0 probe_buffered=0 | DECODE n=0 avg=0us present_at_stall=0 | SOURCE n=406 avg=1120us | COMPUTE calls=167822 avg=2us max=242us total=371ms | rf=55 ru=3 | rows=0 max_span=0 coeff_kb=0 recovered=10446 seen=10447
FDIAGLINE c1 rep=1 site=srv [FDIAG] frontier=177670 seen=177670 gap=0 probe_holes=0 probe_buffered=0 | DECODE n=0 avg=0us present_at_stall=0 | SOURCE n=406 avg=1120us | COMPUTE calls=177934 avg=2us max=3352us total=396ms | rf=56 ru=3 | rows=0 max_span=0 coeff_kb=0 recovered=20556 seen=20558
FDIAGLINE c1 rep=1 site=srv [FDIAG] frontier=189090 seen=189090 gap=0 probe_holes=0 probe_buffered=0 | DECODE n=0 avg=0us present_at_stall=0 | SOURCE n=406 avg=1120us | COMPUTE calls=189354 avg=2us max=108us total=418ms | rf=56 ru=3 | rows=0 max_span=0 coeff_kb=0 recovered=31976 seen=31978
FDIAGLINE c1 rep=1 site=srv [FDIAG] frontier=199614 seen=199614 gap=0 probe_holes=0 probe_buffered=0 | DECODE n=0 avg=0us present_at_stall=0 | SOURCE n=406 avg=1120us | COMPUTE calls=199878 avg=2us max=233us total=438ms | rf=56 ru=3 | rows=0 max_span=0 coeff_kb=0 recovered=650 seen=650
FDIAGLINE c1 rep=1 site=srv [FDIAG] frontier=207300 seen=207300 gap=0 probe_holes=0 probe_buffered=0 | DECODE n=0 avg=0us present_at_stall=0 | SOURCE n=416 avg=1138us | COMPUTE calls=207585 avg=2us max=90us total=455ms | rf=57 ru=3 | rows=0 max_span=0 coeff_kb=0 recovered=8336 seen=8337
FDIAGLINE c1 rep=1 site=srv [FDIAG] frontier=217944 seen=217944 gap=0 probe_holes=0 probe_buffered=0 | DECODE n=0 avg=0us present_at_stall=0 | SOURCE n=426 avg=1159us | COMPUTE calls=218240 avg=2us max=91us total=477ms | rf=58 ru=3 | rows=0 max_span=0 coeff_kb=0 recovered=18980 seen=18982
FDIAGLINE c1 rep=1 site=srv [FDIAG] frontier=228558 seen=228558 gap=0 probe_holes=0 probe_buffered=0 | DECODE n=0 avg=0us present_at_stall=0 | SOURCE n=426 avg=1159us | COMPUTE calls=228855 avg=2us max=190us total=498ms | rf=58 ru=3 | rows=0 max_span=0 coeff_kb=0 recovered=29594 seen=29596
FDIAGLINE c1 rep=1 site=srv [FDIAG] frontier=237032 seen=237032 gap=0 probe_holes=0 probe_buffered=0 | DECODE n=0 avg=0us present_at_stall=0 | SOURCE n=426 avg=1159us | COMPUTE calls=237329 avg=2us max=3280us total=522ms | rf=58 ru=3 | rows=0 max_span=0 coeff_kb=0 recovered=492 seen=492
FDIAGLINE c1 rep=1 site=srv [FDIAG] frontier=246575 seen=246575 gap=0 probe_holes=0 probe_buffered=0 | DECODE n=0 avg=0us present_at_stall=0 | SOURCE n=426 avg=1159us | COMPUTE calls=246877 avg=2us max=355us total=543ms | rf=60 ru=3 | rows=0 max_span=0 coeff_kb=0 recovered=10035 seen=10037
FDIAGLINE c1 rep=1 site=srv [FDIAG] frontier=256912 seen=256912 gap=0 probe_holes=0 probe_buffered=0 | DECODE n=0 avg=0us present_at_stall=0 | SOURCE n=426 avg=1159us | COMPUTE calls=257214 avg=2us max=341us total=564ms | rf=60 ru=3 | rows=0 max_span=0 coeff_kb=0 recovered=20372 seen=20374
FDIAGLINE c1 rep=1 site=srv [FDIAG] frontier=268302 seen=268302 gap=0 probe_holes=0 probe_buffered=0 | DECODE n=0 avg=0us present_at_stall=0 | SOURCE n=426 avg=1159us | COMPUTE calls=268604 avg=2us max=195us total=587ms | rf=60 ru=3 | rows=0 max_span=0 coeff_kb=0 recovered=31762 seen=31764
FDIAGLINE c1 rep=1 site=srv [FDIAG] frontier=278764 seen=278764 gap=0 probe_holes=0 probe_buffered=0 | DECODE n=0 avg=0us present_at_stall=0 | SOURCE n=436 avg=1182us | COMPUTE calls=279071 avg=2us max=306us total=609ms | rf=62 ru=3 | rows=0 max_span=0 coeff_kb=0 recovered=1034 seen=1034
FDIAGLINE c1 rep=1 site=srv [FDIAG] frontier=288642 seen=288642 gap=0 probe_holes=0 probe_buffered=0 | DECODE n=0 avg=0us present_at_stall=0 | SOURCE n=456 avg=1134us | COMPUTE calls=288960 avg=2us max=60us total=628ms | rf=63 ru=3 | rows=0 max_span=0 coeff_kb=0 recovered=10912 seen=10913
FDIAGLINE c1 rep=1 site=srv [FDIAG] frontier=299267 seen=299267 gap=0 probe_holes=0 probe_buffered=0 | DECODE n=0 avg=0us present_at_stall=0 | SOURCE n=466 avg=1142us | COMPUTE calls=299592 avg=2us max=2759us total=650ms | rf=66 ru=3 | rows=0 max_span=0 coeff_kb=0 recovered=21537 seen=21541
FDIAGLINE c1 rep=1 site=srv [FDIAG] frontier=309824 seen=309824 gap=0 probe_holes=0 probe_buffered=0 | DECODE n=0 avg=0us present_at_stall=0 | SOURCE n=486 avg=1153us | COMPUTE calls=310162 avg=2us max=51us total=671ms | rf=69 ru=3 | rows=0 max_span=0 coeff_kb=0 recovered=32094 seen=32101
FDIAGLINE c1 rep=1 site=srv [FDIAG] frontier=318314 seen=318314 gap=0 probe_holes=0 probe_buffered=0 | DECODE n=0 avg=0us present_at_stall=0 | SOURCE n=537 avg=1154us | COMPUTE calls=318665 avg=2us max=169us total=690ms | rf=77 ru=3 | rows=0 max_span=0 coeff_kb=0 recovered=896 seen=896
FDIAGLINE c1 rep=1 site=srv [FDIAG] frontier=328090 seen=328090 gap=0 probe_holes=0 probe_buffered=0 | DECODE n=0 avg=0us present_at_stall=0 | SOURCE n=567 avg=1174us | COMPUTE calls=328446 avg=2us max=144us total=711ms | rf=80 ru=3 | rows=0 max_span=0 coeff_kb=0 recovered=10672 seen=10675
SIGBBAND {"cell":"c1","seed":42,"rep":1,"rc":0,"mbps":188.507,"band":[147,294],"in_band":1,"gen_plateau":0,"lossy":0}
=== rep=1 cell=c7 seed=42 spec=c2/c2/dual bytes=200000000 23:09:01
[2m2026-08-20T23:09:03.180518Z[0m [32m INFO[0m [2mraptorpath::gates[0m[2m:[0m [GATES] RWM_UNIFIED=1 RWM_UNIFIED_SHED=1 RWM_TAPER_R=1 RWM_ASTAR_ANCHOR=1 RWM_MSTAR_ANCHOR=1 RWM_PLAIN_RS=0 RWM_HONEST_ANCHOR=1 RWM_HONEST_K=0 RWM_STORE_SACK_RELEASE=1 RWM_STORE_PATHS=1 RWM_STORE_PATH_POOL=2048 RWM_STORE=unset RWM_STORE_GAIN=2 RWM_STORE_BOOT=128 RWM_STORE_CAPW=0 RWM_STORE_CAP_UNIFIED=0 RWM_THREE_TERM=0 RWM_COMPOSED_CAP=0 RWM_SUM_CAP=1 RWM_LATE_BRAKE=0 RWM_DELTA_CAP=1 RWM_STORE_PERCAP=0 RWM_PERCAP_GUARD=1 RWM_STORE_BORROW=0 RWM_HONEST_CAP=1 RWM_POOL_ANCHOR=0 RWM_POOL_DELIV=0 RWM_FLOOR_BOUND=0 RWM_ACK_MERGE=1 RWM_LOSS_SENT_TRUTH=0 RWM_RELEASE_1TO1=0 RWM_CHARGE_RECOVERY=0 RWM_PATIENCE_DERIVED=0 RWM_SIDLE_DERIVED=0 RWM_WIN_DECOUPLE=0 RWM_PLACE_SLACK=0 RWM_COLD_PLACE=0 RWM_GEN=384 RWM_PIPELINE=2 RWM_GEN_PIPE=1 RWM_GEN_R=unset RWM_GEN_RATE=9000 RWM_GEN_RATE_FLOOR=2000 RWM_GEN_INFLIGHT=unset RWM_OOO_RETAIN=0/16 RWM_WINDOW=unset RWM_REPORT_GENS=unset RWM_REPAIR_WAIT=unset RWM_CODED_SRC=0 RWM_NO_REACTIVE=0 RWM_XPATH_REPAIR=0 RWM_PROACTIVE_PACER=0 RWM_REASM_BDP=0 RWM_MIN_R=0 RWM_CC_PACE=0 RWM_CC_PACE_HR=1.1 RWM_REACT_CAP=unset RWM_INFL_CAP=0 RWM_INFL_BDP=unset RWM_COPA_FEED=0 RWM_RS_ATTR=1 RWM_EMIT_BATCH=0 RWM_EMIT_BURST=64 RWM_RECOV_MP=1 RWM_RECOV_MP_LAW=1 RWM_RECOV_MP_LIVE=0 RWM_RECOV_SP=0 RWM_DERIVED_SWEEP=0 RWM_RACK_CLOCKS=0 RWM_RACK_REO_MULT=1 RWM_QUANTILE_CLOCKS=0 RWM_ALPHA_OVERRIDE=unset RWM_DIAG=1 RWM_ACKDIAG=1 RWM_ACKDIAG_WINDOW_US=2000000 RWM_WALLDIAG=1 RWM_CPUPROF=0 RWM_RDIAG=0 RWM_FDIAG=1 RWM_TRACE=0 RWM_PFRAC=0
{"bytes":200000000,"dnf":0,"hint":"bulk","max_s":9.9165,"mean_mbps":161.348,"mean_s":9.9165,"median_s":9.9165,"min_s":9.9165,"proto":"rp-native","runs":1,"stdev_s":0.0,"summary":true}
    LATPROBE-LEG leg=0 file=/tmp/rwm-ping-0.txt sent=198 recv=188 censor=5.05% p50=44.3[censor=5.05% ok] p95=100.0[censor=5.05% UNSCOREABLE(inside censored tail)] p99=131.0[censor=5.05% UNSCOREABLE(inside censored tail)]
    LATPROBE-LEG leg=1 file=/tmp/rwm-ping-1.txt sent=198 recv=191 censor=3.54% p50=40.0[censor=3.54% ok] p95=84.0[censor=3.54% ok] p99=107.0[censor=3.54% UNSCOREABLE(inside censored tail)]
    LATPROBE: 2 leg(s) /tmp/rwm-ping-0.txt=188 /tmp/rwm-ping-1.txt=191 replies
    CPU: CPUSRV=13.24s CPUCLI=14.44s (srv=decoder cli=sender; whole-invocation incl warmup)
    QDISC cli0: qdisc netem aa8d: root refcnt 7 limit 1000 delay 5ms  3ms loss gemodel p 1.3% r 50% 1-h 100% 1-k 0% rate 100Mbit seed 42  Sent 113358637 bytes 91341 pkt (dropped 504, overlimits 0 requeues 0)   backlog 0b 0p requeues 0 
    QDISC cli1: qdisc netem aa8e: root refcnt 7 limit 1000 delay 5ms  3ms loss gemodel p 1.3% r 50% 1-h 100% 1-k 0% rate 100Mbit seed 1042  Sent 109153923 bytes 87818 pkt (dropped 452, overlimits 0 requeues 0)   backlog 0b 0p requeues 0 
    QDISC srv0: qdisc netem aa8f: root refcnt 7 limit 1000 delay 5ms  3ms rate 100Mbit seed 11581529999211188961  Sent 11831907 bytes 45273 pkt (dropped 0, overlimits 0 requeues 0)   backlog 0b 0p requeues 0 
    QDISC srv1: qdisc netem aa90: root refcnt 7 limit 1000 delay 5ms  3ms rate 100Mbit seed 10397426306434727760  Sent 11499987 bytes 43415 pkt (dropped 0, overlimits 0 requeues 0)   backlog 0b 0p requeues 0 
    QCAP: /tmp/rwm-q.txt 18 lines
RUNTIME c7 rep=1 12s rc=0
LIVENESS c7 rep=1 RWM_DELTA_CAP=RWM_DELTA_CAP=1/RWM_DELTA_CAP=1(exp1) RWM_SUM_CAP=RWM_SUM_CAP=1/RWM_SUM_CAP=1(exp1) RWM_QUANTILE_CLOCKS=RWM_QUANTILE_CLOCKS=0/RWM_QUANTILE_CLOCKS=0(exp0) RWM_RACK_CLOCKS=RWM_RACK_CLOCKS=0/RWM_RACK_CLOCKS=0(exp0) RWM_DERIVED_SWEEP=RWM_DERIVED_SWEEP=0/RWM_DERIVED_SWEEP=0(exp0) RWM_COMPOSED_CAP=RWM_COMPOSED_CAP=0/RWM_COMPOSED_CAP=0(exp0) RWM_THREE_TERM=RWM_THREE_TERM=0/RWM_THREE_TERM=0(exp0) RWM_STORE_CAP_UNIFIED=RWM_STORE_CAP_UNIFIED=0/RWM_STORE_CAP_UNIFIED=0(exp0) RWM_LATE_BRAKE=RWM_LATE_BRAKE=0/RWM_LATE_BRAKE=0(exp0) RWM_CHARGE_RECOVERY=RWM_CHARGE_RECOVERY=0/RWM_CHARGE_RECOVERY=0(exp0) RWM_RELEASE_1TO1=RWM_RELEASE_1TO1=0/RWM_RELEASE_1TO1=0(exp0) RWM_LOSS_SENT_TRUTH=RWM_LOSS_SENT_TRUTH=0/RWM_LOSS_SENT_TRUTH=0(exp0) RWM_ALPHA_OVERRIDE=RWM_ALPHA_OVERRIDE=unset/RWM_ALPHA_OVERRIDE=unset(expunset) RWM_DIAG=RWM_DIAG=1/RWM_DIAG=1(exp1) RWM_FDIAG=RWM_FDIAG=1/RWM_FDIAG=1(exp1) RWM_ACKDIAG=RWM_ACKDIAG=1/RWM_ACKDIAG=1(exp1) RWM_WALLDIAG=RWM_WALLDIAG=1/RWM_WALLDIAG=1(exp1)
SIGBREAD c7 42 1 cli p0 blk=1 sig=3610/1407 rvar=3441/1407 qsp=10168/256 msd=68/255
SIGBREAD c7 42 1 cli p1 blk=1 sig=243/1661 rvar=212/1661 qsp=1549/256 msd=10/255
SIGBREAD c7 42 1 cli p1 blk=2 sig=294/4088 rvar=175/4088 qsp=1177/256 msd=37/255
SIGBREAD c7 42 1 cli p0 blk=3 sig=647/5265 rvar=609/5265 qsp=3369/256 msd=13/255
SIGBREAD c7 42 1 cli p1 blk=3 sig=581/6504 rvar=517/6504 qsp=18724/256 msd=54/255
SIGBREAD c7 42 1 cli p0 blk=4 sig=1245/7660 rvar=1154/7660 qsp=2822/256 msd=28/255
SIGBREAD c7 42 1 cli p1 blk=4 sig=292/8672 rvar=174/8672 qsp=4720/256 msd=18/255
SIGBREAD c7 42 1 cli p0 blk=5 sig=668/9945 rvar=645/9945 qsp=6351/256 msd=28/255
SIGBREAD c7 42 1 cli p1 blk=5 sig=540/11016 rvar=488/11016 qsp=7566/256 msd=40/255
SIGBREAD c7 42 1 cli p0 blk=6 sig=288/12243 rvar=264/12243 qsp=3648/256 msd=9/255
SIGBREAD c7 42 1 cli p1 blk=6 sig=2907/13382 rvar=2834/13382 qsp=24388/256 msd=105/255
SIGBREAD c7 42 1 cli p0 blk=7 sig=189/14429 rvar=121/14429 qsp=8512/256 msd=23/255
SIGBREAD c7 42 1 cli p1 blk=7 sig=31/15748 rvar=20/15748 qsp=3372/256 msd=11/255
SIGBREAD c7 42 1 cli p0 blk=8 sig=327/16641 rvar=249/16641 qsp=4261/256 msd=6/255
SIGBREAD c7 42 1 cli p1 blk=8 sig=415/18030 rvar=386/18030 qsp=7917/256 msd=6/255
SIGBREAD c7 42 1 cli p0 blk=9 sig=336/18915 rvar=297/18915 qsp=1227/256 msd=25/255
SIGBREAD c7 42 1 cli p1 blk=9 sig=262/20442 rvar=228/20442 qsp=6137/256 msd=14/255
SIGBREAD c7 42 1 cli p0 blk=10 sig=334/21262 rvar=325/21262 qsp=5332/256 msd=13/255
SIGBREAD c7 42 1 cli p1 blk=10 sig=406/22705 rvar=367/22705 qsp=4328/256 msd=6/255
SIGBREAD c7 42 1 cli p0 blk=11 sig=361/23628 rvar=340/23628 qsp=2734/256 msd=7/255
SIGBREAD c7 42 1 cli p1 blk=11 sig=2457/24930 rvar=2184/24930 qsp=11657/256 msd=11/255
SIGBREAD c7 42 1 cli p0 blk=12 sig=865/25990 rvar=734/25990 qsp=5239/256 msd=8/255
SIGBREAD c7 42 1 cli p1 blk=12 sig=215/27167 rvar=196/27167 qsp=7058/256 msd=9/255
SIGBREAD c7 42 1 cli p0 blk=13 sig=206/28383 rvar=182/28383 qsp=45841/256 msd=17/255
SIGBREAD c7 42 1 cli p1 blk=13 sig=679/29434 rvar=531/29434 qsp=6461/256 msd=9/255
SIGBREAD c7 42 1 cli p0 blk=14 sig=177/30737 rvar=57/30737 qsp=3148/256 msd=7/255
SIGBREAD c7 42 1 cli p1 blk=14 sig=382/31860 rvar=319/31860 qsp=3818/256 msd=10/255
SIGBREAD c7 42 1 cli p0 blk=15 sig=269/33135 rvar=173/33135 qsp=2586/256 msd=13/255
SIGBREAD c7 42 1 cli p1 blk=15 sig=2685/34125 rvar=2637/34125 qsp=2038/256 msd=15/255
SIGBREAD c7 42 1 cli p0 blk=16 sig=36/35583 rvar=27/35583 qsp=3276/256 msd=10/255
SIGBREAD c7 42 1 cli p1 blk=16 sig=73/36340 rvar=66/36340 qsp=14595/256 msd=17/255
SIGBREAD c7 42 1 cli p0 blk=17 sig=1008/37736 rvar=946/37736 qsp=3926/256 msd=15/255
SIGBREAD c7 42 1 cli p1 blk=17 sig=632/38588 rvar=601/38588 qsp=3246/256 msd=15/255
SIGBREAD c7 42 1 cli p0 blk=18 sig=176/40101 rvar=91/40101 qsp=4538/256 msd=14/255
SIGBREAD c7 42 1 cli p1 blk=18 sig=160/40625 rvar=117/40625 qsp=8609/256 msd=12/255
SIGBREAD c7 42 1 cli p0 blk=19 sig=211/42306 rvar=151/42306 qsp=1769/256 msd=12/255
SIGBREAD c7 42 1 cli p1 blk=19 sig=285/42987 rvar=270/42987 qsp=3874/256 msd=20/255
SIGBREAD c7 42 1 cli p0 blk=20 sig=2001/44485 rvar=1661/44485 qsp=3947/256 msd=39/255
SIGBREAD c7 42 1 cli p1 blk=20 sig=425/45254 rvar=384/45254 qsp=4447/256 msd=15/255
SIGBREAD c7 42 1 cli p0 blk=21 sig=1468/46474 rvar=1363/46474 qsp=5243/256 msd=12/255
SIGBREAD c7 42 1 cli p1 blk=21 sig=467/47629 rvar=432/47629 qsp=4006/256 msd=16/255
SIGBREAD c7 42 1 cli p0 blk=22 sig=215/48760 rvar=206/48760 qsp=6635/256 msd=13/255
SIGBREAD c7 42 1 cli p1 blk=22 sig=580/49548 rvar=516/49548 qsp=11707/256 msd=7/255
SIGBREAD c7 42 1 cli p0 blk=23 sig=977/50947 rvar=946/50947 qsp=3517/256 msd=17/255
SIGBREAD c7 42 1 cli p1 blk=23 sig=62/51811 rvar=35/51811 qsp=9039/256 msd=12/255
SIGBREAD c7 42 1 cli p0 blk=24 sig=4205/53019 rvar=3565/53019 qsp=5500/256 msd=35/255
SIGBREAD c7 42 1 cli p1 blk=24 sig=594/53981 rvar=532/53981 qsp=3484/256 msd=18/255
SIGBREAD c7 42 1 cli p0 blk=25 sig=113/55151 rvar=71/55151 qsp=10615/256 msd=10/255
SIGBREAD c7 42 1 cli p1 blk=25 sig=602/55638 rvar=366/55638 qsp=2532/256 msd=17/255
SIGBREAD c7 42 1 cli p0 blk=26 sig=2666/57234 rvar=2426/57234 qsp=10354/256 msd=40/255
SIGBREAD c7 42 1 cli p1 blk=26 sig=697/58028 rvar=653/58028 qsp=5318/256 msd=24/255
SIGBREAD c7 42 1 cli p0 blk=27 sig=349/59329 rvar=336/59329 qsp=8406/256 msd=14/255
SIGBREAD c7 42 1 cli p1 blk=27 sig=286/60226 rvar=273/60226 qsp=32350/256 msd=30/255
SIGBREAD c7 42 1 cli p1 blk=28 sig=27547/62190 rvar=22698/62190 qsp=5716/256 msd=15/255
SIGBREAD c7 42 1 cli p0 blk=29 sig=309/63485 rvar=267/63485 qsp=3351/256 msd=10/255
SIGBREAD c7 42 1 cli p1 blk=29 sig=11316/63720 rvar=10325/63720 qsp=15141/256 msd=122/255
SIGBREAD c7 42 1 cli p0 blk=30 sig=24568/65893 rvar=22405/65893 qsp=3250/256 msd=6/255
SIGBREAD c7 42 1 cli p1 blk=30 sig=3582/65131 rvar=3458/65131 qsp=9243/256 msd=27/255
SIGBREAD c7 42 1 cli p0 blk=31 sig=316/68044 rvar=281/68044 qsp=4665/256 msd=7/255
SIGBREAD c7 42 1 cli p1 blk=31 sig=1302/67495 rvar=884/67495 qsp=10350/256 msd=38/255
SIGBREAD c7 42 1 cli p0 blk=32 sig=520/70162 rvar=308/70162 qsp=5949/256 msd=23/255
SIGBREAD c7 42 1 cli p1 blk=32 sig=246/69608 rvar=227/69608 qsp=2496/256 msd=21/255
SIGBREAD c7 42 1 cli p0 blk=33 sig=389/72571 rvar=371/72571 qsp=7246/256 msd=11/255
SIGBREAD c7 42 1 cli p1 blk=33 sig=211/71339 rvar=185/71339 qsp=6086/256 msd=13/255
SIGBREAD c7 42 1 cli p0 blk=34 sig=451/74397 rvar=428/74397 qsp=5814/256 msd=16/255
SIGBREAD c7 42 1 cli p1 blk=34 sig=833/73301 rvar=617/73301 qsp=4571/256 msd=19/255
SIGBREAD c7 42 1 cli p0 blk=35 sig=460/76808 rvar=415/76808 qsp=6602/256 msd=9/255
SIGBREAD c7 42 1 cli p1 blk=35 sig=212/75457 rvar=191/75457 qsp=7124/256 msd=12/255
SIGBREAD c7 42 1 cli p0 blk=36 sig=45/78974 rvar=37/78974 qsp=4716/256 msd=11/255
SIGBREAD c7 42 1 cli p1 blk=36 sig=253/77726 rvar=199/77726 qsp=6675/256 msd=7/255
SIGBREAD c7 42 1 cli p0 blk=37 sig=487/81409 rvar=332/81409 qsp=4718/256 msd=10/255
SIGBREAD c7 42 1 cli p1 blk=37 sig=249/78863 rvar=203/78863 qsp=3619/256 msd=16/255
SIGBREAD c7 42 1 cli p0 blk=38 sig=481/83628 rvar=458/83628 qsp=3266/256 msd=11/255
SIGBREAD c7 42 1 cli p1 blk=38 sig=157/81099 rvar=126/81099 qsp=5015/256 msd=26/255
SIGBREAD c7 42 1 cli p0 blk=39 sig=280/85791 rvar=247/85791 qsp=9089/256 msd=8/255
SIGBREAD c7 42 1 cli p1 blk=39 sig=1997/82764 rvar=1482/82764 qsp=3562/256 msd=34/255
SIGBREAD c7 42 1 srv p1 blk=1 sig=13868/5 rvar=11381/5 qsp=3003/5 msd=8278/4
SIGBREAD c7 42 1 srv p0 blk=1 sig=-/0 rvar=-/0 qsp=-/0 msd=-/0
SIGBREAD c7 42 1 srv p1 blk=2 sig=13868/5 rvar=11381/5 qsp=3003/5 msd=8278/4
SIGBREAD c7 42 1 srv p0 blk=2 sig=45310/4 rvar=29903/4 qsp=3/4 msd=40/3
SIGBREAD c7 42 1 srv p1 blk=3 sig=38823/7 rvar=31087/7 qsp=53274/7 msd=8278/6
SIGBREAD c7 42 1 srv p0 blk=3 sig=35108/6 rvar=22640/6 qsp=36062/6 msd=47/5
SIGBREAD c7 42 1 srv p1 blk=4 sig=38823/7 rvar=31087/7 qsp=53274/7 msd=8278/6
SIGBREAD c7 42 1 srv p0 blk=4 sig=22570/12 rvar=16859/12 qsp=46546/12 msd=145/11
SIGBREAD c7 42 1 srv p1 blk=5 sig=43276/10 rvar=38277/10 qsp=47577/10 msd=8278/9
SIGBREAD c7 42 1 srv p0 blk=5 sig=20597/15 rvar=14553/15 qsp=46546/15 msd=4042/14
SIGBREAD c7 42 1 srv p1 blk=6 sig=43276/10 rvar=38277/10 qsp=47577/10 msd=8278/9
SIGBREAD c7 42 1 srv p0 blk=6 sig=24962/20 rvar=21570/20 qsp=10487/20 msd=4042/19
SIGBREAD c7 42 1 srv p1 blk=7 sig=48421/11 rvar=44038/11 qsp=48075/11 msd=14249/10
SIGBREAD c7 42 1 srv p0 blk=7 sig=15034/26 rvar=12385/26 qsp=18467/26 msd=4042/25
SIGBREAD c7 42 1 srv p1 blk=8 sig=48421/11 rvar=44038/11 qsp=48075/11 msd=14249/10
SIGBREAD c7 42 1 srv p0 blk=8 sig=11517/32 rvar=8750/32 qsp=18431/32 msd=4042/31
SIGBREAD c7 42 1 srv p1 blk=9 sig=37358/13 rvar=30553/13 qsp=24487/13 msd=14249/12
SIGBREAD c7 42 1 srv p0 blk=9 sig=7057/36 rvar=4603/36 qsp=22946/36 msd=3692/35
SIGBREAD c7 42 1 srv p1 blk=10 sig=37358/13 rvar=30553/13 qsp=24487/13 msd=14249/12
SIGBREAD c7 42 1 srv p0 blk=10 sig=13040/41 rvar=9864/41 qsp=22946/41 msd=3692/40
SIGBREAD c7 42 1 srv p1 blk=11 sig=37358/13 rvar=30553/13 qsp=24487/13 msd=14249/12
SIGBREAD c7 42 1 srv p0 blk=11 sig=12987/47 rvar=12003/47 qsp=22970/47 msd=3692/46
SIGBREAD c7 42 1 srv p1 blk=12 sig=37358/13 rvar=30553/13 qsp=24487/13 msd=14249/12
SIGBREAD c7 42 1 srv p0 blk=12 sig=10898/49 rvar=9985/49 qsp=18478/49 msd=3692/48
SIGBREAD c7 42 1 srv p1 blk=13 sig=37358/13 rvar=30553/13 qsp=24487/13 msd=14249/12
SIGBREAD c7 42 1 srv p0 blk=13 sig=19193/57 rvar=18122/57 qsp=20314/57 msd=3692/56
SIGBREAD c7 42 1 srv p1 blk=14 sig=34526/14 rvar=28943/14 qsp=24461/14 msd=14249/13
SIGBREAD c7 42 1 srv p0 blk=14 sig=41267/62 rvar=36915/62 qsp=35081/62 msd=3072/61
SIGBREAD c7 42 1 srv p1 blk=15 sig=26319/16 rvar=19388/16 qsp=24487/16 msd=14249/15
SIGBREAD c7 42 1 srv p0 blk=15 sig=23267/66 rvar=12852/66 qsp=32388/66 msd=2423/65
SIGBREAD c7 42 1 srv p1 blk=16 sig=26319/16 rvar=19388/16 qsp=24487/16 msd=14249/15
SIGBREAD c7 42 1 srv p0 blk=16 sig=27380/72 rvar=21299/72 qsp=29890/72 msd=1329/71
SIGBREAD c7 42 1 srv p1 blk=17 sig=26319/16 rvar=19388/16 qsp=24487/16 msd=14249/15
SIGBREAD c7 42 1 srv p0 blk=17 sig=23755/78 rvar=21319/78 qsp=33366/78 msd=1329/77
SIGBREAD c7 42 1 srv p1 blk=18 sig=20121/18 rvar=13478/18 qsp=24234/18 msd=13968/17
SIGBREAD c7 42 1 srv p0 blk=18 sig=19407/82 rvar=17145/82 qsp=33366/82 msd=2423/81
SIGBREAD c7 42 1 srv p1 blk=19 sig=20121/18 rvar=13478/18 qsp=24234/18 msd=13968/17
SIGBREAD c7 42 1 srv p0 blk=19 sig=18649/88 rvar=18031/88 qsp=20106/88 msd=2423/87
SIGBREAD c7 42 1 srv p1 blk=20 sig=21990/19 rvar=16815/19 qsp=24252/19 msd=14249/18
SIGBREAD c7 42 1 srv p0 blk=20 sig=28324/93 rvar=27324/93 qsp=20153/93 msd=2423/92
SIGBREAD c7 42 1 srv p1 blk=21 sig=21990/19 rvar=16815/19 qsp=24252/19 msd=14249/18
SIGBREAD c7 42 1 srv p0 blk=21 sig=39569/99 rvar=33838/99 qsp=33617/99 msd=2423/98
SIGBREAD c7 42 1 srv p1 blk=22 sig=21990/19 rvar=16815/19 qsp=24252/19 msd=14249/18
SIGBREAD c7 42 1 srv p0 blk=22 sig=25253/105 rvar=22049/105 qsp=33456/105 msd=2423/104
SIGBREAD c7 42 1 srv p1 blk=23 sig=19045/20 rvar=12719/20 qsp=24252/20 msd=14249/19
SIGBREAD c7 42 1 srv p0 blk=23 sig=16867/110 rvar=14497/110 qsp=25224/110 msd=2423/109
SIGBREAD c7 42 1 srv p1 blk=24 sig=19045/20 rvar=12719/20 qsp=24252/20 msd=14249/19
SIGBREAD c7 42 1 srv p0 blk=24 sig=35504/116 rvar=33101/116 qsp=35400/116 msd=2423/115
SIGBREAD c7 42 1 srv p1 blk=25 sig=19045/20 rvar=12719/20 qsp=24252/20 msd=14249/19
SIGBREAD c7 42 1 srv p0 blk=25 sig=45464/120 rvar=37899/120 qsp=41061/120 msd=2423/119
SIGBREAD c7 42 1 srv p1 blk=26 sig=18019/21 rvar=13168/21 qsp=35973/21 msd=15094/20
SIGBREAD c7 42 1 srv p0 blk=26 sig=35209/125 rvar=32786/125 qsp=44270/125 msd=2423/124
SIGBREAD c7 42 1 srv p1 blk=27 sig=18019/21 rvar=13168/21 qsp=35973/21 msd=15094/20
SIGBREAD c7 42 1 srv p0 blk=27 sig=21430/131 rvar=19041/131 qsp=42898/131 msd=2423/130
SIGBREAD c7 42 1 srv p1 blk=28 sig=18019/21 rvar=13168/21 qsp=35973/21 msd=15094/20
SIGBREAD c7 42 1 srv p0 blk=28 sig=16020/137 rvar=12471/137 qsp=47379/137 msd=2423/136
SIGBREAD c7 42 1 srv p1 blk=29 sig=18019/21 rvar=13168/21 qsp=35973/21 msd=15094/20
SIGBREAD c7 42 1 srv p0 blk=29 sig=21200/143 rvar=16841/143 qsp=42887/143 msd=2423/142
SIGBREAD c7 42 1 srv p1 blk=30 sig=18019/21 rvar=13168/21 qsp=35973/21 msd=15094/20
SIGBREAD c7 42 1 srv p0 blk=30 sig=19036/149 rvar=16236/149 qsp=45057/149 msd=2423/148
SIGBREAD c7 42 1 srv p1 blk=31 sig=18019/21 rvar=13168/21 qsp=35973/21 msd=15094/20
SIGBREAD c7 42 1 srv p0 blk=31 sig=30679/155 rvar=24710/155 qsp=47413/155 msd=2423/154
SIGBREAD c7 42 1 srv p1 blk=32 sig=18019/21 rvar=13168/21 qsp=35973/21 msd=15094/20
SIGBREAD c7 42 1 srv p0 blk=32 sig=26897/161 rvar=21454/161 qsp=48289/161 msd=2423/160
SIGBREAD c7 42 1 srv p1 blk=33 sig=18019/21 rvar=13168/21 qsp=35973/21 msd=15094/20
SIGBREAD c7 42 1 srv p0 blk=33 sig=42218/167 rvar=35008/167 qsp=47413/167 msd=2423/166
SIGBREAD c7 42 1 srv p1 blk=34 sig=18019/21 rvar=13168/21 qsp=35973/21 msd=15094/20
SIGBREAD c7 42 1 srv p0 blk=34 sig=42218/167 rvar=35008/167 qsp=47413/167 msd=2423/166
SIGBMETA c7 42 1 {"seconds": 9.916455, "mbps": 161.348, "diag_blocks_cli": 39, "diag_blocks_srv": 34, "reads_cli": 76, "reads_srv": 68, "tc_bytes": 222512560, "tc_pkts": 179159, "tc_drop": 956, "tc_s": 12}
SIGBPROBE c7 42 1 {"leg": 0, "file": "/tmp/rwm-ping-0.txt", "n": 188, "sent": 198, "recv": 188, "sent_source": "summary", "summary_tx": 198, "summary_rx": 188, "recv_mismatch": false, "censor_frac": 0.0505, "censor_pct": 5.05, "contract_bar": 0.2, "leg_unscoreable": false, "min": 8.75, "max": 150.0, "p50": 44.3, "p50_censored": false, "p50_scoreable": true, "p95": 100.0, "p95_censored": true, "p95_scoreable": false, "p99": 131.0, "p99_censored": true, "p99_scoreable": false, "n_samples": 188, "spacing_ms": 50.0, "spacing_obs_ms": 50.0, "seq_span": 197, "qsp": 37900.0, "msd": 20800.0, "sd": 27129.981, "msd_adj": 21000.0, "msd_pairs": 187, "msd_adj_pairs": 177, "adj_frac": 0.9465, "sd_mad": 21095.139, "qsp_structural_dead": false, "qsp_structural_bar": 0.1}
SIGBPROBE c7 42 1 {"leg": 1, "file": "/tmp/rwm-ping-1.txt", "n": 191, "sent": 198, "recv": 191, "sent_source": "summary", "summary_tx": 198, "summary_rx": 191, "recv_mismatch": false, "censor_frac": 0.0354, "censor_pct": 3.54, "contract_bar": 0.2, "leg_unscoreable": false, "min": 6.01, "max": 110.0, "p50": 40.0, "p50_censored": false, "p50_scoreable": true, "p95": 84.0, "p95_censored": false, "p95_scoreable": true, "p99": 107.0, "p99_censored": true, "p99_scoreable": false, "n_samples": 191, "spacing_ms": 50.0, "spacing_obs_ms": 50.0, "seq_span": 196, "qsp": 34300.0, "msd": 24300.0, "sd": 23861.59, "msd_adj": 24100.0, "msd_pairs": 190, "msd_adj_pairs": 185, "adj_frac": 0.9737, "sd_mad": 19689.875, "qsp_structural_dead": false, "qsp_structural_bar": 0.1}
SIGBWITNESS {"cell": "c7", "seed": 42, "rep": 1, "mbps": 161.348, "seconds": 9.916455, "W1_rfa_gen": 0, "W2_pfrac_lines": 0, "W4_retx_max": 5066, "W5_rack_fa": "900/5182", "W7_group_misses_cli": 0, "W7_group_misses_srv": 0, "diag_blocks_cli": 39, "diag_blocks_srv": 34, "gen_plateau": false, "plateau_band": [26.8, 34.1]}
W7TOKEN c7 rep=1 sig_us cli=76 srv=68
W7TOKEN c7 rep=1 rvar_us cli=76 srv=68
W7TOKEN c7 rep=1 qsp_us cli=76 srv=68
W7TOKEN c7 rep=1 msd_us cli=76 srv=68
RACKLINE c7 rep=1 site=cli [RACK] on=0 evals=0 ceil=0.0000 gran=0.0000 legacy_pin=0.0000 round=0.0 legacy=0.0 mult=1 fa=95/95 fa_frac=1.0000 fa_class=0.0625
RACKLINE c7 rep=1 site=cli [RACK] on=0 evals=0 ceil=0.0000 gran=0.0000 legacy_pin=0.0000 round=0.0 legacy=0.0 mult=1 fa=900/5182 fa_frac=0.1737 fa_class=0.0625
RFALINE c7 rep=1 site=cli [RFA] gen=0 fires=8 false=8 false_frac=1.0000 fill_coded=0 fill_src=0 dup_src=8 preempt_src=0 src_n=9 rep_n=7 nu_recv=0.88889 fa_class=0.0625
RFALINE c7 rep=1 site=cli [RFA] gen=0 fires=18 false=18 false_frac=1.0000 fill_coded=0 fill_src=0 dup_src=18 preempt_src=0 src_n=19 rep_n=17 nu_recv=0.94737 fa_class=0.0625
RFALINE c7 rep=1 site=cli [RFA] gen=0 fires=28 false=28 false_frac=1.0000 fill_coded=0 fill_src=0 dup_src=28 preempt_src=0 src_n=29 rep_n=27 nu_recv=0.96552 fa_class=0.0625
RFALINE c7 rep=1 site=cli [RFA] gen=0 fires=38 false=38 false_frac=1.0000 fill_coded=0 fill_src=0 dup_src=38 preempt_src=0 src_n=39 rep_n=37 nu_recv=0.97436 fa_class=0.0625
RFALINE c7 rep=1 site=cli [RFA] gen=0 fires=48 false=48 false_frac=1.0000 fill_coded=0 fill_src=0 dup_src=48 preempt_src=0 src_n=49 rep_n=47 nu_recv=0.97959 fa_class=0.0625
RFALINE c7 rep=1 site=cli [RFA] gen=0 fires=58 false=58 false_frac=1.0000 fill_coded=0 fill_src=0 dup_src=58 preempt_src=0 src_n=59 rep_n=57 nu_recv=0.98305 fa_class=0.0625
RFALINE c7 rep=1 site=cli [RFA] gen=0 fires=68 false=68 false_frac=1.0000 fill_coded=0 fill_src=0 dup_src=68 preempt_src=0 src_n=69 rep_n=67 nu_recv=0.98551 fa_class=0.0625
RFALINE c7 rep=1 site=cli [RFA] gen=0 fires=77 false=77 false_frac=1.0000 fill_coded=0 fill_src=0 dup_src=77 preempt_src=0 src_n=78 rep_n=76 nu_recv=0.98718 fa_class=0.0625
RFALINE c7 rep=1 site=cli [RFA] gen=0 fires=87 false=87 false_frac=1.0000 fill_coded=0 fill_src=0 dup_src=87 preempt_src=0 src_n=88 rep_n=86 nu_recv=0.98864 fa_class=0.0625
RFALINE c7 rep=1 site=cli [RFA] gen=0 fires=95 false=95 false_frac=1.0000 fill_coded=0 fill_src=0 dup_src=95 preempt_src=0 src_n=97 rep_n=95 nu_recv=0.97938 fa_class=0.0625
RFALINE c7 rep=1 site=srv [RFA] gen=0 fires=8812 false=268 false_frac=0.0304 fill_coded=68 fill_src=8476 dup_src=205 preempt_src=63 src_n=16209 rep_n=131 nu_recv=0.54365 fa_class=0.0625
RFALINE c7 rep=1 site=srv [RFA] gen=0 fires=18749 false=438 false_frac=0.0234 fill_coded=183 fill_src=18128 dup_src=256 preempt_src=182 src_n=34396 rep_n=276 nu_recv=0.54509 fa_class=0.0625
RFALINE c7 rep=1 site=srv [RFA] gen=0 fires=28964 false=552 false_frac=0.0191 fill_coded=280 fill_src=28132 dup_src=280 preempt_src=272 src_n=53308 rep_n=419 nu_recv=0.54333 fa_class=0.0625
RFALINE c7 rep=1 site=srv [RFA] gen=0 fires=38793 false=760 false_frac=0.0196 fill_coded=406 fill_src=37627 dup_src=369 preempt_src=391 src_n=71319 rep_n=605 nu_recv=0.54394 fa_class=0.0625
RFALINE c7 rep=1 site=srv [RFA] gen=0 fires=49048 false=923 false_frac=0.0188 fill_coded=514 fill_src=47611 dup_src=430 preempt_src=493 src_n=89638 rep_n=757 nu_recv=0.54718 fa_class=0.0625
RFALINE c7 rep=1 site=srv [RFA] gen=0 fires=58662 false=992 false_frac=0.0169 fill_coded=584 fill_src=57086 dup_src=435 preempt_src=557 src_n=106247 rep_n=883 nu_recv=0.55213 fa_class=0.0625
RFALINE c7 rep=1 site=srv [RFA] gen=0 fires=67802 false=1190 false_frac=0.0176 fill_coded=685 fill_src=65927 dup_src=532 preempt_src=658 src_n=122498 rep_n=1071 nu_recv=0.55349 fa_class=0.0625
RFALINE c7 rep=1 site=srv [RFA] gen=0 fires=76119 false=1434 false_frac=0.0188 fill_coded=829 fill_src=73856 dup_src=654 preempt_src=780 src_n=138809 rep_n=1345 nu_recv=0.54837 fa_class=0.0625
RFALINE c7 rep=1 site=srv [RFA] gen=0 fires=85792 false=1594 false_frac=0.0186 fill_coded=945 fill_src=83253 dup_src=717 preempt_src=877 src_n=155751 rep_n=1494 nu_recv=0.55083 fa_class=0.0625
FDIAGLINE c7 rep=1 site=cli [FDIAG] frontier=0 seen=0 gap=0 probe_holes=0 probe_buffered=0 | DECODE n=0 avg=0us present_at_stall=0 | SOURCE n=0 avg=0us | COMPUTE calls=10 avg=4us max=40us total=0ms | rf=4 ru=0 | rows=0 max_span=0 coeff_kb=0 recovered=1 seen=5
FDIAGLINE c7 rep=1 site=cli [FDIAG] frontier=0 seen=0 gap=0 probe_holes=0 probe_buffered=0 | DECODE n=0 avg=0us present_at_stall=0 | SOURCE n=0 avg=0us | COMPUTE calls=18 avg=2us max=2us total=0ms | rf=8 ru=0 | rows=0 max_span=0 coeff_kb=0 recovered=1 seen=9
FDIAGLINE c7 rep=1 site=cli [FDIAG] frontier=0 seen=0 gap=0 probe_holes=0 probe_buffered=0 | DECODE n=0 avg=0us present_at_stall=0 | SOURCE n=0 avg=0us | COMPUTE calls=28 avg=1us max=4us total=0ms | rf=13 ru=0 | rows=0 max_span=0 coeff_kb=0 recovered=1 seen=14
FDIAGLINE c7 rep=1 site=cli [FDIAG] frontier=0 seen=0 gap=0 probe_holes=0 probe_buffered=0 | DECODE n=0 avg=0us present_at_stall=0 | SOURCE n=0 avg=0us | COMPUTE calls=38 avg=1us max=1us total=0ms | rf=18 ru=0 | rows=0 max_span=0 coeff_kb=0 recovered=1 seen=19
FDIAGLINE c7 rep=1 site=cli [FDIAG] frontier=0 seen=0 gap=0 probe_holes=0 probe_buffered=0 | DECODE n=0 avg=0us present_at_stall=0 | SOURCE n=0 avg=0us | COMPUTE calls=48 avg=1us max=1us total=0ms | rf=23 ru=0 | rows=0 max_span=0 coeff_kb=0 recovered=1 seen=24
FDIAGLINE c7 rep=1 site=cli [FDIAG] frontier=0 seen=0 gap=0 probe_holes=0 probe_buffered=0 | DECODE n=0 avg=0us present_at_stall=0 | SOURCE n=0 avg=0us | COMPUTE calls=58 avg=1us max=4us total=0ms | rf=28 ru=0 | rows=0 max_span=0 coeff_kb=0 recovered=1 seen=29
FDIAGLINE c7 rep=1 site=cli [FDIAG] frontier=0 seen=0 gap=0 probe_holes=0 probe_buffered=0 | DECODE n=0 avg=0us present_at_stall=0 | SOURCE n=0 avg=0us | COMPUTE calls=68 avg=1us max=1us total=0ms | rf=33 ru=0 | rows=0 max_span=0 coeff_kb=0 recovered=1 seen=34
FDIAGLINE c7 rep=1 site=cli [FDIAG] frontier=0 seen=0 gap=0 probe_holes=0 probe_buffered=0 | DECODE n=0 avg=0us present_at_stall=0 | SOURCE n=0 avg=0us | COMPUTE calls=78 avg=0us max=1us total=0ms | rf=38 ru=0 | rows=0 max_span=0 coeff_kb=0 recovered=1 seen=39
FDIAGLINE c7 rep=1 site=cli [FDIAG] frontier=0 seen=0 gap=0 probe_holes=0 probe_buffered=0 | DECODE n=0 avg=0us present_at_stall=0 | SOURCE n=0 avg=0us | COMPUTE calls=88 avg=0us max=1us total=0ms | rf=43 ru=0 | rows=0 max_span=0 coeff_kb=0 recovered=1 seen=44
FDIAGLINE c7 rep=1 site=cli [FDIAG] frontier=0 seen=0 gap=0 probe_holes=0 probe_buffered=0 | DECODE n=0 avg=0us present_at_stall=0 | SOURCE n=0 avg=0us | COMPUTE calls=98 avg=0us max=21us total=0ms | rf=48 ru=0 | rows=0 max_span=0 coeff_kb=0 recovered=1 seen=49
FDIAGLINE c7 rep=1 site=cli [FDIAG] frontier=0 seen=0 gap=0 probe_holes=0 probe_buffered=0 | DECODE n=0 avg=0us present_at_stall=0 | SOURCE n=0 avg=0us | COMPUTE calls=108 avg=0us max=2us total=0ms | rf=53 ru=0 | rows=0 max_span=0 coeff_kb=0 recovered=1 seen=54
FDIAGLINE c7 rep=1 site=cli [FDIAG] frontier=0 seen=0 gap=0 probe_holes=0 probe_buffered=0 | DECODE n=0 avg=0us present_at_stall=0 | SOURCE n=0 avg=0us | COMPUTE calls=119 avg=0us max=7us total=0ms | rf=59 ru=0 | rows=0 max_span=0 coeff_kb=0 recovered=1 seen=60
FDIAGLINE c7 rep=1 site=cli [FDIAG] frontier=0 seen=0 gap=0 probe_holes=0 probe_buffered=0 | DECODE n=0 avg=0us present_at_stall=0 | SOURCE n=0 avg=0us | COMPUTE calls=128 avg=0us max=1us total=0ms | rf=63 ru=0 | rows=0 max_span=0 coeff_kb=0 recovered=1 seen=64
FDIAGLINE c7 rep=1 site=cli [FDIAG] frontier=0 seen=0 gap=0 probe_holes=0 probe_buffered=0 | DECODE n=0 avg=0us present_at_stall=0 | SOURCE n=0 avg=0us | COMPUTE calls=138 avg=0us max=1us total=0ms | rf=68 ru=0 | rows=0 max_span=0 coeff_kb=0 recovered=1 seen=69
FDIAGLINE c7 rep=1 site=cli [FDIAG] frontier=0 seen=0 gap=0 probe_holes=0 probe_buffered=0 | DECODE n=0 avg=0us present_at_stall=0 | SOURCE n=0 avg=0us | COMPUTE calls=146 avg=0us max=1us total=0ms | rf=72 ru=0 | rows=0 max_span=0 coeff_kb=0 recovered=1 seen=73
FDIAGLINE c7 rep=1 site=cli [FDIAG] frontier=0 seen=0 gap=0 probe_holes=0 probe_buffered=0 | DECODE n=0 avg=0us present_at_stall=0 | SOURCE n=0 avg=0us | COMPUTE calls=156 avg=0us max=1us total=0ms | rf=77 ru=0 | rows=0 max_span=0 coeff_kb=0 recovered=1 seen=78
FDIAGLINE c7 rep=1 site=cli [FDIAG] frontier=0 seen=0 gap=0 probe_holes=0 probe_buffered=0 | DECODE n=0 avg=0us present_at_stall=0 | SOURCE n=0 avg=0us | COMPUTE calls=166 avg=0us max=1us total=0ms | rf=82 ru=0 | rows=0 max_span=0 coeff_kb=0 recovered=1 seen=83
FDIAGLINE c7 rep=1 site=cli [FDIAG] frontier=0 seen=0 gap=0 probe_holes=0 probe_buffered=0 | DECODE n=0 avg=0us present_at_stall=0 | SOURCE n=0 avg=0us | COMPUTE calls=176 avg=0us max=1us total=0ms | rf=87 ru=0 | rows=0 max_span=0 coeff_kb=0 recovered=1 seen=88
FDIAGLINE c7 rep=1 site=cli [FDIAG] frontier=0 seen=0 gap=0 probe_holes=0 probe_buffered=0 | DECODE n=0 avg=0us present_at_stall=0 | SOURCE n=0 avg=0us | COMPUTE calls=186 avg=0us max=1us total=0ms | rf=92 ru=0 | rows=0 max_span=0 coeff_kb=0 recovered=1 seen=93
FDIAGLINE c7 rep=1 site=srv [FDIAG] frontier=4868 seen=7266 gap=2398 probe_holes=428 probe_buffered=5 | DECODE n=0 avg=0us present_at_stall=0 | SOURCE n=897 avg=413us | COMPUTE calls=6962 avg=3us max=973us total=24ms | rf=42 ru=22 | rows=5 max_span=249 coeff_kb=1 recovered=6839 seen=6881
FDIAGLINE c7 rep=1 site=srv [FDIAG] frontier=14856 seen=16253 gap=1397 probe_holes=244 probe_buffered=11 | DECODE n=0 avg=0us present_at_stall=0 | SOURCE n=1006 avg=905us | COMPUTE calls=16341 avg=4us max=1556us total=69ms | rf=131 ru=79 | rows=11 max_span=355 coeff_kb=2 recovered=16010 seen=16136
FDIAGLINE c7 rep=1 site=srv [FDIAG] frontier=22888 seen=25753 gap=2865 probe_holes=529 probe_buffered=2 | DECODE n=0 avg=0us present_at_stall=0 | SOURCE n=1466 avg=967us | COMPUTE calls=25677 avg=4us max=321us total=121ms | rf=206 ru=129 | rows=2 max_span=201 coeff_kb=0 recovered=25225 seen=25431
FDIAGLINE c7 rep=1 site=srv [FDIAG] frontier=33074 seen=34264 gap=1190 probe_holes=124 probe_buffered=0 | DECODE n=0 avg=0us present_at_stall=0 | SOURCE n=1814 avg=1062us | COMPUTE calls=34672 avg=5us max=2183us total=173ms | rf=276 ru=183 | rows=0 max_span=0 coeff_kb=0 recovered=1467 seen=1487
FDIAGLINE c7 rep=1 site=srv [FDIAG] frontier=40510 seen=44107 gap=3597 probe_holes=192 probe_buffered=8 | DECODE n=0 avg=0us present_at_stall=0 | SOURCE n=2597 avg=943us | COMPUTE calls=44533 avg=4us max=195us total=218ms | rf=357 ru=248 | rows=8 max_span=299 coeff_kb=1 recovered=11242 seen=11337
FDIAGLINE c7 rep=1 site=srv [FDIAG] frontier=50894 seen=53103 gap=2209 probe_holes=68 probe_buffered=2 | DECODE n=0 avg=0us present_at_stall=0 | SOURCE n=3581 avg=824us | COMPUTE calls=53727 avg=4us max=387us total=259ms | rf=419 ru=282 | rows=2 max_span=201 coeff_kb=0 recovered=20362 seen=20518
FDIAGLINE c7 rep=1 site=srv [FDIAG] frontier=57806 seen=62820 gap=5014 probe_holes=457 probe_buffered=8 | DECODE n=0 avg=0us present_at_stall=0 | SOURCE n=3693 avg=904us | COMPUTE calls=63137 avg=4us max=257us total=298ms | rf=487 ru=323 | rows=8 max_span=294 coeff_kb=1 recovered=29690 seen=29911
FDIAGLINE c7 rep=1 site=srv [FDIAG] frontier=68477 seen=71044 gap=2567 probe_holes=80 probe_buffered=1 | DECODE n=0 avg=0us present_at_stall=0 | SOURCE n=3835 avg=1020us | COMPUTE calls=71924 avg=4us max=449us total=356ms | rf=605 ru=407 | rows=1 max_span=201 coeff_kb=0 recovered=2888 seen=2920
FDIAGLINE c7 rep=1 site=srv [FDIAG] frontier=80160 seen=80340 gap=180 probe_holes=13 probe_buffered=0 | DECODE n=0 avg=0us present_at_stall=0 | SOURCE n=4600 avg=966us | COMPUTE calls=81395 avg=5us max=5651us total=415ms | rf=676 ru=468 | rows=0 max_span=0 coeff_kb=0 recovered=12251 seen=12350
FDIAGLINE c7 rep=1 site=srv [FDIAG] frontier=87583 seen=89655 gap=2072 probe_holes=423 probe_buffered=0 | DECODE n=0 avg=0us present_at_stall=0 | SOURCE n=4868 avg=1012us | COMPUTE calls=90399 avg=5us max=274us total=463ms | rf=757 ru=514 | rows=0 max_span=0 coeff_kb=0 recovered=21156 seen=21334
FDIAGLINE c7 rep=1 site=srv [FDIAG] frontier=96334 seen=98181 gap=1847 probe_holes=499 probe_buffered=10 | DECODE n=0 avg=0us present_at_stall=0 | SOURCE n=5347 avg=1009us | COMPUTE calls=98924 avg=5us max=689us total=508ms | rf=830 ru=553 | rows=10 max_span=480 coeff_kb=3 recovered=29606 seen=29856
FDIAGLINE c7 rep=1 site=srv [FDIAG] frontier=104918 seen=106025 gap=1107 probe_holes=172 probe_buffered=2 | DECODE n=1 avg=1510us present_at_stall=1 | SOURCE n=5903 avg=994us | COMPUTE calls=107145 avg=5us max=196us total=551ms | rf=883 ru=586 | rows=2 max_span=201 coeff_kb=0 recovered=1336 seen=1351
FDIAGLINE c7 rep=1 site=srv [FDIAG] frontier=113525 seen=114586 gap=1061 probe_holes=247 probe_buffered=12 | DECODE n=1 avg=1510us present_at_stall=1 | SOURCE n=7216 avg=885us | COMPUTE calls=115807 avg=5us max=182us total=595ms | rf=1000 ru=651 | rows=12 max_span=244 coeff_kb=2 recovered=9822 seen=9954
FDIAGLINE c7 rep=1 site=srv [FDIAG] frontier=121487 seen=121997 gap=510 probe_holes=1 probe_buffered=0 | DECODE n=1 avg=1510us present_at_stall=1 | SOURCE n=8382 avg=823us | COMPUTE calls=123573 avg=5us max=228us total=630ms | rf=1071 ru=685 | rows=0 max_span=0 coeff_kb=0 recovered=17479 seen=17682
FDIAGLINE c7 rep=1 site=srv [FDIAG] frontier=129273 seen=129949 gap=676 probe_holes=294 probe_buffered=5 | DECODE n=1 avg=1510us present_at_stall=1 | SOURCE n=8529 avg=867us | COMPUTE calls=131472 avg=5us max=225us total=672ms | rf=1268 ru=793 | rows=5 max_span=257 coeff_kb=1 recovered=25138 seen=25495
FDIAGLINE c7 rep=1 site=srv [FDIAG] frontier=137455 seen=138818 gap=1363 probe_holes=594 probe_buffered=8 | DECODE n=2 avg=4208us present_at_stall=2 | SOURCE n=8761 avg=900us | COMPUTE calls=140175 avg=5us max=464us total=714ms | rf=1345 ru=837 | rows=8 max_span=208 coeff_kb=1 recovered=1172 seen=1186
FDIAGLINE c7 rep=1 site=srv [FDIAG] frontier=145821 seen=146746 gap=925 probe_holes=692 probe_buffered=24 | DECODE n=4 avg=2592us present_at_stall=3 | SOURCE n=10164 avg=825us | COMPUTE calls=148139 avg=5us max=341us total=755ms | rf=1448 ru=912 | rows=24 max_span=201 coeff_kb=4 recovered=9002 seen=9115
FDIAGLINE c7 rep=1 site=srv [FDIAG] frontier=154602 seen=155155 gap=553 probe_holes=51 probe_buffered=0 | DECODE n=5 avg=4238us present_at_stall=4 | SOURCE n=11305 avg=785us | COMPUTE calls=157248 avg=5us max=263us total=796ms | rf=1494 ru=945 | rows=0 max_span=0 coeff_kb=0 recovered=18052 seen=18196
FDIAGLINE c7 rep=1 site=srv [FDIAG] frontier=162628 seen=163327 gap=699 probe_holes=372 probe_buffered=4 | DECODE n=5 avg=4238us present_at_stall=4 | SOURCE n=11928 avg=779us | COMPUTE calls=165219 avg=5us max=988us total=840ms | rf=1550 ru=993 | rows=4 max_span=201 coeff_kb=0 recovered=25903 seen=26101
SIGBBAND {"cell":"c7","seed":42,"rep":1,"rc":0,"mbps":161.348,"band":[140,180],"in_band":1,"gen_plateau":0,"lossy":1}
=== rep=1 cell=c8 seed=42 spec=c2/c3/dual bytes=25000000 23:09:13
[2m2026-08-20T23:09:15.659557Z[0m [32m INFO[0m [2mraptorpath::gates[0m[2m:[0m [GATES] RWM_UNIFIED=1 RWM_UNIFIED_SHED=1 RWM_TAPER_R=1 RWM_ASTAR_ANCHOR=1 RWM_MSTAR_ANCHOR=1 RWM_PLAIN_RS=0 RWM_HONEST_ANCHOR=1 RWM_HONEST_K=0 RWM_STORE_SACK_RELEASE=1 RWM_STORE_PATHS=1 RWM_STORE_PATH_POOL=2048 RWM_STORE=unset RWM_STORE_GAIN=2 RWM_STORE_BOOT=128 RWM_STORE_CAPW=0 RWM_STORE_CAP_UNIFIED=0 RWM_THREE_TERM=0 RWM_COMPOSED_CAP=0 RWM_SUM_CAP=1 RWM_LATE_BRAKE=0 RWM_DELTA_CAP=1 RWM_STORE_PERCAP=0 RWM_PERCAP_GUARD=1 RWM_STORE_BORROW=0 RWM_HONEST_CAP=1 RWM_POOL_ANCHOR=0 RWM_POOL_DELIV=0 RWM_FLOOR_BOUND=0 RWM_ACK_MERGE=1 RWM_LOSS_SENT_TRUTH=0 RWM_RELEASE_1TO1=0 RWM_CHARGE_RECOVERY=0 RWM_PATIENCE_DERIVED=0 RWM_SIDLE_DERIVED=0 RWM_WIN_DECOUPLE=0 RWM_PLACE_SLACK=0 RWM_COLD_PLACE=0 RWM_GEN=384 RWM_PIPELINE=2 RWM_GEN_PIPE=1 RWM_GEN_R=unset RWM_GEN_RATE=9000 RWM_GEN_RATE_FLOOR=2000 RWM_GEN_INFLIGHT=unset RWM_OOO_RETAIN=0/16 RWM_WINDOW=unset RWM_REPORT_GENS=unset RWM_REPAIR_WAIT=unset RWM_CODED_SRC=0 RWM_NO_REACTIVE=0 RWM_XPATH_REPAIR=0 RWM_PROACTIVE_PACER=0 RWM_REASM_BDP=0 RWM_MIN_R=0 RWM_CC_PACE=0 RWM_CC_PACE_HR=1.1 RWM_REACT_CAP=unset RWM_INFL_CAP=0 RWM_INFL_BDP=unset RWM_COPA_FEED=0 RWM_RS_ATTR=1 RWM_EMIT_BATCH=0 RWM_EMIT_BURST=64 RWM_RECOV_MP=1 RWM_RECOV_MP_LAW=1 RWM_RECOV_MP_LIVE=0 RWM_RECOV_SP=0 RWM_DERIVED_SWEEP=0 RWM_RACK_CLOCKS=0 RWM_RACK_REO_MULT=1 RWM_QUANTILE_CLOCKS=0 RWM_ALPHA_OVERRIDE=unset RWM_DIAG=1 RWM_ACKDIAG=1 RWM_ACKDIAG_WINDOW_US=2000000 RWM_WALLDIAG=1 RWM_CPUPROF=0 RWM_RDIAG=0 RWM_FDIAG=1 RWM_TRACE=0 RWM_PFRAC=0
{"bytes":25000000,"dnf":0,"hint":"bulk","max_s":2.3187,"mean_mbps":86.255,"mean_s":2.3187,"median_s":2.3187,"min_s":2.3187,"proto":"rp-native","runs":1,"stdev_s":0.0,"summary":true}
    LATPROBE-LEG leg=0 file=/tmp/rwm-ping-0.txt sent=49 recv=48 censor=2.04% p50=48.3[censor=2.04% ok] p95=76.4[censor=2.04% ok] p99=77.9[censor=2.04% UNSCOREABLE(inside censored tail)]
    LATPROBE-LEG leg=1 file=/tmp/rwm-ping-1.txt sent=49 recv=48 censor=2.04% p50=42.6[censor=2.04% ok] p95=177.0[censor=2.04% ok] p99=180.0[censor=2.04% UNSCOREABLE(inside censored tail)]
    LATPROBE: 2 leg(s) /tmp/rwm-ping-0.txt=48 /tmp/rwm-ping-1.txt=48 replies
    CPU: CPUSRV=2.26s CPUCLI=1.82s (srv=decoder cli=sender; whole-invocation incl warmup)
    QDISC cli0: qdisc netem aa91: root refcnt 7 limit 1000 delay 5ms  3ms loss gemodel p 1.3% r 50% 1-h 100% 1-k 0% rate 100Mbit seed 42  Sent 26629631 bytes 21131 pkt (dropped 101, overlimits 0 requeues 0)   backlog 0b 0p requeues 0 
    QDISC cli1: qdisc netem aa92: root refcnt 7 limit 1000 delay 20ms  5ms loss gemodel p 2% r 40% 1-h 100% 1-k 0% rate 20Mbit seed 1042  Sent 1490897 bytes 1358 pkt (dropped 28, overlimits 0 requeues 0)   backlog 0b 0p requeues 0 
    QDISC srv0: qdisc netem aa93: root refcnt 7 limit 1000 delay 5ms  3ms rate 100Mbit seed 7237992507152861843  Sent 2899882 bytes 15109 pkt (dropped 0, overlimits 0 requeues 0)   backlog 0b 0p requeues 0 
    QDISC srv1: qdisc netem aa94: root refcnt 7 limit 1000 delay 20ms  5ms rate 20Mbit seed 2788880346546931421  Sent 196315 bytes 1204 pkt (dropped 0, overlimits 0 requeues 0)   backlog 0b 0p requeues 0 
    QCAP: /tmp/rwm-q.txt 18 lines
RUNTIME c8 rep=1 5s rc=0
LIVENESS c8 rep=1 RWM_DELTA_CAP=RWM_DELTA_CAP=1/RWM_DELTA_CAP=1(exp1) RWM_SUM_CAP=RWM_SUM_CAP=1/RWM_SUM_CAP=1(exp1) RWM_QUANTILE_CLOCKS=RWM_QUANTILE_CLOCKS=0/RWM_QUANTILE_CLOCKS=0(exp0) RWM_RACK_CLOCKS=RWM_RACK_CLOCKS=0/RWM_RACK_CLOCKS=0(exp0) RWM_DERIVED_SWEEP=RWM_DERIVED_SWEEP=0/RWM_DERIVED_SWEEP=0(exp0) RWM_COMPOSED_CAP=RWM_COMPOSED_CAP=0/RWM_COMPOSED_CAP=0(exp0) RWM_THREE_TERM=RWM_THREE_TERM=0/RWM_THREE_TERM=0(exp0) RWM_STORE_CAP_UNIFIED=RWM_STORE_CAP_UNIFIED=0/RWM_STORE_CAP_UNIFIED=0(exp0) RWM_LATE_BRAKE=RWM_LATE_BRAKE=0/RWM_LATE_BRAKE=0(exp0) RWM_CHARGE_RECOVERY=RWM_CHARGE_RECOVERY=0/RWM_CHARGE_RECOVERY=0(exp0) RWM_RELEASE_1TO1=RWM_RELEASE_1TO1=0/RWM_RELEASE_1TO1=0(exp0) RWM_LOSS_SENT_TRUTH=RWM_LOSS_SENT_TRUTH=0/RWM_LOSS_SENT_TRUTH=0(exp0) RWM_ALPHA_OVERRIDE=RWM_ALPHA_OVERRIDE=unset/RWM_ALPHA_OVERRIDE=unset(expunset) RWM_DIAG=RWM_DIAG=1/RWM_DIAG=1(exp1) RWM_FDIAG=RWM_FDIAG=1/RWM_FDIAG=1(exp1) RWM_ACKDIAG=RWM_ACKDIAG=1/RWM_ACKDIAG=1(exp1) RWM_WALLDIAG=RWM_WALLDIAG=1/RWM_WALLDIAG=1(exp1)
SIGBREAD c8 42 1 cli p0 blk=1 sig=1451/1659 rvar=1194/1659 qsp=2174/256 msd=9/255
SIGBREAD c8 42 1 cli p1 blk=1 sig=2171/21 rvar=1856/21 qsp=4006/21 msd=216/20
SIGBREAD c8 42 1 cli p0 blk=2 sig=261/3833 rvar=232/3833 qsp=1550/256 msd=8/255
SIGBREAD c8 42 1 cli p1 blk=2 sig=2171/21 rvar=1856/21 qsp=4006/21 msd=216/20
SIGBREAD c8 42 1 cli p0 blk=3 sig=1138/6255 rvar=942/6255 qsp=2013/256 msd=7/255
SIGBREAD c8 42 1 cli p1 blk=3 sig=2171/21 rvar=1856/21 qsp=4006/21 msd=216/20
SIGBREAD c8 42 1 cli p0 blk=4 sig=413/8666 rvar=372/8666 qsp=32484/256 msd=10/255
SIGBREAD c8 42 1 cli p1 blk=4 sig=972/47 rvar=807/47 qsp=3831/47 msd=181/46
SIGBREAD c8 42 1 cli p0 blk=5 sig=393/11091 rvar=369/11091 qsp=6081/256 msd=7/255
SIGBREAD c8 42 1 cli p1 blk=5 sig=3512/535 rvar=3386/535 qsp=37449/256 msd=49/255
SIGBREAD c8 42 1 cli p0 blk=6 sig=449/13514 rvar=243/13514 qsp=1982/256 msd=4/255
SIGBREAD c8 42 1 cli p1 blk=6 sig=8332/1028 rvar=8120/1028 qsp=13251/256 msd=99/255
SIGBREAD c8 42 1 cli p0 blk=7 sig=970/15894 rvar=840/15894 qsp=1607/256 msd=9/255
SIGBREAD c8 42 1 cli p1 blk=7 sig=49992/1133 rvar=40403/1133 qsp=25978/256 msd=223/255
SIGBREAD c8 42 1 cli p0 blk=8 sig=604/18230 rvar=484/18230 qsp=10211/256 msd=6/255
SIGBREAD c8 42 1 cli p1 blk=8 sig=49992/1133 rvar=40403/1133 qsp=25978/256 msd=223/255
SIGBREAD c8 42 1 cli p0 blk=9 sig=34708/20523 rvar=31002/20523 qsp=1903/256 msd=6/255
SIGBREAD c8 42 1 cli p1 blk=9 sig=49992/1133 rvar=40403/1133 qsp=25978/256 msd=223/255
SIGBREAD c8 42 1 srv p0 blk=1 sig=11825/5 rvar=9749/5 qsp=3005/5 msd=2994/4
SIGBREAD c8 42 1 srv p1 blk=1 sig=-/0 rvar=-/0 qsp=-/0 msd=-/0
SIGBREAD c8 42 1 srv p0 blk=2 sig=7900/9 rvar=6369/9 qsp=4719/9 msd=2994/8
SIGBREAD c8 42 1 srv p1 blk=2 sig=-/0 rvar=-/0 qsp=-/0 msd=-/0
SIGBREAD c8 42 1 srv p0 blk=3 sig=22270/15 rvar=16654/15 qsp=36676/15 msd=965/14
SIGBREAD c8 42 1 srv p1 blk=3 sig=-/0 rvar=-/0 qsp=-/0 msd=-/0
SIGBREAD c8 42 1 srv p0 blk=4 sig=32317/19 rvar=28772/19 qsp=34858/19 msd=965/18
SIGBREAD c8 42 1 srv p1 blk=4 sig=-/0 rvar=-/0 qsp=-/0 msd=-/0
SIGBREAD c8 42 1 srv p0 blk=5 sig=32317/19 rvar=28772/19 qsp=34858/19 msd=965/18
SIGBREAD c8 42 1 srv p1 blk=5 sig=29536/4 rvar=19574/4 qsp=665/4 msd=665/3
SIGBREAD c8 42 1 srv p0 blk=6 sig=37173/21 rvar=34788/21 qsp=61621/21 msd=965/20
SIGBREAD c8 42 1 srv p1 blk=6 sig=60919/6 rvar=48452/6 qsp=55413/6 msd=757/5
SIGBREAD c8 42 1 srv p0 blk=7 sig=46094/23 rvar=43794/23 qsp=71132/23 msd=965/22
SIGBREAD c8 42 1 srv p1 blk=7 sig=60919/6 rvar=48452/6 qsp=55413/6 msd=757/5
SIGBREAD c8 42 1 srv p0 blk=8 sig=50235/26 rvar=47577/26 qsp=91009/26 msd=965/25
SIGBREAD c8 42 1 srv p1 blk=8 sig=60919/6 rvar=48452/6 qsp=55413/6 msd=757/5
SIGBMETA c8 42 1 {"seconds": 2.318715, "mbps": 86.255, "diag_blocks_cli": 9, "diag_blocks_srv": 8, "reads_cli": 18, "reads_srv": 16, "tc_bytes": 28120528, "tc_pkts": 22489, "tc_drop": 129, "tc_s": 5}
SIGBPROBE c8 42 1 {"leg": 0, "file": "/tmp/rwm-ping-0.txt", "n": 48, "sent": 49, "recv": 48, "sent_source": "summary", "summary_tx": 49, "summary_rx": 48, "recv_mismatch": false, "censor_frac": 0.0204, "censor_pct": 2.04, "contract_bar": 0.2, "leg_unscoreable": false, "min": 6.75, "max": 77.9, "p50": 48.3, "p50_censored": false, "p50_scoreable": true, "p95": 76.4, "p95_censored": false, "p95_scoreable": true, "p99": 77.9, "p99_censored": true, "p99_scoreable": false, "n_samples": 48, "spacing_ms": 50.0, "spacing_obs_ms": 50.0, "seq_span": 48, "qsp": 27100.0, "msd": 3500.0, "sd": 24669.821, "msd_adj": 3900.0, "msd_pairs": 47, "msd_adj_pairs": 46, "adj_frac": 0.9787, "sd_mad": 22621.832, "qsp_structural_dead": false, "qsp_structural_bar": 0.1}
SIGBPROBE c8 42 1 {"leg": 1, "file": "/tmp/rwm-ping-1.txt", "n": 48, "sent": 49, "recv": 48, "sent_source": "summary", "summary_tx": 49, "summary_rx": 48, "recv_mismatch": false, "censor_frac": 0.0204, "censor_pct": 2.04, "contract_bar": 0.2, "leg_unscoreable": false, "min": 31.7, "max": 180.0, "p50": 42.6, "p50_censored": false, "p50_scoreable": true, "p95": 177.0, "p95_censored": false, "p95_scoreable": true, "p99": 180.0, "p99_censored": true, "p99_scoreable": false, "n_samples": 48, "spacing_ms": 50.0, "spacing_obs_ms": 50.0, "seq_span": 47, "qsp": 121400.0, "msd": 6300.0, "sd": 44670.278, "msd_adj": 6300.0, "msd_pairs": 47, "msd_adj_pairs": 47, "adj_frac": 1.0, "sd_mad": 31179.774, "qsp_structural_dead": false, "qsp_structural_bar": 0.1}
SIGBWITNESS {"cell": "c8", "seed": 42, "rep": 1, "mbps": 86.255, "seconds": 2.318715, "W1_rfa_gen": 0, "W2_pfrac_lines": 0, "W4_retx_max": 637, "W5_rack_fa": "44/637", "W7_group_misses_cli": 0, "W7_group_misses_srv": 0, "diag_blocks_cli": 9, "diag_blocks_srv": 8, "gen_plateau": false, "plateau_band": [26.8, 34.1]}
W7TOKEN c8 rep=1 sig_us cli=18 srv=16
W7TOKEN c8 rep=1 rvar_us cli=18 srv=16
W7TOKEN c8 rep=1 qsp_us cli=18 srv=16
W7TOKEN c8 rep=1 msd_us cli=18 srv=16
RACKLINE c8 rep=1 site=cli [RACK] on=0 evals=0 ceil=0.0000 gran=0.0000 legacy_pin=0.0000 round=0.0 legacy=0.0 mult=1 fa=16/16 fa_frac=1.0000 fa_class=0.0625
RACKLINE c8 rep=1 site=cli [RACK] on=0 evals=0 ceil=0.0000 gran=0.0000 legacy_pin=0.0000 round=0.0 legacy=0.0 mult=1 fa=44/637 fa_frac=0.0691 fa_class=0.0625
RFALINE c8 rep=1 site=cli [RFA] gen=0 fires=10 false=10 false_frac=1.0000 fill_coded=0 fill_src=0 dup_src=10 preempt_src=0 src_n=11 rep_n=9 nu_recv=0.90909 fa_class=0.0625
RFALINE c8 rep=1 site=cli [RFA] gen=0 fires=16 false=16 false_frac=1.0000 fill_coded=0 fill_src=0 dup_src=16 preempt_src=0 src_n=17 rep_n=15 nu_recv=0.94118 fa_class=0.0625
RFALINE c8 rep=1 site=cli [RFA] gen=0 fires=16 false=16 false_frac=1.0000 fill_coded=0 fill_src=0 dup_src=16 preempt_src=0 src_n=18 rep_n=16 nu_recv=0.88889 fa_class=0.0625
RFALINE c8 rep=1 site=srv [RFA] gen=0 fires=1024 false=59 false_frac=0.0576 fill_coded=35 fill_src=930 dup_src=30 preempt_src=29 src_n=8461 rep_n=116 nu_recv=0.12103 fa_class=0.0625
RFALINE c8 rep=1 site=srv [RFA] gen=0 fires=3482 false=161 false_frac=0.0462 fill_coded=67 fill_src=3254 dup_src=101 preempt_src=60 src_n=18951 rep_n=343 nu_recv=0.18374 fa_class=0.0625
FDIAGLINE c8 rep=1 site=cli [FDIAG] frontier=0 seen=0 gap=0 probe_holes=0 probe_buffered=0 | DECODE n=0 avg=0us present_at_stall=0 | SOURCE n=0 avg=0us | COMPUTE calls=10 avg=3us max=31us total=0ms | rf=4 ru=0 | rows=0 max_span=0 coeff_kb=0 recovered=1 seen=5
FDIAGLINE c8 rep=1 site=cli [FDIAG] frontier=0 seen=0 gap=0 probe_holes=0 probe_buffered=0 | DECODE n=0 avg=0us present_at_stall=0 | SOURCE n=0 avg=0us | COMPUTE calls=20 avg=2us max=2us total=0ms | rf=9 ru=0 | rows=0 max_span=0 coeff_kb=0 recovered=1 seen=10
FDIAGLINE c8 rep=1 site=cli [FDIAG] frontier=0 seen=0 gap=0 probe_holes=0 probe_buffered=0 | DECODE n=0 avg=0us present_at_stall=0 | SOURCE n=0 avg=0us | COMPUTE calls=30 avg=1us max=2us total=0ms | rf=14 ru=0 | rows=0 max_span=0 coeff_kb=0 recovered=1 seen=15
FDIAGLINE c8 rep=1 site=cli [FDIAG] frontier=1 seen=1 gap=0 probe_holes=0 probe_buffered=0 | DECODE n=0 avg=0us present_at_stall=0 | SOURCE n=0 avg=0us | COMPUTE calls=34 avg=1us max=4us total=0ms | rf=16 ru=0 | rows=0 max_span=0 coeff_kb=0 recovered=2 seen=18
FDIAGLINE c8 rep=1 site=srv [FDIAG] frontier=3631 seen=3631 gap=0 probe_holes=0 probe_buffered=0 | DECODE n=0 avg=0us present_at_stall=0 | SOURCE n=105 avg=1806us | COMPUTE calls=3715 avg=2us max=398us total=10ms | rf=66 ru=14 | rows=0 max_span=0 coeff_kb=0 recovered=3632 seen=3694
FDIAGLINE c8 rep=1 site=srv [FDIAG] frontier=7437 seen=8566 gap=1129 probe_holes=130 probe_buffered=2 | DECODE n=0 avg=0us present_at_stall=0 | SOURCE n=154 avg=3336us | COMPUTE calls=8577 avg=3us max=637us total=32ms | rf=116 ru=37 | rows=2 max_span=502 coeff_kb=0 recovered=8437 seen=8547
FDIAGLINE c8 rep=1 site=srv [FDIAG] frontier=9971 seen=14407 gap=4436 probe_holes=314 probe_buffered=2 | DECODE n=1 avg=3778us present_at_stall=0 | SOURCE n=1184 avg=618us | COMPUTE calls=14366 avg=3us max=160us total=54ms | rf=173 ru=53 | rows=2 max_span=239 coeff_kb=0 recovered=14094 seen=14265
FDIAGLINE c8 rep=1 site=srv [FDIAG] frontier=17578 seen=18896 gap=1318 probe_holes=40 probe_buffered=0 | DECODE n=1 avg=3778us present_at_stall=0 | SOURCE n=1313 avg=1155us | COMPUTE calls=19294 avg=3us max=1150us total=72ms | rf=343 ru=67 | rows=0 max_span=0 coeff_kb=0 recovered=18857 seen=19193
SIGBBAND {"cell":"c8","seed":42,"rep":1,"rc":0,"mbps":86.255,"band":[50,100],"in_band":1,"gen_plateau":0,"lossy":1}
=== rep=1 cell=c8L seed=42 spec=c2/c3/dual bytes=200000000 23:09:18
[2m2026-08-20T23:09:20.437087Z[0m [32m INFO[0m [2mraptorpath::gates[0m[2m:[0m [GATES] RWM_UNIFIED=1 RWM_UNIFIED_SHED=1 RWM_TAPER_R=1 RWM_ASTAR_ANCHOR=1 RWM_MSTAR_ANCHOR=1 RWM_PLAIN_RS=0 RWM_HONEST_ANCHOR=1 RWM_HONEST_K=0 RWM_STORE_SACK_RELEASE=1 RWM_STORE_PATHS=1 RWM_STORE_PATH_POOL=2048 RWM_STORE=unset RWM_STORE_GAIN=2 RWM_STORE_BOOT=128 RWM_STORE_CAPW=0 RWM_STORE_CAP_UNIFIED=0 RWM_THREE_TERM=0 RWM_COMPOSED_CAP=0 RWM_SUM_CAP=1 RWM_LATE_BRAKE=0 RWM_DELTA_CAP=1 RWM_STORE_PERCAP=0 RWM_PERCAP_GUARD=1 RWM_STORE_BORROW=0 RWM_HONEST_CAP=1 RWM_POOL_ANCHOR=0 RWM_POOL_DELIV=0 RWM_FLOOR_BOUND=0 RWM_ACK_MERGE=1 RWM_LOSS_SENT_TRUTH=0 RWM_RELEASE_1TO1=0 RWM_CHARGE_RECOVERY=0 RWM_PATIENCE_DERIVED=0 RWM_SIDLE_DERIVED=0 RWM_WIN_DECOUPLE=0 RWM_PLACE_SLACK=0 RWM_COLD_PLACE=0 RWM_GEN=384 RWM_PIPELINE=2 RWM_GEN_PIPE=1 RWM_GEN_R=unset RWM_GEN_RATE=9000 RWM_GEN_RATE_FLOOR=2000 RWM_GEN_INFLIGHT=unset RWM_OOO_RETAIN=0/16 RWM_WINDOW=unset RWM_REPORT_GENS=unset RWM_REPAIR_WAIT=unset RWM_CODED_SRC=0 RWM_NO_REACTIVE=0 RWM_XPATH_REPAIR=0 RWM_PROACTIVE_PACER=0 RWM_REASM_BDP=0 RWM_MIN_R=0 RWM_CC_PACE=0 RWM_CC_PACE_HR=1.1 RWM_REACT_CAP=unset RWM_INFL_CAP=0 RWM_INFL_BDP=unset RWM_COPA_FEED=0 RWM_RS_ATTR=1 RWM_EMIT_BATCH=0 RWM_EMIT_BURST=64 RWM_RECOV_MP=1 RWM_RECOV_MP_LAW=1 RWM_RECOV_MP_LIVE=0 RWM_RECOV_SP=0 RWM_DERIVED_SWEEP=0 RWM_RACK_CLOCKS=0 RWM_RACK_REO_MULT=1 RWM_QUANTILE_CLOCKS=0 RWM_ALPHA_OVERRIDE=unset RWM_DIAG=1 RWM_ACKDIAG=1 RWM_ACKDIAG_WINDOW_US=2000000 RWM_WALLDIAG=1 RWM_CPUPROF=0 RWM_RDIAG=0 RWM_FDIAG=1 RWM_TRACE=0 RWM_PFRAC=0
{"bytes":200000000,"dnf":0,"hint":"bulk","max_s":35.8557,"mean_mbps":44.623,"mean_s":35.8557,"median_s":35.8557,"min_s":35.8557,"proto":"rp-native","runs":1,"stdev_s":0.0,"summary":true}
    LATPROBE-LEG leg=0 file=/tmp/rwm-ping-0.txt sent=711 recv=702 censor=1.27% p50=14.1[censor=1.27% ok] p95=102.0[censor=1.27% ok] p99=115.0[censor=1.27% UNSCOREABLE(inside censored tail)]
    LATPROBE-LEG leg=1 file=/tmp/rwm-ping-1.txt sent=714 recv=685 censor=4.06% p50=41.8[censor=4.06% ok] p95=510.0[censor=4.06% ok] p99=793.0[censor=4.06% UNSCOREABLE(inside censored tail)]
    LATPROBE: 2 leg(s) /tmp/rwm-ping-0.txt=702 /tmp/rwm-ping-1.txt=685 replies
    CPU: CPUSRV=20.48s CPUCLI=38.93s (srv=decoder cli=sender; whole-invocation incl warmup)
    QDISC cli0: qdisc netem aa95: root refcnt 7 limit 1000 delay 5ms  3ms loss gemodel p 1.3% r 50% 1-h 100% 1-k 0% rate 100Mbit seed 42  Sent 212836115 bytes 169319 pkt (dropped 885, overlimits 0 requeues 0)   backlog 0b 0p requeues 0 
    QDISC cli1: qdisc netem aa96: root refcnt 7 limit 1000 delay 20ms  5ms loss gemodel p 2% r 40% 1-h 100% 1-k 0% rate 20Mbit seed 1042  Sent 18436867 bytes 18083 pkt (dropped 342, overlimits 0 requeues 0)   backlog 200b 2p requeues 0 
    QDISC srv0: qdisc netem aa97: root refcnt 7 limit 1000 delay 5ms  3ms rate 100Mbit seed 17764594672115793715  Sent 23939336 bytes 115253 pkt (dropped 0, overlimits 0 requeues 0)   backlog 0b 0p requeues 0 
    QDISC srv1: qdisc netem aa98: root refcnt 7 limit 1000 delay 20ms  5ms rate 20Mbit seed 11245903254946142093  Sent 2410802 bytes 13006 pkt (dropped 0, overlimits 0 requeues 0)   backlog 0b 0p requeues 0 
    QCAP: /tmp/rwm-q.txt 18 lines
RUNTIME c8L rep=1 38s rc=0
LIVENESS c8L rep=1 RWM_DELTA_CAP=RWM_DELTA_CAP=1/RWM_DELTA_CAP=1(exp1) RWM_SUM_CAP=RWM_SUM_CAP=1/RWM_SUM_CAP=1(exp1) RWM_QUANTILE_CLOCKS=RWM_QUANTILE_CLOCKS=0/RWM_QUANTILE_CLOCKS=0(exp0) RWM_RACK_CLOCKS=RWM_RACK_CLOCKS=0/RWM_RACK_CLOCKS=0(exp0) RWM_DERIVED_SWEEP=RWM_DERIVED_SWEEP=0/RWM_DERIVED_SWEEP=0(exp0) RWM_COMPOSED_CAP=RWM_COMPOSED_CAP=0/RWM_COMPOSED_CAP=0(exp0) RWM_THREE_TERM=RWM_THREE_TERM=0/RWM_THREE_TERM=0(exp0) RWM_STORE_CAP_UNIFIED=RWM_STORE_CAP_UNIFIED=0/RWM_STORE_CAP_UNIFIED=0(exp0) RWM_LATE_BRAKE=RWM_LATE_BRAKE=0/RWM_LATE_BRAKE=0(exp0) RWM_CHARGE_RECOVERY=RWM_CHARGE_RECOVERY=0/RWM_CHARGE_RECOVERY=0(exp0) RWM_RELEASE_1TO1=RWM_RELEASE_1TO1=0/RWM_RELEASE_1TO1=0(exp0) RWM_LOSS_SENT_TRUTH=RWM_LOSS_SENT_TRUTH=0/RWM_LOSS_SENT_TRUTH=0(exp0) RWM_ALPHA_OVERRIDE=RWM_ALPHA_OVERRIDE=unset/RWM_ALPHA_OVERRIDE=unset(expunset) RWM_DIAG=RWM_DIAG=1/RWM_DIAG=1(exp1) RWM_FDIAG=RWM_FDIAG=1/RWM_FDIAG=1(exp1) RWM_ACKDIAG=RWM_ACKDIAG=1/RWM_ACKDIAG=1(exp1) RWM_WALLDIAG=RWM_WALLDIAG=1/RWM_WALLDIAG=1(exp1)
SIGBREAD c8L 42 1 cli p1 blk=1 sig=3004/22 rvar=2537/22 qsp=1644/22 msd=328/21
SIGBREAD c8L 42 1 cli p0 blk=2 sig=169/3787 rvar=149/3787 qsp=4200/256 msd=5/255
SIGBREAD c8L 42 1 cli p1 blk=2 sig=3705/30 rvar=3560/30 qsp=5853/30 msd=285/29
SIGBREAD c8L 42 1 cli p0 blk=3 sig=454/6225 rvar=260/6225 qsp=6822/256 msd=14/255
SIGBREAD c8L 42 1 cli p1 blk=3 sig=2052/409 rvar=1648/409 qsp=35128/256 msd=163/255
SIGBREAD c8L 42 1 cli p0 blk=4 sig=327/8613 rvar=311/8613 qsp=2153/256 msd=8/255
SIGBREAD c8L 42 1 cli p1 blk=4 sig=1289/875 rvar=1204/875 qsp=90919/256 msd=121/255
SIGBREAD c8L 42 1 cli p0 blk=5 sig=370/11051 rvar=352/11051 qsp=6240/256 msd=16/255
SIGBREAD c8L 42 1 cli p1 blk=5 sig=3204/1201 rvar=2318/1201 qsp=117116/256 msd=62/255
SIGBREAD c8L 42 1 cli p0 blk=6 sig=609/13444 rvar=569/13444 qsp=4887/256 msd=10/255
SIGBREAD c8L 42 1 cli p1 blk=6 sig=1694/1684 rvar=1360/1684 qsp=37508/256 msd=47/255
SIGBREAD c8L 42 1 cli p0 blk=7 sig=515/15886 rvar=469/15886 qsp=1221/256 msd=10/255
SIGBREAD c8L 42 1 cli p1 blk=7 sig=1955/2167 rvar=1501/2167 qsp=27256/256 msd=119/255
SIGBREAD c8L 42 1 cli p0 blk=8 sig=461/18149 rvar=245/18149 qsp=3076/256 msd=13/255
SIGBREAD c8L 42 1 cli p1 blk=8 sig=3580/2328 rvar=3061/2328 qsp=180126/256 msd=182/255
SIGBREAD c8L 42 1 cli p0 blk=9 sig=725/20729 rvar=685/20729 qsp=6479/256 msd=8/255
SIGBREAD c8L 42 1 cli p1 blk=9 sig=4236/2831 rvar=4049/2831 qsp=42377/256 msd=28/255
SIGBREAD c8L 42 1 cli p0 blk=10 sig=670/23138 rvar=616/23138 qsp=4403/256 msd=16/255
SIGBREAD c8L 42 1 cli p1 blk=10 sig=2199/3324 rvar=2073/3324 qsp=43887/256 msd=24/255
SIGBREAD c8L 42 1 cli p0 blk=11 sig=546/25546 rvar=156/25546 qsp=2243/256 msd=9/255
SIGBREAD c8L 42 1 cli p1 blk=11 sig=1149/3798 rvar=1060/3798 qsp=34606/256 msd=119/255
SIGBREAD c8L 42 1 cli p0 blk=12 sig=201/27932 rvar=126/27932 qsp=11780/256 msd=6/255
SIGBREAD c8L 42 1 cli p1 blk=12 sig=949/4179 rvar=693/4179 qsp=15912/256 msd=153/255
SIGBREAD c8L 42 1 cli p0 blk=13 sig=715/30338 rvar=683/30338 qsp=2695/256 msd=34/255
SIGBREAD c8L 42 1 cli p1 blk=13 sig=1472/4661 rvar=1344/4661 qsp=19831/256 msd=29/255
SIGBREAD c8L 42 1 cli p0 blk=14 sig=183/32776 rvar=168/32776 qsp=3043/256 msd=12/255
SIGBREAD c8L 42 1 cli p1 blk=14 sig=7065/5139 rvar=5629/5139 qsp=40622/256 msd=57/255
SIGBREAD c8L 42 1 cli p0 blk=15 sig=620/35192 rvar=497/35192 qsp=1702/256 msd=9/255
SIGBREAD c8L 42 1 cli p1 blk=15 sig=28368/5624 rvar=27584/5624 qsp=42689/256 msd=48/255
SIGBREAD c8L 42 1 cli p0 blk=16 sig=694/37356 rvar=623/37356 qsp=5698/256 msd=10/255
SIGBREAD c8L 42 1 cli p1 blk=16 sig=4048/6025 rvar=3815/6025 qsp=43790/256 msd=15/255
SIGBREAD c8L 42 1 cli p0 blk=17 sig=202/40000 rvar=147/40000 qsp=4558/256 msd=22/255
SIGBREAD c8L 42 1 cli p1 blk=17 sig=5618/6522 rvar=5316/6522 qsp=44935/256 msd=18/255
SIGBREAD c8L 42 1 cli p0 blk=18 sig=1563/42465 rvar=1429/42465 qsp=2498/256 msd=16/255
SIGBREAD c8L 42 1 cli p1 blk=18 sig=6421/7017 rvar=5950/7017 qsp=32126/256 msd=115/255
SIGBREAD c8L 42 1 cli p0 blk=19 sig=1128/44873 rvar=1056/44873 qsp=1825/256 msd=7/255
SIGBREAD c8L 42 1 cli p1 blk=19 sig=3651/7487 rvar=3432/7487 qsp=199966/256 msd=235/255
SIGBREAD c8L 42 1 cli p0 blk=20 sig=395/47277 rvar=205/47277 qsp=2420/256 msd=7/255
SIGBREAD c8L 42 1 cli p1 blk=20 sig=1220/7958 rvar=965/7958 qsp=55809/256 msd=23/255
SIGBREAD c8L 42 1 cli p0 blk=21 sig=30/49686 rvar=29/49686 qsp=3002/256 msd=11/255
SIGBREAD c8L 42 1 cli p1 blk=21 sig=1989/8448 rvar=1863/8448 qsp=50278/256 msd=33/255
SIGBREAD c8L 42 1 cli p0 blk=22 sig=543/51954 rvar=525/51954 qsp=7246/256 msd=20/255
SIGBREAD c8L 42 1 cli p1 blk=22 sig=1152/8930 rvar=1099/8930 qsp=53583/256 msd=22/255
SIGBREAD c8L 42 1 cli p0 blk=23 sig=101/54160 rvar=99/54160 qsp=7830/256 msd=19/255
SIGBREAD c8L 42 1 cli p1 blk=23 sig=1658/9407 rvar=1507/9407 qsp=20172/256 msd=171/255
SIGBREAD c8L 42 1 cli p0 blk=24 sig=233/56630 rvar=211/56630 qsp=7362/256 msd=20/255
SIGBREAD c8L 42 1 cli p1 blk=24 sig=41515/9879 rvar=40626/9879 qsp=23216/256 msd=172/255
SIGBREAD c8L 42 1 cli p0 blk=25 sig=815/59030 rvar=761/59030 qsp=5214/256 msd=13/255
SIGBREAD c8L 42 1 cli p1 blk=25 sig=3813/10255 rvar=3574/10255 qsp=51693/256 msd=10/255
SIGBREAD c8L 42 1 cli p0 blk=26 sig=1515/61393 rvar=1340/61393 qsp=7396/256 msd=23/255
SIGBREAD c8L 42 1 cli p1 blk=26 sig=2121/10748 rvar=1982/10748 qsp=48126/256 msd=23/255
SIGBREAD c8L 42 1 cli p1 blk=27 sig=2790/11225 rvar=2487/11225 qsp=10018/256 msd=59/255
SIGBREAD c8L 42 1 cli p0 blk=28 sig=93/65871 rvar=72/65871 qsp=10228/256 msd=14/255
SIGBREAD c8L 42 1 cli p1 blk=28 sig=2900/11614 rvar=2625/11614 qsp=420123/256 msd=21/255
SIGBREAD c8L 42 1 cli p0 blk=29 sig=105/68254 rvar=57/68254 qsp=4529/256 msd=18/255
SIGBREAD c8L 42 1 cli p1 blk=29 sig=3298/12097 rvar=3122/12097 qsp=51283/256 msd=23/255
SIGBREAD c8L 42 1 cli p0 blk=30 sig=238/70666 rvar=233/70666 qsp=3662/256 msd=21/255
SIGBREAD c8L 42 1 cli p1 blk=30 sig=1176/12591 rvar=1001/12591 qsp=49366/256 msd=23/255
SIGBREAD c8L 42 1 cli p0 blk=31 sig=285/73031 rvar=236/73031 qsp=2453/256 msd=13/255
SIGBREAD c8L 42 1 cli p1 blk=31 sig=2342/13072 rvar=2255/13072 qsp=46093/256 msd=26/255
SIGBREAD c8L 42 1 cli p0 blk=32 sig=141/74997 rvar=140/74997 qsp=2928/256 msd=17/255
SIGBREAD c8L 42 1 cli p1 blk=32 sig=5956/13554 rvar=5845/13554 qsp=45565/256 msd=99/255
SIGBREAD c8L 42 1 cli p0 blk=33 sig=4188/77430 rvar=3800/77430 qsp=10715/256 msd=19/255
SIGBREAD c8L 42 1 cli p1 blk=33 sig=1223/14007 rvar=982/14007 qsp=53706/256 msd=537/255
SIGBREAD c8L 42 1 cli p0 blk=34 sig=74/79831 rvar=69/79831 qsp=2088/256 msd=8/255
SIGBREAD c8L 42 1 cli p1 blk=34 sig=1223/14007 rvar=982/14007 qsp=53706/256 msd=537/255
SIGBREAD c8L 42 1 cli p0 blk=35 sig=332/82283 rvar=293/82283 qsp=3755/256 msd=10/255
SIGBREAD c8L 42 1 cli p1 blk=35 sig=1223/14007 rvar=982/14007 qsp=53706/256 msd=537/255
SIGBREAD c8L 42 1 cli p0 blk=36 sig=68/84614 rvar=67/84614 qsp=37971/256 msd=10/255
SIGBREAD c8L 42 1 cli p1 blk=36 sig=1223/14007 rvar=982/14007 qsp=53706/256 msd=537/255
SIGBREAD c8L 42 1 cli p0 blk=37 sig=589/87145 rvar=541/87145 qsp=6416/256 msd=6/255
SIGBREAD c8L 42 1 cli p1 blk=37 sig=1223/14007 rvar=982/14007 qsp=53706/256 msd=537/255
SIGBREAD c8L 42 1 cli p0 blk=38 sig=399/89556 rvar=369/89556 qsp=7299/256 msd=13/255
SIGBREAD c8L 42 1 cli p1 blk=38 sig=1223/14007 rvar=982/14007 qsp=53706/256 msd=537/255
SIGBREAD c8L 42 1 cli p0 blk=39 sig=1189/91926 rvar=1138/91926 qsp=2189/256 msd=15/255
SIGBREAD c8L 42 1 cli p1 blk=39 sig=1223/14007 rvar=982/14007 qsp=53706/256 msd=537/255
SIGBREAD c8L 42 1 cli p0 blk=40 sig=412/94261 rvar=407/94261 qsp=11777/256 msd=17/255
SIGBREAD c8L 42 1 cli p1 blk=40 sig=1223/14007 rvar=982/14007 qsp=53706/256 msd=537/255
SIGBREAD c8L 42 1 cli p0 blk=41 sig=84/96731 rvar=84/96731 qsp=8472/256 msd=12/255
SIGBREAD c8L 42 1 cli p1 blk=41 sig=1223/14007 rvar=982/14007 qsp=53706/256 msd=537/255
SIGBREAD c8L 42 1 cli p0 blk=42 sig=29/98754 rvar=20/98754 qsp=3417/256 msd=8/255
SIGBREAD c8L 42 1 cli p1 blk=42 sig=1223/14007 rvar=982/14007 qsp=53706/256 msd=537/255
SIGBREAD c8L 42 1 cli p0 blk=43 sig=1701/101334 rvar=1032/101334 qsp=4913/256 msd=5/255
SIGBREAD c8L 42 1 cli p1 blk=43 sig=1223/14007 rvar=982/14007 qsp=53706/256 msd=537/255
SIGBREAD c8L 42 1 cli p0 blk=44 sig=108/103467 rvar=102/103467 qsp=9149/256 msd=13/255
SIGBREAD c8L 42 1 cli p1 blk=44 sig=1223/14007 rvar=982/14007 qsp=53706/256 msd=537/255
SIGBREAD c8L 42 1 cli p0 blk=45 sig=331/105332 rvar=315/105332 qsp=11836/256 msd=7/255
SIGBREAD c8L 42 1 cli p1 blk=45 sig=1223/14007 rvar=982/14007 qsp=53706/256 msd=537/255
SIGBREAD c8L 42 1 cli p0 blk=46 sig=210/111169 rvar=141/111169 qsp=4327/256 msd=14/255
SIGBREAD c8L 42 1 cli p1 blk=46 sig=1223/14007 rvar=982/14007 qsp=53706/256 msd=537/255
SIGBREAD c8L 42 1 cli p0 blk=47 sig=1051/112516 rvar=995/112516 qsp=11968/256 msd=36/255
SIGBREAD c8L 42 1 cli p1 blk=47 sig=1223/14007 rvar=982/14007 qsp=53706/256 msd=537/255
SIGBREAD c8L 42 1 cli p0 blk=48 sig=1199/113430 rvar=1087/113430 qsp=3938/256 msd=12/255
SIGBREAD c8L 42 1 cli p1 blk=48 sig=1223/14007 rvar=982/14007 qsp=53706/256 msd=537/255
SIGBREAD c8L 42 1 cli p0 blk=49 sig=33/115283 rvar=33/115283 qsp=3310/256 msd=13/255
SIGBREAD c8L 42 1 cli p1 blk=49 sig=1223/14007 rvar=982/14007 qsp=53706/256 msd=537/255
SIGBREAD c8L 42 1 cli p0 blk=50 sig=4619/117057 rvar=3979/117057 qsp=27372/256 msd=31/255
SIGBREAD c8L 42 1 cli p1 blk=50 sig=1223/14007 rvar=982/14007 qsp=53706/256 msd=537/255
SIGBREAD c8L 42 1 cli p0 blk=51 sig=1007/118363 rvar=865/118363 qsp=11979/256 msd=11/255
SIGBREAD c8L 42 1 cli p1 blk=51 sig=1223/14007 rvar=982/14007 qsp=53706/256 msd=537/255
SIGBREAD c8L 42 1 cli p0 blk=52 sig=565/119767 rvar=402/119767 qsp=7845/256 msd=16/255
SIGBREAD c8L 42 1 cli p1 blk=52 sig=1223/14007 rvar=982/14007 qsp=53706/256 msd=537/255
SIGBREAD c8L 42 1 cli p0 blk=53 sig=148/120726 rvar=147/120726 qsp=4461/256 msd=27/255
SIGBREAD c8L 42 1 cli p1 blk=53 sig=1223/14007 rvar=982/14007 qsp=53706/256 msd=537/255
SIGBREAD c8L 42 1 cli p0 blk=54 sig=1324/121640 rvar=1274/121640 qsp=10336/256 msd=5/255
SIGBREAD c8L 42 1 cli p1 blk=54 sig=1223/14007 rvar=982/14007 qsp=53706/256 msd=537/255
SIGBREAD c8L 42 1 cli p0 blk=55 sig=3244/122531 rvar=2893/122531 qsp=16573/256 msd=13/255
SIGBREAD c8L 42 1 cli p1 blk=55 sig=1223/14007 rvar=982/14007 qsp=53706/256 msd=537/255
SIGBREAD c8L 42 1 cli p0 blk=56 sig=694/123917 rvar=486/123917 qsp=9073/256 msd=9/255
SIGBREAD c8L 42 1 cli p1 blk=56 sig=1223/14007 rvar=982/14007 qsp=53706/256 msd=537/255
SIGBREAD c8L 42 1 cli p0 blk=57 sig=1504/124906 rvar=1448/124906 qsp=24034/256 msd=22/255
SIGBREAD c8L 42 1 cli p1 blk=57 sig=1223/14007 rvar=982/14007 qsp=53706/256 msd=537/255
SIGBREAD c8L 42 1 cli p0 blk=58 sig=219/125593 rvar=219/125593 qsp=9271/256 msd=17/255
SIGBREAD c8L 42 1 cli p1 blk=58 sig=1223/14007 rvar=982/14007 qsp=53706/256 msd=537/255
SIGBREAD c8L 42 1 cli p0 blk=59 sig=1655/127149 rvar=1566/127149 qsp=9134/256 msd=9/255
SIGBREAD c8L 42 1 cli p1 blk=59 sig=1223/14007 rvar=982/14007 qsp=53706/256 msd=537/255
SIGBREAD c8L 42 1 cli p0 blk=60 sig=1318/128024 rvar=1272/128024 qsp=16582/256 msd=7/255
SIGBREAD c8L 42 1 cli p1 blk=60 sig=1223/14007 rvar=982/14007 qsp=53706/256 msd=537/255
SIGBREAD c8L 42 1 cli p0 blk=61 sig=1443/129196 rvar=1405/129196 qsp=15362/256 msd=5/255
SIGBREAD c8L 42 1 cli p1 blk=61 sig=1223/14007 rvar=982/14007 qsp=53706/256 msd=537/255
SIGBREAD c8L 42 1 cli p0 blk=62 sig=1964/130120 rvar=1905/130120 qsp=5770/256 msd=15/255
SIGBREAD c8L 42 1 cli p1 blk=62 sig=1223/14007 rvar=982/14007 qsp=53706/256 msd=537/255
SIGBREAD c8L 42 1 cli p0 blk=63 sig=442/131126 rvar=425/131126 qsp=7921/256 msd=6/255
SIGBREAD c8L 42 1 cli p1 blk=63 sig=1223/14007 rvar=982/14007 qsp=53706/256 msd=537/255
SIGBREAD c8L 42 1 cli p0 blk=64 sig=2019/132617 rvar=1883/132617 qsp=33513/256 msd=22/255
SIGBREAD c8L 42 1 cli p1 blk=64 sig=1223/14007 rvar=982/14007 qsp=53706/256 msd=537/255
SIGBREAD c8L 42 1 cli p0 blk=65 sig=1438/133257 rvar=1356/133257 qsp=7298/256 msd=20/255
SIGBREAD c8L 42 1 cli p1 blk=65 sig=1223/14007 rvar=982/14007 qsp=53706/256 msd=537/255
SIGBREAD c8L 42 1 cli p0 blk=66 sig=1725/133930 rvar=1644/133930 qsp=12728/256 msd=44/255
SIGBREAD c8L 42 1 cli p1 blk=66 sig=1223/14007 rvar=982/14007 qsp=53706/256 msd=537/255
SIGBREAD c8L 42 1 cli p0 blk=67 sig=1586/134504 rvar=1463/134504 qsp=26051/256 msd=42/255
SIGBREAD c8L 42 1 cli p1 blk=67 sig=1223/14007 rvar=982/14007 qsp=53706/256 msd=537/255
SIGBREAD c8L 42 1 cli p0 blk=68 sig=1426/135237 rvar=1185/135237 qsp=7936/256 msd=10/255
SIGBREAD c8L 42 1 cli p1 blk=68 sig=1223/14007 rvar=982/14007 qsp=53706/256 msd=537/255
SIGBREAD c8L 42 1 cli p0 blk=69 sig=380/135803 rvar=377/135803 qsp=12935/256 msd=36/255
SIGBREAD c8L 42 1 cli p1 blk=69 sig=1223/14007 rvar=982/14007 qsp=53706/256 msd=537/255
SIGBREAD c8L 42 1 cli p0 blk=70 sig=2468/136677 rvar=2349/136677 qsp=7772/256 msd=10/255
SIGBREAD c8L 42 1 cli p1 blk=70 sig=1223/14007 rvar=982/14007 qsp=53706/256 msd=537/255
SIGBREAD c8L 42 1 cli p0 blk=71 sig=1868/137533 rvar=1806/137533 qsp=20800/256 msd=10/255
SIGBREAD c8L 42 1 cli p1 blk=71 sig=1223/14007 rvar=982/14007 qsp=53706/256 msd=537/255
SIGBREAD c8L 42 1 cli p0 blk=72 sig=692/138801 rvar=616/138801 qsp=7567/256 msd=17/255
SIGBREAD c8L 42 1 cli p1 blk=72 sig=1223/14007 rvar=982/14007 qsp=53706/256 msd=537/255
SIGBREAD c8L 42 1 cli p0 blk=73 sig=172/140115 rvar=163/140115 qsp=8574/256 msd=20/255
SIGBREAD c8L 42 1 cli p1 blk=73 sig=1223/14007 rvar=982/14007 qsp=53706/256 msd=537/255
SIGBREAD c8L 42 1 cli p0 blk=74 sig=1580/140865 rvar=1477/140865 qsp=9373/256 msd=36/255
SIGBREAD c8L 42 1 cli p1 blk=74 sig=1223/14007 rvar=982/14007 qsp=53706/256 msd=537/255
SIGBREAD c8L 42 1 cli p0 blk=75 sig=792/141632 rvar=715/141632 qsp=3700/256 msd=17/255
SIGBREAD c8L 42 1 cli p1 blk=75 sig=1223/14007 rvar=982/14007 qsp=53706/256 msd=537/255
SIGBREAD c8L 42 1 cli p0 blk=76 sig=2364/142332 rvar=2170/142332 qsp=8597/256 msd=7/255
SIGBREAD c8L 42 1 cli p1 blk=76 sig=1223/14007 rvar=982/14007 qsp=53706/256 msd=537/255
SIGBREAD c8L 42 1 cli p0 blk=77 sig=2058/142773 rvar=1982/142773 qsp=12588/256 msd=16/255
SIGBREAD c8L 42 1 cli p1 blk=77 sig=1223/14007 rvar=982/14007 qsp=53706/256 msd=537/255
SIGBREAD c8L 42 1 cli p0 blk=78 sig=320/143970 rvar=318/143970 qsp=6801/256 msd=9/255
SIGBREAD c8L 42 1 cli p1 blk=78 sig=1223/14007 rvar=982/14007 qsp=53706/256 msd=537/255
SIGBREAD c8L 42 1 cli p0 blk=79 sig=1721/144711 rvar=1603/144711 qsp=14171/256 msd=13/255
SIGBREAD c8L 42 1 cli p1 blk=79 sig=1223/14007 rvar=982/14007 qsp=53706/256 msd=537/255
SIGBREAD c8L 42 1 cli p0 blk=80 sig=3248/145501 rvar=3143/145501 qsp=8222/256 msd=14/255
SIGBREAD c8L 42 1 cli p1 blk=80 sig=1223/14007 rvar=982/14007 qsp=53706/256 msd=537/255
SIGBREAD c8L 42 1 cli p0 blk=81 sig=52/145956 rvar=51/145956 qsp=2475/256 msd=11/255
SIGBREAD c8L 42 1 cli p1 blk=81 sig=1223/14007 rvar=982/14007 qsp=53706/256 msd=537/255
SIGBREAD c8L 42 1 cli p0 blk=82 sig=990/146137 rvar=954/146137 qsp=84049/256 msd=9/255
SIGBREAD c8L 42 1 cli p1 blk=82 sig=1223/14007 rvar=982/14007 qsp=53706/256 msd=537/255
SIGBREAD c8L 42 1 cli p0 blk=83 sig=23703/146506 rvar=19727/146506 qsp=73863/256 msd=10/255
SIGBREAD c8L 42 1 cli p1 blk=83 sig=1223/14007 rvar=982/14007 qsp=53706/256 msd=537/255
SIGBREAD c8L 42 1 cli p0 blk=84 sig=123/147083 rvar=122/147083 qsp=47270/256 msd=19/255
SIGBREAD c8L 42 1 cli p1 blk=84 sig=1223/14007 rvar=982/14007 qsp=53706/256 msd=537/255
SIGBREAD c8L 42 1 cli p0 blk=85 sig=121/147379 rvar=120/147379 qsp=49956/256 msd=13/255
SIGBREAD c8L 42 1 cli p1 blk=85 sig=1223/14007 rvar=982/14007 qsp=53706/256 msd=537/255
SIGBREAD c8L 42 1 cli p0 blk=86 sig=247/147718 rvar=221/147718 qsp=162668/256 msd=15/255
SIGBREAD c8L 42 1 cli p1 blk=86 sig=1223/14007 rvar=982/14007 qsp=53706/256 msd=537/255
SIGBREAD c8L 42 1 cli p0 blk=87 sig=139/148131 rvar=139/148131 qsp=87771/256 msd=19/255
SIGBREAD c8L 42 1 cli p1 blk=87 sig=1223/14007 rvar=982/14007 qsp=53706/256 msd=537/255
SIGBREAD c8L 42 1 cli p0 blk=88 sig=1917/148453 rvar=1346/148453 qsp=84465/256 msd=16/255
SIGBREAD c8L 42 1 cli p1 blk=88 sig=1223/14007 rvar=982/14007 qsp=53706/256 msd=537/255
SIGBREAD c8L 42 1 cli p0 blk=89 sig=709/149056 rvar=529/149056 qsp=122268/256 msd=12/255
SIGBREAD c8L 42 1 cli p1 blk=89 sig=1223/14007 rvar=982/14007 qsp=53706/256 msd=537/255
SIGBREAD c8L 42 1 cli p0 blk=90 sig=23140/149329 rvar=19320/149329 qsp=47106/256 msd=18/255
SIGBREAD c8L 42 1 cli p1 blk=90 sig=1223/14007 rvar=982/14007 qsp=53706/256 msd=537/255
SIGBREAD c8L 42 1 cli p0 blk=91 sig=240/149738 rvar=211/149738 qsp=67330/256 msd=14/255
SIGBREAD c8L 42 1 cli p1 blk=91 sig=1223/14007 rvar=982/14007 qsp=53706/256 msd=537/255
SIGBREAD c8L 42 1 cli p0 blk=92 sig=1043/150031 rvar=755/150031 qsp=25642/256 msd=14/255
SIGBREAD c8L 42 1 cli p1 blk=92 sig=1223/14007 rvar=982/14007 qsp=53706/256 msd=537/255
SIGBREAD c8L 42 1 cli p0 blk=93 sig=162/150594 rvar=162/150594 qsp=1524/256 msd=14/255
SIGBREAD c8L 42 1 cli p1 blk=93 sig=1223/14007 rvar=982/14007 qsp=53706/256 msd=537/255
SIGBREAD c8L 42 1 cli p0 blk=94 sig=253/151000 rvar=241/151000 qsp=14540/256 msd=17/255
SIGBREAD c8L 42 1 cli p1 blk=94 sig=1223/14007 rvar=982/14007 qsp=53706/256 msd=537/255
SIGBREAD c8L 42 1 cli p0 blk=95 sig=124/151431 rvar=123/151431 qsp=16699/256 msd=19/255
SIGBREAD c8L 42 1 cli p1 blk=95 sig=1223/14007 rvar=982/14007 qsp=53706/256 msd=537/255
SIGBREAD c8L 42 1 cli p0 blk=96 sig=658/151817 rvar=626/151817 qsp=86556/256 msd=17/255
SIGBREAD c8L 42 1 cli p1 blk=96 sig=1223/14007 rvar=982/14007 qsp=53706/256 msd=537/255
SIGBREAD c8L 42 1 cli p0 blk=97 sig=1478/153066 rvar=1020/153066 qsp=128005/256 msd=10/255
SIGBREAD c8L 42 1 cli p1 blk=97 sig=1223/14007 rvar=982/14007 qsp=53706/256 msd=537/255
SIGBREAD c8L 42 1 cli p0 blk=98 sig=5207/153860 rvar=3895/153860 qsp=20244/256 msd=7/255
SIGBREAD c8L 42 1 cli p1 blk=98 sig=1223/14007 rvar=982/14007 qsp=53706/256 msd=537/255
SIGBREAD c8L 42 1 cli p0 blk=99 sig=67/154958 rvar=67/154958 qsp=38581/256 msd=19/255
SIGBREAD c8L 42 1 cli p1 blk=99 sig=1223/14007 rvar=982/14007 qsp=53706/256 msd=537/255
SIGBREAD c8L 42 1 cli p0 blk=100 sig=229/155592 rvar=226/155592 qsp=195598/256 msd=7/255
SIGBREAD c8L 42 1 cli p1 blk=100 sig=1223/14007 rvar=982/14007 qsp=53706/256 msd=537/255
SIGBREAD c8L 42 1 cli p0 blk=101 sig=236/156493 rvar=160/156493 qsp=43675/256 msd=10/255
SIGBREAD c8L 42 1 cli p1 blk=101 sig=1223/14007 rvar=982/14007 qsp=53706/256 msd=537/255
SIGBREAD c8L 42 1 cli p0 blk=102 sig=67/156915 rvar=63/156915 qsp=111410/256 msd=11/255
SIGBREAD c8L 42 1 cli p1 blk=102 sig=1223/14007 rvar=982/14007 qsp=53706/256 msd=537/255
SIGBREAD c8L 42 1 cli p0 blk=103 sig=92/157446 rvar=90/157446 qsp=82429/256 msd=9/255
SIGBREAD c8L 42 1 cli p1 blk=103 sig=1223/14007 rvar=982/14007 qsp=53706/256 msd=537/255
SIGBREAD c8L 42 1 cli p0 blk=104 sig=94/158054 rvar=90/158054 qsp=3486/256 msd=14/255
SIGBREAD c8L 42 1 cli p1 blk=104 sig=1223/14007 rvar=982/14007 qsp=53706/256 msd=537/255
SIGBREAD c8L 42 1 cli p0 blk=105 sig=37/158550 rvar=36/158550 qsp=69396/256 msd=6/255
SIGBREAD c8L 42 1 cli p1 blk=105 sig=1223/14007 rvar=982/14007 qsp=53706/256 msd=537/255
SIGBREAD c8L 42 1 cli p0 blk=106 sig=72/158863 rvar=71/158863 qsp=216679/256 msd=9/255
SIGBREAD c8L 42 1 cli p1 blk=106 sig=1223/14007 rvar=982/14007 qsp=53706/256 msd=537/255
SIGBREAD c8L 42 1 cli p0 blk=107 sig=163/159206 rvar=161/159206 qsp=213739/256 msd=14/255
SIGBREAD c8L 42 1 cli p1 blk=107 sig=1223/14007 rvar=982/14007 qsp=53706/256 msd=537/255
SIGBREAD c8L 42 1 cli p0 blk=108 sig=3673/159723 rvar=3178/159723 qsp=78296/256 msd=5/255
SIGBREAD c8L 42 1 cli p1 blk=108 sig=1223/14007 rvar=982/14007 qsp=53706/256 msd=537/255
SIGBREAD c8L 42 1 cli p0 blk=109 sig=32/160445 rvar=31/160445 qsp=360/256 msd=3/255
SIGBREAD c8L 42 1 cli p1 blk=109 sig=1223/14007 rvar=982/14007 qsp=53706/256 msd=537/255
SIGBREAD c8L 42 1 cli p0 blk=110 sig=98/161156 rvar=92/161156 qsp=51894/256 msd=4/255
SIGBREAD c8L 42 1 cli p1 blk=110 sig=1223/14007 rvar=982/14007 qsp=53706/256 msd=537/255
SIGBREAD c8L 42 1 cli p0 blk=111 sig=78/161478 rvar=77/161478 qsp=330/256 msd=4/255
SIGBREAD c8L 42 1 cli p1 blk=111 sig=1223/14007 rvar=982/14007 qsp=53706/256 msd=537/255
SIGBREAD c8L 42 1 cli p0 blk=112 sig=69/161677 rvar=68/161677 qsp=170779/256 msd=11/255
SIGBREAD c8L 42 1 cli p1 blk=112 sig=1223/14007 rvar=982/14007 qsp=53706/256 msd=537/255
SIGBREAD c8L 42 1 cli p0 blk=113 sig=87/161858 rvar=86/161858 qsp=82572/256 msd=13/255
SIGBREAD c8L 42 1 cli p1 blk=113 sig=1223/14007 rvar=982/14007 qsp=53706/256 msd=537/255
SIGBREAD c8L 42 1 cli p0 blk=114 sig=98/162222 rvar=97/162222 qsp=239409/256 msd=8/255
SIGBREAD c8L 42 1 cli p1 blk=114 sig=1223/14007 rvar=982/14007 qsp=53706/256 msd=537/255
SIGBREAD c8L 42 1 cli p0 blk=115 sig=5325/162605 rvar=4468/162605 qsp=225104/256 msd=9/255
SIGBREAD c8L 42 1 cli p1 blk=115 sig=1223/14007 rvar=982/14007 qsp=53706/256 msd=537/255
SIGBREAD c8L 42 1 cli p0 blk=116 sig=6078/162691 rvar=4357/162691 qsp=180946/256 msd=15/255
SIGBREAD c8L 42 1 cli p1 blk=116 sig=1223/14007 rvar=982/14007 qsp=53706/256 msd=537/255
SIGBREAD c8L 42 1 cli p0 blk=117 sig=3913/162762 rvar=3211/162762 qsp=148014/256 msd=22/255
SIGBREAD c8L 42 1 cli p1 blk=117 sig=1223/14007 rvar=982/14007 qsp=53706/256 msd=537/255
SIGBREAD c8L 42 1 cli p0 blk=118 sig=2412/162852 rvar=1990/162852 qsp=133753/256 msd=25/255
SIGBREAD c8L 42 1 cli p1 blk=118 sig=1223/14007 rvar=982/14007 qsp=53706/256 msd=537/255
SIGBREAD c8L 42 1 cli p0 blk=119 sig=9123/162978 rvar=7744/162978 qsp=32442/256 msd=24/255
SIGBREAD c8L 42 1 cli p1 blk=119 sig=1223/14007 rvar=982/14007 qsp=53706/256 msd=537/255
SIGBREAD c8L 42 1 cli p0 blk=120 sig=1090/163094 rvar=546/163094 qsp=26428/256 msd=23/255
SIGBREAD c8L 42 1 cli p1 blk=120 sig=1223/14007 rvar=982/14007 qsp=53706/256 msd=537/255
SIGBREAD c8L 42 1 cli p0 blk=121 sig=645/163204 rvar=208/163204 qsp=20326/256 msd=23/255
SIGBREAD c8L 42 1 cli p1 blk=121 sig=1223/14007 rvar=982/14007 qsp=53706/256 msd=537/255
SIGBREAD c8L 42 1 cli p0 blk=122 sig=12163/163374 rvar=10903/163374 qsp=23934/256 msd=22/255
SIGBREAD c8L 42 1 cli p1 blk=122 sig=1223/14007 rvar=982/14007 qsp=53706/256 msd=537/255
SIGBREAD c8L 42 1 cli p0 blk=123 sig=421/163538 rvar=353/163538 qsp=29036/256 msd=23/255
SIGBREAD c8L 42 1 cli p1 blk=123 sig=1223/14007 rvar=982/14007 qsp=53706/256 msd=537/255
SIGBREAD c8L 42 1 cli p0 blk=124 sig=400/163628 rvar=151/163628 qsp=19497/256 msd=24/255
SIGBREAD c8L 42 1 cli p1 blk=124 sig=1223/14007 rvar=982/14007 qsp=53706/256 msd=537/255
SIGBREAD c8L 42 1 cli p0 blk=125 sig=4122/163709 rvar=3791/163709 qsp=8699/256 msd=23/255
SIGBREAD c8L 42 1 cli p1 blk=125 sig=1223/14007 rvar=982/14007 qsp=53706/256 msd=537/255
SIGBREAD c8L 42 1 srv p1 blk=1 sig=-/0 rvar=-/0 qsp=-/0 msd=-/0
SIGBREAD c8L 42 1 srv p0 blk=1 sig=27266/5 rvar=16902/5 qsp=40192/5 msd=40191/4
SIGBREAD c8L 42 1 srv p1 blk=2 sig=-/0 rvar=-/0 qsp=-/0 msd=-/0
SIGBREAD c8L 42 1 srv p0 blk=2 sig=24930/9 rvar=18770/9 qsp=40186/9 msd=5635/8
SIGBREAD c8L 42 1 srv p1 blk=3 sig=46423/3 rvar=23213/3 qsp=106101/3 msd=106101/2
SIGBREAD c8L 42 1 srv p0 blk=3 sig=33388/10 rvar=26812/10 qsp=11165/10 msd=5635/9
SIGBREAD c8L 42 1 srv p1 blk=4 sig=42538/4 rvar=24359/4 qsp=61080/4 msd=61080/3
SIGBREAD c8L 42 1 srv p0 blk=4 sig=43745/11 rvar=36522/11 qsp=30320/11 msd=24093/10
SIGBREAD c8L 42 1 srv p1 blk=5 sig=42538/4 rvar=24359/4 qsp=61080/4 msd=61080/3
SIGBREAD c8L 42 1 srv p0 blk=5 sig=67848/13 rvar=59738/13 qsp=99002/13 msd=24093/12
SIGBREAD c8L 42 1 srv p1 blk=6 sig=118729/6 rvar=89179/6 qsp=123458/6 msd=61080/5
SIGBREAD c8L 42 1 srv p0 blk=6 sig=68314/15 rvar=63684/15 qsp=88061/15 msd=5635/14
SIGBREAD c8L 42 1 srv p1 blk=7 sig=118729/6 rvar=89179/6 qsp=123458/6 msd=61080/5
SIGBREAD c8L 42 1 srv p0 blk=7 sig=55992/17 rvar=50727/17 qsp=87860/17 msd=5635/16
SIGBREAD c8L 42 1 srv p1 blk=8 sig=118729/6 rvar=89179/6 qsp=123458/6 msd=61080/5
SIGBREAD c8L 42 1 srv p0 blk=8 sig=55992/17 rvar=50727/17 qsp=87860/17 msd=5635/16
SIGBREAD c8L 42 1 srv p1 blk=9 sig=157125/8 rvar=135601/8 qsp=77793/8 msd=61080/7
SIGBREAD c8L 42 1 srv p0 blk=9 sig=52082/18 rvar=47549/18 qsp=68705/18 msd=5635/17
SIGBREAD c8L 42 1 srv p1 blk=10 sig=154727/10 rvar=133668/10 qsp=134341/10 msd=77783/9
SIGBREAD c8L 42 1 srv p0 blk=10 sig=52082/18 rvar=47549/18 qsp=68705/18 msd=5635/17
SIGBREAD c8L 42 1 srv p1 blk=11 sig=154727/10 rvar=133668/10 qsp=134341/10 msd=77783/9
SIGBREAD c8L 42 1 srv p0 blk=11 sig=52669/19 rvar=49260/19 qsp=68900/19 msd=11309/18
SIGBREAD c8L 42 1 srv p1 blk=12 sig=154727/10 rvar=133668/10 qsp=134341/10 msd=77783/9
SIGBREAD c8L 42 1 srv p0 blk=12 sig=52669/19 rvar=49260/19 qsp=68900/19 msd=11309/18
SIGBREAD c8L 42 1 srv p1 blk=13 sig=151240/14 rvar=143977/14 qsp=134341/14 msd=77783/13
SIGBREAD c8L 42 1 srv p0 blk=13 sig=52669/19 rvar=49260/19 qsp=68900/19 msd=11309/18
SIGBREAD c8L 42 1 srv p1 blk=14 sig=151240/14 rvar=143977/14 qsp=134341/14 msd=77783/13
SIGBREAD c8L 42 1 srv p0 blk=14 sig=52669/19 rvar=49260/19 qsp=68900/19 msd=11309/18
SIGBREAD c8L 42 1 srv p1 blk=15 sig=149781/16 rvar=145544/16 qsp=77793/16 msd=77783/15
SIGBREAD c8L 42 1 srv p0 blk=15 sig=52669/19 rvar=49260/19 qsp=68900/19 msd=11309/18
SIGBREAD c8L 42 1 srv p1 blk=16 sig=149781/16 rvar=145544/16 qsp=77793/16 msd=77783/15
SIGBREAD c8L 42 1 srv p0 blk=16 sig=91737/21 rvar=82353/21 qsp=57445/21 msd=11309/20
SIGBREAD c8L 42 1 srv p1 blk=17 sig=149781/16 rvar=145544/16 qsp=77793/16 msd=77783/15
SIGBREAD c8L 42 1 srv p0 blk=17 sig=91737/21 rvar=82353/21 qsp=57445/21 msd=11309/20
SIGBREAD c8L 42 1 srv p1 blk=18 sig=149781/16 rvar=145544/16 qsp=77793/16 msd=77783/15
SIGBREAD c8L 42 1 srv p0 blk=18 sig=91737/21 rvar=82353/21 qsp=57445/21 msd=11309/20
SIGBREAD c8L 42 1 srv p1 blk=19 sig=199883/18 rvar=190982/18 qsp=77784/18 msd=77783/17
SIGBREAD c8L 42 1 srv p0 blk=19 sig=91737/21 rvar=82353/21 qsp=57445/21 msd=11309/20
SIGBREAD c8L 42 1 srv p1 blk=20 sig=226898/20 rvar=219853/20 qsp=167928/20 msd=77783/19
SIGBREAD c8L 42 1 srv p0 blk=20 sig=86074/23 rvar=80457/23 qsp=113201/23 msd=11309/22
SIGBREAD c8L 42 1 srv p1 blk=21 sig=226898/20 rvar=219853/20 qsp=167928/20 msd=77783/19
SIGBREAD c8L 42 1 srv p0 blk=21 sig=86074/23 rvar=80457/23 qsp=113201/23 msd=11309/22
SIGBREAD c8L 42 1 srv p1 blk=22 sig=226898/20 rvar=219853/20 qsp=167928/20 msd=77783/19
SIGBREAD c8L 42 1 srv p0 blk=22 sig=81566/24 rvar=76899/24 qsp=113201/24 msd=11309/23
SIGBREAD c8L 42 1 srv p1 blk=23 sig=196782/21 rvar=170159/21 qsp=167928/21 msd=80403/20
SIGBREAD c8L 42 1 srv p0 blk=23 sig=81566/24 rvar=76899/24 qsp=113201/24 msd=11309/23
SIGBREAD c8L 42 1 srv p1 blk=24 sig=196782/21 rvar=170159/21 qsp=167928/21 msd=80403/20
SIGBREAD c8L 42 1 srv p0 blk=24 sig=61457/26 rvar=47143/26 qsp=113124/26 msd=11309/25
SIGBREAD c8L 42 1 srv p1 blk=25 sig=196782/21 rvar=170159/21 qsp=167928/21 msd=80403/20
SIGBREAD c8L 42 1 srv p0 blk=25 sig=61457/26 rvar=47143/26 qsp=113124/26 msd=11309/25
SIGBREAD c8L 42 1 srv p1 blk=26 sig=196782/21 rvar=170159/21 qsp=167928/21 msd=80403/20
SIGBREAD c8L 42 1 srv p0 blk=26 sig=61457/26 rvar=47143/26 qsp=113124/26 msd=11309/25
SIGBREAD c8L 42 1 srv p1 blk=27 sig=187799/23 rvar=172359/23 qsp=225628/23 msd=80403/22
SIGBREAD c8L 42 1 srv p0 blk=27 sig=61457/26 rvar=47143/26 qsp=113124/26 msd=11309/25
SIGBREAD c8L 42 1 srv p1 blk=28 sig=187799/23 rvar=172359/23 qsp=225628/23 msd=80403/22
SIGBREAD c8L 42 1 srv p0 blk=28 sig=89915/28 rvar=77479/28 qsp=123474/28 msd=21670/27
SIGBREAD c8L 42 1 srv p1 blk=29 sig=187799/23 rvar=172359/23 qsp=225628/23 msd=80403/22
SIGBREAD c8L 42 1 srv p0 blk=29 sig=89915/28 rvar=77479/28 qsp=123474/28 msd=21670/27
SIGBREAD c8L 42 1 srv p1 blk=30 sig=187799/23 rvar=172359/23 qsp=225628/23 msd=80403/22
SIGBREAD c8L 42 1 srv p0 blk=30 sig=93857/30 rvar=86665/30 qsp=131710/30 msd=11309/29
SIGBREAD c8L 42 1 srv p1 blk=31 sig=187799/23 rvar=172359/23 qsp=225628/23 msd=80403/22
SIGBREAD c8L 42 1 srv p0 blk=31 sig=93857/30 rvar=86665/30 qsp=131710/30 msd=11309/29
SIGBREAD c8L 42 1 srv p1 blk=32 sig=187799/23 rvar=172359/23 qsp=225628/23 msd=80403/22
SIGBREAD c8L 42 1 srv p0 blk=32 sig=87837/32 rvar=83423/32 qsp=162550/32 msd=5635/31
SIGBREAD c8L 42 1 srv p1 blk=33 sig=187799/23 rvar=172359/23 qsp=225628/23 msd=80403/22
SIGBREAD c8L 42 1 srv p0 blk=33 sig=87837/32 rvar=83423/32 qsp=162550/32 msd=5635/31
SIGBREAD c8L 42 1 srv p1 blk=34 sig=187799/23 rvar=172359/23 qsp=225628/23 msd=80403/22
SIGBREAD c8L 42 1 srv p0 blk=34 sig=70028/34 rvar=62600/34 qsp=159135/34 msd=5635/33
SIGBREAD c8L 42 1 srv p1 blk=35 sig=187799/23 rvar=172359/23 qsp=225628/23 msd=80403/22
SIGBREAD c8L 42 1 srv p0 blk=35 sig=70028/34 rvar=62600/34 qsp=159135/34 msd=5635/33
SIGBREAD c8L 42 1 srv p1 blk=36 sig=187799/23 rvar=172359/23 qsp=225628/23 msd=80403/22
SIGBREAD c8L 42 1 srv p0 blk=36 sig=71698/36 rvar=67424/36 qsp=163867/36 msd=5635/35
SIGBREAD c8L 42 1 srv p1 blk=37 sig=187799/23 rvar=172359/23 qsp=225628/23 msd=80403/22
SIGBREAD c8L 42 1 srv p0 blk=37 sig=71698/36 rvar=67424/36 qsp=163867/36 msd=5635/35
SIGBREAD c8L 42 1 srv p1 blk=38 sig=187799/23 rvar=172359/23 qsp=225628/23 msd=80403/22
SIGBREAD c8L 42 1 srv p0 blk=38 sig=53917/38 rvar=40528/38 qsp=160637/38 msd=5635/37
SIGBREAD c8L 42 1 srv p1 blk=39 sig=187799/23 rvar=172359/23 qsp=225628/23 msd=80403/22
SIGBREAD c8L 42 1 srv p0 blk=39 sig=53917/38 rvar=40528/38 qsp=160637/38 msd=5635/37
SIGBREAD c8L 42 1 srv p1 blk=40 sig=187799/23 rvar=172359/23 qsp=225628/23 msd=80403/22
SIGBREAD c8L 42 1 srv p0 blk=40 sig=41174/40 rvar=27911/40 qsp=160625/40 msd=5635/39
SIGBREAD c8L 42 1 srv p1 blk=41 sig=187799/23 rvar=172359/23 qsp=225628/23 msd=80403/22
SIGBREAD c8L 42 1 srv p0 blk=41 sig=152555/42 rvar=114246/42 qsp=160637/42 msd=5635/41
SIGBREAD c8L 42 1 srv p1 blk=42 sig=187799/23 rvar=172359/23 qsp=225628/23 msd=80403/22
SIGBREAD c8L 42 1 srv p0 blk=42 sig=152555/42 rvar=114246/42 qsp=160637/42 msd=5635/41
SIGBREAD c8L 42 1 srv p1 blk=43 sig=187799/23 rvar=172359/23 qsp=225628/23 msd=80403/22
SIGBREAD c8L 42 1 srv p0 blk=43 sig=124360/44 rvar=96421/44 qsp=160832/44 msd=5635/43
SIGBREAD c8L 42 1 srv p1 blk=44 sig=187799/23 rvar=172359/23 qsp=225628/23 msd=80403/22
SIGBREAD c8L 42 1 srv p0 blk=44 sig=124360/44 rvar=96421/44 qsp=160832/44 msd=5635/43
SIGBREAD c8L 42 1 srv p1 blk=45 sig=187799/23 rvar=172359/23 qsp=225628/23 msd=80403/22
SIGBREAD c8L 42 1 srv p0 blk=45 sig=127613/46 rvar=111718/46 qsp=160836/46 msd=5635/45
SIGBREAD c8L 42 1 srv p1 blk=46 sig=187799/23 rvar=172359/23 qsp=225628/23 msd=80403/22
SIGBREAD c8L 42 1 srv p0 blk=46 sig=127613/46 rvar=111718/46 qsp=160836/46 msd=5635/45
SIGBREAD c8L 42 1 srv p1 blk=47 sig=187799/23 rvar=172359/23 qsp=225628/23 msd=80403/22
SIGBREAD c8L 42 1 srv p0 blk=47 sig=104208/48 rvar=90045/48 qsp=162550/48 msd=5635/47
SIGBREAD c8L 42 1 srv p1 blk=48 sig=187799/23 rvar=172359/23 qsp=225628/23 msd=80403/22
SIGBREAD c8L 42 1 srv p0 blk=48 sig=104208/48 rvar=90045/48 qsp=162550/48 msd=5635/47
SIGBREAD c8L 42 1 srv p1 blk=49 sig=187799/23 rvar=172359/23 qsp=225628/23 msd=80403/22
SIGBREAD c8L 42 1 srv p0 blk=49 sig=105839/50 rvar=97752/50 qsp=162558/50 msd=5635/49
SIGBREAD c8L 42 1 srv p1 blk=50 sig=187799/23 rvar=172359/23 qsp=225628/23 msd=80403/22
SIGBREAD c8L 42 1 srv p0 blk=50 sig=105839/50 rvar=97752/50 qsp=162558/50 msd=5635/49
SIGBREAD c8L 42 1 srv p1 blk=51 sig=187799/23 rvar=172359/23 qsp=225628/23 msd=80403/22
SIGBREAD c8L 42 1 srv p0 blk=51 sig=91428/52 rvar=84926/52 qsp=170448/52 msd=5635/51
SIGBREAD c8L 42 1 srv p1 blk=52 sig=187799/23 rvar=172359/23 qsp=225628/23 msd=80403/22
SIGBREAD c8L 42 1 srv p0 blk=52 sig=91428/52 rvar=84926/52 qsp=170448/52 msd=5635/51
SIGBREAD c8L 42 1 srv p1 blk=53 sig=187799/23 rvar=172359/23 qsp=225628/23 msd=80403/22
SIGBREAD c8L 42 1 srv p0 blk=53 sig=82564/54 rvar=78120/54 qsp=181757/54 msd=5635/53
SIGBREAD c8L 42 1 srv p1 blk=54 sig=187799/23 rvar=172359/23 qsp=225628/23 msd=80403/22
SIGBREAD c8L 42 1 srv p0 blk=54 sig=82564/54 rvar=78120/54 qsp=181757/54 msd=5635/53
SIGBREAD c8L 42 1 srv p1 blk=55 sig=187799/23 rvar=172359/23 qsp=225628/23 msd=80403/22
SIGBREAD c8L 42 1 srv p0 blk=55 sig=62293/56 rvar=48421/56 qsp=181834/56 msd=5635/55
SIGBREAD c8L 42 1 srv p1 blk=56 sig=187799/23 rvar=172359/23 qsp=225628/23 msd=80403/22
SIGBREAD c8L 42 1 srv p0 blk=56 sig=62293/56 rvar=48421/56 qsp=181834/56 msd=5635/55
SIGBREAD c8L 42 1 srv p1 blk=57 sig=187799/23 rvar=172359/23 qsp=225628/23 msd=80403/22
SIGBREAD c8L 42 1 srv p0 blk=57 sig=58421/58 rvar=50385/58 qsp=188757/58 msd=5635/57
SIGBREAD c8L 42 1 srv p1 blk=58 sig=187799/23 rvar=172359/23 qsp=225628/23 msd=80403/22
SIGBREAD c8L 42 1 srv p0 blk=58 sig=58421/58 rvar=50385/58 qsp=188757/58 msd=5635/57
SIGBREAD c8L 42 1 srv p1 blk=59 sig=187799/23 rvar=172359/23 qsp=225628/23 msd=80403/22
SIGBREAD c8L 42 1 srv p0 blk=59 sig=51241/60 rvar=45875/60 qsp=188816/60 msd=4736/59
SIGBREAD c8L 42 1 srv p1 blk=60 sig=187799/23 rvar=172359/23 qsp=225628/23 msd=80403/22
SIGBREAD c8L 42 1 srv p0 blk=60 sig=51241/60 rvar=45875/60 qsp=188816/60 msd=4736/59
SIGBREAD c8L 42 1 srv p1 blk=61 sig=187799/23 rvar=172359/23 qsp=225628/23 msd=80403/22
SIGBREAD c8L 42 1 srv p0 blk=61 sig=40416/62 rvar=34062/62 qsp=203733/62 msd=4736/61
SIGBREAD c8L 42 1 srv p1 blk=62 sig=187799/23 rvar=172359/23 qsp=225628/23 msd=80403/22
SIGBREAD c8L 42 1 srv p0 blk=62 sig=40416/62 rvar=34062/62 qsp=203733/62 msd=4736/61
SIGBREAD c8L 42 1 srv p1 blk=63 sig=187799/23 rvar=172359/23 qsp=225628/23 msd=80403/22
SIGBREAD c8L 42 1 srv p0 blk=63 sig=34388/64 rvar=29877/64 qsp=217834/64 msd=4736/63
SIGBREAD c8L 42 1 srv p1 blk=64 sig=187799/23 rvar=172359/23 qsp=225628/23 msd=80403/22
SIGBREAD c8L 42 1 srv p0 blk=64 sig=34388/64 rvar=29877/64 qsp=217834/64 msd=4736/63
SIGBREAD c8L 42 1 srv p1 blk=65 sig=187799/23 rvar=172359/23 qsp=225628/23 msd=80403/22
SIGBREAD c8L 42 1 srv p0 blk=65 sig=34388/64 rvar=29877/64 qsp=217834/64 msd=4736/63
SIGBREAD c8L 42 1 srv p1 blk=66 sig=187799/23 rvar=172359/23 qsp=225628/23 msd=80403/22
SIGBREAD c8L 42 1 srv p0 blk=66 sig=34388/64 rvar=29877/64 qsp=217834/64 msd=4736/63
SIGBREAD c8L 42 1 srv p1 blk=67 sig=187799/23 rvar=172359/23 qsp=225628/23 msd=80403/22
SIGBREAD c8L 42 1 srv p0 blk=67 sig=28209/66 rvar=24348/66 qsp=227826/66 msd=3670/65
SIGBREAD c8L 42 1 srv p1 blk=68 sig=187799/23 rvar=172359/23 qsp=225628/23 msd=80403/22
SIGBREAD c8L 42 1 srv p0 blk=68 sig=28209/66 rvar=24348/66 qsp=227826/66 msd=3670/65
SIGBREAD c8L 42 1 srv p1 blk=69 sig=187799/23 rvar=172359/23 qsp=225628/23 msd=80403/22
SIGBREAD c8L 42 1 srv p0 blk=69 sig=28209/66 rvar=24348/66 qsp=227826/66 msd=3670/65
SIGBREAD c8L 42 1 srv p1 blk=70 sig=187799/23 rvar=172359/23 qsp=225628/23 msd=80403/22
SIGBREAD c8L 42 1 srv p0 blk=70 sig=28209/66 rvar=24348/66 qsp=227826/66 msd=3670/65
SIGBREAD c8L 42 1 srv p1 blk=71 sig=187799/23 rvar=172359/23 qsp=225628/23 msd=80403/22
SIGBREAD c8L 42 1 srv p0 blk=71 sig=23650/68 rvar=20671/68 qsp=211697/68 msd=3670/67
SIGBREAD c8L 42 1 srv p1 blk=72 sig=187799/23 rvar=172359/23 qsp=225628/23 msd=80403/22
SIGBREAD c8L 42 1 srv p0 blk=72 sig=23650/68 rvar=20671/68 qsp=211697/68 msd=3670/67
SIGBREAD c8L 42 1 srv p1 blk=73 sig=187799/23 rvar=172359/23 qsp=225628/23 msd=80403/22
SIGBREAD c8L 42 1 srv p0 blk=73 sig=18215/70 rvar=14362/70 qsp=211704/70 msd=3670/69
SIGBREAD c8L 42 1 srv p1 blk=74 sig=187799/23 rvar=172359/23 qsp=225628/23 msd=80403/22
SIGBREAD c8L 42 1 srv p0 blk=74 sig=18215/70 rvar=14362/70 qsp=211704/70 msd=3670/69
SIGBREAD c8L 42 1 srv p1 blk=75 sig=187799/23 rvar=172359/23 qsp=225628/23 msd=80403/22
SIGBREAD c8L 42 1 srv p0 blk=75 sig=18215/70 rvar=14362/70 qsp=211704/70 msd=3670/69
SIGBREAD c8L 42 1 srv p1 blk=76 sig=187799/23 rvar=172359/23 qsp=225628/23 msd=80403/22
SIGBREAD c8L 42 1 srv p0 blk=76 sig=108597/72 rvar=79181/72 qsp=211697/72 msd=3670/71
SIGBREAD c8L 42 1 srv p1 blk=77 sig=187799/23 rvar=172359/23 qsp=225628/23 msd=80403/22
SIGBREAD c8L 42 1 srv p0 blk=77 sig=108597/72 rvar=79181/72 qsp=211697/72 msd=3670/71
SIGBREAD c8L 42 1 srv p1 blk=78 sig=187799/23 rvar=172359/23 qsp=225628/23 msd=80403/22
SIGBREAD c8L 42 1 srv p0 blk=78 sig=108597/72 rvar=79181/72 qsp=211697/72 msd=3670/71
SIGBREAD c8L 42 1 srv p1 blk=79 sig=187799/23 rvar=172359/23 qsp=225628/23 msd=80403/22
SIGBREAD c8L 42 1 srv p0 blk=79 sig=258768/74 rvar=206639/74 qsp=227836/74 msd=3670/73
SIGBREAD c8L 42 1 srv p1 blk=80 sig=187799/23 rvar=172359/23 qsp=225628/23 msd=80403/22
SIGBREAD c8L 42 1 srv p0 blk=80 sig=258768/74 rvar=206639/74 qsp=227836/74 msd=3670/73
SIGBREAD c8L 42 1 srv p1 blk=81 sig=187799/23 rvar=172359/23 qsp=225628/23 msd=80403/22
SIGBREAD c8L 42 1 srv p0 blk=81 sig=360360/76 rvar=316626/76 qsp=222580/76 msd=3670/75
SIGBREAD c8L 42 1 srv p1 blk=82 sig=187799/23 rvar=172359/23 qsp=225628/23 msd=80403/22
SIGBREAD c8L 42 1 srv p0 blk=82 sig=360360/76 rvar=316626/76 qsp=222580/76 msd=3670/75
SIGBREAD c8L 42 1 srv p1 blk=83 sig=187799/23 rvar=172359/23 qsp=225628/23 msd=80403/22
SIGBREAD c8L 42 1 srv p0 blk=83 sig=326557/78 rvar=299066/78 qsp=208494/78 msd=3670/77
SIGBREAD c8L 42 1 srv p1 blk=84 sig=187799/23 rvar=172359/23 qsp=225628/23 msd=80403/22
SIGBREAD c8L 42 1 srv p0 blk=84 sig=326557/78 rvar=299066/78 qsp=208494/78 msd=3670/77
SIGBREAD c8L 42 1 srv p1 blk=85 sig=187799/23 rvar=172359/23 qsp=225628/23 msd=80403/22
SIGBREAD c8L 42 1 srv p0 blk=85 sig=285412/80 rvar=264940/80 qsp=219847/80 msd=3670/79
SIGBREAD c8L 42 1 srv p1 blk=86 sig=187799/23 rvar=172359/23 qsp=225628/23 msd=80403/22
SIGBREAD c8L 42 1 srv p0 blk=86 sig=285412/80 rvar=264940/80 qsp=219847/80 msd=3670/79
SIGBREAD c8L 42 1 srv p1 blk=87 sig=187799/23 rvar=172359/23 qsp=225628/23 msd=80403/22
SIGBREAD c8L 42 1 srv p0 blk=87 sig=262845/82 rvar=249697/82 qsp=404634/82 msd=3670/81
SIGBREAD c8L 42 1 srv p1 blk=88 sig=187799/23 rvar=172359/23 qsp=225628/23 msd=80403/22
SIGBREAD c8L 42 1 srv p0 blk=88 sig=262845/82 rvar=249697/82 qsp=404634/82 msd=3670/81
SIGBREAD c8L 42 1 srv p1 blk=89 sig=187799/23 rvar=172359/23 qsp=225628/23 msd=80403/22
SIGBREAD c8L 42 1 srv p0 blk=89 sig=209308/84 rvar=186880/84 qsp=520984/84 msd=3670/83
SIGBREAD c8L 42 1 srv p1 blk=90 sig=187799/23 rvar=172359/23 qsp=225628/23 msd=80403/22
SIGBREAD c8L 42 1 srv p0 blk=90 sig=209308/84 rvar=186880/84 qsp=520984/84 msd=3670/83
SIGBREAD c8L 42 1 srv p1 blk=91 sig=187799/23 rvar=172359/23 qsp=225628/23 msd=80403/22
SIGBREAD c8L 42 1 srv p0 blk=91 sig=158941/86 rvar=121546/86 qsp=520907/86 msd=3670/85
SIGBREAD c8L 42 1 srv p1 blk=92 sig=187799/23 rvar=172359/23 qsp=225628/23 msd=80403/22
SIGBREAD c8L 42 1 srv p0 blk=92 sig=173539/88 rvar=151604/88 qsp=509595/88 msd=3670/87
SIGBREAD c8L 42 1 srv p1 blk=93 sig=187799/23 rvar=172359/23 qsp=225628/23 msd=80403/22
SIGBREAD c8L 42 1 srv p0 blk=93 sig=269220/90 rvar=240812/90 qsp=520904/90 msd=3670/89
SIGBREAD c8L 42 1 srv p1 blk=94 sig=187799/23 rvar=172359/23 qsp=225628/23 msd=80403/22
SIGBREAD c8L 42 1 srv p0 blk=94 sig=269220/90 rvar=240812/90 qsp=520904/90 msd=3670/89
SIGBREAD c8L 42 1 srv p1 blk=95 sig=187799/23 rvar=172359/23 qsp=225628/23 msd=80403/22
SIGBREAD c8L 42 1 srv p0 blk=95 sig=269220/90 rvar=240812/90 qsp=520904/90 msd=3670/89
SIGBREAD c8L 42 1 srv p1 blk=96 sig=187799/23 rvar=172359/23 qsp=225628/23 msd=80403/22
SIGBREAD c8L 42 1 srv p0 blk=96 sig=218080/92 rvar=189837/92 qsp=509595/92 msd=3670/91
SIGBREAD c8L 42 1 srv p1 blk=97 sig=187799/23 rvar=172359/23 qsp=225628/23 msd=80403/22
SIGBREAD c8L 42 1 srv p0 blk=97 sig=218080/92 rvar=189837/92 qsp=509595/92 msd=3670/91
SIGBREAD c8L 42 1 srv p1 blk=98 sig=187799/23 rvar=172359/23 qsp=225628/23 msd=80403/22
SIGBREAD c8L 42 1 srv p0 blk=98 sig=193114/94 rvar=174542/94 qsp=501705/94 msd=3670/93
SIGBREAD c8L 42 1 srv p1 blk=99 sig=187799/23 rvar=172359/23 qsp=225628/23 msd=80403/22
SIGBREAD c8L 42 1 srv p0 blk=99 sig=193114/94 rvar=174542/94 qsp=501705/94 msd=3670/93
SIGBREAD c8L 42 1 srv p1 blk=100 sig=187799/23 rvar=172359/23 qsp=225628/23 msd=80403/22
SIGBREAD c8L 42 1 srv p0 blk=100 sig=193114/94 rvar=174542/94 qsp=501705/94 msd=3670/93
SIGBREAD c8L 42 1 srv p1 blk=101 sig=187799/23 rvar=172359/23 qsp=225628/23 msd=80403/22
SIGBREAD c8L 42 1 srv p0 blk=101 sig=193114/94 rvar=174542/94 qsp=501705/94 msd=3670/93
SIGBREAD c8L 42 1 srv p1 blk=102 sig=187799/23 rvar=172359/23 qsp=225628/23 msd=80403/22
SIGBREAD c8L 42 1 srv p0 blk=102 sig=193114/94 rvar=174542/94 qsp=501705/94 msd=3670/93
SIGBREAD c8L 42 1 srv p1 blk=103 sig=187799/23 rvar=172359/23 qsp=225628/23 msd=80403/22
SIGBREAD c8L 42 1 srv p0 blk=103 sig=154727/96 rvar=134123/96 qsp=501697/96 msd=3670/95
SIGBREAD c8L 42 1 srv p1 blk=104 sig=187799/23 rvar=172359/23 qsp=225628/23 msd=80403/22
SIGBREAD c8L 42 1 srv p0 blk=104 sig=137830/98 rvar=124524/98 qsp=375002/98 msd=3670/97
SIGBREAD c8L 42 1 srv p1 blk=105 sig=187799/23 rvar=172359/23 qsp=225628/23 msd=80403/22
SIGBREAD c8L 42 1 srv p0 blk=105 sig=137830/98 rvar=124524/98 qsp=375002/98 msd=3670/97
SIGBREAD c8L 42 1 srv p1 blk=106 sig=187799/23 rvar=172359/23 qsp=225628/23 msd=80403/22
SIGBREAD c8L 42 1 srv p0 blk=106 sig=128432/100 rvar=120345/100 qsp=375488/100 msd=3670/99
SIGBREAD c8L 42 1 srv p1 blk=107 sig=187799/23 rvar=172359/23 qsp=225628/23 msd=80403/22
SIGBREAD c8L 42 1 srv p0 blk=107 sig=128432/100 rvar=120345/100 qsp=375488/100 msd=3670/99
SIGBREAD c8L 42 1 srv p1 blk=108 sig=187799/23 rvar=172359/23 qsp=225628/23 msd=80403/22
SIGBREAD c8L 42 1 srv p0 blk=108 sig=124064/102 rvar=119299/102 qsp=375495/102 msd=3670/101
SIGBREAD c8L 42 1 srv p1 blk=109 sig=187799/23 rvar=172359/23 qsp=225628/23 msd=80403/22
SIGBREAD c8L 42 1 srv p0 blk=109 sig=124064/102 rvar=119299/102 qsp=375495/102 msd=3670/101
SIGBREAD c8L 42 1 srv p1 blk=110 sig=187799/23 rvar=172359/23 qsp=225628/23 msd=80403/22
SIGBREAD c8L 42 1 srv p0 blk=110 sig=106367/104 rvar=101118/104 qsp=378417/104 msd=3670/103
SIGBREAD c8L 42 1 srv p1 blk=111 sig=187799/23 rvar=172359/23 qsp=225628/23 msd=80403/22
SIGBREAD c8L 42 1 srv p0 blk=111 sig=106807/106 rvar=103750/106 qsp=378425/106 msd=3670/105
SIGBREAD c8L 42 1 srv p1 blk=112 sig=187799/23 rvar=172359/23 qsp=225628/23 msd=80403/22
SIGBREAD c8L 42 1 srv p0 blk=112 sig=106807/106 rvar=103750/106 qsp=378425/106 msd=3670/105
SIGBREAD c8L 42 1 srv p1 blk=113 sig=187799/23 rvar=172359/23 qsp=225628/23 msd=80403/22
SIGBREAD c8L 42 1 srv p0 blk=113 sig=120078/108 rvar=117396/108 qsp=386314/108 msd=3670/107
SIGBREAD c8L 42 1 srv p1 blk=114 sig=187799/23 rvar=172359/23 qsp=225628/23 msd=80403/22
SIGBREAD c8L 42 1 srv p0 blk=114 sig=120078/108 rvar=117396/108 qsp=386314/108 msd=3670/107
SIGBREAD c8L 42 1 srv p1 blk=115 sig=187799/23 rvar=172359/23 qsp=225628/23 msd=80403/22
SIGBREAD c8L 42 1 srv p0 blk=115 sig=101011/110 rvar=96227/110 qsp=396852/110 msd=3670/109
SIGBREAD c8L 42 1 srv p1 blk=116 sig=187799/23 rvar=172359/23 qsp=225628/23 msd=80403/22
SIGBREAD c8L 42 1 srv p0 blk=116 sig=101011/110 rvar=96227/110 qsp=396852/110 msd=3670/109
SIGBREAD c8L 42 1 srv p1 blk=117 sig=187799/23 rvar=172359/23 qsp=225628/23 msd=80403/22
SIGBREAD c8L 42 1 srv p0 blk=117 sig=96105/112 rvar=93154/112 qsp=396859/112 msd=3670/111
SIGBREAD c8L 42 1 srv p1 blk=118 sig=187799/23 rvar=172359/23 qsp=225628/23 msd=80403/22
SIGBREAD c8L 42 1 srv p0 blk=118 sig=96105/112 rvar=93154/112 qsp=396859/112 msd=3670/111
SIGBMETA c8L 42 1 {"seconds": 35.855727, "mbps": 44.623, "diag_blocks_cli": 125, "diag_blocks_srv": 118, "reads_cli": 248, "reads_srv": 236, "tc_bytes": 231273182, "tc_pkts": 187404, "tc_drop": 1227, "tc_s": 38}
SIGBPROBE c8L 42 1 {"leg": 0, "file": "/tmp/rwm-ping-0.txt", "n": 702, "sent": 711, "recv": 702, "sent_source": "summary", "summary_tx": 711, "summary_rx": 702, "recv_mismatch": false, "censor_frac": 0.0127, "censor_pct": 1.27, "contract_bar": 0.2, "leg_unscoreable": false, "min": 4.5, "max": 116.0, "p50": 14.1, "p50_censored": false, "p50_scoreable": true, "p95": 102.0, "p95_censored": false, "p95_scoreable": true, "p99": 115.0, "p99_censored": true, "p99_scoreable": false, "n_samples": 702, "spacing_ms": 50.0, "spacing_obs_ms": 50.0, "seq_span": 710, "qsp": 74900.0, "msd": 4600.0, "sd": 33895.161, "msd_adj": 4600.0, "msd_pairs": 701, "msd_adj_pairs": 693, "adj_frac": 0.9886, "sd_mad": 29481.048, "qsp_structural_dead": false, "qsp_structural_bar": 0.1}
SIGBPROBE c8L 42 1 {"leg": 1, "file": "/tmp/rwm-ping-1.txt", "n": 685, "sent": 714, "recv": 685, "sent_source": "summary", "summary_tx": 714, "summary_rx": 685, "recv_mismatch": false, "censor_frac": 0.0406, "censor_pct": 4.06, "contract_bar": 0.2, "leg_unscoreable": false, "min": 30.3, "max": 871.0, "p50": 41.8, "p50_censored": false, "p50_scoreable": true, "p95": 510.0, "p95_censored": false, "p95_scoreable": true, "p99": 793.0, "p99_censored": true, "p99_scoreable": false, "n_samples": 685, "spacing_ms": 50.0, "spacing_obs_ms": 50.0, "seq_span": 712, "qsp": 320200.0, "msd": 5400.0, "sd": 163832.932, "msd_adj": 5400.0, "msd_pairs": 684, "msd_adj_pairs": 668, "adj_frac": 0.9766, "sd_mad": 106279.346, "qsp_structural_dead": false, "qsp_structural_bar": 0.1}
SIGBWITNESS {"cell": "c8L", "seed": 42, "rep": 1, "mbps": 44.623, "seconds": 35.855727, "W1_rfa_gen": 0, "W2_pfrac_lines": 0, "W4_retx_max": 12128, "W5_rack_fa": "1337/12233", "W7_group_misses_cli": 0, "W7_group_misses_srv": 0, "diag_blocks_cli": 125, "diag_blocks_srv": 118, "gen_plateau": false, "plateau_band": [26.8, 34.1]}
W7TOKEN c8L rep=1 sig_us cli=248 srv=236
W7TOKEN c8L rep=1 rvar_us cli=248 srv=236
W7TOKEN c8L rep=1 qsp_us cli=248 srv=236
W7TOKEN c8L rep=1 msd_us cli=248 srv=236
RACKLINE c8L rep=1 site=cli [RACK] on=0 evals=0 ceil=0.0000 gran=0.0000 legacy_pin=0.0000 round=0.0 legacy=0.0 mult=1 fa=70/70 fa_frac=1.0000 fa_class=0.0625
RACKLINE c8L rep=1 site=cli [RACK] on=0 evals=0 ceil=0.0000 gran=0.0000 legacy_pin=0.0000 round=0.0 legacy=0.0 mult=1 fa=1337/12233 fa_frac=0.1093 fa_class=0.0625
RFALINE c8L rep=1 site=cli [RFA] gen=0 fires=8 false=8 false_frac=1.0000 fill_coded=0 fill_src=0 dup_src=8 preempt_src=0 src_n=9 rep_n=7 nu_recv=0.88889 fa_class=0.0625
RFALINE c8L rep=1 site=cli [RFA] gen=0 fires=12 false=12 false_frac=1.0000 fill_coded=0 fill_src=0 dup_src=12 preempt_src=0 src_n=13 rep_n=11 nu_recv=0.92308 fa_class=0.0625
RFALINE c8L rep=1 site=cli [RFA] gen=0 fires=15 false=15 false_frac=1.0000 fill_coded=0 fill_src=0 dup_src=15 preempt_src=0 src_n=16 rep_n=14 nu_recv=0.93750 fa_class=0.0625
RFALINE c8L rep=1 site=cli [RFA] gen=0 fires=18 false=18 false_frac=1.0000 fill_coded=0 fill_src=0 dup_src=18 preempt_src=0 src_n=19 rep_n=17 nu_recv=0.94737 fa_class=0.0625
RFALINE c8L rep=1 site=cli [RFA] gen=0 fires=21 false=21 false_frac=1.0000 fill_coded=0 fill_src=0 dup_src=21 preempt_src=0 src_n=22 rep_n=20 nu_recv=0.95455 fa_class=0.0625
RFALINE c8L rep=1 site=cli [RFA] gen=0 fires=23 false=23 false_frac=1.0000 fill_coded=0 fill_src=0 dup_src=23 preempt_src=0 src_n=24 rep_n=22 nu_recv=0.95833 fa_class=0.0625
RFALINE c8L rep=1 site=cli [RFA] gen=0 fires=25 false=25 false_frac=1.0000 fill_coded=0 fill_src=0 dup_src=25 preempt_src=0 src_n=26 rep_n=24 nu_recv=0.96154 fa_class=0.0625
RFALINE c8L rep=1 site=cli [RFA] gen=0 fires=27 false=27 false_frac=1.0000 fill_coded=0 fill_src=0 dup_src=27 preempt_src=0 src_n=28 rep_n=26 nu_recv=0.96429 fa_class=0.0625
RFALINE c8L rep=1 site=cli [RFA] gen=0 fires=29 false=29 false_frac=1.0000 fill_coded=0 fill_src=0 dup_src=29 preempt_src=0 src_n=30 rep_n=28 nu_recv=0.96667 fa_class=0.0625
RFALINE c8L rep=1 site=cli [RFA] gen=0 fires=31 false=31 false_frac=1.0000 fill_coded=0 fill_src=0 dup_src=31 preempt_src=0 src_n=32 rep_n=30 nu_recv=0.96875 fa_class=0.0625
RFALINE c8L rep=1 site=cli [RFA] gen=0 fires=33 false=33 false_frac=1.0000 fill_coded=0 fill_src=0 dup_src=33 preempt_src=0 src_n=34 rep_n=32 nu_recv=0.97059 fa_class=0.0625
RFALINE c8L rep=1 site=cli [RFA] gen=0 fires=35 false=35 false_frac=1.0000 fill_coded=0 fill_src=0 dup_src=35 preempt_src=0 src_n=36 rep_n=34 nu_recv=0.97222 fa_class=0.0625
RFALINE c8L rep=1 site=cli [RFA] gen=0 fires=37 false=37 false_frac=1.0000 fill_coded=0 fill_src=0 dup_src=37 preempt_src=0 src_n=38 rep_n=36 nu_recv=0.97368 fa_class=0.0625
RFALINE c8L rep=1 site=cli [RFA] gen=0 fires=39 false=39 false_frac=1.0000 fill_coded=0 fill_src=0 dup_src=39 preempt_src=0 src_n=40 rep_n=38 nu_recv=0.97500 fa_class=0.0625
RFALINE c8L rep=1 site=cli [RFA] gen=0 fires=41 false=41 false_frac=1.0000 fill_coded=0 fill_src=0 dup_src=41 preempt_src=0 src_n=42 rep_n=40 nu_recv=0.97619 fa_class=0.0625
RFALINE c8L rep=1 site=cli [RFA] gen=0 fires=43 false=43 false_frac=1.0000 fill_coded=0 fill_src=0 dup_src=43 preempt_src=0 src_n=44 rep_n=42 nu_recv=0.97727 fa_class=0.0625
RFALINE c8L rep=1 site=cli [RFA] gen=0 fires=45 false=45 false_frac=1.0000 fill_coded=0 fill_src=0 dup_src=45 preempt_src=0 src_n=46 rep_n=44 nu_recv=0.97826 fa_class=0.0625
RFALINE c8L rep=1 site=cli [RFA] gen=0 fires=47 false=47 false_frac=1.0000 fill_coded=0 fill_src=0 dup_src=47 preempt_src=0 src_n=48 rep_n=46 nu_recv=0.97917 fa_class=0.0625
RFALINE c8L rep=1 site=cli [RFA] gen=0 fires=49 false=49 false_frac=1.0000 fill_coded=0 fill_src=0 dup_src=49 preempt_src=0 src_n=50 rep_n=48 nu_recv=0.98000 fa_class=0.0625
RFALINE c8L rep=1 site=cli [RFA] gen=0 fires=51 false=51 false_frac=1.0000 fill_coded=0 fill_src=0 dup_src=51 preempt_src=0 src_n=52 rep_n=50 nu_recv=0.98077 fa_class=0.0625
RFALINE c8L rep=1 site=cli [RFA] gen=0 fires=53 false=53 false_frac=1.0000 fill_coded=0 fill_src=0 dup_src=53 preempt_src=0 src_n=54 rep_n=52 nu_recv=0.98148 fa_class=0.0625
RFALINE c8L rep=1 site=cli [RFA] gen=0 fires=55 false=55 false_frac=1.0000 fill_coded=0 fill_src=0 dup_src=55 preempt_src=0 src_n=56 rep_n=54 nu_recv=0.98214 fa_class=0.0625
RFALINE c8L rep=1 site=cli [RFA] gen=0 fires=57 false=57 false_frac=1.0000 fill_coded=0 fill_src=0 dup_src=57 preempt_src=0 src_n=58 rep_n=56 nu_recv=0.98276 fa_class=0.0625
RFALINE c8L rep=1 site=cli [RFA] gen=0 fires=59 false=59 false_frac=1.0000 fill_coded=0 fill_src=0 dup_src=59 preempt_src=0 src_n=60 rep_n=58 nu_recv=0.98333 fa_class=0.0625
RFALINE c8L rep=1 site=cli [RFA] gen=0 fires=61 false=61 false_frac=1.0000 fill_coded=0 fill_src=0 dup_src=61 preempt_src=0 src_n=62 rep_n=60 nu_recv=0.98387 fa_class=0.0625
RFALINE c8L rep=1 site=cli [RFA] gen=0 fires=63 false=63 false_frac=1.0000 fill_coded=0 fill_src=0 dup_src=63 preempt_src=0 src_n=64 rep_n=62 nu_recv=0.98438 fa_class=0.0625
RFALINE c8L rep=1 site=cli [RFA] gen=0 fires=65 false=65 false_frac=1.0000 fill_coded=0 fill_src=0 dup_src=65 preempt_src=0 src_n=66 rep_n=64 nu_recv=0.98485 fa_class=0.0625
RFALINE c8L rep=1 site=cli [RFA] gen=0 fires=67 false=67 false_frac=1.0000 fill_coded=0 fill_src=0 dup_src=67 preempt_src=0 src_n=68 rep_n=66 nu_recv=0.98529 fa_class=0.0625
RFALINE c8L rep=1 site=cli [RFA] gen=0 fires=69 false=69 false_frac=1.0000 fill_coded=0 fill_src=0 dup_src=69 preempt_src=0 src_n=70 rep_n=68 nu_recv=0.98571 fa_class=0.0625
RFALINE c8L rep=1 site=cli [RFA] gen=0 fires=70 false=70 false_frac=1.0000 fill_coded=0 fill_src=0 dup_src=70 preempt_src=0 src_n=72 rep_n=70 nu_recv=0.97222 fa_class=0.0625
RFALINE c8L rep=1 site=cli [RFA] gen=0 fires=70 false=70 false_frac=1.0000 fill_coded=0 fill_src=0 dup_src=70 preempt_src=0 src_n=72 rep_n=70 nu_recv=0.97222 fa_class=0.0625
RFALINE c8L rep=1 site=srv [RFA] gen=0 fires=1344 false=87 false_frac=0.0647 fill_coded=44 fill_src=1213 dup_src=59 preempt_src=28 src_n=9219 rep_n=110 nu_recv=0.14579 fa_class=0.0625
RFALINE c8L rep=1 site=srv [RFA] gen=0 fires=5709 false=235 false_frac=0.0412 fill_coded=125 fill_src=5349 dup_src=131 preempt_src=104 src_n=20037 rep_n=312 nu_recv=0.28492 fa_class=0.0625
RFALINE c8L rep=1 site=srv [RFA] gen=0 fires=9060 false=300 false_frac=0.0331 fill_coded=176 fill_src=8584 dup_src=159 preempt_src=141 src_n=31676 rep_n=386 nu_recv=0.28602 fa_class=0.0625
RFALINE c8L rep=1 site=srv [RFA] gen=0 fires=14295 false=636 false_frac=0.0445 fill_coded=268 fill_src=13391 dup_src=428 preempt_src=208 src_n=42765 rep_n=617 nu_recv=0.33427 fa_class=0.0625
RFALINE c8L rep=1 site=srv [RFA] gen=0 fires=19666 false=844 false_frac=0.0429 fill_coded=346 fill_src=18476 dup_src=558 preempt_src=286 src_n=54477 rep_n=789 nu_recv=0.36100 fa_class=0.0625
RFALINE c8L rep=1 site=srv [RFA] gen=0 fires=22015 false=913 false_frac=0.0415 fill_coded=401 fill_src=20701 dup_src=582 preempt_src=331 src_n=65602 rep_n=890 nu_recv=0.33558 fa_class=0.0625
RFALINE c8L rep=1 site=srv [RFA] gen=0 fires=27767 false=1053 false_frac=0.0379 fill_coded=468 fill_src=26246 dup_src=663 preempt_src=390 src_n=76407 rep_n=1042 nu_recv=0.36341 fa_class=0.0625
RFALINE c8L rep=1 site=srv [RFA] gen=0 fires=30375 false=1204 false_frac=0.0396 fill_coded=480 fill_src=28691 dup_src=801 preempt_src=403 src_n=87487 rep_n=1090 nu_recv=0.34719 fa_class=0.0625
RFALINE c8L rep=1 site=srv [RFA] gen=0 fires=32092 false=1391 false_frac=0.0433 fill_coded=510 fill_src=30191 dup_src=985 preempt_src=406 src_n=97148 rep_n=1438 nu_recv=0.33034 fa_class=0.0625
RFALINE c8L rep=1 site=srv [RFA] gen=0 fires=32623 false=1463 false_frac=0.0448 fill_coded=625 fill_src=30535 dup_src=995 preempt_src=468 src_n=106145 rep_n=1785 nu_recv=0.30734 fa_class=0.0625
RFALINE c8L rep=1 site=srv [RFA] gen=0 fires=33603 false=1466 false_frac=0.0436 fill_coded=707 fill_src=31430 dup_src=995 preempt_src=471 src_n=114877 rep_n=2477 nu_recv=0.29251 fa_class=0.0625
RFALINE c8L rep=1 site=srv [RFA] gen=0 fires=34388 false=1473 false_frac=0.0428 fill_coded=822 fill_src=32093 dup_src=995 preempt_src=478 src_n=122163 rep_n=3014 nu_recv=0.28149 fa_class=0.0625
RFALINE c8L rep=1 site=srv [RFA] gen=0 fires=35326 false=1582 false_frac=0.0448 fill_coded=956 fill_src=32788 dup_src=1005 preempt_src=577 src_n=126826 rep_n=3651 nu_recv=0.27854 fa_class=0.0625
RFALINE c8L rep=1 site=srv [RFA] gen=0 fires=35792 false=1613 false_frac=0.0451 fill_coded=989 fill_src=33190 dup_src=1015 preempt_src=598 src_n=130736 rep_n=3998 nu_recv=0.27377 fa_class=0.0625
RFALINE c8L rep=1 site=srv [RFA] gen=0 fires=36173 false=1623 false_frac=0.0449 fill_coded=1029 fill_src=33521 dup_src=1025 preempt_src=598 src_n=134086 rep_n=4268 nu_recv=0.26977 fa_class=0.0625
RFALINE c8L rep=1 site=srv [RFA] gen=0 fires=36551 false=1642 false_frac=0.0449 fill_coded=1097 fill_src=33812 dup_src=1035 preempt_src=607 src_n=137516 rep_n=4516 nu_recv=0.26579 fa_class=0.0625
RFALINE c8L rep=1 site=srv [RFA] gen=0 fires=36790 false=1646 false_frac=0.0447 fill_coded=1118 fill_src=34026 dup_src=1035 preempt_src=611 src_n=141642 rep_n=4687 nu_recv=0.25974 fa_class=0.0625
RFALINE c8L rep=1 site=srv [RFA] gen=0 fires=37083 false=1665 false_frac=0.0449 fill_coded=1181 fill_src=34237 dup_src=1045 preempt_src=620 src_n=143645 rep_n=4867 nu_recv=0.25816 fa_class=0.0625
RFALINE c8L rep=1 site=srv [RFA] gen=0 fires=37325 false=1677 false_frac=0.0449 fill_coded=1207 fill_src=34441 dup_src=1045 preempt_src=632 src_n=146501 rep_n=5040 nu_recv=0.25478 fa_class=0.0625
RFALINE c8L rep=1 site=srv [RFA] gen=0 fires=37557 false=1688 false_frac=0.0449 fill_coded=1225 fill_src=34644 dup_src=1055 preempt_src=633 src_n=149893 rep_n=5217 nu_recv=0.25056 fa_class=0.0625
RFALINE c8L rep=1 site=srv [RFA] gen=0 fires=37735 false=1698 false_frac=0.0450 fill_coded=1225 fill_src=34812 dup_src=1065 preempt_src=633 src_n=152623 rep_n=5355 nu_recv=0.24724 fa_class=0.0625
RFALINE c8L rep=1 site=srv [RFA] gen=0 fires=37956 false=1717 false_frac=0.0452 fill_coded=1281 fill_src=34958 dup_src=1065 preempt_src=652 src_n=154669 rep_n=5487 nu_recv=0.24540 fa_class=0.0625
RFALINE c8L rep=1 site=srv [RFA] gen=0 fires=38187 false=1762 false_frac=0.0461 fill_coded=1302 fill_src=35123 dup_src=1109 preempt_src=653 src_n=156070 rep_n=5656 nu_recv=0.24468 fa_class=0.0625
RFALINE c8L rep=1 site=srv [RFA] gen=0 fires=38393 false=1799 false_frac=0.0469 fill_coded=1309 fill_src=35285 dup_src=1139 preempt_src=660 src_n=157249 rep_n=5815 nu_recv=0.24415 fa_class=0.0625
RFALINE c8L rep=1 site=srv [RFA] gen=0 fires=38647 false=1847 false_frac=0.0478 fill_coded=1319 fill_src=35481 dup_src=1187 preempt_src=660 src_n=158590 rep_n=6012 nu_recv=0.24369 fa_class=0.0625
RFALINE c8L rep=1 site=srv [RFA] gen=0 fires=38825 false=1887 false_frac=0.0486 fill_coded=1329 fill_src=35609 dup_src=1217 preempt_src=670 src_n=159699 rep_n=6137 nu_recv=0.24311 fa_class=0.0625
RFALINE c8L rep=1 site=srv [RFA] gen=0 fires=39398 false=2000 false_frac=0.0508 fill_coded=1367 fill_src=36031 dup_src=1330 preempt_src=670 src_n=162900 rep_n=6566 nu_recv=0.24185 fa_class=0.0625
RFALINE c8L rep=1 site=srv [RFA] gen=0 fires=39716 false=2074 false_frac=0.0522 fill_coded=1402 fill_src=36240 dup_src=1370 preempt_src=704 src_n=164654 rep_n=6800 nu_recv=0.24121 fa_class=0.0625
RFALINE c8L rep=1 site=srv [RFA] gen=0 fires=39909 false=2104 false_frac=0.0527 fill_coded=1426 fill_src=36379 dup_src=1400 preempt_src=704 src_n=165936 rep_n=6935 nu_recv=0.24051 fa_class=0.0625
RFALINE c8L rep=1 site=srv [RFA] gen=0 fires=40057 false=2143 false_frac=0.0535 fill_coded=1437 fill_src=36477 dup_src=1439 preempt_src=704 src_n=166838 rep_n=7045 nu_recv=0.24010 fa_class=0.0625
RFALINE c8L rep=1 site=srv [RFA] gen=0 fires=40301 false=2180 false_frac=0.0541 fill_coded=1455 fill_src=36666 dup_src=1459 preempt_src=721 src_n=168470 rep_n=7225 nu_recv=0.23922 fa_class=0.0625
RFALINE c8L rep=1 site=srv [RFA] gen=0 fires=40460 false=2228 false_frac=0.0551 fill_coded=1455 fill_src=36777 dup_src=1507 preempt_src=721 src_n=169284 rep_n=7360 nu_recv=0.23901 fa_class=0.0625
RFALINE c8L rep=1 site=srv [RFA] gen=0 fires=40685 false=2267 false_frac=0.0557 fill_coded=1480 fill_src=36938 dup_src=1521 preempt_src=746 src_n=169484 rep_n=7520 nu_recv=0.24005 fa_class=0.0625
RFALINE c8L rep=1 site=srv [RFA] gen=0 fires=41040 false=2325 false_frac=0.0567 fill_coded=1544 fill_src=37171 dup_src=1521 preempt_src=804 src_n=169775 rep_n=7763 nu_recv=0.24173 fa_class=0.0625
FDIAGLINE c8L rep=1 site=cli [FDIAG] frontier=0 seen=0 gap=0 probe_holes=0 probe_buffered=0 | DECODE n=0 avg=0us present_at_stall=0 | SOURCE n=0 avg=0us | COMPUTE calls=10 avg=4us max=38us total=0ms | rf=4 ru=0 | rows=0 max_span=0 coeff_kb=0 recovered=1 seen=5
FDIAGLINE c8L rep=1 site=cli [FDIAG] frontier=0 seen=0 gap=0 probe_holes=0 probe_buffered=0 | DECODE n=0 avg=0us present_at_stall=0 | SOURCE n=0 avg=0us | COMPUTE calls=16 avg=3us max=4us total=0ms | rf=7 ru=0 | rows=0 max_span=0 coeff_kb=0 recovered=1 seen=8
FDIAGLINE c8L rep=1 site=cli [FDIAG] frontier=0 seen=0 gap=0 probe_holes=0 probe_buffered=0 | DECODE n=0 avg=0us present_at_stall=0 | SOURCE n=0 avg=0us | COMPUTE calls=20 avg=2us max=1us total=0ms | rf=9 ru=0 | rows=0 max_span=0 coeff_kb=0 recovered=1 seen=10
FDIAGLINE c8L rep=1 site=cli [FDIAG] frontier=0 seen=0 gap=0 probe_holes=0 probe_buffered=0 | DECODE n=0 avg=0us present_at_stall=0 | SOURCE n=0 avg=0us | COMPUTE calls=24 avg=2us max=1us total=0ms | rf=11 ru=0 | rows=0 max_span=0 coeff_kb=0 recovered=1 seen=12
FDIAGLINE c8L rep=1 site=cli [FDIAG] frontier=0 seen=0 gap=0 probe_holes=0 probe_buffered=0 | DECODE n=0 avg=0us present_at_stall=0 | SOURCE n=0 avg=0us | COMPUTE calls=28 avg=2us max=2us total=0ms | rf=13 ru=0 | rows=0 max_span=0 coeff_kb=0 recovered=1 seen=14
FDIAGLINE c8L rep=1 site=cli [FDIAG] frontier=0 seen=0 gap=0 probe_holes=0 probe_buffered=0 | DECODE n=0 avg=0us present_at_stall=0 | SOURCE n=0 avg=0us | COMPUTE calls=32 avg=1us max=1us total=0ms | rf=15 ru=0 | rows=0 max_span=0 coeff_kb=0 recovered=1 seen=16
FDIAGLINE c8L rep=1 site=cli [FDIAG] frontier=0 seen=0 gap=0 probe_holes=0 probe_buffered=0 | DECODE n=0 avg=0us present_at_stall=0 | SOURCE n=0 avg=0us | COMPUTE calls=36 avg=1us max=1us total=0ms | rf=17 ru=0 | rows=0 max_span=0 coeff_kb=0 recovered=1 seen=18
FDIAGLINE c8L rep=1 site=cli [FDIAG] frontier=0 seen=0 gap=0 probe_holes=0 probe_buffered=0 | DECODE n=0 avg=0us present_at_stall=0 | SOURCE n=0 avg=0us | COMPUTE calls=40 avg=1us max=0us total=0ms | rf=19 ru=0 | rows=0 max_span=0 coeff_kb=0 recovered=1 seen=20
FDIAGLINE c8L rep=1 site=cli [FDIAG] frontier=0 seen=0 gap=0 probe_holes=0 probe_buffered=0 | DECODE n=0 avg=0us present_at_stall=0 | SOURCE n=0 avg=0us | COMPUTE calls=44 avg=1us max=10us total=0ms | rf=22 ru=0 | rows=0 max_span=0 coeff_kb=0 recovered=1 seen=23
FDIAGLINE c8L rep=1 site=cli [FDIAG] frontier=0 seen=0 gap=0 probe_holes=0 probe_buffered=0 | DECODE n=0 avg=0us present_at_stall=0 | SOURCE n=0 avg=0us | COMPUTE calls=46 avg=1us max=0us total=0ms | rf=22 ru=0 | rows=0 max_span=0 coeff_kb=0 recovered=1 seen=23
FDIAGLINE c8L rep=1 site=cli [FDIAG] frontier=0 seen=0 gap=0 probe_holes=0 probe_buffered=0 | DECODE n=0 avg=0us present_at_stall=0 | SOURCE n=0 avg=0us | COMPUTE calls=48 avg=1us max=1us total=0ms | rf=23 ru=0 | rows=0 max_span=0 coeff_kb=0 recovered=1 seen=24
FDIAGLINE c8L rep=1 site=cli [FDIAG] frontier=0 seen=0 gap=0 probe_holes=0 probe_buffered=0 | DECODE n=0 avg=0us present_at_stall=0 | SOURCE n=0 avg=0us | COMPUTE calls=50 avg=1us max=1us total=0ms | rf=24 ru=0 | rows=0 max_span=0 coeff_kb=0 recovered=1 seen=25
FDIAGLINE c8L rep=1 site=cli [FDIAG] frontier=0 seen=0 gap=0 probe_holes=0 probe_buffered=0 | DECODE n=0 avg=0us present_at_stall=0 | SOURCE n=0 avg=0us | COMPUTE calls=52 avg=1us max=2us total=0ms | rf=25 ru=0 | rows=0 max_span=0 coeff_kb=0 recovered=1 seen=26
FDIAGLINE c8L rep=1 site=cli [FDIAG] frontier=0 seen=0 gap=0 probe_holes=0 probe_buffered=0 | DECODE n=0 avg=0us present_at_stall=0 | SOURCE n=0 avg=0us | COMPUTE calls=54 avg=1us max=0us total=0ms | rf=26 ru=0 | rows=0 max_span=0 coeff_kb=0 recovered=1 seen=27
FDIAGLINE c8L rep=1 site=cli [FDIAG] frontier=0 seen=0 gap=0 probe_holes=0 probe_buffered=0 | DECODE n=0 avg=0us present_at_stall=0 | SOURCE n=0 avg=0us | COMPUTE calls=56 avg=1us max=6us total=0ms | rf=27 ru=0 | rows=0 max_span=0 coeff_kb=0 recovered=1 seen=28
FDIAGLINE c8L rep=1 site=cli [FDIAG] frontier=0 seen=0 gap=0 probe_holes=0 probe_buffered=0 | DECODE n=0 avg=0us present_at_stall=0 | SOURCE n=0 avg=0us | COMPUTE calls=58 avg=1us max=1us total=0ms | rf=28 ru=0 | rows=0 max_span=0 coeff_kb=0 recovered=1 seen=29
FDIAGLINE c8L rep=1 site=cli [FDIAG] frontier=0 seen=0 gap=0 probe_holes=0 probe_buffered=0 | DECODE n=0 avg=0us present_at_stall=0 | SOURCE n=0 avg=0us | COMPUTE calls=60 avg=1us max=0us total=0ms | rf=29 ru=0 | rows=0 max_span=0 coeff_kb=0 recovered=1 seen=30
FDIAGLINE c8L rep=1 site=cli [FDIAG] frontier=0 seen=0 gap=0 probe_holes=0 probe_buffered=0 | DECODE n=0 avg=0us present_at_stall=0 | SOURCE n=0 avg=0us | COMPUTE calls=62 avg=1us max=0us total=0ms | rf=30 ru=0 | rows=0 max_span=0 coeff_kb=0 recovered=1 seen=31
FDIAGLINE c8L rep=1 site=cli [FDIAG] frontier=0 seen=0 gap=0 probe_holes=0 probe_buffered=0 | DECODE n=0 avg=0us present_at_stall=0 | SOURCE n=0 avg=0us | COMPUTE calls=64 avg=1us max=1us total=0ms | rf=31 ru=0 | rows=0 max_span=0 coeff_kb=0 recovered=1 seen=32
FDIAGLINE c8L rep=1 site=cli [FDIAG] frontier=0 seen=0 gap=0 probe_holes=0 probe_buffered=0 | DECODE n=0 avg=0us present_at_stall=0 | SOURCE n=0 avg=0us | COMPUTE calls=66 avg=1us max=1us total=0ms | rf=32 ru=0 | rows=0 max_span=0 coeff_kb=0 recovered=1 seen=33
FDIAGLINE c8L rep=1 site=cli [FDIAG] frontier=0 seen=0 gap=0 probe_holes=0 probe_buffered=0 | DECODE n=0 avg=0us present_at_stall=0 | SOURCE n=0 avg=0us | COMPUTE calls=68 avg=1us max=0us total=0ms | rf=33 ru=0 | rows=0 max_span=0 coeff_kb=0 recovered=1 seen=34
FDIAGLINE c8L rep=1 site=cli [FDIAG] frontier=0 seen=0 gap=0 probe_holes=0 probe_buffered=0 | DECODE n=0 avg=0us present_at_stall=0 | SOURCE n=0 avg=0us | COMPUTE calls=70 avg=1us max=1us total=0ms | rf=34 ru=0 | rows=0 max_span=0 coeff_kb=0 recovered=1 seen=35
FDIAGLINE c8L rep=1 site=cli [FDIAG] frontier=0 seen=0 gap=0 probe_holes=0 probe_buffered=0 | DECODE n=0 avg=0us present_at_stall=0 | SOURCE n=0 avg=0us | COMPUTE calls=72 avg=1us max=1us total=0ms | rf=35 ru=0 | rows=0 max_span=0 coeff_kb=0 recovered=1 seen=36
FDIAGLINE c8L rep=1 site=cli [FDIAG] frontier=0 seen=0 gap=0 probe_holes=0 probe_buffered=0 | DECODE n=0 avg=0us present_at_stall=0 | SOURCE n=0 avg=0us | COMPUTE calls=74 avg=1us max=1us total=0ms | rf=36 ru=0 | rows=0 max_span=0 coeff_kb=0 recovered=1 seen=37
FDIAGLINE c8L rep=1 site=cli [FDIAG] frontier=0 seen=0 gap=0 probe_holes=0 probe_buffered=0 | DECODE n=0 avg=0us present_at_stall=0 | SOURCE n=0 avg=0us | COMPUTE calls=76 avg=1us max=1us total=0ms | rf=37 ru=0 | rows=0 max_span=0 coeff_kb=0 recovered=1 seen=38
FDIAGLINE c8L rep=1 site=cli [FDIAG] frontier=0 seen=0 gap=0 probe_holes=0 probe_buffered=0 | DECODE n=0 avg=0us present_at_stall=0 | SOURCE n=0 avg=0us | COMPUTE calls=78 avg=1us max=1us total=0ms | rf=38 ru=0 | rows=0 max_span=0 coeff_kb=0 recovered=1 seen=39
FDIAGLINE c8L rep=1 site=cli [FDIAG] frontier=0 seen=0 gap=0 probe_holes=0 probe_buffered=0 | DECODE n=0 avg=0us present_at_stall=0 | SOURCE n=0 avg=0us | COMPUTE calls=80 avg=1us max=1us total=0ms | rf=39 ru=0 | rows=0 max_span=0 coeff_kb=0 recovered=1 seen=40
FDIAGLINE c8L rep=1 site=cli [FDIAG] frontier=0 seen=0 gap=0 probe_holes=0 probe_buffered=0 | DECODE n=0 avg=0us present_at_stall=0 | SOURCE n=0 avg=0us | COMPUTE calls=82 avg=1us max=1us total=0ms | rf=40 ru=0 | rows=0 max_span=0 coeff_kb=0 recovered=1 seen=41
FDIAGLINE c8L rep=1 site=cli [FDIAG] frontier=0 seen=0 gap=0 probe_holes=0 probe_buffered=0 | DECODE n=0 avg=0us present_at_stall=0 | SOURCE n=0 avg=0us | COMPUTE calls=84 avg=1us max=0us total=0ms | rf=41 ru=0 | rows=0 max_span=0 coeff_kb=0 recovered=1 seen=42
FDIAGLINE c8L rep=1 site=cli [FDIAG] frontier=0 seen=0 gap=0 probe_holes=0 probe_buffered=0 | DECODE n=0 avg=0us present_at_stall=0 | SOURCE n=0 avg=0us | COMPUTE calls=86 avg=1us max=1us total=0ms | rf=42 ru=0 | rows=0 max_span=0 coeff_kb=0 recovered=1 seen=43
FDIAGLINE c8L rep=1 site=cli [FDIAG] frontier=0 seen=0 gap=0 probe_holes=0 probe_buffered=0 | DECODE n=0 avg=0us present_at_stall=0 | SOURCE n=0 avg=0us | COMPUTE calls=88 avg=1us max=0us total=0ms | rf=43 ru=0 | rows=0 max_span=0 coeff_kb=0 recovered=1 seen=44
FDIAGLINE c8L rep=1 site=cli [FDIAG] frontier=0 seen=0 gap=0 probe_holes=0 probe_buffered=0 | DECODE n=0 avg=0us present_at_stall=0 | SOURCE n=0 avg=0us | COMPUTE calls=90 avg=1us max=1us total=0ms | rf=44 ru=0 | rows=0 max_span=0 coeff_kb=0 recovered=1 seen=45
FDIAGLINE c8L rep=1 site=cli [FDIAG] frontier=0 seen=0 gap=0 probe_holes=0 probe_buffered=0 | DECODE n=0 avg=0us present_at_stall=0 | SOURCE n=0 avg=0us | COMPUTE calls=92 avg=1us max=1us total=0ms | rf=45 ru=0 | rows=0 max_span=0 coeff_kb=0 recovered=1 seen=46
FDIAGLINE c8L rep=1 site=cli [FDIAG] frontier=0 seen=0 gap=0 probe_holes=0 probe_buffered=0 | DECODE n=0 avg=0us present_at_stall=0 | SOURCE n=0 avg=0us | COMPUTE calls=94 avg=1us max=0us total=0ms | rf=46 ru=0 | rows=0 max_span=0 coeff_kb=0 recovered=1 seen=47
FDIAGLINE c8L rep=1 site=cli [FDIAG] frontier=0 seen=0 gap=0 probe_holes=0 probe_buffered=0 | DECODE n=0 avg=0us present_at_stall=0 | SOURCE n=0 avg=0us | COMPUTE calls=96 avg=1us max=0us total=0ms | rf=47 ru=0 | rows=0 max_span=0 coeff_kb=0 recovered=1 seen=48
FDIAGLINE c8L rep=1 site=cli [FDIAG] frontier=0 seen=0 gap=0 probe_holes=0 probe_buffered=0 | DECODE n=0 avg=0us present_at_stall=0 | SOURCE n=0 avg=0us | COMPUTE calls=98 avg=0us max=1us total=0ms | rf=48 ru=0 | rows=0 max_span=0 coeff_kb=0 recovered=1 seen=49
FDIAGLINE c8L rep=1 site=cli [FDIAG] frontier=0 seen=0 gap=0 probe_holes=0 probe_buffered=0 | DECODE n=0 avg=0us present_at_stall=0 | SOURCE n=0 avg=0us | COMPUTE calls=100 avg=0us max=2us total=0ms | rf=49 ru=0 | rows=0 max_span=0 coeff_kb=0 recovered=1 seen=50
FDIAGLINE c8L rep=1 site=cli [FDIAG] frontier=0 seen=0 gap=0 probe_holes=0 probe_buffered=0 | DECODE n=0 avg=0us present_at_stall=0 | SOURCE n=0 avg=0us | COMPUTE calls=102 avg=0us max=0us total=0ms | rf=50 ru=0 | rows=0 max_span=0 coeff_kb=0 recovered=1 seen=51
FDIAGLINE c8L rep=1 site=cli [FDIAG] frontier=0 seen=0 gap=0 probe_holes=0 probe_buffered=0 | DECODE n=0 avg=0us present_at_stall=0 | SOURCE n=0 avg=0us | COMPUTE calls=104 avg=0us max=0us total=0ms | rf=51 ru=0 | rows=0 max_span=0 coeff_kb=0 recovered=1 seen=52
FDIAGLINE c8L rep=1 site=cli [FDIAG] frontier=0 seen=0 gap=0 probe_holes=0 probe_buffered=0 | DECODE n=0 avg=0us present_at_stall=0 | SOURCE n=0 avg=0us | COMPUTE calls=106 avg=0us max=0us total=0ms | rf=52 ru=0 | rows=0 max_span=0 coeff_kb=0 recovered=1 seen=53
FDIAGLINE c8L rep=1 site=cli [FDIAG] frontier=0 seen=0 gap=0 probe_holes=0 probe_buffered=0 | DECODE n=0 avg=0us present_at_stall=0 | SOURCE n=0 avg=0us | COMPUTE calls=108 avg=0us max=1us total=0ms | rf=53 ru=0 | rows=0 max_span=0 coeff_kb=0 recovered=1 seen=54
FDIAGLINE c8L rep=1 site=cli [FDIAG] frontier=0 seen=0 gap=0 probe_holes=0 probe_buffered=0 | DECODE n=0 avg=0us present_at_stall=0 | SOURCE n=0 avg=0us | COMPUTE calls=110 avg=0us max=1us total=0ms | rf=54 ru=0 | rows=0 max_span=0 coeff_kb=0 recovered=1 seen=55
FDIAGLINE c8L rep=1 site=cli [FDIAG] frontier=0 seen=0 gap=0 probe_holes=0 probe_buffered=0 | DECODE n=0 avg=0us present_at_stall=0 | SOURCE n=0 avg=0us | COMPUTE calls=112 avg=0us max=6us total=0ms | rf=55 ru=0 | rows=0 max_span=0 coeff_kb=0 recovered=1 seen=56
FDIAGLINE c8L rep=1 site=cli [FDIAG] frontier=0 seen=0 gap=0 probe_holes=0 probe_buffered=0 | DECODE n=0 avg=0us present_at_stall=0 | SOURCE n=0 avg=0us | COMPUTE calls=114 avg=0us max=0us total=0ms | rf=56 ru=0 | rows=0 max_span=0 coeff_kb=0 recovered=1 seen=57
FDIAGLINE c8L rep=1 site=cli [FDIAG] frontier=0 seen=0 gap=0 probe_holes=0 probe_buffered=0 | DECODE n=0 avg=0us present_at_stall=0 | SOURCE n=0 avg=0us | COMPUTE calls=118 avg=0us max=1us total=0ms | rf=58 ru=0 | rows=0 max_span=0 coeff_kb=0 recovered=1 seen=59
FDIAGLINE c8L rep=1 site=cli [FDIAG] frontier=0 seen=0 gap=0 probe_holes=0 probe_buffered=0 | DECODE n=0 avg=0us present_at_stall=0 | SOURCE n=0 avg=0us | COMPUTE calls=120 avg=0us max=0us total=0ms | rf=59 ru=0 | rows=0 max_span=0 coeff_kb=0 recovered=1 seen=60
FDIAGLINE c8L rep=1 site=cli [FDIAG] frontier=0 seen=0 gap=0 probe_holes=0 probe_buffered=0 | DECODE n=0 avg=0us present_at_stall=0 | SOURCE n=0 avg=0us | COMPUTE calls=122 avg=0us max=1us total=0ms | rf=60 ru=0 | rows=0 max_span=0 coeff_kb=0 recovered=1 seen=61
FDIAGLINE c8L rep=1 site=cli [FDIAG] frontier=0 seen=0 gap=0 probe_holes=0 probe_buffered=0 | DECODE n=0 avg=0us present_at_stall=0 | SOURCE n=0 avg=0us | COMPUTE calls=126 avg=0us max=1us total=0ms | rf=62 ru=0 | rows=0 max_span=0 coeff_kb=0 recovered=1 seen=63
FDIAGLINE c8L rep=1 site=cli [FDIAG] frontier=0 seen=0 gap=0 probe_holes=0 probe_buffered=0 | DECODE n=0 avg=0us present_at_stall=0 | SOURCE n=0 avg=0us | COMPUTE calls=130 avg=0us max=0us total=0ms | rf=64 ru=0 | rows=0 max_span=0 coeff_kb=0 recovered=1 seen=65
FDIAGLINE c8L rep=1 site=cli [FDIAG] frontier=0 seen=0 gap=0 probe_holes=0 probe_buffered=0 | DECODE n=0 avg=0us present_at_stall=0 | SOURCE n=0 avg=0us | COMPUTE calls=132 avg=0us max=1us total=0ms | rf=65 ru=0 | rows=0 max_span=0 coeff_kb=0 recovered=1 seen=66
FDIAGLINE c8L rep=1 site=cli [FDIAG] frontier=0 seen=0 gap=0 probe_holes=0 probe_buffered=0 | DECODE n=0 avg=0us present_at_stall=0 | SOURCE n=0 avg=0us | COMPUTE calls=134 avg=0us max=1us total=0ms | rf=66 ru=0 | rows=0 max_span=0 coeff_kb=0 recovered=1 seen=67
FDIAGLINE c8L rep=1 site=cli [FDIAG] frontier=0 seen=0 gap=0 probe_holes=0 probe_buffered=0 | DECODE n=0 avg=0us present_at_stall=0 | SOURCE n=0 avg=0us | COMPUTE calls=136 avg=0us max=1us total=0ms | rf=67 ru=0 | rows=0 max_span=0 coeff_kb=0 recovered=1 seen=68
FDIAGLINE c8L rep=1 site=cli [FDIAG] frontier=0 seen=0 gap=0 probe_holes=0 probe_buffered=0 | DECODE n=0 avg=0us present_at_stall=0 | SOURCE n=0 avg=0us | COMPUTE calls=138 avg=0us max=1us total=0ms | rf=68 ru=0 | rows=0 max_span=0 coeff_kb=0 recovered=1 seen=69
FDIAGLINE c8L rep=1 site=cli [FDIAG] frontier=0 seen=0 gap=0 probe_holes=0 probe_buffered=0 | DECODE n=0 avg=0us present_at_stall=0 | SOURCE n=0 avg=0us | COMPUTE calls=140 avg=0us max=1us total=0ms | rf=69 ru=0 | rows=0 max_span=0 coeff_kb=0 recovered=1 seen=70
FDIAGLINE c8L rep=1 site=srv [FDIAG] frontier=3144 seen=3586 gap=442 probe_holes=22 probe_buffered=9 | DECODE n=0 avg=0us present_at_stall=0 | SOURCE n=63 avg=3220us | COMPUTE calls=3657 avg=3us max=437us total=12ms | rf=59 ru=29 | rows=17 max_span=228 coeff_kb=3 recovered=3565 seen=3621
FDIAGLINE c8L rep=1 site=srv [FDIAG] frontier=5348 seen=9396 gap=4048 probe_holes=221 probe_buffered=0 | DECODE n=0 avg=0us present_at_stall=0 | SOURCE n=557 avg=1167us | COMPUTE calls=9329 avg=3us max=572us total=32ms | rf=110 ru=44 | rows=0 max_span=0 coeff_kb=0 recovered=9176 seen=9270
FDIAGLINE c8L rep=1 site=srv [FDIAG] frontier=12556 seen=15248 gap=2692 probe_holes=551 probe_buffered=4 | DECODE n=0 avg=0us present_at_stall=0 | SOURCE n=1787 avg=621us | COMPUTE calls=14956 avg=3us max=1699us total=58ms | rf=192 ru=83 | rows=4 max_span=201 coeff_kb=0 recovered=14698 seen=14875
FDIAGLINE c8L rep=1 site=srv [FDIAG] frontier=19872 seen=20941 gap=1069 probe_holes=1015 probe_buffered=23 | DECODE n=0 avg=0us present_at_stall=0 | SOURCE n=1842 avg=929us | COMPUTE calls=20349 avg=4us max=249us total=82ms | rf=312 ru=148 | rows=23 max_span=572 coeff_kb=9 recovered=455 seen=505
FDIAGLINE c8L rep=1 site=srv [FDIAG] frontier=20313 seen=26602 gap=6289 probe_holes=656 probe_buffered=9 | DECODE n=0 avg=0us present_at_stall=0 | SOURCE n=2282 avg=766us | COMPUTE calls=26400 avg=4us max=147us total=109ms | rf=327 ru=162 | rows=9 max_span=572 coeff_kb=2 recovered=6490 seen=6551
FDIAGLINE c8L rep=1 site=srv [FDIAG] frontier=27315 seen=32517 gap=5202 probe_holes=981 probe_buffered=9 | DECODE n=0 avg=0us present_at_stall=0 | SOURCE n=2425 avg=1114us | COMPUTE calls=32062 avg=3us max=212us total=127ms | rf=386 ru=185 | rows=9 max_span=362 coeff_kb=2 recovered=12080 seen=12190
FDIAGLINE c8L rep=1 site=srv [FDIAG] frontier=32790 seen=37597 gap=4807 probe_holes=487 probe_buffered=19 | DECODE n=0 avg=0us present_at_stall=0 | SOURCE n=2488 avg=1287us | COMPUTE calls=37844 avg=4us max=925us total=154ms | rf=487 ru=220 | rows=19 max_span=516 coeff_kb=5 recovered=17654 seen=17862
FDIAGLINE c8L rep=1 site=srv [FDIAG] frontier=40518 seen=43313 gap=2795 probe_holes=932 probe_buffered=18 | DECODE n=2 avg=5068us present_at_stall=2 | SOURCE n=2617 avg=1387us | COMPUTE calls=43382 avg=4us max=594us total=183ms | rf=617 ru=286 | rows=18 max_span=329 coeff_kb=4 recovered=2264 seen=2318
FDIAGLINE c8L rep=1 site=srv [FDIAG] frontier=40523 seen=48756 gap=8233 probe_holes=393 probe_buffered=32 | DECODE n=2 avg=5068us present_at_stall=2 | SOURCE n=2621 avg=1431us | COMPUTE calls=49514 avg=4us max=215us total=212ms | rf=684 ru=322 | rows=32 max_span=433 coeff_kb=7 recovered=8246 seen=8371
FDIAGLINE c8L rep=1 site=srv [FDIAG] frontier=45534 seen=54458 gap=8924 probe_holes=495 probe_buffered=14 | DECODE n=2 avg=5068us present_at_stall=2 | SOURCE n=2684 avg=1641us | COMPUTE calls=55266 avg=4us max=412us total=244ms | rf=789 ru=360 | rows=14 max_span=658 coeff_kb=5 recovered=13846 seen=14072
FDIAGLINE c8L rep=1 site=srv [FDIAG] frontier=52084 seen=60659 gap=8575 probe_holes=1039 probe_buffered=44 | DECODE n=2 avg=5068us present_at_stall=2 | SOURCE n=2730 avg=1825us | COMPUTE calls=60967 avg=4us max=230us total=271ms | rf=830 ru=391 | rows=44 max_span=658 coeff_kb=13 recovered=19503 seen=19770
FDIAGLINE c8L rep=1 site=srv [FDIAG] frontier=56983 seen=65286 gap=8303 probe_holes=212 probe_buffered=3 | DECODE n=2 avg=5068us present_at_stall=2 | SOURCE n=2794 avg=2002us | COMPUTE calls=66492 avg=4us max=260us total=296ms | rf=890 ru=404 | rows=3 max_span=232 coeff_kb=0 recovered=8492 seen=8539
FDIAGLINE c8L rep=1 site=srv [FDIAG] frontier=59414 seen=71334 gap=11920 probe_holes=716 probe_buffered=22 | DECODE n=2 avg=5068us present_at_stall=2 | SOURCE n=2838 avg=2080us | COMPUTE calls=72166 avg=4us max=210us total=327ms | rf=985 ru=462 | rows=22 max_span=396 coeff_kb=5 recovered=14036 seen=14166
FDIAGLINE c8L rep=1 site=srv [FDIAG] frontier=72635 seen=76531 gap=3896 probe_holes=725 probe_buffered=6 | DECODE n=2 avg=5068us present_at_stall=2 | SOURCE n=2855 avg=2336us | COMPUTE calls=77449 avg=4us max=218us total=353ms | rf=1042 ru=474 | rows=6 max_span=348 coeff_kb=1 recovered=19224 seen=19415
FDIAGLINE c8L rep=1 site=srv [FDIAG] frontier=75358 seen=82454 gap=7096 probe_holes=987 probe_buffered=9 | DECODE n=2 avg=5068us present_at_stall=2 | SOURCE n=2895 avg=2326us | COMPUTE calls=83221 avg=4us max=2709us total=374ms | rf=1074 ru=480 | rows=9 max_span=348 coeff_kb=2 recovered=24885 seen=25109
FDIAGLINE c8L rep=1 site=srv [FDIAG] frontier=77271 seen=87494 gap=10223 probe_holes=741 probe_buffered=3 | DECODE n=2 avg=5068us present_at_stall=2 | SOURCE n=2913 avg=2616us | COMPUTE calls=88583 avg=4us max=209us total=393ms | rf=1090 ru=483 | rows=3 max_span=201 coeff_kb=0 recovered=9883 seen=9904
FDIAGLINE c8L rep=1 site=srv [FDIAG] frontier=84357 seen=91942 gap=7585 probe_holes=340 probe_buffered=17 | DECODE n=2 avg=5068us present_at_stall=2 | SOURCE n=2995 avg=2712us | COMPUTE calls=93785 avg=4us max=222us total=413ms | rf=1276 ru=510 | rows=17 max_span=212 coeff_kb=3 recovered=14734 seen=14931
FDIAGLINE c8L rep=1 site=srv [FDIAG] frontier=85892 seen=96582 gap=10690 probe_holes=326 probe_buffered=62 | DECODE n=2 avg=5068us present_at_stall=2 | SOURCE n=3146 avg=2688us | COMPUTE calls=98593 avg=4us max=207us total=434ms | rf=1438 ru=572 | rows=62 max_span=321 coeff_kb=15 recovered=19388 seen=19730
FDIAGLINE c8L rep=1 site=srv [FDIAG] frontier=91645 seen=100878 gap=9233 probe_holes=66 probe_buffered=1 | DECODE n=2 avg=5068us present_at_stall=2 | SOURCE n=3148 avg=2852us | COMPUTE calls=103395 avg=4us max=192us total=454ms | rf=1706 ru=604 | rows=1 max_span=201 coeff_kb=0 recovered=23944 seen=24522
FDIAGLINE c8L rep=1 site=srv [FDIAG] frontier=101410 seen=105384 gap=3974 probe_holes=73 probe_buffered=1 | DECODE n=2 avg=5068us present_at_stall=2 | SOURCE n=3228 avg=2937us | COMPUTE calls=107952 avg=4us max=216us total=471ms | rf=1785 ru=626 | rows=1 max_span=201 coeff_kb=0 recovered=4302 seen=4360
FDIAGLINE c8L rep=1 site=srv [FDIAG] frontier=102306 seen=111624 gap=9318 probe_holes=1821 probe_buffered=60 | DECODE n=2 avg=5068us present_at_stall=2 | SOURCE n=3235 avg=3118us | COMPUTE calls=112666 avg=4us max=335us total=497ms | rf=2073 ru=752 | rows=60 max_span=393 coeff_kb=15 recovered=8794 seen=9074
FDIAGLINE c8L rep=1 site=srv [FDIAG] frontier=107271 seen=117786 gap=10515 probe_holes=3670 probe_buffered=197 | DECODE n=2 avg=5068us present_at_stall=2 | SOURCE n=3298 avg=3146us | COMPUTE calls=117370 avg=4us max=750us total=536ms | rf=2477 ru=904 | rows=197 max_span=463 coeff_kb=54 recovered=13107 seen=13778
FDIAGLINE c8L rep=1 site=srv [FDIAG] frontier=107582 seen=123170 gap=15588 probe_holes=5414 probe_buffered=260 | DECODE n=2 avg=5068us present_at_stall=2 | SOURCE n=3318 avg=3348us | COMPUTE calls=121220 avg=4us max=238us total=564ms | rf=2706 ru=988 | rows=260 max_span=463 coeff_kb=67 recovered=16747 seen=17628
FDIAGLINE c8L rep=1 site=srv [FDIAG] frontier=109343 seen=126582 gap=17239 probe_holes=5088 probe_buffered=272 | DECODE n=2 avg=5068us present_at_stall=2 | SOURCE n=3524 avg=3252us | COMPUTE calls=125177 avg=4us max=358us total=595ms | rf=3014 ru=1094 | rows=272 max_span=463 coeff_kb=69 recovered=20485 seen=21585
FDIAGLINE c8L rep=1 site=srv [FDIAG] frontier=110264 seen=128074 gap=17810 probe_holes=4800 probe_buffered=260 | DECODE n=2 avg=5068us present_at_stall=2 | SOURCE n=3824 avg=3144us | COMPUTE calls=127232 avg=4us max=185us total=613ms | rf=3276 ru=1101 | rows=260 max_span=463 coeff_kb=66 recovered=14342 seen=15629
FDIAGLINE c8L rep=1 site=srv [FDIAG] frontier=112360 seen=130493 gap=18133 probe_holes=4322 probe_buffered=168 | DECODE n=2 avg=5068us present_at_stall=2 | SOURCE n=3892 avg=3213us | COMPUTE calls=130476 avg=4us max=280us total=642ms | rf=3651 ru=1124 | rows=168 max_span=463 coeff_kb=37 recovered=17239 seen=18873
FDIAGLINE c8L rep=1 site=srv [FDIAG] frontier=112913 seen=131928 gap=19015 probe_holes=4076 probe_buffered=167 | DECODE n=2 avg=5068us present_at_stall=2 | SOURCE n=4140 avg=3112us | COMPUTE calls=132371 avg=4us max=235us total=655ms | rf=3867 ru=1141 | rows=167 max_span=463 coeff_kb=36 recovered=18920 seen=20758
FDIAGLINE c8L rep=1 site=srv [FDIAG] frontier=114980 seen=134022 gap=19042 probe_holes=3938 probe_buffered=152 | DECODE n=2 avg=5068us present_at_stall=2 | SOURCE n=4295 avg=3114us | COMPUTE calls=134734 avg=4us max=74us total=666ms | rf=3998 ru=1141 | rows=152 max_span=463 coeff_kb=33 recovered=21152 seen=23121
FDIAGLINE c8L rep=1 site=srv [FDIAG] frontier=115180 seen=135485 gap=20305 probe_holes=3758 probe_buffered=152 | DECODE n=2 avg=5068us present_at_stall=2 | SOURCE n=4476 avg=3085us | COMPUTE calls=136539 avg=4us max=60us total=675ms | rf=4150 ru=1141 | rows=152 max_span=463 coeff_kb=33 recovered=17148 seen=18798
FDIAGLINE c8L rep=1 site=srv [FDIAG] frontier=115352 seen=137117 gap=21765 probe_holes=3653 probe_buffered=168 | DECODE n=2 avg=5068us present_at_stall=2 | SOURCE n=4626 avg=3078us | COMPUTE calls=138354 avg=4us max=272us total=688ms | rf=4268 ru=1197 | rows=168 max_span=463 coeff_kb=37 recovered=18885 seen=20613
FDIAGLINE c8L rep=1 site=srv [FDIAG] frontier=115524 seen=138744 gap=23220 probe_holes=3494 probe_buffered=152 | DECODE n=2 avg=5068us present_at_stall=2 | SOURCE n=4776 avg=3081us | COMPUTE calls=140219 avg=5us max=312us total=704ms | rf=4388 ru=1222 | rows=152 max_span=463 coeff_kb=33 recovered=20671 seen=22478
FDIAGLINE c8L rep=1 site=srv [FDIAG] frontier=115696 seen=140280 gap=24584 probe_holes=3337 probe_buffered=143 | DECODE n=2 avg=5068us present_at_stall=2 | SOURCE n=4917 avg=3090us | COMPUTE calls=142032 avg=5us max=192us total=713ms | rf=4516 ru=1240 | rows=143 max_span=463 coeff_kb=32 recovered=21652 seen=23569
FDIAGLINE c8L rep=1 site=srv [FDIAG] frontier=115814 seen=142299 gap=26485 probe_holes=3347 probe_buffered=175 | DECODE n=2 avg=5068us present_at_stall=2 | SOURCE n=5035 avg=3129us | COMPUTE calls=144128 avg=5us max=250us total=727ms | rf=4607 ru=1276 | rows=175 max_span=463 coeff_kb=38 recovered=23661 seen=25665
FDIAGLINE c8L rep=1 site=srv [FDIAG] frontier=115971 seen=144565 gap=28594 probe_holes=3267 probe_buffered=194 | DECODE n=2 avg=5068us present_at_stall=2 | SOURCE n=5156 avg=3151us | COMPUTE calls=146558 avg=5us max=357us total=743ms | rf=4703 ru=1312 | rows=194 max_span=463 coeff_kb=42 recovered=26007 seen=28095
FDIAGLINE c8L rep=1 site=srv [FDIAG] frontier=116046 seen=145164 gap=29118 probe_holes=3197 probe_buffered=186 | DECODE n=2 avg=5068us present_at_stall=2 | SOURCE n=5231 avg=3200us | COMPUTE calls=147265 avg=5us max=498us total=752ms | rf=4773 ru=1346 | rows=186 max_span=463 coeff_kb=40 recovered=26676 seen=28792
FDIAGLINE c8L rep=1 site=srv [FDIAG] frontier=116191 seen=146231 gap=30040 probe_holes=3097 probe_buffered=194 | DECODE n=2 avg=5068us present_at_stall=2 | SOURCE n=5343 avg=3218us | COMPUTE calls=148513 avg=5us max=245us total=765ms | rf=4867 ru=1375 | rows=194 max_span=463 coeff_kb=43 recovered=27394 seen=29582
FDIAGLINE c8L rep=1 site=srv [FDIAG] frontier=116306 seen=147347 gap=31041 probe_holes=2994 probe_buffered=178 | DECODE n=2 avg=5068us present_at_stall=2 | SOURCE n=5441 avg=3234us | COMPUTE calls=149811 avg=5us max=204us total=776ms | rf=4955 ru=1375 | rows=178 max_span=463 coeff_kb=38 recovered=28613 seen=30880
FDIAGLINE c8L rep=1 site=srv [FDIAG] frontier=116430 seen=148923 gap=32493 probe_holes=2920 probe_buffered=178 | DECODE n=2 avg=5068us present_at_stall=2 | SOURCE n=5546 avg=3243us | COMPUTE calls=151541 avg=5us max=160us total=784ms | rf=5040 ru=1385 | rows=178 max_span=463 coeff_kb=38 recovered=30263 seen=32610
FDIAGLINE c8L rep=1 site=srv [FDIAG] frontier=116543 seen=150847 gap=34304 probe_holes=2867 probe_buffered=195 | DECODE n=2 avg=5068us present_at_stall=2 | SOURCE n=5576 avg=3341us | COMPUTE calls=153613 avg=5us max=166us total=796ms | rf=5125 ru=1402 | rows=195 max_span=463 coeff_kb=41 recovered=32240 seen=34672
FDIAGLINE c8L rep=1 site=srv [FDIAG] frontier=116671 seen=152187 gap=35516 probe_holes=2785 probe_buffered=201 | DECODE n=2 avg=5068us present_at_stall=2 | SOURCE n=5615 avg=3407us | COMPUTE calls=155110 avg=5us max=295us total=806ms | rf=5217 ru=1426 | rows=201 max_span=463 coeff_kb=42 recovered=33260 seen=35762
FDIAGLINE c8L rep=1 site=srv [FDIAG] frontier=116799 seen=153707 gap=36908 probe_holes=2738 probe_buffered=213 | DECODE n=2 avg=5068us present_at_stall=2 | SOURCE n=5684 avg=3464us | COMPUTE calls=156769 avg=5us max=136us total=817ms | rf=5309 ru=1438 | rows=213 max_span=463 coeff_kb=44 recovered=34827 seen=37421
FDIAGLINE c8L rep=1 site=srv [FDIAG] frontier=116808 seen=154842 gap=38034 probe_holes=2720 probe_buffered=220 | DECODE n=2 avg=5068us present_at_stall=2 | SOURCE n=5693 avg=3512us | COMPUTE calls=157978 avg=5us max=82us total=824ms | rf=5355 ru=1445 | rows=220 max_span=463 coeff_kb=46 recovered=35980 seen=38620
FDIAGLINE c8L rep=1 site=srv [FDIAG] frontier=116925 seen=156289 gap=39364 probe_holes=2677 probe_buffered=218 | DECODE n=2 avg=5068us present_at_stall=2 | SOURCE n=5761 avg=3602us | COMPUTE calls=159509 avg=5us max=144us total=835ms | rf=5411 ru=1461 | rows=218 max_span=463 coeff_kb=46 recovered=37470 seen=40151
FDIAGLINE c8L rep=1 site=srv [FDIAG] frontier=118410 seen=156796 gap=38386 probe_holes=2591 probe_buffered=202 | DECODE n=2 avg=5068us present_at_stall=2 | SOURCE n=5839 avg=3606us | COMPUTE calls=160156 avg=5us max=239us total=842ms | rf=5487 ru=1483 | rows=202 max_span=411 coeff_kb=41 recovered=37681 seen=40396
FDIAGLINE c8L rep=1 site=srv [FDIAG] frontier=118554 seen=157630 gap=39076 probe_holes=2464 probe_buffered=193 | DECODE n=2 avg=5068us present_at_stall=2 | SOURCE n=5945 avg=3629us | COMPUTE calls=161232 avg=5us max=181us total=849ms | rf=5595 ru=1495 | rows=193 max_span=411 coeff_kb=39 recovered=38642 seen=41445
FDIAGLINE c8L rep=1 site=srv [FDIAG] frontier=118652 seen=158087 gap=39435 probe_holes=2385 probe_buffered=193 | DECODE n=2 avg=5068us present_at_stall=2 | SOURCE n=6024 avg=3682us | COMPUTE calls=161862 avg=5us max=96us total=853ms | rf=5672 ru=1495 | rows=193 max_span=411 coeff_kb=39 recovered=39178 seen=42058
FDIAGLINE c8L rep=1 site=srv [FDIAG] frontier=118762 seen=158491 gap=39729 probe_holes=2277 probe_buffered=186 | DECODE n=2 avg=5068us present_at_stall=2 | SOURCE n=6125 avg=3684us | COMPUTE calls=162461 avg=5us max=51us total=856ms | rf=5759 ru=1495 | rows=186 max_span=411 coeff_kb=37 recovered=37883 seen=40695
FDIAGLINE c8L rep=1 site=srv [FDIAG] frontier=118913 seen=159097 gap=40184 probe_holes=2167 probe_buffered=186 | DECODE n=2 avg=5068us present_at_stall=2 | SOURCE n=6235 avg=3707us | COMPUTE calls=163337 avg=5us max=48us total=860ms | rf=5879 ru=1495 | rows=186 max_span=411 coeff_kb=37 recovered=38599 seen=41531
FDIAGLINE c8L rep=1 site=srv [FDIAG] frontier=119028 seen=159621 gap=40593 probe_holes=2071 probe_buffered=186 | DECODE n=2 avg=5068us present_at_stall=2 | SOURCE n=6331 avg=3730us | COMPUTE calls=164039 avg=5us max=169us total=865ms | rf=5963 ru=1505 | rows=186 max_span=411 coeff_kb=37 recovered=39219 seen=42225
FDIAGLINE c8L rep=1 site=srv [FDIAG] frontier=119088 seen=160262 gap=41174 probe_holes=2014 probe_buffered=176 | DECODE n=2 avg=5068us present_at_stall=2 | SOURCE n=6378 avg=3790us | COMPUTE calls=164873 avg=5us max=215us total=870ms | rf=6049 ru=1505 | rows=176 max_span=411 coeff_kb=35 recovered=39917 seen=43009
FDIAGLINE c8L rep=1 site=srv [FDIAG] frontier=119158 seen=160862 gap=41704 probe_holes=1944 probe_buffered=176 | DECODE n=2 avg=5068us present_at_stall=2 | SOURCE n=6448 avg=3808us | COMPUTE calls=165617 avg=5us max=58us total=873ms | rf=6113 ru=1505 | rows=176 max_span=411 coeff_kb=35 recovered=40211 seen=43359
FDIAGLINE c8L rep=1 site=srv [FDIAG] frontier=119178 seen=161990 gap=42812 probe_holes=1749 probe_buffered=176 | DECODE n=2 avg=5068us present_at_stall=2 | SOURCE n=6468 avg=3815us | COMPUTE calls=167130 avg=5us max=404us total=883ms | rf=6294 ru=1530 | rows=176 max_span=411 coeff_kb=35 recovered=41534 seen=44838
FDIAGLINE c8L rep=1 site=srv [FDIAG] frontier=119635 seen=163612 gap=43977 probe_holes=1519 probe_buffered=184 | DECODE n=2 avg=5068us present_at_stall=2 | SOURCE n=6488 avg=3947us | COMPUTE calls=169278 avg=5us max=198us total=895ms | rf=6534 ru=1551 | rows=184 max_span=411 coeff_kb=37 recovered=43386 seen=46917
FDIAGLINE c8L rep=1 site=srv [FDIAG] frontier=120629 seen=164587 gap=43958 probe_holes=1358 probe_buffered=150 | DECODE n=2 avg=5068us present_at_stall=2 | SOURCE n=6543 avg=4021us | COMPUTE calls=170585 avg=5us max=307us total=902ms | rf=6686 ru=1552 | rows=150 max_span=202 coeff_kb=29 recovered=44522 seen=48204
FDIAGLINE c8L rep=1 site=srv [FDIAG] frontier=120725 seen=165097 gap=44372 probe_holes=1276 probe_buffered=150 | DECODE n=2 avg=5068us present_at_stall=2 | SOURCE n=6625 avg=4032us | COMPUTE calls=171297 avg=5us max=26us total=905ms | rf=6776 ru=1552 | rows=150 max_span=202 coeff_kb=29 recovered=43593 seen=47321
FDIAGLINE c8L rep=1 site=srv [FDIAG] frontier=120825 seen=165740 gap=44915 probe_holes=1206 probe_buffered=158 | DECODE n=2 avg=5068us present_at_stall=2 | SOURCE n=6725 avg=4043us | COMPUTE calls=172084 avg=5us max=221us total=910ms | rf=6864 ru=1584 | rows=158 max_span=202 coeff_kb=31 recovered=44306 seen=48098
FDIAGLINE c8L rep=1 site=srv [FDIAG] frontier=120920 seen=166378 gap=45458 probe_holes=1135 probe_buffered=166 | DECODE n=2 avg=5068us present_at_stall=2 | SOURCE n=6806 avg=4121us | COMPUTE calls=172892 avg=5us max=138us total=914ms | rf=6943 ru=1592 | rows=166 max_span=202 coeff_kb=32 recovered=45015 seen=48886
FDIAGLINE c8L rep=1 site=srv [FDIAG] frontier=120986 seen=167137 gap=46151 probe_holes=1059 probe_buffered=158 | DECODE n=2 avg=5068us present_at_stall=2 | SOURCE n=6872 avg=4137us | COMPUTE calls=173848 avg=5us max=218us total=918ms | rf=7036 ru=1595 | rows=158 max_span=202 coeff_kb=31 recovered=45541 seen=49478
FDIAGLINE c8L rep=1 site=srv [FDIAG] frontier=121200 seen=167997 gap=46797 probe_holes=929 probe_buffered=141 | DECODE n=3 avg=119703us present_at_stall=3 | SOURCE n=6939 avg=4153us | COMPUTE calls=174959 avg=5us max=207us total=924ms | rf=7148 ru=1596 | rows=141 max_span=202 coeff_kb=27 recovered=46531 seen=50579
FDIAGLINE c8L rep=1 site=srv [FDIAG] frontier=121362 seen=168550 gap=47188 probe_holes=843 probe_buffered=141 | DECODE n=3 avg=119703us present_at_stall=3 | SOURCE n=7025 avg=4160us | COMPUTE calls=175685 avg=5us max=44us total=927ms | rf=7225 ru=1596 | rows=141 max_span=202 coeff_kb=27 recovered=47170 seen=51295
FDIAGLINE c8L rep=1 site=srv [FDIAG] frontier=121392 seen=168808 gap=47416 probe_holes=813 probe_buffered=141 | DECODE n=3 avg=119703us present_at_stall=3 | SOURCE n=7055 avg=4150us | COMPUTE calls=176033 avg=5us max=21us total=928ms | rf=7265 ru=1596 | rows=141 max_span=202 coeff_kb=27 recovered=47458 seen=51623
FDIAGLINE c8L rep=1 site=srv [FDIAG] frontier=122115 seen=169205 gap=47090 probe_holes=722 probe_buffered=141 | DECODE n=3 avg=119703us present_at_stall=3 | SOURCE n=7146 avg=4252us | COMPUTE calls=176644 avg=5us max=42us total=931ms | rf=7360 ru=1596 | rows=141 max_span=202 coeff_kb=27 recovered=47492 seen=51752
FDIAGLINE c8L rep=1 site=srv [FDIAG] frontier=122194 seen=169205 gap=47011 probe_holes=656 probe_buffered=141 | DECODE n=3 avg=119703us present_at_stall=3 | SOURCE n=7212 avg=4272us | COMPUTE calls=176788 avg=5us max=117us total=933ms | rf=7424 ru=1596 | rows=141 max_span=202 coeff_kb=27 recovered=47558 seen=51882
FDIAGLINE c8L rep=1 site=srv [FDIAG] frontier=128282 seen=169205 gap=40923 probe_holes=536 probe_buffered=116 | DECODE n=3 avg=119703us present_at_stall=3 | SOURCE n=7307 avg=4277us | COMPUTE calls=177004 avg=5us max=63us total=935ms | rf=7520 ru=1596 | rows=116 max_span=202 coeff_kb=22 recovered=47678 seen=52098
FDIAGLINE c8L rep=1 site=srv [FDIAG] frontier=140901 seen=169205 gap=28304 probe_holes=425 probe_buffered=116 | DECODE n=3 avg=119703us present_at_stall=3 | SOURCE n=7368 avg=4306us | COMPUTE calls=177212 avg=5us max=26us total=936ms | rf=7617 ru=1596 | rows=116 max_span=202 coeff_kb=22 recovered=35260 seen=38591
FDIAGLINE c8L rep=1 site=srv [FDIAG] frontier=148289 seen=169205 gap=20916 probe_holes=239 probe_buffered=52 | DECODE n=3 avg=119703us present_at_stall=3 | SOURCE n=7490 avg=4290us | COMPUTE calls=177538 avg=5us max=132us total=938ms | rf=7763 ru=1596 | rows=52 max_span=202 coeff_kb=10 recovered=35446 seen=38917
FDIAGLINE c8L rep=1 site=srv [FDIAG] frontier=150961 seen=169205 gap=18244 probe_holes=154 probe_buffered=28 | DECODE n=3 avg=119703us present_at_stall=3 | SOURCE n=7510 avg=4353us | COMPUTE calls=177690 avg=5us max=115us total=939ms | rf=7834 ru=1596 | rows=28 max_span=202 coeff_kb=5 recovered=35531 seen=39069
OUT-OF-BAND c8L rep=1 mbps=44.623 band=[45,95] (RESULT, not an abort — cause to be named)
SIGBBAND {"cell":"c8L","seed":42,"rep":1,"rc":0,"mbps":44.623,"band":[45,95],"in_band":0,"gen_plateau":0,"lossy":1}
=== rep=1 cell=sc2 seed=42 spec=c2/c2/single bytes=100000000 23:09:57
[2m2026-08-20T23:09:58.805359Z[0m [32m INFO[0m [2mraptorpath::gates[0m[2m:[0m [GATES] RWM_UNIFIED=1 RWM_UNIFIED_SHED=1 RWM_TAPER_R=1 RWM_ASTAR_ANCHOR=1 RWM_MSTAR_ANCHOR=1 RWM_PLAIN_RS=0 RWM_HONEST_ANCHOR=1 RWM_HONEST_K=0 RWM_STORE_SACK_RELEASE=1 RWM_STORE_PATHS=1 RWM_STORE_PATH_POOL=2048 RWM_STORE=unset RWM_STORE_GAIN=2 RWM_STORE_BOOT=128 RWM_STORE_CAPW=0 RWM_STORE_CAP_UNIFIED=0 RWM_THREE_TERM=0 RWM_COMPOSED_CAP=0 RWM_SUM_CAP=1 RWM_LATE_BRAKE=0 RWM_DELTA_CAP=1 RWM_STORE_PERCAP=0 RWM_PERCAP_GUARD=1 RWM_STORE_BORROW=0 RWM_HONEST_CAP=1 RWM_POOL_ANCHOR=0 RWM_POOL_DELIV=0 RWM_FLOOR_BOUND=0 RWM_ACK_MERGE=1 RWM_LOSS_SENT_TRUTH=0 RWM_RELEASE_1TO1=0 RWM_CHARGE_RECOVERY=0 RWM_PATIENCE_DERIVED=0 RWM_SIDLE_DERIVED=0 RWM_WIN_DECOUPLE=0 RWM_PLACE_SLACK=0 RWM_COLD_PLACE=0 RWM_GEN=384 RWM_PIPELINE=2 RWM_GEN_PIPE=1 RWM_GEN_R=unset RWM_GEN_RATE=9000 RWM_GEN_RATE_FLOOR=2000 RWM_GEN_INFLIGHT=unset RWM_OOO_RETAIN=0/16 RWM_WINDOW=unset RWM_REPORT_GENS=unset RWM_REPAIR_WAIT=unset RWM_CODED_SRC=0 RWM_NO_REACTIVE=0 RWM_XPATH_REPAIR=0 RWM_PROACTIVE_PACER=0 RWM_REASM_BDP=0 RWM_MIN_R=0 RWM_CC_PACE=0 RWM_CC_PACE_HR=1.1 RWM_REACT_CAP=unset RWM_INFL_CAP=0 RWM_INFL_BDP=unset RWM_COPA_FEED=0 RWM_RS_ATTR=1 RWM_EMIT_BATCH=0 RWM_EMIT_BURST=64 RWM_RECOV_MP=1 RWM_RECOV_MP_LAW=1 RWM_RECOV_MP_LIVE=0 RWM_RECOV_SP=0 RWM_DERIVED_SWEEP=0 RWM_RACK_CLOCKS=0 RWM_RACK_REO_MULT=1 RWM_QUANTILE_CLOCKS=0 RWM_ALPHA_OVERRIDE=unset RWM_DIAG=1 RWM_ACKDIAG=1 RWM_ACKDIAG_WINDOW_US=2000000 RWM_WALLDIAG=1 RWM_CPUPROF=0 RWM_RDIAG=0 RWM_FDIAG=1 RWM_TRACE=0 RWM_PFRAC=0
{"bytes":100000000,"dnf":0,"hint":"bulk","max_s":8.9687,"mean_mbps":89.199,"mean_s":8.9687,"median_s":8.9687,"min_s":8.9687,"proto":"rp-native","runs":1,"stdev_s":0.0,"summary":true}
    LATPROBE-LEG leg=0 file=/tmp/rwm-ping-0.txt sent=176 recv=168 censor=4.55% p50=90.1[censor=4.55% ok] p95=96.0[censor=4.55% ok] p99=96.9[censor=4.55% UNSCOREABLE(inside censored tail)]
    LATPROBE: 1 leg(s) /tmp/rwm-ping-0.txt=168 replies
    CPU: CPUSRV=7.78s CPUCLI=6.45s (srv=decoder cli=sender; whole-invocation incl warmup)
    QDISC cli0: qdisc netem aa99: root refcnt 7 limit 1000 delay 5ms  3ms loss gemodel p 1.3% r 50% 1-h 100% 1-k 0% rate 100Mbit seed 42  Sent 111740081 bytes 86417 pkt (dropped 334, overlimits 0 requeues 0)   backlog 0b 0p requeues 0 
    QDISC srv0: qdisc netem aa9b: root refcnt 7 limit 1000 delay 5ms  3ms rate 100Mbit seed 2362502608990965449  Sent 10877132 bytes 61087 pkt (dropped 0, overlimits 0 requeues 0)   backlog 0b 0p requeues 0 
    QCAP: /tmp/rwm-q.txt 10 lines
RUNTIME sc2 rep=1 11s rc=0
LIVENESS sc2 rep=1 RWM_DELTA_CAP=RWM_DELTA_CAP=1/RWM_DELTA_CAP=1(exp1) RWM_SUM_CAP=RWM_SUM_CAP=1/RWM_SUM_CAP=1(exp1) RWM_QUANTILE_CLOCKS=RWM_QUANTILE_CLOCKS=0/RWM_QUANTILE_CLOCKS=0(exp0) RWM_RACK_CLOCKS=RWM_RACK_CLOCKS=0/RWM_RACK_CLOCKS=0(exp0) RWM_DERIVED_SWEEP=RWM_DERIVED_SWEEP=0/RWM_DERIVED_SWEEP=0(exp0) RWM_COMPOSED_CAP=RWM_COMPOSED_CAP=0/RWM_COMPOSED_CAP=0(exp0) RWM_THREE_TERM=RWM_THREE_TERM=0/RWM_THREE_TERM=0(exp0) RWM_STORE_CAP_UNIFIED=RWM_STORE_CAP_UNIFIED=0/RWM_STORE_CAP_UNIFIED=0(exp0) RWM_LATE_BRAKE=RWM_LATE_BRAKE=0/RWM_LATE_BRAKE=0(exp0) RWM_CHARGE_RECOVERY=RWM_CHARGE_RECOVERY=0/RWM_CHARGE_RECOVERY=0(exp0) RWM_RELEASE_1TO1=RWM_RELEASE_1TO1=0/RWM_RELEASE_1TO1=0(exp0) RWM_LOSS_SENT_TRUTH=RWM_LOSS_SENT_TRUTH=0/RWM_LOSS_SENT_TRUTH=0(exp0) RWM_ALPHA_OVERRIDE=RWM_ALPHA_OVERRIDE=unset/RWM_ALPHA_OVERRIDE=unset(expunset) RWM_DIAG=RWM_DIAG=1/RWM_DIAG=1(exp1) RWM_FDIAG=RWM_FDIAG=1/RWM_FDIAG=1(exp1) RWM_ACKDIAG=RWM_ACKDIAG=1/RWM_ACKDIAG=1(exp1) RWM_WALLDIAG=RWM_WALLDIAG=1/RWM_WALLDIAG=1(exp1)
SIGBREAD sc2 42 1 cli p0 blk=1 sig=141/2048 rvar=110/2048 qsp=13862/256 msd=12/255
SIGBREAD sc2 42 1 cli p0 blk=2 sig=454/4448 rvar=443/4448 qsp=4102/256 msd=7/255
SIGBREAD sc2 42 1 cli p0 blk=3 sig=876/6859 rvar=801/6859 qsp=6648/256 msd=7/255
SIGBREAD sc2 42 1 cli p0 blk=4 sig=439/9277 rvar=385/9277 qsp=1802/256 msd=7/255
SIGBREAD sc2 42 1 cli p0 blk=5 sig=71/11691 rvar=35/11691 qsp=1478/256 msd=7/255
SIGBREAD sc2 42 1 cli p0 blk=6 sig=494/14127 rvar=449/14127 qsp=1454/256 msd=6/255
SIGBREAD sc2 42 1 cli p0 blk=7 sig=78/16546 rvar=59/16546 qsp=1293/256 msd=9/255
SIGBREAD sc2 42 1 cli p0 blk=8 sig=1056/18912 rvar=826/18912 qsp=1743/256 msd=9/255
SIGBREAD sc2 42 1 cli p0 blk=9 sig=162/21392 rvar=123/21392 qsp=1324/256 msd=10/255
SIGBREAD sc2 42 1 cli p0 blk=10 sig=491/23801 rvar=464/23801 qsp=954/256 msd=6/255
SIGBREAD sc2 42 1 cli p0 blk=11 sig=343/26209 rvar=158/26209 qsp=1538/256 msd=7/255
SIGBREAD sc2 42 1 cli p0 blk=12 sig=656/28618 rvar=627/28618 qsp=1404/256 msd=7/255
SIGBREAD sc2 42 1 cli p0 blk=13 sig=564/31035 rvar=489/31035 qsp=1930/256 msd=7/255
SIGBREAD sc2 42 1 cli p0 blk=14 sig=301/33444 rvar=256/33444 qsp=1123/256 msd=7/255
SIGBREAD sc2 42 1 cli p0 blk=15 sig=429/35842 rvar=330/35842 qsp=1949/256 msd=8/255
SIGBREAD sc2 42 1 cli p0 blk=16 sig=3414/38133 rvar=2596/38133 qsp=2066/256 msd=8/255
SIGBREAD sc2 42 1 cli p0 blk=17 sig=463/40669 rvar=417/40669 qsp=1552/256 msd=12/255
SIGBREAD sc2 42 1 cli p0 blk=18 sig=860/43093 rvar=817/43093 qsp=1485/256 msd=20/255
SIGBREAD sc2 42 1 cli p0 blk=19 sig=505/45499 rvar=276/45499 qsp=3895/256 msd=11/255
SIGBREAD sc2 42 1 cli p0 blk=20 sig=338/47906 rvar=246/47906 qsp=2379/256 msd=17/255
SIGBREAD sc2 42 1 cli p0 blk=21 sig=355/50319 rvar=302/50319 qsp=1177/256 msd=16/255
SIGBREAD sc2 42 1 cli p0 blk=22 sig=499/52727 rvar=452/52727 qsp=1686/256 msd=12/255
SIGBREAD sc2 42 1 cli p0 blk=23 sig=169/55147 rvar=146/55147 qsp=1664/256 msd=15/255
SIGBREAD sc2 42 1 cli p0 blk=24 sig=1585/57526 rvar=1396/57526 qsp=2064/256 msd=12/255
SIGBREAD sc2 42 1 cli p0 blk=25 sig=849/59950 rvar=801/59950 qsp=1442/256 msd=12/255
SIGBREAD sc2 42 1 cli p0 blk=26 sig=684/62355 rvar=275/62355 qsp=1261/256 msd=19/255
SIGBREAD sc2 42 1 cli p0 blk=27 sig=739/64779 rvar=704/64779 qsp=1448/256 msd=15/255
SIGBREAD sc2 42 1 cli p0 blk=28 sig=1506/67198 rvar=1413/67198 qsp=941/256 msd=14/255
SIGBREAD sc2 42 1 cli p0 blk=29 sig=315/69594 rvar=277/69594 qsp=4723/256 msd=14/255
SIGBREAD sc2 42 1 cli p0 blk=30 sig=343/72005 rvar=311/72005 qsp=1954/256 msd=12/255
SIGBREAD sc2 42 1 cli p0 blk=31 sig=545/74421 rvar=516/74421 qsp=1652/256 msd=14/255
SIGBREAD sc2 42 1 cli p0 blk=32 sig=237/76818 rvar=165/76818 qsp=5723/256 msd=14/255
SIGBREAD sc2 42 1 cli p0 blk=33 sig=141/79234 rvar=132/79234 qsp=1388/256 msd=8/255
SIGBREAD sc2 42 1 cli p0 blk=34 sig=636/81663 rvar=604/81663 qsp=1146/256 msd=11/255
SIGBREAD sc2 42 1 cli p0 blk=35 sig=324/84070 rvar=291/84070 qsp=1321/256 msd=13/255
SIGBREAD sc2 42 1 srv p0 blk=1 sig=17297/9 rvar=15170/9 qsp=11550/9 msd=11099/8
SIGBREAD sc2 42 1 srv p0 blk=2 sig=33008/15 rvar=31676/15 qsp=44308/15 msd=8450/14
SIGBREAD sc2 42 1 srv p0 blk=3 sig=26362/21 rvar=25163/21 qsp=31809/21 msd=2109/20
SIGBREAD sc2 42 1 srv p0 blk=4 sig=16393/25 rvar=13696/25 qsp=23359/25 msd=474/24
SIGBREAD sc2 42 1 srv p0 blk=5 sig=9629/31 rvar=8489/31 qsp=6178/31 msd=474/30
SIGBREAD sc2 42 1 srv p0 blk=6 sig=4001/39 rvar=3130/39 qsp=6070/39 msd=604/38
SIGBREAD sc2 42 1 srv p0 blk=7 sig=4930/41 rvar=4334/41 qsp=5995/41 msd=1231/40
SIGBREAD sc2 42 1 srv p0 blk=8 sig=3224/45 rvar=2708/45 qsp=5533/45 msd=1206/44
SIGBREAD sc2 42 1 srv p0 blk=9 sig=3224/45 rvar=2708/45 qsp=5533/45 msd=1206/44
SIGBREAD sc2 42 1 srv p0 blk=10 sig=2321/49 rvar=1998/49 qsp=5271/49 msd=1030/48
SIGBREAD sc2 42 1 srv p0 blk=11 sig=1986/51 rvar=1754/51 qsp=5271/51 msd=1030/50
SIGBREAD sc2 42 1 srv p0 blk=12 sig=2022/55 rvar=1937/55 qsp=5313/55 msd=732/54
SIGBREAD sc2 42 1 srv p0 blk=13 sig=1898/57 rvar=1841/57 qsp=5272/57 msd=732/56
SIGBREAD sc2 42 1 srv p0 blk=14 sig=1167/61 rvar=850/61 qsp=5248/61 msd=604/60
SIGBREAD sc2 42 1 srv p0 blk=15 sig=1133/63 rvar=953/63 qsp=5248/63 msd=604/62
SIGBREAD sc2 42 1 srv p0 blk=16 sig=2260/65 rvar=1919/65 qsp=5248/65 msd=604/64
SIGBREAD sc2 42 1 srv p0 blk=17 sig=1823/67 rvar=1517/67 qsp=4357/67 msd=604/66
SIGBREAD sc2 42 1 srv p0 blk=18 sig=1129/71 rvar=801/71 qsp=4341/71 msd=604/70
SIGBREAD sc2 42 1 srv p0 blk=19 sig=4443/73 rvar=3329/73 qsp=4354/73 msd=604/72
SIGBREAD sc2 42 1 srv p0 blk=20 sig=6182/75 rvar=5309/75 qsp=5031/75 msd=604/74
SIGBREAD sc2 42 1 srv p0 blk=21 sig=4466/79 rvar=3677/79 qsp=5008/79 msd=604/78
SIGBREAD sc2 42 1 srv p0 blk=22 sig=3678/81 rvar=3070/81 qsp=4815/81 msd=604/80
SIGBREAD sc2 42 1 srv p0 blk=23 sig=2834/83 rvar=2155/83 qsp=5008/83 msd=604/82
SIGBREAD sc2 42 1 srv p0 blk=24 sig=2714/87 rvar=2452/87 qsp=4856/87 msd=604/86
SIGBREAD sc2 42 1 srv p0 blk=25 sig=2276/89 rvar=2052/89 qsp=4663/89 msd=604/88
SIGBREAD sc2 42 1 srv p0 blk=26 sig=1895/93 rvar=1798/93 qsp=4663/93 msd=604/92
SIGBREAD sc2 42 1 srv p0 blk=27 sig=1668/95 rvar=1502/95 qsp=4039/95 msd=611/94
SIGBREAD sc2 42 1 srv p0 blk=28 sig=1082/99 rvar=756/99 qsp=3891/99 msd=604/98
SIGBREAD sc2 42 1 srv p0 blk=29 sig=6183/101 rvar=4471/101 qsp=3984/101 msd=604/100
SIGBREAD sc2 42 1 srv p0 blk=30 sig=37104/106 rvar=24275/106 qsp=4645/106 msd=604/105
SIGBMETA sc2 42 1 {"seconds": 8.968662, "mbps": 89.199, "diag_blocks_cli": 35, "diag_blocks_srv": 30, "reads_cli": 35, "reads_srv": 30, "tc_bytes": 111740081, "tc_pkts": 86417, "tc_drop": 334, "tc_s": 11}
SIGBPROBE sc2 42 1 {"leg": 0, "file": "/tmp/rwm-ping-0.txt", "n": 168, "sent": 176, "recv": 168, "sent_source": "summary", "summary_tx": 176, "summary_rx": 168, "recv_mismatch": false, "censor_frac": 0.0455, "censor_pct": 4.55, "contract_bar": 0.2, "leg_unscoreable": false, "min": 9.23, "max": 97.3, "p50": 90.1, "p50_censored": false, "p50_scoreable": true, "p95": 96.0, "p95_censored": false, "p95_scoreable": true, "p99": 96.9, "p99_censored": true, "p99_scoreable": false, "n_samples": 168, "spacing_ms": 50.0, "spacing_obs_ms": 50.0, "seq_span": 175, "qsp": 4900.0, "msd": 1600.0, "sd": 14966.004, "msd_adj": 1600.0, "msd_pairs": 167, "msd_adj_pairs": 159, "adj_frac": 0.9521, "sd_mad": 7522.472, "qsp_structural_dead": false, "qsp_structural_bar": 0.1}
SIGBWITNESS {"cell": "sc2", "seed": 42, "rep": 1, "mbps": 89.199, "seconds": 8.968662, "W1_rfa_gen": 0, "W2_pfrac_lines": 0, "W4_retx_max": 3013, "W5_rack_fa": "2295/3087", "W7_group_misses_cli": 0, "W7_group_misses_srv": 0, "diag_blocks_cli": 35, "diag_blocks_srv": 30, "gen_plateau": false, "plateau_band": [26.8, 34.1]}
W7TOKEN sc2 rep=1 sig_us cli=35 srv=30
W7TOKEN sc2 rep=1 rvar_us cli=35 srv=30
W7TOKEN sc2 rep=1 qsp_us cli=35 srv=30
W7TOKEN sc2 rep=1 msd_us cli=35 srv=30
RACKLINE sc2 rep=1 site=cli [RACK] on=0 evals=0 ceil=0.0000 gran=0.0000 legacy_pin=0.0000 round=0.0 legacy=0.0 mult=1 fa=56/56 fa_frac=1.0000 fa_class=0.0625
RACKLINE sc2 rep=1 site=cli [RACK] on=0 evals=0 ceil=0.0000 gran=0.0000 legacy_pin=0.0000 round=0.0 legacy=0.0 mult=1 fa=2295/3087 fa_frac=0.7434 fa_class=0.0625
RFALINE sc2 rep=1 site=cli [RFA] gen=0 fires=13 false=13 false_frac=1.0000 fill_coded=0 fill_src=0 dup_src=13 preempt_src=0 src_n=14 rep_n=12 nu_recv=0.92857 fa_class=0.0625
RFALINE sc2 rep=1 site=cli [RFA] gen=0 fires=22 false=22 false_frac=1.0000 fill_coded=0 fill_src=0 dup_src=22 preempt_src=0 src_n=23 rep_n=21 nu_recv=0.95652 fa_class=0.0625
RFALINE sc2 rep=1 site=cli [RFA] gen=0 fires=27 false=27 false_frac=1.0000 fill_coded=0 fill_src=0 dup_src=27 preempt_src=0 src_n=28 rep_n=26 nu_recv=0.96429 fa_class=0.0625
RFALINE sc2 rep=1 site=cli [RFA] gen=0 fires=32 false=32 false_frac=1.0000 fill_coded=0 fill_src=0 dup_src=32 preempt_src=0 src_n=33 rep_n=31 nu_recv=0.96970 fa_class=0.0625
RFALINE sc2 rep=1 site=cli [RFA] gen=0 fires=37 false=37 false_frac=1.0000 fill_coded=0 fill_src=0 dup_src=37 preempt_src=0 src_n=38 rep_n=36 nu_recv=0.97368 fa_class=0.0625
RFALINE sc2 rep=1 site=cli [RFA] gen=0 fires=42 false=42 false_frac=1.0000 fill_coded=0 fill_src=0 dup_src=42 preempt_src=0 src_n=43 rep_n=41 nu_recv=0.97674 fa_class=0.0625
RFALINE sc2 rep=1 site=cli [RFA] gen=0 fires=47 false=47 false_frac=1.0000 fill_coded=0 fill_src=0 dup_src=47 preempt_src=0 src_n=48 rep_n=46 nu_recv=0.97917 fa_class=0.0625
RFALINE sc2 rep=1 site=cli [RFA] gen=0 fires=52 false=52 false_frac=1.0000 fill_coded=0 fill_src=0 dup_src=52 preempt_src=0 src_n=53 rep_n=51 nu_recv=0.98113 fa_class=0.0625
RFALINE sc2 rep=1 site=cli [RFA] gen=0 fires=56 false=56 false_frac=1.0000 fill_coded=0 fill_src=0 dup_src=56 preempt_src=0 src_n=58 rep_n=56 nu_recv=0.96552 fa_class=0.0625
RFALINE sc2 rep=1 site=srv [RFA] gen=0 fires=578 false=387 false_frac=0.6696 fill_coded=8 fill_src=183 dup_src=379 preempt_src=8 src_n=9223 rep_n=27 nu_recv=0.06267 fa_class=0.0625
RFALINE sc2 rep=1 site=srv [RFA] gen=0 fires=909 false=464 false_frac=0.5105 fill_coded=26 fill_src=419 dup_src=438 preempt_src=26 src_n=18822 rep_n=72 nu_recv=0.04829 fa_class=0.0625
RFALINE sc2 rep=1 site=srv [RFA] gen=0 fires=1200 false=564 false_frac=0.4700 fill_coded=36 fill_src=600 dup_src=528 preempt_src=36 src_n=28483 rep_n=116 nu_recv=0.04213 fa_class=0.0625
RFALINE sc2 rep=1 site=srv [RFA] gen=0 fires=1357 false=595 false_frac=0.4385 fill_coded=46 fill_src=716 dup_src=549 preempt_src=46 src_n=37977 rep_n=143 nu_recv=0.03573 fa_class=0.0625
RFALINE sc2 rep=1 site=srv [RFA] gen=0 fires=1778 false=702 false_frac=0.3948 fill_coded=59 fill_src=1017 dup_src=643 preempt_src=59 src_n=47666 rep_n=204 nu_recv=0.03730 fa_class=0.0625
RFALINE sc2 rep=1 site=srv [RFA] gen=0 fires=2171 false=841 false_frac=0.3874 fill_coded=78 fill_src=1252 dup_src=763 preempt_src=78 src_n=57150 rep_n=258 nu_recv=0.03799 fa_class=0.0625
RFALINE sc2 rep=1 site=srv [RFA] gen=0 fires=2447 false=901 false_frac=0.3682 fill_coded=92 fill_src=1454 dup_src=809 preempt_src=92 src_n=66796 rep_n=300 nu_recv=0.03663 fa_class=0.0625
RFALINE sc2 rep=1 site=srv [RFA] gen=0 fires=2727 false=1002 false_frac=0.3674 fill_coded=102 fill_src=1623 dup_src=900 preempt_src=102 src_n=76259 rep_n=342 nu_recv=0.03576 fa_class=0.0625
FDIAGLINE sc2 rep=1 site=cli [FDIAG] frontier=0 seen=0 gap=0 probe_holes=0 probe_buffered=0 | DECODE n=0 avg=0us present_at_stall=0 | SOURCE n=0 avg=0us | COMPUTE calls=16 avg=0us max=8us total=0ms | rf=7 ru=0 | rows=0 max_span=0 coeff_kb=0 recovered=1 seen=8
FDIAGLINE sc2 rep=1 site=cli [FDIAG] frontier=0 seen=0 gap=0 probe_holes=0 probe_buffered=0 | DECODE n=0 avg=0us present_at_stall=0 | SOURCE n=0 avg=0us | COMPUTE calls=26 avg=0us max=1us total=0ms | rf=12 ru=0 | rows=0 max_span=0 coeff_kb=0 recovered=1 seen=13
FDIAGLINE sc2 rep=1 site=cli [FDIAG] frontier=0 seen=0 gap=0 probe_holes=0 probe_buffered=0 | DECODE n=0 avg=0us present_at_stall=0 | SOURCE n=0 avg=0us | COMPUTE calls=36 avg=0us max=2us total=0ms | rf=17 ru=0 | rows=0 max_span=0 coeff_kb=0 recovered=1 seen=18
FDIAGLINE sc2 rep=1 site=cli [FDIAG] frontier=0 seen=0 gap=0 probe_holes=0 probe_buffered=0 | DECODE n=0 avg=0us present_at_stall=0 | SOURCE n=0 avg=0us | COMPUTE calls=44 avg=0us max=1us total=0ms | rf=21 ru=0 | rows=0 max_span=0 coeff_kb=0 recovered=1 seen=22
FDIAGLINE sc2 rep=1 site=cli [FDIAG] frontier=0 seen=0 gap=0 probe_holes=0 probe_buffered=0 | DECODE n=0 avg=0us present_at_stall=0 | SOURCE n=0 avg=0us | COMPUTE calls=50 avg=0us max=2us total=0ms | rf=24 ru=0 | rows=0 max_span=0 coeff_kb=0 recovered=1 seen=25
FDIAGLINE sc2 rep=1 site=cli [FDIAG] frontier=0 seen=0 gap=0 probe_holes=0 probe_buffered=0 | DECODE n=0 avg=0us present_at_stall=0 | SOURCE n=0 avg=0us | COMPUTE calls=56 avg=0us max=5us total=0ms | rf=27 ru=0 | rows=0 max_span=0 coeff_kb=0 recovered=1 seen=28
FDIAGLINE sc2 rep=1 site=cli [FDIAG] frontier=0 seen=0 gap=0 probe_holes=0 probe_buffered=0 | DECODE n=0 avg=0us present_at_stall=0 | SOURCE n=0 avg=0us | COMPUTE calls=62 avg=0us max=1us total=0ms | rf=30 ru=0 | rows=0 max_span=0 coeff_kb=0 recovered=1 seen=31
FDIAGLINE sc2 rep=1 site=cli [FDIAG] frontier=0 seen=0 gap=0 probe_holes=0 probe_buffered=0 | DECODE n=0 avg=0us present_at_stall=0 | SOURCE n=0 avg=0us | COMPUTE calls=68 avg=0us max=1us total=0ms | rf=33 ru=0 | rows=0 max_span=0 coeff_kb=0 recovered=1 seen=34
FDIAGLINE sc2 rep=1 site=cli [FDIAG] frontier=0 seen=0 gap=0 probe_holes=0 probe_buffered=0 | DECODE n=0 avg=0us present_at_stall=0 | SOURCE n=0 avg=0us | COMPUTE calls=74 avg=0us max=1us total=0ms | rf=36 ru=0 | rows=0 max_span=0 coeff_kb=0 recovered=1 seen=37
FDIAGLINE sc2 rep=1 site=cli [FDIAG] frontier=0 seen=0 gap=0 probe_holes=0 probe_buffered=0 | DECODE n=0 avg=0us present_at_stall=0 | SOURCE n=0 avg=0us | COMPUTE calls=80 avg=0us max=1us total=0ms | rf=39 ru=0 | rows=0 max_span=0 coeff_kb=0 recovered=1 seen=40
FDIAGLINE sc2 rep=1 site=cli [FDIAG] frontier=0 seen=0 gap=0 probe_holes=0 probe_buffered=0 | DECODE n=0 avg=0us present_at_stall=0 | SOURCE n=0 avg=0us | COMPUTE calls=86 avg=0us max=1us total=0ms | rf=42 ru=0 | rows=0 max_span=0 coeff_kb=0 recovered=1 seen=43
FDIAGLINE sc2 rep=1 site=cli [FDIAG] frontier=0 seen=0 gap=0 probe_holes=0 probe_buffered=0 | DECODE n=0 avg=0us present_at_stall=0 | SOURCE n=0 avg=0us | COMPUTE calls=92 avg=0us max=1us total=0ms | rf=45 ru=0 | rows=0 max_span=0 coeff_kb=0 recovered=1 seen=46
FDIAGLINE sc2 rep=1 site=cli [FDIAG] frontier=0 seen=0 gap=0 probe_holes=0 probe_buffered=0 | DECODE n=0 avg=0us present_at_stall=0 | SOURCE n=0 avg=0us | COMPUTE calls=98 avg=0us max=1us total=0ms | rf=48 ru=0 | rows=0 max_span=0 coeff_kb=0 recovered=1 seen=49
FDIAGLINE sc2 rep=1 site=cli [FDIAG] frontier=0 seen=0 gap=0 probe_holes=0 probe_buffered=0 | DECODE n=0 avg=0us present_at_stall=0 | SOURCE n=0 avg=0us | COMPUTE calls=104 avg=0us max=1us total=0ms | rf=51 ru=0 | rows=0 max_span=0 coeff_kb=0 recovered=1 seen=52
FDIAGLINE sc2 rep=1 site=cli [FDIAG] frontier=0 seen=0 gap=0 probe_holes=0 probe_buffered=0 | DECODE n=0 avg=0us present_at_stall=0 | SOURCE n=0 avg=0us | COMPUTE calls=110 avg=0us max=1us total=0ms | rf=54 ru=0 | rows=0 max_span=0 coeff_kb=0 recovered=1 seen=55
FDIAGLINE sc2 rep=1 site=srv [FDIAG] frontier=2522 seen=4325 gap=1803 probe_holes=83 probe_buffered=4 | DECODE n=0 avg=0us present_at_stall=0 | SOURCE n=60 avg=3279us | COMPUTE calls=4430 avg=2us max=338us total=12ms | rf=7 ru=4 | rows=4 max_span=200 coeff_kb=0 recovered=4243 seen=4250
FDIAGLINE sc2 rep=1 site=srv [FDIAG] frontier=7975 seen=8873 gap=898 probe_holes=30 probe_buffered=2 | DECODE n=0 avg=0us present_at_stall=0 | SOURCE n=176 avg=4351us | COMPUTE calls=9250 avg=2us max=548us total=25ms | rf=27 ru=10 | rows=2 max_span=200 coeff_kb=0 recovered=8844 seen=8871
FDIAGLINE sc2 rep=1 site=srv [FDIAG] frontier=13615 seen=13615 gap=0 probe_holes=0 probe_buffered=0 | DECODE n=0 avg=0us present_at_stall=0 | SOURCE n=265 avg=3924us | COMPUTE calls=14078 avg=2us max=193us total=39ms | rf=47 ru=15 | rows=0 max_span=0 coeff_kb=0 recovered=13616 seen=13663
FDIAGLINE sc2 rep=1 site=srv [FDIAG] frontier=17170 seen=18396 gap=1226 probe_holes=13 probe_buffered=2 | DECODE n=0 avg=0us present_at_stall=0 | SOURCE n=337 avg=4241us | COMPUTE calls=18894 avg=2us max=1361us total=55ms | rf=72 ru=28 | rows=2 max_span=248 coeff_kb=0 recovered=1614 seen=1627
FDIAGLINE sc2 rep=1 site=srv [FDIAG] frontier=22579 seen=23243 gap=664 probe_holes=28 probe_buffered=2 | DECODE n=0 avg=0us present_at_stall=0 | SOURCE n=406 avg=4687us | COMPUTE calls=23791 avg=2us max=163us total=68ms | rf=91 ru=32 | rows=2 max_span=255 coeff_kb=0 recovered=6454 seen=6486
FDIAGLINE sc2 rep=1 site=srv [FDIAG] frontier=27946 seen=27946 gap=0 probe_holes=0 probe_buffered=0 | DECODE n=0 avg=0us present_at_stall=0 | SOURCE n=501 avg=4507us | COMPUTE calls=28599 avg=2us max=204us total=82ms | rf=116 ru=36 | rows=0 max_span=0 coeff_kb=0 recovered=11185 seen=11242
FDIAGLINE sc2 rep=1 site=srv [FDIAG] frontier=32082 seen=32755 gap=673 probe_holes=36 probe_buffered=1 | DECODE n=0 avg=0us present_at_stall=0 | SOURCE n=555 avg=4795us | COMPUTE calls=33406 avg=2us max=179us total=97ms | rf=131 ru=42 | rows=1 max_span=200 coeff_kb=0 recovered=15958 seen=16030
FDIAGLINE sc2 rep=1 site=srv [FDIAG] frontier=36705 seen=37450 gap=745 probe_holes=31 probe_buffered=1 | DECODE n=0 avg=0us present_at_stall=0 | SOURCE n=598 avg=5038us | COMPUTE calls=38120 avg=2us max=2636us total=113ms | rf=143 ru=47 | rows=1 max_span=200 coeff_kb=0 recovered=1115 seen=1118
FDIAGLINE sc2 rep=1 site=srv [FDIAG] frontier=41373 seen=42347 gap=974 probe_holes=61 probe_buffered=0 | DECODE n=0 avg=0us present_at_stall=0 | SOURCE n=689 avg=5013us | COMPUTE calls=43054 avg=2us max=172us total=125ms | rf=167 ru=50 | rows=0 max_span=0 coeff_kb=0 recovered=5991 seen=6018
FDIAGLINE sc2 rep=1 site=srv [FDIAG] frontier=46142 seen=47042 gap=900 probe_holes=37 probe_buffered=4 | DECODE n=0 avg=0us present_at_stall=0 | SOURCE n=815 avg=4880us | COMPUTE calls=47870 avg=2us max=238us total=140ms | rf=204 ru=63 | rows=4 max_span=270 coeff_kb=0 recovered=10710 seen=10774
FDIAGLINE sc2 rep=1 site=srv [FDIAG] frontier=50797 seen=51779 gap=982 probe_holes=10 probe_buffered=0 | DECODE n=0 avg=0us present_at_stall=0 | SOURCE n=885 avg=4989us | COMPUTE calls=52678 avg=2us max=278us total=153ms | rf=220 ru=67 | rows=0 max_span=0 coeff_kb=0 recovered=15474 seen=15554
FDIAGLINE sc2 rep=1 site=srv [FDIAG] frontier=56366 seen=56366 gap=0 probe_holes=0 probe_buffered=0 | DECODE n=0 avg=0us present_at_stall=0 | SOURCE n=1010 avg=4769us | COMPUTE calls=57414 avg=2us max=200us total=166ms | rf=258 ru=78 | rows=0 max_span=0 coeff_kb=0 recovered=464 seen=467
FDIAGLINE sc2 rep=1 site=srv [FDIAG] frontier=60743 seen=61216 gap=473 probe_holes=4 probe_buffered=1 | DECODE n=0 avg=0us present_at_stall=0 | SOURCE n=1128 avg=4675us | COMPUTE calls=62297 avg=2us max=236us total=180ms | rf=279 ru=89 | rows=1 max_span=200 coeff_kb=0 recovered=5316 seen=5336
FDIAGLINE sc2 rep=1 site=srv [FDIAG] frontier=65427 seen=65974 gap=547 probe_holes=10 probe_buffered=2 | DECODE n=0 avg=0us present_at_stall=0 | SOURCE n=1196 avg=4776us | COMPUTE calls=67106 avg=2us max=134us total=191ms | rf=300 ru=94 | rows=2 max_span=261 coeff_kb=0 recovered=10068 seen=10113
FDIAGLINE sc2 rep=1 site=srv [FDIAG] frontier=69774 seen=70730 gap=956 probe_holes=41 probe_buffered=1 | DECODE n=0 avg=0us present_at_stall=0 | SOURCE n=1285 avg=4821us | COMPUTE calls=71914 avg=2us max=135us total=203ms | rf=326 ru=99 | rows=1 max_span=200 coeff_kb=0 recovered=14793 seen=14864
FDIAGLINE sc2 rep=1 site=srv [FDIAG] frontier=75355 seen=75355 gap=0 probe_holes=0 probe_buffered=0 | DECODE n=1 avg=14557us present_at_stall=0 | SOURCE n=1353 avg=4809us | COMPUTE calls=76630 avg=2us max=146us total=215ms | rf=342 ru=102 | rows=0 max_span=0 coeff_kb=0 recovered=453 seen=454
FDIAGLINE sc2 rep=1 site=srv [FDIAG] frontier=79768 seen=80292 gap=524 probe_holes=75 probe_buffered=0 | DECODE n=1 avg=14557us present_at_stall=0 | SOURCE n=1405 avg=4880us | COMPUTE calls=81519 avg=2us max=112us total=227ms | rf=353 ru=103 | rows=0 max_span=0 coeff_kb=0 recovered=5316 seen=5328
SIGBBAND {"cell":"sc2","seed":42,"rep":1,"rc":0,"mbps":89.199,"band":[78,92],"in_band":1,"gen_plateau":0,"lossy":1}
=== CELLCOUNTS (rows, NOT live n — see sigb_report.py) 2026-08-20T23:10:08Z
CELLCOUNT c1 rows=1/1
CELLCOUNT c7 rows=1/1
CELLCOUNT c8 rows=1/1
CELLCOUNT c8L rows=1/1
CELLCOUNT sc2 rows=1/1
SIGB-BATTERY-DONE seed=42 2026-08-20T23:10:08Z
