=== VERDICT-ALPHA BATTERY (goal #101 item 4, THE DERIVED-alpha CLOCK) seed=42 reps=2 2026-08-21T18:33:03Z
CONTRACT goal-gate "THE VERDICT-ALPHA BATTERY -- PRE-REGISTRATION", and nothing else. Paper 16.76 is the clock's derivation and 16.79.7 names the member.
CELLS c1   (c1/c7/sc2 are the THREE STABLE cells and carry the verdict; c8 is the LOSS-HEAVY WITNESS cell and carries none. c8L is not run at all: 52x rep dispersion.)
ARMS-MEANING CTL = the shipped machine, all three gates ABSENT, byte-identical (2*srtt).clamp(25,100) ms; Q400 = W_q(alpha*) at the MEASURED BOUNDARY OPTIMUM alpha* = 0.40, the MAXIMAL NON-NULL member of the derived-alpha family (paper 16.79.7)
ARMS  CTL Q400   (paired within rep, ARMS INNERMOST)
ARMENV CTL alpha=unset form=unset gates_form=cantelli win_n=unavail | env="RWM_QUANTILE_CLOCKS=0 RWM_DELTA_CAP=1 RWM_SUM_CAP=1 RWM_RACK_CLOCKS=0 RWM_DERIVED_SWEEP=0 RWM_COMPOSED_CAP=0 RWM_THREE_TERM=0 RWM_STORE_CAP_UNIFIED=0 RWM_LATE_BRAKE=0 RWM_CHARGE_RECOVERY=0 RWM_RELEASE_1TO1=0 RWM_LOSS_SENT_TRUTH=0 RWM_RTT_DUMP=0 RWM_SUCC_DUMP=0"
ARMENV Q400 alpha=0.4 form=quantile gates_form=quantile win_n=25 | env="RWM_QUANTILE_CLOCKS=1 RWM_ALPHA_OVERRIDE=0.4 RWM_W_FORM=quantile RWM_DELTA_CAP=1 RWM_SUM_CAP=1 RWM_RACK_CLOCKS=0 RWM_DERIVED_SWEEP=0 RWM_COMPOSED_CAP=0 RWM_THREE_TERM=0 RWM_STORE_CAP_UNIFIED=0 RWM_LATE_BRAKE=0 RWM_CHARGE_RECOVERY=0 RWM_RELEASE_1TO1=0 RWM_LOSS_SENT_TRUTH=0 RWM_RTT_DUMP=0 RWM_SUCC_DUMP=0"
AXIS  RWM_QUANTILE_CLOCKS + RWM_W_FORM + RWM_ALPHA_OVERRIDE, all ABSENT/OFF by default. GARBAGE and any alpha outside (0,1) resolve back to ABSENT and print unset.
ALPHA-LITERAL the [GATES] echo prints the RESOLVED f64 through Rust's own to_string(): 0.40 renders as 0.4 and the arm table matches THAT, literally
MIRRORED-AXIS RWM_HOLDDOWN_Q and RWM_REFRESH_FLOOR_US are the PREVIOUS battery's axes and are asserted ABSENT (unset), two-sided, on EVERY row of this one
GRID  c1 shipped_clock_us=25000 band=[147,294] paths=1 spec="c1 c1 single 400000000"
F1    THE WIRING WITNESS, SCORED FIRST: the WCLOCK lines. The armed arm must read law_n > 0 and win_n = 25 two-sided; CTL must read its cell's SHIPPED clock. It is a RESULT line and NEVER an abort.
ARM-VOID (law_n=0 on the armed arm) is a RESULT and never an abort
WINDOW-PARTIAL (win_ok < evals) is a RESULT and never an abort -- the fraction is to be scored
DIM1  DELIVERED LATENCY, per-leg, censoring-aware: the WORST LEG's p50 AND p95 from the RWM_LATPROBE per-leg ping, with legs_censor_max beside every reading
DIM2  REALIZED FALSE REPAIR: [RFA] false_frac AND [RFA] false (the COUNT), both, plus the commanded [RACK] fa_frac -- and each compared against the DERIVED alpha 0.40 as well as against CTL
GUARD goodput. G1 = the CTL band, ABSOLUTE. G2 = Copa utility at delta_auto = 0.5. See the pre-registration.
BANDSCOPE the goodput abort bands apply to CTL ONLY (band_applies=1); an out-of-band TREATMENT reading is a RESULT -- it is the guard's G1 reading
BIN /home/vibe/raptorpath/target/release/raptorpath
SHA256 91a4f8ccda35941cdbcbaf09988a2fb01baf221899131f4078200e10faa8c7f3  /home/vibe/raptorpath/target/release/raptorpath
COMMIT 999aa63307347831eef15ec60732fe9baf63db94
KERNEL 7.0.14-101.fc43.x86_64
UPTIME  20:33:03 up 2 days, 23:15,  6 users,  load average: 0.89, 0.77, 0.60
COTENANT kwin=0
0 sddm=4
CPU Model name:                              Intel(R) Xeon(R) CPU E5-2650 v3 @ 2.30GHz
CPUFLAGS aes avx2 pclmulqdq 
=== rep=1 arm=c1-CTL alpha=unset form=unset win_n=unavail seed=42 env="RWM_QUANTILE_CLOCKS=0 RWM_DELTA_CAP=1 RWM_SUM_CAP=1 RWM_RACK_CLOCKS=0 RWM_DERIVED_SWEEP=0 RWM_COMPOSED_CAP=0 RWM_THREE_TERM=0 RWM_STORE_CAP_UNIFIED=0 RWM_LATE_BRAKE=0 RWM_CHARGE_RECOVERY=0 RWM_RELEASE_1TO1=0 RWM_LOSS_SENT_TRUTH=0 RWM_RTT_DUMP=0 RWM_SUCC_DUMP=0" cell=c1/c1/single bytes=400000000 18:33:04
[2m2026-08-21T18:33:05.764803Z[0m [32m INFO[0m [2mraptorpath::gates[0m[2m:[0m [GATES] RWM_UNIFIED=1 RWM_UNIFIED_SHED=1 RWM_TAPER_R=1 RWM_ASTAR_ANCHOR=1 RWM_MSTAR_ANCHOR=1 RWM_PLAIN_RS=0 RWM_HONEST_ANCHOR=1 RWM_HONEST_K=0 RWM_STORE_SACK_RELEASE=1 RWM_STORE_PATHS=1 RWM_STORE_PATH_POOL=2048 RWM_STORE=unset RWM_STORE_GAIN=2 RWM_STORE_BOOT=128 RWM_STORE_CAPW=0 RWM_STORE_CAP_UNIFIED=0 RWM_THREE_TERM=0 RWM_COMPOSED_CAP=0 RWM_SUM_CAP=1 RWM_LATE_BRAKE=0 RWM_DELTA_CAP=1 RWM_STORE_PERCAP=0 RWM_PERCAP_GUARD=1 RWM_STORE_BORROW=0 RWM_HONEST_CAP=1 RWM_POOL_ANCHOR=0 RWM_POOL_DELIV=0 RWM_FLOOR_BOUND=0 RWM_ACK_MERGE=1 RWM_LOSS_SENT_TRUTH=0 RWM_RELEASE_1TO1=0 RWM_CHARGE_RECOVERY=0 RWM_PATIENCE_DERIVED=0 RWM_SIDLE_DERIVED=0 RWM_WIN_DECOUPLE=0 RWM_PLACE_SLACK=0 RWM_COLD_PLACE=0 RWM_GEN=384 RWM_PIPELINE=2 RWM_GEN_PIPE=1 RWM_GEN_R=unset RWM_GEN_RATE=9000 RWM_GEN_RATE_FLOOR=2000 RWM_GEN_INFLIGHT=unset RWM_OOO_RETAIN=0/16 RWM_WINDOW=unset RWM_REPORT_GENS=unset RWM_REPAIR_WAIT=unset RWM_CODED_SRC=0 RWM_NO_REACTIVE=0 RWM_XPATH_REPAIR=0 RWM_PROACTIVE_PACER=0 RWM_REASM_BDP=0 RWM_MIN_R=0 RWM_CC_PACE=0 RWM_CC_PACE_HR=1.1 RWM_REACT_CAP=unset RWM_INFL_CAP=0 RWM_INFL_BDP=unset RWM_COPA_FEED=0 RWM_RS_ATTR=1 RWM_EMIT_BATCH=0 RWM_EMIT_BURST=64 RWM_RECOV_MP=1 RWM_RECOV_MP_LAW=1 RWM_RECOV_MP_LIVE=0 RWM_RECOV_SP=0 RWM_DERIVED_SWEEP=0 RWM_RACK_CLOCKS=0 RWM_RACK_REO_MULT=1 RWM_QUANTILE_CLOCKS=0 RWM_ALPHA_OVERRIDE=unset RWM_W_FORM=cantelli RWM_HOLDDOWN_Q=unset RWM_REFRESH_FLOOR_US=unset RWM_DIAG=1 RWM_ACKDIAG=1 RWM_ACKDIAG_WINDOW_US=2000000 RWM_RTT_DUMP=0 RWM_RTT_DUMP_MAX=400000 RWM_SUCC_DUMP=0 RWM_SUCC_DUMP_MAX=200000 RWM_WALLDIAG=1 RWM_CPUPROF=0 RWM_RDIAG=0 RWM_FDIAG=1 RWM_TRACE=0 RWM_PFRAC=0
{"bytes":400000000,"dnf":0,"hint":"bulk","max_s":16.412,"mean_mbps":194.979,"mean_s":16.412,"median_s":16.412,"min_s":16.412,"proto":"rp-native","runs":1,"stdev_s":0.0,"summary":true}
    LATPROBE-LEG leg=0 file=/tmp/rwm-ping-0.txt sent=326 recv=325 censor=0.31% p50=2.09[censor=0.31% ok] p95=2.61[censor=0.31% ok] p99=2.8[censor=0.31% ok]
    LATPROBE: 1 leg(s) /tmp/rwm-ping-0.txt=325 replies
    CPU: CPUSRV=17.67s CPUCLI=17.70s (srv=decoder cli=sender; whole-invocation incl warmup)
    QDISC cli0: qdisc netem bd59: root refcnt 7 limit 1000 delay 1ms loss gemodel p 0.05% r 50% 1-h 100% 1-k 0% rate 1Gbit seed 42  Sent 437908652 bytes 346409 pkt (dropped 52, overlimits 0 requeues 0)   backlog 0b 0p requeues 0 
    QDISC srv0: qdisc netem bd5b: root refcnt 7 limit 1000 delay 1ms rate 1Gbit seed 12567772061639487241  Sent 31229339 bytes 77554 pkt (dropped 0, overlimits 0 requeues 0)   backlog 0b 0p requeues 0 
    QCAP: /tmp/rwm-q.txt 10 lines
RUNTIME c1-CTL rep=1 18s rc=0
ALPHARESULT {"cell": "c1", "arm": "CTL", "alpha_cmd": null, "seed": 42, "rep": 1, "n_paths": 1, "dnf": false, "dnf_count": 0, "mbps": 194.979, "mean_mbps": 194.979, "seconds": 16.412, "n_runs": 1, "cpusrv": 17.67, "cpucli": 17.7, "khr_med": 1.0, "kraw_med": null, "khr_n": 52, "kraw_n": 0, "rtp_med": 2, "occ_p50": 218, "occcap_p50": 529, "q_p50": 8, "q_p99": 27, "diag_lines": 65, "retx": 588, "w1_rfa_gen": "0", "w2_pfrac_lines": 0, "w4_retx_max": 588, "w5_rack_fa": "65/588", "gates_cli_quantile_clocks": 0, "gates_srv_quantile_clocks": 0, "gates_cli_rack_clocks": 0, "gates_srv_rack_clocks": 0, "gates_cli_derived_sweep": 0, "gates_srv_derived_sweep": 0, "gates_cli_delta_cap": 1, "gates_srv_delta_cap": 1, "gates_cli_sum_cap": 1, "gates_srv_sum_cap": 1, "gates_cli_composed_cap": 0, "gates_srv_composed_cap": 0, "gates_cli_three_term": 0, "gates_srv_three_term": 0, "gates_cli_loss_sent_truth": 0, "gates_srv_loss_sent_truth": 0, "gates_cli_gen": null, "gates_srv_gen": null, "gates_cli_diag": 1, "gates_srv_diag": 1, "gates_cli_ackdiag": 1, "gates_srv_ackdiag": 1, "gates_cli_walldiag": 1, "gates_srv_walldiag": 1, "gates_cli_fdiag": 1, "gates_srv_fdiag": 1, "gates_cli_recov_mp": 1, "gates_srv_recov_mp": 1, "gates_cli_cc_pace": 0, "gates_srv_cc_pace": 0, "gates_cli_rack_reo_mult": 1, "gates_srv_rack_reo_mult": 1, "gates_lines_cli": 1, "gates_lines_srv": 1, "gate_quantile_cli": "0", "gate_quantile_srv": "0", "gate_alpha_cli": "unset", "gate_alpha_srv": "unset", "gate_gen_cli": 384, "gate_gen_srv": 384, "gate_wform_cli": "cantelli", "gate_wform_srv": "cantelli", "qalpha_lines_cli": 1, "qalpha_site_cli": "sender", "qalpha_quantile_cli": 0, "qalpha_contract_cli": 0.001, "qalpha_override_cli": null, "qalpha_cli": 0.001, "qalpha_k_cli": 31.607, "qalpha_form_cli": "cantelli", "qalpha_winn_cli": "unavail", "qalpha_lines_srv": 1, "qalpha_site_srv": "receiver", "qalpha_quantile_srv": 0, "qalpha_contract_srv": 1e-05, "qalpha_override_srv": null, "qalpha_srv": 1e-05, "qalpha_k_srv": 316.2262, "qalpha_form_srv": "cantelli", "qalpha_winn_srv": "unavail", "qclk_cli_lines": 1, "qclk_cli_site": "sender", "qclk_cli_alpha": 0.001, "qclk_cli_k": 31.607, "qclk_cli_w_us_mean": 25580.5, "qclk_cli_srtt_us_mean": 10303.7, "qclk_cli_on": 0, "qclk_cli_evals": 340806, "qclk_cli_kept": 2663, "qclk_cli_w_us_p05": 25000, "qclk_cli_w_us_p50": 25000, "qclk_cli_w_us_p95": 28556, "qclk_cli_w_us_min": 25000, "qclk_cli_w_us_max": 100000, "qclk_cli_law_n": 340806, "qclk_cli_sigma_us_mean": 328.4, "qclk_cli_sigma_n": 227555, "qclk_form_cli": "cantelli", "qclk_winn_cli": "unavail", "qclk_win_ok_cli": 0, "qclk_srv_lines": 16, "qclk_srv_site": "receiver", "qclk_srv_alpha": 1e-05, "qclk_srv_k": 316.2262, "qclk_srv_w_us_mean": 26459.7, "qclk_srv_srtt_us_mean": 10680.4, "qclk_srv_on": 0, "qclk_srv_evals": 9354, "qclk_srv_kept": 2339, "qclk_srv_w_us_p05": 25000, "qclk_srv_w_us_p50": 25000, "qclk_srv_w_us_p95": 29372, "qclk_srv_w_us_min": 25000, "qclk_srv_w_us_max": 54269, "qclk_srv_law_n": 9354, "qclk_srv_sigma_us_mean": 4363.6, "qclk_srv_sigma_n": 9354, "qclk_form_srv": "cantelli", "qclk_winn_srv": "unavail", "qclk_win_ok_srv": 0, "rack_lines_cli": 2, "rack_on_cli": 0, "rack_evals_cli": 0, "rack_ceil_cli": 0.0, "rack_gran_cli": 0.0, "rack_legacy_pin_cli": 0.0, "rack_round_cli": 0.0, "rack_legacy_cli": 0.0, "rack_mult_cli": 1, "rack_fa_n_cli": 619, "rack_fa_d_cli": 619, "rack_fa_frac_cli": 1.0, "rack_fa_class_cli": 0.0625, "rack_lines_srv": 0, "rack_on_srv": null, "rack_evals_srv": null, "rack_ceil_srv": null, "rack_gran_srv": null, "rack_legacy_pin_srv": null, "rack_round_srv": null, "rack_legacy_srv": null, "rack_mult_srv": null, "rack_fa_n_srv": null, "rack_fa_d_srv": null, "rack_fa_frac_srv": null, "rack_fa_class_srv": null, "rack_fired": 619, "rack_spurious": 619, "rack_fa_frac": 1.0, "rack_fa_class": 0.0625, "rack_round_us": 0.0, "rack_legacy_us": 0.0, "rack_evals": 0, "rack_legacy_pin": 0.0, "rfa_lines": 16, "rfa_gen": 0, "rfa_fires": 609, "rfa_false": 169, "rfa_fill_coded": 2, "rfa_fill_src": 438, "rfa_dup_src": 167, "rfa_preempt_src": 2, "rfa_src_n": 330791, "rfa_rep_n": 54, "rfa_false_frac": 0.2775, "rfa_nu_recv": 0.00184, "rfa_fa_class": 0.0625, "rfa_bracket_lo": 0.2775, "rfa_bracket_hi": 0.988304, "sf_ticks": 2868, "sf_E": 0.7106, "sf_short": 0.2894, "sf_zero": 0.2894, "capboot_n": 62, "capboot_frac": 0.1774, "ping_n": 325, "ping_p50": 2.09, "ping_p95": 2.61, "ping_p99": 2.8, "ping_tx": 326, "ping_rx": 325, "ping_loss": 0.31, "ping_censor_frac": 0.0031, "legs_probed": 1, "leg0_n": 325, "leg0_sent": 326, "leg0_recv": 325, "leg0_sent_source": "summary", "leg0_censor_frac": 0.0031, "leg0_censor_pct": 0.31, "leg0_recv_mismatch": false, "leg0_leg_unscoreable": false, "leg0_min": 2.04, "leg0_max": 3.2, "leg0_p50": 2.09, "leg0_p50_censored": false, "leg0_p50_scoreable": true, "leg0_p95": 2.61, "leg0_p95_censored": false, "leg0_p95_scoreable": true, "leg0_p99": 2.8, "leg0_p99_censored": false, "leg0_p99_scoreable": true, "legs_censor_max": 0.0031, "wait_tun": 68, "wait_paused": 32, "wait_pace": 0, "wait_gen": 0, "wait_nack": 0, "wait_defc": 0, "wait_tail": 0, "wait_flush": 0, "wait_lines": 62, "deadwall": false, "sig_us_p50": 586.0, "sig_us_n": 335888, "sig_us_path": 0, "sig_paths": 1, "pl_n": 52, "pl_max": 0.0, "pl_min": 0.0, "pl_p0": 0.0, "dgq_hand": 337788, "dgq_full": 0, "dgq_err": 0, "dgq_gap": 1, "tc_bytes": 437908652, "tc_pkts": 346409, "tc_drop": 52, "tc_s": 18, "hold_lines": 2, "hold_samp_n": 183, "hold_fed": 183, "hold_evals": 569, "hold_law_n": 0, "hold_sup": 0, "hold_emit": 569, "hold_hd_n": 0, "hold_q": "unset", "hold_n_req": "-", "hold_n_obs": 1000, "hold_gen": 0, "hold_sup_frac": 0.0, "hold_law_frac": 0.0, "hold_obs_p50_us": 10650, "hold_obs_p90_us": 17347, "hold_obs_p99_us": 17860, "hold_t_us_p0": null, "hold_t_us_p1": null, "hold_samp_n_p0": 183, "hold_samp_n_p1": null, "hold_hd_p50_us": null, "hold_hd_p90_us": null, "hold_hd_p99_us": null, "hold_hd_mx_us": null, "hold_unattr_evals": 19, "hold_paths_n": 1, "hold_accounting_ok": 1, "hold_obs_p50_us_p0": 10650, "hold_obs_p90_us_p0": 17347, "hold_obs_p99_us_p0": 17860, "hold_rpd": 1.336364, "fcause_lines": 1, "fcause_gen": 0, "fcause_n": 588, "fcause_timer": 19, "fcause_gap_data": 569, "fcause_gap_refresh": 0, "fcause_other": 0, "fcause_fired": 588, "fcause_unattr": 0, "fcause_timer_frac": 0.0323, "fcause_gap_frac": 0.9677, "succ_lines": 16, "succ_gen": 0, "succ_det": 440, "succ_res": 440, "succ_orig_n": 438, "succ_rep_n": 2, "succ_aban_n": 0, "succ_open": 0, "succ_over": 0, "succ_orig_p50_us": 15360, "succ_orig_p90_us": 24576, "succ_orig_p99_us": 36864, "succ_orig_mx_us": 38661, "succ_orig_frac": 0.9955, "succ_identity_ok": 1}
LIVENESS c1-CTL rep=1 RWM_QUANTILE_CLOCKS=RWM_QUANTILE_CLOCKS=0/RWM_QUANTILE_CLOCKS=0(exp0) RWM_ALPHA_OVERRIDE=RWM_ALPHA_OVERRIDE=unset/RWM_ALPHA_OVERRIDE=unset(expunset) RWM_W_FORM=RWM_W_FORM=cantelli/RWM_W_FORM=cantelli(expcantelli) RWM_DELTA_CAP=RWM_DELTA_CAP=1/RWM_DELTA_CAP=1(exp1) RWM_SUM_CAP=RWM_SUM_CAP=1/RWM_SUM_CAP=1(exp1) RWM_HOLDDOWN_Q=RWM_HOLDDOWN_Q=unset/RWM_HOLDDOWN_Q=unset(expunset) RWM_REFRESH_FLOOR_US=RWM_REFRESH_FLOOR_US=unset/RWM_REFRESH_FLOOR_US=unset(expunset) RWM_RACK_CLOCKS=RWM_RACK_CLOCKS=0/RWM_RACK_CLOCKS=0(exp0) RWM_DERIVED_SWEEP=RWM_DERIVED_SWEEP=0/RWM_DERIVED_SWEEP=0(exp0) RWM_COMPOSED_CAP=RWM_COMPOSED_CAP=0/RWM_COMPOSED_CAP=0(exp0) RWM_THREE_TERM=RWM_THREE_TERM=0/RWM_THREE_TERM=0(exp0) RWM_STORE_CAP_UNIFIED=RWM_STORE_CAP_UNIFIED=0/RWM_STORE_CAP_UNIFIED=0(exp0) RWM_LATE_BRAKE=RWM_LATE_BRAKE=0/RWM_LATE_BRAKE=0(exp0) RWM_CHARGE_RECOVERY=RWM_CHARGE_RECOVERY=0/RWM_CHARGE_RECOVERY=0(exp0) RWM_RELEASE_1TO1=RWM_RELEASE_1TO1=0/RWM_RELEASE_1TO1=0(exp0) RWM_LOSS_SENT_TRUTH=RWM_LOSS_SENT_TRUTH=0/RWM_LOSS_SENT_TRUTH=0(exp0) RWM_RTT_DUMP=RWM_RTT_DUMP=0/RWM_RTT_DUMP=0(exp0) RWM_SUCC_DUMP=RWM_SUCC_DUMP=0/RWM_SUCC_DUMP=0(exp0) RWM_DIAG=RWM_DIAG=1/RWM_DIAG=1(exp1) RWM_ACKDIAG=RWM_ACKDIAG=1/RWM_ACKDIAG=1(exp1) RWM_WALLDIAG=RWM_WALLDIAG=1/RWM_WALLDIAG=1(exp1) RWM_FDIAG=RWM_FDIAG=1/RWM_FDIAG=1(exp1)
W5QALPHA c1-CTL rep=1 cli=form:cantelli/win_n:unavail/alpha:1.000000e-3 srv=form:cantelli/win_n:unavail/alpha:1.000000e-5 (exp form=cantelli win_n=unavail)
WCLOCK c1-CTL rep=1 law_n=340806 evals=340806 win_ok=0 win_n=unavail p50=25000 p05=25000 p95=28556 shipped_clock=25000
W8SUCC c1-CTL rep=1 det=440 res=440 orig_frac=0.9955
QALPHALINE c1-CTL rep=1 site=cli [QALPHA] site=receiver quantile=0 form=cantelli win_n=unavail contract_alpha=1.000000e-5 override=unset alpha=1.000000e-5 k=316.2262 fa_class=0.0625
QALPHALINE c1-CTL rep=1 site=cli [QALPHA] site=sender quantile=0 form=cantelli win_n=unavail contract_alpha=1.000000e-3 override=unset alpha=1.000000e-3 k=31.6070 fa_class=0.0625
QALPHALINE c1-CTL rep=1 site=srv [QALPHA] site=receiver quantile=0 form=cantelli win_n=unavail contract_alpha=1.000000e-5 override=unset alpha=1.000000e-5 k=316.2262 fa_class=0.0625
QALPHALINE c1-CTL rep=1 site=srv [QALPHA] site=sender quantile=0 form=cantelli win_n=unavail contract_alpha=1.000000e-3 override=unset alpha=1.000000e-3 k=31.6070 fa_class=0.0625
QCLKLINE c1-CTL rep=1 site=cli [QCLK] site=sender on=0 form=cantelli win_n=unavail win_ok=0 alpha=1.000000e-3 k=31.6070 evals=340806 law_n=340806 kept=2663 w_us_mean=25580.5 w_us_p05=25000 w_us_p50=25000 w_us_p95=28556 w_us_min=25000 w_us_max=100000 srtt_us_mean=10303.7 sigma_us_mean=328.4/n227555 fa_class=0.0625
QCLKLINE c1-CTL rep=1 site=srv [QCLK] site=receiver on=0 form=cantelli win_n=unavail win_ok=0 alpha=1.000000e-5 k=316.2262 evals=798 law_n=798 kept=798 w_us_mean=39487.8 w_us_p05=25000 w_us_p50=25000 w_us_p95=54269 w_us_min=25000 w_us_max=54269 srtt_us_mean=18169.5 sigma_us_mean=17726.9/n798 fa_class=0.0625
QCLKLINE c1-CTL rep=1 site=srv [QCLK] site=receiver on=0 form=cantelli win_n=unavail win_ok=0 alpha=1.000000e-5 k=316.2262 evals=1391 law_n=1391 kept=1391 w_us_mean=33311.5 w_us_p05=25000 w_us_p50=25000 w_us_p95=54269 w_us_min=25000 w_us_max=54269 srtt_us_mean=15041.4 sigma_us_mean=11315.6/n1391 fa_class=0.0625
QCLKLINE c1-CTL rep=1 site=srv [QCLK] site=receiver on=0 form=cantelli win_n=unavail win_ok=0 alpha=1.000000e-5 k=316.2262 evals=3039 law_n=3039 kept=3039 w_us_mean=28804.3 w_us_p05=25000 w_us_p50=25000 w_us_p95=54269 w_us_min=25000 w_us_max=54269 srtt_us_mean=11411.5 sigma_us_mean=6818.4/n3039 fa_class=0.0625
QCLKLINE c1-CTL rep=1 site=srv [QCLK] site=receiver on=0 form=cantelli win_n=unavail win_ok=0 alpha=1.000000e-5 k=316.2262 evals=3645 law_n=3645 kept=3645 w_us_mean=28171.8 w_us_p05=25000 w_us_p50=25000 w_us_p95=54269 w_us_min=25000 w_us_max=54269 srtt_us_mean=11300.6 sigma_us_mean=6176.9/n3645 fa_class=0.0625
QCLKLINE c1-CTL rep=1 site=srv [QCLK] site=receiver on=0 form=cantelli win_n=unavail win_ok=0 alpha=1.000000e-5 k=316.2262 evals=4308 law_n=4308 kept=2154 w_us_mean=27683.7 w_us_p05=25000 w_us_p50=25000 w_us_p95=54269 w_us_min=25000 w_us_max=54269 srtt_us_mean=11085.8 sigma_us_mean=5977.5/n4308 fa_class=0.0625
QCLKLINE c1-CTL rep=1 site=srv [QCLK] site=receiver on=0 form=cantelli win_n=unavail win_ok=0 alpha=1.000000e-5 k=316.2262 evals=4308 law_n=4308 kept=2154 w_us_mean=27683.7 w_us_p05=25000 w_us_p50=25000 w_us_p95=54269 w_us_min=25000 w_us_max=54269 srtt_us_mean=11085.8 sigma_us_mean=5977.5/n4308 fa_class=0.0625
QCLKLINE c1-CTL rep=1 site=srv [QCLK] site=receiver on=0 form=cantelli win_n=unavail win_ok=0 alpha=1.000000e-5 k=316.2262 evals=5582 law_n=5582 kept=2791 w_us_mean=27071.2 w_us_p05=25000 w_us_p50=25000 w_us_p95=54269 w_us_min=25000 w_us_max=54269 srtt_us_mean=10612.1 sigma_us_mean=5203.4/n5582 fa_class=0.0625
QCLKLINE c1-CTL rep=1 site=srv [QCLK] site=receiver on=0 form=cantelli win_n=unavail win_ok=0 alpha=1.000000e-5 k=316.2262 evals=5582 law_n=5582 kept=2791 w_us_mean=27071.2 w_us_p05=25000 w_us_p50=25000 w_us_p95=54269 w_us_min=25000 w_us_max=54269 srtt_us_mean=10612.1 sigma_us_mean=5203.4/n5582 fa_class=0.0625
QCLKLINE c1-CTL rep=1 site=srv [QCLK] site=receiver on=0 form=cantelli win_n=unavail win_ok=0 alpha=1.000000e-5 k=316.2262 evals=5582 law_n=5582 kept=2791 w_us_mean=27071.2 w_us_p05=25000 w_us_p50=25000 w_us_p95=54269 w_us_min=25000 w_us_max=54269 srtt_us_mean=10612.1 sigma_us_mean=5203.4/n5582 fa_class=0.0625
QCLKLINE c1-CTL rep=1 site=srv [QCLK] site=receiver on=0 form=cantelli win_n=unavail win_ok=0 alpha=1.000000e-5 k=316.2262 evals=5773 law_n=5773 kept=2887 w_us_mean=27002.6 w_us_p05=25000 w_us_p50=25000 w_us_p95=54269 w_us_min=25000 w_us_max=54269 srtt_us_mean=10638.7 sigma_us_mean=5111.6/n5773 fa_class=0.0625
QCLKLINE c1-CTL rep=1 site=srv [QCLK] site=receiver on=0 form=cantelli win_n=unavail win_ok=0 alpha=1.000000e-5 k=316.2262 evals=5773 law_n=5773 kept=2887 w_us_mean=27002.6 w_us_p05=25000 w_us_p50=25000 w_us_p95=54269 w_us_min=25000 w_us_max=54269 srtt_us_mean=10638.7 sigma_us_mean=5111.6/n5773 fa_class=0.0625
QCLKLINE c1-CTL rep=1 site=srv [QCLK] site=receiver on=0 form=cantelli win_n=unavail win_ok=0 alpha=1.000000e-5 k=316.2262 evals=6086 law_n=6086 kept=3043 w_us_mean=26899.6 w_us_p05=25000 w_us_p50=25000 w_us_p95=54269 w_us_min=25000 w_us_max=54269 srtt_us_mean=10511.5 sigma_us_mean=4932.0/n6086 fa_class=0.0625
QCLKLINE c1-CTL rep=1 site=srv [QCLK] site=receiver on=0 form=cantelli win_n=unavail win_ok=0 alpha=1.000000e-5 k=316.2262 evals=6753 law_n=6753 kept=3377 w_us_mean=26785.9 w_us_p05=25000 w_us_p50=25000 w_us_p95=54269 w_us_min=25000 w_us_max=54269 srtt_us_mean=10691.6 sigma_us_mean=4628.5/n6753 fa_class=0.0625
QCLKLINE c1-CTL rep=1 site=srv [QCLK] site=receiver on=0 form=cantelli win_n=unavail win_ok=0 alpha=1.000000e-5 k=316.2262 evals=7515 law_n=7515 kept=3758 w_us_mean=26604.8 w_us_p05=25000 w_us_p50=25000 w_us_p95=54269 w_us_min=25000 w_us_max=54269 srtt_us_mean=10498.4 sigma_us_mean=4354.0/n7515 fa_class=0.0625
QCLKLINE c1-CTL rep=1 site=srv [QCLK] site=receiver on=0 form=cantelli win_n=unavail win_ok=0 alpha=1.000000e-5 k=316.2262 evals=8843 law_n=8843 kept=2211 w_us_mean=26523.7 w_us_p05=25000 w_us_p50=25000 w_us_p95=29372 w_us_min=25000 w_us_max=54269 srtt_us_mean=10663.8 sigma_us_mean=4352.1/n8843 fa_class=0.0625
QCLKLINE c1-CTL rep=1 site=srv [QCLK] site=receiver on=0 form=cantelli win_n=unavail win_ok=0 alpha=1.000000e-5 k=316.2262 evals=9354 law_n=9354 kept=2339 w_us_mean=26459.7 w_us_p05=25000 w_us_p50=25000 w_us_p95=29372 w_us_min=25000 w_us_max=54269 srtt_us_mean=10680.4 sigma_us_mean=4363.6/n9354 fa_class=0.0625
RACKLINE c1-CTL rep=1 site=cli [RACK] on=0 evals=0 ceil=0.0000 gran=0.0000 legacy_pin=0.0000 round=0.0 legacy=0.0 mult=1 fa=619/619 fa_frac=1.0000 fa_class=0.0625
RACKLINE c1-CTL rep=1 site=cli [RACK] on=0 evals=0 ceil=0.0000 gran=0.0000 legacy_pin=0.0000 round=0.0 legacy=0.0 mult=1 fa=65/588 fa_frac=0.1105 fa_class=0.0625
RFALINE c1-CTL rep=1 site=cli [RFA] gen=0 fires=30 false=30 false_frac=1.0000 fill_coded=0 fill_src=0 dup_src=30 preempt_src=0 src_n=31 rep_n=24 nu_recv=0.96774 fa_class=0.0625
RFALINE c1-CTL rep=1 site=cli [RFA] gen=0 fires=69 false=69 false_frac=1.0000 fill_coded=0 fill_src=0 dup_src=69 preempt_src=0 src_n=70 rep_n=63 nu_recv=0.98571 fa_class=0.0625
RFALINE c1-CTL rep=1 site=cli [RFA] gen=0 fires=108 false=108 false_frac=1.0000 fill_coded=0 fill_src=0 dup_src=108 preempt_src=0 src_n=109 rep_n=102 nu_recv=0.99083 fa_class=0.0625
RFALINE c1-CTL rep=1 site=cli [RFA] gen=0 fires=147 false=147 false_frac=1.0000 fill_coded=0 fill_src=0 dup_src=147 preempt_src=0 src_n=148 rep_n=141 nu_recv=0.99324 fa_class=0.0625
RFALINE c1-CTL rep=1 site=cli [RFA] gen=0 fires=186 false=186 false_frac=1.0000 fill_coded=0 fill_src=0 dup_src=186 preempt_src=0 src_n=187 rep_n=180 nu_recv=0.99465 fa_class=0.0625
RFALINE c1-CTL rep=1 site=cli [RFA] gen=0 fires=225 false=225 false_frac=1.0000 fill_coded=0 fill_src=0 dup_src=225 preempt_src=0 src_n=226 rep_n=219 nu_recv=0.99558 fa_class=0.0625
RFALINE c1-CTL rep=1 site=cli [RFA] gen=0 fires=264 false=264 false_frac=1.0000 fill_coded=0 fill_src=0 dup_src=264 preempt_src=0 src_n=265 rep_n=258 nu_recv=0.99623 fa_class=0.0625
RFALINE c1-CTL rep=1 site=cli [RFA] gen=0 fires=303 false=303 false_frac=1.0000 fill_coded=0 fill_src=0 dup_src=303 preempt_src=0 src_n=304 rep_n=297 nu_recv=0.99671 fa_class=0.0625
RFALINE c1-CTL rep=1 site=cli [RFA] gen=0 fires=342 false=342 false_frac=1.0000 fill_coded=0 fill_src=0 dup_src=342 preempt_src=0 src_n=343 rep_n=336 nu_recv=0.99708 fa_class=0.0625
RFALINE c1-CTL rep=1 site=cli [RFA] gen=0 fires=381 false=381 false_frac=1.0000 fill_coded=0 fill_src=0 dup_src=381 preempt_src=0 src_n=382 rep_n=375 nu_recv=0.99738 fa_class=0.0625
RFALINE c1-CTL rep=1 site=cli [RFA] gen=0 fires=420 false=420 false_frac=1.0000 fill_coded=0 fill_src=0 dup_src=420 preempt_src=0 src_n=421 rep_n=414 nu_recv=0.99762 fa_class=0.0625
RFALINE c1-CTL rep=1 site=cli [RFA] gen=0 fires=459 false=459 false_frac=1.0000 fill_coded=0 fill_src=0 dup_src=459 preempt_src=0 src_n=460 rep_n=453 nu_recv=0.99783 fa_class=0.0625
RFALINE c1-CTL rep=1 site=cli [RFA] gen=0 fires=498 false=498 false_frac=1.0000 fill_coded=0 fill_src=0 dup_src=498 preempt_src=0 src_n=499 rep_n=492 nu_recv=0.99800 fa_class=0.0625
RFALINE c1-CTL rep=1 site=cli [RFA] gen=0 fires=537 false=537 false_frac=1.0000 fill_coded=0 fill_src=0 dup_src=537 preempt_src=0 src_n=538 rep_n=531 nu_recv=0.99814 fa_class=0.0625
RFALINE c1-CTL rep=1 site=cli [RFA] gen=0 fires=576 false=576 false_frac=1.0000 fill_coded=0 fill_src=0 dup_src=576 preempt_src=0 src_n=577 rep_n=570 nu_recv=0.99827 fa_class=0.0625
RFALINE c1-CTL rep=1 site=cli [RFA] gen=0 fires=615 false=615 false_frac=1.0000 fill_coded=0 fill_src=0 dup_src=615 preempt_src=0 src_n=616 rep_n=609 nu_recv=0.99838 fa_class=0.0625
RFALINE c1-CTL rep=1 site=cli [RFA] gen=0 fires=619 false=619 false_frac=1.0000 fill_coded=0 fill_src=0 dup_src=619 preempt_src=0 src_n=621 rep_n=614 nu_recv=0.99678 fa_class=0.0625
RFALINE c1-CTL rep=1 site=srv [RFA] gen=0 fires=32 false=9 false_frac=0.2812 fill_coded=0 fill_src=23 dup_src=9 preempt_src=0 src_n=16141 rep_n=3 nu_recv=0.00198 fa_class=0.0625
RFALINE c1-CTL rep=1 site=srv [RFA] gen=0 fires=76 false=24 false_frac=0.3158 fill_coded=0 fill_src=52 dup_src=24 preempt_src=0 src_n=37762 rep_n=6 nu_recv=0.00201 fa_class=0.0625
RFALINE c1-CTL rep=1 site=srv [RFA] gen=0 fires=204 false=52 false_frac=0.2549 fill_coded=0 fill_src=152 dup_src=52 preempt_src=0 src_n=60985 rep_n=16 nu_recv=0.00335 fa_class=0.0625
RFALINE c1-CTL rep=1 site=srv [RFA] gen=0 fires=256 false=74 false_frac=0.2891 fill_coded=1 fill_src=181 dup_src=73 preempt_src=1 src_n=82318 rep_n=21 nu_recv=0.00311 fa_class=0.0625
RFALINE c1-CTL rep=1 site=srv [RFA] gen=0 fires=315 false=104 false_frac=0.3302 fill_coded=2 fill_src=209 dup_src=102 preempt_src=2 src_n=102757 rep_n=25 nu_recv=0.00307 fa_class=0.0625
RFALINE c1-CTL rep=1 site=srv [RFA] gen=0 fires=315 false=104 false_frac=0.3302 fill_coded=2 fill_src=209 dup_src=102 preempt_src=2 src_n=123101 rep_n=25 nu_recv=0.00256 fa_class=0.0625
RFALINE c1-CTL rep=1 site=srv [RFA] gen=0 fires=415 false=134 false_frac=0.3229 fill_coded=2 fill_src=279 dup_src=132 preempt_src=2 src_n=143034 rep_n=33 nu_recv=0.00290 fa_class=0.0625
RFALINE c1-CTL rep=1 site=srv [RFA] gen=0 fires=415 false=134 false_frac=0.3229 fill_coded=2 fill_src=279 dup_src=132 preempt_src=2 src_n=162994 rep_n=33 nu_recv=0.00255 fa_class=0.0625
RFALINE c1-CTL rep=1 site=srv [RFA] gen=0 fires=417 false=136 false_frac=0.3261 fill_coded=2 fill_src=279 dup_src=134 preempt_src=2 src_n=184964 rep_n=33 nu_recv=0.00225 fa_class=0.0625
RFALINE c1-CTL rep=1 site=srv [RFA] gen=0 fires=427 false=136 false_frac=0.3185 fill_coded=2 fill_src=289 dup_src=134 preempt_src=2 src_n=204984 rep_n=34 nu_recv=0.00208 fa_class=0.0625
RFALINE c1-CTL rep=1 site=srv [RFA] gen=0 fires=428 false=137 false_frac=0.3201 fill_coded=2 fill_src=289 dup_src=135 preempt_src=2 src_n=226308 rep_n=34 nu_recv=0.00189 fa_class=0.0625
RFALINE c1-CTL rep=1 site=srv [RFA] gen=0 fires=449 false=148 false_frac=0.3296 fill_coded=2 fill_src=299 dup_src=146 preempt_src=2 src_n=247450 rep_n=35 nu_recv=0.00181 fa_class=0.0625
RFALINE c1-CTL rep=1 site=srv [RFA] gen=0 fires=486 false=158 false_frac=0.3251 fill_coded=2 fill_src=326 dup_src=156 preempt_src=2 src_n=269221 rep_n=39 nu_recv=0.00181 fa_class=0.0625
RFALINE c1-CTL rep=1 site=srv [RFA] gen=0 fires=523 false=165 false_frac=0.3155 fill_coded=2 fill_src=356 dup_src=163 preempt_src=2 src_n=289946 rep_n=44 nu_recv=0.00180 fa_class=0.0625
RFALINE c1-CTL rep=1 site=srv [RFA] gen=0 fires=588 false=168 false_frac=0.2857 fill_coded=2 fill_src=418 dup_src=166 preempt_src=2 src_n=310088 rep_n=52 nu_recv=0.00190 fa_class=0.0625
RFALINE c1-CTL rep=1 site=srv [RFA] gen=0 fires=609 false=169 false_frac=0.2775 fill_coded=2 fill_src=438 dup_src=167 preempt_src=2 src_n=330791 rep_n=54 nu_recv=0.00184 fa_class=0.0625
FCAUSELINE c1-CTL rep=1 site=cli [FCAUSE] gen=0 n=588 timer=19 gap_data=569 gap_refresh=0 other=0 timer_frac=0.0323 gap_frac=0.9677 fired=588 unattr=0 fa_class=0.0625
SUCCLINE c1-CTL rep=1 site=cli [SUCC] gen=0 det=0 res=0 orig_n=0 orig_p50_us=- orig_p90_us=- orig_p99_us=- orig_mx_us=- orig_mean_us=- rep_n=0 rep_p50_us=- rep_p90_us=- rep_p99_us=- rep_mx_us=- rep_mean_us=- aban_n=0 aban_p50_us=- aban_p90_us=- aban_p99_us=- aban_mx_us=- aban_mean_us=- open=0 over=0 orig_frac=- cross_us=- dump=0/0
SUCCLINE c1-CTL rep=1 site=cli [SUCC] gen=0 det=0 res=0 orig_n=0 orig_p50_us=- orig_p90_us=- orig_p99_us=- orig_mx_us=- orig_mean_us=- rep_n=0 rep_p50_us=- rep_p90_us=- rep_p99_us=- rep_mx_us=- rep_mean_us=- aban_n=0 aban_p50_us=- aban_p90_us=- aban_p99_us=- aban_mx_us=- aban_mean_us=- open=0 over=0 orig_frac=- cross_us=- dump=0/0
SUCCLINE c1-CTL rep=1 site=cli [SUCC] gen=0 det=0 res=0 orig_n=0 orig_p50_us=- orig_p90_us=- orig_p99_us=- orig_mx_us=- orig_mean_us=- rep_n=0 rep_p50_us=- rep_p90_us=- rep_p99_us=- rep_mx_us=- rep_mean_us=- aban_n=0 aban_p50_us=- aban_p90_us=- aban_p99_us=- aban_mx_us=- aban_mean_us=- open=0 over=0 orig_frac=- cross_us=- dump=0/0
SUCCLINE c1-CTL rep=1 site=cli [SUCC] gen=0 det=0 res=0 orig_n=0 orig_p50_us=- orig_p90_us=- orig_p99_us=- orig_mx_us=- orig_mean_us=- rep_n=0 rep_p50_us=- rep_p90_us=- rep_p99_us=- rep_mx_us=- rep_mean_us=- aban_n=0 aban_p50_us=- aban_p90_us=- aban_p99_us=- aban_mx_us=- aban_mean_us=- open=0 over=0 orig_frac=- cross_us=- dump=0/0
SUCCLINE c1-CTL rep=1 site=cli [SUCC] gen=0 det=0 res=0 orig_n=0 orig_p50_us=- orig_p90_us=- orig_p99_us=- orig_mx_us=- orig_mean_us=- rep_n=0 rep_p50_us=- rep_p90_us=- rep_p99_us=- rep_mx_us=- rep_mean_us=- aban_n=0 aban_p50_us=- aban_p90_us=- aban_p99_us=- aban_mx_us=- aban_mean_us=- open=0 over=0 orig_frac=- cross_us=- dump=0/0
SUCCLINE c1-CTL rep=1 site=cli [SUCC] gen=0 det=0 res=0 orig_n=0 orig_p50_us=- orig_p90_us=- orig_p99_us=- orig_mx_us=- orig_mean_us=- rep_n=0 rep_p50_us=- rep_p90_us=- rep_p99_us=- rep_mx_us=- rep_mean_us=- aban_n=0 aban_p50_us=- aban_p90_us=- aban_p99_us=- aban_mx_us=- aban_mean_us=- open=0 over=0 orig_frac=- cross_us=- dump=0/0
SUCCLINE c1-CTL rep=1 site=cli [SUCC] gen=0 det=0 res=0 orig_n=0 orig_p50_us=- orig_p90_us=- orig_p99_us=- orig_mx_us=- orig_mean_us=- rep_n=0 rep_p50_us=- rep_p90_us=- rep_p99_us=- rep_mx_us=- rep_mean_us=- aban_n=0 aban_p50_us=- aban_p90_us=- aban_p99_us=- aban_mx_us=- aban_mean_us=- open=0 over=0 orig_frac=- cross_us=- dump=0/0
SUCCLINE c1-CTL rep=1 site=cli [SUCC] gen=0 det=0 res=0 orig_n=0 orig_p50_us=- orig_p90_us=- orig_p99_us=- orig_mx_us=- orig_mean_us=- rep_n=0 rep_p50_us=- rep_p90_us=- rep_p99_us=- rep_mx_us=- rep_mean_us=- aban_n=0 aban_p50_us=- aban_p90_us=- aban_p99_us=- aban_mx_us=- aban_mean_us=- open=0 over=0 orig_frac=- cross_us=- dump=0/0
SUCCLINE c1-CTL rep=1 site=cli [SUCC] gen=0 det=0 res=0 orig_n=0 orig_p50_us=- orig_p90_us=- orig_p99_us=- orig_mx_us=- orig_mean_us=- rep_n=0 rep_p50_us=- rep_p90_us=- rep_p99_us=- rep_mx_us=- rep_mean_us=- aban_n=0 aban_p50_us=- aban_p90_us=- aban_p99_us=- aban_mx_us=- aban_mean_us=- open=0 over=0 orig_frac=- cross_us=- dump=0/0
SUCCLINE c1-CTL rep=1 site=cli [SUCC] gen=0 det=0 res=0 orig_n=0 orig_p50_us=- orig_p90_us=- orig_p99_us=- orig_mx_us=- orig_mean_us=- rep_n=0 rep_p50_us=- rep_p90_us=- rep_p99_us=- rep_mx_us=- rep_mean_us=- aban_n=0 aban_p50_us=- aban_p90_us=- aban_p99_us=- aban_mx_us=- aban_mean_us=- open=0 over=0 orig_frac=- cross_us=- dump=0/0
SUCCLINE c1-CTL rep=1 site=cli [SUCC] gen=0 det=0 res=0 orig_n=0 orig_p50_us=- orig_p90_us=- orig_p99_us=- orig_mx_us=- orig_mean_us=- rep_n=0 rep_p50_us=- rep_p90_us=- rep_p99_us=- rep_mx_us=- rep_mean_us=- aban_n=0 aban_p50_us=- aban_p90_us=- aban_p99_us=- aban_mx_us=- aban_mean_us=- open=0 over=0 orig_frac=- cross_us=- dump=0/0
SUCCLINE c1-CTL rep=1 site=cli [SUCC] gen=0 det=0 res=0 orig_n=0 orig_p50_us=- orig_p90_us=- orig_p99_us=- orig_mx_us=- orig_mean_us=- rep_n=0 rep_p50_us=- rep_p90_us=- rep_p99_us=- rep_mx_us=- rep_mean_us=- aban_n=0 aban_p50_us=- aban_p90_us=- aban_p99_us=- aban_mx_us=- aban_mean_us=- open=0 over=0 orig_frac=- cross_us=- dump=0/0
SUCCLINE c1-CTL rep=1 site=cli [SUCC] gen=0 det=0 res=0 orig_n=0 orig_p50_us=- orig_p90_us=- orig_p99_us=- orig_mx_us=- orig_mean_us=- rep_n=0 rep_p50_us=- rep_p90_us=- rep_p99_us=- rep_mx_us=- rep_mean_us=- aban_n=0 aban_p50_us=- aban_p90_us=- aban_p99_us=- aban_mx_us=- aban_mean_us=- open=0 over=0 orig_frac=- cross_us=- dump=0/0
SUCCLINE c1-CTL rep=1 site=cli [SUCC] gen=0 det=0 res=0 orig_n=0 orig_p50_us=- orig_p90_us=- orig_p99_us=- orig_mx_us=- orig_mean_us=- rep_n=0 rep_p50_us=- rep_p90_us=- rep_p99_us=- rep_mx_us=- rep_mean_us=- aban_n=0 aban_p50_us=- aban_p90_us=- aban_p99_us=- aban_mx_us=- aban_mean_us=- open=0 over=0 orig_frac=- cross_us=- dump=0/0
SUCCLINE c1-CTL rep=1 site=cli [SUCC] gen=0 det=0 res=0 orig_n=0 orig_p50_us=- orig_p90_us=- orig_p99_us=- orig_mx_us=- orig_mean_us=- rep_n=0 rep_p50_us=- rep_p90_us=- rep_p99_us=- rep_mx_us=- rep_mean_us=- aban_n=0 aban_p50_us=- aban_p90_us=- aban_p99_us=- aban_mx_us=- aban_mean_us=- open=0 over=0 orig_frac=- cross_us=- dump=0/0
SUCCLINE c1-CTL rep=1 site=cli [SUCC] gen=0 det=0 res=0 orig_n=0 orig_p50_us=- orig_p90_us=- orig_p99_us=- orig_mx_us=- orig_mean_us=- rep_n=0 rep_p50_us=- rep_p90_us=- rep_p99_us=- rep_mx_us=- rep_mean_us=- aban_n=0 aban_p50_us=- aban_p90_us=- aban_p99_us=- aban_mx_us=- aban_mean_us=- open=0 over=0 orig_frac=- cross_us=- dump=0/0
SUCCLINE c1-CTL rep=1 site=srv [SUCC] gen=0 det=23 res=23 orig_n=23 orig_p50_us=15360 orig_p90_us=20480 orig_p99_us=20480 orig_mx_us=21646 orig_mean_us=14085 rep_n=0 rep_p50_us=- rep_p90_us=- rep_p99_us=- rep_mx_us=- rep_mean_us=- aban_n=0 aban_p50_us=- aban_p90_us=- aban_p99_us=- aban_mx_us=- aban_mean_us=- open=0 over=0 orig_frac=1.0000 cross_us=- dump=0/0
SUCCLINE c1-CTL rep=1 site=srv [SUCC] gen=0 det=52 res=52 orig_n=52 orig_p50_us=13312 orig_p90_us=22528 orig_p99_us=22528 orig_mx_us=23383 orig_mean_us=15490 rep_n=0 rep_p50_us=- rep_p90_us=- rep_p99_us=- rep_mx_us=- rep_mean_us=- aban_n=0 aban_p50_us=- aban_p90_us=- aban_p99_us=- aban_mx_us=- aban_mean_us=- open=0 over=0 orig_frac=1.0000 cross_us=- dump=0/0
SUCCLINE c1-CTL rep=1 site=srv [SUCC] gen=0 det=162 res=152 orig_n=152 orig_p50_us=13312 orig_p90_us=32768 orig_p99_us=36864 orig_mx_us=38661 orig_mean_us=16961 rep_n=0 rep_p50_us=- rep_p90_us=- rep_p99_us=- rep_mx_us=- rep_mean_us=- aban_n=0 aban_p50_us=- aban_p90_us=- aban_p99_us=- aban_mx_us=- aban_mean_us=- open=10 over=0 orig_frac=1.0000 cross_us=- dump=0/0
SUCCLINE c1-CTL rep=1 site=srv [SUCC] gen=0 det=182 res=182 orig_n=181 orig_p50_us=15360 orig_p90_us=32768 orig_p99_us=36864 orig_mx_us=38661 orig_mean_us=17038 rep_n=1 rep_p50_us=22528 rep_p90_us=22528 rep_p99_us=22528 rep_mx_us=23425 rep_mean_us=23425 aban_n=0 aban_p50_us=- aban_p90_us=- aban_p99_us=- aban_mx_us=- aban_mean_us=- open=0 over=0 orig_frac=0.9945 cross_us=- dump=0/0
SUCCLINE c1-CTL rep=1 site=srv [SUCC] gen=0 det=211 res=211 orig_n=209 orig_p50_us=16384 orig_p90_us=32768 orig_p99_us=36864 orig_mx_us=38661 orig_mean_us=18161 rep_n=2 rep_p50_us=22528 rep_p90_us=32768 rep_p99_us=32768 rep_mx_us=33849 rep_mean_us=28637 aban_n=0 aban_p50_us=- aban_p90_us=- aban_p99_us=- aban_mx_us=- aban_mean_us=- open=0 over=0 orig_frac=0.9905 cross_us=- dump=0/0
SUCCLINE c1-CTL rep=1 site=srv [SUCC] gen=0 det=211 res=211 orig_n=209 orig_p50_us=16384 orig_p90_us=32768 orig_p99_us=36864 orig_mx_us=38661 orig_mean_us=18161 rep_n=2 rep_p50_us=22528 rep_p90_us=32768 rep_p99_us=32768 rep_mx_us=33849 rep_mean_us=28637 aban_n=0 aban_p50_us=- aban_p90_us=- aban_p99_us=- aban_mx_us=- aban_mean_us=- open=0 over=0 orig_frac=0.9905 cross_us=- dump=0/0
SUCCLINE c1-CTL rep=1 site=srv [SUCC] gen=0 det=281 res=281 orig_n=279 orig_p50_us=16384 orig_p90_us=32768 orig_p99_us=36864 orig_mx_us=38661 orig_mean_us=17849 rep_n=2 rep_p50_us=22528 rep_p90_us=32768 rep_p99_us=32768 rep_mx_us=33849 rep_mean_us=28637 aban_n=0 aban_p50_us=- aban_p90_us=- aban_p99_us=- aban_mx_us=- aban_mean_us=- open=0 over=0 orig_frac=0.9929 cross_us=- dump=0/0
SUCCLINE c1-CTL rep=1 site=srv [SUCC] gen=0 det=281 res=281 orig_n=279 orig_p50_us=16384 orig_p90_us=32768 orig_p99_us=36864 orig_mx_us=38661 orig_mean_us=17849 rep_n=2 rep_p50_us=22528 rep_p90_us=32768 rep_p99_us=32768 rep_mx_us=33849 rep_mean_us=28637 aban_n=0 aban_p50_us=- aban_p90_us=- aban_p99_us=- aban_mx_us=- aban_mean_us=- open=0 over=0 orig_frac=0.9929 cross_us=- dump=0/0
SUCCLINE c1-CTL rep=1 site=srv [SUCC] gen=0 det=281 res=281 orig_n=279 orig_p50_us=16384 orig_p90_us=32768 orig_p99_us=36864 orig_mx_us=38661 orig_mean_us=17849 rep_n=2 rep_p50_us=22528 rep_p90_us=32768 rep_p99_us=32768 rep_mx_us=33849 rep_mean_us=28637 aban_n=0 aban_p50_us=- aban_p90_us=- aban_p99_us=- aban_mx_us=- aban_mean_us=- open=0 over=0 orig_frac=0.9929 cross_us=- dump=0/0
SUCCLINE c1-CTL rep=1 site=srv [SUCC] gen=0 det=291 res=291 orig_n=289 orig_p50_us=16384 orig_p90_us=28672 orig_p99_us=36864 orig_mx_us=38661 orig_mean_us=17506 rep_n=2 rep_p50_us=22528 rep_p90_us=32768 rep_p99_us=32768 rep_mx_us=33849 rep_mean_us=28637 aban_n=0 aban_p50_us=- aban_p90_us=- aban_p99_us=- aban_mx_us=- aban_mean_us=- open=0 over=0 orig_frac=0.9931 cross_us=- dump=0/0
SUCCLINE c1-CTL rep=1 site=srv [SUCC] gen=0 det=291 res=291 orig_n=289 orig_p50_us=16384 orig_p90_us=28672 orig_p99_us=36864 orig_mx_us=38661 orig_mean_us=17506 rep_n=2 rep_p50_us=22528 rep_p90_us=32768 rep_p99_us=32768 rep_mx_us=33849 rep_mean_us=28637 aban_n=0 aban_p50_us=- aban_p90_us=- aban_p99_us=- aban_mx_us=- aban_mean_us=- open=0 over=0 orig_frac=0.9931 cross_us=- dump=0/0
SUCCLINE c1-CTL rep=1 site=srv [SUCC] gen=0 det=301 res=301 orig_n=299 orig_p50_us=15360 orig_p90_us=28672 orig_p99_us=36864 orig_mx_us=38661 orig_mean_us=17463 rep_n=2 rep_p50_us=22528 rep_p90_us=32768 rep_p99_us=32768 rep_mx_us=33849 rep_mean_us=28637 aban_n=0 aban_p50_us=- aban_p90_us=- aban_p99_us=- aban_mx_us=- aban_mean_us=- open=0 over=0 orig_frac=0.9934 cross_us=- dump=0/0
SUCCLINE c1-CTL rep=1 site=srv [SUCC] gen=0 det=328 res=328 orig_n=326 orig_p50_us=16384 orig_p90_us=28672 orig_p99_us=36864 orig_mx_us=38661 orig_mean_us=17547 rep_n=2 rep_p50_us=22528 rep_p90_us=32768 rep_p99_us=32768 rep_mx_us=33849 rep_mean_us=28637 aban_n=0 aban_p50_us=- aban_p90_us=- aban_p99_us=- aban_mx_us=- aban_mean_us=- open=0 over=0 orig_frac=0.9939 cross_us=- dump=0/0
SUCCLINE c1-CTL rep=1 site=srv [SUCC] gen=0 det=390 res=358 orig_n=356 orig_p50_us=16384 orig_p90_us=28672 orig_p99_us=36864 orig_mx_us=38661 orig_mean_us=17528 rep_n=2 rep_p50_us=22528 rep_p90_us=32768 rep_p99_us=32768 rep_mx_us=33849 rep_mean_us=28637 aban_n=0 aban_p50_us=- aban_p90_us=- aban_p99_us=- aban_mx_us=- aban_mean_us=- open=32 over=0 orig_frac=0.9944 cross_us=- dump=0/0
SUCCLINE c1-CTL rep=1 site=srv [SUCC] gen=0 det=420 res=420 orig_n=418 orig_p50_us=15360 orig_p90_us=24576 orig_p99_us=36864 orig_mx_us=38661 orig_mean_us=17211 rep_n=2 rep_p50_us=22528 rep_p90_us=32768 rep_p99_us=32768 rep_mx_us=33849 rep_mean_us=28637 aban_n=0 aban_p50_us=- aban_p90_us=- aban_p99_us=- aban_mx_us=- aban_mean_us=- open=0 over=0 orig_frac=0.9952 cross_us=- dump=0/0
SUCCLINE c1-CTL rep=1 site=srv [SUCC] gen=0 det=440 res=440 orig_n=438 orig_p50_us=15360 orig_p90_us=24576 orig_p99_us=36864 orig_mx_us=38661 orig_mean_us=16980 rep_n=2 rep_p50_us=22528 rep_p90_us=32768 rep_p99_us=32768 rep_mx_us=33849 rep_mean_us=28637 aban_n=0 aban_p50_us=- aban_p90_us=- aban_p99_us=- aban_mx_us=- aban_mean_us=- open=0 over=0 orig_frac=0.9955 cross_us=- dump=0/0
HOLDLINE c1-CTL rep=1 site=cli [HOLD] site=sender path=0 gen=0 q=unset n_req=- n_obs=1000 samp_n=183 fed=183 t_us=- obs_p50_us=10650 obs_p90_us=17347 obs_p99_us=17860 evals=569 law_n=0 sup=0 emit=569 hd_p50_us=- hd_p90_us=- hd_p99_us=- hd_mx_us=- hd_n=0 fa_class=0.0625
HOLDLINE c1-CTL rep=1 site=cli [HOLD] site=sender path=- gen=0 q=unset n_req=- n_obs=1000 samp_n=0 fed=0 t_us=- obs_p50_us=- obs_p90_us=- obs_p99_us=- evals=19 law_n=0 sup=0 emit=19 hd_p50_us=- hd_p90_us=- hd_p99_us=- hd_mx_us=- hd_n=0 fa_class=0.0625
WALLLINE c1-CTL rep=1 site=cli [WALL] onset=1.0000 dur_ms=0.0 retx=0 total_ms=16414.7 it_ms=0.048
VAWITNESS {"cell":"c1","arm":"CTL","alpha":"unset","seed":42,"rep":1,"rc":0,"mean_mbps":194.979,"band":[147,294],"band_applies":1,"in_band":1,"lossy":0,"alpha_expect":"unset","alpha_got_cli":"unset","alpha_got_srv":"unset","form_expect":"cantelli","form_got_cli":"cantelli","form_got_srv":"cantelli","winn_expect":"unavail","winn_got_cli":"unavail","winn_got_srv":"unavail","qclk_law_n":340806,"qclk_evals":340806,"qclk_win_ok":0,"qclk_win_n":"unavail","w_us_p50":25000,"w_us_p05":25000,"w_us_p95":28556,"shipped_clock_us":25000,"fcause_n":588,"fcause_timer":19,"fcause_gap_data":569,"fcause_gap_refresh":0,"fcause_other":0,"fcause_unattr":0,"succ_det":440,"succ_res":440,"succ_orig_frac":"0.9955","rfa_fires":609,"rfa_false":169,"rfa_false_frac":"0.2775","rfa_fill_coded":2,"rack_fa":"65/588","rack_fa_frac":"0.1105","fails":""}
=== rep=1 arm=c1-Q400 alpha=0.4 form=quantile win_n=25 seed=42 env="RWM_QUANTILE_CLOCKS=1 RWM_ALPHA_OVERRIDE=0.4 RWM_W_FORM=quantile RWM_DELTA_CAP=1 RWM_SUM_CAP=1 RWM_RACK_CLOCKS=0 RWM_DERIVED_SWEEP=0 RWM_COMPOSED_CAP=0 RWM_THREE_TERM=0 RWM_STORE_CAP_UNIFIED=0 RWM_LATE_BRAKE=0 RWM_CHARGE_RECOVERY=0 RWM_RELEASE_1TO1=0 RWM_LOSS_SENT_TRUTH=0 RWM_RTT_DUMP=0 RWM_SUCC_DUMP=0" cell=c1/c1/single bytes=400000000 18:33:23
[2m2026-08-21T18:33:24.694253Z[0m [32m INFO[0m [2mraptorpath::gates[0m[2m:[0m [GATES] RWM_UNIFIED=1 RWM_UNIFIED_SHED=1 RWM_TAPER_R=1 RWM_ASTAR_ANCHOR=1 RWM_MSTAR_ANCHOR=1 RWM_PLAIN_RS=0 RWM_HONEST_ANCHOR=1 RWM_HONEST_K=0 RWM_STORE_SACK_RELEASE=1 RWM_STORE_PATHS=1 RWM_STORE_PATH_POOL=2048 RWM_STORE=unset RWM_STORE_GAIN=2 RWM_STORE_BOOT=128 RWM_STORE_CAPW=0 RWM_STORE_CAP_UNIFIED=0 RWM_THREE_TERM=0 RWM_COMPOSED_CAP=0 RWM_SUM_CAP=1 RWM_LATE_BRAKE=0 RWM_DELTA_CAP=1 RWM_STORE_PERCAP=0 RWM_PERCAP_GUARD=1 RWM_STORE_BORROW=0 RWM_HONEST_CAP=1 RWM_POOL_ANCHOR=0 RWM_POOL_DELIV=0 RWM_FLOOR_BOUND=0 RWM_ACK_MERGE=1 RWM_LOSS_SENT_TRUTH=0 RWM_RELEASE_1TO1=0 RWM_CHARGE_RECOVERY=0 RWM_PATIENCE_DERIVED=0 RWM_SIDLE_DERIVED=0 RWM_WIN_DECOUPLE=0 RWM_PLACE_SLACK=0 RWM_COLD_PLACE=0 RWM_GEN=384 RWM_PIPELINE=2 RWM_GEN_PIPE=1 RWM_GEN_R=unset RWM_GEN_RATE=9000 RWM_GEN_RATE_FLOOR=2000 RWM_GEN_INFLIGHT=unset RWM_OOO_RETAIN=0/16 RWM_WINDOW=unset RWM_REPORT_GENS=unset RWM_REPAIR_WAIT=unset RWM_CODED_SRC=0 RWM_NO_REACTIVE=0 RWM_XPATH_REPAIR=0 RWM_PROACTIVE_PACER=0 RWM_REASM_BDP=0 RWM_MIN_R=0 RWM_CC_PACE=0 RWM_CC_PACE_HR=1.1 RWM_REACT_CAP=unset RWM_INFL_CAP=0 RWM_INFL_BDP=unset RWM_COPA_FEED=0 RWM_RS_ATTR=1 RWM_EMIT_BATCH=0 RWM_EMIT_BURST=64 RWM_RECOV_MP=1 RWM_RECOV_MP_LAW=1 RWM_RECOV_MP_LIVE=0 RWM_RECOV_SP=0 RWM_DERIVED_SWEEP=0 RWM_RACK_CLOCKS=0 RWM_RACK_REO_MULT=1 RWM_QUANTILE_CLOCKS=1 RWM_ALPHA_OVERRIDE=0.4 RWM_W_FORM=quantile RWM_HOLDDOWN_Q=unset RWM_REFRESH_FLOOR_US=unset RWM_DIAG=1 RWM_ACKDIAG=1 RWM_ACKDIAG_WINDOW_US=2000000 RWM_RTT_DUMP=0 RWM_RTT_DUMP_MAX=400000 RWM_SUCC_DUMP=0 RWM_SUCC_DUMP_MAX=200000 RWM_WALLDIAG=1 RWM_CPUPROF=0 RWM_RDIAG=0 RWM_FDIAG=1 RWM_TRACE=0 RWM_PFRAC=0
{"bytes":400000000,"dnf":0,"hint":"bulk","max_s":17.5728,"mean_mbps":182.099,"mean_s":17.5728,"median_s":17.5728,"min_s":17.5728,"proto":"rp-native","runs":1,"stdev_s":0.0,"summary":true}
    LATPROBE-LEG leg=0 file=/tmp/rwm-ping-0.txt sent=350 recv=350 censor=0.00% p50=2.08[censor=0.00% ok] p95=2.49[censor=0.00% ok] p99=2.72[censor=0.00% ok]
    LATPROBE: 1 leg(s) /tmp/rwm-ping-0.txt=350 replies
    CPU: CPUSRV=19.32s CPUCLI=21.56s (srv=decoder cli=sender; whole-invocation incl warmup)
    QDISC cli0: qdisc netem bd5d: root refcnt 7 limit 1000 delay 1ms loss gemodel p 0.05% r 50% 1-h 100% 1-k 0% rate 1Gbit seed 42  Sent 439132067 bytes 345154 pkt (dropped 50, overlimits 0 requeues 0)   backlog 0b 0p requeues 0 
    QDISC srv0: qdisc netem bd5f: root refcnt 7 limit 1000 delay 1ms rate 1Gbit seed 12966356889879888312  Sent 33946524 bytes 93676 pkt (dropped 0, overlimits 0 requeues 0)   backlog 0b 0p requeues 0 
    QCAP: /tmp/rwm-q.txt 10 lines
RUNTIME c1-Q400 rep=1 19s rc=0
ALPHARESULT {"cell": "c1", "arm": "Q400", "alpha_cmd": 0.4, "seed": 42, "rep": 1, "n_paths": 1, "dnf": false, "dnf_count": 0, "mbps": 182.099, "mean_mbps": 182.099, "seconds": 17.5728, "n_runs": 1, "cpusrv": 19.32, "cpucli": 21.56, "khr_med": 1.0, "kraw_med": null, "khr_n": 56, "kraw_n": 0, "rtp_med": 2, "occ_p50": 231, "occcap_p50": 540, "q_p50": 9, "q_p99": 13, "diag_lines": 70, "retx": 1067, "w1_rfa_gen": "0", "w2_pfrac_lines": 0, "w4_retx_max": 1067, "w5_rack_fa": "271/1069", "gates_cli_quantile_clocks": 1, "gates_srv_quantile_clocks": 1, "gates_cli_rack_clocks": 0, "gates_srv_rack_clocks": 0, "gates_cli_derived_sweep": 0, "gates_srv_derived_sweep": 0, "gates_cli_delta_cap": 1, "gates_srv_delta_cap": 1, "gates_cli_sum_cap": 1, "gates_srv_sum_cap": 1, "gates_cli_composed_cap": 0, "gates_srv_composed_cap": 0, "gates_cli_three_term": 0, "gates_srv_three_term": 0, "gates_cli_loss_sent_truth": 0, "gates_srv_loss_sent_truth": 0, "gates_cli_gen": null, "gates_srv_gen": null, "gates_cli_diag": 1, "gates_srv_diag": 1, "gates_cli_ackdiag": 1, "gates_srv_ackdiag": 1, "gates_cli_walldiag": 1, "gates_srv_walldiag": 1, "gates_cli_fdiag": 1, "gates_srv_fdiag": 1, "gates_cli_recov_mp": 1, "gates_srv_recov_mp": 1, "gates_cli_cc_pace": 0, "gates_srv_cc_pace": 0, "gates_cli_rack_reo_mult": 1, "gates_srv_rack_reo_mult": 1, "gates_lines_cli": 1, "gates_lines_srv": 1, "gate_quantile_cli": "1", "gate_quantile_srv": "1", "gate_alpha_cli": "0.4", "gate_alpha_srv": "0.4", "gate_gen_cli": 384, "gate_gen_srv": 384, "gate_wform_cli": "quantile", "gate_wform_srv": "quantile", "qalpha_lines_cli": 1, "qalpha_site_cli": "sender", "qalpha_quantile_cli": 1, "qalpha_contract_cli": 0.001, "qalpha_override_cli": 0.4, "qalpha_cli": 0.4, "qalpha_k_cli": 1.2247, "qalpha_form_cli": "quantile", "qalpha_winn_cli": "25", "qalpha_lines_srv": 1, "qalpha_site_srv": "receiver", "qalpha_quantile_srv": 1, "qalpha_contract_srv": 1e-05, "qalpha_override_srv": 0.4, "qalpha_srv": 0.4, "qalpha_k_srv": 1.2247, "qalpha_form_srv": "quantile", "qalpha_winn_srv": "25", "qclk_cli_lines": 1, "qclk_cli_site": "sender", "qclk_cli_alpha": 0.4, "qclk_cli_k": 1.2247, "qclk_cli_w_us_mean": 11029.3, "qclk_cli_srtt_us_mean": 10800.5, "qclk_cli_on": 1, "qclk_cli_evals": 339947, "qclk_cli_kept": 2169, "qclk_cli_w_us_p05": 7958, "qclk_cli_w_us_p50": 10774, "qclk_cli_w_us_p95": 14613, "qclk_cli_w_us_min": 4847, "qclk_cli_w_us_max": 31963, "qclk_cli_law_n": 278829, "qclk_cli_sigma_us_mean": 380.4, "qclk_cli_sigma_n": 278829, "qclk_form_cli": "quantile", "qclk_winn_cli": "25", "qclk_win_ok_cli": 278829, "qclk_srv_lines": 17, "qclk_srv_site": "receiver", "qclk_srv_alpha": 0.4, "qclk_srv_k": 1.2247, "qclk_srv_w_us_mean": 12193.9, "qclk_srv_srtt_us_mean": 11767.1, "qclk_srv_on": 1, "qclk_srv_evals": 8889, "qclk_srv_kept": 2158, "qclk_srv_w_us_p05": 9548, "qclk_srv_w_us_p50": 12503, "qclk_srv_w_us_p95": 14885, "qclk_srv_w_us_min": 9363, "qclk_srv_w_us_max": 15125, "qclk_srv_law_n": 8629, "qclk_srv_sigma_us_mean": 3507.2, "qclk_srv_sigma_n": 8889, "qclk_form_srv": "quantile", "qclk_winn_srv": "25", "qclk_win_ok_srv": 8629, "rack_lines_cli": 2, "rack_on_cli": 0, "rack_evals_cli": 0, "rack_ceil_cli": 0.0, "rack_gran_cli": 0.0, "rack_legacy_pin_cli": 0.0, "rack_round_cli": 0.0, "rack_legacy_cli": 0.0, "rack_mult_cli": 1, "rack_fa_n_cli": 1249, "rack_fa_d_cli": 1249, "rack_fa_frac_cli": 1.0, "rack_fa_class_cli": 0.0625, "rack_lines_srv": 0, "rack_on_srv": null, "rack_evals_srv": null, "rack_ceil_srv": null, "rack_gran_srv": null, "rack_legacy_pin_srv": null, "rack_round_srv": null, "rack_legacy_srv": null, "rack_mult_srv": null, "rack_fa_n_srv": null, "rack_fa_d_srv": null, "rack_fa_frac_srv": null, "rack_fa_class_srv": null, "rack_fired": 1249, "rack_spurious": 1249, "rack_fa_frac": 1.0, "rack_fa_class": 0.0625, "rack_round_us": 0.0, "rack_legacy_us": 0.0, "rack_evals": 0, "rack_legacy_pin": 0.0, "rfa_lines": 17, "rfa_gen": 0, "rfa_fires": 1050, "rfa_false": 661, "rfa_fill_coded": 6, "rfa_fill_src": 383, "rfa_dup_src": 655, "rfa_preempt_src": 6, "rfa_src_n": 327113, "rfa_rep_n": 588, "rfa_false_frac": 0.6295, "rfa_nu_recv": 0.00321, "rfa_fa_class": 0.0625, "rfa_bracket_lo": 0.6295, "rfa_bracket_hi": 0.991004, "sf_ticks": 2886, "sf_E": 0.8652, "sf_short": 0.1348, "sf_zero": 0.1348, "capboot_n": 67, "capboot_frac": 0.1642, "ping_n": 350, "ping_p50": 2.08, "ping_p95": 2.49, "ping_p99": 2.72, "ping_tx": 350, "ping_rx": 350, "ping_loss": 0.0, "ping_censor_frac": 0.0, "legs_probed": 1, "leg0_n": 350, "leg0_sent": 350, "leg0_recv": 350, "leg0_sent_source": "summary", "leg0_censor_frac": 0.0, "leg0_censor_pct": 0.0, "leg0_recv_mismatch": false, "leg0_leg_unscoreable": false, "leg0_min": 2.04, "leg0_max": 2.93, "leg0_p50": 2.08, "leg0_p50_censored": false, "leg0_p50_scoreable": true, "leg0_p95": 2.49, "leg0_p95_censored": false, "leg0_p95_scoreable": true, "leg0_p99": 2.72, "leg0_p99_censored": false, "leg0_p99_scoreable": true, "legs_censor_max": 0.0, "wait_tun": 88, "wait_paused": 7, "wait_pace": 0, "wait_gen": 0, "wait_nack": 0, "wait_defc": 0, "wait_tail": 5, "wait_flush": 0, "wait_lines": 67, "deadwall": false, "sig_us_p50": 88.0, "sig_us_n": 338559, "sig_us_path": 0, "sig_paths": 1, "pl_n": 56, "pl_max": 0.0, "pl_min": 0.0, "pl_p0": 0.0, "dgq_hand": 341666, "dgq_full": 0, "dgq_err": 0, "dgq_gap": 1, "tc_bytes": 439132067, "tc_pkts": 345154, "tc_drop": 50, "tc_s": 19, "hold_lines": 2, "hold_samp_n": 193, "hold_fed": 193, "hold_evals": 492, "hold_law_n": 0, "hold_sup": 0, "hold_emit": 492, "hold_hd_n": 0, "hold_q": "unset", "hold_n_req": "-", "hold_n_obs": 1000, "hold_gen": 0, "hold_sup_frac": 0.0, "hold_law_frac": 0.0, "hold_obs_p50_us": 14140, "hold_obs_p90_us": 16295, "hold_obs_p99_us": 26068, "hold_t_us_p0": null, "hold_t_us_p1": null, "hold_samp_n_p0": 193, "hold_samp_n_p1": null, "hold_hd_p50_us": null, "hold_hd_p90_us": null, "hold_hd_p99_us": null, "hold_hd_mx_us": null, "hold_unattr_evals": 577, "hold_paths_n": 1, "hold_accounting_ok": 1, "hold_obs_p50_us_p0": 14140, "hold_obs_p90_us_p0": 16295, "hold_obs_p99_us_p0": 26068, "hold_rpd": 2.748072, "fcause_lines": 1, "fcause_gen": 0, "fcause_n": 1069, "fcause_timer": 577, "fcause_gap_data": 492, "fcause_gap_refresh": 0, "fcause_other": 0, "fcause_fired": 1069, "fcause_unattr": 0, "fcause_timer_frac": 0.5398, "fcause_gap_frac": 0.4602, "succ_lines": 17, "succ_gen": 0, "succ_det": 389, "succ_res": 389, "succ_orig_n": 383, "succ_rep_n": 6, "succ_aban_n": 0, "succ_open": 0, "succ_over": 0, "succ_orig_p50_us": 16384, "succ_orig_p90_us": 30720, "succ_orig_p99_us": 49152, "succ_orig_mx_us": 52504, "succ_orig_frac": 0.9846, "succ_identity_ok": 1}
LIVENESS c1-Q400 rep=1 RWM_QUANTILE_CLOCKS=RWM_QUANTILE_CLOCKS=1/RWM_QUANTILE_CLOCKS=1(exp1) RWM_ALPHA_OVERRIDE=RWM_ALPHA_OVERRIDE=0.4/RWM_ALPHA_OVERRIDE=0.4(exp0.4) RWM_W_FORM=RWM_W_FORM=quantile/RWM_W_FORM=quantile(expquantile) RWM_DELTA_CAP=RWM_DELTA_CAP=1/RWM_DELTA_CAP=1(exp1) RWM_SUM_CAP=RWM_SUM_CAP=1/RWM_SUM_CAP=1(exp1) RWM_HOLDDOWN_Q=RWM_HOLDDOWN_Q=unset/RWM_HOLDDOWN_Q=unset(expunset) RWM_REFRESH_FLOOR_US=RWM_REFRESH_FLOOR_US=unset/RWM_REFRESH_FLOOR_US=unset(expunset) RWM_RACK_CLOCKS=RWM_RACK_CLOCKS=0/RWM_RACK_CLOCKS=0(exp0) RWM_DERIVED_SWEEP=RWM_DERIVED_SWEEP=0/RWM_DERIVED_SWEEP=0(exp0) RWM_COMPOSED_CAP=RWM_COMPOSED_CAP=0/RWM_COMPOSED_CAP=0(exp0) RWM_THREE_TERM=RWM_THREE_TERM=0/RWM_THREE_TERM=0(exp0) RWM_STORE_CAP_UNIFIED=RWM_STORE_CAP_UNIFIED=0/RWM_STORE_CAP_UNIFIED=0(exp0) RWM_LATE_BRAKE=RWM_LATE_BRAKE=0/RWM_LATE_BRAKE=0(exp0) RWM_CHARGE_RECOVERY=RWM_CHARGE_RECOVERY=0/RWM_CHARGE_RECOVERY=0(exp0) RWM_RELEASE_1TO1=RWM_RELEASE_1TO1=0/RWM_RELEASE_1TO1=0(exp0) RWM_LOSS_SENT_TRUTH=RWM_LOSS_SENT_TRUTH=0/RWM_LOSS_SENT_TRUTH=0(exp0) RWM_RTT_DUMP=RWM_RTT_DUMP=0/RWM_RTT_DUMP=0(exp0) RWM_SUCC_DUMP=RWM_SUCC_DUMP=0/RWM_SUCC_DUMP=0(exp0) RWM_DIAG=RWM_DIAG=1/RWM_DIAG=1(exp1) RWM_ACKDIAG=RWM_ACKDIAG=1/RWM_ACKDIAG=1(exp1) RWM_WALLDIAG=RWM_WALLDIAG=1/RWM_WALLDIAG=1(exp1) RWM_FDIAG=RWM_FDIAG=1/RWM_FDIAG=1(exp1)
W5QALPHA c1-Q400 rep=1 cli=form:quantile/win_n:25/alpha:4.000000e-1 srv=form:quantile/win_n:25/alpha:4.000000e-1 (exp form=quantile win_n=25)
WCLOCK c1-Q400 rep=1 law_n=278829 evals=339947 win_ok=278829 win_n=25 p50=10774 p05=7958 p95=14613 shipped_clock=25000
W8SUCC c1-Q400 rep=1 det=389 res=389 orig_frac=0.9846
QALPHALINE c1-Q400 rep=1 site=cli [QALPHA] site=receiver quantile=1 form=quantile win_n=25 contract_alpha=1.000000e-5 override=4.000000e-1 alpha=4.000000e-1 k=1.2247 fa_class=0.0625
QALPHALINE c1-Q400 rep=1 site=cli [QALPHA] site=sender quantile=1 form=quantile win_n=25 contract_alpha=1.000000e-3 override=4.000000e-1 alpha=4.000000e-1 k=1.2247 fa_class=0.0625
QALPHALINE c1-Q400 rep=1 site=srv [QALPHA] site=receiver quantile=1 form=quantile win_n=25 contract_alpha=1.000000e-5 override=4.000000e-1 alpha=4.000000e-1 k=1.2247 fa_class=0.06252026-08-21T18:33:24.700547Z  INFO raptorpath::net: budget-conserving taper emission ACTIVE (RWM_TAPER_R: plain-mode proactive repair budgeted at r x source per coding window; legacy = r per ack cycle)
QALPHALINE c1-Q400 rep=1 site=srv [QALPHA] site=sender quantile=1 form=quantile win_n=25 contract_alpha=1.000000e-3 override=4.000000e-1 alpha=4.000000e-1 k=1.2247 fa_class=0.0625
QCLKLINE c1-Q400 rep=1 site=cli [QCLK] site=sender on=1 form=quantile win_n=25 win_ok=278829 alpha=4.000000e-1 k=1.2247 evals=339947 law_n=278829 kept=2169 w_us_mean=11029.3 w_us_p05=7958 w_us_p50=10774 w_us_p95=14613 w_us_min=4847 w_us_max=31963 srtt_us_mean=10800.5 sigma_us_mean=380.4/n278829 fa_class=0.0625
QCLKLINE c1-Q400 rep=1 site=srv [QCLK] site=receiver on=1 form=quantile win_n=25 win_ok=307 alpha=4.000000e-1 k=1.2247 evals=567 law_n=307 kept=307 w_us_mean=11133.2 w_us_p05=11123 w_us_p50=11123 w_us_p95=11141 w_us_min=11123 w_us_max=11193 srtt_us_mean=10682.6 sigma_us_mean=15193.8/n567 fa_class=0.0625
QCLKLINE c1-Q400 rep=1 site=srv [QCLK] site=receiver on=1 form=quantile win_n=25 win_ok=997 alpha=4.000000e-1 k=1.2247 evals=1257 law_n=997 kept=997 w_us_mean=10812.4 w_us_p05=10657 w_us_p50=10679 w_us_p95=11141 w_us_min=10646 w_us_max=11193 srtt_us_mean=10001.3 sigma_us_mean=7791.1/n1257 fa_class=0.0625
QCLKLINE c1-Q400 rep=1 site=srv [QCLK] site=receiver on=1 form=quantile win_n=25 win_ok=1609 alpha=4.000000e-1 k=1.2247 evals=1869 law_n=1609 kept=1609 w_us_mean=10978.6 w_us_p05=10657 w_us_p50=11120 w_us_p95=11154 w_us_min=10646 w_us_max=12451 srtt_us_mean=10072.7 sigma_us_mean=5867.6/n1869 fa_class=0.0625
QCLKLINE c1-Q400 rep=1 site=srv [QCLK] site=receiver on=1 form=quantile win_n=25 win_ok=2599 alpha=4.000000e-1 k=1.2247 evals=2859 law_n=2599 kept=2599 w_us_mean=11168.8 w_us_p05=9977 w_us_p50=11120 w_us_p95=12880 w_us_min=9905 w_us_max=12880 srtt_us_mean=10383.2 sigma_us_mean=4718.3/n2859 fa_class=0.0625
QCLKLINE c1-Q400 rep=1 site=srv [QCLK] site=receiver on=1 form=quantile win_n=25 win_ok=3199 alpha=4.000000e-1 k=1.2247 evals=3459 law_n=3199 kept=3199 w_us_mean=11428.8 w_us_p05=9977 w_us_p50=11141 w_us_p95=12880 w_us_min=9905 w_us_max=12880 srtt_us_mean=10651.9 sigma_us_mean=4215.6/n3459 fa_class=0.0625
QCLKLINE c1-Q400 rep=1 site=srv [QCLK] site=receiver on=1 form=quantile win_n=25 win_ok=3199 alpha=4.000000e-1 k=1.2247 evals=3459 law_n=3199 kept=3199 w_us_mean=11428.8 w_us_p05=9977 w_us_p50=11141 w_us_p95=12880 w_us_min=9905 w_us_max=12880 srtt_us_mean=10651.9 sigma_us_mean=4215.6/n3459 fa_class=0.0625
QCLKLINE c1-Q400 rep=1 site=srv [QCLK] site=receiver on=1 form=quantile win_n=25 win_ok=4100 alpha=4.000000e-1 k=1.2247 evals=4360 law_n=4100 kept=2050 w_us_mean=11297.0 w_us_p05=9363 w_us_p50=11123 w_us_p95=12880 w_us_min=9363 w_us_max=12880 srtt_us_mean=10849.0 sigma_us_mean=3816.0/n4360 fa_class=0.0625
QCLKLINE c1-Q400 rep=1 site=srv [QCLK] site=receiver on=1 form=quantile win_n=25 win_ok=5354 alpha=4.000000e-1 k=1.2247 evals=5614 law_n=5354 kept=2677 w_us_mean=11597.0 w_us_p05=9363 w_us_p50=11141 w_us_p95=13963 w_us_min=9363 w_us_max=15028 srtt_us_mean=11048.8 sigma_us_mean=3709.0/n5614 fa_class=0.0625
QCLKLINE c1-Q400 rep=1 site=srv [QCLK] site=receiver on=1 form=quantile win_n=25 win_ok=5354 alpha=4.000000e-1 k=1.2247 evals=5614 law_n=5354 kept=2677 w_us_mean=11597.0 w_us_p05=9363 w_us_p50=11141 w_us_p95=13963 w_us_min=9363 w_us_max=15028 srtt_us_mean=11048.8 sigma_us_mean=3709.0/n5614 fa_class=0.0625
QCLKLINE c1-Q400 rep=1 site=srv [QCLK] site=receiver on=1 form=quantile win_n=25 win_ok=5354 alpha=4.000000e-1 k=1.2247 evals=5614 law_n=5354 kept=2677 w_us_mean=11597.0 w_us_p05=9363 w_us_p50=11141 w_us_p95=13963 w_us_min=9363 w_us_max=15028 srtt_us_mean=11048.8 sigma_us_mean=3709.0/n5614 fa_class=0.0625
QCLKLINE c1-Q400 rep=1 site=srv [QCLK] site=receiver on=1 form=quantile win_n=25 win_ok=5857 alpha=4.000000e-1 k=1.2247 evals=6117 law_n=5857 kept=2929 w_us_mean=11775.3 w_us_p05=9363 w_us_p50=11196 w_us_p95=13963 w_us_min=9363 w_us_max=15028 srtt_us_mean=11190.8 sigma_us_mean=3554.7/n6117 fa_class=0.0625
QCLKLINE c1-Q400 rep=1 site=srv [QCLK] site=receiver on=1 form=quantile win_n=25 win_ok=5857 alpha=4.000000e-1 k=1.2247 evals=6117 law_n=5857 kept=2929 w_us_mean=11775.3 w_us_p05=9363 w_us_p50=11196 w_us_p95=13963 w_us_min=9363 w_us_max=15028 srtt_us_mean=11190.8 sigma_us_mean=3554.7/n6117 fa_class=0.0625
QCLKLINE c1-Q400 rep=1 site=srv [QCLK] site=receiver on=1 form=quantile win_n=25 win_ok=5857 alpha=4.000000e-1 k=1.2247 evals=6117 law_n=5857 kept=2929 w_us_mean=11775.3 w_us_p05=9363 w_us_p50=11196 w_us_p95=13963 w_us_min=9363 w_us_max=15028 srtt_us_mean=11190.8 sigma_us_mean=3554.7/n6117 fa_class=0.0625
QCLKLINE c1-Q400 rep=1 site=srv [QCLK] site=receiver on=1 form=quantile win_n=25 win_ok=5857 alpha=4.000000e-1 k=1.2247 evals=6117 law_n=5857 kept=2929 w_us_mean=11775.3 w_us_p05=9363 w_us_p50=11196 w_us_p95=13963 w_us_min=9363 w_us_max=15028 srtt_us_mean=11190.8 sigma_us_mean=3554.7/n6117 fa_class=0.0625
QCLKLINE c1-Q400 rep=1 site=srv [QCLK] site=receiver on=1 form=quantile win_n=25 win_ok=6103 alpha=4.000000e-1 k=1.2247 evals=6363 law_n=6103 kept=3052 w_us_mean=11804.6 w_us_p05=9363 w_us_p50=11196 w_us_p95=13963 w_us_min=9363 w_us_max=15028 srtt_us_mean=11172.7 sigma_us_mean=3510.5/n6363 fa_class=0.0625
QCLKLINE c1-Q400 rep=1 site=srv [QCLK] site=receiver on=1 form=quantile win_n=25 win_ok=7420 alpha=4.000000e-1 k=1.2247 evals=7680 law_n=7420 kept=3710 w_us_mean=12044.6 w_us_p05=9548 w_us_p50=12552 w_us_p95=13963 w_us_min=9363 w_us_max=15028 srtt_us_mean=11433.5 sigma_us_mean=3322.8/n7680 fa_class=0.0625
QCLKLINE c1-Q400 rep=1 site=srv [QCLK] site=receiver on=1 form=quantile win_n=25 win_ok=8629 alpha=4.000000e-1 k=1.2247 evals=8889 law_n=8629 kept=2158 w_us_mean=12193.9 w_us_p05=9548 w_us_p50=12503 w_us_p95=14885 w_us_min=9363 w_us_max=15125 srtt_us_mean=11767.1 sigma_us_mean=3507.2/n8889 fa_class=0.0625
RACKLINE c1-Q400 rep=1 site=cli [RACK] on=0 evals=0 ceil=0.0000 gran=0.0000 legacy_pin=0.0000 round=0.0 legacy=0.0 mult=1 fa=1249/1249 fa_frac=1.0000 fa_class=0.0625
RACKLINE c1-Q400 rep=1 site=cli [RACK] on=0 evals=0 ceil=0.0000 gran=0.0000 legacy_pin=0.0000 round=0.0 legacy=0.0 mult=1 fa=271/1069 fa_frac=0.2535 fa_class=0.0625
RFALINE c1-Q400 rep=1 site=cli [RFA] gen=0 fires=46 false=46 false_frac=1.0000 fill_coded=0 fill_src=0 dup_src=46 preempt_src=0 src_n=47 rep_n=39 nu_recv=0.97872 fa_class=0.0625
RFALINE c1-Q400 rep=1 site=cli [RFA] gen=0 fires=128 false=128 false_frac=1.0000 fill_coded=0 fill_src=0 dup_src=128 preempt_src=0 src_n=129 rep_n=121 nu_recv=0.99225 fa_class=0.0625
RFALINE c1-Q400 rep=1 site=cli [RFA] gen=0 fires=209 false=209 false_frac=1.0000 fill_coded=0 fill_src=0 dup_src=209 preempt_src=0 src_n=210 rep_n=202 nu_recv=0.99524 fa_class=0.0625
RFALINE c1-Q400 rep=1 site=cli [RFA] gen=0 fires=289 false=289 false_frac=1.0000 fill_coded=0 fill_src=0 dup_src=289 preempt_src=0 src_n=290 rep_n=282 nu_recv=0.99655 fa_class=0.0625
RFALINE c1-Q400 rep=1 site=cli [RFA] gen=0 fires=361 false=361 false_frac=1.0000 fill_coded=0 fill_src=0 dup_src=361 preempt_src=0 src_n=362 rep_n=354 nu_recv=0.99724 fa_class=0.0625
RFALINE c1-Q400 rep=1 site=cli [RFA] gen=0 fires=432 false=432 false_frac=1.0000 fill_coded=0 fill_src=0 dup_src=432 preempt_src=0 src_n=433 rep_n=425 nu_recv=0.99769 fa_class=0.0625
RFALINE c1-Q400 rep=1 site=cli [RFA] gen=0 fires=500 false=500 false_frac=1.0000 fill_coded=0 fill_src=0 dup_src=500 preempt_src=0 src_n=501 rep_n=493 nu_recv=0.99800 fa_class=0.0625
RFALINE c1-Q400 rep=1 site=cli [RFA] gen=0 fires=568 false=568 false_frac=1.0000 fill_coded=0 fill_src=0 dup_src=568 preempt_src=0 src_n=569 rep_n=561 nu_recv=0.99824 fa_class=0.0625
RFALINE c1-Q400 rep=1 site=cli [RFA] gen=0 fires=644 false=644 false_frac=1.0000 fill_coded=0 fill_src=0 dup_src=644 preempt_src=0 src_n=645 rep_n=637 nu_recv=0.99845 fa_class=0.0625
RFALINE c1-Q400 rep=1 site=cli [RFA] gen=0 fires=719 false=719 false_frac=1.0000 fill_coded=0 fill_src=0 dup_src=719 preempt_src=0 src_n=720 rep_n=712 nu_recv=0.99861 fa_class=0.0625
RFALINE c1-Q400 rep=1 site=cli [RFA] gen=0 fires=791 false=791 false_frac=1.0000 fill_coded=0 fill_src=0 dup_src=791 preempt_src=0 src_n=792 rep_n=784 nu_recv=0.99874 fa_class=0.0625
RFALINE c1-Q400 rep=1 site=cli [RFA] gen=0 fires=866 false=866 false_frac=1.0000 fill_coded=0 fill_src=0 dup_src=866 preempt_src=0 src_n=867 rep_n=859 nu_recv=0.99885 fa_class=0.0625
RFALINE c1-Q400 rep=1 site=cli [RFA] gen=0 fires=941 false=941 false_frac=1.0000 fill_coded=0 fill_src=0 dup_src=941 preempt_src=0 src_n=942 rep_n=934 nu_recv=0.99894 fa_class=0.0625
RFALINE c1-Q400 rep=1 site=cli [RFA] gen=0 fires=1005 false=1005 false_frac=1.0000 fill_coded=0 fill_src=0 dup_src=1005 preempt_src=0 src_n=1006 rep_n=998 nu_recv=0.99901 fa_class=0.0625
RFALINE c1-Q400 rep=1 site=cli [RFA] gen=0 fires=1082 false=1082 false_frac=1.0000 fill_coded=0 fill_src=0 dup_src=1082 preempt_src=0 src_n=1083 rep_n=1075 nu_recv=0.99908 fa_class=0.0625
RFALINE c1-Q400 rep=1 site=cli [RFA] gen=0 fires=1150 false=1150 false_frac=1.0000 fill_coded=0 fill_src=0 dup_src=1150 preempt_src=0 src_n=1151 rep_n=1143 nu_recv=0.99913 fa_class=0.0625
RFALINE c1-Q400 rep=1 site=cli [RFA] gen=0 fires=1218 false=1218 false_frac=1.0000 fill_coded=0 fill_src=0 dup_src=1218 preempt_src=0 src_n=1219 rep_n=1211 nu_recv=0.99918 fa_class=0.0625
RFALINE c1-Q400 rep=1 site=cli [RFA] gen=0 fires=1249 false=1249 false_frac=1.0000 fill_coded=0 fill_src=0 dup_src=1249 preempt_src=0 src_n=1251 rep_n=1243 nu_recv=0.99840 fa_class=0.0625
RFALINE c1-Q400 rep=1 site=srv [RFA] gen=0 fires=71 false=41 false_frac=0.5775 fill_coded=2 fill_src=28 dup_src=39 preempt_src=2 src_n=15381 rep_n=25 nu_recv=0.00462 fa_class=0.0625
RFALINE c1-Q400 rep=1 site=srv [RFA] gen=0 fires=153 false=83 false_frac=0.5425 fill_coded=2 fill_src=68 dup_src=81 preempt_src=2 src_n=35725 rep_n=60 nu_recv=0.00428 fa_class=0.0625
RFALINE c1-Q400 rep=1 site=srv [RFA] gen=0 fires=231 false=132 false_frac=0.5714 fill_coded=2 fill_src=97 dup_src=130 preempt_src=2 src_n=57985 rep_n=98 nu_recv=0.00398 fa_class=0.0625
RFALINE c1-Q400 rep=1 site=srv [RFA] gen=0 fires=312 false=173 false_frac=0.5545 fill_coded=2 fill_src=137 dup_src=171 preempt_src=2 src_n=79910 rep_n=134 nu_recv=0.00390 fa_class=0.0625
RFALINE c1-Q400 rep=1 site=srv [RFA] gen=0 fires=376 false=214 false_frac=0.5691 fill_coded=2 fill_src=160 dup_src=212 preempt_src=2 src_n=99980 rep_n=165 nu_recv=0.00376 fa_class=0.0625
RFALINE c1-Q400 rep=1 site=srv [RFA] gen=0 fires=405 false=243 false_frac=0.6000 fill_coded=2 fill_src=160 dup_src=241 preempt_src=2 src_n=119245 rep_n=194 nu_recv=0.00340 fa_class=0.0625
RFALINE c1-Q400 rep=1 site=srv [RFA] gen=0 fires=492 false=289 false_frac=0.5874 fill_coded=2 fill_src=201 dup_src=287 preempt_src=2 src_n=137060 rep_n=234 nu_recv=0.00359 fa_class=0.0625
RFALINE c1-Q400 rep=1 site=srv [RFA] gen=0 fires=582 false=329 false_frac=0.5653 fill_coded=4 fill_src=249 dup_src=325 preempt_src=4 src_n=154963 rep_n=270 nu_recv=0.00376 fa_class=0.0625
RFALINE c1-Q400 rep=1 site=srv [RFA] gen=0 fires=617 false=364 false_frac=0.5900 fill_coded=4 fill_src=249 dup_src=360 preempt_src=4 src_n=173517 rep_n=304 nu_recv=0.00356 fa_class=0.0625
RFALINE c1-Q400 rep=1 site=srv [RFA] gen=0 fires=653 false=400 false_frac=0.6126 fill_coded=4 fill_src=249 dup_src=396 preempt_src=4 src_n=192491 rep_n=340 nu_recv=0.00339 fa_class=0.0625
RFALINE c1-Q400 rep=1 site=srv [RFA] gen=0 fires=699 false=434 false_frac=0.6209 fill_coded=4 fill_src=261 dup_src=430 preempt_src=4 src_n=211034 rep_n=375 nu_recv=0.00331 fa_class=0.0625
RFALINE c1-Q400 rep=1 site=srv [RFA] gen=0 fires=733 false=468 false_frac=0.6385 fill_coded=4 fill_src=261 dup_src=464 preempt_src=4 src_n=230167 rep_n=409 nu_recv=0.00318 fa_class=0.0625
RFALINE c1-Q400 rep=1 site=srv [RFA] gen=0 fires=764 false=499 false_frac=0.6531 fill_coded=4 fill_src=261 dup_src=495 preempt_src=4 src_n=249920 rep_n=439 nu_recv=0.00306 fa_class=0.0625
RFALINE c1-Q400 rep=1 site=srv [RFA] gen=0 fires=800 false=535 false_frac=0.6687 fill_coded=4 fill_src=261 dup_src=531 preempt_src=4 src_n=269159 rep_n=474 nu_recv=0.00297 fa_class=0.0625
RFALINE c1-Q400 rep=1 site=srv [RFA] gen=0 fires=838 false=563 false_frac=0.6718 fill_coded=4 fill_src=271 dup_src=559 preempt_src=4 src_n=288945 rep_n=501 nu_recv=0.00290 fa_class=0.0625
RFALINE c1-Q400 rep=1 site=srv [RFA] gen=0 fires=975 false=620 false_frac=0.6359 fill_coded=4 fill_src=351 dup_src=616 preempt_src=4 src_n=307951 rep_n=546 nu_recv=0.00317 fa_class=0.0625
RFALINE c1-Q400 rep=1 site=srv [RFA] gen=0 fires=1050 false=661 false_frac=0.6295 fill_coded=6 fill_src=383 dup_src=655 preempt_src=6 src_n=327113 rep_n=588 nu_recv=0.00321 fa_class=0.0625
FCAUSELINE c1-Q400 rep=1 site=cli [FCAUSE] gen=0 n=1069 timer=577 gap_data=492 gap_refresh=0 other=0 timer_frac=0.5398 gap_frac=0.4602 fired=1069 unattr=0 fa_class=0.0625
SUCCLINE c1-Q400 rep=1 site=cli [SUCC] gen=0 det=0 res=0 orig_n=0 orig_p50_us=- orig_p90_us=- orig_p99_us=- orig_mx_us=- orig_mean_us=- rep_n=0 rep_p50_us=- rep_p90_us=- rep_p99_us=- rep_mx_us=- rep_mean_us=- aban_n=0 aban_p50_us=- aban_p90_us=- aban_p99_us=- aban_mx_us=- aban_mean_us=- open=0 over=0 orig_frac=- cross_us=- dump=0/0
SUCCLINE c1-Q400 rep=1 site=cli [SUCC] gen=0 det=0 res=0 orig_n=0 orig_p50_us=- orig_p90_us=- orig_p99_us=- orig_mx_us=- orig_mean_us=- rep_n=0 rep_p50_us=- rep_p90_us=- rep_p99_us=- rep_mx_us=- rep_mean_us=- aban_n=0 aban_p50_us=- aban_p90_us=- aban_p99_us=- aban_mx_us=- aban_mean_us=- open=0 over=0 orig_frac=- cross_us=- dump=0/0
SUCCLINE c1-Q400 rep=1 site=cli [SUCC] gen=0 det=0 res=0 orig_n=0 orig_p50_us=- orig_p90_us=- orig_p99_us=- orig_mx_us=- orig_mean_us=- rep_n=0 rep_p50_us=- rep_p90_us=- rep_p99_us=- rep_mx_us=- rep_mean_us=- aban_n=0 aban_p50_us=- aban_p90_us=- aban_p99_us=- aban_mx_us=- aban_mean_us=- open=0 over=0 orig_frac=- cross_us=- dump=0/0
SUCCLINE c1-Q400 rep=1 site=cli [SUCC] gen=0 det=0 res=0 orig_n=0 orig_p50_us=- orig_p90_us=- orig_p99_us=- orig_mx_us=- orig_mean_us=- rep_n=0 rep_p50_us=- rep_p90_us=- rep_p99_us=- rep_mx_us=- rep_mean_us=- aban_n=0 aban_p50_us=- aban_p90_us=- aban_p99_us=- aban_mx_us=- aban_mean_us=- open=0 over=0 orig_frac=- cross_us=- dump=0/0
SUCCLINE c1-Q400 rep=1 site=cli [SUCC] gen=0 det=0 res=0 orig_n=0 orig_p50_us=- orig_p90_us=- orig_p99_us=- orig_mx_us=- orig_mean_us=- rep_n=0 rep_p50_us=- rep_p90_us=- rep_p99_us=- rep_mx_us=- rep_mean_us=- aban_n=0 aban_p50_us=- aban_p90_us=- aban_p99_us=- aban_mx_us=- aban_mean_us=- open=0 over=0 orig_frac=- cross_us=- dump=0/0
SUCCLINE c1-Q400 rep=1 site=cli [SUCC] gen=0 det=0 res=0 orig_n=0 orig_p50_us=- orig_p90_us=- orig_p99_us=- orig_mx_us=- orig_mean_us=- rep_n=0 rep_p50_us=- rep_p90_us=- rep_p99_us=- rep_mx_us=- rep_mean_us=- aban_n=0 aban_p50_us=- aban_p90_us=- aban_p99_us=- aban_mx_us=- aban_mean_us=- open=0 over=0 orig_frac=- cross_us=- dump=0/0
SUCCLINE c1-Q400 rep=1 site=cli [SUCC] gen=0 det=0 res=0 orig_n=0 orig_p50_us=- orig_p90_us=- orig_p99_us=- orig_mx_us=- orig_mean_us=- rep_n=0 rep_p50_us=- rep_p90_us=- rep_p99_us=- rep_mx_us=- rep_mean_us=- aban_n=0 aban_p50_us=- aban_p90_us=- aban_p99_us=- aban_mx_us=- aban_mean_us=- open=0 over=0 orig_frac=- cross_us=- dump=0/0
SUCCLINE c1-Q400 rep=1 site=cli [SUCC] gen=0 det=0 res=0 orig_n=0 orig_p50_us=- orig_p90_us=- orig_p99_us=- orig_mx_us=- orig_mean_us=- rep_n=0 rep_p50_us=- rep_p90_us=- rep_p99_us=- rep_mx_us=- rep_mean_us=- aban_n=0 aban_p50_us=- aban_p90_us=- aban_p99_us=- aban_mx_us=- aban_mean_us=- open=0 over=0 orig_frac=- cross_us=- dump=0/0
SUCCLINE c1-Q400 rep=1 site=cli [SUCC] gen=0 det=0 res=0 orig_n=0 orig_p50_us=- orig_p90_us=- orig_p99_us=- orig_mx_us=- orig_mean_us=- rep_n=0 rep_p50_us=- rep_p90_us=- rep_p99_us=- rep_mx_us=- rep_mean_us=- aban_n=0 aban_p50_us=- aban_p90_us=- aban_p99_us=- aban_mx_us=- aban_mean_us=- open=0 over=0 orig_frac=- cross_us=- dump=0/0
SUCCLINE c1-Q400 rep=1 site=cli [SUCC] gen=0 det=0 res=0 orig_n=0 orig_p50_us=- orig_p90_us=- orig_p99_us=- orig_mx_us=- orig_mean_us=- rep_n=0 rep_p50_us=- rep_p90_us=- rep_p99_us=- rep_mx_us=- rep_mean_us=- aban_n=0 aban_p50_us=- aban_p90_us=- aban_p99_us=- aban_mx_us=- aban_mean_us=- open=0 over=0 orig_frac=- cross_us=- dump=0/0
SUCCLINE c1-Q400 rep=1 site=cli [SUCC] gen=0 det=0 res=0 orig_n=0 orig_p50_us=- orig_p90_us=- orig_p99_us=- orig_mx_us=- orig_mean_us=- rep_n=0 rep_p50_us=- rep_p90_us=- rep_p99_us=- rep_mx_us=- rep_mean_us=- aban_n=0 aban_p50_us=- aban_p90_us=- aban_p99_us=- aban_mx_us=- aban_mean_us=- open=0 over=0 orig_frac=- cross_us=- dump=0/0
SUCCLINE c1-Q400 rep=1 site=cli [SUCC] gen=0 det=0 res=0 orig_n=0 orig_p50_us=- orig_p90_us=- orig_p99_us=- orig_mx_us=- orig_mean_us=- rep_n=0 rep_p50_us=- rep_p90_us=- rep_p99_us=- rep_mx_us=- rep_mean_us=- aban_n=0 aban_p50_us=- aban_p90_us=- aban_p99_us=- aban_mx_us=- aban_mean_us=- open=0 over=0 orig_frac=- cross_us=- dump=0/0
SUCCLINE c1-Q400 rep=1 site=cli [SUCC] gen=0 det=0 res=0 orig_n=0 orig_p50_us=- orig_p90_us=- orig_p99_us=- orig_mx_us=- orig_mean_us=- rep_n=0 rep_p50_us=- rep_p90_us=- rep_p99_us=- rep_mx_us=- rep_mean_us=- aban_n=0 aban_p50_us=- aban_p90_us=- aban_p99_us=- aban_mx_us=- aban_mean_us=- open=0 over=0 orig_frac=- cross_us=- dump=0/0
SUCCLINE c1-Q400 rep=1 site=cli [SUCC] gen=0 det=0 res=0 orig_n=0 orig_p50_us=- orig_p90_us=- orig_p99_us=- orig_mx_us=- orig_mean_us=- rep_n=0 rep_p50_us=- rep_p90_us=- rep_p99_us=- rep_mx_us=- rep_mean_us=- aban_n=0 aban_p50_us=- aban_p90_us=- aban_p99_us=- aban_mx_us=- aban_mean_us=- open=0 over=0 orig_frac=- cross_us=- dump=0/0
SUCCLINE c1-Q400 rep=1 site=cli [SUCC] gen=0 det=0 res=0 orig_n=0 orig_p50_us=- orig_p90_us=- orig_p99_us=- orig_mx_us=- orig_mean_us=- rep_n=0 rep_p50_us=- rep_p90_us=- rep_p99_us=- rep_mx_us=- rep_mean_us=- aban_n=0 aban_p50_us=- aban_p90_us=- aban_p99_us=- aban_mx_us=- aban_mean_us=- open=0 over=0 orig_frac=- cross_us=- dump=0/0
SUCCLINE c1-Q400 rep=1 site=cli [SUCC] gen=0 det=0 res=0 orig_n=0 orig_p50_us=- orig_p90_us=- orig_p99_us=- orig_mx_us=- orig_mean_us=- rep_n=0 rep_p50_us=- rep_p90_us=- rep_p99_us=- rep_mx_us=- rep_mean_us=- aban_n=0 aban_p50_us=- aban_p90_us=- aban_p99_us=- aban_mx_us=- aban_mean_us=- open=0 over=0 orig_frac=- cross_us=- dump=0/0
SUCCLINE c1-Q400 rep=1 site=cli [SUCC] gen=0 det=0 res=0 orig_n=0 orig_p50_us=- orig_p90_us=- orig_p99_us=- orig_mx_us=- orig_mean_us=- rep_n=0 rep_p50_us=- rep_p90_us=- rep_p99_us=- rep_mx_us=- rep_mean_us=- aban_n=0 aban_p50_us=- aban_p90_us=- aban_p99_us=- aban_mx_us=- aban_mean_us=- open=0 over=0 orig_frac=- cross_us=- dump=0/0
SUCCLINE c1-Q400 rep=1 site=srv [SUCC] gen=0 det=30 res=30 orig_n=28 orig_p50_us=16384 orig_p90_us=16384 orig_p99_us=16384 orig_mx_us=18296 orig_mean_us=14256 rep_n=2 rep_p50_us=16384 rep_p90_us=16384 rep_p99_us=16384 rep_mx_us=18296 rep_mean_us=18296 aban_n=0 aban_p50_us=- aban_p90_us=- aban_p99_us=- aban_mx_us=- aban_mean_us=- open=0 over=0 orig_frac=0.9333 cross_us=- dump=0/0
SUCCLINE c1-Q400 rep=1 site=srv [SUCC] gen=0 det=70 res=70 orig_n=68 orig_p50_us=16384 orig_p90_us=22528 orig_p99_us=32768 orig_mx_us=33578 orig_mean_us=15432 rep_n=2 rep_p50_us=16384 rep_p90_us=16384 rep_p99_us=16384 rep_mx_us=18296 rep_mean_us=18296 aban_n=0 aban_p50_us=- aban_p90_us=- aban_p99_us=- aban_mx_us=- aban_mean_us=- open=0 over=0 orig_frac=0.9714 cross_us=- dump=0/0
SUCCLINE c1-Q400 rep=1 site=srv [SUCC] gen=0 det=99 res=99 orig_n=97 orig_p50_us=12288 orig_p90_us=22528 orig_p99_us=32768 orig_mx_us=33578 orig_mean_us=14802 rep_n=2 rep_p50_us=16384 rep_p90_us=16384 rep_p99_us=16384 rep_mx_us=18296 rep_mean_us=18296 aban_n=0 aban_p50_us=- aban_p90_us=- aban_p99_us=- aban_mx_us=- aban_mean_us=- open=0 over=0 orig_frac=0.9798 cross_us=- dump=0/0
SUCCLINE c1-Q400 rep=1 site=srv [SUCC] gen=0 det=139 res=139 orig_n=137 orig_p50_us=13312 orig_p90_us=18432 orig_p99_us=24576 orig_mx_us=33578 orig_mean_us=15025 rep_n=2 rep_p50_us=16384 rep_p90_us=16384 rep_p99_us=16384 rep_mx_us=18296 rep_mean_us=18296 aban_n=0 aban_p50_us=- aban_p90_us=- aban_p99_us=- aban_mx_us=- aban_mean_us=- open=0 over=0 orig_frac=0.9856 cross_us=- dump=0/0
SUCCLINE c1-Q400 rep=1 site=srv [SUCC] gen=0 det=162 res=162 orig_n=160 orig_p50_us=16384 orig_p90_us=18432 orig_p99_us=24576 orig_mx_us=33578 orig_mean_us=15439 rep_n=2 rep_p50_us=16384 rep_p90_us=16384 rep_p99_us=16384 rep_mx_us=18296 rep_mean_us=18296 aban_n=0 aban_p50_us=- aban_p90_us=- aban_p99_us=- aban_mx_us=- aban_mean_us=- open=0 over=0 orig_frac=0.9877 cross_us=- dump=0/0
SUCCLINE c1-Q400 rep=1 site=srv [SUCC] gen=0 det=162 res=162 orig_n=160 orig_p50_us=16384 orig_p90_us=18432 orig_p99_us=24576 orig_mx_us=33578 orig_mean_us=15439 rep_n=2 rep_p50_us=16384 rep_p90_us=16384 rep_p99_us=16384 rep_mx_us=18296 rep_mean_us=18296 aban_n=0 aban_p50_us=- aban_p90_us=- aban_p99_us=- aban_mx_us=- aban_mean_us=- open=0 over=0 orig_frac=0.9877 cross_us=- dump=0/0
SUCCLINE c1-Q400 rep=1 site=srv [SUCC] gen=0 det=203 res=203 orig_n=201 orig_p50_us=16384 orig_p90_us=22528 orig_p99_us=26624 orig_mx_us=33578 orig_mean_us=16619 rep_n=2 rep_p50_us=16384 rep_p90_us=16384 rep_p99_us=16384 rep_mx_us=18296 rep_mean_us=18296 aban_n=0 aban_p50_us=- aban_p90_us=- aban_p99_us=- aban_mx_us=- aban_mean_us=- open=0 over=0 orig_frac=0.9901 cross_us=- dump=0/0
SUCCLINE c1-Q400 rep=1 site=srv [SUCC] gen=0 det=253 res=253 orig_n=249 orig_p50_us=16384 orig_p90_us=22528 orig_p99_us=26624 orig_mx_us=33578 orig_mean_us=16385 rep_n=4 rep_p50_us=16384 rep_p90_us=18432 rep_p99_us=18432 rep_mx_us=20355 rep_mean_us=19003 aban_n=0 aban_p50_us=- aban_p90_us=- aban_p99_us=- aban_mx_us=- aban_mean_us=- open=0 over=0 orig_frac=0.9842 cross_us=- dump=0/0
SUCCLINE c1-Q400 rep=1 site=srv [SUCC] gen=0 det=253 res=253 orig_n=249 orig_p50_us=16384 orig_p90_us=22528 orig_p99_us=26624 orig_mx_us=33578 orig_mean_us=16385 rep_n=4 rep_p50_us=16384 rep_p90_us=18432 rep_p99_us=18432 rep_mx_us=20355 rep_mean_us=19003 aban_n=0 aban_p50_us=- aban_p90_us=- aban_p99_us=- aban_mx_us=- aban_mean_us=- open=0 over=0 orig_frac=0.9842 cross_us=- dump=0/0
SUCCLINE c1-Q400 rep=1 site=srv [SUCC] gen=0 det=253 res=253 orig_n=249 orig_p50_us=16384 orig_p90_us=22528 orig_p99_us=26624 orig_mx_us=33578 orig_mean_us=16385 rep_n=4 rep_p50_us=16384 rep_p90_us=18432 rep_p99_us=18432 rep_mx_us=20355 rep_mean_us=19003 aban_n=0 aban_p50_us=- aban_p90_us=- aban_p99_us=- aban_mx_us=- aban_mean_us=- open=0 over=0 orig_frac=0.9842 cross_us=- dump=0/0
SUCCLINE c1-Q400 rep=1 site=srv [SUCC] gen=0 det=265 res=265 orig_n=261 orig_p50_us=15360 orig_p90_us=22528 orig_p99_us=26624 orig_mx_us=33578 orig_mean_us=16249 rep_n=4 rep_p50_us=16384 rep_p90_us=18432 rep_p99_us=18432 rep_mx_us=20355 rep_mean_us=19003 aban_n=0 aban_p50_us=- aban_p90_us=- aban_p99_us=- aban_mx_us=- aban_mean_us=- open=0 over=0 orig_frac=0.9849 cross_us=- dump=0/0
SUCCLINE c1-Q400 rep=1 site=srv [SUCC] gen=0 det=265 res=265 orig_n=261 orig_p50_us=15360 orig_p90_us=22528 orig_p99_us=26624 orig_mx_us=33578 orig_mean_us=16249 rep_n=4 rep_p50_us=16384 rep_p90_us=18432 rep_p99_us=18432 rep_mx_us=20355 rep_mean_us=19003 aban_n=0 aban_p50_us=- aban_p90_us=- aban_p99_us=- aban_mx_us=- aban_mean_us=- open=0 over=0 orig_frac=0.9849 cross_us=- dump=0/0
SUCCLINE c1-Q400 rep=1 site=srv [SUCC] gen=0 det=265 res=265 orig_n=261 orig_p50_us=15360 orig_p90_us=22528 orig_p99_us=26624 orig_mx_us=33578 orig_mean_us=16249 rep_n=4 rep_p50_us=16384 rep_p90_us=18432 rep_p99_us=18432 rep_mx_us=20355 rep_mean_us=19003 aban_n=0 aban_p50_us=- aban_p90_us=- aban_p99_us=- aban_mx_us=- aban_mean_us=- open=0 over=0 orig_frac=0.9849 cross_us=- dump=0/0
SUCCLINE c1-Q400 rep=1 site=srv [SUCC] gen=0 det=265 res=265 orig_n=261 orig_p50_us=15360 orig_p90_us=22528 orig_p99_us=26624 orig_mx_us=33578 orig_mean_us=16249 rep_n=4 rep_p50_us=16384 rep_p90_us=18432 rep_p99_us=18432 rep_mx_us=20355 rep_mean_us=19003 aban_n=0 aban_p50_us=- aban_p90_us=- aban_p99_us=- aban_mx_us=- aban_mean_us=- open=0 over=0 orig_frac=0.9849 cross_us=- dump=0/0
SUCCLINE c1-Q400 rep=1 site=srv [SUCC] gen=0 det=275 res=275 orig_n=271 orig_p50_us=16384 orig_p90_us=22528 orig_p99_us=26624 orig_mx_us=33578 orig_mean_us=16289 rep_n=4 rep_p50_us=16384 rep_p90_us=18432 rep_p99_us=18432 rep_mx_us=20355 rep_mean_us=19003 aban_n=0 aban_p50_us=- aban_p90_us=- aban_p99_us=- aban_mx_us=- aban_mean_us=- open=0 over=0 orig_frac=0.9855 cross_us=- dump=0/0
SUCCLINE c1-Q400 rep=1 site=srv [SUCC] gen=0 det=355 res=355 orig_n=351 orig_p50_us=16384 orig_p90_us=30720 orig_p99_us=49152 orig_mx_us=52504 orig_mean_us=19690 rep_n=4 rep_p50_us=16384 rep_p90_us=18432 rep_p99_us=18432 rep_mx_us=20355 rep_mean_us=19003 aban_n=0 aban_p50_us=- aban_p90_us=- aban_p99_us=- aban_mx_us=- aban_mean_us=- open=0 over=0 orig_frac=0.9887 cross_us=- dump=0/0
SUCCLINE c1-Q400 rep=1 site=srv [SUCC] gen=0 det=389 res=389 orig_n=383 orig_p50_us=16384 orig_p90_us=30720 orig_p99_us=49152 orig_mx_us=52504 orig_mean_us=19550 rep_n=6 rep_p50_us=16384 rep_p90_us=20480 rep_p99_us=20480 rep_mx_us=21318 rep_mean_us=18861 aban_n=0 aban_p50_us=- aban_p90_us=- aban_p99_us=- aban_mx_us=- aban_mean_us=- open=0 over=0 orig_frac=0.9846 cross_us=- dump=0/0
HOLDLINE c1-Q400 rep=1 site=cli [HOLD] site=sender path=0 gen=0 q=unset n_req=- n_obs=1000 samp_n=193 fed=193 t_us=- obs_p50_us=14140 obs_p90_us=16295 obs_p99_us=26068 evals=492 law_n=0 sup=0 emit=492 hd_p50_us=- hd_p90_us=- hd_p99_us=- hd_mx_us=- hd_n=0 fa_class=0.0625
HOLDLINE c1-Q400 rep=1 site=cli [HOLD] site=sender path=- gen=0 q=unset n_req=- n_obs=1000 samp_n=0 fed=0 t_us=- obs_p50_us=- obs_p90_us=- obs_p99_us=- evals=577 law_n=0 sup=0 emit=577 hd_p50_us=- hd_p90_us=- hd_p99_us=- hd_mx_us=- hd_n=0 fa_class=0.0625
WALLLINE c1-Q400 rep=1 site=cli [WALL] onset=0.9996 dur_ms=6.5 retx=0 total_ms=17575.6 it_ms=0.052
WINDOW-PARTIAL c1-Q400 rep=1 win_ok=278829/339947 win_n=25 (RESULT, not an abort -- the fraction is to be scored, and the quantile-native sweep read 0.829-0.999 here)
VAWITNESS {"cell":"c1","arm":"Q400","alpha":"0.4","seed":42,"rep":1,"rc":0,"mean_mbps":182.099,"band":[147,294],"band_applies":0,"in_band":1,"lossy":0,"alpha_expect":"0.4","alpha_got_cli":"0.4","alpha_got_srv":"0.4","form_expect":"quantile","form_got_cli":"quantile","form_got_srv":"quantile","winn_expect":"25","winn_got_cli":"25","winn_got_srv":"25","qclk_law_n":278829,"qclk_evals":339947,"qclk_win_ok":278829,"qclk_win_n":"25","w_us_p50":10774,"w_us_p05":7958,"w_us_p95":14613,"shipped_clock_us":25000,"fcause_n":1069,"fcause_timer":577,"fcause_gap_data":492,"fcause_gap_refresh":0,"fcause_other":0,"fcause_unattr":0,"succ_det":389,"succ_res":389,"succ_orig_frac":"0.9846","rfa_fires":1050,"rfa_false":661,"rfa_false_frac":"0.6295","rfa_fill_coded":6,"rack_fa":"271/1069","rack_fa_frac":"0.2535","fails":""}
=== rep=2 arm=c1-CTL alpha=unset form=unset win_n=unavail seed=42 env="RWM_QUANTILE_CLOCKS=0 RWM_DELTA_CAP=1 RWM_SUM_CAP=1 RWM_RACK_CLOCKS=0 RWM_DERIVED_SWEEP=0 RWM_COMPOSED_CAP=0 RWM_THREE_TERM=0 RWM_STORE_CAP_UNIFIED=0 RWM_LATE_BRAKE=0 RWM_CHARGE_RECOVERY=0 RWM_RELEASE_1TO1=0 RWM_LOSS_SENT_TRUTH=0 RWM_RTT_DUMP=0 RWM_SUCC_DUMP=0" cell=c1/c1/single bytes=400000000 18:33:43
[2m2026-08-21T18:33:44.845061Z[0m [32m INFO[0m [2mraptorpath::gates[0m[2m:[0m [GATES] RWM_UNIFIED=1 RWM_UNIFIED_SHED=1 RWM_TAPER_R=1 RWM_ASTAR_ANCHOR=1 RWM_MSTAR_ANCHOR=1 RWM_PLAIN_RS=0 RWM_HONEST_ANCHOR=1 RWM_HONEST_K=0 RWM_STORE_SACK_RELEASE=1 RWM_STORE_PATHS=1 RWM_STORE_PATH_POOL=2048 RWM_STORE=unset RWM_STORE_GAIN=2 RWM_STORE_BOOT=128 RWM_STORE_CAPW=0 RWM_STORE_CAP_UNIFIED=0 RWM_THREE_TERM=0 RWM_COMPOSED_CAP=0 RWM_SUM_CAP=1 RWM_LATE_BRAKE=0 RWM_DELTA_CAP=1 RWM_STORE_PERCAP=0 RWM_PERCAP_GUARD=1 RWM_STORE_BORROW=0 RWM_HONEST_CAP=1 RWM_POOL_ANCHOR=0 RWM_POOL_DELIV=0 RWM_FLOOR_BOUND=0 RWM_ACK_MERGE=1 RWM_LOSS_SENT_TRUTH=0 RWM_RELEASE_1TO1=0 RWM_CHARGE_RECOVERY=0 RWM_PATIENCE_DERIVED=0 RWM_SIDLE_DERIVED=0 RWM_WIN_DECOUPLE=0 RWM_PLACE_SLACK=0 RWM_COLD_PLACE=0 RWM_GEN=384 RWM_PIPELINE=2 RWM_GEN_PIPE=1 RWM_GEN_R=unset RWM_GEN_RATE=9000 RWM_GEN_RATE_FLOOR=2000 RWM_GEN_INFLIGHT=unset RWM_OOO_RETAIN=0/16 RWM_WINDOW=unset RWM_REPORT_GENS=unset RWM_REPAIR_WAIT=unset RWM_CODED_SRC=0 RWM_NO_REACTIVE=0 RWM_XPATH_REPAIR=0 RWM_PROACTIVE_PACER=0 RWM_REASM_BDP=0 RWM_MIN_R=0 RWM_CC_PACE=0 RWM_CC_PACE_HR=1.1 RWM_REACT_CAP=unset RWM_INFL_CAP=0 RWM_INFL_BDP=unset RWM_COPA_FEED=0 RWM_RS_ATTR=1 RWM_EMIT_BATCH=0 RWM_EMIT_BURST=64 RWM_RECOV_MP=1 RWM_RECOV_MP_LAW=1 RWM_RECOV_MP_LIVE=0 RWM_RECOV_SP=0 RWM_DERIVED_SWEEP=0 RWM_RACK_CLOCKS=0 RWM_RACK_REO_MULT=1 RWM_QUANTILE_CLOCKS=0 RWM_ALPHA_OVERRIDE=unset RWM_W_FORM=cantelli RWM_HOLDDOWN_Q=unset RWM_REFRESH_FLOOR_US=unset RWM_DIAG=1 RWM_ACKDIAG=1 RWM_ACKDIAG_WINDOW_US=2000000 RWM_RTT_DUMP=0 RWM_RTT_DUMP_MAX=400000 RWM_SUCC_DUMP=0 RWM_SUCC_DUMP_MAX=200000 RWM_WALLDIAG=1 RWM_CPUPROF=0 RWM_RDIAG=0 RWM_FDIAG=1 RWM_TRACE=0 RWM_PFRAC=0
{"bytes":400000000,"dnf":0,"hint":"bulk","max_s":17.6237,"mean_mbps":181.574,"mean_s":17.6237,"median_s":17.6237,"min_s":17.6237,"proto":"rp-native","runs":1,"stdev_s":0.0,"summary":true}
    LATPROBE-LEG leg=0 file=/tmp/rwm-ping-0.txt sent=351 recv=350 censor=0.28% p50=2.09[censor=0.28% ok] p95=2.6[censor=0.28% ok] p99=2.89[censor=0.28% ok]
    LATPROBE: 1 leg(s) /tmp/rwm-ping-0.txt=350 replies
    CPU: CPUSRV=18.14s CPUCLI=18.75s (srv=decoder cli=sender; whole-invocation incl warmup)
    QDISC cli0: qdisc netem bd61: root refcnt 7 limit 1000 delay 1ms loss gemodel p 0.05% r 50% 1-h 100% 1-k 0% rate 1Gbit seed 42  Sent 437839807 bytes 345912 pkt (dropped 52, overlimits 0 requeues 0)   backlog 0b 0p requeues 0 
    QDISC srv0: qdisc netem bd63: root refcnt 7 limit 1000 delay 1ms rate 1Gbit seed 12755827745580710874  Sent 30804847 bytes 70370 pkt (dropped 0, overlimits 0 requeues 0)   backlog 0b 0p requeues 0 
    QCAP: /tmp/rwm-q.txt 10 lines
RUNTIME c1-CTL rep=2 19s rc=0
ALPHARESULT {"cell": "c1", "arm": "CTL", "alpha_cmd": null, "seed": 42, "rep": 2, "n_paths": 1, "dnf": false, "dnf_count": 0, "mbps": 181.574, "mean_mbps": 181.574, "seconds": 17.6237, "n_runs": 1, "cpusrv": 18.14, "cpucli": 18.75, "khr_med": 1.0, "kraw_med": null, "khr_n": 45, "kraw_n": 0, "rtp_med": 2, "occ_p50": 231, "occcap_p50": 498, "q_p50": 9, "q_p99": 20, "diag_lines": 70, "retx": 656, "w1_rfa_gen": "0", "w2_pfrac_lines": 0, "w4_retx_max": 656, "w5_rack_fa": "82/656", "gates_cli_quantile_clocks": 0, "gates_srv_quantile_clocks": 0, "gates_cli_rack_clocks": 0, "gates_srv_rack_clocks": 0, "gates_cli_derived_sweep": 0, "gates_srv_derived_sweep": 0, "gates_cli_delta_cap": 1, "gates_srv_delta_cap": 1, "gates_cli_sum_cap": 1, "gates_srv_sum_cap": 1, "gates_cli_composed_cap": 0, "gates_srv_composed_cap": 0, "gates_cli_three_term": 0, "gates_srv_three_term": 0, "gates_cli_loss_sent_truth": 0, "gates_srv_loss_sent_truth": 0, "gates_cli_gen": null, "gates_srv_gen": null, "gates_cli_diag": 1, "gates_srv_diag": 1, "gates_cli_ackdiag": 1, "gates_srv_ackdiag": 1, "gates_cli_walldiag": 1, "gates_srv_walldiag": 1, "gates_cli_fdiag": 1, "gates_srv_fdiag": 1, "gates_cli_recov_mp": 1, "gates_srv_recov_mp": 1, "gates_cli_cc_pace": 0, "gates_srv_cc_pace": 0, "gates_cli_rack_reo_mult": 1, "gates_srv_rack_reo_mult": 1, "gates_lines_cli": 1, "gates_lines_srv": 1, "gate_quantile_cli": "0", "gate_quantile_srv": "0", "gate_alpha_cli": "unset", "gate_alpha_srv": "unset", "gate_gen_cli": 384, "gate_gen_srv": 384, "gate_wform_cli": "cantelli", "gate_wform_srv": "cantelli", "qalpha_lines_cli": 1, "qalpha_site_cli": "sender", "qalpha_quantile_cli": 0, "qalpha_contract_cli": 0.001, "qalpha_override_cli": null, "qalpha_cli": 0.001, "qalpha_k_cli": 31.607, "qalpha_form_cli": "cantelli", "qalpha_winn_cli": "unavail", "qalpha_lines_srv": 1, "qalpha_site_srv": "receiver", "qalpha_quantile_srv": 0, "qalpha_contract_srv": 1e-05, "qalpha_override_srv": null, "qalpha_srv": 1e-05, "qalpha_k_srv": 316.2262, "qalpha_form_srv": "cantelli", "qalpha_winn_srv": "unavail", "qclk_cli_lines": 1, "qclk_cli_site": "sender", "qclk_cli_alpha": 0.001, "qclk_cli_k": 31.607, "qclk_cli_w_us_mean": 25844.5, "qclk_cli_srtt_us_mean": 10747.5, "qclk_cli_on": 0, "qclk_cli_evals": 340786, "qclk_cli_kept": 2663, "qclk_cli_w_us_p05": 25000, "qclk_cli_w_us_p50": 25000, "qclk_cli_w_us_p95": 30374, "qclk_cli_w_us_min": 25000, "qclk_cli_w_us_max": 100000, "qclk_cli_law_n": 340786, "qclk_cli_sigma_us_mean": 516.0, "qclk_cli_sigma_n": 220856, "qclk_form_cli": "cantelli", "qclk_winn_cli": "unavail", "qclk_win_ok_cli": 0, "qclk_srv_lines": 17, "qclk_srv_site": "receiver", "qclk_srv_alpha": 1e-05, "qclk_srv_k": 316.2262, "qclk_srv_w_us_mean": 26742.2, "qclk_srv_srtt_us_mean": 11345.3, "qclk_srv_on": 0, "qclk_srv_evals": 9831, "qclk_srv_kept": 2458, "qclk_srv_w_us_p05": 25000, "qclk_srv_w_us_p50": 25000, "qclk_srv_w_us_p95": 32379, "qclk_srv_w_us_min": 25000, "qclk_srv_w_us_max": 52682, "qclk_srv_law_n": 9831, "qclk_srv_sigma_us_mean": 4232.4, "qclk_srv_sigma_n": 9831, "qclk_form_srv": "cantelli", "qclk_winn_srv": "unavail", "qclk_win_ok_srv": 0, "rack_lines_cli": 2, "rack_on_cli": 0, "rack_evals_cli": 0, "rack_ceil_cli": 0.0, "rack_gran_cli": 0.0, "rack_legacy_pin_cli": 0.0, "rack_round_cli": 0.0, "rack_legacy_cli": 0.0, "rack_mult_cli": 1, "rack_fa_n_cli": 656, "rack_fa_d_cli": 656, "rack_fa_frac_cli": 1.0, "rack_fa_class_cli": 0.0625, "rack_lines_srv": 0, "rack_on_srv": null, "rack_evals_srv": null, "rack_ceil_srv": null, "rack_gran_srv": null, "rack_legacy_pin_srv": null, "rack_round_srv": null, "rack_legacy_srv": null, "rack_mult_srv": null, "rack_fa_n_srv": null, "rack_fa_d_srv": null, "rack_fa_frac_srv": null, "rack_fa_class_srv": null, "rack_fired": 656, "rack_spurious": 656, "rack_fa_frac": 1.0, "rack_fa_class": 0.0625, "rack_round_us": 0.0, "rack_legacy_us": 0.0, "rack_evals": 0, "rack_legacy_pin": 0.0, "rfa_lines": 17, "rfa_gen": 0, "rfa_fires": 654, "rfa_false": 191, "rfa_fill_coded": 2, "rfa_fill_src": 461, "rfa_dup_src": 189, "rfa_preempt_src": 2, "rfa_src_n": 327563, "rfa_rep_n": 57, "rfa_false_frac": 0.292, "rfa_nu_recv": 0.002, "rfa_fa_class": 0.0625, "rfa_bracket_lo": 0.292, "rfa_bracket_hi": 0.989637, "sf_ticks": 2833, "sf_E": 0.7084, "sf_short": 0.2916, "sf_zero": 0.2916, "capboot_n": 67, "capboot_frac": 0.209, "ping_n": 350, "ping_p50": 2.09, "ping_p95": 2.6, "ping_p99": 2.89, "ping_tx": 351, "ping_rx": 350, "ping_loss": 0.28, "ping_censor_frac": 0.0028, "legs_probed": 1, "leg0_n": 350, "leg0_sent": 351, "leg0_recv": 350, "leg0_sent_source": "summary", "leg0_censor_frac": 0.0028, "leg0_censor_pct": 0.28, "leg0_recv_mismatch": false, "leg0_leg_unscoreable": false, "leg0_min": 2.04, "leg0_max": 5.23, "leg0_p50": 2.09, "leg0_p50_censored": false, "leg0_p50_scoreable": true, "leg0_p95": 2.6, "leg0_p95_censored": false, "leg0_p95_scoreable": true, "leg0_p99": 2.89, "leg0_p99_censored": false, "leg0_p99_scoreable": true, "legs_censor_max": 0.0028, "wait_tun": 70, "wait_paused": 29, "wait_pace": 0, "wait_gen": 0, "wait_nack": 0, "wait_defc": 0, "wait_tail": 0, "wait_flush": 0, "wait_lines": 67, "deadwall": false, "sig_us_p50": 48.0, "sig_us_n": 336767, "sig_us_path": 0, "sig_paths": 1, "pl_n": 45, "pl_max": 0.0, "pl_min": 0.0, "pl_p0": 0.0, "dgq_hand": 338806, "dgq_full": 0, "dgq_err": 0, "dgq_gap": 2, "tc_bytes": 437839807, "tc_pkts": 345912, "tc_drop": 52, "tc_s": 19, "hold_lines": 2, "hold_samp_n": 230, "hold_fed": 230, "hold_evals": 631, "hold_law_n": 0, "hold_sup": 0, "hold_emit": 631, "hold_hd_n": 0, "hold_q": "unset", "hold_n_req": "-", "hold_n_obs": 1000, "hold_gen": 0, "hold_sup_frac": 0.0, "hold_law_frac": 0.0, "hold_obs_p50_us": 15026, "hold_obs_p90_us": 22660, "hold_obs_p99_us": 30245, "hold_t_us_p0": null, "hold_t_us_p1": null, "hold_samp_n_p0": 230, "hold_samp_n_p1": null, "hold_hd_p50_us": null, "hold_hd_p90_us": null, "hold_hd_p99_us": null, "hold_hd_mx_us": null, "hold_unattr_evals": 25, "hold_paths_n": 1, "hold_accounting_ok": 1, "hold_obs_p50_us_p0": 15026, "hold_obs_p90_us_p0": 22660, "hold_obs_p99_us_p0": 30245, "hold_rpd": 1.416847, "fcause_lines": 1, "fcause_gen": 0, "fcause_n": 656, "fcause_timer": 25, "fcause_gap_data": 631, "fcause_gap_refresh": 0, "fcause_other": 0, "fcause_fired": 656, "fcause_unattr": 0, "fcause_timer_frac": 0.0381, "fcause_gap_frac": 0.9619, "succ_lines": 17, "succ_gen": 0, "succ_det": 463, "succ_res": 463, "succ_orig_n": 461, "succ_rep_n": 2, "succ_aban_n": 0, "succ_open": 0, "succ_over": 0, "succ_orig_p50_us": 18432, "succ_orig_p90_us": 36864, "succ_orig_p99_us": 65536, "succ_orig_mx_us": 67100, "succ_orig_frac": 0.9957, "succ_identity_ok": 1}
LIVENESS c1-CTL rep=2 RWM_QUANTILE_CLOCKS=RWM_QUANTILE_CLOCKS=0/RWM_QUANTILE_CLOCKS=0(exp0) RWM_ALPHA_OVERRIDE=RWM_ALPHA_OVERRIDE=unset/RWM_ALPHA_OVERRIDE=unset(expunset) RWM_W_FORM=RWM_W_FORM=cantelli/RWM_W_FORM=cantelli(expcantelli) RWM_DELTA_CAP=RWM_DELTA_CAP=1/RWM_DELTA_CAP=1(exp1) RWM_SUM_CAP=RWM_SUM_CAP=1/RWM_SUM_CAP=1(exp1) RWM_HOLDDOWN_Q=RWM_HOLDDOWN_Q=unset/RWM_HOLDDOWN_Q=unset(expunset) RWM_REFRESH_FLOOR_US=RWM_REFRESH_FLOOR_US=unset/RWM_REFRESH_FLOOR_US=unset(expunset) RWM_RACK_CLOCKS=RWM_RACK_CLOCKS=0/RWM_RACK_CLOCKS=0(exp0) RWM_DERIVED_SWEEP=RWM_DERIVED_SWEEP=0/RWM_DERIVED_SWEEP=0(exp0) RWM_COMPOSED_CAP=RWM_COMPOSED_CAP=0/RWM_COMPOSED_CAP=0(exp0) RWM_THREE_TERM=RWM_THREE_TERM=0/RWM_THREE_TERM=0(exp0) RWM_STORE_CAP_UNIFIED=RWM_STORE_CAP_UNIFIED=0/RWM_STORE_CAP_UNIFIED=0(exp0) RWM_LATE_BRAKE=RWM_LATE_BRAKE=0/RWM_LATE_BRAKE=0(exp0) RWM_CHARGE_RECOVERY=RWM_CHARGE_RECOVERY=0/RWM_CHARGE_RECOVERY=0(exp0) RWM_RELEASE_1TO1=RWM_RELEASE_1TO1=0/RWM_RELEASE_1TO1=0(exp0) RWM_LOSS_SENT_TRUTH=RWM_LOSS_SENT_TRUTH=0/RWM_LOSS_SENT_TRUTH=0(exp0) RWM_RTT_DUMP=RWM_RTT_DUMP=0/RWM_RTT_DUMP=0(exp0) RWM_SUCC_DUMP=RWM_SUCC_DUMP=0/RWM_SUCC_DUMP=0(exp0) RWM_DIAG=RWM_DIAG=1/RWM_DIAG=1(exp1) RWM_ACKDIAG=RWM_ACKDIAG=1/RWM_ACKDIAG=1(exp1) RWM_WALLDIAG=RWM_WALLDIAG=1/RWM_WALLDIAG=1(exp1) RWM_FDIAG=RWM_FDIAG=1/RWM_FDIAG=1(exp1)
W5QALPHA c1-CTL rep=2 cli=form:cantelli/win_n:unavail/alpha:1.000000e-3 srv=form:cantelli/win_n:unavail/alpha:1.000000e-5 (exp form=cantelli win_n=unavail)
WCLOCK c1-CTL rep=2 law_n=340786 evals=340786 win_ok=0 win_n=unavail p50=25000 p05=25000 p95=30374 shipped_clock=25000
W8SUCC c1-CTL rep=2 det=463 res=463 orig_frac=0.9957
QALPHALINE c1-CTL rep=2 site=cli [QALPHA] site=receiver quantile=0 form=cantelli win_n=unavail contract_alpha=1.000000e-5 override=unset alpha=1.000000e-5 k=316.2262 fa_class=0.0625
QALPHALINE c1-CTL rep=2 site=cli [QALPHA] site=sender quantile=0 form=cantelli win_n=unavail contract_alpha=1.000000e-3 override=unset alpha=1.000000e-3 k=31.6070 fa_class=0.0625
QALPHALINE c1-CTL rep=2 site=srv [QALPHA] site=receiver quantile=0 form=cantelli win_n=unavail contract_alpha=1.000000e-5 override=unset alpha=1.000000e-5 k=316.2262 fa_class=0.0625
QALPHALINE c1-CTL rep=2 site=srv [QALPHA] site=sender quantile=0 form=cantelli win_n=unavail contract_alpha=1.000000e-3 override=unset alpha=1.000000e-3 k=31.6070 fa_class=0.0625
QCLKLINE c1-CTL rep=2 site=cli [QCLK] site=sender on=0 form=cantelli win_n=unavail win_ok=0 alpha=1.000000e-3 k=31.6070 evals=340786 law_n=340786 kept=2663 w_us_mean=25844.5 w_us_p05=25000 w_us_p50=25000 w_us_p95=30374 w_us_min=25000 w_us_max=100000 srtt_us_mean=10747.5 sigma_us_mean=516.0/n220856 fa_class=0.0625
QCLKLINE c1-CTL rep=2 site=srv [QCLK] site=receiver on=0 form=cantelli win_n=unavail win_ok=0 alpha=1.000000e-5 k=316.2262 evals=907 law_n=907 kept=907 w_us_mean=37536.5 w_us_p05=25000 w_us_p50=48756 w_us_p95=52682 w_us_min=25000 w_us_max=52682 srtt_us_mean=17547.5 sigma_us_mean=15346.1/n907 fa_class=0.0625
QCLKLINE c1-CTL rep=2 site=srv [QCLK] site=receiver on=0 form=cantelli win_n=unavail win_ok=0 alpha=1.000000e-5 k=316.2262 evals=1695 law_n=1695 kept=1695 w_us_mean=31708.3 w_us_p05=25000 w_us_p50=25000 w_us_p95=52682 w_us_min=25000 w_us_max=52682 srtt_us_mean=13522.9 sigma_us_mean=9547.0/n1695 fa_class=0.0625
QCLKLINE c1-CTL rep=2 site=srv [QCLK] site=receiver on=0 form=cantelli win_n=unavail win_ok=0 alpha=1.000000e-5 k=316.2262 evals=3355 law_n=3355 kept=3355 w_us_mean=28389.1 w_us_p05=25000 w_us_p50=25000 w_us_p95=48756 w_us_min=25000 w_us_max=52682 srtt_us_mean=11251.3 sigma_us_mean=6128.4/n3355 fa_class=0.0625
QCLKLINE c1-CTL rep=2 site=srv [QCLK] site=receiver on=0 form=cantelli win_n=unavail win_ok=0 alpha=1.000000e-5 k=316.2262 evals=3812 law_n=3812 kept=3812 w_us_mean=27982.8 w_us_p05=25000 w_us_p50=25000 w_us_p95=48756 w_us_min=25000 w_us_max=52682 srtt_us_mean=11071.2 sigma_us_mean=5704.8/n3812 fa_class=0.0625
QCLKLINE c1-CTL rep=2 site=srv [QCLK] site=receiver on=0 form=cantelli win_n=unavail win_ok=0 alpha=1.000000e-5 k=316.2262 evals=4190 law_n=4190 kept=2095 w_us_mean=28126.6 w_us_p05=25000 w_us_p50=25000 w_us_p95=48756 w_us_min=25000 w_us_max=52682 srtt_us_mean=11406.5 sigma_us_mean=5879.7/n4190 fa_class=0.0625
QCLKLINE c1-CTL rep=2 site=srv [QCLK] site=receiver on=0 form=cantelli win_n=unavail win_ok=0 alpha=1.000000e-5 k=316.2262 evals=4580 law_n=4580 kept=2290 w_us_mean=27860.4 w_us_p05=25000 w_us_p50=25000 w_us_p95=48756 w_us_min=25000 w_us_max=52682 srtt_us_mean=11213.0 sigma_us_mean=5527.1/n4580 fa_class=0.0625
QCLKLINE c1-CTL rep=2 site=srv [QCLK] site=receiver on=0 form=cantelli win_n=unavail win_ok=0 alpha=1.000000e-5 k=316.2262 evals=6236 law_n=6236 kept=3118 w_us_mean=27100.8 w_us_p05=25000 w_us_p50=25000 w_us_p95=48756 w_us_min=25000 w_us_max=52682 srtt_us_mean=10851.6 sigma_us_mean=4815.0/n6236 fa_class=0.0625
QCLKLINE c1-CTL rep=2 site=srv [QCLK] site=receiver on=0 form=cantelli win_n=unavail win_ok=0 alpha=1.000000e-5 k=316.2262 evals=6236 law_n=6236 kept=3118 w_us_mean=27100.8 w_us_p05=25000 w_us_p50=25000 w_us_p95=48756 w_us_min=25000 w_us_max=52682 srtt_us_mean=10851.6 sigma_us_mean=4815.0/n6236 fa_class=0.0625
QCLKLINE c1-CTL rep=2 site=srv [QCLK] site=receiver on=0 form=cantelli win_n=unavail win_ok=0 alpha=1.000000e-5 k=316.2262 evals=6236 law_n=6236 kept=3118 w_us_mean=27100.8 w_us_p05=25000 w_us_p50=25000 w_us_p95=48756 w_us_min=25000 w_us_max=52682 srtt_us_mean=10851.6 sigma_us_mean=4815.0/n6236 fa_class=0.0625
QCLKLINE c1-CTL rep=2 site=srv [QCLK] site=receiver on=0 form=cantelli win_n=unavail win_ok=0 alpha=1.000000e-5 k=316.2262 evals=6703 law_n=6703 kept=3352 w_us_mean=26954.4 w_us_p05=25000 w_us_p50=25000 w_us_p95=48756 w_us_min=25000 w_us_max=52682 srtt_us_mean=10754.4 sigma_us_mean=4717.6/n6703 fa_class=0.0625
QCLKLINE c1-CTL rep=2 site=srv [QCLK] site=receiver on=0 form=cantelli win_n=unavail win_ok=0 alpha=1.000000e-5 k=316.2262 evals=6703 law_n=6703 kept=3352 w_us_mean=26954.4 w_us_p05=25000 w_us_p50=25000 w_us_p95=48756 w_us_min=25000 w_us_max=52682 srtt_us_mean=10754.4 sigma_us_mean=4717.6/n6703 fa_class=0.0625
QCLKLINE c1-CTL rep=2 site=srv [QCLK] site=receiver on=0 form=cantelli win_n=unavail win_ok=0 alpha=1.000000e-5 k=316.2262 evals=6703 law_n=6703 kept=3352 w_us_mean=26954.4 w_us_p05=25000 w_us_p50=25000 w_us_p95=48756 w_us_min=25000 w_us_max=52682 srtt_us_mean=10754.4 sigma_us_mean=4717.6/n6703 fa_class=0.0625
QCLKLINE c1-CTL rep=2 site=srv [QCLK] site=receiver on=0 form=cantelli win_n=unavail win_ok=0 alpha=1.000000e-5 k=316.2262 evals=6968 law_n=6968 kept=3484 w_us_mean=26880.1 w_us_p05=25000 w_us_p50=25000 w_us_p95=48756 w_us_min=25000 w_us_max=52682 srtt_us_mean=10767.4 sigma_us_mean=4620.1/n6968 fa_class=0.0625
QCLKLINE c1-CTL rep=2 site=srv [QCLK] site=receiver on=0 form=cantelli win_n=unavail win_ok=0 alpha=1.000000e-5 k=316.2262 evals=7336 law_n=7336 kept=3668 w_us_mean=26785.8 w_us_p05=25000 w_us_p50=25000 w_us_p95=48756 w_us_min=25000 w_us_max=52682 srtt_us_mean=10735.0 sigma_us_mean=4513.3/n7336 fa_class=0.0625
QCLKLINE c1-CTL rep=2 site=srv [QCLK] site=receiver on=0 form=cantelli win_n=unavail win_ok=0 alpha=1.000000e-5 k=316.2262 evals=8705 law_n=8705 kept=2177 w_us_mean=26631.9 w_us_p05=25000 w_us_p50=25000 w_us_p95=48756 w_us_min=25000 w_us_max=52682 srtt_us_mean=11033.7 sigma_us_mean=4202.5/n8705 fa_class=0.0625
QCLKLINE c1-CTL rep=2 site=srv [QCLK] site=receiver on=0 form=cantelli win_n=unavail win_ok=0 alpha=1.000000e-5 k=316.2262 evals=9792 law_n=9792 kept=2448 w_us_mean=26749.1 w_us_p05=25000 w_us_p50=25000 w_us_p95=32379 w_us_min=25000 w_us_max=52682 srtt_us_mean=11341.2 sigma_us_mean=4237.1/n9792 fa_class=0.0625
QCLKLINE c1-CTL rep=2 site=srv [QCLK] site=receiver on=0 form=cantelli win_n=unavail win_ok=0 alpha=1.000000e-5 k=316.2262 evals=9831 law_n=9831 kept=2458 w_us_mean=26742.2 w_us_p05=25000 w_us_p50=25000 w_us_p95=32379 w_us_min=25000 w_us_max=52682 srtt_us_mean=11345.3 sigma_us_mean=4232.4/n9831 fa_class=0.0625
RACKLINE c1-CTL rep=2 site=cli [RACK] on=0 evals=0 ceil=0.0000 gran=0.0000 legacy_pin=0.0000 round=0.0 legacy=0.0 mult=1 fa=656/656 fa_frac=1.0000 fa_class=0.0625
RACKLINE c1-CTL rep=2 site=cli [RACK] on=0 evals=0 ceil=0.0000 gran=0.0000 legacy_pin=0.0000 round=0.0 legacy=0.0 mult=1 fa=82/656 fa_frac=0.1250 fa_class=0.0625
RFALINE c1-CTL rep=2 site=cli [RFA] gen=0 fires=32 false=32 false_frac=1.0000 fill_coded=0 fill_src=0 dup_src=32 preempt_src=0 src_n=33 rep_n=25 nu_recv=0.96970 fa_class=0.0625
RFALINE c1-CTL rep=2 site=cli [RFA] gen=0 fires=71 false=71 false_frac=1.0000 fill_coded=0 fill_src=0 dup_src=71 preempt_src=0 src_n=72 rep_n=64 nu_recv=0.98611 fa_class=0.0625
RFALINE c1-CTL rep=2 site=cli [RFA] gen=0 fires=110 false=110 false_frac=1.0000 fill_coded=0 fill_src=0 dup_src=110 preempt_src=0 src_n=111 rep_n=103 nu_recv=0.99099 fa_class=0.0625
RFALINE c1-CTL rep=2 site=cli [RFA] gen=0 fires=149 false=149 false_frac=1.0000 fill_coded=0 fill_src=0 dup_src=149 preempt_src=0 src_n=150 rep_n=142 nu_recv=0.99333 fa_class=0.0625
RFALINE c1-CTL rep=2 site=cli [RFA] gen=0 fires=187 false=187 false_frac=1.0000 fill_coded=0 fill_src=0 dup_src=187 preempt_src=0 src_n=188 rep_n=180 nu_recv=0.99468 fa_class=0.0625
RFALINE c1-CTL rep=2 site=cli [RFA] gen=0 fires=226 false=226 false_frac=1.0000 fill_coded=0 fill_src=0 dup_src=226 preempt_src=0 src_n=227 rep_n=219 nu_recv=0.99559 fa_class=0.0625
RFALINE c1-CTL rep=2 site=cli [RFA] gen=0 fires=265 false=265 false_frac=1.0000 fill_coded=0 fill_src=0 dup_src=265 preempt_src=0 src_n=266 rep_n=258 nu_recv=0.99624 fa_class=0.0625
RFALINE c1-CTL rep=2 site=cli [RFA] gen=0 fires=304 false=304 false_frac=1.0000 fill_coded=0 fill_src=0 dup_src=304 preempt_src=0 src_n=305 rep_n=297 nu_recv=0.99672 fa_class=0.0625
RFALINE c1-CTL rep=2 site=cli [RFA] gen=0 fires=343 false=343 false_frac=1.0000 fill_coded=0 fill_src=0 dup_src=343 preempt_src=0 src_n=344 rep_n=336 nu_recv=0.99709 fa_class=0.0625
RFALINE c1-CTL rep=2 site=cli [RFA] gen=0 fires=381 false=381 false_frac=1.0000 fill_coded=0 fill_src=0 dup_src=381 preempt_src=0 src_n=382 rep_n=374 nu_recv=0.99738 fa_class=0.0625
RFALINE c1-CTL rep=2 site=cli [RFA] gen=0 fires=419 false=419 false_frac=1.0000 fill_coded=0 fill_src=0 dup_src=419 preempt_src=0 src_n=420 rep_n=412 nu_recv=0.99762 fa_class=0.0625
RFALINE c1-CTL rep=2 site=cli [RFA] gen=0 fires=457 false=457 false_frac=1.0000 fill_coded=0 fill_src=0 dup_src=457 preempt_src=0 src_n=458 rep_n=450 nu_recv=0.99782 fa_class=0.0625
RFALINE c1-CTL rep=2 site=cli [RFA] gen=0 fires=495 false=495 false_frac=1.0000 fill_coded=0 fill_src=0 dup_src=495 preempt_src=0 src_n=496 rep_n=488 nu_recv=0.99798 fa_class=0.0625
RFALINE c1-CTL rep=2 site=cli [RFA] gen=0 fires=533 false=533 false_frac=1.0000 fill_coded=0 fill_src=0 dup_src=533 preempt_src=0 src_n=534 rep_n=526 nu_recv=0.99813 fa_class=0.0625
RFALINE c1-CTL rep=2 site=cli [RFA] gen=0 fires=570 false=570 false_frac=1.0000 fill_coded=0 fill_src=0 dup_src=570 preempt_src=0 src_n=571 rep_n=563 nu_recv=0.99825 fa_class=0.0625
RFALINE c1-CTL rep=2 site=cli [RFA] gen=0 fires=605 false=605 false_frac=1.0000 fill_coded=0 fill_src=0 dup_src=605 preempt_src=0 src_n=606 rep_n=598 nu_recv=0.99835 fa_class=0.0625
RFALINE c1-CTL rep=2 site=cli [RFA] gen=0 fires=643 false=643 false_frac=1.0000 fill_coded=0 fill_src=0 dup_src=643 preempt_src=0 src_n=644 rep_n=636 nu_recv=0.99845 fa_class=0.0625
RFALINE c1-CTL rep=2 site=cli [RFA] gen=0 fires=656 false=656 false_frac=1.0000 fill_coded=0 fill_src=0 dup_src=656 preempt_src=0 src_n=658 rep_n=650 nu_recv=0.99696 fa_class=0.0625
RFALINE c1-CTL rep=2 site=srv [RFA] gen=0 fires=44 false=16 false_frac=0.3636 fill_coded=0 fill_src=28 dup_src=16 preempt_src=0 src_n=17921 rep_n=2 nu_recv=0.00246 fa_class=0.0625
RFALINE c1-CTL rep=2 site=srv [RFA] gen=0 fires=104 false=36 false_frac=0.3462 fill_coded=0 fill_src=68 dup_src=36 preempt_src=0 src_n=39290 rep_n=5 nu_recv=0.00265 fa_class=0.0625
RFALINE c1-CTL rep=2 site=srv [RFA] gen=0 fires=215 false=58 false_frac=0.2698 fill_coded=1 fill_src=156 dup_src=57 preempt_src=1 src_n=61339 rep_n=15 nu_recv=0.00351 fa_class=0.0625
RFALINE c1-CTL rep=2 site=srv [RFA] gen=0 fires=265 false=71 false_frac=0.2679 fill_coded=2 fill_src=192 dup_src=69 preempt_src=2 src_n=82765 rep_n=17 nu_recv=0.00320 fa_class=0.0625
RFALINE c1-CTL rep=2 site=srv [RFA] gen=0 fires=299 false=85 false_frac=0.2843 fill_coded=2 fill_src=212 dup_src=83 preempt_src=2 src_n=103238 rep_n=22 nu_recv=0.00290 fa_class=0.0625
RFALINE c1-CTL rep=2 site=srv [RFA] gen=0 fires=329 false=95 false_frac=0.2888 fill_coded=2 fill_src=232 dup_src=93 preempt_src=2 src_n=123809 rep_n=24 nu_recv=0.00266 fa_class=0.0625
RFALINE c1-CTL rep=2 site=srv [RFA] gen=0 fires=422 false=120 false_frac=0.2844 fill_coded=2 fill_src=300 dup_src=118 preempt_src=2 src_n=143141 rep_n=31 nu_recv=0.00295 fa_class=0.0625
RFALINE c1-CTL rep=2 site=srv [RFA] gen=0 fires=422 false=120 false_frac=0.2844 fill_coded=2 fill_src=300 dup_src=118 preempt_src=2 src_n=163584 rep_n=31 nu_recv=0.00258 fa_class=0.0625
RFALINE c1-CTL rep=2 site=srv [RFA] gen=0 fires=423 false=121 false_frac=0.2861 fill_coded=2 fill_src=300 dup_src=119 preempt_src=2 src_n=182751 rep_n=31 nu_recv=0.00231 fa_class=0.0625
RFALINE c1-CTL rep=2 site=srv [RFA] gen=0 fires=452 false=130 false_frac=0.2876 fill_coded=2 fill_src=320 dup_src=128 preempt_src=2 src_n=202049 rep_n=34 nu_recv=0.00224 fa_class=0.0625
RFALINE c1-CTL rep=2 site=srv [RFA] gen=0 fires=454 false=132 false_frac=0.2907 fill_coded=2 fill_src=320 dup_src=130 preempt_src=2 src_n=219622 rep_n=35 nu_recv=0.00207 fa_class=0.0625
RFALINE c1-CTL rep=2 site=srv [RFA] gen=0 fires=455 false=133 false_frac=0.2923 fill_coded=2 fill_src=320 dup_src=131 preempt_src=2 src_n=238216 rep_n=35 nu_recv=0.00191 fa_class=0.0625
RFALINE c1-CTL rep=2 site=srv [RFA] gen=0 fires=457 false=134 false_frac=0.2932 fill_coded=2 fill_src=321 dup_src=132 preempt_src=2 src_n=256657 rep_n=37 nu_recv=0.00178 fa_class=0.0625
RFALINE c1-CTL rep=2 site=srv [RFA] gen=0 fires=468 false=135 false_frac=0.2885 fill_coded=2 fill_src=331 dup_src=133 preempt_src=2 src_n=276267 rep_n=39 nu_recv=0.00169 fa_class=0.0625
RFALINE c1-CTL rep=2 site=srv [RFA] gen=0 fires=579 false=166 false_frac=0.2867 fill_coded=2 fill_src=411 dup_src=164 preempt_src=2 src_n=294134 rep_n=52 nu_recv=0.00197 fa_class=0.0625
RFALINE c1-CTL rep=2 site=srv [RFA] gen=0 fires=634 false=181 false_frac=0.2855 fill_coded=2 fill_src=451 dup_src=179 preempt_src=2 src_n=310761 rep_n=56 nu_recv=0.00204 fa_class=0.0625
RFALINE c1-CTL rep=2 site=srv [RFA] gen=0 fires=654 false=191 false_frac=0.2920 fill_coded=2 fill_src=461 dup_src=189 preempt_src=2 src_n=327563 rep_n=57 nu_recv=0.00200 fa_class=0.0625
FCAUSELINE c1-CTL rep=2 site=cli [FCAUSE] gen=0 n=656 timer=25 gap_data=631 gap_refresh=0 other=0 timer_frac=0.0381 gap_frac=0.9619 fired=656 unattr=0 fa_class=0.0625
SUCCLINE c1-CTL rep=2 site=cli [SUCC] gen=0 det=0 res=0 orig_n=0 orig_p50_us=- orig_p90_us=- orig_p99_us=- orig_mx_us=- orig_mean_us=- rep_n=0 rep_p50_us=- rep_p90_us=- rep_p99_us=- rep_mx_us=- rep_mean_us=- aban_n=0 aban_p50_us=- aban_p90_us=- aban_p99_us=- aban_mx_us=- aban_mean_us=- open=0 over=0 orig_frac=- cross_us=- dump=0/0
SUCCLINE c1-CTL rep=2 site=cli [SUCC] gen=0 det=0 res=0 orig_n=0 orig_p50_us=- orig_p90_us=- orig_p99_us=- orig_mx_us=- orig_mean_us=- rep_n=0 rep_p50_us=- rep_p90_us=- rep_p99_us=- rep_mx_us=- rep_mean_us=- aban_n=0 aban_p50_us=- aban_p90_us=- aban_p99_us=- aban_mx_us=- aban_mean_us=- open=0 over=0 orig_frac=- cross_us=- dump=0/0
SUCCLINE c1-CTL rep=2 site=cli [SUCC] gen=0 det=0 res=0 orig_n=0 orig_p50_us=- orig_p90_us=- orig_p99_us=- orig_mx_us=- orig_mean_us=- rep_n=0 rep_p50_us=- rep_p90_us=- rep_p99_us=- rep_mx_us=- rep_mean_us=- aban_n=0 aban_p50_us=- aban_p90_us=- aban_p99_us=- aban_mx_us=- aban_mean_us=- open=0 over=0 orig_frac=- cross_us=- dump=0/0
SUCCLINE c1-CTL rep=2 site=cli [SUCC] gen=0 det=0 res=0 orig_n=0 orig_p50_us=- orig_p90_us=- orig_p99_us=- orig_mx_us=- orig_mean_us=- rep_n=0 rep_p50_us=- rep_p90_us=- rep_p99_us=- rep_mx_us=- rep_mean_us=- aban_n=0 aban_p50_us=- aban_p90_us=- aban_p99_us=- aban_mx_us=- aban_mean_us=- open=0 over=0 orig_frac=- cross_us=- dump=0/0
SUCCLINE c1-CTL rep=2 site=cli [SUCC] gen=0 det=0 res=0 orig_n=0 orig_p50_us=- orig_p90_us=- orig_p99_us=- orig_mx_us=- orig_mean_us=- rep_n=0 rep_p50_us=- rep_p90_us=- rep_p99_us=- rep_mx_us=- rep_mean_us=- aban_n=0 aban_p50_us=- aban_p90_us=- aban_p99_us=- aban_mx_us=- aban_mean_us=- open=0 over=0 orig_frac=- cross_us=- dump=0/0
SUCCLINE c1-CTL rep=2 site=cli [SUCC] gen=0 det=0 res=0 orig_n=0 orig_p50_us=- orig_p90_us=- orig_p99_us=- orig_mx_us=- orig_mean_us=- rep_n=0 rep_p50_us=- rep_p90_us=- rep_p99_us=- rep_mx_us=- rep_mean_us=- aban_n=0 aban_p50_us=- aban_p90_us=- aban_p99_us=- aban_mx_us=- aban_mean_us=- open=0 over=0 orig_frac=- cross_us=- dump=0/0
SUCCLINE c1-CTL rep=2 site=cli [SUCC] gen=0 det=0 res=0 orig_n=0 orig_p50_us=- orig_p90_us=- orig_p99_us=- orig_mx_us=- orig_mean_us=- rep_n=0 rep_p50_us=- rep_p90_us=- rep_p99_us=- rep_mx_us=- rep_mean_us=- aban_n=0 aban_p50_us=- aban_p90_us=- aban_p99_us=- aban_mx_us=- aban_mean_us=- open=0 over=0 orig_frac=- cross_us=- dump=0/0
SUCCLINE c1-CTL rep=2 site=cli [SUCC] gen=0 det=0 res=0 orig_n=0 orig_p50_us=- orig_p90_us=- orig_p99_us=- orig_mx_us=- orig_mean_us=- rep_n=0 rep_p50_us=- rep_p90_us=- rep_p99_us=- rep_mx_us=- rep_mean_us=- aban_n=0 aban_p50_us=- aban_p90_us=- aban_p99_us=- aban_mx_us=- aban_mean_us=- open=0 over=0 orig_frac=- cross_us=- dump=0/0
SUCCLINE c1-CTL rep=2 site=cli [SUCC] gen=0 det=0 res=0 orig_n=0 orig_p50_us=- orig_p90_us=- orig_p99_us=- orig_mx_us=- orig_mean_us=- rep_n=0 rep_p50_us=- rep_p90_us=- rep_p99_us=- rep_mx_us=- rep_mean_us=- aban_n=0 aban_p50_us=- aban_p90_us=- aban_p99_us=- aban_mx_us=- aban_mean_us=- open=0 over=0 orig_frac=- cross_us=- dump=0/0
SUCCLINE c1-CTL rep=2 site=cli [SUCC] gen=0 det=0 res=0 orig_n=0 orig_p50_us=- orig_p90_us=- orig_p99_us=- orig_mx_us=- orig_mean_us=- rep_n=0 rep_p50_us=- rep_p90_us=- rep_p99_us=- rep_mx_us=- rep_mean_us=- aban_n=0 aban_p50_us=- aban_p90_us=- aban_p99_us=- aban_mx_us=- aban_mean_us=- open=0 over=0 orig_frac=- cross_us=- dump=0/0
SUCCLINE c1-CTL rep=2 site=cli [SUCC] gen=0 det=0 res=0 orig_n=0 orig_p50_us=- orig_p90_us=- orig_p99_us=- orig_mx_us=- orig_mean_us=- rep_n=0 rep_p50_us=- rep_p90_us=- rep_p99_us=- rep_mx_us=- rep_mean_us=- aban_n=0 aban_p50_us=- aban_p90_us=- aban_p99_us=- aban_mx_us=- aban_mean_us=- open=0 over=0 orig_frac=- cross_us=- dump=0/0
SUCCLINE c1-CTL rep=2 site=cli [SUCC] gen=0 det=0 res=0 orig_n=0 orig_p50_us=- orig_p90_us=- orig_p99_us=- orig_mx_us=- orig_mean_us=- rep_n=0 rep_p50_us=- rep_p90_us=- rep_p99_us=- rep_mx_us=- rep_mean_us=- aban_n=0 aban_p50_us=- aban_p90_us=- aban_p99_us=- aban_mx_us=- aban_mean_us=- open=0 over=0 orig_frac=- cross_us=- dump=0/0
SUCCLINE c1-CTL rep=2 site=cli [SUCC] gen=0 det=0 res=0 orig_n=0 orig_p50_us=- orig_p90_us=- orig_p99_us=- orig_mx_us=- orig_mean_us=- rep_n=0 rep_p50_us=- rep_p90_us=- rep_p99_us=- rep_mx_us=- rep_mean_us=- aban_n=0 aban_p50_us=- aban_p90_us=- aban_p99_us=- aban_mx_us=- aban_mean_us=- open=0 over=0 orig_frac=- cross_us=- dump=0/0
SUCCLINE c1-CTL rep=2 site=cli [SUCC] gen=0 det=0 res=0 orig_n=0 orig_p50_us=- orig_p90_us=- orig_p99_us=- orig_mx_us=- orig_mean_us=- rep_n=0 rep_p50_us=- rep_p90_us=- rep_p99_us=- rep_mx_us=- rep_mean_us=- aban_n=0 aban_p50_us=- aban_p90_us=- aban_p99_us=- aban_mx_us=- aban_mean_us=- open=0 over=0 orig_frac=- cross_us=- dump=0/0
SUCCLINE c1-CTL rep=2 site=cli [SUCC] gen=0 det=0 res=0 orig_n=0 orig_p50_us=- orig_p90_us=- orig_p99_us=- orig_mx_us=- orig_mean_us=- rep_n=0 rep_p50_us=- rep_p90_us=- rep_p99_us=- rep_mx_us=- rep_mean_us=- aban_n=0 aban_p50_us=- aban_p90_us=- aban_p99_us=- aban_mx_us=- aban_mean_us=- open=0 over=0 orig_frac=- cross_us=- dump=0/0
SUCCLINE c1-CTL rep=2 site=cli [SUCC] gen=0 det=0 res=0 orig_n=0 orig_p50_us=- orig_p90_us=- orig_p99_us=- orig_mx_us=- orig_mean_us=- rep_n=0 rep_p50_us=- rep_p90_us=- rep_p99_us=- rep_mx_us=- rep_mean_us=- aban_n=0 aban_p50_us=- aban_p90_us=- aban_p99_us=- aban_mx_us=- aban_mean_us=- open=0 over=0 orig_frac=- cross_us=- dump=0/0
SUCCLINE c1-CTL rep=2 site=cli [SUCC] gen=0 det=0 res=0 orig_n=0 orig_p50_us=- orig_p90_us=- orig_p99_us=- orig_mx_us=- orig_mean_us=- rep_n=0 rep_p50_us=- rep_p90_us=- rep_p99_us=- rep_mx_us=- rep_mean_us=- aban_n=0 aban_p50_us=- aban_p90_us=- aban_p99_us=- aban_mx_us=- aban_mean_us=- open=0 over=0 orig_frac=- cross_us=- dump=0/0
SUCCLINE c1-CTL rep=2 site=srv [SUCC] gen=0 det=28 res=28 orig_n=28 orig_p50_us=11264 orig_p90_us=13312 orig_p99_us=13312 orig_mx_us=13729 orig_mean_us=12049 rep_n=0 rep_p50_us=- rep_p90_us=- rep_p99_us=- rep_mx_us=- rep_mean_us=- aban_n=0 aban_p50_us=- aban_p90_us=- aban_p99_us=- aban_mx_us=- aban_mean_us=- open=0 over=0 orig_frac=1.0000 cross_us=- dump=0/0
SUCCLINE c1-CTL rep=2 site=srv [SUCC] gen=0 det=68 res=68 orig_n=68 orig_p50_us=13312 orig_p90_us=26624 orig_p99_us=28672 orig_mx_us=28854 orig_mean_us=17261 rep_n=0 rep_p50_us=- rep_p90_us=- rep_p99_us=- rep_mx_us=- rep_mean_us=- aban_n=0 aban_p50_us=- aban_p90_us=- aban_p99_us=- aban_mx_us=- aban_mean_us=- open=0 over=0 orig_frac=1.0000 cross_us=- dump=0/0
SUCCLINE c1-CTL rep=2 site=srv [SUCC] gen=0 det=157 res=157 orig_n=156 orig_p50_us=18432 orig_p90_us=36864 orig_p99_us=40960 orig_mx_us=42560 orig_mean_us=20469 rep_n=1 rep_p50_us=40960 rep_p90_us=40960 rep_p99_us=40960 rep_mx_us=42560 rep_mean_us=42560 aban_n=0 aban_p50_us=- aban_p90_us=- aban_p99_us=- aban_mx_us=- aban_mean_us=- open=0 over=0 orig_frac=0.9936 cross_us=- dump=0/0
SUCCLINE c1-CTL rep=2 site=srv [SUCC] gen=0 det=194 res=194 orig_n=192 orig_p50_us=18432 orig_p90_us=28672 orig_p99_us=40960 orig_mx_us=42560 orig_mean_us=18172 rep_n=2 rep_p50_us=20480 rep_p90_us=40960 rep_p99_us=40960 rep_mx_us=42560 rep_mean_us=31993 aban_n=0 aban_p50_us=- aban_p90_us=- aban_p99_us=- aban_mx_us=- aban_mean_us=- open=0 over=0 orig_frac=0.9897 cross_us=- dump=0/0
SUCCLINE c1-CTL rep=2 site=srv [SUCC] gen=0 det=214 res=214 orig_n=212 orig_p50_us=16384 orig_p90_us=28672 orig_p99_us=40960 orig_mx_us=42560 orig_mean_us=18104 rep_n=2 rep_p50_us=20480 rep_p90_us=40960 rep_p99_us=40960 rep_mx_us=42560 rep_mean_us=31993 aban_n=0 aban_p50_us=- aban_p90_us=- aban_p99_us=- aban_mx_us=- aban_mean_us=- open=0 over=0 orig_frac=0.9907 cross_us=- dump=0/0
SUCCLINE c1-CTL rep=2 site=srv [SUCC] gen=0 det=234 res=234 orig_n=232 orig_p50_us=18432 orig_p90_us=26624 orig_p99_us=40960 orig_mx_us=42560 orig_mean_us=18308 rep_n=2 rep_p50_us=20480 rep_p90_us=40960 rep_p99_us=40960 rep_mx_us=42560 rep_mean_us=31993 aban_n=0 aban_p50_us=- aban_p90_us=- aban_p99_us=- aban_mx_us=- aban_mean_us=- open=0 over=0 orig_frac=0.9915 cross_us=- dump=0/0
SUCCLINE c1-CTL rep=2 site=srv [SUCC] gen=0 det=302 res=302 orig_n=300 orig_p50_us=18432 orig_p90_us=28672 orig_p99_us=40960 orig_mx_us=42560 orig_mean_us=18910 rep_n=2 rep_p50_us=20480 rep_p90_us=40960 rep_p99_us=40960 rep_mx_us=42560 rep_mean_us=31993 aban_n=0 aban_p50_us=- aban_p90_us=- aban_p99_us=- aban_mx_us=- aban_mean_us=- open=0 over=0 orig_frac=0.9934 cross_us=- dump=0/0
SUCCLINE c1-CTL rep=2 site=srv [SUCC] gen=0 det=302 res=302 orig_n=300 orig_p50_us=18432 orig_p90_us=28672 orig_p99_us=40960 orig_mx_us=42560 orig_mean_us=18910 rep_n=2 rep_p50_us=20480 rep_p90_us=40960 rep_p99_us=40960 rep_mx_us=42560 rep_mean_us=31993 aban_n=0 aban_p50_us=- aban_p90_us=- aban_p99_us=- aban_mx_us=- aban_mean_us=- open=0 over=0 orig_frac=0.9934 cross_us=- dump=0/0
SUCCLINE c1-CTL rep=2 site=srv [SUCC] gen=0 det=302 res=302 orig_n=300 orig_p50_us=18432 orig_p90_us=28672 orig_p99_us=40960 orig_mx_us=42560 orig_mean_us=18910 rep_n=2 rep_p50_us=20480 rep_p90_us=40960 rep_p99_us=40960 rep_mx_us=42560 rep_mean_us=31993 aban_n=0 aban_p50_us=- aban_p90_us=- aban_p99_us=- aban_mx_us=- aban_mean_us=- open=0 over=0 orig_frac=0.9934 cross_us=- dump=0/0
SUCCLINE c1-CTL rep=2 site=srv [SUCC] gen=0 det=322 res=322 orig_n=320 orig_p50_us=16384 orig_p90_us=26624 orig_p99_us=40960 orig_mx_us=42560 orig_mean_us=18418 rep_n=2 rep_p50_us=20480 rep_p90_us=40960 rep_p99_us=40960 rep_mx_us=42560 rep_mean_us=31993 aban_n=0 aban_p50_us=- aban_p90_us=- aban_p99_us=- aban_mx_us=- aban_mean_us=- open=0 over=0 orig_frac=0.9938 cross_us=- dump=0/0
SUCCLINE c1-CTL rep=2 site=srv [SUCC] gen=0 det=322 res=322 orig_n=320 orig_p50_us=16384 orig_p90_us=26624 orig_p99_us=40960 orig_mx_us=42560 orig_mean_us=18418 rep_n=2 rep_p50_us=20480 rep_p90_us=40960 rep_p99_us=40960 rep_mx_us=42560 rep_mean_us=31993 aban_n=0 aban_p50_us=- aban_p90_us=- aban_p99_us=- aban_mx_us=- aban_mean_us=- open=0 over=0 orig_frac=0.9938 cross_us=- dump=0/0
SUCCLINE c1-CTL rep=2 site=srv [SUCC] gen=0 det=322 res=322 orig_n=320 orig_p50_us=16384 orig_p90_us=26624 orig_p99_us=40960 orig_mx_us=42560 orig_mean_us=18418 rep_n=2 rep_p50_us=20480 rep_p90_us=40960 rep_p99_us=40960 rep_mx_us=42560 rep_mean_us=31993 aban_n=0 aban_p50_us=- aban_p90_us=- aban_p99_us=- aban_mx_us=- aban_mean_us=- open=0 over=0 orig_frac=0.9938 cross_us=- dump=0/0
SUCCLINE c1-CTL rep=2 site=srv [SUCC] gen=0 det=323 res=323 orig_n=321 orig_p50_us=16384 orig_p90_us=26624 orig_p99_us=40960 orig_mx_us=42560 orig_mean_us=18412 rep_n=2 rep_p50_us=20480 rep_p90_us=40960 rep_p99_us=40960 rep_mx_us=42560 rep_mean_us=31993 aban_n=0 aban_p50_us=- aban_p90_us=- aban_p99_us=- aban_mx_us=- aban_mean_us=- open=0 over=0 orig_frac=0.9938 cross_us=- dump=0/0
SUCCLINE c1-CTL rep=2 site=srv [SUCC] gen=0 det=333 res=333 orig_n=331 orig_p50_us=16384 orig_p90_us=26624 orig_p99_us=40960 orig_mx_us=42560 orig_mean_us=18361 rep_n=2 rep_p50_us=20480 rep_p90_us=40960 rep_p99_us=40960 rep_mx_us=42560 rep_mean_us=31993 aban_n=0 aban_p50_us=- aban_p90_us=- aban_p99_us=- aban_mx_us=- aban_mean_us=- open=0 over=0 orig_frac=0.9940 cross_us=- dump=0/0
SUCCLINE c1-CTL rep=2 site=srv [SUCC] gen=0 det=413 res=413 orig_n=411 orig_p50_us=18432 orig_p90_us=36864 orig_p99_us=65536 orig_mx_us=67100 orig_mean_us=21891 rep_n=2 rep_p50_us=20480 rep_p90_us=40960 rep_p99_us=40960 rep_mx_us=42560 rep_mean_us=31993 aban_n=0 aban_p50_us=- aban_p90_us=- aban_p99_us=- aban_mx_us=- aban_mean_us=- open=0 over=0 orig_frac=0.9952 cross_us=- dump=0/0
SUCCLINE c1-CTL rep=2 site=srv [SUCC] gen=0 det=453 res=453 orig_n=451 orig_p50_us=18432 orig_p90_us=36864 orig_p99_us=65536 orig_mx_us=67100 orig_mean_us=22205 rep_n=2 rep_p50_us=20480 rep_p90_us=40960 rep_p99_us=40960 rep_mx_us=42560 rep_mean_us=31993 aban_n=0 aban_p50_us=- aban_p90_us=- aban_p99_us=- aban_mx_us=- aban_mean_us=- open=0 over=0 orig_frac=0.9956 cross_us=- dump=0/0
SUCCLINE c1-CTL rep=2 site=srv [SUCC] gen=0 det=463 res=463 orig_n=461 orig_p50_us=18432 orig_p90_us=36864 orig_p99_us=65536 orig_mx_us=67100 orig_mean_us=21756 rep_n=2 rep_p50_us=20480 rep_p90_us=40960 rep_p99_us=40960 rep_mx_us=42560 rep_mean_us=31993 aban_n=0 aban_p50_us=- aban_p90_us=- aban_p99_us=- aban_mx_us=- aban_mean_us=- open=0 over=0 orig_frac=0.9957 cross_us=- dump=0/0
HOLDLINE c1-CTL rep=2 site=cli [HOLD] site=sender path=0 gen=0 q=unset n_req=- n_obs=1000 samp_n=230 fed=230 t_us=- obs_p50_us=15026 obs_p90_us=22660 obs_p99_us=30245 evals=631 law_n=0 sup=0 emit=631 hd_p50_us=- hd_p90_us=- hd_p99_us=- hd_mx_us=- hd_n=0 fa_class=0.0625
HOLDLINE c1-CTL rep=2 site=cli [HOLD] site=sender path=- gen=0 q=unset n_req=- n_obs=1000 samp_n=0 fed=0 t_us=- obs_p50_us=- obs_p90_us=- obs_p99_us=- evals=25 law_n=0 sup=0 emit=25 hd_p50_us=- hd_p90_us=- hd_p99_us=- hd_mx_us=- hd_n=0 fa_class=0.0625
WALLLINE c1-CTL rep=2 site=cli [WALL] onset=1.0000 dur_ms=0.1 retx=0 total_ms=17626.8 it_ms=0.052
VAWITNESS {"cell":"c1","arm":"CTL","alpha":"unset","seed":42,"rep":2,"rc":0,"mean_mbps":181.574,"band":[147,294],"band_applies":1,"in_band":1,"lossy":0,"alpha_expect":"unset","alpha_got_cli":"unset","alpha_got_srv":"unset","form_expect":"cantelli","form_got_cli":"cantelli","form_got_srv":"cantelli","winn_expect":"unavail","winn_got_cli":"unavail","winn_got_srv":"unavail","qclk_law_n":340786,"qclk_evals":340786,"qclk_win_ok":0,"qclk_win_n":"unavail","w_us_p50":25000,"w_us_p05":25000,"w_us_p95":30374,"shipped_clock_us":25000,"fcause_n":656,"fcause_timer":25,"fcause_gap_data":631,"fcause_gap_refresh":0,"fcause_other":0,"fcause_unattr":0,"succ_det":463,"succ_res":463,"succ_orig_frac":"0.9957","rfa_fires":654,"rfa_false":191,"rfa_false_frac":"0.2920","rfa_fill_coded":2,"rack_fa":"82/656","rack_fa_frac":"0.1250","fails":""}
=== rep=2 arm=c1-Q400 alpha=0.4 form=quantile win_n=25 seed=42 env="RWM_QUANTILE_CLOCKS=1 RWM_ALPHA_OVERRIDE=0.4 RWM_W_FORM=quantile RWM_DELTA_CAP=1 RWM_SUM_CAP=1 RWM_RACK_CLOCKS=0 RWM_DERIVED_SWEEP=0 RWM_COMPOSED_CAP=0 RWM_THREE_TERM=0 RWM_STORE_CAP_UNIFIED=0 RWM_LATE_BRAKE=0 RWM_CHARGE_RECOVERY=0 RWM_RELEASE_1TO1=0 RWM_LOSS_SENT_TRUTH=0 RWM_RTT_DUMP=0 RWM_SUCC_DUMP=0" cell=c1/c1/single bytes=400000000 18:34:03
[2m2026-08-21T18:34:05.431106Z[0m [32m INFO[0m [2mraptorpath::gates[0m[2m:[0m [GATES] RWM_UNIFIED=1 RWM_UNIFIED_SHED=1 RWM_TAPER_R=1 RWM_ASTAR_ANCHOR=1 RWM_MSTAR_ANCHOR=1 RWM_PLAIN_RS=0 RWM_HONEST_ANCHOR=1 RWM_HONEST_K=0 RWM_STORE_SACK_RELEASE=1 RWM_STORE_PATHS=1 RWM_STORE_PATH_POOL=2048 RWM_STORE=unset RWM_STORE_GAIN=2 RWM_STORE_BOOT=128 RWM_STORE_CAPW=0 RWM_STORE_CAP_UNIFIED=0 RWM_THREE_TERM=0 RWM_COMPOSED_CAP=0 RWM_SUM_CAP=1 RWM_LATE_BRAKE=0 RWM_DELTA_CAP=1 RWM_STORE_PERCAP=0 RWM_PERCAP_GUARD=1 RWM_STORE_BORROW=0 RWM_HONEST_CAP=1 RWM_POOL_ANCHOR=0 RWM_POOL_DELIV=0 RWM_FLOOR_BOUND=0 RWM_ACK_MERGE=1 RWM_LOSS_SENT_TRUTH=0 RWM_RELEASE_1TO1=0 RWM_CHARGE_RECOVERY=0 RWM_PATIENCE_DERIVED=0 RWM_SIDLE_DERIVED=0 RWM_WIN_DECOUPLE=0 RWM_PLACE_SLACK=0 RWM_COLD_PLACE=0 RWM_GEN=384 RWM_PIPELINE=2 RWM_GEN_PIPE=1 RWM_GEN_R=unset RWM_GEN_RATE=9000 RWM_GEN_RATE_FLOOR=2000 RWM_GEN_INFLIGHT=unset RWM_OOO_RETAIN=0/16 RWM_WINDOW=unset RWM_REPORT_GENS=unset RWM_REPAIR_WAIT=unset RWM_CODED_SRC=0 RWM_NO_REACTIVE=0 RWM_XPATH_REPAIR=0 RWM_PROACTIVE_PACER=0 RWM_REASM_BDP=0 RWM_MIN_R=0 RWM_CC_PACE=0 RWM_CC_PACE_HR=1.1 RWM_REACT_CAP=unset RWM_INFL_CAP=0 RWM_INFL_BDP=unset RWM_COPA_FEED=0 RWM_RS_ATTR=1 RWM_EMIT_BATCH=0 RWM_EMIT_BURST=64 RWM_RECOV_MP=1 RWM_RECOV_MP_LAW=1 RWM_RECOV_MP_LIVE=0 RWM_RECOV_SP=0 RWM_DERIVED_SWEEP=0 RWM_RACK_CLOCKS=0 RWM_RACK_REO_MULT=1 RWM_QUANTILE_CLOCKS=1 RWM_ALPHA_OVERRIDE=0.4 RWM_W_FORM=quantile RWM_HOLDDOWN_Q=unset RWM_REFRESH_FLOOR_US=unset RWM_DIAG=1 RWM_ACKDIAG=1 RWM_ACKDIAG_WINDOW_US=2000000 RWM_RTT_DUMP=0 RWM_RTT_DUMP_MAX=400000 RWM_SUCC_DUMP=0 RWM_SUCC_DUMP_MAX=200000 RWM_WALLDIAG=1 RWM_CPUPROF=0 RWM_RDIAG=0 RWM_FDIAG=1 RWM_TRACE=0 RWM_PFRAC=0
{"bytes":400000000,"dnf":0,"hint":"bulk","max_s":17.3785,"mean_mbps":184.136,"mean_s":17.3785,"median_s":17.3785,"min_s":17.3785,"proto":"rp-native","runs":1,"stdev_s":0.0,"summary":true}
    LATPROBE-LEG leg=0 file=/tmp/rwm-ping-0.txt sent=346 recv=346 censor=0.00% p50=2.09[censor=0.00% ok] p95=2.62[censor=0.00% ok] p99=2.85[censor=0.00% ok]
    LATPROBE: 1 leg(s) /tmp/rwm-ping-0.txt=346 replies
    CPU: CPUSRV=19.31s CPUCLI=21.45s (srv=decoder cli=sender; whole-invocation incl warmup)
    QDISC cli0: qdisc netem bd65: root refcnt 7 limit 1000 delay 1ms loss gemodel p 0.05% r 50% 1-h 100% 1-k 0% rate 1Gbit seed 42  Sent 439526049 bytes 344576 pkt (dropped 50, overlimits 0 requeues 0)   backlog 0b 0p requeues 0 
    QDISC srv0: qdisc netem bd67: root refcnt 7 limit 1000 delay 1ms rate 1Gbit seed 17109834967743090883  Sent 33801026 bytes 93214 pkt (dropped 0, overlimits 0 requeues 0)   backlog 0b 0p requeues 0 
    QCAP: /tmp/rwm-q.txt 10 lines
RUNTIME c1-Q400 rep=2 20s rc=0
ALPHARESULT {"cell": "c1", "arm": "Q400", "alpha_cmd": 0.4, "seed": 42, "rep": 2, "n_paths": 1, "dnf": false, "dnf_count": 0, "mbps": 184.136, "mean_mbps": 184.136, "seconds": 17.3785, "n_runs": 1, "cpusrv": 19.31, "cpucli": 21.45, "khr_med": 1.0, "kraw_med": null, "khr_n": 60, "kraw_n": 0, "rtp_med": 2, "occ_p50": 231, "occcap_p50": 539, "q_p50": 8, "q_p99": 13, "diag_lines": 69, "retx": 1433, "w1_rfa_gen": "0", "w2_pfrac_lines": 0, "w4_retx_max": 1433, "w5_rack_fa": "270/1437", "gates_cli_quantile_clocks": 1, "gates_srv_quantile_clocks": 1, "gates_cli_rack_clocks": 0, "gates_srv_rack_clocks": 0, "gates_cli_derived_sweep": 0, "gates_srv_derived_sweep": 0, "gates_cli_delta_cap": 1, "gates_srv_delta_cap": 1, "gates_cli_sum_cap": 1, "gates_srv_sum_cap": 1, "gates_cli_composed_cap": 0, "gates_srv_composed_cap": 0, "gates_cli_three_term": 0, "gates_srv_three_term": 0, "gates_cli_loss_sent_truth": 0, "gates_srv_loss_sent_truth": 0, "gates_cli_gen": null, "gates_srv_gen": null, "gates_cli_diag": 1, "gates_srv_diag": 1, "gates_cli_ackdiag": 1, "gates_srv_ackdiag": 1, "gates_cli_walldiag": 1, "gates_srv_walldiag": 1, "gates_cli_fdiag": 1, "gates_srv_fdiag": 1, "gates_cli_recov_mp": 1, "gates_srv_recov_mp": 1, "gates_cli_cc_pace": 0, "gates_srv_cc_pace": 0, "gates_cli_rack_reo_mult": 1, "gates_srv_rack_reo_mult": 1, "gates_lines_cli": 1, "gates_lines_srv": 1, "gate_quantile_cli": "1", "gate_quantile_srv": "1", "gate_alpha_cli": "0.4", "gate_alpha_srv": "0.4", "gate_gen_cli": 384, "gate_gen_srv": 384, "gate_wform_cli": "quantile", "gate_wform_srv": "quantile", "qalpha_lines_cli": 1, "qalpha_site_cli": "sender", "qalpha_quantile_cli": 1, "qalpha_contract_cli": 0.001, "qalpha_override_cli": 0.4, "qalpha_cli": 0.4, "qalpha_k_cli": 1.2247, "qalpha_form_cli": "quantile", "qalpha_winn_cli": "25", "qalpha_lines_srv": 1, "qalpha_site_srv": "receiver", "qalpha_quantile_srv": 1, "qalpha_contract_srv": 1e-05, "qalpha_override_srv": 0.4, "qalpha_srv": 0.4, "qalpha_k_srv": 1.2247, "qalpha_form_srv": "quantile", "qalpha_winn_srv": "25", "qclk_cli_lines": 1, "qclk_cli_site": "sender", "qclk_cli_alpha": 0.4, "qclk_cli_k": 1.2247, "qclk_cli_w_us_mean": 11348.6, "qclk_cli_srtt_us_mean": 11146.5, "qclk_cli_on": 1, "qclk_cli_evals": 339827, "qclk_cli_kept": 2285, "qclk_cli_w_us_p05": 8158, "qclk_cli_w_us_p50": 10817, "qclk_cli_w_us_p95": 15543, "qclk_cli_w_us_min": 4374, "qclk_cli_w_us_max": 41865, "qclk_cli_law_n": 293238, "qclk_cli_sigma_us_mean": 319.7, "qclk_cli_sigma_n": 293238, "qclk_form_cli": "quantile", "qclk_winn_cli": "25", "qclk_win_ok_cli": 293238, "qclk_srv_lines": 17, "qclk_srv_site": "receiver", "qclk_srv_alpha": 0.4, "qclk_srv_k": 1.2247, "qclk_srv_w_us_mean": 12093.6, "qclk_srv_srtt_us_mean": 11479.3, "qclk_srv_on": 1, "qclk_srv_evals": 13827, "qclk_srv_kept": 3333, "qclk_srv_w_us_p05": 8146, "qclk_srv_w_us_p50": 11937, "qclk_srv_w_us_p95": 14102, "qclk_srv_w_us_min": 8146, "qclk_srv_w_us_max": 29919, "qclk_srv_law_n": 13333, "qclk_srv_sigma_us_mean": 3511.1, "qclk_srv_sigma_n": 13827, "qclk_form_srv": "quantile", "qclk_winn_srv": "25", "qclk_win_ok_srv": 13333, "rack_lines_cli": 2, "rack_on_cli": 0, "rack_evals_cli": 0, "rack_ceil_cli": 0.0, "rack_gran_cli": 0.0, "rack_legacy_pin_cli": 0.0, "rack_round_cli": 0.0, "rack_legacy_cli": 0.0, "rack_mult_cli": 1, "rack_fa_n_cli": 270, "rack_fa_d_cli": 1437, "rack_fa_frac_cli": 0.1879, "rack_fa_class_cli": 0.0625, "rack_lines_srv": 0, "rack_on_srv": null, "rack_evals_srv": null, "rack_ceil_srv": null, "rack_gran_srv": null, "rack_legacy_pin_srv": null, "rack_round_srv": null, "rack_legacy_srv": null, "rack_mult_srv": null, "rack_fa_n_srv": null, "rack_fa_d_srv": null, "rack_fa_frac_srv": null, "rack_fa_class_srv": null, "rack_fired": 1437, "rack_spurious": 270, "rack_fa_frac": 0.1879, "rack_fa_class": 0.0625, "rack_round_us": 0.0, "rack_legacy_us": 0.0, "rack_evals": 0, "rack_legacy_pin": 0.0, "rfa_lines": 17, "rfa_gen": 0, "rfa_fires": 1441, "rfa_false": 737, "rfa_fill_coded": 10, "rfa_fill_src": 694, "rfa_dup_src": 727, "rfa_preempt_src": 10, "rfa_src_n": 331368, "rfa_rep_n": 638, "rfa_false_frac": 0.5115, "rfa_nu_recv": 0.00435, "rfa_fa_class": 0.0625, "rfa_bracket_lo": 0.5115, "rfa_bracket_hi": 0.986613, "sf_ticks": 2898, "sf_E": 0.8944, "sf_short": 0.1056, "sf_zero": 0.1056, "capboot_n": 66, "capboot_frac": 0.0758, "ping_n": 346, "ping_p50": 2.09, "ping_p95": 2.62, "ping_p99": 2.85, "ping_tx": 346, "ping_rx": 346, "ping_loss": 0.0, "ping_censor_frac": 0.0, "legs_probed": 1, "leg0_n": 346, "leg0_sent": 346, "leg0_recv": 346, "leg0_sent_source": "summary", "leg0_censor_frac": 0.0, "leg0_censor_pct": 0.0, "leg0_recv_mismatch": false, "leg0_leg_unscoreable": false, "leg0_min": 2.04, "leg0_max": 3.35, "leg0_p50": 2.09, "leg0_p50_censored": false, "leg0_p50_scoreable": true, "leg0_p95": 2.62, "leg0_p95_censored": false, "leg0_p95_scoreable": true, "leg0_p99": 2.85, "leg0_p99_censored": false, "leg0_p99_scoreable": true, "legs_censor_max": 0.0, "wait_tun": 90, "wait_paused": 3, "wait_pace": 0, "wait_gen": 0, "wait_nack": 0, "wait_defc": 0, "wait_tail": 5, "wait_flush": 0, "wait_lines": 66, "deadwall": false, "sig_us_p50": 59.0, "sig_us_n": 337559, "sig_us_path": 0, "sig_paths": 1, "pl_n": 60, "pl_max": 0.0, "pl_min": 0.0, "pl_p0": 0.0, "dgq_hand": 340829, "dgq_full": 0, "dgq_err": 0, "dgq_gap": 2, "tc_bytes": 439526049, "tc_pkts": 344576, "tc_drop": 50, "tc_s": 20, "hold_lines": 2, "hold_samp_n": 372, "hold_fed": 372, "hold_evals": 872, "hold_law_n": 0, "hold_sup": 0, "hold_emit": 872, "hold_hd_n": 0, "hold_q": "unset", "hold_n_req": "-", "hold_n_obs": 1000, "hold_gen": 0, "hold_sup_frac": 0.0, "hold_law_frac": 0.0, "hold_obs_p50_us": 15534, "hold_obs_p90_us": 18713, "hold_obs_p99_us": 22262, "hold_t_us_p0": null, "hold_t_us_p1": null, "hold_samp_n_p0": 372, "hold_samp_n_p1": null, "hold_hd_p50_us": null, "hold_hd_p90_us": null, "hold_hd_p99_us": null, "hold_hd_mx_us": null, "hold_unattr_evals": 565, "hold_paths_n": 1, "hold_accounting_ok": 1, "hold_obs_p50_us_p0": 15534, "hold_obs_p90_us_p0": 18713, "hold_obs_p99_us_p0": 22262, "hold_rpd": 2.041193, "fcause_lines": 1, "fcause_gen": 0, "fcause_n": 1437, "fcause_timer": 566, "fcause_gap_data": 871, "fcause_gap_refresh": 0, "fcause_other": 0, "fcause_fired": 1437, "fcause_unattr": 0, "fcause_timer_frac": 0.3939, "fcause_gap_frac": 0.6061, "succ_lines": 17, "succ_gen": 0, "succ_det": 704, "succ_res": 704, "succ_orig_n": 694, "succ_rep_n": 10, "succ_aban_n": 0, "succ_open": 0, "succ_over": 0, "succ_orig_p50_us": 24576, "succ_orig_p90_us": 73728, "succ_orig_p99_us": 98304, "succ_orig_mx_us": 105213, "succ_orig_frac": 0.9858, "succ_identity_ok": 1}
LIVENESS c1-Q400 rep=2 RWM_QUANTILE_CLOCKS=RWM_QUANTILE_CLOCKS=1/RWM_QUANTILE_CLOCKS=1(exp1) RWM_ALPHA_OVERRIDE=RWM_ALPHA_OVERRIDE=0.4/RWM_ALPHA_OVERRIDE=0.4(exp0.4) RWM_W_FORM=RWM_W_FORM=quantile/RWM_W_FORM=quantile(expquantile) RWM_DELTA_CAP=RWM_DELTA_CAP=1/RWM_DELTA_CAP=1(exp1) RWM_SUM_CAP=RWM_SUM_CAP=1/RWM_SUM_CAP=1(exp1) RWM_HOLDDOWN_Q=RWM_HOLDDOWN_Q=unset/RWM_HOLDDOWN_Q=unset(expunset) RWM_REFRESH_FLOOR_US=RWM_REFRESH_FLOOR_US=unset/RWM_REFRESH_FLOOR_US=unset(expunset) RWM_RACK_CLOCKS=RWM_RACK_CLOCKS=0/RWM_RACK_CLOCKS=0(exp0) RWM_DERIVED_SWEEP=RWM_DERIVED_SWEEP=0/RWM_DERIVED_SWEEP=0(exp0) RWM_COMPOSED_CAP=RWM_COMPOSED_CAP=0/RWM_COMPOSED_CAP=0(exp0) RWM_THREE_TERM=RWM_THREE_TERM=0/RWM_THREE_TERM=0(exp0) RWM_STORE_CAP_UNIFIED=RWM_STORE_CAP_UNIFIED=0/RWM_STORE_CAP_UNIFIED=0(exp0) RWM_LATE_BRAKE=RWM_LATE_BRAKE=0/RWM_LATE_BRAKE=0(exp0) RWM_CHARGE_RECOVERY=RWM_CHARGE_RECOVERY=0/RWM_CHARGE_RECOVERY=0(exp0) RWM_RELEASE_1TO1=RWM_RELEASE_1TO1=0/RWM_RELEASE_1TO1=0(exp0) RWM_LOSS_SENT_TRUTH=RWM_LOSS_SENT_TRUTH=0/RWM_LOSS_SENT_TRUTH=0(exp0) RWM_RTT_DUMP=RWM_RTT_DUMP=0/RWM_RTT_DUMP=0(exp0) RWM_SUCC_DUMP=RWM_SUCC_DUMP=0/RWM_SUCC_DUMP=0(exp0) RWM_DIAG=RWM_DIAG=1/RWM_DIAG=1(exp1) RWM_ACKDIAG=RWM_ACKDIAG=1/RWM_ACKDIAG=1(exp1) RWM_WALLDIAG=RWM_WALLDIAG=1/RWM_WALLDIAG=1(exp1) RWM_FDIAG=RWM_FDIAG=1/RWM_FDIAG=1(exp1)
W5QALPHA c1-Q400 rep=2 cli=form:quantile/win_n:25/alpha:4.000000e-1 srv=form:quantile/win_n:25/alpha:4.000000e-1 (exp form=quantile win_n=25)
WCLOCK c1-Q400 rep=2 law_n=293238 evals=339827 win_ok=293238 win_n=25 p50=10817 p05=8158 p95=15543 shipped_clock=25000
W8SUCC c1-Q400 rep=2 det=704 res=704 orig_frac=0.9858
QALPHALINE c1-Q400 rep=2 site=cli [QALPHA] site=receiver quantile=1 form=quantile win_n=25 contract_alpha=1.000000e-5 override=4.000000e-1 alpha=4.000000e-1 k=1.2247 fa_class=0.0625
QALPHALINE c1-Q400 rep=2 site=cli [QALPHA] site=sender quantile=1 form=quantile win_n=25 contract_alpha=1.000000e-3 override=4.000000e-1 alpha=4.000000e-1 k=1.2247 fa_class=0.0625
QALPHALINE c1-Q400 rep=2 site=srv [QALPHA] site=receiver quantile=1 form=quantile win_n=25 contract_alpha=1.000000e-5 override=4.000000e-1 alpha=4.000000e-1 k=1.2247 fa_class=0.0625
QALPHALINE c1-Q400 rep=2 site=srv [QALPHA] site=sender quantile=1 form=quantile win_n=25 contract_alpha=1.000000e-3 override=4.000000e-1 alpha=4.000000e-1 k=1.2247 fa_class=0.0625
QCLKLINE c1-Q400 rep=2 site=cli [QCLK] site=sender on=1 form=quantile win_n=25 win_ok=293238 alpha=4.000000e-1 k=1.2247 evals=339827 law_n=293238 kept=2285 w_us_mean=11348.6 w_us_p05=8158 w_us_p50=10817 w_us_p95=15543 w_us_min=4374 w_us_max=41865 srtt_us_mean=11146.5 sigma_us_mean=319.7/n293238 fa_class=0.0625
QCLKLINE c1-Q400 rep=2 site=srv [QCLK] site=receiver on=1 form=quantile win_n=25 win_ok=358 alpha=4.000000e-1 k=1.2247 evals=852 law_n=358 kept=358 w_us_mean=10647.1 w_us_p05=10637 w_us_p50=10637 w_us_p95=10637 w_us_min=10637 w_us_max=10999 srtt_us_mean=10617.1 sigma_us_mean=14633.8/n852 fa_class=0.0625
QCLKLINE c1-Q400 rep=2 site=srv [QCLK] site=receiver on=1 form=quantile win_n=25 win_ok=3016 alpha=4.000000e-1 k=1.2247 evals=3510 law_n=3016 kept=3016 w_us_mean=10165.9 w_us_p05=8146 w_us_p50=9647 w_us_p95=13777 w_us_min=8146 w_us_max=13777 srtt_us_mean=9985.5 sigma_us_mean=5665.2/n3510 fa_class=0.0625
QCLKLINE c1-Q400 rep=2 site=srv [QCLK] site=receiver on=1 form=quantile win_n=25 win_ok=4323 alpha=4.000000e-1 k=1.2247 evals=4817 law_n=4323 kept=2162 w_us_mean=10279.6 w_us_p05=8146 w_us_p50=9877 w_us_p95=13777 w_us_min=8146 w_us_max=13777 srtt_us_mean=10174.7 sigma_us_mean=5004.2/n4817 fa_class=0.0625
QCLKLINE c1-Q400 rep=2 site=srv [QCLK] site=receiver on=1 form=quantile win_n=25 win_ok=5075 alpha=4.000000e-1 k=1.2247 evals=5569 law_n=5075 kept=2538 w_us_mean=10553.4 w_us_p05=8146 w_us_p50=10141 w_us_p95=13777 w_us_min=8146 w_us_max=13777 srtt_us_mean=10346.9 sigma_us_mean=4715.0/n5569 fa_class=0.0625
QCLKLINE c1-Q400 rep=2 site=srv [QCLK] site=receiver on=1 form=quantile win_n=25 win_ok=5484 alpha=4.000000e-1 k=1.2247 evals=5978 law_n=5484 kept=2742 w_us_mean=10809.8 w_us_p05=8146 w_us_p50=10445 w_us_p95=14310 w_us_min=8146 w_us_max=14310 srtt_us_mean=10536.0 sigma_us_mean=4621.5/n5978 fa_class=0.0625
QCLKLINE c1-Q400 rep=2 site=srv [QCLK] site=receiver on=1 form=quantile win_n=25 win_ok=6852 alpha=4.000000e-1 k=1.2247 evals=7346 law_n=6852 kept=3426 w_us_mean=11187.3 w_us_p05=8146 w_us_p50=11888 w_us_p95=13777 w_us_min=8146 w_us_max=14310 srtt_us_mean=10935.2 sigma_us_mean=4024.0/n7346 fa_class=0.0625
QCLKLINE c1-Q400 rep=2 site=srv [QCLK] site=receiver on=1 form=quantile win_n=25 win_ok=7465 alpha=4.000000e-1 k=1.2247 evals=7959 law_n=7465 kept=3733 w_us_mean=11191.2 w_us_p05=8146 w_us_p50=11171 w_us_p95=13777 w_us_min=8146 w_us_max=14310 srtt_us_mean=10883.6 sigma_us_mean=3952.6/n7959 fa_class=0.0625
QCLKLINE c1-Q400 rep=2 site=srv [QCLK] site=receiver on=1 form=quantile win_n=25 win_ok=9347 alpha=4.000000e-1 k=1.2247 evals=9841 law_n=9347 kept=2337 w_us_mean=11543.8 w_us_p05=8146 w_us_p50=11888 w_us_p95=13777 w_us_min=8146 w_us_max=14310 srtt_us_mean=11124.7 sigma_us_mean=3528.1/n9841 fa_class=0.0625
QCLKLINE c1-Q400 rep=2 site=srv [QCLK] site=receiver on=1 form=quantile win_n=25 win_ok=9347 alpha=4.000000e-1 k=1.2247 evals=9841 law_n=9347 kept=2337 w_us_mean=11543.8 w_us_p05=8146 w_us_p50=11888 w_us_p95=13777 w_us_min=8146 w_us_max=14310 srtt_us_mean=11124.7 sigma_us_mean=3528.1/n9841 fa_class=0.0625
QCLKLINE c1-Q400 rep=2 site=srv [QCLK] site=receiver on=1 form=quantile win_n=25 win_ok=9347 alpha=4.000000e-1 k=1.2247 evals=9841 law_n=9347 kept=2337 w_us_mean=11543.8 w_us_p05=8146 w_us_p50=11888 w_us_p95=13777 w_us_min=8146 w_us_max=14310 srtt_us_mean=11124.7 sigma_us_mean=3528.1/n9841 fa_class=0.0625
QCLKLINE c1-Q400 rep=2 site=srv [QCLK] site=receiver on=1 form=quantile win_n=25 win_ok=9846 alpha=4.000000e-1 k=1.2247 evals=10340 law_n=9846 kept=2461 w_us_mean=12081.6 w_us_p05=8146 w_us_p50=11937 w_us_p95=14310 w_us_min=8146 w_us_max=29919 srtt_us_mean=11312.9 sigma_us_mean=3585.5/n10340 fa_class=0.0625
QCLKLINE c1-Q400 rep=2 site=srv [QCLK] site=receiver on=1 form=quantile win_n=25 win_ok=10259 alpha=4.000000e-1 k=1.2247 evals=10753 law_n=10259 kept=2565 w_us_mean=12135.0 w_us_p05=8146 w_us_p50=12078 w_us_p95=14310 w_us_min=8146 w_us_max=29919 srtt_us_mean=11363.2 sigma_us_mean=3591.6/n10753 fa_class=0.0625
QCLKLINE c1-Q400 rep=2 site=srv [QCLK] site=receiver on=1 form=quantile win_n=25 win_ok=10259 alpha=4.000000e-1 k=1.2247 evals=10753 law_n=10259 kept=2565 w_us_mean=12135.0 w_us_p05=8146 w_us_p50=12078 w_us_p95=14310 w_us_min=8146 w_us_max=29919 srtt_us_mean=11363.2 sigma_us_mean=3591.6/n10753 fa_class=0.0625
QCLKLINE c1-Q400 rep=2 site=srv [QCLK] site=receiver on=1 form=quantile win_n=25 win_ok=10567 alpha=4.000000e-1 k=1.2247 evals=11061 law_n=10567 kept=2642 w_us_mean=12192.4 w_us_p05=8146 w_us_p50=12078 w_us_p95=14310 w_us_min=8146 w_us_max=29919 srtt_us_mean=11457.0 sigma_us_mean=3598.4/n11061 fa_class=0.0625
QCLKLINE c1-Q400 rep=2 site=srv [QCLK] site=receiver on=1 form=quantile win_n=25 win_ok=10885 alpha=4.000000e-1 k=1.2247 evals=11379 law_n=10885 kept=2721 w_us_mean=12130.2 w_us_p05=8146 w_us_p50=12078 w_us_p95=14114 w_us_min=8146 w_us_max=29919 srtt_us_mean=11443.5 sigma_us_mean=3605.8/n11379 fa_class=0.0625
QCLKLINE c1-Q400 rep=2 site=srv [QCLK] site=receiver on=1 form=quantile win_n=25 win_ok=12547 alpha=4.000000e-1 k=1.2247 evals=13041 law_n=12547 kept=3137 w_us_mean=12031.6 w_us_p05=8146 w_us_p50=11888 w_us_p95=14102 w_us_min=8146 w_us_max=29919 srtt_us_mean=11388.7 sigma_us_mean=3517.9/n13041 fa_class=0.0625
QCLKLINE c1-Q400 rep=2 site=srv [QCLK] site=receiver on=1 form=quantile win_n=25 win_ok=13333 alpha=4.000000e-1 k=1.2247 evals=13827 law_n=13333 kept=3333 w_us_mean=12093.6 w_us_p05=8146 w_us_p50=11937 w_us_p95=14102 w_us_min=8146 w_us_max=29919 srtt_us_mean=11479.3 sigma_us_mean=3511.1/n13827 fa_class=0.0625
RACKLINE c1-Q400 rep=2 site=cli [RACK] on=0 evals=0 ceil=0.0000 gran=0.0000 legacy_pin=0.0000 round=0.0 legacy=0.0 mult=1 fa=1199/1199 fa_frac=1.0000 fa_class=0.0625
RACKLINE c1-Q400 rep=2 site=cli [RACK] on=0 evals=0 ceil=0.0000 gran=0.0000 legacy_pin=0.0000 round=0.0 legacy=0.0 mult=1 fa=270/1437 fa_frac=0.1879 fa_class=0.0625
RFALINE c1-Q400 rep=2 site=cli [RFA] gen=0 fires=47 false=47 false_frac=1.0000 fill_coded=0 fill_src=0 dup_src=47 preempt_src=0 src_n=48 rep_n=40 nu_recv=0.97917 fa_class=0.0625
RFALINE c1-Q400 rep=2 site=cli [RFA] gen=0 fires=122 false=122 false_frac=1.0000 fill_coded=0 fill_src=0 dup_src=122 preempt_src=0 src_n=123 rep_n=115 nu_recv=0.99187 fa_class=0.0625
RFALINE c1-Q400 rep=2 site=cli [RFA] gen=0 fires=192 false=192 false_frac=1.0000 fill_coded=0 fill_src=0 dup_src=192 preempt_src=0 src_n=193 rep_n=185 nu_recv=0.99482 fa_class=0.0625
RFALINE c1-Q400 rep=2 site=cli [RFA] gen=0 fires=269 false=269 false_frac=1.0000 fill_coded=0 fill_src=0 dup_src=269 preempt_src=0 src_n=270 rep_n=262 nu_recv=0.99630 fa_class=0.0625
RFALINE c1-Q400 rep=2 site=cli [RFA] gen=0 fires=342 false=342 false_frac=1.0000 fill_coded=0 fill_src=0 dup_src=342 preempt_src=0 src_n=343 rep_n=335 nu_recv=0.99708 fa_class=0.0625
RFALINE c1-Q400 rep=2 site=cli [RFA] gen=0 fires=411 false=411 false_frac=1.0000 fill_coded=0 fill_src=0 dup_src=411 preempt_src=0 src_n=412 rep_n=404 nu_recv=0.99757 fa_class=0.0625
RFALINE c1-Q400 rep=2 site=cli [RFA] gen=0 fires=489 false=489 false_frac=1.0000 fill_coded=0 fill_src=0 dup_src=489 preempt_src=0 src_n=490 rep_n=482 nu_recv=0.99796 fa_class=0.0625
RFALINE c1-Q400 rep=2 site=cli [RFA] gen=0 fires=559 false=559 false_frac=1.0000 fill_coded=0 fill_src=0 dup_src=559 preempt_src=0 src_n=560 rep_n=552 nu_recv=0.99821 fa_class=0.0625
RFALINE c1-Q400 rep=2 site=cli [RFA] gen=0 fires=633 false=633 false_frac=1.0000 fill_coded=0 fill_src=0 dup_src=633 preempt_src=0 src_n=634 rep_n=626 nu_recv=0.99842 fa_class=0.0625
RFALINE c1-Q400 rep=2 site=cli [RFA] gen=0 fires=711 false=711 false_frac=1.0000 fill_coded=0 fill_src=0 dup_src=711 preempt_src=0 src_n=712 rep_n=704 nu_recv=0.99860 fa_class=0.0625
RFALINE c1-Q400 rep=2 site=cli [RFA] gen=0 fires=766 false=766 false_frac=1.0000 fill_coded=0 fill_src=0 dup_src=766 preempt_src=0 src_n=767 rep_n=759 nu_recv=0.99870 fa_class=0.0625
RFALINE c1-Q400 rep=2 site=cli [RFA] gen=0 fires=837 false=837 false_frac=1.0000 fill_coded=0 fill_src=0 dup_src=837 preempt_src=0 src_n=838 rep_n=830 nu_recv=0.99881 fa_class=0.0625
RFALINE c1-Q400 rep=2 site=cli [RFA] gen=0 fires=915 false=915 false_frac=1.0000 fill_coded=0 fill_src=0 dup_src=915 preempt_src=0 src_n=916 rep_n=908 nu_recv=0.99891 fa_class=0.0625
RFALINE c1-Q400 rep=2 site=cli [RFA] gen=0 fires=986 false=986 false_frac=1.0000 fill_coded=0 fill_src=0 dup_src=986 preempt_src=0 src_n=987 rep_n=979 nu_recv=0.99899 fa_class=0.0625
RFALINE c1-Q400 rep=2 site=cli [RFA] gen=0 fires=1052 false=1052 false_frac=1.0000 fill_coded=0 fill_src=0 dup_src=1052 preempt_src=0 src_n=1053 rep_n=1045 nu_recv=0.99905 fa_class=0.0625
RFALINE c1-Q400 rep=2 site=cli [RFA] gen=0 fires=1122 false=1122 false_frac=1.0000 fill_coded=0 fill_src=0 dup_src=1122 preempt_src=0 src_n=1123 rep_n=1115 nu_recv=0.99911 fa_class=0.0625
RFALINE c1-Q400 rep=2 site=cli [RFA] gen=0 fires=1185 false=1185 false_frac=1.0000 fill_coded=0 fill_src=0 dup_src=1185 preempt_src=0 src_n=1186 rep_n=1178 nu_recv=0.99916 fa_class=0.0625
RFALINE c1-Q400 rep=2 site=cli [RFA] gen=0 fires=1199 false=1199 false_frac=1.0000 fill_coded=0 fill_src=0 dup_src=1199 preempt_src=0 src_n=1201 rep_n=1193 nu_recv=0.99833 fa_class=0.0625
RFALINE c1-Q400 rep=2 site=srv [RFA] gen=0 fires=65 false=35 false_frac=0.5385 fill_coded=0 fill_src=30 dup_src=35 preempt_src=0 src_n=15445 rep_n=28 nu_recv=0.00421 fa_class=0.0625
RFALINE c1-Q400 rep=2 site=srv [RFA] gen=0 fires=318 false=77 false_frac=0.2421 fill_coded=0 fill_src=241 dup_src=77 preempt_src=0 src_n=35605 rep_n=76 nu_recv=0.00893 fa_class=0.0625
RFALINE c1-Q400 rep=2 site=srv [RFA] gen=0 fires=434 false=127 false_frac=0.2926 fill_coded=1 fill_src=306 dup_src=126 preempt_src=1 src_n=56339 rep_n=113 nu_recv=0.00770 fa_class=0.0625
RFALINE c1-Q400 rep=2 site=srv [RFA] gen=0 fires=507 false=170 false_frac=0.3353 fill_coded=1 fill_src=336 dup_src=169 preempt_src=1 src_n=79478 rep_n=149 nu_recv=0.00638 fa_class=0.0625
RFALINE c1-Q400 rep=2 site=srv [RFA] gen=0 fires=565 false=210 false_frac=0.3717 fill_coded=1 fill_src=354 dup_src=209 preempt_src=1 src_n=99210 rep_n=184 nu_recv=0.00569 fa_class=0.0625
RFALINE c1-Q400 rep=2 site=srv [RFA] gen=0 fires=706 false=270 false_frac=0.3824 fill_coded=2 fill_src=434 dup_src=268 preempt_src=2 src_n=118184 rep_n=226 nu_recv=0.00597 fa_class=0.0625
RFALINE c1-Q400 rep=2 site=srv [RFA] gen=0 fires=784 false=316 false_frac=0.4031 fill_coded=3 fill_src=465 dup_src=313 preempt_src=3 src_n=137341 rep_n=265 nu_recv=0.00571 fa_class=0.0625
RFALINE c1-Q400 rep=2 site=srv [RFA] gen=0 fires=921 false=380 false_frac=0.4126 fill_coded=6 fill_src=535 dup_src=374 preempt_src=6 src_n=156130 rep_n=309 nu_recv=0.00590 fa_class=0.0625
RFALINE c1-Q400 rep=2 site=srv [RFA] gen=0 fires=954 false=413 false_frac=0.4329 fill_coded=6 fill_src=535 dup_src=407 preempt_src=6 src_n=175823 rep_n=341 nu_recv=0.00543 fa_class=0.0625
RFALINE c1-Q400 rep=2 site=srv [RFA] gen=0 fires=987 false=446 false_frac=0.4519 fill_coded=6 fill_src=535 dup_src=440 preempt_src=6 src_n=196379 rep_n=374 nu_recv=0.00503 fa_class=0.0625
RFALINE c1-Q400 rep=2 site=srv [RFA] gen=0 fires=1045 false=490 false_frac=0.4689 fill_coded=7 fill_src=548 dup_src=483 preempt_src=7 src_n=214579 rep_n=409 nu_recv=0.00487 fa_class=0.0625
RFALINE c1-Q400 rep=2 site=srv [RFA] gen=0 fires=1104 false=529 false_frac=0.4792 fill_coded=7 fill_src=568 dup_src=522 preempt_src=7 src_n=233999 rep_n=445 nu_recv=0.00472 fa_class=0.0625
RFALINE c1-Q400 rep=2 site=srv [RFA] gen=0 fires=1142 false=567 false_frac=0.4965 fill_coded=7 fill_src=568 dup_src=560 preempt_src=7 src_n=254172 rep_n=482 nu_recv=0.00449 fa_class=0.0625
RFALINE c1-Q400 rep=2 site=srv [RFA] gen=0 fires=1196 false=611 false_frac=0.5109 fill_coded=8 fill_src=577 dup_src=603 preempt_src=8 src_n=273955 rep_n=522 nu_recv=0.00437 fa_class=0.0625
RFALINE c1-Q400 rep=2 site=srv [RFA] gen=0 fires=1243 false=648 false_frac=0.5213 fill_coded=9 fill_src=586 dup_src=639 preempt_src=9 src_n=293593 rep_n=558 nu_recv=0.00423 fa_class=0.0625
RFALINE c1-Q400 rep=2 site=srv [RFA] gen=0 fires=1367 false=696 false_frac=0.5091 fill_coded=10 fill_src=661 dup_src=686 preempt_src=10 src_n=311412 rep_n=600 nu_recv=0.00439 fa_class=0.0625
RFALINE c1-Q400 rep=2 site=srv [RFA] gen=0 fires=1441 false=737 false_frac=0.5115 fill_coded=10 fill_src=694 dup_src=727 preempt_src=10 src_n=331368 rep_n=638 nu_recv=0.00435 fa_class=0.0625
FCAUSELINE c1-Q400 rep=2 site=cli [FCAUSE] gen=0 n=1437 timer=566 gap_data=871 gap_refresh=0 other=0 timer_frac=0.3939 gap_frac=0.6061 fired=1437 unattr=0 fa_class=0.0625
SUCCLINE c1-Q400 rep=2 site=cli [SUCC] gen=0 det=0 res=0 orig_n=0 orig_p50_us=- orig_p90_us=- orig_p99_us=- orig_mx_us=- orig_mean_us=- rep_n=0 rep_p50_us=- rep_p90_us=- rep_p99_us=- rep_mx_us=- rep_mean_us=- aban_n=0 aban_p50_us=- aban_p90_us=- aban_p99_us=- aban_mx_us=- aban_mean_us=- open=0 over=0 orig_frac=- cross_us=- dump=0/0
SUCCLINE c1-Q400 rep=2 site=cli [SUCC] gen=0 det=0 res=0 orig_n=0 orig_p50_us=- orig_p90_us=- orig_p99_us=- orig_mx_us=- orig_mean_us=- rep_n=0 rep_p50_us=- rep_p90_us=- rep_p99_us=- rep_mx_us=- rep_mean_us=- aban_n=0 aban_p50_us=- aban_p90_us=- aban_p99_us=- aban_mx_us=- aban_mean_us=- open=0 over=0 orig_frac=- cross_us=- dump=0/0
SUCCLINE c1-Q400 rep=2 site=cli [SUCC] gen=0 det=0 res=0 orig_n=0 orig_p50_us=- orig_p90_us=- orig_p99_us=- orig_mx_us=- orig_mean_us=- rep_n=0 rep_p50_us=- rep_p90_us=- rep_p99_us=- rep_mx_us=- rep_mean_us=- aban_n=0 aban_p50_us=- aban_p90_us=- aban_p99_us=- aban_mx_us=- aban_mean_us=- open=0 over=0 orig_frac=- cross_us=- dump=0/0
SUCCLINE c1-Q400 rep=2 site=cli [SUCC] gen=0 det=0 res=0 orig_n=0 orig_p50_us=- orig_p90_us=- orig_p99_us=- orig_mx_us=- orig_mean_us=- rep_n=0 rep_p50_us=- rep_p90_us=- rep_p99_us=- rep_mx_us=- rep_mean_us=- aban_n=0 aban_p50_us=- aban_p90_us=- aban_p99_us=- aban_mx_us=- aban_mean_us=- open=0 over=0 orig_frac=- cross_us=- dump=0/0
SUCCLINE c1-Q400 rep=2 site=cli [SUCC] gen=0 det=0 res=0 orig_n=0 orig_p50_us=- orig_p90_us=- orig_p99_us=- orig_mx_us=- orig_mean_us=- rep_n=0 rep_p50_us=- rep_p90_us=- rep_p99_us=- rep_mx_us=- rep_mean_us=- aban_n=0 aban_p50_us=- aban_p90_us=- aban_p99_us=- aban_mx_us=- aban_mean_us=- open=0 over=0 orig_frac=- cross_us=- dump=0/0
SUCCLINE c1-Q400 rep=2 site=cli [SUCC] gen=0 det=0 res=0 orig_n=0 orig_p50_us=- orig_p90_us=- orig_p99_us=- orig_mx_us=- orig_mean_us=- rep_n=0 rep_p50_us=- rep_p90_us=- rep_p99_us=- rep_mx_us=- rep_mean_us=- aban_n=0 aban_p50_us=- aban_p90_us=- aban_p99_us=- aban_mx_us=- aban_mean_us=- open=0 over=0 orig_frac=- cross_us=- dump=0/0
SUCCLINE c1-Q400 rep=2 site=cli [SUCC] gen=0 det=0 res=0 orig_n=0 orig_p50_us=- orig_p90_us=- orig_p99_us=- orig_mx_us=- orig_mean_us=- rep_n=0 rep_p50_us=- rep_p90_us=- rep_p99_us=- rep_mx_us=- rep_mean_us=- aban_n=0 aban_p50_us=- aban_p90_us=- aban_p99_us=- aban_mx_us=- aban_mean_us=- open=0 over=0 orig_frac=- cross_us=- dump=0/0
SUCCLINE c1-Q400 rep=2 site=cli [SUCC] gen=0 det=0 res=0 orig_n=0 orig_p50_us=- orig_p90_us=- orig_p99_us=- orig_mx_us=- orig_mean_us=- rep_n=0 rep_p50_us=- rep_p90_us=- rep_p99_us=- rep_mx_us=- rep_mean_us=- aban_n=0 aban_p50_us=- aban_p90_us=- aban_p99_us=- aban_mx_us=- aban_mean_us=- open=0 over=0 orig_frac=- cross_us=- dump=0/0
SUCCLINE c1-Q400 rep=2 site=cli [SUCC] gen=0 det=0 res=0 orig_n=0 orig_p50_us=- orig_p90_us=- orig_p99_us=- orig_mx_us=- orig_mean_us=- rep_n=0 rep_p50_us=- rep_p90_us=- rep_p99_us=- rep_mx_us=- rep_mean_us=- aban_n=0 aban_p50_us=- aban_p90_us=- aban_p99_us=- aban_mx_us=- aban_mean_us=- open=0 over=0 orig_frac=- cross_us=- dump=0/0
SUCCLINE c1-Q400 rep=2 site=cli [SUCC] gen=0 det=0 res=0 orig_n=0 orig_p50_us=- orig_p90_us=- orig_p99_us=- orig_mx_us=- orig_mean_us=- rep_n=0 rep_p50_us=- rep_p90_us=- rep_p99_us=- rep_mx_us=- rep_mean_us=- aban_n=0 aban_p50_us=- aban_p90_us=- aban_p99_us=- aban_mx_us=- aban_mean_us=- open=0 over=0 orig_frac=- cross_us=- dump=0/0
SUCCLINE c1-Q400 rep=2 site=cli [SUCC] gen=0 det=0 res=0 orig_n=0 orig_p50_us=- orig_p90_us=- orig_p99_us=- orig_mx_us=- orig_mean_us=- rep_n=0 rep_p50_us=- rep_p90_us=- rep_p99_us=- rep_mx_us=- rep_mean_us=- aban_n=0 aban_p50_us=- aban_p90_us=- aban_p99_us=- aban_mx_us=- aban_mean_us=- open=0 over=0 orig_frac=- cross_us=- dump=0/0
SUCCLINE c1-Q400 rep=2 site=cli [SUCC] gen=0 det=0 res=0 orig_n=0 orig_p50_us=- orig_p90_us=- orig_p99_us=- orig_mx_us=- orig_mean_us=- rep_n=0 rep_p50_us=- rep_p90_us=- rep_p99_us=- rep_mx_us=- rep_mean_us=- aban_n=0 aban_p50_us=- aban_p90_us=- aban_p99_us=- aban_mx_us=- aban_mean_us=- open=0 over=0 orig_frac=- cross_us=- dump=0/0
SUCCLINE c1-Q400 rep=2 site=cli [SUCC] gen=0 det=0 res=0 orig_n=0 orig_p50_us=- orig_p90_us=- orig_p99_us=- orig_mx_us=- orig_mean_us=- rep_n=0 rep_p50_us=- rep_p90_us=- rep_p99_us=- rep_mx_us=- rep_mean_us=- aban_n=0 aban_p50_us=- aban_p90_us=- aban_p99_us=- aban_mx_us=- aban_mean_us=- open=0 over=0 orig_frac=- cross_us=- dump=0/0
SUCCLINE c1-Q400 rep=2 site=cli [SUCC] gen=0 det=0 res=0 orig_n=0 orig_p50_us=- orig_p90_us=- orig_p99_us=- orig_mx_us=- orig_mean_us=- rep_n=0 rep_p50_us=- rep_p90_us=- rep_p99_us=- rep_mx_us=- rep_mean_us=- aban_n=0 aban_p50_us=- aban_p90_us=- aban_p99_us=- aban_mx_us=- aban_mean_us=- open=0 over=0 orig_frac=- cross_us=- dump=0/0
SUCCLINE c1-Q400 rep=2 site=cli [SUCC] gen=0 det=0 res=0 orig_n=0 orig_p50_us=- orig_p90_us=- orig_p99_us=- orig_mx_us=- orig_mean_us=- rep_n=0 rep_p50_us=- rep_p90_us=- rep_p99_us=- rep_mx_us=- rep_mean_us=- aban_n=0 aban_p50_us=- aban_p90_us=- aban_p99_us=- aban_mx_us=- aban_mean_us=- open=0 over=0 orig_frac=- cross_us=- dump=0/0
SUCCLINE c1-Q400 rep=2 site=cli [SUCC] gen=0 det=0 res=0 orig_n=0 orig_p50_us=- orig_p90_us=- orig_p99_us=- orig_mx_us=- orig_mean_us=- rep_n=0 rep_p50_us=- rep_p90_us=- rep_p99_us=- rep_mx_us=- rep_mean_us=- aban_n=0 aban_p50_us=- aban_p90_us=- aban_p99_us=- aban_mx_us=- aban_mean_us=- open=0 over=0 orig_frac=- cross_us=- dump=0/0
SUCCLINE c1-Q400 rep=2 site=cli [SUCC] gen=0 det=0 res=0 orig_n=0 orig_p50_us=- orig_p90_us=- orig_p99_us=- orig_mx_us=- orig_mean_us=- rep_n=0 rep_p50_us=- rep_p90_us=- rep_p99_us=- rep_mx_us=- rep_mean_us=- aban_n=0 aban_p50_us=- aban_p90_us=- aban_p99_us=- aban_mx_us=- aban_mean_us=- open=0 over=0 orig_frac=- cross_us=- dump=0/0
SUCCLINE c1-Q400 rep=2 site=srv [SUCC] gen=0 det=30 res=30 orig_n=30 orig_p50_us=15360 orig_p90_us=18432 orig_p99_us=18432 orig_mx_us=20144 orig_mean_us=16259 rep_n=0 rep_p50_us=- rep_p90_us=- rep_p99_us=- rep_mx_us=- rep_mean_us=- aban_n=0 aban_p50_us=- aban_p90_us=- aban_p99_us=- aban_mx_us=- aban_mean_us=- open=0 over=0 orig_frac=1.0000 cross_us=- dump=0/0
SUCCLINE c1-Q400 rep=2 site=srv [SUCC] gen=0 det=241 res=241 orig_n=241 orig_p50_us=36864 orig_p90_us=90112 orig_p99_us=98304 orig_mx_us=105213 orig_mean_us=46817 rep_n=0 rep_p50_us=- rep_p90_us=- rep_p99_us=- rep_mx_us=- rep_mean_us=- aban_n=0 aban_p50_us=- aban_p90_us=- aban_p99_us=- aban_mx_us=- aban_mean_us=- open=0 over=0 orig_frac=1.0000 cross_us=- dump=0/0
SUCCLINE c1-Q400 rep=2 site=srv [SUCC] gen=0 det=307 res=307 orig_n=306 orig_p50_us=32768 orig_p90_us=90112 orig_p99_us=98304 orig_mx_us=105213 orig_mean_us=43209 rep_n=1 rep_p50_us=12288 rep_p90_us=12288 rep_p99_us=12288 rep_mx_us=12482 rep_mean_us=12482 aban_n=0 aban_p50_us=- aban_p90_us=- aban_p99_us=- aban_mx_us=- aban_mean_us=- open=0 over=0 orig_frac=0.9967 cross_us=- dump=0/0
SUCCLINE c1-Q400 rep=2 site=srv [SUCC] gen=0 det=337 res=337 orig_n=336 orig_p50_us=32768 orig_p90_us=90112 orig_p99_us=98304 orig_mx_us=105213 orig_mean_us=40675 rep_n=1 rep_p50_us=12288 rep_p90_us=12288 rep_p99_us=12288 rep_mx_us=12482 rep_mean_us=12482 aban_n=0 aban_p50_us=- aban_p90_us=- aban_p99_us=- aban_mx_us=- aban_mean_us=- open=0 over=0 orig_frac=0.9970 cross_us=- dump=0/0
SUCCLINE c1-Q400 rep=2 site=srv [SUCC] gen=0 det=355 res=355 orig_n=354 orig_p50_us=24576 orig_p90_us=81920 orig_p99_us=98304 orig_mx_us=105213 orig_mean_us=39405 rep_n=1 rep_p50_us=12288 rep_p90_us=12288 rep_p99_us=12288 rep_mx_us=12482 rep_mean_us=12482 aban_n=0 aban_p50_us=- aban_p90_us=- aban_p99_us=- aban_mx_us=- aban_mean_us=- open=0 over=0 orig_frac=0.9972 cross_us=- dump=0/0
SUCCLINE c1-Q400 rep=2 site=srv [SUCC] gen=0 det=436 res=436 orig_n=434 orig_p50_us=32768 orig_p90_us=81920 orig_p99_us=98304 orig_mx_us=105213 orig_mean_us=41739 rep_n=2 rep_p50_us=12288 rep_p90_us=81920 rep_p99_us=81920 rep_mx_us=88478 rep_mean_us=50480 aban_n=0 aban_p50_us=- aban_p90_us=- aban_p99_us=- aban_mx_us=- aban_mean_us=- open=0 over=0 orig_frac=0.9954 cross_us=- dump=0/0
SUCCLINE c1-Q400 rep=2 site=srv [SUCC] gen=0 det=468 res=468 orig_n=465 orig_p50_us=32768 orig_p90_us=81920 orig_p99_us=98304 orig_mx_us=105213 orig_mean_us=39935 rep_n=3 rep_p50_us=28672 rep_p90_us=81920 rep_p99_us=81920 rep_mx_us=88478 rep_mean_us=43275 aban_n=0 aban_p50_us=- aban_p90_us=- aban_p99_us=- aban_mx_us=- aban_mean_us=- open=0 over=0 orig_frac=0.9936 cross_us=- dump=0/0
SUCCLINE c1-Q400 rep=2 site=srv [SUCC] gen=0 det=541 res=541 orig_n=535 orig_p50_us=24576 orig_p90_us=81920 orig_p99_us=98304 orig_mx_us=105213 orig_mean_us=37714 rep_n=6 rep_p50_us=18432 rep_p90_us=81920 rep_p99_us=81920 rep_mx_us=88478 rep_mean_us=31193 aban_n=0 aban_p50_us=- aban_p90_us=- aban_p99_us=- aban_mx_us=- aban_mean_us=- open=0 over=0 orig_frac=0.9889 cross_us=- dump=0/0
SUCCLINE c1-Q400 rep=2 site=srv [SUCC] gen=0 det=541 res=541 orig_n=535 orig_p50_us=24576 orig_p90_us=81920 orig_p99_us=98304 orig_mx_us=105213 orig_mean_us=37714 rep_n=6 rep_p50_us=18432 rep_p90_us=81920 rep_p99_us=81920 rep_mx_us=88478 rep_mean_us=31193 aban_n=0 aban_p50_us=- aban_p90_us=- aban_p99_us=- aban_mx_us=- aban_mean_us=- open=0 over=0 orig_frac=0.9889 cross_us=- dump=0/0
SUCCLINE c1-Q400 rep=2 site=srv [SUCC] gen=0 det=541 res=541 orig_n=535 orig_p50_us=24576 orig_p90_us=81920 orig_p99_us=98304 orig_mx_us=105213 orig_mean_us=37714 rep_n=6 rep_p50_us=18432 rep_p90_us=81920 rep_p99_us=81920 rep_mx_us=88478 rep_mean_us=31193 aban_n=0 aban_p50_us=- aban_p90_us=- aban_p99_us=- aban_mx_us=- aban_mean_us=- open=0 over=0 orig_frac=0.9889 cross_us=- dump=0/0
SUCCLINE c1-Q400 rep=2 site=srv [SUCC] gen=0 det=555 res=555 orig_n=548 orig_p50_us=24576 orig_p90_us=73728 orig_p99_us=98304 orig_mx_us=105213 orig_mean_us=37127 rep_n=7 rep_p50_us=18432 rep_p90_us=81920 rep_p99_us=81920 rep_mx_us=88478 rep_mean_us=28477 aban_n=0 aban_p50_us=- aban_p90_us=- aban_p99_us=- aban_mx_us=- aban_mean_us=- open=0 over=0 orig_frac=0.9874 cross_us=- dump=0/0
SUCCLINE c1-Q400 rep=2 site=srv [SUCC] gen=0 det=575 res=575 orig_n=568 orig_p50_us=24576 orig_p90_us=73728 orig_p99_us=98304 orig_mx_us=105213 orig_mean_us=36376 rep_n=7 rep_p50_us=18432 rep_p90_us=81920 rep_p99_us=81920 rep_mx_us=88478 rep_mean_us=28477 aban_n=0 aban_p50_us=- aban_p90_us=- aban_p99_us=- aban_mx_us=- aban_mean_us=- open=0 over=0 orig_frac=0.9878 cross_us=- dump=0/0
SUCCLINE c1-Q400 rep=2 site=srv [SUCC] gen=0 det=575 res=575 orig_n=568 orig_p50_us=24576 orig_p90_us=73728 orig_p99_us=98304 orig_mx_us=105213 orig_mean_us=36376 rep_n=7 rep_p50_us=18432 rep_p90_us=81920 rep_p99_us=81920 rep_mx_us=88478 rep_mean_us=28477 aban_n=0 aban_p50_us=- aban_p90_us=- aban_p99_us=- aban_mx_us=- aban_mean_us=- open=0 over=0 orig_frac=0.9878 cross_us=- dump=0/0
SUCCLINE c1-Q400 rep=2 site=srv [SUCC] gen=0 det=585 res=585 orig_n=577 orig_p50_us=24576 orig_p90_us=73728 orig_p99_us=98304 orig_mx_us=105213 orig_mean_us=36165 rep_n=8 rep_p50_us=18432 rep_p90_us=81920 rep_p99_us=81920 rep_mx_us=88478 rep_mean_us=27811 aban_n=0 aban_p50_us=- aban_p90_us=- aban_p99_us=- aban_mx_us=- aban_mean_us=- open=0 over=0 orig_frac=0.9863 cross_us=- dump=0/0
SUCCLINE c1-Q400 rep=2 site=srv [SUCC] gen=0 det=595 res=595 orig_n=586 orig_p50_us=24576 orig_p90_us=73728 orig_p99_us=98304 orig_mx_us=105213 orig_mean_us=35896 rep_n=9 rep_p50_us=18432 rep_p90_us=81920 rep_p99_us=81920 rep_mx_us=88478 rep_mean_us=26799 aban_n=0 aban_p50_us=- aban_p90_us=- aban_p99_us=- aban_mx_us=- aban_mean_us=- open=0 over=0 orig_frac=0.9849 cross_us=- dump=0/0
SUCCLINE c1-Q400 rep=2 site=srv [SUCC] gen=0 det=671 res=671 orig_n=661 orig_p50_us=24576 orig_p90_us=73728 orig_p99_us=98304 orig_mx_us=105213 orig_mean_us=35268 rep_n=10 rep_p50_us=18432 rep_p90_us=53248 rep_p99_us=81920 rep_mx_us=88478 rep_mean_us=29817 aban_n=0 aban_p50_us=- aban_p90_us=- aban_p99_us=- aban_mx_us=- aban_mean_us=- open=0 over=0 orig_frac=0.9851 cross_us=- dump=0/0
SUCCLINE c1-Q400 rep=2 site=srv [SUCC] gen=0 det=704 res=704 orig_n=694 orig_p50_us=24576 orig_p90_us=73728 orig_p99_us=98304 orig_mx_us=105213 orig_mean_us=34470 rep_n=10 rep_p50_us=18432 rep_p90_us=53248 rep_p99_us=81920 rep_mx_us=88478 rep_mean_us=29817 aban_n=0 aban_p50_us=- aban_p90_us=- aban_p99_us=- aban_mx_us=- aban_mean_us=- open=0 over=0 orig_frac=0.9858 cross_us=- dump=0/0
HOLDLINE c1-Q400 rep=2 site=cli [HOLD] site=sender path=0 gen=0 q=unset n_req=- n_obs=1000 samp_n=372 fed=372 t_us=- obs_p50_us=15534 obs_p90_us=18713 obs_p99_us=22262 evals=872 law_n=0 sup=0 emit=872 hd_p50_us=- hd_p90_us=- hd_p99_us=- hd_mx_us=- hd_n=0 fa_class=0.0625
HOLDLINE c1-Q400 rep=2 site=cli [HOLD] site=sender path=- gen=0 q=unset n_req=- n_obs=1000 samp_n=0 fed=0 t_us=- obs_p50_us=- obs_p90_us=- obs_p99_us=- evals=565 law_n=0 sup=0 emit=565 hd_p50_us=- hd_p90_us=- hd_p99_us=- hd_mx_us=- hd_n=0 fa_class=0.0625
WALLLINE c1-Q400 rep=2 site=cli [WALL] onset=1.0000 dur_ms=0.1 retx=0 total_ms=17381.4 it_ms=0.051
WINDOW-PARTIAL c1-Q400 rep=2 win_ok=293238/339827 win_n=25 (RESULT, not an abort -- the fraction is to be scored, and the quantile-native sweep read 0.829-0.999 here)
VAWITNESS {"cell":"c1","arm":"Q400","alpha":"0.4","seed":42,"rep":2,"rc":0,"mean_mbps":184.136,"band":[147,294],"band_applies":0,"in_band":1,"lossy":0,"alpha_expect":"0.4","alpha_got_cli":"0.4","alpha_got_srv":"0.4","form_expect":"quantile","form_got_cli":"quantile","form_got_srv":"quantile","winn_expect":"25","winn_got_cli":"25","winn_got_srv":"25","qclk_law_n":293238,"qclk_evals":339827,"qclk_win_ok":293238,"qclk_win_n":"25","w_us_p50":10817,"w_us_p05":8158,"w_us_p95":15543,"shipped_clock_us":25000,"fcause_n":1437,"fcause_timer":566,"fcause_gap_data":871,"fcause_gap_refresh":0,"fcause_other":0,"fcause_unattr":0,"succ_det":704,"succ_res":704,"succ_orig_frac":"0.9858","rfa_fires":1441,"rfa_false":737,"rfa_false_frac":"0.5115","rfa_fill_coded":10,"rack_fa":"270/1437","rack_fa_frac":"0.1879","fails":""}
=== ARMCOUNTS (rows, NOT live n -- live n is law_n>0; the PRE-REGISTRATION applies the bars) 2026-08-21T18:34:23Z
ARMCOUNT c1-CTL rows=2/2
ARMCOUNT c1-Q400 rows=2/2
VALPHA-BATTERY-DONE seed=42 2026-08-21T18:34:23Z
=== VERDICT-ALPHA BATTERY (goal #101 item 4, THE DERIVED-alpha CLOCK) seed=42 reps=6 2026-08-21T18:34:23Z
CONTRACT goal-gate "THE VERDICT-ALPHA BATTERY -- PRE-REGISTRATION", and nothing else. Paper 16.76 is the clock's derivation and 16.79.7 names the member.
CELLS c7   (c1/c7/sc2 are the THREE STABLE cells and carry the verdict; c8 is the LOSS-HEAVY WITNESS cell and carries none. c8L is not run at all: 52x rep dispersion.)
ARMS-MEANING CTL = the shipped machine, all three gates ABSENT, byte-identical (2*srtt).clamp(25,100) ms; Q400 = W_q(alpha*) at the MEASURED BOUNDARY OPTIMUM alpha* = 0.40, the MAXIMAL NON-NULL member of the derived-alpha family (paper 16.79.7)
ARMS  CTL Q400   (paired within rep, ARMS INNERMOST)
ARMENV CTL alpha=unset form=unset gates_form=cantelli win_n=unavail | env="RWM_QUANTILE_CLOCKS=0 RWM_DELTA_CAP=1 RWM_SUM_CAP=1 RWM_RACK_CLOCKS=0 RWM_DERIVED_SWEEP=0 RWM_COMPOSED_CAP=0 RWM_THREE_TERM=0 RWM_STORE_CAP_UNIFIED=0 RWM_LATE_BRAKE=0 RWM_CHARGE_RECOVERY=0 RWM_RELEASE_1TO1=0 RWM_LOSS_SENT_TRUTH=0 RWM_RTT_DUMP=0 RWM_SUCC_DUMP=0"
ARMENV Q400 alpha=0.4 form=quantile gates_form=quantile win_n=25 | env="RWM_QUANTILE_CLOCKS=1 RWM_ALPHA_OVERRIDE=0.4 RWM_W_FORM=quantile RWM_DELTA_CAP=1 RWM_SUM_CAP=1 RWM_RACK_CLOCKS=0 RWM_DERIVED_SWEEP=0 RWM_COMPOSED_CAP=0 RWM_THREE_TERM=0 RWM_STORE_CAP_UNIFIED=0 RWM_LATE_BRAKE=0 RWM_CHARGE_RECOVERY=0 RWM_RELEASE_1TO1=0 RWM_LOSS_SENT_TRUTH=0 RWM_RTT_DUMP=0 RWM_SUCC_DUMP=0"
AXIS  RWM_QUANTILE_CLOCKS + RWM_W_FORM + RWM_ALPHA_OVERRIDE, all ABSENT/OFF by default. GARBAGE and any alpha outside (0,1) resolve back to ABSENT and print unset.
ALPHA-LITERAL the [GATES] echo prints the RESOLVED f64 through Rust's own to_string(): 0.40 renders as 0.4 and the arm table matches THAT, literally
MIRRORED-AXIS RWM_HOLDDOWN_Q and RWM_REFRESH_FLOOR_US are the PREVIOUS battery's axes and are asserted ABSENT (unset), two-sided, on EVERY row of this one
GRID  c7 shipped_clock_us=100000 band=[140,180] paths=2 spec="c2 c2 dual   200000000"
F1    THE WIRING WITNESS, SCORED FIRST: the WCLOCK lines. The armed arm must read law_n > 0 and win_n = 25 two-sided; CTL must read its cell's SHIPPED clock. It is a RESULT line and NEVER an abort.
ARM-VOID (law_n=0 on the armed arm) is a RESULT and never an abort
WINDOW-PARTIAL (win_ok < evals) is a RESULT and never an abort -- the fraction is to be scored
DIM1  DELIVERED LATENCY, per-leg, censoring-aware: the WORST LEG's p50 AND p95 from the RWM_LATPROBE per-leg ping, with legs_censor_max beside every reading
DIM2  REALIZED FALSE REPAIR: [RFA] false_frac AND [RFA] false (the COUNT), both, plus the commanded [RACK] fa_frac -- and each compared against the DERIVED alpha 0.40 as well as against CTL
GUARD goodput. G1 = the CTL band, ABSOLUTE. G2 = Copa utility at delta_auto = 0.5. See the pre-registration.
BANDSCOPE the goodput abort bands apply to CTL ONLY (band_applies=1); an out-of-band TREATMENT reading is a RESULT -- it is the guard's G1 reading
BIN /home/vibe/raptorpath/target/release/raptorpath
SHA256 91a4f8ccda35941cdbcbaf09988a2fb01baf221899131f4078200e10faa8c7f3  /home/vibe/raptorpath/target/release/raptorpath
COMMIT 999aa63307347831eef15ec60732fe9baf63db94
KERNEL 7.0.14-101.fc43.x86_64
UPTIME  20:34:23 up 2 days, 23:16,  6 users,  load average: 5.00, 1.93, 1.02
COTENANT kwin=0
0 sddm=4
CPU Model name:                              Intel(R) Xeon(R) CPU E5-2650 v3 @ 2.30GHz
CPUFLAGS aes avx2 pclmulqdq 
=== rep=1 arm=c7-CTL alpha=unset form=unset win_n=unavail seed=42 env="RWM_QUANTILE_CLOCKS=0 RWM_DELTA_CAP=1 RWM_SUM_CAP=1 RWM_RACK_CLOCKS=0 RWM_DERIVED_SWEEP=0 RWM_COMPOSED_CAP=0 RWM_THREE_TERM=0 RWM_STORE_CAP_UNIFIED=0 RWM_LATE_BRAKE=0 RWM_CHARGE_RECOVERY=0 RWM_RELEASE_1TO1=0 RWM_LOSS_SENT_TRUTH=0 RWM_RTT_DUMP=0 RWM_SUCC_DUMP=0" cell=c2/c2/dual bytes=200000000 18:34:24
[2m2026-08-21T18:34:25.689610Z[0m [32m INFO[0m [2mraptorpath::gates[0m[2m:[0m [GATES] RWM_UNIFIED=1 RWM_UNIFIED_SHED=1 RWM_TAPER_R=1 RWM_ASTAR_ANCHOR=1 RWM_MSTAR_ANCHOR=1 RWM_PLAIN_RS=0 RWM_HONEST_ANCHOR=1 RWM_HONEST_K=0 RWM_STORE_SACK_RELEASE=1 RWM_STORE_PATHS=1 RWM_STORE_PATH_POOL=2048 RWM_STORE=unset RWM_STORE_GAIN=2 RWM_STORE_BOOT=128 RWM_STORE_CAPW=0 RWM_STORE_CAP_UNIFIED=0 RWM_THREE_TERM=0 RWM_COMPOSED_CAP=0 RWM_SUM_CAP=1 RWM_LATE_BRAKE=0 RWM_DELTA_CAP=1 RWM_STORE_PERCAP=0 RWM_PERCAP_GUARD=1 RWM_STORE_BORROW=0 RWM_HONEST_CAP=1 RWM_POOL_ANCHOR=0 RWM_POOL_DELIV=0 RWM_FLOOR_BOUND=0 RWM_ACK_MERGE=1 RWM_LOSS_SENT_TRUTH=0 RWM_RELEASE_1TO1=0 RWM_CHARGE_RECOVERY=0 RWM_PATIENCE_DERIVED=0 RWM_SIDLE_DERIVED=0 RWM_WIN_DECOUPLE=0 RWM_PLACE_SLACK=0 RWM_COLD_PLACE=0 RWM_GEN=384 RWM_PIPELINE=2 RWM_GEN_PIPE=1 RWM_GEN_R=unset RWM_GEN_RATE=9000 RWM_GEN_RATE_FLOOR=2000 RWM_GEN_INFLIGHT=unset RWM_OOO_RETAIN=0/16 RWM_WINDOW=unset RWM_REPORT_GENS=unset RWM_REPAIR_WAIT=unset RWM_CODED_SRC=0 RWM_NO_REACTIVE=0 RWM_XPATH_REPAIR=0 RWM_PROACTIVE_PACER=0 RWM_REASM_BDP=0 RWM_MIN_R=0 RWM_CC_PACE=0 RWM_CC_PACE_HR=1.1 RWM_REACT_CAP=unset RWM_INFL_CAP=0 RWM_INFL_BDP=unset RWM_COPA_FEED=0 RWM_RS_ATTR=1 RWM_EMIT_BATCH=0 RWM_EMIT_BURST=64 RWM_RECOV_MP=1 RWM_RECOV_MP_LAW=1 RWM_RECOV_MP_LIVE=0 RWM_RECOV_SP=0 RWM_DERIVED_SWEEP=0 RWM_RACK_CLOCKS=0 RWM_RACK_REO_MULT=1 RWM_QUANTILE_CLOCKS=0 RWM_ALPHA_OVERRIDE=unset RWM_W_FORM=cantelli RWM_HOLDDOWN_Q=unset RWM_REFRESH_FLOOR_US=unset RWM_DIAG=1 RWM_ACKDIAG=1 RWM_ACKDIAG_WINDOW_US=2000000 RWM_RTT_DUMP=0 RWM_RTT_DUMP_MAX=400000 RWM_SUCC_DUMP=0 RWM_SUCC_DUMP_MAX=200000 RWM_WALLDIAG=1 RWM_CPUPROF=0 RWM_RDIAG=0 RWM_FDIAG=1 RWM_TRACE=0 RWM_PFRAC=0
{"bytes":200000000,"dnf":0,"hint":"bulk","max_s":10.0879,"mean_mbps":158.606,"mean_s":10.0879,"median_s":10.0879,"min_s":10.0879,"proto":"rp-native","runs":1,"stdev_s":0.0,"summary":true}
    LATPROBE-LEG leg=0 file=/tmp/rwm-ping-0.txt sent=202 recv=197 censor=2.48% p50=37.0[censor=2.48% ok] p95=85.6[censor=2.48% ok] p99=90.2[censor=2.48% UNSCOREABLE(inside censored tail)]
    LATPROBE-LEG leg=1 file=/tmp/rwm-ping-1.txt sent=201 recv=193 censor=3.98% p50=44.9[censor=3.98% ok] p95=96.0[censor=3.98% ok] p99=131.0[censor=3.98% UNSCOREABLE(inside censored tail)]
    LATPROBE: 2 leg(s) /tmp/rwm-ping-0.txt=197 /tmp/rwm-ping-1.txt=193 replies
    CPU: CPUSRV=13.32s CPUCLI=14.31s (srv=decoder cli=sender; whole-invocation incl warmup)
    QDISC cli0: qdisc netem bd69: root refcnt 7 limit 1000 delay 5ms  3ms loss gemodel p 1.3% r 50% 1-h 100% 1-k 0% rate 100Mbit seed 42  Sent 108311661 bytes 86746 pkt (dropped 468, overlimits 0 requeues 0)   backlog 0b 0p requeues 0 
    QDISC cli1: qdisc netem bd6a: root refcnt 7 limit 1000 delay 5ms  3ms loss gemodel p 1.3% r 50% 1-h 100% 1-k 0% rate 100Mbit seed 1042  Sent 114312947 bytes 91922 pkt (dropped 472, overlimits 0 requeues 0)   backlog 0b 0p requeues 0 
    QDISC srv0: qdisc netem bd6b: root refcnt 7 limit 1000 delay 5ms  3ms rate 100Mbit seed 2629346587471936585  Sent 11150116 bytes 45503 pkt (dropped 0, overlimits 0 requeues 0)   backlog 0b 0p requeues 0 
    QDISC srv1: qdisc netem bd6c: root refcnt 7 limit 1000 delay 5ms  3ms rate 100Mbit seed 1599098274321300151  Sent 12209205 bytes 49780 pkt (dropped 0, overlimits 0 requeues 0)   backlog 0b 0p requeues 0 
    QCAP: /tmp/rwm-q.txt 18 lines
RUNTIME c7-CTL rep=1 12s rc=0
ALPHARESULT {"cell": "c7", "arm": "CTL", "alpha_cmd": null, "seed": 42, "rep": 1, "n_paths": 2, "dnf": false, "dnf_count": 0, "mbps": 158.606, "mean_mbps": 158.606, "seconds": 10.0879, "n_runs": 1, "cpusrv": 13.32, "cpucli": 14.31, "khr_med": 1.0, "kraw_med": null, "khr_n": 73, "kraw_n": 0, "rtp_med": 9, "occ_p50": 843, "occcap_p50": 1815, "q_p50": 46, "q_p99": 121, "diag_lines": 40, "retx": 5182, "w1_rfa_gen": "0", "w2_pfrac_lines": 0, "w4_retx_max": 5182, "w5_rack_fa": "740/5254", "gates_cli_quantile_clocks": 0, "gates_srv_quantile_clocks": 0, "gates_cli_rack_clocks": 0, "gates_srv_rack_clocks": 0, "gates_cli_derived_sweep": 0, "gates_srv_derived_sweep": 0, "gates_cli_delta_cap": 1, "gates_srv_delta_cap": 1, "gates_cli_sum_cap": 1, "gates_srv_sum_cap": 1, "gates_cli_composed_cap": 0, "gates_srv_composed_cap": 0, "gates_cli_three_term": 0, "gates_srv_three_term": 0, "gates_cli_loss_sent_truth": 0, "gates_srv_loss_sent_truth": 0, "gates_cli_gen": null, "gates_srv_gen": null, "gates_cli_diag": 1, "gates_srv_diag": 1, "gates_cli_ackdiag": 1, "gates_srv_ackdiag": 1, "gates_cli_walldiag": 1, "gates_srv_walldiag": 1, "gates_cli_fdiag": 1, "gates_srv_fdiag": 1, "gates_cli_recov_mp": 1, "gates_srv_recov_mp": 1, "gates_cli_cc_pace": 0, "gates_srv_cc_pace": 0, "gates_cli_rack_reo_mult": 1, "gates_srv_rack_reo_mult": 1, "gates_lines_cli": 1, "gates_lines_srv": 1, "gate_quantile_cli": "0", "gate_quantile_srv": "0", "gate_alpha_cli": "unset", "gate_alpha_srv": "unset", "gate_gen_cli": 384, "gate_gen_srv": 384, "gate_wform_cli": "cantelli", "gate_wform_srv": "cantelli", "qalpha_lines_cli": 1, "qalpha_site_cli": "sender", "qalpha_quantile_cli": 0, "qalpha_contract_cli": 0.001, "qalpha_override_cli": null, "qalpha_cli": 0.001, "qalpha_k_cli": 31.607, "qalpha_form_cli": "cantelli", "qalpha_winn_cli": "unavail", "qalpha_lines_srv": 1, "qalpha_site_srv": "receiver", "qalpha_quantile_srv": 0, "qalpha_contract_srv": 1e-05, "qalpha_override_srv": null, "qalpha_srv": 1e-05, "qalpha_k_srv": 316.2262, "qalpha_form_srv": "cantelli", "qalpha_winn_srv": "unavail", "qclk_cli_lines": 1, "qclk_cli_site": "sender", "qclk_cli_alpha": 0.001, "qclk_cli_k": 31.607, "qclk_cli_w_us_mean": 95455.1, "qclk_cli_srtt_us_mean": 77315.0, "qclk_cli_on": 0, "qclk_cli_evals": 170038, "qclk_cli_kept": 2657, "qclk_cli_w_us_p05": 61544, "qclk_cli_w_us_p50": 100000, "qclk_cli_w_us_p95": 100000, "qclk_cli_w_us_min": 25000, "qclk_cli_w_us_max": 100000, "qclk_cli_law_n": 170038, "qclk_cli_sigma_us_mean": 3579.7, "qclk_cli_sigma_n": 169811, "qclk_form_cli": "cantelli", "qclk_winn_cli": "unavail", "qclk_win_ok_cli": 0, "qclk_srv_lines": 10, "qclk_srv_site": "receiver", "qclk_srv_alpha": 1e-05, "qclk_srv_k": 316.2262, "qclk_srv_w_us_mean": 100000.0, "qclk_srv_srtt_us_mean": 82749.9, "qclk_srv_on": 0, "qclk_srv_evals": 170808, "qclk_srv_kept": 2669, "qclk_srv_w_us_p05": 100000, "qclk_srv_w_us_p50": 100000, "qclk_srv_w_us_p95": 100000, "qclk_srv_w_us_min": 100000, "qclk_srv_w_us_max": 100000, "qclk_srv_law_n": 170808, "qclk_srv_sigma_us_mean": 42388.9, "qclk_srv_sigma_n": 167544, "qclk_form_srv": "cantelli", "qclk_winn_srv": "unavail", "qclk_win_ok_srv": 0, "rack_lines_cli": 2, "rack_on_cli": 0, "rack_evals_cli": 0, "rack_ceil_cli": 0.0, "rack_gran_cli": 0.0, "rack_legacy_pin_cli": 0.0, "rack_round_cli": 0.0, "rack_legacy_cli": 0.0, "rack_mult_cli": 1, "rack_fa_n_cli": 740, "rack_fa_d_cli": 5254, "rack_fa_frac_cli": 0.1408, "rack_fa_class_cli": 0.0625, "rack_lines_srv": 0, "rack_on_srv": null, "rack_evals_srv": null, "rack_ceil_srv": null, "rack_gran_srv": null, "rack_legacy_pin_srv": null, "rack_round_srv": null, "rack_legacy_srv": null, "rack_mult_srv": null, "rack_fa_n_srv": null, "rack_fa_d_srv": null, "rack_fa_frac_srv": null, "rack_fa_class_srv": null, "rack_fired": 5254, "rack_spurious": 740, "rack_fa_frac": 0.1408, "rack_fa_class": 0.0625, "rack_round_us": 0.0, "rack_legacy_us": 0.0, "rack_evals": 0, "rack_legacy_pin": 0.0, "rfa_lines": 10, "rfa_gen": 0, "rfa_fires": 91327, "rfa_false": 1770, "rfa_fill_coded": 1053, "rfa_fill_src": 88504, "rfa_dup_src": 799, "rfa_preempt_src": 971, "rfa_src_n": 169851, "rfa_rep_n": 1705, "rfa_false_frac": 0.0194, "rfa_nu_recv": 0.53769, "rfa_fa_class": 0.0625, "rfa_bracket_lo": 0.0194, "rfa_bracket_hi": 0.626993, "sf_ticks": 1863, "sf_E": 0.9809, "sf_short": 0.0365, "sf_zero": 0.0016, "capboot_n": 37, "capboot_frac": 0.0, "ping_n": 197, "ping_p50": 37.0, "ping_p95": 84.9, "ping_p99": 89.4, "ping_tx": 202, "ping_rx": 197, "ping_loss": 2.48, "ping_censor_frac": 0.0248, "legs_probed": 1, "leg0_n": 197, "leg0_sent": 202, "leg0_recv": 197, "leg0_sent_source": "summary", "leg0_censor_frac": 0.0248, "leg0_censor_pct": 2.48, "leg0_recv_mismatch": false, "leg0_leg_unscoreable": false, "leg0_min": 6.61, "leg0_max": 92.1, "leg0_p50": 37.0, "leg0_p50_censored": false, "leg0_p50_scoreable": true, "leg0_p95": 85.6, "leg0_p95_censored": false, "leg0_p95_scoreable": true, "leg0_p99": 90.2, "leg0_p99_censored": true, "leg0_p99_scoreable": false, "legs_censor_max": 0.0248, "wait_tun": 97, "wait_paused": 0, "wait_pace": 0, "wait_gen": 0, "wait_nack": 3, "wait_defc": 0, "wait_tail": 0, "wait_flush": 0, "wait_lines": 37, "deadwall": false, "sig_us_p50": 11750.0, "sig_us_n": 88126, "sig_us_path": 1, "sig_paths": 2, "pl_n": 73, "pl_max": 0.0048, "pl_min": 0.0042, "pl_p0": 0.0042, "pl_p1": 0.0048, "dgq_hand": 176318, "dgq_full": 0, "dgq_err": 0, "dgq_gap": 0, "tc_bytes": 222624608, "tc_pkts": 178668, "tc_drop": 940, "tc_s": 12, "hold_lines": 3, "hold_samp_n": 2000, "hold_fed": 70152, "hold_evals": 5253, "hold_law_n": 0, "hold_sup": 0, "hold_emit": 5253, "hold_hd_n": 0, "hold_q": "unset", "hold_n_req": "-", "hold_n_obs": 1000, "hold_gen": 0, "hold_sup_frac": 0.0, "hold_law_frac": 0.0, "hold_obs_p50_us": 59304, "hold_obs_p90_us": 76584, "hold_obs_p99_us": 175073, "hold_t_us_p0": null, "hold_t_us_p1": null, "hold_samp_n_p0": 1000, "hold_samp_n_p1": 1000, "hold_hd_p50_us": null, "hold_hd_p90_us": null, "hold_hd_p99_us": null, "hold_hd_mx_us": null, "hold_unattr_evals": 1, "hold_paths_n": 2, "hold_accounting_ok": 1, "hold_obs_p50_us_p0": 9325, "hold_obs_p90_us_p0": 55519, "hold_obs_p99_us_p0": 125602, "hold_obs_p50_us_p1": 59304, "hold_obs_p90_us_p1": 76584, "hold_obs_p99_us_p1": 175073, "hold_rpd": 0.058621, "fcause_lines": 1, "fcause_gen": 0, "fcause_n": 5254, "fcause_timer": 3, "fcause_gap_data": 5251, "fcause_gap_refresh": 0, "fcause_other": 0, "fcause_fired": 5254, "fcause_unattr": 0, "fcause_timer_frac": 0.0006, "fcause_gap_frac": 0.9994, "succ_lines": 10, "succ_gen": 0, "succ_det": 89626, "succ_res": 89552, "succ_orig_n": 88504, "succ_rep_n": 1048, "succ_aban_n": 2, "succ_open": 72, "succ_over": 0, "succ_orig_p50_us": 32768, "succ_orig_p90_us": 81920, "succ_orig_p99_us": 163840, "succ_orig_mx_us": 346248, "succ_orig_frac": 0.9883, "succ_identity_ok": 1}
LIVENESS c7-CTL rep=1 RWM_QUANTILE_CLOCKS=RWM_QUANTILE_CLOCKS=0/RWM_QUANTILE_CLOCKS=0(exp0) RWM_ALPHA_OVERRIDE=RWM_ALPHA_OVERRIDE=unset/RWM_ALPHA_OVERRIDE=unset(expunset) RWM_W_FORM=RWM_W_FORM=cantelli/RWM_W_FORM=cantelli(expcantelli) RWM_DELTA_CAP=RWM_DELTA_CAP=1/RWM_DELTA_CAP=1(exp1) RWM_SUM_CAP=RWM_SUM_CAP=1/RWM_SUM_CAP=1(exp1) RWM_HOLDDOWN_Q=RWM_HOLDDOWN_Q=unset/RWM_HOLDDOWN_Q=unset(expunset) RWM_REFRESH_FLOOR_US=RWM_REFRESH_FLOOR_US=unset/RWM_REFRESH_FLOOR_US=unset(expunset) RWM_RACK_CLOCKS=RWM_RACK_CLOCKS=0/RWM_RACK_CLOCKS=0(exp0) RWM_DERIVED_SWEEP=RWM_DERIVED_SWEEP=0/RWM_DERIVED_SWEEP=0(exp0) RWM_COMPOSED_CAP=RWM_COMPOSED_CAP=0/RWM_COMPOSED_CAP=0(exp0) RWM_THREE_TERM=RWM_THREE_TERM=0/RWM_THREE_TERM=0(exp0) RWM_STORE_CAP_UNIFIED=RWM_STORE_CAP_UNIFIED=0/RWM_STORE_CAP_UNIFIED=0(exp0) RWM_LATE_BRAKE=RWM_LATE_BRAKE=0/RWM_LATE_BRAKE=0(exp0) RWM_CHARGE_RECOVERY=RWM_CHARGE_RECOVERY=0/RWM_CHARGE_RECOVERY=0(exp0) RWM_RELEASE_1TO1=RWM_RELEASE_1TO1=0/RWM_RELEASE_1TO1=0(exp0) RWM_LOSS_SENT_TRUTH=RWM_LOSS_SENT_TRUTH=0/RWM_LOSS_SENT_TRUTH=0(exp0) RWM_RTT_DUMP=RWM_RTT_DUMP=0/RWM_RTT_DUMP=0(exp0) RWM_SUCC_DUMP=RWM_SUCC_DUMP=0/RWM_SUCC_DUMP=0(exp0) RWM_DIAG=RWM_DIAG=1/RWM_DIAG=1(exp1) RWM_ACKDIAG=RWM_ACKDIAG=1/RWM_ACKDIAG=1(exp1) RWM_WALLDIAG=RWM_WALLDIAG=1/RWM_WALLDIAG=1(exp1) RWM_FDIAG=RWM_FDIAG=1/RWM_FDIAG=1(exp1)
W5QALPHA c7-CTL rep=1 cli=form:cantelli/win_n:unavail/alpha:1.000000e-3 srv=form:cantelli/win_n:unavail/alpha:1.000000e-5 (exp form=cantelli win_n=unavail)
WCLOCK c7-CTL rep=1 law_n=170038 evals=170038 win_ok=0 win_n=unavail p50=100000 p05=61544 p95=100000 shipped_clock=100000
W8SUCC c7-CTL rep=1 det=89626 res=89552 orig_frac=0.9883
QALPHALINE c7-CTL rep=1 site=cli [QALPHA] site=receiver quantile=0 form=cantelli win_n=unavail contract_alpha=1.000000e-5 override=unset alpha=1.000000e-5 k=316.2262 fa_class=0.0625
QALPHALINE c7-CTL rep=1 site=cli [QALPHA] site=sender quantile=0 form=cantelli win_n=unavail contract_alpha=1.000000e-3 override=unset alpha=1.000000e-3 k=31.6070 fa_class=0.0625
QALPHALINE c7-CTL rep=1 site=srv [QALPHA] site=receiver quantile=0 form=cantelli win_n=unavail contract_alpha=1.000000e-5 override=unset alpha=1.000000e-5 k=316.2262 fa_class=0.06252026-08-21T18:34:25.737076Z  INFO raptorpath::net: path-scaled outstanding pool ACTIVE (RWM_STORE_PATHS: cap = clamp(gain*N*pipe, floor, N*pool) for N>=2 live paths; N=1 legacy) pool_per_path=2048 gain=2.0
QALPHALINE c7-CTL rep=1 site=srv [QALPHA] site=sender quantile=0 form=cantelli win_n=unavail contract_alpha=1.000000e-3 override=unset alpha=1.000000e-3 k=31.6070 fa_class=0.0625
QCLKLINE c7-CTL rep=1 site=cli [QCLK] site=sender on=0 form=cantelli win_n=unavail win_ok=0 alpha=1.000000e-3 k=31.6070 evals=170038 law_n=170038 kept=2657 w_us_mean=95455.1 w_us_p05=61544 w_us_p50=100000 w_us_p95=100000 w_us_min=25000 w_us_max=100000 srtt_us_mean=77315.0 sigma_us_mean=3579.7/n169811 fa_class=0.0625
QCLKLINE c7-CTL rep=1 site=srv [QCLK] site=receiver on=0 form=cantelli win_n=unavail win_ok=0 alpha=1.000000e-5 k=316.2262 evals=11460 law_n=11460 kept=2865 w_us_mean=100000.0 w_us_p05=100000 w_us_p50=100000 w_us_p95=100000 w_us_min=100000 w_us_max=100000 srtt_us_mean=106903.9 sigma_us_mean=72500.3/n8196 fa_class=0.0625
QCLKLINE c7-CTL rep=1 site=srv [QCLK] site=receiver on=0 form=cantelli win_n=unavail win_ok=0 alpha=1.000000e-5 k=316.2262 evals=30336 law_n=30336 kept=3792 w_us_mean=100000.0 w_us_p05=100000 w_us_p50=100000 w_us_p95=100000 w_us_min=100000 w_us_max=100000 srtt_us_mean=111603.5 sigma_us_mean=66784.3/n27072 fa_class=0.0625
QCLKLINE c7-CTL rep=1 site=srv [QCLK] site=receiver on=0 form=cantelli win_n=unavail win_ok=0 alpha=1.000000e-5 k=316.2262 evals=49688 law_n=49688 kept=3106 w_us_mean=100000.0 w_us_p05=100000 w_us_p50=100000 w_us_p95=100000 w_us_min=100000 w_us_max=100000 srtt_us_mean=103067.8 sigma_us_mean=60588.2/n46424 fa_class=0.0625
QCLKLINE c7-CTL rep=1 site=srv [QCLK] site=receiver on=0 form=cantelli win_n=unavail win_ok=0 alpha=1.000000e-5 k=316.2262 evals=68592 law_n=68592 kept=2144 w_us_mean=100000.0 w_us_p05=100000 w_us_p50=100000 w_us_p95=100000 w_us_min=100000 w_us_max=100000 srtt_us_mean=100929.6 sigma_us_mean=57206.6/n65328 fa_class=0.0625
QCLKLINE c7-CTL rep=1 site=srv [QCLK] site=receiver on=0 form=cantelli win_n=unavail win_ok=0 alpha=1.000000e-5 k=316.2262 evals=86394 law_n=86394 kept=2700 w_us_mean=100000.0 w_us_p05=100000 w_us_p50=100000 w_us_p95=100000 w_us_min=100000 w_us_max=100000 srtt_us_mean=99449.9 sigma_us_mean=54840.3/n83130 fa_class=0.0625
QCLKLINE c7-CTL rep=1 site=srv [QCLK] site=receiver on=0 form=cantelli win_n=unavail win_ok=0 alpha=1.000000e-5 k=316.2262 evals=102862 law_n=102862 kept=3215 w_us_mean=100000.0 w_us_p05=100000 w_us_p50=100000 w_us_p95=100000 w_us_min=100000 w_us_max=100000 srtt_us_mean=94100.5 sigma_us_mean=51838.1/n99598 fa_class=0.0625
QCLKLINE c7-CTL rep=1 site=srv [QCLK] site=receiver on=0 form=cantelli win_n=unavail win_ok=0 alpha=1.000000e-5 k=316.2262 evals=120513 law_n=120513 kept=3767 w_us_mean=100000.0 w_us_p05=100000 w_us_p50=100000 w_us_p95=100000 w_us_min=100000 w_us_max=100000 srtt_us_mean=89700.3 sigma_us_mean=49556.6/n117249 fa_class=0.0625
QCLKLINE c7-CTL rep=1 site=srv [QCLK] site=receiver on=0 form=cantelli win_n=unavail win_ok=0 alpha=1.000000e-5 k=316.2262 evals=136823 law_n=136823 kept=2138 w_us_mean=100000.0 w_us_p05=100000 w_us_p50=100000 w_us_p95=100000 w_us_min=100000 w_us_max=100000 srtt_us_mean=86606.4 sigma_us_mean=47075.0/n133559 fa_class=0.0625
QCLKLINE c7-CTL rep=1 site=srv [QCLK] site=receiver on=0 form=cantelli win_n=unavail win_ok=0 alpha=1.000000e-5 k=316.2262 evals=153876 law_n=153876 kept=2405 w_us_mean=100000.0 w_us_p05=100000 w_us_p50=100000 w_us_p95=100000 w_us_min=100000 w_us_max=100000 srtt_us_mean=83989.2 sigma_us_mean=44010.9/n150612 fa_class=0.0625
QCLKLINE c7-CTL rep=1 site=srv [QCLK] site=receiver on=0 form=cantelli win_n=unavail win_ok=0 alpha=1.000000e-5 k=316.2262 evals=170808 law_n=170808 kept=2669 w_us_mean=100000.0 w_us_p05=100000 w_us_p50=100000 w_us_p95=100000 w_us_min=100000 w_us_max=100000 srtt_us_mean=82749.9 sigma_us_mean=42388.9/n167544 fa_class=0.0625
RACKLINE c7-CTL rep=1 site=cli [RACK] on=0 evals=0 ceil=0.0000 gran=0.0000 legacy_pin=0.0000 round=0.0 legacy=0.0 mult=1 fa=83/83 fa_frac=1.0000 fa_class=0.0625
RACKLINE c7-CTL rep=1 site=cli [RACK] on=0 evals=0 ceil=0.0000 gran=0.0000 legacy_pin=0.0000 round=0.0 legacy=0.0 mult=1 fa=740/5254 fa_frac=0.1408 fa_class=0.0625
RFALINE c7-CTL rep=1 site=cli [RFA] gen=0 fires=8 false=8 false_frac=1.0000 fill_coded=0 fill_src=0 dup_src=8 preempt_src=0 src_n=9 rep_n=7 nu_recv=0.88889 fa_class=0.0625
RFALINE c7-CTL rep=1 site=cli [RFA] gen=0 fires=13 false=13 false_frac=1.0000 fill_coded=0 fill_src=0 dup_src=13 preempt_src=0 src_n=14 rep_n=12 nu_recv=0.92857 fa_class=0.0625
RFALINE c7-CTL rep=1 site=cli [RFA] gen=0 fires=21 false=21 false_frac=1.0000 fill_coded=0 fill_src=0 dup_src=21 preempt_src=0 src_n=22 rep_n=20 nu_recv=0.95455 fa_class=0.0625
RFALINE c7-CTL rep=1 site=cli [RFA] gen=0 fires=27 false=27 false_frac=1.0000 fill_coded=0 fill_src=0 dup_src=27 preempt_src=0 src_n=28 rep_n=26 nu_recv=0.96429 fa_class=0.0625
RFALINE c7-CTL rep=1 site=cli [RFA] gen=0 fires=35 false=35 false_frac=1.0000 fill_coded=0 fill_src=0 dup_src=35 preempt_src=0 src_n=36 rep_n=34 nu_recv=0.97222 fa_class=0.0625
RFALINE c7-CTL rep=1 site=cli [RFA] gen=0 fires=45 false=45 false_frac=1.0000 fill_coded=0 fill_src=0 dup_src=45 preempt_src=0 src_n=46 rep_n=44 nu_recv=0.97826 fa_class=0.0625
RFALINE c7-CTL rep=1 site=cli [RFA] gen=0 fires=55 false=55 false_frac=1.0000 fill_coded=0 fill_src=0 dup_src=55 preempt_src=0 src_n=56 rep_n=54 nu_recv=0.98214 fa_class=0.0625
RFALINE c7-CTL rep=1 site=cli [RFA] gen=0 fires=65 false=65 false_frac=1.0000 fill_coded=0 fill_src=0 dup_src=65 preempt_src=0 src_n=66 rep_n=64 nu_recv=0.98485 fa_class=0.0625
RFALINE c7-CTL rep=1 site=cli [RFA] gen=0 fires=75 false=75 false_frac=1.0000 fill_coded=0 fill_src=0 dup_src=75 preempt_src=0 src_n=76 rep_n=74 nu_recv=0.98684 fa_class=0.0625
RFALINE c7-CTL rep=1 site=cli [RFA] gen=0 fires=83 false=83 false_frac=1.0000 fill_coded=0 fill_src=0 dup_src=83 preempt_src=0 src_n=85 rep_n=83 nu_recv=0.97647 fa_class=0.0625
RFALINE c7-CTL rep=1 site=srv [RFA] gen=0 fires=3855 false=376 false_frac=0.0975 fill_coded=69 fill_src=3410 dup_src=316 preempt_src=60 src_n=11791 rep_n=204 nu_recv=0.32694 fa_class=0.0625
RFALINE c7-CTL rep=1 site=srv [RFA] gen=0 fires=13645 false=460 false_frac=0.0337 fill_coded=147 fill_src=13038 dup_src=333 preempt_src=127 src_n=30541 rep_n=323 nu_recv=0.44678 fa_class=0.0625
RFALINE c7-CTL rep=1 site=srv [RFA] gen=0 fires=23857 false=629 false_frac=0.0264 fill_coded=281 fill_src=22947 dup_src=381 preempt_src=248 src_n=49673 rep_n=527 nu_recv=0.48028 fa_class=0.0625
RFALINE c7-CTL rep=1 site=srv [RFA] gen=0 fires=33440 false=738 false_frac=0.0221 fill_coded=347 fill_src=32355 dup_src=436 preempt_src=302 src_n=68428 rep_n=662 nu_recv=0.48869 fa_class=0.0625
RFALINE c7-CTL rep=1 site=srv [RFA] gen=0 fires=43685 false=901 false_frac=0.0206 fill_coded=462 fill_src=42322 dup_src=484 preempt_src=417 src_n=86014 rep_n=860 nu_recv=0.50788 fa_class=0.0625
RFALINE c7-CTL rep=1 site=srv [RFA] gen=0 fires=53001 false=1091 false_frac=0.0206 fill_coded=605 fill_src=51305 dup_src=543 preempt_src=548 src_n=102582 rep_n=1033 nu_recv=0.51667 fa_class=0.0625
RFALINE c7-CTL rep=1 site=srv [RFA] gen=0 fires=63002 false=1212 false_frac=0.0192 fill_coded=670 fill_src=61120 dup_src=600 preempt_src=612 src_n=120086 rep_n=1162 nu_recv=0.52464 fa_class=0.0625
RFALINE c7-CTL rep=1 site=srv [RFA] gen=0 fires=72628 false=1374 false_frac=0.0189 fill_coded=800 fill_src=70454 dup_src=651 preempt_src=723 src_n=136201 rep_n=1339 nu_recv=0.53324 fa_class=0.0625
RFALINE c7-CTL rep=1 site=srv [RFA] gen=0 fires=82550 false=1561 false_frac=0.0189 fill_coded=923 fill_src=80066 dup_src=718 preempt_src=843 src_n=153117 rep_n=1522 nu_recv=0.53913 fa_class=0.0625
RFALINE c7-CTL rep=1 site=srv [RFA] gen=0 fires=91327 false=1770 false_frac=0.0194 fill_coded=1053 fill_src=88504 dup_src=799 preempt_src=971 src_n=169851 rep_n=1705 nu_recv=0.53769 fa_class=0.0625
FCAUSELINE c7-CTL rep=1 site=cli [FCAUSE] gen=0 n=5254 timer=3 gap_data=5251 gap_refresh=0 other=0 timer_frac=0.0006 gap_frac=0.9994 fired=5254 unattr=0 fa_class=0.0625
SUCCLINE c7-CTL rep=1 site=cli [SUCC] gen=0 det=0 res=0 orig_n=0 orig_p50_us=- orig_p90_us=- orig_p99_us=- orig_mx_us=- orig_mean_us=- rep_n=0 rep_p50_us=- rep_p90_us=- rep_p99_us=- rep_mx_us=- rep_mean_us=- aban_n=0 aban_p50_us=- aban_p90_us=- aban_p99_us=- aban_mx_us=- aban_mean_us=- open=0 over=0 orig_frac=- cross_us=- dump=0/0
SUCCLINE c7-CTL rep=1 site=cli [SUCC] gen=0 det=0 res=0 orig_n=0 orig_p50_us=- orig_p90_us=- orig_p99_us=- orig_mx_us=- orig_mean_us=- rep_n=0 rep_p50_us=- rep_p90_us=- rep_p99_us=- rep_mx_us=- rep_mean_us=- aban_n=0 aban_p50_us=- aban_p90_us=- aban_p99_us=- aban_mx_us=- aban_mean_us=- open=0 over=0 orig_frac=- cross_us=- dump=0/0
SUCCLINE c7-CTL rep=1 site=cli [SUCC] gen=0 det=0 res=0 orig_n=0 orig_p50_us=- orig_p90_us=- orig_p99_us=- orig_mx_us=- orig_mean_us=- rep_n=0 rep_p50_us=- rep_p90_us=- rep_p99_us=- rep_mx_us=- rep_mean_us=- aban_n=0 aban_p50_us=- aban_p90_us=- aban_p99_us=- aban_mx_us=- aban_mean_us=- open=0 over=0 orig_frac=- cross_us=- dump=0/0
SUCCLINE c7-CTL rep=1 site=cli [SUCC] gen=0 det=0 res=0 orig_n=0 orig_p50_us=- orig_p90_us=- orig_p99_us=- orig_mx_us=- orig_mean_us=- rep_n=0 rep_p50_us=- rep_p90_us=- rep_p99_us=- rep_mx_us=- rep_mean_us=- aban_n=0 aban_p50_us=- aban_p90_us=- aban_p99_us=- aban_mx_us=- aban_mean_us=- open=0 over=0 orig_frac=- cross_us=- dump=0/0
SUCCLINE c7-CTL rep=1 site=cli [SUCC] gen=0 det=0 res=0 orig_n=0 orig_p50_us=- orig_p90_us=- orig_p99_us=- orig_mx_us=- orig_mean_us=- rep_n=0 rep_p50_us=- rep_p90_us=- rep_p99_us=- rep_mx_us=- rep_mean_us=- aban_n=0 aban_p50_us=- aban_p90_us=- aban_p99_us=- aban_mx_us=- aban_mean_us=- open=0 over=0 orig_frac=- cross_us=- dump=0/0
SUCCLINE c7-CTL rep=1 site=cli [SUCC] gen=0 det=0 res=0 orig_n=0 orig_p50_us=- orig_p90_us=- orig_p99_us=- orig_mx_us=- orig_mean_us=- rep_n=0 rep_p50_us=- rep_p90_us=- rep_p99_us=- rep_mx_us=- rep_mean_us=- aban_n=0 aban_p50_us=- aban_p90_us=- aban_p99_us=- aban_mx_us=- aban_mean_us=- open=0 over=0 orig_frac=- cross_us=- dump=0/0
SUCCLINE c7-CTL rep=1 site=cli [SUCC] gen=0 det=0 res=0 orig_n=0 orig_p50_us=- orig_p90_us=- orig_p99_us=- orig_mx_us=- orig_mean_us=- rep_n=0 rep_p50_us=- rep_p90_us=- rep_p99_us=- rep_mx_us=- rep_mean_us=- aban_n=0 aban_p50_us=- aban_p90_us=- aban_p99_us=- aban_mx_us=- aban_mean_us=- open=0 over=0 orig_frac=- cross_us=- dump=0/0
SUCCLINE c7-CTL rep=1 site=cli [SUCC] gen=0 det=0 res=0 orig_n=0 orig_p50_us=- orig_p90_us=- orig_p99_us=- orig_mx_us=- orig_mean_us=- rep_n=0 rep_p50_us=- rep_p90_us=- rep_p99_us=- rep_mx_us=- rep_mean_us=- aban_n=0 aban_p50_us=- aban_p90_us=- aban_p99_us=- aban_mx_us=- aban_mean_us=- open=0 over=0 orig_frac=- cross_us=- dump=0/0
SUCCLINE c7-CTL rep=1 site=cli [SUCC] gen=0 det=0 res=0 orig_n=0 orig_p50_us=- orig_p90_us=- orig_p99_us=- orig_mx_us=- orig_mean_us=- rep_n=0 rep_p50_us=- rep_p90_us=- rep_p99_us=- rep_mx_us=- rep_mean_us=- aban_n=0 aban_p50_us=- aban_p90_us=- aban_p99_us=- aban_mx_us=- aban_mean_us=- open=0 over=0 orig_frac=- cross_us=- dump=0/0
SUCCLINE c7-CTL rep=1 site=srv [SUCC] gen=0 det=4007 res=3479 orig_n=3410 orig_p50_us=26624 orig_p90_us=122880 orig_p99_us=212992 orig_mx_us=232017 orig_mean_us=51086 rep_n=69 rep_p50_us=73728 rep_p90_us=212992 rep_p99_us=229376 rep_mx_us=232017 rep_mean_us=89819 aban_n=0 aban_p50_us=- aban_p90_us=- aban_p99_us=- aban_mx_us=- aban_mean_us=- open=528 over=0 orig_frac=0.9802 cross_us=- dump=0/0
SUCCLINE c7-CTL rep=1 site=srv [SUCC] gen=0 det=13470 res=13185 orig_n=13038 orig_p50_us=36864 orig_p90_us=81920 orig_p99_us=180224 orig_mx_us=232017 orig_mean_us=44174 rep_n=147 rep_p50_us=73728 rep_p90_us=147456 rep_p99_us=229376 rep_mx_us=232017 rep_mean_us=81715 aban_n=0 aban_p50_us=- aban_p90_us=- aban_p99_us=- aban_mx_us=- aban_mean_us=- open=285 over=0 orig_frac=0.9889 cross_us=- dump=0/0
SUCCLINE c7-CTL rep=1 site=srv [SUCC] gen=0 det=23954 res=23228 orig_n=22947 orig_p50_us=36864 orig_p90_us=81920 orig_p99_us=180224 orig_mx_us=312001 orig_mean_us=44185 rep_n=281 rep_p50_us=65536 rep_p90_us=147456 rep_p99_us=229376 rep_mx_us=232017 rep_mean_us=78219 aban_n=0 aban_p50_us=- aban_p90_us=- aban_p99_us=- aban_mx_us=- aban_mean_us=- open=726 over=0 orig_frac=0.9879 cross_us=- dump=0/0
SUCCLINE c7-CTL rep=1 site=srv [SUCC] gen=0 det=33430 res=32702 orig_n=32355 orig_p50_us=36864 orig_p90_us=90112 orig_p99_us=180224 orig_mx_us=312001 orig_mean_us=47516 rep_n=347 rep_p50_us=73728 rep_p90_us=147456 rep_p99_us=229376 rep_mx_us=260796 rep_mean_us=83849 aban_n=0 aban_p50_us=- aban_p90_us=- aban_p99_us=- aban_mx_us=- aban_mean_us=- open=728 over=0 orig_frac=0.9894 cross_us=- dump=0/0
SUCCLINE c7-CTL rep=1 site=srv [SUCC] gen=0 det=43760 res=42786 orig_n=42324 orig_p50_us=36864 orig_p90_us=90112 orig_p99_us=196608 orig_mx_us=346248 orig_mean_us=47208 rep_n=462 rep_p50_us=73728 rep_p90_us=147456 rep_p99_us=294912 rep_mx_us=318907 rep_mean_us=86004 aban_n=0 aban_p50_us=- aban_p90_us=- aban_p99_us=- aban_mx_us=- aban_mean_us=- open=974 over=0 orig_frac=0.9892 cross_us=- dump=0/0
SUCCLINE c7-CTL rep=1 site=srv [SUCC] gen=0 det=52021 res=51911 orig_n=51307 orig_p50_us=36864 orig_p90_us=90112 orig_p99_us=180224 orig_mx_us=346248 orig_mean_us=46992 rep_n=604 rep_p50_us=73728 rep_p90_us=147456 rep_p99_us=262144 rep_mx_us=318907 rep_mean_us=86171 aban_n=0 aban_p50_us=- aban_p90_us=- aban_p99_us=- aban_mx_us=- aban_mean_us=- open=110 over=0 orig_frac=0.9884 cross_us=- dump=0/0
SUCCLINE c7-CTL rep=1 site=srv [SUCC] gen=0 det=62220 res=61788 orig_n=61120 orig_p50_us=36864 orig_p90_us=81920 orig_p99_us=180224 orig_mx_us=346248 orig_mean_us=44755 rep_n=668 rep_p50_us=73728 rep_p90_us=147456 rep_p99_us=262144 rep_mx_us=318907 rep_mean_us=82795 aban_n=0 aban_p50_us=- aban_p90_us=- aban_p99_us=- aban_mx_us=- aban_mean_us=- open=432 over=0 orig_frac=0.9892 cross_us=- dump=0/0
SUCCLINE c7-CTL rep=1 site=srv [SUCC] gen=0 det=71540 res=71253 orig_n=70455 orig_p50_us=32768 orig_p90_us=81920 orig_p99_us=163840 orig_mx_us=346248 orig_mean_us=43494 rep_n=798 rep_p50_us=73728 rep_p90_us=147456 rep_p99_us=245760 rep_mx_us=318907 rep_mean_us=80947 aban_n=0 aban_p50_us=- aban_p90_us=- aban_p99_us=- aban_mx_us=- aban_mean_us=- open=287 over=0 orig_frac=0.9888 cross_us=- dump=0/0
SUCCLINE c7-CTL rep=1 site=srv [SUCC] gen=0 det=80988 res=80984 orig_n=80066 orig_p50_us=32768 orig_p90_us=81920 orig_p99_us=163840 orig_mx_us=346248 orig_mean_us=41690 rep_n=918 rep_p50_us=65536 rep_p90_us=131072 rep_p99_us=229376 rep_mx_us=318907 rep_mean_us=78374 aban_n=2 aban_p50_us=1408 aban_p90_us=1408 aban_p99_us=1408 aban_mx_us=1493 aban_mean_us=1493 open=2 over=0 orig_frac=0.9887 cross_us=- dump=0/0
SUCCLINE c7-CTL rep=1 site=srv [SUCC] gen=0 det=89626 res=89552 orig_n=88504 orig_p50_us=32768 orig_p90_us=81920 orig_p99_us=163840 orig_mx_us=346248 orig_mean_us=41258 rep_n=1048 rep_p50_us=73728 rep_p90_us=147456 rep_p99_us=229376 rep_mx_us=318907 rep_mean_us=81324 aban_n=2 aban_p50_us=1408 aban_p90_us=1408 aban_p99_us=1408 aban_mx_us=1493 aban_mean_us=1493 open=72 over=0 orig_frac=0.9883 cross_us=- dump=0/0
HOLDLINE c7-CTL rep=1 site=cli [HOLD] site=sender path=0 gen=0 q=unset n_req=- n_obs=1000 samp_n=1000 fed=35018 t_us=- obs_p50_us=9325 obs_p90_us=55519 obs_p99_us=125602 evals=2873 law_n=0 sup=0 emit=2873 hd_p50_us=- hd_p90_us=- hd_p99_us=- hd_mx_us=- hd_n=0 fa_class=0.0625
HOLDLINE c7-CTL rep=1 site=cli [HOLD] site=sender path=1 gen=0 q=unset n_req=- n_obs=1000 samp_n=1000 fed=35134 t_us=- obs_p50_us=59304 obs_p90_us=76584 obs_p99_us=175073 evals=2380 law_n=0 sup=0 emit=2380 hd_p50_us=- hd_p90_us=- hd_p99_us=- hd_mx_us=- hd_n=0 fa_class=0.0625
HOLDLINE c7-CTL rep=1 site=cli [HOLD] site=sender path=- gen=0 q=unset n_req=- n_obs=1000 samp_n=0 fed=0 t_us=- obs_p50_us=- obs_p90_us=- obs_p99_us=- evals=1 law_n=0 sup=0 emit=1 hd_p50_us=- hd_p90_us=- hd_p99_us=- hd_mx_us=- hd_n=0 fa_class=0.0625
WALLLINE c7-CTL rep=1 site=cli [WALL] onset=0.9821 dur_ms=180.8 retx=106 total_ms=10098.5 it_ms=0.059
VAWITNESS {"cell":"c7","arm":"CTL","alpha":"unset","seed":42,"rep":1,"rc":0,"mean_mbps":158.606,"band":[140,180],"band_applies":1,"in_band":1,"lossy":1,"alpha_expect":"unset","alpha_got_cli":"unset","alpha_got_srv":"unset","form_expect":"cantelli","form_got_cli":"cantelli","form_got_srv":"cantelli","winn_expect":"unavail","winn_got_cli":"unavail","winn_got_srv":"unavail","qclk_law_n":170038,"qclk_evals":170038,"qclk_win_ok":0,"qclk_win_n":"unavail","w_us_p50":100000,"w_us_p05":61544,"w_us_p95":100000,"shipped_clock_us":100000,"fcause_n":5254,"fcause_timer":3,"fcause_gap_data":5251,"fcause_gap_refresh":0,"fcause_other":0,"fcause_unattr":0,"succ_det":89626,"succ_res":89552,"succ_orig_frac":"0.9883","rfa_fires":91327,"rfa_false":1770,"rfa_false_frac":"0.0194","rfa_fill_coded":1053,"rack_fa":"740/5254","rack_fa_frac":"0.1408","fails":""}
=== rep=1 arm=c7-Q400 alpha=0.4 form=quantile win_n=25 seed=42 env="RWM_QUANTILE_CLOCKS=1 RWM_ALPHA_OVERRIDE=0.4 RWM_W_FORM=quantile RWM_DELTA_CAP=1 RWM_SUM_CAP=1 RWM_RACK_CLOCKS=0 RWM_DERIVED_SWEEP=0 RWM_COMPOSED_CAP=0 RWM_THREE_TERM=0 RWM_STORE_CAP_UNIFIED=0 RWM_LATE_BRAKE=0 RWM_CHARGE_RECOVERY=0 RWM_RELEASE_1TO1=0 RWM_LOSS_SENT_TRUTH=0 RWM_RTT_DUMP=0 RWM_SUCC_DUMP=0" cell=c2/c2/dual bytes=200000000 18:34:36
[2m2026-08-21T18:34:38.482540Z[0m [32m INFO[0m [2mraptorpath::gates[0m[2m:[0m [GATES] RWM_UNIFIED=1 RWM_UNIFIED_SHED=1 RWM_TAPER_R=1 RWM_ASTAR_ANCHOR=1 RWM_MSTAR_ANCHOR=1 RWM_PLAIN_RS=0 RWM_HONEST_ANCHOR=1 RWM_HONEST_K=0 RWM_STORE_SACK_RELEASE=1 RWM_STORE_PATHS=1 RWM_STORE_PATH_POOL=2048 RWM_STORE=unset RWM_STORE_GAIN=2 RWM_STORE_BOOT=128 RWM_STORE_CAPW=0 RWM_STORE_CAP_UNIFIED=0 RWM_THREE_TERM=0 RWM_COMPOSED_CAP=0 RWM_SUM_CAP=1 RWM_LATE_BRAKE=0 RWM_DELTA_CAP=1 RWM_STORE_PERCAP=0 RWM_PERCAP_GUARD=1 RWM_STORE_BORROW=0 RWM_HONEST_CAP=1 RWM_POOL_ANCHOR=0 RWM_POOL_DELIV=0 RWM_FLOOR_BOUND=0 RWM_ACK_MERGE=1 RWM_LOSS_SENT_TRUTH=0 RWM_RELEASE_1TO1=0 RWM_CHARGE_RECOVERY=0 RWM_PATIENCE_DERIVED=0 RWM_SIDLE_DERIVED=0 RWM_WIN_DECOUPLE=0 RWM_PLACE_SLACK=0 RWM_COLD_PLACE=0 RWM_GEN=384 RWM_PIPELINE=2 RWM_GEN_PIPE=1 RWM_GEN_R=unset RWM_GEN_RATE=9000 RWM_GEN_RATE_FLOOR=2000 RWM_GEN_INFLIGHT=unset RWM_OOO_RETAIN=0/16 RWM_WINDOW=unset RWM_REPORT_GENS=unset RWM_REPAIR_WAIT=unset RWM_CODED_SRC=0 RWM_NO_REACTIVE=0 RWM_XPATH_REPAIR=0 RWM_PROACTIVE_PACER=0 RWM_REASM_BDP=0 RWM_MIN_R=0 RWM_CC_PACE=0 RWM_CC_PACE_HR=1.1 RWM_REACT_CAP=unset RWM_INFL_CAP=0 RWM_INFL_BDP=unset RWM_COPA_FEED=0 RWM_RS_ATTR=1 RWM_EMIT_BATCH=0 RWM_EMIT_BURST=64 RWM_RECOV_MP=1 RWM_RECOV_MP_LAW=1 RWM_RECOV_MP_LIVE=0 RWM_RECOV_SP=0 RWM_DERIVED_SWEEP=0 RWM_RACK_CLOCKS=0 RWM_RACK_REO_MULT=1 RWM_QUANTILE_CLOCKS=1 RWM_ALPHA_OVERRIDE=0.4 RWM_W_FORM=quantile RWM_HOLDDOWN_Q=unset RWM_REFRESH_FLOOR_US=unset RWM_DIAG=1 RWM_ACKDIAG=1 RWM_ACKDIAG_WINDOW_US=2000000 RWM_RTT_DUMP=0 RWM_RTT_DUMP_MAX=400000 RWM_SUCC_DUMP=0 RWM_SUCC_DUMP_MAX=200000 RWM_WALLDIAG=1 RWM_CPUPROF=0 RWM_RDIAG=0 RWM_FDIAG=1 RWM_TRACE=0 RWM_PFRAC=0
{"bytes":200000000,"dnf":0,"hint":"bulk","max_s":11.2369,"mean_mbps":142.388,"mean_s":11.2369,"median_s":11.2369,"min_s":11.2369,"proto":"rp-native","runs":1,"stdev_s":0.0,"summary":true}
    LATPROBE-LEG leg=0 file=/tmp/rwm-ping-0.txt sent=224 recv=218 censor=2.68% p50=24.7[censor=2.68% ok] p95=66.6[censor=2.68% ok] p99=81.9[censor=2.68% UNSCOREABLE(inside censored tail)]
    LATPROBE-LEG leg=1 file=/tmp/rwm-ping-1.txt sent=225 recv=221 censor=1.78% p50=23.6[censor=1.78% ok] p95=59.6[censor=1.78% ok] p99=88.4[censor=1.78% UNSCOREABLE(inside censored tail)]
    LATPROBE: 2 leg(s) /tmp/rwm-ping-0.txt=218 /tmp/rwm-ping-1.txt=221 replies
    CPU: CPUSRV=14.43s CPUCLI=16.22s (srv=decoder cli=sender; whole-invocation incl warmup)
    QDISC cli0: qdisc netem bd6d: root refcnt 7 limit 1000 delay 5ms  3ms loss gemodel p 1.3% r 50% 1-h 100% 1-k 0% rate 100Mbit seed 42  Sent 113143450 bytes 91840 pkt (dropped 542, overlimits 0 requeues 0)   backlog 0b 0p requeues 0 
    QDISC cli1: qdisc netem bd6e: root refcnt 7 limit 1000 delay 5ms  3ms loss gemodel p 1.3% r 50% 1-h 100% 1-k 0% rate 100Mbit seed 1042  Sent 110234919 bytes 89532 pkt (dropped 488, overlimits 0 requeues 0)   backlog 0b 0p requeues 0 
    QDISC srv0: qdisc netem bd6f: root refcnt 7 limit 1000 delay 5ms  3ms rate 100Mbit seed 3702542394510774991  Sent 13256127 bytes 52807 pkt (dropped 0, overlimits 0 requeues 0)   backlog 0b 0p requeues 0 
    QDISC srv1: qdisc netem bd70: root refcnt 7 limit 1000 delay 5ms  3ms rate 100Mbit seed 1520934593759634166  Sent 14061231 bytes 51956 pkt (dropped 0, overlimits 0 requeues 0)   backlog 0b 0p requeues 0 
    QCAP: /tmp/rwm-q.txt 18 lines
RUNTIME c7-Q400 rep=1 14s rc=0
ALPHARESULT {"cell": "c7", "arm": "Q400", "alpha_cmd": 0.4, "seed": 42, "rep": 1, "n_paths": 2, "dnf": false, "dnf_count": 0, "mbps": 142.388, "mean_mbps": 142.388, "seconds": 11.2369, "n_runs": 1, "cpusrv": 14.43, "cpucli": 16.22, "khr_med": 1.0, "kraw_med": null, "khr_n": 82, "kraw_n": 0, "rtp_med": 8, "occ_p50": 519, "occcap_p50": 1413, "q_p50": 27, "q_p99": 88, "diag_lines": 44, "retx": 4944, "w1_rfa_gen": "0", "w2_pfrac_lines": 0, "w4_retx_max": 4944, "w5_rack_fa": "480/5050", "gates_cli_quantile_clocks": 1, "gates_srv_quantile_clocks": 1, "gates_cli_rack_clocks": 0, "gates_srv_rack_clocks": 0, "gates_cli_derived_sweep": 0, "gates_srv_derived_sweep": 0, "gates_cli_delta_cap": 1, "gates_srv_delta_cap": 1, "gates_cli_sum_cap": 1, "gates_srv_sum_cap": 1, "gates_cli_composed_cap": 0, "gates_srv_composed_cap": 0, "gates_cli_three_term": 0, "gates_srv_three_term": 0, "gates_cli_loss_sent_truth": 0, "gates_srv_loss_sent_truth": 0, "gates_cli_gen": null, "gates_srv_gen": null, "gates_cli_diag": 1, "gates_srv_diag": 1, "gates_cli_ackdiag": 1, "gates_srv_ackdiag": 1, "gates_cli_walldiag": 1, "gates_srv_walldiag": 1, "gates_cli_fdiag": 1, "gates_srv_fdiag": 1, "gates_cli_recov_mp": 1, "gates_srv_recov_mp": 1, "gates_cli_cc_pace": 0, "gates_srv_cc_pace": 0, "gates_cli_rack_reo_mult": 1, "gates_srv_rack_reo_mult": 1, "gates_lines_cli": 1, "gates_lines_srv": 1, "gate_quantile_cli": "1", "gate_quantile_srv": "1", "gate_alpha_cli": "0.4", "gate_alpha_srv": "0.4", "gate_gen_cli": 384, "gate_gen_srv": 384, "gate_wform_cli": "quantile", "gate_wform_srv": "quantile", "qalpha_lines_cli": 1, "qalpha_site_cli": "sender", "qalpha_quantile_cli": 1, "qalpha_contract_cli": 0.001, "qalpha_override_cli": 0.4, "qalpha_cli": 0.4, "qalpha_k_cli": 1.2247, "qalpha_form_cli": "quantile", "qalpha_winn_cli": "25", "qalpha_lines_srv": 1, "qalpha_site_srv": "receiver", "qalpha_quantile_srv": 1, "qalpha_contract_srv": 1e-05, "qalpha_override_srv": 0.4, "qalpha_srv": 0.4, "qalpha_k_srv": 1.2247, "qalpha_form_srv": "quantile", "qalpha_winn_srv": "25", "qclk_cli_lines": 1, "qclk_cli_site": "sender", "qclk_cli_alpha": 0.4, "qclk_cli_k": 1.2247, "qclk_cli_w_us_mean": 47535.3, "qclk_cli_srtt_us_mean": 45400.1, "qclk_cli_on": 1, "qclk_cli_evals": 170016, "qclk_cli_kept": 2653, "qclk_cli_w_us_p05": 22182, "qclk_cli_w_us_p50": 44905, "qclk_cli_w_us_p95": 86553, "qclk_cli_w_us_min": 13071, "qclk_cli_w_us_max": 116802, "qclk_cli_law_n": 169788, "qclk_cli_sigma_us_mean": 3460.3, "qclk_cli_sigma_n": 169821, "qclk_form_cli": "quantile", "qclk_winn_cli": "25", "qclk_win_ok_cli": 169788, "qclk_srv_lines": 11, "qclk_srv_site": "receiver", "qclk_srv_alpha": 0.4, "qclk_srv_k": 1.2247, "qclk_srv_w_us_mean": 65255.5, "qclk_srv_srtt_us_mean": 65991.3, "qclk_srv_on": 1, "qclk_srv_evals": 165577, "qclk_srv_kept": 2051, "qclk_srv_w_us_p05": 47680, "qclk_srv_w_us_p50": 68876, "qclk_srv_w_us_p95": 77330, "qclk_srv_w_us_min": 45787, "qclk_srv_w_us_max": 77330, "qclk_srv_law_n": 131218, "qclk_srv_sigma_us_mean": 19131.5, "qclk_srv_sigma_n": 163931, "qclk_form_srv": "quantile", "qclk_winn_srv": "25", "qclk_win_ok_srv": 131218, "rack_lines_cli": 2, "rack_on_cli": 0, "rack_evals_cli": 0, "rack_ceil_cli": 0.0, "rack_gran_cli": 0.0, "rack_legacy_pin_cli": 0.0, "rack_round_cli": 0.0, "rack_legacy_cli": 0.0, "rack_mult_cli": 1, "rack_fa_n_cli": 480, "rack_fa_d_cli": 5050, "rack_fa_frac_cli": 0.095, "rack_fa_class_cli": 0.0625, "rack_lines_srv": 0, "rack_on_srv": null, "rack_evals_srv": null, "rack_ceil_srv": null, "rack_gran_srv": null, "rack_legacy_pin_srv": null, "rack_round_srv": null, "rack_legacy_srv": null, "rack_mult_srv": null, "rack_fa_n_srv": null, "rack_fa_d_srv": null, "rack_fa_frac_srv": null, "rack_fa_class_srv": null, "rack_fired": 5050, "rack_spurious": 480, "rack_fa_frac": 0.095, "rack_fa_class": 0.0625, "rack_round_us": 0.0, "rack_legacy_us": 0.0, "rack_evals": 0, "rack_legacy_pin": 0.0, "rfa_lines": 11, "rfa_gen": 0, "rfa_fires": 99379, "rfa_false": 2089, "rfa_fill_coded": 1243, "rfa_fill_src": 96047, "rfa_dup_src": 903, "rfa_preempt_src": 1186, "rfa_src_n": 166106, "rfa_rep_n": 2035, "rfa_false_frac": 0.021, "rfa_nu_recv": 0.59829, "rfa_fa_class": 0.0625, "rfa_bracket_lo": 0.021, "rfa_bracket_hi": 0.626951, "sf_ticks": 1902, "sf_E": 0.9813, "sf_short": 0.0363, "sf_zero": 0.0011, "capboot_n": 41, "capboot_frac": 0.0, "ping_n": 218, "ping_p50": 24.4, "ping_p95": 65.5, "ping_p99": 81.9, "ping_tx": 224, "ping_rx": 218, "ping_loss": 2.68, "ping_censor_frac": 0.0268, "legs_probed": 1, "leg0_n": 218, "leg0_sent": 224, "leg0_recv": 218, "leg0_sent_source": "summary", "leg0_censor_frac": 0.0268, "leg0_censor_pct": 2.68, "leg0_recv_mismatch": false, "leg0_leg_unscoreable": false, "leg0_min": 5.41, "leg0_max": 87.2, "leg0_p50": 24.7, "leg0_p50_censored": false, "leg0_p50_scoreable": true, "leg0_p95": 66.6, "leg0_p95_censored": false, "leg0_p95_scoreable": true, "leg0_p99": 81.9, "leg0_p99_censored": true, "leg0_p99_scoreable": false, "legs_censor_max": 0.0268, "wait_tun": 98, "wait_paused": 0, "wait_pace": 0, "wait_gen": 0, "wait_nack": 2, "wait_defc": 0, "wait_tail": 0, "wait_flush": 0, "wait_lines": 41, "deadwall": false, "sig_us_p50": 266.0, "sig_us_n": 85596, "sig_us_path": 0, "sig_paths": 2, "pl_n": 82, "pl_max": 0.0297, "pl_min": 0.0223, "pl_p0": 0.0223, "pl_p1": 0.0297, "dgq_hand": 173049, "dgq_full": 0, "dgq_err": 0, "dgq_gap": 71, "tc_bytes": 223378469, "tc_pkts": 181373, "tc_drop": 1030, "tc_s": 14, "hold_lines": 3, "hold_samp_n": 2000, "hold_fed": 82418, "hold_evals": 5044, "hold_law_n": 0, "hold_sup": 0, "hold_emit": 5044, "hold_hd_n": 0, "hold_q": "unset", "hold_n_req": "-", "hold_n_obs": 1000, "hold_gen": 0, "hold_sup_frac": 0.0, "hold_law_frac": 0.0, "hold_obs_p50_us": 14722, "hold_obs_p90_us": 55869, "hold_obs_p99_us": 124690, "hold_t_us_p0": null, "hold_t_us_p1": null, "hold_samp_n_p0": 1000, "hold_samp_n_p1": 1000, "hold_hd_p50_us": null, "hold_hd_p90_us": null, "hold_hd_p99_us": null, "hold_hd_mx_us": null, "hold_unattr_evals": 6, "hold_paths_n": 2, "hold_accounting_ok": 1, "hold_obs_p50_us_p0": 9322, "hold_obs_p90_us_p0": 55869, "hold_obs_p99_us_p0": 124690, "hold_obs_p50_us_p1": 14722, "hold_obs_p90_us_p1": 30238, "hold_obs_p99_us_p1": 44676, "hold_rpd": 0.051818, "fcause_lines": 1, "fcause_gen": 0, "fcause_n": 5050, "fcause_timer": 12, "fcause_gap_data": 5038, "fcause_gap_refresh": 0, "fcause_other": 0, "fcause_fired": 5050, "fcause_unattr": 0, "fcause_timer_frac": 0.0024, "fcause_gap_frac": 0.9976, "succ_lines": 11, "succ_gen": 0, "succ_det": 97457, "succ_res": 97284, "succ_orig_n": 96048, "succ_rep_n": 1236, "succ_aban_n": 1, "succ_open": 172, "succ_over": 0, "succ_orig_p50_us": 18432, "succ_orig_p90_us": 49152, "succ_orig_p99_us": 81920, "succ_orig_mx_us": 206192, "succ_orig_frac": 0.9873, "succ_identity_ok": 1}
LIVENESS c7-Q400 rep=1 RWM_QUANTILE_CLOCKS=RWM_QUANTILE_CLOCKS=1/RWM_QUANTILE_CLOCKS=1(exp1) RWM_ALPHA_OVERRIDE=RWM_ALPHA_OVERRIDE=0.4/RWM_ALPHA_OVERRIDE=0.4(exp0.4) RWM_W_FORM=RWM_W_FORM=quantile/RWM_W_FORM=quantile(expquantile) RWM_DELTA_CAP=RWM_DELTA_CAP=1/RWM_DELTA_CAP=1(exp1) RWM_SUM_CAP=RWM_SUM_CAP=1/RWM_SUM_CAP=1(exp1) RWM_HOLDDOWN_Q=RWM_HOLDDOWN_Q=unset/RWM_HOLDDOWN_Q=unset(expunset) RWM_REFRESH_FLOOR_US=RWM_REFRESH_FLOOR_US=unset/RWM_REFRESH_FLOOR_US=unset(expunset) RWM_RACK_CLOCKS=RWM_RACK_CLOCKS=0/RWM_RACK_CLOCKS=0(exp0) RWM_DERIVED_SWEEP=RWM_DERIVED_SWEEP=0/RWM_DERIVED_SWEEP=0(exp0) RWM_COMPOSED_CAP=RWM_COMPOSED_CAP=0/RWM_COMPOSED_CAP=0(exp0) RWM_THREE_TERM=RWM_THREE_TERM=0/RWM_THREE_TERM=0(exp0) RWM_STORE_CAP_UNIFIED=RWM_STORE_CAP_UNIFIED=0/RWM_STORE_CAP_UNIFIED=0(exp0) RWM_LATE_BRAKE=RWM_LATE_BRAKE=0/RWM_LATE_BRAKE=0(exp0) RWM_CHARGE_RECOVERY=RWM_CHARGE_RECOVERY=0/RWM_CHARGE_RECOVERY=0(exp0) RWM_RELEASE_1TO1=RWM_RELEASE_1TO1=0/RWM_RELEASE_1TO1=0(exp0) RWM_LOSS_SENT_TRUTH=RWM_LOSS_SENT_TRUTH=0/RWM_LOSS_SENT_TRUTH=0(exp0) RWM_RTT_DUMP=RWM_RTT_DUMP=0/RWM_RTT_DUMP=0(exp0) RWM_SUCC_DUMP=RWM_SUCC_DUMP=0/RWM_SUCC_DUMP=0(exp0) RWM_DIAG=RWM_DIAG=1/RWM_DIAG=1(exp1) RWM_ACKDIAG=RWM_ACKDIAG=1/RWM_ACKDIAG=1(exp1) RWM_WALLDIAG=RWM_WALLDIAG=1/RWM_WALLDIAG=1(exp1) RWM_FDIAG=RWM_FDIAG=1/RWM_FDIAG=1(exp1)
W5QALPHA c7-Q400 rep=1 cli=form:quantile/win_n:25/alpha:4.000000e-1 srv=form:quantile/win_n:25/alpha:4.000000e-1 (exp form=quantile win_n=25)
WCLOCK c7-Q400 rep=1 law_n=169788 evals=170016 win_ok=169788 win_n=25 p50=44905 p05=22182 p95=86553 shipped_clock=100000
W8SUCC c7-Q400 rep=1 det=97457 res=97284 orig_frac=0.9873
QALPHALINE c7-Q400 rep=1 site=cli [QALPHA] site=receiver quantile=1 form=quantile win_n=25 contract_alpha=1.000000e-5 override=4.000000e-1 alpha=4.000000e-1 k=1.2247 fa_class=0.0625
QALPHALINE c7-Q400 rep=1 site=cli [QALPHA] site=sender quantile=1 form=quantile win_n=25 contract_alpha=1.000000e-3 override=4.000000e-1 alpha=4.000000e-1 k=1.2247 fa_class=0.0625
QALPHALINE c7-Q400 rep=1 site=srv [QALPHA] site=receiver quantile=1 form=quantile win_n=25 contract_alpha=1.000000e-5 override=4.000000e-1 alpha=4.000000e-1 k=1.2247 fa_class=0.0625
QALPHALINE c7-Q400 rep=1 site=srv [QALPHA] site=sender quantile=1 form=quantile win_n=25 contract_alpha=1.000000e-3 override=4.000000e-1 alpha=4.000000e-1 k=1.2247 fa_class=0.0625
QCLKLINE c7-Q400 rep=1 site=cli [QCLK] site=sender on=1 form=quantile win_n=25 win_ok=169788 alpha=4.000000e-1 k=1.2247 evals=170016 law_n=169788 kept=2653 w_us_mean=47535.3 w_us_p05=22182 w_us_p50=44905 w_us_p95=86553 w_us_min=13071 w_us_max=116802 srtt_us_mean=45400.1 sigma_us_mean=3460.3/n169821 fa_class=0.0625
QCLKLINE c7-Q400 rep=1 site=srv [QCLK] site=receiver on=1 form=quantile win_n=25 win_ok=0 alpha=4.000000e-1 k=1.2247 evals=15734 law_n=0 kept=0 w_us_mean=0.0 w_us_p05=0 w_us_p50=0 w_us_p95=0 w_us_min=0 w_us_max=0 srtt_us_mean=0.0 sigma_us_mean=15711.3/n14088 fa_class=0.0625
QCLKLINE c7-Q400 rep=1 site=srv [QCLK] site=receiver on=1 form=quantile win_n=25 win_ok=0 alpha=4.000000e-1 k=1.2247 evals=31720 law_n=0 kept=0 w_us_mean=0.0 w_us_p05=0 w_us_p50=0 w_us_p95=0 w_us_min=0 w_us_max=0 srtt_us_mean=0.0 sigma_us_mean=16843.5/n30074 fa_class=0.0625
QCLKLINE c7-Q400 rep=1 site=srv [QCLK] site=receiver on=1 form=quantile win_n=25 win_ok=13473 alpha=4.000000e-1 k=1.2247 evals=47832 law_n=13473 kept=3368 w_us_mean=47590.2 w_us_p05=45787 w_us_p50=47770 w_us_p95=50149 w_us_min=45787 w_us_max=50149 srtt_us_mean=50402.5 sigma_us_mean=16628.8/n46186 fa_class=0.0625
QCLKLINE c7-Q400 rep=1 site=srv [QCLK] site=receiver on=1 form=quantile win_n=25 win_ok=29937 alpha=4.000000e-1 k=1.2247 evals=64296 law_n=29937 kept=3742 w_us_mean=48746.7 w_us_p05=45787 w_us_p50=47770 w_us_p95=54991 w_us_min=45787 w_us_max=56207 srtt_us_mean=58665.6 sigma_us_mean=18523.9/n62650 fa_class=0.0625
QCLKLINE c7-Q400 rep=1 site=srv [QCLK] site=receiver on=1 form=quantile win_n=25 win_ok=44429 alpha=4.000000e-1 k=1.2247 evals=78788 law_n=44429 kept=2777 w_us_mean=52914.8 w_us_p05=45787 w_us_p50=50145 w_us_p95=65993 w_us_min=45787 w_us_max=65993 srtt_us_mean=59766.9 sigma_us_mean=18405.1/n77142 fa_class=0.0625
QCLKLINE c7-Q400 rep=1 site=srv [QCLK] site=receiver on=1 form=quantile win_n=25 win_ok=58969 alpha=4.000000e-1 k=1.2247 evals=93328 law_n=58969 kept=3685 w_us_mean=56139.5 w_us_p05=45787 w_us_p50=54991 w_us_p95=65993 w_us_min=45787 w_us_max=65993 srtt_us_mean=59363.1 sigma_us_mean=18767.9/n91682 fa_class=0.0625
QCLKLINE c7-Q400 rep=1 site=srv [QCLK] site=receiver on=1 form=quantile win_n=25 win_ok=71701 alpha=4.000000e-1 k=1.2247 evals=106060 law_n=71701 kept=2241 w_us_mean=58201.8 w_us_p05=46857 w_us_p50=56207 w_us_p95=68876 w_us_min=45787 w_us_max=68876 srtt_us_mean=59068.8 sigma_us_mean=19441.3/n104414 fa_class=0.0625
QCLKLINE c7-Q400 rep=1 site=srv [QCLK] site=receiver on=1 form=quantile win_n=25 win_ok=86301 alpha=4.000000e-1 k=1.2247 evals=120660 law_n=86301 kept=2697 w_us_mean=60239.7 w_us_p05=46857 w_us_p50=65993 w_us_p95=70659 w_us_min=45787 w_us_max=70659 srtt_us_mean=60585.8 sigma_us_mean=19533.1/n119014 fa_class=0.0625
QCLKLINE c7-Q400 rep=1 site=srv [QCLK] site=receiver on=1 form=quantile win_n=25 win_ok=100330 alpha=4.000000e-1 k=1.2247 evals=134689 law_n=100330 kept=3136 w_us_mean=61946.0 w_us_p05=46857 w_us_p50=65993 w_us_p95=74057 w_us_min=45787 w_us_max=74057 srtt_us_mean=62382.4 sigma_us_mean=19676.9/n133043 fa_class=0.0625
QCLKLINE c7-Q400 rep=1 site=srv [QCLK] site=receiver on=1 form=quantile win_n=25 win_ok=115679 alpha=4.000000e-1 k=1.2247 evals=150038 law_n=115679 kept=3615 w_us_mean=63633.6 w_us_p05=46857 w_us_p50=65993 w_us_p95=74057 w_us_min=45787 w_us_max=77330 srtt_us_mean=64350.4 sigma_us_mean=19581.2/n148392 fa_class=0.0625
QCLKLINE c7-Q400 rep=1 site=srv [QCLK] site=receiver on=1 form=quantile win_n=25 win_ok=131218 alpha=4.000000e-1 k=1.2247 evals=165577 law_n=131218 kept=2051 w_us_mean=65255.5 w_us_p05=47680 w_us_p50=68876 w_us_p95=77330 w_us_min=45787 w_us_max=77330 srtt_us_mean=65991.3 sigma_us_mean=19131.5/n163931 fa_class=0.0625
RACKLINE c7-Q400 rep=1 site=cli [RACK] on=0 evals=0 ceil=0.0000 gran=0.0000 legacy_pin=0.0000 round=0.0 legacy=0.0 mult=1 fa=117/117 fa_frac=1.0000 fa_class=0.0625
RACKLINE c7-Q400 rep=1 site=cli [RACK] on=0 evals=0 ceil=0.0000 gran=0.0000 legacy_pin=0.0000 round=0.0 legacy=0.0 mult=1 fa=480/5050 fa_frac=0.0950 fa_class=0.0625
RFALINE c7-Q400 rep=1 site=cli [RFA] gen=0 fires=10 false=10 false_frac=1.0000 fill_coded=0 fill_src=0 dup_src=10 preempt_src=0 src_n=11 rep_n=9 nu_recv=0.90909 fa_class=0.0625
RFALINE c7-Q400 rep=1 site=cli [RFA] gen=0 fires=20 false=20 false_frac=1.0000 fill_coded=0 fill_src=0 dup_src=20 preempt_src=0 src_n=21 rep_n=19 nu_recv=0.95238 fa_class=0.0625
RFALINE c7-Q400 rep=1 site=cli [RFA] gen=0 fires=32 false=32 false_frac=1.0000 fill_coded=0 fill_src=0 dup_src=32 preempt_src=0 src_n=33 rep_n=31 nu_recv=0.96970 fa_class=0.0625
RFALINE c7-Q400 rep=1 site=cli [RFA] gen=0 fires=42 false=42 false_frac=1.0000 fill_coded=0 fill_src=0 dup_src=42 preempt_src=0 src_n=43 rep_n=41 nu_recv=0.97674 fa_class=0.0625
RFALINE c7-Q400 rep=1 site=cli [RFA] gen=0 fires=55 false=55 false_frac=1.0000 fill_coded=0 fill_src=0 dup_src=55 preempt_src=0 src_n=56 rep_n=54 nu_recv=0.98214 fa_class=0.0625
RFALINE c7-Q400 rep=1 site=cli [RFA] gen=0 fires=69 false=69 false_frac=1.0000 fill_coded=0 fill_src=0 dup_src=69 preempt_src=0 src_n=70 rep_n=68 nu_recv=0.98571 fa_class=0.0625
RFALINE c7-Q400 rep=1 site=cli [RFA] gen=0 fires=84 false=84 false_frac=1.0000 fill_coded=0 fill_src=0 dup_src=84 preempt_src=0 src_n=85 rep_n=83 nu_recv=0.98824 fa_class=0.0625
RFALINE c7-Q400 rep=1 site=cli [RFA] gen=0 fires=96 false=96 false_frac=1.0000 fill_coded=0 fill_src=0 dup_src=96 preempt_src=0 src_n=97 rep_n=95 nu_recv=0.98969 fa_class=0.0625
RFALINE c7-Q400 rep=1 site=cli [RFA] gen=0 fires=104 false=104 false_frac=1.0000 fill_coded=0 fill_src=0 dup_src=104 preempt_src=0 src_n=105 rep_n=103 nu_recv=0.99048 fa_class=0.0625
RFALINE c7-Q400 rep=1 site=cli [RFA] gen=0 fires=111 false=111 false_frac=1.0000 fill_coded=0 fill_src=0 dup_src=111 preempt_src=0 src_n=112 rep_n=110 nu_recv=0.99107 fa_class=0.0625
RFALINE c7-Q400 rep=1 site=cli [RFA] gen=0 fires=117 false=117 false_frac=1.0000 fill_coded=0 fill_src=0 dup_src=117 preempt_src=0 src_n=119 rep_n=117 nu_recv=0.98319 fa_class=0.0625
RFALINE c7-Q400 rep=1 site=srv [RFA] gen=0 fires=8773 false=182 false_frac=0.0207 fill_coded=99 fill_src=8492 dup_src=105 preempt_src=77 src_n=15702 rep_n=169 nu_recv=0.55872 fa_class=0.0625
RFALINE c7-Q400 rep=1 site=srv [RFA] gen=0 fires=18518 false=399 false_frac=0.0215 fill_coded=211 fill_src=17908 dup_src=212 preempt_src=187 src_n=31671 rep_n=322 nu_recv=0.58470 fa_class=0.0625
RFALINE c7-Q400 rep=1 site=srv [RFA] gen=0 fires=28296 false=531 false_frac=0.0188 fill_coded=296 fill_src=27469 dup_src=259 preempt_src=272 src_n=47597 rep_n=488 nu_recv=0.59449 fa_class=0.0625
RFALINE c7-Q400 rep=1 site=srv [RFA] gen=0 fires=37334 false=751 false_frac=0.0201 fill_coded=429 fill_src=36154 dup_src=358 preempt_src=393 src_n=63885 rep_n=726 nu_recv=0.58439 fa_class=0.0625
RFALINE c7-Q400 rep=1 site=srv [RFA] gen=0 fires=46121 false=875 false_frac=0.0190 fill_coded=503 fill_src=44743 dup_src=413 preempt_src=462 src_n=78310 rep_n=890 nu_recv=0.58895 fa_class=0.0625
RFALINE c7-Q400 rep=1 site=srv [RFA] gen=0 fires=54413 false=1064 false_frac=0.0196 fill_coded=594 fill_src=52755 dup_src=512 preempt_src=552 src_n=92978 rep_n=1056 nu_recv=0.58522 fa_class=0.0625
RFALINE c7-Q400 rep=1 site=srv [RFA] gen=0 fires=62750 false=1300 false_frac=0.0207 fill_coded=722 fill_src=60728 dup_src=620 preempt_src=680 src_n=106847 rep_n=1213 nu_recv=0.58729 fa_class=0.0625
RFALINE c7-Q400 rep=1 site=srv [RFA] gen=0 fires=72188 false=1519 false_frac=0.0210 fill_coded=877 fill_src=69792 dup_src=686 preempt_src=833 src_n=121321 rep_n=1442 nu_recv=0.59502 fa_class=0.0625
RFALINE c7-Q400 rep=1 site=srv [RFA] gen=0 fires=80548 false=1768 false_frac=0.0219 fill_coded=1012 fill_src=77768 dup_src=803 preempt_src=965 src_n=135443 rep_n=1700 nu_recv=0.59470 fa_class=0.0625
RFALINE c7-Q400 rep=1 site=srv [RFA] gen=0 fires=90083 false=1941 false_frac=0.0215 fill_coded=1157 fill_src=86985 dup_src=841 preempt_src=1100 src_n=150595 rep_n=1885 nu_recv=0.59818 fa_class=0.0625
RFALINE c7-Q400 rep=1 site=srv [RFA] gen=0 fires=99379 false=2089 false_frac=0.0210 fill_coded=1243 fill_src=96047 dup_src=903 preempt_src=1186 src_n=166106 rep_n=2035 nu_recv=0.59829 fa_class=0.0625
FCAUSELINE c7-Q400 rep=1 site=cli [FCAUSE] gen=0 n=5050 timer=12 gap_data=5038 gap_refresh=0 other=0 timer_frac=0.0024 gap_frac=0.9976 fired=5050 unattr=0 fa_class=0.0625
SUCCLINE c7-Q400 rep=1 site=cli [SUCC] gen=0 det=0 res=0 orig_n=0 orig_p50_us=- orig_p90_us=- orig_p99_us=- orig_mx_us=- orig_mean_us=- rep_n=0 rep_p50_us=- rep_p90_us=- rep_p99_us=- rep_mx_us=- rep_mean_us=- aban_n=0 aban_p50_us=- aban_p90_us=- aban_p99_us=- aban_mx_us=- aban_mean_us=- open=0 over=0 orig_frac=- cross_us=- dump=0/0
SUCCLINE c7-Q400 rep=1 site=cli [SUCC] gen=0 det=0 res=0 orig_n=0 orig_p50_us=- orig_p90_us=- orig_p99_us=- orig_mx_us=- orig_mean_us=- rep_n=0 rep_p50_us=- rep_p90_us=- rep_p99_us=- rep_mx_us=- rep_mean_us=- aban_n=0 aban_p50_us=- aban_p90_us=- aban_p99_us=- aban_mx_us=- aban_mean_us=- open=0 over=0 orig_frac=- cross_us=- dump=0/0
SUCCLINE c7-Q400 rep=1 site=cli [SUCC] gen=0 det=0 res=0 orig_n=0 orig_p50_us=- orig_p90_us=- orig_p99_us=- orig_mx_us=- orig_mean_us=- rep_n=0 rep_p50_us=- rep_p90_us=- rep_p99_us=- rep_mx_us=- rep_mean_us=- aban_n=0 aban_p50_us=- aban_p90_us=- aban_p99_us=- aban_mx_us=- aban_mean_us=- open=0 over=0 orig_frac=- cross_us=- dump=0/0
SUCCLINE c7-Q400 rep=1 site=cli [SUCC] gen=0 det=0 res=0 orig_n=0 orig_p50_us=- orig_p90_us=- orig_p99_us=- orig_mx_us=- orig_mean_us=- rep_n=0 rep_p50_us=- rep_p90_us=- rep_p99_us=- rep_mx_us=- rep_mean_us=- aban_n=0 aban_p50_us=- aban_p90_us=- aban_p99_us=- aban_mx_us=- aban_mean_us=- open=0 over=0 orig_frac=- cross_us=- dump=0/0
SUCCLINE c7-Q400 rep=1 site=cli [SUCC] gen=0 det=0 res=0 orig_n=0 orig_p50_us=- orig_p90_us=- orig_p99_us=- orig_mx_us=- orig_mean_us=- rep_n=0 rep_p50_us=- rep_p90_us=- rep_p99_us=- rep_mx_us=- rep_mean_us=- aban_n=0 aban_p50_us=- aban_p90_us=- aban_p99_us=- aban_mx_us=- aban_mean_us=- open=0 over=0 orig_frac=- cross_us=- dump=0/0
SUCCLINE c7-Q400 rep=1 site=cli [SUCC] gen=0 det=0 res=0 orig_n=0 orig_p50_us=- orig_p90_us=- orig_p99_us=- orig_mx_us=- orig_mean_us=- rep_n=0 rep_p50_us=- rep_p90_us=- rep_p99_us=- rep_mx_us=- rep_mean_us=- aban_n=0 aban_p50_us=- aban_p90_us=- aban_p99_us=- aban_mx_us=- aban_mean_us=- open=0 over=0 orig_frac=- cross_us=- dump=0/0
SUCCLINE c7-Q400 rep=1 site=cli [SUCC] gen=0 det=0 res=0 orig_n=0 orig_p50_us=- orig_p90_us=- orig_p99_us=- orig_mx_us=- orig_mean_us=- rep_n=0 rep_p50_us=- rep_p90_us=- rep_p99_us=- rep_mx_us=- rep_mean_us=- aban_n=0 aban_p50_us=- aban_p90_us=- aban_p99_us=- aban_mx_us=- aban_mean_us=- open=0 over=0 orig_frac=- cross_us=- dump=0/0
SUCCLINE c7-Q400 rep=1 site=cli [SUCC] gen=0 det=0 res=0 orig_n=0 orig_p50_us=- orig_p90_us=- orig_p99_us=- orig_mx_us=- orig_mean_us=- rep_n=0 rep_p50_us=- rep_p90_us=- rep_p99_us=- rep_mx_us=- rep_mean_us=- aban_n=0 aban_p50_us=- aban_p90_us=- aban_p99_us=- aban_mx_us=- aban_mean_us=- open=0 over=0 orig_frac=- cross_us=- dump=0/0
SUCCLINE c7-Q400 rep=1 site=cli [SUCC] gen=0 det=0 res=0 orig_n=0 orig_p50_us=- orig_p90_us=- orig_p99_us=- orig_mx_us=- orig_mean_us=- rep_n=0 rep_p50_us=- rep_p90_us=- rep_p99_us=- rep_mx_us=- rep_mean_us=- aban_n=0 aban_p50_us=- aban_p90_us=- aban_p99_us=- aban_mx_us=- aban_mean_us=- open=0 over=0 orig_frac=- cross_us=- dump=0/0
SUCCLINE c7-Q400 rep=1 site=cli [SUCC] gen=0 det=0 res=0 orig_n=0 orig_p50_us=- orig_p90_us=- orig_p99_us=- orig_mx_us=- orig_mean_us=- rep_n=0 rep_p50_us=- rep_p90_us=- rep_p99_us=- rep_mx_us=- rep_mean_us=- aban_n=0 aban_p50_us=- aban_p90_us=- aban_p99_us=- aban_mx_us=- aban_mean_us=- open=0 over=0 orig_frac=- cross_us=- dump=0/0
SUCCLINE c7-Q400 rep=1 site=srv [SUCC] gen=0 det=8755 res=8591 orig_n=8492 orig_p50_us=16384 orig_p90_us=40960 orig_p99_us=73728 orig_mx_us=118344 orig_mean_us=21525 rep_n=99 rep_p50_us=36864 rep_p90_us=73728 rep_p99_us=73728 rep_mx_us=81692 rep_mean_us=47591 aban_n=0 aban_p50_us=- aban_p90_us=- aban_p99_us=- aban_mx_us=- aban_mean_us=- open=164 over=0 orig_frac=0.9885 cross_us=- dump=0/0
SUCCLINE c7-Q400 rep=1 site=srv [SUCC] gen=0 det=18275 res=18119 orig_n=17908 orig_p50_us=18432 orig_p90_us=45056 orig_p99_us=73728 orig_mx_us=118344 orig_mean_us=23272 rep_n=211 rep_p50_us=36864 rep_p90_us=90112 rep_p99_us=90112 rep_mx_us=114824 rep_mean_us=47612 aban_n=0 aban_p50_us=- aban_p90_us=- aban_p99_us=- aban_mx_us=- aban_mean_us=- open=156 over=0 orig_frac=0.9884 cross_us=- dump=0/0
SUCCLINE c7-Q400 rep=1 site=srv [SUCC] gen=0 det=27982 res=27765 orig_n=27469 orig_p50_us=20480 orig_p90_us=45056 orig_p99_us=73728 orig_mx_us=141048 orig_mean_us=24312 rep_n=296 rep_p50_us=36864 rep_p90_us=90112 rep_p99_us=106496 rep_mx_us=114824 rep_mean_us=47104 aban_n=0 aban_p50_us=- aban_p90_us=- aban_p99_us=- aban_mx_us=- aban_mean_us=- open=217 over=0 orig_frac=0.9893 cross_us=- dump=0/0
SUCCLINE c7-Q400 rep=1 site=srv [SUCC] gen=0 det=36827 res=36583 orig_n=36154 orig_p50_us=20480 orig_p90_us=49152 orig_p99_us=81920 orig_mx_us=181229 orig_mean_us=25301 rep_n=429 rep_p50_us=53248 rep_p90_us=90112 rep_p99_us=131072 rep_mx_us=134551 rep_mean_us=56523 aban_n=0 aban_p50_us=- aban_p90_us=- aban_p99_us=- aban_mx_us=- aban_mean_us=- open=244 over=0 orig_frac=0.9883 cross_us=- dump=0/0
SUCCLINE c7-Q400 rep=1 site=srv [SUCC] gen=0 det=45884 res=45245 orig_n=44743 orig_p50_us=20480 orig_p90_us=49152 orig_p99_us=90112 orig_mx_us=181229 orig_mean_us=25106 rep_n=502 rep_p50_us=45056 rep_p90_us=90112 rep_p99_us=122880 rep_mx_us=134551 rep_mean_us=53668 aban_n=0 aban_p50_us=- aban_p90_us=- aban_p99_us=- aban_mx_us=- aban_mean_us=- open=639 over=0 orig_frac=0.9889 cross_us=- dump=0/0
SUCCLINE c7-Q400 rep=1 site=srv [SUCC] gen=0 det=54107 res=53347 orig_n=52755 orig_p50_us=20480 orig_p90_us=49152 orig_p99_us=81920 orig_mx_us=181229 orig_mean_us=24869 rep_n=592 rep_p50_us=45056 rep_p90_us=90112 rep_p99_us=122880 rep_mx_us=134551 rep_mean_us=52738 aban_n=0 aban_p50_us=- aban_p90_us=- aban_p99_us=- aban_mx_us=- aban_mean_us=- open=760 over=0 orig_frac=0.9889 cross_us=- dump=0/0
SUCCLINE c7-Q400 rep=1 site=srv [SUCC] gen=0 det=61585 res=61448 orig_n=60728 orig_p50_us=20480 orig_p90_us=49152 orig_p99_us=81920 orig_mx_us=181229 orig_mean_us=25864 rep_n=720 rep_p50_us=49152 rep_p90_us=81920 rep_p99_us=122880 rep_mx_us=134551 rep_mean_us=53346 aban_n=0 aban_p50_us=- aban_p90_us=- aban_p99_us=- aban_mx_us=- aban_mean_us=- open=137 over=0 orig_frac=0.9883 cross_us=- dump=0/0
SUCCLINE c7-Q400 rep=1 site=srv [SUCC] gen=0 det=70934 res=70667 orig_n=69792 orig_p50_us=20480 orig_p90_us=49152 orig_p99_us=81920 orig_mx_us=181229 orig_mean_us=25809 rep_n=875 rep_p50_us=45056 rep_p90_us=81920 rep_p99_us=122880 rep_mx_us=134551 rep_mean_us=51440 aban_n=0 aban_p50_us=- aban_p90_us=- aban_p99_us=- aban_mx_us=- aban_mean_us=- open=267 over=0 orig_frac=0.9876 cross_us=- dump=0/0
SUCCLINE c7-Q400 rep=1 site=srv [SUCC] gen=0 det=79144 res=78777 orig_n=77768 orig_p50_us=20480 orig_p90_us=49152 orig_p99_us=81920 orig_mx_us=206192 orig_mean_us=25692 rep_n=1009 rep_p50_us=45056 rep_p90_us=81920 rep_p99_us=122880 rep_mx_us=134551 rep_mean_us=50291 aban_n=0 aban_p50_us=- aban_p90_us=- aban_p99_us=- aban_mx_us=- aban_mean_us=- open=367 over=0 orig_frac=0.9872 cross_us=- dump=0/0
SUCCLINE c7-Q400 rep=1 site=srv [SUCC] gen=0 det=88211 res=88137 orig_n=86985 orig_p50_us=20480 orig_p90_us=53248 orig_p99_us=81920 orig_mx_us=206192 orig_mean_us=26016 rep_n=1152 rep_p50_us=45056 rep_p90_us=81920 rep_p99_us=122880 rep_mx_us=137296 rep_mean_us=50565 aban_n=0 aban_p50_us=- aban_p90_us=- aban_p99_us=- aban_mx_us=- aban_mean_us=- open=74 over=0 orig_frac=0.9869 cross_us=- dump=0/0
SUCCLINE c7-Q400 rep=1 site=srv [SUCC] gen=0 det=97457 res=97284 orig_n=96048 orig_p50_us=18432 orig_p90_us=49152 orig_p99_us=81920 orig_mx_us=206192 orig_mean_us=24571 rep_n=1236 rep_p50_us=45056 rep_p90_us=73728 rep_p99_us=122880 rep_mx_us=137296 rep_mean_us=48752 aban_n=1 aban_p50_us=11 aban_p90_us=11 aban_p99_us=11 aban_mx_us=11 aban_mean_us=11 open=172 over=0 orig_frac=0.9873 cross_us=- dump=0/0
HOLDLINE c7-Q400 rep=1 site=cli [HOLD] site=sender path=0 gen=0 q=unset n_req=- n_obs=1000 samp_n=1000 fed=44045 t_us=- obs_p50_us=9322 obs_p90_us=55869 obs_p99_us=124690 evals=2692 law_n=0 sup=0 emit=2692 hd_p50_us=- hd_p90_us=- hd_p99_us=- hd_mx_us=- hd_n=0 fa_class=0.0625
HOLDLINE c7-Q400 rep=1 site=cli [HOLD] site=sender path=1 gen=0 q=unset n_req=- n_obs=1000 samp_n=1000 fed=38373 t_us=- obs_p50_us=14722 obs_p90_us=30238 obs_p99_us=44676 evals=2352 law_n=0 sup=0 emit=2352 hd_p50_us=- hd_p90_us=- hd_p99_us=- hd_mx_us=- hd_n=0 fa_class=0.0625
HOLDLINE c7-Q400 rep=1 site=cli [HOLD] site=sender path=- gen=0 q=unset n_req=- n_obs=1000 samp_n=0 fed=0 t_us=- obs_p50_us=- obs_p90_us=- obs_p99_us=- evals=6 law_n=0 sup=0 emit=6 hd_p50_us=- hd_p90_us=- hd_p99_us=- hd_mx_us=- hd_n=0 fa_class=0.0625
WALLLINE c7-Q400 rep=1 site=cli [WALL] onset=0.9947 dur_ms=59.1 retx=10 total_ms=11253.5 it_ms=0.066
WINDOW-PARTIAL c7-Q400 rep=1 win_ok=169788/170016 win_n=25 (RESULT, not an abort -- the fraction is to be scored, and the quantile-native sweep read 0.829-0.999 here)
VAWITNESS {"cell":"c7","arm":"Q400","alpha":"0.4","seed":42,"rep":1,"rc":0,"mean_mbps":142.388,"band":[140,180],"band_applies":0,"in_band":1,"lossy":1,"alpha_expect":"0.4","alpha_got_cli":"0.4","alpha_got_srv":"0.4","form_expect":"quantile","form_got_cli":"quantile","form_got_srv":"quantile","winn_expect":"25","winn_got_cli":"25","winn_got_srv":"25","qclk_law_n":169788,"qclk_evals":170016,"qclk_win_ok":169788,"qclk_win_n":"25","w_us_p50":44905,"w_us_p05":22182,"w_us_p95":86553,"shipped_clock_us":100000,"fcause_n":5050,"fcause_timer":12,"fcause_gap_data":5038,"fcause_gap_refresh":0,"fcause_other":0,"fcause_unattr":0,"succ_det":97457,"succ_res":97284,"succ_orig_frac":"0.9873","rfa_fires":99379,"rfa_false":2089,"rfa_false_frac":"0.0210","rfa_fill_coded":1243,"rack_fa":"480/5050","rack_fa_frac":"0.0950","fails":""}
=== rep=2 arm=c7-CTL alpha=unset form=unset win_n=unavail seed=42 env="RWM_QUANTILE_CLOCKS=0 RWM_DELTA_CAP=1 RWM_SUM_CAP=1 RWM_RACK_CLOCKS=0 RWM_DERIVED_SWEEP=0 RWM_COMPOSED_CAP=0 RWM_THREE_TERM=0 RWM_STORE_CAP_UNIFIED=0 RWM_LATE_BRAKE=0 RWM_CHARGE_RECOVERY=0 RWM_RELEASE_1TO1=0 RWM_LOSS_SENT_TRUTH=0 RWM_RTT_DUMP=0 RWM_SUCC_DUMP=0" cell=c2/c2/dual bytes=200000000 18:34:50
[2m2026-08-21T18:34:52.425165Z[0m [32m INFO[0m [2mraptorpath::gates[0m[2m:[0m [GATES] RWM_UNIFIED=1 RWM_UNIFIED_SHED=1 RWM_TAPER_R=1 RWM_ASTAR_ANCHOR=1 RWM_MSTAR_ANCHOR=1 RWM_PLAIN_RS=0 RWM_HONEST_ANCHOR=1 RWM_HONEST_K=0 RWM_STORE_SACK_RELEASE=1 RWM_STORE_PATHS=1 RWM_STORE_PATH_POOL=2048 RWM_STORE=unset RWM_STORE_GAIN=2 RWM_STORE_BOOT=128 RWM_STORE_CAPW=0 RWM_STORE_CAP_UNIFIED=0 RWM_THREE_TERM=0 RWM_COMPOSED_CAP=0 RWM_SUM_CAP=1 RWM_LATE_BRAKE=0 RWM_DELTA_CAP=1 RWM_STORE_PERCAP=0 RWM_PERCAP_GUARD=1 RWM_STORE_BORROW=0 RWM_HONEST_CAP=1 RWM_POOL_ANCHOR=0 RWM_POOL_DELIV=0 RWM_FLOOR_BOUND=0 RWM_ACK_MERGE=1 RWM_LOSS_SENT_TRUTH=0 RWM_RELEASE_1TO1=0 RWM_CHARGE_RECOVERY=0 RWM_PATIENCE_DERIVED=0 RWM_SIDLE_DERIVED=0 RWM_WIN_DECOUPLE=0 RWM_PLACE_SLACK=0 RWM_COLD_PLACE=0 RWM_GEN=384 RWM_PIPELINE=2 RWM_GEN_PIPE=1 RWM_GEN_R=unset RWM_GEN_RATE=9000 RWM_GEN_RATE_FLOOR=2000 RWM_GEN_INFLIGHT=unset RWM_OOO_RETAIN=0/16 RWM_WINDOW=unset RWM_REPORT_GENS=unset RWM_REPAIR_WAIT=unset RWM_CODED_SRC=0 RWM_NO_REACTIVE=0 RWM_XPATH_REPAIR=0 RWM_PROACTIVE_PACER=0 RWM_REASM_BDP=0 RWM_MIN_R=0 RWM_CC_PACE=0 RWM_CC_PACE_HR=1.1 RWM_REACT_CAP=unset RWM_INFL_CAP=0 RWM_INFL_BDP=unset RWM_COPA_FEED=0 RWM_RS_ATTR=1 RWM_EMIT_BATCH=0 RWM_EMIT_BURST=64 RWM_RECOV_MP=1 RWM_RECOV_MP_LAW=1 RWM_RECOV_MP_LIVE=0 RWM_RECOV_SP=0 RWM_DERIVED_SWEEP=0 RWM_RACK_CLOCKS=0 RWM_RACK_REO_MULT=1 RWM_QUANTILE_CLOCKS=0 RWM_ALPHA_OVERRIDE=unset RWM_W_FORM=cantelli RWM_HOLDDOWN_Q=unset RWM_REFRESH_FLOOR_US=unset RWM_DIAG=1 RWM_ACKDIAG=1 RWM_ACKDIAG_WINDOW_US=2000000 RWM_RTT_DUMP=0 RWM_RTT_DUMP_MAX=400000 RWM_SUCC_DUMP=0 RWM_SUCC_DUMP_MAX=200000 RWM_WALLDIAG=1 RWM_CPUPROF=0 RWM_RDIAG=0 RWM_FDIAG=1 RWM_TRACE=0 RWM_PFRAC=0
{"bytes":200000000,"dnf":0,"hint":"bulk","max_s":9.7113,"mean_mbps":164.757,"mean_s":9.7113,"median_s":9.7113,"min_s":9.7113,"proto":"rp-native","runs":1,"stdev_s":0.0,"summary":true}
    LATPROBE-LEG leg=0 file=/tmp/rwm-ping-0.txt sent=194 recv=192 censor=1.03% p50=43.7[censor=1.03% ok] p95=88.7[censor=1.03% ok] p99=121.0[censor=1.03% UNSCOREABLE(inside censored tail)]
    LATPROBE-LEG leg=1 file=/tmp/rwm-ping-1.txt sent=194 recv=186 censor=4.12% p50=47.3[censor=4.12% ok] p95=97.4[censor=4.12% ok] p99=141.0[censor=4.12% UNSCOREABLE(inside censored tail)]
    LATPROBE: 2 leg(s) /tmp/rwm-ping-0.txt=192 /tmp/rwm-ping-1.txt=186 replies
    CPU: CPUSRV=13.15s CPUCLI=14.23s (srv=decoder cli=sender; whole-invocation incl warmup)
    QDISC cli0: qdisc netem bd71: root refcnt 7 limit 1000 delay 5ms  3ms loss gemodel p 1.3% r 50% 1-h 100% 1-k 0% rate 100Mbit seed 42  Sent 110245812 bytes 88973 pkt (dropped 504, overlimits 0 requeues 0)   backlog 0b 0p requeues 0 
    QDISC cli1: qdisc netem bd72: root refcnt 7 limit 1000 delay 5ms  3ms loss gemodel p 1.3% r 50% 1-h 100% 1-k 0% rate 100Mbit seed 1042  Sent 112257466 bytes 90652 pkt (dropped 479, overlimits 0 requeues 0)   backlog 0b 0p requeues 0 
    QDISC srv0: qdisc netem bd73: root refcnt 7 limit 1000 delay 5ms  3ms rate 100Mbit seed 13703994620149705464  Sent 11197450 bytes 46402 pkt (dropped 0, overlimits 0 requeues 0)   backlog 0b 0p requeues 0 
    QDISC srv1: qdisc netem bd74: root refcnt 7 limit 1000 delay 5ms  3ms rate 100Mbit seed 690305114811449923  Sent 12259914 bytes 49287 pkt (dropped 0, overlimits 0 requeues 0)   backlog 0b 0p requeues 0 
    QCAP: /tmp/rwm-q.txt 18 lines
RUNTIME c7-CTL rep=2 12s rc=0
ALPHARESULT {"cell": "c7", "arm": "CTL", "alpha_cmd": null, "seed": 42, "rep": 2, "n_paths": 2, "dnf": false, "dnf_count": 0, "mbps": 164.757, "mean_mbps": 164.757, "seconds": 9.7113, "n_runs": 1, "cpusrv": 13.15, "cpucli": 14.23, "khr_med": 1.0, "kraw_med": null, "khr_n": 68, "kraw_n": 0, "rtp_med": 11, "occ_p50": 843, "occcap_p50": 1981, "q_p50": 48, "q_p99": 203, "diag_lines": 38, "retx": 5312, "w1_rfa_gen": "0", "w2_pfrac_lines": 0, "w4_retx_max": 5312, "w5_rack_fa": "1065/5406", "gates_cli_quantile_clocks": 0, "gates_srv_quantile_clocks": 0, "gates_cli_rack_clocks": 0, "gates_srv_rack_clocks": 0, "gates_cli_derived_sweep": 0, "gates_srv_derived_sweep": 0, "gates_cli_delta_cap": 1, "gates_srv_delta_cap": 1, "gates_cli_sum_cap": 1, "gates_srv_sum_cap": 1, "gates_cli_composed_cap": 0, "gates_srv_composed_cap": 0, "gates_cli_three_term": 0, "gates_srv_three_term": 0, "gates_cli_loss_sent_truth": 0, "gates_srv_loss_sent_truth": 0, "gates_cli_gen": null, "gates_srv_gen": null, "gates_cli_diag": 1, "gates_srv_diag": 1, "gates_cli_ackdiag": 1, "gates_srv_ackdiag": 1, "gates_cli_walldiag": 1, "gates_srv_walldiag": 1, "gates_cli_fdiag": 1, "gates_srv_fdiag": 1, "gates_cli_recov_mp": 1, "gates_srv_recov_mp": 1, "gates_cli_cc_pace": 0, "gates_srv_cc_pace": 0, "gates_cli_rack_reo_mult": 1, "gates_srv_rack_reo_mult": 1, "gates_lines_cli": 1, "gates_lines_srv": 1, "gate_quantile_cli": "0", "gate_quantile_srv": "0", "gate_alpha_cli": "unset", "gate_alpha_srv": "unset", "gate_gen_cli": 384, "gate_gen_srv": 384, "gate_wform_cli": "cantelli", "gate_wform_srv": "cantelli", "qalpha_lines_cli": 1, "qalpha_site_cli": "sender", "qalpha_quantile_cli": 0, "qalpha_contract_cli": 0.001, "qalpha_override_cli": null, "qalpha_cli": 0.001, "qalpha_k_cli": 31.607, "qalpha_form_cli": "cantelli", "qalpha_winn_cli": "unavail", "qalpha_lines_srv": 1, "qalpha_site_srv": "receiver", "qalpha_quantile_srv": 0, "qalpha_contract_srv": 1e-05, "qalpha_override_srv": null, "qalpha_srv": 1e-05, "qalpha_k_srv": 316.2262, "qalpha_form_srv": "cantelli", "qalpha_winn_srv": "unavail", "qclk_cli_lines": 1, "qclk_cli_site": "sender", "qclk_cli_alpha": 0.001, "qclk_cli_k": 31.607, "qclk_cli_w_us_mean": 97578.0, "qclk_cli_srtt_us_mean": 78749.3, "qclk_cli_on": 0, "qclk_cli_evals": 169602, "qclk_cli_kept": 2651, "qclk_cli_w_us_p05": 82158, "qclk_cli_w_us_p50": 100000, "qclk_cli_w_us_p95": 100000, "qclk_cli_w_us_min": 25000, "qclk_cli_w_us_max": 100000, "qclk_cli_law_n": 169602, "qclk_cli_sigma_us_mean": 2129.1, "qclk_cli_sigma_n": 169012, "qclk_form_cli": "cantelli", "qclk_winn_cli": "unavail", "qclk_win_ok_cli": 0, "qclk_srv_lines": 9, "qclk_srv_site": "receiver", "qclk_srv_alpha": 1e-05, "qclk_srv_k": 316.2262, "qclk_srv_w_us_mean": 99752.6, "qclk_srv_srtt_us_mean": 84550.6, "qclk_srv_on": 0, "qclk_srv_evals": 158774, "qclk_srv_kept": 2481, "qclk_srv_w_us_p05": 100000, "qclk_srv_w_us_p50": 100000, "qclk_srv_w_us_p95": 100000, "qclk_srv_w_us_min": 88434, "qclk_srv_w_us_max": 100000, "qclk_srv_law_n": 158774, "qclk_srv_sigma_us_mean": 39584.7, "qclk_srv_sigma_n": 157384, "qclk_form_srv": "cantelli", "qclk_winn_srv": "unavail", "qclk_win_ok_srv": 0, "rack_lines_cli": 2, "rack_on_cli": 0, "rack_evals_cli": 0, "rack_ceil_cli": 0.0, "rack_gran_cli": 0.0, "rack_legacy_pin_cli": 0.0, "rack_round_cli": 0.0, "rack_legacy_cli": 0.0, "rack_mult_cli": 1, "rack_fa_n_cli": 1065, "rack_fa_d_cli": 5406, "rack_fa_frac_cli": 0.197, "rack_fa_class_cli": 0.0625, "rack_lines_srv": 0, "rack_on_srv": null, "rack_evals_srv": null, "rack_ceil_srv": null, "rack_gran_srv": null, "rack_legacy_pin_srv": null, "rack_round_srv": null, "rack_legacy_srv": null, "rack_mult_srv": null, "rack_fa_n_srv": null, "rack_fa_d_srv": null, "rack_fa_frac_srv": null, "rack_fa_class_srv": null, "rack_fired": 5406, "rack_spurious": 1065, "rack_fa_frac": 0.197, "rack_fa_class": 0.0625, "rack_round_us": 0.0, "rack_legacy_us": 0.0, "rack_evals": 0, "rack_legacy_pin": 0.0, "rfa_lines": 9, "rfa_gen": 0, "rfa_fires": 88528, "rfa_false": 1564, "rfa_fill_coded": 953, "rfa_fill_src": 86011, "rfa_dup_src": 693, "rfa_preempt_src": 871, "rfa_src_n": 157309, "rfa_rep_n": 1474, "rfa_false_frac": 0.0177, "rfa_nu_recv": 0.56277, "rfa_fa_class": 0.0625, "rfa_bracket_lo": 0.0177, "rfa_bracket_hi": 0.621375, "sf_ticks": 1493, "sf_E": 0.9749, "sf_short": 0.0462, "sf_zero": 0.004, "capboot_n": 35, "capboot_frac": 0.0, "ping_n": 192, "ping_p50": 43.7, "ping_p95": 88.6, "ping_p99": 118.0, "ping_tx": 194, "ping_rx": 192, "ping_loss": 1.03, "ping_censor_frac": 0.0103, "legs_probed": 1, "leg0_n": 192, "leg0_sent": 194, "leg0_recv": 192, "leg0_sent_source": "summary", "leg0_censor_frac": 0.0103, "leg0_censor_pct": 1.03, "leg0_recv_mismatch": false, "leg0_leg_unscoreable": false, "leg0_min": 7.84, "leg0_max": 129.0, "leg0_p50": 43.7, "leg0_p50_censored": false, "leg0_p50_scoreable": true, "leg0_p95": 88.7, "leg0_p95_censored": false, "leg0_p95_scoreable": true, "leg0_p99": 121.0, "leg0_p99_censored": true, "leg0_p99_scoreable": false, "legs_censor_max": 0.0103, "wait_tun": 98, "wait_paused": 0, "wait_pace": 0, "wait_gen": 0, "wait_nack": 2, "wait_defc": 0, "wait_tail": 0, "wait_flush": 0, "wait_lines": 35, "deadwall": false, "sig_us_p50": 932.0, "sig_us_n": 84596, "sig_us_path": 1, "sig_paths": 2, "pl_n": 68, "pl_max": 0.0026, "pl_min": 0.0021, "pl_p0": 0.0026, "pl_p1": 0.0021, "dgq_hand": 173978, "dgq_full": 0, "dgq_err": 0, "dgq_gap": 485, "tc_bytes": 222503278, "tc_pkts": 179625, "tc_drop": 983, "tc_s": 12, "hold_lines": 2, "hold_samp_n": 2000, "hold_fed": 79141, "hold_evals": 5406, "hold_law_n": 0, "hold_sup": 0, "hold_emit": 5406, "hold_hd_n": 0, "hold_q": "unset", "hold_n_req": "-", "hold_n_obs": 1000, "hold_gen": 0, "hold_sup_frac": 0.0, "hold_law_frac": 0.0, "hold_obs_p50_us": 40875, "hold_obs_p90_us": 76240, "hold_obs_p99_us": 82703, "hold_t_us_p0": null, "hold_t_us_p1": null, "hold_samp_n_p0": 1000, "hold_samp_n_p1": 1000, "hold_hd_p50_us": null, "hold_hd_p90_us": null, "hold_hd_p99_us": null, "hold_hd_mx_us": null, "hold_unattr_evals": 0, "hold_paths_n": 2, "hold_accounting_ok": 1, "hold_obs_p50_us_p0": 40875, "hold_obs_p90_us_p0": 76240, "hold_obs_p99_us_p0": 82703, "hold_obs_p50_us_p1": 28129, "hold_obs_p90_us_p1": 61182, "hold_obs_p99_us_p1": 70661, "hold_rpd": 0.061781, "fcause_lines": 1, "fcause_gen": 0, "fcause_n": 5406, "fcause_timer": 0, "fcause_gap_data": 5406, "fcause_gap_refresh": 0, "fcause_other": 0, "fcause_fired": 5406, "fcause_unattr": 0, "fcause_timer_frac": 0.0, "fcause_gap_frac": 1.0, "succ_lines": 9, "succ_gen": 0, "succ_det": 87503, "succ_res": 86960, "succ_orig_n": 86011, "succ_rep_n": 949, "succ_aban_n": 0, "succ_open": 543, "succ_over": 0, "succ_orig_p50_us": 32768, "succ_orig_p90_us": 81920, "succ_orig_p99_us": 245760, "succ_orig_mx_us": 526806, "succ_orig_frac": 0.9891, "succ_identity_ok": 1}
LIVENESS c7-CTL rep=2 RWM_QUANTILE_CLOCKS=RWM_QUANTILE_CLOCKS=0/RWM_QUANTILE_CLOCKS=0(exp0) RWM_ALPHA_OVERRIDE=RWM_ALPHA_OVERRIDE=unset/RWM_ALPHA_OVERRIDE=unset(expunset) RWM_W_FORM=RWM_W_FORM=cantelli/RWM_W_FORM=cantelli(expcantelli) RWM_DELTA_CAP=RWM_DELTA_CAP=1/RWM_DELTA_CAP=1(exp1) RWM_SUM_CAP=RWM_SUM_CAP=1/RWM_SUM_CAP=1(exp1) RWM_HOLDDOWN_Q=RWM_HOLDDOWN_Q=unset/RWM_HOLDDOWN_Q=unset(expunset) RWM_REFRESH_FLOOR_US=RWM_REFRESH_FLOOR_US=unset/RWM_REFRESH_FLOOR_US=unset(expunset) RWM_RACK_CLOCKS=RWM_RACK_CLOCKS=0/RWM_RACK_CLOCKS=0(exp0) RWM_DERIVED_SWEEP=RWM_DERIVED_SWEEP=0/RWM_DERIVED_SWEEP=0(exp0) RWM_COMPOSED_CAP=RWM_COMPOSED_CAP=0/RWM_COMPOSED_CAP=0(exp0) RWM_THREE_TERM=RWM_THREE_TERM=0/RWM_THREE_TERM=0(exp0) RWM_STORE_CAP_UNIFIED=RWM_STORE_CAP_UNIFIED=0/RWM_STORE_CAP_UNIFIED=0(exp0) RWM_LATE_BRAKE=RWM_LATE_BRAKE=0/RWM_LATE_BRAKE=0(exp0) RWM_CHARGE_RECOVERY=RWM_CHARGE_RECOVERY=0/RWM_CHARGE_RECOVERY=0(exp0) RWM_RELEASE_1TO1=RWM_RELEASE_1TO1=0/RWM_RELEASE_1TO1=0(exp0) RWM_LOSS_SENT_TRUTH=RWM_LOSS_SENT_TRUTH=0/RWM_LOSS_SENT_TRUTH=0(exp0) RWM_RTT_DUMP=RWM_RTT_DUMP=0/RWM_RTT_DUMP=0(exp0) RWM_SUCC_DUMP=RWM_SUCC_DUMP=0/RWM_SUCC_DUMP=0(exp0) RWM_DIAG=RWM_DIAG=1/RWM_DIAG=1(exp1) RWM_ACKDIAG=RWM_ACKDIAG=1/RWM_ACKDIAG=1(exp1) RWM_WALLDIAG=RWM_WALLDIAG=1/RWM_WALLDIAG=1(exp1) RWM_FDIAG=RWM_FDIAG=1/RWM_FDIAG=1(exp1)
W5QALPHA c7-CTL rep=2 cli=form:cantelli/win_n:unavail/alpha:1.000000e-3 srv=form:cantelli/win_n:unavail/alpha:1.000000e-5 (exp form=cantelli win_n=unavail)
WCLOCK c7-CTL rep=2 law_n=169602 evals=169602 win_ok=0 win_n=unavail p50=100000 p05=82158 p95=100000 shipped_clock=100000
W8SUCC c7-CTL rep=2 det=87503 res=86960 orig_frac=0.9891
QALPHALINE c7-CTL rep=2 site=cli [QALPHA] site=receiver quantile=0 form=cantelli win_n=unavail contract_alpha=1.000000e-5 override=unset alpha=1.000000e-5 k=316.2262 fa_class=0.0625
QALPHALINE c7-CTL rep=2 site=cli [QALPHA] site=sender quantile=0 form=cantelli win_n=unavail contract_alpha=1.000000e-3 override=unset alpha=1.000000e-3 k=31.6070 fa_class=0.0625
QALPHALINE c7-CTL rep=2 site=srv [QALPHA] site=receiver quantile=0 form=cantelli win_n=unavail contract_alpha=1.000000e-5 override=unset alpha=1.000000e-5 k=316.2262 fa_class=0.0625
QALPHALINE c7-CTL rep=2 site=srv [QALPHA] site=sender quantile=0 form=cantelli win_n=unavail contract_alpha=1.000000e-3 override=unset alpha=1.000000e-3 k=31.6070 fa_class=0.0625
QCLKLINE c7-CTL rep=2 site=cli [QCLK] site=sender on=0 form=cantelli win_n=unavail win_ok=0 alpha=1.000000e-3 k=31.6070 evals=169602 law_n=169602 kept=2651 w_us_mean=97578.0 w_us_p05=82158 w_us_p50=100000 w_us_p95=100000 w_us_min=25000 w_us_max=100000 srtt_us_mean=78749.3 sigma_us_mean=2129.1/n169012 fa_class=0.0625
QCLKLINE c7-CTL rep=2 site=srv [QCLK] site=receiver on=0 form=cantelli win_n=unavail win_ok=0 alpha=1.000000e-5 k=316.2262 evals=16525 law_n=16525 kept=2066 w_us_mean=99889.9 w_us_p05=100000 w_us_p50=100000 w_us_p95=100000 w_us_min=96982 w_us_max=100000 srtt_us_mean=53396.5 sigma_us_mean=26056.0/n15135 fa_class=0.0625
QCLKLINE c7-CTL rep=2 site=srv [QCLK] site=receiver on=0 form=cantelli win_n=unavail win_ok=0 alpha=1.000000e-5 k=316.2262 evals=35014 law_n=35014 kept=2189 w_us_mean=98877.9 w_us_p05=88434 w_us_p50=100000 w_us_p95=100000 w_us_min=88434 w_us_max=100000 srtt_us_mean=57977.8 sigma_us_mean=29208.9/n33624 fa_class=0.0625
QCLKLINE c7-CTL rep=2 site=srv [QCLK] site=receiver on=0 form=cantelli win_n=unavail win_ok=0 alpha=1.000000e-5 k=316.2262 evals=53784 law_n=53784 kept=3362 w_us_mean=99269.5 w_us_p05=88434 w_us_p50=100000 w_us_p95=100000 w_us_min=88434 w_us_max=100000 srtt_us_mean=63696.6 sigma_us_mean=29490.2/n52394 fa_class=0.0625
QCLKLINE c7-CTL rep=2 site=srv [QCLK] site=receiver on=0 form=cantelli win_n=unavail win_ok=0 alpha=1.000000e-5 k=316.2262 evals=71120 law_n=71120 kept=2223 w_us_mean=99447.6 w_us_p05=96982 w_us_p50=100000 w_us_p95=100000 w_us_min=88434 w_us_max=100000 srtt_us_mean=74409.3 sigma_us_mean=35879.1/n69730 fa_class=0.0625
QCLKLINE c7-CTL rep=2 site=srv [QCLK] site=receiver on=0 form=cantelli win_n=unavail win_ok=0 alpha=1.000000e-5 k=316.2262 evals=88125 law_n=88125 kept=2754 w_us_mean=99554.2 w_us_p05=96982 w_us_p50=100000 w_us_p95=100000 w_us_min=88434 w_us_max=100000 srtt_us_mean=85081.1 sigma_us_mean=46287.2/n86735 fa_class=0.0625
QCLKLINE c7-CTL rep=2 site=srv [QCLK] site=receiver on=0 form=cantelli win_n=unavail win_ok=0 alpha=1.000000e-5 k=316.2262 evals=106287 law_n=106287 kept=3322 w_us_mean=99630.4 w_us_p05=100000 w_us_p50=100000 w_us_p95=100000 w_us_min=88434 w_us_max=100000 srtt_us_mean=86952.2 sigma_us_mean=47725.5/n104897 fa_class=0.0625
QCLKLINE c7-CTL rep=2 site=srv [QCLK] site=receiver on=0 form=cantelli win_n=unavail win_ok=0 alpha=1.000000e-5 k=316.2262 evals=123780 law_n=123780 kept=3869 w_us_mean=99682.6 w_us_p05=100000 w_us_p50=100000 w_us_p95=100000 w_us_min=88434 w_us_max=100000 srtt_us_mean=86048.5 sigma_us_mean=44252.3/n122390 fa_class=0.0625
QCLKLINE c7-CTL rep=2 site=srv [QCLK] site=receiver on=0 form=cantelli win_n=unavail win_ok=0 alpha=1.000000e-5 k=316.2262 evals=141122 law_n=141122 kept=2206 w_us_mean=99721.6 w_us_p05=100000 w_us_p50=100000 w_us_p95=100000 w_us_min=88434 w_us_max=100000 srtt_us_mean=85292.8 sigma_us_mean=41596.5/n139732 fa_class=0.0625
QCLKLINE c7-CTL rep=2 site=srv [QCLK] site=receiver on=0 form=cantelli win_n=unavail win_ok=0 alpha=1.000000e-5 k=316.2262 evals=158774 law_n=158774 kept=2481 w_us_mean=99752.6 w_us_p05=100000 w_us_p50=100000 w_us_p95=100000 w_us_min=88434 w_us_max=100000 srtt_us_mean=84550.6 sigma_us_mean=39584.7/n157384 fa_class=0.0625
RACKLINE c7-CTL rep=2 site=cli [RACK] on=0 evals=0 ceil=0.0000 gran=0.0000 legacy_pin=0.0000 round=0.0 legacy=0.0 mult=1 fa=86/86 fa_frac=1.0000 fa_class=0.0625
RACKLINE c7-CTL rep=2 site=cli [RACK] on=0 evals=0 ceil=0.0000 gran=0.0000 legacy_pin=0.0000 round=0.0 legacy=0.0 mult=1 fa=1065/5406 fa_frac=0.1970 fa_class=0.0625
RFALINE c7-CTL rep=2 site=cli [RFA] gen=0 fires=10 false=10 false_frac=1.0000 fill_coded=0 fill_src=0 dup_src=10 preempt_src=0 src_n=11 rep_n=9 nu_recv=0.90909 fa_class=0.0625
RFALINE c7-CTL rep=2 site=cli [RFA] gen=0 fires=21 false=21 false_frac=1.0000 fill_coded=0 fill_src=0 dup_src=21 preempt_src=0 src_n=22 rep_n=20 nu_recv=0.95455 fa_class=0.0625
RFALINE c7-CTL rep=2 site=cli [RFA] gen=0 fires=31 false=31 false_frac=1.0000 fill_coded=0 fill_src=0 dup_src=31 preempt_src=0 src_n=32 rep_n=30 nu_recv=0.96875 fa_class=0.0625
RFALINE c7-CTL rep=2 site=cli [RFA] gen=0 fires=38 false=38 false_frac=1.0000 fill_coded=0 fill_src=0 dup_src=38 preempt_src=0 src_n=39 rep_n=37 nu_recv=0.97436 fa_class=0.0625
RFALINE c7-CTL rep=2 site=cli [RFA] gen=0 fires=43 false=43 false_frac=1.0000 fill_coded=0 fill_src=0 dup_src=43 preempt_src=0 src_n=44 rep_n=42 nu_recv=0.97727 fa_class=0.0625
RFALINE c7-CTL rep=2 site=cli [RFA] gen=0 fires=51 false=51 false_frac=1.0000 fill_coded=0 fill_src=0 dup_src=51 preempt_src=0 src_n=52 rep_n=50 nu_recv=0.98077 fa_class=0.0625
RFALINE c7-CTL rep=2 site=cli [RFA] gen=0 fires=61 false=61 false_frac=1.0000 fill_coded=0 fill_src=0 dup_src=61 preempt_src=0 src_n=62 rep_n=60 nu_recv=0.98387 fa_class=0.0625
RFALINE c7-CTL rep=2 site=cli [RFA] gen=0 fires=71 false=71 false_frac=1.0000 fill_coded=0 fill_src=0 dup_src=71 preempt_src=0 src_n=72 rep_n=70 nu_recv=0.98611 fa_class=0.0625
RFALINE c7-CTL rep=2 site=cli [RFA] gen=0 fires=81 false=81 false_frac=1.0000 fill_coded=0 fill_src=0 dup_src=81 preempt_src=0 src_n=82 rep_n=80 nu_recv=0.98780 fa_class=0.0625
RFALINE c7-CTL rep=2 site=cli [RFA] gen=0 fires=86 false=86 false_frac=1.0000 fill_coded=0 fill_src=0 dup_src=86 preempt_src=0 src_n=88 rep_n=86 nu_recv=0.97727 fa_class=0.0625
RFALINE c7-CTL rep=2 site=srv [RFA] gen=0 fires=9037 false=161 false_frac=0.0178 fill_coded=79 fill_src=8797 dup_src=85 preempt_src=76 src_n=16490 rep_n=109 nu_recv=0.54803 fa_class=0.0625
RFALINE c7-CTL rep=2 site=srv [RFA] gen=0 fires=18965 false=303 false_frac=0.0160 fill_coded=164 fill_src=18498 dup_src=151 preempt_src=152 src_n=34812 rep_n=259 nu_recv=0.54478 fa_class=0.0625
RFALINE c7-CTL rep=2 site=srv [RFA] gen=0 fires=28894 false=467 false_frac=0.0162 fill_coded=291 fill_src=28136 dup_src=194 preempt_src=273 src_n=53353 rep_n=467 nu_recv=0.54156 fa_class=0.0625
RFALINE c7-CTL rep=2 site=srv [RFA] gen=0 fires=39105 false=848 false_frac=0.0217 fill_coded=408 fill_src=37849 dup_src=481 preempt_src=367 src_n=70492 rep_n=646 nu_recv=0.55474 fa_class=0.0625
RFALINE c7-CTL rep=2 site=srv [RFA] gen=0 fires=48820 false=980 false_frac=0.0201 fill_coded=488 fill_src=47352 dup_src=544 preempt_src=436 src_n=87393 rep_n=804 nu_recv=0.55863 fa_class=0.0625
RFALINE c7-CTL rep=2 site=srv [RFA] gen=0 fires=58738 false=1112 false_frac=0.0189 fill_coded=623 fill_src=57003 dup_src=564 preempt_src=548 src_n=105339 rep_n=1006 nu_recv=0.55761 fa_class=0.0625
RFALINE c7-CTL rep=2 site=srv [RFA] gen=0 fires=68742 false=1269 false_frac=0.0185 fill_coded=748 fill_src=66725 dup_src=598 preempt_src=671 src_n=122656 rep_n=1173 nu_recv=0.56045 fa_class=0.0625
RFALINE c7-CTL rep=2 site=srv [RFA] gen=0 fires=78602 false=1379 false_frac=0.0175 fill_coded=832 fill_src=76391 dup_src=626 preempt_src=753 src_n=139835 rep_n=1318 nu_recv=0.56211 fa_class=0.0625
RFALINE c7-CTL rep=2 site=srv [RFA] gen=0 fires=88528 false=1564 false_frac=0.0177 fill_coded=953 fill_src=86011 dup_src=693 preempt_src=871 src_n=157309 rep_n=1474 nu_recv=0.56277 fa_class=0.0625
FCAUSELINE c7-CTL rep=2 site=cli [FCAUSE] gen=0 n=5406 timer=0 gap_data=5406 gap_refresh=0 other=0 timer_frac=0.0000 gap_frac=1.0000 fired=5406 unattr=0 fa_class=0.0625
SUCCLINE c7-CTL rep=2 site=cli [SUCC] gen=0 det=0 res=0 orig_n=0 orig_p50_us=- orig_p90_us=- orig_p99_us=- orig_mx_us=- orig_mean_us=- rep_n=0 rep_p50_us=- rep_p90_us=- rep_p99_us=- rep_mx_us=- rep_mean_us=- aban_n=0 aban_p50_us=- aban_p90_us=- aban_p99_us=- aban_mx_us=- aban_mean_us=- open=0 over=0 orig_frac=- cross_us=- dump=0/0
SUCCLINE c7-CTL rep=2 site=cli [SUCC] gen=0 det=0 res=0 orig_n=0 orig_p50_us=- orig_p90_us=- orig_p99_us=- orig_mx_us=- orig_mean_us=- rep_n=0 rep_p50_us=- rep_p90_us=- rep_p99_us=- rep_mx_us=- rep_mean_us=- aban_n=0 aban_p50_us=- aban_p90_us=- aban_p99_us=- aban_mx_us=- aban_mean_us=- open=0 over=0 orig_frac=- cross_us=- dump=0/0
SUCCLINE c7-CTL rep=2 site=cli [SUCC] gen=0 det=0 res=0 orig_n=0 orig_p50_us=- orig_p90_us=- orig_p99_us=- orig_mx_us=- orig_mean_us=- rep_n=0 rep_p50_us=- rep_p90_us=- rep_p99_us=- rep_mx_us=- rep_mean_us=- aban_n=0 aban_p50_us=- aban_p90_us=- aban_p99_us=- aban_mx_us=- aban_mean_us=- open=0 over=0 orig_frac=- cross_us=- dump=0/0
SUCCLINE c7-CTL rep=2 site=cli [SUCC] gen=0 det=0 res=0 orig_n=0 orig_p50_us=- orig_p90_us=- orig_p99_us=- orig_mx_us=- orig_mean_us=- rep_n=0 rep_p50_us=- rep_p90_us=- rep_p99_us=- rep_mx_us=- rep_mean_us=- aban_n=0 aban_p50_us=- aban_p90_us=- aban_p99_us=- aban_mx_us=- aban_mean_us=- open=0 over=0 orig_frac=- cross_us=- dump=0/0
SUCCLINE c7-CTL rep=2 site=cli [SUCC] gen=0 det=0 res=0 orig_n=0 orig_p50_us=- orig_p90_us=- orig_p99_us=- orig_mx_us=- orig_mean_us=- rep_n=0 rep_p50_us=- rep_p90_us=- rep_p99_us=- rep_mx_us=- rep_mean_us=- aban_n=0 aban_p50_us=- aban_p90_us=- aban_p99_us=- aban_mx_us=- aban_mean_us=- open=0 over=0 orig_frac=- cross_us=- dump=0/0
SUCCLINE c7-CTL rep=2 site=cli [SUCC] gen=0 det=0 res=0 orig_n=0 orig_p50_us=- orig_p90_us=- orig_p99_us=- orig_mx_us=- orig_mean_us=- rep_n=0 rep_p50_us=- rep_p90_us=- rep_p99_us=- rep_mx_us=- rep_mean_us=- aban_n=0 aban_p50_us=- aban_p90_us=- aban_p99_us=- aban_mx_us=- aban_mean_us=- open=0 over=0 orig_frac=- cross_us=- dump=0/0
SUCCLINE c7-CTL rep=2 site=cli [SUCC] gen=0 det=0 res=0 orig_n=0 orig_p50_us=- orig_p90_us=- orig_p99_us=- orig_mx_us=- orig_mean_us=- rep_n=0 rep_p50_us=- rep_p90_us=- rep_p99_us=- rep_mx_us=- rep_mean_us=- aban_n=0 aban_p50_us=- aban_p90_us=- aban_p99_us=- aban_mx_us=- aban_mean_us=- open=0 over=0 orig_frac=- cross_us=- dump=0/0
SUCCLINE c7-CTL rep=2 site=cli [SUCC] gen=0 det=0 res=0 orig_n=0 orig_p50_us=- orig_p90_us=- orig_p99_us=- orig_mx_us=- orig_mean_us=- rep_n=0 rep_p50_us=- rep_p90_us=- rep_p99_us=- rep_mx_us=- rep_mean_us=- aban_n=0 aban_p50_us=- aban_p90_us=- aban_p99_us=- aban_mx_us=- aban_mean_us=- open=0 over=0 orig_frac=- cross_us=- dump=0/0
SUCCLINE c7-CTL rep=2 site=cli [SUCC] gen=0 det=0 res=0 orig_n=0 orig_p50_us=- orig_p90_us=- orig_p99_us=- orig_mx_us=- orig_mean_us=- rep_n=0 rep_p50_us=- rep_p90_us=- rep_p99_us=- rep_mx_us=- rep_mean_us=- aban_n=0 aban_p50_us=- aban_p90_us=- aban_p99_us=- aban_mx_us=- aban_mean_us=- open=0 over=0 orig_frac=- cross_us=- dump=0/0
SUCCLINE c7-CTL rep=2 site=srv [SUCC] gen=0 det=9372 res=8875 orig_n=8797 orig_p50_us=20480 orig_p90_us=40960 orig_p99_us=98304 orig_mx_us=160633 orig_mean_us=23183 rep_n=78 rep_p50_us=26624 rep_p90_us=122880 rep_p99_us=122880 rep_mx_us=125114 rep_mean_us=48947 aban_n=0 aban_p50_us=- aban_p90_us=- aban_p99_us=- aban_mx_us=- aban_mean_us=- open=497 over=0 orig_frac=0.9912 cross_us=- dump=0/0
SUCCLINE c7-CTL rep=2 site=srv [SUCC] gen=0 det=18782 res=18661 orig_n=18498 orig_p50_us=26624 orig_p90_us=65536 orig_p99_us=114688 orig_mx_us=209408 orig_mean_us=34234 rep_n=163 rep_p50_us=53248 rep_p90_us=122880 rep_p99_us=163840 rep_mx_us=180910 rep_mean_us=64122 aban_n=0 aban_p50_us=- aban_p90_us=- aban_p99_us=- aban_mx_us=- aban_mean_us=- open=121 over=0 orig_frac=0.9913 cross_us=- dump=0/0
SUCCLINE c7-CTL rep=2 site=srv [SUCC] gen=0 det=28837 res=28426 orig_n=28136 orig_p50_us=30720 orig_p90_us=73728 orig_p99_us=147456 orig_mx_us=310939 orig_mean_us=38448 rep_n=290 rep_p50_us=65536 rep_p90_us=131072 rep_p99_us=229376 rep_mx_us=235980 rep_mean_us=73220 aban_n=0 aban_p50_us=- aban_p90_us=- aban_p99_us=- aban_mx_us=- aban_mean_us=- open=411 over=0 orig_frac=0.9898 cross_us=- dump=0/0
SUCCLINE c7-CTL rep=2 site=srv [SUCC] gen=0 det=38502 res=38256 orig_n=37849 orig_p50_us=36864 orig_p90_us=114688 orig_p99_us=262144 orig_mx_us=526806 orig_mean_us=55764 rep_n=407 rep_p50_us=65536 rep_p90_us=163840 rep_p99_us=262144 rep_mx_us=389372 rep_mean_us=81882 aban_n=0 aban_p50_us=- aban_p90_us=- aban_p99_us=- aban_mx_us=- aban_mean_us=- open=246 over=0 orig_frac=0.9894 cross_us=- dump=0/0
SUCCLINE c7-CTL rep=2 site=srv [SUCC] gen=0 det=48410 res=47838 orig_n=47352 orig_p50_us=36864 orig_p90_us=98304 orig_p99_us=262144 orig_mx_us=526806 orig_mean_us=51943 rep_n=486 rep_p50_us=65536 rep_p90_us=163840 rep_p99_us=262144 rep_mx_us=389372 rep_mean_us=80062 aban_n=0 aban_p50_us=- aban_p90_us=- aban_p99_us=- aban_mx_us=- aban_mean_us=- open=572 over=0 orig_frac=0.9898 cross_us=- dump=0/0
SUCCLINE c7-CTL rep=2 site=srv [SUCC] gen=0 det=57964 res=57624 orig_n=57003 orig_p50_us=32768 orig_p90_us=90112 orig_p99_us=262144 orig_mx_us=526806 orig_mean_us=49450 rep_n=621 rep_p50_us=61440 rep_p90_us=147456 rep_p99_us=245760 rep_mx_us=389372 rep_mean_us=79017 aban_n=0 aban_p50_us=- aban_p90_us=- aban_p99_us=- aban_mx_us=- aban_mean_us=- open=340 over=0 orig_frac=0.9892 cross_us=- dump=0/0
SUCCLINE c7-CTL rep=2 site=srv [SUCC] gen=0 det=67949 res=67471 orig_n=66725 orig_p50_us=32768 orig_p90_us=81920 orig_p99_us=245760 orig_mx_us=526806 orig_mean_us=47657 rep_n=746 rep_p50_us=61440 rep_p90_us=131072 rep_p99_us=245760 rep_mx_us=389372 rep_mean_us=77796 aban_n=0 aban_p50_us=- aban_p90_us=- aban_p99_us=- aban_mx_us=- aban_mean_us=- open=478 over=0 orig_frac=0.9889 cross_us=- dump=0/0
SUCCLINE c7-CTL rep=2 site=srv [SUCC] gen=0 det=77439 res=77219 orig_n=76391 orig_p50_us=36864 orig_p90_us=81920 orig_p99_us=245760 orig_mx_us=526806 orig_mean_us=47423 rep_n=828 rep_p50_us=61440 rep_p90_us=147456 rep_p99_us=245760 rep_mx_us=389372 rep_mean_us=78066 aban_n=0 aban_p50_us=- aban_p90_us=- aban_p99_us=- aban_mx_us=- aban_mean_us=- open=220 over=0 orig_frac=0.9893 cross_us=- dump=0/0
SUCCLINE c7-CTL rep=2 site=srv [SUCC] gen=0 det=87503 res=86960 orig_n=86011 orig_p50_us=32768 orig_p90_us=81920 orig_p99_us=245760 orig_mx_us=526806 orig_mean_us=46442 rep_n=949 rep_p50_us=65536 rep_p90_us=131072 rep_p99_us=245760 rep_mx_us=389372 rep_mean_us=77746 aban_n=0 aban_p50_us=- aban_p90_us=- aban_p99_us=- aban_mx_us=- aban_mean_us=- open=543 over=0 orig_frac=0.9891 cross_us=- dump=0/0
HOLDLINE c7-CTL rep=2 site=cli [HOLD] site=sender path=0 gen=0 q=unset n_req=- n_obs=1000 samp_n=1000 fed=36994 t_us=- obs_p50_us=40875 obs_p90_us=76240 obs_p99_us=82703 evals=2685 law_n=0 sup=0 emit=2685 hd_p50_us=- hd_p90_us=- hd_p99_us=- hd_mx_us=- hd_n=0 fa_class=0.0625
HOLDLINE c7-CTL rep=2 site=cli [HOLD] site=sender path=1 gen=0 q=unset n_req=- n_obs=1000 samp_n=1000 fed=42147 t_us=- obs_p50_us=28129 obs_p90_us=61182 obs_p99_us=70661 evals=2721 law_n=0 sup=0 emit=2721 hd_p50_us=- hd_p90_us=- hd_p99_us=- hd_mx_us=- hd_n=0 fa_class=0.0625
WALLLINE c7-CTL rep=2 site=cli [WALL] onset=1.0000 dur_ms=0.1 retx=0 total_ms=9724.1 it_ms=0.057
VAWITNESS {"cell":"c7","arm":"CTL","alpha":"unset","seed":42,"rep":2,"rc":0,"mean_mbps":164.757,"band":[140,180],"band_applies":1,"in_band":1,"lossy":1,"alpha_expect":"unset","alpha_got_cli":"unset","alpha_got_srv":"unset","form_expect":"cantelli","form_got_cli":"cantelli","form_got_srv":"cantelli","winn_expect":"unavail","winn_got_cli":"unavail","winn_got_srv":"unavail","qclk_law_n":169602,"qclk_evals":169602,"qclk_win_ok":0,"qclk_win_n":"unavail","w_us_p50":100000,"w_us_p05":82158,"w_us_p95":100000,"shipped_clock_us":100000,"fcause_n":5406,"fcause_timer":0,"fcause_gap_data":5406,"fcause_gap_refresh":0,"fcause_other":0,"fcause_unattr":0,"succ_det":87503,"succ_res":86960,"succ_orig_frac":"0.9891","rfa_fires":88528,"rfa_false":1564,"rfa_false_frac":"0.0177","rfa_fill_coded":953,"rack_fa":"1065/5406","rack_fa_frac":"0.1970","fails":""}
=== rep=2 arm=c7-Q400 alpha=0.4 form=quantile win_n=25 seed=42 env="RWM_QUANTILE_CLOCKS=1 RWM_ALPHA_OVERRIDE=0.4 RWM_W_FORM=quantile RWM_DELTA_CAP=1 RWM_SUM_CAP=1 RWM_RACK_CLOCKS=0 RWM_DERIVED_SWEEP=0 RWM_COMPOSED_CAP=0 RWM_THREE_TERM=0 RWM_STORE_CAP_UNIFIED=0 RWM_LATE_BRAKE=0 RWM_CHARGE_RECOVERY=0 RWM_RELEASE_1TO1=0 RWM_LOSS_SENT_TRUTH=0 RWM_RTT_DUMP=0 RWM_SUCC_DUMP=0" cell=c2/c2/dual bytes=200000000 18:35:03
[2m2026-08-21T18:35:04.827153Z[0m [32m INFO[0m [2mraptorpath::gates[0m[2m:[0m [GATES] RWM_UNIFIED=1 RWM_UNIFIED_SHED=1 RWM_TAPER_R=1 RWM_ASTAR_ANCHOR=1 RWM_MSTAR_ANCHOR=1 RWM_PLAIN_RS=0 RWM_HONEST_ANCHOR=1 RWM_HONEST_K=0 RWM_STORE_SACK_RELEASE=1 RWM_STORE_PATHS=1 RWM_STORE_PATH_POOL=2048 RWM_STORE=unset RWM_STORE_GAIN=2 RWM_STORE_BOOT=128 RWM_STORE_CAPW=0 RWM_STORE_CAP_UNIFIED=0 RWM_THREE_TERM=0 RWM_COMPOSED_CAP=0 RWM_SUM_CAP=1 RWM_LATE_BRAKE=0 RWM_DELTA_CAP=1 RWM_STORE_PERCAP=0 RWM_PERCAP_GUARD=1 RWM_STORE_BORROW=0 RWM_HONEST_CAP=1 RWM_POOL_ANCHOR=0 RWM_POOL_DELIV=0 RWM_FLOOR_BOUND=0 RWM_ACK_MERGE=1 RWM_LOSS_SENT_TRUTH=0 RWM_RELEASE_1TO1=0 RWM_CHARGE_RECOVERY=0 RWM_PATIENCE_DERIVED=0 RWM_SIDLE_DERIVED=0 RWM_WIN_DECOUPLE=0 RWM_PLACE_SLACK=0 RWM_COLD_PLACE=0 RWM_GEN=384 RWM_PIPELINE=2 RWM_GEN_PIPE=1 RWM_GEN_R=unset RWM_GEN_RATE=9000 RWM_GEN_RATE_FLOOR=2000 RWM_GEN_INFLIGHT=unset RWM_OOO_RETAIN=0/16 RWM_WINDOW=unset RWM_REPORT_GENS=unset RWM_REPAIR_WAIT=unset RWM_CODED_SRC=0 RWM_NO_REACTIVE=0 RWM_XPATH_REPAIR=0 RWM_PROACTIVE_PACER=0 RWM_REASM_BDP=0 RWM_MIN_R=0 RWM_CC_PACE=0 RWM_CC_PACE_HR=1.1 RWM_REACT_CAP=unset RWM_INFL_CAP=0 RWM_INFL_BDP=unset RWM_COPA_FEED=0 RWM_RS_ATTR=1 RWM_EMIT_BATCH=0 RWM_EMIT_BURST=64 RWM_RECOV_MP=1 RWM_RECOV_MP_LAW=1 RWM_RECOV_MP_LIVE=0 RWM_RECOV_SP=0 RWM_DERIVED_SWEEP=0 RWM_RACK_CLOCKS=0 RWM_RACK_REO_MULT=1 RWM_QUANTILE_CLOCKS=1 RWM_ALPHA_OVERRIDE=0.4 RWM_W_FORM=quantile RWM_HOLDDOWN_Q=unset RWM_REFRESH_FLOOR_US=unset RWM_DIAG=1 RWM_ACKDIAG=1 RWM_ACKDIAG_WINDOW_US=2000000 RWM_RTT_DUMP=0 RWM_RTT_DUMP_MAX=400000 RWM_SUCC_DUMP=0 RWM_SUCC_DUMP_MAX=200000 RWM_WALLDIAG=1 RWM_CPUPROF=0 RWM_RDIAG=0 RWM_FDIAG=1 RWM_TRACE=0 RWM_PFRAC=0
{"bytes":200000000,"dnf":0,"hint":"bulk","max_s":11.4498,"mean_mbps":139.74,"mean_s":11.4498,"median_s":11.4498,"min_s":11.4498,"proto":"rp-native","runs":1,"stdev_s":0.0,"summary":true}
    LATPROBE-LEG leg=0 file=/tmp/rwm-ping-0.txt sent=229 recv=219 censor=4.37% p50=21.0[censor=4.37% ok] p95=62.7[censor=4.37% ok] p99=74.8[censor=4.37% UNSCOREABLE(inside censored tail)]
    LATPROBE-LEG leg=1 file=/tmp/rwm-ping-1.txt sent=229 recv=222 censor=3.06% p50=21.2[censor=3.06% ok] p95=62.1[censor=3.06% ok] p99=87.2[censor=3.06% UNSCOREABLE(inside censored tail)]
    LATPROBE: 2 leg(s) /tmp/rwm-ping-0.txt=219 /tmp/rwm-ping-1.txt=222 replies
    CPU: CPUSRV=14.62s CPUCLI=16.47s (srv=decoder cli=sender; whole-invocation incl warmup)
    QDISC cli0: qdisc netem bd75: root refcnt 7 limit 1000 delay 5ms  3ms loss gemodel p 1.3% r 50% 1-h 100% 1-k 0% rate 100Mbit seed 42  Sent 111002127 bytes 90260 pkt (dropped 517, overlimits 0 requeues 0)   backlog 0b 0p requeues 0 
    QDISC cli1: qdisc netem bd76: root refcnt 7 limit 1000 delay 5ms  3ms loss gemodel p 1.3% r 50% 1-h 100% 1-k 0% rate 100Mbit seed 1042  Sent 112654715 bytes 91611 pkt (dropped 497, overlimits 0 requeues 0)   backlog 0b 0p requeues 0 
    QDISC srv0: qdisc netem bd77: root refcnt 7 limit 1000 delay 5ms  3ms rate 100Mbit seed 10510323954395062474  Sent 13946109 bytes 51487 pkt (dropped 0, overlimits 0 requeues 0)   backlog 0b 0p requeues 0 
    QDISC srv1: qdisc netem bd78: root refcnt 7 limit 1000 delay 5ms  3ms rate 100Mbit seed 1695786256746028563  Sent 13980554 bytes 52533 pkt (dropped 0, overlimits 0 requeues 0)   backlog 0b 0p requeues 0 
    QCAP: /tmp/rwm-q.txt 18 lines
RUNTIME c7-Q400 rep=2 13s rc=0
ALPHARESULT {"cell": "c7", "arm": "Q400", "alpha_cmd": 0.4, "seed": 42, "rep": 2, "n_paths": 2, "dnf": false, "dnf_count": 0, "mbps": 139.74, "mean_mbps": 139.74, "seconds": 11.4498, "n_runs": 1, "cpusrv": 14.62, "cpucli": 16.47, "khr_med": 1.0, "kraw_med": null, "khr_n": 82, "kraw_n": 0, "rtp_med": 7, "occ_p50": 506, "occcap_p50": 1473, "q_p50": 25, "q_p99": 77, "diag_lines": 45, "retx": 5603, "w1_rfa_gen": "0", "w2_pfrac_lines": 0, "w4_retx_max": 5603, "w5_rack_fa": "546/5672", "gates_cli_quantile_clocks": 1, "gates_srv_quantile_clocks": 1, "gates_cli_rack_clocks": 0, "gates_srv_rack_clocks": 0, "gates_cli_derived_sweep": 0, "gates_srv_derived_sweep": 0, "gates_cli_delta_cap": 1, "gates_srv_delta_cap": 1, "gates_cli_sum_cap": 1, "gates_srv_sum_cap": 1, "gates_cli_composed_cap": 0, "gates_srv_composed_cap": 0, "gates_cli_three_term": 0, "gates_srv_three_term": 0, "gates_cli_loss_sent_truth": 0, "gates_srv_loss_sent_truth": 0, "gates_cli_gen": null, "gates_srv_gen": null, "gates_cli_diag": 1, "gates_srv_diag": 1, "gates_cli_ackdiag": 1, "gates_srv_ackdiag": 1, "gates_cli_walldiag": 1, "gates_srv_walldiag": 1, "gates_cli_fdiag": 1, "gates_srv_fdiag": 1, "gates_cli_recov_mp": 1, "gates_srv_recov_mp": 1, "gates_cli_cc_pace": 0, "gates_srv_cc_pace": 0, "gates_cli_rack_reo_mult": 1, "gates_srv_rack_reo_mult": 1, "gates_lines_cli": 1, "gates_lines_srv": 1, "gate_quantile_cli": "1", "gate_quantile_srv": "1", "gate_alpha_cli": "0.4", "gate_alpha_srv": "0.4", "gate_gen_cli": 384, "gate_gen_srv": 384, "gate_wform_cli": "quantile", "gate_wform_srv": "quantile", "qalpha_lines_cli": 1, "qalpha_site_cli": "sender", "qalpha_quantile_cli": 1, "qalpha_contract_cli": 0.001, "qalpha_override_cli": 0.4, "qalpha_cli": 0.4, "qalpha_k_cli": 1.2247, "qalpha_form_cli": "quantile", "qalpha_winn_cli": "25", "qalpha_lines_srv": 1, "qalpha_site_srv": "receiver", "qalpha_quantile_srv": 1, "qalpha_contract_srv": 1e-05, "qalpha_override_srv": 0.4, "qalpha_srv": 0.4, "qalpha_k_srv": 1.2247, "qalpha_form_srv": "quantile", "qalpha_winn_srv": "25", "qclk_cli_lines": 1, "qclk_cli_site": "sender", "qclk_cli_alpha": 0.4, "qclk_cli_k": 1.2247, "qclk_cli_w_us_mean": 48721.6, "qclk_cli_srtt_us_mean": 46116.1, "qclk_cli_on": 1, "qclk_cli_evals": 169949, "qclk_cli_kept": 2652, "qclk_cli_w_us_p05": 20841, "qclk_cli_w_us_p50": 46685, "qclk_cli_w_us_p95": 88416, "qclk_cli_w_us_min": 14713, "qclk_cli_w_us_max": 110359, "qclk_cli_law_n": 169728, "qclk_cli_sigma_us_mean": 3593.5, "qclk_cli_sigma_n": 169728, "qclk_form_cli": "quantile", "qclk_winn_cli": "25", "qclk_win_ok_cli": 169728, "qclk_srv_lines": 11, "qclk_srv_site": "receiver", "qclk_srv_alpha": 0.4, "qclk_srv_k": 1.2247, "qclk_srv_w_us_mean": 62064.7, "qclk_srv_srtt_us_mean": 60125.1, "qclk_srv_on": 1, "qclk_srv_evals": 164204, "qclk_srv_kept": 2132, "qclk_srv_w_us_p05": 45214, "qclk_srv_w_us_p50": 64548, "qclk_srv_w_us_p95": 71782, "qclk_srv_w_us_min": 42798, "qclk_srv_w_us_max": 71788, "qclk_srv_law_n": 136454, "qclk_srv_sigma_us_mean": 23566.6, "qclk_srv_sigma_n": 162831, "qclk_form_srv": "quantile", "qclk_winn_srv": "25", "qclk_win_ok_srv": 136454, "rack_lines_cli": 2, "rack_on_cli": 0, "rack_evals_cli": 0, "rack_ceil_cli": 0.0, "rack_gran_cli": 0.0, "rack_legacy_pin_cli": 0.0, "rack_round_cli": 0.0, "rack_legacy_cli": 0.0, "rack_mult_cli": 1, "rack_fa_n_cli": 546, "rack_fa_d_cli": 5672, "rack_fa_frac_cli": 0.0963, "rack_fa_class_cli": 0.0625, "rack_lines_srv": 0, "rack_on_srv": null, "rack_evals_srv": null, "rack_ceil_srv": null, "rack_gran_srv": null, "rack_legacy_pin_srv": null, "rack_round_srv": null, "rack_legacy_srv": null, "rack_mult_srv": null, "rack_fa_n_srv": null, "rack_fa_d_srv": null, "rack_fa_frac_srv": null, "rack_fa_class_srv": null, "rack_fired": 5672, "rack_spurious": 546, "rack_fa_frac": 0.0963, "rack_fa_class": 0.0625, "rack_round_us": 0.0, "rack_legacy_us": 0.0, "rack_evals": 0, "rack_legacy_pin": 0.0, "rfa_lines": 11, "rfa_gen": 0, "rfa_fires": 100396, "rfa_false": 2280, "rfa_fill_coded": 1314, "rfa_fill_src": 96802, "rfa_dup_src": 1056, "rfa_preempt_src": 1224, "rfa_src_n": 164547, "rfa_rep_n": 1986, "rfa_false_frac": 0.0227, "rfa_nu_recv": 0.61014, "rfa_fa_class": 0.0625, "rfa_bracket_lo": 0.0227, "rfa_bracket_hi": 0.634391, "sf_ticks": 1900, "sf_E": 0.9839, "sf_short": 0.03, "sf_zero": 0.0021, "capboot_n": 42, "capboot_frac": 0.0, "ping_n": 219, "ping_p50": 21.0, "ping_p95": 59.7, "ping_p99": 74.8, "ping_tx": 229, "ping_rx": 219, "ping_loss": 4.37, "ping_censor_frac": 0.0437, "legs_probed": 1, "leg0_n": 219, "leg0_sent": 229, "leg0_recv": 219, "leg0_sent_source": "summary", "leg0_censor_frac": 0.0437, "leg0_censor_pct": 4.37, "leg0_recv_mismatch": false, "leg0_leg_unscoreable": false, "leg0_min": 4.97, "leg0_max": 75.5, "leg0_p50": 21.0, "leg0_p50_censored": false, "leg0_p50_scoreable": true, "leg0_p95": 62.7, "leg0_p95_censored": false, "leg0_p95_scoreable": true, "leg0_p99": 74.8, "leg0_p99_censored": true, "leg0_p99_scoreable": false, "legs_censor_max": 0.0437, "wait_tun": 97, "wait_paused": 0, "wait_pace": 0, "wait_gen": 0, "wait_nack": 2, "wait_defc": 0, "wait_tail": 0, "wait_flush": 0, "wait_lines": 42, "deadwall": false, "sig_us_p50": 322.0, "sig_us_n": 85324, "sig_us_path": 1, "sig_paths": 2, "pl_n": 82, "pl_max": 0.0729, "pl_min": 0.0083, "pl_p0": 0.0729, "pl_p1": 0.0083, "dgq_hand": 175214, "dgq_full": 0, "dgq_err": 0, "dgq_gap": 26, "tc_bytes": 223656842, "tc_pkts": 181871, "tc_drop": 1014, "tc_s": 13, "hold_lines": 3, "hold_samp_n": 2000, "hold_fed": 86906, "hold_evals": 5670, "hold_law_n": 0, "hold_sup": 0, "hold_emit": 5670, "hold_hd_n": 0, "hold_q": "unset", "hold_n_req": "-", "hold_n_obs": 1000, "hold_gen": 0, "hold_sup_frac": 0.0, "hold_law_frac": 0.0, "hold_obs_p50_us": 36725, "hold_obs_p90_us": 72579, "hold_obs_p99_us": 142246, "hold_t_us_p0": null, "hold_t_us_p1": null, "hold_samp_n_p0": 1000, "hold_samp_n_p1": 1000, "hold_hd_p50_us": null, "hold_hd_p90_us": null, "hold_hd_p99_us": null, "hold_hd_mx_us": null, "hold_unattr_evals": 2, "hold_paths_n": 2, "hold_accounting_ok": 1, "hold_obs_p50_us_p0": 36725, "hold_obs_p90_us_p0": 72579, "hold_obs_p99_us_p0": 142246, "hold_obs_p50_us_p1": 10968, "hold_obs_p90_us_p1": 39003, "hold_obs_p99_us_p1": 67974, "hold_rpd": 0.057705, "fcause_lines": 1, "fcause_gen": 0, "fcause_n": 5672, "fcause_timer": 9, "fcause_gap_data": 5663, "fcause_gap_refresh": 0, "fcause_other": 0, "fcause_fired": 5672, "fcause_unattr": 0, "fcause_timer_frac": 0.0016, "fcause_gap_frac": 0.9984, "succ_lines": 11, "succ_gen": 0, "succ_det": 98293, "succ_res": 98113, "succ_orig_n": 96802, "succ_rep_n": 1311, "succ_aban_n": 0, "succ_open": 180, "succ_over": 0, "succ_orig_p50_us": 18432, "succ_orig_p90_us": 57344, "succ_orig_p99_us": 81920, "succ_orig_mx_us": 181697, "succ_orig_frac": 0.9866, "succ_identity_ok": 1}
LIVENESS c7-Q400 rep=2 RWM_QUANTILE_CLOCKS=RWM_QUANTILE_CLOCKS=1/RWM_QUANTILE_CLOCKS=1(exp1) RWM_ALPHA_OVERRIDE=RWM_ALPHA_OVERRIDE=0.4/RWM_ALPHA_OVERRIDE=0.4(exp0.4) RWM_W_FORM=RWM_W_FORM=quantile/RWM_W_FORM=quantile(expquantile) RWM_DELTA_CAP=RWM_DELTA_CAP=1/RWM_DELTA_CAP=1(exp1) RWM_SUM_CAP=RWM_SUM_CAP=1/RWM_SUM_CAP=1(exp1) RWM_HOLDDOWN_Q=RWM_HOLDDOWN_Q=unset/RWM_HOLDDOWN_Q=unset(expunset) RWM_REFRESH_FLOOR_US=RWM_REFRESH_FLOOR_US=unset/RWM_REFRESH_FLOOR_US=unset(expunset) RWM_RACK_CLOCKS=RWM_RACK_CLOCKS=0/RWM_RACK_CLOCKS=0(exp0) RWM_DERIVED_SWEEP=RWM_DERIVED_SWEEP=0/RWM_DERIVED_SWEEP=0(exp0) RWM_COMPOSED_CAP=RWM_COMPOSED_CAP=0/RWM_COMPOSED_CAP=0(exp0) RWM_THREE_TERM=RWM_THREE_TERM=0/RWM_THREE_TERM=0(exp0) RWM_STORE_CAP_UNIFIED=RWM_STORE_CAP_UNIFIED=0/RWM_STORE_CAP_UNIFIED=0(exp0) RWM_LATE_BRAKE=RWM_LATE_BRAKE=0/RWM_LATE_BRAKE=0(exp0) RWM_CHARGE_RECOVERY=RWM_CHARGE_RECOVERY=0/RWM_CHARGE_RECOVERY=0(exp0) RWM_RELEASE_1TO1=RWM_RELEASE_1TO1=0/RWM_RELEASE_1TO1=0(exp0) RWM_LOSS_SENT_TRUTH=RWM_LOSS_SENT_TRUTH=0/RWM_LOSS_SENT_TRUTH=0(exp0) RWM_RTT_DUMP=RWM_RTT_DUMP=0/RWM_RTT_DUMP=0(exp0) RWM_SUCC_DUMP=RWM_SUCC_DUMP=0/RWM_SUCC_DUMP=0(exp0) RWM_DIAG=RWM_DIAG=1/RWM_DIAG=1(exp1) RWM_ACKDIAG=RWM_ACKDIAG=1/RWM_ACKDIAG=1(exp1) RWM_WALLDIAG=RWM_WALLDIAG=1/RWM_WALLDIAG=1(exp1) RWM_FDIAG=RWM_FDIAG=1/RWM_FDIAG=1(exp1)
W5QALPHA c7-Q400 rep=2 cli=form:quantile/win_n:25/alpha:4.000000e-1 srv=form:quantile/win_n:25/alpha:4.000000e-1 (exp form=quantile win_n=25)
WCLOCK c7-Q400 rep=2 law_n=169728 evals=169949 win_ok=169728 win_n=25 p50=46685 p05=20841 p95=88416 shipped_clock=100000
W8SUCC c7-Q400 rep=2 det=98293 res=98113 orig_frac=0.9866
QALPHALINE c7-Q400 rep=2 site=cli [QALPHA] site=receiver quantile=1 form=quantile win_n=25 contract_alpha=1.000000e-5 override=4.000000e-1 alpha=4.000000e-1 k=1.2247 fa_class=0.0625
QALPHALINE c7-Q400 rep=2 site=cli [QALPHA] site=sender quantile=1 form=quantile win_n=25 contract_alpha=1.000000e-3 override=4.000000e-1 alpha=4.000000e-1 k=1.2247 fa_class=0.0625
QALPHALINE c7-Q400 rep=2 site=srv [QALPHA] site=receiver quantile=1 form=quantile win_n=25 contract_alpha=1.000000e-5 override=4.000000e-1 alpha=4.000000e-1 k=1.2247 fa_class=0.0625
QALPHALINE c7-Q400 rep=2 site=srv [QALPHA] site=sender quantile=1 form=quantile win_n=25 contract_alpha=1.000000e-3 override=4.000000e-1 alpha=4.000000e-1 k=1.2247 fa_class=0.0625
QCLKLINE c7-Q400 rep=2 site=cli [QCLK] site=sender on=1 form=quantile win_n=25 win_ok=169728 alpha=4.000000e-1 k=1.2247 evals=169949 law_n=169728 kept=2652 w_us_mean=48721.6 w_us_p05=20841 w_us_p50=46685 w_us_p95=88416 w_us_min=14713 w_us_max=110359 srtt_us_mean=46116.1 sigma_us_mean=3593.5/n169728 fa_class=0.0625
QCLKLINE c7-Q400 rep=2 site=srv [QCLK] site=receiver on=1 form=quantile win_n=25 win_ok=0 alpha=4.000000e-1 k=1.2247 evals=15041 law_n=0 kept=0 w_us_mean=0.0 w_us_p05=0 w_us_p50=0 w_us_p95=0 w_us_min=0 w_us_max=0 srtt_us_mean=0.0 sigma_us_mean=37933.1/n13668 fa_class=0.0625
QCLKLINE c7-Q400 rep=2 site=srv [QCLK] site=receiver on=1 form=quantile win_n=25 win_ok=3573 alpha=4.000000e-1 k=1.2247 evals=31323 law_n=3573 kept=3573 w_us_mean=45778.0 w_us_p05=45214 w_us_p50=45214 w_us_p95=47714 w_us_min=45214 w_us_max=47714 srtt_us_mean=55612.1 sigma_us_mean=36204.5/n29950 fa_class=0.0625
QCLKLINE c7-Q400 rep=2 site=srv [QCLK] site=receiver on=1 form=quantile win_n=25 win_ok=20277 alpha=4.000000e-1 k=1.2247 evals=48027 law_n=20277 kept=2535 w_us_mean=49421.5 w_us_p05=45214 w_us_p50=47765 w_us_p95=55111 w_us_min=45214 w_us_max=55111 srtt_us_mean=58096.0 sigma_us_mean=33707.9/n46654 fa_class=0.0625
QCLKLINE c7-Q400 rep=2 site=srv [QCLK] site=receiver on=1 form=quantile win_n=25 win_ok=36989 alpha=4.000000e-1 k=1.2247 evals=64739 law_n=36989 kept=2312 w_us_mean=49822.4 w_us_p05=43278 w_us_p50=48773 w_us_p95=55111 w_us_min=43278 w_us_max=55111 srtt_us_mean=58709.7 sigma_us_mean=30279.7/n63366 fa_class=0.0625
QCLKLINE c7-Q400 rep=2 site=srv [QCLK] site=receiver on=1 form=quantile win_n=25 win_ok=52248 alpha=4.000000e-1 k=1.2247 evals=79998 law_n=52248 kept=3265 w_us_mean=49542.1 w_us_p05=43278 w_us_p50=48773 w_us_p95=52884 w_us_min=42798 w_us_max=55111 srtt_us_mean=60440.3 sigma_us_mean=27882.9/n78625 fa_class=0.0625
QCLKLINE c7-Q400 rep=2 site=srv [QCLK] site=receiver on=1 form=quantile win_n=25 win_ok=66674 alpha=4.000000e-1 k=1.2247 evals=94424 law_n=66674 kept=2083 w_us_mean=53708.0 w_us_p05=43278 w_us_p50=49418 w_us_p95=71782 w_us_min=42798 w_us_max=71782 srtt_us_mean=60722.0 sigma_us_mean=26023.7/n93051 fa_class=0.0625
QCLKLINE c7-Q400 rep=2 site=srv [QCLK] site=receiver on=1 form=quantile win_n=25 win_ok=81240 alpha=4.000000e-1 k=1.2247 evals=108990 law_n=81240 kept=2538 w_us_mean=56948.6 w_us_p05=43278 w_us_p50=52884 w_us_p95=71782 w_us_min=42798 w_us_max=71782 srtt_us_mean=60102.3 sigma_us_mean=25394.2/n107617 fa_class=0.0625
QCLKLINE c7-Q400 rep=2 site=srv [QCLK] site=receiver on=1 form=quantile win_n=25 win_ok=95784 alpha=4.000000e-1 k=1.2247 evals=123534 law_n=95784 kept=2993 w_us_mean=58109.0 w_us_p05=43278 w_us_p50=52884 w_us_p95=71782 w_us_min=42798 w_us_max=71782 srtt_us_mean=59365.5 sigma_us_mean=24395.9/n122161 fa_class=0.0625
QCLKLINE c7-Q400 rep=2 site=srv [QCLK] site=receiver on=1 form=quantile win_n=25 win_ok=109676 alpha=4.000000e-1 k=1.2247 evals=137426 law_n=109676 kept=3427 w_us_mean=59800.2 w_us_p05=45214 w_us_p50=64548 w_us_p95=71782 w_us_min=42798 w_us_max=71788 srtt_us_mean=60047.4 sigma_us_mean=24185.0/n136053 fa_class=0.0625
QCLKLINE c7-Q400 rep=2 site=srv [QCLK] site=receiver on=1 form=quantile win_n=25 win_ok=121961 alpha=4.000000e-1 k=1.2247 evals=149711 law_n=121961 kept=3811 w_us_mean=60946.5 w_us_p05=45214 w_us_p50=64548 w_us_p95=71782 w_us_min=42798 w_us_max=71788 srtt_us_mean=59852.8 sigma_us_mean=23849.2/n148338 fa_class=0.0625
QCLKLINE c7-Q400 rep=2 site=srv [QCLK] site=receiver on=1 form=quantile win_n=25 win_ok=136454 alpha=4.000000e-1 k=1.2247 evals=164204 law_n=136454 kept=2132 w_us_mean=62064.7 w_us_p05=45214 w_us_p50=64548 w_us_p95=71782 w_us_min=42798 w_us_max=71788 srtt_us_mean=60125.1 sigma_us_mean=23566.6/n162831 fa_class=0.0625
RACKLINE c7-Q400 rep=2 site=cli [RACK] on=0 evals=0 ceil=0.0000 gran=0.0000 legacy_pin=0.0000 round=0.0 legacy=0.0 mult=1 fa=138/138 fa_frac=1.0000 fa_class=0.0625
RACKLINE c7-Q400 rep=2 site=cli [RACK] on=0 evals=0 ceil=0.0000 gran=0.0000 legacy_pin=0.0000 round=0.0 legacy=0.0 mult=1 fa=546/5672 fa_frac=0.0963 fa_class=0.0625
RFALINE c7-Q400 rep=2 site=cli [RFA] gen=0 fires=10 false=10 false_frac=1.0000 fill_coded=0 fill_src=0 dup_src=10 preempt_src=0 src_n=11 rep_n=9 nu_recv=0.90909 fa_class=0.0625
RFALINE c7-Q400 rep=2 site=cli [RFA] gen=0 fires=22 false=22 false_frac=1.0000 fill_coded=0 fill_src=0 dup_src=22 preempt_src=0 src_n=23 rep_n=21 nu_recv=0.95652 fa_class=0.0625
RFALINE c7-Q400 rep=2 site=cli [RFA] gen=0 fires=32 false=32 false_frac=1.0000 fill_coded=0 fill_src=0 dup_src=32 preempt_src=0 src_n=33 rep_n=31 nu_recv=0.96970 fa_class=0.0625
RFALINE c7-Q400 rep=2 site=cli [RFA] gen=0 fires=42 false=42 false_frac=1.0000 fill_coded=0 fill_src=0 dup_src=42 preempt_src=0 src_n=43 rep_n=41 nu_recv=0.97674 fa_class=0.0625
RFALINE c7-Q400 rep=2 site=cli [RFA] gen=0 fires=53 false=53 false_frac=1.0000 fill_coded=0 fill_src=0 dup_src=53 preempt_src=0 src_n=54 rep_n=52 nu_recv=0.98148 fa_class=0.0625
RFALINE c7-Q400 rep=2 site=cli [RFA] gen=0 fires=67 false=67 false_frac=1.0000 fill_coded=0 fill_src=0 dup_src=67 preempt_src=0 src_n=68 rep_n=66 nu_recv=0.98529 fa_class=0.0625
RFALINE c7-Q400 rep=2 site=cli [RFA] gen=0 fires=82 false=82 false_frac=1.0000 fill_coded=0 fill_src=0 dup_src=82 preempt_src=0 src_n=83 rep_n=81 nu_recv=0.98795 fa_class=0.0625
RFALINE c7-Q400 rep=2 site=cli [RFA] gen=0 fires=96 false=96 false_frac=1.0000 fill_coded=0 fill_src=0 dup_src=96 preempt_src=0 src_n=97 rep_n=95 nu_recv=0.98969 fa_class=0.0625
RFALINE c7-Q400 rep=2 site=cli [RFA] gen=0 fires=109 false=109 false_frac=1.0000 fill_coded=0 fill_src=0 dup_src=109 preempt_src=0 src_n=110 rep_n=108 nu_recv=0.99091 fa_class=0.0625
RFALINE c7-Q400 rep=2 site=cli [RFA] gen=0 fires=123 false=123 false_frac=1.0000 fill_coded=0 fill_src=0 dup_src=123 preempt_src=0 src_n=124 rep_n=122 nu_recv=0.99194 fa_class=0.0625
RFALINE c7-Q400 rep=2 site=cli [RFA] gen=0 fires=137 false=137 false_frac=1.0000 fill_coded=0 fill_src=0 dup_src=137 preempt_src=0 src_n=138 rep_n=136 nu_recv=0.99275 fa_class=0.0625
RFALINE c7-Q400 rep=2 site=cli [RFA] gen=0 fires=138 false=138 false_frac=1.0000 fill_coded=0 fill_src=0 dup_src=138 preempt_src=0 src_n=140 rep_n=138 nu_recv=0.98571 fa_class=0.0625
RFALINE c7-Q400 rep=2 site=srv [RFA] gen=0 fires=9364 false=233 false_frac=0.0249 fill_coded=99 fill_src=9032 dup_src=145 preempt_src=88 src_n=14998 rep_n=153 nu_recv=0.62435 fa_class=0.0625
RFALINE c7-Q400 rep=2 site=srv [RFA] gen=0 fires=19294 false=473 false_frac=0.0245 fill_coded=221 fill_src=18600 dup_src=267 preempt_src=206 src_n=31092 rep_n=325 nu_recv=0.62055 fa_class=0.0625
RFALINE c7-Q400 rep=2 site=srv [RFA] gen=0 fires=29341 false=726 false_frac=0.0247 fill_coded=349 fill_src=28266 dup_src=416 preempt_src=310 src_n=47625 rep_n=510 nu_recv=0.61608 fa_class=0.0625
RFALINE c7-Q400 rep=2 site=srv [RFA] gen=0 fires=39369 false=898 false_frac=0.0228 fill_coded=474 fill_src=37997 dup_src=468 preempt_src=430 src_n=64160 rep_n=679 nu_recv=0.61361 fa_class=0.0625
RFALINE c7-Q400 rep=2 site=srv [RFA] gen=0 fires=48835 false=1057 false_frac=0.0216 fill_coded=585 fill_src=47193 dup_src=528 preempt_src=529 src_n=79449 rep_n=852 nu_recv=0.61467 fa_class=0.0625
RFALINE c7-Q400 rep=2 site=srv [RFA] gen=0 fires=56622 false=1302 false_frac=0.0230 fill_coded=728 fill_src=54592 dup_src=644 preempt_src=658 src_n=93681 rep_n=1133 nu_recv=0.60441 fa_class=0.0625
RFALINE c7-Q400 rep=2 site=srv [RFA] gen=0 fires=65704 false=1507 false_frac=0.0229 fill_coded=837 fill_src=63360 dup_src=740 preempt_src=767 src_n=108174 rep_n=1307 nu_recv=0.60739 fa_class=0.0625
RFALINE c7-Q400 rep=2 site=srv [RFA] gen=0 fires=74579 false=1713 false_frac=0.0230 fill_coded=964 fill_src=71902 dup_src=828 preempt_src=885 src_n=122639 rep_n=1554 nu_recv=0.60812 fa_class=0.0625
RFALINE c7-Q400 rep=2 site=srv [RFA] gen=0 fires=83819 false=1932 false_frac=0.0230 fill_coded=1123 fill_src=80764 dup_src=894 preempt_src=1038 src_n=136641 rep_n=1703 nu_recv=0.61342 fa_class=0.0625
RFALINE c7-Q400 rep=2 site=srv [RFA] gen=0 fires=91314 false=2128 false_frac=0.0233 fill_coded=1227 fill_src=87959 dup_src=986 preempt_src=1142 src_n=149951 rep_n=1860 nu_recv=0.60896 fa_class=0.0625
RFALINE c7-Q400 rep=2 site=srv [RFA] gen=0 fires=100396 false=2280 false_frac=0.0227 fill_coded=1314 fill_src=96802 dup_src=1056 preempt_src=1224 src_n=164547 rep_n=1986 nu_recv=0.61014 fa_class=0.0625
FCAUSELINE c7-Q400 rep=2 site=cli [FCAUSE] gen=0 n=5672 timer=9 gap_data=5663 gap_refresh=0 other=0 timer_frac=0.0016 gap_frac=0.9984 fired=5672 unattr=0 fa_class=0.0625
SUCCLINE c7-Q400 rep=2 site=cli [SUCC] gen=0 det=0 res=0 orig_n=0 orig_p50_us=- orig_p90_us=- orig_p99_us=- orig_mx_us=- orig_mean_us=- rep_n=0 rep_p50_us=- rep_p90_us=- rep_p99_us=- rep_mx_us=- rep_mean_us=- aban_n=0 aban_p50_us=- aban_p90_us=- aban_p99_us=- aban_mx_us=- aban_mean_us=- open=0 over=0 orig_frac=- cross_us=- dump=0/0
SUCCLINE c7-Q400 rep=2 site=cli [SUCC] gen=0 det=0 res=0 orig_n=0 orig_p50_us=- orig_p90_us=- orig_p99_us=- orig_mx_us=- orig_mean_us=- rep_n=0 rep_p50_us=- rep_p90_us=- rep_p99_us=- rep_mx_us=- rep_mean_us=- aban_n=0 aban_p50_us=- aban_p90_us=- aban_p99_us=- aban_mx_us=- aban_mean_us=- open=0 over=0 orig_frac=- cross_us=- dump=0/0
SUCCLINE c7-Q400 rep=2 site=cli [SUCC] gen=0 det=0 res=0 orig_n=0 orig_p50_us=- orig_p90_us=- orig_p99_us=- orig_mx_us=- orig_mean_us=- rep_n=0 rep_p50_us=- rep_p90_us=- rep_p99_us=- rep_mx_us=- rep_mean_us=- aban_n=0 aban_p50_us=- aban_p90_us=- aban_p99_us=- aban_mx_us=- aban_mean_us=- open=0 over=0 orig_frac=- cross_us=- dump=0/0
SUCCLINE c7-Q400 rep=2 site=cli [SUCC] gen=0 det=0 res=0 orig_n=0 orig_p50_us=- orig_p90_us=- orig_p99_us=- orig_mx_us=- orig_mean_us=- rep_n=0 rep_p50_us=- rep_p90_us=- rep_p99_us=- rep_mx_us=- rep_mean_us=- aban_n=0 aban_p50_us=- aban_p90_us=- aban_p99_us=- aban_mx_us=- aban_mean_us=- open=0 over=0 orig_frac=- cross_us=- dump=0/0
SUCCLINE c7-Q400 rep=2 site=cli [SUCC] gen=0 det=0 res=0 orig_n=0 orig_p50_us=- orig_p90_us=- orig_p99_us=- orig_mx_us=- orig_mean_us=- rep_n=0 rep_p50_us=- rep_p90_us=- rep_p99_us=- rep_mx_us=- rep_mean_us=- aban_n=0 aban_p50_us=- aban_p90_us=- aban_p99_us=- aban_mx_us=- aban_mean_us=- open=0 over=0 orig_frac=- cross_us=- dump=0/0
SUCCLINE c7-Q400 rep=2 site=cli [SUCC] gen=0 det=0 res=0 orig_n=0 orig_p50_us=- orig_p90_us=- orig_p99_us=- orig_mx_us=- orig_mean_us=- rep_n=0 rep_p50_us=- rep_p90_us=- rep_p99_us=- rep_mx_us=- rep_mean_us=- aban_n=0 aban_p50_us=- aban_p90_us=- aban_p99_us=- aban_mx_us=- aban_mean_us=- open=0 over=0 orig_frac=- cross_us=- dump=0/0
SUCCLINE c7-Q400 rep=2 site=cli [SUCC] gen=0 det=0 res=0 orig_n=0 orig_p50_us=- orig_p90_us=- orig_p99_us=- orig_mx_us=- orig_mean_us=- rep_n=0 rep_p50_us=- rep_p90_us=- rep_p99_us=- rep_mx_us=- rep_mean_us=- aban_n=0 aban_p50_us=- aban_p90_us=- aban_p99_us=- aban_mx_us=- aban_mean_us=- open=0 over=0 orig_frac=- cross_us=- dump=0/0
SUCCLINE c7-Q400 rep=2 site=cli [SUCC] gen=0 det=0 res=0 orig_n=0 orig_p50_us=- orig_p90_us=- orig_p99_us=- orig_mx_us=- orig_mean_us=- rep_n=0 rep_p50_us=- rep_p90_us=- rep_p99_us=- rep_mx_us=- rep_mean_us=- aban_n=0 aban_p50_us=- aban_p90_us=- aban_p99_us=- aban_mx_us=- aban_mean_us=- open=0 over=0 orig_frac=- cross_us=- dump=0/0
SUCCLINE c7-Q400 rep=2 site=cli [SUCC] gen=0 det=0 res=0 orig_n=0 orig_p50_us=- orig_p90_us=- orig_p99_us=- orig_mx_us=- orig_mean_us=- rep_n=0 rep_p50_us=- rep_p90_us=- rep_p99_us=- rep_mx_us=- rep_mean_us=- aban_n=0 aban_p50_us=- aban_p90_us=- aban_p99_us=- aban_mx_us=- aban_mean_us=- open=0 over=0 orig_frac=- cross_us=- dump=0/0
SUCCLINE c7-Q400 rep=2 site=cli [SUCC] gen=0 det=0 res=0 orig_n=0 orig_p50_us=- orig_p90_us=- orig_p99_us=- orig_mx_us=- orig_mean_us=- rep_n=0 rep_p50_us=- rep_p90_us=- rep_p99_us=- rep_mx_us=- rep_mean_us=- aban_n=0 aban_p50_us=- aban_p90_us=- aban_p99_us=- aban_mx_us=- aban_mean_us=- open=0 over=0 orig_frac=- cross_us=- dump=0/0
SUCCLINE c7-Q400 rep=2 site=cli [SUCC] gen=0 det=0 res=0 orig_n=0 orig_p50_us=- orig_p90_us=- orig_p99_us=- orig_mx_us=- orig_mean_us=- rep_n=0 rep_p50_us=- rep_p90_us=- rep_p99_us=- rep_mx_us=- rep_mean_us=- aban_n=0 aban_p50_us=- aban_p90_us=- aban_p99_us=- aban_mx_us=- aban_mean_us=- open=0 over=0 orig_frac=- cross_us=- dump=0/0
SUCCLINE c7-Q400 rep=2 site=srv [SUCC] gen=0 det=9187 res=9131 orig_n=9032 orig_p50_us=26624 orig_p90_us=65536 orig_p99_us=90112 orig_mx_us=172862 orig_mean_us=33157 rep_n=99 rep_p50_us=45056 rep_p90_us=90112 rep_p99_us=147456 rep_mx_us=150506 rep_mean_us=59018 aban_n=0 aban_p50_us=- aban_p90_us=- aban_p99_us=- aban_mx_us=- aban_mean_us=- open=56 over=0 orig_frac=0.9892 cross_us=- dump=0/0
SUCCLINE c7-Q400 rep=2 site=srv [SUCC] gen=0 det=19051 res=18821 orig_n=18600 orig_p50_us=22528 orig_p90_us=61440 orig_p99_us=81920 orig_mx_us=172862 orig_mean_us=29162 rep_n=221 rep_p50_us=40960 rep_p90_us=90112 rep_p99_us=147456 rep_mx_us=150506 rep_mean_us=52279 aban_n=0 aban_p50_us=- aban_p90_us=- aban_p99_us=- aban_mx_us=- aban_mean_us=- open=230 over=0 orig_frac=0.9883 cross_us=- dump=0/0
SUCCLINE c7-Q400 rep=2 site=srv [SUCC] gen=0 det=28915 res=28615 orig_n=28266 orig_p50_us=22528 orig_p90_us=57344 orig_p99_us=81920 orig_mx_us=181697 orig_mean_us=28315 rep_n=349 rep_p50_us=45056 rep_p90_us=90112 rep_p99_us=147456 rep_mx_us=181236 rep_mean_us=53043 aban_n=0 aban_p50_us=- aban_p90_us=- aban_p99_us=- aban_mx_us=- aban_mean_us=- open=300 over=0 orig_frac=0.9878 cross_us=- dump=0/0
SUCCLINE c7-Q400 rep=2 site=srv [SUCC] gen=0 det=39222 res=38471 orig_n=37997 orig_p50_us=24576 orig_p90_us=57344 orig_p99_us=81920 orig_mx_us=181697 orig_mean_us=28730 rep_n=474 rep_p50_us=53248 rep_p90_us=90112 rep_p99_us=147456 rep_mx_us=181236 rep_mean_us=55202 aban_n=0 aban_p50_us=- aban_p90_us=- aban_p99_us=- aban_mx_us=- aban_mean_us=- open=751 over=0 orig_frac=0.9877 cross_us=- dump=0/0
SUCCLINE c7-Q400 rep=2 site=srv [SUCC] gen=0 det=47936 res=47778 orig_n=47193 orig_p50_us=24576 orig_p90_us=57344 orig_p99_us=81920 orig_mx_us=181697 orig_mean_us=29643 rep_n=585 rep_p50_us=53248 rep_p90_us=90112 rep_p99_us=147456 rep_mx_us=181236 rep_mean_us=55207 aban_n=0 aban_p50_us=- aban_p90_us=- aban_p99_us=- aban_mx_us=- aban_mean_us=- open=158 over=0 orig_frac=0.9878 cross_us=- dump=0/0
SUCCLINE c7-Q400 rep=2 site=srv [SUCC] gen=0 det=55478 res=55320 orig_n=54592 orig_p50_us=24576 orig_p90_us=57344 orig_p99_us=81920 orig_mx_us=181697 orig_mean_us=29162 rep_n=728 rep_p50_us=53248 rep_p90_us=98304 rep_p99_us=147456 rep_mx_us=181236 rep_mean_us=56097 aban_n=0 aban_p50_us=- aban_p90_us=- aban_p99_us=- aban_mx_us=- aban_mean_us=- open=158 over=0 orig_frac=0.9868 cross_us=- dump=0/0
SUCCLINE c7-Q400 rep=2 site=srv [SUCC] gen=0 det=64217 res=64197 orig_n=63360 orig_p50_us=22528 orig_p90_us=57344 orig_p99_us=81920 orig_mx_us=181697 orig_mean_us=28192 rep_n=837 rep_p50_us=53248 rep_p90_us=98304 rep_p99_us=147456 rep_mx_us=181236 rep_mean_us=55621 aban_n=0 aban_p50_us=- aban_p90_us=- aban_p99_us=- aban_mx_us=- aban_mean_us=- open=20 over=0 orig_frac=0.9870 cross_us=- dump=0/0
SUCCLINE c7-Q400 rep=2 site=srv [SUCC] gen=0 det=73245 res=72865 orig_n=71902 orig_p50_us=20480 orig_p90_us=57344 orig_p99_us=81920 orig_mx_us=181697 orig_mean_us=26958 rep_n=963 rep_p50_us=49152 rep_p90_us=90112 rep_p99_us=147456 rep_mx_us=181236 rep_mean_us=53535 aban_n=0 aban_p50_us=- aban_p90_us=- aban_p99_us=- aban_mx_us=- aban_mean_us=- open=380 over=0 orig_frac=0.9868 cross_us=- dump=0/0
SUCCLINE c7-Q400 rep=2 site=srv [SUCC] gen=0 det=82077 res=81884 orig_n=80764 orig_p50_us=20480 orig_p90_us=57344 orig_p99_us=81920 orig_mx_us=181697 orig_mean_us=26687 rep_n=1120 rep_p50_us=45056 rep_p90_us=90112 rep_p99_us=147456 rep_mx_us=181236 rep_mean_us=52625 aban_n=0 aban_p50_us=- aban_p90_us=- aban_p99_us=- aban_mx_us=- aban_mean_us=- open=193 over=0 orig_frac=0.9863 cross_us=- dump=0/0
SUCCLINE c7-Q400 rep=2 site=srv [SUCC] gen=0 det=89193 res=89183 orig_n=87959 orig_p50_us=20480 orig_p90_us=57344 orig_p99_us=81920 orig_mx_us=181697 orig_mean_us=26411 rep_n=1224 rep_p50_us=45056 rep_p90_us=90112 rep_p99_us=147456 rep_mx_us=181236 rep_mean_us=51817 aban_n=0 aban_p50_us=- aban_p90_us=- aban_p99_us=- aban_mx_us=- aban_mean_us=- open=10 over=0 orig_frac=0.9863 cross_us=- dump=0/0
SUCCLINE c7-Q400 rep=2 site=srv [SUCC] gen=0 det=98293 res=98113 orig_n=96802 orig_p50_us=18432 orig_p90_us=57344 orig_p99_us=81920 orig_mx_us=181697 orig_mean_us=25645 rep_n=1311 rep_p50_us=45056 rep_p90_us=90112 rep_p99_us=147456 rep_mx_us=181236 rep_mean_us=50058 aban_n=0 aban_p50_us=- aban_p90_us=- aban_p99_us=- aban_mx_us=- aban_mean_us=- open=180 over=0 orig_frac=0.9866 cross_us=- dump=0/0
HOLDLINE c7-Q400 rep=2 site=cli [HOLD] site=sender path=0 gen=0 q=unset n_req=- n_obs=1000 samp_n=1000 fed=45569 t_us=- obs_p50_us=36725 obs_p90_us=72579 obs_p99_us=142246 evals=3130 law_n=0 sup=0 emit=3130 hd_p50_us=- hd_p90_us=- hd_p99_us=- hd_mx_us=- hd_n=0 fa_class=0.0625
HOLDLINE c7-Q400 rep=2 site=cli [HOLD] site=sender path=1 gen=0 q=unset n_req=- n_obs=1000 samp_n=1000 fed=41337 t_us=- obs_p50_us=10968 obs_p90_us=39003 obs_p99_us=67974 evals=2540 law_n=0 sup=0 emit=2540 hd_p50_us=- hd_p90_us=- hd_p99_us=- hd_mx_us=- hd_n=0 fa_class=0.0625
HOLDLINE c7-Q400 rep=2 site=cli [HOLD] site=sender path=- gen=0 q=unset n_req=- n_obs=1000 samp_n=0 fed=0 t_us=- obs_p50_us=- obs_p90_us=- obs_p99_us=- evals=2 law_n=0 sup=0 emit=2 hd_p50_us=- hd_p90_us=- hd_p99_us=- hd_mx_us=- hd_n=0 fa_class=0.0625
WALLLINE c7-Q400 rep=2 site=cli [WALL] onset=0.9928 dur_ms=82.7 retx=39 total_ms=11461.0 it_ms=0.067
WINDOW-PARTIAL c7-Q400 rep=2 win_ok=169728/169949 win_n=25 (RESULT, not an abort -- the fraction is to be scored, and the quantile-native sweep read 0.829-0.999 here)
VAWITNESS {"cell":"c7","arm":"Q400","alpha":"0.4","seed":42,"rep":2,"rc":0,"mean_mbps":139.74,"band":[140,180],"band_applies":0,"in_band":0,"lossy":1,"alpha_expect":"0.4","alpha_got_cli":"0.4","alpha_got_srv":"0.4","form_expect":"quantile","form_got_cli":"quantile","form_got_srv":"quantile","winn_expect":"25","winn_got_cli":"25","winn_got_srv":"25","qclk_law_n":169728,"qclk_evals":169949,"qclk_win_ok":169728,"qclk_win_n":"25","w_us_p50":46685,"w_us_p05":20841,"w_us_p95":88416,"shipped_clock_us":100000,"fcause_n":5672,"fcause_timer":9,"fcause_gap_data":5663,"fcause_gap_refresh":0,"fcause_other":0,"fcause_unattr":0,"succ_det":98293,"succ_res":98113,"succ_orig_frac":"0.9866","rfa_fires":100396,"rfa_false":2280,"rfa_false_frac":"0.0227","rfa_fill_coded":1314,"rack_fa":"546/5672","rack_fa_frac":"0.0963","fails":""}
=== rep=3 arm=c7-CTL alpha=unset form=unset win_n=unavail seed=42 env="RWM_QUANTILE_CLOCKS=0 RWM_DELTA_CAP=1 RWM_SUM_CAP=1 RWM_RACK_CLOCKS=0 RWM_DERIVED_SWEEP=0 RWM_COMPOSED_CAP=0 RWM_THREE_TERM=0 RWM_STORE_CAP_UNIFIED=0 RWM_LATE_BRAKE=0 RWM_CHARGE_RECOVERY=0 RWM_RELEASE_1TO1=0 RWM_LOSS_SENT_TRUTH=0 RWM_RTT_DUMP=0 RWM_SUCC_DUMP=0" cell=c2/c2/dual bytes=200000000 18:35:17
[2m2026-08-21T18:35:19.003673Z[0m [32m INFO[0m [2mraptorpath::gates[0m[2m:[0m [GATES] RWM_UNIFIED=1 RWM_UNIFIED_SHED=1 RWM_TAPER_R=1 RWM_ASTAR_ANCHOR=1 RWM_MSTAR_ANCHOR=1 RWM_PLAIN_RS=0 RWM_HONEST_ANCHOR=1 RWM_HONEST_K=0 RWM_STORE_SACK_RELEASE=1 RWM_STORE_PATHS=1 RWM_STORE_PATH_POOL=2048 RWM_STORE=unset RWM_STORE_GAIN=2 RWM_STORE_BOOT=128 RWM_STORE_CAPW=0 RWM_STORE_CAP_UNIFIED=0 RWM_THREE_TERM=0 RWM_COMPOSED_CAP=0 RWM_SUM_CAP=1 RWM_LATE_BRAKE=0 RWM_DELTA_CAP=1 RWM_STORE_PERCAP=0 RWM_PERCAP_GUARD=1 RWM_STORE_BORROW=0 RWM_HONEST_CAP=1 RWM_POOL_ANCHOR=0 RWM_POOL_DELIV=0 RWM_FLOOR_BOUND=0 RWM_ACK_MERGE=1 RWM_LOSS_SENT_TRUTH=0 RWM_RELEASE_1TO1=0 RWM_CHARGE_RECOVERY=0 RWM_PATIENCE_DERIVED=0 RWM_SIDLE_DERIVED=0 RWM_WIN_DECOUPLE=0 RWM_PLACE_SLACK=0 RWM_COLD_PLACE=0 RWM_GEN=384 RWM_PIPELINE=2 RWM_GEN_PIPE=1 RWM_GEN_R=unset RWM_GEN_RATE=9000 RWM_GEN_RATE_FLOOR=2000 RWM_GEN_INFLIGHT=unset RWM_OOO_RETAIN=0/16 RWM_WINDOW=unset RWM_REPORT_GENS=unset RWM_REPAIR_WAIT=unset RWM_CODED_SRC=0 RWM_NO_REACTIVE=0 RWM_XPATH_REPAIR=0 RWM_PROACTIVE_PACER=0 RWM_REASM_BDP=0 RWM_MIN_R=0 RWM_CC_PACE=0 RWM_CC_PACE_HR=1.1 RWM_REACT_CAP=unset RWM_INFL_CAP=0 RWM_INFL_BDP=unset RWM_COPA_FEED=0 RWM_RS_ATTR=1 RWM_EMIT_BATCH=0 RWM_EMIT_BURST=64 RWM_RECOV_MP=1 RWM_RECOV_MP_LAW=1 RWM_RECOV_MP_LIVE=0 RWM_RECOV_SP=0 RWM_DERIVED_SWEEP=0 RWM_RACK_CLOCKS=0 RWM_RACK_REO_MULT=1 RWM_QUANTILE_CLOCKS=0 RWM_ALPHA_OVERRIDE=unset RWM_W_FORM=cantelli RWM_HOLDDOWN_Q=unset RWM_REFRESH_FLOOR_US=unset RWM_DIAG=1 RWM_ACKDIAG=1 RWM_ACKDIAG_WINDOW_US=2000000 RWM_RTT_DUMP=0 RWM_RTT_DUMP_MAX=400000 RWM_SUCC_DUMP=0 RWM_SUCC_DUMP_MAX=200000 RWM_WALLDIAG=1 RWM_CPUPROF=0 RWM_RDIAG=0 RWM_FDIAG=1 RWM_TRACE=0 RWM_PFRAC=0
{"bytes":200000000,"dnf":0,"hint":"bulk","max_s":10.1518,"mean_mbps":157.608,"mean_s":10.1518,"median_s":10.1518,"min_s":10.1518,"proto":"rp-native","runs":1,"stdev_s":0.0,"summary":true}
    LATPROBE-LEG leg=0 file=/tmp/rwm-ping-0.txt sent=203 recv=198 censor=2.46% p50=34.9[censor=2.46% ok] p95=72.4[censor=2.46% ok] p99=89.4[censor=2.46% UNSCOREABLE(inside censored tail)]
    LATPROBE-LEG leg=1 file=/tmp/rwm-ping-1.txt sent=202 recv=195 censor=3.47% p50=37.2[censor=3.47% ok] p95=94.6[censor=3.47% ok] p99=112.0[censor=3.47% UNSCOREABLE(inside censored tail)]
    LATPROBE: 2 leg(s) /tmp/rwm-ping-0.txt=198 /tmp/rwm-ping-1.txt=195 replies
    CPU: CPUSRV=13.50s CPUCLI=14.61s (srv=decoder cli=sender; whole-invocation incl warmup)
    QDISC cli0: qdisc netem bd79: root refcnt 7 limit 1000 delay 5ms  3ms loss gemodel p 1.3% r 50% 1-h 100% 1-k 0% rate 100Mbit seed 42  Sent 108133893 bytes 86844 pkt (dropped 484, overlimits 0 requeues 0)   backlog 0b 0p requeues 0 
    QDISC cli1: qdisc netem bd7a: root refcnt 7 limit 1000 delay 5ms  3ms loss gemodel p 1.3% r 50% 1-h 100% 1-k 0% rate 100Mbit seed 1042  Sent 114844459 bytes 92437 pkt (dropped 482, overlimits 0 requeues 0)   backlog 0b 0p requeues 0 
    QDISC srv0: qdisc netem bd7b: root refcnt 7 limit 1000 delay 5ms  3ms rate 100Mbit seed 17612524010100310624  Sent 11884229 bytes 43243 pkt (dropped 0, overlimits 0 requeues 0)   backlog 0b 0p requeues 0 
    QDISC srv1: qdisc netem bd7c: root refcnt 7 limit 1000 delay 5ms  3ms rate 100Mbit seed 7005998884479098254  Sent 12536344 bytes 47310 pkt (dropped 0, overlimits 0 requeues 0)   backlog 0b 0p requeues 0 
    QCAP: /tmp/rwm-q.txt 18 lines
RUNTIME c7-CTL rep=3 12s rc=0
ALPHARESULT {"cell": "c7", "arm": "CTL", "alpha_cmd": null, "seed": 42, "rep": 3, "n_paths": 2, "dnf": false, "dnf_count": 0, "mbps": 157.608, "mean_mbps": 157.608, "seconds": 10.1518, "n_runs": 1, "cpusrv": 13.5, "cpucli": 14.61, "khr_med": 1.0, "kraw_med": null, "khr_n": 74, "kraw_n": 0, "rtp_med": 9, "occ_p50": 787, "occcap_p50": 1670, "q_p50": 42, "q_p99": 103, "diag_lines": 40, "retx": 5389, "w1_rfa_gen": "0", "w2_pfrac_lines": 0, "w4_retx_max": 5389, "w5_rack_fa": "730/5480", "gates_cli_quantile_clocks": 0, "gates_srv_quantile_clocks": 0, "gates_cli_rack_clocks": 0, "gates_srv_rack_clocks": 0, "gates_cli_derived_sweep": 0, "gates_srv_derived_sweep": 0, "gates_cli_delta_cap": 1, "gates_srv_delta_cap": 1, "gates_cli_sum_cap": 1, "gates_srv_sum_cap": 1, "gates_cli_composed_cap": 0, "gates_srv_composed_cap": 0, "gates_cli_three_term": 0, "gates_srv_three_term": 0, "gates_cli_loss_sent_truth": 0, "gates_srv_loss_sent_truth": 0, "gates_cli_gen": null, "gates_srv_gen": null, "gates_cli_diag": 1, "gates_srv_diag": 1, "gates_cli_ackdiag": 1, "gates_srv_ackdiag": 1, "gates_cli_walldiag": 1, "gates_srv_walldiag": 1, "gates_cli_fdiag": 1, "gates_srv_fdiag": 1, "gates_cli_recov_mp": 1, "gates_srv_recov_mp": 1, "gates_cli_cc_pace": 0, "gates_srv_cc_pace": 0, "gates_cli_rack_reo_mult": 1, "gates_srv_rack_reo_mult": 1, "gates_lines_cli": 1, "gates_lines_srv": 1, "gate_quantile_cli": "0", "gate_quantile_srv": "0", "gate_alpha_cli": "unset", "gate_alpha_srv": "unset", "gate_gen_cli": 384, "gate_gen_srv": 384, "gate_wform_cli": "cantelli", "gate_wform_srv": "cantelli", "qalpha_lines_cli": 1, "qalpha_site_cli": "sender", "qalpha_quantile_cli": 0, "qalpha_contract_cli": 0.001, "qalpha_override_cli": null, "qalpha_cli": 0.001, "qalpha_k_cli": 31.607, "qalpha_form_cli": "cantelli", "qalpha_winn_cli": "unavail", "qalpha_lines_srv": 1, "qalpha_site_srv": "receiver", "qalpha_quantile_srv": 0, "qalpha_contract_srv": 1e-05, "qalpha_override_srv": null, "qalpha_srv": 1e-05, "qalpha_k_srv": 316.2262, "qalpha_form_srv": "cantelli", "qalpha_winn_srv": "unavail", "qclk_cli_lines": 1, "qclk_cli_site": "sender", "qclk_cli_alpha": 0.001, "qclk_cli_k": 31.607, "qclk_cli_w_us_mean": 92054.9, "qclk_cli_srtt_us_mean": 59517.7, "qclk_cli_on": 0, "qclk_cli_evals": 169919, "qclk_cli_kept": 2655, "qclk_cli_w_us_p05": 58826, "qclk_cli_w_us_p50": 100000, "qclk_cli_w_us_p95": 100000, "qclk_cli_w_us_min": 25000, "qclk_cli_w_us_max": 100000, "qclk_cli_law_n": 169919, "qclk_cli_sigma_us_mean": 2784.9, "qclk_cli_sigma_n": 169711, "qclk_form_cli": "cantelli", "qclk_winn_cli": "unavail", "qclk_win_ok_cli": 0, "qclk_srv_lines": 10, "qclk_srv_site": "receiver", "qclk_srv_alpha": 1e-05, "qclk_srv_k": 316.2262, "qclk_srv_w_us_mean": 99716.9, "qclk_srv_srtt_us_mean": 66403.4, "qclk_srv_on": 0, "qclk_srv_evals": 169283, "qclk_srv_kept": 2646, "qclk_srv_w_us_p05": 96343, "qclk_srv_w_us_p50": 100000, "qclk_srv_w_us_p95": 100000, "qclk_srv_w_us_min": 93932, "qclk_srv_w_us_max": 100000, "qclk_srv_law_n": 169283, "qclk_srv_sigma_us_mean": 27996.8, "qclk_srv_sigma_n": 167658, "qclk_form_srv": "cantelli", "qclk_winn_srv": "unavail", "qclk_win_ok_srv": 0, "rack_lines_cli": 2, "rack_on_cli": 0, "rack_evals_cli": 0, "rack_ceil_cli": 0.0, "rack_gran_cli": 0.0, "rack_legacy_pin_cli": 0.0, "rack_round_cli": 0.0, "rack_legacy_cli": 0.0, "rack_mult_cli": 1, "rack_fa_n_cli": 730, "rack_fa_d_cli": 5480, "rack_fa_frac_cli": 0.1332, "rack_fa_class_cli": 0.0625, "rack_lines_srv": 0, "rack_on_srv": null, "rack_evals_srv": null, "rack_ceil_srv": null, "rack_gran_srv": null, "rack_legacy_pin_srv": null, "rack_round_srv": null, "rack_legacy_srv": null, "rack_mult_srv": null, "rack_fa_n_srv": null, "rack_fa_d_srv": null, "rack_fa_frac_srv": null, "rack_fa_class_srv": null, "rack_fired": 5480, "rack_spurious": 730, "rack_fa_frac": 0.1332, "rack_fa_class": 0.0625, "rack_round_us": 0.0, "rack_legacy_us": 0.0, "rack_evals": 0, "rack_legacy_pin": 0.0, "rfa_lines": 10, "rfa_gen": 0, "rfa_fires": 95858, "rfa_false": 2029, "rfa_fill_coded": 1207, "rfa_fill_src": 92622, "rfa_dup_src": 929, "rfa_preempt_src": 1100, "rfa_src_n": 167881, "rfa_rep_n": 1855, "rfa_false_frac": 0.0212, "rfa_nu_recv": 0.57099, "rfa_fa_class": 0.0625, "rfa_bracket_lo": 0.0212, "rfa_bracket_hi": 0.627009, "sf_ticks": 1878, "sf_E": 0.9824, "sf_short": 0.0335, "sf_zero": 0.0016, "capboot_n": 37, "capboot_frac": 0.0, "ping_n": 198, "ping_p50": 34.7, "ping_p95": 72.2, "ping_p99": 89.4, "ping_tx": 203, "ping_rx": 198, "ping_loss": 2.46, "ping_censor_frac": 0.0246, "legs_probed": 1, "leg0_n": 198, "leg0_sent": 203, "leg0_recv": 198, "leg0_sent_source": "summary", "leg0_censor_frac": 0.0246, "leg0_censor_pct": 2.46, "leg0_recv_mismatch": false, "leg0_leg_unscoreable": false, "leg0_min": 6.23, "leg0_max": 90.6, "leg0_p50": 34.9, "leg0_p50_censored": false, "leg0_p50_scoreable": true, "leg0_p95": 72.4, "leg0_p95_censored": false, "leg0_p95_scoreable": true, "leg0_p99": 89.4, "leg0_p99_censored": true, "leg0_p99_scoreable": false, "legs_censor_max": 0.0246, "wait_tun": 97, "wait_paused": 0, "wait_pace": 0, "wait_gen": 0, "wait_nack": 2, "wait_defc": 0, "wait_tail": 0, "wait_flush": 0, "wait_lines": 37, "deadwall": false, "sig_us_p50": 236.0, "sig_us_n": 86948, "sig_us_path": 1, "sig_paths": 2, "pl_n": 74, "pl_max": 0.0292, "pl_min": 0.0195, "pl_p0": 0.0292, "pl_p1": 0.0195, "dgq_hand": 175601, "dgq_full": 0, "dgq_err": 0, "dgq_gap": 91, "tc_bytes": 222978352, "tc_pkts": 179281, "tc_drop": 966, "tc_s": 12, "hold_lines": 3, "hold_samp_n": 2000, "hold_fed": 78574, "hold_evals": 5477, "hold_law_n": 0, "hold_sup": 0, "hold_emit": 5477, "hold_hd_n": 0, "hold_q": "unset", "hold_n_req": "-", "hold_n_obs": 1000, "hold_gen": 0, "hold_sup_frac": 0.0, "hold_law_frac": 0.0, "hold_obs_p50_us": 29221, "hold_obs_p90_us": 89343, "hold_obs_p99_us": 166078, "hold_t_us_p0": null, "hold_t_us_p1": null, "hold_samp_n_p0": 1000, "hold_samp_n_p1": 1000, "hold_hd_p50_us": null, "hold_hd_p90_us": null, "hold_hd_p99_us": null, "hold_hd_mx_us": null, "hold_unattr_evals": 3, "hold_paths_n": 2, "hold_accounting_ok": 1, "hold_obs_p50_us_p0": 29221, "hold_obs_p90_us_p0": 89343, "hold_obs_p99_us_p0": 166078, "hold_obs_p50_us_p1": 9135, "hold_obs_p90_us_p1": 24153, "hold_obs_p99_us_p1": 58960, "hold_rpd": 0.058238, "fcause_lines": 1, "fcause_gen": 0, "fcause_n": 5480, "fcause_timer": 7, "fcause_gap_data": 5473, "fcause_gap_refresh": 0, "fcause_other": 0, "fcause_fired": 5480, "fcause_unattr": 0, "fcause_timer_frac": 0.0013, "fcause_gap_frac": 0.9987, "succ_lines": 10, "succ_gen": 0, "succ_det": 94096, "succ_res": 93825, "succ_orig_n": 92622, "succ_rep_n": 1203, "succ_aban_n": 2, "succ_open": 269, "succ_over": 0, "succ_orig_p50_us": 26624, "succ_orig_p90_us": 65536, "succ_orig_p99_us": 106496, "succ_orig_mx_us": 230804, "succ_orig_frac": 0.9872, "succ_identity_ok": 1}
LIVENESS c7-CTL rep=3 RWM_QUANTILE_CLOCKS=RWM_QUANTILE_CLOCKS=0/RWM_QUANTILE_CLOCKS=0(exp0) RWM_ALPHA_OVERRIDE=RWM_ALPHA_OVERRIDE=unset/RWM_ALPHA_OVERRIDE=unset(expunset) RWM_W_FORM=RWM_W_FORM=cantelli/RWM_W_FORM=cantelli(expcantelli) RWM_DELTA_CAP=RWM_DELTA_CAP=1/RWM_DELTA_CAP=1(exp1) RWM_SUM_CAP=RWM_SUM_CAP=1/RWM_SUM_CAP=1(exp1) RWM_HOLDDOWN_Q=RWM_HOLDDOWN_Q=unset/RWM_HOLDDOWN_Q=unset(expunset) RWM_REFRESH_FLOOR_US=RWM_REFRESH_FLOOR_US=unset/RWM_REFRESH_FLOOR_US=unset(expunset) RWM_RACK_CLOCKS=RWM_RACK_CLOCKS=0/RWM_RACK_CLOCKS=0(exp0) RWM_DERIVED_SWEEP=RWM_DERIVED_SWEEP=0/RWM_DERIVED_SWEEP=0(exp0) RWM_COMPOSED_CAP=RWM_COMPOSED_CAP=0/RWM_COMPOSED_CAP=0(exp0) RWM_THREE_TERM=RWM_THREE_TERM=0/RWM_THREE_TERM=0(exp0) RWM_STORE_CAP_UNIFIED=RWM_STORE_CAP_UNIFIED=0/RWM_STORE_CAP_UNIFIED=0(exp0) RWM_LATE_BRAKE=RWM_LATE_BRAKE=0/RWM_LATE_BRAKE=0(exp0) RWM_CHARGE_RECOVERY=RWM_CHARGE_RECOVERY=0/RWM_CHARGE_RECOVERY=0(exp0) RWM_RELEASE_1TO1=RWM_RELEASE_1TO1=0/RWM_RELEASE_1TO1=0(exp0) RWM_LOSS_SENT_TRUTH=RWM_LOSS_SENT_TRUTH=0/RWM_LOSS_SENT_TRUTH=0(exp0) RWM_RTT_DUMP=RWM_RTT_DUMP=0/RWM_RTT_DUMP=0(exp0) RWM_SUCC_DUMP=RWM_SUCC_DUMP=0/RWM_SUCC_DUMP=0(exp0) RWM_DIAG=RWM_DIAG=1/RWM_DIAG=1(exp1) RWM_ACKDIAG=RWM_ACKDIAG=1/RWM_ACKDIAG=1(exp1) RWM_WALLDIAG=RWM_WALLDIAG=1/RWM_WALLDIAG=1(exp1) RWM_FDIAG=RWM_FDIAG=1/RWM_FDIAG=1(exp1)
W5QALPHA c7-CTL rep=3 cli=form:cantelli/win_n:unavail/alpha:1.000000e-3 srv=form:cantelli/win_n:unavail/alpha:1.000000e-5 (exp form=cantelli win_n=unavail)
WCLOCK c7-CTL rep=3 law_n=169919 evals=169919 win_ok=0 win_n=unavail p50=100000 p05=58826 p95=100000 shipped_clock=100000
W8SUCC c7-CTL rep=3 det=94096 res=93825 orig_frac=0.9872
QALPHALINE c7-CTL rep=3 site=cli [QALPHA] site=receiver quantile=0 form=cantelli win_n=unavail contract_alpha=1.000000e-5 override=unset alpha=1.000000e-5 k=316.2262 fa_class=0.0625
QALPHALINE c7-CTL rep=3 site=cli [QALPHA] site=sender quantile=0 form=cantelli win_n=unavail contract_alpha=1.000000e-3 override=unset alpha=1.000000e-3 k=31.6070 fa_class=0.0625
QALPHALINE c7-CTL rep=3 site=srv [QALPHA] site=sender quantile=0 form=cantelli win_n=unavail contract_alpha=1.000000e-3 override=unset alpha=1.000000e-3 k=31.6070 fa_class=0.0625
QALPHALINE c7-CTL rep=3 site=srv [QALPHA] site=receiver quantile=0 form=cantelli win_n=unavail contract_alpha=1.000000e-5 override=unset alpha=1.000000e-5 k=316.2262 fa_class=0.0625
QCLKLINE c7-CTL rep=3 site=cli [QCLK] site=sender on=0 form=cantelli win_n=unavail win_ok=0 alpha=1.000000e-3 k=31.6070 evals=169919 law_n=169919 kept=2655 w_us_mean=92054.9 w_us_p05=58826 w_us_p50=100000 w_us_p95=100000 w_us_min=25000 w_us_max=100000 srtt_us_mean=59517.7 sigma_us_mean=2784.9/n169711 fa_class=0.0625
QCLKLINE c7-CTL rep=3 site=srv [QCLK] site=receiver on=0 form=cantelli win_n=unavail win_ok=0 alpha=1.000000e-5 k=316.2262 evals=15792 law_n=15792 kept=3948 w_us_mean=100000.0 w_us_p05=100000 w_us_p50=100000 w_us_p95=100000 w_us_min=100000 w_us_max=100000 srtt_us_mean=60977.1 sigma_us_mean=20466.3/n14167 fa_class=0.0625
QCLKLINE c7-CTL rep=3 site=srv [QCLK] site=receiver on=0 form=cantelli win_n=unavail win_ok=0 alpha=1.000000e-5 k=316.2262 evals=33321 law_n=33321 kept=2083 w_us_mean=99622.8 w_us_p05=96343 w_us_p50=100000 w_us_p95=100000 w_us_min=96343 w_us_max=100000 srtt_us_mean=57148.6 sigma_us_mean=21419.4/n31696 fa_class=0.0625
QCLKLINE c7-CTL rep=3 site=srv [QCLK] site=receiver on=0 form=cantelli win_n=unavail win_ok=0 alpha=1.000000e-5 k=316.2262 evals=51341 law_n=51341 kept=3209 w_us_mean=99216.2 w_us_p05=94786 w_us_p50=100000 w_us_p95=100000 w_us_min=93932 w_us_max=100000 srtt_us_mean=56580.5 sigma_us_mean=24662.8/n49716 fa_class=0.0625
QCLKLINE c7-CTL rep=3 site=srv [QCLK] site=receiver on=0 form=cantelli win_n=unavail win_ok=0 alpha=1.000000e-5 k=316.2262 evals=69364 law_n=69364 kept=2168 w_us_mean=99309.2 w_us_p05=94786 w_us_p50=100000 w_us_p95=100000 w_us_min=93932 w_us_max=100000 srtt_us_mean=57282.3 sigma_us_mean=27092.8/n67739 fa_class=0.0625
QCLKLINE c7-CTL rep=3 site=srv [QCLK] site=receiver on=0 form=cantelli win_n=unavail win_ok=0 alpha=1.000000e-5 k=316.2262 evals=86721 law_n=86721 kept=2711 w_us_mean=99447.4 w_us_p05=94786 w_us_p50=100000 w_us_p95=100000 w_us_min=93932 w_us_max=100000 srtt_us_mean=57129.8 sigma_us_mean=28355.3/n85096 fa_class=0.0625
QCLKLINE c7-CTL rep=3 site=srv [QCLK] site=receiver on=0 form=cantelli win_n=unavail win_ok=0 alpha=1.000000e-5 k=316.2262 evals=102549 law_n=102549 kept=3205 w_us_mean=99532.7 w_us_p05=95736 w_us_p50=100000 w_us_p95=100000 w_us_min=93932 w_us_max=100000 srtt_us_mean=56830.3 sigma_us_mean=29073.7/n100924 fa_class=0.0625
QCLKLINE c7-CTL rep=3 site=srv [QCLK] site=receiver on=0 form=cantelli win_n=unavail win_ok=0 alpha=1.000000e-5 k=316.2262 evals=117348 law_n=117348 kept=3668 w_us_mean=99591.6 w_us_p05=95736 w_us_p50=100000 w_us_p95=100000 w_us_min=93932 w_us_max=100000 srtt_us_mean=58646.1 sigma_us_mean=29312.6/n115723 fa_class=0.0625
QCLKLINE c7-CTL rep=3 site=srv [QCLK] site=receiver on=0 form=cantelli win_n=unavail win_ok=0 alpha=1.000000e-5 k=316.2262 evals=134555 law_n=134555 kept=2103 w_us_mean=99643.9 w_us_p05=96343 w_us_p50=100000 w_us_p95=100000 w_us_min=93932 w_us_max=100000 srtt_us_mean=61143.2 sigma_us_mean=28921.8/n132930 fa_class=0.0625
QCLKLINE c7-CTL rep=3 site=srv [QCLK] site=receiver on=0 form=cantelli win_n=unavail win_ok=0 alpha=1.000000e-5 k=316.2262 evals=151254 law_n=151254 kept=2364 w_us_mean=99683.2 w_us_p05=96343 w_us_p50=100000 w_us_p95=100000 w_us_min=93932 w_us_max=100000 srtt_us_mean=63865.9 sigma_us_mean=28368.6/n149629 fa_class=0.0625
QCLKLINE c7-CTL rep=3 site=srv [QCLK] site=receiver on=0 form=cantelli win_n=unavail win_ok=0 alpha=1.000000e-5 k=316.2262 evals=169283 law_n=169283 kept=2646 w_us_mean=99716.9 w_us_p05=96343 w_us_p50=100000 w_us_p95=100000 w_us_min=93932 w_us_max=100000 srtt_us_mean=66403.4 sigma_us_mean=27996.8/n167658 fa_class=0.0625
RACKLINE c7-CTL rep=3 site=cli [RACK] on=0 evals=0 ceil=0.0000 gran=0.0000 legacy_pin=0.0000 round=0.0 legacy=0.0 mult=1 fa=100/100 fa_frac=1.0000 fa_class=0.0625
RACKLINE c7-CTL rep=3 site=cli [RACK] on=0 evals=0 ceil=0.0000 gran=0.0000 legacy_pin=0.0000 round=0.0 legacy=0.0 mult=1 fa=730/5480 fa_frac=0.1332 fa_class=0.0625
RFALINE c7-CTL rep=3 site=cli [RFA] gen=0 fires=10 false=10 false_frac=1.0000 fill_coded=0 fill_src=0 dup_src=10 preempt_src=0 src_n=11 rep_n=9 nu_recv=0.90909 fa_class=0.0625
RFALINE c7-CTL rep=3 site=cli [RFA] gen=0 fires=20 false=20 false_frac=1.0000 fill_coded=0 fill_src=0 dup_src=20 preempt_src=0 src_n=21 rep_n=19 nu_recv=0.95238 fa_class=0.0625
RFALINE c7-CTL rep=3 site=cli [RFA] gen=0 fires=31 false=31 false_frac=1.0000 fill_coded=0 fill_src=0 dup_src=31 preempt_src=0 src_n=32 rep_n=30 nu_recv=0.96875 fa_class=0.0625
RFALINE c7-CTL rep=3 site=cli [RFA] gen=0 fires=41 false=41 false_frac=1.0000 fill_coded=0 fill_src=0 dup_src=41 preempt_src=0 src_n=42 rep_n=40 nu_recv=0.97619 fa_class=0.0625
RFALINE c7-CTL rep=3 site=cli [RFA] gen=0 fires=51 false=51 false_frac=1.0000 fill_coded=0 fill_src=0 dup_src=51 preempt_src=0 src_n=52 rep_n=50 nu_recv=0.98077 fa_class=0.0625
RFALINE c7-CTL rep=3 site=cli [RFA] gen=0 fires=61 false=61 false_frac=1.0000 fill_coded=0 fill_src=0 dup_src=61 preempt_src=0 src_n=62 rep_n=60 nu_recv=0.98387 fa_class=0.0625
RFALINE c7-CTL rep=3 site=cli [RFA] gen=0 fires=71 false=71 false_frac=1.0000 fill_coded=0 fill_src=0 dup_src=71 preempt_src=0 src_n=72 rep_n=70 nu_recv=0.98611 fa_class=0.0625
RFALINE c7-CTL rep=3 site=cli [RFA] gen=0 fires=81 false=81 false_frac=1.0000 fill_coded=0 fill_src=0 dup_src=81 preempt_src=0 src_n=82 rep_n=80 nu_recv=0.98780 fa_class=0.0625
RFALINE c7-CTL rep=3 site=cli [RFA] gen=0 fires=91 false=91 false_frac=1.0000 fill_coded=0 fill_src=0 dup_src=91 preempt_src=0 src_n=92 rep_n=90 nu_recv=0.98913 fa_class=0.0625
RFALINE c7-CTL rep=3 site=cli [RFA] gen=0 fires=100 false=100 false_frac=1.0000 fill_coded=0 fill_src=0 dup_src=100 preempt_src=0 src_n=102 rep_n=100 nu_recv=0.98039 fa_class=0.0625
RFALINE c7-CTL rep=3 site=srv [RFA] gen=0 fires=8719 false=196 false_frac=0.0225 fill_coded=97 fill_src=8426 dup_src=100 preempt_src=96 src_n=15656 rep_n=150 nu_recv=0.55691 fa_class=0.0625
RFALINE c7-CTL rep=3 site=srv [RFA] gen=0 fires=18544 false=407 false_frac=0.0219 fill_coded=229 fill_src=17908 dup_src=207 preempt_src=200 src_n=32967 rep_n=351 nu_recv=0.56250 fa_class=0.0625
RFALINE c7-CTL rep=3 site=srv [RFA] gen=0 fires=29016 false=606 false_frac=0.0209 fill_coded=346 fill_src=28064 dup_src=298 preempt_src=308 src_n=50791 rep_n=530 nu_recv=0.57128 fa_class=0.0625
RFALINE c7-CTL rep=3 site=srv [RFA] gen=0 fires=38531 false=728 false_frac=0.0189 fill_coded=438 fill_src=37365 dup_src=336 preempt_src=392 src_n=68652 rep_n=672 nu_recv=0.56125 fa_class=0.0625
RFALINE c7-CTL rep=3 site=srv [RFA] gen=0 fires=48408 false=881 false_frac=0.0182 fill_coded=533 fill_src=46994 dup_src=398 preempt_src=483 src_n=85930 rep_n=825 nu_recv=0.56334 fa_class=0.0625
RFALINE c7-CTL rep=3 site=srv [RFA] gen=0 fires=58285 false=1073 false_frac=0.0184 fill_coded=683 fill_src=56529 dup_src=448 preempt_src=625 src_n=101553 rep_n=1011 nu_recv=0.57394 fa_class=0.0625
RFALINE c7-CTL rep=3 site=srv [RFA] gen=0 fires=66717 false=1418 false_frac=0.0213 fill_coded=807 fill_src=64492 dup_src=670 preempt_src=748 src_n=116165 rep_n=1300 nu_recv=0.57433 fa_class=0.0625
RFALINE c7-CTL rep=3 site=srv [RFA] gen=0 fires=76472 false=1569 false_frac=0.0205 fill_coded=942 fill_src=73961 dup_src=719 preempt_src=850 src_n=133200 rep_n=1478 nu_recv=0.57411 fa_class=0.0625
RFALINE c7-CTL rep=3 site=srv [RFA] gen=0 fires=86291 false=1858 false_frac=0.0215 fill_coded=1105 fill_src=83328 dup_src=858 preempt_src=1000 src_n=149992 rep_n=1713 nu_recv=0.57530 fa_class=0.0625
RFALINE c7-CTL rep=3 site=srv [RFA] gen=0 fires=95858 false=2029 false_frac=0.0212 fill_coded=1207 fill_src=92622 dup_src=929 preempt_src=1100 src_n=167881 rep_n=1855 nu_recv=0.57099 fa_class=0.0625
FCAUSELINE c7-CTL rep=3 site=cli [FCAUSE] gen=0 n=5480 timer=7 gap_data=5473 gap_refresh=0 other=0 timer_frac=0.0013 gap_frac=0.9987 fired=5480 unattr=0 fa_class=0.0625
SUCCLINE c7-CTL rep=3 site=cli [SUCC] gen=0 det=0 res=0 orig_n=0 orig_p50_us=- orig_p90_us=- orig_p99_us=- orig_mx_us=- orig_mean_us=- rep_n=0 rep_p50_us=- rep_p90_us=- rep_p99_us=- rep_mx_us=- rep_mean_us=- aban_n=0 aban_p50_us=- aban_p90_us=- aban_p99_us=- aban_mx_us=- aban_mean_us=- open=0 over=0 orig_frac=- cross_us=- dump=0/0
SUCCLINE c7-CTL rep=3 site=cli [SUCC] gen=0 det=0 res=0 orig_n=0 orig_p50_us=- orig_p90_us=- orig_p99_us=- orig_mx_us=- orig_mean_us=- rep_n=0 rep_p50_us=- rep_p90_us=- rep_p99_us=- rep_mx_us=- rep_mean_us=- aban_n=0 aban_p50_us=- aban_p90_us=- aban_p99_us=- aban_mx_us=- aban_mean_us=- open=0 over=0 orig_frac=- cross_us=- dump=0/0
SUCCLINE c7-CTL rep=3 site=cli [SUCC] gen=0 det=0 res=0 orig_n=0 orig_p50_us=- orig_p90_us=- orig_p99_us=- orig_mx_us=- orig_mean_us=- rep_n=0 rep_p50_us=- rep_p90_us=- rep_p99_us=- rep_mx_us=- rep_mean_us=- aban_n=0 aban_p50_us=- aban_p90_us=- aban_p99_us=- aban_mx_us=- aban_mean_us=- open=0 over=0 orig_frac=- cross_us=- dump=0/0
SUCCLINE c7-CTL rep=3 site=cli [SUCC] gen=0 det=0 res=0 orig_n=0 orig_p50_us=- orig_p90_us=- orig_p99_us=- orig_mx_us=- orig_mean_us=- rep_n=0 rep_p50_us=- rep_p90_us=- rep_p99_us=- rep_mx_us=- rep_mean_us=- aban_n=0 aban_p50_us=- aban_p90_us=- aban_p99_us=- aban_mx_us=- aban_mean_us=- open=0 over=0 orig_frac=- cross_us=- dump=0/0
SUCCLINE c7-CTL rep=3 site=cli [SUCC] gen=0 det=0 res=0 orig_n=0 orig_p50_us=- orig_p90_us=- orig_p99_us=- orig_mx_us=- orig_mean_us=- rep_n=0 rep_p50_us=- rep_p90_us=- rep_p99_us=- rep_mx_us=- rep_mean_us=- aban_n=0 aban_p50_us=- aban_p90_us=- aban_p99_us=- aban_mx_us=- aban_mean_us=- open=0 over=0 orig_frac=- cross_us=- dump=0/0
SUCCLINE c7-CTL rep=3 site=cli [SUCC] gen=0 det=0 res=0 orig_n=0 orig_p50_us=- orig_p90_us=- orig_p99_us=- orig_mx_us=- orig_mean_us=- rep_n=0 rep_p50_us=- rep_p90_us=- rep_p99_us=- rep_mx_us=- rep_mean_us=- aban_n=0 aban_p50_us=- aban_p90_us=- aban_p99_us=- aban_mx_us=- aban_mean_us=- open=0 over=0 orig_frac=- cross_us=- dump=0/0
SUCCLINE c7-CTL rep=3 site=cli [SUCC] gen=0 det=0 res=0 orig_n=0 orig_p50_us=- orig_p90_us=- orig_p99_us=- orig_mx_us=- orig_mean_us=- rep_n=0 rep_p50_us=- rep_p90_us=- rep_p99_us=- rep_mx_us=- rep_mean_us=- aban_n=0 aban_p50_us=- aban_p90_us=- aban_p99_us=- aban_mx_us=- aban_mean_us=- open=0 over=0 orig_frac=- cross_us=- dump=0/0
SUCCLINE c7-CTL rep=3 site=cli [SUCC] gen=0 det=0 res=0 orig_n=0 orig_p50_us=- orig_p90_us=- orig_p99_us=- orig_mx_us=- orig_mean_us=- rep_n=0 rep_p50_us=- rep_p90_us=- rep_p99_us=- rep_mx_us=- rep_mean_us=- aban_n=0 aban_p50_us=- aban_p90_us=- aban_p99_us=- aban_mx_us=- aban_mean_us=- open=0 over=0 orig_frac=- cross_us=- dump=0/0
SUCCLINE c7-CTL rep=3 site=cli [SUCC] gen=0 det=0 res=0 orig_n=0 orig_p50_us=- orig_p90_us=- orig_p99_us=- orig_mx_us=- orig_mean_us=- rep_n=0 rep_p50_us=- rep_p90_us=- rep_p99_us=- rep_mx_us=- rep_mean_us=- aban_n=0 aban_p50_us=- aban_p90_us=- aban_p99_us=- aban_mx_us=- aban_mean_us=- open=0 over=0 orig_frac=- cross_us=- dump=0/0
SUCCLINE c7-CTL rep=3 site=srv [SUCC] gen=0 det=8776 res=8524 orig_n=8427 orig_p50_us=14336 orig_p90_us=40960 orig_p99_us=90112 orig_mx_us=144799 orig_mean_us=19749 rep_n=97 rep_p50_us=24576 rep_p90_us=65536 rep_p99_us=131072 rep_mx_us=142293 rep_mean_us=35398 aban_n=0 aban_p50_us=- aban_p90_us=- aban_p99_us=- aban_mx_us=- aban_mean_us=- open=252 over=0 orig_frac=0.9886 cross_us=- dump=0/0
SUCCLINE c7-CTL rep=3 site=srv [SUCC] gen=0 det=18588 res=18137 orig_n=17908 orig_p50_us=22528 orig_p90_us=61440 orig_p99_us=106496 orig_mx_us=194724 orig_mean_us=29069 rep_n=229 rep_p50_us=53248 rep_p90_us=98304 rep_p99_us=131072 rep_mx_us=142293 rep_mean_us=55680 aban_n=0 aban_p50_us=- aban_p90_us=- aban_p99_us=- aban_mx_us=- aban_mean_us=- open=451 over=0 orig_frac=0.9874 cross_us=- dump=0/0
SUCCLINE c7-CTL rep=3 site=srv [SUCC] gen=0 det=28930 res=28410 orig_n=28064 orig_p50_us=20480 orig_p90_us=61440 orig_p99_us=98304 orig_mx_us=210723 orig_mean_us=27133 rep_n=346 rep_p50_us=49152 rep_p90_us=98304 rep_p99_us=122880 rep_mx_us=142293 rep_mean_us=51548 aban_n=0 aban_p50_us=- aban_p90_us=- aban_p99_us=- aban_mx_us=- aban_mean_us=- open=520 over=0 orig_frac=0.9878 cross_us=- dump=0/0
SUCCLINE c7-CTL rep=3 site=srv [SUCC] gen=0 det=38147 res=37803 orig_n=37365 orig_p50_us=22528 orig_p90_us=65536 orig_p99_us=98304 orig_mx_us=230804 orig_mean_us=30171 rep_n=438 rep_p50_us=49152 rep_p90_us=98304 rep_p99_us=163840 rep_mx_us=230804 rep_mean_us=56303 aban_n=0 aban_p50_us=- aban_p90_us=- aban_p99_us=- aban_mx_us=- aban_mean_us=- open=344 over=0 orig_frac=0.9884 cross_us=- dump=0/0
SUCCLINE c7-CTL rep=3 site=srv [SUCC] gen=0 det=47730 res=47527 orig_n=46994 orig_p50_us=24576 orig_p90_us=61440 orig_p99_us=106496 orig_mx_us=230804 orig_mean_us=30312 rep_n=533 rep_p50_us=49152 rep_p90_us=106496 rep_p99_us=163840 rep_mx_us=230804 rep_mean_us=57452 aban_n=0 aban_p50_us=- aban_p90_us=- aban_p99_us=- aban_mx_us=- aban_mean_us=- open=203 over=0 orig_frac=0.9888 cross_us=- dump=0/0
SUCCLINE c7-CTL rep=3 site=srv [SUCC] gen=0 det=57262 res=57212 orig_n=56529 orig_p50_us=24576 orig_p90_us=61440 orig_p99_us=106496 orig_mx_us=230804 orig_mean_us=30834 rep_n=683 rep_p50_us=49152 rep_p90_us=106496 rep_p99_us=163840 rep_mx_us=230804 rep_mean_us=58061 aban_n=0 aban_p50_us=- aban_p90_us=- aban_p99_us=- aban_mx_us=- aban_mean_us=- open=50 over=0 orig_frac=0.9881 cross_us=- dump=0/0
SUCCLINE c7-CTL rep=3 site=srv [SUCC] gen=0 det=65386 res=65299 orig_n=64492 orig_p50_us=26624 orig_p90_us=65536 orig_p99_us=106496 orig_mx_us=230804 orig_mean_us=33303 rep_n=807 rep_p50_us=57344 rep_p90_us=114688 rep_p99_us=147456 rep_mx_us=230804 rep_mean_us=63959 aban_n=0 aban_p50_us=- aban_p90_us=- aban_p99_us=- aban_mx_us=- aban_mean_us=- open=87 over=0 orig_frac=0.9876 cross_us=- dump=0/0
SUCCLINE c7-CTL rep=3 site=srv [SUCC] gen=0 det=75091 res=74903 orig_n=73961 orig_p50_us=26624 orig_p90_us=65536 orig_p99_us=106496 orig_mx_us=230804 orig_mean_us=33692 rep_n=942 rep_p50_us=61440 rep_p90_us=114688 rep_p99_us=163840 rep_mx_us=230804 rep_mean_us=65912 aban_n=0 aban_p50_us=- aban_p90_us=- aban_p99_us=- aban_mx_us=- aban_mean_us=- open=188 over=0 orig_frac=0.9874 cross_us=- dump=0/0
SUCCLINE c7-CTL rep=3 site=srv [SUCC] gen=0 det=84746 res=84432 orig_n=83328 orig_p50_us=26624 orig_p90_us=65536 orig_p99_us=106496 orig_mx_us=230804 orig_mean_us=32937 rep_n=1104 rep_p50_us=61440 rep_p90_us=106496 rep_p99_us=163840 rep_mx_us=230804 rep_mean_us=65323 aban_n=0 aban_p50_us=- aban_p90_us=- aban_p99_us=- aban_mx_us=- aban_mean_us=- open=314 over=0 orig_frac=0.9869 cross_us=- dump=0/0
SUCCLINE c7-CTL rep=3 site=srv [SUCC] gen=0 det=94096 res=93825 orig_n=92622 orig_p50_us=26624 orig_p90_us=65536 orig_p99_us=106496 orig_mx_us=230804 orig_mean_us=32845 rep_n=1203 rep_p50_us=57344 rep_p90_us=106496 rep_p99_us=163840 rep_mx_us=230804 rep_mean_us=64646 aban_n=2 aban_p50_us=14 aban_p90_us=16 aban_p99_us=16 aban_mx_us=16 aban_mean_us=15 open=269 over=0 orig_frac=0.9872 cross_us=- dump=0/0
HOLDLINE c7-CTL rep=3 site=cli [HOLD] site=sender path=0 gen=0 q=unset n_req=- n_obs=1000 samp_n=1000 fed=38824 t_us=- obs_p50_us=29221 obs_p90_us=89343 obs_p99_us=166078 evals=2710 law_n=0 sup=0 emit=2710 hd_p50_us=- hd_p90_us=- hd_p99_us=- hd_mx_us=- hd_n=0 fa_class=0.0625
HOLDLINE c7-CTL rep=3 site=cli [HOLD] site=sender path=1 gen=0 q=unset n_req=- n_obs=1000 samp_n=1000 fed=39750 t_us=- obs_p50_us=9135 obs_p90_us=24153 obs_p99_us=58960 evals=2767 law_n=0 sup=0 emit=2767 hd_p50_us=- hd_p90_us=- hd_p99_us=- hd_mx_us=- hd_n=0 fa_class=0.0625
HOLDLINE c7-CTL rep=3 site=cli [HOLD] site=sender path=- gen=0 q=unset n_req=- n_obs=1000 samp_n=0 fed=0 t_us=- obs_p50_us=- obs_p90_us=- obs_p99_us=- evals=3 law_n=0 sup=0 emit=3 hd_p50_us=- hd_p90_us=- hd_p99_us=- hd_mx_us=- hd_n=0 fa_class=0.0625
WALLLINE c7-CTL rep=3 site=cli [WALL] onset=0.9925 dur_ms=76.6 retx=30 total_ms=10170.2 it_ms=0.060
VAWITNESS {"cell":"c7","arm":"CTL","alpha":"unset","seed":42,"rep":3,"rc":0,"mean_mbps":157.608,"band":[140,180],"band_applies":1,"in_band":1,"lossy":1,"alpha_expect":"unset","alpha_got_cli":"unset","alpha_got_srv":"unset","form_expect":"cantelli","form_got_cli":"cantelli","form_got_srv":"cantelli","winn_expect":"unavail","winn_got_cli":"unavail","winn_got_srv":"unavail","qclk_law_n":169919,"qclk_evals":169919,"qclk_win_ok":0,"qclk_win_n":"unavail","w_us_p50":100000,"w_us_p05":58826,"w_us_p95":100000,"shipped_clock_us":100000,"fcause_n":5480,"fcause_timer":7,"fcause_gap_data":5473,"fcause_gap_refresh":0,"fcause_other":0,"fcause_unattr":0,"succ_det":94096,"succ_res":93825,"succ_orig_frac":"0.9872","rfa_fires":95858,"rfa_false":2029,"rfa_false_frac":"0.0212","rfa_fill_coded":1207,"rack_fa":"730/5480","rack_fa_frac":"0.1332","fails":""}
=== rep=3 arm=c7-Q400 alpha=0.4 form=quantile win_n=25 seed=42 env="RWM_QUANTILE_CLOCKS=1 RWM_ALPHA_OVERRIDE=0.4 RWM_W_FORM=quantile RWM_DELTA_CAP=1 RWM_SUM_CAP=1 RWM_RACK_CLOCKS=0 RWM_DERIVED_SWEEP=0 RWM_COMPOSED_CAP=0 RWM_THREE_TERM=0 RWM_STORE_CAP_UNIFIED=0 RWM_LATE_BRAKE=0 RWM_CHARGE_RECOVERY=0 RWM_RELEASE_1TO1=0 RWM_LOSS_SENT_TRUTH=0 RWM_RTT_DUMP=0 RWM_SUCC_DUMP=0" cell=c2/c2/dual bytes=200000000 18:35:30
[2m2026-08-21T18:35:31.977999Z[0m [32m INFO[0m [2mraptorpath::gates[0m[2m:[0m [GATES] RWM_UNIFIED=1 RWM_UNIFIED_SHED=1 RWM_TAPER_R=1 RWM_ASTAR_ANCHOR=1 RWM_MSTAR_ANCHOR=1 RWM_PLAIN_RS=0 RWM_HONEST_ANCHOR=1 RWM_HONEST_K=0 RWM_STORE_SACK_RELEASE=1 RWM_STORE_PATHS=1 RWM_STORE_PATH_POOL=2048 RWM_STORE=unset RWM_STORE_GAIN=2 RWM_STORE_BOOT=128 RWM_STORE_CAPW=0 RWM_STORE_CAP_UNIFIED=0 RWM_THREE_TERM=0 RWM_COMPOSED_CAP=0 RWM_SUM_CAP=1 RWM_LATE_BRAKE=0 RWM_DELTA_CAP=1 RWM_STORE_PERCAP=0 RWM_PERCAP_GUARD=1 RWM_STORE_BORROW=0 RWM_HONEST_CAP=1 RWM_POOL_ANCHOR=0 RWM_POOL_DELIV=0 RWM_FLOOR_BOUND=0 RWM_ACK_MERGE=1 RWM_LOSS_SENT_TRUTH=0 RWM_RELEASE_1TO1=0 RWM_CHARGE_RECOVERY=0 RWM_PATIENCE_DERIVED=0 RWM_SIDLE_DERIVED=0 RWM_WIN_DECOUPLE=0 RWM_PLACE_SLACK=0 RWM_COLD_PLACE=0 RWM_GEN=384 RWM_PIPELINE=2 RWM_GEN_PIPE=1 RWM_GEN_R=unset RWM_GEN_RATE=9000 RWM_GEN_RATE_FLOOR=2000 RWM_GEN_INFLIGHT=unset RWM_OOO_RETAIN=0/16 RWM_WINDOW=unset RWM_REPORT_GENS=unset RWM_REPAIR_WAIT=unset RWM_CODED_SRC=0 RWM_NO_REACTIVE=0 RWM_XPATH_REPAIR=0 RWM_PROACTIVE_PACER=0 RWM_REASM_BDP=0 RWM_MIN_R=0 RWM_CC_PACE=0 RWM_CC_PACE_HR=1.1 RWM_REACT_CAP=unset RWM_INFL_CAP=0 RWM_INFL_BDP=unset RWM_COPA_FEED=0 RWM_RS_ATTR=1 RWM_EMIT_BATCH=0 RWM_EMIT_BURST=64 RWM_RECOV_MP=1 RWM_RECOV_MP_LAW=1 RWM_RECOV_MP_LIVE=0 RWM_RECOV_SP=0 RWM_DERIVED_SWEEP=0 RWM_RACK_CLOCKS=0 RWM_RACK_REO_MULT=1 RWM_QUANTILE_CLOCKS=1 RWM_ALPHA_OVERRIDE=0.4 RWM_W_FORM=quantile RWM_HOLDDOWN_Q=unset RWM_REFRESH_FLOOR_US=unset RWM_DIAG=1 RWM_ACKDIAG=1 RWM_ACKDIAG_WINDOW_US=2000000 RWM_RTT_DUMP=0 RWM_RTT_DUMP_MAX=400000 RWM_SUCC_DUMP=0 RWM_SUCC_DUMP_MAX=200000 RWM_WALLDIAG=1 RWM_CPUPROF=0 RWM_RDIAG=0 RWM_FDIAG=1 RWM_TRACE=0 RWM_PFRAC=0
{"bytes":200000000,"dnf":0,"hint":"bulk","max_s":11.5151,"mean_mbps":138.948,"mean_s":11.5151,"median_s":11.5151,"min_s":11.5151,"proto":"rp-native","runs":1,"stdev_s":0.0,"summary":true}
    LATPROBE-LEG leg=0 file=/tmp/rwm-ping-0.txt sent=229 recv=225 censor=1.75% p50=28.9[censor=1.75% ok] p95=86.5[censor=1.75% ok] p99=98.4[censor=1.75% UNSCOREABLE(inside censored tail)]
    LATPROBE-LEG leg=1 file=/tmp/rwm-ping-1.txt sent=230 recv=224 censor=2.61% p50=22.7[censor=2.61% ok] p95=56.8[censor=2.61% ok] p99=67.4[censor=2.61% UNSCOREABLE(inside censored tail)]
    LATPROBE: 2 leg(s) /tmp/rwm-ping-0.txt=225 /tmp/rwm-ping-1.txt=224 replies
    CPU: CPUSRV=14.51s CPUCLI=16.26s (srv=decoder cli=sender; whole-invocation incl warmup)
    QDISC cli0: qdisc netem bd7d: root refcnt 7 limit 1000 delay 5ms  3ms loss gemodel p 1.3% r 50% 1-h 100% 1-k 0% rate 100Mbit seed 42  Sent 116917095 bytes 95727 pkt (dropped 556, overlimits 0 requeues 0)   backlog 0b 0p requeues 0 
    QDISC cli1: qdisc netem bd7e: root refcnt 7 limit 1000 delay 5ms  3ms loss gemodel p 1.3% r 50% 1-h 100% 1-k 0% rate 100Mbit seed 1042  Sent 106966469 bytes 87020 pkt (dropped 471, overlimits 0 requeues 0)   backlog 0b 0p requeues 0 
    QDISC srv0: qdisc netem bd7f: root refcnt 7 limit 1000 delay 5ms  3ms rate 100Mbit seed 15172258941100823165  Sent 14774860 bytes 56795 pkt (dropped 0, overlimits 0 requeues 0)   backlog 0b 0p requeues 0 
    QDISC srv1: qdisc netem bd80: root refcnt 7 limit 1000 delay 5ms  3ms rate 100Mbit seed 10757009532860886248  Sent 13775517 bytes 51677 pkt (dropped 0, overlimits 0 requeues 0)   backlog 0b 0p requeues 0 
    QCAP: /tmp/rwm-q.txt 18 lines
RUNTIME c7-Q400 rep=3 13s rc=0
ALPHARESULT {"cell": "c7", "arm": "Q400", "alpha_cmd": 0.4, "seed": 42, "rep": 3, "n_paths": 2, "dnf": false, "dnf_count": 0, "mbps": 138.948, "mean_mbps": 138.948, "seconds": 11.5151, "n_runs": 1, "cpusrv": 14.51, "cpucli": 16.26, "khr_med": 1.0, "kraw_med": null, "khr_n": 84, "kraw_n": 0, "rtp_med": 7, "occ_p50": 578, "occcap_p50": 1537, "q_p50": 28, "q_p99": 95, "diag_lines": 46, "retx": 5742, "w1_rfa_gen": "0", "w2_pfrac_lines": 0, "w4_retx_max": 5742, "w5_rack_fa": "376/5742", "gates_cli_quantile_clocks": 1, "gates_srv_quantile_clocks": 1, "gates_cli_rack_clocks": 0, "gates_srv_rack_clocks": 0, "gates_cli_derived_sweep": 0, "gates_srv_derived_sweep": 0, "gates_cli_delta_cap": 1, "gates_srv_delta_cap": 1, "gates_cli_sum_cap": 1, "gates_srv_sum_cap": 1, "gates_cli_composed_cap": 0, "gates_srv_composed_cap": 0, "gates_cli_three_term": 0, "gates_srv_three_term": 0, "gates_cli_loss_sent_truth": 0, "gates_srv_loss_sent_truth": 0, "gates_cli_gen": null, "gates_srv_gen": null, "gates_cli_diag": 1, "gates_srv_diag": 1, "gates_cli_ackdiag": 1, "gates_srv_ackdiag": 1, "gates_cli_walldiag": 1, "gates_srv_walldiag": 1, "gates_cli_fdiag": 1, "gates_srv_fdiag": 1, "gates_cli_recov_mp": 1, "gates_srv_recov_mp": 1, "gates_cli_cc_pace": 0, "gates_srv_cc_pace": 0, "gates_cli_rack_reo_mult": 1, "gates_srv_rack_reo_mult": 1, "gates_lines_cli": 1, "gates_lines_srv": 1, "gate_quantile_cli": "1", "gate_quantile_srv": "1", "gate_alpha_cli": "0.4", "gate_alpha_srv": "0.4", "gate_gen_cli": 384, "gate_gen_srv": 384, "gate_wform_cli": "quantile", "gate_wform_srv": "quantile", "qalpha_lines_cli": 1, "qalpha_site_cli": "sender", "qalpha_quantile_cli": 1, "qalpha_contract_cli": 0.001, "qalpha_override_cli": 0.4, "qalpha_cli": 0.4, "qalpha_k_cli": 1.2247, "qalpha_form_cli": "quantile", "qalpha_winn_cli": "25", "qalpha_lines_srv": 1, "qalpha_site_srv": "receiver", "qalpha_quantile_srv": 1, "qalpha_contract_srv": 1e-05, "qalpha_override_srv": 0.4, "qalpha_srv": 0.4, "qalpha_k_srv": 1.2247, "qalpha_form_srv": "quantile", "qalpha_winn_srv": "25", "qclk_cli_lines": 1, "qclk_cli_site": "sender", "qclk_cli_alpha": 0.4, "qclk_cli_k": 1.2247, "qclk_cli_w_us_mean": 53474.9, "qclk_cli_srtt_us_mean": 49764.3, "qclk_cli_on": 1, "qclk_cli_evals": 170221, "qclk_cli_kept": 2656, "qclk_cli_w_us_p05": 23168, "qclk_cli_w_us_p50": 47752, "qclk_cli_w_us_p95": 102215, "qclk_cli_w_us_min": 13275, "qclk_cli_w_us_max": 128750, "qclk_cli_law_n": 170013, "qclk_cli_sigma_us_mean": 4509.2, "qclk_cli_sigma_n": 170028, "qclk_form_cli": "quantile", "qclk_winn_cli": "25", "qclk_win_ok_cli": 170013, "qclk_srv_lines": 11, "qclk_srv_site": "receiver", "qclk_srv_alpha": 0.4, "qclk_srv_k": 1.2247, "qclk_srv_w_us_mean": 70527.6, "qclk_srv_srtt_us_mean": 71258.7, "qclk_srv_on": 1, "qclk_srv_evals": 161425, "qclk_srv_kept": 2170, "qclk_srv_w_us_p05": 37330, "qclk_srv_w_us_p50": 87370, "qclk_srv_w_us_p95": 96355, "qclk_srv_w_us_min": 33491, "qclk_srv_w_us_max": 96355, "qclk_srv_law_n": 138892, "qclk_srv_sigma_us_mean": 25052.2, "qclk_srv_sigma_n": 160157, "qclk_form_srv": "quantile", "qclk_winn_srv": "25", "qclk_win_ok_srv": 138892, "rack_lines_cli": 2, "rack_on_cli": 0, "rack_evals_cli": 0, "rack_ceil_cli": 0.0, "rack_gran_cli": 0.0, "rack_legacy_pin_cli": 0.0, "rack_round_cli": 0.0, "rack_legacy_cli": 0.0, "rack_mult_cli": 1, "rack_fa_n_cli": 376, "rack_fa_d_cli": 5742, "rack_fa_frac_cli": 0.0655, "rack_fa_class_cli": 0.0625, "rack_lines_srv": 0, "rack_on_srv": null, "rack_evals_srv": null, "rack_ceil_srv": null, "rack_gran_srv": null, "rack_legacy_pin_srv": null, "rack_round_srv": null, "rack_legacy_srv": null, "rack_mult_srv": null, "rack_fa_n_srv": null, "rack_fa_d_srv": null, "rack_fa_frac_srv": null, "rack_fa_class_srv": null, "rack_fired": 5742, "rack_spurious": 376, "rack_fa_frac": 0.0655, "rack_fa_class": 0.0625, "rack_round_us": 0.0, "rack_legacy_us": 0.0, "rack_evals": 0, "rack_legacy_pin": 0.0, "rfa_lines": 11, "rfa_gen": 0, "rfa_fires": 96629, "rfa_false": 2300, "rfa_fill_coded": 1288, "rfa_fill_src": 93041, "rfa_dup_src": 1080, "rfa_preempt_src": 1220, "rfa_src_n": 162444, "rfa_rep_n": 2106, "rfa_false_frac": 0.0238, "rfa_nu_recv": 0.59484, "rfa_fa_class": 0.0625, "rfa_bracket_lo": 0.0238, "rfa_bracket_hi": 0.641026, "sf_ticks": 1896, "sf_E": 0.9702, "sf_short": 0.058, "sf_zero": 0.0016, "capboot_n": 43, "capboot_frac": 0.0, "ping_n": 225, "ping_p50": 28.9, "ping_p95": 86.5, "ping_p99": 98.4, "ping_tx": 229, "ping_rx": 225, "ping_loss": 1.75, "ping_censor_frac": 0.0175, "legs_probed": 1, "leg0_n": 225, "leg0_sent": 229, "leg0_recv": 225, "leg0_sent_source": "summary", "leg0_censor_frac": 0.0175, "leg0_censor_pct": 1.75, "leg0_recv_mismatch": false, "leg0_leg_unscoreable": false, "leg0_min": 6.19, "leg0_max": 122.0, "leg0_p50": 28.9, "leg0_p50_censored": false, "leg0_p50_scoreable": true, "leg0_p95": 86.5, "leg0_p95_censored": false, "leg0_p95_scoreable": true, "leg0_p99": 98.4, "leg0_p99_censored": true, "leg0_p99_scoreable": false, "legs_censor_max": 0.0175, "wait_tun": 96, "wait_paused": 0, "wait_pace": 0, "wait_gen": 0, "wait_nack": 3, "wait_defc": 0, "wait_tail": 0, "wait_flush": 0, "wait_lines": 43, "deadwall": false, "sig_us_p50": 92.0, "sig_us_n": 89829, "sig_us_path": 0, "sig_paths": 2, "pl_n": 84, "pl_max": 0.0314, "pl_min": 0.0144, "pl_p0": 0.0144, "pl_p1": 0.0314, "dgq_hand": 177500, "dgq_full": 0, "dgq_err": 0, "dgq_gap": 0, "tc_bytes": 223883564, "tc_pkts": 182747, "tc_drop": 1027, "tc_s": 13, "hold_lines": 3, "hold_samp_n": 2000, "hold_fed": 84575, "hold_evals": 5738, "hold_law_n": 0, "hold_sup": 0, "hold_emit": 5738, "hold_hd_n": 0, "hold_q": "unset", "hold_n_req": "-", "hold_n_obs": 1000, "hold_gen": 0, "hold_sup_frac": 0.0, "hold_law_frac": 0.0, "hold_obs_p50_us": 17453, "hold_obs_p90_us": 48164, "hold_obs_p99_us": 66503, "hold_t_us_p0": null, "hold_t_us_p1": null, "hold_samp_n_p0": 1000, "hold_samp_n_p1": 1000, "hold_hd_p50_us": null, "hold_hd_p90_us": null, "hold_hd_p99_us": null, "hold_hd_mx_us": null, "hold_unattr_evals": 4, "hold_paths_n": 2, "hold_accounting_ok": 1, "hold_obs_p50_us_p0": 17453, "hold_obs_p90_us_p0": 48164, "hold_obs_p99_us_p0": 55592, "hold_obs_p50_us_p1": 15946, "hold_obs_p90_us_p1": 25668, "hold_obs_p99_us_p1": 66503, "hold_rpd": 0.060826, "fcause_lines": 1, "fcause_gen": 0, "fcause_n": 5742, "fcause_timer": 11, "fcause_gap_data": 5731, "fcause_gap_refresh": 0, "fcause_other": 0, "fcause_fired": 5742, "fcause_unattr": 0, "fcause_timer_frac": 0.0019, "fcause_gap_frac": 0.9981, "succ_lines": 11, "succ_gen": 0, "succ_det": 94401, "succ_res": 94316, "succ_orig_n": 93031, "succ_rep_n": 1285, "succ_aban_n": 1, "succ_open": 84, "succ_over": 0, "succ_orig_p50_us": 22528, "succ_orig_p90_us": 61440, "succ_orig_p99_us": 90112, "succ_orig_mx_us": 183592, "succ_orig_frac": 0.9864, "succ_identity_ok": 1}
LIVENESS c7-Q400 rep=3 RWM_QUANTILE_CLOCKS=RWM_QUANTILE_CLOCKS=1/RWM_QUANTILE_CLOCKS=1(exp1) RWM_ALPHA_OVERRIDE=RWM_ALPHA_OVERRIDE=0.4/RWM_ALPHA_OVERRIDE=0.4(exp0.4) RWM_W_FORM=RWM_W_FORM=quantile/RWM_W_FORM=quantile(expquantile) RWM_DELTA_CAP=RWM_DELTA_CAP=1/RWM_DELTA_CAP=1(exp1) RWM_SUM_CAP=RWM_SUM_CAP=1/RWM_SUM_CAP=1(exp1) RWM_HOLDDOWN_Q=RWM_HOLDDOWN_Q=unset/RWM_HOLDDOWN_Q=unset(expunset) RWM_REFRESH_FLOOR_US=RWM_REFRESH_FLOOR_US=unset/RWM_REFRESH_FLOOR_US=unset(expunset) RWM_RACK_CLOCKS=RWM_RACK_CLOCKS=0/RWM_RACK_CLOCKS=0(exp0) RWM_DERIVED_SWEEP=RWM_DERIVED_SWEEP=0/RWM_DERIVED_SWEEP=0(exp0) RWM_COMPOSED_CAP=RWM_COMPOSED_CAP=0/RWM_COMPOSED_CAP=0(exp0) RWM_THREE_TERM=RWM_THREE_TERM=0/RWM_THREE_TERM=0(exp0) RWM_STORE_CAP_UNIFIED=RWM_STORE_CAP_UNIFIED=0/RWM_STORE_CAP_UNIFIED=0(exp0) RWM_LATE_BRAKE=RWM_LATE_BRAKE=0/RWM_LATE_BRAKE=0(exp0) RWM_CHARGE_RECOVERY=RWM_CHARGE_RECOVERY=0/RWM_CHARGE_RECOVERY=0(exp0) RWM_RELEASE_1TO1=RWM_RELEASE_1TO1=0/RWM_RELEASE_1TO1=0(exp0) RWM_LOSS_SENT_TRUTH=RWM_LOSS_SENT_TRUTH=0/RWM_LOSS_SENT_TRUTH=0(exp0) RWM_RTT_DUMP=RWM_RTT_DUMP=0/RWM_RTT_DUMP=0(exp0) RWM_SUCC_DUMP=RWM_SUCC_DUMP=0/RWM_SUCC_DUMP=0(exp0) RWM_DIAG=RWM_DIAG=1/RWM_DIAG=1(exp1) RWM_ACKDIAG=RWM_ACKDIAG=1/RWM_ACKDIAG=1(exp1) RWM_WALLDIAG=RWM_WALLDIAG=1/RWM_WALLDIAG=1(exp1) RWM_FDIAG=RWM_FDIAG=1/RWM_FDIAG=1(exp1)
W5QALPHA c7-Q400 rep=3 cli=form:quantile/win_n:25/alpha:4.000000e-1 srv=form:quantile/win_n:25/alpha:4.000000e-1 (exp form=quantile win_n=25)
WCLOCK c7-Q400 rep=3 law_n=170013 evals=170221 win_ok=170013 win_n=25 p50=47752 p05=23168 p95=102215 shipped_clock=100000
W8SUCC c7-Q400 rep=3 det=94401 res=94316 orig_frac=0.9864
QALPHALINE c7-Q400 rep=3 site=cli [QALPHA] site=receiver quantile=1 form=quantile win_n=25 contract_alpha=1.000000e-5 override=4.000000e-1 alpha=4.000000e-1 k=1.2247 fa_class=0.0625
QALPHALINE c7-Q400 rep=3 site=cli [QALPHA] site=sender quantile=1 form=quantile win_n=25 contract_alpha=1.000000e-3 override=4.000000e-1 alpha=4.000000e-1 k=1.2247 fa_class=0.0625
QALPHALINE c7-Q400 rep=3 site=srv [QALPHA] site=receiver quantile=1 form=quantile win_n=25 contract_alpha=1.000000e-5 override=4.000000e-1 alpha=4.000000e-1 k=1.2247 fa_class=0.0625
QALPHALINE c7-Q400 rep=3 site=srv [QALPHA] site=sender quantile=1 form=quantile win_n=25 contract_alpha=1.000000e-3 override=4.000000e-1 alpha=4.000000e-1 k=1.2247 fa_class=0.0625
QCLKLINE c7-Q400 rep=3 site=cli [QCLK] site=sender on=1 form=quantile win_n=25 win_ok=170013 alpha=4.000000e-1 k=1.2247 evals=170221 law_n=170013 kept=2656 w_us_mean=53474.9 w_us_p05=23168 w_us_p50=47752 w_us_p95=102215 w_us_min=13275 w_us_max=128750 srtt_us_mean=49764.3 sigma_us_mean=4509.2/n170028 fa_class=0.0625
QCLKLINE c7-Q400 rep=3 site=srv [QCLK] site=receiver on=1 form=quantile win_n=25 win_ok=0 alpha=4.000000e-1 k=1.2247 evals=14674 law_n=0 kept=0 w_us_mean=0.0 w_us_p05=0 w_us_p50=0 w_us_p95=0 w_us_min=0 w_us_max=0 srtt_us_mean=0.0 sigma_us_mean=23049.4/n13406 fa_class=0.0625
QCLKLINE c7-Q400 rep=3 site=srv [QCLK] site=receiver on=1 form=quantile win_n=25 win_ok=7893 alpha=4.000000e-1 k=1.2247 evals=30426 law_n=7893 kept=3946 w_us_mean=41462.4 w_us_p05=40357 w_us_p50=40369 w_us_p95=50037 w_us_min=40357 w_us_max=50037 srtt_us_mean=43403.5 sigma_us_mean=24146.2/n29158 fa_class=0.0625
QCLKLINE c7-Q400 rep=3 site=srv [QCLK] site=receiver on=1 form=quantile win_n=25 win_ok=22853 alpha=4.000000e-1 k=1.2247 evals=45386 law_n=22853 kept=2857 w_us_mean=44333.9 w_us_p05=40357 w_us_p50=40478 w_us_p95=50037 w_us_min=40357 w_us_max=50037 srtt_us_mean=51201.2 sigma_us_mean=24351.2/n44118 fa_class=0.0625
QCLKLINE c7-Q400 rep=3 site=srv [QCLK] site=receiver on=1 form=quantile win_n=25 win_ok=39105 alpha=4.000000e-1 k=1.2247 evals=61638 law_n=39105 kept=2444 w_us_mean=45039.7 w_us_p05=40357 w_us_p50=46071 w_us_p95=50037 w_us_min=37330 w_us_max=50037 srtt_us_mean=55732.4 sigma_us_mean=24855.1/n60370 fa_class=0.0625
QCLKLINE c7-Q400 rep=3 site=srv [QCLK] site=receiver on=1 form=quantile win_n=25 win_ok=52862 alpha=4.000000e-1 k=1.2247 evals=75395 law_n=52862 kept=3304 w_us_mean=43052.0 w_us_p05=37330 w_us_p50=45991 w_us_p95=50037 w_us_min=33491 w_us_max=50037 srtt_us_mean=57534.0 sigma_us_mean=24905.2/n74127 fa_class=0.0625
QCLKLINE c7-Q400 rep=3 site=srv [QCLK] site=receiver on=1 form=quantile win_n=25 win_ok=65159 alpha=4.000000e-1 k=1.2247 evals=87692 law_n=65159 kept=4072 w_us_mean=46932.0 w_us_p05=37330 w_us_p50=45991 w_us_p95=87370 w_us_min=33491 w_us_max=87370 srtt_us_mean=61310.4 sigma_us_mean=25328.2/n86424 fa_class=0.0625
QCLKLINE c7-Q400 rep=3 site=srv [QCLK] site=receiver on=1 form=quantile win_n=25 win_ok=79833 alpha=4.000000e-1 k=1.2247 evals=102366 law_n=79833 kept=2494 w_us_mean=54364.9 w_us_p05=37330 w_us_p50=46071 w_us_p95=87370 w_us_min=33491 w_us_max=87370 srtt_us_mean=64009.9 sigma_us_mean=25090.0/n101098 fa_class=0.0625
QCLKLINE c7-Q400 rep=3 site=srv [QCLK] site=receiver on=1 form=quantile win_n=25 win_ok=93901 alpha=4.000000e-1 k=1.2247 evals=116434 law_n=93901 kept=2934 w_us_mean=59704.9 w_us_p05=37330 w_us_p50=46850 w_us_p95=90486 w_us_min=33491 w_us_max=90486 srtt_us_mean=66837.5 sigma_us_mean=24626.1/n115166 fa_class=0.0625
QCLKLINE c7-Q400 rep=3 site=srv [QCLK] site=receiver on=1 form=quantile win_n=25 win_ok=109380 alpha=4.000000e-1 k=1.2247 evals=131913 law_n=109380 kept=3418 w_us_mean=64061.0 w_us_p05=37330 w_us_p50=50037 w_us_p95=90486 w_us_min=33491 w_us_max=90486 srtt_us_mean=68589.2 sigma_us_mean=24934.6/n130645 fa_class=0.0625
QCLKLINE c7-Q400 rep=3 site=srv [QCLK] site=receiver on=1 form=quantile win_n=25 win_ok=123830 alpha=4.000000e-1 k=1.2247 evals=146363 law_n=123830 kept=3869 w_us_mean=67386.1 w_us_p05=37330 w_us_p50=87370 w_us_p95=90486 w_us_min=33491 w_us_max=96355 srtt_us_mean=69891.6 sigma_us_mean=25134.0/n145095 fa_class=0.0625
QCLKLINE c7-Q400 rep=3 site=srv [QCLK] site=receiver on=1 form=quantile win_n=25 win_ok=138892 alpha=4.000000e-1 k=1.2247 evals=161425 law_n=138892 kept=2170 w_us_mean=70527.6 w_us_p05=37330 w_us_p50=87370 w_us_p95=96355 w_us_min=33491 w_us_max=96355 srtt_us_mean=71258.7 sigma_us_mean=25052.2/n160157 fa_class=0.0625
RACKLINE c7-Q400 rep=3 site=cli [RACK] on=0 evals=0 ceil=0.0000 gran=0.0000 legacy_pin=0.0000 round=0.0 legacy=0.0 mult=1 fa=128/128 fa_frac=1.0000 fa_class=0.0625
RACKLINE c7-Q400 rep=3 site=cli [RACK] on=0 evals=0 ceil=0.0000 gran=0.0000 legacy_pin=0.0000 round=0.0 legacy=0.0 mult=1 fa=376/5742 fa_frac=0.0655 fa_class=0.0625
RFALINE c7-Q400 rep=3 site=cli [RFA] gen=0 fires=13 false=13 false_frac=1.0000 fill_coded=0 fill_src=0 dup_src=13 preempt_src=0 src_n=14 rep_n=12 nu_recv=0.92857 fa_class=0.0625
RFALINE c7-Q400 rep=3 site=cli [RFA] gen=0 fires=27 false=27 false_frac=1.0000 fill_coded=0 fill_src=0 dup_src=27 preempt_src=0 src_n=28 rep_n=26 nu_recv=0.96429 fa_class=0.0625
RFALINE c7-Q400 rep=3 site=cli [RFA] gen=0 fires=38 false=38 false_frac=1.0000 fill_coded=0 fill_src=0 dup_src=38 preempt_src=0 src_n=39 rep_n=37 nu_recv=0.97436 fa_class=0.0625
RFALINE c7-Q400 rep=3 site=cli [RFA] gen=0 fires=50 false=50 false_frac=1.0000 fill_coded=0 fill_src=0 dup_src=50 preempt_src=0 src_n=51 rep_n=49 nu_recv=0.98039 fa_class=0.0625
RFALINE c7-Q400 rep=3 site=cli [RFA] gen=0 fires=64 false=64 false_frac=1.0000 fill_coded=0 fill_src=0 dup_src=64 preempt_src=0 src_n=65 rep_n=63 nu_recv=0.98462 fa_class=0.0625
RFALINE c7-Q400 rep=3 site=cli [RFA] gen=0 fires=73 false=73 false_frac=1.0000 fill_coded=0 fill_src=0 dup_src=73 preempt_src=0 src_n=74 rep_n=72 nu_recv=0.98649 fa_class=0.0625
RFALINE c7-Q400 rep=3 site=cli [RFA] gen=0 fires=85 false=85 false_frac=1.0000 fill_coded=0 fill_src=0 dup_src=85 preempt_src=0 src_n=86 rep_n=84 nu_recv=0.98837 fa_class=0.0625
RFALINE c7-Q400 rep=3 site=cli [RFA] gen=0 fires=95 false=95 false_frac=1.0000 fill_coded=0 fill_src=0 dup_src=95 preempt_src=0 src_n=96 rep_n=94 nu_recv=0.98958 fa_class=0.0625
RFALINE c7-Q400 rep=3 site=cli [RFA] gen=0 fires=106 false=106 false_frac=1.0000 fill_coded=0 fill_src=0 dup_src=106 preempt_src=0 src_n=107 rep_n=105 nu_recv=0.99065 fa_class=0.0625
RFALINE c7-Q400 rep=3 site=cli [RFA] gen=0 fires=117 false=117 false_frac=1.0000 fill_coded=0 fill_src=0 dup_src=117 preempt_src=0 src_n=118 rep_n=116 nu_recv=0.99153 fa_class=0.0625
RFALINE c7-Q400 rep=3 site=cli [RFA] gen=0 fires=128 false=128 false_frac=1.0000 fill_coded=0 fill_src=0 dup_src=128 preempt_src=0 src_n=129 rep_n=127 nu_recv=0.99225 fa_class=0.0625
RFALINE c7-Q400 rep=3 site=cli [RFA] gen=0 fires=128 false=128 false_frac=1.0000 fill_coded=0 fill_src=0 dup_src=128 preempt_src=0 src_n=130 rep_n=128 nu_recv=0.98462 fa_class=0.0625
RFALINE c7-Q400 rep=3 site=srv [RFA] gen=0 fires=7384 false=284 false_frac=0.0385 fill_coded=102 fill_src=6998 dup_src=187 preempt_src=97 src_n=14556 rep_n=205 nu_recv=0.50728 fa_class=0.0625
RFALINE c7-Q400 rep=3 site=srv [RFA] gen=0 fires=17099 false=399 false_frac=0.0233 fill_coded=155 fill_src=16545 dup_src=252 preempt_src=147 src_n=30212 rep_n=301 nu_recv=0.56597 fa_class=0.0625
RFALINE c7-Q400 rep=3 site=srv [RFA] gen=0 fires=26201 false=628 false_frac=0.0240 fill_coded=275 fill_src=25298 dup_src=361 preempt_src=267 src_n=45443 rep_n=536 nu_recv=0.57657 fa_class=0.0625
RFALINE c7-Q400 rep=3 site=srv [RFA] gen=0 fires=35841 false=830 false_frac=0.0232 fill_coded=407 fill_src=34604 dup_src=437 preempt_src=393 src_n=61497 rep_n=742 nu_recv=0.58281 fa_class=0.0625
RFALINE c7-Q400 rep=3 site=srv [RFA] gen=0 fires=44700 false=1019 false_frac=0.0228 fill_coded=517 fill_src=43164 dup_src=520 preempt_src=499 src_n=75834 rep_n=878 nu_recv=0.58945 fa_class=0.0625
RFALINE c7-Q400 rep=3 site=srv [RFA] gen=0 fires=50313 false=1136 false_frac=0.0226 fill_coded=595 fill_src=48582 dup_src=575 preempt_src=561 src_n=88419 rep_n=1047 nu_recv=0.56903 fa_class=0.0625
RFALINE c7-Q400 rep=3 site=srv [RFA] gen=0 fires=59586 false=1373 false_frac=0.0230 fill_coded=758 fill_src=57455 dup_src=648 preempt_src=725 src_n=103194 rep_n=1271 nu_recv=0.57742 fa_class=0.0625
RFALINE c7-Q400 rep=3 site=srv [RFA] gen=0 fires=68210 false=1528 false_frac=0.0224 fill_coded=859 fill_src=65823 dup_src=708 preempt_src=820 src_n=117549 rep_n=1490 nu_recv=0.58027 fa_class=0.0625
RFALINE c7-Q400 rep=3 site=srv [RFA] gen=0 fires=77810 false=1770 false_frac=0.0227 fill_coded=1029 fill_src=75011 dup_src=784 preempt_src=986 src_n=132847 rep_n=1708 nu_recv=0.58571 fa_class=0.0625
RFALINE c7-Q400 rep=3 site=srv [RFA] gen=0 fires=87278 false=2001 false_frac=0.0229 fill_coded=1192 fill_src=84085 dup_src=877 preempt_src=1124 src_n=147106 rep_n=1921 nu_recv=0.59330 fa_class=0.0625
RFALINE c7-Q400 rep=3 site=srv [RFA] gen=0 fires=96629 false=2300 false_frac=0.0238 fill_coded=1288 fill_src=93041 dup_src=1080 preempt_src=1220 src_n=162444 rep_n=2106 nu_recv=0.59484 fa_class=0.0625
FCAUSELINE c7-Q400 rep=3 site=cli [FCAUSE] gen=0 n=5742 timer=11 gap_data=5731 gap_refresh=0 other=0 timer_frac=0.0019 gap_frac=0.9981 fired=5742 unattr=0 fa_class=0.0625
SUCCLINE c7-Q400 rep=3 site=cli [SUCC] gen=0 det=0 res=0 orig_n=0 orig_p50_us=- orig_p90_us=- orig_p99_us=- orig_mx_us=- orig_mean_us=- rep_n=0 rep_p50_us=- rep_p90_us=- rep_p99_us=- rep_mx_us=- rep_mean_us=- aban_n=0 aban_p50_us=- aban_p90_us=- aban_p99_us=- aban_mx_us=- aban_mean_us=- open=0 over=0 orig_frac=- cross_us=- dump=0/0
SUCCLINE c7-Q400 rep=3 site=cli [SUCC] gen=0 det=0 res=0 orig_n=0 orig_p50_us=- orig_p90_us=- orig_p99_us=- orig_mx_us=- orig_mean_us=- rep_n=0 rep_p50_us=- rep_p90_us=- rep_p99_us=- rep_mx_us=- rep_mean_us=- aban_n=0 aban_p50_us=- aban_p90_us=- aban_p99_us=- aban_mx_us=- aban_mean_us=- open=0 over=0 orig_frac=- cross_us=- dump=0/0
SUCCLINE c7-Q400 rep=3 site=cli [SUCC] gen=0 det=0 res=0 orig_n=0 orig_p50_us=- orig_p90_us=- orig_p99_us=- orig_mx_us=- orig_mean_us=- rep_n=0 rep_p50_us=- rep_p90_us=- rep_p99_us=- rep_mx_us=- rep_mean_us=- aban_n=0 aban_p50_us=- aban_p90_us=- aban_p99_us=- aban_mx_us=- aban_mean_us=- open=0 over=0 orig_frac=- cross_us=- dump=0/0
SUCCLINE c7-Q400 rep=3 site=cli [SUCC] gen=0 det=0 res=0 orig_n=0 orig_p50_us=- orig_p90_us=- orig_p99_us=- orig_mx_us=- orig_mean_us=- rep_n=0 rep_p50_us=- rep_p90_us=- rep_p99_us=- rep_mx_us=- rep_mean_us=- aban_n=0 aban_p50_us=- aban_p90_us=- aban_p99_us=- aban_mx_us=- aban_mean_us=- open=0 over=0 orig_frac=- cross_us=- dump=0/0
SUCCLINE c7-Q400 rep=3 site=cli [SUCC] gen=0 det=0 res=0 orig_n=0 orig_p50_us=- orig_p90_us=- orig_p99_us=- orig_mx_us=- orig_mean_us=- rep_n=0 rep_p50_us=- rep_p90_us=- rep_p99_us=- rep_mx_us=- rep_mean_us=- aban_n=0 aban_p50_us=- aban_p90_us=- aban_p99_us=- aban_mx_us=- aban_mean_us=- open=0 over=0 orig_frac=- cross_us=- dump=0/0
SUCCLINE c7-Q400 rep=3 site=cli [SUCC] gen=0 det=0 res=0 orig_n=0 orig_p50_us=- orig_p90_us=- orig_p99_us=- orig_mx_us=- orig_mean_us=- rep_n=0 rep_p50_us=- rep_p90_us=- rep_p99_us=- rep_mx_us=- rep_mean_us=- aban_n=0 aban_p50_us=- aban_p90_us=- aban_p99_us=- aban_mx_us=- aban_mean_us=- open=0 over=0 orig_frac=- cross_us=- dump=0/0
SUCCLINE c7-Q400 rep=3 site=cli [SUCC] gen=0 det=0 res=0 orig_n=0 orig_p50_us=- orig_p90_us=- orig_p99_us=- orig_mx_us=- orig_mean_us=- rep_n=0 rep_p50_us=- rep_p90_us=- rep_p99_us=- rep_mx_us=- rep_mean_us=- aban_n=0 aban_p50_us=- aban_p90_us=- aban_p99_us=- aban_mx_us=- aban_mean_us=- open=0 over=0 orig_frac=- cross_us=- dump=0/0
SUCCLINE c7-Q400 rep=3 site=cli [SUCC] gen=0 det=0 res=0 orig_n=0 orig_p50_us=- orig_p90_us=- orig_p99_us=- orig_mx_us=- orig_mean_us=- rep_n=0 rep_p50_us=- rep_p90_us=- rep_p99_us=- rep_mx_us=- rep_mean_us=- aban_n=0 aban_p50_us=- aban_p90_us=- aban_p99_us=- aban_mx_us=- aban_mean_us=- open=0 over=0 orig_frac=- cross_us=- dump=0/0
SUCCLINE c7-Q400 rep=3 site=cli [SUCC] gen=0 det=0 res=0 orig_n=0 orig_p50_us=- orig_p90_us=- orig_p99_us=- orig_mx_us=- orig_mean_us=- rep_n=0 rep_p50_us=- rep_p90_us=- rep_p99_us=- rep_mx_us=- rep_mean_us=- aban_n=0 aban_p50_us=- aban_p90_us=- aban_p99_us=- aban_mx_us=- aban_mean_us=- open=0 over=0 orig_frac=- cross_us=- dump=0/0
SUCCLINE c7-Q400 rep=3 site=cli [SUCC] gen=0 det=0 res=0 orig_n=0 orig_p50_us=- orig_p90_us=- orig_p99_us=- orig_mx_us=- orig_mean_us=- rep_n=0 rep_p50_us=- rep_p90_us=- rep_p99_us=- rep_mx_us=- rep_mean_us=- aban_n=0 aban_p50_us=- aban_p90_us=- aban_p99_us=- aban_mx_us=- aban_mean_us=- open=0 over=0 orig_frac=- cross_us=- dump=0/0
SUCCLINE c7-Q400 rep=3 site=cli [SUCC] gen=0 det=0 res=0 orig_n=0 orig_p50_us=- orig_p90_us=- orig_p99_us=- orig_mx_us=- orig_mean_us=- rep_n=0 rep_p50_us=- rep_p90_us=- rep_p99_us=- rep_mx_us=- rep_mean_us=- aban_n=0 aban_p50_us=- aban_p90_us=- aban_p99_us=- aban_mx_us=- aban_mean_us=- open=0 over=0 orig_frac=- cross_us=- dump=0/0
SUCCLINE c7-Q400 rep=3 site=srv [SUCC] gen=0 det=7268 res=7100 orig_n=6998 orig_p50_us=24576 orig_p90_us=65536 orig_p99_us=131072 orig_mx_us=183592 orig_mean_us=32708 rep_n=102 rep_p50_us=73728 rep_p90_us=122880 rep_p99_us=147456 rep_mx_us=155796 rep_mean_us=67782 aban_n=0 aban_p50_us=- aban_p90_us=- aban_p99_us=- aban_mx_us=- aban_mean_us=- open=168 over=0 orig_frac=0.9856 cross_us=- dump=0/0
SUCCLINE c7-Q400 rep=3 site=srv [SUCC] gen=0 det=16825 res=16700 orig_n=16545 orig_p50_us=22528 orig_p90_us=61440 orig_p99_us=98304 orig_mx_us=183592 orig_mean_us=29043 rep_n=155 rep_p50_us=57344 rep_p90_us=90112 rep_p99_us=147456 rep_mx_us=155796 rep_mean_us=60065 aban_n=0 aban_p50_us=- aban_p90_us=- aban_p99_us=- aban_mx_us=- aban_mean_us=- open=125 over=0 orig_frac=0.9907 cross_us=- dump=0/0
SUCCLINE c7-Q400 rep=3 site=srv [SUCC] gen=0 det=25676 res=25571 orig_n=25298 orig_p50_us=24576 orig_p90_us=65536 orig_p99_us=114688 orig_mx_us=183592 orig_mean_us=32498 rep_n=273 rep_p50_us=65536 rep_p90_us=98304 rep_p99_us=147456 rep_mx_us=155796 rep_mean_us=65806 aban_n=1 aban_p50_us=26624 aban_p90_us=26624 aban_p99_us=26624 aban_mx_us=28078 aban_mean_us=28078 open=104 over=0 orig_frac=0.9893 cross_us=- dump=0/0
SUCCLINE c7-Q400 rep=3 site=srv [SUCC] gen=0 det=35194 res=35009 orig_n=34604 orig_p50_us=22528 orig_p90_us=61440 orig_p99_us=106496 orig_mx_us=183592 orig_mean_us=29184 rep_n=405 rep_p50_us=45056 rep_p90_us=98304 rep_p99_us=147456 rep_mx_us=155796 rep_mean_us=54328 aban_n=1 aban_p50_us=26624 aban_p90_us=26624 aban_p99_us=26624 aban_mx_us=28078 aban_mean_us=28078 open=184 over=0 orig_frac=0.9884 cross_us=- dump=0/0
SUCCLINE c7-Q400 rep=3 site=srv [SUCC] gen=0 det=43855 res=43679 orig_n=43164 orig_p50_us=20480 orig_p90_us=61440 orig_p99_us=98304 orig_mx_us=183592 orig_mean_us=28041 rep_n=515 rep_p50_us=45056 rep_p90_us=90112 rep_p99_us=147456 rep_mx_us=155796 rep_mean_us=52761 aban_n=1 aban_p50_us=26624 aban_p90_us=26624 aban_p99_us=26624 aban_mx_us=28078 aban_mean_us=28078 open=175 over=0 orig_frac=0.9882 cross_us=- dump=0/0
SUCCLINE c7-Q400 rep=3 site=srv [SUCC] gen=0 det=49471 res=49173 orig_n=48581 orig_p50_us=20480 orig_p90_us=61440 orig_p99_us=98304 orig_mx_us=183592 orig_mean_us=28844 rep_n=592 rep_p50_us=45056 rep_p90_us=90112 rep_p99_us=147456 rep_mx_us=155796 rep_mean_us=53994 aban_n=1 aban_p50_us=26624 aban_p90_us=26624 aban_p99_us=26624 aban_mx_us=28078 aban_mean_us=28078 open=297 over=0 orig_frac=0.9880 cross_us=- dump=0/0
SUCCLINE c7-Q400 rep=3 site=srv [SUCC] gen=0 det=58223 res=58209 orig_n=57454 orig_p50_us=22528 orig_p90_us=61440 orig_p99_us=98304 orig_mx_us=183592 orig_mean_us=29042 rep_n=755 rep_p50_us=45056 rep_p90_us=90112 rep_p99_us=147456 rep_mx_us=155796 rep_mean_us=52358 aban_n=1 aban_p50_us=26624 aban_p90_us=26624 aban_p99_us=26624 aban_mx_us=28078 aban_mean_us=28078 open=13 over=0 orig_frac=0.9870 cross_us=- dump=0/0
SUCCLINE c7-Q400 rep=3 site=srv [SUCC] gen=0 det=66815 res=66678 orig_n=65822 orig_p50_us=22528 orig_p90_us=61440 orig_p99_us=98304 orig_mx_us=183592 orig_mean_us=29404 rep_n=856 rep_p50_us=45056 rep_p90_us=90112 rep_p99_us=147456 rep_mx_us=155796 rep_mean_us=53459 aban_n=1 aban_p50_us=26624 aban_p90_us=26624 aban_p99_us=26624 aban_mx_us=28078 aban_mean_us=28078 open=136 over=0 orig_frac=0.9872 cross_us=- dump=0/0
SUCCLINE c7-Q400 rep=3 site=srv [SUCC] gen=0 det=76073 res=76027 orig_n=75001 orig_p50_us=20480 orig_p90_us=61440 orig_p99_us=98304 orig_mx_us=183592 orig_mean_us=28578 rep_n=1026 rep_p50_us=40960 rep_p90_us=90112 rep_p99_us=131072 rep_mx_us=155796 rep_mean_us=52817 aban_n=1 aban_p50_us=26624 aban_p90_us=26624 aban_p99_us=26624 aban_mx_us=28078 aban_mean_us=28078 open=45 over=0 orig_frac=0.9865 cross_us=- dump=0/0
SUCCLINE c7-Q400 rep=3 site=srv [SUCC] gen=0 det=85440 res=85264 orig_n=84075 orig_p50_us=20480 orig_p90_us=61440 orig_p99_us=90112 orig_mx_us=183592 orig_mean_us=28058 rep_n=1189 rep_p50_us=40960 rep_p90_us=90112 rep_p99_us=131072 rep_mx_us=155796 rep_mean_us=51602 aban_n=1 aban_p50_us=26624 aban_p90_us=26624 aban_p99_us=26624 aban_mx_us=28078 aban_mean_us=28078 open=175 over=0 orig_frac=0.9861 cross_us=- dump=0/0
SUCCLINE c7-Q400 rep=3 site=srv [SUCC] gen=0 det=94401 res=94316 orig_n=93031 orig_p50_us=22528 orig_p90_us=61440 orig_p99_us=90112 orig_mx_us=183592 orig_mean_us=28745 rep_n=1285 rep_p50_us=40960 rep_p90_us=90112 rep_p99_us=131072 rep_mx_us=155796 rep_mean_us=52594 aban_n=1 aban_p50_us=26624 aban_p90_us=26624 aban_p99_us=26624 aban_mx_us=28078 aban_mean_us=28078 open=84 over=0 orig_frac=0.9864 cross_us=- dump=0/0
HOLDLINE c7-Q400 rep=3 site=cli [HOLD] site=sender path=0 gen=0 q=unset n_req=- n_obs=1000 samp_n=1000 fed=41968 t_us=- obs_p50_us=17453 obs_p90_us=48164 obs_p99_us=55592 evals=2921 law_n=0 sup=0 emit=2921 hd_p50_us=- hd_p90_us=- hd_p99_us=- hd_mx_us=- hd_n=0 fa_class=0.0625
HOLDLINE c7-Q400 rep=3 site=cli [HOLD] site=sender path=1 gen=0 q=unset n_req=- n_obs=1000 samp_n=1000 fed=42607 t_us=- obs_p50_us=15946 obs_p90_us=25668 obs_p99_us=66503 evals=2817 law_n=0 sup=0 emit=2817 hd_p50_us=- hd_p90_us=- hd_p99_us=- hd_mx_us=- hd_n=0 fa_class=0.0625
HOLDLINE c7-Q400 rep=3 site=cli [HOLD] site=sender path=- gen=0 q=unset n_req=- n_obs=1000 samp_n=0 fed=0 t_us=- obs_p50_us=- obs_p90_us=- obs_p99_us=- evals=4 law_n=0 sup=0 emit=4 hd_p50_us=- hd_p90_us=- hd_p99_us=- hd_mx_us=- hd_n=0 fa_class=0.0625
WALLLINE c7-Q400 rep=3 site=cli [WALL] onset=0.9931 dur_ms=79.6 retx=10 total_ms=11529.4 it_ms=0.068
WINDOW-PARTIAL c7-Q400 rep=3 win_ok=170013/170221 win_n=25 (RESULT, not an abort -- the fraction is to be scored, and the quantile-native sweep read 0.829-0.999 here)
VAWITNESS {"cell":"c7","arm":"Q400","alpha":"0.4","seed":42,"rep":3,"rc":0,"mean_mbps":138.948,"band":[140,180],"band_applies":0,"in_band":0,"lossy":1,"alpha_expect":"0.4","alpha_got_cli":"0.4","alpha_got_srv":"0.4","form_expect":"quantile","form_got_cli":"quantile","form_got_srv":"quantile","winn_expect":"25","winn_got_cli":"25","winn_got_srv":"25","qclk_law_n":170013,"qclk_evals":170221,"qclk_win_ok":170013,"qclk_win_n":"25","w_us_p50":47752,"w_us_p05":23168,"w_us_p95":102215,"shipped_clock_us":100000,"fcause_n":5742,"fcause_timer":11,"fcause_gap_data":5731,"fcause_gap_refresh":0,"fcause_other":0,"fcause_unattr":0,"succ_det":94401,"succ_res":94316,"succ_orig_frac":"0.9864","rfa_fires":96629,"rfa_false":2300,"rfa_false_frac":"0.0238","rfa_fill_coded":1288,"rack_fa":"376/5742","rack_fa_frac":"0.0655","fails":""}
=== rep=4 arm=c7-CTL alpha=unset form=unset win_n=unavail seed=42 env="RWM_QUANTILE_CLOCKS=0 RWM_DELTA_CAP=1 RWM_SUM_CAP=1 RWM_RACK_CLOCKS=0 RWM_DERIVED_SWEEP=0 RWM_COMPOSED_CAP=0 RWM_THREE_TERM=0 RWM_STORE_CAP_UNIFIED=0 RWM_LATE_BRAKE=0 RWM_CHARGE_RECOVERY=0 RWM_RELEASE_1TO1=0 RWM_LOSS_SENT_TRUTH=0 RWM_RTT_DUMP=0 RWM_SUCC_DUMP=0" cell=c2/c2/dual bytes=200000000 18:35:44
[2m2026-08-21T18:35:46.128850Z[0m [32m INFO[0m [2mraptorpath::gates[0m[2m:[0m [GATES] RWM_UNIFIED=1 RWM_UNIFIED_SHED=1 RWM_TAPER_R=1 RWM_ASTAR_ANCHOR=1 RWM_MSTAR_ANCHOR=1 RWM_PLAIN_RS=0 RWM_HONEST_ANCHOR=1 RWM_HONEST_K=0 RWM_STORE_SACK_RELEASE=1 RWM_STORE_PATHS=1 RWM_STORE_PATH_POOL=2048 RWM_STORE=unset RWM_STORE_GAIN=2 RWM_STORE_BOOT=128 RWM_STORE_CAPW=0 RWM_STORE_CAP_UNIFIED=0 RWM_THREE_TERM=0 RWM_COMPOSED_CAP=0 RWM_SUM_CAP=1 RWM_LATE_BRAKE=0 RWM_DELTA_CAP=1 RWM_STORE_PERCAP=0 RWM_PERCAP_GUARD=1 RWM_STORE_BORROW=0 RWM_HONEST_CAP=1 RWM_POOL_ANCHOR=0 RWM_POOL_DELIV=0 RWM_FLOOR_BOUND=0 RWM_ACK_MERGE=1 RWM_LOSS_SENT_TRUTH=0 RWM_RELEASE_1TO1=0 RWM_CHARGE_RECOVERY=0 RWM_PATIENCE_DERIVED=0 RWM_SIDLE_DERIVED=0 RWM_WIN_DECOUPLE=0 RWM_PLACE_SLACK=0 RWM_COLD_PLACE=0 RWM_GEN=384 RWM_PIPELINE=2 RWM_GEN_PIPE=1 RWM_GEN_R=unset RWM_GEN_RATE=9000 RWM_GEN_RATE_FLOOR=2000 RWM_GEN_INFLIGHT=unset RWM_OOO_RETAIN=0/16 RWM_WINDOW=unset RWM_REPORT_GENS=unset RWM_REPAIR_WAIT=unset RWM_CODED_SRC=0 RWM_NO_REACTIVE=0 RWM_XPATH_REPAIR=0 RWM_PROACTIVE_PACER=0 RWM_REASM_BDP=0 RWM_MIN_R=0 RWM_CC_PACE=0 RWM_CC_PACE_HR=1.1 RWM_REACT_CAP=unset RWM_INFL_CAP=0 RWM_INFL_BDP=unset RWM_COPA_FEED=0 RWM_RS_ATTR=1 RWM_EMIT_BATCH=0 RWM_EMIT_BURST=64 RWM_RECOV_MP=1 RWM_RECOV_MP_LAW=1 RWM_RECOV_MP_LIVE=0 RWM_RECOV_SP=0 RWM_DERIVED_SWEEP=0 RWM_RACK_CLOCKS=0 RWM_RACK_REO_MULT=1 RWM_QUANTILE_CLOCKS=0 RWM_ALPHA_OVERRIDE=unset RWM_W_FORM=cantelli RWM_HOLDDOWN_Q=unset RWM_REFRESH_FLOOR_US=unset RWM_DIAG=1 RWM_ACKDIAG=1 RWM_ACKDIAG_WINDOW_US=2000000 RWM_RTT_DUMP=0 RWM_RTT_DUMP_MAX=400000 RWM_SUCC_DUMP=0 RWM_SUCC_DUMP_MAX=200000 RWM_WALLDIAG=1 RWM_CPUPROF=0 RWM_RDIAG=0 RWM_FDIAG=1 RWM_TRACE=0 RWM_PFRAC=0
{"bytes":200000000,"dnf":0,"hint":"bulk","max_s":9.8677,"mean_mbps":162.145,"mean_s":9.8677,"median_s":9.8677,"min_s":9.8677,"proto":"rp-native","runs":1,"stdev_s":0.0,"summary":true}
    LATPROBE-LEG leg=0 file=/tmp/rwm-ping-0.txt sent=199 recv=193 censor=3.02% p50=40.4[censor=3.02% ok] p95=91.6[censor=3.02% ok] p99=107.0[censor=3.02% UNSCOREABLE(inside censored tail)]
    LATPROBE-LEG leg=1 file=/tmp/rwm-ping-1.txt sent=198 recv=195 censor=1.52% p50=46.0[censor=1.52% ok] p95=104.0[censor=1.52% ok] p99=131.0[censor=1.52% UNSCOREABLE(inside censored tail)]
    LATPROBE: 2 leg(s) /tmp/rwm-ping-0.txt=193 /tmp/rwm-ping-1.txt=195 replies
    CPU: CPUSRV=13.34s CPUCLI=14.42s (srv=decoder cli=sender; whole-invocation incl warmup)
    QDISC cli0: qdisc netem bd81: root refcnt 7 limit 1000 delay 5ms  3ms loss gemodel p 1.3% r 50% 1-h 100% 1-k 0% rate 100Mbit seed 42  Sent 111028181 bytes 89451 pkt (dropped 504, overlimits 0 requeues 0)   backlog 100b 1p requeues 0 
    QDISC cli1: qdisc netem bd82: root refcnt 7 limit 1000 delay 5ms  3ms loss gemodel p 1.3% r 50% 1-h 100% 1-k 0% rate 100Mbit seed 1042  Sent 111606760 bytes 90823 pkt (dropped 487, overlimits 0 requeues 0)   backlog 0b 0p requeues 0 
    QDISC srv0: qdisc netem bd83: root refcnt 7 limit 1000 delay 5ms  3ms rate 100Mbit seed 2732737141354517287  Sent 11547535 bytes 46942 pkt (dropped 0, overlimits 0 requeues 0)   backlog 0b 0p requeues 0 
    QDISC srv1: qdisc netem bd84: root refcnt 7 limit 1000 delay 5ms  3ms rate 100Mbit seed 16810308728172218090  Sent 12693668 bytes 47571 pkt (dropped 0, overlimits 0 requeues 0)   backlog 2586b 2p requeues 0 
    QCAP: /tmp/rwm-q.txt 18 lines
RUNTIME c7-CTL rep=4 12s rc=0
ALPHARESULT {"cell": "c7", "arm": "CTL", "alpha_cmd": null, "seed": 42, "rep": 4, "n_paths": 2, "dnf": false, "dnf_count": 0, "mbps": 162.145, "mean_mbps": 162.145, "seconds": 9.8677, "n_runs": 1, "cpusrv": 13.34, "cpucli": 14.42, "khr_med": 1.0, "kraw_med": null, "khr_n": 72, "kraw_n": 0, "rtp_med": 10, "occ_p50": 890, "occcap_p50": 2049, "q_p50": 44, "q_p99": 137, "diag_lines": 39, "retx": 4758, "w1_rfa_gen": "0", "w2_pfrac_lines": 0, "w4_retx_max": 4758, "w5_rack_fa": "868/4780", "gates_cli_quantile_clocks": 0, "gates_srv_quantile_clocks": 0, "gates_cli_rack_clocks": 0, "gates_srv_rack_clocks": 0, "gates_cli_derived_sweep": 0, "gates_srv_derived_sweep": 0, "gates_cli_delta_cap": 1, "gates_srv_delta_cap": 1, "gates_cli_sum_cap": 1, "gates_srv_sum_cap": 1, "gates_cli_composed_cap": 0, "gates_srv_composed_cap": 0, "gates_cli_three_term": 0, "gates_srv_three_term": 0, "gates_cli_loss_sent_truth": 0, "gates_srv_loss_sent_truth": 0, "gates_cli_gen": null, "gates_srv_gen": null, "gates_cli_diag": 1, "gates_srv_diag": 1, "gates_cli_ackdiag": 1, "gates_srv_ackdiag": 1, "gates_cli_walldiag": 1, "gates_srv_walldiag": 1, "gates_cli_fdiag": 1, "gates_srv_fdiag": 1, "gates_cli_recov_mp": 1, "gates_srv_recov_mp": 1, "gates_cli_cc_pace": 0, "gates_srv_cc_pace": 0, "gates_cli_rack_reo_mult": 1, "gates_srv_rack_reo_mult": 1, "gates_lines_cli": 1, "gates_lines_srv": 1, "gate_quantile_cli": "0", "gate_quantile_srv": "0", "gate_alpha_cli": "unset", "gate_alpha_srv": "unset", "gate_gen_cli": 384, "gate_gen_srv": 384, "gate_wform_cli": "cantelli", "gate_wform_srv": "cantelli", "qalpha_lines_cli": 1, "qalpha_site_cli": "sender", "qalpha_quantile_cli": 0, "qalpha_contract_cli": 0.001, "qalpha_override_cli": null, "qalpha_cli": 0.001, "qalpha_k_cli": 31.607, "qalpha_form_cli": "cantelli", "qalpha_winn_cli": "unavail", "qalpha_lines_srv": 1, "qalpha_site_srv": "receiver", "qalpha_quantile_srv": 0, "qalpha_contract_srv": 1e-05, "qalpha_override_srv": null, "qalpha_srv": 1e-05, "qalpha_k_srv": 316.2262, "qalpha_form_srv": "cantelli", "qalpha_winn_srv": "unavail", "qclk_cli_lines": 1, "qclk_cli_site": "sender", "qclk_cli_alpha": 0.001, "qclk_cli_k": 31.607, "qclk_cli_w_us_mean": 97112.5, "qclk_cli_srtt_us_mean": 73978.5, "qclk_cli_on": 0, "qclk_cli_evals": 169718, "qclk_cli_kept": 2652, "qclk_cli_w_us_p05": 77914, "qclk_cli_w_us_p50": 100000, "qclk_cli_w_us_p95": 100000, "qclk_cli_w_us_min": 25000, "qclk_cli_w_us_max": 100000, "qclk_cli_law_n": 169718, "qclk_cli_sigma_us_mean": 2819.2, "qclk_cli_sigma_n": 169516, "qclk_form_cli": "cantelli", "qclk_winn_cli": "unavail", "qclk_win_ok_cli": 0, "qclk_srv_lines": 9, "qclk_srv_site": "receiver", "qclk_srv_alpha": 1e-05, "qclk_srv_k": 316.2262, "qclk_srv_w_us_mean": 100000.0, "qclk_srv_srtt_us_mean": 82127.1, "qclk_srv_on": 0, "qclk_srv_evals": 157695, "qclk_srv_kept": 2464, "qclk_srv_w_us_p05": 100000, "qclk_srv_w_us_p50": 100000, "qclk_srv_w_us_p95": 100000, "qclk_srv_w_us_min": 100000, "qclk_srv_w_us_max": 100000, "qclk_srv_law_n": 157695, "qclk_srv_sigma_us_mean": 32920.2, "qclk_srv_sigma_n": 156396, "qclk_form_srv": "cantelli", "qclk_winn_srv": "unavail", "qclk_win_ok_srv": 0, "rack_lines_cli": 2, "rack_on_cli": 0, "rack_evals_cli": 0, "rack_ceil_cli": 0.0, "rack_gran_cli": 0.0, "rack_legacy_pin_cli": 0.0, "rack_round_cli": 0.0, "rack_legacy_cli": 0.0, "rack_mult_cli": 1, "rack_fa_n_cli": 868, "rack_fa_d_cli": 4780, "rack_fa_frac_cli": 0.1816, "rack_fa_class_cli": 0.0625, "rack_lines_srv": 0, "rack_on_srv": null, "rack_evals_srv": null, "rack_ceil_srv": null, "rack_gran_srv": null, "rack_legacy_pin_srv": null, "rack_round_srv": null, "rack_legacy_srv": null, "rack_mult_srv": null, "rack_fa_n_srv": null, "rack_fa_d_srv": null, "rack_fa_frac_srv": null, "rack_fa_class_srv": null, "rack_fired": 4780, "rack_spurious": 868, "rack_fa_frac": 0.1816, "rack_fa_class": 0.0625, "rack_round_us": 0.0, "rack_legacy_us": 0.0, "rack_evals": 0, "rack_legacy_pin": 0.0, "rfa_lines": 9, "rfa_gen": 0, "rfa_fires": 87036, "rfa_false": 1632, "rfa_fill_coded": 898, "rfa_fill_src": 84506, "rfa_dup_src": 783, "rfa_preempt_src": 849, "rfa_src_n": 156067, "rfa_rep_n": 1519, "rfa_false_frac": 0.0188, "rfa_nu_recv": 0.55768, "rfa_fa_class": 0.0625, "rfa_bracket_lo": 0.0188, "rfa_bracket_hi": 0.645059, "sf_ticks": 1504, "sf_E": 0.9914, "sf_short": 0.016, "sf_zero": 0.0013, "capboot_n": 36, "capboot_frac": 0.0, "ping_n": 193, "ping_p50": 40.4, "ping_p95": 90.8, "ping_p99": 104.0, "ping_tx": 199, "ping_rx": 193, "ping_loss": 3.02, "ping_censor_frac": 0.0302, "legs_probed": 1, "leg0_n": 193, "leg0_sent": 199, "leg0_recv": 193, "leg0_sent_source": "summary", "leg0_censor_frac": 0.0302, "leg0_censor_pct": 3.02, "leg0_recv_mismatch": false, "leg0_leg_unscoreable": false, "leg0_min": 6.06, "leg0_max": 112.0, "leg0_p50": 40.4, "leg0_p50_censored": false, "leg0_p50_scoreable": true, "leg0_p95": 91.6, "leg0_p95_censored": false, "leg0_p95_scoreable": true, "leg0_p99": 107.0, "leg0_p99_censored": true, "leg0_p99_scoreable": false, "legs_censor_max": 0.0302, "wait_tun": 97, "wait_paused": 0, "wait_pace": 0, "wait_gen": 0, "wait_nack": 3, "wait_defc": 0, "wait_tail": 0, "wait_flush": 0, "wait_lines": 36, "deadwall": false, "sig_us_p50": 764.0, "sig_us_n": 85303, "sig_us_path": 1, "sig_paths": 2, "pl_n": 72, "pl_max": 0.0044, "pl_min": 0.0032, "pl_p0": 0.0044, "pl_p1": 0.0032, "dgq_hand": 174666, "dgq_full": 0, "dgq_err": 0, "dgq_gap": 78, "tc_bytes": 222635041, "tc_pkts": 180275, "tc_drop": 991, "tc_s": 12, "hold_lines": 3, "hold_samp_n": 2000, "hold_fed": 78226, "hold_evals": 4779, "hold_law_n": 0, "hold_sup": 0, "hold_emit": 4779, "hold_hd_n": 0, "hold_q": "unset", "hold_n_req": "-", "hold_n_obs": 1000, "hold_gen": 0, "hold_sup_frac": 0.0, "hold_law_frac": 0.0, "hold_obs_p50_us": 38692, "hold_obs_p90_us": 89700, "hold_obs_p99_us": 112140, "hold_t_us_p0": null, "hold_t_us_p1": null, "hold_samp_n_p0": 1000, "hold_samp_n_p1": 1000, "hold_hd_p50_us": null, "hold_hd_p90_us": null, "hold_hd_p99_us": null, "hold_hd_mx_us": null, "hold_unattr_evals": 1, "hold_paths_n": 2, "hold_accounting_ok": 1, "hold_obs_p50_us_p0": 9375, "hold_obs_p90_us_p0": 38649, "hold_obs_p99_us_p0": 42710, "hold_obs_p50_us_p1": 38692, "hold_obs_p90_us_p1": 89700, "hold_obs_p99_us_p1": 112140, "hold_rpd": 0.055758, "fcause_lines": 1, "fcause_gen": 0, "fcause_n": 4780, "fcause_timer": 3, "fcause_gap_data": 4777, "fcause_gap_refresh": 0, "fcause_other": 0, "fcause_fired": 4780, "fcause_unattr": 0, "fcause_timer_frac": 0.0006, "fcause_gap_frac": 0.9994, "succ_lines": 9, "succ_gen": 0, "succ_det": 85727, "succ_res": 85394, "succ_orig_n": 84506, "succ_rep_n": 888, "succ_aban_n": 5, "succ_open": 328, "succ_over": 0, "succ_orig_p50_us": 36864, "succ_orig_p90_us": 81920, "succ_orig_p99_us": 147456, "succ_orig_mx_us": 295651, "succ_orig_frac": 0.9896, "succ_identity_ok": 1}
LIVENESS c7-CTL rep=4 RWM_QUANTILE_CLOCKS=RWM_QUANTILE_CLOCKS=0/RWM_QUANTILE_CLOCKS=0(exp0) RWM_ALPHA_OVERRIDE=RWM_ALPHA_OVERRIDE=unset/RWM_ALPHA_OVERRIDE=unset(expunset) RWM_W_FORM=RWM_W_FORM=cantelli/RWM_W_FORM=cantelli(expcantelli) RWM_DELTA_CAP=RWM_DELTA_CAP=1/RWM_DELTA_CAP=1(exp1) RWM_SUM_CAP=RWM_SUM_CAP=1/RWM_SUM_CAP=1(exp1) RWM_HOLDDOWN_Q=RWM_HOLDDOWN_Q=unset/RWM_HOLDDOWN_Q=unset(expunset) RWM_REFRESH_FLOOR_US=RWM_REFRESH_FLOOR_US=unset/RWM_REFRESH_FLOOR_US=unset(expunset) RWM_RACK_CLOCKS=RWM_RACK_CLOCKS=0/RWM_RACK_CLOCKS=0(exp0) RWM_DERIVED_SWEEP=RWM_DERIVED_SWEEP=0/RWM_DERIVED_SWEEP=0(exp0) RWM_COMPOSED_CAP=RWM_COMPOSED_CAP=0/RWM_COMPOSED_CAP=0(exp0) RWM_THREE_TERM=RWM_THREE_TERM=0/RWM_THREE_TERM=0(exp0) RWM_STORE_CAP_UNIFIED=RWM_STORE_CAP_UNIFIED=0/RWM_STORE_CAP_UNIFIED=0(exp0) RWM_LATE_BRAKE=RWM_LATE_BRAKE=0/RWM_LATE_BRAKE=0(exp0) RWM_CHARGE_RECOVERY=RWM_CHARGE_RECOVERY=0/RWM_CHARGE_RECOVERY=0(exp0) RWM_RELEASE_1TO1=RWM_RELEASE_1TO1=0/RWM_RELEASE_1TO1=0(exp0) RWM_LOSS_SENT_TRUTH=RWM_LOSS_SENT_TRUTH=0/RWM_LOSS_SENT_TRUTH=0(exp0) RWM_RTT_DUMP=RWM_RTT_DUMP=0/RWM_RTT_DUMP=0(exp0) RWM_SUCC_DUMP=RWM_SUCC_DUMP=0/RWM_SUCC_DUMP=0(exp0) RWM_DIAG=RWM_DIAG=1/RWM_DIAG=1(exp1) RWM_ACKDIAG=RWM_ACKDIAG=1/RWM_ACKDIAG=1(exp1) RWM_WALLDIAG=RWM_WALLDIAG=1/RWM_WALLDIAG=1(exp1) RWM_FDIAG=RWM_FDIAG=1/RWM_FDIAG=1(exp1)
W5QALPHA c7-CTL rep=4 cli=form:cantelli/win_n:unavail/alpha:1.000000e-3 srv=form:cantelli/win_n:unavail/alpha:1.000000e-5 (exp form=cantelli win_n=unavail)
WCLOCK c7-CTL rep=4 law_n=169718 evals=169718 win_ok=0 win_n=unavail p50=100000 p05=77914 p95=100000 shipped_clock=100000
W8SUCC c7-CTL rep=4 det=85727 res=85394 orig_frac=0.9896
QALPHALINE c7-CTL rep=4 site=cli [QALPHA] site=receiver quantile=0 form=cantelli win_n=unavail contract_alpha=1.000000e-5 override=unset alpha=1.000000e-5 k=316.2262 fa_class=0.0625
QALPHALINE c7-CTL rep=4 site=cli [QALPHA] site=sender quantile=0 form=cantelli win_n=unavail contract_alpha=1.000000e-3 override=unset alpha=1.000000e-3 k=31.6070 fa_class=0.0625
QALPHALINE c7-CTL rep=4 site=srv [QALPHA] site=receiver quantile=0 form=cantelli win_n=unavail contract_alpha=1.000000e-5 override=unset alpha=1.000000e-5 k=316.2262 fa_class=0.06252026-08-21T18:35:46.256446Z  INFO raptorpath::net: budget-conserving taper emission ACTIVE (RWM_TAPER_R: plain-mode proactive repair budgeted at r x source per coding window; legacy = r per ack cycle)
QALPHALINE c7-CTL rep=4 site=srv [QALPHA] site=sender quantile=0 form=cantelli win_n=unavail contract_alpha=1.000000e-3 override=unset alpha=1.000000e-3 k=31.6070 fa_class=0.0625
QCLKLINE c7-CTL rep=4 site=cli [QCLK] site=sender on=0 form=cantelli win_n=unavail win_ok=0 alpha=1.000000e-3 k=31.6070 evals=169718 law_n=169718 kept=2652 w_us_mean=97112.5 w_us_p05=77914 w_us_p50=100000 w_us_p95=100000 w_us_min=25000 w_us_max=100000 srtt_us_mean=73978.5 sigma_us_mean=2819.2/n169516 fa_class=0.0625
QCLKLINE c7-CTL rep=4 site=srv [QCLK] site=receiver on=0 form=cantelli win_n=unavail win_ok=0 alpha=1.000000e-5 k=316.2262 evals=16728 law_n=16728 kept=2091 w_us_mean=100000.0 w_us_p05=100000 w_us_p50=100000 w_us_p95=100000 w_us_min=100000 w_us_max=100000 srtt_us_mean=55694.9 sigma_us_mean=19775.2/n15429 fa_class=0.0625
QCLKLINE c7-CTL rep=4 site=srv [QCLK] site=receiver on=0 form=cantelli win_n=unavail win_ok=0 alpha=1.000000e-5 k=316.2262 evals=34678 law_n=34678 kept=2168 w_us_mean=100000.0 w_us_p05=100000 w_us_p50=100000 w_us_p95=100000 w_us_min=100000 w_us_max=100000 srtt_us_mean=62098.8 sigma_us_mean=27725.5/n33379 fa_class=0.0625
QCLKLINE c7-CTL rep=4 site=srv [QCLK] site=receiver on=0 form=cantelli win_n=unavail win_ok=0 alpha=1.000000e-5 k=316.2262 evals=53368 law_n=53368 kept=3336 w_us_mean=100000.0 w_us_p05=100000 w_us_p50=100000 w_us_p95=100000 w_us_min=100000 w_us_max=100000 srtt_us_mean=66597.7 sigma_us_mean=28860.9/n52069 fa_class=0.0625
QCLKLINE c7-CTL rep=4 site=srv [QCLK] site=receiver on=0 form=cantelli win_n=unavail win_ok=0 alpha=1.000000e-5 k=316.2262 evals=71926 law_n=71926 kept=2248 w_us_mean=100000.0 w_us_p05=100000 w_us_p50=100000 w_us_p95=100000 w_us_min=100000 w_us_max=100000 srtt_us_mean=68312.9 sigma_us_mean=29860.1/n70627 fa_class=0.0625
QCLKLINE c7-CTL rep=4 site=srv [QCLK] site=receiver on=0 form=cantelli win_n=unavail win_ok=0 alpha=1.000000e-5 k=316.2262 evals=88936 law_n=88936 kept=2780 w_us_mean=100000.0 w_us_p05=100000 w_us_p50=100000 w_us_p95=100000 w_us_min=100000 w_us_max=100000 srtt_us_mean=71802.9 sigma_us_mean=30793.8/n87637 fa_class=0.0625
QCLKLINE c7-CTL rep=4 site=srv [QCLK] site=receiver on=0 form=cantelli win_n=unavail win_ok=0 alpha=1.000000e-5 k=316.2262 evals=106102 law_n=106102 kept=3316 w_us_mean=100000.0 w_us_p05=100000 w_us_p50=100000 w_us_p95=100000 w_us_min=100000 w_us_max=100000 srtt_us_mean=75531.9 sigma_us_mean=31931.4/n104803 fa_class=0.0625
QCLKLINE c7-CTL rep=4 site=srv [QCLK] site=receiver on=0 form=cantelli win_n=unavail win_ok=0 alpha=1.000000e-5 k=316.2262 evals=124130 law_n=124130 kept=3880 w_us_mean=100000.0 w_us_p05=100000 w_us_p50=100000 w_us_p95=100000 w_us_min=100000 w_us_max=100000 srtt_us_mean=78481.1 sigma_us_mean=32858.7/n122831 fa_class=0.0625
QCLKLINE c7-CTL rep=4 site=srv [QCLK] site=receiver on=0 form=cantelli win_n=unavail win_ok=0 alpha=1.000000e-5 k=316.2262 evals=141249 law_n=141249 kept=2208 w_us_mean=100000.0 w_us_p05=100000 w_us_p50=100000 w_us_p95=100000 w_us_min=100000 w_us_max=100000 srtt_us_mean=80656.2 sigma_us_mean=33118.6/n139950 fa_class=0.0625
QCLKLINE c7-CTL rep=4 site=srv [QCLK] site=receiver on=0 form=cantelli win_n=unavail win_ok=0 alpha=1.000000e-5 k=316.2262 evals=157695 law_n=157695 kept=2464 w_us_mean=100000.0 w_us_p05=100000 w_us_p50=100000 w_us_p95=100000 w_us_min=100000 w_us_max=100000 srtt_us_mean=82127.1 sigma_us_mean=32920.2/n156396 fa_class=0.0625
RACKLINE c7-CTL rep=4 site=cli [RACK] on=0 evals=0 ceil=0.0000 gran=0.0000 legacy_pin=0.0000 round=0.0 legacy=0.0 mult=1 fa=95/95 fa_frac=1.0000 fa_class=0.0625
RACKLINE c7-CTL rep=4 site=cli [RACK] on=0 evals=0 ceil=0.0000 gran=0.0000 legacy_pin=0.0000 round=0.0 legacy=0.0 mult=1 fa=868/4780 fa_frac=0.1816 fa_class=0.0625
RFALINE c7-CTL rep=4 site=cli [RFA] gen=0 fires=10 false=10 false_frac=1.0000 fill_coded=0 fill_src=0 dup_src=10 preempt_src=0 src_n=11 rep_n=9 nu_recv=0.90909 fa_class=0.0625
RFALINE c7-CTL rep=4 site=cli [RFA] gen=0 fires=20 false=20 false_frac=1.0000 fill_coded=0 fill_src=0 dup_src=20 preempt_src=0 src_n=21 rep_n=19 nu_recv=0.95238 fa_class=0.0625
RFALINE c7-CTL rep=4 site=cli [RFA] gen=0 fires=30 false=30 false_frac=1.0000 fill_coded=0 fill_src=0 dup_src=30 preempt_src=0 src_n=31 rep_n=29 nu_recv=0.96774 fa_class=0.0625
RFALINE c7-CTL rep=4 site=cli [RFA] gen=0 fires=40 false=40 false_frac=1.0000 fill_coded=0 fill_src=0 dup_src=40 preempt_src=0 src_n=41 rep_n=39 nu_recv=0.97561 fa_class=0.0625
RFALINE c7-CTL rep=4 site=cli [RFA] gen=0 fires=49 false=49 false_frac=1.0000 fill_coded=0 fill_src=0 dup_src=49 preempt_src=0 src_n=50 rep_n=48 nu_recv=0.98000 fa_class=0.0625
RFALINE c7-CTL rep=4 site=cli [RFA] gen=0 fires=59 false=59 false_frac=1.0000 fill_coded=0 fill_src=0 dup_src=59 preempt_src=0 src_n=60 rep_n=58 nu_recv=0.98333 fa_class=0.0625
RFALINE c7-CTL rep=4 site=cli [RFA] gen=0 fires=69 false=69 false_frac=1.0000 fill_coded=0 fill_src=0 dup_src=69 preempt_src=0 src_n=70 rep_n=68 nu_recv=0.98571 fa_class=0.0625
RFALINE c7-CTL rep=4 site=cli [RFA] gen=0 fires=79 false=79 false_frac=1.0000 fill_coded=0 fill_src=0 dup_src=79 preempt_src=0 src_n=80 rep_n=78 nu_recv=0.98750 fa_class=0.0625
RFALINE c7-CTL rep=4 site=cli [RFA] gen=0 fires=89 false=89 false_frac=1.0000 fill_coded=0 fill_src=0 dup_src=89 preempt_src=0 src_n=90 rep_n=88 nu_recv=0.98889 fa_class=0.0625
RFALINE c7-CTL rep=4 site=cli [RFA] gen=0 fires=95 false=95 false_frac=1.0000 fill_coded=0 fill_src=0 dup_src=95 preempt_src=0 src_n=97 rep_n=95 nu_recv=0.97938 fa_class=0.0625
RFALINE c7-CTL rep=4 site=srv [RFA] gen=0 fires=8883 false=204 false_frac=0.0230 fill_coded=82 fill_src=8597 dup_src=124 preempt_src=80 src_n=16611 rep_n=123 nu_recv=0.53477 fa_class=0.0625
RFALINE c7-CTL rep=4 site=srv [RFA] gen=0 fires=18533 false=411 false_frac=0.0222 fill_coded=194 fill_src=17928 dup_src=239 preempt_src=172 src_n=34307 rep_n=359 nu_recv=0.54021 fa_class=0.0625
RFALINE c7-CTL rep=4 site=srv [RFA] gen=0 fires=28647 false=612 false_frac=0.0214 fill_coded=276 fill_src=27759 dup_src=359 preempt_src=253 src_n=52793 rep_n=541 nu_recv=0.54263 fa_class=0.0625
RFALINE c7-CTL rep=4 site=srv [RFA] gen=0 fires=38307 false=805 false_frac=0.0210 fill_coded=415 fill_src=37087 dup_src=415 preempt_src=390 src_n=71121 rep_n=755 nu_recv=0.53862 fa_class=0.0625
RFALINE c7-CTL rep=4 site=srv [RFA] gen=0 fires=48216 false=1039 false_frac=0.0215 fill_coded=518 fill_src=46659 dup_src=547 preempt_src=492 src_n=87926 rep_n=942 nu_recv=0.54837 fa_class=0.0625
RFALINE c7-CTL rep=4 site=srv [RFA] gen=0 fires=57643 false=1147 false_frac=0.0199 fill_coded=596 fill_src=55900 dup_src=585 preempt_src=562 src_n=104948 rep_n=1066 nu_recv=0.54925 fa_class=0.0625
RFALINE c7-CTL rep=4 site=srv [RFA] gen=0 fires=67862 false=1298 false_frac=0.0191 fill_coded=703 fill_src=65861 dup_src=637 preempt_src=661 src_n=122811 rep_n=1209 nu_recv=0.55257 fa_class=0.0625
RFALINE c7-CTL rep=4 site=srv [RFA] gen=0 fires=77514 false=1410 false_frac=0.0182 fill_coded=773 fill_src=75331 dup_src=681 preempt_src=729 src_n=139774 rep_n=1348 nu_recv=0.55457 fa_class=0.0625
RFALINE c7-CTL rep=4 site=srv [RFA] gen=0 fires=87036 false=1632 false_frac=0.0188 fill_coded=898 fill_src=84506 dup_src=783 preempt_src=849 src_n=156067 rep_n=1519 nu_recv=0.55768 fa_class=0.0625
FCAUSELINE c7-CTL rep=4 site=cli [FCAUSE] gen=0 n=4780 timer=3 gap_data=4777 gap_refresh=0 other=0 timer_frac=0.0006 gap_frac=0.9994 fired=4780 unattr=0 fa_class=0.0625
SUCCLINE c7-CTL rep=4 site=cli [SUCC] gen=0 det=0 res=0 orig_n=0 orig_p50_us=- orig_p90_us=- orig_p99_us=- orig_mx_us=- orig_mean_us=- rep_n=0 rep_p50_us=- rep_p90_us=- rep_p99_us=- rep_mx_us=- rep_mean_us=- aban_n=0 aban_p50_us=- aban_p90_us=- aban_p99_us=- aban_mx_us=- aban_mean_us=- open=0 over=0 orig_frac=- cross_us=- dump=0/0
SUCCLINE c7-CTL rep=4 site=cli [SUCC] gen=0 det=0 res=0 orig_n=0 orig_p50_us=- orig_p90_us=- orig_p99_us=- orig_mx_us=- orig_mean_us=- rep_n=0 rep_p50_us=- rep_p90_us=- rep_p99_us=- rep_mx_us=- rep_mean_us=- aban_n=0 aban_p50_us=- aban_p90_us=- aban_p99_us=- aban_mx_us=- aban_mean_us=- open=0 over=0 orig_frac=- cross_us=- dump=0/0
SUCCLINE c7-CTL rep=4 site=cli [SUCC] gen=0 det=0 res=0 orig_n=0 orig_p50_us=- orig_p90_us=- orig_p99_us=- orig_mx_us=- orig_mean_us=- rep_n=0 rep_p50_us=- rep_p90_us=- rep_p99_us=- rep_mx_us=- rep_mean_us=- aban_n=0 aban_p50_us=- aban_p90_us=- aban_p99_us=- aban_mx_us=- aban_mean_us=- open=0 over=0 orig_frac=- cross_us=- dump=0/0
SUCCLINE c7-CTL rep=4 site=cli [SUCC] gen=0 det=0 res=0 orig_n=0 orig_p50_us=- orig_p90_us=- orig_p99_us=- orig_mx_us=- orig_mean_us=- rep_n=0 rep_p50_us=- rep_p90_us=- rep_p99_us=- rep_mx_us=- rep_mean_us=- aban_n=0 aban_p50_us=- aban_p90_us=- aban_p99_us=- aban_mx_us=- aban_mean_us=- open=0 over=0 orig_frac=- cross_us=- dump=0/0
SUCCLINE c7-CTL rep=4 site=cli [SUCC] gen=0 det=0 res=0 orig_n=0 orig_p50_us=- orig_p90_us=- orig_p99_us=- orig_mx_us=- orig_mean_us=- rep_n=0 rep_p50_us=- rep_p90_us=- rep_p99_us=- rep_mx_us=- rep_mean_us=- aban_n=0 aban_p50_us=- aban_p90_us=- aban_p99_us=- aban_mx_us=- aban_mean_us=- open=0 over=0 orig_frac=- cross_us=- dump=0/0
SUCCLINE c7-CTL rep=4 site=cli [SUCC] gen=0 det=0 res=0 orig_n=0 orig_p50_us=- orig_p90_us=- orig_p99_us=- orig_mx_us=- orig_mean_us=- rep_n=0 rep_p50_us=- rep_p90_us=- rep_p99_us=- rep_mx_us=- rep_mean_us=- aban_n=0 aban_p50_us=- aban_p90_us=- aban_p99_us=- aban_mx_us=- aban_mean_us=- open=0 over=0 orig_frac=- cross_us=- dump=0/0
SUCCLINE c7-CTL rep=4 site=cli [SUCC] gen=0 det=0 res=0 orig_n=0 orig_p50_us=- orig_p90_us=- orig_p99_us=- orig_mx_us=- orig_mean_us=- rep_n=0 rep_p50_us=- rep_p90_us=- rep_p99_us=- rep_mx_us=- rep_mean_us=- aban_n=0 aban_p50_us=- aban_p90_us=- aban_p99_us=- aban_mx_us=- aban_mean_us=- open=0 over=0 orig_frac=- cross_us=- dump=0/0
SUCCLINE c7-CTL rep=4 site=cli [SUCC] gen=0 det=0 res=0 orig_n=0 orig_p50_us=- orig_p90_us=- orig_p99_us=- orig_mx_us=- orig_mean_us=- rep_n=0 rep_p50_us=- rep_p90_us=- rep_p99_us=- rep_mx_us=- rep_mean_us=- aban_n=0 aban_p50_us=- aban_p90_us=- aban_p99_us=- aban_mx_us=- aban_mean_us=- open=0 over=0 orig_frac=- cross_us=- dump=0/0
SUCCLINE c7-CTL rep=4 site=cli [SUCC] gen=0 det=0 res=0 orig_n=0 orig_p50_us=- orig_p90_us=- orig_p99_us=- orig_mx_us=- orig_mean_us=- rep_n=0 rep_p50_us=- rep_p90_us=- rep_p99_us=- rep_mx_us=- rep_mean_us=- aban_n=0 aban_p50_us=- aban_p90_us=- aban_p99_us=- aban_mx_us=- aban_mean_us=- open=0 over=0 orig_frac=- cross_us=- dump=0/0
SUCCLINE c7-CTL rep=4 site=srv [SUCC] gen=0 det=8847 res=8675 orig_n=8597 orig_p50_us=22528 orig_p90_us=53248 orig_p99_us=73728 orig_mx_us=159221 orig_mean_us=27232 rep_n=78 rep_p50_us=24576 rep_p90_us=65536 rep_p99_us=122880 rep_mx_us=125494 rep_mean_us=37253 aban_n=3 aban_p50_us=53248 aban_p90_us=53248 aban_p99_us=53248 aban_mx_us=56260 aban_mean_us=56260 open=169 over=0 orig_frac=0.9910 cross_us=- dump=0/0
SUCCLINE c7-CTL rep=4 site=srv [SUCC] gen=0 det=18348 res=18118 orig_n=17928 orig_p50_us=32768 orig_p90_us=73728 orig_p99_us=131072 orig_mx_us=231724 orig_mean_us=39465 rep_n=190 rep_p50_us=65536 rep_p90_us=131072 rep_p99_us=229376 rep_mx_us=231724 rep_mean_us=81129 aban_n=3 aban_p50_us=53248 aban_p90_us=53248 aban_p99_us=53248 aban_mx_us=56260 aban_mean_us=56260 open=227 over=0 orig_frac=0.9895 cross_us=- dump=0/0
SUCCLINE c7-CTL rep=4 site=srv [SUCC] gen=0 det=28246 res=28031 orig_n=27759 orig_p50_us=32768 orig_p90_us=73728 orig_p99_us=147456 orig_mx_us=249613 orig_mean_us=40074 rep_n=272 rep_p50_us=65536 rep_p90_us=147456 rep_p99_us=229376 rep_mx_us=231724 rep_mean_us=82202 aban_n=3 aban_p50_us=53248 aban_p90_us=53248 aban_p99_us=53248 aban_mx_us=56260 aban_mean_us=56260 open=212 over=0 orig_frac=0.9903 cross_us=- dump=0/0
SUCCLINE c7-CTL rep=4 site=srv [SUCC] gen=0 det=37658 res=37495 orig_n=37087 orig_p50_us=36864 orig_p90_us=81920 orig_p99_us=147456 orig_mx_us=279145 orig_mean_us=43097 rep_n=408 rep_p50_us=90112 rep_p90_us=196608 rep_p99_us=262144 rep_mx_us=279145 rep_mean_us=98394 aban_n=5 aban_p50_us=53248 aban_p90_us=81920 aban_p99_us=81920 aban_mx_us=86355 aban_mean_us=68298 open=158 over=0 orig_frac=0.9891 cross_us=- dump=0/0
SUCCLINE c7-CTL rep=4 site=srv [SUCC] gen=0 det=47867 res=47169 orig_n=46659 orig_p50_us=36864 orig_p90_us=81920 orig_p99_us=147456 orig_mx_us=279145 orig_mean_us=44040 rep_n=510 rep_p50_us=90112 rep_p90_us=147456 rep_p99_us=262144 rep_mx_us=279145 rep_mean_us=97344 aban_n=5 aban_p50_us=53248 aban_p90_us=81920 aban_p99_us=81920 aban_mx_us=86355 aban_mean_us=68298 open=693 over=0 orig_frac=0.9892 cross_us=- dump=0/0
SUCCLINE c7-CTL rep=4 site=srv [SUCC] gen=0 det=56784 res=56488 orig_n=55900 orig_p50_us=36864 orig_p90_us=81920 orig_p99_us=147456 orig_mx_us=295651 orig_mean_us=45002 rep_n=588 rep_p50_us=90112 rep_p90_us=180224 rep_p99_us=262144 rep_mx_us=279145 rep_mean_us=99601 aban_n=5 aban_p50_us=53248 aban_p90_us=81920 aban_p99_us=81920 aban_mx_us=86355 aban_mean_us=68298 open=291 over=0 orig_frac=0.9896 cross_us=- dump=0/0
SUCCLINE c7-CTL rep=4 site=srv [SUCC] gen=0 det=67006 res=66555 orig_n=65861 orig_p50_us=36864 orig_p90_us=81920 orig_p99_us=147456 orig_mx_us=295651 orig_mean_us=43500 rep_n=694 rep_p50_us=81920 rep_p90_us=147456 rep_p99_us=262144 rep_mx_us=279145 rep_mean_us=94160 aban_n=5 aban_p50_us=53248 aban_p90_us=81920 aban_p99_us=81920 aban_mx_us=86355 aban_mean_us=68298 open=446 over=0 orig_frac=0.9896 cross_us=- dump=0/0
SUCCLINE c7-CTL rep=4 site=srv [SUCC] gen=0 det=76181 res=76096 orig_n=75332 orig_p50_us=36864 orig_p90_us=81920 orig_p99_us=147456 orig_mx_us=295651 orig_mean_us=43017 rep_n=764 rep_p50_us=73728 rep_p90_us=147456 rep_p99_us=262144 rep_mx_us=279145 rep_mean_us=92263 aban_n=5 aban_p50_us=53248 aban_p90_us=81920 aban_p99_us=81920 aban_mx_us=86355 aban_mean_us=68298 open=80 over=0 orig_frac=0.9900 cross_us=- dump=0/0
SUCCLINE c7-CTL rep=4 site=srv [SUCC] gen=0 det=85727 res=85394 orig_n=84506 orig_p50_us=36864 orig_p90_us=81920 orig_p99_us=147456 orig_mx_us=295651 orig_mean_us=42424 rep_n=888 rep_p50_us=65536 rep_p90_us=147456 rep_p99_us=262144 rep_mx_us=279145 rep_mean_us=89537 aban_n=5 aban_p50_us=53248 aban_p90_us=81920 aban_p99_us=81920 aban_mx_us=86355 aban_mean_us=68298 open=328 over=0 orig_frac=0.9896 cross_us=- dump=0/0
HOLDLINE c7-CTL rep=4 site=cli [HOLD] site=sender path=0 gen=0 q=unset n_req=- n_obs=1000 samp_n=1000 fed=37620 t_us=- obs_p50_us=9375 obs_p90_us=38649 obs_p99_us=42710 evals=2475 law_n=0 sup=0 emit=2475 hd_p50_us=- hd_p90_us=- hd_p99_us=- hd_mx_us=- hd_n=0 fa_class=0.0625
HOLDLINE c7-CTL rep=4 site=cli [HOLD] site=sender path=1 gen=0 q=unset n_req=- n_obs=1000 samp_n=1000 fed=40606 t_us=- obs_p50_us=38692 obs_p90_us=89700 obs_p99_us=112140 evals=2304 law_n=0 sup=0 emit=2304 hd_p50_us=- hd_p90_us=- hd_p99_us=- hd_mx_us=- hd_n=0 fa_class=0.0625
HOLDLINE c7-CTL rep=4 site=cli [HOLD] site=sender path=- gen=0 q=unset n_req=- n_obs=1000 samp_n=0 fed=0 t_us=- obs_p50_us=- obs_p90_us=- obs_p99_us=- evals=1 law_n=0 sup=0 emit=1 hd_p50_us=- hd_p90_us=- hd_p99_us=- hd_mx_us=- hd_n=0 fa_class=0.0625
WALLLINE c7-CTL rep=4 site=cli [WALL] onset=0.9947 dur_ms=52.6 retx=10 total_ms=9884.3 it_ms=0.058
VAWITNESS {"cell":"c7","arm":"CTL","alpha":"unset","seed":42,"rep":4,"rc":0,"mean_mbps":162.145,"band":[140,180],"band_applies":1,"in_band":1,"lossy":1,"alpha_expect":"unset","alpha_got_cli":"unset","alpha_got_srv":"unset","form_expect":"cantelli","form_got_cli":"cantelli","form_got_srv":"cantelli","winn_expect":"unavail","winn_got_cli":"unavail","winn_got_srv":"unavail","qclk_law_n":169718,"qclk_evals":169718,"qclk_win_ok":0,"qclk_win_n":"unavail","w_us_p50":100000,"w_us_p05":77914,"w_us_p95":100000,"shipped_clock_us":100000,"fcause_n":4780,"fcause_timer":3,"fcause_gap_data":4777,"fcause_gap_refresh":0,"fcause_other":0,"fcause_unattr":0,"succ_det":85727,"succ_res":85394,"succ_orig_frac":"0.9896","rfa_fires":87036,"rfa_false":1632,"rfa_false_frac":"0.0188","rfa_fill_coded":898,"rack_fa":"868/4780","rack_fa_frac":"0.1816","fails":""}
=== rep=4 arm=c7-Q400 alpha=0.4 form=quantile win_n=25 seed=42 env="RWM_QUANTILE_CLOCKS=1 RWM_ALPHA_OVERRIDE=0.4 RWM_W_FORM=quantile RWM_DELTA_CAP=1 RWM_SUM_CAP=1 RWM_RACK_CLOCKS=0 RWM_DERIVED_SWEEP=0 RWM_COMPOSED_CAP=0 RWM_THREE_TERM=0 RWM_STORE_CAP_UNIFIED=0 RWM_LATE_BRAKE=0 RWM_CHARGE_RECOVERY=0 RWM_RELEASE_1TO1=0 RWM_LOSS_SENT_TRUTH=0 RWM_RTT_DUMP=0 RWM_SUCC_DUMP=0" cell=c2/c2/dual bytes=200000000 18:35:57
[2m2026-08-21T18:35:58.964784Z[0m [32m INFO[0m [2mraptorpath::gates[0m[2m:[0m [GATES] RWM_UNIFIED=1 RWM_UNIFIED_SHED=1 RWM_TAPER_R=1 RWM_ASTAR_ANCHOR=1 RWM_MSTAR_ANCHOR=1 RWM_PLAIN_RS=0 RWM_HONEST_ANCHOR=1 RWM_HONEST_K=0 RWM_STORE_SACK_RELEASE=1 RWM_STORE_PATHS=1 RWM_STORE_PATH_POOL=2048 RWM_STORE=unset RWM_STORE_GAIN=2 RWM_STORE_BOOT=128 RWM_STORE_CAPW=0 RWM_STORE_CAP_UNIFIED=0 RWM_THREE_TERM=0 RWM_COMPOSED_CAP=0 RWM_SUM_CAP=1 RWM_LATE_BRAKE=0 RWM_DELTA_CAP=1 RWM_STORE_PERCAP=0 RWM_PERCAP_GUARD=1 RWM_STORE_BORROW=0 RWM_HONEST_CAP=1 RWM_POOL_ANCHOR=0 RWM_POOL_DELIV=0 RWM_FLOOR_BOUND=0 RWM_ACK_MERGE=1 RWM_LOSS_SENT_TRUTH=0 RWM_RELEASE_1TO1=0 RWM_CHARGE_RECOVERY=0 RWM_PATIENCE_DERIVED=0 RWM_SIDLE_DERIVED=0 RWM_WIN_DECOUPLE=0 RWM_PLACE_SLACK=0 RWM_COLD_PLACE=0 RWM_GEN=384 RWM_PIPELINE=2 RWM_GEN_PIPE=1 RWM_GEN_R=unset RWM_GEN_RATE=9000 RWM_GEN_RATE_FLOOR=2000 RWM_GEN_INFLIGHT=unset RWM_OOO_RETAIN=0/16 RWM_WINDOW=unset RWM_REPORT_GENS=unset RWM_REPAIR_WAIT=unset RWM_CODED_SRC=0 RWM_NO_REACTIVE=0 RWM_XPATH_REPAIR=0 RWM_PROACTIVE_PACER=0 RWM_REASM_BDP=0 RWM_MIN_R=0 RWM_CC_PACE=0 RWM_CC_PACE_HR=1.1 RWM_REACT_CAP=unset RWM_INFL_CAP=0 RWM_INFL_BDP=unset RWM_COPA_FEED=0 RWM_RS_ATTR=1 RWM_EMIT_BATCH=0 RWM_EMIT_BURST=64 RWM_RECOV_MP=1 RWM_RECOV_MP_LAW=1 RWM_RECOV_MP_LIVE=0 RWM_RECOV_SP=0 RWM_DERIVED_SWEEP=0 RWM_RACK_CLOCKS=0 RWM_RACK_REO_MULT=1 RWM_QUANTILE_CLOCKS=1 RWM_ALPHA_OVERRIDE=0.4 RWM_W_FORM=quantile RWM_HOLDDOWN_Q=unset RWM_REFRESH_FLOOR_US=unset RWM_DIAG=1 RWM_ACKDIAG=1 RWM_ACKDIAG_WINDOW_US=2000000 RWM_RTT_DUMP=0 RWM_RTT_DUMP_MAX=400000 RWM_SUCC_DUMP=0 RWM_SUCC_DUMP_MAX=200000 RWM_WALLDIAG=1 RWM_CPUPROF=0 RWM_RDIAG=0 RWM_FDIAG=1 RWM_TRACE=0 RWM_PFRAC=0
{"bytes":200000000,"dnf":0,"hint":"bulk","max_s":12.2574,"mean_mbps":130.533,"mean_s":12.2574,"median_s":12.2574,"min_s":12.2574,"proto":"rp-native","runs":1,"stdev_s":0.0,"summary":true}
    LATPROBE-LEG leg=0 file=/tmp/rwm-ping-0.txt sent=245 recv=243 censor=0.82% p50=21.4[censor=0.82% ok] p95=67.1[censor=0.82% ok] p99=81.5[censor=0.82% ok]
    LATPROBE-LEG leg=1 file=/tmp/rwm-ping-1.txt sent=244 recv=240 censor=1.64% p50=21.9[censor=1.64% ok] p95=69.2[censor=1.64% ok] p99=95.3[censor=1.64% UNSCOREABLE(inside censored tail)]
    LATPROBE: 2 leg(s) /tmp/rwm-ping-0.txt=243 /tmp/rwm-ping-1.txt=240 replies
    CPU: CPUSRV=14.90s CPUCLI=17.02s (srv=decoder cli=sender; whole-invocation incl warmup)
    QDISC cli0: qdisc netem bd85: root refcnt 7 limit 1000 delay 5ms  3ms loss gemodel p 1.3% r 50% 1-h 100% 1-k 0% rate 100Mbit seed 42  Sent 109198478 bytes 88648 pkt (dropped 500, overlimits 0 requeues 0)   backlog 0b 0p requeues 0 
    QDISC cli1: qdisc netem bd86: root refcnt 7 limit 1000 delay 5ms  3ms loss gemodel p 1.3% r 50% 1-h 100% 1-k 0% rate 100Mbit seed 1042  Sent 115026617 bytes 93142 pkt (dropped 482, overlimits 0 requeues 0)   backlog 0b 0p requeues 0 
    QDISC srv0: qdisc netem bd87: root refcnt 7 limit 1000 delay 5ms  3ms rate 100Mbit seed 1840178299022604351  Sent 13455568 bytes 48247 pkt (dropped 0, overlimits 0 requeues 0)   backlog 0b 0p requeues 0 
    QDISC srv1: qdisc netem bd88: root refcnt 7 limit 1000 delay 5ms  3ms rate 100Mbit seed 6253499133336884674  Sent 14345569 bytes 51270 pkt (dropped 0, overlimits 0 requeues 0)   backlog 0b 0p requeues 0 
    QCAP: /tmp/rwm-q.txt 18 lines
RUNTIME c7-Q400 rep=4 14s rc=0
ALPHARESULT {"cell": "c7", "arm": "Q400", "alpha_cmd": 0.4, "seed": 42, "rep": 4, "n_paths": 2, "dnf": false, "dnf_count": 0, "mbps": 130.533, "mean_mbps": 130.533, "seconds": 12.2574, "n_runs": 1, "cpusrv": 14.9, "cpucli": 17.02, "khr_med": 1.0, "kraw_med": null, "khr_n": 90, "kraw_n": 0, "rtp_med": 7, "occ_p50": 595, "occcap_p50": 1527, "q_p50": 23, "q_p99": 105, "diag_lines": 49, "retx": 5591, "w1_rfa_gen": "0", "w2_pfrac_lines": 0, "w4_retx_max": 5591, "w5_rack_fa": "524/5591", "gates_cli_quantile_clocks": 1, "gates_srv_quantile_clocks": 1, "gates_cli_rack_clocks": 0, "gates_srv_rack_clocks": 0, "gates_cli_derived_sweep": 0, "gates_srv_derived_sweep": 0, "gates_cli_delta_cap": 1, "gates_srv_delta_cap": 1, "gates_cli_sum_cap": 1, "gates_srv_sum_cap": 1, "gates_cli_composed_cap": 0, "gates_srv_composed_cap": 0, "gates_cli_three_term": 0, "gates_srv_three_term": 0, "gates_cli_loss_sent_truth": 0, "gates_srv_loss_sent_truth": 0, "gates_cli_gen": null, "gates_srv_gen": null, "gates_cli_diag": 1, "gates_srv_diag": 1, "gates_cli_ackdiag": 1, "gates_srv_ackdiag": 1, "gates_cli_walldiag": 1, "gates_srv_walldiag": 1, "gates_cli_fdiag": 1, "gates_srv_fdiag": 1, "gates_cli_recov_mp": 1, "gates_srv_recov_mp": 1, "gates_cli_cc_pace": 0, "gates_srv_cc_pace": 0, "gates_cli_rack_reo_mult": 1, "gates_srv_rack_reo_mult": 1, "gates_lines_cli": 1, "gates_lines_srv": 1, "gate_quantile_cli": "1", "gate_quantile_srv": "1", "gate_alpha_cli": "0.4", "gate_alpha_srv": "0.4", "gate_gen_cli": 384, "gate_gen_srv": 384, "gate_wform_cli": "quantile", "gate_wform_srv": "quantile", "qalpha_lines_cli": 1, "qalpha_site_cli": "sender", "qalpha_quantile_cli": 1, "qalpha_contract_cli": 0.001, "qalpha_override_cli": 0.4, "qalpha_cli": 0.4, "qalpha_k_cli": 1.2247, "qalpha_form_cli": "quantile", "qalpha_winn_cli": "25", "qalpha_lines_srv": 1, "qalpha_site_srv": "receiver", "qalpha_quantile_srv": 1, "qalpha_contract_srv": 1e-05, "qalpha_override_srv": 0.4, "qalpha_srv": 0.4, "qalpha_k_srv": 1.2247, "qalpha_form_srv": "quantile", "qalpha_winn_srv": "25", "qclk_cli_lines": 1, "qclk_cli_site": "sender", "qclk_cli_alpha": 0.4, "qclk_cli_k": 1.2247, "qclk_cli_w_us_mean": 50095.0, "qclk_cli_srtt_us_mean": 46958.0, "qclk_cli_on": 1, "qclk_cli_evals": 170140, "qclk_cli_kept": 2655, "qclk_cli_w_us_p05": 21906, "qclk_cli_w_us_p50": 45666, "qclk_cli_w_us_p95": 90337, "qclk_cli_w_us_min": 13541, "qclk_cli_w_us_max": 231310, "qclk_cli_law_n": 169902, "qclk_cli_sigma_us_mean": 4206.4, "qclk_cli_sigma_n": 169922, "qclk_form_cli": "quantile", "qclk_winn_cli": "25", "qclk_win_ok_cli": 169902, "qclk_srv_lines": 12, "qclk_srv_site": "receiver", "qclk_srv_alpha": 0.4, "qclk_srv_k": 1.2247, "qclk_srv_w_us_mean": 68209.9, "qclk_srv_srtt_us_mean": 64991.1, "qclk_srv_on": 1, "qclk_srv_evals": 167775, "qclk_srv_kept": 3641, "qclk_srv_w_us_p05": 53549, "qclk_srv_w_us_p50": 68359, "qclk_srv_w_us_p95": 79058, "qclk_srv_w_us_min": 48202, "qclk_srv_w_us_max": 79058, "qclk_srv_law_n": 116528, "qclk_srv_sigma_us_mean": 30614.4, "qclk_srv_sigma_n": 167309, "qclk_form_srv": "quantile", "qclk_winn_srv": "25", "qclk_win_ok_srv": 116528, "rack_lines_cli": 2, "rack_on_cli": 0, "rack_evals_cli": 0, "rack_ceil_cli": 0.0, "rack_gran_cli": 0.0, "rack_legacy_pin_cli": 0.0, "rack_round_cli": 0.0, "rack_legacy_cli": 0.0, "rack_mult_cli": 1, "rack_fa_n_cli": 524, "rack_fa_d_cli": 5591, "rack_fa_frac_cli": 0.0937, "rack_fa_class_cli": 0.0625, "rack_lines_srv": 0, "rack_on_srv": null, "rack_evals_srv": null, "rack_ceil_srv": null, "rack_gran_srv": null, "rack_legacy_pin_srv": null, "rack_round_srv": null, "rack_legacy_srv": null, "rack_mult_srv": null, "rack_fa_n_srv": null, "rack_fa_d_srv": null, "rack_fa_frac_srv": null, "rack_fa_class_srv": null, "rack_fired": 5591, "rack_spurious": 524, "rack_fa_frac": 0.0937, "rack_fa_class": 0.0625, "rack_round_us": 0.0, "rack_legacy_us": 0.0, "rack_evals": 0, "rack_legacy_pin": 0.0, "rfa_lines": 12, "rfa_gen": 0, "rfa_fires": 102936, "rfa_false": 2675, "rfa_fill_coded": 1321, "rfa_fill_src": 98940, "rfa_dup_src": 1425, "rfa_preempt_src": 1250, "rfa_src_n": 167434, "rfa_rep_n": 2235, "rfa_false_frac": 0.026, "rfa_nu_recv": 0.61479, "rfa_fa_class": 0.0625, "rfa_bracket_lo": 0.026, "rfa_bracket_hi": 0.669419, "sf_ticks": 2262, "sf_E": 0.981, "sf_short": 0.0358, "sf_zero": 0.0022, "capboot_n": 46, "capboot_frac": 0.0, "ping_n": 243, "ping_p50": 21.4, "ping_p95": 67.1, "ping_p99": 81.5, "ping_tx": 245, "ping_rx": 243, "ping_loss": 0.82, "ping_censor_frac": 0.0082, "legs_probed": 1, "leg0_n": 243, "leg0_sent": 245, "leg0_recv": 243, "leg0_sent_source": "summary", "leg0_censor_frac": 0.0082, "leg0_censor_pct": 0.82, "leg0_recv_mismatch": false, "leg0_leg_unscoreable": false, "leg0_min": 7.75, "leg0_max": 118.0, "leg0_p50": 21.4, "leg0_p50_censored": false, "leg0_p50_scoreable": true, "leg0_p95": 67.1, "leg0_p95_censored": false, "leg0_p95_scoreable": true, "leg0_p99": 81.5, "leg0_p99_censored": false, "leg0_p99_scoreable": true, "legs_censor_max": 0.0082, "wait_tun": 98, "wait_paused": 0, "wait_pace": 0, "wait_gen": 0, "wait_nack": 2, "wait_defc": 0, "wait_tail": 0, "wait_flush": 0, "wait_lines": 46, "deadwall": false, "sig_us_p50": 142.0, "sig_us_n": 88673, "sig_us_path": 1, "sig_paths": 2, "pl_n": 90, "pl_max": 0.1534, "pl_min": 0.0133, "pl_p0": 0.1534, "pl_p1": 0.0133, "dgq_hand": 177387, "dgq_full": 0, "dgq_err": 0, "dgq_gap": 0, "tc_bytes": 224225195, "tc_pkts": 181791, "tc_drop": 982, "tc_s": 14, "hold_lines": 3, "hold_samp_n": 2000, "hold_fed": 85226, "hold_evals": 5586, "hold_law_n": 0, "hold_sup": 0, "hold_emit": 5586, "hold_hd_n": 0, "hold_q": "unset", "hold_n_req": "-", "hold_n_obs": 1000, "hold_gen": 0, "hold_sup_frac": 0.0, "hold_law_frac": 0.0, "hold_obs_p50_us": 39331, "hold_obs_p90_us": 75809, "hold_obs_p99_us": 155565, "hold_t_us_p0": null, "hold_t_us_p1": null, "hold_samp_n_p0": 1000, "hold_samp_n_p1": 1000, "hold_hd_p50_us": null, "hold_hd_p90_us": null, "hold_hd_p99_us": null, "hold_hd_mx_us": null, "hold_unattr_evals": 5, "hold_paths_n": 2, "hold_accounting_ok": 1, "hold_obs_p50_us_p0": 21149, "hold_obs_p90_us_p0": 70078, "hold_obs_p99_us_p0": 155565, "hold_obs_p50_us_p1": 39331, "hold_obs_p90_us_p1": 75809, "hold_obs_p99_us_p1": 114502, "hold_rpd": 0.055552, "fcause_lines": 1, "fcause_gen": 0, "fcause_n": 5591, "fcause_timer": 9, "fcause_gap_data": 5582, "fcause_gap_refresh": 0, "fcause_other": 0, "fcause_fired": 5591, "fcause_unattr": 0, "fcause_timer_frac": 0.0016, "fcause_gap_frac": 0.9984, "succ_lines": 12, "succ_gen": 0, "succ_det": 100644, "succ_res": 100252, "succ_orig_n": 98940, "succ_rep_n": 1312, "succ_aban_n": 3, "succ_open": 389, "succ_over": 0, "succ_orig_p50_us": 20480, "succ_orig_p90_us": 57344, "succ_orig_p99_us": 98304, "succ_orig_mx_us": 239817, "succ_orig_frac": 0.9869, "succ_identity_ok": 1}
LIVENESS c7-Q400 rep=4 RWM_QUANTILE_CLOCKS=RWM_QUANTILE_CLOCKS=1/RWM_QUANTILE_CLOCKS=1(exp1) RWM_ALPHA_OVERRIDE=RWM_ALPHA_OVERRIDE=0.4/RWM_ALPHA_OVERRIDE=0.4(exp0.4) RWM_W_FORM=RWM_W_FORM=quantile/RWM_W_FORM=quantile(expquantile) RWM_DELTA_CAP=RWM_DELTA_CAP=1/RWM_DELTA_CAP=1(exp1) RWM_SUM_CAP=RWM_SUM_CAP=1/RWM_SUM_CAP=1(exp1) RWM_HOLDDOWN_Q=RWM_HOLDDOWN_Q=unset/RWM_HOLDDOWN_Q=unset(expunset) RWM_REFRESH_FLOOR_US=RWM_REFRESH_FLOOR_US=unset/RWM_REFRESH_FLOOR_US=unset(expunset) RWM_RACK_CLOCKS=RWM_RACK_CLOCKS=0/RWM_RACK_CLOCKS=0(exp0) RWM_DERIVED_SWEEP=RWM_DERIVED_SWEEP=0/RWM_DERIVED_SWEEP=0(exp0) RWM_COMPOSED_CAP=RWM_COMPOSED_CAP=0/RWM_COMPOSED_CAP=0(exp0) RWM_THREE_TERM=RWM_THREE_TERM=0/RWM_THREE_TERM=0(exp0) RWM_STORE_CAP_UNIFIED=RWM_STORE_CAP_UNIFIED=0/RWM_STORE_CAP_UNIFIED=0(exp0) RWM_LATE_BRAKE=RWM_LATE_BRAKE=0/RWM_LATE_BRAKE=0(exp0) RWM_CHARGE_RECOVERY=RWM_CHARGE_RECOVERY=0/RWM_CHARGE_RECOVERY=0(exp0) RWM_RELEASE_1TO1=RWM_RELEASE_1TO1=0/RWM_RELEASE_1TO1=0(exp0) RWM_LOSS_SENT_TRUTH=RWM_LOSS_SENT_TRUTH=0/RWM_LOSS_SENT_TRUTH=0(exp0) RWM_RTT_DUMP=RWM_RTT_DUMP=0/RWM_RTT_DUMP=0(exp0) RWM_SUCC_DUMP=RWM_SUCC_DUMP=0/RWM_SUCC_DUMP=0(exp0) RWM_DIAG=RWM_DIAG=1/RWM_DIAG=1(exp1) RWM_ACKDIAG=RWM_ACKDIAG=1/RWM_ACKDIAG=1(exp1) RWM_WALLDIAG=RWM_WALLDIAG=1/RWM_WALLDIAG=1(exp1) RWM_FDIAG=RWM_FDIAG=1/RWM_FDIAG=1(exp1)
W5QALPHA c7-Q400 rep=4 cli=form:quantile/win_n:25/alpha:4.000000e-1 srv=form:quantile/win_n:25/alpha:4.000000e-1 (exp form=quantile win_n=25)
WCLOCK c7-Q400 rep=4 law_n=169902 evals=170140 win_ok=169902 win_n=25 p50=45666 p05=21906 p95=90337 shipped_clock=100000
W8SUCC c7-Q400 rep=4 det=100644 res=100252 orig_frac=0.9869
QALPHALINE c7-Q400 rep=4 site=cli [QALPHA] site=receiver quantile=1 form=quantile win_n=25 contract_alpha=1.000000e-5 override=4.000000e-1 alpha=4.000000e-1 k=1.2247 fa_class=0.0625
QALPHALINE c7-Q400 rep=4 site=cli [QALPHA] site=sender quantile=1 form=quantile win_n=25 contract_alpha=1.000000e-3 override=4.000000e-1 alpha=4.000000e-1 k=1.2247 fa_class=0.0625
QALPHALINE c7-Q400 rep=4 site=srv [QALPHA] site=receiver quantile=1 form=quantile win_n=25 contract_alpha=1.000000e-5 override=4.000000e-1 alpha=4.000000e-1 k=1.2247 fa_class=0.0625
QALPHALINE c7-Q400 rep=4 site=srv [QALPHA] site=sender quantile=1 form=quantile win_n=25 contract_alpha=1.000000e-3 override=4.000000e-1 alpha=4.000000e-1 k=1.2247 fa_class=0.0625
QCLKLINE c7-Q400 rep=4 site=cli [QCLK] site=sender on=1 form=quantile win_n=25 win_ok=169902 alpha=4.000000e-1 k=1.2247 evals=170140 law_n=169902 kept=2655 w_us_mean=50095.0 w_us_p05=21906 w_us_p50=45666 w_us_p95=90337 w_us_min=13541 w_us_max=231310 srtt_us_mean=46958.0 sigma_us_mean=4206.4/n169922 fa_class=0.0625
QCLKLINE c7-Q400 rep=4 site=srv [QCLK] site=receiver on=1 form=quantile win_n=25 win_ok=0 alpha=4.000000e-1 k=1.2247 evals=11164 law_n=0 kept=0 w_us_mean=0.0 w_us_p05=0 w_us_p50=0 w_us_p95=0 w_us_min=0 w_us_max=0 srtt_us_mean=0.0 sigma_us_mean=44783.0/n10698 fa_class=0.0625
QCLKLINE c7-Q400 rep=4 site=srv [QCLK] site=receiver on=1 form=quantile win_n=25 win_ok=0 alpha=4.000000e-1 k=1.2247 evals=27130 law_n=0 kept=0 w_us_mean=0.0 w_us_p05=0 w_us_p50=0 w_us_p95=0 w_us_min=0 w_us_max=0 srtt_us_mean=0.0 sigma_us_mean=51081.0/n26664 fa_class=0.0625
QCLKLINE c7-Q400 rep=4 site=srv [QCLK] site=receiver on=1 form=quantile win_n=25 win_ok=0 alpha=4.000000e-1 k=1.2247 evals=41699 law_n=0 kept=0 w_us_mean=0.0 w_us_p05=0 w_us_p50=0 w_us_p95=0 w_us_min=0 w_us_max=0 srtt_us_mean=0.0 sigma_us_mean=55772.5/n41233 fa_class=0.0625
QCLKLINE c7-Q400 rep=4 site=srv [QCLK] site=receiver on=1 form=quantile win_n=25 win_ok=4678 alpha=4.000000e-1 k=1.2247 evals=55925 law_n=4678 kept=2339 w_us_mean=53692.0 w_us_p05=53549 w_us_p50=53549 w_us_p95=54081 w_us_min=53549 w_us_max=54081 srtt_us_mean=62007.0 sigma_us_mean=49633.2/n55459 fa_class=0.0625
QCLKLINE c7-Q400 rep=4 site=srv [QCLK] site=receiver on=1 form=quantile win_n=25 win_ok=19639 alpha=4.000000e-1 k=1.2247 evals=70886 law_n=19639 kept=2455 w_us_mean=55602.5 w_us_p05=48202 w_us_p50=53549 w_us_p95=61988 w_us_min=48202 w_us_max=61988 srtt_us_mean=65616.1 sigma_us_mean=44520.6/n70420 fa_class=0.0625
QCLKLINE c7-Q400 rep=4 site=srv [QCLK] site=receiver on=1 form=quantile win_n=25 win_ok=33807 alpha=4.000000e-1 k=1.2247 evals=85054 law_n=33807 kept=2113 w_us_mean=60784.6 w_us_p05=48202 w_us_p50=61988 w_us_p95=68359 w_us_min=48202 w_us_max=68359 srtt_us_mean=67550.8 sigma_us_mean=40257.3/n84588 fa_class=0.0625
QCLKLINE c7-Q400 rep=4 site=srv [QCLK] site=receiver on=1 form=quantile win_n=25 win_ok=48309 alpha=4.000000e-1 k=1.2247 evals=99556 law_n=48309 kept=3020 w_us_mean=63184.1 w_us_p05=48202 w_us_p50=68359 w_us_p95=68359 w_us_min=48202 w_us_max=71057 srtt_us_mean=68422.6 sigma_us_mean=37619.1/n99090 fa_class=0.0625
QCLKLINE c7-Q400 rep=4 site=srv [QCLK] site=receiver on=1 form=quantile win_n=25 win_ok=62686 alpha=4.000000e-1 k=1.2247 evals=113933 law_n=62686 kept=3918 w_us_mean=65239.9 w_us_p05=48202 w_us_p50=68359 w_us_p95=79058 w_us_min=48202 w_us_max=79058 srtt_us_mean=68477.5 sigma_us_mean=35396.6/n113467 fa_class=0.0625
QCLKLINE c7-Q400 rep=4 site=srv [QCLK] site=receiver on=1 form=quantile win_n=25 win_ok=76445 alpha=4.000000e-1 k=1.2247 evals=127692 law_n=76445 kept=2389 w_us_mean=67727.0 w_us_p05=53549 w_us_p50=68359 w_us_p95=79058 w_us_min=48202 w_us_max=79058 srtt_us_mean=68157.1 sigma_us_mean=33936.2/n127226 fa_class=0.0625
QCLKLINE c7-Q400 rep=4 site=srv [QCLK] site=receiver on=1 form=quantile win_n=25 win_ok=89141 alpha=4.000000e-1 k=1.2247 evals=140388 law_n=89141 kept=2786 w_us_mean=68888.2 w_us_p05=53549 w_us_p50=68359 w_us_p95=79058 w_us_min=48202 w_us_max=79058 srtt_us_mean=66807.4 sigma_us_mean=32727.2/n139922 fa_class=0.0625
QCLKLINE c7-Q400 rep=4 site=srv [QCLK] site=receiver on=1 form=quantile win_n=25 win_ok=103012 alpha=4.000000e-1 k=1.2247 evals=154259 law_n=103012 kept=3219 w_us_mean=68610.8 w_us_p05=53549 w_us_p50=68359 w_us_p95=79058 w_us_min=48202 w_us_max=79058 srtt_us_mean=65349.3 sigma_us_mean=31172.3/n153793 fa_class=0.0625
QCLKLINE c7-Q400 rep=4 site=srv [QCLK] site=receiver on=1 form=quantile win_n=25 win_ok=116528 alpha=4.000000e-1 k=1.2247 evals=167775 law_n=116528 kept=3641 w_us_mean=68209.9 w_us_p05=53549 w_us_p50=68359 w_us_p95=79058 w_us_min=48202 w_us_max=79058 srtt_us_mean=64991.1 sigma_us_mean=30614.4/n167309 fa_class=0.0625
RACKLINE c7-Q400 rep=4 site=cli [RACK] on=0 evals=0 ceil=0.0000 gran=0.0000 legacy_pin=0.0000 round=0.0 legacy=0.0 mult=1 fa=117/117 fa_frac=1.0000 fa_class=0.0625
RACKLINE c7-Q400 rep=4 site=cli [RACK] on=0 evals=0 ceil=0.0000 gran=0.0000 legacy_pin=0.0000 round=0.0 legacy=0.0 mult=1 fa=524/5591 fa_frac=0.0937 fa_class=0.0625
RFALINE c7-Q400 rep=4 site=cli [RFA] gen=0 fires=6 false=6 false_frac=1.0000 fill_coded=0 fill_src=0 dup_src=6 preempt_src=0 src_n=7 rep_n=5 nu_recv=0.85714 fa_class=0.0625
RFALINE c7-Q400 rep=4 site=cli [RFA] gen=0 fires=11 false=11 false_frac=1.0000 fill_coded=0 fill_src=0 dup_src=11 preempt_src=0 src_n=12 rep_n=10 nu_recv=0.91667 fa_class=0.0625
RFALINE c7-Q400 rep=4 site=cli [RFA] gen=0 fires=18 false=18 false_frac=1.0000 fill_coded=0 fill_src=0 dup_src=18 preempt_src=0 src_n=19 rep_n=17 nu_recv=0.94737 fa_class=0.0625
RFALINE c7-Q400 rep=4 site=cli [RFA] gen=0 fires=28 false=28 false_frac=1.0000 fill_coded=0 fill_src=0 dup_src=28 preempt_src=0 src_n=29 rep_n=27 nu_recv=0.96552 fa_class=0.0625
RFALINE c7-Q400 rep=4 site=cli [RFA] gen=0 fires=37 false=37 false_frac=1.0000 fill_coded=0 fill_src=0 dup_src=37 preempt_src=0 src_n=38 rep_n=36 nu_recv=0.97368 fa_class=0.0625
RFALINE c7-Q400 rep=4 site=cli [RFA] gen=0 fires=45 false=45 false_frac=1.0000 fill_coded=0 fill_src=0 dup_src=45 preempt_src=0 src_n=46 rep_n=44 nu_recv=0.97826 fa_class=0.0625
RFALINE c7-Q400 rep=4 site=cli [RFA] gen=0 fires=54 false=54 false_frac=1.0000 fill_coded=0 fill_src=0 dup_src=54 preempt_src=0 src_n=55 rep_n=53 nu_recv=0.98182 fa_class=0.0625
RFALINE c7-Q400 rep=4 site=cli [RFA] gen=0 fires=67 false=67 false_frac=1.0000 fill_coded=0 fill_src=0 dup_src=67 preempt_src=0 src_n=68 rep_n=66 nu_recv=0.98529 fa_class=0.0625
RFALINE c7-Q400 rep=4 site=cli [RFA] gen=0 fires=80 false=80 false_frac=1.0000 fill_coded=0 fill_src=0 dup_src=80 preempt_src=0 src_n=81 rep_n=79 nu_recv=0.98765 fa_class=0.0625
RFALINE c7-Q400 rep=4 site=cli [RFA] gen=0 fires=94 false=94 false_frac=1.0000 fill_coded=0 fill_src=0 dup_src=94 preempt_src=0 src_n=95 rep_n=93 nu_recv=0.98947 fa_class=0.0625
RFALINE c7-Q400 rep=4 site=cli [RFA] gen=0 fires=109 false=109 false_frac=1.0000 fill_coded=0 fill_src=0 dup_src=109 preempt_src=0 src_n=110 rep_n=108 nu_recv=0.99091 fa_class=0.0625
RFALINE c7-Q400 rep=4 site=cli [RFA] gen=0 fires=117 false=117 false_frac=1.0000 fill_coded=0 fill_src=0 dup_src=117 preempt_src=0 src_n=119 rep_n=117 nu_recv=0.98319 fa_class=0.0625
RFALINE c7-Q400 rep=4 site=srv [RFA] gen=0 fires=6876 false=269 false_frac=0.0391 fill_coded=66 fill_src=6541 dup_src=204 preempt_src=65 src_n=11092 rep_n=109 nu_recv=0.61991 fa_class=0.0625
RFALINE c7-Q400 rep=4 site=srv [RFA] gen=0 fires=16557 false=412 false_frac=0.0249 fill_coded=159 fill_src=15986 dup_src=255 preempt_src=157 src_n=26901 rep_n=271 nu_recv=0.61548 fa_class=0.0625
RFALINE c7-Q400 rep=4 site=srv [RFA] gen=0 fires=24999 false=633 false_frac=0.0253 fill_coded=260 fill_src=24106 dup_src=375 preempt_src=258 src_n=41572 rep_n=421 nu_recv=0.60134 fa_class=0.0625
RFALINE c7-Q400 rep=4 site=srv [RFA] gen=0 fires=33647 false=911 false_frac=0.0271 fill_coded=375 fill_src=32361 dup_src=543 preempt_src=368 src_n=55589 rep_n=656 nu_recv=0.60528 fa_class=0.0625
RFALINE c7-Q400 rep=4 site=srv [RFA] gen=0 fires=42542 false=1078 false_frac=0.0253 fill_coded=511 fill_src=40953 dup_src=584 preempt_src=494 src_n=70626 rep_n=862 nu_recv=0.60236 fa_class=0.0625
RFALINE c7-Q400 rep=4 site=srv [RFA] gen=0 fires=51545 false=1298 false_frac=0.0252 fill_coded=614 fill_src=49633 dup_src=701 preempt_src=597 src_n=84973 rep_n=1016 nu_recv=0.60660 fa_class=0.0625
RFALINE c7-Q400 rep=4 site=srv [RFA] gen=0 fires=60170 false=1484 false_frac=0.0247 fill_coded=705 fill_src=57981 dup_src=801 preempt_src=683 src_n=99473 rep_n=1172 nu_recv=0.60489 fa_class=0.0625
RFALINE c7-Q400 rep=4 site=srv [RFA] gen=0 fires=68745 false=1644 false_frac=0.0239 fill_coded=789 fill_src=66312 dup_src=879 preempt_src=765 src_n=113692 rep_n=1330 nu_recv=0.60466 fa_class=0.0625
RFALINE c7-Q400 rep=4 site=srv [RFA] gen=0 fires=77355 false=1908 false_frac=0.0247 fill_coded=942 fill_src=74505 dup_src=1001 preempt_src=907 src_n=127496 rep_n=1537 nu_recv=0.60672 fa_class=0.0625
RFALINE c7-Q400 rep=4 site=srv [RFA] gen=0 fires=85809 false=2027 false_frac=0.0236 fill_coded=1030 fill_src=82752 dup_src=1040 preempt_src=987 src_n=140380 rep_n=1661 nu_recv=0.61126 fa_class=0.0625
RFALINE c7-Q400 rep=4 site=srv [RFA] gen=0 fires=95359 false=2248 false_frac=0.0236 fill_coded=1170 fill_src=91941 dup_src=1138 preempt_src=1110 src_n=154128 rep_n=1879 nu_recv=0.61870 fa_class=0.0625
RFALINE c7-Q400 rep=4 site=srv [RFA] gen=0 fires=102936 false=2675 false_frac=0.0260 fill_coded=1321 fill_src=98940 dup_src=1425 preempt_src=1250 src_n=167434 rep_n=2235 nu_recv=0.61479 fa_class=0.0625
FCAUSELINE c7-Q400 rep=4 site=cli [FCAUSE] gen=0 n=5591 timer=9 gap_data=5582 gap_refresh=0 other=0 timer_frac=0.0016 gap_frac=0.9984 fired=5591 unattr=0 fa_class=0.0625
SUCCLINE c7-Q400 rep=4 site=cli [SUCC] gen=0 det=0 res=0 orig_n=0 orig_p50_us=- orig_p90_us=- orig_p99_us=- orig_mx_us=- orig_mean_us=- rep_n=0 rep_p50_us=- rep_p90_us=- rep_p99_us=- rep_mx_us=- rep_mean_us=- aban_n=0 aban_p50_us=- aban_p90_us=- aban_p99_us=- aban_mx_us=- aban_mean_us=- open=0 over=0 orig_frac=- cross_us=- dump=0/0
SUCCLINE c7-Q400 rep=4 site=cli [SUCC] gen=0 det=0 res=0 orig_n=0 orig_p50_us=- orig_p90_us=- orig_p99_us=- orig_mx_us=- orig_mean_us=- rep_n=0 rep_p50_us=- rep_p90_us=- rep_p99_us=- rep_mx_us=- rep_mean_us=- aban_n=0 aban_p50_us=- aban_p90_us=- aban_p99_us=- aban_mx_us=- aban_mean_us=- open=0 over=0 orig_frac=- cross_us=- dump=0/0
SUCCLINE c7-Q400 rep=4 site=cli [SUCC] gen=0 det=0 res=0 orig_n=0 orig_p50_us=- orig_p90_us=- orig_p99_us=- orig_mx_us=- orig_mean_us=- rep_n=0 rep_p50_us=- rep_p90_us=- rep_p99_us=- rep_mx_us=- rep_mean_us=- aban_n=0 aban_p50_us=- aban_p90_us=- aban_p99_us=- aban_mx_us=- aban_mean_us=- open=0 over=0 orig_frac=- cross_us=- dump=0/0
SUCCLINE c7-Q400 rep=4 site=cli [SUCC] gen=0 det=0 res=0 orig_n=0 orig_p50_us=- orig_p90_us=- orig_p99_us=- orig_mx_us=- orig_mean_us=- rep_n=0 rep_p50_us=- rep_p90_us=- rep_p99_us=- rep_mx_us=- rep_mean_us=- aban_n=0 aban_p50_us=- aban_p90_us=- aban_p99_us=- aban_mx_us=- aban_mean_us=- open=0 over=0 orig_frac=- cross_us=- dump=0/0
SUCCLINE c7-Q400 rep=4 site=cli [SUCC] gen=0 det=0 res=0 orig_n=0 orig_p50_us=- orig_p90_us=- orig_p99_us=- orig_mx_us=- orig_mean_us=- rep_n=0 rep_p50_us=- rep_p90_us=- rep_p99_us=- rep_mx_us=- rep_mean_us=- aban_n=0 aban_p50_us=- aban_p90_us=- aban_p99_us=- aban_mx_us=- aban_mean_us=- open=0 over=0 orig_frac=- cross_us=- dump=0/0
SUCCLINE c7-Q400 rep=4 site=cli [SUCC] gen=0 det=0 res=0 orig_n=0 orig_p50_us=- orig_p90_us=- orig_p99_us=- orig_mx_us=- orig_mean_us=- rep_n=0 rep_p50_us=- rep_p90_us=- rep_p99_us=- rep_mx_us=- rep_mean_us=- aban_n=0 aban_p50_us=- aban_p90_us=- aban_p99_us=- aban_mx_us=- aban_mean_us=- open=0 over=0 orig_frac=- cross_us=- dump=0/0
SUCCLINE c7-Q400 rep=4 site=cli [SUCC] gen=0 det=0 res=0 orig_n=0 orig_p50_us=- orig_p90_us=- orig_p99_us=- orig_mx_us=- orig_mean_us=- rep_n=0 rep_p50_us=- rep_p90_us=- rep_p99_us=- rep_mx_us=- rep_mean_us=- aban_n=0 aban_p50_us=- aban_p90_us=- aban_p99_us=- aban_mx_us=- aban_mean_us=- open=0 over=0 orig_frac=- cross_us=- dump=0/0
SUCCLINE c7-Q400 rep=4 site=cli [SUCC] gen=0 det=0 res=0 orig_n=0 orig_p50_us=- orig_p90_us=- orig_p99_us=- orig_mx_us=- orig_mean_us=- rep_n=0 rep_p50_us=- rep_p90_us=- rep_p99_us=- rep_mx_us=- rep_mean_us=- aban_n=0 aban_p50_us=- aban_p90_us=- aban_p99_us=- aban_mx_us=- aban_mean_us=- open=0 over=0 orig_frac=- cross_us=- dump=0/0
SUCCLINE c7-Q400 rep=4 site=cli [SUCC] gen=0 det=0 res=0 orig_n=0 orig_p50_us=- orig_p90_us=- orig_p99_us=- orig_mx_us=- orig_mean_us=- rep_n=0 rep_p50_us=- rep_p90_us=- rep_p99_us=- rep_mx_us=- rep_mean_us=- aban_n=0 aban_p50_us=- aban_p90_us=- aban_p99_us=- aban_mx_us=- aban_mean_us=- open=0 over=0 orig_frac=- cross_us=- dump=0/0
SUCCLINE c7-Q400 rep=4 site=cli [SUCC] gen=0 det=0 res=0 orig_n=0 orig_p50_us=- orig_p90_us=- orig_p99_us=- orig_mx_us=- orig_mean_us=- rep_n=0 rep_p50_us=- rep_p90_us=- rep_p99_us=- rep_mx_us=- rep_mean_us=- aban_n=0 aban_p50_us=- aban_p90_us=- aban_p99_us=- aban_mx_us=- aban_mean_us=- open=0 over=0 orig_frac=- cross_us=- dump=0/0
SUCCLINE c7-Q400 rep=4 site=cli [SUCC] gen=0 det=0 res=0 orig_n=0 orig_p50_us=- orig_p90_us=- orig_p99_us=- orig_mx_us=- orig_mean_us=- rep_n=0 rep_p50_us=- rep_p90_us=- rep_p99_us=- rep_mx_us=- rep_mean_us=- aban_n=0 aban_p50_us=- aban_p90_us=- aban_p99_us=- aban_mx_us=- aban_mean_us=- open=0 over=0 orig_frac=- cross_us=- dump=0/0
SUCCLINE c7-Q400 rep=4 site=srv [SUCC] gen=0 det=7021 res=6607 orig_n=6541 orig_p50_us=18432 orig_p90_us=36864 orig_p99_us=131072 orig_mx_us=194888 orig_mean_us=22699 rep_n=66 rep_p50_us=32768 rep_p90_us=57344 rep_p99_us=180224 rep_mx_us=194192 rep_mean_us=40773 aban_n=0 aban_p50_us=- aban_p90_us=- aban_p99_us=- aban_mx_us=- aban_mean_us=- open=414 over=0 orig_frac=0.9900 cross_us=- dump=0/0
SUCCLINE c7-Q400 rep=4 site=srv [SUCC] gen=0 det=16557 res=16145 orig_n=15986 orig_p50_us=16384 orig_p90_us=40960 orig_p99_us=98304 orig_mx_us=194888 orig_mean_us=22131 rep_n=159 rep_p50_us=26624 rep_p90_us=57344 rep_p99_us=180224 rep_mx_us=194192 rep_mean_us=31629 aban_n=0 aban_p50_us=- aban_p90_us=- aban_p99_us=- aban_mx_us=- aban_mean_us=- open=412 over=0 orig_frac=0.9902 cross_us=- dump=0/0
SUCCLINE c7-Q400 rep=4 site=srv [SUCC] gen=0 det=24965 res=24365 orig_n=24106 orig_p50_us=18432 orig_p90_us=49152 orig_p99_us=90112 orig_mx_us=194888 orig_mean_us=24433 rep_n=259 rep_p50_us=24576 rep_p90_us=81920 rep_p99_us=90112 rep_mx_us=194192 rep_mean_us=36584 aban_n=0 aban_p50_us=- aban_p90_us=- aban_p99_us=- aban_mx_us=- aban_mean_us=- open=600 over=0 orig_frac=0.9894 cross_us=- dump=0/0
SUCCLINE c7-Q400 rep=4 site=srv [SUCC] gen=0 det=33303 res=32735 orig_n=32361 orig_p50_us=20480 orig_p90_us=53248 orig_p99_us=90112 orig_mx_us=194888 orig_mean_us=25828 rep_n=374 rep_p50_us=30720 rep_p90_us=81920 rep_p99_us=114688 rep_mx_us=194192 rep_mean_us=41512 aban_n=0 aban_p50_us=- aban_p90_us=- aban_p99_us=- aban_mx_us=- aban_mean_us=- open=568 over=0 orig_frac=0.9886 cross_us=- dump=0/0
SUCCLINE c7-Q400 rep=4 site=srv [SUCC] gen=0 det=42051 res=41463 orig_n=40953 orig_p50_us=20480 orig_p90_us=57344 orig_p99_us=90112 orig_mx_us=194888 orig_mean_us=27205 rep_n=510 rep_p50_us=30720 rep_p90_us=81920 rep_p99_us=131072 rep_mx_us=194192 rep_mean_us=41305 aban_n=0 aban_p50_us=- aban_p90_us=- aban_p99_us=- aban_mx_us=- aban_mean_us=- open=588 over=0 orig_frac=0.9877 cross_us=- dump=0/0
SUCCLINE c7-Q400 rep=4 site=srv [SUCC] gen=0 det=50507 res=50247 orig_n=49634 orig_p50_us=22528 orig_p90_us=57344 orig_p99_us=98304 orig_mx_us=194888 orig_mean_us=28097 rep_n=613 rep_p50_us=32768 rep_p90_us=81920 rep_p99_us=131072 rep_mx_us=194192 rep_mean_us=42892 aban_n=0 aban_p50_us=- aban_p90_us=- aban_p99_us=- aban_mx_us=- aban_mean_us=- open=260 over=0 orig_frac=0.9878 cross_us=- dump=0/0
SUCCLINE c7-Q400 rep=4 site=srv [SUCC] gen=0 det=58768 res=58686 orig_n=57982 orig_p50_us=22528 orig_p90_us=61440 orig_p99_us=98304 orig_mx_us=239817 orig_mean_us=29075 rep_n=704 rep_p50_us=32768 rep_p90_us=81920 rep_p99_us=131072 rep_mx_us=194192 rep_mean_us=44524 aban_n=0 aban_p50_us=- aban_p90_us=- aban_p99_us=- aban_mx_us=- aban_mean_us=- open=82 over=0 orig_frac=0.9880 cross_us=- dump=0/0
SUCCLINE c7-Q400 rep=4 site=srv [SUCC] gen=0 det=67231 res=67099 orig_n=66312 orig_p50_us=20480 orig_p90_us=57344 orig_p99_us=98304 orig_mx_us=239817 orig_mean_us=28243 rep_n=787 rep_p50_us=32768 rep_p90_us=81920 rep_p99_us=131072 rep_mx_us=194192 rep_mean_us=43264 aban_n=0 aban_p50_us=- aban_p90_us=- aban_p99_us=- aban_mx_us=- aban_mean_us=- open=132 over=0 orig_frac=0.9883 cross_us=- dump=0/0
SUCCLINE c7-Q400 rep=4 site=srv [SUCC] gen=0 det=75446 res=75440 orig_n=74505 orig_p50_us=18432 orig_p90_us=57344 orig_p99_us=98304 orig_mx_us=239817 orig_mean_us=26228 rep_n=935 rep_p50_us=30720 rep_p90_us=81920 rep_p99_us=131072 rep_mx_us=194192 rep_mean_us=39181 aban_n=3 aban_p50_us=4 aban_p90_us=5 aban_p99_us=5 aban_mx_us=5 aban_mean_us=4 open=3 over=0 orig_frac=0.9876 cross_us=- dump=0/0
SUCCLINE c7-Q400 rep=4 site=srv [SUCC] gen=0 det=84113 res=83775 orig_n=82752 orig_p50_us=18432 orig_p90_us=57344 orig_p99_us=98304 orig_mx_us=239817 orig_mean_us=26447 rep_n=1023 rep_p50_us=30720 rep_p90_us=81920 rep_p99_us=131072 rep_mx_us=194192 rep_mean_us=41074 aban_n=3 aban_p50_us=4 aban_p90_us=5 aban_p99_us=5 aban_mx_us=5 aban_mean_us=4 open=335 over=0 orig_frac=0.9878 cross_us=- dump=0/0
SUCCLINE c7-Q400 rep=4 site=srv [SUCC] gen=0 det=93111 res=93103 orig_n=91941 orig_p50_us=18432 orig_p90_us=57344 orig_p99_us=90112 orig_mx_us=239817 orig_mean_us=26349 rep_n=1162 rep_p50_us=32768 rep_p90_us=81920 rep_p99_us=131072 rep_mx_us=194192 rep_mean_us=41295 aban_n=3 aban_p50_us=4 aban_p90_us=5 aban_p99_us=5 aban_mx_us=5 aban_mean_us=4 open=5 over=0 orig_frac=0.9875 cross_us=- dump=0/0
SUCCLINE c7-Q400 rep=4 site=srv [SUCC] gen=0 det=100644 res=100252 orig_n=98940 orig_p50_us=20480 orig_p90_us=57344 orig_p99_us=98304 orig_mx_us=239817 orig_mean_us=27070 rep_n=1312 rep_p50_us=36864 rep_p90_us=81920 rep_p99_us=131072 rep_mx_us=194192 rep_mean_us=44932 aban_n=3 aban_p50_us=4 aban_p90_us=5 aban_p99_us=5 aban_mx_us=5 aban_mean_us=4 open=389 over=0 orig_frac=0.9869 cross_us=- dump=0/0
HOLDLINE c7-Q400 rep=4 site=cli [HOLD] site=sender path=0 gen=0 q=unset n_req=- n_obs=1000 samp_n=1000 fed=42175 t_us=- obs_p50_us=21149 obs_p90_us=70078 obs_p99_us=155565 evals=2870 law_n=0 sup=0 emit=2870 hd_p50_us=- hd_p90_us=- hd_p99_us=- hd_mx_us=- hd_n=0 fa_class=0.0625
HOLDLINE c7-Q400 rep=4 site=cli [HOLD] site=sender path=1 gen=0 q=unset n_req=- n_obs=1000 samp_n=1000 fed=43051 t_us=- obs_p50_us=39331 obs_p90_us=75809 obs_p99_us=114502 evals=2716 law_n=0 sup=0 emit=2716 hd_p50_us=- hd_p90_us=- hd_p99_us=- hd_mx_us=- hd_n=0 fa_class=0.0625
HOLDLINE c7-Q400 rep=4 site=cli [HOLD] site=sender path=- gen=0 q=unset n_req=- n_obs=1000 samp_n=0 fed=0 t_us=- obs_p50_us=- obs_p90_us=- obs_p99_us=- evals=5 law_n=0 sup=0 emit=5 hd_p50_us=- hd_p90_us=- hd_p99_us=- hd_mx_us=- hd_n=0 fa_class=0.0625
WALLLINE c7-Q400 rep=4 site=cli [WALL] onset=1.0000 dur_ms=0.1 retx=0 total_ms=12272.0 it_ms=0.072
WINDOW-PARTIAL c7-Q400 rep=4 win_ok=169902/170140 win_n=25 (RESULT, not an abort -- the fraction is to be scored, and the quantile-native sweep read 0.829-0.999 here)
VAWITNESS {"cell":"c7","arm":"Q400","alpha":"0.4","seed":42,"rep":4,"rc":0,"mean_mbps":130.533,"band":[140,180],"band_applies":0,"in_band":0,"lossy":1,"alpha_expect":"0.4","alpha_got_cli":"0.4","alpha_got_srv":"0.4","form_expect":"quantile","form_got_cli":"quantile","form_got_srv":"quantile","winn_expect":"25","winn_got_cli":"25","winn_got_srv":"25","qclk_law_n":169902,"qclk_evals":170140,"qclk_win_ok":169902,"qclk_win_n":"25","w_us_p50":45666,"w_us_p05":21906,"w_us_p95":90337,"shipped_clock_us":100000,"fcause_n":5591,"fcause_timer":9,"fcause_gap_data":5582,"fcause_gap_refresh":0,"fcause_other":0,"fcause_unattr":0,"succ_det":100644,"succ_res":100252,"succ_orig_frac":"0.9869","rfa_fires":102936,"rfa_false":2675,"rfa_false_frac":"0.0260","rfa_fill_coded":1321,"rack_fa":"524/5591","rack_fa_frac":"0.0937","fails":""}
=== rep=5 arm=c7-CTL alpha=unset form=unset win_n=unavail seed=42 env="RWM_QUANTILE_CLOCKS=0 RWM_DELTA_CAP=1 RWM_SUM_CAP=1 RWM_RACK_CLOCKS=0 RWM_DERIVED_SWEEP=0 RWM_COMPOSED_CAP=0 RWM_THREE_TERM=0 RWM_STORE_CAP_UNIFIED=0 RWM_LATE_BRAKE=0 RWM_CHARGE_RECOVERY=0 RWM_RELEASE_1TO1=0 RWM_LOSS_SENT_TRUTH=0 RWM_RTT_DUMP=0 RWM_SUCC_DUMP=0" cell=c2/c2/dual bytes=200000000 18:36:12
[2m2026-08-21T18:36:14.164418Z[0m [32m INFO[0m [2mraptorpath::gates[0m[2m:[0m [GATES] RWM_UNIFIED=1 RWM_UNIFIED_SHED=1 RWM_TAPER_R=1 RWM_ASTAR_ANCHOR=1 RWM_MSTAR_ANCHOR=1 RWM_PLAIN_RS=0 RWM_HONEST_ANCHOR=1 RWM_HONEST_K=0 RWM_STORE_SACK_RELEASE=1 RWM_STORE_PATHS=1 RWM_STORE_PATH_POOL=2048 RWM_STORE=unset RWM_STORE_GAIN=2 RWM_STORE_BOOT=128 RWM_STORE_CAPW=0 RWM_STORE_CAP_UNIFIED=0 RWM_THREE_TERM=0 RWM_COMPOSED_CAP=0 RWM_SUM_CAP=1 RWM_LATE_BRAKE=0 RWM_DELTA_CAP=1 RWM_STORE_PERCAP=0 RWM_PERCAP_GUARD=1 RWM_STORE_BORROW=0 RWM_HONEST_CAP=1 RWM_POOL_ANCHOR=0 RWM_POOL_DELIV=0 RWM_FLOOR_BOUND=0 RWM_ACK_MERGE=1 RWM_LOSS_SENT_TRUTH=0 RWM_RELEASE_1TO1=0 RWM_CHARGE_RECOVERY=0 RWM_PATIENCE_DERIVED=0 RWM_SIDLE_DERIVED=0 RWM_WIN_DECOUPLE=0 RWM_PLACE_SLACK=0 RWM_COLD_PLACE=0 RWM_GEN=384 RWM_PIPELINE=2 RWM_GEN_PIPE=1 RWM_GEN_R=unset RWM_GEN_RATE=9000 RWM_GEN_RATE_FLOOR=2000 RWM_GEN_INFLIGHT=unset RWM_OOO_RETAIN=0/16 RWM_WINDOW=unset RWM_REPORT_GENS=unset RWM_REPAIR_WAIT=unset RWM_CODED_SRC=0 RWM_NO_REACTIVE=0 RWM_XPATH_REPAIR=0 RWM_PROACTIVE_PACER=0 RWM_REASM_BDP=0 RWM_MIN_R=0 RWM_CC_PACE=0 RWM_CC_PACE_HR=1.1 RWM_REACT_CAP=unset RWM_INFL_CAP=0 RWM_INFL_BDP=unset RWM_COPA_FEED=0 RWM_RS_ATTR=1 RWM_EMIT_BATCH=0 RWM_EMIT_BURST=64 RWM_RECOV_MP=1 RWM_RECOV_MP_LAW=1 RWM_RECOV_MP_LIVE=0 RWM_RECOV_SP=0 RWM_DERIVED_SWEEP=0 RWM_RACK_CLOCKS=0 RWM_RACK_REO_MULT=1 RWM_QUANTILE_CLOCKS=0 RWM_ALPHA_OVERRIDE=unset RWM_W_FORM=cantelli RWM_HOLDDOWN_Q=unset RWM_REFRESH_FLOOR_US=unset RWM_DIAG=1 RWM_ACKDIAG=1 RWM_ACKDIAG_WINDOW_US=2000000 RWM_RTT_DUMP=0 RWM_RTT_DUMP_MAX=400000 RWM_SUCC_DUMP=0 RWM_SUCC_DUMP_MAX=200000 RWM_WALLDIAG=1 RWM_CPUPROF=0 RWM_RDIAG=0 RWM_FDIAG=1 RWM_TRACE=0 RWM_PFRAC=0
{"bytes":200000000,"dnf":0,"hint":"bulk","max_s":10.1634,"mean_mbps":157.428,"mean_s":10.1634,"median_s":10.1634,"min_s":10.1634,"proto":"rp-native","runs":1,"stdev_s":0.0,"summary":true}
    LATPROBE-LEG leg=0 file=/tmp/rwm-ping-0.txt sent=203 recv=198 censor=2.46% p50=30.2[censor=2.46% ok] p95=66.4[censor=2.46% ok] p99=79.5[censor=2.46% UNSCOREABLE(inside censored tail)]
    LATPROBE-LEG leg=1 file=/tmp/rwm-ping-1.txt sent=203 recv=199 censor=1.97% p50=31.5[censor=1.97% ok] p95=68.8[censor=1.97% ok] p99=93.6[censor=1.97% UNSCOREABLE(inside censored tail)]
    LATPROBE: 2 leg(s) /tmp/rwm-ping-0.txt=198 /tmp/rwm-ping-1.txt=199 replies
    CPU: CPUSRV=13.68s CPUCLI=14.83s (srv=decoder cli=sender; whole-invocation incl warmup)
    QDISC cli0: qdisc netem bd89: root refcnt 7 limit 1000 delay 5ms  3ms loss gemodel p 1.3% r 50% 1-h 100% 1-k 0% rate 100Mbit seed 42  Sent 109633529 bytes 88220 pkt (dropped 509, overlimits 0 requeues 0)   backlog 0b 0p requeues 0 
    QDISC cli1: qdisc netem bd8a: root refcnt 7 limit 1000 delay 5ms  3ms loss gemodel p 1.3% r 50% 1-h 100% 1-k 0% rate 100Mbit seed 1042  Sent 113437023 bytes 91018 pkt (dropped 472, overlimits 0 requeues 0)   backlog 0b 0p requeues 0 
    QDISC srv0: qdisc netem bd8b: root refcnt 7 limit 1000 delay 5ms  3ms rate 100Mbit seed 1709358640711287114  Sent 12303189 bytes 44104 pkt (dropped 0, overlimits 0 requeues 0)   backlog 0b 0p requeues 0 
    QDISC srv1: qdisc netem bd8c: root refcnt 7 limit 1000 delay 5ms  3ms rate 100Mbit seed 14230221296986871542  Sent 12761505 bytes 45812 pkt (dropped 0, overlimits 0 requeues 0)   backlog 0b 0p requeues 0 
    QCAP: /tmp/rwm-q.txt 18 lines
RUNTIME c7-CTL rep=5 12s rc=0
ALPHARESULT {"cell": "c7", "arm": "CTL", "alpha_cmd": null, "seed": 42, "rep": 5, "n_paths": 2, "dnf": false, "dnf_count": 0, "mbps": 157.428, "mean_mbps": 157.428, "seconds": 10.1634, "n_runs": 1, "cpusrv": 13.68, "cpucli": 14.83, "khr_med": 1.0, "kraw_med": null, "khr_n": 71, "kraw_n": 0, "rtp_med": 9, "occ_p50": 660, "occcap_p50": 1499, "q_p50": 34, "q_p99": 75, "diag_lines": 40, "retx": 5164, "w1_rfa_gen": "0", "w2_pfrac_lines": 0, "w4_retx_max": 5164, "w5_rack_fa": "867/5230", "gates_cli_quantile_clocks": 0, "gates_srv_quantile_clocks": 0, "gates_cli_rack_clocks": 0, "gates_srv_rack_clocks": 0, "gates_cli_derived_sweep": 0, "gates_srv_derived_sweep": 0, "gates_cli_delta_cap": 1, "gates_srv_delta_cap": 1, "gates_cli_sum_cap": 1, "gates_srv_sum_cap": 1, "gates_cli_composed_cap": 0, "gates_srv_composed_cap": 0, "gates_cli_three_term": 0, "gates_srv_three_term": 0, "gates_cli_loss_sent_truth": 0, "gates_srv_loss_sent_truth": 0, "gates_cli_gen": null, "gates_srv_gen": null, "gates_cli_diag": 1, "gates_srv_diag": 1, "gates_cli_ackdiag": 1, "gates_srv_ackdiag": 1, "gates_cli_walldiag": 1, "gates_srv_walldiag": 1, "gates_cli_fdiag": 1, "gates_srv_fdiag": 1, "gates_cli_recov_mp": 1, "gates_srv_recov_mp": 1, "gates_cli_cc_pace": 0, "gates_srv_cc_pace": 0, "gates_cli_rack_reo_mult": 1, "gates_srv_rack_reo_mult": 1, "gates_lines_cli": 1, "gates_lines_srv": 1, "gate_quantile_cli": "0", "gate_quantile_srv": "0", "gate_alpha_cli": "unset", "gate_alpha_srv": "unset", "gate_gen_cli": 384, "gate_gen_srv": 384, "gate_wform_cli": "cantelli", "gate_wform_srv": "cantelli", "qalpha_lines_cli": 1, "qalpha_site_cli": "sender", "qalpha_quantile_cli": 0, "qalpha_contract_cli": 0.001, "qalpha_override_cli": null, "qalpha_cli": 0.001, "qalpha_k_cli": 31.607, "qalpha_form_cli": "cantelli", "qalpha_winn_cli": "unavail", "qalpha_lines_srv": 1, "qalpha_site_srv": "receiver", "qalpha_quantile_srv": 0, "qalpha_contract_srv": 1e-05, "qalpha_override_srv": null, "qalpha_srv": 1e-05, "qalpha_k_srv": 316.2262, "qalpha_form_srv": "cantelli", "qalpha_winn_srv": "unavail", "qclk_cli_lines": 1, "qclk_cli_site": "sender", "qclk_cli_alpha": 0.001, "qclk_cli_k": 31.607, "qclk_cli_w_us_mean": 89300.8, "qclk_cli_srtt_us_mean": 53500.8, "qclk_cli_on": 0, "qclk_cli_evals": 169947, "qclk_cli_kept": 2656, "qclk_cli_w_us_p05": 51760, "qclk_cli_w_us_p50": 100000, "qclk_cli_w_us_p95": 100000, "qclk_cli_w_us_min": 25000, "qclk_cli_w_us_max": 100000, "qclk_cli_law_n": 169947, "qclk_cli_sigma_us_mean": 1953.1, "qclk_cli_sigma_n": 169781, "qclk_form_cli": "cantelli", "qclk_winn_cli": "unavail", "qclk_win_ok_cli": 0, "qclk_srv_lines": 10, "qclk_srv_site": "receiver", "qclk_srv_alpha": 1e-05, "qclk_srv_k": 316.2262, "qclk_srv_w_us_mean": 99953.2, "qclk_srv_srtt_us_mean": 61723.8, "qclk_srv_on": 0, "qclk_srv_evals": 169842, "qclk_srv_kept": 2654, "qclk_srv_w_us_p05": 100000, "qclk_srv_w_us_p50": 100000, "qclk_srv_w_us_p95": 100000, "qclk_srv_w_us_min": 96942, "qclk_srv_w_us_max": 100000, "qclk_srv_law_n": 169842, "qclk_srv_sigma_us_mean": 27084.5, "qclk_srv_sigma_n": 168701, "qclk_form_srv": "cantelli", "qclk_winn_srv": "unavail", "qclk_win_ok_srv": 0, "rack_lines_cli": 2, "rack_on_cli": 0, "rack_evals_cli": 0, "rack_ceil_cli": 0.0, "rack_gran_cli": 0.0, "rack_legacy_pin_cli": 0.0, "rack_round_cli": 0.0, "rack_legacy_cli": 0.0, "rack_mult_cli": 1, "rack_fa_n_cli": 867, "rack_fa_d_cli": 5230, "rack_fa_frac_cli": 0.1658, "rack_fa_class_cli": 0.0625, "rack_lines_srv": 0, "rack_on_srv": null, "rack_evals_srv": null, "rack_ceil_srv": null, "rack_gran_srv": null, "rack_legacy_pin_srv": null, "rack_round_srv": null, "rack_legacy_srv": null, "rack_mult_srv": null, "rack_fa_n_srv": null, "rack_fa_d_srv": null, "rack_fa_frac_srv": null, "rack_fa_class_srv": null, "rack_fired": 5230, "rack_spurious": 867, "rack_fa_frac": 0.1658, "rack_fa_class": 0.0625, "rack_round_us": 0.0, "rack_legacy_us": 0.0, "rack_evals": 0, "rack_legacy_pin": 0.0, "rfa_lines": 10, "rfa_gen": 0, "rfa_fires": 95463, "rfa_false": 2091, "rfa_fill_coded": 1193, "rfa_fill_src": 92179, "rfa_dup_src": 943, "rfa_preempt_src": 1148, "rfa_src_n": 168328, "rfa_rep_n": 1821, "rfa_false_frac": 0.0219, "rfa_nu_recv": 0.56712, "rfa_fa_class": 0.0625, "rfa_bracket_lo": 0.0219, "rfa_bracket_hi": 0.636724, "sf_ticks": 1888, "sf_E": 0.9854, "sf_short": 0.0275, "sf_zero": 0.0016, "capboot_n": 37, "capboot_frac": 0.0, "ping_n": 198, "ping_p50": 30.1, "ping_p95": 66.2, "ping_p99": 79.0, "ping_tx": 203, "ping_rx": 198, "ping_loss": 2.46, "ping_censor_frac": 0.0246, "legs_probed": 1, "leg0_n": 198, "leg0_sent": 203, "leg0_recv": 198, "leg0_sent_source": "summary", "leg0_censor_frac": 0.0246, "leg0_censor_pct": 2.46, "leg0_recv_mismatch": false, "leg0_leg_unscoreable": false, "leg0_min": 6.01, "leg0_max": 81.8, "leg0_p50": 30.2, "leg0_p50_censored": false, "leg0_p50_scoreable": true, "leg0_p95": 66.4, "leg0_p95_censored": false, "leg0_p95_scoreable": true, "leg0_p99": 79.5, "leg0_p99_censored": true, "leg0_p99_scoreable": false, "legs_censor_max": 0.0246, "wait_tun": 97, "wait_paused": 0, "wait_pace": 0, "wait_gen": 0, "wait_nack": 3, "wait_defc": 0, "wait_tail": 0, "wait_flush": 0, "wait_lines": 37, "deadwall": false, "sig_us_p50": 2983.0, "sig_us_n": 84167, "sig_us_path": 0, "sig_paths": 1, "pl_n": 71, "pl_max": 0.0666, "pl_min": 0.0358, "pl_p0": 0.0666, "pl_p1": 0.0358, "dgq_hand": 172569, "dgq_full": 0, "dgq_err": 0, "dgq_gap": 31, "tc_bytes": 223070552, "tc_pkts": 179238, "tc_drop": 981, "tc_s": 12, "hold_lines": 2, "hold_samp_n": 2000, "hold_fed": 80017, "hold_evals": 5230, "hold_law_n": 0, "hold_sup": 0, "hold_emit": 5230, "hold_hd_n": 0, "hold_q": "unset", "hold_n_req": "-", "hold_n_obs": 1000, "hold_gen": 0, "hold_sup_frac": 0.0, "hold_law_frac": 0.0, "hold_obs_p50_us": 57467, "hold_obs_p90_us": 102023, "hold_obs_p99_us": 108527, "hold_t_us_p0": null, "hold_t_us_p1": null, "hold_samp_n_p0": 1000, "hold_samp_n_p1": 1000, "hold_hd_p50_us": null, "hold_hd_p90_us": null, "hold_hd_p99_us": null, "hold_hd_mx_us": null, "hold_unattr_evals": 0, "hold_paths_n": 2, "hold_accounting_ok": 1, "hold_obs_p50_us_p0": 5045, "hold_obs_p90_us_p0": 12669, "hold_obs_p99_us_p0": 43196, "hold_obs_p50_us_p1": 57467, "hold_obs_p90_us_p1": 102023, "hold_obs_p99_us_p1": 108527, "hold_rpd": 0.055755, "fcause_lines": 1, "fcause_gen": 0, "fcause_n": 5230, "fcause_timer": 0, "fcause_gap_data": 5230, "fcause_gap_refresh": 0, "fcause_other": 0, "fcause_fired": 5230, "fcause_unattr": 0, "fcause_timer_frac": 0.0, "fcause_gap_frac": 1.0, "succ_lines": 10, "succ_gen": 0, "succ_det": 93803, "succ_res": 93372, "succ_orig_n": 92180, "succ_rep_n": 1192, "succ_aban_n": 0, "succ_open": 431, "succ_over": 0, "succ_orig_p50_us": 22528, "succ_orig_p90_us": 57344, "succ_orig_p99_us": 106496, "succ_orig_mx_us": 196963, "succ_orig_frac": 0.9872, "succ_identity_ok": 1}
LIVENESS c7-CTL rep=5 RWM_QUANTILE_CLOCKS=RWM_QUANTILE_CLOCKS=0/RWM_QUANTILE_CLOCKS=0(exp0) RWM_ALPHA_OVERRIDE=RWM_ALPHA_OVERRIDE=unset/RWM_ALPHA_OVERRIDE=unset(expunset) RWM_W_FORM=RWM_W_FORM=cantelli/RWM_W_FORM=cantelli(expcantelli) RWM_DELTA_CAP=RWM_DELTA_CAP=1/RWM_DELTA_CAP=1(exp1) RWM_SUM_CAP=RWM_SUM_CAP=1/RWM_SUM_CAP=1(exp1) RWM_HOLDDOWN_Q=RWM_HOLDDOWN_Q=unset/RWM_HOLDDOWN_Q=unset(expunset) RWM_REFRESH_FLOOR_US=RWM_REFRESH_FLOOR_US=unset/RWM_REFRESH_FLOOR_US=unset(expunset) RWM_RACK_CLOCKS=RWM_RACK_CLOCKS=0/RWM_RACK_CLOCKS=0(exp0) RWM_DERIVED_SWEEP=RWM_DERIVED_SWEEP=0/RWM_DERIVED_SWEEP=0(exp0) RWM_COMPOSED_CAP=RWM_COMPOSED_CAP=0/RWM_COMPOSED_CAP=0(exp0) RWM_THREE_TERM=RWM_THREE_TERM=0/RWM_THREE_TERM=0(exp0) RWM_STORE_CAP_UNIFIED=RWM_STORE_CAP_UNIFIED=0/RWM_STORE_CAP_UNIFIED=0(exp0) RWM_LATE_BRAKE=RWM_LATE_BRAKE=0/RWM_LATE_BRAKE=0(exp0) RWM_CHARGE_RECOVERY=RWM_CHARGE_RECOVERY=0/RWM_CHARGE_RECOVERY=0(exp0) RWM_RELEASE_1TO1=RWM_RELEASE_1TO1=0/RWM_RELEASE_1TO1=0(exp0) RWM_LOSS_SENT_TRUTH=RWM_LOSS_SENT_TRUTH=0/RWM_LOSS_SENT_TRUTH=0(exp0) RWM_RTT_DUMP=RWM_RTT_DUMP=0/RWM_RTT_DUMP=0(exp0) RWM_SUCC_DUMP=RWM_SUCC_DUMP=0/RWM_SUCC_DUMP=0(exp0) RWM_DIAG=RWM_DIAG=1/RWM_DIAG=1(exp1) RWM_ACKDIAG=RWM_ACKDIAG=1/RWM_ACKDIAG=1(exp1) RWM_WALLDIAG=RWM_WALLDIAG=1/RWM_WALLDIAG=1(exp1) RWM_FDIAG=RWM_FDIAG=1/RWM_FDIAG=1(exp1)
W5QALPHA c7-CTL rep=5 cli=form:cantelli/win_n:unavail/alpha:1.000000e-3 srv=form:cantelli/win_n:unavail/alpha:1.000000e-5 (exp form=cantelli win_n=unavail)
WCLOCK c7-CTL rep=5 law_n=169947 evals=169947 win_ok=0 win_n=unavail p50=100000 p05=51760 p95=100000 shipped_clock=100000
W8SUCC c7-CTL rep=5 det=93803 res=93372 orig_frac=0.9872
QALPHALINE c7-CTL rep=5 site=cli [QALPHA] site=sender quantile=0 form=cantelli win_n=unavail contract_alpha=1.000000e-3 override=unset alpha=1.000000e-3 k=31.6070 fa_class=0.0625
QALPHALINE c7-CTL rep=5 site=cli [QALPHA] site=receiver quantile=0 form=cantelli win_n=unavail contract_alpha=1.000000e-5 override=unset alpha=1.000000e-5 k=316.2262 fa_class=0.0625
QALPHALINE c7-CTL rep=5 site=srv [QALPHA] site=receiver quantile=0 form=cantelli win_n=unavail contract_alpha=1.000000e-5 override=unset alpha=1.000000e-5 k=316.2262 fa_class=0.0625
QALPHALINE c7-CTL rep=5 site=srv [QALPHA] site=sender quantile=0 form=cantelli win_n=unavail contract_alpha=1.000000e-3 override=unset alpha=1.000000e-3 k=31.6070 fa_class=0.0625
QCLKLINE c7-CTL rep=5 site=cli [QCLK] site=sender on=0 form=cantelli win_n=unavail win_ok=0 alpha=1.000000e-3 k=31.6070 evals=169947 law_n=169947 kept=2656 w_us_mean=89300.8 w_us_p05=51760 w_us_p50=100000 w_us_p95=100000 w_us_min=25000 w_us_max=100000 srtt_us_mean=53500.8 sigma_us_mean=1953.1/n169781 fa_class=0.0625
QCLKLINE c7-CTL rep=5 site=srv [QCLK] site=receiver on=0 form=cantelli win_n=unavail win_ok=0 alpha=1.000000e-5 k=316.2262 evals=13598 law_n=13598 kept=3400 w_us_mean=100000.0 w_us_p05=100000 w_us_p50=100000 w_us_p95=100000 w_us_min=100000 w_us_max=100000 srtt_us_mean=92254.8 sigma_us_mean=14563.8/n12457 fa_class=0.0625
QCLKLINE c7-CTL rep=5 site=srv [QCLK] site=receiver on=0 form=cantelli win_n=unavail win_ok=0 alpha=1.000000e-5 k=316.2262 evals=32264 law_n=32264 kept=4033 w_us_mean=100000.0 w_us_p05=100000 w_us_p50=100000 w_us_p95=100000 w_us_min=100000 w_us_max=100000 srtt_us_mean=79373.7 sigma_us_mean=24640.7/n31123 fa_class=0.0625
QCLKLINE c7-CTL rep=5 site=srv [QCLK] site=receiver on=0 form=cantelli win_n=unavail win_ok=0 alpha=1.000000e-5 k=316.2262 evals=49919 law_n=49919 kept=3120 w_us_mean=99840.6 w_us_p05=96942 w_us_p50=100000 w_us_p95=100000 w_us_min=96942 w_us_max=100000 srtt_us_mean=70277.2 sigma_us_mean=28633.5/n48778 fa_class=0.0625
QCLKLINE c7-CTL rep=5 site=srv [QCLK] site=receiver on=0 form=cantelli win_n=unavail win_ok=0 alpha=1.000000e-5 k=316.2262 evals=68083 law_n=68083 kept=2128 w_us_mean=99883.1 w_us_p05=100000 w_us_p50=100000 w_us_p95=100000 w_us_min=96942 w_us_max=100000 srtt_us_mean=66563.8 sigma_us_mean=29192.1/n66942 fa_class=0.0625
QCLKLINE c7-CTL rep=5 site=srv [QCLK] site=receiver on=0 form=cantelli win_n=unavail win_ok=0 alpha=1.000000e-5 k=316.2262 evals=84254 law_n=84254 kept=2633 w_us_mean=99905.6 w_us_p05=100000 w_us_p50=100000 w_us_p95=100000 w_us_min=96942 w_us_max=100000 srtt_us_mean=65960.6 sigma_us_mean=29000.9/n83113 fa_class=0.0625
QCLKLINE c7-CTL rep=5 site=srv [QCLK] site=receiver on=0 form=cantelli win_n=unavail win_ok=0 alpha=1.000000e-5 k=316.2262 evals=101136 law_n=101136 kept=3161 w_us_mean=99921.3 w_us_p05=100000 w_us_p50=100000 w_us_p95=100000 w_us_min=96942 w_us_max=100000 srtt_us_mean=65540.8 sigma_us_mean=28856.9/n99995 fa_class=0.0625
QCLKLINE c7-CTL rep=5 site=srv [QCLK] site=receiver on=0 form=cantelli win_n=unavail win_ok=0 alpha=1.000000e-5 k=316.2262 evals=118239 law_n=118239 kept=3695 w_us_mean=99932.7 w_us_p05=100000 w_us_p50=100000 w_us_p95=100000 w_us_min=96942 w_us_max=100000 srtt_us_mean=64211.1 sigma_us_mean=28538.9/n117098 fa_class=0.0625
QCLKLINE c7-CTL rep=5 site=srv [QCLK] site=receiver on=0 form=cantelli win_n=unavail win_ok=0 alpha=1.000000e-5 k=316.2262 evals=134579 law_n=134579 kept=2103 w_us_mean=99940.9 w_us_p05=100000 w_us_p50=100000 w_us_p95=100000 w_us_min=96942 w_us_max=100000 srtt_us_mean=63256.4 sigma_us_mean=28327.4/n133438 fa_class=0.0625
QCLKLINE c7-CTL rep=5 site=srv [QCLK] site=receiver on=0 form=cantelli win_n=unavail win_ok=0 alpha=1.000000e-5 k=316.2262 evals=152649 law_n=152649 kept=2386 w_us_mean=99947.9 w_us_p05=100000 w_us_p50=100000 w_us_p95=100000 w_us_min=96942 w_us_max=100000 srtt_us_mean=62397.2 sigma_us_mean=27848.6/n151508 fa_class=0.0625
QCLKLINE c7-CTL rep=5 site=srv [QCLK] site=receiver on=0 form=cantelli win_n=unavail win_ok=0 alpha=1.000000e-5 k=316.2262 evals=169842 law_n=169842 kept=2654 w_us_mean=99953.2 w_us_p05=100000 w_us_p50=100000 w_us_p95=100000 w_us_min=96942 w_us_max=100000 srtt_us_mean=61723.8 sigma_us_mean=27084.5/n168701 fa_class=0.0625
RACKLINE c7-CTL rep=5 site=cli [RACK] on=0 evals=0 ceil=0.0000 gran=0.0000 legacy_pin=0.0000 round=0.0 legacy=0.0 mult=1 fa=98/98 fa_frac=1.0000 fa_class=0.0625
RACKLINE c7-CTL rep=5 site=cli [RACK] on=0 evals=0 ceil=0.0000 gran=0.0000 legacy_pin=0.0000 round=0.0 legacy=0.0 mult=1 fa=867/5230 fa_frac=0.1658 fa_class=0.0625
RFALINE c7-CTL rep=5 site=cli [RFA] gen=0 fires=8 false=8 false_frac=1.0000 fill_coded=0 fill_src=0 dup_src=8 preempt_src=0 src_n=9 rep_n=7 nu_recv=0.88889 fa_class=0.0625
RFALINE c7-CTL rep=5 site=cli [RFA] gen=0 fires=18 false=18 false_frac=1.0000 fill_coded=0 fill_src=0 dup_src=18 preempt_src=0 src_n=19 rep_n=17 nu_recv=0.94737 fa_class=0.0625
RFALINE c7-CTL rep=5 site=cli [RFA] gen=0 fires=28 false=28 false_frac=1.0000 fill_coded=0 fill_src=0 dup_src=28 preempt_src=0 src_n=29 rep_n=27 nu_recv=0.96552 fa_class=0.0625
RFALINE c7-CTL rep=5 site=cli [RFA] gen=0 fires=38 false=38 false_frac=1.0000 fill_coded=0 fill_src=0 dup_src=38 preempt_src=0 src_n=39 rep_n=37 nu_recv=0.97436 fa_class=0.0625
RFALINE c7-CTL rep=5 site=cli [RFA] gen=0 fires=48 false=48 false_frac=1.0000 fill_coded=0 fill_src=0 dup_src=48 preempt_src=0 src_n=49 rep_n=47 nu_recv=0.97959 fa_class=0.0625
RFALINE c7-CTL rep=5 site=cli [RFA] gen=0 fires=58 false=58 false_frac=1.0000 fill_coded=0 fill_src=0 dup_src=58 preempt_src=0 src_n=59 rep_n=57 nu_recv=0.98305 fa_class=0.0625
RFALINE c7-CTL rep=5 site=cli [RFA] gen=0 fires=68 false=68 false_frac=1.0000 fill_coded=0 fill_src=0 dup_src=68 preempt_src=0 src_n=69 rep_n=67 nu_recv=0.98551 fa_class=0.0625
RFALINE c7-CTL rep=5 site=cli [RFA] gen=0 fires=78 false=78 false_frac=1.0000 fill_coded=0 fill_src=0 dup_src=78 preempt_src=0 src_n=79 rep_n=77 nu_recv=0.98734 fa_class=0.0625
RFALINE c7-CTL rep=5 site=cli [RFA] gen=0 fires=88 false=88 false_frac=1.0000 fill_coded=0 fill_src=0 dup_src=88 preempt_src=0 src_n=89 rep_n=87 nu_recv=0.98876 fa_class=0.0625
RFALINE c7-CTL rep=5 site=cli [RFA] gen=0 fires=98 false=98 false_frac=1.0000 fill_coded=0 fill_src=0 dup_src=98 preempt_src=0 src_n=99 rep_n=97 nu_recv=0.98990 fa_class=0.0625
RFALINE c7-CTL rep=5 site=cli [RFA] gen=0 fires=98 false=98 false_frac=1.0000 fill_coded=0 fill_src=0 dup_src=98 preempt_src=0 src_n=100 rep_n=98 nu_recv=0.98000 fa_class=0.0625
RFALINE c7-CTL rep=5 site=srv [RFA] gen=0 fires=7395 false=278 false_frac=0.0376 fill_coded=65 fill_src=7052 dup_src=216 preempt_src=62 src_n=13636 rep_n=154 nu_recv=0.54231 fa_class=0.0625
RFALINE c7-CTL rep=5 site=srv [RFA] gen=0 fires=17202 false=409 false_frac=0.0238 fill_coded=147 fill_src=16646 dup_src=268 preempt_src=141 src_n=32190 rep_n=271 nu_recv=0.53439 fa_class=0.0625
RFALINE c7-CTL rep=5 site=srv [RFA] gen=0 fires=26993 false=591 false_frac=0.0219 fill_coded=249 fill_src=26153 dup_src=350 preempt_src=241 src_n=49678 rep_n=429 nu_recv=0.54336 fa_class=0.0625
RFALINE c7-CTL rep=5 site=srv [RFA] gen=0 fires=36933 false=720 false_frac=0.0195 fill_coded=364 fill_src=35849 dup_src=372 preempt_src=348 src_n=67661 rep_n=593 nu_recv=0.54585 fa_class=0.0625
RFALINE c7-CTL rep=5 site=srv [RFA] gen=0 fires=46175 false=1091 false_frac=0.0236 fill_coded=564 fill_src=44520 dup_src=558 preempt_src=533 src_n=83640 rep_n=895 nu_recv=0.55207 fa_class=0.0625
RFALINE c7-CTL rep=5 site=srv [RFA] gen=0 fires=56044 false=1282 false_frac=0.0229 fill_coded=686 fill_src=54076 dup_src=628 preempt_src=654 src_n=100295 rep_n=1108 nu_recv=0.55879 fa_class=0.0625
RFALINE c7-CTL rep=5 site=srv [RFA] gen=0 fires=65979 false=1443 false_frac=0.0219 fill_coded=771 fill_src=63765 dup_src=707 preempt_src=736 src_n=117259 rep_n=1277 nu_recv=0.56268 fa_class=0.0625
RFALINE c7-CTL rep=5 site=srv [RFA] gen=0 fires=75642 false=1604 false_frac=0.0212 fill_coded=902 fill_src=73136 dup_src=738 preempt_src=866 src_n=133434 rep_n=1449 nu_recv=0.56689 fa_class=0.0625
RFALINE c7-CTL rep=5 site=srv [RFA] gen=0 fires=85847 false=1917 false_frac=0.0223 fill_coded=1090 fill_src=82840 dup_src=871 preempt_src=1046 src_n=151295 rep_n=1673 nu_recv=0.56741 fa_class=0.0625
RFALINE c7-CTL rep=5 site=srv [RFA] gen=0 fires=95463 false=2091 false_frac=0.0219 fill_coded=1193 fill_src=92179 dup_src=943 preempt_src=1148 src_n=168328 rep_n=1821 nu_recv=0.56712 fa_class=0.0625
FCAUSELINE c7-CTL rep=5 site=cli [FCAUSE] gen=0 n=5230 timer=0 gap_data=5230 gap_refresh=0 other=0 timer_frac=0.0000 gap_frac=1.0000 fired=5230 unattr=0 fa_class=0.0625
SUCCLINE c7-CTL rep=5 site=cli [SUCC] gen=0 det=0 res=0 orig_n=0 orig_p50_us=- orig_p90_us=- orig_p99_us=- orig_mx_us=- orig_mean_us=- rep_n=0 rep_p50_us=- rep_p90_us=- rep_p99_us=- rep_mx_us=- rep_mean_us=- aban_n=0 aban_p50_us=- aban_p90_us=- aban_p99_us=- aban_mx_us=- aban_mean_us=- open=0 over=0 orig_frac=- cross_us=- dump=0/0
SUCCLINE c7-CTL rep=5 site=cli [SUCC] gen=0 det=0 res=0 orig_n=0 orig_p50_us=- orig_p90_us=- orig_p99_us=- orig_mx_us=- orig_mean_us=- rep_n=0 rep_p50_us=- rep_p90_us=- rep_p99_us=- rep_mx_us=- rep_mean_us=- aban_n=0 aban_p50_us=- aban_p90_us=- aban_p99_us=- aban_mx_us=- aban_mean_us=- open=0 over=0 orig_frac=- cross_us=- dump=0/0
SUCCLINE c7-CTL rep=5 site=cli [SUCC] gen=0 det=0 res=0 orig_n=0 orig_p50_us=- orig_p90_us=- orig_p99_us=- orig_mx_us=- orig_mean_us=- rep_n=0 rep_p50_us=- rep_p90_us=- rep_p99_us=- rep_mx_us=- rep_mean_us=- aban_n=0 aban_p50_us=- aban_p90_us=- aban_p99_us=- aban_mx_us=- aban_mean_us=- open=0 over=0 orig_frac=- cross_us=- dump=0/0
SUCCLINE c7-CTL rep=5 site=cli [SUCC] gen=0 det=0 res=0 orig_n=0 orig_p50_us=- orig_p90_us=- orig_p99_us=- orig_mx_us=- orig_mean_us=- rep_n=0 rep_p50_us=- rep_p90_us=- rep_p99_us=- rep_mx_us=- rep_mean_us=- aban_n=0 aban_p50_us=- aban_p90_us=- aban_p99_us=- aban_mx_us=- aban_mean_us=- open=0 over=0 orig_frac=- cross_us=- dump=0/0
SUCCLINE c7-CTL rep=5 site=cli [SUCC] gen=0 det=0 res=0 orig_n=0 orig_p50_us=- orig_p90_us=- orig_p99_us=- orig_mx_us=- orig_mean_us=- rep_n=0 rep_p50_us=- rep_p90_us=- rep_p99_us=- rep_mx_us=- rep_mean_us=- aban_n=0 aban_p50_us=- aban_p90_us=- aban_p99_us=- aban_mx_us=- aban_mean_us=- open=0 over=0 orig_frac=- cross_us=- dump=0/0
SUCCLINE c7-CTL rep=5 site=cli [SUCC] gen=0 det=0 res=0 orig_n=0 orig_p50_us=- orig_p90_us=- orig_p99_us=- orig_mx_us=- orig_mean_us=- rep_n=0 rep_p50_us=- rep_p90_us=- rep_p99_us=- rep_mx_us=- rep_mean_us=- aban_n=0 aban_p50_us=- aban_p90_us=- aban_p99_us=- aban_mx_us=- aban_mean_us=- open=0 over=0 orig_frac=- cross_us=- dump=0/0
SUCCLINE c7-CTL rep=5 site=cli [SUCC] gen=0 det=0 res=0 orig_n=0 orig_p50_us=- orig_p90_us=- orig_p99_us=- orig_mx_us=- orig_mean_us=- rep_n=0 rep_p50_us=- rep_p90_us=- rep_p99_us=- rep_mx_us=- rep_mean_us=- aban_n=0 aban_p50_us=- aban_p90_us=- aban_p99_us=- aban_mx_us=- aban_mean_us=- open=0 over=0 orig_frac=- cross_us=- dump=0/0
SUCCLINE c7-CTL rep=5 site=cli [SUCC] gen=0 det=0 res=0 orig_n=0 orig_p50_us=- orig_p90_us=- orig_p99_us=- orig_mx_us=- orig_mean_us=- rep_n=0 rep_p50_us=- rep_p90_us=- rep_p99_us=- rep_mx_us=- rep_mean_us=- aban_n=0 aban_p50_us=- aban_p90_us=- aban_p99_us=- aban_mx_us=- aban_mean_us=- open=0 over=0 orig_frac=- cross_us=- dump=0/0
SUCCLINE c7-CTL rep=5 site=cli [SUCC] gen=0 det=0 res=0 orig_n=0 orig_p50_us=- orig_p90_us=- orig_p99_us=- orig_mx_us=- orig_mean_us=- rep_n=0 rep_p50_us=- rep_p90_us=- rep_p99_us=- rep_mx_us=- rep_mean_us=- aban_n=0 aban_p50_us=- aban_p90_us=- aban_p99_us=- aban_mx_us=- aban_mean_us=- open=0 over=0 orig_frac=- cross_us=- dump=0/0
SUCCLINE c7-CTL rep=5 site=cli [SUCC] gen=0 det=0 res=0 orig_n=0 orig_p50_us=- orig_p90_us=- orig_p99_us=- orig_mx_us=- orig_mean_us=- rep_n=0 rep_p50_us=- rep_p90_us=- rep_p99_us=- rep_mx_us=- rep_mean_us=- aban_n=0 aban_p50_us=- aban_p90_us=- aban_p99_us=- aban_mx_us=- aban_mean_us=- open=0 over=0 orig_frac=- cross_us=- dump=0/0
SUCCLINE c7-CTL rep=5 site=srv [SUCC] gen=0 det=7385 res=7117 orig_n=7052 orig_p50_us=20480 orig_p90_us=49152 orig_p99_us=147456 orig_mx_us=196963 orig_mean_us=27231 rep_n=65 rep_p50_us=53248 rep_p90_us=180224 rep_p99_us=196608 rep_mx_us=197343 rep_mean_us=70934 aban_n=0 aban_p50_us=- aban_p90_us=- aban_p99_us=- aban_mx_us=- aban_mean_us=- open=268 over=0 orig_frac=0.9909 cross_us=- dump=0/0
SUCCLINE c7-CTL rep=5 site=srv [SUCC] gen=0 det=17135 res=16793 orig_n=16646 orig_p50_us=22528 orig_p90_us=57344 orig_p99_us=114688 orig_mx_us=196963 orig_mean_us=28060 rep_n=147 rep_p50_us=36864 rep_p90_us=131072 rep_p99_us=196608 rep_mx_us=197343 rep_mean_us=62662 aban_n=0 aban_p50_us=- aban_p90_us=- aban_p99_us=- aban_mx_us=- aban_mean_us=- open=342 over=0 orig_frac=0.9912 cross_us=- dump=0/0
SUCCLINE c7-CTL rep=5 site=srv [SUCC] gen=0 det=26784 res=26402 orig_n=26153 orig_p50_us=22528 orig_p90_us=53248 orig_p99_us=106496 orig_mx_us=196963 orig_mean_us=27969 rep_n=249 rep_p50_us=32768 rep_p90_us=114688 rep_p99_us=196608 rep_mx_us=197343 rep_mean_us=57454 aban_n=0 aban_p50_us=- aban_p90_us=- aban_p99_us=- aban_mx_us=- aban_mean_us=- open=382 over=0 orig_frac=0.9906 cross_us=- dump=0/0
SUCCLINE c7-CTL rep=5 site=srv [SUCC] gen=0 det=36282 res=36213 orig_n=35849 orig_p50_us=24576 orig_p90_us=57344 orig_p99_us=106496 orig_mx_us=196963 orig_mean_us=29138 rep_n=364 rep_p50_us=36864 rep_p90_us=114688 rep_p99_us=180224 rep_mx_us=197343 rep_mean_us=57763 aban_n=0 aban_p50_us=- aban_p90_us=- aban_p99_us=- aban_mx_us=- aban_mean_us=- open=69 over=0 orig_frac=0.9899 cross_us=- dump=0/0
SUCCLINE c7-CTL rep=5 site=srv [SUCC] gen=0 det=45193 res=45083 orig_n=44520 orig_p50_us=24576 orig_p90_us=57344 orig_p99_us=106496 orig_mx_us=196963 orig_mean_us=29402 rep_n=563 rep_p50_us=53248 rep_p90_us=114688 rep_p99_us=180224 rep_mx_us=197343 rep_mean_us=59002 aban_n=0 aban_p50_us=- aban_p90_us=- aban_p99_us=- aban_mx_us=- aban_mean_us=- open=110 over=0 orig_frac=0.9875 cross_us=- dump=0/0
SUCCLINE c7-CTL rep=5 site=srv [SUCC] gen=0 det=54762 res=54761 orig_n=54076 orig_p50_us=22528 orig_p90_us=57344 orig_p99_us=106496 orig_mx_us=196963 orig_mean_us=28806 rep_n=685 rep_p50_us=45056 rep_p90_us=114688 rep_p99_us=180224 rep_mx_us=197343 rep_mean_us=57030 aban_n=0 aban_p50_us=- aban_p90_us=- aban_p99_us=- aban_mx_us=- aban_mean_us=- open=1 over=0 orig_frac=0.9875 cross_us=- dump=0/0
SUCCLINE c7-CTL rep=5 site=srv [SUCC] gen=0 det=64956 res=64535 orig_n=63765 orig_p50_us=20480 orig_p90_us=57344 orig_p99_us=106496 orig_mx_us=196963 orig_mean_us=27523 rep_n=770 rep_p50_us=40960 rep_p90_us=106496 rep_p99_us=180224 rep_mx_us=197343 rep_mean_us=55036 aban_n=0 aban_p50_us=- aban_p90_us=- aban_p99_us=- aban_mx_us=- aban_mean_us=- open=421 over=0 orig_frac=0.9881 cross_us=- dump=0/0
SUCCLINE c7-CTL rep=5 site=srv [SUCC] gen=0 det=74391 res=74037 orig_n=73136 orig_p50_us=22528 orig_p90_us=57344 orig_p99_us=106496 orig_mx_us=196963 orig_mean_us=28397 rep_n=901 rep_p50_us=45056 rep_p90_us=114688 rep_p99_us=163840 rep_mx_us=197343 rep_mean_us=56033 aban_n=0 aban_p50_us=- aban_p90_us=- aban_p99_us=- aban_mx_us=- aban_mean_us=- open=354 over=0 orig_frac=0.9878 cross_us=- dump=0/0
SUCCLINE c7-CTL rep=5 site=srv [SUCC] gen=0 det=84044 res=83929 orig_n=82840 orig_p50_us=22528 orig_p90_us=57344 orig_p99_us=106496 orig_mx_us=196963 orig_mean_us=28522 rep_n=1089 rep_p50_us=45056 rep_p90_us=114688 rep_p99_us=163840 rep_mx_us=197343 rep_mean_us=55968 aban_n=0 aban_p50_us=- aban_p90_us=- aban_p99_us=- aban_mx_us=- aban_mean_us=- open=115 over=0 orig_frac=0.9870 cross_us=- dump=0/0
SUCCLINE c7-CTL rep=5 site=srv [SUCC] gen=0 det=93803 res=93372 orig_n=92180 orig_p50_us=22528 orig_p90_us=57344 orig_p99_us=106496 orig_mx_us=196963 orig_mean_us=28351 rep_n=1192 rep_p50_us=45056 rep_p90_us=106496 rep_p99_us=163840 rep_mx_us=197343 rep_mean_us=55031 aban_n=0 aban_p50_us=- aban_p90_us=- aban_p99_us=- aban_mx_us=- aban_mean_us=- open=431 over=0 orig_frac=0.9872 cross_us=- dump=0/0
HOLDLINE c7-CTL rep=5 site=cli [HOLD] site=sender path=0 gen=0 q=unset n_req=- n_obs=1000 samp_n=1000 fed=35160 t_us=- obs_p50_us=5045 obs_p90_us=12669 obs_p99_us=43196 evals=2376 law_n=0 sup=0 emit=2376 hd_p50_us=- hd_p90_us=- hd_p99_us=- hd_mx_us=- hd_n=0 fa_class=0.0625
HOLDLINE c7-CTL rep=5 site=cli [HOLD] site=sender path=1 gen=0 q=unset n_req=- n_obs=1000 samp_n=1000 fed=44857 t_us=- obs_p50_us=57467 obs_p90_us=102023 obs_p99_us=108527 evals=2854 law_n=0 sup=0 emit=2854 hd_p50_us=- hd_p90_us=- hd_p99_us=- hd_mx_us=- hd_n=0 fa_class=0.0625
WALLLINE c7-CTL rep=5 site=cli [WALL] onset=0.9886 dur_ms=116.1 retx=3 total_ms=10172.4 it_ms=0.060
VAWITNESS {"cell":"c7","arm":"CTL","alpha":"unset","seed":42,"rep":5,"rc":0,"mean_mbps":157.428,"band":[140,180],"band_applies":1,"in_band":1,"lossy":1,"alpha_expect":"unset","alpha_got_cli":"unset","alpha_got_srv":"unset","form_expect":"cantelli","form_got_cli":"cantelli","form_got_srv":"cantelli","winn_expect":"unavail","winn_got_cli":"unavail","winn_got_srv":"unavail","qclk_law_n":169947,"qclk_evals":169947,"qclk_win_ok":0,"qclk_win_n":"unavail","w_us_p50":100000,"w_us_p05":51760,"w_us_p95":100000,"shipped_clock_us":100000,"fcause_n":5230,"fcause_timer":0,"fcause_gap_data":5230,"fcause_gap_refresh":0,"fcause_other":0,"fcause_unattr":0,"succ_det":93803,"succ_res":93372,"succ_orig_frac":"0.9872","rfa_fires":95463,"rfa_false":2091,"rfa_false_frac":"0.0219","rfa_fill_coded":1193,"rack_fa":"867/5230","rack_fa_frac":"0.1658","fails":""}
=== rep=5 arm=c7-Q400 alpha=0.4 form=quantile win_n=25 seed=42 env="RWM_QUANTILE_CLOCKS=1 RWM_ALPHA_OVERRIDE=0.4 RWM_W_FORM=quantile RWM_DELTA_CAP=1 RWM_SUM_CAP=1 RWM_RACK_CLOCKS=0 RWM_DERIVED_SWEEP=0 RWM_COMPOSED_CAP=0 RWM_THREE_TERM=0 RWM_STORE_CAP_UNIFIED=0 RWM_LATE_BRAKE=0 RWM_CHARGE_RECOVERY=0 RWM_RELEASE_1TO1=0 RWM_LOSS_SENT_TRUTH=0 RWM_RTT_DUMP=0 RWM_SUCC_DUMP=0" cell=c2/c2/dual bytes=200000000 18:36:25
[2m2026-08-21T18:36:27.009045Z[0m [32m INFO[0m [2mraptorpath::gates[0m[2m:[0m [GATES] RWM_UNIFIED=1 RWM_UNIFIED_SHED=1 RWM_TAPER_R=1 RWM_ASTAR_ANCHOR=1 RWM_MSTAR_ANCHOR=1 RWM_PLAIN_RS=0 RWM_HONEST_ANCHOR=1 RWM_HONEST_K=0 RWM_STORE_SACK_RELEASE=1 RWM_STORE_PATHS=1 RWM_STORE_PATH_POOL=2048 RWM_STORE=unset RWM_STORE_GAIN=2 RWM_STORE_BOOT=128 RWM_STORE_CAPW=0 RWM_STORE_CAP_UNIFIED=0 RWM_THREE_TERM=0 RWM_COMPOSED_CAP=0 RWM_SUM_CAP=1 RWM_LATE_BRAKE=0 RWM_DELTA_CAP=1 RWM_STORE_PERCAP=0 RWM_PERCAP_GUARD=1 RWM_STORE_BORROW=0 RWM_HONEST_CAP=1 RWM_POOL_ANCHOR=0 RWM_POOL_DELIV=0 RWM_FLOOR_BOUND=0 RWM_ACK_MERGE=1 RWM_LOSS_SENT_TRUTH=0 RWM_RELEASE_1TO1=0 RWM_CHARGE_RECOVERY=0 RWM_PATIENCE_DERIVED=0 RWM_SIDLE_DERIVED=0 RWM_WIN_DECOUPLE=0 RWM_PLACE_SLACK=0 RWM_COLD_PLACE=0 RWM_GEN=384 RWM_PIPELINE=2 RWM_GEN_PIPE=1 RWM_GEN_R=unset RWM_GEN_RATE=9000 RWM_GEN_RATE_FLOOR=2000 RWM_GEN_INFLIGHT=unset RWM_OOO_RETAIN=0/16 RWM_WINDOW=unset RWM_REPORT_GENS=unset RWM_REPAIR_WAIT=unset RWM_CODED_SRC=0 RWM_NO_REACTIVE=0 RWM_XPATH_REPAIR=0 RWM_PROACTIVE_PACER=0 RWM_REASM_BDP=0 RWM_MIN_R=0 RWM_CC_PACE=0 RWM_CC_PACE_HR=1.1 RWM_REACT_CAP=unset RWM_INFL_CAP=0 RWM_INFL_BDP=unset RWM_COPA_FEED=0 RWM_RS_ATTR=1 RWM_EMIT_BATCH=0 RWM_EMIT_BURST=64 RWM_RECOV_MP=1 RWM_RECOV_MP_LAW=1 RWM_RECOV_MP_LIVE=0 RWM_RECOV_SP=0 RWM_DERIVED_SWEEP=0 RWM_RACK_CLOCKS=0 RWM_RACK_REO_MULT=1 RWM_QUANTILE_CLOCKS=1 RWM_ALPHA_OVERRIDE=0.4 RWM_W_FORM=quantile RWM_HOLDDOWN_Q=unset RWM_REFRESH_FLOOR_US=unset RWM_DIAG=1 RWM_ACKDIAG=1 RWM_ACKDIAG_WINDOW_US=2000000 RWM_RTT_DUMP=0 RWM_RTT_DUMP_MAX=400000 RWM_SUCC_DUMP=0 RWM_SUCC_DUMP_MAX=200000 RWM_WALLDIAG=1 RWM_CPUPROF=0 RWM_RDIAG=0 RWM_FDIAG=1 RWM_TRACE=0 RWM_PFRAC=0
{"bytes":200000000,"dnf":0,"hint":"bulk","max_s":12.0308,"mean_mbps":132.992,"mean_s":12.0308,"median_s":12.0308,"min_s":12.0308,"proto":"rp-native","runs":1,"stdev_s":0.0,"summary":true}
    LATPROBE-LEG leg=0 file=/tmp/rwm-ping-0.txt sent=242 recv=235 censor=2.89% p50=23.5[censor=2.89% ok] p95=74.2[censor=2.89% ok] p99=87.9[censor=2.89% UNSCOREABLE(inside censored tail)]
    LATPROBE-LEG leg=1 file=/tmp/rwm-ping-1.txt sent=241 recv=236 censor=2.07% p50=21.6[censor=2.07% ok] p95=65.7[censor=2.07% ok] p99=86.0[censor=2.07% UNSCOREABLE(inside censored tail)]
    LATPROBE: 2 leg(s) /tmp/rwm-ping-0.txt=235 /tmp/rwm-ping-1.txt=236 replies
    CPU: CPUSRV=14.66s CPUCLI=16.79s (srv=decoder cli=sender; whole-invocation incl warmup)
    QDISC cli0: qdisc netem bd8d: root refcnt 7 limit 1000 delay 5ms  3ms loss gemodel p 1.3% r 50% 1-h 100% 1-k 0% rate 100Mbit seed 42  Sent 111930106 bytes 90364 pkt (dropped 496, overlimits 0 requeues 0)   backlog 0b 0p requeues 0 
    QDISC cli1: qdisc netem bd8e: root refcnt 7 limit 1000 delay 5ms  3ms loss gemodel p 1.3% r 50% 1-h 100% 1-k 0% rate 100Mbit seed 1042  Sent 111358628 bytes 89599 pkt (dropped 438, overlimits 0 requeues 0)   backlog 0b 0p requeues 0 
    QDISC srv0: qdisc netem bd8f: root refcnt 7 limit 1000 delay 5ms  3ms rate 100Mbit seed 8655060853882797573  Sent 13094688 bytes 47405 pkt (dropped 0, overlimits 0 requeues 0)   backlog 0b 0p requeues 0 
    QDISC srv1: qdisc netem bd90: root refcnt 7 limit 1000 delay 5ms  3ms rate 100Mbit seed 8091126833365280146  Sent 12996637 bytes 46929 pkt (dropped 0, overlimits 0 requeues 0)   backlog 0b 0p requeues 0 
    QCAP: /tmp/rwm-q.txt 18 lines
RUNTIME c7-Q400 rep=5 14s rc=0
ALPHARESULT {"cell": "c7", "arm": "Q400", "alpha_cmd": 0.4, "seed": 42, "rep": 5, "n_paths": 2, "dnf": false, "dnf_count": 0, "mbps": 132.992, "mean_mbps": 132.992, "seconds": 12.0308, "n_runs": 1, "cpusrv": 14.66, "cpucli": 16.79, "khr_med": 1.0, "kraw_med": null, "khr_n": 86, "kraw_n": 0, "rtp_med": 9, "occ_p50": 612, "occcap_p50": 1668, "q_p50": 29, "q_p99": 90, "diag_lines": 48, "retx": 5092, "w1_rfa_gen": "0", "w2_pfrac_lines": 0, "w4_retx_max": 5092, "w5_rack_fa": "641/5100", "gates_cli_quantile_clocks": 1, "gates_srv_quantile_clocks": 1, "gates_cli_rack_clocks": 0, "gates_srv_rack_clocks": 0, "gates_cli_derived_sweep": 0, "gates_srv_derived_sweep": 0, "gates_cli_delta_cap": 1, "gates_srv_delta_cap": 1, "gates_cli_sum_cap": 1, "gates_srv_sum_cap": 1, "gates_cli_composed_cap": 0, "gates_srv_composed_cap": 0, "gates_cli_three_term": 0, "gates_srv_three_term": 0, "gates_cli_loss_sent_truth": 0, "gates_srv_loss_sent_truth": 0, "gates_cli_gen": null, "gates_srv_gen": null, "gates_cli_diag": 1, "gates_srv_diag": 1, "gates_cli_ackdiag": 1, "gates_srv_ackdiag": 1, "gates_cli_walldiag": 1, "gates_srv_walldiag": 1, "gates_cli_fdiag": 1, "gates_srv_fdiag": 1, "gates_cli_recov_mp": 1, "gates_srv_recov_mp": 1, "gates_cli_cc_pace": 0, "gates_srv_cc_pace": 0, "gates_cli_rack_reo_mult": 1, "gates_srv_rack_reo_mult": 1, "gates_lines_cli": 1, "gates_lines_srv": 1, "gate_quantile_cli": "1", "gate_quantile_srv": "1", "gate_alpha_cli": "0.4", "gate_alpha_srv": "0.4", "gate_gen_cli": 384, "gate_gen_srv": 384, "gate_wform_cli": "quantile", "gate_wform_srv": "quantile", "qalpha_lines_cli": 1, "qalpha_site_cli": "sender", "qalpha_quantile_cli": 1, "qalpha_contract_cli": 0.001, "qalpha_override_cli": 0.4, "qalpha_cli": 0.4, "qalpha_k_cli": 1.2247, "qalpha_form_cli": "quantile", "qalpha_winn_cli": "25", "qalpha_lines_srv": 1, "qalpha_site_srv": "receiver", "qalpha_quantile_srv": 1, "qalpha_contract_srv": 1e-05, "qalpha_override_srv": 0.4, "qalpha_srv": 0.4, "qalpha_k_srv": 1.2247, "qalpha_form_srv": "quantile", "qalpha_winn_srv": "25", "qclk_cli_lines": 1, "qclk_cli_site": "sender", "qclk_cli_alpha": 0.4, "qclk_cli_k": 1.2247, "qclk_cli_w_us_mean": 54769.5, "qclk_cli_srtt_us_mean": 50332.1, "qclk_cli_on": 1, "qclk_cli_evals": 169957, "qclk_cli_kept": 2652, "qclk_cli_w_us_p05": 23630, "qclk_cli_w_us_p50": 50590, "qclk_cli_w_us_p95": 95937, "qclk_cli_w_us_min": 14077, "qclk_cli_w_us_max": 134856, "qclk_cli_law_n": 169716, "qclk_cli_sigma_us_mean": 5855.5, "qclk_cli_sigma_n": 169727, "qclk_form_cli": "quantile", "qclk_winn_cli": "25", "qclk_win_ok_cli": 169716, "qclk_srv_lines": 12, "qclk_srv_site": "receiver", "qclk_srv_alpha": 0.4, "qclk_srv_k": 1.2247, "qclk_srv_w_us_mean": 65979.1, "qclk_srv_srtt_us_mean": 67521.2, "qclk_srv_on": 1, "qclk_srv_evals": 166574, "qclk_srv_kept": 2194, "qclk_srv_w_us_p05": 38170, "qclk_srv_w_us_p50": 71364, "qclk_srv_w_us_p95": 80223, "qclk_srv_w_us_min": 29802, "qclk_srv_w_us_max": 80223, "qclk_srv_law_n": 140404, "qclk_srv_sigma_us_mean": 22451.4, "qclk_srv_sigma_n": 164855, "qclk_form_srv": "quantile", "qclk_winn_srv": "25", "qclk_win_ok_srv": 140404, "rack_lines_cli": 2, "rack_on_cli": 0, "rack_evals_cli": 0, "rack_ceil_cli": 0.0, "rack_gran_cli": 0.0, "rack_legacy_pin_cli": 0.0, "rack_round_cli": 0.0, "rack_legacy_cli": 0.0, "rack_mult_cli": 1, "rack_fa_n_cli": 641, "rack_fa_d_cli": 5100, "rack_fa_frac_cli": 0.1257, "rack_fa_class_cli": 0.0625, "rack_lines_srv": 0, "rack_on_srv": null, "rack_evals_srv": null, "rack_ceil_srv": null, "rack_gran_srv": null, "rack_legacy_pin_srv": null, "rack_round_srv": null, "rack_legacy_srv": null, "rack_mult_srv": null, "rack_fa_n_srv": null, "rack_fa_d_srv": null, "rack_fa_frac_srv": null, "rack_fa_class_srv": null, "rack_fired": 5100, "rack_spurious": 641, "rack_fa_frac": 0.1257, "rack_fa_class": 0.0625, "rack_round_us": 0.0, "rack_legacy_us": 0.0, "rack_evals": 0, "rack_legacy_pin": 0.0, "rfa_lines": 12, "rfa_gen": 0, "rfa_fires": 101849, "rfa_false": 2105, "rfa_fill_coded": 1211, "rfa_fill_src": 98533, "rfa_dup_src": 963, "rfa_preempt_src": 1142, "rfa_src_n": 169968, "rfa_rep_n": 2043, "rfa_false_frac": 0.0207, "rfa_nu_recv": 0.59922, "rfa_fa_class": 0.0625, "rfa_bracket_lo": 0.0207, "rfa_bracket_hi": 0.634801, "sf_ticks": 2263, "sf_E": 0.9777, "sf_short": 0.0429, "sf_zero": 0.0018, "capboot_n": 45, "capboot_frac": 0.0, "ping_n": 235, "ping_p50": 23.5, "ping_p95": 72.8, "ping_p99": 87.9, "ping_tx": 242, "ping_rx": 235, "ping_loss": 2.89, "ping_censor_frac": 0.0289, "legs_probed": 1, "leg0_n": 235, "leg0_sent": 242, "leg0_recv": 235, "leg0_sent_source": "summary", "leg0_censor_frac": 0.0289, "leg0_censor_pct": 2.89, "leg0_recv_mismatch": false, "leg0_leg_unscoreable": false, "leg0_min": 4.72, "leg0_max": 93.2, "leg0_p50": 23.5, "leg0_p50_censored": false, "leg0_p50_scoreable": true, "leg0_p95": 74.2, "leg0_p95_censored": false, "leg0_p95_scoreable": true, "leg0_p99": 87.9, "leg0_p99_censored": true, "leg0_p99_scoreable": false, "legs_censor_max": 0.0289, "wait_tun": 97, "wait_paused": 0, "wait_pace": 0, "wait_gen": 0, "wait_nack": 3, "wait_defc": 0, "wait_tail": 0, "wait_flush": 0, "wait_lines": 45, "deadwall": false, "sig_us_p50": 901.0, "sig_us_n": 86134, "sig_us_path": 0, "sig_paths": 2, "pl_n": 86, "pl_max": 0.0669, "pl_min": 0.0015, "pl_p0": 0.0669, "pl_p1": 0.0015, "dgq_hand": 176690, "dgq_full": 0, "dgq_err": 0, "dgq_gap": 11, "tc_bytes": 223288734, "tc_pkts": 179963, "tc_drop": 934, "tc_s": 14, "hold_lines": 3, "hold_samp_n": 2000, "hold_fed": 86439, "hold_evals": 5093, "hold_law_n": 0, "hold_sup": 0, "hold_emit": 5093, "hold_hd_n": 0, "hold_q": "unset", "hold_n_req": "-", "hold_n_obs": 1000, "hold_gen": 0, "hold_sup_frac": 0.0, "hold_law_frac": 0.0, "hold_obs_p50_us": 8077, "hold_obs_p90_us": 41012, "hold_obs_p99_us": 59493, "hold_t_us_p0": null, "hold_t_us_p1": null, "hold_samp_n_p0": 1000, "hold_samp_n_p1": 1000, "hold_hd_p50_us": null, "hold_hd_p90_us": null, "hold_hd_p99_us": null, "hold_hd_mx_us": null, "hold_unattr_evals": 7, "hold_paths_n": 2, "hold_accounting_ok": 1, "hold_obs_p50_us_p0": 8077, "hold_obs_p90_us_p0": 41012, "hold_obs_p99_us_p0": 59493, "hold_obs_p50_us_p1": 6820, "hold_obs_p90_us_p1": 27873, "hold_obs_p99_us_p1": 42277, "hold_rpd": 0.051086, "fcause_lines": 1, "fcause_gen": 0, "fcause_n": 5100, "fcause_timer": 16, "fcause_gap_data": 5084, "fcause_gap_refresh": 0, "fcause_other": 0, "fcause_fired": 5100, "fcause_unattr": 0, "fcause_timer_frac": 0.0031, "fcause_gap_frac": 0.9969, "succ_lines": 12, "succ_gen": 0, "succ_det": 99831, "succ_res": 99728, "succ_orig_n": 98539, "succ_rep_n": 1189, "succ_aban_n": 11, "succ_open": 92, "succ_over": 0, "succ_orig_p50_us": 22528, "succ_orig_p90_us": 61440, "succ_orig_p99_us": 98304, "succ_orig_mx_us": 302849, "succ_orig_frac": 0.9881, "succ_identity_ok": 1}
LIVENESS c7-Q400 rep=5 RWM_QUANTILE_CLOCKS=RWM_QUANTILE_CLOCKS=1/RWM_QUANTILE_CLOCKS=1(exp1) RWM_ALPHA_OVERRIDE=RWM_ALPHA_OVERRIDE=0.4/RWM_ALPHA_OVERRIDE=0.4(exp0.4) RWM_W_FORM=RWM_W_FORM=quantile/RWM_W_FORM=quantile(expquantile) RWM_DELTA_CAP=RWM_DELTA_CAP=1/RWM_DELTA_CAP=1(exp1) RWM_SUM_CAP=RWM_SUM_CAP=1/RWM_SUM_CAP=1(exp1) RWM_HOLDDOWN_Q=RWM_HOLDDOWN_Q=unset/RWM_HOLDDOWN_Q=unset(expunset) RWM_REFRESH_FLOOR_US=RWM_REFRESH_FLOOR_US=unset/RWM_REFRESH_FLOOR_US=unset(expunset) RWM_RACK_CLOCKS=RWM_RACK_CLOCKS=0/RWM_RACK_CLOCKS=0(exp0) RWM_DERIVED_SWEEP=RWM_DERIVED_SWEEP=0/RWM_DERIVED_SWEEP=0(exp0) RWM_COMPOSED_CAP=RWM_COMPOSED_CAP=0/RWM_COMPOSED_CAP=0(exp0) RWM_THREE_TERM=RWM_THREE_TERM=0/RWM_THREE_TERM=0(exp0) RWM_STORE_CAP_UNIFIED=RWM_STORE_CAP_UNIFIED=0/RWM_STORE_CAP_UNIFIED=0(exp0) RWM_LATE_BRAKE=RWM_LATE_BRAKE=0/RWM_LATE_BRAKE=0(exp0) RWM_CHARGE_RECOVERY=RWM_CHARGE_RECOVERY=0/RWM_CHARGE_RECOVERY=0(exp0) RWM_RELEASE_1TO1=RWM_RELEASE_1TO1=0/RWM_RELEASE_1TO1=0(exp0) RWM_LOSS_SENT_TRUTH=RWM_LOSS_SENT_TRUTH=0/RWM_LOSS_SENT_TRUTH=0(exp0) RWM_RTT_DUMP=RWM_RTT_DUMP=0/RWM_RTT_DUMP=0(exp0) RWM_SUCC_DUMP=RWM_SUCC_DUMP=0/RWM_SUCC_DUMP=0(exp0) RWM_DIAG=RWM_DIAG=1/RWM_DIAG=1(exp1) RWM_ACKDIAG=RWM_ACKDIAG=1/RWM_ACKDIAG=1(exp1) RWM_WALLDIAG=RWM_WALLDIAG=1/RWM_WALLDIAG=1(exp1) RWM_FDIAG=RWM_FDIAG=1/RWM_FDIAG=1(exp1)
W5QALPHA c7-Q400 rep=5 cli=form:quantile/win_n:25/alpha:4.000000e-1 srv=form:quantile/win_n:25/alpha:4.000000e-1 (exp form=quantile win_n=25)
WCLOCK c7-Q400 rep=5 law_n=169716 evals=169957 win_ok=169716 win_n=25 p50=50590 p05=23630 p95=95937 shipped_clock=100000
W8SUCC c7-Q400 rep=5 det=99831 res=99728 orig_frac=0.9881
QALPHALINE c7-Q400 rep=5 site=cli [QALPHA] site=sender quantile=1 form=quantile win_n=25 contract_alpha=1.000000e-3 override=4.000000e-1 alpha=4.000000e-1 k=1.2247 fa_class=0.0625
QALPHALINE c7-Q400 rep=5 site=cli [QALPHA] site=receiver quantile=1 form=quantile win_n=25 contract_alpha=1.000000e-5 override=4.000000e-1 alpha=4.000000e-1 k=1.2247 fa_class=0.0625
QALPHALINE c7-Q400 rep=5 site=srv [QALPHA] site=sender quantile=1 form=quantile win_n=25 contract_alpha=1.000000e-3 override=4.000000e-1 alpha=4.000000e-1 k=1.2247 fa_class=0.0625
QALPHALINE c7-Q400 rep=5 site=srv [QALPHA] site=receiver quantile=1 form=quantile win_n=25 contract_alpha=1.000000e-5 override=4.000000e-1 alpha=4.000000e-1 k=1.2247 fa_class=0.0625
QCLKLINE c7-Q400 rep=5 site=cli [QCLK] site=sender on=1 form=quantile win_n=25 win_ok=169716 alpha=4.000000e-1 k=1.2247 evals=169957 law_n=169716 kept=2652 w_us_mean=54769.5 w_us_p05=23630 w_us_p50=50590 w_us_p95=95937 w_us_min=14077 w_us_max=134856 srtt_us_mean=50332.1 sigma_us_mean=5855.5/n169727 fa_class=0.0625
QCLKLINE c7-Q400 rep=5 site=srv [QCLK] site=receiver on=1 form=quantile win_n=25 win_ok=0 alpha=4.000000e-1 k=1.2247 evals=15209 law_n=0 kept=0 w_us_mean=0.0 w_us_p05=0 w_us_p50=0 w_us_p95=0 w_us_min=0 w_us_max=0 srtt_us_mean=0.0 sigma_us_mean=14793.0/n13490 fa_class=0.0625
QCLKLINE c7-Q400 rep=5 site=srv [QCLK] site=receiver on=1 form=quantile win_n=25 win_ok=4756 alpha=4.000000e-1 k=1.2247 evals=30926 law_n=4756 kept=2378 w_us_mean=50923.6 w_us_p05=47976 w_us_p50=47976 w_us_p95=58484 w_us_min=43250 w_us_max=58484 srtt_us_mean=51279.8 sigma_us_mean=21127.2/n29207 fa_class=0.0625
QCLKLINE c7-Q400 rep=5 site=srv [QCLK] site=receiver on=1 form=quantile win_n=25 win_ok=19901 alpha=4.000000e-1 k=1.2247 evals=46071 law_n=19901 kept=2487 w_us_mean=55594.5 w_us_p05=47976 w_us_p50=50304 w_us_p95=67068 w_us_min=43250 w_us_max=67068 srtt_us_mean=55330.3 sigma_us_mean=23941.6/n44352 fa_class=0.0625
QCLKLINE c7-Q400 rep=5 site=srv [QCLK] site=receiver on=1 form=quantile win_n=25 win_ok=34546 alpha=4.000000e-1 k=1.2247 evals=60716 law_n=34546 kept=2159 w_us_mean=59863.1 w_us_p05=47976 w_us_p50=64450 w_us_p95=67068 w_us_min=43250 w_us_max=72714 srtt_us_mean=55674.3 sigma_us_mean=25019.0/n58997 fa_class=0.0625
QCLKLINE c7-Q400 rep=5 site=srv [QCLK] site=receiver on=1 form=quantile win_n=25 win_ok=46889 alpha=4.000000e-1 k=1.2247 evals=73059 law_n=46889 kept=2931 w_us_mean=55265.6 w_us_p05=29802 w_us_p50=55920 w_us_p95=67068 w_us_min=29802 w_us_max=72714 srtt_us_mean=54819.2 sigma_us_mean=25409.6/n71340 fa_class=0.0625
QCLKLINE c7-Q400 rep=5 site=srv [QCLK] site=receiver on=1 form=quantile win_n=25 win_ok=60125 alpha=4.000000e-1 k=1.2247 evals=86295 law_n=60125 kept=3758 w_us_mean=52556.0 w_us_p05=29802 w_us_p50=50304 w_us_p95=67068 w_us_min=29802 w_us_max=72714 srtt_us_mean=57534.4 sigma_us_mean=25823.7/n84576 fa_class=0.0625
QCLKLINE c7-Q400 rep=5 site=srv [QCLK] site=receiver on=1 form=quantile win_n=25 win_ok=74408 alpha=4.000000e-1 k=1.2247 evals=100578 law_n=74408 kept=2326 w_us_mean=55450.2 w_us_p05=29802 w_us_p50=56727 w_us_p95=71364 w_us_min=29802 w_us_max=74843 srtt_us_mean=59594.4 sigma_us_mean=25454.3/n98859 fa_class=0.0625
QCLKLINE c7-Q400 rep=5 site=srv [QCLK] site=receiver on=1 form=quantile win_n=25 win_ok=88099 alpha=4.000000e-1 k=1.2247 evals=114269 law_n=88099 kept=2753 w_us_mean=58626.8 w_us_p05=29802 w_us_p50=64322 w_us_p95=76363 w_us_min=29802 w_us_max=76363 srtt_us_mean=61966.0 sigma_us_mean=24528.4/n112550 fa_class=0.0625
QCLKLINE c7-Q400 rep=5 site=srv [QCLK] site=receiver on=1 form=quantile win_n=25 win_ok=100805 alpha=4.000000e-1 k=1.2247 evals=126975 law_n=100805 kept=3150 w_us_mean=60864.6 w_us_p05=29802 w_us_p50=64450 w_us_p95=76387 w_us_min=29802 w_us_max=76387 srtt_us_mean=63780.8 sigma_us_mean=23747.2/n125256 fa_class=0.0625
QCLKLINE c7-Q400 rep=5 site=srv [QCLK] site=receiver on=1 form=quantile win_n=25 win_ok=112581 alpha=4.000000e-1 k=1.2247 evals=138751 law_n=112581 kept=3518 w_us_mean=62488.2 w_us_p05=29802 w_us_p50=65297 w_us_p95=76387 w_us_min=29802 w_us_max=76387 srtt_us_mean=65061.8 sigma_us_mean=23391.6/n137032 fa_class=0.0625
QCLKLINE c7-Q400 rep=5 site=srv [QCLK] site=receiver on=1 form=quantile win_n=25 win_ok=127765 alpha=4.000000e-1 k=1.2247 evals=153935 law_n=127765 kept=3993 w_us_mean=64570.5 w_us_p05=29857 w_us_p50=67068 w_us_p95=80223 w_us_min=29802 w_us_max=80223 srtt_us_mean=66328.5 sigma_us_mean=22300.0/n152216 fa_class=0.0625
QCLKLINE c7-Q400 rep=5 site=srv [QCLK] site=receiver on=1 form=quantile win_n=25 win_ok=140404 alpha=4.000000e-1 k=1.2247 evals=166574 law_n=140404 kept=2194 w_us_mean=65979.1 w_us_p05=38170 w_us_p50=71364 w_us_p95=80223 w_us_min=29802 w_us_max=80223 srtt_us_mean=67521.2 sigma_us_mean=22451.4/n164855 fa_class=0.0625
RACKLINE c7-Q400 rep=5 site=cli [RACK] on=0 evals=0 ceil=0.0000 gran=0.0000 legacy_pin=0.0000 round=0.0 legacy=0.0 mult=1 fa=133/133 fa_frac=1.0000 fa_class=0.0625
RACKLINE c7-Q400 rep=5 site=cli [RACK] on=0 evals=0 ceil=0.0000 gran=0.0000 legacy_pin=0.0000 round=0.0 legacy=0.0 mult=1 fa=641/5100 fa_frac=0.1257 fa_class=0.0625
RFALINE c7-Q400 rep=5 site=cli [RFA] gen=0 fires=12 false=12 false_frac=1.0000 fill_coded=0 fill_src=0 dup_src=12 preempt_src=0 src_n=13 rep_n=11 nu_recv=0.92308 fa_class=0.0625
RFALINE c7-Q400 rep=5 site=cli [RFA] gen=0 fires=24 false=24 false_frac=1.0000 fill_coded=0 fill_src=0 dup_src=24 preempt_src=0 src_n=25 rep_n=23 nu_recv=0.96000 fa_class=0.0625
RFALINE c7-Q400 rep=5 site=cli [RFA] gen=0 fires=35 false=35 false_frac=1.0000 fill_coded=0 fill_src=0 dup_src=35 preempt_src=0 src_n=36 rep_n=34 nu_recv=0.97222 fa_class=0.0625
RFALINE c7-Q400 rep=5 site=cli [RFA] gen=0 fires=48 false=48 false_frac=1.0000 fill_coded=0 fill_src=0 dup_src=48 preempt_src=0 src_n=49 rep_n=49 nu_recv=0.97959 fa_class=0.0625
RFALINE c7-Q400 rep=5 site=cli [RFA] gen=0 fires=62 false=62 false_frac=1.0000 fill_coded=0 fill_src=0 dup_src=62 preempt_src=0 src_n=63 rep_n=61 nu_recv=0.98413 fa_class=0.0625
RFALINE c7-Q400 rep=5 site=cli [RFA] gen=0 fires=73 false=73 false_frac=1.0000 fill_coded=0 fill_src=0 dup_src=73 preempt_src=0 src_n=74 rep_n=72 nu_recv=0.98649 fa_class=0.0625
RFALINE c7-Q400 rep=5 site=cli [RFA] gen=0 fires=84 false=84 false_frac=1.0000 fill_coded=0 fill_src=0 dup_src=84 preempt_src=0 src_n=85 rep_n=83 nu_recv=0.98824 fa_class=0.0625
RFALINE c7-Q400 rep=5 site=cli [RFA] gen=0 fires=94 false=94 false_frac=1.0000 fill_coded=0 fill_src=0 dup_src=94 preempt_src=0 src_n=95 rep_n=93 nu_recv=0.98947 fa_class=0.0625
RFALINE c7-Q400 rep=5 site=cli [RFA] gen=0 fires=107 false=107 false_frac=1.0000 fill_coded=0 fill_src=0 dup_src=107 preempt_src=0 src_n=108 rep_n=106 nu_recv=0.99074 fa_class=0.0625
RFALINE c7-Q400 rep=5 site=cli [RFA] gen=0 fires=118 false=118 false_frac=1.0000 fill_coded=0 fill_src=0 dup_src=118 preempt_src=0 src_n=119 rep_n=117 nu_recv=0.99160 fa_class=0.0625
RFALINE c7-Q400 rep=5 site=cli [RFA] gen=0 fires=129 false=129 false_frac=1.0000 fill_coded=0 fill_src=0 dup_src=129 preempt_src=0 src_n=130 rep_n=128 nu_recv=0.99231 fa_class=0.0625
RFALINE c7-Q400 rep=5 site=cli [RFA] gen=0 fires=133 false=133 false_frac=1.0000 fill_coded=0 fill_src=0 dup_src=133 preempt_src=0 src_n=135 rep_n=133 nu_recv=0.98519 fa_class=0.0625
RFALINE c7-Q400 rep=5 site=srv [RFA] gen=0 fires=9042 false=172 false_frac=0.0190 fill_coded=90 fill_src=8780 dup_src=82 preempt_src=90 src_n=15071 rep_n=138 nu_recv=0.59996 fa_class=0.0625
RFALINE c7-Q400 rep=5 site=srv [RFA] gen=0 fires=18049 false=403 false_frac=0.0223 fill_coded=200 fill_src=17446 dup_src=206 preempt_src=197 src_n=31153 rep_n=287 nu_recv=0.57937 fa_class=0.0625
RFALINE c7-Q400 rep=5 site=srv [RFA] gen=0 fires=27287 false=509 false_frac=0.0187 fill_coded=289 fill_src=26489 dup_src=234 preempt_src=275 src_n=46655 rep_n=431 nu_recv=0.58487 fa_class=0.0625
RFALINE c7-Q400 rep=5 site=srv [RFA] gen=0 fires=36703 false=733 false_frac=0.0200 fill_coded=450 fill_src=35520 dup_src=311 preempt_src=422 src_n=61307 rep_n=623 nu_recv=0.59868 fa_class=0.0625
RFALINE c7-Q400 rep=5 site=srv [RFA] gen=0 fires=44609 false=906 false_frac=0.0203 fill_coded=518 fill_src=43185 dup_src=416 preempt_src=490 src_n=74386 rep_n=786 nu_recv=0.59970 fa_class=0.0625
RFALINE c7-Q400 rep=5 site=srv [RFA] gen=0 fires=53101 false=1048 false_frac=0.0197 fill_coded=569 fill_src=51484 dup_src=507 preempt_src=541 src_n=88212 rep_n=907 nu_recv=0.60197 fa_class=0.0625
RFALINE c7-Q400 rep=5 site=srv [RFA] gen=0 fires=62064 false=1198 false_frac=0.0193 fill_coded=666 fill_src=60200 dup_src=561 preempt_src=637 src_n=102438 rep_n=1055 nu_recv=0.60587 fa_class=0.0625
RFALINE c7-Q400 rep=5 site=srv [RFA] gen=0 fires=70068 false=1393 false_frac=0.0199 fill_coded=784 fill_src=67891 dup_src=639 preempt_src=754 src_n=116421 rep_n=1245 nu_recv=0.60185 fa_class=0.0625
RFALINE c7-Q400 rep=5 site=srv [RFA] gen=0 fires=77955 false=1592 false_frac=0.0204 fill_coded=920 fill_src=75443 dup_src=703 preempt_src=889 src_n=129428 rep_n=1472 nu_recv=0.60230 fa_class=0.0625
RFALINE c7-Q400 rep=5 site=srv [RFA] gen=0 fires=85417 false=1715 false_frac=0.0201 fill_coded=994 fill_src=82708 dup_src=753 preempt_src=962 src_n=141825 rep_n=1610 nu_recv=0.60227 fa_class=0.0625
RFALINE c7-Q400 rep=5 site=srv [RFA] gen=0 fires=94976 false=1898 false_frac=0.0200 fill_coded=1099 fill_src=91979 dup_src=840 preempt_src=1058 src_n=156813 rep_n=1790 nu_recv=0.60566 fa_class=0.0625
RFALINE c7-Q400 rep=5 site=srv [RFA] gen=0 fires=101849 false=2105 false_frac=0.0207 fill_coded=1211 fill_src=98533 dup_src=963 preempt_src=1142 src_n=169968 rep_n=2043 nu_recv=0.59922 fa_class=0.0625
FCAUSELINE c7-Q400 rep=5 site=cli [FCAUSE] gen=0 n=5100 timer=16 gap_data=5084 gap_refresh=0 other=0 timer_frac=0.0031 gap_frac=0.9969 fired=5100 unattr=0 fa_class=0.0625
SUCCLINE c7-Q400 rep=5 site=cli [SUCC] gen=0 det=0 res=0 orig_n=0 orig_p50_us=- orig_p90_us=- orig_p99_us=- orig_mx_us=- orig_mean_us=- rep_n=0 rep_p50_us=- rep_p90_us=- rep_p99_us=- rep_mx_us=- rep_mean_us=- aban_n=0 aban_p50_us=- aban_p90_us=- aban_p99_us=- aban_mx_us=- aban_mean_us=- open=0 over=0 orig_frac=- cross_us=- dump=0/0
SUCCLINE c7-Q400 rep=5 site=cli [SUCC] gen=0 det=0 res=0 orig_n=0 orig_p50_us=- orig_p90_us=- orig_p99_us=- orig_mx_us=- orig_mean_us=- rep_n=0 rep_p50_us=- rep_p90_us=- rep_p99_us=- rep_mx_us=- rep_mean_us=- aban_n=0 aban_p50_us=- aban_p90_us=- aban_p99_us=- aban_mx_us=- aban_mean_us=- open=0 over=0 orig_frac=- cross_us=- dump=0/0
SUCCLINE c7-Q400 rep=5 site=cli [SUCC] gen=0 det=0 res=0 orig_n=0 orig_p50_us=- orig_p90_us=- orig_p99_us=- orig_mx_us=- orig_mean_us=- rep_n=0 rep_p50_us=- rep_p90_us=- rep_p99_us=- rep_mx_us=- rep_mean_us=- aban_n=0 aban_p50_us=- aban_p90_us=- aban_p99_us=- aban_mx_us=- aban_mean_us=- open=0 over=0 orig_frac=- cross_us=- dump=0/0
SUCCLINE c7-Q400 rep=5 site=cli [SUCC] gen=0 det=0 res=0 orig_n=0 orig_p50_us=- orig_p90_us=- orig_p99_us=- orig_mx_us=- orig_mean_us=- rep_n=0 rep_p50_us=- rep_p90_us=- rep_p99_us=- rep_mx_us=- rep_mean_us=- aban_n=0 aban_p50_us=- aban_p90_us=- aban_p99_us=- aban_mx_us=- aban_mean_us=- open=0 over=0 orig_frac=- cross_us=- dump=0/0
SUCCLINE c7-Q400 rep=5 site=cli [SUCC] gen=0 det=0 res=0 orig_n=0 orig_p50_us=- orig_p90_us=- orig_p99_us=- orig_mx_us=- orig_mean_us=- rep_n=0 rep_p50_us=- rep_p90_us=- rep_p99_us=- rep_mx_us=- rep_mean_us=- aban_n=0 aban_p50_us=- aban_p90_us=- aban_p99_us=- aban_mx_us=- aban_mean_us=- open=0 over=0 orig_frac=- cross_us=- dump=0/0
SUCCLINE c7-Q400 rep=5 site=cli [SUCC] gen=0 det=0 res=0 orig_n=0 orig_p50_us=- orig_p90_us=- orig_p99_us=- orig_mx_us=- orig_mean_us=- rep_n=0 rep_p50_us=- rep_p90_us=- rep_p99_us=- rep_mx_us=- rep_mean_us=- aban_n=0 aban_p50_us=- aban_p90_us=- aban_p99_us=- aban_mx_us=- aban_mean_us=- open=0 over=0 orig_frac=- cross_us=- dump=0/0
SUCCLINE c7-Q400 rep=5 site=cli [SUCC] gen=0 det=0 res=0 orig_n=0 orig_p50_us=- orig_p90_us=- orig_p99_us=- orig_mx_us=- orig_mean_us=- rep_n=0 rep_p50_us=- rep_p90_us=- rep_p99_us=- rep_mx_us=- rep_mean_us=- aban_n=0 aban_p50_us=- aban_p90_us=- aban_p99_us=- aban_mx_us=- aban_mean_us=- open=0 over=0 orig_frac=- cross_us=- dump=0/0
SUCCLINE c7-Q400 rep=5 site=cli [SUCC] gen=0 det=0 res=0 orig_n=0 orig_p50_us=- orig_p90_us=- orig_p99_us=- orig_mx_us=- orig_mean_us=- rep_n=0 rep_p50_us=- rep_p90_us=- rep_p99_us=- rep_mx_us=- rep_mean_us=- aban_n=0 aban_p50_us=- aban_p90_us=- aban_p99_us=- aban_mx_us=- aban_mean_us=- open=0 over=0 orig_frac=- cross_us=- dump=0/0
SUCCLINE c7-Q400 rep=5 site=cli [SUCC] gen=0 det=0 res=0 orig_n=0 orig_p50_us=- orig_p90_us=- orig_p99_us=- orig_mx_us=- orig_mean_us=- rep_n=0 rep_p50_us=- rep_p90_us=- rep_p99_us=- rep_mx_us=- rep_mean_us=- aban_n=0 aban_p50_us=- aban_p90_us=- aban_p99_us=- aban_mx_us=- aban_mean_us=- open=0 over=0 orig_frac=- cross_us=- dump=0/0
SUCCLINE c7-Q400 rep=5 site=cli [SUCC] gen=0 det=0 res=0 orig_n=0 orig_p50_us=- orig_p90_us=- orig_p99_us=- orig_mx_us=- orig_mean_us=- rep_n=0 rep_p50_us=- rep_p90_us=- rep_p99_us=- rep_mx_us=- rep_mean_us=- aban_n=0 aban_p50_us=- aban_p90_us=- aban_p99_us=- aban_mx_us=- aban_mean_us=- open=0 over=0 orig_frac=- cross_us=- dump=0/0
SUCCLINE c7-Q400 rep=5 site=cli [SUCC] gen=0 det=0 res=0 orig_n=0 orig_p50_us=- orig_p90_us=- orig_p99_us=- orig_mx_us=- orig_mean_us=- rep_n=0 rep_p50_us=- rep_p90_us=- rep_p99_us=- rep_mx_us=- rep_mean_us=- aban_n=0 aban_p50_us=- aban_p90_us=- aban_p99_us=- aban_mx_us=- aban_mean_us=- open=0 over=0 orig_frac=- cross_us=- dump=0/0
SUCCLINE c7-Q400 rep=5 site=srv [SUCC] gen=0 det=9330 res=8870 orig_n=8780 orig_p50_us=13312 orig_p90_us=28672 orig_p99_us=73728 orig_mx_us=112772 orig_mean_us=16368 rep_n=90 rep_p50_us=28672 rep_p90_us=49152 rep_p99_us=61440 rep_mx_us=63944 rep_mean_us=30159 aban_n=0 aban_p50_us=- aban_p90_us=- aban_p99_us=- aban_mx_us=- aban_mean_us=- open=460 over=0 orig_frac=0.9899 cross_us=- dump=0/0
SUCCLINE c7-Q400 rep=5 site=srv [SUCC] gen=0 det=17688 res=17646 orig_n=17446 orig_p50_us=20480 orig_p90_us=53248 orig_p99_us=90112 orig_mx_us=139514 orig_mean_us=25103 rep_n=200 rep_p50_us=40960 rep_p90_us=106496 rep_p99_us=131072 rep_mx_us=139514 rep_mean_us=51768 aban_n=0 aban_p50_us=- aban_p90_us=- aban_p99_us=- aban_mx_us=- aban_mean_us=- open=42 over=0 orig_frac=0.9887 cross_us=- dump=0/0
SUCCLINE c7-Q400 rep=5 site=srv [SUCC] gen=0 det=27070 res=26780 orig_n=26491 orig_p50_us=22528 orig_p90_us=57344 orig_p99_us=98304 orig_mx_us=228399 orig_mean_us=29057 rep_n=289 rep_p50_us=49152 rep_p90_us=90112 rep_p99_us=131072 rep_mx_us=139514 rep_mean_us=51282 aban_n=0 aban_p50_us=- aban_p90_us=- aban_p99_us=- aban_mx_us=- aban_mean_us=- open=290 over=0 orig_frac=0.9892 cross_us=- dump=0/0
SUCCLINE c7-Q400 rep=5 site=srv [SUCC] gen=0 det=35988 res=35962 orig_n=35521 orig_p50_us=22528 orig_p90_us=57344 orig_p99_us=106496 orig_mx_us=228399 orig_mean_us=29441 rep_n=441 rep_p50_us=40960 rep_p90_us=90112 rep_p99_us=180224 rep_mx_us=182972 rep_mean_us=51872 aban_n=4 aban_p50_us=18 aban_p90_us=22 aban_p99_us=22 aban_mx_us=22 aban_mean_us=19 open=22 over=0 orig_frac=0.9877 cross_us=- dump=0/0
SUCCLINE c7-Q400 rep=5 site=srv [SUCC] gen=0 det=44476 res=43693 orig_n=43185 orig_p50_us=22528 orig_p90_us=61440 orig_p99_us=106496 orig_mx_us=228399 orig_mean_us=29665 rep_n=508 rep_p50_us=40960 rep_p90_us=81920 rep_p99_us=180224 rep_mx_us=182972 rep_mean_us=51349 aban_n=4 aban_p50_us=18 aban_p90_us=22 aban_p99_us=22 aban_mx_us=22 aban_mean_us=19 open=779 over=0 orig_frac=0.9884 cross_us=- dump=0/0
SUCCLINE c7-Q400 rep=5 site=srv [SUCC] gen=0 det=52336 res=52043 orig_n=51484 orig_p50_us=24576 orig_p90_us=65536 orig_p99_us=106496 orig_mx_us=302849 orig_mean_us=30768 rep_n=559 rep_p50_us=45056 rep_p90_us=81920 rep_p99_us=180224 rep_mx_us=182972 rep_mean_us=52754 aban_n=4 aban_p50_us=18 aban_p90_us=22 aban_p99_us=22 aban_mx_us=22 aban_mean_us=19 open=289 over=0 orig_frac=0.9893 cross_us=- dump=0/0
SUCCLINE c7-Q400 rep=5 site=srv [SUCC] gen=0 det=61052 res=60854 orig_n=60200 orig_p50_us=24576 orig_p90_us=65536 orig_p99_us=98304 orig_mx_us=302849 orig_mean_us=30951 rep_n=654 rep_p50_us=49152 rep_p90_us=98304 rep_p99_us=180224 rep_mx_us=182972 rep_mean_us=53992 aban_n=4 aban_p50_us=18 aban_p90_us=22 aban_p99_us=22 aban_mx_us=22 aban_mean_us=19 open=194 over=0 orig_frac=0.9893 cross_us=- dump=0/0
SUCCLINE c7-Q400 rep=5 site=srv [SUCC] gen=0 det=69083 res=68662 orig_n=67891 orig_p50_us=24576 orig_p90_us=65536 orig_p99_us=98304 orig_mx_us=302849 orig_mean_us=30756 rep_n=771 rep_p50_us=49152 rep_p90_us=90112 rep_p99_us=180224 rep_mx_us=182972 rep_mean_us=53777 aban_n=4 aban_p50_us=18 aban_p90_us=22 aban_p99_us=22 aban_mx_us=22 aban_mean_us=19 open=417 over=0 orig_frac=0.9888 cross_us=- dump=0/0
SUCCLINE c7-Q400 rep=5 site=srv [SUCC] gen=0 det=76779 res=76351 orig_n=75444 orig_p50_us=24576 orig_p90_us=61440 orig_p99_us=98304 orig_mx_us=302849 orig_mean_us=30860 rep_n=907 rep_p50_us=49152 rep_p90_us=81920 rep_p99_us=180224 rep_mx_us=182972 rep_mean_us=52965 aban_n=4 aban_p50_us=18 aban_p90_us=22 aban_p99_us=22 aban_mx_us=22 aban_mean_us=19 open=424 over=0 orig_frac=0.9881 cross_us=- dump=0/0
SUCCLINE c7-Q400 rep=5 site=srv [SUCC] gen=0 det=84265 res=83689 orig_n=82708 orig_p50_us=24576 orig_p90_us=61440 orig_p99_us=98304 orig_mx_us=302849 orig_mean_us=30416 rep_n=981 rep_p50_us=45056 rep_p90_us=81920 rep_p99_us=180224 rep_mx_us=182972 rep_mean_us=52000 aban_n=4 aban_p50_us=18 aban_p90_us=22 aban_p99_us=22 aban_mx_us=22 aban_mean_us=19 open=572 over=0 orig_frac=0.9883 cross_us=- dump=0/0
SUCCLINE c7-Q400 rep=5 site=srv [SUCC] gen=0 det=93178 res=93063 orig_n=91980 orig_p50_us=22528 orig_p90_us=61440 orig_p99_us=90112 orig_mx_us=302849 orig_mean_us=29652 rep_n=1083 rep_p50_us=45056 rep_p90_us=81920 rep_p99_us=180224 rep_mx_us=182972 rep_mean_us=51309 aban_n=6 aban_p50_us=20 aban_p90_us=22528 aban_p99_us=22528 aban_mx_us=23657 aban_mean_us=7898 open=109 over=0 orig_frac=0.9884 cross_us=- dump=0/0
SUCCLINE c7-Q400 rep=5 site=srv [SUCC] gen=0 det=99831 res=99728 orig_n=98539 orig_p50_us=22528 orig_p90_us=61440 orig_p99_us=98304 orig_mx_us=302849 orig_mean_us=29775 rep_n=1189 rep_p50_us=45056 rep_p90_us=90112 rep_p99_us=163840 rep_mx_us=182972 rep_mean_us=51765 aban_n=11 aban_p50_us=22528 aban_p90_us=90112 aban_p99_us=90112 aban_mx_us=98268 aban_mean_us=48975 open=92 over=0 orig_frac=0.9881 cross_us=- dump=0/0
HOLDLINE c7-Q400 rep=5 site=cli [HOLD] site=sender path=0 gen=0 q=unset n_req=- n_obs=1000 samp_n=1000 fed=44746 t_us=- obs_p50_us=8077 obs_p90_us=41012 obs_p99_us=59493 evals=2630 law_n=0 sup=0 emit=2630 hd_p50_us=- hd_p90_us=- hd_p99_us=- hd_mx_us=- hd_n=0 fa_class=0.0625
HOLDLINE c7-Q400 rep=5 site=cli [HOLD] site=sender path=1 gen=0 q=unset n_req=- n_obs=1000 samp_n=1000 fed=41693 t_us=- obs_p50_us=6820 obs_p90_us=27873 obs_p99_us=42277 evals=2463 law_n=0 sup=0 emit=2463 hd_p50_us=- hd_p90_us=- hd_p99_us=- hd_mx_us=- hd_n=0 fa_class=0.0625
HOLDLINE c7-Q400 rep=5 site=cli [HOLD] site=sender path=- gen=0 q=unset n_req=- n_obs=1000 samp_n=0 fed=0 t_us=- obs_p50_us=- obs_p90_us=- obs_p99_us=- evals=7 law_n=0 sup=0 emit=7 hd_p50_us=- hd_p90_us=- hd_p99_us=- hd_mx_us=- hd_n=0 fa_class=0.0625
WALLLINE c7-Q400 rep=5 site=cli [WALL] onset=0.9952 dur_ms=57.7 retx=18 total_ms=12047.0 it_ms=0.071
WINDOW-PARTIAL c7-Q400 rep=5 win_ok=169716/169957 win_n=25 (RESULT, not an abort -- the fraction is to be scored, and the quantile-native sweep read 0.829-0.999 here)
VAWITNESS {"cell":"c7","arm":"Q400","alpha":"0.4","seed":42,"rep":5,"rc":0,"mean_mbps":132.992,"band":[140,180],"band_applies":0,"in_band":0,"lossy":1,"alpha_expect":"0.4","alpha_got_cli":"0.4","alpha_got_srv":"0.4","form_expect":"quantile","form_got_cli":"quantile","form_got_srv":"quantile","winn_expect":"25","winn_got_cli":"25","winn_got_srv":"25","qclk_law_n":169716,"qclk_evals":169957,"qclk_win_ok":169716,"qclk_win_n":"25","w_us_p50":50590,"w_us_p05":23630,"w_us_p95":95937,"shipped_clock_us":100000,"fcause_n":5100,"fcause_timer":16,"fcause_gap_data":5084,"fcause_gap_refresh":0,"fcause_other":0,"fcause_unattr":0,"succ_det":99831,"succ_res":99728,"succ_orig_frac":"0.9881","rfa_fires":101849,"rfa_false":2105,"rfa_false_frac":"0.0207","rfa_fill_coded":1211,"rack_fa":"641/5100","rack_fa_frac":"0.1257","fails":""}
=== rep=6 arm=c7-CTL alpha=unset form=unset win_n=unavail seed=42 env="RWM_QUANTILE_CLOCKS=0 RWM_DELTA_CAP=1 RWM_SUM_CAP=1 RWM_RACK_CLOCKS=0 RWM_DERIVED_SWEEP=0 RWM_COMPOSED_CAP=0 RWM_THREE_TERM=0 RWM_STORE_CAP_UNIFIED=0 RWM_LATE_BRAKE=0 RWM_CHARGE_RECOVERY=0 RWM_RELEASE_1TO1=0 RWM_LOSS_SENT_TRUTH=0 RWM_RTT_DUMP=0 RWM_SUCC_DUMP=0" cell=c2/c2/dual bytes=200000000 18:36:40
[2m2026-08-21T18:36:41.855472Z[0m [32m INFO[0m [2mraptorpath::gates[0m[2m:[0m [GATES] RWM_UNIFIED=1 RWM_UNIFIED_SHED=1 RWM_TAPER_R=1 RWM_ASTAR_ANCHOR=1 RWM_MSTAR_ANCHOR=1 RWM_PLAIN_RS=0 RWM_HONEST_ANCHOR=1 RWM_HONEST_K=0 RWM_STORE_SACK_RELEASE=1 RWM_STORE_PATHS=1 RWM_STORE_PATH_POOL=2048 RWM_STORE=unset RWM_STORE_GAIN=2 RWM_STORE_BOOT=128 RWM_STORE_CAPW=0 RWM_STORE_CAP_UNIFIED=0 RWM_THREE_TERM=0 RWM_COMPOSED_CAP=0 RWM_SUM_CAP=1 RWM_LATE_BRAKE=0 RWM_DELTA_CAP=1 RWM_STORE_PERCAP=0 RWM_PERCAP_GUARD=1 RWM_STORE_BORROW=0 RWM_HONEST_CAP=1 RWM_POOL_ANCHOR=0 RWM_POOL_DELIV=0 RWM_FLOOR_BOUND=0 RWM_ACK_MERGE=1 RWM_LOSS_SENT_TRUTH=0 RWM_RELEASE_1TO1=0 RWM_CHARGE_RECOVERY=0 RWM_PATIENCE_DERIVED=0 RWM_SIDLE_DERIVED=0 RWM_WIN_DECOUPLE=0 RWM_PLACE_SLACK=0 RWM_COLD_PLACE=0 RWM_GEN=384 RWM_PIPELINE=2 RWM_GEN_PIPE=1 RWM_GEN_R=unset RWM_GEN_RATE=9000 RWM_GEN_RATE_FLOOR=2000 RWM_GEN_INFLIGHT=unset RWM_OOO_RETAIN=0/16 RWM_WINDOW=unset RWM_REPORT_GENS=unset RWM_REPAIR_WAIT=unset RWM_CODED_SRC=0 RWM_NO_REACTIVE=0 RWM_XPATH_REPAIR=0 RWM_PROACTIVE_PACER=0 RWM_REASM_BDP=0 RWM_MIN_R=0 RWM_CC_PACE=0 RWM_CC_PACE_HR=1.1 RWM_REACT_CAP=unset RWM_INFL_CAP=0 RWM_INFL_BDP=unset RWM_COPA_FEED=0 RWM_RS_ATTR=1 RWM_EMIT_BATCH=0 RWM_EMIT_BURST=64 RWM_RECOV_MP=1 RWM_RECOV_MP_LAW=1 RWM_RECOV_MP_LIVE=0 RWM_RECOV_SP=0 RWM_DERIVED_SWEEP=0 RWM_RACK_CLOCKS=0 RWM_RACK_REO_MULT=1 RWM_QUANTILE_CLOCKS=0 RWM_ALPHA_OVERRIDE=unset RWM_W_FORM=cantelli RWM_HOLDDOWN_Q=unset RWM_REFRESH_FLOOR_US=unset RWM_DIAG=1 RWM_ACKDIAG=1 RWM_ACKDIAG_WINDOW_US=2000000 RWM_RTT_DUMP=0 RWM_RTT_DUMP_MAX=400000 RWM_SUCC_DUMP=0 RWM_SUCC_DUMP_MAX=200000 RWM_WALLDIAG=1 RWM_CPUPROF=0 RWM_RDIAG=0 RWM_FDIAG=1 RWM_TRACE=0 RWM_PFRAC=0
{"bytes":200000000,"dnf":0,"hint":"bulk","max_s":9.5889,"mean_mbps":166.859,"mean_s":9.5889,"median_s":9.5889,"min_s":9.5889,"proto":"rp-native","runs":1,"stdev_s":0.0,"summary":true}
    LATPROBE-LEG leg=0 file=/tmp/rwm-ping-0.txt sent=191 recv=187 censor=2.09% p50=44.0[censor=2.09% ok] p95=101.0[censor=2.09% ok] p99=126.0[censor=2.09% UNSCOREABLE(inside censored tail)]
    LATPROBE-LEG leg=1 file=/tmp/rwm-ping-1.txt sent=191 recv=185 censor=3.14% p50=44.5[censor=3.14% ok] p95=95.5[censor=3.14% ok] p99=112.0[censor=3.14% UNSCOREABLE(inside censored tail)]
    LATPROBE: 2 leg(s) /tmp/rwm-ping-0.txt=187 /tmp/rwm-ping-1.txt=185 replies
    CPU: CPUSRV=13.09s CPUCLI=14.15s (srv=decoder cli=sender; whole-invocation incl warmup)
    QDISC cli0: qdisc netem bd91: root refcnt 7 limit 1000 delay 5ms  3ms loss gemodel p 1.3% r 50% 1-h 100% 1-k 0% rate 100Mbit seed 42  Sent 111937867 bytes 90284 pkt (dropped 509, overlimits 0 requeues 0)   backlog 0b 0p requeues 0 
    QDISC cli1: qdisc netem bd92: root refcnt 7 limit 1000 delay 5ms  3ms loss gemodel p 1.3% r 50% 1-h 100% 1-k 0% rate 100Mbit seed 1042  Sent 110839198 bytes 89726 pkt (dropped 472, overlimits 0 requeues 0)   backlog 0b 0p requeues 0 
    QDISC srv0: qdisc netem bd93: root refcnt 7 limit 1000 delay 5ms  3ms rate 100Mbit seed 7764219494640340389  Sent 11422070 bytes 48351 pkt (dropped 0, overlimits 0 requeues 0)   backlog 0b 0p requeues 0 
    QDISC srv1: qdisc netem bd94: root refcnt 7 limit 1000 delay 5ms  3ms rate 100Mbit seed 7283339054694870893  Sent 12071639 bytes 48038 pkt (dropped 0, overlimits 0 requeues 0)   backlog 0b 0p requeues 0 
    QCAP: /tmp/rwm-q.txt 18 lines
RUNTIME c7-CTL rep=6 11s rc=0
ALPHARESULT {"cell": "c7", "arm": "CTL", "alpha_cmd": null, "seed": 42, "rep": 6, "n_paths": 2, "dnf": false, "dnf_count": 0, "mbps": 166.859, "mean_mbps": 166.859, "seconds": 9.5889, "n_runs": 1, "cpusrv": 13.09, "cpucli": 14.15, "khr_med": 1.0, "kraw_med": null, "khr_n": 70, "kraw_n": 0, "rtp_med": 9, "occ_p50": 923, "occcap_p50": 1639, "q_p50": 44, "q_p99": 103, "diag_lines": 38, "retx": 5124, "w1_rfa_gen": "0", "w2_pfrac_lines": 0, "w4_retx_max": 5124, "w5_rack_fa": "960/5167", "gates_cli_quantile_clocks": 0, "gates_srv_quantile_clocks": 0, "gates_cli_rack_clocks": 0, "gates_srv_rack_clocks": 0, "gates_cli_derived_sweep": 0, "gates_srv_derived_sweep": 0, "gates_cli_delta_cap": 1, "gates_srv_delta_cap": 1, "gates_cli_sum_cap": 1, "gates_srv_sum_cap": 1, "gates_cli_composed_cap": 0, "gates_srv_composed_cap": 0, "gates_cli_three_term": 0, "gates_srv_three_term": 0, "gates_cli_loss_sent_truth": 0, "gates_srv_loss_sent_truth": 0, "gates_cli_gen": null, "gates_srv_gen": null, "gates_cli_diag": 1, "gates_srv_diag": 1, "gates_cli_ackdiag": 1, "gates_srv_ackdiag": 1, "gates_cli_walldiag": 1, "gates_srv_walldiag": 1, "gates_cli_fdiag": 1, "gates_srv_fdiag": 1, "gates_cli_recov_mp": 1, "gates_srv_recov_mp": 1, "gates_cli_cc_pace": 0, "gates_srv_cc_pace": 0, "gates_cli_rack_reo_mult": 1, "gates_srv_rack_reo_mult": 1, "gates_lines_cli": 1, "gates_lines_srv": 1, "gate_quantile_cli": "0", "gate_quantile_srv": "0", "gate_alpha_cli": "unset", "gate_alpha_srv": "unset", "gate_gen_cli": 384, "gate_gen_srv": 384, "gate_wform_cli": "cantelli", "gate_wform_srv": "cantelli", "qalpha_lines_cli": 1, "qalpha_site_cli": "sender", "qalpha_quantile_cli": 0, "qalpha_contract_cli": 0.001, "qalpha_override_cli": null, "qalpha_cli": 0.001, "qalpha_k_cli": 31.607, "qalpha_form_cli": "cantelli", "qalpha_winn_cli": "unavail", "qalpha_lines_srv": 1, "qalpha_site_srv": "receiver", "qalpha_quantile_srv": 0, "qalpha_contract_srv": 1e-05, "qalpha_override_srv": null, "qalpha_srv": 1e-05, "qalpha_k_srv": 316.2262, "qalpha_form_srv": "cantelli", "qalpha_winn_srv": "unavail", "qclk_cli_lines": 1, "qclk_cli_site": "sender", "qclk_cli_alpha": 0.001, "qclk_cli_k": 31.607, "qclk_cli_w_us_mean": 95688.8, "qclk_cli_srtt_us_mean": 73113.2, "qclk_cli_on": 0, "qclk_cli_evals": 169729, "qclk_cli_kept": 2653, "qclk_cli_w_us_p05": 69302, "qclk_cli_w_us_p50": 100000, "qclk_cli_w_us_p95": 100000, "qclk_cli_w_us_min": 25000, "qclk_cli_w_us_max": 100000, "qclk_cli_law_n": 169729, "qclk_cli_sigma_us_mean": 2191.6, "qclk_cli_sigma_n": 169511, "qclk_form_cli": "cantelli", "qclk_winn_cli": "unavail", "qclk_win_ok_cli": 0, "qclk_srv_lines": 9, "qclk_srv_site": "receiver", "qclk_srv_alpha": 1e-05, "qclk_srv_k": 316.2262, "qclk_srv_w_us_mean": 98677.7, "qclk_srv_srtt_us_mean": 67695.3, "qclk_srv_on": 0, "qclk_srv_evals": 161191, "qclk_srv_kept": 2519, "qclk_srv_w_us_p05": 99433, "qclk_srv_w_us_p50": 100000, "qclk_srv_w_us_p95": 100000, "qclk_srv_w_us_min": 52972, "qclk_srv_w_us_max": 100000, "qclk_srv_law_n": 161191, "qclk_srv_sigma_us_mean": 29500.9, "qclk_srv_sigma_n": 159519, "qclk_form_srv": "cantelli", "qclk_winn_srv": "unavail", "qclk_win_ok_srv": 0, "rack_lines_cli": 2, "rack_on_cli": 0, "rack_evals_cli": 0, "rack_ceil_cli": 0.0, "rack_gran_cli": 0.0, "rack_legacy_pin_cli": 0.0, "rack_round_cli": 0.0, "rack_legacy_cli": 0.0, "rack_mult_cli": 1, "rack_fa_n_cli": 960, "rack_fa_d_cli": 5167, "rack_fa_frac_cli": 0.1858, "rack_fa_class_cli": 0.0625, "rack_lines_srv": 0, "rack_on_srv": null, "rack_evals_srv": null, "rack_ceil_srv": null, "rack_gran_srv": null, "rack_legacy_pin_srv": null, "rack_round_srv": null, "rack_legacy_srv": null, "rack_mult_srv": null, "rack_fa_n_srv": null, "rack_fa_d_srv": null, "rack_fa_frac_srv": null, "rack_fa_class_srv": null, "rack_fired": 5167, "rack_spurious": 960, "rack_fa_frac": 0.1858, "rack_fa_class": 0.0625, "rack_round_us": 0.0, "rack_legacy_us": 0.0, "rack_evals": 0, "rack_legacy_pin": 0.0, "rfa_lines": 9, "rfa_gen": 0, "rfa_fires": 87924, "rfa_false": 1783, "rfa_fill_coded": 1105, "rfa_fill_src": 85036, "rfa_dup_src": 787, "rfa_preempt_src": 996, "rfa_src_n": 159922, "rfa_rep_n": 1711, "rfa_false_frac": 0.0203, "rfa_nu_recv": 0.54979, "rfa_fa_class": 0.0625, "rfa_bracket_lo": 0.0203, "rfa_bracket_hi": 0.617382, "sf_ticks": 1504, "sf_E": 0.9837, "sf_short": 0.0299, "sf_zero": 0.0027, "capboot_n": 35, "capboot_frac": 0.0, "ping_n": 187, "ping_p50": 44.0, "ping_p95": 101.0, "ping_p99": 122.0, "ping_tx": 191, "ping_rx": 187, "ping_loss": 2.09, "ping_censor_frac": 0.0209, "legs_probed": 1, "leg0_n": 187, "leg0_sent": 191, "leg0_recv": 187, "leg0_sent_source": "summary", "leg0_censor_frac": 0.0209, "leg0_censor_pct": 2.09, "leg0_recv_mismatch": false, "leg0_leg_unscoreable": false, "leg0_min": 8.1, "leg0_max": 131.0, "leg0_p50": 44.0, "leg0_p50_censored": false, "leg0_p50_scoreable": true, "leg0_p95": 101.0, "leg0_p95_censored": false, "leg0_p95_scoreable": true, "leg0_p99": 126.0, "leg0_p99_censored": true, "leg0_p99_scoreable": false, "legs_censor_max": 0.0209, "wait_tun": 97, "wait_paused": 0, "wait_pace": 0, "wait_gen": 0, "wait_nack": 3, "wait_defc": 0, "wait_tail": 0, "wait_flush": 0, "wait_lines": 35, "deadwall": false, "sig_us_p50": 288.0, "sig_us_n": 85562, "sig_us_path": 0, "sig_paths": 2, "pl_n": 70, "pl_max": 0.0352, "pl_min": 0.0167, "pl_p0": 0.0167, "pl_p1": 0.0352, "dgq_hand": 175597, "dgq_full": 0, "dgq_err": 0, "dgq_gap": 1, "tc_bytes": 222777065, "tc_pkts": 180010, "tc_drop": 981, "tc_s": 11, "hold_lines": 2, "hold_samp_n": 2000, "hold_fed": 76363, "hold_evals": 5167, "hold_law_n": 0, "hold_sup": 0, "hold_emit": 5167, "hold_hd_n": 0, "hold_q": "unset", "hold_n_req": "-", "hold_n_obs": 1000, "hold_gen": 0, "hold_sup_frac": 0.0, "hold_law_frac": 0.0, "hold_obs_p50_us": 15206, "hold_obs_p90_us": 59637, "hold_obs_p99_us": 129844, "hold_t_us_p0": null, "hold_t_us_p1": null, "hold_samp_n_p0": 1000, "hold_samp_n_p1": 1000, "hold_hd_p50_us": null, "hold_hd_p90_us": null, "hold_hd_p99_us": null, "hold_hd_mx_us": null, "hold_unattr_evals": 0, "hold_paths_n": 2, "hold_accounting_ok": 1, "hold_obs_p50_us_p0": 14157, "hold_obs_p90_us_p0": 59637, "hold_obs_p99_us_p0": 64545, "hold_obs_p50_us_p1": 15206, "hold_obs_p90_us_p1": 57555, "hold_obs_p99_us_p1": 129844, "hold_rpd": 0.059655, "fcause_lines": 1, "fcause_gen": 0, "fcause_n": 5167, "fcause_timer": 1, "fcause_gap_data": 5166, "fcause_gap_refresh": 0, "fcause_other": 0, "fcause_fired": 5167, "fcause_unattr": 0, "fcause_timer_frac": 0.0002, "fcause_gap_frac": 0.9998, "succ_lines": 9, "succ_gen": 0, "succ_det": 86615, "succ_res": 86137, "succ_orig_n": 85036, "succ_rep_n": 1101, "succ_aban_n": 3, "succ_open": 475, "succ_over": 0, "succ_orig_p50_us": 32768, "succ_orig_p90_us": 73728, "succ_orig_p99_us": 131072, "succ_orig_mx_us": 246687, "succ_orig_frac": 0.9872, "succ_identity_ok": 1}
LIVENESS c7-CTL rep=6 RWM_QUANTILE_CLOCKS=RWM_QUANTILE_CLOCKS=0/RWM_QUANTILE_CLOCKS=0(exp0) RWM_ALPHA_OVERRIDE=RWM_ALPHA_OVERRIDE=unset/RWM_ALPHA_OVERRIDE=unset(expunset) RWM_W_FORM=RWM_W_FORM=cantelli/RWM_W_FORM=cantelli(expcantelli) RWM_DELTA_CAP=RWM_DELTA_CAP=1/RWM_DELTA_CAP=1(exp1) RWM_SUM_CAP=RWM_SUM_CAP=1/RWM_SUM_CAP=1(exp1) RWM_HOLDDOWN_Q=RWM_HOLDDOWN_Q=unset/RWM_HOLDDOWN_Q=unset(expunset) RWM_REFRESH_FLOOR_US=RWM_REFRESH_FLOOR_US=unset/RWM_REFRESH_FLOOR_US=unset(expunset) RWM_RACK_CLOCKS=RWM_RACK_CLOCKS=0/RWM_RACK_CLOCKS=0(exp0) RWM_DERIVED_SWEEP=RWM_DERIVED_SWEEP=0/RWM_DERIVED_SWEEP=0(exp0) RWM_COMPOSED_CAP=RWM_COMPOSED_CAP=0/RWM_COMPOSED_CAP=0(exp0) RWM_THREE_TERM=RWM_THREE_TERM=0/RWM_THREE_TERM=0(exp0) RWM_STORE_CAP_UNIFIED=RWM_STORE_CAP_UNIFIED=0/RWM_STORE_CAP_UNIFIED=0(exp0) RWM_LATE_BRAKE=RWM_LATE_BRAKE=0/RWM_LATE_BRAKE=0(exp0) RWM_CHARGE_RECOVERY=RWM_CHARGE_RECOVERY=0/RWM_CHARGE_RECOVERY=0(exp0) RWM_RELEASE_1TO1=RWM_RELEASE_1TO1=0/RWM_RELEASE_1TO1=0(exp0) RWM_LOSS_SENT_TRUTH=RWM_LOSS_SENT_TRUTH=0/RWM_LOSS_SENT_TRUTH=0(exp0) RWM_RTT_DUMP=RWM_RTT_DUMP=0/RWM_RTT_DUMP=0(exp0) RWM_SUCC_DUMP=RWM_SUCC_DUMP=0/RWM_SUCC_DUMP=0(exp0) RWM_DIAG=RWM_DIAG=1/RWM_DIAG=1(exp1) RWM_ACKDIAG=RWM_ACKDIAG=1/RWM_ACKDIAG=1(exp1) RWM_WALLDIAG=RWM_WALLDIAG=1/RWM_WALLDIAG=1(exp1) RWM_FDIAG=RWM_FDIAG=1/RWM_FDIAG=1(exp1)
W5QALPHA c7-CTL rep=6 cli=form:cantelli/win_n:unavail/alpha:1.000000e-3 srv=form:cantelli/win_n:unavail/alpha:1.000000e-5 (exp form=cantelli win_n=unavail)
WCLOCK c7-CTL rep=6 law_n=169729 evals=169729 win_ok=0 win_n=unavail p50=100000 p05=69302 p95=100000 shipped_clock=100000
W8SUCC c7-CTL rep=6 det=86615 res=86137 orig_frac=0.9872
QALPHALINE c7-CTL rep=6 site=cli [QALPHA] site=receiver quantile=0 form=cantelli win_n=unavail contract_alpha=1.000000e-5 override=unset alpha=1.000000e-5 k=316.2262 fa_class=0.0625
QALPHALINE c7-CTL rep=6 site=cli [QALPHA] site=sender quantile=0 form=cantelli win_n=unavail contract_alpha=1.000000e-3 override=unset alpha=1.000000e-3 k=31.6070 fa_class=0.0625
QALPHALINE c7-CTL rep=6 site=srv [QALPHA] site=sender quantile=0 form=cantelli win_n=unavail contract_alpha=1.000000e-3 override=unset alpha=1.000000e-3 k=31.6070 fa_class=0.0625
QALPHALINE c7-CTL rep=6 site=srv [QALPHA] site=receiver quantile=0 form=cantelli win_n=unavail contract_alpha=1.000000e-5 override=unset alpha=1.000000e-5 k=316.2262 fa_class=0.0625
QCLKLINE c7-CTL rep=6 site=cli [QCLK] site=sender on=0 form=cantelli win_n=unavail win_ok=0 alpha=1.000000e-3 k=31.6070 evals=169729 law_n=169729 kept=2653 w_us_mean=95688.8 w_us_p05=69302 w_us_p50=100000 w_us_p95=100000 w_us_min=25000 w_us_max=100000 srtt_us_mean=73113.2 sigma_us_mean=2191.6/n169511 fa_class=0.0625
QCLKLINE c7-CTL rep=6 site=srv [QCLK] site=receiver on=0 form=cantelli win_n=unavail win_ok=0 alpha=1.000000e-5 k=316.2262 evals=17470 law_n=17470 kept=2184 w_us_mean=87799.4 w_us_p05=52972 w_us_p50=99433 w_us_p95=100000 w_us_min=52972 w_us_max=100000 srtt_us_mean=44576.3 sigma_us_mean=19395.1/n15798 fa_class=0.0625
QCLKLINE c7-CTL rep=6 site=srv [QCLK] site=receiver on=0 form=cantelli win_n=unavail win_ok=0 alpha=1.000000e-5 k=316.2262 evals=36602 law_n=36602 kept=2288 w_us_mean=94176.7 w_us_p05=52972 w_us_p50=100000 w_us_p95=100000 w_us_min=52972 w_us_max=100000 srtt_us_mean=58115.8 sigma_us_mean=30162.8/n34930 fa_class=0.0625
QCLKLINE c7-CTL rep=6 site=srv [QCLK] site=receiver on=0 form=cantelli win_n=unavail win_ok=0 alpha=1.000000e-5 k=316.2262 evals=55983 law_n=55983 kept=3499 w_us_mean=96192.7 w_us_p05=65241 w_us_p50=100000 w_us_p95=100000 w_us_min=52972 w_us_max=100000 srtt_us_mean=61854.2 sigma_us_mean=33045.8/n54311 fa_class=0.0625
QCLKLINE c7-CTL rep=6 site=srv [QCLK] site=receiver on=0 form=cantelli win_n=unavail win_ok=0 alpha=1.000000e-5 k=316.2262 evals=74553 law_n=74553 kept=2330 w_us_mean=97141.0 w_us_p05=65241 w_us_p50=100000 w_us_p95=100000 w_us_min=52972 w_us_max=100000 srtt_us_mean=65381.0 sigma_us_mean=33500.4/n72881 fa_class=0.0625
QCLKLINE c7-CTL rep=6 site=srv [QCLK] site=receiver on=0 form=cantelli win_n=unavail win_ok=0 alpha=1.000000e-5 k=316.2262 evals=91370 law_n=91370 kept=2856 w_us_mean=97667.2 w_us_p05=65241 w_us_p50=100000 w_us_p95=100000 w_us_min=52972 w_us_max=100000 srtt_us_mean=66398.2 sigma_us_mean=34258.0/n89698 fa_class=0.0625
QCLKLINE c7-CTL rep=6 site=srv [QCLK] site=receiver on=0 form=cantelli win_n=unavail win_ok=0 alpha=1.000000e-5 k=316.2262 evals=108330 law_n=108330 kept=3386 w_us_mean=98032.5 w_us_p05=98122 w_us_p50=100000 w_us_p95=100000 w_us_min=52972 w_us_max=100000 srtt_us_mean=66733.8 sigma_us_mean=33106.4/n106658 fa_class=0.0625
QCLKLINE c7-CTL rep=6 site=srv [QCLK] site=receiver on=0 form=cantelli win_n=unavail win_ok=0 alpha=1.000000e-5 k=316.2262 evals=125901 law_n=125901 kept=3935 w_us_mean=98307.0 w_us_p05=99433 w_us_p50=100000 w_us_p95=100000 w_us_min=52972 w_us_max=100000 srtt_us_mean=67027.8 sigma_us_mean=31615.2/n124229 fa_class=0.0625
QCLKLINE c7-CTL rep=6 site=srv [QCLK] site=receiver on=0 form=cantelli win_n=unavail win_ok=0 alpha=1.000000e-5 k=316.2262 evals=143616 law_n=143616 kept=2244 w_us_mean=98515.9 w_us_p05=99433 w_us_p50=100000 w_us_p95=100000 w_us_min=52972 w_us_max=100000 srtt_us_mean=67403.9 sigma_us_mean=30502.3/n141944 fa_class=0.0625
QCLKLINE c7-CTL rep=6 site=srv [QCLK] site=receiver on=0 form=cantelli win_n=unavail win_ok=0 alpha=1.000000e-5 k=316.2262 evals=161191 law_n=161191 kept=2519 w_us_mean=98677.7 w_us_p05=99433 w_us_p50=100000 w_us_p95=100000 w_us_min=52972 w_us_max=100000 srtt_us_mean=67695.3 sigma_us_mean=29500.9/n159519 fa_class=0.0625
RACKLINE c7-CTL rep=6 site=cli [RACK] on=0 evals=0 ceil=0.0000 gran=0.0000 legacy_pin=0.0000 round=0.0 legacy=0.0 mult=1 fa=96/96 fa_frac=1.0000 fa_class=0.0625
RACKLINE c7-CTL rep=6 site=cli [RACK] on=0 evals=0 ceil=0.0000 gran=0.0000 legacy_pin=0.0000 round=0.0 legacy=0.0 mult=1 fa=960/5167 fa_frac=0.1858 fa_class=0.0625
RFALINE c7-CTL rep=6 site=cli [RFA] gen=0 fires=12 false=12 false_frac=1.0000 fill_coded=0 fill_src=0 dup_src=12 preempt_src=0 src_n=13 rep_n=11 nu_recv=0.92308 fa_class=0.0625
RFALINE c7-CTL rep=6 site=cli [RFA] gen=0 fires=22 false=22 false_frac=1.0000 fill_coded=0 fill_src=0 dup_src=22 preempt_src=0 src_n=23 rep_n=21 nu_recv=0.95652 fa_class=0.0625
RFALINE c7-CTL rep=6 site=cli [RFA] gen=0 fires=32 false=32 false_frac=1.0000 fill_coded=0 fill_src=0 dup_src=32 preempt_src=0 src_n=33 rep_n=31 nu_recv=0.96970 fa_class=0.0625
RFALINE c7-CTL rep=6 site=cli [RFA] gen=0 fires=42 false=42 false_frac=1.0000 fill_coded=0 fill_src=0 dup_src=42 preempt_src=0 src_n=43 rep_n=41 nu_recv=0.97674 fa_class=0.0625
RFALINE c7-CTL rep=6 site=cli [RFA] gen=0 fires=52 false=52 false_frac=1.0000 fill_coded=0 fill_src=0 dup_src=52 preempt_src=0 src_n=53 rep_n=51 nu_recv=0.98113 fa_class=0.0625
RFALINE c7-CTL rep=6 site=cli [RFA] gen=0 fires=62 false=62 false_frac=1.0000 fill_coded=0 fill_src=0 dup_src=62 preempt_src=0 src_n=63 rep_n=61 nu_recv=0.98413 fa_class=0.0625
RFALINE c7-CTL rep=6 site=cli [RFA] gen=0 fires=72 false=72 false_frac=1.0000 fill_coded=0 fill_src=0 dup_src=72 preempt_src=0 src_n=73 rep_n=71 nu_recv=0.98630 fa_class=0.0625
RFALINE c7-CTL rep=6 site=cli [RFA] gen=0 fires=82 false=82 false_frac=1.0000 fill_coded=0 fill_src=0 dup_src=82 preempt_src=0 src_n=83 rep_n=81 nu_recv=0.98795 fa_class=0.0625
RFALINE c7-CTL rep=6 site=cli [RFA] gen=0 fires=92 false=92 false_frac=1.0000 fill_coded=0 fill_src=0 dup_src=92 preempt_src=0 src_n=93 rep_n=91 nu_recv=0.98925 fa_class=0.0625
RFALINE c7-CTL rep=6 site=cli [RFA] gen=0 fires=96 false=96 false_frac=1.0000 fill_coded=0 fill_src=0 dup_src=96 preempt_src=0 src_n=98 rep_n=96 nu_recv=0.97959 fa_class=0.0625
RFALINE c7-CTL rep=6 site=srv [RFA] gen=0 fires=9282 false=252 false_frac=0.0271 fill_coded=110 fill_src=8920 dup_src=142 preempt_src=110 src_n=17330 rep_n=152 nu_recv=0.53560 fa_class=0.0625
RFALINE c7-CTL rep=6 site=srv [RFA] gen=0 fires=19225 false=387 false_frac=0.0201 fill_coded=185 fill_src=18653 dup_src=205 preempt_src=182 src_n=36285 rep_n=309 nu_recv=0.52983 fa_class=0.0625
RFALINE c7-CTL rep=6 site=srv [RFA] gen=0 fires=29453 false=553 false_frac=0.0188 fill_coded=299 fill_src=28601 dup_src=258 preempt_src=295 src_n=55454 rep_n=499 nu_recv=0.53112 fa_class=0.0625
RFALINE c7-CTL rep=6 site=srv [RFA] gen=0 fires=39069 false=752 false_frac=0.0192 fill_coded=413 fill_src=37904 dup_src=356 preempt_src=396 src_n=73836 rep_n=667 nu_recv=0.52913 fa_class=0.0625
RFALINE c7-CTL rep=6 site=srv [RFA] gen=0 fires=48626 false=1053 false_frac=0.0217 fill_coded=608 fill_src=46965 dup_src=502 preempt_src=551 src_n=90934 rep_n=954 nu_recv=0.53474 fa_class=0.0625
RFALINE c7-CTL rep=6 site=srv [RFA] gen=0 fires=58245 false=1257 false_frac=0.0216 fill_coded=743 fill_src=56245 dup_src=572 preempt_src=685 src_n=107666 rep_n=1166 nu_recv=0.54098 fa_class=0.0625
RFALINE c7-CTL rep=6 site=srv [RFA] gen=0 fires=68269 false=1450 false_frac=0.0212 fill_coded=866 fill_src=65953 dup_src=667 preempt_src=783 src_n=125030 rep_n=1352 nu_recv=0.54602 fa_class=0.0625
RFALINE c7-CTL rep=6 site=srv [RFA] gen=0 fires=77771 false=1570 false_frac=0.0202 fill_coded=963 fill_src=75238 dup_src=698 preempt_src=872 src_n=142591 rep_n=1487 nu_recv=0.54541 fa_class=0.0625
RFALINE c7-CTL rep=6 site=srv [RFA] gen=0 fires=87924 false=1783 false_frac=0.0203 fill_coded=1105 fill_src=85036 dup_src=787 preempt_src=996 src_n=159922 rep_n=1711 nu_recv=0.54979 fa_class=0.0625
FCAUSELINE c7-CTL rep=6 site=cli [FCAUSE] gen=0 n=5167 timer=1 gap_data=5166 gap_refresh=0 other=0 timer_frac=0.0002 gap_frac=0.9998 fired=5167 unattr=0 fa_class=0.0625
SUCCLINE c7-CTL rep=6 site=cli [SUCC] gen=0 det=0 res=0 orig_n=0 orig_p50_us=- orig_p90_us=- orig_p99_us=- orig_mx_us=- orig_mean_us=- rep_n=0 rep_p50_us=- rep_p90_us=- rep_p99_us=- rep_mx_us=- rep_mean_us=- aban_n=0 aban_p50_us=- aban_p90_us=- aban_p99_us=- aban_mx_us=- aban_mean_us=- open=0 over=0 orig_frac=- cross_us=- dump=0/0
SUCCLINE c7-CTL rep=6 site=cli [SUCC] gen=0 det=0 res=0 orig_n=0 orig_p50_us=- orig_p90_us=- orig_p99_us=- orig_mx_us=- orig_mean_us=- rep_n=0 rep_p50_us=- rep_p90_us=- rep_p99_us=- rep_mx_us=- rep_mean_us=- aban_n=0 aban_p50_us=- aban_p90_us=- aban_p99_us=- aban_mx_us=- aban_mean_us=- open=0 over=0 orig_frac=- cross_us=- dump=0/0
SUCCLINE c7-CTL rep=6 site=cli [SUCC] gen=0 det=0 res=0 orig_n=0 orig_p50_us=- orig_p90_us=- orig_p99_us=- orig_mx_us=- orig_mean_us=- rep_n=0 rep_p50_us=- rep_p90_us=- rep_p99_us=- rep_mx_us=- rep_mean_us=- aban_n=0 aban_p50_us=- aban_p90_us=- aban_p99_us=- aban_mx_us=- aban_mean_us=- open=0 over=0 orig_frac=- cross_us=- dump=0/0
SUCCLINE c7-CTL rep=6 site=cli [SUCC] gen=0 det=0 res=0 orig_n=0 orig_p50_us=- orig_p90_us=- orig_p99_us=- orig_mx_us=- orig_mean_us=- rep_n=0 rep_p50_us=- rep_p90_us=- rep_p99_us=- rep_mx_us=- rep_mean_us=- aban_n=0 aban_p50_us=- aban_p90_us=- aban_p99_us=- aban_mx_us=- aban_mean_us=- open=0 over=0 orig_frac=- cross_us=- dump=0/0
SUCCLINE c7-CTL rep=6 site=cli [SUCC] gen=0 det=0 res=0 orig_n=0 orig_p50_us=- orig_p90_us=- orig_p99_us=- orig_mx_us=- orig_mean_us=- rep_n=0 rep_p50_us=- rep_p90_us=- rep_p99_us=- rep_mx_us=- rep_mean_us=- aban_n=0 aban_p50_us=- aban_p90_us=- aban_p99_us=- aban_mx_us=- aban_mean_us=- open=0 over=0 orig_frac=- cross_us=- dump=0/0
SUCCLINE c7-CTL rep=6 site=cli [SUCC] gen=0 det=0 res=0 orig_n=0 orig_p50_us=- orig_p90_us=- orig_p99_us=- orig_mx_us=- orig_mean_us=- rep_n=0 rep_p50_us=- rep_p90_us=- rep_p99_us=- rep_mx_us=- rep_mean_us=- aban_n=0 aban_p50_us=- aban_p90_us=- aban_p99_us=- aban_mx_us=- aban_mean_us=- open=0 over=0 orig_frac=- cross_us=- dump=0/0
SUCCLINE c7-CTL rep=6 site=cli [SUCC] gen=0 det=0 res=0 orig_n=0 orig_p50_us=- orig_p90_us=- orig_p99_us=- orig_mx_us=- orig_mean_us=- rep_n=0 rep_p50_us=- rep_p90_us=- rep_p99_us=- rep_mx_us=- rep_mean_us=- aban_n=0 aban_p50_us=- aban_p90_us=- aban_p99_us=- aban_mx_us=- aban_mean_us=- open=0 over=0 orig_frac=- cross_us=- dump=0/0
SUCCLINE c7-CTL rep=6 site=cli [SUCC] gen=0 det=0 res=0 orig_n=0 orig_p50_us=- orig_p90_us=- orig_p99_us=- orig_mx_us=- orig_mean_us=- rep_n=0 rep_p50_us=- rep_p90_us=- rep_p99_us=- rep_mx_us=- rep_mean_us=- aban_n=0 aban_p50_us=- aban_p90_us=- aban_p99_us=- aban_mx_us=- aban_mean_us=- open=0 over=0 orig_frac=- cross_us=- dump=0/0
SUCCLINE c7-CTL rep=6 site=cli [SUCC] gen=0 det=0 res=0 orig_n=0 orig_p50_us=- orig_p90_us=- orig_p99_us=- orig_mx_us=- orig_mean_us=- rep_n=0 rep_p50_us=- rep_p90_us=- rep_p99_us=- rep_mx_us=- rep_mean_us=- aban_n=0 aban_p50_us=- aban_p90_us=- aban_p99_us=- aban_mx_us=- aban_mean_us=- open=0 over=0 orig_frac=- cross_us=- dump=0/0
SUCCLINE c7-CTL rep=6 site=srv [SUCC] gen=0 det=9586 res=9026 orig_n=8920 orig_p50_us=22528 orig_p90_us=57344 orig_p99_us=106496 orig_mx_us=160369 orig_mean_us=29670 rep_n=106 rep_p50_us=65536 rep_p90_us=122880 rep_p99_us=147456 rep_mx_us=160369 rep_mean_us=68087 aban_n=3 aban_p50_us=960 aban_p90_us=960 aban_p99_us=960 aban_mx_us=995 aban_mean_us=995 open=557 over=0 orig_frac=0.9883 cross_us=- dump=0/0
SUCCLINE c7-CTL rep=6 site=srv [SUCC] gen=0 det=19188 res=18834 orig_n=18653 orig_p50_us=32768 orig_p90_us=73728 orig_p99_us=131072 orig_mx_us=215643 orig_mean_us=38786 rep_n=181 rep_p50_us=73728 rep_p90_us=147456 rep_p99_us=180224 rep_mx_us=215620 rep_mean_us=75680 aban_n=3 aban_p50_us=960 aban_p90_us=960 aban_p99_us=960 aban_mx_us=995 aban_mean_us=995 open=351 over=0 orig_frac=0.9904 cross_us=- dump=0/0
SUCCLINE c7-CTL rep=6 site=srv [SUCC] gen=0 det=29108 res=28896 orig_n=28601 orig_p50_us=36864 orig_p90_us=73728 orig_p99_us=131072 orig_mx_us=232129 orig_mean_us=41157 rep_n=295 rep_p50_us=73728 rep_p90_us=147456 rep_p99_us=180224 rep_mx_us=232129 rep_mean_us=83350 aban_n=3 aban_p50_us=960 aban_p90_us=960 aban_p99_us=960 aban_mx_us=995 aban_mean_us=995 open=209 over=0 orig_frac=0.9898 cross_us=- dump=0/0
SUCCLINE c7-CTL rep=6 site=srv [SUCC] gen=0 det=39170 res=38313 orig_n=37904 orig_p50_us=36864 orig_p90_us=73728 orig_p99_us=147456 orig_mx_us=246687 orig_mean_us=42999 rep_n=409 rep_p50_us=65536 rep_p90_us=147456 rep_p99_us=196608 rep_mx_us=232129 rep_mean_us=84648 aban_n=3 aban_p50_us=960 aban_p90_us=960 aban_p99_us=960 aban_mx_us=995 aban_mean_us=995 open=854 over=0 orig_frac=0.9893 cross_us=- dump=0/0
SUCCLINE c7-CTL rep=6 site=srv [SUCC] gen=0 det=47649 res=47569 orig_n=46965 orig_p50_us=36864 orig_p90_us=73728 orig_p99_us=147456 orig_mx_us=246687 orig_mean_us=43673 rep_n=604 rep_p50_us=65536 rep_p90_us=163840 rep_p99_us=229376 rep_mx_us=245174 rep_mean_us=88248 aban_n=3 aban_p50_us=960 aban_p90_us=960 aban_p99_us=960 aban_mx_us=995 aban_mean_us=995 open=77 over=0 orig_frac=0.9873 cross_us=- dump=0/0
SUCCLINE c7-CTL rep=6 site=srv [SUCC] gen=0 det=57294 res=56984 orig_n=56245 orig_p50_us=36864 orig_p90_us=73728 orig_p99_us=147456 orig_mx_us=246687 orig_mean_us=41707 rep_n=739 rep_p50_us=65536 rep_p90_us=147456 rep_p99_us=229376 rep_mx_us=245174 rep_mean_us=81751 aban_n=3 aban_p50_us=960 aban_p90_us=960 aban_p99_us=960 aban_mx_us=995 aban_mean_us=995 open=307 over=0 orig_frac=0.9870 cross_us=- dump=0/0
SUCCLINE c7-CTL rep=6 site=srv [SUCC] gen=0 det=67538 res=66815 orig_n=65953 orig_p50_us=32768 orig_p90_us=73728 orig_p99_us=147456 orig_mx_us=246687 orig_mean_us=40976 rep_n=862 rep_p50_us=65536 rep_p90_us=147456 rep_p99_us=229376 rep_mx_us=245174 rep_mean_us=82451 aban_n=3 aban_p50_us=960 aban_p90_us=960 aban_p99_us=960 aban_mx_us=995 aban_mean_us=995 open=720 over=0 orig_frac=0.9871 cross_us=- dump=0/0
SUCCLINE c7-CTL rep=6 site=srv [SUCC] gen=0 det=76433 res=76197 orig_n=75238 orig_p50_us=36864 orig_p90_us=73728 orig_p99_us=131072 orig_mx_us=246687 orig_mean_us=40776 rep_n=959 rep_p50_us=65536 rep_p90_us=147456 rep_p99_us=229376 rep_mx_us=245174 rep_mean_us=81190 aban_n=3 aban_p50_us=960 aban_p90_us=960 aban_p99_us=960 aban_mx_us=995 aban_mean_us=995 open=233 over=0 orig_frac=0.9874 cross_us=- dump=0/0
SUCCLINE c7-CTL rep=6 site=srv [SUCC] gen=0 det=86615 res=86137 orig_n=85036 orig_p50_us=32768 orig_p90_us=73728 orig_p99_us=131072 orig_mx_us=246687 orig_mean_us=39520 rep_n=1101 rep_p50_us=61440 rep_p90_us=147456 rep_p99_us=229376 rep_mx_us=245174 rep_mean_us=76743 aban_n=3 aban_p50_us=960 aban_p90_us=960 aban_p99_us=960 aban_mx_us=995 aban_mean_us=995 open=475 over=0 orig_frac=0.9872 cross_us=- dump=0/0
HOLDLINE c7-CTL rep=6 site=cli [HOLD] site=sender path=0 gen=0 q=unset n_req=- n_obs=1000 samp_n=1000 fed=39744 t_us=- obs_p50_us=14157 obs_p90_us=59637 obs_p99_us=64545 evals=2977 law_n=0 sup=0 emit=2977 hd_p50_us=- hd_p90_us=- hd_p99_us=- hd_mx_us=- hd_n=0 fa_class=0.0625
HOLDLINE c7-CTL rep=6 site=cli [HOLD] site=sender path=1 gen=0 q=unset n_req=- n_obs=1000 samp_n=1000 fed=36619 t_us=- obs_p50_us=15206 obs_p90_us=57555 obs_p99_us=129844 evals=2190 law_n=0 sup=0 emit=2190 hd_p50_us=- hd_p90_us=- hd_p99_us=- hd_mx_us=- hd_n=0 fa_class=0.0625
WALLLINE c7-CTL rep=6 site=cli [WALL] onset=0.9965 dur_ms=34.0 retx=33 total_ms=9600.9 it_ms=0.057
VAWITNESS {"cell":"c7","arm":"CTL","alpha":"unset","seed":42,"rep":6,"rc":0,"mean_mbps":166.859,"band":[140,180],"band_applies":1,"in_band":1,"lossy":1,"alpha_expect":"unset","alpha_got_cli":"unset","alpha_got_srv":"unset","form_expect":"cantelli","form_got_cli":"cantelli","form_got_srv":"cantelli","winn_expect":"unavail","winn_got_cli":"unavail","winn_got_srv":"unavail","qclk_law_n":169729,"qclk_evals":169729,"qclk_win_ok":0,"qclk_win_n":"unavail","w_us_p50":100000,"w_us_p05":69302,"w_us_p95":100000,"shipped_clock_us":100000,"fcause_n":5167,"fcause_timer":1,"fcause_gap_data":5166,"fcause_gap_refresh":0,"fcause_other":0,"fcause_unattr":0,"succ_det":86615,"succ_res":86137,"succ_orig_frac":"0.9872","rfa_fires":87924,"rfa_false":1783,"rfa_false_frac":"0.0203","rfa_fill_coded":1105,"rack_fa":"960/5167","rack_fa_frac":"0.1858","fails":""}
=== rep=6 arm=c7-Q400 alpha=0.4 form=quantile win_n=25 seed=42 env="RWM_QUANTILE_CLOCKS=1 RWM_ALPHA_OVERRIDE=0.4 RWM_W_FORM=quantile RWM_DELTA_CAP=1 RWM_SUM_CAP=1 RWM_RACK_CLOCKS=0 RWM_DERIVED_SWEEP=0 RWM_COMPOSED_CAP=0 RWM_THREE_TERM=0 RWM_STORE_CAP_UNIFIED=0 RWM_LATE_BRAKE=0 RWM_CHARGE_RECOVERY=0 RWM_RELEASE_1TO1=0 RWM_LOSS_SENT_TRUTH=0 RWM_RTT_DUMP=0 RWM_SUCC_DUMP=0" cell=c2/c2/dual bytes=200000000 18:36:52
[2m2026-08-21T18:36:54.220228Z[0m [32m INFO[0m [2mraptorpath::gates[0m[2m:[0m [GATES] RWM_UNIFIED=1 RWM_UNIFIED_SHED=1 RWM_TAPER_R=1 RWM_ASTAR_ANCHOR=1 RWM_MSTAR_ANCHOR=1 RWM_PLAIN_RS=0 RWM_HONEST_ANCHOR=1 RWM_HONEST_K=0 RWM_STORE_SACK_RELEASE=1 RWM_STORE_PATHS=1 RWM_STORE_PATH_POOL=2048 RWM_STORE=unset RWM_STORE_GAIN=2 RWM_STORE_BOOT=128 RWM_STORE_CAPW=0 RWM_STORE_CAP_UNIFIED=0 RWM_THREE_TERM=0 RWM_COMPOSED_CAP=0 RWM_SUM_CAP=1 RWM_LATE_BRAKE=0 RWM_DELTA_CAP=1 RWM_STORE_PERCAP=0 RWM_PERCAP_GUARD=1 RWM_STORE_BORROW=0 RWM_HONEST_CAP=1 RWM_POOL_ANCHOR=0 RWM_POOL_DELIV=0 RWM_FLOOR_BOUND=0 RWM_ACK_MERGE=1 RWM_LOSS_SENT_TRUTH=0 RWM_RELEASE_1TO1=0 RWM_CHARGE_RECOVERY=0 RWM_PATIENCE_DERIVED=0 RWM_SIDLE_DERIVED=0 RWM_WIN_DECOUPLE=0 RWM_PLACE_SLACK=0 RWM_COLD_PLACE=0 RWM_GEN=384 RWM_PIPELINE=2 RWM_GEN_PIPE=1 RWM_GEN_R=unset RWM_GEN_RATE=9000 RWM_GEN_RATE_FLOOR=2000 RWM_GEN_INFLIGHT=unset RWM_OOO_RETAIN=0/16 RWM_WINDOW=unset RWM_REPORT_GENS=unset RWM_REPAIR_WAIT=unset RWM_CODED_SRC=0 RWM_NO_REACTIVE=0 RWM_XPATH_REPAIR=0 RWM_PROACTIVE_PACER=0 RWM_REASM_BDP=0 RWM_MIN_R=0 RWM_CC_PACE=0 RWM_CC_PACE_HR=1.1 RWM_REACT_CAP=unset RWM_INFL_CAP=0 RWM_INFL_BDP=unset RWM_COPA_FEED=0 RWM_RS_ATTR=1 RWM_EMIT_BATCH=0 RWM_EMIT_BURST=64 RWM_RECOV_MP=1 RWM_RECOV_MP_LAW=1 RWM_RECOV_MP_LIVE=0 RWM_RECOV_SP=0 RWM_DERIVED_SWEEP=0 RWM_RACK_CLOCKS=0 RWM_RACK_REO_MULT=1 RWM_QUANTILE_CLOCKS=1 RWM_ALPHA_OVERRIDE=0.4 RWM_W_FORM=quantile RWM_HOLDDOWN_Q=unset RWM_REFRESH_FLOOR_US=unset RWM_DIAG=1 RWM_ACKDIAG=1 RWM_ACKDIAG_WINDOW_US=2000000 RWM_RTT_DUMP=0 RWM_RTT_DUMP_MAX=400000 RWM_SUCC_DUMP=0 RWM_SUCC_DUMP_MAX=200000 RWM_WALLDIAG=1 RWM_CPUPROF=0 RWM_RDIAG=0 RWM_FDIAG=1 RWM_TRACE=0 RWM_PFRAC=0
{"bytes":200000000,"dnf":0,"hint":"bulk","max_s":12.3849,"mean_mbps":129.189,"mean_s":12.3849,"median_s":12.3849,"min_s":12.3849,"proto":"rp-native","runs":1,"stdev_s":0.0,"summary":true}
    LATPROBE-LEG leg=0 file=/tmp/rwm-ping-0.txt sent=247 recv=242 censor=2.02% p50=18.5[censor=2.02% ok] p95=55.7[censor=2.02% ok] p99=81.6[censor=2.02% UNSCOREABLE(inside censored tail)]
    LATPROBE-LEG leg=1 file=/tmp/rwm-ping-1.txt sent=247 recv=239 censor=3.24% p50=17.6[censor=3.24% ok] p95=55.7[censor=3.24% ok] p99=63.3[censor=3.24% UNSCOREABLE(inside censored tail)]
    LATPROBE: 2 leg(s) /tmp/rwm-ping-0.txt=242 /tmp/rwm-ping-1.txt=239 replies
    CPU: CPUSRV=14.77s CPUCLI=17.05s (srv=decoder cli=sender; whole-invocation incl warmup)
    QDISC cli0: qdisc netem bd95: root refcnt 7 limit 1000 delay 5ms  3ms loss gemodel p 1.3% r 50% 1-h 100% 1-k 0% rate 100Mbit seed 42  Sent 113457413 bytes 91681 pkt (dropped 509, overlimits 0 requeues 0)   backlog 0b 0p requeues 0 
    QDISC cli1: qdisc netem bd96: root refcnt 7 limit 1000 delay 5ms  3ms loss gemodel p 1.3% r 50% 1-h 100% 1-k 0% rate 100Mbit seed 1042  Sent 110718700 bytes 88902 pkt (dropped 458, overlimits 0 requeues 0)   backlog 0b 0p requeues 0 
    QDISC srv0: qdisc netem bd97: root refcnt 7 limit 1000 delay 5ms  3ms rate 100Mbit seed 12455743334586002099  Sent 14137394 bytes 45972 pkt (dropped 0, overlimits 0 requeues 0)   backlog 0b 0p requeues 0 
    QDISC srv1: qdisc netem bd98: root refcnt 7 limit 1000 delay 5ms  3ms rate 100Mbit seed 10605751707458995231  Sent 12712501 bytes 44346 pkt (dropped 0, overlimits 0 requeues 0)   backlog 0b 0p requeues 0 
    QCAP: /tmp/rwm-q.txt 18 lines
RUNTIME c7-Q400 rep=6 15s rc=0
ALPHARESULT {"cell": "c7", "arm": "Q400", "alpha_cmd": 0.4, "seed": 42, "rep": 6, "n_paths": 2, "dnf": false, "dnf_count": 0, "mbps": 129.189, "mean_mbps": 129.189, "seconds": 12.3849, "n_runs": 1, "cpusrv": 14.77, "cpucli": 17.05, "khr_med": 1.0, "kraw_med": null, "khr_n": 89, "kraw_n": 0, "rtp_med": 7, "occ_p50": 490, "occcap_p50": 1100, "q_p50": 20, "q_p99": 63, "diag_lines": 49, "retx": 5725, "w1_rfa_gen": "0", "w2_pfrac_lines": 0, "w4_retx_max": 5725, "w5_rack_fa": "593/5736", "gates_cli_quantile_clocks": 1, "gates_srv_quantile_clocks": 1, "gates_cli_rack_clocks": 0, "gates_srv_rack_clocks": 0, "gates_cli_derived_sweep": 0, "gates_srv_derived_sweep": 0, "gates_cli_delta_cap": 1, "gates_srv_delta_cap": 1, "gates_cli_sum_cap": 1, "gates_srv_sum_cap": 1, "gates_cli_composed_cap": 0, "gates_srv_composed_cap": 0, "gates_cli_three_term": 0, "gates_srv_three_term": 0, "gates_cli_loss_sent_truth": 0, "gates_srv_loss_sent_truth": 0, "gates_cli_gen": null, "gates_srv_gen": null, "gates_cli_diag": 1, "gates_srv_diag": 1, "gates_cli_ackdiag": 1, "gates_srv_ackdiag": 1, "gates_cli_walldiag": 1, "gates_srv_walldiag": 1, "gates_cli_fdiag": 1, "gates_srv_fdiag": 1, "gates_cli_recov_mp": 1, "gates_srv_recov_mp": 1, "gates_cli_cc_pace": 0, "gates_srv_cc_pace": 0, "gates_cli_rack_reo_mult": 1, "gates_srv_rack_reo_mult": 1, "gates_lines_cli": 1, "gates_lines_srv": 1, "gate_quantile_cli": "1", "gate_quantile_srv": "1", "gate_alpha_cli": "0.4", "gate_alpha_srv": "0.4", "gate_gen_cli": 384, "gate_gen_srv": 384, "gate_wform_cli": "quantile", "gate_wform_srv": "quantile", "qalpha_lines_cli": 1, "qalpha_site_cli": "sender", "qalpha_quantile_cli": 1, "qalpha_contract_cli": 0.001, "qalpha_override_cli": 0.4, "qalpha_cli": 0.4, "qalpha_k_cli": 1.2247, "qalpha_form_cli": "quantile", "qalpha_winn_cli": "25", "qalpha_lines_srv": 1, "qalpha_site_srv": "receiver", "qalpha_quantile_srv": 1, "qalpha_contract_srv": 1e-05, "qalpha_override_srv": 0.4, "qalpha_srv": 0.4, "qalpha_k_srv": 1.2247, "qalpha_form_srv": "quantile", "qalpha_winn_srv": "25", "qclk_cli_lines": 1, "qclk_cli_site": "sender", "qclk_cli_alpha": 0.4, "qclk_cli_k": 1.2247, "qclk_cli_w_us_mean": 41824.9, "qclk_cli_srtt_us_mean": 39750.6, "qclk_cli_on": 1, "qclk_cli_evals": 169914, "qclk_cli_kept": 2651, "qclk_cli_w_us_p05": 19468, "qclk_cli_w_us_p50": 38227, "qclk_cli_w_us_p95": 76364, "qclk_cli_w_us_min": 13462, "qclk_cli_w_us_max": 117852, "qclk_cli_law_n": 169663, "qclk_cli_sigma_us_mean": 3503.7, "qclk_cli_sigma_n": 169707, "qclk_form_cli": "quantile", "qclk_winn_cli": "25", "qclk_win_ok_cli": 169663, "qclk_srv_lines": 12, "qclk_srv_site": "receiver", "qclk_srv_alpha": 0.4, "qclk_srv_k": 1.2247, "qclk_srv_w_us_mean": 49458.2, "qclk_srv_srtt_us_mean": 56898.2, "qclk_srv_on": 1, "qclk_srv_evals": 163517, "qclk_srv_kept": 2153, "qclk_srv_w_us_p05": 28985, "qclk_srv_w_us_p50": 35371, "qclk_srv_w_us_p95": 72826, "qclk_srv_w_us_min": 26891, "qclk_srv_w_us_max": 72826, "qclk_srv_law_n": 137795, "qclk_srv_sigma_us_mean": 21402.9, "qclk_srv_sigma_n": 162004, "qclk_form_srv": "quantile", "qclk_winn_srv": "25", "qclk_win_ok_srv": 137795, "rack_lines_cli": 2, "rack_on_cli": 0, "rack_evals_cli": 0, "rack_ceil_cli": 0.0, "rack_gran_cli": 0.0, "rack_legacy_pin_cli": 0.0, "rack_round_cli": 0.0, "rack_legacy_cli": 0.0, "rack_mult_cli": 1, "rack_fa_n_cli": 593, "rack_fa_d_cli": 5736, "rack_fa_frac_cli": 0.1034, "rack_fa_class_cli": 0.0625, "rack_lines_srv": 0, "rack_on_srv": null, "rack_evals_srv": null, "rack_ceil_srv": null, "rack_gran_srv": null, "rack_legacy_pin_srv": null, "rack_round_srv": null, "rack_legacy_srv": null, "rack_mult_srv": null, "rack_fa_n_srv": null, "rack_fa_d_srv": null, "rack_fa_frac_srv": null, "rack_fa_class_srv": null, "rack_fired": 5736, "rack_spurious": 593, "rack_fa_frac": 0.1034, "rack_fa_class": 0.0625, "rack_round_us": 0.0, "rack_legacy_us": 0.0, "rack_evals": 0, "rack_legacy_pin": 0.0, "rfa_lines": 12, "rfa_gen": 0, "rfa_fires": 102348, "rfa_false": 2599, "rfa_fill_coded": 1389, "rfa_fill_src": 98360, "rfa_dup_src": 1314, "rfa_preempt_src": 1285, "rfa_src_n": 165074, "rfa_rep_n": 2350, "rfa_false_frac": 0.0254, "rfa_nu_recv": 0.62001, "rfa_fa_class": 0.0625, "rfa_bracket_lo": 0.0254, "rfa_bracket_hi": 0.651705, "sf_ticks": 2256, "sf_E": 0.9838, "sf_short": 0.031, "sf_zero": 0.0013, "capboot_n": 46, "capboot_frac": 0.0, "ping_n": 242, "ping_p50": 18.2, "ping_p95": 55.7, "ping_p99": 81.6, "ping_tx": 247, "ping_rx": 242, "ping_loss": 2.02, "ping_censor_frac": 0.0202, "legs_probed": 1, "leg0_n": 242, "leg0_sent": 247, "leg0_recv": 242, "leg0_sent_source": "summary", "leg0_censor_frac": 0.0202, "leg0_censor_pct": 2.02, "leg0_recv_mismatch": false, "leg0_leg_unscoreable": false, "leg0_min": 4.82, "leg0_max": 102.0, "leg0_p50": 18.5, "leg0_p50_censored": false, "leg0_p50_scoreable": true, "leg0_p95": 55.7, "leg0_p95_censored": false, "leg0_p95_scoreable": true, "leg0_p99": 81.6, "leg0_p99_censored": true, "leg0_p99_scoreable": false, "legs_censor_max": 0.0202, "wait_tun": 96, "wait_paused": 1, "wait_pace": 0, "wait_gen": 0, "wait_nack": 2, "wait_defc": 0, "wait_tail": 0, "wait_flush": 0, "wait_lines": 46, "deadwall": false, "sig_us_p50": 482.0, "sig_us_n": 86952, "sig_us_path": 0, "sig_paths": 2, "pl_n": 89, "pl_max": 0.0742, "pl_min": 0.0702, "pl_p0": 0.0742, "pl_p1": 0.0702, "dgq_hand": 177416, "dgq_full": 0, "dgq_err": 0, "dgq_gap": 1, "tc_bytes": 224176113, "tc_pkts": 180583, "tc_drop": 967, "tc_s": 14, "hold_lines": 3, "hold_samp_n": 2000, "hold_fed": 81206, "hold_evals": 5729, "hold_law_n": 0, "hold_sup": 0, "hold_emit": 5729, "hold_hd_n": 0, "hold_q": "unset", "hold_n_req": "-", "hold_n_obs": 1000, "hold_gen": 0, "hold_sup_frac": 0.0, "hold_law_frac": 0.0, "hold_obs_p50_us": 12190, "hold_obs_p90_us": 58180, "hold_obs_p99_us": 94188, "hold_t_us_p0": null, "hold_t_us_p1": null, "hold_samp_n_p0": 1000, "hold_samp_n_p1": 1000, "hold_hd_p50_us": null, "hold_hd_p90_us": null, "hold_hd_p99_us": null, "hold_hd_mx_us": null, "hold_unattr_evals": 7, "hold_paths_n": 2, "hold_accounting_ok": 1, "hold_obs_p50_us_p0": 8899, "hold_obs_p90_us_p0": 58180, "hold_obs_p99_us_p0": 94188, "hold_obs_p50_us_p1": 12190, "hold_obs_p90_us_p1": 49028, "hold_obs_p99_us_p1": 65663, "hold_rpd": 0.057216, "fcause_lines": 1, "fcause_gen": 0, "fcause_n": 5736, "fcause_timer": 22, "fcause_gap_data": 5710, "fcause_gap_refresh": 4, "fcause_other": 0, "fcause_fired": 5736, "fcause_unattr": 0, "fcause_timer_frac": 0.0038, "fcause_gap_frac": 0.9962, "succ_lines": 12, "succ_gen": 0, "succ_det": 100252, "succ_res": 99744, "succ_orig_n": 98360, "succ_rep_n": 1384, "succ_aban_n": 0, "succ_open": 508, "succ_over": 0, "succ_orig_p50_us": 16384, "succ_orig_p90_us": 49152, "succ_orig_p99_us": 90112, "succ_orig_mx_us": 211134, "succ_orig_frac": 0.9861, "succ_identity_ok": 1}
LIVENESS c7-Q400 rep=6 RWM_QUANTILE_CLOCKS=RWM_QUANTILE_CLOCKS=1/RWM_QUANTILE_CLOCKS=1(exp1) RWM_ALPHA_OVERRIDE=RWM_ALPHA_OVERRIDE=0.4/RWM_ALPHA_OVERRIDE=0.4(exp0.4) RWM_W_FORM=RWM_W_FORM=quantile/RWM_W_FORM=quantile(expquantile) RWM_DELTA_CAP=RWM_DELTA_CAP=1/RWM_DELTA_CAP=1(exp1) RWM_SUM_CAP=RWM_SUM_CAP=1/RWM_SUM_CAP=1(exp1) RWM_HOLDDOWN_Q=RWM_HOLDDOWN_Q=unset/RWM_HOLDDOWN_Q=unset(expunset) RWM_REFRESH_FLOOR_US=RWM_REFRESH_FLOOR_US=unset/RWM_REFRESH_FLOOR_US=unset(expunset) RWM_RACK_CLOCKS=RWM_RACK_CLOCKS=0/RWM_RACK_CLOCKS=0(exp0) RWM_DERIVED_SWEEP=RWM_DERIVED_SWEEP=0/RWM_DERIVED_SWEEP=0(exp0) RWM_COMPOSED_CAP=RWM_COMPOSED_CAP=0/RWM_COMPOSED_CAP=0(exp0) RWM_THREE_TERM=RWM_THREE_TERM=0/RWM_THREE_TERM=0(exp0) RWM_STORE_CAP_UNIFIED=RWM_STORE_CAP_UNIFIED=0/RWM_STORE_CAP_UNIFIED=0(exp0) RWM_LATE_BRAKE=RWM_LATE_BRAKE=0/RWM_LATE_BRAKE=0(exp0) RWM_CHARGE_RECOVERY=RWM_CHARGE_RECOVERY=0/RWM_CHARGE_RECOVERY=0(exp0) RWM_RELEASE_1TO1=RWM_RELEASE_1TO1=0/RWM_RELEASE_1TO1=0(exp0) RWM_LOSS_SENT_TRUTH=RWM_LOSS_SENT_TRUTH=0/RWM_LOSS_SENT_TRUTH=0(exp0) RWM_RTT_DUMP=RWM_RTT_DUMP=0/RWM_RTT_DUMP=0(exp0) RWM_SUCC_DUMP=RWM_SUCC_DUMP=0/RWM_SUCC_DUMP=0(exp0) RWM_DIAG=RWM_DIAG=1/RWM_DIAG=1(exp1) RWM_ACKDIAG=RWM_ACKDIAG=1/RWM_ACKDIAG=1(exp1) RWM_WALLDIAG=RWM_WALLDIAG=1/RWM_WALLDIAG=1(exp1) RWM_FDIAG=RWM_FDIAG=1/RWM_FDIAG=1(exp1)
W5QALPHA c7-Q400 rep=6 cli=form:quantile/win_n:25/alpha:4.000000e-1 srv=form:quantile/win_n:25/alpha:4.000000e-1 (exp form=quantile win_n=25)
WCLOCK c7-Q400 rep=6 law_n=169663 evals=169914 win_ok=169663 win_n=25 p50=38227 p05=19468 p95=76364 shipped_clock=100000
W8SUCC c7-Q400 rep=6 det=100252 res=99744 orig_frac=0.9861
QALPHALINE c7-Q400 rep=6 site=cli [QALPHA] site=receiver quantile=1 form=quantile win_n=25 contract_alpha=1.000000e-5 override=4.000000e-1 alpha=4.000000e-1 k=1.2247 fa_class=0.0625
QALPHALINE c7-Q400 rep=6 site=cli [QALPHA] site=sender quantile=1 form=quantile win_n=25 contract_alpha=1.000000e-3 override=4.000000e-1 alpha=4.000000e-1 k=1.2247 fa_class=0.0625
QALPHALINE c7-Q400 rep=6 site=srv [QALPHA] site=receiver quantile=1 form=quantile win_n=25 contract_alpha=1.000000e-5 override=4.000000e-1 alpha=4.000000e-1 k=1.2247 fa_class=0.0625
QALPHALINE c7-Q400 rep=6 site=srv [QALPHA] site=sender quantile=1 form=quantile win_n=25 contract_alpha=1.000000e-3 override=4.000000e-1 alpha=4.000000e-1 k=1.2247 fa_class=0.0625
QCLKLINE c7-Q400 rep=6 site=cli [QCLK] site=sender on=1 form=quantile win_n=25 win_ok=169663 alpha=4.000000e-1 k=1.2247 evals=169914 law_n=169663 kept=2651 w_us_mean=41824.9 w_us_p05=19468 w_us_p50=38227 w_us_p95=76364 w_us_min=13462 w_us_max=117852 srtt_us_mean=39750.6 sigma_us_mean=3503.7/n169707 fa_class=0.0625
QCLKLINE c7-Q400 rep=6 site=srv [QCLK] site=receiver on=1 form=quantile win_n=25 win_ok=0 alpha=4.000000e-1 k=1.2247 evals=15767 law_n=0 kept=0 w_us_mean=0.0 w_us_p05=0 w_us_p50=0 w_us_p95=0 w_us_min=0 w_us_max=0 srtt_us_mean=0.0 sigma_us_mean=19074.6/n14254 fa_class=0.0625
QCLKLINE c7-Q400 rep=6 site=srv [QCLK] site=receiver on=1 form=quantile win_n=25 win_ok=5008 alpha=4.000000e-1 k=1.2247 evals=30730 law_n=5008 kept=2504 w_us_mean=40598.3 w_us_p05=33120 w_us_p50=37196 w_us_p95=47286 w_us_min=33120 w_us_max=47286 srtt_us_mean=40703.3 sigma_us_mean=26904.9/n29217 fa_class=0.0625
QCLKLINE c7-Q400 rep=6 site=srv [QCLK] site=receiver on=1 form=quantile win_n=25 win_ok=19332 alpha=4.000000e-1 k=1.2247 evals=45054 law_n=19332 kept=2416 w_us_mean=35569.9 w_us_p05=33108 w_us_p50=33676 w_us_p95=47286 w_us_min=33108 w_us_max=47286 srtt_us_mean=46719.6 sigma_us_mean=27668.6/n43541 fa_class=0.0625
QCLKLINE c7-Q400 rep=6 site=srv [QCLK] site=receiver on=1 form=quantile win_n=25 win_ok=33647 alpha=4.000000e-1 k=1.2247 evals=59369 law_n=33647 kept=2103 w_us_mean=35375.6 w_us_p05=33120 w_us_p50=34784 w_us_p95=42227 w_us_min=33108 w_us_max=47286 srtt_us_mean=49983.8 sigma_us_mean=26416.4/n57856 fa_class=0.0625
QCLKLINE c7-Q400 rep=6 site=srv [QCLK] site=receiver on=1 form=quantile win_n=25 win_ok=47369 alpha=4.000000e-1 k=1.2247 evals=73091 law_n=47369 kept=2961 w_us_mean=34789.5 w_us_p05=32907 w_us_p50=33748 w_us_p95=37196 w_us_min=32477 w_us_max=47286 srtt_us_mean=52804.8 sigma_us_mean=26254.7/n71578 fa_class=0.0625
QCLKLINE c7-Q400 rep=6 site=srv [QCLK] site=receiver on=1 form=quantile win_n=25 win_ok=60738 alpha=4.000000e-1 k=1.2247 evals=86460 law_n=60738 kept=3796 w_us_mean=34434.1 w_us_p05=32907 w_us_p50=33643 w_us_p95=37196 w_us_min=32477 w_us_max=47286 srtt_us_mean=55124.0 sigma_us_mean=25503.3/n84947 fa_class=0.0625
QCLKLINE c7-Q400 rep=6 site=srv [QCLK] site=receiver on=1 form=quantile win_n=25 win_ok=75044 alpha=4.000000e-1 k=1.2247 evals=100766 law_n=75044 kept=2345 w_us_mean=33632.9 w_us_p05=28931 w_us_p50=33379 w_us_p95=37196 w_us_min=26891 w_us_max=47286 srtt_us_mean=57146.8 sigma_us_mean=24770.2/n99253 fa_class=0.0625
QCLKLINE c7-Q400 rep=6 site=srv [QCLK] site=receiver on=1 form=quantile win_n=25 win_ok=85890 alpha=4.000000e-1 k=1.2247 evals=111612 law_n=85890 kept=2684 w_us_mean=37059.5 w_us_p05=28985 w_us_p50=33614 w_us_p95=72826 w_us_min=26891 w_us_max=72826 srtt_us_mean=57772.1 sigma_us_mean=23799.8/n110099 fa_class=0.0625
QCLKLINE c7-Q400 rep=6 site=srv [QCLK] site=receiver on=1 form=quantile win_n=25 win_ok=97296 alpha=4.000000e-1 k=1.2247 evals=123018 law_n=97296 kept=3041 w_us_mean=41236.6 w_us_p05=28985 w_us_p50=33676 w_us_p95=72826 w_us_min=26891 w_us_max=72826 srtt_us_mean=57646.3 sigma_us_mean=23421.0/n121505 fa_class=0.0625
QCLKLINE c7-Q400 rep=6 site=srv [QCLK] site=receiver on=1 form=quantile win_n=25 win_ok=110026 alpha=4.000000e-1 k=1.2247 evals=135748 law_n=110026 kept=3439 w_us_mean=44830.4 w_us_p05=28985 w_us_p50=33748 w_us_p95=72826 w_us_min=26891 w_us_max=72826 srtt_us_mean=57585.1 sigma_us_mean=22375.4/n134235 fa_class=0.0625
QCLKLINE c7-Q400 rep=6 site=srv [QCLK] site=receiver on=1 form=quantile win_n=25 win_ok=124143 alpha=4.000000e-1 k=1.2247 evals=149865 law_n=124143 kept=3880 w_us_mean=47915.6 w_us_p05=28985 w_us_p50=35371 w_us_p95=72826 w_us_min=26891 w_us_max=72826 srtt_us_mean=57020.4 sigma_us_mean=21437.2/n148352 fa_class=0.0625
QCLKLINE c7-Q400 rep=6 site=srv [QCLK] site=receiver on=1 form=quantile win_n=25 win_ok=137795 alpha=4.000000e-1 k=1.2247 evals=163517 law_n=137795 kept=2153 w_us_mean=49458.2 w_us_p05=28985 w_us_p50=35371 w_us_p95=72826 w_us_min=26891 w_us_max=72826 srtt_us_mean=56898.2 sigma_us_mean=21402.9/n162004 fa_class=0.0625
RACKLINE c7-Q400 rep=6 site=cli [RACK] on=0 evals=0 ceil=0.0000 gran=0.0000 legacy_pin=0.0000 round=0.0 legacy=0.0 mult=1 fa=167/167 fa_frac=1.0000 fa_class=0.0625
RACKLINE c7-Q400 rep=6 site=cli [RACK] on=0 evals=0 ceil=0.0000 gran=0.0000 legacy_pin=0.0000 round=0.0 legacy=0.0 mult=1 fa=593/5736 fa_frac=0.1034 fa_class=0.0625
RFALINE c7-Q400 rep=6 site=cli [RFA] gen=0 fires=11 false=11 false_frac=1.0000 fill_coded=0 fill_src=0 dup_src=11 preempt_src=0 src_n=12 rep_n=10 nu_recv=0.91667 fa_class=0.0625
RFALINE c7-Q400 rep=6 site=cli [RFA] gen=0 fires=24 false=24 false_frac=1.0000 fill_coded=0 fill_src=0 dup_src=24 preempt_src=0 src_n=25 rep_n=23 nu_recv=0.96000 fa_class=0.0625
RFALINE c7-Q400 rep=6 site=cli [RFA] gen=0 fires=39 false=39 false_frac=1.0000 fill_coded=0 fill_src=0 dup_src=39 preempt_src=0 src_n=40 rep_n=38 nu_recv=0.97500 fa_class=0.0625
RFALINE c7-Q400 rep=6 site=cli [RFA] gen=0 fires=54 false=54 false_frac=1.0000 fill_coded=0 fill_src=0 dup_src=54 preempt_src=0 src_n=55 rep_n=53 nu_recv=0.98182 fa_class=0.0625
RFALINE c7-Q400 rep=6 site=cli [RFA] gen=0 fires=69 false=69 false_frac=1.0000 fill_coded=0 fill_src=0 dup_src=69 preempt_src=0 src_n=70 rep_n=68 nu_recv=0.98571 fa_class=0.0625
RFALINE c7-Q400 rep=6 site=cli [RFA] gen=0 fires=83 false=83 false_frac=1.0000 fill_coded=0 fill_src=0 dup_src=83 preempt_src=0 src_n=84 rep_n=82 nu_recv=0.98810 fa_class=0.0625
RFALINE c7-Q400 rep=6 site=cli [RFA] gen=0 fires=95 false=95 false_frac=1.0000 fill_coded=0 fill_src=0 dup_src=95 preempt_src=0 src_n=96 rep_n=94 nu_recv=0.98958 fa_class=0.0625
RFALINE c7-Q400 rep=6 site=cli [RFA] gen=0 fires=108 false=108 false_frac=1.0000 fill_coded=0 fill_src=0 dup_src=108 preempt_src=0 src_n=109 rep_n=107 nu_recv=0.99083 fa_class=0.0625
RFALINE c7-Q400 rep=6 site=cli [RFA] gen=0 fires=122 false=122 false_frac=1.0000 fill_coded=0 fill_src=0 dup_src=122 preempt_src=0 src_n=123 rep_n=121 nu_recv=0.99187 fa_class=0.0625
RFALINE c7-Q400 rep=6 site=cli [RFA] gen=0 fires=136 false=136 false_frac=1.0000 fill_coded=0 fill_src=0 dup_src=136 preempt_src=0 src_n=137 rep_n=135 nu_recv=0.99270 fa_class=0.0625
RFALINE c7-Q400 rep=6 site=cli [RFA] gen=0 fires=151 false=151 false_frac=1.0000 fill_coded=0 fill_src=0 dup_src=151 preempt_src=0 src_n=152 rep_n=150 nu_recv=0.99342 fa_class=0.0625
RFALINE c7-Q400 rep=6 site=cli [RFA] gen=0 fires=167 false=167 false_frac=1.0000 fill_coded=0 fill_src=0 dup_src=167 preempt_src=0 src_n=168 rep_n=166 nu_recv=0.99405 fa_class=0.0625
RFALINE c7-Q400 rep=6 site=cli [RFA] gen=0 fires=167 false=167 false_frac=1.0000 fill_coded=0 fill_src=0 dup_src=167 preempt_src=0 src_n=169 rep_n=167 nu_recv=0.98817 fa_class=0.0625
RFALINE c7-Q400 rep=6 site=srv [RFA] gen=0 fires=9029 false=240 false_frac=0.0266 fill_coded=100 fill_src=8689 dup_src=150 preempt_src=90 src_n=15686 rep_n=179 nu_recv=0.57561 fa_class=0.0625
RFALINE c7-Q400 rep=6 site=srv [RFA] gen=0 fires=17830 false=458 false_frac=0.0257 fill_coded=188 fill_src=17184 dup_src=293 preempt_src=165 src_n=30748 rep_n=322 nu_recv=0.57988 fa_class=0.0625
RFALINE c7-Q400 rep=6 site=srv [RFA] gen=0 fires=26832 false=628 false_frac=0.0234 fill_coded=305 fill_src=25899 dup_src=350 preempt_src=278 src_n=44894 rep_n=499 nu_recv=0.59767 fa_class=0.0625
RFALINE c7-Q400 rep=6 site=srv [RFA] gen=0 fires=35766 false=779 false_frac=0.0218 fill_coded=386 fill_src=34601 dup_src=424 preempt_src=355 src_n=59396 rep_n=657 nu_recv=0.60216 fa_class=0.0625
RFALINE c7-Q400 rep=6 site=srv [RFA] gen=0 fires=44661 false=1006 false_frac=0.0225 fill_coded=550 fill_src=43105 dup_src=489 preempt_src=517 src_n=73373 rep_n=858 nu_recv=0.60868 fa_class=0.0625
RFALINE c7-Q400 rep=6 site=srv [RFA] gen=0 fires=53142 false=1315 false_frac=0.0247 fill_coded=686 fill_src=51141 dup_src=672 preempt_src=643 src_n=86756 rep_n=1055 nu_recv=0.61255 fa_class=0.0625
RFALINE c7-Q400 rep=6 site=srv [RFA] gen=0 fires=62332 false=1522 false_frac=0.0244 fill_coded=823 fill_src=59987 dup_src=751 preempt_src=771 src_n=101055 rep_n=1271 nu_recv=0.61681 fa_class=0.0625
RFALINE c7-Q400 rep=6 site=srv [RFA] gen=0 fires=69542 false=1738 false_frac=0.0250 fill_coded=958 fill_src=66846 dup_src=846 preempt_src=892 src_n=112213 rep_n=1487 nu_recv=0.61973 fa_class=0.0625
RFALINE c7-Q400 rep=6 site=srv [RFA] gen=0 fires=76374 false=2048 false_frac=0.0268 fill_coded=1082 fill_src=73244 dup_src=1048 preempt_src=1000 src_n=123956 rep_n=1730 nu_recv=0.61614 fa_class=0.0625
RFALINE c7-Q400 rep=6 site=srv [RFA] gen=0 fires=84678 false=2205 false_frac=0.0260 fill_coded=1167 fill_src=81306 dup_src=1126 preempt_src=1079 src_n=136943 rep_n=1896 nu_recv=0.61834 fa_class=0.0625
RFALINE c7-Q400 rep=6 site=srv [RFA] gen=0 fires=93688 false=2392 false_frac=0.0255 fill_coded=1292 fill_src=90004 dup_src=1192 preempt_src=1200 src_n=151014 rep_n=2132 nu_recv=0.62039 fa_class=0.0625
RFALINE c7-Q400 rep=6 site=srv [RFA] gen=0 fires=102348 false=2599 false_frac=0.0254 fill_coded=1389 fill_src=98360 dup_src=1314 preempt_src=1285 src_n=165074 rep_n=2350 nu_recv=0.62001 fa_class=0.0625
FCAUSELINE c7-Q400 rep=6 site=cli [FCAUSE] gen=0 n=5736 timer=22 gap_data=5710 gap_refresh=4 other=0 timer_frac=0.0038 gap_frac=0.9962 fired=5736 unattr=0 fa_class=0.0625
SUCCLINE c7-Q400 rep=6 site=cli [SUCC] gen=0 det=0 res=0 orig_n=0 orig_p50_us=- orig_p90_us=- orig_p99_us=- orig_mx_us=- orig_mean_us=- rep_n=0 rep_p50_us=- rep_p90_us=- rep_p99_us=- rep_mx_us=- rep_mean_us=- aban_n=0 aban_p50_us=- aban_p90_us=- aban_p99_us=- aban_mx_us=- aban_mean_us=- open=0 over=0 orig_frac=- cross_us=- dump=0/0
SUCCLINE c7-Q400 rep=6 site=cli [SUCC] gen=0 det=0 res=0 orig_n=0 orig_p50_us=- orig_p90_us=- orig_p99_us=- orig_mx_us=- orig_mean_us=- rep_n=0 rep_p50_us=- rep_p90_us=- rep_p99_us=- rep_mx_us=- rep_mean_us=- aban_n=0 aban_p50_us=- aban_p90_us=- aban_p99_us=- aban_mx_us=- aban_mean_us=- open=0 over=0 orig_frac=- cross_us=- dump=0/0
SUCCLINE c7-Q400 rep=6 site=cli [SUCC] gen=0 det=0 res=0 orig_n=0 orig_p50_us=- orig_p90_us=- orig_p99_us=- orig_mx_us=- orig_mean_us=- rep_n=0 rep_p50_us=- rep_p90_us=- rep_p99_us=- rep_mx_us=- rep_mean_us=- aban_n=0 aban_p50_us=- aban_p90_us=- aban_p99_us=- aban_mx_us=- aban_mean_us=- open=0 over=0 orig_frac=- cross_us=- dump=0/0
SUCCLINE c7-Q400 rep=6 site=cli [SUCC] gen=0 det=0 res=0 orig_n=0 orig_p50_us=- orig_p90_us=- orig_p99_us=- orig_mx_us=- orig_mean_us=- rep_n=0 rep_p50_us=- rep_p90_us=- rep_p99_us=- rep_mx_us=- rep_mean_us=- aban_n=0 aban_p50_us=- aban_p90_us=- aban_p99_us=- aban_mx_us=- aban_mean_us=- open=0 over=0 orig_frac=- cross_us=- dump=0/0
SUCCLINE c7-Q400 rep=6 site=cli [SUCC] gen=0 det=0 res=0 orig_n=0 orig_p50_us=- orig_p90_us=- orig_p99_us=- orig_mx_us=- orig_mean_us=- rep_n=0 rep_p50_us=- rep_p90_us=- rep_p99_us=- rep_mx_us=- rep_mean_us=- aban_n=0 aban_p50_us=- aban_p90_us=- aban_p99_us=- aban_mx_us=- aban_mean_us=- open=0 over=0 orig_frac=- cross_us=- dump=0/0
SUCCLINE c7-Q400 rep=6 site=cli [SUCC] gen=0 det=0 res=0 orig_n=0 orig_p50_us=- orig_p90_us=- orig_p99_us=- orig_mx_us=- orig_mean_us=- rep_n=0 rep_p50_us=- rep_p90_us=- rep_p99_us=- rep_mx_us=- rep_mean_us=- aban_n=0 aban_p50_us=- aban_p90_us=- aban_p99_us=- aban_mx_us=- aban_mean_us=- open=0 over=0 orig_frac=- cross_us=- dump=0/0
SUCCLINE c7-Q400 rep=6 site=cli [SUCC] gen=0 det=0 res=0 orig_n=0 orig_p50_us=- orig_p90_us=- orig_p99_us=- orig_mx_us=- orig_mean_us=- rep_n=0 rep_p50_us=- rep_p90_us=- rep_p99_us=- rep_mx_us=- rep_mean_us=- aban_n=0 aban_p50_us=- aban_p90_us=- aban_p99_us=- aban_mx_us=- aban_mean_us=- open=0 over=0 orig_frac=- cross_us=- dump=0/0
SUCCLINE c7-Q400 rep=6 site=cli [SUCC] gen=0 det=0 res=0 orig_n=0 orig_p50_us=- orig_p90_us=- orig_p99_us=- orig_mx_us=- orig_mean_us=- rep_n=0 rep_p50_us=- rep_p90_us=- rep_p99_us=- rep_mx_us=- rep_mean_us=- aban_n=0 aban_p50_us=- aban_p90_us=- aban_p99_us=- aban_mx_us=- aban_mean_us=- open=0 over=0 orig_frac=- cross_us=- dump=0/0
SUCCLINE c7-Q400 rep=6 site=cli [SUCC] gen=0 det=0 res=0 orig_n=0 orig_p50_us=- orig_p90_us=- orig_p99_us=- orig_mx_us=- orig_mean_us=- rep_n=0 rep_p50_us=- rep_p90_us=- rep_p99_us=- rep_mx_us=- rep_mean_us=- aban_n=0 aban_p50_us=- aban_p90_us=- aban_p99_us=- aban_mx_us=- aban_mean_us=- open=0 over=0 orig_frac=- cross_us=- dump=0/0
SUCCLINE c7-Q400 rep=6 site=cli [SUCC] gen=0 det=0 res=0 orig_n=0 orig_p50_us=- orig_p90_us=- orig_p99_us=- orig_mx_us=- orig_mean_us=- rep_n=0 rep_p50_us=- rep_p90_us=- rep_p99_us=- rep_mx_us=- rep_mean_us=- aban_n=0 aban_p50_us=- aban_p90_us=- aban_p99_us=- aban_mx_us=- aban_mean_us=- open=0 over=0 orig_frac=- cross_us=- dump=0/0
SUCCLINE c7-Q400 rep=6 site=cli [SUCC] gen=0 det=0 res=0 orig_n=0 orig_p50_us=- orig_p90_us=- orig_p99_us=- orig_mx_us=- orig_mean_us=- rep_n=0 rep_p50_us=- rep_p90_us=- rep_p99_us=- rep_mx_us=- rep_mean_us=- aban_n=0 aban_p50_us=- aban_p90_us=- aban_p99_us=- aban_mx_us=- aban_mean_us=- open=0 over=0 orig_frac=- cross_us=- dump=0/0
SUCCLINE c7-Q400 rep=6 site=cli [SUCC] gen=0 det=0 res=0 orig_n=0 orig_p50_us=- orig_p90_us=- orig_p99_us=- orig_mx_us=- orig_mean_us=- rep_n=0 rep_p50_us=- rep_p90_us=- rep_p99_us=- rep_mx_us=- rep_mean_us=- aban_n=0 aban_p50_us=- aban_p90_us=- aban_p99_us=- aban_mx_us=- aban_mean_us=- open=0 over=0 orig_frac=- cross_us=- dump=0/0
SUCCLINE c7-Q400 rep=6 site=srv [SUCC] gen=0 det=9206 res=8789 orig_n=8689 orig_p50_us=18432 orig_p90_us=61440 orig_p99_us=98304 orig_mx_us=211134 orig_mean_us=27553 rep_n=100 rep_p50_us=65536 rep_p90_us=131072 rep_p99_us=131072 rep_mx_us=134074 rep_mean_us=72089 aban_n=0 aban_p50_us=- aban_p90_us=- aban_p99_us=- aban_mx_us=- aban_mean_us=- open=417 over=0 orig_frac=0.9886 cross_us=- dump=0/0
SUCCLINE c7-Q400 rep=6 site=srv [SUCC] gen=0 det=17393 res=17371 orig_n=17184 orig_p50_us=14336 orig_p90_us=57344 orig_p99_us=90112 orig_mx_us=211134 orig_mean_us=24092 rep_n=187 rep_p50_us=36864 rep_p90_us=131072 rep_p99_us=131072 rep_mx_us=145154 rep_mean_us=54067 aban_n=0 aban_p50_us=- aban_p90_us=- aban_p99_us=- aban_mx_us=- aban_mean_us=- open=22 over=0 orig_frac=0.9892 cross_us=- dump=0/0
SUCCLINE c7-Q400 rep=6 site=srv [SUCC] gen=0 det=26480 res=26203 orig_n=25899 orig_p50_us=16384 orig_p90_us=53248 orig_p99_us=90112 orig_mx_us=211134 orig_mean_us=24424 rep_n=304 rep_p50_us=45056 rep_p90_us=98304 rep_p99_us=131072 rep_mx_us=145154 rep_mean_us=50339 aban_n=0 aban_p50_us=- aban_p90_us=- aban_p99_us=- aban_mx_us=- aban_mean_us=- open=277 over=0 orig_frac=0.9884 cross_us=- dump=0/0
SUCCLINE c7-Q400 rep=6 site=srv [SUCC] gen=0 det=35260 res=34986 orig_n=34601 orig_p50_us=16384 orig_p90_us=53248 orig_p99_us=90112 orig_mx_us=211134 orig_mean_us=23694 rep_n=385 rep_p50_us=36864 rep_p90_us=90112 rep_p99_us=131072 rep_mx_us=145454 rep_mean_us=46768 aban_n=0 aban_p50_us=- aban_p90_us=- aban_p99_us=- aban_mx_us=- aban_mean_us=- open=274 over=0 orig_frac=0.9890 cross_us=- dump=0/0
SUCCLINE c7-Q400 rep=6 site=srv [SUCC] gen=0 det=44197 res=43659 orig_n=43111 orig_p50_us=16384 orig_p90_us=49152 orig_p99_us=90112 orig_mx_us=211134 orig_mean_us=22884 rep_n=548 rep_p50_us=32768 rep_p90_us=98304 rep_p99_us=131072 rep_mx_us=145454 rep_mean_us=46120 aban_n=0 aban_p50_us=- aban_p90_us=- aban_p99_us=- aban_mx_us=- aban_mean_us=- open=538 over=0 orig_frac=0.9874 cross_us=- dump=0/0
SUCCLINE c7-Q400 rep=6 site=srv [SUCC] gen=0 det=52020 res=51824 orig_n=51141 orig_p50_us=16384 orig_p90_us=49152 orig_p99_us=90112 orig_mx_us=211134 orig_mean_us=22533 rep_n=683 rep_p50_us=36864 rep_p90_us=90112 rep_p99_us=131072 rep_mx_us=145454 rep_mean_us=46370 aban_n=0 aban_p50_us=- aban_p90_us=- aban_p99_us=- aban_mx_us=- aban_mean_us=- open=196 over=0 orig_frac=0.9868 cross_us=- dump=0/0
SUCCLINE c7-Q400 rep=6 site=srv [SUCC] gen=0 det=60837 res=60807 orig_n=59987 orig_p50_us=16384 orig_p90_us=49152 orig_p99_us=90112 orig_mx_us=211134 orig_mean_us=22013 rep_n=820 rep_p50_us=32768 rep_p90_us=90112 rep_p99_us=131072 rep_mx_us=145454 rep_mean_us=43815 aban_n=0 aban_p50_us=- aban_p90_us=- aban_p99_us=- aban_mx_us=- aban_mean_us=- open=30 over=0 orig_frac=0.9865 cross_us=- dump=0/0
SUCCLINE c7-Q400 rep=6 site=srv [SUCC] gen=0 det=67892 res=67800 orig_n=66846 orig_p50_us=16384 orig_p90_us=49152 orig_p99_us=90112 orig_mx_us=211134 orig_mean_us=22230 rep_n=954 rep_p50_us=32768 rep_p90_us=90112 rep_p99_us=131072 rep_mx_us=145454 rep_mean_us=43517 aban_n=0 aban_p50_us=- aban_p90_us=- aban_p99_us=- aban_mx_us=- aban_mean_us=- open=92 over=0 orig_frac=0.9859 cross_us=- dump=0/0
SUCCLINE c7-Q400 rep=6 site=srv [SUCC] gen=0 det=74368 res=74321 orig_n=73244 orig_p50_us=16384 orig_p90_us=45056 orig_p99_us=90112 orig_mx_us=211134 orig_mean_us=21750 rep_n=1077 rep_p50_us=32768 rep_p90_us=90112 rep_p99_us=131072 rep_mx_us=145454 rep_mean_us=42900 aban_n=0 aban_p50_us=- aban_p90_us=- aban_p99_us=- aban_mx_us=- aban_mean_us=- open=47 over=0 orig_frac=0.9855 cross_us=- dump=0/0
SUCCLINE c7-Q400 rep=6 site=srv [SUCC] gen=0 det=82959 res=82468 orig_n=81306 orig_p50_us=15360 orig_p90_us=45056 orig_p99_us=90112 orig_mx_us=211134 orig_mean_us=21404 rep_n=1162 rep_p50_us=32768 rep_p90_us=90112 rep_p99_us=131072 rep_mx_us=145454 rep_mean_us=42072 aban_n=0 aban_p50_us=- aban_p90_us=- aban_p99_us=- aban_mx_us=- aban_mean_us=- open=491 over=0 orig_frac=0.9859 cross_us=- dump=0/0
SUCCLINE c7-Q400 rep=6 site=srv [SUCC] gen=0 det=91508 res=91291 orig_n=90004 orig_p50_us=16384 orig_p90_us=45056 orig_p99_us=90112 orig_mx_us=211134 orig_mean_us=21424 rep_n=1287 rep_p50_us=32768 rep_p90_us=90112 rep_p99_us=131072 rep_mx_us=145454 rep_mean_us=41580 aban_n=0 aban_p50_us=- aban_p90_us=- aban_p99_us=- aban_mx_us=- aban_mean_us=- open=217 over=0 orig_frac=0.9859 cross_us=- dump=0/0
SUCCLINE c7-Q400 rep=6 site=srv [SUCC] gen=0 det=100252 res=99744 orig_n=98360 orig_p50_us=16384 orig_p90_us=49152 orig_p99_us=90112 orig_mx_us=211134 orig_mean_us=22049 rep_n=1384 rep_p50_us=32768 rep_p90_us=81920 rep_p99_us=131072 rep_mx_us=145454 rep_mean_us=42583 aban_n=0 aban_p50_us=- aban_p90_us=- aban_p99_us=- aban_mx_us=- aban_mean_us=- open=508 over=0 orig_frac=0.9861 cross_us=- dump=0/0
HOLDLINE c7-Q400 rep=6 site=cli [HOLD] site=sender path=0 gen=0 q=unset n_req=- n_obs=1000 samp_n=1000 fed=41197 t_us=- obs_p50_us=8899 obs_p90_us=58180 obs_p99_us=94188 evals=2898 law_n=0 sup=0 emit=2898 hd_p50_us=- hd_p90_us=- hd_p99_us=- hd_mx_us=- hd_n=0 fa_class=0.0625
HOLDLINE c7-Q400 rep=6 site=cli [HOLD] site=sender path=1 gen=0 q=unset n_req=- n_obs=1000 samp_n=1000 fed=40009 t_us=- obs_p50_us=12190 obs_p90_us=49028 obs_p99_us=65663 evals=2831 law_n=0 sup=0 emit=2831 hd_p50_us=- hd_p90_us=- hd_p99_us=- hd_mx_us=- hd_n=0 fa_class=0.0625
HOLDLINE c7-Q400 rep=6 site=cli [HOLD] site=sender path=- gen=0 q=unset n_req=- n_obs=1000 samp_n=0 fed=0 t_us=- obs_p50_us=- obs_p90_us=- obs_p99_us=- evals=7 law_n=0 sup=0 emit=7 hd_p50_us=- hd_p90_us=- hd_p99_us=- hd_mx_us=- hd_n=0 fa_class=0.0625
WALLLINE c7-Q400 rep=6 site=cli [WALL] onset=1.0000 dur_ms=0.2 retx=0 total_ms=12401.0 it_ms=0.073
WINDOW-PARTIAL c7-Q400 rep=6 win_ok=169663/169914 win_n=25 (RESULT, not an abort -- the fraction is to be scored, and the quantile-native sweep read 0.829-0.999 here)
VAWITNESS {"cell":"c7","arm":"Q400","alpha":"0.4","seed":42,"rep":6,"rc":0,"mean_mbps":129.189,"band":[140,180],"band_applies":0,"in_band":0,"lossy":1,"alpha_expect":"0.4","alpha_got_cli":"0.4","alpha_got_srv":"0.4","form_expect":"quantile","form_got_cli":"quantile","form_got_srv":"quantile","winn_expect":"25","winn_got_cli":"25","winn_got_srv":"25","qclk_law_n":169663,"qclk_evals":169914,"qclk_win_ok":169663,"qclk_win_n":"25","w_us_p50":38227,"w_us_p05":19468,"w_us_p95":76364,"shipped_clock_us":100000,"fcause_n":5736,"fcause_timer":22,"fcause_gap_data":5710,"fcause_gap_refresh":4,"fcause_other":0,"fcause_unattr":0,"succ_det":100252,"succ_res":99744,"succ_orig_frac":"0.9861","rfa_fires":102348,"rfa_false":2599,"rfa_false_frac":"0.0254","rfa_fill_coded":1389,"rack_fa":"593/5736","rack_fa_frac":"0.1034","fails":""}
=== ARMCOUNTS (rows, NOT live n -- live n is law_n>0; the PRE-REGISTRATION applies the bars) 2026-08-21T18:37:07Z
ARMCOUNT c7-CTL rows=6/6
ARMCOUNT c7-Q400 rows=6/6
VALPHA-BATTERY-DONE seed=42 2026-08-21T18:37:07Z
=== VERDICT-ALPHA BATTERY (goal #101 item 4, THE DERIVED-alpha CLOCK) seed=42 reps=4 2026-08-21T18:37:07Z
CONTRACT goal-gate "THE VERDICT-ALPHA BATTERY -- PRE-REGISTRATION", and nothing else. Paper 16.76 is the clock's derivation and 16.79.7 names the member.
CELLS sc2   (c1/c7/sc2 are the THREE STABLE cells and carry the verdict; c8 is the LOSS-HEAVY WITNESS cell and carries none. c8L is not run at all: 52x rep dispersion.)
ARMS-MEANING CTL = the shipped machine, all three gates ABSENT, byte-identical (2*srtt).clamp(25,100) ms; Q400 = W_q(alpha*) at the MEASURED BOUNDARY OPTIMUM alpha* = 0.40, the MAXIMAL NON-NULL member of the derived-alpha family (paper 16.79.7)
ARMS  CTL Q400   (paired within rep, ARMS INNERMOST)
ARMENV CTL alpha=unset form=unset gates_form=cantelli win_n=unavail | env="RWM_QUANTILE_CLOCKS=0 RWM_DELTA_CAP=1 RWM_SUM_CAP=1 RWM_RACK_CLOCKS=0 RWM_DERIVED_SWEEP=0 RWM_COMPOSED_CAP=0 RWM_THREE_TERM=0 RWM_STORE_CAP_UNIFIED=0 RWM_LATE_BRAKE=0 RWM_CHARGE_RECOVERY=0 RWM_RELEASE_1TO1=0 RWM_LOSS_SENT_TRUTH=0 RWM_RTT_DUMP=0 RWM_SUCC_DUMP=0"
ARMENV Q400 alpha=0.4 form=quantile gates_form=quantile win_n=25 | env="RWM_QUANTILE_CLOCKS=1 RWM_ALPHA_OVERRIDE=0.4 RWM_W_FORM=quantile RWM_DELTA_CAP=1 RWM_SUM_CAP=1 RWM_RACK_CLOCKS=0 RWM_DERIVED_SWEEP=0 RWM_COMPOSED_CAP=0 RWM_THREE_TERM=0 RWM_STORE_CAP_UNIFIED=0 RWM_LATE_BRAKE=0 RWM_CHARGE_RECOVERY=0 RWM_RELEASE_1TO1=0 RWM_LOSS_SENT_TRUTH=0 RWM_RTT_DUMP=0 RWM_SUCC_DUMP=0"
AXIS  RWM_QUANTILE_CLOCKS + RWM_W_FORM + RWM_ALPHA_OVERRIDE, all ABSENT/OFF by default. GARBAGE and any alpha outside (0,1) resolve back to ABSENT and print unset.
ALPHA-LITERAL the [GATES] echo prints the RESOLVED f64 through Rust's own to_string(): 0.40 renders as 0.4 and the arm table matches THAT, literally
MIRRORED-AXIS RWM_HOLDDOWN_Q and RWM_REFRESH_FLOOR_US are the PREVIOUS battery's axes and are asserted ABSENT (unset), two-sided, on EVERY row of this one
GRID  sc2 shipped_clock_us=100000 band=[78,92] paths=1 spec="c2 c2 single 100000000"
F1    THE WIRING WITNESS, SCORED FIRST: the WCLOCK lines. The armed arm must read law_n > 0 and win_n = 25 two-sided; CTL must read its cell's SHIPPED clock. It is a RESULT line and NEVER an abort.
ARM-VOID (law_n=0 on the armed arm) is a RESULT and never an abort
WINDOW-PARTIAL (win_ok < evals) is a RESULT and never an abort -- the fraction is to be scored
DIM1  DELIVERED LATENCY, per-leg, censoring-aware: the WORST LEG's p50 AND p95 from the RWM_LATPROBE per-leg ping, with legs_censor_max beside every reading
DIM2  REALIZED FALSE REPAIR: [RFA] false_frac AND [RFA] false (the COUNT), both, plus the commanded [RACK] fa_frac -- and each compared against the DERIVED alpha 0.40 as well as against CTL
GUARD goodput. G1 = the CTL band, ABSOLUTE. G2 = Copa utility at delta_auto = 0.5. See the pre-registration.
BANDSCOPE the goodput abort bands apply to CTL ONLY (band_applies=1); an out-of-band TREATMENT reading is a RESULT -- it is the guard's G1 reading
BIN /home/vibe/raptorpath/target/release/raptorpath
SHA256 91a4f8ccda35941cdbcbaf09988a2fb01baf221899131f4078200e10faa8c7f3  /home/vibe/raptorpath/target/release/raptorpath
COMMIT 999aa63307347831eef15ec60732fe9baf63db94
KERNEL 7.0.14-101.fc43.x86_64
UPTIME  20:37:07 up 2 days, 23:19,  7 users,  load average: 4.25, 3.33, 1.74
COTENANT kwin=0
0 sddm=4
CPU Model name:                              Intel(R) Xeon(R) CPU E5-2650 v3 @ 2.30GHz
CPUFLAGS aes avx2 pclmulqdq 
=== rep=1 arm=sc2-CTL alpha=unset form=unset win_n=unavail seed=42 env="RWM_QUANTILE_CLOCKS=0 RWM_DELTA_CAP=1 RWM_SUM_CAP=1 RWM_RACK_CLOCKS=0 RWM_DERIVED_SWEEP=0 RWM_COMPOSED_CAP=0 RWM_THREE_TERM=0 RWM_STORE_CAP_UNIFIED=0 RWM_LATE_BRAKE=0 RWM_CHARGE_RECOVERY=0 RWM_RELEASE_1TO1=0 RWM_LOSS_SENT_TRUTH=0 RWM_RTT_DUMP=0 RWM_SUCC_DUMP=0" cell=c2/c2/single bytes=100000000 18:37:07
[2m2026-08-21T18:37:09.572638Z[0m [32m INFO[0m [2mraptorpath::gates[0m[2m:[0m [GATES] RWM_UNIFIED=1 RWM_UNIFIED_SHED=1 RWM_TAPER_R=1 RWM_ASTAR_ANCHOR=1 RWM_MSTAR_ANCHOR=1 RWM_PLAIN_RS=0 RWM_HONEST_ANCHOR=1 RWM_HONEST_K=0 RWM_STORE_SACK_RELEASE=1 RWM_STORE_PATHS=1 RWM_STORE_PATH_POOL=2048 RWM_STORE=unset RWM_STORE_GAIN=2 RWM_STORE_BOOT=128 RWM_STORE_CAPW=0 RWM_STORE_CAP_UNIFIED=0 RWM_THREE_TERM=0 RWM_COMPOSED_CAP=0 RWM_SUM_CAP=1 RWM_LATE_BRAKE=0 RWM_DELTA_CAP=1 RWM_STORE_PERCAP=0 RWM_PERCAP_GUARD=1 RWM_STORE_BORROW=0 RWM_HONEST_CAP=1 RWM_POOL_ANCHOR=0 RWM_POOL_DELIV=0 RWM_FLOOR_BOUND=0 RWM_ACK_MERGE=1 RWM_LOSS_SENT_TRUTH=0 RWM_RELEASE_1TO1=0 RWM_CHARGE_RECOVERY=0 RWM_PATIENCE_DERIVED=0 RWM_SIDLE_DERIVED=0 RWM_WIN_DECOUPLE=0 RWM_PLACE_SLACK=0 RWM_COLD_PLACE=0 RWM_GEN=384 RWM_PIPELINE=2 RWM_GEN_PIPE=1 RWM_GEN_R=unset RWM_GEN_RATE=9000 RWM_GEN_RATE_FLOOR=2000 RWM_GEN_INFLIGHT=unset RWM_OOO_RETAIN=0/16 RWM_WINDOW=unset RWM_REPORT_GENS=unset RWM_REPAIR_WAIT=unset RWM_CODED_SRC=0 RWM_NO_REACTIVE=0 RWM_XPATH_REPAIR=0 RWM_PROACTIVE_PACER=0 RWM_REASM_BDP=0 RWM_MIN_R=0 RWM_CC_PACE=0 RWM_CC_PACE_HR=1.1 RWM_REACT_CAP=unset RWM_INFL_CAP=0 RWM_INFL_BDP=unset RWM_COPA_FEED=0 RWM_RS_ATTR=1 RWM_EMIT_BATCH=0 RWM_EMIT_BURST=64 RWM_RECOV_MP=1 RWM_RECOV_MP_LAW=1 RWM_RECOV_MP_LIVE=0 RWM_RECOV_SP=0 RWM_DERIVED_SWEEP=0 RWM_RACK_CLOCKS=0 RWM_RACK_REO_MULT=1 RWM_QUANTILE_CLOCKS=0 RWM_ALPHA_OVERRIDE=unset RWM_W_FORM=cantelli RWM_HOLDDOWN_Q=unset RWM_REFRESH_FLOOR_US=unset RWM_DIAG=1 RWM_ACKDIAG=1 RWM_ACKDIAG_WINDOW_US=2000000 RWM_RTT_DUMP=0 RWM_RTT_DUMP_MAX=400000 RWM_SUCC_DUMP=0 RWM_SUCC_DUMP_MAX=200000 RWM_WALLDIAG=1 RWM_CPUPROF=0 RWM_RDIAG=0 RWM_FDIAG=1 RWM_TRACE=0 RWM_PFRAC=0
{"bytes":100000000,"dnf":0,"hint":"bulk","max_s":8.9943,"mean_mbps":88.945,"mean_s":8.9943,"median_s":8.9943,"min_s":8.9943,"proto":"rp-native","runs":1,"stdev_s":0.0,"summary":true}
    LATPROBE-LEG leg=0 file=/tmp/rwm-ping-0.txt sent=180 recv=176 censor=2.22% p50=64.7[censor=2.22% ok] p95=71.2[censor=2.22% ok] p99=72.8[censor=2.22% UNSCOREABLE(inside censored tail)]
    LATPROBE: 1 leg(s) /tmp/rwm-ping-0.txt=176 replies
    CPU: CPUSRV=8.42s CPUCLI=6.96s (srv=decoder cli=sender; whole-invocation incl warmup)
    QDISC cli0: qdisc netem bd99: root refcnt 7 limit 1000 delay 5ms  3ms loss gemodel p 1.3% r 50% 1-h 100% 1-k 0% rate 100Mbit seed 42  Sent 111569106 bytes 86302 pkt (dropped 334, overlimits 0 requeues 0)   backlog 0b 0p requeues 0 
    QDISC srv0: qdisc netem bd9b: root refcnt 7 limit 1000 delay 5ms  3ms rate 100Mbit seed 3387239492499572582  Sent 10541375 bytes 56613 pkt (dropped 0, overlimits 0 requeues 0)   backlog 0b 0p requeues 0 
    QCAP: /tmp/rwm-q.txt 10 lines
RUNTIME sc2-CTL rep=1 11s rc=0
ALPHARESULT {"cell": "sc2", "arm": "CTL", "alpha_cmd": null, "seed": 42, "rep": 1, "n_paths": 1, "dnf": false, "dnf_count": 0, "mbps": 88.945, "mean_mbps": 88.945, "seconds": 8.9943, "n_runs": 1, "cpusrv": 8.42, "cpucli": 6.96, "khr_med": 1.0, "kraw_med": null, "khr_n": 32, "kraw_n": 0, "rtp_med": 9, "occ_p50": 1011, "occcap_p50": 1024, "q_p50": 94, "q_p99": 100, "diag_lines": 35, "retx": 3073, "w1_rfa_gen": "0", "w2_pfrac_lines": 0, "w4_retx_max": 3073, "w5_rack_fa": "2356/3147", "gates_cli_quantile_clocks": 0, "gates_srv_quantile_clocks": 0, "gates_cli_rack_clocks": 0, "gates_srv_rack_clocks": 0, "gates_cli_derived_sweep": 0, "gates_srv_derived_sweep": 0, "gates_cli_delta_cap": 1, "gates_srv_delta_cap": 1, "gates_cli_sum_cap": 1, "gates_srv_sum_cap": 1, "gates_cli_composed_cap": 0, "gates_srv_composed_cap": 0, "gates_cli_three_term": 0, "gates_srv_three_term": 0, "gates_cli_loss_sent_truth": 0, "gates_srv_loss_sent_truth": 0, "gates_cli_gen": null, "gates_srv_gen": null, "gates_cli_diag": 1, "gates_srv_diag": 1, "gates_cli_ackdiag": 1, "gates_srv_ackdiag": 1, "gates_cli_walldiag": 1, "gates_srv_walldiag": 1, "gates_cli_fdiag": 1, "gates_srv_fdiag": 1, "gates_cli_recov_mp": 1, "gates_srv_recov_mp": 1, "gates_cli_cc_pace": 0, "gates_srv_cc_pace": 0, "gates_cli_rack_reo_mult": 1, "gates_srv_rack_reo_mult": 1, "gates_lines_cli": 1, "gates_lines_srv": 1, "gate_quantile_cli": "0", "gate_quantile_srv": "0", "gate_alpha_cli": "unset", "gate_alpha_srv": "unset", "gate_gen_cli": 384, "gate_gen_srv": 384, "gate_wform_cli": "cantelli", "gate_wform_srv": "cantelli", "qalpha_lines_cli": 1, "qalpha_site_cli": "sender", "qalpha_quantile_cli": 0, "qalpha_contract_cli": 0.001, "qalpha_override_cli": null, "qalpha_cli": 0.001, "qalpha_k_cli": 31.607, "qalpha_form_cli": "cantelli", "qalpha_winn_cli": "unavail", "qalpha_lines_srv": 1, "qalpha_site_srv": "receiver", "qalpha_quantile_srv": 0, "qalpha_contract_srv": 1e-05, "qalpha_override_srv": null, "qalpha_srv": 1e-05, "qalpha_k_srv": 316.2262, "qalpha_form_srv": "cantelli", "qalpha_winn_srv": "unavail", "qclk_cli_lines": 1, "qclk_cli_site": "sender", "qclk_cli_alpha": 0.001, "qclk_cli_k": 31.607, "qclk_cli_w_us_mean": 95065.5, "qclk_cli_srtt_us_mean": 96065.2, "qclk_cli_on": 0, "qclk_cli_evals": 89416, "qclk_cli_kept": 2795, "qclk_cli_w_us_p05": 25000, "qclk_cli_w_us_p50": 100000, "qclk_cli_w_us_p95": 100000, "qclk_cli_w_us_min": 25000, "qclk_cli_w_us_max": 100000, "qclk_cli_law_n": 89416, "qclk_cli_sigma_us_mean": 602.9, "qclk_cli_sigma_n": 83744, "qclk_form_cli": "cantelli", "qclk_winn_cli": "unavail", "qclk_win_ok_cli": 0, "qclk_srv_lines": 8, "qclk_srv_site": "receiver", "qclk_srv_alpha": 1e-05, "qclk_srv_k": 316.2262, "qclk_srv_w_us_mean": 98510.0, "qclk_srv_srtt_us_mean": 97087.9, "qclk_srv_on": 0, "qclk_srv_evals": 61505, "qclk_srv_kept": 3845, "qclk_srv_w_us_p05": 96868, "qclk_srv_w_us_p50": 100000, "qclk_srv_w_us_p95": 100000, "qclk_srv_w_us_min": 25000, "qclk_srv_w_us_max": 100000, "qclk_srv_law_n": 61505, "qclk_srv_sigma_us_mean": 6525.8, "qclk_srv_sigma_n": 61220, "qclk_form_srv": "cantelli", "qclk_winn_srv": "unavail", "qclk_win_ok_srv": 0, "rack_lines_cli": 2, "rack_on_cli": 0, "rack_evals_cli": 0, "rack_ceil_cli": 0.0, "rack_gran_cli": 0.0, "rack_legacy_pin_cli": 0.0, "rack_round_cli": 0.0, "rack_legacy_cli": 0.0, "rack_mult_cli": 1, "rack_fa_n_cli": 2356, "rack_fa_d_cli": 3147, "rack_fa_frac_cli": 0.7486, "rack_fa_class_cli": 0.0625, "rack_lines_srv": 0, "rack_on_srv": null, "rack_evals_srv": null, "rack_ceil_srv": null, "rack_gran_srv": null, "rack_legacy_pin_srv": null, "rack_round_srv": null, "rack_legacy_srv": null, "rack_mult_srv": null, "rack_fa_n_srv": null, "rack_fa_d_srv": null, "rack_fa_frac_srv": null, "rack_fa_class_srv": null, "rack_fired": 3147, "rack_spurious": 2356, "rack_fa_frac": 0.7486, "rack_fa_class": 0.0625, "rack_round_us": 0.0, "rack_legacy_us": 0.0, "rack_evals": 0, "rack_legacy_pin": 0.0, "rfa_lines": 8, "rfa_gen": 0, "rfa_fires": 2754, "rfa_false": 936, "rfa_fill_coded": 111, "rfa_fill_src": 1707, "rfa_dup_src": 827, "rfa_preempt_src": 109, "rfa_src_n": 76034, "rfa_rep_n": 341, "rfa_false_frac": 0.3399, "rfa_nu_recv": 0.03622, "rfa_fa_class": 0.0625, "rfa_bracket_lo": 0.3399, "rfa_bracket_hi": 0.893983, "sf_ticks": 1427, "sf_E": 0.9376, "sf_short": 0.0624, "sf_zero": 0.0624, "capboot_n": 32, "capboot_frac": 0.0, "ping_n": 176, "ping_p50": 64.7, "ping_p95": 71.1, "ping_p99": 72.1, "ping_tx": 180, "ping_rx": 176, "ping_loss": 2.22, "ping_censor_frac": 0.0222, "legs_probed": 1, "leg0_n": 176, "leg0_sent": 180, "leg0_recv": 176, "leg0_sent_source": "summary", "leg0_censor_frac": 0.0222, "leg0_censor_pct": 2.22, "leg0_recv_mismatch": false, "leg0_leg_unscoreable": false, "leg0_min": 9.55, "leg0_max": 73.4, "leg0_p50": 64.7, "leg0_p50_censored": false, "leg0_p50_scoreable": true, "leg0_p95": 71.2, "leg0_p95_censored": false, "leg0_p95_scoreable": true, "leg0_p99": 72.8, "leg0_p99_censored": true, "leg0_p99_scoreable": false, "legs_censor_max": 0.0222, "wait_tun": 39, "wait_paused": 33, "wait_pace": 0, "wait_gen": 0, "wait_nack": 29, "wait_defc": 0, "wait_tail": 1, "wait_flush": 0, "wait_lines": 32, "deadwall": false, "sig_us_p50": 834.0, "sig_us_n": 83644, "sig_us_path": 0, "sig_paths": 1, "pl_n": 32, "pl_max": 0.0, "pl_min": 0.0, "pl_p0": 0.0, "dgq_hand": 86979, "dgq_full": 0, "dgq_err": 0, "dgq_gap": 372, "tc_bytes": 111569106, "tc_pkts": 86302, "tc_drop": 334, "tc_s": 11, "hold_lines": 2, "hold_samp_n": 1000, "hold_fed": 1619, "hold_evals": 3125, "hold_law_n": 0, "hold_sup": 0, "hold_emit": 3125, "hold_hd_n": 0, "hold_q": "unset", "hold_n_req": "-", "hold_n_obs": 1000, "hold_gen": 0, "hold_sup_frac": 0.0, "hold_law_frac": 0.0, "hold_obs_p50_us": 102443, "hold_obs_p90_us": 106212, "hold_obs_p99_us": 201455, "hold_t_us_p0": null, "hold_t_us_p1": null, "hold_samp_n_p0": 1000, "hold_samp_n_p1": null, "hold_hd_p50_us": null, "hold_hd_p90_us": null, "hold_hd_p99_us": null, "hold_hd_mx_us": null, "hold_unattr_evals": 22, "hold_paths_n": 1, "hold_accounting_ok": 1, "hold_obs_p50_us_p0": 102443, "hold_obs_p90_us_p0": 106212, "hold_obs_p99_us_p0": 201455, "hold_rpd": 1.771959, "fcause_lines": 1, "fcause_gen": 0, "fcause_n": 3147, "fcause_timer": 35, "fcause_gap_data": 3112, "fcause_gap_refresh": 0, "fcause_other": 0, "fcause_fired": 3147, "fcause_unattr": 0, "fcause_timer_frac": 0.0111, "fcause_gap_frac": 0.9889, "succ_lines": 8, "succ_gen": 0, "succ_det": 1776, "succ_res": 1776, "succ_orig_n": 1666, "succ_rep_n": 110, "succ_aban_n": 0, "succ_open": 0, "succ_over": 0, "succ_orig_p50_us": 98304, "succ_orig_p90_us": 114688, "succ_orig_p99_us": 196608, "succ_orig_mx_us": 219157, "succ_orig_frac": 0.9381, "succ_identity_ok": 1}
LIVENESS sc2-CTL rep=1 RWM_QUANTILE_CLOCKS=RWM_QUANTILE_CLOCKS=0/RWM_QUANTILE_CLOCKS=0(exp0) RWM_ALPHA_OVERRIDE=RWM_ALPHA_OVERRIDE=unset/RWM_ALPHA_OVERRIDE=unset(expunset) RWM_W_FORM=RWM_W_FORM=cantelli/RWM_W_FORM=cantelli(expcantelli) RWM_DELTA_CAP=RWM_DELTA_CAP=1/RWM_DELTA_CAP=1(exp1) RWM_SUM_CAP=RWM_SUM_CAP=1/RWM_SUM_CAP=1(exp1) RWM_HOLDDOWN_Q=RWM_HOLDDOWN_Q=unset/RWM_HOLDDOWN_Q=unset(expunset) RWM_REFRESH_FLOOR_US=RWM_REFRESH_FLOOR_US=unset/RWM_REFRESH_FLOOR_US=unset(expunset) RWM_RACK_CLOCKS=RWM_RACK_CLOCKS=0/RWM_RACK_CLOCKS=0(exp0) RWM_DERIVED_SWEEP=RWM_DERIVED_SWEEP=0/RWM_DERIVED_SWEEP=0(exp0) RWM_COMPOSED_CAP=RWM_COMPOSED_CAP=0/RWM_COMPOSED_CAP=0(exp0) RWM_THREE_TERM=RWM_THREE_TERM=0/RWM_THREE_TERM=0(exp0) RWM_STORE_CAP_UNIFIED=RWM_STORE_CAP_UNIFIED=0/RWM_STORE_CAP_UNIFIED=0(exp0) RWM_LATE_BRAKE=RWM_LATE_BRAKE=0/RWM_LATE_BRAKE=0(exp0) RWM_CHARGE_RECOVERY=RWM_CHARGE_RECOVERY=0/RWM_CHARGE_RECOVERY=0(exp0) RWM_RELEASE_1TO1=RWM_RELEASE_1TO1=0/RWM_RELEASE_1TO1=0(exp0) RWM_LOSS_SENT_TRUTH=RWM_LOSS_SENT_TRUTH=0/RWM_LOSS_SENT_TRUTH=0(exp0) RWM_RTT_DUMP=RWM_RTT_DUMP=0/RWM_RTT_DUMP=0(exp0) RWM_SUCC_DUMP=RWM_SUCC_DUMP=0/RWM_SUCC_DUMP=0(exp0) RWM_DIAG=RWM_DIAG=1/RWM_DIAG=1(exp1) RWM_ACKDIAG=RWM_ACKDIAG=1/RWM_ACKDIAG=1(exp1) RWM_WALLDIAG=RWM_WALLDIAG=1/RWM_WALLDIAG=1(exp1) RWM_FDIAG=RWM_FDIAG=1/RWM_FDIAG=1(exp1)
W5QALPHA sc2-CTL rep=1 cli=form:cantelli/win_n:unavail/alpha:1.000000e-3 srv=form:cantelli/win_n:unavail/alpha:1.000000e-5 (exp form=cantelli win_n=unavail)
WCLOCK sc2-CTL rep=1 law_n=89416 evals=89416 win_ok=0 win_n=unavail p50=100000 p05=25000 p95=100000 shipped_clock=100000
W8SUCC sc2-CTL rep=1 det=1776 res=1776 orig_frac=0.9381
QALPHALINE sc2-CTL rep=1 site=cli [QALPHA] site=receiver quantile=0 form=cantelli win_n=unavail contract_alpha=1.000000e-5 override=unset alpha=1.000000e-5 k=316.2262 fa_class=0.0625
QALPHALINE sc2-CTL rep=1 site=cli [QALPHA] site=sender quantile=0 form=cantelli win_n=unavail contract_alpha=1.000000e-3 override=unset alpha=1.000000e-3 k=31.6070 fa_class=0.0625
QALPHALINE sc2-CTL rep=1 site=srv [QALPHA] site=receiver quantile=0 form=cantelli win_n=unavail contract_alpha=1.000000e-5 override=unset alpha=1.000000e-5 k=316.2262 fa_class=0.0625
QALPHALINE sc2-CTL rep=1 site=srv [QALPHA] site=sender quantile=0 form=cantelli win_n=unavail contract_alpha=1.000000e-3 override=unset alpha=1.000000e-3 k=31.6070 fa_class=0.0625
QCLKLINE sc2-CTL rep=1 site=cli [QCLK] site=sender on=0 form=cantelli win_n=unavail win_ok=0 alpha=1.000000e-3 k=31.6070 evals=89416 law_n=89416 kept=2795 w_us_mean=95065.5 w_us_p05=25000 w_us_p50=100000 w_us_p95=100000 w_us_min=25000 w_us_max=100000 srtt_us_mean=96065.2 sigma_us_mean=602.9/n83744 fa_class=0.0625
QCLKLINE sc2-CTL rep=1 site=srv [QCLK] site=receiver on=0 form=cantelli win_n=unavail win_ok=0 alpha=1.000000e-5 k=316.2262 evals=6366 law_n=6366 kept=3183 w_us_mean=85604.0 w_us_p05=30395 w_us_p50=96868 w_us_p95=100000 w_us_min=25000 w_us_max=100000 srtt_us_mean=54296.9 sigma_us_mean=24702.6/n6081 fa_class=0.0625
QCLKLINE sc2-CTL rep=1 site=srv [QCLK] site=receiver on=0 form=cantelli win_n=unavail win_ok=0 alpha=1.000000e-5 k=316.2262 evals=12687 law_n=12687 kept=3172 w_us_mean=92776.5 w_us_p05=67548 w_us_p50=100000 w_us_p95=100000 w_us_min=25000 w_us_max=100000 srtt_us_mean=74922.3 sigma_us_mean=18479.6/n12402 fa_class=0.0625
QCLKLINE sc2-CTL rep=1 site=srv [QCLK] site=receiver on=0 form=cantelli win_n=unavail win_ok=0 alpha=1.000000e-5 k=316.2262 evals=21006 law_n=21006 kept=2626 w_us_mean=95637.2 w_us_p05=67548 w_us_p50=100000 w_us_p95=100000 w_us_min=25000 w_us_max=100000 srtt_us_mean=85195.1 sigma_us_mean=12320.0/n20721 fa_class=0.0625
QCLKLINE sc2-CTL rep=1 site=srv [QCLK] site=receiver on=0 form=cantelli win_n=unavail win_ok=0 alpha=1.000000e-5 k=316.2262 evals=28259 law_n=28259 kept=3533 w_us_mean=96757.0 w_us_p05=74066 w_us_p50=100000 w_us_p95=100000 w_us_min=25000 w_us_max=100000 srtt_us_mean=89710.1 sigma_us_mean=9750.8/n27974 fa_class=0.0625
QCLKLINE sc2-CTL rep=1 site=srv [QCLK] site=receiver on=0 form=cantelli win_n=unavail win_ok=0 alpha=1.000000e-5 k=316.2262 evals=37754 law_n=37754 kept=2360 w_us_mean=97572.6 w_us_p05=85835 w_us_p50=100000 w_us_p95=100000 w_us_min=25000 w_us_max=100000 srtt_us_mean=92858.0 sigma_us_mean=7852.8/n37469 fa_class=0.0625
QCLKLINE sc2-CTL rep=1 site=srv [QCLK] site=receiver on=0 form=cantelli win_n=unavail win_ok=0 alpha=1.000000e-5 k=316.2262 evals=45456 law_n=45456 kept=2841 w_us_mean=97983.9 w_us_p05=85835 w_us_p50=100000 w_us_p95=100000 w_us_min=25000 w_us_max=100000 srtt_us_mean=94453.0 sigma_us_mean=7055.2/n45171 fa_class=0.0625
QCLKLINE sc2-CTL rep=1 site=srv [QCLK] site=receiver on=0 form=cantelli win_n=unavail win_ok=0 alpha=1.000000e-5 k=316.2262 evals=54449 law_n=54449 kept=3404 w_us_mean=98316.9 w_us_p05=96868 w_us_p50=100000 w_us_p95=100000 w_us_min=25000 w_us_max=100000 srtt_us_mean=96157.8 sigma_us_mean=7004.3/n54164 fa_class=0.0625
QCLKLINE sc2-CTL rep=1 site=srv [QCLK] site=receiver on=0 form=cantelli win_n=unavail win_ok=0 alpha=1.000000e-5 k=316.2262 evals=61505 law_n=61505 kept=3845 w_us_mean=98510.0 w_us_p05=96868 w_us_p50=100000 w_us_p95=100000 w_us_min=25000 w_us_max=100000 srtt_us_mean=97087.9 sigma_us_mean=6525.8/n61220 fa_class=0.0625
RACKLINE sc2-CTL rep=1 site=cli [RACK] on=0 evals=0 ceil=0.0000 gran=0.0000 legacy_pin=0.0000 round=0.0 legacy=0.0 mult=1 fa=61/61 fa_frac=1.0000 fa_class=0.0625
RACKLINE sc2-CTL rep=1 site=cli [RACK] on=0 evals=0 ceil=0.0000 gran=0.0000 legacy_pin=0.0000 round=0.0 legacy=0.0 mult=1 fa=2356/3147 fa_frac=0.7486 fa_class=0.0625
RFALINE sc2-CTL rep=1 site=cli [RFA] gen=0 fires=15 false=15 false_frac=1.0000 fill_coded=0 fill_src=0 dup_src=15 preempt_src=0 src_n=16 rep_n=14 nu_recv=0.93750 fa_class=0.0625
RFALINE sc2-CTL rep=1 site=cli [RFA] gen=0 fires=25 false=25 false_frac=1.0000 fill_coded=0 fill_src=0 dup_src=25 preempt_src=0 src_n=26 rep_n=24 nu_recv=0.96154 fa_class=0.0625
RFALINE sc2-CTL rep=1 site=cli [RFA] gen=0 fires=32 false=32 false_frac=1.0000 fill_coded=0 fill_src=0 dup_src=32 preempt_src=0 src_n=33 rep_n=31 nu_recv=0.96970 fa_class=0.0625
RFALINE sc2-CTL rep=1 site=cli [RFA] gen=0 fires=37 false=37 false_frac=1.0000 fill_coded=0 fill_src=0 dup_src=37 preempt_src=0 src_n=38 rep_n=36 nu_recv=0.97368 fa_class=0.0625
RFALINE sc2-CTL rep=1 site=cli [RFA] gen=0 fires=42 false=42 false_frac=1.0000 fill_coded=0 fill_src=0 dup_src=42 preempt_src=0 src_n=43 rep_n=41 nu_recv=0.97674 fa_class=0.0625
RFALINE sc2-CTL rep=1 site=cli [RFA] gen=0 fires=47 false=47 false_frac=1.0000 fill_coded=0 fill_src=0 dup_src=47 preempt_src=0 src_n=48 rep_n=46 nu_recv=0.97917 fa_class=0.0625
RFALINE sc2-CTL rep=1 site=cli [RFA] gen=0 fires=52 false=52 false_frac=1.0000 fill_coded=0 fill_src=0 dup_src=52 preempt_src=0 src_n=53 rep_n=51 nu_recv=0.98113 fa_class=0.0625
RFALINE sc2-CTL rep=1 site=cli [RFA] gen=0 fires=57 false=57 false_frac=1.0000 fill_coded=0 fill_src=0 dup_src=57 preempt_src=0 src_n=58 rep_n=56 nu_recv=0.98276 fa_class=0.0625
RFALINE sc2-CTL rep=1 site=cli [RFA] gen=0 fires=61 false=61 false_frac=1.0000 fill_coded=0 fill_src=0 dup_src=61 preempt_src=0 src_n=63 rep_n=61 nu_recv=0.96825 fa_class=0.0625
RFALINE sc2-CTL rep=1 site=srv [RFA] gen=0 fires=522 false=362 false_frac=0.6935 fill_coded=2 fill_src=158 dup_src=360 preempt_src=2 src_n=8866 rep_n=18 nu_recv=0.05888 fa_class=0.0625
RFALINE sc2-CTL rep=1 site=srv [RFA] gen=0 fires=857 false=435 false_frac=0.5076 fill_coded=25 fill_src=397 dup_src=410 preempt_src=25 src_n=18464 rep_n=67 nu_recv=0.04641 fa_class=0.0625
RFALINE sc2-CTL rep=1 site=srv [RFA] gen=0 fires=1247 false=552 false_frac=0.4427 fill_coded=42 fill_src=653 dup_src=510 preempt_src=42 src_n=28186 rep_n=121 nu_recv=0.04424 fa_class=0.0625
RFALINE sc2-CTL rep=1 site=srv [RFA] gen=0 fires=1389 false=597 false_frac=0.4298 fill_coded=47 fill_src=745 dup_src=551 preempt_src=46 src_n=37642 rep_n=146 nu_recv=0.03690 fa_class=0.0625
RFALINE sc2-CTL rep=1 site=srv [RFA] gen=0 fires=1894 false=710 false_frac=0.3749 fill_coded=67 fill_src=1117 dup_src=645 preempt_src=65 src_n=47387 rep_n=212 nu_recv=0.03997 fa_class=0.0625
RFALINE sc2-CTL rep=1 site=srv [RFA] gen=0 fires=2260 false=809 false_frac=0.3580 fill_coded=89 fill_src=1362 dup_src=722 preempt_src=87 src_n=56762 rep_n=266 nu_recv=0.03982 fa_class=0.0625
RFALINE sc2-CTL rep=1 site=srv [RFA] gen=0 fires=2507 false=870 false_frac=0.3470 fill_coded=97 fill_src=1540 dup_src=775 preempt_src=95 src_n=66580 rep_n=304 nu_recv=0.03765 fa_class=0.0625
RFALINE sc2-CTL rep=1 site=srv [RFA] gen=0 fires=2754 false=936 false_frac=0.3399 fill_coded=111 fill_src=1707 dup_src=827 preempt_src=109 src_n=76034 rep_n=341 nu_recv=0.03622 fa_class=0.0625
FCAUSELINE sc2-CTL rep=1 site=cli [FCAUSE] gen=0 n=3147 timer=35 gap_data=3112 gap_refresh=0 other=0 timer_frac=0.0111 gap_frac=0.9889 fired=3147 unattr=0 fa_class=0.0625
SUCCLINE sc2-CTL rep=1 site=cli [SUCC] gen=0 det=0 res=0 orig_n=0 orig_p50_us=- orig_p90_us=- orig_p99_us=- orig_mx_us=- orig_mean_us=- rep_n=0 rep_p50_us=- rep_p90_us=- rep_p99_us=- rep_mx_us=- rep_mean_us=- aban_n=0 aban_p50_us=- aban_p90_us=- aban_p99_us=- aban_mx_us=- aban_mean_us=- open=0 over=0 orig_frac=- cross_us=- dump=0/0
SUCCLINE sc2-CTL rep=1 site=cli [SUCC] gen=0 det=0 res=0 orig_n=0 orig_p50_us=- orig_p90_us=- orig_p99_us=- orig_mx_us=- orig_mean_us=- rep_n=0 rep_p50_us=- rep_p90_us=- rep_p99_us=- rep_mx_us=- rep_mean_us=- aban_n=0 aban_p50_us=- aban_p90_us=- aban_p99_us=- aban_mx_us=- aban_mean_us=- open=0 over=0 orig_frac=- cross_us=- dump=0/0
SUCCLINE sc2-CTL rep=1 site=cli [SUCC] gen=0 det=0 res=0 orig_n=0 orig_p50_us=- orig_p90_us=- orig_p99_us=- orig_mx_us=- orig_mean_us=- rep_n=0 rep_p50_us=- rep_p90_us=- rep_p99_us=- rep_mx_us=- rep_mean_us=- aban_n=0 aban_p50_us=- aban_p90_us=- aban_p99_us=- aban_mx_us=- aban_mean_us=- open=0 over=0 orig_frac=- cross_us=- dump=0/0
SUCCLINE sc2-CTL rep=1 site=cli [SUCC] gen=0 det=0 res=0 orig_n=0 orig_p50_us=- orig_p90_us=- orig_p99_us=- orig_mx_us=- orig_mean_us=- rep_n=0 rep_p50_us=- rep_p90_us=- rep_p99_us=- rep_mx_us=- rep_mean_us=- aban_n=0 aban_p50_us=- aban_p90_us=- aban_p99_us=- aban_mx_us=- aban_mean_us=- open=0 over=0 orig_frac=- cross_us=- dump=0/0
SUCCLINE sc2-CTL rep=1 site=cli [SUCC] gen=0 det=0 res=0 orig_n=0 orig_p50_us=- orig_p90_us=- orig_p99_us=- orig_mx_us=- orig_mean_us=- rep_n=0 rep_p50_us=- rep_p90_us=- rep_p99_us=- rep_mx_us=- rep_mean_us=- aban_n=0 aban_p50_us=- aban_p90_us=- aban_p99_us=- aban_mx_us=- aban_mean_us=- open=0 over=0 orig_frac=- cross_us=- dump=0/0
SUCCLINE sc2-CTL rep=1 site=cli [SUCC] gen=0 det=0 res=0 orig_n=0 orig_p50_us=- orig_p90_us=- orig_p99_us=- orig_mx_us=- orig_mean_us=- rep_n=0 rep_p50_us=- rep_p90_us=- rep_p99_us=- rep_mx_us=- rep_mean_us=- aban_n=0 aban_p50_us=- aban_p90_us=- aban_p99_us=- aban_mx_us=- aban_mean_us=- open=0 over=0 orig_frac=- cross_us=- dump=0/0
SUCCLINE sc2-CTL rep=1 site=cli [SUCC] gen=0 det=0 res=0 orig_n=0 orig_p50_us=- orig_p90_us=- orig_p99_us=- orig_mx_us=- orig_mean_us=- rep_n=0 rep_p50_us=- rep_p90_us=- rep_p99_us=- rep_mx_us=- rep_mean_us=- aban_n=0 aban_p50_us=- aban_p90_us=- aban_p99_us=- aban_mx_us=- aban_mean_us=- open=0 over=0 orig_frac=- cross_us=- dump=0/0
SUCCLINE sc2-CTL rep=1 site=cli [SUCC] gen=0 det=0 res=0 orig_n=0 orig_p50_us=- orig_p90_us=- orig_p99_us=- orig_mx_us=- orig_mean_us=- rep_n=0 rep_p50_us=- rep_p90_us=- rep_p99_us=- rep_mx_us=- rep_mean_us=- aban_n=0 aban_p50_us=- aban_p90_us=- aban_p99_us=- aban_mx_us=- aban_mean_us=- open=0 over=0 orig_frac=- cross_us=- dump=0/0
SUCCLINE sc2-CTL rep=1 site=srv [SUCC] gen=0 det=223 res=160 orig_n=158 orig_p50_us=98304 orig_p90_us=106496 orig_p99_us=122880 orig_mx_us=127039 orig_mean_us=83128 rep_n=2 rep_p50_us=81920 rep_p90_us=106496 rep_p99_us=106496 rep_mx_us=111127 rep_mean_us=99840 aban_n=0 aban_p50_us=- aban_p90_us=- aban_p99_us=- aban_mx_us=- aban_mean_us=- open=63 over=0 orig_frac=0.9875 cross_us=- dump=0/0
SUCCLINE sc2-CTL rep=1 site=srv [SUCC] gen=0 det=449 res=422 orig_n=397 orig_p50_us=98304 orig_p90_us=114688 orig_p99_us=196608 orig_mx_us=199825 orig_mean_us=98720 rep_n=25 rep_p50_us=106496 rep_p90_us=114688 rep_p99_us=196608 rep_mx_us=199825 rep_mean_us=106903 aban_n=0 aban_p50_us=- aban_p90_us=- aban_p99_us=- aban_mx_us=- aban_mean_us=- open=27 over=0 orig_frac=0.9408 cross_us=18432 dump=0/0
SUCCLINE sc2-CTL rep=1 site=srv [SUCC] gen=0 det=675 res=675 orig_n=633 orig_p50_us=98304 orig_p90_us=114688 orig_p99_us=196608 orig_mx_us=199825 orig_mean_us=101490 rep_n=42 rep_p50_us=106496 rep_p90_us=114688 rep_p99_us=196608 rep_mx_us=199825 rep_mean_us=103558 aban_n=0 aban_p50_us=- aban_p90_us=- aban_p99_us=- aban_mx_us=- aban_mean_us=- open=0 over=0 orig_frac=0.9378 cross_us=7680 dump=0/0
SUCCLINE sc2-CTL rep=1 site=srv [SUCC] gen=0 det=801 res=771 orig_n=725 orig_p50_us=98304 orig_p90_us=114688 orig_p99_us=196608 orig_mx_us=211590 orig_mean_us=102473 rep_n=46 rep_p50_us=106496 rep_p90_us=114688 rep_p99_us=196608 rep_mx_us=211590 rep_mean_us=105959 aban_n=0 aban_p50_us=- aban_p90_us=- aban_p99_us=- aban_mx_us=- aban_mean_us=- open=30 over=0 orig_frac=0.9403 cross_us=7680 dump=0/0
SUCCLINE sc2-CTL rep=1 site=srv [SUCC] gen=0 det=1197 res=1163 orig_n=1097 orig_p50_us=98304 orig_p90_us=114688 orig_p99_us=196608 orig_mx_us=219157 orig_mean_us=105053 rep_n=66 rep_p50_us=106496 rep_p90_us=114688 rep_p99_us=196608 rep_mx_us=211590 rep_mean_us=109132 aban_n=0 aban_p50_us=- aban_p90_us=- aban_p99_us=- aban_mx_us=- aban_mean_us=- open=34 over=0 orig_frac=0.9433 cross_us=7680 dump=0/0
SUCCLINE sc2-CTL rep=1 site=srv [SUCC] gen=0 det=1430 res=1430 orig_n=1342 orig_p50_us=98304 orig_p90_us=114688 orig_p99_us=196608 orig_mx_us=219157 orig_mean_us=105838 rep_n=88 rep_p50_us=106496 rep_p90_us=114688 rep_p99_us=196608 rep_mx_us=211590 rep_mean_us=106113 aban_n=0 aban_p50_us=- aban_p90_us=- aban_p99_us=- aban_mx_us=- aban_mean_us=- open=0 over=0 orig_frac=0.9385 cross_us=6144 dump=0/0
SUCCLINE sc2-CTL rep=1 site=srv [SUCC] gen=0 det=1607 res=1595 orig_n=1499 orig_p50_us=98304 orig_p90_us=114688 orig_p99_us=196608 orig_mx_us=219157 orig_mean_us=105924 rep_n=96 rep_p50_us=106496 rep_p90_us=114688 rep_p99_us=196608 rep_mx_us=211590 rep_mean_us=105040 aban_n=0 aban_p50_us=- aban_p90_us=- aban_p99_us=- aban_mx_us=- aban_mean_us=- open=12 over=0 orig_frac=0.9398 cross_us=6144 dump=0/0
SUCCLINE sc2-CTL rep=1 site=srv [SUCC] gen=0 det=1776 res=1776 orig_n=1666 orig_p50_us=98304 orig_p90_us=114688 orig_p99_us=196608 orig_mx_us=219157 orig_mean_us=105944 rep_n=110 rep_p50_us=106496 rep_p90_us=114688 rep_p99_us=196608 rep_mx_us=211590 rep_mean_us=103000 aban_n=0 aban_p50_us=- aban_p90_us=- aban_p99_us=- aban_mx_us=- aban_mean_us=- open=0 over=0 orig_frac=0.9381 cross_us=6144 dump=0/0
HOLDLINE sc2-CTL rep=1 site=cli [HOLD] site=sender path=0 gen=0 q=unset n_req=- n_obs=1000 samp_n=1000 fed=1619 t_us=- obs_p50_us=102443 obs_p90_us=106212 obs_p99_us=201455 evals=3125 law_n=0 sup=0 emit=3125 hd_p50_us=- hd_p90_us=- hd_p99_us=- hd_mx_us=- hd_n=0 fa_class=0.0625
HOLDLINE sc2-CTL rep=1 site=cli [HOLD] site=sender path=- gen=0 q=unset n_req=- n_obs=1000 samp_n=0 fed=0 t_us=- obs_p50_us=- obs_p90_us=- obs_p99_us=- evals=22 law_n=0 sup=0 emit=22 hd_p50_us=- hd_p90_us=- hd_p99_us=- hd_mx_us=- hd_n=0 fa_class=0.0625
WALLLINE sc2-CTL rep=1 site=cli [WALL] onset=0.9882 dur_ms=106.6 retx=45 total_ms=9004.3 it_ms=0.101
VAWITNESS {"cell":"sc2","arm":"CTL","alpha":"unset","seed":42,"rep":1,"rc":0,"mean_mbps":88.945,"band":[78,92],"band_applies":1,"in_band":1,"lossy":1,"alpha_expect":"unset","alpha_got_cli":"unset","alpha_got_srv":"unset","form_expect":"cantelli","form_got_cli":"cantelli","form_got_srv":"cantelli","winn_expect":"unavail","winn_got_cli":"unavail","winn_got_srv":"unavail","qclk_law_n":89416,"qclk_evals":89416,"qclk_win_ok":0,"qclk_win_n":"unavail","w_us_p50":100000,"w_us_p05":25000,"w_us_p95":100000,"shipped_clock_us":100000,"fcause_n":3147,"fcause_timer":35,"fcause_gap_data":3112,"fcause_gap_refresh":0,"fcause_other":0,"fcause_unattr":0,"succ_det":1776,"succ_res":1776,"succ_orig_frac":"0.9381","rfa_fires":2754,"rfa_false":936,"rfa_false_frac":"0.3399","rfa_fill_coded":111,"rack_fa":"2356/3147","rack_fa_frac":"0.7486","fails":""}
=== rep=1 arm=sc2-Q400 alpha=0.4 form=quantile win_n=25 seed=42 env="RWM_QUANTILE_CLOCKS=1 RWM_ALPHA_OVERRIDE=0.4 RWM_W_FORM=quantile RWM_DELTA_CAP=1 RWM_SUM_CAP=1 RWM_RACK_CLOCKS=0 RWM_DERIVED_SWEEP=0 RWM_COMPOSED_CAP=0 RWM_THREE_TERM=0 RWM_STORE_CAP_UNIFIED=0 RWM_LATE_BRAKE=0 RWM_CHARGE_RECOVERY=0 RWM_RELEASE_1TO1=0 RWM_LOSS_SENT_TRUTH=0 RWM_RTT_DUMP=0 RWM_SUCC_DUMP=0" cell=c2/c2/single bytes=100000000 18:37:19
[2m2026-08-21T18:37:21.139004Z[0m [32m INFO[0m [2mraptorpath::gates[0m[2m:[0m [GATES] RWM_UNIFIED=1 RWM_UNIFIED_SHED=1 RWM_TAPER_R=1 RWM_ASTAR_ANCHOR=1 RWM_MSTAR_ANCHOR=1 RWM_PLAIN_RS=0 RWM_HONEST_ANCHOR=1 RWM_HONEST_K=0 RWM_STORE_SACK_RELEASE=1 RWM_STORE_PATHS=1 RWM_STORE_PATH_POOL=2048 RWM_STORE=unset RWM_STORE_GAIN=2 RWM_STORE_BOOT=128 RWM_STORE_CAPW=0 RWM_STORE_CAP_UNIFIED=0 RWM_THREE_TERM=0 RWM_COMPOSED_CAP=0 RWM_SUM_CAP=1 RWM_LATE_BRAKE=0 RWM_DELTA_CAP=1 RWM_STORE_PERCAP=0 RWM_PERCAP_GUARD=1 RWM_STORE_BORROW=0 RWM_HONEST_CAP=1 RWM_POOL_ANCHOR=0 RWM_POOL_DELIV=0 RWM_FLOOR_BOUND=0 RWM_ACK_MERGE=1 RWM_LOSS_SENT_TRUTH=0 RWM_RELEASE_1TO1=0 RWM_CHARGE_RECOVERY=0 RWM_PATIENCE_DERIVED=0 RWM_SIDLE_DERIVED=0 RWM_WIN_DECOUPLE=0 RWM_PLACE_SLACK=0 RWM_COLD_PLACE=0 RWM_GEN=384 RWM_PIPELINE=2 RWM_GEN_PIPE=1 RWM_GEN_R=unset RWM_GEN_RATE=9000 RWM_GEN_RATE_FLOOR=2000 RWM_GEN_INFLIGHT=unset RWM_OOO_RETAIN=0/16 RWM_WINDOW=unset RWM_REPORT_GENS=unset RWM_REPAIR_WAIT=unset RWM_CODED_SRC=0 RWM_NO_REACTIVE=0 RWM_XPATH_REPAIR=0 RWM_PROACTIVE_PACER=0 RWM_REASM_BDP=0 RWM_MIN_R=0 RWM_CC_PACE=0 RWM_CC_PACE_HR=1.1 RWM_REACT_CAP=unset RWM_INFL_CAP=0 RWM_INFL_BDP=unset RWM_COPA_FEED=0 RWM_RS_ATTR=1 RWM_EMIT_BATCH=0 RWM_EMIT_BURST=64 RWM_RECOV_MP=1 RWM_RECOV_MP_LAW=1 RWM_RECOV_MP_LIVE=0 RWM_RECOV_SP=0 RWM_DERIVED_SWEEP=0 RWM_RACK_CLOCKS=0 RWM_RACK_REO_MULT=1 RWM_QUANTILE_CLOCKS=1 RWM_ALPHA_OVERRIDE=0.4 RWM_W_FORM=quantile RWM_HOLDDOWN_Q=unset RWM_REFRESH_FLOOR_US=unset RWM_DIAG=1 RWM_ACKDIAG=1 RWM_ACKDIAG_WINDOW_US=2000000 RWM_RTT_DUMP=0 RWM_RTT_DUMP_MAX=400000 RWM_SUCC_DUMP=0 RWM_SUCC_DUMP_MAX=200000 RWM_WALLDIAG=1 RWM_CPUPROF=0 RWM_RDIAG=0 RWM_FDIAG=1 RWM_TRACE=0 RWM_PFRAC=0
{"bytes":100000000,"dnf":0,"hint":"bulk","max_s":9.128,"mean_mbps":87.642,"mean_s":9.128,"median_s":9.128,"min_s":9.128,"proto":"rp-native","runs":1,"stdev_s":0.0,"summary":true}
    LATPROBE-LEG leg=0 file=/tmp/rwm-ping-0.txt sent=175 recv=169 censor=3.43% p50=101.0[censor=3.43% ok] p95=106.0[censor=3.43% ok] p99=109.0[censor=3.43% UNSCOREABLE(inside censored tail)]
    LATPROBE: 1 leg(s) /tmp/rwm-ping-0.txt=169 replies
    CPU: CPUSRV=8.04s CPUCLI=7.21s (srv=decoder cli=sender; whole-invocation incl warmup)
    QDISC cli0: qdisc netem bd9d: root refcnt 7 limit 1000 delay 5ms  3ms loss gemodel p 1.3% r 50% 1-h 100% 1-k 0% rate 100Mbit seed 42  Sent 112021022 bytes 92272 pkt (dropped 552, overlimits 0 requeues 0)   backlog 0b 0p requeues 0 
    QDISC srv0: qdisc netem bd9f: root refcnt 7 limit 1000 delay 5ms  3ms rate 100Mbit seed 11817846392330530145  Sent 11167057 bytes 62544 pkt (dropped 0, overlimits 0 requeues 0)   backlog 0b 0p requeues 0 
    QCAP: /tmp/rwm-q.txt 10 lines
RUNTIME sc2-Q400 rep=1 11s rc=0
ALPHARESULT {"cell": "sc2", "arm": "Q400", "alpha_cmd": 0.4, "seed": 42, "rep": 1, "n_paths": 1, "dnf": false, "dnf_count": 0, "mbps": 87.642, "mean_mbps": 87.642, "seconds": 9.128, "n_runs": 1, "cpusrv": 8.04, "cpucli": 7.21, "khr_med": 1.0, "kraw_med": null, "khr_n": 33, "kraw_n": 0, "rtp_med": 11, "occ_p50": 1007, "occcap_p50": 1024, "q_p50": 93, "q_p99": 100, "diag_lines": 36, "retx": 3283, "w1_rfa_gen": "0", "w2_pfrac_lines": 0, "w4_retx_max": 3283, "w5_rack_fa": "2566/3284", "gates_cli_quantile_clocks": 1, "gates_srv_quantile_clocks": 1, "gates_cli_rack_clocks": 0, "gates_srv_rack_clocks": 0, "gates_cli_derived_sweep": 0, "gates_srv_derived_sweep": 0, "gates_cli_delta_cap": 1, "gates_srv_delta_cap": 1, "gates_cli_sum_cap": 1, "gates_srv_sum_cap": 1, "gates_cli_composed_cap": 0, "gates_srv_composed_cap": 0, "gates_cli_three_term": 0, "gates_srv_three_term": 0, "gates_cli_loss_sent_truth": 0, "gates_srv_loss_sent_truth": 0, "gates_cli_gen": null, "gates_srv_gen": null, "gates_cli_diag": 1, "gates_srv_diag": 1, "gates_cli_ackdiag": 1, "gates_srv_ackdiag": 1, "gates_cli_walldiag": 1, "gates_srv_walldiag": 1, "gates_cli_fdiag": 1, "gates_srv_fdiag": 1, "gates_cli_recov_mp": 1, "gates_srv_recov_mp": 1, "gates_cli_cc_pace": 0, "gates_srv_cc_pace": 0, "gates_cli_rack_reo_mult": 1, "gates_srv_rack_reo_mult": 1, "gates_lines_cli": 1, "gates_lines_srv": 1, "gate_quantile_cli": "1", "gate_quantile_srv": "1", "gate_alpha_cli": "0.4", "gate_alpha_srv": "0.4", "gate_gen_cli": 384, "gate_gen_srv": 384, "gate_wform_cli": "quantile", "gate_wform_srv": "quantile", "qalpha_lines_cli": 1, "qalpha_site_cli": "sender", "qalpha_quantile_cli": 1, "qalpha_contract_cli": 0.001, "qalpha_override_cli": 0.4, "qalpha_cli": 0.4, "qalpha_k_cli": 1.2247, "qalpha_form_cli": "quantile", "qalpha_winn_cli": "25", "qalpha_lines_srv": 1, "qalpha_site_srv": "receiver", "qalpha_quantile_srv": 1, "qalpha_contract_srv": 1e-05, "qalpha_override_srv": 0.4, "qalpha_srv": 0.4, "qalpha_k_srv": 1.2247, "qalpha_form_srv": "quantile", "qalpha_winn_srv": "25", "qclk_cli_lines": 1, "qclk_cli_site": "sender", "qclk_cli_alpha": 0.4, "qclk_cli_k": 1.2247, "qclk_cli_w_us_mean": 102519.0, "qclk_cli_srtt_us_mean": 102053.7, "qclk_cli_on": 1, "qclk_cli_evals": 89482, "qclk_cli_kept": 2562, "qclk_cli_w_us_p05": 93843, "qclk_cli_w_us_p50": 103974, "qclk_cli_w_us_p95": 108348, "qclk_cli_w_us_min": 18273, "qclk_cli_w_us_max": 117341, "qclk_cli_law_n": 81988, "qclk_cli_sigma_us_mean": 552.8, "qclk_cli_sigma_n": 81988, "qclk_form_cli": "quantile", "qclk_winn_cli": "25", "qclk_win_ok_cli": 81988, "qclk_srv_lines": 9, "qclk_srv_site": "receiver", "qclk_srv_alpha": 0.4, "qclk_srv_k": 1.2247, "qclk_srv_w_us_mean": 103204.1, "qclk_srv_srtt_us_mean": 101919.9, "qclk_srv_on": 1, "qclk_srv_evals": 74479, "qclk_srv_kept": 2143, "qclk_srv_w_us_p05": 81900, "qclk_srv_w_us_p50": 104636, "qclk_srv_w_us_p95": 105909, "qclk_srv_w_us_min": 70226, "qclk_srv_w_us_max": 106831, "qclk_srv_law_n": 68584, "qclk_srv_sigma_us_mean": 5786.0, "qclk_srv_sigma_n": 73982, "qclk_form_srv": "quantile", "qclk_winn_srv": "25", "qclk_win_ok_srv": 68584, "rack_lines_cli": 2, "rack_on_cli": 0, "rack_evals_cli": 0, "rack_ceil_cli": 0.0, "rack_gran_cli": 0.0, "rack_legacy_pin_cli": 0.0, "rack_round_cli": 0.0, "rack_legacy_cli": 0.0, "rack_mult_cli": 1, "rack_fa_n_cli": 2566, "rack_fa_d_cli": 3284, "rack_fa_frac_cli": 0.7814, "rack_fa_class_cli": 0.0625, "rack_lines_srv": 0, "rack_on_srv": null, "rack_evals_srv": null, "rack_ceil_srv": null, "rack_gran_srv": null, "rack_legacy_pin_srv": null, "rack_round_srv": null, "rack_legacy_srv": null, "rack_mult_srv": null, "rack_fa_n_srv": null, "rack_fa_d_srv": null, "rack_fa_frac_srv": null, "rack_fa_class_srv": null, "rack_fired": 3284, "rack_spurious": 2566, "rack_fa_frac": 0.7814, "rack_fa_class": 0.0625, "rack_round_us": 0.0, "rack_legacy_us": 0.0, "rack_evals": 0, "rack_legacy_pin": 0.0, "rfa_lines": 9, "rfa_gen": 0, "rfa_fires": 3324, "rfa_false": 1246, "rfa_fill_coded": 140, "rfa_fill_src": 1938, "rfa_dup_src": 1107, "rfa_preempt_src": 139, "rfa_src_n": 85714, "rfa_rep_n": 435, "rfa_false_frac": 0.3748, "rfa_nu_recv": 0.03878, "rfa_fa_class": 0.0625, "rfa_bracket_lo": 0.3748, "rfa_bracket_hi": 0.89899, "sf_ticks": 1438, "sf_E": 0.9221, "sf_short": 0.0779, "sf_zero": 0.0779, "capboot_n": 33, "capboot_frac": 0.0, "ping_n": 169, "ping_p50": 101.0, "ping_p95": 106.0, "ping_p99": 109.0, "ping_tx": 175, "ping_rx": 169, "ping_loss": 3.43, "ping_censor_frac": 0.0343, "legs_probed": 1, "leg0_n": 169, "leg0_sent": 175, "leg0_recv": 169, "leg0_sent_source": "summary", "leg0_censor_frac": 0.0343, "leg0_censor_pct": 3.43, "leg0_recv_mismatch": false, "leg0_leg_unscoreable": false, "leg0_min": 6.46, "leg0_max": 110.0, "leg0_p50": 101.0, "leg0_p50_censored": false, "leg0_p50_scoreable": true, "leg0_p95": 106.0, "leg0_p95_censored": false, "leg0_p95_scoreable": true, "leg0_p99": 109.0, "leg0_p99_censored": true, "leg0_p99_scoreable": false, "legs_censor_max": 0.0343, "wait_tun": 40, "wait_paused": 29, "wait_pace": 0, "wait_gen": 0, "wait_nack": 31, "wait_defc": 0, "wait_tail": 0, "wait_flush": 0, "wait_lines": 33, "deadwall": false, "sig_us_p50": 2954.0, "sig_us_n": 86148, "sig_us_path": 0, "sig_paths": 1, "pl_n": 33, "pl_max": 0.0, "pl_min": 0.0, "pl_p0": 0.0, "dgq_hand": 88515, "dgq_full": 0, "dgq_err": 0, "dgq_gap": 2, "tc_bytes": 112021022, "tc_pkts": 92272, "tc_drop": 552, "tc_s": 11, "hold_lines": 2, "hold_samp_n": 1000, "hold_fed": 1624, "hold_evals": 3259, "hold_law_n": 0, "hold_sup": 0, "hold_emit": 3259, "hold_hd_n": 0, "hold_q": "unset", "hold_n_req": "-", "hold_n_obs": 1000, "hold_gen": 0, "hold_sup_frac": 0.0, "hold_law_frac": 0.0, "hold_obs_p50_us": 102589, "hold_obs_p90_us": 108838, "hold_obs_p99_us": 207945, "hold_t_us_p0": null, "hold_t_us_p1": null, "hold_samp_n_p0": 1000, "hold_samp_n_p1": null, "hold_hd_p50_us": null, "hold_hd_p90_us": null, "hold_hd_p99_us": null, "hold_hd_mx_us": null, "hold_unattr_evals": 25, "hold_paths_n": 1, "hold_accounting_ok": 1, "hold_obs_p50_us_p0": 102589, "hold_obs_p90_us_p0": 108838, "hold_obs_p99_us_p0": 207945, "hold_rpd": 1.58724, "fcause_lines": 1, "fcause_gen": 0, "fcause_n": 3284, "fcause_timer": 52, "fcause_gap_data": 3232, "fcause_gap_refresh": 0, "fcause_other": 0, "fcause_fired": 3284, "fcause_unattr": 0, "fcause_timer_frac": 0.0158, "fcause_gap_frac": 0.9842, "succ_lines": 9, "succ_gen": 0, "succ_det": 2069, "succ_res": 2069, "succ_orig_n": 1929, "succ_rep_n": 140, "succ_aban_n": 0, "succ_open": 0, "succ_over": 0, "succ_orig_p50_us": 98304, "succ_orig_p90_us": 114688, "succ_orig_p99_us": 196608, "succ_orig_mx_us": 221904, "succ_orig_frac": 0.9323, "succ_identity_ok": 1}
LIVENESS sc2-Q400 rep=1 RWM_QUANTILE_CLOCKS=RWM_QUANTILE_CLOCKS=1/RWM_QUANTILE_CLOCKS=1(exp1) RWM_ALPHA_OVERRIDE=RWM_ALPHA_OVERRIDE=0.4/RWM_ALPHA_OVERRIDE=0.4(exp0.4) RWM_W_FORM=RWM_W_FORM=quantile/RWM_W_FORM=quantile(expquantile) RWM_DELTA_CAP=RWM_DELTA_CAP=1/RWM_DELTA_CAP=1(exp1) RWM_SUM_CAP=RWM_SUM_CAP=1/RWM_SUM_CAP=1(exp1) RWM_HOLDDOWN_Q=RWM_HOLDDOWN_Q=unset/RWM_HOLDDOWN_Q=unset(expunset) RWM_REFRESH_FLOOR_US=RWM_REFRESH_FLOOR_US=unset/RWM_REFRESH_FLOOR_US=unset(expunset) RWM_RACK_CLOCKS=RWM_RACK_CLOCKS=0/RWM_RACK_CLOCKS=0(exp0) RWM_DERIVED_SWEEP=RWM_DERIVED_SWEEP=0/RWM_DERIVED_SWEEP=0(exp0) RWM_COMPOSED_CAP=RWM_COMPOSED_CAP=0/RWM_COMPOSED_CAP=0(exp0) RWM_THREE_TERM=RWM_THREE_TERM=0/RWM_THREE_TERM=0(exp0) RWM_STORE_CAP_UNIFIED=RWM_STORE_CAP_UNIFIED=0/RWM_STORE_CAP_UNIFIED=0(exp0) RWM_LATE_BRAKE=RWM_LATE_BRAKE=0/RWM_LATE_BRAKE=0(exp0) RWM_CHARGE_RECOVERY=RWM_CHARGE_RECOVERY=0/RWM_CHARGE_RECOVERY=0(exp0) RWM_RELEASE_1TO1=RWM_RELEASE_1TO1=0/RWM_RELEASE_1TO1=0(exp0) RWM_LOSS_SENT_TRUTH=RWM_LOSS_SENT_TRUTH=0/RWM_LOSS_SENT_TRUTH=0(exp0) RWM_RTT_DUMP=RWM_RTT_DUMP=0/RWM_RTT_DUMP=0(exp0) RWM_SUCC_DUMP=RWM_SUCC_DUMP=0/RWM_SUCC_DUMP=0(exp0) RWM_DIAG=RWM_DIAG=1/RWM_DIAG=1(exp1) RWM_ACKDIAG=RWM_ACKDIAG=1/RWM_ACKDIAG=1(exp1) RWM_WALLDIAG=RWM_WALLDIAG=1/RWM_WALLDIAG=1(exp1) RWM_FDIAG=RWM_FDIAG=1/RWM_FDIAG=1(exp1)
W5QALPHA sc2-Q400 rep=1 cli=form:quantile/win_n:25/alpha:4.000000e-1 srv=form:quantile/win_n:25/alpha:4.000000e-1 (exp form=quantile win_n=25)
WCLOCK sc2-Q400 rep=1 law_n=81988 evals=89482 win_ok=81988 win_n=25 p50=103974 p05=93843 p95=108348 shipped_clock=100000
W8SUCC sc2-Q400 rep=1 det=2069 res=2069 orig_frac=0.9323
QALPHALINE sc2-Q400 rep=1 site=cli [QALPHA] site=receiver quantile=1 form=quantile win_n=25 contract_alpha=1.000000e-5 override=4.000000e-1 alpha=4.000000e-1 k=1.2247 fa_class=0.0625
QALPHALINE sc2-Q400 rep=1 site=cli [QALPHA] site=sender quantile=1 form=quantile win_n=25 contract_alpha=1.000000e-3 override=4.000000e-1 alpha=4.000000e-1 k=1.2247 fa_class=0.0625
QALPHALINE sc2-Q400 rep=1 site=srv [QALPHA] site=receiver quantile=1 form=quantile win_n=25 contract_alpha=1.000000e-5 override=4.000000e-1 alpha=4.000000e-1 k=1.2247 fa_class=0.0625
QALPHALINE sc2-Q400 rep=1 site=srv [QALPHA] site=sender quantile=1 form=quantile win_n=25 contract_alpha=1.000000e-3 override=4.000000e-1 alpha=4.000000e-1 k=1.2247 fa_class=0.0625
QCLKLINE sc2-Q400 rep=1 site=cli [QCLK] site=sender on=1 form=quantile win_n=25 win_ok=81988 alpha=4.000000e-1 k=1.2247 evals=89482 law_n=81988 kept=2562 w_us_mean=102519.0 w_us_p05=93843 w_us_p50=103974 w_us_p95=108348 w_us_min=18273 w_us_max=117341 srtt_us_mean=102053.7 sigma_us_mean=552.8/n81988 fa_class=0.0625
QCLKLINE sc2-Q400 rep=1 site=srv [QCLK] site=receiver on=1 form=quantile win_n=25 win_ok=0 alpha=4.000000e-1 k=1.2247 evals=5639 law_n=0 kept=0 w_us_mean=0.0 w_us_p05=0 w_us_p50=0 w_us_p95=0 w_us_min=0 w_us_max=0 srtt_us_mean=0.0 sigma_us_mean=18453.4/n5142 fa_class=0.0625
QCLKLINE sc2-Q400 rep=1 site=srv [QCLK] site=receiver on=1 form=quantile win_n=25 win_ok=8235 alpha=4.000000e-1 k=1.2247 evals=14130 law_n=8235 kept=2059 w_us_mean=91482.3 w_us_p05=70233 w_us_p50=99993 w_us_p95=105561 w_us_min=70226 w_us_max=105561 srtt_us_mean=94571.2 sigma_us_mean=17294.4/n13633 fa_class=0.0625
QCLKLINE sc2-Q400 rep=1 site=srv [QCLK] site=receiver on=1 form=quantile win_n=25 win_ok=16421 alpha=4.000000e-1 k=1.2247 evals=22316 law_n=16421 kept=2053 w_us_mean=98135.3 w_us_p05=70233 w_us_p50=104104 w_us_p95=105880 w_us_min=70226 w_us_max=105880 srtt_us_mean=98372.5 sigma_us_mean=11953.2/n21819 fa_class=0.0625
QCLKLINE sc2-Q400 rep=1 site=srv [QCLK] site=receiver on=1 form=quantile win_n=25 win_ok=25239 alpha=4.000000e-1 k=1.2247 evals=31134 law_n=25239 kept=3155 w_us_mean=100260.5 w_us_p05=81727 w_us_p50=104227 w_us_p95=105561 w_us_min=70226 w_us_max=105880 srtt_us_mean=99792.5 sigma_us_mean=9266.2/n30637 fa_class=0.0625
QCLKLINE sc2-Q400 rep=1 site=srv [QCLK] site=receiver on=1 form=quantile win_n=25 win_ok=33729 alpha=4.000000e-1 k=1.2247 evals=39624 law_n=33729 kept=2108 w_us_mean=101367.4 w_us_p05=81727 w_us_p50=104227 w_us_p95=105561 w_us_min=70226 w_us_max=105880 srtt_us_mean=100438.4 sigma_us_mean=8133.5/n39127 fa_class=0.0625
QCLKLINE sc2-Q400 rep=1 site=srv [QCLK] site=receiver on=1 form=quantile win_n=25 win_ok=41945 alpha=4.000000e-1 k=1.2247 evals=47840 law_n=41945 kept=2621 w_us_mean=102016.5 w_us_p05=81727 w_us_p50=104246 w_us_p95=105561 w_us_min=70226 w_us_max=105880 srtt_us_mean=101015.6 sigma_us_mean=7357.5/n47343 fa_class=0.0625
QCLKLINE sc2-Q400 rep=1 site=srv [QCLK] site=receiver on=1 form=quantile win_n=25 win_ok=50614 alpha=4.000000e-1 k=1.2247 evals=56509 law_n=50614 kept=3163 w_us_mean=102590.2 w_us_p05=81900 w_us_p50=104414 w_us_p95=105561 w_us_min=70226 w_us_max=106831 srtt_us_mean=101403.3 sigma_us_mean=6971.0/n56012 fa_class=0.0625
QCLKLINE sc2-Q400 rep=1 site=srv [QCLK] site=receiver on=1 form=quantile win_n=25 win_ok=60122 alpha=4.000000e-1 k=1.2247 evals=66017 law_n=60122 kept=3758 w_us_mean=103069.5 w_us_p05=81900 w_us_p50=104784 w_us_p95=105909 w_us_min=70226 w_us_max=106831 srtt_us_mean=101752.6 sigma_us_mean=6310.6/n65520 fa_class=0.0625
QCLKLINE sc2-Q400 rep=1 site=srv [QCLK] site=receiver on=1 form=quantile win_n=25 win_ok=68584 alpha=4.000000e-1 k=1.2247 evals=74479 law_n=68584 kept=2143 w_us_mean=103204.1 w_us_p05=81900 w_us_p50=104636 w_us_p95=105909 w_us_min=70226 w_us_max=106831 srtt_us_mean=101919.9 sigma_us_mean=5786.0/n73982 fa_class=0.0625
RACKLINE sc2-Q400 rep=1 site=cli [RACK] on=0 evals=0 ceil=0.0000 gran=0.0000 legacy_pin=0.0000 round=0.0 legacy=0.0 mult=1 fa=88/88 fa_frac=1.0000 fa_class=0.0625
RACKLINE sc2-Q400 rep=1 site=cli [RACK] on=0 evals=0 ceil=0.0000 gran=0.0000 legacy_pin=0.0000 round=0.0 legacy=0.0 mult=1 fa=2566/3284 fa_frac=0.7814 fa_class=0.0625
RFALINE sc2-Q400 rep=1 site=cli [RFA] gen=0 fires=13 false=13 false_frac=1.0000 fill_coded=0 fill_src=0 dup_src=13 preempt_src=0 src_n=14 rep_n=12 nu_recv=0.92857 fa_class=0.0625
RFALINE sc2-Q400 rep=1 site=cli [RFA] gen=0 fires=22 false=22 false_frac=1.0000 fill_coded=0 fill_src=0 dup_src=22 preempt_src=0 src_n=23 rep_n=21 nu_recv=0.95652 fa_class=0.0625
RFALINE sc2-Q400 rep=1 site=cli [RFA] gen=0 fires=32 false=32 false_frac=1.0000 fill_coded=0 fill_src=0 dup_src=32 preempt_src=0 src_n=33 rep_n=31 nu_recv=0.96970 fa_class=0.0625
RFALINE sc2-Q400 rep=1 site=cli [RFA] gen=0 fires=42 false=42 false_frac=1.0000 fill_coded=0 fill_src=0 dup_src=42 preempt_src=0 src_n=43 rep_n=41 nu_recv=0.97674 fa_class=0.0625
RFALINE sc2-Q400 rep=1 site=cli [RFA] gen=0 fires=52 false=52 false_frac=1.0000 fill_coded=0 fill_src=0 dup_src=52 preempt_src=0 src_n=53 rep_n=51 nu_recv=0.98113 fa_class=0.0625
RFALINE sc2-Q400 rep=1 site=cli [RFA] gen=0 fires=62 false=62 false_frac=1.0000 fill_coded=0 fill_src=0 dup_src=62 preempt_src=0 src_n=63 rep_n=61 nu_recv=0.98413 fa_class=0.0625
RFALINE sc2-Q400 rep=1 site=cli [RFA] gen=0 fires=72 false=72 false_frac=1.0000 fill_coded=0 fill_src=0 dup_src=72 preempt_src=0 src_n=73 rep_n=71 nu_recv=0.98630 fa_class=0.0625
RFALINE sc2-Q400 rep=1 site=cli [RFA] gen=0 fires=82 false=82 false_frac=1.0000 fill_coded=0 fill_src=0 dup_src=82 preempt_src=0 src_n=83 rep_n=81 nu_recv=0.98795 fa_class=0.0625
RFALINE sc2-Q400 rep=1 site=cli [RFA] gen=0 fires=88 false=88 false_frac=1.0000 fill_coded=0 fill_src=0 dup_src=88 preempt_src=0 src_n=90 rep_n=88 nu_recv=0.97778 fa_class=0.0625
RFALINE sc2-Q400 rep=1 site=srv [RFA] gen=0 fires=489 false=391 false_frac=0.7996 fill_coded=1 fill_src=97 dup_src=390 preempt_src=1 src_n=9155 rep_n=6 nu_recv=0.05341 fa_class=0.0625
RFALINE sc2-Q400 rep=1 site=srv [RFA] gen=0 fires=781 false=500 false_frac=0.6402 fill_coded=6 fill_src=275 dup_src=494 preempt_src=6 src_n=18744 rep_n=52 nu_recv=0.04167 fa_class=0.0625
RFALINE sc2-Q400 rep=1 site=srv [RFA] gen=0 fires=1078 false=580 false_frac=0.5380 fill_coded=18 fill_src=480 dup_src=562 preempt_src=18 src_n=28445 rep_n=93 nu_recv=0.03790 fa_class=0.0625
RFALINE sc2-Q400 rep=1 site=srv [RFA] gen=0 fires=1592 false=705 false_frac=0.4428 fill_coded=49 fill_src=838 dup_src=656 preempt_src=49 src_n=37860 rep_n=165 nu_recv=0.04205 fa_class=0.0625
RFALINE sc2-Q400 rep=1 site=srv [RFA] gen=0 fires=1920 false=829 false_frac=0.4318 fill_coded=62 fill_src=1029 dup_src=767 preempt_src=62 src_n=47535 rep_n=214 nu_recv=0.04039 fa_class=0.0625
RFALINE sc2-Q400 rep=1 site=srv [RFA] gen=0 fires=2263 false=954 false_frac=0.4216 fill_coded=82 fill_src=1227 dup_src=872 preempt_src=82 src_n=56979 rep_n=269 nu_recv=0.03972 fa_class=0.0625
RFALINE sc2-Q400 rep=1 site=srv [RFA] gen=0 fires=2717 false=1068 false_frac=0.3931 fill_coded=99 fill_src=1550 dup_src=971 preempt_src=97 src_n=66648 rep_n=332 nu_recv=0.04077 fa_class=0.0625
RFALINE sc2-Q400 rep=1 site=srv [RFA] gen=0 fires=3140 false=1201 false_frac=0.3825 fill_coded=128 fill_src=1811 dup_src=1075 preempt_src=126 src_n=76146 rep_n=400 nu_recv=0.04124 fa_class=0.0625
RFALINE sc2-Q400 rep=1 site=srv [RFA] gen=0 fires=3324 false=1246 false_frac=0.3748 fill_coded=140 fill_src=1938 dup_src=1107 preempt_src=139 src_n=85714 rep_n=435 nu_recv=0.03878 fa_class=0.0625
FCAUSELINE sc2-Q400 rep=1 site=cli [FCAUSE] gen=0 n=3284 timer=52 gap_data=3232 gap_refresh=0 other=0 timer_frac=0.0158 gap_frac=0.9842 fired=3284 unattr=0 fa_class=0.0625
SUCCLINE sc2-Q400 rep=1 site=cli [SUCC] gen=0 det=0 res=0 orig_n=0 orig_p50_us=- orig_p90_us=- orig_p99_us=- orig_mx_us=- orig_mean_us=- rep_n=0 rep_p50_us=- rep_p90_us=- rep_p99_us=- rep_mx_us=- rep_mean_us=- aban_n=0 aban_p50_us=- aban_p90_us=- aban_p99_us=- aban_mx_us=- aban_mean_us=- open=0 over=0 orig_frac=- cross_us=- dump=0/0
SUCCLINE sc2-Q400 rep=1 site=cli [SUCC] gen=0 det=0 res=0 orig_n=0 orig_p50_us=- orig_p90_us=- orig_p99_us=- orig_mx_us=- orig_mean_us=- rep_n=0 rep_p50_us=- rep_p90_us=- rep_p99_us=- rep_mx_us=- rep_mean_us=- aban_n=0 aban_p50_us=- aban_p90_us=- aban_p99_us=- aban_mx_us=- aban_mean_us=- open=0 over=0 orig_frac=- cross_us=- dump=0/0
SUCCLINE sc2-Q400 rep=1 site=cli [SUCC] gen=0 det=0 res=0 orig_n=0 orig_p50_us=- orig_p90_us=- orig_p99_us=- orig_mx_us=- orig_mean_us=- rep_n=0 rep_p50_us=- rep_p90_us=- rep_p99_us=- rep_mx_us=- rep_mean_us=- aban_n=0 aban_p50_us=- aban_p90_us=- aban_p99_us=- aban_mx_us=- aban_mean_us=- open=0 over=0 orig_frac=- cross_us=- dump=0/0
SUCCLINE sc2-Q400 rep=1 site=cli [SUCC] gen=0 det=0 res=0 orig_n=0 orig_p50_us=- orig_p90_us=- orig_p99_us=- orig_mx_us=- orig_mean_us=- rep_n=0 rep_p50_us=- rep_p90_us=- rep_p99_us=- rep_mx_us=- rep_mean_us=- aban_n=0 aban_p50_us=- aban_p90_us=- aban_p99_us=- aban_mx_us=- aban_mean_us=- open=0 over=0 orig_frac=- cross_us=- dump=0/0
SUCCLINE sc2-Q400 rep=1 site=cli [SUCC] gen=0 det=0 res=0 orig_n=0 orig_p50_us=- orig_p90_us=- orig_p99_us=- orig_mx_us=- orig_mean_us=- rep_n=0 rep_p50_us=- rep_p90_us=- rep_p99_us=- rep_mx_us=- rep_mean_us=- aban_n=0 aban_p50_us=- aban_p90_us=- aban_p99_us=- aban_mx_us=- aban_mean_us=- open=0 over=0 orig_frac=- cross_us=- dump=0/0
SUCCLINE sc2-Q400 rep=1 site=cli [SUCC] gen=0 det=0 res=0 orig_n=0 orig_p50_us=- orig_p90_us=- orig_p99_us=- orig_mx_us=- orig_mean_us=- rep_n=0 rep_p50_us=- rep_p90_us=- rep_p99_us=- rep_mx_us=- rep_mean_us=- aban_n=0 aban_p50_us=- aban_p90_us=- aban_p99_us=- aban_mx_us=- aban_mean_us=- open=0 over=0 orig_frac=- cross_us=- dump=0/0
SUCCLINE sc2-Q400 rep=1 site=cli [SUCC] gen=0 det=0 res=0 orig_n=0 orig_p50_us=- orig_p90_us=- orig_p99_us=- orig_mx_us=- orig_mean_us=- rep_n=0 rep_p50_us=- rep_p90_us=- rep_p99_us=- rep_mx_us=- rep_mean_us=- aban_n=0 aban_p50_us=- aban_p90_us=- aban_p99_us=- aban_mx_us=- aban_mean_us=- open=0 over=0 orig_frac=- cross_us=- dump=0/0
SUCCLINE sc2-Q400 rep=1 site=cli [SUCC] gen=0 det=0 res=0 orig_n=0 orig_p50_us=- orig_p90_us=- orig_p99_us=- orig_mx_us=- orig_mean_us=- rep_n=0 rep_p50_us=- rep_p90_us=- rep_p99_us=- rep_mx_us=- rep_mean_us=- aban_n=0 aban_p50_us=- aban_p90_us=- aban_p99_us=- aban_mx_us=- aban_mean_us=- open=0 over=0 orig_frac=- cross_us=- dump=0/0
SUCCLINE sc2-Q400 rep=1 site=srv [SUCC] gen=0 det=104 res=98 orig_n=97 orig_p50_us=81920 orig_p90_us=106496 orig_p99_us=122880 orig_mx_us=128359 orig_mean_us=90180 rep_n=1 rep_p50_us=81920 rep_p90_us=81920 rep_p99_us=81920 rep_mx_us=84707 rep_mean_us=84707 aban_n=0 aban_p50_us=- aban_p90_us=- aban_p99_us=- aban_mx_us=- aban_mean_us=- open=6 over=0 orig_frac=0.9898 cross_us=- dump=0/0
SUCCLINE sc2-Q400 rep=1 site=srv [SUCC] gen=0 det=333 res=281 orig_n=275 orig_p50_us=98304 orig_p90_us=106496 orig_p99_us=122880 orig_mx_us=128359 orig_mean_us=100190 rep_n=6 rep_p50_us=106496 rep_p90_us=106496 rep_p99_us=106496 rep_mx_us=109818 rep_mean_us=103624 aban_n=0 aban_p50_us=- aban_p90_us=- aban_p99_us=- aban_mx_us=- aban_mean_us=- open=52 over=0 orig_frac=0.9786 cross_us=- dump=0/0
SUCCLINE sc2-Q400 rep=1 site=srv [SUCC] gen=0 det=544 res=491 orig_n=473 orig_p50_us=98304 orig_p90_us=106496 orig_p99_us=122880 orig_mx_us=128359 orig_mean_us=102197 rep_n=18 rep_p50_us=106496 rep_p90_us=106496 rep_p99_us=106496 rep_mx_us=112840 rep_mean_us=107401 aban_n=0 aban_p50_us=- aban_p90_us=- aban_p99_us=- aban_mx_us=- aban_mean_us=- open=53 over=0 orig_frac=0.9633 cross_us=- dump=0/0
SUCCLINE sc2-Q400 rep=1 site=srv [SUCC] gen=0 det=899 res=880 orig_n=831 orig_p50_us=98304 orig_p90_us=106496 orig_p99_us=196608 orig_mx_us=211363 orig_mean_us=105964 rep_n=49 rep_p50_us=106496 rep_p90_us=106496 rep_p99_us=196608 rep_mx_us=211363 rep_mean_us=109077 aban_n=0 aban_p50_us=- aban_p90_us=- aban_p99_us=- aban_mx_us=- aban_mean_us=- open=19 over=0 orig_frac=0.9443 cross_us=5120 dump=0/0
SUCCLINE sc2-Q400 rep=1 site=srv [SUCC] gen=0 det=1112 res=1082 orig_n=1020 orig_p50_us=98304 orig_p90_us=106496 orig_p99_us=196608 orig_mx_us=213634 orig_mean_us=109308 rep_n=62 rep_p50_us=106496 rep_p90_us=114688 rep_p99_us=196608 rep_mx_us=211363 rep_mean_us=108996 aban_n=0 aban_p50_us=- aban_p90_us=- aban_p99_us=- aban_mx_us=- aban_mean_us=- open=30 over=0 orig_frac=0.9427 cross_us=5120 dump=0/0
SUCCLINE sc2-Q400 rep=1 site=srv [SUCC] gen=0 det=1308 res=1300 orig_n=1218 orig_p50_us=98304 orig_p90_us=106496 orig_p99_us=196608 orig_mx_us=214904 orig_mean_us=108560 rep_n=82 rep_p50_us=106496 rep_p90_us=196608 rep_p99_us=212992 rep_mx_us=214904 rep_mean_us=114317 aban_n=0 aban_p50_us=- aban_p90_us=- aban_p99_us=- aban_mx_us=- aban_mean_us=- open=8 over=0 orig_frac=0.9369 cross_us=5120 dump=0/0
SUCCLINE sc2-Q400 rep=1 site=srv [SUCC] gen=0 det=1644 res=1640 orig_n=1541 orig_p50_us=98304 orig_p90_us=114688 orig_p99_us=196608 orig_mx_us=221904 orig_mean_us=109497 rep_n=99 rep_p50_us=106496 rep_p90_us=131072 rep_p99_us=212992 rep_mx_us=214904 rep_mean_us=108803 aban_n=0 aban_p50_us=- aban_p90_us=- aban_p99_us=- aban_mx_us=- aban_mean_us=- open=4 over=0 orig_frac=0.9396 cross_us=5120 dump=0/0
SUCCLINE sc2-Q400 rep=1 site=srv [SUCC] gen=0 det=1940 res=1930 orig_n=1802 orig_p50_us=98304 orig_p90_us=114688 orig_p99_us=196608 orig_mx_us=221904 orig_mean_us=109062 rep_n=128 rep_p50_us=106496 rep_p90_us=114688 rep_p99_us=212992 rep_mx_us=214904 rep_mean_us=102081 aban_n=0 aban_p50_us=- aban_p90_us=- aban_p99_us=- aban_mx_us=- aban_mean_us=- open=10 over=0 orig_frac=0.9337 cross_us=5120 dump=0/0
SUCCLINE sc2-Q400 rep=1 site=srv [SUCC] gen=0 det=2069 res=2069 orig_n=1929 orig_p50_us=98304 orig_p90_us=114688 orig_p99_us=196608 orig_mx_us=221904 orig_mean_us=109226 rep_n=140 rep_p50_us=106496 rep_p90_us=114688 rep_p99_us=212992 rep_mx_us=214904 rep_mean_us=102224 aban_n=0 aban_p50_us=- aban_p90_us=- aban_p99_us=- aban_mx_us=- aban_mean_us=- open=0 over=0 orig_frac=0.9323 cross_us=4096 dump=0/0
HOLDLINE sc2-Q400 rep=1 site=cli [HOLD] site=sender path=0 gen=0 q=unset n_req=- n_obs=1000 samp_n=1000 fed=1624 t_us=- obs_p50_us=102589 obs_p90_us=108838 obs_p99_us=207945 evals=3259 law_n=0 sup=0 emit=3259 hd_p50_us=- hd_p90_us=- hd_p99_us=- hd_mx_us=- hd_n=0 fa_class=0.0625
HOLDLINE sc2-Q400 rep=1 site=cli [HOLD] site=sender path=- gen=0 q=unset n_req=- n_obs=1000 samp_n=0 fed=0 t_us=- obs_p50_us=- obs_p90_us=- obs_p99_us=- evals=25 law_n=0 sup=0 emit=25 hd_p50_us=- hd_p90_us=- hd_p99_us=- hd_mx_us=- hd_n=0 fa_class=0.0625
WALLLINE sc2-Q400 rep=1 site=cli [WALL] onset=0.9749 dur_ms=229.7 retx=12 total_ms=9139.3 it_ms=0.102
WINDOW-PARTIAL sc2-Q400 rep=1 win_ok=81988/89482 win_n=25 (RESULT, not an abort -- the fraction is to be scored, and the quantile-native sweep read 0.829-0.999 here)
VAWITNESS {"cell":"sc2","arm":"Q400","alpha":"0.4","seed":42,"rep":1,"rc":0,"mean_mbps":87.642,"band":[78,92],"band_applies":0,"in_band":1,"lossy":1,"alpha_expect":"0.4","alpha_got_cli":"0.4","alpha_got_srv":"0.4","form_expect":"quantile","form_got_cli":"quantile","form_got_srv":"quantile","winn_expect":"25","winn_got_cli":"25","winn_got_srv":"25","qclk_law_n":81988,"qclk_evals":89482,"qclk_win_ok":81988,"qclk_win_n":"25","w_us_p50":103974,"w_us_p05":93843,"w_us_p95":108348,"shipped_clock_us":100000,"fcause_n":3284,"fcause_timer":52,"fcause_gap_data":3232,"fcause_gap_refresh":0,"fcause_other":0,"fcause_unattr":0,"succ_det":2069,"succ_res":2069,"succ_orig_frac":"0.9323","rfa_fires":3324,"rfa_false":1246,"rfa_false_frac":"0.3748","rfa_fill_coded":140,"rack_fa":"2566/3284","rack_fa_frac":"0.7814","fails":""}
=== rep=2 arm=sc2-CTL alpha=unset form=unset win_n=unavail seed=42 env="RWM_QUANTILE_CLOCKS=0 RWM_DELTA_CAP=1 RWM_SUM_CAP=1 RWM_RACK_CLOCKS=0 RWM_DERIVED_SWEEP=0 RWM_COMPOSED_CAP=0 RWM_THREE_TERM=0 RWM_STORE_CAP_UNIFIED=0 RWM_LATE_BRAKE=0 RWM_CHARGE_RECOVERY=0 RWM_RELEASE_1TO1=0 RWM_LOSS_SENT_TRUTH=0 RWM_RTT_DUMP=0 RWM_SUCC_DUMP=0" cell=c2/c2/single bytes=100000000 18:37:31
[2m2026-08-21T18:37:33.010230Z[0m [32m INFO[0m [2mraptorpath::gates[0m[2m:[0m [GATES] RWM_UNIFIED=1 RWM_UNIFIED_SHED=1 RWM_TAPER_R=1 RWM_ASTAR_ANCHOR=1 RWM_MSTAR_ANCHOR=1 RWM_PLAIN_RS=0 RWM_HONEST_ANCHOR=1 RWM_HONEST_K=0 RWM_STORE_SACK_RELEASE=1 RWM_STORE_PATHS=1 RWM_STORE_PATH_POOL=2048 RWM_STORE=unset RWM_STORE_GAIN=2 RWM_STORE_BOOT=128 RWM_STORE_CAPW=0 RWM_STORE_CAP_UNIFIED=0 RWM_THREE_TERM=0 RWM_COMPOSED_CAP=0 RWM_SUM_CAP=1 RWM_LATE_BRAKE=0 RWM_DELTA_CAP=1 RWM_STORE_PERCAP=0 RWM_PERCAP_GUARD=1 RWM_STORE_BORROW=0 RWM_HONEST_CAP=1 RWM_POOL_ANCHOR=0 RWM_POOL_DELIV=0 RWM_FLOOR_BOUND=0 RWM_ACK_MERGE=1 RWM_LOSS_SENT_TRUTH=0 RWM_RELEASE_1TO1=0 RWM_CHARGE_RECOVERY=0 RWM_PATIENCE_DERIVED=0 RWM_SIDLE_DERIVED=0 RWM_WIN_DECOUPLE=0 RWM_PLACE_SLACK=0 RWM_COLD_PLACE=0 RWM_GEN=384 RWM_PIPELINE=2 RWM_GEN_PIPE=1 RWM_GEN_R=unset RWM_GEN_RATE=9000 RWM_GEN_RATE_FLOOR=2000 RWM_GEN_INFLIGHT=unset RWM_OOO_RETAIN=0/16 RWM_WINDOW=unset RWM_REPORT_GENS=unset RWM_REPAIR_WAIT=unset RWM_CODED_SRC=0 RWM_NO_REACTIVE=0 RWM_XPATH_REPAIR=0 RWM_PROACTIVE_PACER=0 RWM_REASM_BDP=0 RWM_MIN_R=0 RWM_CC_PACE=0 RWM_CC_PACE_HR=1.1 RWM_REACT_CAP=unset RWM_INFL_CAP=0 RWM_INFL_BDP=unset RWM_COPA_FEED=0 RWM_RS_ATTR=1 RWM_EMIT_BATCH=0 RWM_EMIT_BURST=64 RWM_RECOV_MP=1 RWM_RECOV_MP_LAW=1 RWM_RECOV_MP_LIVE=0 RWM_RECOV_SP=0 RWM_DERIVED_SWEEP=0 RWM_RACK_CLOCKS=0 RWM_RACK_REO_MULT=1 RWM_QUANTILE_CLOCKS=0 RWM_ALPHA_OVERRIDE=unset RWM_W_FORM=cantelli RWM_HOLDDOWN_Q=unset RWM_REFRESH_FLOOR_US=unset RWM_DIAG=1 RWM_ACKDIAG=1 RWM_ACKDIAG_WINDOW_US=2000000 RWM_RTT_DUMP=0 RWM_RTT_DUMP_MAX=400000 RWM_SUCC_DUMP=0 RWM_SUCC_DUMP_MAX=200000 RWM_WALLDIAG=1 RWM_CPUPROF=0 RWM_RDIAG=0 RWM_FDIAG=1 RWM_TRACE=0 RWM_PFRAC=0
{"bytes":100000000,"dnf":0,"hint":"bulk","max_s":9.2479,"mean_mbps":86.506,"mean_s":9.2479,"median_s":9.2479,"min_s":9.2479,"proto":"rp-native","runs":1,"stdev_s":0.0,"summary":true}
    LATPROBE-LEG leg=0 file=/tmp/rwm-ping-0.txt sent=178 recv=172 censor=3.37% p50=97.8[censor=3.37% ok] p95=106.0[censor=3.37% ok] p99=107.0[censor=3.37% UNSCOREABLE(inside censored tail)]
    LATPROBE: 1 leg(s) /tmp/rwm-ping-0.txt=172 replies
    CPU: CPUSRV=8.19s CPUCLI=7.30s (srv=decoder cli=sender; whole-invocation incl warmup)
    QDISC cli0: qdisc netem bda1: root refcnt 7 limit 1000 delay 5ms  3ms loss gemodel p 1.3% r 50% 1-h 100% 1-k 0% rate 100Mbit seed 42  Sent 112058895 bytes 89397 pkt (dropped 495, overlimits 0 requeues 0)   backlog 0b 0p requeues 0 
    QDISC srv0: qdisc netem bda3: root refcnt 7 limit 1000 delay 5ms  3ms rate 100Mbit seed 12993280384189496112  Sent 10840482 bytes 58653 pkt (dropped 0, overlimits 0 requeues 0)   backlog 0b 0p requeues 0 
    QCAP: /tmp/rwm-q.txt 10 lines
RUNTIME sc2-CTL rep=2 11s rc=0
ALPHARESULT {"cell": "sc2", "arm": "CTL", "alpha_cmd": null, "seed": 42, "rep": 2, "n_paths": 1, "dnf": false, "dnf_count": 0, "mbps": 86.506, "mean_mbps": 86.506, "seconds": 9.2479, "n_runs": 1, "cpusrv": 8.19, "cpucli": 7.3, "khr_med": 1.0, "kraw_med": null, "khr_n": 33, "kraw_n": 0, "rtp_med": 9, "occ_p50": 1002, "occcap_p50": 1024, "q_p50": 95, "q_p99": 106, "diag_lines": 36, "retx": 3481, "w1_rfa_gen": "0", "w2_pfrac_lines": 0, "w4_retx_max": 3481, "w5_rack_fa": "2793/3568", "gates_cli_quantile_clocks": 0, "gates_srv_quantile_clocks": 0, "gates_cli_rack_clocks": 0, "gates_srv_rack_clocks": 0, "gates_cli_derived_sweep": 0, "gates_srv_derived_sweep": 0, "gates_cli_delta_cap": 1, "gates_srv_delta_cap": 1, "gates_cli_sum_cap": 1, "gates_srv_sum_cap": 1, "gates_cli_composed_cap": 0, "gates_srv_composed_cap": 0, "gates_cli_three_term": 0, "gates_srv_three_term": 0, "gates_cli_loss_sent_truth": 0, "gates_srv_loss_sent_truth": 0, "gates_cli_gen": null, "gates_srv_gen": null, "gates_cli_diag": 1, "gates_srv_diag": 1, "gates_cli_ackdiag": 1, "gates_srv_ackdiag": 1, "gates_cli_walldiag": 1, "gates_srv_walldiag": 1, "gates_cli_fdiag": 1, "gates_srv_fdiag": 1, "gates_cli_recov_mp": 1, "gates_srv_recov_mp": 1, "gates_cli_cc_pace": 0, "gates_srv_cc_pace": 0, "gates_cli_rack_reo_mult": 1, "gates_srv_rack_reo_mult": 1, "gates_lines_cli": 1, "gates_lines_srv": 1, "gate_quantile_cli": "0", "gate_quantile_srv": "0", "gate_alpha_cli": "unset", "gate_alpha_srv": "unset", "gate_gen_cli": 384, "gate_gen_srv": 384, "gate_wform_cli": "cantelli", "gate_wform_srv": "cantelli", "qalpha_lines_cli": 1, "qalpha_site_cli": "sender", "qalpha_quantile_cli": 0, "qalpha_contract_cli": 0.001, "qalpha_override_cli": null, "qalpha_cli": 0.001, "qalpha_k_cli": 31.607, "qalpha_form_cli": "cantelli", "qalpha_winn_cli": "unavail", "qalpha_lines_srv": 1, "qalpha_site_srv": "receiver", "qalpha_quantile_srv": 0, "qalpha_contract_srv": 1e-05, "qalpha_override_srv": null, "qalpha_srv": 1e-05, "qalpha_k_srv": 316.2262, "qalpha_form_srv": "cantelli", "qalpha_winn_srv": "unavail", "qclk_cli_lines": 1, "qclk_cli_site": "sender", "qclk_cli_alpha": 0.001, "qclk_cli_k": 31.607, "qclk_cli_w_us_mean": 95238.8, "qclk_cli_srtt_us_mean": 94226.6, "qclk_cli_on": 0, "qclk_cli_evals": 89573, "qclk_cli_kept": 2800, "qclk_cli_w_us_p05": 25000, "qclk_cli_w_us_p50": 100000, "qclk_cli_w_us_p95": 100000, "qclk_cli_w_us_min": 25000, "qclk_cli_w_us_max": 100000, "qclk_cli_law_n": 89573, "qclk_cli_sigma_us_mean": 576.7, "qclk_cli_sigma_n": 84046, "qclk_form_cli": "cantelli", "qclk_winn_cli": "unavail", "qclk_win_ok_cli": 0, "qclk_srv_lines": 9, "qclk_srv_site": "receiver", "qclk_srv_alpha": 1e-05, "qclk_srv_k": 316.2262, "qclk_srv_w_us_mean": 99903.5, "qclk_srv_srtt_us_mean": 97450.4, "qclk_srv_on": 0, "qclk_srv_evals": 72904, "qclk_srv_kept": 2279, "qclk_srv_w_us_p05": 100000, "qclk_srv_w_us_p50": 100000, "qclk_srv_w_us_p95": 100000, "qclk_srv_w_us_min": 25000, "qclk_srv_w_us_max": 100000, "qclk_srv_law_n": 72904, "qclk_srv_sigma_us_mean": 5575.9, "qclk_srv_sigma_n": 72811, "qclk_form_srv": "cantelli", "qclk_winn_srv": "unavail", "qclk_win_ok_srv": 0, "rack_lines_cli": 2, "rack_on_cli": 0, "rack_evals_cli": 0, "rack_ceil_cli": 0.0, "rack_gran_cli": 0.0, "rack_legacy_pin_cli": 0.0, "rack_round_cli": 0.0, "rack_legacy_cli": 0.0, "rack_mult_cli": 1, "rack_fa_n_cli": 2793, "rack_fa_d_cli": 3568, "rack_fa_frac_cli": 0.7828, "rack_fa_class_cli": 0.0625, "rack_lines_srv": 0, "rack_on_srv": null, "rack_evals_srv": null, "rack_ceil_srv": null, "rack_gran_srv": null, "rack_legacy_pin_srv": null, "rack_round_srv": null, "rack_legacy_srv": null, "rack_mult_srv": null, "rack_fa_n_srv": null, "rack_fa_d_srv": null, "rack_fa_frac_srv": null, "rack_fa_class_srv": null, "rack_fired": 3568, "rack_spurious": 2793, "rack_fa_frac": 0.7828, "rack_fa_class": 0.0625, "rack_round_us": 0.0, "rack_legacy_us": 0.0, "rack_evals": 0, "rack_legacy_pin": 0.0, "rfa_lines": 9, "rfa_gen": 0, "rfa_fires": 3551, "rfa_false": 1292, "rfa_fill_coded": 168, "rfa_fill_src": 2091, "rfa_dup_src": 1127, "rfa_preempt_src": 165, "rfa_src_n": 83616, "rfa_rep_n": 460, "rfa_false_frac": 0.3638, "rfa_nu_recv": 0.04247, "rfa_fa_class": 0.0625, "rfa_bracket_lo": 0.3638, "rfa_bracket_hi": 0.884932, "sf_ticks": 1422, "sf_E": 0.9184, "sf_short": 0.0816, "sf_zero": 0.0816, "capboot_n": 33, "capboot_frac": 0.0, "ping_n": 172, "ping_p50": 97.8, "ping_p95": 105.0, "ping_p99": 106.0, "ping_tx": 178, "ping_rx": 172, "ping_loss": 3.37, "ping_censor_frac": 0.0337, "legs_probed": 1, "leg0_n": 172, "leg0_sent": 178, "leg0_recv": 172, "leg0_sent_source": "summary", "leg0_censor_frac": 0.0337, "leg0_censor_pct": 3.37, "leg0_recv_mismatch": false, "leg0_leg_unscoreable": false, "leg0_min": 6.84, "leg0_max": 108.0, "leg0_p50": 97.8, "leg0_p50_censored": false, "leg0_p50_scoreable": true, "leg0_p95": 106.0, "leg0_p95_censored": false, "leg0_p95_scoreable": true, "leg0_p99": 107.0, "leg0_p99_censored": true, "leg0_p99_scoreable": false, "legs_censor_max": 0.0337, "wait_tun": 41, "wait_paused": 31, "wait_pace": 0, "wait_gen": 0, "wait_nack": 30, "wait_defc": 0, "wait_tail": 0, "wait_flush": 0, "wait_lines": 33, "deadwall": false, "sig_us_p50": 1119.0, "sig_us_n": 84017, "sig_us_path": 0, "sig_paths": 1, "pl_n": 33, "pl_max": 0.0, "pl_min": 0.0, "pl_p0": 0.0, "dgq_hand": 87476, "dgq_full": 0, "dgq_err": 0, "dgq_gap": 57, "tc_bytes": 112058895, "tc_pkts": 89397, "tc_drop": 495, "tc_s": 11, "hold_lines": 2, "hold_samp_n": 1000, "hold_fed": 1788, "hold_evals": 3543, "hold_law_n": 0, "hold_sup": 0, "hold_emit": 3543, "hold_hd_n": 0, "hold_q": "unset", "hold_n_req": "-", "hold_n_obs": 1000, "hold_gen": 0, "hold_sup_frac": 0.0, "hold_law_frac": 0.0, "hold_obs_p50_us": 102995, "hold_obs_p90_us": 106907, "hold_obs_p99_us": 202007, "hold_t_us_p0": null, "hold_t_us_p1": null, "hold_samp_n_p0": 1000, "hold_samp_n_p1": null, "hold_hd_p50_us": null, "hold_hd_p90_us": null, "hold_hd_p99_us": null, "hold_hd_mx_us": null, "hold_unattr_evals": 25, "hold_paths_n": 1, "hold_accounting_ok": 1, "hold_obs_p50_us_p0": 102995, "hold_obs_p90_us_p0": 106907, "hold_obs_p99_us_p0": 202007, "hold_rpd": 1.593569, "fcause_lines": 1, "fcause_gen": 0, "fcause_n": 3568, "fcause_timer": 36, "fcause_gap_data": 3532, "fcause_gap_refresh": 0, "fcause_other": 0, "fcause_fired": 3568, "fcause_unattr": 0, "fcause_timer_frac": 0.0101, "fcause_gap_frac": 0.9899, "succ_lines": 9, "succ_gen": 0, "succ_det": 2239, "succ_res": 2214, "succ_orig_n": 2048, "succ_rep_n": 166, "succ_aban_n": 0, "succ_open": 25, "succ_over": 0, "succ_orig_p50_us": 98304, "succ_orig_p90_us": 114688, "succ_orig_p99_us": 196608, "succ_orig_mx_us": 220548, "succ_orig_frac": 0.925, "succ_identity_ok": 1}
LIVENESS sc2-CTL rep=2 RWM_QUANTILE_CLOCKS=RWM_QUANTILE_CLOCKS=0/RWM_QUANTILE_CLOCKS=0(exp0) RWM_ALPHA_OVERRIDE=RWM_ALPHA_OVERRIDE=unset/RWM_ALPHA_OVERRIDE=unset(expunset) RWM_W_FORM=RWM_W_FORM=cantelli/RWM_W_FORM=cantelli(expcantelli) RWM_DELTA_CAP=RWM_DELTA_CAP=1/RWM_DELTA_CAP=1(exp1) RWM_SUM_CAP=RWM_SUM_CAP=1/RWM_SUM_CAP=1(exp1) RWM_HOLDDOWN_Q=RWM_HOLDDOWN_Q=unset/RWM_HOLDDOWN_Q=unset(expunset) RWM_REFRESH_FLOOR_US=RWM_REFRESH_FLOOR_US=unset/RWM_REFRESH_FLOOR_US=unset(expunset) RWM_RACK_CLOCKS=RWM_RACK_CLOCKS=0/RWM_RACK_CLOCKS=0(exp0) RWM_DERIVED_SWEEP=RWM_DERIVED_SWEEP=0/RWM_DERIVED_SWEEP=0(exp0) RWM_COMPOSED_CAP=RWM_COMPOSED_CAP=0/RWM_COMPOSED_CAP=0(exp0) RWM_THREE_TERM=RWM_THREE_TERM=0/RWM_THREE_TERM=0(exp0) RWM_STORE_CAP_UNIFIED=RWM_STORE_CAP_UNIFIED=0/RWM_STORE_CAP_UNIFIED=0(exp0) RWM_LATE_BRAKE=RWM_LATE_BRAKE=0/RWM_LATE_BRAKE=0(exp0) RWM_CHARGE_RECOVERY=RWM_CHARGE_RECOVERY=0/RWM_CHARGE_RECOVERY=0(exp0) RWM_RELEASE_1TO1=RWM_RELEASE_1TO1=0/RWM_RELEASE_1TO1=0(exp0) RWM_LOSS_SENT_TRUTH=RWM_LOSS_SENT_TRUTH=0/RWM_LOSS_SENT_TRUTH=0(exp0) RWM_RTT_DUMP=RWM_RTT_DUMP=0/RWM_RTT_DUMP=0(exp0) RWM_SUCC_DUMP=RWM_SUCC_DUMP=0/RWM_SUCC_DUMP=0(exp0) RWM_DIAG=RWM_DIAG=1/RWM_DIAG=1(exp1) RWM_ACKDIAG=RWM_ACKDIAG=1/RWM_ACKDIAG=1(exp1) RWM_WALLDIAG=RWM_WALLDIAG=1/RWM_WALLDIAG=1(exp1) RWM_FDIAG=RWM_FDIAG=1/RWM_FDIAG=1(exp1)
W5QALPHA sc2-CTL rep=2 cli=form:cantelli/win_n:unavail/alpha:1.000000e-3 srv=form:cantelli/win_n:unavail/alpha:1.000000e-5 (exp form=cantelli win_n=unavail)
WCLOCK sc2-CTL rep=2 law_n=89573 evals=89573 win_ok=0 win_n=unavail p50=100000 p05=25000 p95=100000 shipped_clock=100000
W8SUCC sc2-CTL rep=2 det=2239 res=2214 orig_frac=0.9250
QALPHALINE sc2-CTL rep=2 site=cli [QALPHA] site=receiver quantile=0 form=cantelli win_n=unavail contract_alpha=1.000000e-5 override=unset alpha=1.000000e-5 k=316.2262 fa_class=0.0625
QALPHALINE sc2-CTL rep=2 site=cli [QALPHA] site=sender quantile=0 form=cantelli win_n=unavail contract_alpha=1.000000e-3 override=unset alpha=1.000000e-3 k=31.6070 fa_class=0.0625
QALPHALINE sc2-CTL rep=2 site=srv [QALPHA] site=sender quantile=0 form=cantelli win_n=unavail contract_alpha=1.000000e-3 override=unset alpha=1.000000e-3 k=31.6070 fa_class=0.0625
QALPHALINE sc2-CTL rep=2 site=srv [QALPHA] site=receiver quantile=0 form=cantelli win_n=unavail contract_alpha=1.000000e-5 override=unset alpha=1.000000e-5 k=316.2262 fa_class=0.0625
QCLKLINE sc2-CTL rep=2 site=cli [QCLK] site=sender on=0 form=cantelli win_n=unavail win_ok=0 alpha=1.000000e-3 k=31.6070 evals=89573 law_n=89573 kept=2800 w_us_mean=95238.8 w_us_p05=25000 w_us_p50=100000 w_us_p95=100000 w_us_min=25000 w_us_max=100000 srtt_us_mean=94226.6 sigma_us_mean=576.7/n84046 fa_class=0.0625
QCLKLINE sc2-CTL rep=2 site=srv [QCLK] site=receiver on=0 form=cantelli win_n=unavail win_ok=0 alpha=1.000000e-5 k=316.2262 evals=4975 law_n=4975 kept=2488 w_us_mean=98586.0 w_us_p05=100000 w_us_p50=100000 w_us_p95=100000 w_us_min=25000 w_us_max=100000 srtt_us_mean=66285.7 sigma_us_mean=27954.0/n4882 fa_class=0.0625
QCLKLINE sc2-CTL rep=2 site=srv [QCLK] site=receiver on=0 form=cantelli win_n=unavail win_ok=0 alpha=1.000000e-5 k=316.2262 evals=11865 law_n=11865 kept=2967 w_us_mean=99407.1 w_us_p05=100000 w_us_p50=100000 w_us_p95=100000 w_us_min=25000 w_us_max=100000 srtt_us_mean=75326.2 sigma_us_mean=17293.1/n11772 fa_class=0.0625
QCLKLINE sc2-CTL rep=2 site=srv [QCLK] site=receiver on=0 form=cantelli win_n=unavail win_ok=0 alpha=1.000000e-5 k=316.2262 evals=19443 law_n=19443 kept=2431 w_us_mean=99638.2 w_us_p05=100000 w_us_p50=100000 w_us_p95=100000 w_us_min=25000 w_us_max=100000 srtt_us_mean=82696.0 sigma_us_mean=13161.5/n19350 fa_class=0.0625
QCLKLINE sc2-CTL rep=2 site=srv [QCLK] site=receiver on=0 form=cantelli win_n=unavail win_ok=0 alpha=1.000000e-5 k=316.2262 evals=27902 law_n=27902 kept=3488 w_us_mean=99747.9 w_us_p05=100000 w_us_p50=100000 w_us_p95=100000 w_us_min=25000 w_us_max=100000 srtt_us_mean=88629.7 sigma_us_mean=10169.9/n27809 fa_class=0.0625
QCLKLINE sc2-CTL rep=2 site=srv [QCLK] site=receiver on=0 form=cantelli win_n=unavail win_ok=0 alpha=1.000000e-5 k=316.2262 evals=37362 law_n=37362 kept=2336 w_us_mean=99811.7 w_us_p05=100000 w_us_p50=100000 w_us_p95=100000 w_us_min=25000 w_us_max=100000 srtt_us_mean=92070.3 sigma_us_mean=8327.4/n37269 fa_class=0.0625
QCLKLINE sc2-CTL rep=2 site=srv [QCLK] site=receiver on=0 form=cantelli win_n=unavail win_ok=0 alpha=1.000000e-5 k=316.2262 evals=46162 law_n=46162 kept=2886 w_us_mean=99847.6 w_us_p05=100000 w_us_p50=100000 w_us_p95=100000 w_us_min=25000 w_us_max=100000 srtt_us_mean=94224.2 sigma_us_mean=7223.3/n46069 fa_class=0.0625
QCLKLINE sc2-CTL rep=2 site=srv [QCLK] site=receiver on=0 form=cantelli win_n=unavail win_ok=0 alpha=1.000000e-5 k=316.2262 evals=55097 law_n=55097 kept=3444 w_us_mean=99872.3 w_us_p05=100000 w_us_p50=100000 w_us_p95=100000 w_us_min=25000 w_us_max=100000 srtt_us_mean=95535.2 sigma_us_mean=6571.8/n55004 fa_class=0.0625
QCLKLINE sc2-CTL rep=2 site=srv [QCLK] site=receiver on=0 form=cantelli win_n=unavail win_ok=0 alpha=1.000000e-5 k=316.2262 evals=64402 law_n=64402 kept=4026 w_us_mean=99890.8 w_us_p05=100000 w_us_p50=100000 w_us_p95=100000 w_us_min=25000 w_us_max=100000 srtt_us_mean=96684.0 sigma_us_mean=6029.0/n64309 fa_class=0.0625
QCLKLINE sc2-CTL rep=2 site=srv [QCLK] site=receiver on=0 form=cantelli win_n=unavail win_ok=0 alpha=1.000000e-5 k=316.2262 evals=72904 law_n=72904 kept=2279 w_us_mean=99903.5 w_us_p05=100000 w_us_p50=100000 w_us_p95=100000 w_us_min=25000 w_us_max=100000 srtt_us_mean=97450.4 sigma_us_mean=5575.9/n72811 fa_class=0.0625
RACKLINE sc2-CTL rep=2 site=cli [RACK] on=0 evals=0 ceil=0.0000 gran=0.0000 legacy_pin=0.0000 round=0.0 legacy=0.0 mult=1 fa=66/66 fa_frac=1.0000 fa_class=0.0625
RACKLINE sc2-CTL rep=2 site=cli [RACK] on=0 evals=0 ceil=0.0000 gran=0.0000 legacy_pin=0.0000 round=0.0 legacy=0.0 mult=1 fa=2793/3568 fa_frac=0.7828 fa_class=0.0625
RFALINE sc2-CTL rep=2 site=cli [RFA] gen=0 fires=15 false=15 false_frac=1.0000 fill_coded=0 fill_src=0 dup_src=15 preempt_src=0 src_n=16 rep_n=6 nu_recv=0.93750 fa_class=0.0625
RFALINE sc2-CTL rep=2 site=cli [RFA] gen=0 fires=25 false=25 false_frac=1.0000 fill_coded=0 fill_src=0 dup_src=25 preempt_src=0 src_n=26 rep_n=16 nu_recv=0.96154 fa_class=0.0625
RFALINE sc2-CTL rep=2 site=cli [RFA] gen=0 fires=34 false=34 false_frac=1.0000 fill_coded=0 fill_src=0 dup_src=34 preempt_src=0 src_n=35 rep_n=25 nu_recv=0.97143 fa_class=0.0625
RFALINE sc2-CTL rep=2 site=cli [RFA] gen=0 fires=39 false=39 false_frac=1.0000 fill_coded=0 fill_src=0 dup_src=39 preempt_src=0 src_n=40 rep_n=30 nu_recv=0.97500 fa_class=0.0625
RFALINE sc2-CTL rep=2 site=cli [RFA] gen=0 fires=44 false=44 false_frac=1.0000 fill_coded=0 fill_src=0 dup_src=44 preempt_src=0 src_n=45 rep_n=35 nu_recv=0.97778 fa_class=0.0625
RFALINE sc2-CTL rep=2 site=cli [RFA] gen=0 fires=49 false=49 false_frac=1.0000 fill_coded=0 fill_src=0 dup_src=49 preempt_src=0 src_n=50 rep_n=40 nu_recv=0.98000 fa_class=0.0625
RFALINE sc2-CTL rep=2 site=cli [RFA] gen=0 fires=54 false=54 false_frac=1.0000 fill_coded=0 fill_src=0 dup_src=54 preempt_src=0 src_n=55 rep_n=45 nu_recv=0.98182 fa_class=0.0625
RFALINE sc2-CTL rep=2 site=cli [RFA] gen=0 fires=59 false=59 false_frac=1.0000 fill_coded=0 fill_src=0 dup_src=59 preempt_src=0 src_n=60 rep_n=50 nu_recv=0.98333 fa_class=0.0625
RFALINE sc2-CTL rep=2 site=cli [RFA] gen=0 fires=65 false=65 false_frac=1.0000 fill_coded=0 fill_src=0 dup_src=65 preempt_src=0 src_n=66 rep_n=56 nu_recv=0.98485 fa_class=0.0625
RFALINE sc2-CTL rep=2 site=cli [RFA] gen=0 fires=66 false=66 false_frac=1.0000 fill_coded=0 fill_src=0 dup_src=66 preempt_src=0 src_n=68 rep_n=58 nu_recv=0.97059 fa_class=0.0625
RFALINE sc2-CTL rep=2 site=srv [RFA] gen=0 fires=557 false=421 false_frac=0.7558 fill_coded=0 fill_src=136 dup_src=421 preempt_src=0 src_n=6866 rep_n=11 nu_recv=0.08112 fa_class=0.0625
RFALINE sc2-CTL rep=2 site=srv [RFA] gen=0 fires=773 false=489 false_frac=0.6326 fill_coded=12 fill_src=272 dup_src=478 preempt_src=11 src_n=16474 rep_n=41 nu_recv=0.04692 fa_class=0.0625
RFALINE sc2-CTL rep=2 site=srv [RFA] gen=0 fires=1115 false=593 false_frac=0.5318 fill_coded=31 fill_src=491 dup_src=563 preempt_src=30 src_n=26248 rep_n=88 nu_recv=0.04248 fa_class=0.0625
RFALINE sc2-CTL rep=2 site=srv [RFA] gen=0 fires=1410 false=665 false_frac=0.4716 fill_coded=50 fill_src=695 dup_src=616 preempt_src=49 src_n=35614 rep_n=134 nu_recv=0.03959 fa_class=0.0625
RFALINE sc2-CTL rep=2 site=srv [RFA] gen=0 fires=1960 false=834 false_frac=0.4255 fill_coded=87 fill_src=1039 dup_src=751 preempt_src=83 src_n=45375 rep_n=215 nu_recv=0.04320 fa_class=0.0625
RFALINE sc2-CTL rep=2 site=srv [RFA] gen=0 fires=2304 false=947 false_frac=0.4110 fill_coded=102 fill_src=1255 dup_src=847 preempt_src=100 src_n=54796 rep_n=267 nu_recv=0.04205 fa_class=0.0625
RFALINE sc2-CTL rep=2 site=srv [RFA] gen=0 fires=2815 false=1074 false_frac=0.3815 fill_coded=128 fill_src=1613 dup_src=948 preempt_src=126 src_n=64489 rep_n=343 nu_recv=0.04365 fa_class=0.0625
RFALINE sc2-CTL rep=2 site=srv [RFA] gen=0 fires=3207 false=1211 false_frac=0.3776 fill_coded=153 fill_src=1843 dup_src=1062 preempt_src=149 src_n=74020 rep_n=404 nu_recv=0.04333 fa_class=0.0625
RFALINE sc2-CTL rep=2 site=srv [RFA] gen=0 fires=3551 false=1292 false_frac=0.3638 fill_coded=168 fill_src=2091 dup_src=1127 preempt_src=165 src_n=83616 rep_n=460 nu_recv=0.04247 fa_class=0.0625
FCAUSELINE sc2-CTL rep=2 site=cli [FCAUSE] gen=0 n=3568 timer=36 gap_data=3532 gap_refresh=0 other=0 timer_frac=0.0101 gap_frac=0.9899 fired=3568 unattr=0 fa_class=0.0625
SUCCLINE sc2-CTL rep=2 site=cli [SUCC] gen=0 det=0 res=0 orig_n=0 orig_p50_us=- orig_p90_us=- orig_p99_us=- orig_mx_us=- orig_mean_us=- rep_n=0 rep_p50_us=- rep_p90_us=- rep_p99_us=- rep_mx_us=- rep_mean_us=- aban_n=0 aban_p50_us=- aban_p90_us=- aban_p99_us=- aban_mx_us=- aban_mean_us=- open=0 over=0 orig_frac=- cross_us=- dump=0/0
SUCCLINE sc2-CTL rep=2 site=cli [SUCC] gen=0 det=0 res=0 orig_n=0 orig_p50_us=- orig_p90_us=- orig_p99_us=- orig_mx_us=- orig_mean_us=- rep_n=0 rep_p50_us=- rep_p90_us=- rep_p99_us=- rep_mx_us=- rep_mean_us=- aban_n=0 aban_p50_us=- aban_p90_us=- aban_p99_us=- aban_mx_us=- aban_mean_us=- open=0 over=0 orig_frac=- cross_us=- dump=0/0
SUCCLINE sc2-CTL rep=2 site=cli [SUCC] gen=0 det=0 res=0 orig_n=0 orig_p50_us=- orig_p90_us=- orig_p99_us=- orig_mx_us=- orig_mean_us=- rep_n=0 rep_p50_us=- rep_p90_us=- rep_p99_us=- rep_mx_us=- rep_mean_us=- aban_n=0 aban_p50_us=- aban_p90_us=- aban_p99_us=- aban_mx_us=- aban_mean_us=- open=0 over=0 orig_frac=- cross_us=- dump=0/0
SUCCLINE sc2-CTL rep=2 site=cli [SUCC] gen=0 det=0 res=0 orig_n=0 orig_p50_us=- orig_p90_us=- orig_p99_us=- orig_mx_us=- orig_mean_us=- rep_n=0 rep_p50_us=- rep_p90_us=- rep_p99_us=- rep_mx_us=- rep_mean_us=- aban_n=0 aban_p50_us=- aban_p90_us=- aban_p99_us=- aban_mx_us=- aban_mean_us=- open=0 over=0 orig_frac=- cross_us=- dump=0/0
SUCCLINE sc2-CTL rep=2 site=cli [SUCC] gen=0 det=0 res=0 orig_n=0 orig_p50_us=- orig_p90_us=- orig_p99_us=- orig_mx_us=- orig_mean_us=- rep_n=0 rep_p50_us=- rep_p90_us=- rep_p99_us=- rep_mx_us=- rep_mean_us=- aban_n=0 aban_p50_us=- aban_p90_us=- aban_p99_us=- aban_mx_us=- aban_mean_us=- open=0 over=0 orig_frac=- cross_us=- dump=0/0
SUCCLINE sc2-CTL rep=2 site=cli [SUCC] gen=0 det=0 res=0 orig_n=0 orig_p50_us=- orig_p90_us=- orig_p99_us=- orig_mx_us=- orig_mean_us=- rep_n=0 rep_p50_us=- rep_p90_us=- rep_p99_us=- rep_mx_us=- rep_mean_us=- aban_n=0 aban_p50_us=- aban_p90_us=- aban_p99_us=- aban_mx_us=- aban_mean_us=- open=0 over=0 orig_frac=- cross_us=- dump=0/0
SUCCLINE sc2-CTL rep=2 site=cli [SUCC] gen=0 det=0 res=0 orig_n=0 orig_p50_us=- orig_p90_us=- orig_p99_us=- orig_mx_us=- orig_mean_us=- rep_n=0 rep_p50_us=- rep_p90_us=- rep_p99_us=- rep_mx_us=- rep_mean_us=- aban_n=0 aban_p50_us=- aban_p90_us=- aban_p99_us=- aban_mx_us=- aban_mean_us=- open=0 over=0 orig_frac=- cross_us=- dump=0/0
SUCCLINE sc2-CTL rep=2 site=cli [SUCC] gen=0 det=0 res=0 orig_n=0 orig_p50_us=- orig_p90_us=- orig_p99_us=- orig_mx_us=- orig_mean_us=- rep_n=0 rep_p50_us=- rep_p90_us=- rep_p99_us=- rep_mx_us=- rep_mean_us=- aban_n=0 aban_p50_us=- aban_p90_us=- aban_p99_us=- aban_mx_us=- aban_mean_us=- open=0 over=0 orig_frac=- cross_us=- dump=0/0
SUCCLINE sc2-CTL rep=2 site=cli [SUCC] gen=0 det=0 res=0 orig_n=0 orig_p50_us=- orig_p90_us=- orig_p99_us=- orig_mx_us=- orig_mean_us=- rep_n=0 rep_p50_us=- rep_p90_us=- rep_p99_us=- rep_mx_us=- rep_mean_us=- aban_n=0 aban_p50_us=- aban_p90_us=- aban_p99_us=- aban_mx_us=- aban_mean_us=- open=0 over=0 orig_frac=- cross_us=- dump=0/0
SUCCLINE sc2-CTL rep=2 site=srv [SUCC] gen=0 det=154 res=136 orig_n=136 orig_p50_us=81920 orig_p90_us=131072 orig_p99_us=131072 orig_mx_us=146667 orig_mean_us=92203 rep_n=0 rep_p50_us=- rep_p90_us=- rep_p99_us=- rep_mx_us=- rep_mean_us=- aban_n=0 aban_p50_us=- aban_p90_us=- aban_p99_us=- aban_mx_us=- aban_mean_us=- open=18 over=0 orig_frac=1.0000 cross_us=- dump=0/0
SUCCLINE sc2-CTL rep=2 site=srv [SUCC] gen=0 det=347 res=283 orig_n=272 orig_p50_us=81920 orig_p90_us=131072 orig_p99_us=163840 orig_mx_us=177972 orig_mean_us=93403 rep_n=11 rep_p50_us=90112 rep_p90_us=90112 rep_p99_us=90112 rep_mx_us=93102 rep_mean_us=83779 aban_n=0 aban_p50_us=- aban_p90_us=- aban_p99_us=- aban_mx_us=- aban_mean_us=- open=64 over=0 orig_frac=0.9611 cross_us=22528 dump=0/0
SUCCLINE sc2-CTL rep=2 site=srv [SUCC] gen=0 det=571 res=521 orig_n=491 orig_p50_us=90112 orig_p90_us=114688 orig_p99_us=163840 orig_mx_us=177972 orig_mean_us=97162 rep_n=30 rep_p50_us=90112 rep_p90_us=106496 rep_p99_us=106496 rep_mx_us=111907 rep_mean_us=88698 aban_n=0 aban_p50_us=- aban_p90_us=- aban_p99_us=- aban_mx_us=- aban_mean_us=- open=50 over=0 orig_frac=0.9424 cross_us=6144 dump=0/0
SUCCLINE sc2-CTL rep=2 site=srv [SUCC] gen=0 det=817 res=744 orig_n=695 orig_p50_us=98304 orig_p90_us=114688 orig_p99_us=212992 orig_mx_us=214814 orig_mean_us=101374 rep_n=49 rep_p50_us=98304 rep_p90_us=196608 rep_p99_us=212992 rep_mx_us=214814 rep_mean_us=104226 aban_n=0 aban_p50_us=- aban_p90_us=- aban_p99_us=- aban_mx_us=- aban_mean_us=- open=73 over=0 orig_frac=0.9341 cross_us=1664 dump=0/0
SUCCLINE sc2-CTL rep=2 site=srv [SUCC] gen=0 det=1121 res=1109 orig_n=1023 orig_p50_us=98304 orig_p90_us=106496 orig_p99_us=196608 orig_mx_us=214814 orig_mean_us=102140 rep_n=86 rep_p50_us=98304 rep_p90_us=106496 rep_p99_us=212992 rep_mx_us=214814 rep_mean_us=97283 aban_n=0 aban_p50_us=- aban_p90_us=- aban_p99_us=- aban_mx_us=- aban_mean_us=- open=12 over=0 orig_frac=0.9225 cross_us=1664 dump=0/0
SUCCLINE sc2-CTL rep=2 site=srv [SUCC] gen=0 det=1464 res=1340 orig_n=1239 orig_p50_us=98304 orig_p90_us=106496 orig_p99_us=196608 orig_mx_us=214814 orig_mean_us=102572 rep_n=101 rep_p50_us=98304 rep_p90_us=106496 rep_p99_us=212992 rep_mx_us=214814 rep_mean_us=95702 aban_n=0 aban_p50_us=- aban_p90_us=- aban_p99_us=- aban_mx_us=- aban_mean_us=- open=124 over=0 orig_frac=0.9246 cross_us=1664 dump=0/0
SUCCLINE sc2-CTL rep=2 site=srv [SUCC] gen=0 det=1730 res=1720 orig_n=1593 orig_p50_us=98304 orig_p90_us=114688 orig_p99_us=196608 orig_mx_us=220548 orig_mean_us=103749 rep_n=127 rep_p50_us=98304 rep_p90_us=106496 rep_p99_us=212992 rep_mx_us=214814 rep_mean_us=96678 aban_n=0 aban_p50_us=- aban_p90_us=- aban_p99_us=- aban_mx_us=- aban_mean_us=- open=10 over=0 orig_frac=0.9262 cross_us=1664 dump=0/0
SUCCLINE sc2-CTL rep=2 site=srv [SUCC] gen=0 det=2055 res=1974 orig_n=1823 orig_p50_us=98304 orig_p90_us=114688 orig_p99_us=196608 orig_mx_us=220548 orig_mean_us=104802 rep_n=151 rep_p50_us=98304 rep_p90_us=106496 rep_p99_us=212992 rep_mx_us=214814 rep_mean_us=98363 aban_n=0 aban_p50_us=- aban_p90_us=- aban_p99_us=- aban_mx_us=- aban_mean_us=- open=81 over=0 orig_frac=0.9235 cross_us=1664 dump=0/0
SUCCLINE sc2-CTL rep=2 site=srv [SUCC] gen=0 det=2239 res=2214 orig_n=2048 orig_p50_us=98304 orig_p90_us=114688 orig_p99_us=196608 orig_mx_us=220548 orig_mean_us=105315 rep_n=166 rep_p50_us=98304 rep_p90_us=106496 rep_p99_us=212992 rep_mx_us=214814 rep_mean_us=99141 aban_n=0 aban_p50_us=- aban_p90_us=- aban_p99_us=- aban_mx_us=- aban_mean_us=- open=25 over=0 orig_frac=0.9250 cross_us=1664 dump=0/0
HOLDLINE sc2-CTL rep=2 site=cli [HOLD] site=sender path=0 gen=0 q=unset n_req=- n_obs=1000 samp_n=1000 fed=1788 t_us=- obs_p50_us=102995 obs_p90_us=106907 obs_p99_us=202007 evals=3543 law_n=0 sup=0 emit=3543 hd_p50_us=- hd_p90_us=- hd_p99_us=- hd_mx_us=- hd_n=0 fa_class=0.0625
HOLDLINE sc2-CTL rep=2 site=cli [HOLD] site=sender path=- gen=0 q=unset n_req=- n_obs=1000 samp_n=0 fed=0 t_us=- obs_p50_us=- obs_p90_us=- obs_p99_us=- evals=25 law_n=0 sup=0 emit=25 hd_p50_us=- hd_p90_us=- hd_p99_us=- hd_mx_us=- hd_n=0 fa_class=0.0625
WALLLINE sc2-CTL rep=2 site=cli [WALL] onset=0.9881 dur_ms=109.8 retx=28 total_ms=9260.4 it_ms=0.103
VAWITNESS {"cell":"sc2","arm":"CTL","alpha":"unset","seed":42,"rep":2,"rc":0,"mean_mbps":86.506,"band":[78,92],"band_applies":1,"in_band":1,"lossy":1,"alpha_expect":"unset","alpha_got_cli":"unset","alpha_got_srv":"unset","form_expect":"cantelli","form_got_cli":"cantelli","form_got_srv":"cantelli","winn_expect":"unavail","winn_got_cli":"unavail","winn_got_srv":"unavail","qclk_law_n":89573,"qclk_evals":89573,"qclk_win_ok":0,"qclk_win_n":"unavail","w_us_p50":100000,"w_us_p05":25000,"w_us_p95":100000,"shipped_clock_us":100000,"fcause_n":3568,"fcause_timer":36,"fcause_gap_data":3532,"fcause_gap_refresh":0,"fcause_other":0,"fcause_unattr":0,"succ_det":2239,"succ_res":2214,"succ_orig_frac":"0.9250","rfa_fires":3551,"rfa_false":1292,"rfa_false_frac":"0.3638","rfa_fill_coded":168,"rack_fa":"2793/3568","rack_fa_frac":"0.7828","fails":""}
=== rep=2 arm=sc2-Q400 alpha=0.4 form=quantile win_n=25 seed=42 env="RWM_QUANTILE_CLOCKS=1 RWM_ALPHA_OVERRIDE=0.4 RWM_W_FORM=quantile RWM_DELTA_CAP=1 RWM_SUM_CAP=1 RWM_RACK_CLOCKS=0 RWM_DERIVED_SWEEP=0 RWM_COMPOSED_CAP=0 RWM_THREE_TERM=0 RWM_STORE_CAP_UNIFIED=0 RWM_LATE_BRAKE=0 RWM_CHARGE_RECOVERY=0 RWM_RELEASE_1TO1=0 RWM_LOSS_SENT_TRUTH=0 RWM_RTT_DUMP=0 RWM_SUCC_DUMP=0" cell=c2/c2/single bytes=100000000 18:37:43
[2m2026-08-21T18:37:45.200736Z[0m [32m INFO[0m [2mraptorpath::gates[0m[2m:[0m [GATES] RWM_UNIFIED=1 RWM_UNIFIED_SHED=1 RWM_TAPER_R=1 RWM_ASTAR_ANCHOR=1 RWM_MSTAR_ANCHOR=1 RWM_PLAIN_RS=0 RWM_HONEST_ANCHOR=1 RWM_HONEST_K=0 RWM_STORE_SACK_RELEASE=1 RWM_STORE_PATHS=1 RWM_STORE_PATH_POOL=2048 RWM_STORE=unset RWM_STORE_GAIN=2 RWM_STORE_BOOT=128 RWM_STORE_CAPW=0 RWM_STORE_CAP_UNIFIED=0 RWM_THREE_TERM=0 RWM_COMPOSED_CAP=0 RWM_SUM_CAP=1 RWM_LATE_BRAKE=0 RWM_DELTA_CAP=1 RWM_STORE_PERCAP=0 RWM_PERCAP_GUARD=1 RWM_STORE_BORROW=0 RWM_HONEST_CAP=1 RWM_POOL_ANCHOR=0 RWM_POOL_DELIV=0 RWM_FLOOR_BOUND=0 RWM_ACK_MERGE=1 RWM_LOSS_SENT_TRUTH=0 RWM_RELEASE_1TO1=0 RWM_CHARGE_RECOVERY=0 RWM_PATIENCE_DERIVED=0 RWM_SIDLE_DERIVED=0 RWM_WIN_DECOUPLE=0 RWM_PLACE_SLACK=0 RWM_COLD_PLACE=0 RWM_GEN=384 RWM_PIPELINE=2 RWM_GEN_PIPE=1 RWM_GEN_R=unset RWM_GEN_RATE=9000 RWM_GEN_RATE_FLOOR=2000 RWM_GEN_INFLIGHT=unset RWM_OOO_RETAIN=0/16 RWM_WINDOW=unset RWM_REPORT_GENS=unset RWM_REPAIR_WAIT=unset RWM_CODED_SRC=0 RWM_NO_REACTIVE=0 RWM_XPATH_REPAIR=0 RWM_PROACTIVE_PACER=0 RWM_REASM_BDP=0 RWM_MIN_R=0 RWM_CC_PACE=0 RWM_CC_PACE_HR=1.1 RWM_REACT_CAP=unset RWM_INFL_CAP=0 RWM_INFL_BDP=unset RWM_COPA_FEED=0 RWM_RS_ATTR=1 RWM_EMIT_BATCH=0 RWM_EMIT_BURST=64 RWM_RECOV_MP=1 RWM_RECOV_MP_LAW=1 RWM_RECOV_MP_LIVE=0 RWM_RECOV_SP=0 RWM_DERIVED_SWEEP=0 RWM_RACK_CLOCKS=0 RWM_RACK_REO_MULT=1 RWM_QUANTILE_CLOCKS=1 RWM_ALPHA_OVERRIDE=0.4 RWM_W_FORM=quantile RWM_HOLDDOWN_Q=unset RWM_REFRESH_FLOOR_US=unset RWM_DIAG=1 RWM_ACKDIAG=1 RWM_ACKDIAG_WINDOW_US=2000000 RWM_RTT_DUMP=0 RWM_RTT_DUMP_MAX=400000 RWM_SUCC_DUMP=0 RWM_SUCC_DUMP_MAX=200000 RWM_WALLDIAG=1 RWM_CPUPROF=0 RWM_RDIAG=0 RWM_FDIAG=1 RWM_TRACE=0 RWM_PFRAC=0
{"bytes":100000000,"dnf":0,"hint":"bulk","max_s":9.1991,"mean_mbps":86.965,"mean_s":9.1991,"median_s":9.1991,"min_s":9.1991,"proto":"rp-native","runs":1,"stdev_s":0.0,"summary":true}
    LATPROBE-LEG leg=0 file=/tmp/rwm-ping-0.txt sent=180 recv=176 censor=2.22% p50=92.7[censor=2.22% ok] p95=97.4[censor=2.22% ok] p99=98.6[censor=2.22% UNSCOREABLE(inside censored tail)]
    LATPROBE: 1 leg(s) /tmp/rwm-ping-0.txt=176 replies
    CPU: CPUSRV=8.33s CPUCLI=7.67s (srv=decoder cli=sender; whole-invocation incl warmup)
    QDISC cli0: qdisc netem bda5: root refcnt 7 limit 1000 delay 5ms  3ms loss gemodel p 1.3% r 50% 1-h 100% 1-k 0% rate 100Mbit seed 42  Sent 111694659 bytes 86879 pkt (dropped 350, overlimits 0 requeues 0)   backlog 0b 0p requeues 0 
    QDISC srv0: qdisc netem bda7: root refcnt 7 limit 1000 delay 5ms  3ms rate 100Mbit seed 18091543903341376657  Sent 10309392 bytes 51761 pkt (dropped 0, overlimits 0 requeues 0)   backlog 0b 0p requeues 0 
    QCAP: /tmp/rwm-q.txt 10 lines
RUNTIME sc2-Q400 rep=2 11s rc=0
ALPHARESULT {"cell": "sc2", "arm": "Q400", "alpha_cmd": 0.4, "seed": 42, "rep": 2, "n_paths": 1, "dnf": false, "dnf_count": 0, "mbps": 86.965, "mean_mbps": 86.965, "seconds": 9.1991, "n_runs": 1, "cpusrv": 8.33, "cpucli": 7.67, "khr_med": 1.0, "kraw_med": null, "khr_n": 33, "kraw_n": 0, "rtp_med": 10, "occ_p50": 1008, "occcap_p50": 1024, "q_p50": 93, "q_p99": 110, "diag_lines": 36, "retx": 3113, "w1_rfa_gen": "0", "w2_pfrac_lines": 0, "w4_retx_max": 3113, "w5_rack_fa": "2433/3151", "gates_cli_quantile_clocks": 1, "gates_srv_quantile_clocks": 1, "gates_cli_rack_clocks": 0, "gates_srv_rack_clocks": 0, "gates_cli_derived_sweep": 0, "gates_srv_derived_sweep": 0, "gates_cli_delta_cap": 1, "gates_srv_delta_cap": 1, "gates_cli_sum_cap": 1, "gates_srv_sum_cap": 1, "gates_cli_composed_cap": 0, "gates_srv_composed_cap": 0, "gates_cli_three_term": 0, "gates_srv_three_term": 0, "gates_cli_loss_sent_truth": 0, "gates_srv_loss_sent_truth": 0, "gates_cli_gen": null, "gates_srv_gen": null, "gates_cli_diag": 1, "gates_srv_diag": 1, "gates_cli_ackdiag": 1, "gates_srv_ackdiag": 1, "gates_cli_walldiag": 1, "gates_srv_walldiag": 1, "gates_cli_fdiag": 1, "gates_srv_fdiag": 1, "gates_cli_recov_mp": 1, "gates_srv_recov_mp": 1, "gates_cli_cc_pace": 0, "gates_srv_cc_pace": 0, "gates_cli_rack_reo_mult": 1, "gates_srv_rack_reo_mult": 1, "gates_lines_cli": 1, "gates_lines_srv": 1, "gate_quantile_cli": "1", "gate_quantile_srv": "1", "gate_alpha_cli": "0.4", "gate_alpha_srv": "0.4", "gate_gen_cli": 384, "gate_gen_srv": 384, "gate_wform_cli": "quantile", "gate_wform_srv": "quantile", "qalpha_lines_cli": 1, "qalpha_site_cli": "sender", "qalpha_quantile_cli": 1, "qalpha_contract_cli": 0.001, "qalpha_override_cli": 0.4, "qalpha_cli": 0.4, "qalpha_k_cli": 1.2247, "qalpha_form_cli": "quantile", "qalpha_winn_cli": "25", "qalpha_lines_srv": 1, "qalpha_site_srv": "receiver", "qalpha_quantile_srv": 1, "qalpha_contract_srv": 1e-05, "qalpha_override_srv": 0.4, "qalpha_srv": 0.4, "qalpha_k_srv": 1.2247, "qalpha_form_srv": "quantile", "qalpha_winn_srv": "25", "qclk_cli_lines": 1, "qclk_cli_site": "sender", "qclk_cli_alpha": 0.4, "qclk_cli_k": 1.2247, "qclk_cli_w_us_mean": 100798.9, "qclk_cli_srtt_us_mean": 100341.0, "qclk_cli_on": 1, "qclk_cli_evals": 89106, "qclk_cli_kept": 2615, "qclk_cli_w_us_p05": 85966, "qclk_cli_w_us_p50": 102825, "qclk_cli_w_us_p95": 107612, "qclk_cli_w_us_min": 16546, "qclk_cli_w_us_max": 123331, "qclk_cli_law_n": 83670, "qclk_cli_sigma_us_mean": 574.9, "qclk_cli_sigma_n": 83670, "qclk_form_cli": "quantile", "qclk_winn_cli": "25", "qclk_win_ok_cli": 83670, "qclk_srv_lines": 9, "qclk_srv_site": "receiver", "qclk_srv_alpha": 0.4, "qclk_srv_k": 1.2247, "qclk_srv_w_us_mean": 101876.5, "qclk_srv_srtt_us_mean": 100418.8, "qclk_srv_on": 1, "qclk_srv_evals": 72203, "qclk_srv_kept": 4035, "qclk_srv_w_us_p05": 88026, "qclk_srv_w_us_p50": 103127, "qclk_srv_w_us_p95": 104266, "qclk_srv_w_us_min": 87103, "qclk_srv_w_us_max": 106291, "qclk_srv_law_n": 64564, "qclk_srv_sigma_us_mean": 7281.9, "qclk_srv_sigma_n": 72203, "qclk_form_srv": "quantile", "qclk_winn_srv": "25", "qclk_win_ok_srv": 64564, "rack_lines_cli": 2, "rack_on_cli": 0, "rack_evals_cli": 0, "rack_ceil_cli": 0.0, "rack_gran_cli": 0.0, "rack_legacy_pin_cli": 0.0, "rack_round_cli": 0.0, "rack_legacy_cli": 0.0, "rack_mult_cli": 1, "rack_fa_n_cli": 2433, "rack_fa_d_cli": 3151, "rack_fa_frac_cli": 0.7721, "rack_fa_class_cli": 0.0625, "rack_lines_srv": 0, "rack_on_srv": null, "rack_evals_srv": null, "rack_ceil_srv": null, "rack_gran_srv": null, "rack_legacy_pin_srv": null, "rack_round_srv": null, "rack_legacy_srv": null, "rack_mult_srv": null, "rack_fa_n_srv": null, "rack_fa_d_srv": null, "rack_fa_frac_srv": null, "rack_fa_class_srv": null, "rack_fired": 3151, "rack_spurious": 2433, "rack_fa_frac": 0.7721, "rack_fa_class": 0.0625, "rack_round_us": 0.0, "rack_legacy_us": 0.0, "rack_evals": 0, "rack_legacy_pin": 0.0, "rfa_lines": 9, "rfa_gen": 0, "rfa_fires": 3149, "rfa_false": 1104, "rfa_fill_coded": 132, "rfa_fill_src": 1913, "rfa_dup_src": 977, "rfa_preempt_src": 127, "rfa_src_n": 83857, "rfa_rep_n": 396, "rfa_false_frac": 0.3506, "rfa_nu_recv": 0.03755, "rfa_fa_class": 0.0625, "rfa_bracket_lo": 0.3506, "rfa_bracket_hi": 0.893204, "sf_ticks": 1441, "sf_E": 0.9216, "sf_short": 0.0784, "sf_zero": 0.0784, "capboot_n": 33, "capboot_frac": 0.0, "ping_n": 176, "ping_p50": 92.7, "ping_p95": 97.3, "ping_p99": 98.1, "ping_tx": 180, "ping_rx": 176, "ping_loss": 2.22, "ping_censor_frac": 0.0222, "legs_probed": 1, "leg0_n": 176, "leg0_sent": 180, "leg0_recv": 176, "leg0_sent_source": "summary", "leg0_censor_frac": 0.0222, "leg0_censor_pct": 2.22, "leg0_recv_mismatch": false, "leg0_leg_unscoreable": false, "leg0_min": 7.67, "leg0_max": 99.6, "leg0_p50": 92.7, "leg0_p50_censored": false, "leg0_p50_scoreable": true, "leg0_p95": 97.4, "leg0_p95_censored": false, "leg0_p95_scoreable": true, "leg0_p99": 98.6, "leg0_p99_censored": true, "leg0_p99_scoreable": false, "legs_censor_max": 0.0222, "wait_tun": 46, "wait_paused": 27, "wait_pace": 0, "wait_gen": 0, "wait_nack": 28, "wait_defc": 0, "wait_tail": 1, "wait_flush": 0, "wait_lines": 33, "deadwall": false, "sig_us_p50": 124.0, "sig_us_n": 84330, "sig_us_path": 0, "sig_paths": 1, "pl_n": 33, "pl_max": 0.0, "pl_min": 0.0, "pl_p0": 0.0, "dgq_hand": 87626, "dgq_full": 0, "dgq_err": 0, "dgq_gap": 80, "tc_bytes": 111694759, "tc_pkts": 86880, "tc_drop": 350, "tc_s": 11, "hold_lines": 2, "hold_samp_n": 1000, "hold_fed": 1612, "hold_evals": 3117, "hold_law_n": 0, "hold_sup": 0, "hold_emit": 3117, "hold_hd_n": 0, "hold_q": "unset", "hold_n_req": "-", "hold_n_obs": 1000, "hold_gen": 0, "hold_sup_frac": 0.0, "hold_law_frac": 0.0, "hold_obs_p50_us": 102597, "hold_obs_p90_us": 107834, "hold_obs_p99_us": 205889, "hold_t_us_p0": null, "hold_t_us_p1": null, "hold_samp_n_p0": 1000, "hold_samp_n_p1": null, "hold_hd_p50_us": null, "hold_hd_p90_us": null, "hold_hd_p99_us": null, "hold_hd_mx_us": null, "hold_unattr_evals": 34, "hold_paths_n": 1, "hold_accounting_ok": 1, "hold_obs_p50_us_p0": 102597, "hold_obs_p90_us_p0": 107834, "hold_obs_p99_us_p0": 205889, "hold_rpd": 1.541585, "fcause_lines": 1, "fcause_gen": 0, "fcause_n": 3151, "fcause_timer": 53, "fcause_gap_data": 3098, "fcause_gap_refresh": 0, "fcause_other": 0, "fcause_fired": 3151, "fcause_unattr": 0, "fcause_timer_frac": 0.0168, "fcause_gap_frac": 0.9832, "succ_lines": 9, "succ_gen": 0, "succ_det": 2044, "succ_res": 2019, "succ_orig_n": 1887, "succ_rep_n": 132, "succ_aban_n": 0, "succ_open": 25, "succ_over": 0, "succ_orig_p50_us": 98304, "succ_orig_p90_us": 114688, "succ_orig_p99_us": 196608, "succ_orig_mx_us": 213028, "succ_orig_frac": 0.9346, "succ_identity_ok": 1}
LIVENESS sc2-Q400 rep=2 RWM_QUANTILE_CLOCKS=RWM_QUANTILE_CLOCKS=1/RWM_QUANTILE_CLOCKS=1(exp1) RWM_ALPHA_OVERRIDE=RWM_ALPHA_OVERRIDE=0.4/RWM_ALPHA_OVERRIDE=0.4(exp0.4) RWM_W_FORM=RWM_W_FORM=quantile/RWM_W_FORM=quantile(expquantile) RWM_DELTA_CAP=RWM_DELTA_CAP=1/RWM_DELTA_CAP=1(exp1) RWM_SUM_CAP=RWM_SUM_CAP=1/RWM_SUM_CAP=1(exp1) RWM_HOLDDOWN_Q=RWM_HOLDDOWN_Q=unset/RWM_HOLDDOWN_Q=unset(expunset) RWM_REFRESH_FLOOR_US=RWM_REFRESH_FLOOR_US=unset/RWM_REFRESH_FLOOR_US=unset(expunset) RWM_RACK_CLOCKS=RWM_RACK_CLOCKS=0/RWM_RACK_CLOCKS=0(exp0) RWM_DERIVED_SWEEP=RWM_DERIVED_SWEEP=0/RWM_DERIVED_SWEEP=0(exp0) RWM_COMPOSED_CAP=RWM_COMPOSED_CAP=0/RWM_COMPOSED_CAP=0(exp0) RWM_THREE_TERM=RWM_THREE_TERM=0/RWM_THREE_TERM=0(exp0) RWM_STORE_CAP_UNIFIED=RWM_STORE_CAP_UNIFIED=0/RWM_STORE_CAP_UNIFIED=0(exp0) RWM_LATE_BRAKE=RWM_LATE_BRAKE=0/RWM_LATE_BRAKE=0(exp0) RWM_CHARGE_RECOVERY=RWM_CHARGE_RECOVERY=0/RWM_CHARGE_RECOVERY=0(exp0) RWM_RELEASE_1TO1=RWM_RELEASE_1TO1=0/RWM_RELEASE_1TO1=0(exp0) RWM_LOSS_SENT_TRUTH=RWM_LOSS_SENT_TRUTH=0/RWM_LOSS_SENT_TRUTH=0(exp0) RWM_RTT_DUMP=RWM_RTT_DUMP=0/RWM_RTT_DUMP=0(exp0) RWM_SUCC_DUMP=RWM_SUCC_DUMP=0/RWM_SUCC_DUMP=0(exp0) RWM_DIAG=RWM_DIAG=1/RWM_DIAG=1(exp1) RWM_ACKDIAG=RWM_ACKDIAG=1/RWM_ACKDIAG=1(exp1) RWM_WALLDIAG=RWM_WALLDIAG=1/RWM_WALLDIAG=1(exp1) RWM_FDIAG=RWM_FDIAG=1/RWM_FDIAG=1(exp1)
W5QALPHA sc2-Q400 rep=2 cli=form:quantile/win_n:25/alpha:4.000000e-1 srv=form:quantile/win_n:25/alpha:4.000000e-1 (exp form=quantile win_n=25)
WCLOCK sc2-Q400 rep=2 law_n=83670 evals=89106 win_ok=83670 win_n=25 p50=102825 p05=85966 p95=107612 shipped_clock=100000
W8SUCC sc2-Q400 rep=2 det=2044 res=2019 orig_frac=0.9346
QALPHALINE sc2-Q400 rep=2 site=cli [QALPHA] site=sender quantile=1 form=quantile win_n=25 contract_alpha=1.000000e-3 override=4.000000e-1 alpha=4.000000e-1 k=1.2247 fa_class=0.0625
QALPHALINE sc2-Q400 rep=2 site=cli [QALPHA] site=receiver quantile=1 form=quantile win_n=25 contract_alpha=1.000000e-5 override=4.000000e-1 alpha=4.000000e-1 k=1.2247 fa_class=0.0625
QALPHALINE sc2-Q400 rep=2 site=srv [QALPHA] site=receiver quantile=1 form=quantile win_n=25 contract_alpha=1.000000e-5 override=4.000000e-1 alpha=4.000000e-1 k=1.2247 fa_class=0.0625
QALPHALINE sc2-Q400 rep=2 site=srv [QALPHA] site=sender quantile=1 form=quantile win_n=25 contract_alpha=1.000000e-3 override=4.000000e-1 alpha=4.000000e-1 k=1.2247 fa_class=0.0625
QCLKLINE sc2-Q400 rep=2 site=cli [QCLK] site=sender on=1 form=quantile win_n=25 win_ok=83670 alpha=4.000000e-1 k=1.2247 evals=89106 law_n=83670 kept=2615 w_us_mean=100798.9 w_us_p05=85966 w_us_p50=102825 w_us_p95=107612 w_us_min=16546 w_us_max=123331 srtt_us_mean=100341.0 sigma_us_mean=574.9/n83670 fa_class=0.0625
QCLKLINE sc2-Q400 rep=2 site=srv [QCLK] site=receiver on=1 form=quantile win_n=25 win_ok=0 alpha=4.000000e-1 k=1.2247 evals=5158 law_n=0 kept=0 w_us_mean=0.0 w_us_p05=0 w_us_p50=0 w_us_p95=0 w_us_min=0 w_us_max=0 srtt_us_mean=0.0 sigma_us_mean=28046.0/n5158 fa_class=0.0625
QCLKLINE sc2-Q400 rep=2 site=srv [QCLK] site=receiver on=1 form=quantile win_n=25 win_ok=5846 alpha=4.000000e-1 k=1.2247 evals=13485 law_n=5846 kept=2923 w_us_mean=88709.3 w_us_p05=87130 w_us_p50=88026 w_us_p95=97421 w_us_min=87103 w_us_max=97421 srtt_us_mean=91450.4 sigma_us_mean=19365.6/n13485 fa_class=0.0625
QCLKLINE sc2-Q400 rep=2 site=srv [QCLK] site=receiver on=1 form=quantile win_n=25 win_ok=13108 alpha=4.000000e-1 k=1.2247 evals=20747 law_n=13108 kept=3277 w_us_mean=95657.0 w_us_p05=87130 w_us_p50=97421 w_us_p95=103498 w_us_min=87103 w_us_max=104880 srtt_us_mean=95990.7 sigma_us_mean=14711.9/n20747 fa_class=0.0625
QCLKLINE sc2-Q400 rep=2 site=srv [QCLK] site=receiver on=1 form=quantile win_n=25 win_ok=20959 alpha=4.000000e-1 k=1.2247 evals=28598 law_n=20959 kept=2620 w_us_mean=98602.5 w_us_p05=87130 w_us_p50=101662 w_us_p95=103841 w_us_min=87103 w_us_max=104880 srtt_us_mean=98634.8 sigma_us_mean=11435.2/n28598 fa_class=0.0625
QCLKLINE sc2-Q400 rep=2 site=srv [QCLK] site=receiver on=1 form=quantile win_n=25 win_ok=30133 alpha=4.000000e-1 k=1.2247 evals=37772 law_n=30133 kept=3767 w_us_mean=99913.4 w_us_p05=87130 w_us_p50=102833 w_us_p95=103841 w_us_min=87103 w_us_max=104880 srtt_us_mean=99460.7 sigma_us_mean=9492.2/n37772 fa_class=0.0625
QCLKLINE sc2-Q400 rep=2 site=srv [QCLK] site=receiver on=1 form=quantile win_n=25 win_ok=37741 alpha=4.000000e-1 k=1.2247 evals=45380 law_n=37741 kept=2359 w_us_mean=100423.3 w_us_p05=87130 w_us_p50=102724 w_us_p95=103841 w_us_min=87103 w_us_max=104880 srtt_us_mean=99409.9 sigma_us_mean=8882.4/n45380 fa_class=0.0625
QCLKLINE sc2-Q400 rep=2 site=srv [QCLK] site=receiver on=1 form=quantile win_n=25 win_ok=47289 alpha=4.000000e-1 k=1.2247 evals=54928 law_n=47289 kept=2955 w_us_mean=101129.2 w_us_p05=88026 w_us_p50=102843 w_us_p95=103895 w_us_min=87103 w_us_max=104880 srtt_us_mean=99678.5 sigma_us_mean=8145.5/n54928 fa_class=0.0625
QCLKLINE sc2-Q400 rep=2 site=srv [QCLK] site=receiver on=1 form=quantile win_n=25 win_ok=55598 alpha=4.000000e-1 k=1.2247 evals=63237 law_n=55598 kept=3475 w_us_mean=101449.8 w_us_p05=88026 w_us_p50=102894 w_us_p95=104105 w_us_min=87103 w_us_max=104880 srtt_us_mean=100203.9 sigma_us_mean=7353.4/n63237 fa_class=0.0625
QCLKLINE sc2-Q400 rep=2 site=srv [QCLK] site=receiver on=1 form=quantile win_n=25 win_ok=64564 alpha=4.000000e-1 k=1.2247 evals=72203 law_n=64564 kept=4035 w_us_mean=101876.5 w_us_p05=88026 w_us_p50=103127 w_us_p95=104266 w_us_min=87103 w_us_max=106291 srtt_us_mean=100418.8 sigma_us_mean=7281.9/n72203 fa_class=0.0625
RACKLINE sc2-Q400 rep=2 site=cli [RACK] on=0 evals=0 ceil=0.0000 gran=0.0000 legacy_pin=0.0000 round=0.0 legacy=0.0 mult=1 fa=90/90 fa_frac=1.0000 fa_class=0.0625
RACKLINE sc2-Q400 rep=2 site=cli [RACK] on=0 evals=0 ceil=0.0000 gran=0.0000 legacy_pin=0.0000 round=0.0 legacy=0.0 mult=1 fa=2433/3151 fa_frac=0.7721 fa_class=0.0625
RFALINE sc2-Q400 rep=2 site=cli [RFA] gen=0 fires=14 false=14 false_frac=1.0000 fill_coded=0 fill_src=0 dup_src=14 preempt_src=0 src_n=15 rep_n=7 nu_recv=0.93333 fa_class=0.0625
RFALINE sc2-Q400 rep=2 site=cli [RFA] gen=0 fires=22 false=22 false_frac=1.0000 fill_coded=0 fill_src=0 dup_src=22 preempt_src=0 src_n=23 rep_n=15 nu_recv=0.95652 fa_class=0.0625
RFALINE sc2-Q400 rep=2 site=cli [RFA] gen=0 fires=32 false=32 false_frac=1.0000 fill_coded=0 fill_src=0 dup_src=32 preempt_src=0 src_n=33 rep_n=25 nu_recv=0.96970 fa_class=0.0625
RFALINE sc2-Q400 rep=2 site=cli [RFA] gen=0 fires=42 false=42 false_frac=1.0000 fill_coded=0 fill_src=0 dup_src=42 preempt_src=0 src_n=43 rep_n=35 nu_recv=0.97674 fa_class=0.0625
RFALINE sc2-Q400 rep=2 site=cli [RFA] gen=0 fires=52 false=52 false_frac=1.0000 fill_coded=0 fill_src=0 dup_src=52 preempt_src=0 src_n=53 rep_n=45 nu_recv=0.98113 fa_class=0.0625
RFALINE sc2-Q400 rep=2 site=cli [RFA] gen=0 fires=62 false=62 false_frac=1.0000 fill_coded=0 fill_src=0 dup_src=62 preempt_src=0 src_n=63 rep_n=55 nu_recv=0.98413 fa_class=0.0625
RFALINE sc2-Q400 rep=2 site=cli [RFA] gen=0 fires=72 false=72 false_frac=1.0000 fill_coded=0 fill_src=0 dup_src=72 preempt_src=0 src_n=73 rep_n=65 nu_recv=0.98630 fa_class=0.0625
RFALINE sc2-Q400 rep=2 site=cli [RFA] gen=0 fires=82 false=82 false_frac=1.0000 fill_coded=0 fill_src=0 dup_src=82 preempt_src=0 src_n=83 rep_n=75 nu_recv=0.98795 fa_class=0.0625
RFALINE sc2-Q400 rep=2 site=cli [RFA] gen=0 fires=90 false=90 false_frac=1.0000 fill_coded=0 fill_src=0 dup_src=90 preempt_src=0 src_n=92 rep_n=84 nu_recv=0.97826 fa_class=0.0625
RFALINE sc2-Q400 rep=2 site=srv [RFA] gen=0 fires=505 false=387 false_frac=0.7663 fill_coded=2 fill_src=116 dup_src=385 preempt_src=2 src_n=7004 rep_n=5 nu_recv=0.07210 fa_class=0.0625
RFALINE sc2-Q400 rep=2 site=srv [RFA] gen=0 fires=832 false=467 false_frac=0.5613 fill_coded=21 fill_src=344 dup_src=446 preempt_src=21 src_n=16598 rep_n=54 nu_recv=0.05013 fa_class=0.0625
RFALINE sc2-Q400 rep=2 site=srv [RFA] gen=0 fires=1079 false=522 false_frac=0.4838 fill_coded=31 fill_src=526 dup_src=491 preempt_src=31 src_n=26281 rep_n=95 nu_recv=0.04106 fa_class=0.0625
RFALINE sc2-Q400 rep=2 site=srv [RFA] gen=0 fires=1312 false=572 false_frac=0.4360 fill_coded=43 fill_src=697 dup_src=529 preempt_src=43 src_n=35781 rep_n=127 nu_recv=0.03667 fa_class=0.0625
RFALINE sc2-Q400 rep=2 site=srv [RFA] gen=0 fires=1808 false=728 false_frac=0.4027 fill_coded=76 fill_src=1004 dup_src=653 preempt_src=75 src_n=45449 rep_n=200 nu_recv=0.03978 fa_class=0.0625
RFALINE sc2-Q400 rep=2 site=srv [RFA] gen=0 fires=2153 false=835 false_frac=0.3878 fill_coded=92 fill_src=1226 dup_src=744 preempt_src=91 src_n=54888 rep_n=249 nu_recv=0.03923 fa_class=0.0625
RFALINE sc2-Q400 rep=2 site=srv [RFA] gen=0 fires=2434 false=909 false_frac=0.3735 fill_coded=100 fill_src=1425 dup_src=810 preempt_src=99 src_n=64685 rep_n=292 nu_recv=0.03763 fa_class=0.0625
RFALINE sc2-Q400 rep=2 site=srv [RFA] gen=0 fires=2641 false=964 false_frac=0.3650 fill_coded=106 fill_src=1571 dup_src=859 preempt_src=105 src_n=74143 rep_n=328 nu_recv=0.03562 fa_class=0.0625
RFALINE sc2-Q400 rep=2 site=srv [RFA] gen=0 fires=3149 false=1104 false_frac=0.3506 fill_coded=132 fill_src=1913 dup_src=977 preempt_src=127 src_n=83857 rep_n=396 nu_recv=0.03755 fa_class=0.0625
FCAUSELINE sc2-Q400 rep=2 site=cli [FCAUSE] gen=0 n=3151 timer=53 gap_data=3098 gap_refresh=0 other=0 timer_frac=0.0168 gap_frac=0.9832 fired=3151 unattr=0 fa_class=0.0625
SUCCLINE sc2-Q400 rep=2 site=cli [SUCC] gen=0 det=0 res=0 orig_n=0 orig_p50_us=- orig_p90_us=- orig_p99_us=- orig_mx_us=- orig_mean_us=- rep_n=0 rep_p50_us=- rep_p90_us=- rep_p99_us=- rep_mx_us=- rep_mean_us=- aban_n=0 aban_p50_us=- aban_p90_us=- aban_p99_us=- aban_mx_us=- aban_mean_us=- open=0 over=0 orig_frac=- cross_us=- dump=0/0
SUCCLINE sc2-Q400 rep=2 site=cli [SUCC] gen=0 det=0 res=0 orig_n=0 orig_p50_us=- orig_p90_us=- orig_p99_us=- orig_mx_us=- orig_mean_us=- rep_n=0 rep_p50_us=- rep_p90_us=- rep_p99_us=- rep_mx_us=- rep_mean_us=- aban_n=0 aban_p50_us=- aban_p90_us=- aban_p99_us=- aban_mx_us=- aban_mean_us=- open=0 over=0 orig_frac=- cross_us=- dump=0/0
SUCCLINE sc2-Q400 rep=2 site=cli [SUCC] gen=0 det=0 res=0 orig_n=0 orig_p50_us=- orig_p90_us=- orig_p99_us=- orig_mx_us=- orig_mean_us=- rep_n=0 rep_p50_us=- rep_p90_us=- rep_p99_us=- rep_mx_us=- rep_mean_us=- aban_n=0 aban_p50_us=- aban_p90_us=- aban_p99_us=- aban_mx_us=- aban_mean_us=- open=0 over=0 orig_frac=- cross_us=- dump=0/0
SUCCLINE sc2-Q400 rep=2 site=cli [SUCC] gen=0 det=0 res=0 orig_n=0 orig_p50_us=- orig_p90_us=- orig_p99_us=- orig_mx_us=- orig_mean_us=- rep_n=0 rep_p50_us=- rep_p90_us=- rep_p99_us=- rep_mx_us=- rep_mean_us=- aban_n=0 aban_p50_us=- aban_p90_us=- aban_p99_us=- aban_mx_us=- aban_mean_us=- open=0 over=0 orig_frac=- cross_us=- dump=0/0
SUCCLINE sc2-Q400 rep=2 site=cli [SUCC] gen=0 det=0 res=0 orig_n=0 orig_p50_us=- orig_p90_us=- orig_p99_us=- orig_mx_us=- orig_mean_us=- rep_n=0 rep_p50_us=- rep_p90_us=- rep_p99_us=- rep_mx_us=- rep_mean_us=- aban_n=0 aban_p50_us=- aban_p90_us=- aban_p99_us=- aban_mx_us=- aban_mean_us=- open=0 over=0 orig_frac=- cross_us=- dump=0/0
SUCCLINE sc2-Q400 rep=2 site=cli [SUCC] gen=0 det=0 res=0 orig_n=0 orig_p50_us=- orig_p90_us=- orig_p99_us=- orig_mx_us=- orig_mean_us=- rep_n=0 rep_p50_us=- rep_p90_us=- rep_p99_us=- rep_mx_us=- rep_mean_us=- aban_n=0 aban_p50_us=- aban_p90_us=- aban_p99_us=- aban_mx_us=- aban_mean_us=- open=0 over=0 orig_frac=- cross_us=- dump=0/0
SUCCLINE sc2-Q400 rep=2 site=cli [SUCC] gen=0 det=0 res=0 orig_n=0 orig_p50_us=- orig_p90_us=- orig_p99_us=- orig_mx_us=- orig_mean_us=- rep_n=0 rep_p50_us=- rep_p90_us=- rep_p99_us=- rep_mx_us=- rep_mean_us=- aban_n=0 aban_p50_us=- aban_p90_us=- aban_p99_us=- aban_mx_us=- aban_mean_us=- open=0 over=0 orig_frac=- cross_us=- dump=0/0
SUCCLINE sc2-Q400 rep=2 site=cli [SUCC] gen=0 det=0 res=0 orig_n=0 orig_p50_us=- orig_p90_us=- orig_p99_us=- orig_mx_us=- orig_mean_us=- rep_n=0 rep_p50_us=- rep_p90_us=- rep_p99_us=- rep_mx_us=- rep_mean_us=- aban_n=0 aban_p50_us=- aban_p90_us=- aban_p99_us=- aban_mx_us=- aban_mean_us=- open=0 over=0 orig_frac=- cross_us=- dump=0/0
SUCCLINE sc2-Q400 rep=2 site=srv [SUCC] gen=0 det=174 res=118 orig_n=116 orig_p50_us=61440 orig_p90_us=98304 orig_p99_us=114688 orig_mx_us=118244 orig_mean_us=66086 rep_n=2 rep_p50_us=81920 rep_p90_us=114688 rep_p99_us=114688 rep_mx_us=118244 rep_mean_us=100637 aban_n=0 aban_p50_us=- aban_p90_us=- aban_p99_us=- aban_mx_us=- aban_mean_us=- open=56 over=0 orig_frac=0.9831 cross_us=- dump=0/0
SUCCLINE sc2-Q400 rep=2 site=srv [SUCC] gen=0 det=376 res=365 orig_n=344 orig_p50_us=90112 orig_p90_us=98304 orig_p99_us=196608 orig_mx_us=199813 orig_mean_us=89204 rep_n=21 rep_p50_us=98304 rep_p90_us=98304 rep_p99_us=196608 rep_mx_us=199813 rep_mean_us=102384 aban_n=0 aban_p50_us=- aban_p90_us=- aban_p99_us=- aban_mx_us=- aban_mean_us=- open=11 over=0 orig_frac=0.9425 cross_us=4096 dump=0/0
SUCCLINE sc2-Q400 rep=2 site=srv [SUCC] gen=0 det=567 res=547 orig_n=516 orig_p50_us=98304 orig_p90_us=106496 orig_p99_us=196608 orig_mx_us=199813 orig_mean_us=94523 rep_n=31 rep_p50_us=98304 rep_p90_us=106496 rep_p99_us=196608 rep_mx_us=199813 rep_mean_us=103511 aban_n=0 aban_p50_us=- aban_p90_us=- aban_p99_us=- aban_mx_us=- aban_mean_us=- open=20 over=0 orig_frac=0.9433 cross_us=4096 dump=0/0
SUCCLINE sc2-Q400 rep=2 site=srv [SUCC] gen=0 det=741 res=729 orig_n=686 orig_p50_us=98304 orig_p90_us=106496 orig_p99_us=196608 orig_mx_us=210257 orig_mean_us=97523 rep_n=43 rep_p50_us=98304 rep_p90_us=106496 rep_p99_us=196608 rep_mx_us=210257 rep_mean_us=95835 aban_n=0 aban_p50_us=- aban_p90_us=- aban_p99_us=- aban_mx_us=- aban_mean_us=- open=12 over=0 orig_frac=0.9410 cross_us=4096 dump=0/0
SUCCLINE sc2-Q400 rep=2 site=srv [SUCC] gen=0 det=1073 res=1063 orig_n=987 orig_p50_us=98304 orig_p90_us=106496 orig_p99_us=196608 orig_mx_us=210257 orig_mean_us=99845 rep_n=76 rep_p50_us=98304 rep_p90_us=114688 rep_p99_us=196608 rep_mx_us=210257 rep_mean_us=96578 aban_n=0 aban_p50_us=- aban_p90_us=- aban_p99_us=- aban_mx_us=- aban_mean_us=- open=10 over=0 orig_frac=0.9285 cross_us=4096 dump=0/0
SUCCLINE sc2-Q400 rep=2 site=srv [SUCC] gen=0 det=1319 res=1301 orig_n=1209 orig_p50_us=98304 orig_p90_us=106496 orig_p99_us=196608 orig_mx_us=210257 orig_mean_us=101719 rep_n=92 rep_p50_us=98304 rep_p90_us=114688 rep_p99_us=196608 rep_mx_us=210257 rep_mean_us=98511 aban_n=0 aban_p50_us=- aban_p90_us=- aban_p99_us=- aban_mx_us=- aban_mean_us=- open=18 over=0 orig_frac=0.9293 cross_us=4096 dump=0/0
SUCCLINE sc2-Q400 rep=2 site=srv [SUCC] gen=0 det=1552 res=1505 orig_n=1405 orig_p50_us=98304 orig_p90_us=106496 orig_p99_us=196608 orig_mx_us=210257 orig_mean_us=102830 rep_n=100 rep_p50_us=98304 rep_p90_us=114688 rep_p99_us=196608 rep_mx_us=210257 rep_mean_us=100025 aban_n=0 aban_p50_us=- aban_p90_us=- aban_p99_us=- aban_mx_us=- aban_mean_us=- open=47 over=0 orig_frac=0.9336 cross_us=4096 dump=0/0
SUCCLINE sc2-Q400 rep=2 site=srv [SUCC] gen=0 det=1667 res=1657 orig_n=1551 orig_p50_us=98304 orig_p90_us=106496 orig_p99_us=196608 orig_mx_us=213028 orig_mean_us=103477 rep_n=106 rep_p50_us=98304 rep_p90_us=114688 rep_p99_us=196608 rep_mx_us=210257 rep_mean_us=100639 aban_n=0 aban_p50_us=- aban_p90_us=- aban_p99_us=- aban_mx_us=- aban_mean_us=- open=10 over=0 orig_frac=0.9360 cross_us=4096 dump=0/0
SUCCLINE sc2-Q400 rep=2 site=srv [SUCC] gen=0 det=2044 res=2019 orig_n=1887 orig_p50_us=98304 orig_p90_us=114688 orig_p99_us=196608 orig_mx_us=213028 orig_mean_us=104437 rep_n=132 rep_p50_us=98304 rep_p90_us=114688 rep_p99_us=196608 rep_mx_us=210257 rep_mean_us=101787 aban_n=0 aban_p50_us=- aban_p90_us=- aban_p99_us=- aban_mx_us=- aban_mean_us=- open=25 over=0 orig_frac=0.9346 cross_us=13312 dump=0/0
HOLDLINE sc2-Q400 rep=2 site=cli [HOLD] site=sender path=0 gen=0 q=unset n_req=- n_obs=1000 samp_n=1000 fed=1612 t_us=- obs_p50_us=102597 obs_p90_us=107834 obs_p99_us=205889 evals=3117 law_n=0 sup=0 emit=3117 hd_p50_us=- hd_p90_us=- hd_p99_us=- hd_mx_us=- hd_n=0 fa_class=0.0625
HOLDLINE sc2-Q400 rep=2 site=cli [HOLD] site=sender path=- gen=0 q=unset n_req=- n_obs=1000 samp_n=0 fed=0 t_us=- obs_p50_us=- obs_p90_us=- obs_p99_us=- evals=34 law_n=0 sup=0 emit=34 hd_p50_us=- hd_p90_us=- hd_p99_us=- hd_mx_us=- hd_n=0 fa_class=0.0625
WALLLINE sc2-Q400 rep=2 site=cli [WALL] onset=1.0000 dur_ms=0.1 retx=0 total_ms=9209.4 it_ms=0.103
WINDOW-PARTIAL sc2-Q400 rep=2 win_ok=83670/89106 win_n=25 (RESULT, not an abort -- the fraction is to be scored, and the quantile-native sweep read 0.829-0.999 here)
VAWITNESS {"cell":"sc2","arm":"Q400","alpha":"0.4","seed":42,"rep":2,"rc":0,"mean_mbps":86.965,"band":[78,92],"band_applies":0,"in_band":1,"lossy":1,"alpha_expect":"0.4","alpha_got_cli":"0.4","alpha_got_srv":"0.4","form_expect":"quantile","form_got_cli":"quantile","form_got_srv":"quantile","winn_expect":"25","winn_got_cli":"25","winn_got_srv":"25","qclk_law_n":83670,"qclk_evals":89106,"qclk_win_ok":83670,"qclk_win_n":"25","w_us_p50":102825,"w_us_p05":85966,"w_us_p95":107612,"shipped_clock_us":100000,"fcause_n":3151,"fcause_timer":53,"fcause_gap_data":3098,"fcause_gap_refresh":0,"fcause_other":0,"fcause_unattr":0,"succ_det":2044,"succ_res":2019,"succ_orig_frac":"0.9346","rfa_fires":3149,"rfa_false":1104,"rfa_false_frac":"0.3506","rfa_fill_coded":132,"rack_fa":"2433/3151","rack_fa_frac":"0.7721","fails":""}
=== rep=3 arm=sc2-CTL alpha=unset form=unset win_n=unavail seed=42 env="RWM_QUANTILE_CLOCKS=0 RWM_DELTA_CAP=1 RWM_SUM_CAP=1 RWM_RACK_CLOCKS=0 RWM_DERIVED_SWEEP=0 RWM_COMPOSED_CAP=0 RWM_THREE_TERM=0 RWM_STORE_CAP_UNIFIED=0 RWM_LATE_BRAKE=0 RWM_CHARGE_RECOVERY=0 RWM_RELEASE_1TO1=0 RWM_LOSS_SENT_TRUTH=0 RWM_RTT_DUMP=0 RWM_SUCC_DUMP=0" cell=c2/c2/single bytes=100000000 18:37:55
[2m2026-08-21T18:37:57.310608Z[0m [32m INFO[0m [2mraptorpath::gates[0m[2m:[0m [GATES] RWM_UNIFIED=1 RWM_UNIFIED_SHED=1 RWM_TAPER_R=1 RWM_ASTAR_ANCHOR=1 RWM_MSTAR_ANCHOR=1 RWM_PLAIN_RS=0 RWM_HONEST_ANCHOR=1 RWM_HONEST_K=0 RWM_STORE_SACK_RELEASE=1 RWM_STORE_PATHS=1 RWM_STORE_PATH_POOL=2048 RWM_STORE=unset RWM_STORE_GAIN=2 RWM_STORE_BOOT=128 RWM_STORE_CAPW=0 RWM_STORE_CAP_UNIFIED=0 RWM_THREE_TERM=0 RWM_COMPOSED_CAP=0 RWM_SUM_CAP=1 RWM_LATE_BRAKE=0 RWM_DELTA_CAP=1 RWM_STORE_PERCAP=0 RWM_PERCAP_GUARD=1 RWM_STORE_BORROW=0 RWM_HONEST_CAP=1 RWM_POOL_ANCHOR=0 RWM_POOL_DELIV=0 RWM_FLOOR_BOUND=0 RWM_ACK_MERGE=1 RWM_LOSS_SENT_TRUTH=0 RWM_RELEASE_1TO1=0 RWM_CHARGE_RECOVERY=0 RWM_PATIENCE_DERIVED=0 RWM_SIDLE_DERIVED=0 RWM_WIN_DECOUPLE=0 RWM_PLACE_SLACK=0 RWM_COLD_PLACE=0 RWM_GEN=384 RWM_PIPELINE=2 RWM_GEN_PIPE=1 RWM_GEN_R=unset RWM_GEN_RATE=9000 RWM_GEN_RATE_FLOOR=2000 RWM_GEN_INFLIGHT=unset RWM_OOO_RETAIN=0/16 RWM_WINDOW=unset RWM_REPORT_GENS=unset RWM_REPAIR_WAIT=unset RWM_CODED_SRC=0 RWM_NO_REACTIVE=0 RWM_XPATH_REPAIR=0 RWM_PROACTIVE_PACER=0 RWM_REASM_BDP=0 RWM_MIN_R=0 RWM_CC_PACE=0 RWM_CC_PACE_HR=1.1 RWM_REACT_CAP=unset RWM_INFL_CAP=0 RWM_INFL_BDP=unset RWM_COPA_FEED=0 RWM_RS_ATTR=1 RWM_EMIT_BATCH=0 RWM_EMIT_BURST=64 RWM_RECOV_MP=1 RWM_RECOV_MP_LAW=1 RWM_RECOV_MP_LIVE=0 RWM_RECOV_SP=0 RWM_DERIVED_SWEEP=0 RWM_RACK_CLOCKS=0 RWM_RACK_REO_MULT=1 RWM_QUANTILE_CLOCKS=0 RWM_ALPHA_OVERRIDE=unset RWM_W_FORM=cantelli RWM_HOLDDOWN_Q=unset RWM_REFRESH_FLOOR_US=unset RWM_DIAG=1 RWM_ACKDIAG=1 RWM_ACKDIAG_WINDOW_US=2000000 RWM_RTT_DUMP=0 RWM_RTT_DUMP_MAX=400000 RWM_SUCC_DUMP=0 RWM_SUCC_DUMP_MAX=200000 RWM_WALLDIAG=1 RWM_CPUPROF=0 RWM_RDIAG=0 RWM_FDIAG=1 RWM_TRACE=0 RWM_PFRAC=0
{"bytes":100000000,"dnf":0,"hint":"bulk","max_s":9.0062,"mean_mbps":88.828,"mean_s":9.0062,"median_s":9.0062,"min_s":9.0062,"proto":"rp-native","runs":1,"stdev_s":0.0,"summary":true}
    LATPROBE-LEG leg=0 file=/tmp/rwm-ping-0.txt sent=171 recv=162 censor=5.26% p50=101.0[censor=5.26% ok] p95=106.0[censor=5.26% UNSCOREABLE(inside censored tail)] p99=107.0[censor=5.26% UNSCOREABLE(inside censored tail)]
    LATPROBE: 1 leg(s) /tmp/rwm-ping-0.txt=162 replies
    CPU: CPUSRV=8.28s CPUCLI=7.37s (srv=decoder cli=sender; whole-invocation incl warmup)
    QDISC cli0: qdisc netem bda9: root refcnt 7 limit 1000 delay 5ms  3ms loss gemodel p 1.3% r 50% 1-h 100% 1-k 0% rate 100Mbit seed 42  Sent 112103500 bytes 92654 pkt (dropped 556, overlimits 0 requeues 0)   backlog 0b 0p requeues 0 
    QDISC srv0: qdisc netem bdab: root refcnt 7 limit 1000 delay 5ms  3ms rate 100Mbit seed 17682874932972278115  Sent 10930845 bytes 59865 pkt (dropped 0, overlimits 0 requeues 0)   backlog 0b 0p requeues 0 
    QCAP: /tmp/rwm-q.txt 10 lines
RUNTIME sc2-CTL rep=3 11s rc=0
ALPHARESULT {"cell": "sc2", "arm": "CTL", "alpha_cmd": null, "seed": 42, "rep": 3, "n_paths": 1, "dnf": false, "dnf_count": 0, "mbps": 88.828, "mean_mbps": 88.828, "seconds": 9.0062, "n_runs": 1, "cpusrv": 8.28, "cpucli": 7.37, "khr_med": 1.0, "kraw_med": null, "khr_n": 32, "kraw_n": 0, "rtp_med": 11, "occ_p50": 1006, "occcap_p50": 1024, "q_p50": 92, "q_p99": 105, "diag_lines": 35, "retx": 3578, "w1_rfa_gen": "0", "w2_pfrac_lines": 0, "w4_retx_max": 3578, "w5_rack_fa": "2744/3611", "gates_cli_quantile_clocks": 0, "gates_srv_quantile_clocks": 0, "gates_cli_rack_clocks": 0, "gates_srv_rack_clocks": 0, "gates_cli_derived_sweep": 0, "gates_srv_derived_sweep": 0, "gates_cli_delta_cap": 1, "gates_srv_delta_cap": 1, "gates_cli_sum_cap": 1, "gates_srv_sum_cap": 1, "gates_cli_composed_cap": 0, "gates_srv_composed_cap": 0, "gates_cli_three_term": 0, "gates_srv_three_term": 0, "gates_cli_loss_sent_truth": 0, "gates_srv_loss_sent_truth": 0, "gates_cli_gen": null, "gates_srv_gen": null, "gates_cli_diag": 1, "gates_srv_diag": 1, "gates_cli_ackdiag": 1, "gates_srv_ackdiag": 1, "gates_cli_walldiag": 1, "gates_srv_walldiag": 1, "gates_cli_fdiag": 1, "gates_srv_fdiag": 1, "gates_cli_recov_mp": 1, "gates_srv_recov_mp": 1, "gates_cli_cc_pace": 0, "gates_srv_cc_pace": 0, "gates_cli_rack_reo_mult": 1, "gates_srv_rack_reo_mult": 1, "gates_lines_cli": 1, "gates_lines_srv": 1, "gate_quantile_cli": "0", "gate_quantile_srv": "0", "gate_alpha_cli": "unset", "gate_alpha_srv": "unset", "gate_gen_cli": 384, "gate_gen_srv": 384, "gate_wform_cli": "cantelli", "gate_wform_srv": "cantelli", "qalpha_lines_cli": 1, "qalpha_site_cli": "sender", "qalpha_quantile_cli": 0, "qalpha_contract_cli": 0.001, "qalpha_override_cli": null, "qalpha_cli": 0.001, "qalpha_k_cli": 31.607, "qalpha_form_cli": "cantelli", "qalpha_winn_cli": "unavail", "qalpha_lines_srv": 1, "qalpha_site_srv": "receiver", "qalpha_quantile_srv": 0, "qalpha_contract_srv": 1e-05, "qalpha_override_srv": null, "qalpha_srv": 1e-05, "qalpha_k_srv": 316.2262, "qalpha_form_srv": "cantelli", "qalpha_winn_srv": "unavail", "qclk_cli_lines": 1, "qclk_cli_site": "sender", "qclk_cli_alpha": 0.001, "qclk_cli_k": 31.607, "qclk_cli_w_us_mean": 95266.5, "qclk_cli_srtt_us_mean": 96550.4, "qclk_cli_on": 0, "qclk_cli_evals": 89652, "qclk_cli_kept": 2802, "qclk_cli_w_us_p05": 25000, "qclk_cli_w_us_p50": 100000, "qclk_cli_w_us_p95": 100000, "qclk_cli_w_us_min": 25000, "qclk_cli_w_us_max": 100000, "qclk_cli_law_n": 89652, "qclk_cli_sigma_us_mean": 555.8, "qclk_cli_sigma_n": 84279, "qclk_form_cli": "cantelli", "qclk_winn_cli": "unavail", "qclk_win_ok_cli": 0, "qclk_srv_lines": 8, "qclk_srv_site": "receiver", "qclk_srv_alpha": 1e-05, "qclk_srv_k": 316.2262, "qclk_srv_w_us_mean": 98905.8, "qclk_srv_srtt_us_mean": 97499.1, "qclk_srv_on": 0, "qclk_srv_evals": 69055, "qclk_srv_kept": 2158, "qclk_srv_w_us_p05": 100000, "qclk_srv_w_us_p50": 100000, "qclk_srv_w_us_p95": 100000, "qclk_srv_w_us_min": 27678, "qclk_srv_w_us_max": 100000, "qclk_srv_law_n": 69055, "qclk_srv_sigma_us_mean": 5596.0, "qclk_srv_sigma_n": 68495, "qclk_form_srv": "cantelli", "qclk_winn_srv": "unavail", "qclk_win_ok_srv": 0, "rack_lines_cli": 2, "rack_on_cli": 0, "rack_evals_cli": 0, "rack_ceil_cli": 0.0, "rack_gran_cli": 0.0, "rack_legacy_pin_cli": 0.0, "rack_round_cli": 0.0, "rack_legacy_cli": 0.0, "rack_mult_cli": 1, "rack_fa_n_cli": 2744, "rack_fa_d_cli": 3611, "rack_fa_frac_cli": 0.7599, "rack_fa_class_cli": 0.0625, "rack_lines_srv": 0, "rack_on_srv": null, "rack_evals_srv": null, "rack_ceil_srv": null, "rack_gran_srv": null, "rack_legacy_pin_srv": null, "rack_round_srv": null, "rack_legacy_srv": null, "rack_mult_srv": null, "rack_fa_n_srv": null, "rack_fa_d_srv": null, "rack_fa_frac_srv": null, "rack_fa_class_srv": null, "rack_fired": 3611, "rack_spurious": 2744, "rack_fa_frac": 0.7599, "rack_fa_class": 0.0625, "rack_round_us": 0.0, "rack_legacy_us": 0.0, "rack_evals": 0, "rack_legacy_pin": 0.0, "rfa_lines": 8, "rfa_gen": 0, "rfa_fires": 3343, "rfa_false": 1178, "rfa_fill_coded": 172, "rfa_fill_src": 1993, "rfa_dup_src": 1010, "rfa_preempt_src": 168, "rfa_src_n": 76064, "rfa_rep_n": 406, "rfa_false_frac": 0.3524, "rfa_nu_recv": 0.04395, "rfa_fa_class": 0.0625, "rfa_bracket_lo": 0.3524, "rfa_bracket_hi": 0.872593, "sf_ticks": 1441, "sf_E": 0.9452, "sf_short": 0.0548, "sf_zero": 0.0548, "capboot_n": 32, "capboot_frac": 0.0, "ping_n": 162, "ping_p50": 100.0, "ping_p95": 106.0, "ping_p99": 107.0, "ping_tx": 171, "ping_rx": 162, "ping_loss": 5.26, "ping_censor_frac": 0.0526, "legs_probed": 1, "leg0_n": 162, "leg0_sent": 171, "leg0_recv": 162, "leg0_sent_source": "summary", "leg0_censor_frac": 0.0526, "leg0_censor_pct": 5.26, "leg0_recv_mismatch": false, "leg0_leg_unscoreable": false, "leg0_min": 8.77, "leg0_max": 108.0, "leg0_p50": 101.0, "leg0_p50_censored": false, "leg0_p50_scoreable": true, "leg0_p95": 106.0, "leg0_p95_censored": true, "leg0_p95_scoreable": false, "leg0_p99": 107.0, "leg0_p99_censored": true, "leg0_p99_scoreable": false, "legs_censor_max": 0.0526, "wait_tun": 39, "wait_paused": 30, "wait_pace": 0, "wait_gen": 0, "wait_nack": 30, "wait_defc": 0, "wait_tail": 1, "wait_flush": 0, "wait_lines": 32, "deadwall": false, "sig_us_p50": 206.0, "sig_us_n": 83855, "sig_us_path": 0, "sig_paths": 1, "pl_n": 32, "pl_max": 0.0, "pl_min": 0.0, "pl_p0": 0.0, "dgq_hand": 87414, "dgq_full": 0, "dgq_err": 0, "dgq_gap": 0, "tc_bytes": 112103500, "tc_pkts": 92654, "tc_drop": 556, "tc_s": 11, "hold_lines": 2, "hold_samp_n": 1000, "hold_fed": 1817, "hold_evals": 3594, "hold_law_n": 0, "hold_sup": 0, "hold_emit": 3594, "hold_hd_n": 0, "hold_q": "unset", "hold_n_req": "-", "hold_n_obs": 1000, "hold_gen": 0, "hold_sup_frac": 0.0, "hold_law_frac": 0.0, "hold_obs_p50_us": 102494, "hold_obs_p90_us": 106234, "hold_obs_p99_us": 199614, "hold_t_us_p0": null, "hold_t_us_p1": null, "hold_samp_n_p0": 1000, "hold_samp_n_p1": null, "hold_hd_p50_us": null, "hold_hd_p90_us": null, "hold_hd_p99_us": null, "hold_hd_mx_us": null, "hold_unattr_evals": 17, "hold_paths_n": 1, "hold_accounting_ok": 1, "hold_obs_p50_us_p0": 102494, "hold_obs_p90_us_p0": 106234, "hold_obs_p99_us_p0": 199614, "hold_rpd": 1.717888, "fcause_lines": 1, "fcause_gen": 0, "fcause_n": 3611, "fcause_timer": 25, "fcause_gap_data": 3586, "fcause_gap_refresh": 0, "fcause_other": 0, "fcause_fired": 3611, "fcause_unattr": 0, "fcause_timer_frac": 0.0069, "fcause_gap_frac": 0.9931, "succ_lines": 8, "succ_gen": 0, "succ_det": 2102, "succ_res": 2092, "succ_orig_n": 1922, "succ_rep_n": 170, "succ_aban_n": 0, "succ_open": 10, "succ_over": 0, "succ_orig_p50_us": 98304, "succ_orig_p90_us": 114688, "succ_orig_p99_us": 196608, "succ_orig_mx_us": 313968, "succ_orig_frac": 0.9187, "succ_identity_ok": 1}
LIVENESS sc2-CTL rep=3 RWM_QUANTILE_CLOCKS=RWM_QUANTILE_CLOCKS=0/RWM_QUANTILE_CLOCKS=0(exp0) RWM_ALPHA_OVERRIDE=RWM_ALPHA_OVERRIDE=unset/RWM_ALPHA_OVERRIDE=unset(expunset) RWM_W_FORM=RWM_W_FORM=cantelli/RWM_W_FORM=cantelli(expcantelli) RWM_DELTA_CAP=RWM_DELTA_CAP=1/RWM_DELTA_CAP=1(exp1) RWM_SUM_CAP=RWM_SUM_CAP=1/RWM_SUM_CAP=1(exp1) RWM_HOLDDOWN_Q=RWM_HOLDDOWN_Q=unset/RWM_HOLDDOWN_Q=unset(expunset) RWM_REFRESH_FLOOR_US=RWM_REFRESH_FLOOR_US=unset/RWM_REFRESH_FLOOR_US=unset(expunset) RWM_RACK_CLOCKS=RWM_RACK_CLOCKS=0/RWM_RACK_CLOCKS=0(exp0) RWM_DERIVED_SWEEP=RWM_DERIVED_SWEEP=0/RWM_DERIVED_SWEEP=0(exp0) RWM_COMPOSED_CAP=RWM_COMPOSED_CAP=0/RWM_COMPOSED_CAP=0(exp0) RWM_THREE_TERM=RWM_THREE_TERM=0/RWM_THREE_TERM=0(exp0) RWM_STORE_CAP_UNIFIED=RWM_STORE_CAP_UNIFIED=0/RWM_STORE_CAP_UNIFIED=0(exp0) RWM_LATE_BRAKE=RWM_LATE_BRAKE=0/RWM_LATE_BRAKE=0(exp0) RWM_CHARGE_RECOVERY=RWM_CHARGE_RECOVERY=0/RWM_CHARGE_RECOVERY=0(exp0) RWM_RELEASE_1TO1=RWM_RELEASE_1TO1=0/RWM_RELEASE_1TO1=0(exp0) RWM_LOSS_SENT_TRUTH=RWM_LOSS_SENT_TRUTH=0/RWM_LOSS_SENT_TRUTH=0(exp0) RWM_RTT_DUMP=RWM_RTT_DUMP=0/RWM_RTT_DUMP=0(exp0) RWM_SUCC_DUMP=RWM_SUCC_DUMP=0/RWM_SUCC_DUMP=0(exp0) RWM_DIAG=RWM_DIAG=1/RWM_DIAG=1(exp1) RWM_ACKDIAG=RWM_ACKDIAG=1/RWM_ACKDIAG=1(exp1) RWM_WALLDIAG=RWM_WALLDIAG=1/RWM_WALLDIAG=1(exp1) RWM_FDIAG=RWM_FDIAG=1/RWM_FDIAG=1(exp1)
W5QALPHA sc2-CTL rep=3 cli=form:cantelli/win_n:unavail/alpha:1.000000e-3 srv=form:cantelli/win_n:unavail/alpha:1.000000e-5 (exp form=cantelli win_n=unavail)
WCLOCK sc2-CTL rep=3 law_n=89652 evals=89652 win_ok=0 win_n=unavail p50=100000 p05=25000 p95=100000 shipped_clock=100000
W8SUCC sc2-CTL rep=3 det=2102 res=2092 orig_frac=0.9187
QALPHALINE sc2-CTL rep=3 site=cli [QALPHA] site=receiver quantile=0 form=cantelli win_n=unavail contract_alpha=1.000000e-5 override=unset alpha=1.000000e-5 k=316.2262 fa_class=0.0625
QALPHALINE sc2-CTL rep=3 site=cli [QALPHA] site=sender quantile=0 form=cantelli win_n=unavail contract_alpha=1.000000e-3 override=unset alpha=1.000000e-3 k=31.6070 fa_class=0.0625
QALPHALINE sc2-CTL rep=3 site=srv [QALPHA] site=receiver quantile=0 form=cantelli win_n=unavail contract_alpha=1.000000e-5 override=unset alpha=1.000000e-5 k=316.2262 fa_class=0.06252026-08-21T18:37:57.406234Z  INFO raptorpath::net: A* send-rate anchor ACTIVE (RWM_ASTAR_ANCHOR: windowed-max send rate over ~8 SRTT, clock-gap sample discard)
QALPHALINE sc2-CTL rep=3 site=srv [QALPHA] site=sender quantile=0 form=cantelli win_n=unavail contract_alpha=1.000000e-3 override=unset alpha=1.000000e-3 k=31.6070 fa_class=0.0625
QCLKLINE sc2-CTL rep=3 site=cli [QCLK] site=sender on=0 form=cantelli win_n=unavail win_ok=0 alpha=1.000000e-3 k=31.6070 evals=89652 law_n=89652 kept=2802 w_us_mean=95266.5 w_us_p05=25000 w_us_p50=100000 w_us_p95=100000 w_us_min=25000 w_us_max=100000 srtt_us_mean=96550.4 sigma_us_mean=555.8/n84279 fa_class=0.0625
QCLKLINE sc2-CTL rep=3 site=srv [QCLK] site=receiver on=0 form=cantelli win_n=unavail win_ok=0 alpha=1.000000e-5 k=316.2262 evals=7092 law_n=7092 kept=3546 w_us_mean=89345.8 w_us_p05=27678 w_us_p50=100000 w_us_p95=100000 w_us_min=27678 w_us_max=100000 srtt_us_mean=57496.3 sigma_us_mean=24951.1/n6532 fa_class=0.0625
QCLKLINE sc2-CTL rep=3 site=srv [QCLK] site=receiver on=0 form=cantelli win_n=unavail win_ok=0 alpha=1.000000e-5 k=316.2262 evals=15978 law_n=15978 kept=3995 w_us_mean=95271.0 w_us_p05=74730 w_us_p50=100000 w_us_p95=100000 w_us_min=27678 w_us_max=100000 srtt_us_mean=80492.4 sigma_us_mean=15555.3/n15418 fa_class=0.0625
QCLKLINE sc2-CTL rep=3 site=srv [QCLK] site=receiver on=0 form=cantelli win_n=unavail win_ok=0 alpha=1.000000e-5 k=316.2262 evals=23181 law_n=23181 kept=2898 w_us_mean=96740.4 w_us_p05=74730 w_us_p50=100000 w_us_p95=100000 w_us_min=27678 w_us_max=100000 srtt_us_mean=87648.4 sigma_us_mean=11565.1/n22621 fa_class=0.0625
QCLKLINE sc2-CTL rep=3 site=srv [QCLK] site=receiver on=0 form=cantelli win_n=unavail win_ok=0 alpha=1.000000e-5 k=316.2262 evals=32770 law_n=32770 kept=2049 w_us_mean=97694.2 w_us_p05=85272 w_us_p50=100000 w_us_p95=100000 w_us_min=27678 w_us_max=100000 srtt_us_mean=92167.8 sigma_us_mean=8830.4/n32210 fa_class=0.0625
QCLKLINE sc2-CTL rep=3 site=srv [QCLK] site=receiver on=0 form=cantelli win_n=unavail win_ok=0 alpha=1.000000e-5 k=316.2262 evals=42409 law_n=42409 kept=2651 w_us_mean=98218.3 w_us_p05=95276 w_us_p50=100000 w_us_p95=100000 w_us_min=27678 w_us_max=100000 srtt_us_mean=94424.3 sigma_us_mean=7372.0/n41849 fa_class=0.0625
QCLKLINE sc2-CTL rep=3 site=srv [QCLK] site=receiver on=0 form=cantelli win_n=unavail win_ok=0 alpha=1.000000e-5 k=316.2262 evals=51123 law_n=51123 kept=3196 w_us_mean=98522.0 w_us_p05=95276 w_us_p50=100000 w_us_p95=100000 w_us_min=27678 w_us_max=100000 srtt_us_mean=95659.0 sigma_us_mean=6431.0/n50563 fa_class=0.0625
QCLKLINE sc2-CTL rep=3 site=srv [QCLK] site=receiver on=0 form=cantelli win_n=unavail win_ok=0 alpha=1.000000e-5 k=316.2262 evals=60348 law_n=60348 kept=3772 w_us_mean=98747.9 w_us_p05=100000 w_us_p50=100000 w_us_p95=100000 w_us_min=27678 w_us_max=100000 srtt_us_mean=96763.4 sigma_us_mean=5821.7/n59788 fa_class=0.0625
QCLKLINE sc2-CTL rep=3 site=srv [QCLK] site=receiver on=0 form=cantelli win_n=unavail win_ok=0 alpha=1.000000e-5 k=316.2262 evals=69055 law_n=69055 kept=2158 w_us_mean=98905.8 w_us_p05=100000 w_us_p50=100000 w_us_p95=100000 w_us_min=27678 w_us_max=100000 srtt_us_mean=97499.1 sigma_us_mean=5596.0/n68495 fa_class=0.0625
RACKLINE sc2-CTL rep=3 site=cli [RACK] on=0 evals=0 ceil=0.0000 gran=0.0000 legacy_pin=0.0000 round=0.0 legacy=0.0 mult=1 fa=56/56 fa_frac=1.0000 fa_class=0.0625
RACKLINE sc2-CTL rep=3 site=cli [RACK] on=0 evals=0 ceil=0.0000 gran=0.0000 legacy_pin=0.0000 round=0.0 legacy=0.0 mult=1 fa=2744/3611 fa_frac=0.7599 fa_class=0.0625
RFALINE sc2-CTL rep=3 site=cli [RFA] gen=0 fires=13 false=13 false_frac=1.0000 fill_coded=0 fill_src=0 dup_src=13 preempt_src=0 src_n=14 rep_n=12 nu_recv=0.92857 fa_class=0.0625
RFALINE sc2-CTL rep=3 site=cli [RFA] gen=0 fires=22 false=22 false_frac=1.0000 fill_coded=0 fill_src=0 dup_src=22 preempt_src=0 src_n=23 rep_n=21 nu_recv=0.95652 fa_class=0.0625
RFALINE sc2-CTL rep=3 site=cli [RFA] gen=0 fires=27 false=27 false_frac=1.0000 fill_coded=0 fill_src=0 dup_src=27 preempt_src=0 src_n=28 rep_n=26 nu_recv=0.96429 fa_class=0.0625
RFALINE sc2-CTL rep=3 site=cli [RFA] gen=0 fires=32 false=32 false_frac=1.0000 fill_coded=0 fill_src=0 dup_src=32 preempt_src=0 src_n=33 rep_n=31 nu_recv=0.96970 fa_class=0.0625
RFALINE sc2-CTL rep=3 site=cli [RFA] gen=0 fires=37 false=37 false_frac=1.0000 fill_coded=0 fill_src=0 dup_src=37 preempt_src=0 src_n=38 rep_n=36 nu_recv=0.97368 fa_class=0.0625
RFALINE sc2-CTL rep=3 site=cli [RFA] gen=0 fires=43 false=43 false_frac=1.0000 fill_coded=0 fill_src=0 dup_src=43 preempt_src=0 src_n=44 rep_n=42 nu_recv=0.97727 fa_class=0.0625
RFALINE sc2-CTL rep=3 site=cli [RFA] gen=0 fires=48 false=48 false_frac=1.0000 fill_coded=0 fill_src=0 dup_src=48 preempt_src=0 src_n=49 rep_n=47 nu_recv=0.97959 fa_class=0.0625
RFALINE sc2-CTL rep=3 site=cli [RFA] gen=0 fires=53 false=53 false_frac=1.0000 fill_coded=0 fill_src=0 dup_src=53 preempt_src=0 src_n=54 rep_n=52 nu_recv=0.98148 fa_class=0.0625
RFALINE sc2-CTL rep=3 site=cli [RFA] gen=0 fires=56 false=56 false_frac=1.0000 fill_coded=0 fill_src=0 dup_src=56 preempt_src=0 src_n=58 rep_n=56 nu_recv=0.96552 fa_class=0.0625
RFALINE sc2-CTL rep=3 site=srv [RFA] gen=0 fires=690 false=493 false_frac=0.7145 fill_coded=13 fill_src=184 dup_src=481 preempt_src=12 src_n=9141 rep_n=26 nu_recv=0.07548 fa_class=0.0625
RFALINE sc2-CTL rep=3 site=srv [RFA] gen=0 fires=1024 false=584 false_frac=0.5703 fill_coded=30 fill_src=410 dup_src=555 preempt_src=29 src_n=18729 rep_n=75 nu_recv=0.05467 fa_class=0.0625
RFALINE sc2-CTL rep=3 site=srv [RFA] gen=0 fires=1247 false=629 false_frac=0.5044 fill_coded=37 fill_src=581 dup_src=593 preempt_src=36 src_n=28321 rep_n=110 nu_recv=0.04403 fa_class=0.0625
RFALINE sc2-CTL rep=3 site=srv [RFA] gen=0 fires=1765 false=764 false_frac=0.4329 fill_coded=74 fill_src=927 dup_src=692 preempt_src=72 src_n=37843 rep_n=177 nu_recv=0.04664 fa_class=0.0625
RFALINE sc2-CTL rep=3 site=srv [RFA] gen=0 fires=2005 false=801 false_frac=0.3995 fill_coded=97 fill_src=1107 dup_src=709 preempt_src=92 src_n=47542 rep_n=224 nu_recv=0.04217 fa_class=0.0625
RFALINE sc2-CTL rep=3 site=srv [RFA] gen=0 fires=2446 false=901 false_frac=0.3684 fill_coded=120 fill_src=1425 dup_src=784 preempt_src=117 src_n=56968 rep_n=283 nu_recv=0.04294 fa_class=0.0625
RFALINE sc2-CTL rep=3 site=srv [RFA] gen=0 fires=2947 false=1044 false_frac=0.3543 fill_coded=145 fill_src=1758 dup_src=903 preempt_src=141 src_n=66651 rep_n=346 nu_recv=0.04422 fa_class=0.0625
RFALINE sc2-CTL rep=3 site=srv [RFA] gen=0 fires=3343 false=1178 false_frac=0.3524 fill_coded=172 fill_src=1993 dup_src=1010 preempt_src=168 src_n=76064 rep_n=406 nu_recv=0.04395 fa_class=0.0625
FCAUSELINE sc2-CTL rep=3 site=cli [FCAUSE] gen=0 n=3611 timer=25 gap_data=3586 gap_refresh=0 other=0 timer_frac=0.0069 gap_frac=0.9931 fired=3611 unattr=0 fa_class=0.0625
SUCCLINE sc2-CTL rep=3 site=cli [SUCC] gen=0 det=0 res=0 orig_n=0 orig_p50_us=- orig_p90_us=- orig_p99_us=- orig_mx_us=- orig_mean_us=- rep_n=0 rep_p50_us=- rep_p90_us=- rep_p99_us=- rep_mx_us=- rep_mean_us=- aban_n=0 aban_p50_us=- aban_p90_us=- aban_p99_us=- aban_mx_us=- aban_mean_us=- open=0 over=0 orig_frac=- cross_us=- dump=0/0
SUCCLINE sc2-CTL rep=3 site=cli [SUCC] gen=0 det=0 res=0 orig_n=0 orig_p50_us=- orig_p90_us=- orig_p99_us=- orig_mx_us=- orig_mean_us=- rep_n=0 rep_p50_us=- rep_p90_us=- rep_p99_us=- rep_mx_us=- rep_mean_us=- aban_n=0 aban_p50_us=- aban_p90_us=- aban_p99_us=- aban_mx_us=- aban_mean_us=- open=0 over=0 orig_frac=- cross_us=- dump=0/0
SUCCLINE sc2-CTL rep=3 site=cli [SUCC] gen=0 det=0 res=0 orig_n=0 orig_p50_us=- orig_p90_us=- orig_p99_us=- orig_mx_us=- orig_mean_us=- rep_n=0 rep_p50_us=- rep_p90_us=- rep_p99_us=- rep_mx_us=- rep_mean_us=- aban_n=0 aban_p50_us=- aban_p90_us=- aban_p99_us=- aban_mx_us=- aban_mean_us=- open=0 over=0 orig_frac=- cross_us=- dump=0/0
SUCCLINE sc2-CTL rep=3 site=cli [SUCC] gen=0 det=0 res=0 orig_n=0 orig_p50_us=- orig_p90_us=- orig_p99_us=- orig_mx_us=- orig_mean_us=- rep_n=0 rep_p50_us=- rep_p90_us=- rep_p99_us=- rep_mx_us=- rep_mean_us=- aban_n=0 aban_p50_us=- aban_p90_us=- aban_p99_us=- aban_mx_us=- aban_mean_us=- open=0 over=0 orig_frac=- cross_us=- dump=0/0
SUCCLINE sc2-CTL rep=3 site=cli [SUCC] gen=0 det=0 res=0 orig_n=0 orig_p50_us=- orig_p90_us=- orig_p99_us=- orig_mx_us=- orig_mean_us=- rep_n=0 rep_p50_us=- rep_p90_us=- rep_p99_us=- rep_mx_us=- rep_mean_us=- aban_n=0 aban_p50_us=- aban_p90_us=- aban_p99_us=- aban_mx_us=- aban_mean_us=- open=0 over=0 orig_frac=- cross_us=- dump=0/0
SUCCLINE sc2-CTL rep=3 site=cli [SUCC] gen=0 det=0 res=0 orig_n=0 orig_p50_us=- orig_p90_us=- orig_p99_us=- orig_mx_us=- orig_mean_us=- rep_n=0 rep_p50_us=- rep_p90_us=- rep_p99_us=- rep_mx_us=- rep_mean_us=- aban_n=0 aban_p50_us=- aban_p90_us=- aban_p99_us=- aban_mx_us=- aban_mean_us=- open=0 over=0 orig_frac=- cross_us=- dump=0/0
SUCCLINE sc2-CTL rep=3 site=cli [SUCC] gen=0 det=0 res=0 orig_n=0 orig_p50_us=- orig_p90_us=- orig_p99_us=- orig_mx_us=- orig_mean_us=- rep_n=0 rep_p50_us=- rep_p90_us=- rep_p99_us=- rep_mx_us=- rep_mean_us=- aban_n=0 aban_p50_us=- aban_p90_us=- aban_p99_us=- aban_mx_us=- aban_mean_us=- open=0 over=0 orig_frac=- cross_us=- dump=0/0
SUCCLINE sc2-CTL rep=3 site=cli [SUCC] gen=0 det=0 res=0 orig_n=0 orig_p50_us=- orig_p90_us=- orig_p99_us=- orig_mx_us=- orig_mean_us=- rep_n=0 rep_p50_us=- rep_p90_us=- rep_p99_us=- rep_mx_us=- rep_mean_us=- aban_n=0 aban_p50_us=- aban_p90_us=- aban_p99_us=- aban_mx_us=- aban_mean_us=- open=0 over=0 orig_frac=- cross_us=- dump=0/0
SUCCLINE sc2-CTL rep=3 site=srv [SUCC] gen=0 det=196 res=196 orig_n=184 orig_p50_us=98304 orig_p90_us=163840 orig_p99_us=163840 orig_mx_us=171653 orig_mean_us=106416 rep_n=12 rep_p50_us=98304 rep_p90_us=131072 rep_p99_us=163840 rep_mx_us=164237 rep_mean_us=108059 aban_n=0 aban_p50_us=- aban_p90_us=- aban_p99_us=- aban_mx_us=- aban_mean_us=- open=0 over=0 orig_frac=0.9388 cross_us=- dump=0/0
SUCCLINE sc2-CTL rep=3 site=srv [SUCC] gen=0 det=446 res=439 orig_n=410 orig_p50_us=98304 orig_p90_us=131072 orig_p99_us=163840 orig_mx_us=207268 orig_mean_us=106456 rep_n=29 rep_p50_us=98304 rep_p90_us=163840 rep_p99_us=196608 rep_mx_us=207268 rep_mean_us=110396 aban_n=0 aban_p50_us=- aban_p90_us=- aban_p99_us=- aban_mx_us=- aban_mean_us=- open=7 over=0 orig_frac=0.9339 cross_us=7168 dump=0/0
SUCCLINE sc2-CTL rep=3 site=srv [SUCC] gen=0 det=642 res=595 orig_n=559 orig_p50_us=98304 orig_p90_us=131072 orig_p99_us=163840 orig_mx_us=207268 orig_mean_us=106680 rep_n=36 rep_p50_us=98304 rep_p90_us=131072 rep_p99_us=196608 rep_mx_us=207268 rep_mean_us=109444 aban_n=0 aban_p50_us=- aban_p90_us=- aban_p99_us=- aban_mx_us=- aban_mean_us=- open=47 over=0 orig_frac=0.9395 cross_us=7168 dump=0/0
SUCCLINE sc2-CTL rep=3 site=srv [SUCC] gen=0 det=978 res=978 orig_n=905 orig_p50_us=98304 orig_p90_us=106496 orig_p99_us=196608 orig_mx_us=207268 orig_mean_us=106106 rep_n=73 rep_p50_us=98304 rep_p90_us=131072 rep_p99_us=196608 rep_mx_us=207268 rep_mean_us=109286 aban_n=0 aban_p50_us=- aban_p90_us=- aban_p99_us=- aban_mx_us=- aban_mean_us=- open=0 over=0 orig_frac=0.9254 cross_us=7168 dump=0/0
SUCCLINE sc2-CTL rep=3 site=srv [SUCC] gen=0 det=1141 res=1131 orig_n=1036 orig_p50_us=98304 orig_p90_us=114688 orig_p99_us=196608 orig_mx_us=313968 orig_mean_us=108189 rep_n=95 rep_p50_us=98304 rep_p90_us=131072 rep_p99_us=196608 rep_mx_us=207268 rep_mean_us=105513 aban_n=0 aban_p50_us=- aban_p90_us=- aban_p99_us=- aban_mx_us=- aban_mean_us=- open=10 over=0 orig_frac=0.9160 cross_us=1280 dump=0/0
SUCCLINE sc2-CTL rep=3 site=srv [SUCC] gen=0 det=1486 res=1472 orig_n=1354 orig_p50_us=98304 orig_p90_us=114688 orig_p99_us=196608 orig_mx_us=313968 orig_mean_us=108581 rep_n=118 rep_p50_us=98304 rep_p90_us=131072 rep_p99_us=196608 rep_mx_us=207268 rep_mean_us=103292 aban_n=0 aban_p50_us=- aban_p90_us=- aban_p99_us=- aban_mx_us=- aban_mean_us=- open=14 over=0 orig_frac=0.9198 cross_us=1280 dump=0/0
SUCCLINE sc2-CTL rep=3 site=srv [SUCC] gen=0 det=1907 res=1830 orig_n=1687 orig_p50_us=98304 orig_p90_us=114688 orig_p99_us=196608 orig_mx_us=313968 orig_mean_us=108757 rep_n=143 rep_p50_us=98304 rep_p90_us=122880 rep_p99_us=196608 rep_mx_us=207268 rep_mean_us=102841 aban_n=0 aban_p50_us=- aban_p90_us=- aban_p99_us=- aban_mx_us=- aban_mean_us=- open=77 over=0 orig_frac=0.9219 cross_us=1024 dump=0/0
SUCCLINE sc2-CTL rep=3 site=srv [SUCC] gen=0 det=2102 res=2092 orig_n=1922 orig_p50_us=98304 orig_p90_us=114688 orig_p99_us=196608 orig_mx_us=313968 orig_mean_us=108777 rep_n=170 rep_p50_us=98304 rep_p90_us=114688 rep_p99_us=196608 rep_mx_us=207268 rep_mean_us=99734 aban_n=0 aban_p50_us=- aban_p90_us=- aban_p99_us=- aban_mx_us=- aban_mean_us=- open=10 over=0 orig_frac=0.9187 cross_us=1024 dump=0/0
HOLDLINE sc2-CTL rep=3 site=cli [HOLD] site=sender path=0 gen=0 q=unset n_req=- n_obs=1000 samp_n=1000 fed=1817 t_us=- obs_p50_us=102494 obs_p90_us=106234 obs_p99_us=199614 evals=3594 law_n=0 sup=0 emit=3594 hd_p50_us=- hd_p90_us=- hd_p99_us=- hd_mx_us=- hd_n=0 fa_class=0.0625
HOLDLINE sc2-CTL rep=3 site=cli [HOLD] site=sender path=- gen=0 q=unset n_req=- n_obs=1000 samp_n=0 fed=0 t_us=- obs_p50_us=- obs_p90_us=- obs_p99_us=- evals=17 law_n=0 sup=0 emit=17 hd_p50_us=- hd_p90_us=- hd_p99_us=- hd_mx_us=- hd_n=0 fa_class=0.0625
WALLLINE sc2-CTL rep=3 site=cli [WALL] onset=0.9882 dur_ms=106.1 retx=15 total_ms=9017.4 it_ms=0.101
VAWITNESS {"cell":"sc2","arm":"CTL","alpha":"unset","seed":42,"rep":3,"rc":0,"mean_mbps":88.828,"band":[78,92],"band_applies":1,"in_band":1,"lossy":1,"alpha_expect":"unset","alpha_got_cli":"unset","alpha_got_srv":"unset","form_expect":"cantelli","form_got_cli":"cantelli","form_got_srv":"cantelli","winn_expect":"unavail","winn_got_cli":"unavail","winn_got_srv":"unavail","qclk_law_n":89652,"qclk_evals":89652,"qclk_win_ok":0,"qclk_win_n":"unavail","w_us_p50":100000,"w_us_p05":25000,"w_us_p95":100000,"shipped_clock_us":100000,"fcause_n":3611,"fcause_timer":25,"fcause_gap_data":3586,"fcause_gap_refresh":0,"fcause_other":0,"fcause_unattr":0,"succ_det":2102,"succ_res":2092,"succ_orig_frac":"0.9187","rfa_fires":3343,"rfa_false":1178,"rfa_false_frac":"0.3524","rfa_fill_coded":172,"rack_fa":"2744/3611","rack_fa_frac":"0.7599","fails":""}
=== rep=3 arm=sc2-Q400 alpha=0.4 form=quantile win_n=25 seed=42 env="RWM_QUANTILE_CLOCKS=1 RWM_ALPHA_OVERRIDE=0.4 RWM_W_FORM=quantile RWM_DELTA_CAP=1 RWM_SUM_CAP=1 RWM_RACK_CLOCKS=0 RWM_DERIVED_SWEEP=0 RWM_COMPOSED_CAP=0 RWM_THREE_TERM=0 RWM_STORE_CAP_UNIFIED=0 RWM_LATE_BRAKE=0 RWM_CHARGE_RECOVERY=0 RWM_RELEASE_1TO1=0 RWM_LOSS_SENT_TRUTH=0 RWM_RTT_DUMP=0 RWM_SUCC_DUMP=0" cell=c2/c2/single bytes=100000000 18:38:07
[2m2026-08-21T18:38:09.127492Z[0m [32m INFO[0m [2mraptorpath::gates[0m[2m:[0m [GATES] RWM_UNIFIED=1 RWM_UNIFIED_SHED=1 RWM_TAPER_R=1 RWM_ASTAR_ANCHOR=1 RWM_MSTAR_ANCHOR=1 RWM_PLAIN_RS=0 RWM_HONEST_ANCHOR=1 RWM_HONEST_K=0 RWM_STORE_SACK_RELEASE=1 RWM_STORE_PATHS=1 RWM_STORE_PATH_POOL=2048 RWM_STORE=unset RWM_STORE_GAIN=2 RWM_STORE_BOOT=128 RWM_STORE_CAPW=0 RWM_STORE_CAP_UNIFIED=0 RWM_THREE_TERM=0 RWM_COMPOSED_CAP=0 RWM_SUM_CAP=1 RWM_LATE_BRAKE=0 RWM_DELTA_CAP=1 RWM_STORE_PERCAP=0 RWM_PERCAP_GUARD=1 RWM_STORE_BORROW=0 RWM_HONEST_CAP=1 RWM_POOL_ANCHOR=0 RWM_POOL_DELIV=0 RWM_FLOOR_BOUND=0 RWM_ACK_MERGE=1 RWM_LOSS_SENT_TRUTH=0 RWM_RELEASE_1TO1=0 RWM_CHARGE_RECOVERY=0 RWM_PATIENCE_DERIVED=0 RWM_SIDLE_DERIVED=0 RWM_WIN_DECOUPLE=0 RWM_PLACE_SLACK=0 RWM_COLD_PLACE=0 RWM_GEN=384 RWM_PIPELINE=2 RWM_GEN_PIPE=1 RWM_GEN_R=unset RWM_GEN_RATE=9000 RWM_GEN_RATE_FLOOR=2000 RWM_GEN_INFLIGHT=unset RWM_OOO_RETAIN=0/16 RWM_WINDOW=unset RWM_REPORT_GENS=unset RWM_REPAIR_WAIT=unset RWM_CODED_SRC=0 RWM_NO_REACTIVE=0 RWM_XPATH_REPAIR=0 RWM_PROACTIVE_PACER=0 RWM_REASM_BDP=0 RWM_MIN_R=0 RWM_CC_PACE=0 RWM_CC_PACE_HR=1.1 RWM_REACT_CAP=unset RWM_INFL_CAP=0 RWM_INFL_BDP=unset RWM_COPA_FEED=0 RWM_RS_ATTR=1 RWM_EMIT_BATCH=0 RWM_EMIT_BURST=64 RWM_RECOV_MP=1 RWM_RECOV_MP_LAW=1 RWM_RECOV_MP_LIVE=0 RWM_RECOV_SP=0 RWM_DERIVED_SWEEP=0 RWM_RACK_CLOCKS=0 RWM_RACK_REO_MULT=1 RWM_QUANTILE_CLOCKS=1 RWM_ALPHA_OVERRIDE=0.4 RWM_W_FORM=quantile RWM_HOLDDOWN_Q=unset RWM_REFRESH_FLOOR_US=unset RWM_DIAG=1 RWM_ACKDIAG=1 RWM_ACKDIAG_WINDOW_US=2000000 RWM_RTT_DUMP=0 RWM_RTT_DUMP_MAX=400000 RWM_SUCC_DUMP=0 RWM_SUCC_DUMP_MAX=200000 RWM_WALLDIAG=1 RWM_CPUPROF=0 RWM_RDIAG=0 RWM_FDIAG=1 RWM_TRACE=0 RWM_PFRAC=0
{"bytes":100000000,"dnf":0,"hint":"bulk","max_s":9.2028,"mean_mbps":86.93,"mean_s":9.2028,"median_s":9.2028,"min_s":9.2028,"proto":"rp-native","runs":1,"stdev_s":0.0,"summary":true}
    LATPROBE-LEG leg=0 file=/tmp/rwm-ping-0.txt sent=174 recv=170 censor=2.30% p50=101.0[censor=2.30% ok] p95=106.0[censor=2.30% ok] p99=112.0[censor=2.30% UNSCOREABLE(inside censored tail)]
    LATPROBE: 1 leg(s) /tmp/rwm-ping-0.txt=170 replies
    CPU: CPUSRV=8.03s CPUCLI=7.39s (srv=decoder cli=sender; whole-invocation incl warmup)
    QDISC cli0: qdisc netem bdad: root refcnt 7 limit 1000 delay 5ms  3ms loss gemodel p 1.3% r 50% 1-h 100% 1-k 0% rate 100Mbit seed 42  Sent 111940382 bytes 92921 pkt (dropped 555, overlimits 0 requeues 0)   backlog 0b 0p requeues 0 
    QDISC srv0: qdisc netem bdaf: root refcnt 7 limit 1000 delay 5ms  3ms rate 100Mbit seed 994022398458716449  Sent 11166364 bytes 62504 pkt (dropped 0, overlimits 0 requeues 0)   backlog 0b 0p requeues 0 
    QCAP: /tmp/rwm-q.txt 10 lines
RUNTIME sc2-Q400 rep=3 11s rc=0
ALPHARESULT {"cell": "sc2", "arm": "Q400", "alpha_cmd": 0.4, "seed": 42, "rep": 3, "n_paths": 1, "dnf": false, "dnf_count": 0, "mbps": 86.93, "mean_mbps": 86.93, "seconds": 9.2028, "n_runs": 1, "cpusrv": 8.03, "cpucli": 7.39, "khr_med": 1.0, "kraw_med": null, "khr_n": 33, "kraw_n": 0, "rtp_med": 11, "occ_p50": 1006, "occcap_p50": 1024, "q_p50": 92, "q_p99": 102, "diag_lines": 36, "retx": 3373, "w1_rfa_gen": "0", "w2_pfrac_lines": 0, "w4_retx_max": 3373, "w5_rack_fa": "2815/3424", "gates_cli_quantile_clocks": 1, "gates_srv_quantile_clocks": 1, "gates_cli_rack_clocks": 0, "gates_srv_rack_clocks": 0, "gates_cli_derived_sweep": 0, "gates_srv_derived_sweep": 0, "gates_cli_delta_cap": 1, "gates_srv_delta_cap": 1, "gates_cli_sum_cap": 1, "gates_srv_sum_cap": 1, "gates_cli_composed_cap": 0, "gates_srv_composed_cap": 0, "gates_cli_three_term": 0, "gates_srv_three_term": 0, "gates_cli_loss_sent_truth": 0, "gates_srv_loss_sent_truth": 0, "gates_cli_gen": null, "gates_srv_gen": null, "gates_cli_diag": 1, "gates_srv_diag": 1, "gates_cli_ackdiag": 1, "gates_srv_ackdiag": 1, "gates_cli_walldiag": 1, "gates_srv_walldiag": 1, "gates_cli_fdiag": 1, "gates_srv_fdiag": 1, "gates_cli_recov_mp": 1, "gates_srv_recov_mp": 1, "gates_cli_cc_pace": 0, "gates_srv_cc_pace": 0, "gates_cli_rack_reo_mult": 1, "gates_srv_rack_reo_mult": 1, "gates_lines_cli": 1, "gates_lines_srv": 1, "gate_quantile_cli": "1", "gate_quantile_srv": "1", "gate_alpha_cli": "0.4", "gate_alpha_srv": "0.4", "gate_gen_cli": 384, "gate_gen_srv": 384, "gate_wform_cli": "quantile", "gate_wform_srv": "quantile", "qalpha_lines_cli": 1, "qalpha_site_cli": "sender", "qalpha_quantile_cli": 1, "qalpha_contract_cli": 0.001, "qalpha_override_cli": 0.4, "qalpha_cli": 0.4, "qalpha_k_cli": 1.2247, "qalpha_form_cli": "quantile", "qalpha_winn_cli": "25", "qalpha_lines_srv": 1, "qalpha_site_srv": "receiver", "qalpha_quantile_srv": 1, "qalpha_contract_srv": 1e-05, "qalpha_override_srv": 0.4, "qalpha_srv": 0.4, "qalpha_k_srv": 1.2247, "qalpha_form_srv": "quantile", "qalpha_winn_srv": "25", "qclk_cli_lines": 1, "qclk_cli_site": "sender", "qclk_cli_alpha": 0.4, "qclk_cli_k": 1.2247, "qclk_cli_w_us_mean": 102689.3, "qclk_cli_srtt_us_mean": 102247.8, "qclk_cli_on": 1, "qclk_cli_evals": 89706, "qclk_cli_kept": 2702, "qclk_cli_w_us_p05": 96306, "qclk_cli_w_us_p50": 103804, "qclk_cli_w_us_p95": 108491, "qclk_cli_w_us_min": 18421, "qclk_cli_w_us_max": 215398, "qclk_cli_law_n": 86455, "qclk_cli_sigma_us_mean": 544.0, "qclk_cli_sigma_n": 86455, "qclk_form_cli": "quantile", "qclk_winn_cli": "25", "qclk_win_ok_cli": 86455, "qclk_srv_lines": 9, "qclk_srv_site": "receiver", "qclk_srv_alpha": 0.4, "qclk_srv_k": 1.2247, "qclk_srv_w_us_mean": 104108.1, "qclk_srv_srtt_us_mean": 102715.5, "qclk_srv_on": 1, "qclk_srv_evals": 75273, "qclk_srv_kept": 2094, "qclk_srv_w_us_p05": 103314, "qclk_srv_w_us_p50": 104136, "qclk_srv_w_us_p95": 105081, "qclk_srv_w_us_min": 103230, "qclk_srv_w_us_max": 105351, "qclk_srv_law_n": 67015, "qclk_srv_sigma_us_mean": 6175.1, "qclk_srv_sigma_n": 75177, "qclk_form_srv": "quantile", "qclk_winn_srv": "25", "qclk_win_ok_srv": 67015, "rack_lines_cli": 2, "rack_on_cli": 0, "rack_evals_cli": 0, "rack_ceil_cli": 0.0, "rack_gran_cli": 0.0, "rack_legacy_pin_cli": 0.0, "rack_round_cli": 0.0, "rack_legacy_cli": 0.0, "rack_mult_cli": 1, "rack_fa_n_cli": 2815, "rack_fa_d_cli": 3424, "rack_fa_frac_cli": 0.8221, "rack_fa_class_cli": 0.0625, "rack_lines_srv": 0, "rack_on_srv": null, "rack_evals_srv": null, "rack_ceil_srv": null, "rack_gran_srv": null, "rack_legacy_pin_srv": null, "rack_round_srv": null, "rack_legacy_srv": null, "rack_mult_srv": null, "rack_fa_n_srv": null, "rack_fa_d_srv": null, "rack_fa_frac_srv": null, "rack_fa_class_srv": null, "rack_fired": 3424, "rack_spurious": 2815, "rack_fa_frac": 0.8221, "rack_fa_class": 0.0625, "rack_round_us": 0.0, "rack_legacy_us": 0.0, "rack_evals": 0, "rack_legacy_pin": 0.0, "rfa_lines": 9, "rfa_gen": 0, "rfa_fires": 3439, "rfa_false": 1127, "rfa_fill_coded": 187, "rfa_fill_src": 2125, "rfa_dup_src": 942, "rfa_preempt_src": 185, "rfa_src_n": 83697, "rfa_rep_n": 459, "rfa_false_frac": 0.3277, "rfa_nu_recv": 0.04109, "rfa_fa_class": 0.0625, "rfa_bracket_lo": 0.3277, "rfa_bracket_hi": 0.857686, "sf_ticks": 1440, "sf_E": 0.9458, "sf_short": 0.0542, "sf_zero": 0.0542, "capboot_n": 33, "capboot_frac": 0.0, "ping_n": 170, "ping_p50": 101.0, "ping_p95": 106.0, "ping_p99": 108.0, "ping_tx": 174, "ping_rx": 170, "ping_loss": 2.3, "ping_censor_frac": 0.023, "legs_probed": 1, "leg0_n": 170, "leg0_sent": 174, "leg0_recv": 170, "leg0_sent_source": "summary", "leg0_censor_frac": 0.023, "leg0_censor_pct": 2.3, "leg0_recv_mismatch": false, "leg0_leg_unscoreable": false, "leg0_min": 9.66, "leg0_max": 114.0, "leg0_p50": 101.0, "leg0_p50_censored": false, "leg0_p50_scoreable": true, "leg0_p95": 106.0, "leg0_p95_censored": false, "leg0_p95_scoreable": true, "leg0_p99": 112.0, "leg0_p99_censored": true, "leg0_p99_scoreable": false, "legs_censor_max": 0.023, "wait_tun": 40, "wait_paused": 30, "wait_pace": 0, "wait_gen": 0, "wait_nack": 29, "wait_defc": 0, "wait_tail": 0, "wait_flush": 0, "wait_lines": 33, "deadwall": false, "sig_us_p50": 525.0, "sig_us_n": 84234, "sig_us_path": 0, "sig_paths": 1, "pl_n": 33, "pl_max": 0.0, "pl_min": 0.0, "pl_p0": 0.0, "dgq_hand": 87841, "dgq_full": 0, "dgq_err": 0, "dgq_gap": 17, "tc_bytes": 111940382, "tc_pkts": 92921, "tc_drop": 555, "tc_s": 11, "hold_lines": 2, "hold_samp_n": 1000, "hold_fed": 1850, "hold_evals": 3396, "hold_law_n": 0, "hold_sup": 0, "hold_emit": 3396, "hold_hd_n": 0, "hold_q": "unset", "hold_n_req": "-", "hold_n_obs": 1000, "hold_gen": 0, "hold_sup_frac": 0.0, "hold_law_frac": 0.0, "hold_obs_p50_us": 103033, "hold_obs_p90_us": 107435, "hold_obs_p99_us": 207176, "hold_t_us_p0": null, "hold_t_us_p1": null, "hold_samp_n_p0": 1000, "hold_samp_n_p1": null, "hold_hd_p50_us": null, "hold_hd_p90_us": null, "hold_hd_p99_us": null, "hold_hd_mx_us": null, "hold_unattr_evals": 28, "hold_paths_n": 1, "hold_accounting_ok": 1, "hold_obs_p50_us_p0": 103033, "hold_obs_p90_us_p0": 107435, "hold_obs_p99_us_p0": 207176, "hold_rpd": 1.495197, "fcause_lines": 1, "fcause_gen": 0, "fcause_n": 3424, "fcause_timer": 53, "fcause_gap_data": 3371, "fcause_gap_refresh": 0, "fcause_other": 0, "fcause_fired": 3424, "fcause_unattr": 0, "fcause_timer_frac": 0.0155, "fcause_gap_frac": 0.9845, "succ_lines": 9, "succ_gen": 0, "succ_det": 2290, "succ_res": 2280, "succ_orig_n": 2093, "succ_rep_n": 187, "succ_aban_n": 0, "succ_open": 10, "succ_over": 0, "succ_orig_p50_us": 98304, "succ_orig_p90_us": 122880, "succ_orig_p99_us": 212992, "succ_orig_mx_us": 316199, "succ_orig_frac": 0.918, "succ_identity_ok": 1}
LIVENESS sc2-Q400 rep=3 RWM_QUANTILE_CLOCKS=RWM_QUANTILE_CLOCKS=1/RWM_QUANTILE_CLOCKS=1(exp1) RWM_ALPHA_OVERRIDE=RWM_ALPHA_OVERRIDE=0.4/RWM_ALPHA_OVERRIDE=0.4(exp0.4) RWM_W_FORM=RWM_W_FORM=quantile/RWM_W_FORM=quantile(expquantile) RWM_DELTA_CAP=RWM_DELTA_CAP=1/RWM_DELTA_CAP=1(exp1) RWM_SUM_CAP=RWM_SUM_CAP=1/RWM_SUM_CAP=1(exp1) RWM_HOLDDOWN_Q=RWM_HOLDDOWN_Q=unset/RWM_HOLDDOWN_Q=unset(expunset) RWM_REFRESH_FLOOR_US=RWM_REFRESH_FLOOR_US=unset/RWM_REFRESH_FLOOR_US=unset(expunset) RWM_RACK_CLOCKS=RWM_RACK_CLOCKS=0/RWM_RACK_CLOCKS=0(exp0) RWM_DERIVED_SWEEP=RWM_DERIVED_SWEEP=0/RWM_DERIVED_SWEEP=0(exp0) RWM_COMPOSED_CAP=RWM_COMPOSED_CAP=0/RWM_COMPOSED_CAP=0(exp0) RWM_THREE_TERM=RWM_THREE_TERM=0/RWM_THREE_TERM=0(exp0) RWM_STORE_CAP_UNIFIED=RWM_STORE_CAP_UNIFIED=0/RWM_STORE_CAP_UNIFIED=0(exp0) RWM_LATE_BRAKE=RWM_LATE_BRAKE=0/RWM_LATE_BRAKE=0(exp0) RWM_CHARGE_RECOVERY=RWM_CHARGE_RECOVERY=0/RWM_CHARGE_RECOVERY=0(exp0) RWM_RELEASE_1TO1=RWM_RELEASE_1TO1=0/RWM_RELEASE_1TO1=0(exp0) RWM_LOSS_SENT_TRUTH=RWM_LOSS_SENT_TRUTH=0/RWM_LOSS_SENT_TRUTH=0(exp0) RWM_RTT_DUMP=RWM_RTT_DUMP=0/RWM_RTT_DUMP=0(exp0) RWM_SUCC_DUMP=RWM_SUCC_DUMP=0/RWM_SUCC_DUMP=0(exp0) RWM_DIAG=RWM_DIAG=1/RWM_DIAG=1(exp1) RWM_ACKDIAG=RWM_ACKDIAG=1/RWM_ACKDIAG=1(exp1) RWM_WALLDIAG=RWM_WALLDIAG=1/RWM_WALLDIAG=1(exp1) RWM_FDIAG=RWM_FDIAG=1/RWM_FDIAG=1(exp1)
W5QALPHA sc2-Q400 rep=3 cli=form:quantile/win_n:25/alpha:4.000000e-1 srv=form:quantile/win_n:25/alpha:4.000000e-1 (exp form=quantile win_n=25)
WCLOCK sc2-Q400 rep=3 law_n=86455 evals=89706 win_ok=86455 win_n=25 p50=103804 p05=96306 p95=108491 shipped_clock=100000
W8SUCC sc2-Q400 rep=3 det=2290 res=2280 orig_frac=0.9180
QALPHALINE sc2-Q400 rep=3 site=cli [QALPHA] site=receiver quantile=1 form=quantile win_n=25 contract_alpha=1.000000e-5 override=4.000000e-1 alpha=4.000000e-1 k=1.2247 fa_class=0.0625
QALPHALINE sc2-Q400 rep=3 site=cli [QALPHA] site=sender quantile=1 form=quantile win_n=25 contract_alpha=1.000000e-3 override=4.000000e-1 alpha=4.000000e-1 k=1.2247 fa_class=0.0625
QALPHALINE sc2-Q400 rep=3 site=srv [QALPHA] site=receiver quantile=1 form=quantile win_n=25 contract_alpha=1.000000e-5 override=4.000000e-1 alpha=4.000000e-1 k=1.2247 fa_class=0.06252026-08-21T18:38:09.151651Z  INFO raptorpath::net: A* send-rate anchor ACTIVE (RWM_ASTAR_ANCHOR: windowed-max send rate over ~8 SRTT, clock-gap sample discard)
QALPHALINE sc2-Q400 rep=3 site=srv [QALPHA] site=sender quantile=1 form=quantile win_n=25 contract_alpha=1.000000e-3 override=4.000000e-1 alpha=4.000000e-1 k=1.2247 fa_class=0.0625
QCLKLINE sc2-Q400 rep=3 site=cli [QCLK] site=sender on=1 form=quantile win_n=25 win_ok=86455 alpha=4.000000e-1 k=1.2247 evals=89706 law_n=86455 kept=2702 w_us_mean=102689.3 w_us_p05=96306 w_us_p50=103804 w_us_p95=108491 w_us_min=18421 w_us_max=215398 srtt_us_mean=102247.8 sigma_us_mean=544.0/n86455 fa_class=0.0625
QCLKLINE sc2-Q400 rep=3 site=srv [QCLK] site=receiver on=1 form=quantile win_n=25 win_ok=0 alpha=4.000000e-1 k=1.2247 evals=5690 law_n=0 kept=0 w_us_mean=0.0 w_us_p05=0 w_us_p50=0 w_us_p95=0 w_us_min=0 w_us_max=0 srtt_us_mean=0.0 sigma_us_mean=34815.8/n5594 fa_class=0.0625
QCLKLINE sc2-Q400 rep=3 site=srv [QCLK] site=receiver on=1 form=quantile win_n=25 win_ok=6103 alpha=4.000000e-1 k=1.2247 evals=14361 law_n=6103 kept=3052 w_us_mean=103842.9 w_us_p05=103230 w_us_p50=104115 w_us_p95=104136 w_us_min=103230 w_us_max=104136 srtt_us_mean=99595.1 sigma_us_mean=20163.4/n14265 fa_class=0.0625
QCLKLINE sc2-Q400 rep=3 site=srv [QCLK] site=receiver on=1 form=quantile win_n=25 win_ok=14639 alpha=4.000000e-1 k=1.2247 evals=22897 law_n=14639 kept=3660 w_us_mean=104321.4 w_us_p05=103230 w_us_p50=104136 w_us_p95=105351 w_us_min=103230 w_us_max=105351 srtt_us_mean=101845.8 sigma_us_mean=13617.6/n22801 fa_class=0.0625
QCLKLINE sc2-Q400 rep=3 site=srv [QCLK] site=receiver on=1 form=quantile win_n=25 win_ok=23494 alpha=4.000000e-1 k=1.2247 evals=31752 law_n=23494 kept=2936 w_us_mean=104399.7 w_us_p05=103306 w_us_p50=104167 w_us_p95=105331 w_us_min=103230 w_us_max=105351 srtt_us_mean=102223.5 sigma_us_mean=10395.0/n31656 fa_class=0.0625
QCLKLINE sc2-Q400 rep=3 site=srv [QCLK] site=receiver on=1 form=quantile win_n=25 win_ok=32367 alpha=4.000000e-1 k=1.2247 evals=40625 law_n=32367 kept=4046 w_us_mean=104210.9 w_us_p05=103306 w_us_p50=104136 w_us_p95=105331 w_us_min=103230 w_us_max=105351 srtt_us_mean=102507.4 sigma_us_mean=8619.4/n40529 fa_class=0.0625
QCLKLINE sc2-Q400 rep=3 site=srv [QCLK] site=receiver on=1 form=quantile win_n=25 win_ok=41237 alpha=4.000000e-1 k=1.2247 evals=49495 law_n=41237 kept=2577 w_us_mean=104158.3 w_us_p05=103303 w_us_p50=104149 w_us_p95=105093 w_us_min=103230 w_us_max=105351 srtt_us_mean=102695.2 sigma_us_mean=7918.4/n49399 fa_class=0.0625
QCLKLINE sc2-Q400 rep=3 site=srv [QCLK] site=receiver on=1 form=quantile win_n=25 win_ok=50843 alpha=4.000000e-1 k=1.2247 evals=59101 law_n=50843 kept=3177 w_us_mean=104179.3 w_us_p05=103306 w_us_p50=104136 w_us_p95=105093 w_us_min=103230 w_us_max=105351 srtt_us_mean=102778.2 sigma_us_mean=7044.4/n59005 fa_class=0.0625
QCLKLINE sc2-Q400 rep=3 site=srv [QCLK] site=receiver on=1 form=quantile win_n=25 win_ok=59178 alpha=4.000000e-1 k=1.2247 evals=67436 law_n=59178 kept=3698 w_us_mean=104192.7 w_us_p05=103306 w_us_p50=104149 w_us_p95=105093 w_us_min=103230 w_us_max=105351 srtt_us_mean=102792.3 sigma_us_mean=6573.0/n67340 fa_class=0.0625
QCLKLINE sc2-Q400 rep=3 site=srv [QCLK] site=receiver on=1 form=quantile win_n=25 win_ok=67015 alpha=4.000000e-1 k=1.2247 evals=75273 law_n=67015 kept=2094 w_us_mean=104108.1 w_us_p05=103314 w_us_p50=104136 w_us_p95=105081 w_us_min=103230 w_us_max=105351 srtt_us_mean=102715.5 sigma_us_mean=6175.1/n75177 fa_class=0.0625
RACKLINE sc2-Q400 rep=3 site=cli [RACK] on=0 evals=0 ceil=0.0000 gran=0.0000 legacy_pin=0.0000 round=0.0 legacy=0.0 mult=1 fa=91/91 fa_frac=1.0000 fa_class=0.0625
RACKLINE sc2-Q400 rep=3 site=cli [RACK] on=0 evals=0 ceil=0.0000 gran=0.0000 legacy_pin=0.0000 round=0.0 legacy=0.0 mult=1 fa=2815/3424 fa_frac=0.8221 fa_class=0.0625
RFALINE sc2-Q400 rep=3 site=cli [RFA] gen=0 fires=14 false=14 false_frac=1.0000 fill_coded=0 fill_src=0 dup_src=14 preempt_src=0 src_n=15 rep_n=7 nu_recv=0.93333 fa_class=0.0625
RFALINE sc2-Q400 rep=3 site=cli [RFA] gen=0 fires=24 false=24 false_frac=1.0000 fill_coded=0 fill_src=0 dup_src=24 preempt_src=0 src_n=25 rep_n=17 nu_recv=0.96000 fa_class=0.0625
RFALINE sc2-Q400 rep=3 site=cli [RFA] gen=0 fires=34 false=34 false_frac=1.0000 fill_coded=0 fill_src=0 dup_src=34 preempt_src=0 src_n=35 rep_n=27 nu_recv=0.97143 fa_class=0.0625
RFALINE sc2-Q400 rep=3 site=cli [RFA] gen=0 fires=44 false=44 false_frac=1.0000 fill_coded=0 fill_src=0 dup_src=44 preempt_src=0 src_n=45 rep_n=37 nu_recv=0.97778 fa_class=0.0625
RFALINE sc2-Q400 rep=3 site=cli [RFA] gen=0 fires=54 false=54 false_frac=1.0000 fill_coded=0 fill_src=0 dup_src=54 preempt_src=0 src_n=55 rep_n=47 nu_recv=0.98182 fa_class=0.0625
RFALINE sc2-Q400 rep=3 site=cli [RFA] gen=0 fires=64 false=64 false_frac=1.0000 fill_coded=0 fill_src=0 dup_src=64 preempt_src=0 src_n=65 rep_n=57 nu_recv=0.98462 fa_class=0.0625
RFALINE sc2-Q400 rep=3 site=cli [RFA] gen=0 fires=74 false=74 false_frac=1.0000 fill_coded=0 fill_src=0 dup_src=74 preempt_src=0 src_n=75 rep_n=67 nu_recv=0.98667 fa_class=0.0625
RFALINE sc2-Q400 rep=3 site=cli [RFA] gen=0 fires=84 false=84 false_frac=1.0000 fill_coded=0 fill_src=0 dup_src=84 preempt_src=0 src_n=85 rep_n=77 nu_recv=0.98824 fa_class=0.0625
RFALINE sc2-Q400 rep=3 site=cli [RFA] gen=0 fires=91 false=91 false_frac=1.0000 fill_coded=0 fill_src=0 dup_src=91 preempt_src=0 src_n=93 rep_n=85 nu_recv=0.97849 fa_class=0.0625
RFALINE sc2-Q400 rep=3 site=srv [RFA] gen=0 fires=373 false=219 false_frac=0.5871 fill_coded=10 fill_src=144 dup_src=210 preempt_src=9 src_n=7128 rep_n=20 nu_recv=0.05233 fa_class=0.0625
RFALINE sc2-Q400 rep=3 site=srv [RFA] gen=0 fires=773 false=325 false_frac=0.4204 fill_coded=26 fill_src=422 dup_src=300 preempt_src=25 src_n=16704 rep_n=74 nu_recv=0.04628 fa_class=0.0625
RFALINE sc2-Q400 rep=3 site=srv [RFA] gen=0 fires=1025 false=380 false_frac=0.3707 fill_coded=43 fill_src=602 dup_src=338 preempt_src=42 src_n=26285 rep_n=113 nu_recv=0.03900 fa_class=0.0625
RFALINE sc2-Q400 rep=3 site=srv [RFA] gen=0 fires=1454 false=514 false_frac=0.3535 fill_coded=66 fill_src=874 dup_src=449 preempt_src=65 src_n=35819 rep_n=174 nu_recv=0.04059 fa_class=0.0625
RFALINE sc2-Q400 rep=3 site=srv [RFA] gen=0 fires=1745 false=605 false_frac=0.3467 fill_coded=89 fill_src=1051 dup_src=517 preempt_src=88 src_n=45378 rep_n=219 nu_recv=0.03845 fa_class=0.0625
RFALINE sc2-Q400 rep=3 site=srv [RFA] gen=0 fires=2168 false=739 false_frac=0.3409 fill_coded=117 fill_src=1312 dup_src=624 preempt_src=115 src_n=54935 rep_n=275 nu_recv=0.03946 fa_class=0.0625
RFALINE sc2-Q400 rep=3 site=srv [RFA] gen=0 fires=2742 false=896 false_frac=0.3268 fill_coded=154 fill_src=1692 dup_src=744 preempt_src=152 src_n=64462 rep_n=354 nu_recv=0.04254 fa_class=0.0625
RFALINE sc2-Q400 rep=3 site=srv [RFA] gen=0 fires=3038 false=1003 false_frac=0.3302 fill_coded=166 fill_src=1869 dup_src=840 preempt_src=163 src_n=74012 rep_n=400 nu_recv=0.04105 fa_class=0.0625
RFALINE sc2-Q400 rep=3 site=srv [RFA] gen=0 fires=3439 false=1127 false_frac=0.3277 fill_coded=187 fill_src=2125 dup_src=942 preempt_src=185 src_n=83697 rep_n=459 nu_recv=0.04109 fa_class=0.0625
FCAUSELINE sc2-Q400 rep=3 site=cli [FCAUSE] gen=0 n=3424 timer=53 gap_data=3371 gap_refresh=0 other=0 timer_frac=0.0155 gap_frac=0.9845 fired=3424 unattr=0 fa_class=0.0625
SUCCLINE sc2-Q400 rep=3 site=cli [SUCC] gen=0 det=0 res=0 orig_n=0 orig_p50_us=- orig_p90_us=- orig_p99_us=- orig_mx_us=- orig_mean_us=- rep_n=0 rep_p50_us=- rep_p90_us=- rep_p99_us=- rep_mx_us=- rep_mean_us=- aban_n=0 aban_p50_us=- aban_p90_us=- aban_p99_us=- aban_mx_us=- aban_mean_us=- open=0 over=0 orig_frac=- cross_us=- dump=0/0
SUCCLINE sc2-Q400 rep=3 site=cli [SUCC] gen=0 det=0 res=0 orig_n=0 orig_p50_us=- orig_p90_us=- orig_p99_us=- orig_mx_us=- orig_mean_us=- rep_n=0 rep_p50_us=- rep_p90_us=- rep_p99_us=- rep_mx_us=- rep_mean_us=- aban_n=0 aban_p50_us=- aban_p90_us=- aban_p99_us=- aban_mx_us=- aban_mean_us=- open=0 over=0 orig_frac=- cross_us=- dump=0/0
SUCCLINE sc2-Q400 rep=3 site=cli [SUCC] gen=0 det=0 res=0 orig_n=0 orig_p50_us=- orig_p90_us=- orig_p99_us=- orig_mx_us=- orig_mean_us=- rep_n=0 rep_p50_us=- rep_p90_us=- rep_p99_us=- rep_mx_us=- rep_mean_us=- aban_n=0 aban_p50_us=- aban_p90_us=- aban_p99_us=- aban_mx_us=- aban_mean_us=- open=0 over=0 orig_frac=- cross_us=- dump=0/0
SUCCLINE sc2-Q400 rep=3 site=cli [SUCC] gen=0 det=0 res=0 orig_n=0 orig_p50_us=- orig_p90_us=- orig_p99_us=- orig_mx_us=- orig_mean_us=- rep_n=0 rep_p50_us=- rep_p90_us=- rep_p99_us=- rep_mx_us=- rep_mean_us=- aban_n=0 aban_p50_us=- aban_p90_us=- aban_p99_us=- aban_mx_us=- aban_mean_us=- open=0 over=0 orig_frac=- cross_us=- dump=0/0
SUCCLINE sc2-Q400 rep=3 site=cli [SUCC] gen=0 det=0 res=0 orig_n=0 orig_p50_us=- orig_p90_us=- orig_p99_us=- orig_mx_us=- orig_mean_us=- rep_n=0 rep_p50_us=- rep_p90_us=- rep_p99_us=- rep_mx_us=- rep_mean_us=- aban_n=0 aban_p50_us=- aban_p90_us=- aban_p99_us=- aban_mx_us=- aban_mean_us=- open=0 over=0 orig_frac=- cross_us=- dump=0/0
SUCCLINE sc2-Q400 rep=3 site=cli [SUCC] gen=0 det=0 res=0 orig_n=0 orig_p50_us=- orig_p90_us=- orig_p99_us=- orig_mx_us=- orig_mean_us=- rep_n=0 rep_p50_us=- rep_p90_us=- rep_p99_us=- rep_mx_us=- rep_mean_us=- aban_n=0 aban_p50_us=- aban_p90_us=- aban_p99_us=- aban_mx_us=- aban_mean_us=- open=0 over=0 orig_frac=- cross_us=- dump=0/0
SUCCLINE sc2-Q400 rep=3 site=cli [SUCC] gen=0 det=0 res=0 orig_n=0 orig_p50_us=- orig_p90_us=- orig_p99_us=- orig_mx_us=- orig_mean_us=- rep_n=0 rep_p50_us=- rep_p90_us=- rep_p99_us=- rep_mx_us=- rep_mean_us=- aban_n=0 aban_p50_us=- aban_p90_us=- aban_p99_us=- aban_mx_us=- aban_mean_us=- open=0 over=0 orig_frac=- cross_us=- dump=0/0
SUCCLINE sc2-Q400 rep=3 site=cli [SUCC] gen=0 det=0 res=0 orig_n=0 orig_p50_us=- orig_p90_us=- orig_p99_us=- orig_mx_us=- orig_mean_us=- rep_n=0 rep_p50_us=- rep_p90_us=- rep_p99_us=- rep_mx_us=- rep_mean_us=- aban_n=0 aban_p50_us=- aban_p90_us=- aban_p99_us=- aban_mx_us=- aban_mean_us=- open=0 over=0 orig_frac=- cross_us=- dump=0/0
SUCCLINE sc2-Q400 rep=3 site=srv [SUCC] gen=0 det=182 res=154 orig_n=144 orig_p50_us=122880 orig_p90_us=212992 orig_p99_us=229376 orig_mx_us=242171 orig_mean_us=134423 rep_n=10 rep_p50_us=98304 rep_p90_us=131072 rep_p99_us=229376 rep_mx_us=242171 rep_mean_us=118673 aban_n=0 aban_p50_us=- aban_p90_us=- aban_p99_us=- aban_mx_us=- aban_mean_us=- open=28 over=0 orig_frac=0.9351 cross_us=18432 dump=0/0
SUCCLINE sc2-Q400 rep=3 site=srv [SUCC] gen=0 det=488 res=448 orig_n=422 orig_p50_us=98304 orig_p90_us=147456 orig_p99_us=212992 orig_mx_us=242171 orig_mean_us=117276 rep_n=26 rep_p50_us=98304 rep_p90_us=131072 rep_p99_us=229376 rep_mx_us=242171 rep_mean_us=115145 aban_n=0 aban_p50_us=- aban_p90_us=- aban_p99_us=- aban_mx_us=- aban_mean_us=- open=40 over=0 orig_frac=0.9420 cross_us=18432 dump=0/0
SUCCLINE sc2-Q400 rep=3 site=srv [SUCC] gen=0 det=652 res=631 orig_n=588 orig_p50_us=98304 orig_p90_us=131072 orig_p99_us=212992 orig_mx_us=242171 orig_mean_us=114071 rep_n=43 rep_p50_us=98304 rep_p90_us=131072 rep_p99_us=229376 rep_mx_us=242171 rep_mean_us=113838 aban_n=0 aban_p50_us=- aban_p90_us=- aban_p99_us=- aban_mx_us=- aban_mean_us=- open=21 over=0 orig_frac=0.9319 cross_us=18432 dump=0/0
SUCCLINE sc2-Q400 rep=3 site=srv [SUCC] gen=0 det=940 res=926 orig_n=860 orig_p50_us=98304 orig_p90_us=122880 orig_p99_us=212992 orig_mx_us=242171 orig_mean_us=112815 rep_n=66 rep_p50_us=98304 rep_p90_us=131072 rep_p99_us=229376 rep_mx_us=242171 rep_mean_us=112733 aban_n=0 aban_p50_us=- aban_p90_us=- aban_p99_us=- aban_mx_us=- aban_mean_us=- open=14 over=0 orig_frac=0.9287 cross_us=9216 dump=0/0
SUCCLINE sc2-Q400 rep=3 site=srv [SUCC] gen=0 det=1174 res=1124 orig_n=1035 orig_p50_us=98304 orig_p90_us=114688 orig_p99_us=212992 orig_mx_us=242171 orig_mean_us=111279 rep_n=89 rep_p50_us=98304 rep_p90_us=131072 rep_p99_us=229376 rep_mx_us=242171 rep_mean_us=107564 aban_n=0 aban_p50_us=- aban_p90_us=- aban_p99_us=- aban_mx_us=- aban_mean_us=- open=50 over=0 orig_frac=0.9208 cross_us=6144 dump=0/0
SUCCLINE sc2-Q400 rep=3 site=srv [SUCC] gen=0 det=1501 res=1414 orig_n=1297 orig_p50_us=98304 orig_p90_us=114688 orig_p99_us=212992 orig_mx_us=242171 orig_mean_us=110568 rep_n=117 rep_p50_us=98304 rep_p90_us=114688 rep_p99_us=212992 rep_mx_us=242171 rep_mean_us=102981 aban_n=0 aban_p50_us=- aban_p90_us=- aban_p99_us=- aban_mx_us=- aban_mean_us=- open=87 over=0 orig_frac=0.9173 cross_us=5120 dump=0/0
SUCCLINE sc2-Q400 rep=3 site=srv [SUCC] gen=0 det=1843 res=1830 orig_n=1676 orig_p50_us=98304 orig_p90_us=114688 orig_p99_us=212992 orig_mx_us=242171 orig_mean_us=111431 rep_n=154 rep_p50_us=98304 rep_p90_us=114688 rep_p99_us=212992 rep_mx_us=242171 rep_mean_us=105485 aban_n=0 aban_p50_us=- aban_p90_us=- aban_p99_us=- aban_mx_us=- aban_mean_us=- open=13 over=0 orig_frac=0.9158 cross_us=5120 dump=0/0
SUCCLINE sc2-Q400 rep=3 site=srv [SUCC] gen=0 det=2049 res=2019 orig_n=1853 orig_p50_us=98304 orig_p90_us=122880 orig_p99_us=212992 orig_mx_us=316199 orig_mean_us=112652 rep_n=166 rep_p50_us=98304 rep_p90_us=114688 rep_p99_us=212992 rep_mx_us=242171 rep_mean_us=104465 aban_n=0 aban_p50_us=- aban_p90_us=- aban_p99_us=- aban_mx_us=- aban_mean_us=- open=30 over=0 orig_frac=0.9178 cross_us=5120 dump=0/0
SUCCLINE sc2-Q400 rep=3 site=srv [SUCC] gen=0 det=2290 res=2280 orig_n=2093 orig_p50_us=98304 orig_p90_us=122880 orig_p99_us=212992 orig_mx_us=316199 orig_mean_us=111918 rep_n=187 rep_p50_us=98304 rep_p90_us=114688 rep_p99_us=212992 rep_mx_us=242171 rep_mean_us=103558 aban_n=0 aban_p50_us=- aban_p90_us=- aban_p99_us=- aban_mx_us=- aban_mean_us=- open=10 over=0 orig_frac=0.9180 cross_us=5120 dump=0/0
HOLDLINE sc2-Q400 rep=3 site=cli [HOLD] site=sender path=0 gen=0 q=unset n_req=- n_obs=1000 samp_n=1000 fed=1850 t_us=- obs_p50_us=103033 obs_p90_us=107435 obs_p99_us=207176 evals=3396 law_n=0 sup=0 emit=3396 hd_p50_us=- hd_p90_us=- hd_p99_us=- hd_mx_us=- hd_n=0 fa_class=0.0625
HOLDLINE sc2-Q400 rep=3 site=cli [HOLD] site=sender path=- gen=0 q=unset n_req=- n_obs=1000 samp_n=0 fed=0 t_us=- obs_p50_us=- obs_p90_us=- obs_p99_us=- evals=28 law_n=0 sup=0 emit=28 hd_p50_us=- hd_p90_us=- hd_p99_us=- hd_mx_us=- hd_n=0 fa_class=0.0625
WALLLINE sc2-Q400 rep=3 site=cli [WALL] onset=0.9884 dur_ms=107.0 retx=30 total_ms=9214.6 it_ms=0.103
WINDOW-PARTIAL sc2-Q400 rep=3 win_ok=86455/89706 win_n=25 (RESULT, not an abort -- the fraction is to be scored, and the quantile-native sweep read 0.829-0.999 here)
VAWITNESS {"cell":"sc2","arm":"Q400","alpha":"0.4","seed":42,"rep":3,"rc":0,"mean_mbps":86.93,"band":[78,92],"band_applies":0,"in_band":1,"lossy":1,"alpha_expect":"0.4","alpha_got_cli":"0.4","alpha_got_srv":"0.4","form_expect":"quantile","form_got_cli":"quantile","form_got_srv":"quantile","winn_expect":"25","winn_got_cli":"25","winn_got_srv":"25","qclk_law_n":86455,"qclk_evals":89706,"qclk_win_ok":86455,"qclk_win_n":"25","w_us_p50":103804,"w_us_p05":96306,"w_us_p95":108491,"shipped_clock_us":100000,"fcause_n":3424,"fcause_timer":53,"fcause_gap_data":3371,"fcause_gap_refresh":0,"fcause_other":0,"fcause_unattr":0,"succ_det":2290,"succ_res":2280,"succ_orig_frac":"0.9180","rfa_fires":3439,"rfa_false":1127,"rfa_false_frac":"0.3277","rfa_fill_coded":187,"rack_fa":"2815/3424","rack_fa_frac":"0.8221","fails":""}
=== rep=4 arm=sc2-CTL alpha=unset form=unset win_n=unavail seed=42 env="RWM_QUANTILE_CLOCKS=0 RWM_DELTA_CAP=1 RWM_SUM_CAP=1 RWM_RACK_CLOCKS=0 RWM_DERIVED_SWEEP=0 RWM_COMPOSED_CAP=0 RWM_THREE_TERM=0 RWM_STORE_CAP_UNIFIED=0 RWM_LATE_BRAKE=0 RWM_CHARGE_RECOVERY=0 RWM_RELEASE_1TO1=0 RWM_LOSS_SENT_TRUTH=0 RWM_RTT_DUMP=0 RWM_SUCC_DUMP=0" cell=c2/c2/single bytes=100000000 18:38:19
[2m2026-08-21T18:38:20.878016Z[0m [32m INFO[0m [2mraptorpath::gates[0m[2m:[0m [GATES] RWM_UNIFIED=1 RWM_UNIFIED_SHED=1 RWM_TAPER_R=1 RWM_ASTAR_ANCHOR=1 RWM_MSTAR_ANCHOR=1 RWM_PLAIN_RS=0 RWM_HONEST_ANCHOR=1 RWM_HONEST_K=0 RWM_STORE_SACK_RELEASE=1 RWM_STORE_PATHS=1 RWM_STORE_PATH_POOL=2048 RWM_STORE=unset RWM_STORE_GAIN=2 RWM_STORE_BOOT=128 RWM_STORE_CAPW=0 RWM_STORE_CAP_UNIFIED=0 RWM_THREE_TERM=0 RWM_COMPOSED_CAP=0 RWM_SUM_CAP=1 RWM_LATE_BRAKE=0 RWM_DELTA_CAP=1 RWM_STORE_PERCAP=0 RWM_PERCAP_GUARD=1 RWM_STORE_BORROW=0 RWM_HONEST_CAP=1 RWM_POOL_ANCHOR=0 RWM_POOL_DELIV=0 RWM_FLOOR_BOUND=0 RWM_ACK_MERGE=1 RWM_LOSS_SENT_TRUTH=0 RWM_RELEASE_1TO1=0 RWM_CHARGE_RECOVERY=0 RWM_PATIENCE_DERIVED=0 RWM_SIDLE_DERIVED=0 RWM_WIN_DECOUPLE=0 RWM_PLACE_SLACK=0 RWM_COLD_PLACE=0 RWM_GEN=384 RWM_PIPELINE=2 RWM_GEN_PIPE=1 RWM_GEN_R=unset RWM_GEN_RATE=9000 RWM_GEN_RATE_FLOOR=2000 RWM_GEN_INFLIGHT=unset RWM_OOO_RETAIN=0/16 RWM_WINDOW=unset RWM_REPORT_GENS=unset RWM_REPAIR_WAIT=unset RWM_CODED_SRC=0 RWM_NO_REACTIVE=0 RWM_XPATH_REPAIR=0 RWM_PROACTIVE_PACER=0 RWM_REASM_BDP=0 RWM_MIN_R=0 RWM_CC_PACE=0 RWM_CC_PACE_HR=1.1 RWM_REACT_CAP=unset RWM_INFL_CAP=0 RWM_INFL_BDP=unset RWM_COPA_FEED=0 RWM_RS_ATTR=1 RWM_EMIT_BATCH=0 RWM_EMIT_BURST=64 RWM_RECOV_MP=1 RWM_RECOV_MP_LAW=1 RWM_RECOV_MP_LIVE=0 RWM_RECOV_SP=0 RWM_DERIVED_SWEEP=0 RWM_RACK_CLOCKS=0 RWM_RACK_REO_MULT=1 RWM_QUANTILE_CLOCKS=0 RWM_ALPHA_OVERRIDE=unset RWM_W_FORM=cantelli RWM_HOLDDOWN_Q=unset RWM_REFRESH_FLOOR_US=unset RWM_DIAG=1 RWM_ACKDIAG=1 RWM_ACKDIAG_WINDOW_US=2000000 RWM_RTT_DUMP=0 RWM_RTT_DUMP_MAX=400000 RWM_SUCC_DUMP=0 RWM_SUCC_DUMP_MAX=200000 RWM_WALLDIAG=1 RWM_CPUPROF=0 RWM_RDIAG=0 RWM_FDIAG=1 RWM_TRACE=0 RWM_PFRAC=0
{"bytes":100000000,"dnf":0,"hint":"bulk","max_s":9.1823,"mean_mbps":87.124,"mean_s":9.1823,"median_s":9.1823,"min_s":9.1823,"proto":"rp-native","runs":1,"stdev_s":0.0,"summary":true}
    LATPROBE-LEG leg=0 file=/tmp/rwm-ping-0.txt sent=177 recv=174 censor=1.69% p50=99.7[censor=1.69% ok] p95=105.0[censor=1.69% ok] p99=107.0[censor=1.69% UNSCOREABLE(inside censored tail)]
    LATPROBE: 1 leg(s) /tmp/rwm-ping-0.txt=174 replies
    CPU: CPUSRV=7.84s CPUCLI=6.72s (srv=decoder cli=sender; whole-invocation incl warmup)
    QDISC cli0: qdisc netem bdb1: root refcnt 7 limit 1000 delay 5ms  3ms loss gemodel p 1.3% r 50% 1-h 100% 1-k 0% rate 100Mbit seed 42  Sent 112133947 bytes 91873 pkt (dropped 521, overlimits 0 requeues 0)   backlog 0b 0p requeues 0 
    QDISC srv0: qdisc netem bdb3: root refcnt 7 limit 1000 delay 5ms  3ms rate 100Mbit seed 3198496180953277578  Sent 11182810 bytes 63823 pkt (dropped 0, overlimits 0 requeues 0)   backlog 0b 0p requeues 0 
    QCAP: /tmp/rwm-q.txt 10 lines
RUNTIME sc2-CTL rep=4 11s rc=0
ALPHARESULT {"cell": "sc2", "arm": "CTL", "alpha_cmd": null, "seed": 42, "rep": 4, "n_paths": 1, "dnf": false, "dnf_count": 0, "mbps": 87.124, "mean_mbps": 87.124, "seconds": 9.1823, "n_runs": 1, "cpusrv": 7.84, "cpucli": 6.72, "khr_med": 1.0, "kraw_med": null, "khr_n": 33, "kraw_n": 0, "rtp_med": 10, "occ_p50": 1008, "occcap_p50": 1024, "q_p50": 93, "q_p99": 98, "diag_lines": 36, "retx": 3514, "w1_rfa_gen": "0", "w2_pfrac_lines": 0, "w4_retx_max": 3514, "w5_rack_fa": "2768/3560", "gates_cli_quantile_clocks": 0, "gates_srv_quantile_clocks": 0, "gates_cli_rack_clocks": 0, "gates_srv_rack_clocks": 0, "gates_cli_derived_sweep": 0, "gates_srv_derived_sweep": 0, "gates_cli_delta_cap": 1, "gates_srv_delta_cap": 1, "gates_cli_sum_cap": 1, "gates_srv_sum_cap": 1, "gates_cli_composed_cap": 0, "gates_srv_composed_cap": 0, "gates_cli_three_term": 0, "gates_srv_three_term": 0, "gates_cli_loss_sent_truth": 0, "gates_srv_loss_sent_truth": 0, "gates_cli_gen": null, "gates_srv_gen": null, "gates_cli_diag": 1, "gates_srv_diag": 1, "gates_cli_ackdiag": 1, "gates_srv_ackdiag": 1, "gates_cli_walldiag": 1, "gates_srv_walldiag": 1, "gates_cli_fdiag": 1, "gates_srv_fdiag": 1, "gates_cli_recov_mp": 1, "gates_srv_recov_mp": 1, "gates_cli_cc_pace": 0, "gates_srv_cc_pace": 0, "gates_cli_rack_reo_mult": 1, "gates_srv_rack_reo_mult": 1, "gates_lines_cli": 1, "gates_lines_srv": 1, "gate_quantile_cli": "0", "gate_quantile_srv": "0", "gate_alpha_cli": "unset", "gate_alpha_srv": "unset", "gate_gen_cli": 384, "gate_gen_srv": 384, "gate_wform_cli": "cantelli", "gate_wform_srv": "cantelli", "qalpha_lines_cli": 1, "qalpha_site_cli": "sender", "qalpha_quantile_cli": 0, "qalpha_contract_cli": 0.001, "qalpha_override_cli": null, "qalpha_cli": 0.001, "qalpha_k_cli": 31.607, "qalpha_form_cli": "cantelli", "qalpha_winn_cli": "unavail", "qalpha_lines_srv": 1, "qalpha_site_srv": "receiver", "qalpha_quantile_srv": 0, "qalpha_contract_srv": 1e-05, "qalpha_override_srv": null, "qalpha_srv": 1e-05, "qalpha_k_srv": 316.2262, "qalpha_form_srv": "cantelli", "qalpha_winn_srv": "unavail", "qclk_cli_lines": 1, "qclk_cli_site": "sender", "qclk_cli_alpha": 0.001, "qclk_cli_k": 31.607, "qclk_cli_w_us_mean": 95335.7, "qclk_cli_srtt_us_mean": 97282.2, "qclk_cli_on": 0, "qclk_cli_evals": 90098, "qclk_cli_kept": 2816, "qclk_cli_w_us_p05": 25000, "qclk_cli_w_us_p50": 100000, "qclk_cli_w_us_p95": 100000, "qclk_cli_w_us_min": 25000, "qclk_cli_w_us_max": 100000, "qclk_cli_law_n": 90098, "qclk_cli_sigma_us_mean": 556.8, "qclk_cli_sigma_n": 84748, "qclk_form_cli": "cantelli", "qclk_winn_cli": "unavail", "qclk_win_ok_cli": 0, "qclk_srv_lines": 9, "qclk_srv_site": "receiver", "qclk_srv_alpha": 1e-05, "qclk_srv_k": 316.2262, "qclk_srv_w_us_mean": 99499.2, "qclk_srv_srtt_us_mean": 98674.5, "qclk_srv_on": 0, "qclk_srv_evals": 75330, "qclk_srv_kept": 2355, "qclk_srv_w_us_p05": 100000, "qclk_srv_w_us_p50": 100000, "qclk_srv_w_us_p95": 100000, "qclk_srv_w_us_min": 43799, "qclk_srv_w_us_max": 100000, "qclk_srv_law_n": 75330, "qclk_srv_sigma_us_mean": 5680.2, "qclk_srv_sigma_n": 75330, "qclk_form_srv": "cantelli", "qclk_winn_srv": "unavail", "qclk_win_ok_srv": 0, "rack_lines_cli": 2, "rack_on_cli": 0, "rack_evals_cli": 0, "rack_ceil_cli": 0.0, "rack_gran_cli": 0.0, "rack_legacy_pin_cli": 0.0, "rack_round_cli": 0.0, "rack_legacy_cli": 0.0, "rack_mult_cli": 1, "rack_fa_n_cli": 2768, "rack_fa_d_cli": 3560, "rack_fa_frac_cli": 0.7775, "rack_fa_class_cli": 0.0625, "rack_lines_srv": 0, "rack_on_srv": null, "rack_evals_srv": null, "rack_ceil_srv": null, "rack_gran_srv": null, "rack_legacy_pin_srv": null, "rack_round_srv": null, "rack_legacy_srv": null, "rack_mult_srv": null, "rack_fa_n_srv": null, "rack_fa_d_srv": null, "rack_fa_frac_srv": null, "rack_fa_class_srv": null, "rack_fired": 3560, "rack_spurious": 2768, "rack_fa_frac": 0.7775, "rack_fa_class": 0.0625, "rack_round_us": 0.0, "rack_legacy_us": 0.0, "rack_evals": 0, "rack_legacy_pin": 0.0, "rfa_lines": 9, "rfa_gen": 0, "rfa_fires": 3596, "rfa_false": 1332, "rfa_fill_coded": 174, "rfa_fill_src": 2090, "rfa_dup_src": 1158, "rfa_preempt_src": 174, "rfa_src_n": 84131, "rfa_rep_n": 431, "rfa_false_frac": 0.3704, "rfa_nu_recv": 0.04274, "rfa_fa_class": 0.0625, "rfa_bracket_lo": 0.3704, "rfa_bracket_hi": 0.884462, "sf_ticks": 1432, "sf_E": 0.9267, "sf_short": 0.0733, "sf_zero": 0.0733, "capboot_n": 33, "capboot_frac": 0.0, "ping_n": 174, "ping_p50": 99.6, "ping_p95": 105.0, "ping_p99": 107.0, "ping_tx": 177, "ping_rx": 174, "ping_loss": 1.69, "ping_censor_frac": 0.0169, "legs_probed": 1, "leg0_n": 174, "leg0_sent": 177, "leg0_recv": 174, "leg0_sent_source": "summary", "leg0_censor_frac": 0.0169, "leg0_censor_pct": 1.69, "leg0_recv_mismatch": false, "leg0_leg_unscoreable": false, "leg0_min": 7.9, "leg0_max": 109.0, "leg0_p50": 99.7, "leg0_p50_censored": false, "leg0_p50_scoreable": true, "leg0_p95": 105.0, "leg0_p95_censored": false, "leg0_p95_scoreable": true, "leg0_p99": 107.0, "leg0_p99_censored": true, "leg0_p99_scoreable": false, "legs_censor_max": 0.0169, "wait_tun": 34, "wait_paused": 36, "wait_pace": 0, "wait_gen": 0, "wait_nack": 32, "wait_defc": 0, "wait_tail": 1, "wait_flush": 0, "wait_lines": 33, "deadwall": false, "sig_us_p50": 1099.0, "sig_us_n": 84530, "sig_us_path": 0, "sig_paths": 1, "pl_n": 33, "pl_max": 0.0, "pl_min": 0.0, "pl_p0": 0.0, "dgq_hand": 88007, "dgq_full": 0, "dgq_err": 0, "dgq_gap": 31, "tc_bytes": 112133947, "tc_pkts": 91873, "tc_drop": 521, "tc_s": 11, "hold_lines": 2, "hold_samp_n": 1000, "hold_fed": 1711, "hold_evals": 3537, "hold_law_n": 0, "hold_sup": 0, "hold_emit": 3537, "hold_hd_n": 0, "hold_q": "unset", "hold_n_req": "-", "hold_n_obs": 1000, "hold_gen": 0, "hold_sup_frac": 0.0, "hold_law_frac": 0.0, "hold_obs_p50_us": 102793, "hold_obs_p90_us": 106411, "hold_obs_p99_us": 209465, "hold_t_us_p0": null, "hold_t_us_p1": null, "hold_samp_n_p0": 1000, "hold_samp_n_p1": null, "hold_hd_p50_us": null, "hold_hd_p90_us": null, "hold_hd_p99_us": null, "hold_hd_mx_us": null, "hold_unattr_evals": 23, "hold_paths_n": 1, "hold_accounting_ok": 1, "hold_obs_p50_us_p0": 102793, "hold_obs_p90_us_p0": 106411, "hold_obs_p99_us_p0": 209465, "hold_rpd": 1.580115, "fcause_lines": 1, "fcause_gen": 0, "fcause_n": 3560, "fcause_timer": 33, "fcause_gap_data": 3527, "fcause_gap_refresh": 0, "fcause_other": 0, "fcause_fired": 3560, "fcause_unattr": 0, "fcause_timer_frac": 0.0093, "fcause_gap_frac": 0.9907, "succ_lines": 9, "succ_gen": 0, "succ_det": 2253, "succ_res": 2243, "succ_orig_n": 2069, "succ_rep_n": 174, "succ_aban_n": 0, "succ_open": 10, "succ_over": 0, "succ_orig_p50_us": 98304, "succ_orig_p90_us": 114688, "succ_orig_p99_us": 196608, "succ_orig_mx_us": 255013, "succ_orig_frac": 0.9224, "succ_identity_ok": 1}
LIVENESS sc2-CTL rep=4 RWM_QUANTILE_CLOCKS=RWM_QUANTILE_CLOCKS=0/RWM_QUANTILE_CLOCKS=0(exp0) RWM_ALPHA_OVERRIDE=RWM_ALPHA_OVERRIDE=unset/RWM_ALPHA_OVERRIDE=unset(expunset) RWM_W_FORM=RWM_W_FORM=cantelli/RWM_W_FORM=cantelli(expcantelli) RWM_DELTA_CAP=RWM_DELTA_CAP=1/RWM_DELTA_CAP=1(exp1) RWM_SUM_CAP=RWM_SUM_CAP=1/RWM_SUM_CAP=1(exp1) RWM_HOLDDOWN_Q=RWM_HOLDDOWN_Q=unset/RWM_HOLDDOWN_Q=unset(expunset) RWM_REFRESH_FLOOR_US=RWM_REFRESH_FLOOR_US=unset/RWM_REFRESH_FLOOR_US=unset(expunset) RWM_RACK_CLOCKS=RWM_RACK_CLOCKS=0/RWM_RACK_CLOCKS=0(exp0) RWM_DERIVED_SWEEP=RWM_DERIVED_SWEEP=0/RWM_DERIVED_SWEEP=0(exp0) RWM_COMPOSED_CAP=RWM_COMPOSED_CAP=0/RWM_COMPOSED_CAP=0(exp0) RWM_THREE_TERM=RWM_THREE_TERM=0/RWM_THREE_TERM=0(exp0) RWM_STORE_CAP_UNIFIED=RWM_STORE_CAP_UNIFIED=0/RWM_STORE_CAP_UNIFIED=0(exp0) RWM_LATE_BRAKE=RWM_LATE_BRAKE=0/RWM_LATE_BRAKE=0(exp0) RWM_CHARGE_RECOVERY=RWM_CHARGE_RECOVERY=0/RWM_CHARGE_RECOVERY=0(exp0) RWM_RELEASE_1TO1=RWM_RELEASE_1TO1=0/RWM_RELEASE_1TO1=0(exp0) RWM_LOSS_SENT_TRUTH=RWM_LOSS_SENT_TRUTH=0/RWM_LOSS_SENT_TRUTH=0(exp0) RWM_RTT_DUMP=RWM_RTT_DUMP=0/RWM_RTT_DUMP=0(exp0) RWM_SUCC_DUMP=RWM_SUCC_DUMP=0/RWM_SUCC_DUMP=0(exp0) RWM_DIAG=RWM_DIAG=1/RWM_DIAG=1(exp1) RWM_ACKDIAG=RWM_ACKDIAG=1/RWM_ACKDIAG=1(exp1) RWM_WALLDIAG=RWM_WALLDIAG=1/RWM_WALLDIAG=1(exp1) RWM_FDIAG=RWM_FDIAG=1/RWM_FDIAG=1(exp1)
W5QALPHA sc2-CTL rep=4 cli=form:cantelli/win_n:unavail/alpha:1.000000e-3 srv=form:cantelli/win_n:unavail/alpha:1.000000e-5 (exp form=cantelli win_n=unavail)
WCLOCK sc2-CTL rep=4 law_n=90098 evals=90098 win_ok=0 win_n=unavail p50=100000 p05=25000 p95=100000 shipped_clock=100000
W8SUCC sc2-CTL rep=4 det=2253 res=2243 orig_frac=0.9224
QALPHALINE sc2-CTL rep=4 site=cli [QALPHA] site=receiver quantile=0 form=cantelli win_n=unavail contract_alpha=1.000000e-5 override=unset alpha=1.000000e-5 k=316.2262 fa_class=0.0625
QALPHALINE sc2-CTL rep=4 site=cli [QALPHA] site=sender quantile=0 form=cantelli win_n=unavail contract_alpha=1.000000e-3 override=unset alpha=1.000000e-3 k=31.6070 fa_class=0.0625
QALPHALINE sc2-CTL rep=4 site=srv [QALPHA] site=receiver quantile=0 form=cantelli win_n=unavail contract_alpha=1.000000e-5 override=unset alpha=1.000000e-5 k=316.2262 fa_class=0.06252026-08-21T18:38:20.899975Z  INFO raptorpath::net: SACK-clocked store release ACTIVE (RWM_STORE_SACK_RELEASE: SACKed seqs uncounted from the outstanding gate, payload + ARQ maps retained until the cumulative frontier — slot release, never recoverability)
QALPHALINE sc2-CTL rep=4 site=srv [QALPHA] site=sender quantile=0 form=cantelli win_n=unavail contract_alpha=1.000000e-3 override=unset alpha=1.000000e-3 k=31.6070 fa_class=0.0625
QCLKLINE sc2-CTL rep=4 site=cli [QCLK] site=sender on=0 form=cantelli win_n=unavail win_ok=0 alpha=1.000000e-3 k=31.6070 evals=90098 law_n=90098 kept=2816 w_us_mean=95335.7 w_us_p05=25000 w_us_p50=100000 w_us_p95=100000 w_us_min=25000 w_us_max=100000 srtt_us_mean=97282.2 sigma_us_mean=556.8/n84748 fa_class=0.0625
QCLKLINE sc2-CTL rep=4 site=srv [QCLK] site=receiver on=0 form=cantelli win_n=unavail win_ok=0 alpha=1.000000e-5 k=316.2262 evals=5759 law_n=5759 kept=2880 w_us_mean=93449.8 w_us_p05=73366 w_us_p50=100000 w_us_p95=100000 w_us_min=43799 w_us_max=100000 srtt_us_mean=58996.3 sigma_us_mean=26577.6/n5759 fa_class=0.0625
QCLKLINE sc2-CTL rep=4 site=srv [QCLK] site=receiver on=0 form=cantelli win_n=unavail win_ok=0 alpha=1.000000e-5 k=316.2262 evals=13442 law_n=13442 kept=3361 w_us_mean=97193.7 w_us_p05=78220 w_us_p50=100000 w_us_p95=100000 w_us_min=43799 w_us_max=100000 srtt_us_mean=80461.9 sigma_us_mean=18972.8/n13442 fa_class=0.0625
QCLKLINE sc2-CTL rep=4 site=srv [QCLK] site=receiver on=0 form=cantelli win_n=unavail win_ok=0 alpha=1.000000e-5 k=316.2262 evals=21719 law_n=21719 kept=2715 w_us_mean=98263.1 w_us_p05=78220 w_us_p50=100000 w_us_p95=100000 w_us_min=43799 w_us_max=100000 srtt_us_mean=88614.6 sigma_us_mean=13121.8/n21719 fa_class=0.0625
QCLKLINE sc2-CTL rep=4 site=srv [QCLK] site=receiver on=0 form=cantelli win_n=unavail win_ok=0 alpha=1.000000e-5 k=316.2262 evals=31144 law_n=31144 kept=3893 w_us_mean=98788.8 w_us_p05=97984 w_us_p50=100000 w_us_p95=100000 w_us_min=43799 w_us_max=100000 srtt_us_mean=92937.8 sigma_us_mean=10076.2/n31144 fa_class=0.0625
QCLKLINE sc2-CTL rep=4 site=srv [QCLK] site=receiver on=0 form=cantelli win_n=unavail win_ok=0 alpha=1.000000e-5 k=316.2262 evals=40184 law_n=40184 kept=2512 w_us_mean=99061.2 w_us_p05=97984 w_us_p50=100000 w_us_p95=100000 w_us_min=43799 w_us_max=100000 srtt_us_mean=95155.1 sigma_us_mean=8519.5/n40184 fa_class=0.0625
QCLKLINE sc2-CTL rep=4 site=srv [QCLK] site=receiver on=0 form=cantelli win_n=unavail win_ok=0 alpha=1.000000e-5 k=316.2262 evals=48302 law_n=48302 kept=3019 w_us_mean=99219.0 w_us_p05=100000 w_us_p50=100000 w_us_p95=100000 w_us_min=43799 w_us_max=100000 srtt_us_mean=96505.6 sigma_us_mean=7555.8/n48302 fa_class=0.0625
QCLKLINE sc2-CTL rep=4 site=srv [QCLK] site=receiver on=0 form=cantelli win_n=unavail win_ok=0 alpha=1.000000e-5 k=316.2262 evals=58026 law_n=58026 kept=3627 w_us_mean=99349.9 w_us_p05=100000 w_us_p50=100000 w_us_p95=100000 w_us_min=43799 w_us_max=100000 srtt_us_mean=97382.7 sigma_us_mean=6985.5/n58026 fa_class=0.0625
QCLKLINE sc2-CTL rep=4 site=srv [QCLK] site=receiver on=0 form=cantelli win_n=unavail win_ok=0 alpha=1.000000e-5 k=316.2262 evals=66878 law_n=66878 kept=2090 w_us_mean=99435.9 w_us_p05=100000 w_us_p50=100000 w_us_p95=100000 w_us_min=43799 w_us_max=100000 srtt_us_mean=98095.4 sigma_us_mean=6262.9/n66878 fa_class=0.0625
QCLKLINE sc2-CTL rep=4 site=srv [QCLK] site=receiver on=0 form=cantelli win_n=unavail win_ok=0 alpha=1.000000e-5 k=316.2262 evals=75330 law_n=75330 kept=2355 w_us_mean=99499.2 w_us_p05=100000 w_us_p50=100000 w_us_p95=100000 w_us_min=43799 w_us_max=100000 srtt_us_mean=98674.5 sigma_us_mean=5680.2/n75330 fa_class=0.0625
RACKLINE sc2-CTL rep=4 site=cli [RACK] on=0 evals=0 ceil=0.0000 gran=0.0000 legacy_pin=0.0000 round=0.0 legacy=0.0 mult=1 fa=59/59 fa_frac=1.0000 fa_class=0.0625
RACKLINE sc2-CTL rep=4 site=cli [RACK] on=0 evals=0 ceil=0.0000 gran=0.0000 legacy_pin=0.0000 round=0.0 legacy=0.0 mult=1 fa=2768/3560 fa_frac=0.7775 fa_class=0.0625
RFALINE sc2-CTL rep=4 site=cli [RFA] gen=0 fires=14 false=14 false_frac=1.0000 fill_coded=0 fill_src=0 dup_src=14 preempt_src=0 src_n=15 rep_n=10 nu_recv=0.93333 fa_class=0.0625
RFALINE sc2-CTL rep=4 site=cli [RFA] gen=0 fires=22 false=22 false_frac=1.0000 fill_coded=0 fill_src=0 dup_src=22 preempt_src=0 src_n=23 rep_n=18 nu_recv=0.95652 fa_class=0.0625
RFALINE sc2-CTL rep=4 site=cli [RFA] gen=0 fires=27 false=27 false_frac=1.0000 fill_coded=0 fill_src=0 dup_src=27 preempt_src=0 src_n=28 rep_n=23 nu_recv=0.96429 fa_class=0.0625
RFALINE sc2-CTL rep=4 site=cli [RFA] gen=0 fires=32 false=32 false_frac=1.0000 fill_coded=0 fill_src=0 dup_src=32 preempt_src=0 src_n=33 rep_n=28 nu_recv=0.96970 fa_class=0.0625
RFALINE sc2-CTL rep=4 site=cli [RFA] gen=0 fires=37 false=37 false_frac=1.0000 fill_coded=0 fill_src=0 dup_src=37 preempt_src=0 src_n=38 rep_n=33 nu_recv=0.97368 fa_class=0.0625
RFALINE sc2-CTL rep=4 site=cli [RFA] gen=0 fires=43 false=43 false_frac=1.0000 fill_coded=0 fill_src=0 dup_src=43 preempt_src=0 src_n=44 rep_n=39 nu_recv=0.97727 fa_class=0.0625
RFALINE sc2-CTL rep=4 site=cli [RFA] gen=0 fires=50 false=50 false_frac=1.0000 fill_coded=0 fill_src=0 dup_src=50 preempt_src=0 src_n=51 rep_n=46 nu_recv=0.98039 fa_class=0.0625
RFALINE sc2-CTL rep=4 site=cli [RFA] gen=0 fires=55 false=55 false_frac=1.0000 fill_coded=0 fill_src=0 dup_src=55 preempt_src=0 src_n=56 rep_n=51 nu_recv=0.98214 fa_class=0.0625
RFALINE sc2-CTL rep=4 site=cli [RFA] gen=0 fires=59 false=59 false_frac=1.0000 fill_coded=0 fill_src=0 dup_src=59 preempt_src=0 src_n=61 rep_n=56 nu_recv=0.96721 fa_class=0.0625
RFALINE sc2-CTL rep=4 site=srv [RFA] gen=0 fires=591 false=467 false_frac=0.7902 fill_coded=2 fill_src=122 dup_src=465 preempt_src=2 src_n=7516 rep_n=9 nu_recv=0.07863 fa_class=0.0625
RFALINE sc2-CTL rep=4 site=srv [RFA] gen=0 fires=964 false=563 false_frac=0.5840 fill_coded=17 fill_src=384 dup_src=546 preempt_src=17 src_n=17105 rep_n=62 nu_recv=0.05636 fa_class=0.0625
RFALINE sc2-CTL rep=4 site=srv [RFA] gen=0 fires=1343 false=678 false_frac=0.5048 fill_coded=35 fill_src=630 dup_src=643 preempt_src=35 src_n=26767 rep_n=110 nu_recv=0.05017 fa_class=0.0625
RFALINE sc2-CTL rep=4 site=srv [RFA] gen=0 fires=1716 false=785 false_frac=0.4575 fill_coded=55 fill_src=876 dup_src=730 preempt_src=55 src_n=36222 rep_n=162 nu_recv=0.04737 fa_class=0.0625
RFALINE sc2-CTL rep=4 site=srv [RFA] gen=0 fires=2094 false=891 false_frac=0.4255 fill_coded=86 fill_src=1117 dup_src=807 preempt_src=84 src_n=45919 rep_n=218 nu_recv=0.04560 fa_class=0.0625
RFALINE sc2-CTL rep=4 site=srv [RFA] gen=0 fires=2354 false=951 false_frac=0.4040 fill_coded=99 fill_src=1304 dup_src=852 preempt_src=99 src_n=55350 rep_n=257 nu_recv=0.04253 fa_class=0.0625
RFALINE sc2-CTL rep=4 site=srv [RFA] gen=0 fires=3000 false=1154 false_frac=0.3847 fill_coded=140 fill_src=1706 dup_src=1014 preempt_src=140 src_n=65015 rep_n=333 nu_recv=0.04614 fa_class=0.0625
RFALINE sc2-CTL rep=4 site=srv [RFA] gen=0 fires=3373 false=1258 false_frac=0.3730 fill_coded=160 fill_src=1955 dup_src=1098 preempt_src=160 src_n=74441 rep_n=394 nu_recv=0.04531 fa_class=0.0625
RFALINE sc2-CTL rep=4 site=srv [RFA] gen=0 fires=3596 false=1332 false_frac=0.3704 fill_coded=174 fill_src=2090 dup_src=1158 preempt_src=174 src_n=84131 rep_n=431 nu_recv=0.04274 fa_class=0.0625
FCAUSELINE sc2-CTL rep=4 site=cli [FCAUSE] gen=0 n=3560 timer=33 gap_data=3527 gap_refresh=0 other=0 timer_frac=0.0093 gap_frac=0.9907 fired=3560 unattr=0 fa_class=0.0625
SUCCLINE sc2-CTL rep=4 site=cli [SUCC] gen=0 det=0 res=0 orig_n=0 orig_p50_us=- orig_p90_us=- orig_p99_us=- orig_mx_us=- orig_mean_us=- rep_n=0 rep_p50_us=- rep_p90_us=- rep_p99_us=- rep_mx_us=- rep_mean_us=- aban_n=0 aban_p50_us=- aban_p90_us=- aban_p99_us=- aban_mx_us=- aban_mean_us=- open=0 over=0 orig_frac=- cross_us=- dump=0/0
SUCCLINE sc2-CTL rep=4 site=cli [SUCC] gen=0 det=0 res=0 orig_n=0 orig_p50_us=- orig_p90_us=- orig_p99_us=- orig_mx_us=- orig_mean_us=- rep_n=0 rep_p50_us=- rep_p90_us=- rep_p99_us=- rep_mx_us=- rep_mean_us=- aban_n=0 aban_p50_us=- aban_p90_us=- aban_p99_us=- aban_mx_us=- aban_mean_us=- open=0 over=0 orig_frac=- cross_us=- dump=0/0
SUCCLINE sc2-CTL rep=4 site=cli [SUCC] gen=0 det=0 res=0 orig_n=0 orig_p50_us=- orig_p90_us=- orig_p99_us=- orig_mx_us=- orig_mean_us=- rep_n=0 rep_p50_us=- rep_p90_us=- rep_p99_us=- rep_mx_us=- rep_mean_us=- aban_n=0 aban_p50_us=- aban_p90_us=- aban_p99_us=- aban_mx_us=- aban_mean_us=- open=0 over=0 orig_frac=- cross_us=- dump=0/0
SUCCLINE sc2-CTL rep=4 site=cli [SUCC] gen=0 det=0 res=0 orig_n=0 orig_p50_us=- orig_p90_us=- orig_p99_us=- orig_mx_us=- orig_mean_us=- rep_n=0 rep_p50_us=- rep_p90_us=- rep_p99_us=- rep_mx_us=- rep_mean_us=- aban_n=0 aban_p50_us=- aban_p90_us=- aban_p99_us=- aban_mx_us=- aban_mean_us=- open=0 over=0 orig_frac=- cross_us=- dump=0/0
SUCCLINE sc2-CTL rep=4 site=cli [SUCC] gen=0 det=0 res=0 orig_n=0 orig_p50_us=- orig_p90_us=- orig_p99_us=- orig_mx_us=- orig_mean_us=- rep_n=0 rep_p50_us=- rep_p90_us=- rep_p99_us=- rep_mx_us=- rep_mean_us=- aban_n=0 aban_p50_us=- aban_p90_us=- aban_p99_us=- aban_mx_us=- aban_mean_us=- open=0 over=0 orig_frac=- cross_us=- dump=0/0
SUCCLINE sc2-CTL rep=4 site=cli [SUCC] gen=0 det=0 res=0 orig_n=0 orig_p50_us=- orig_p90_us=- orig_p99_us=- orig_mx_us=- orig_mean_us=- rep_n=0 rep_p50_us=- rep_p90_us=- rep_p99_us=- rep_mx_us=- rep_mean_us=- aban_n=0 aban_p50_us=- aban_p90_us=- aban_p99_us=- aban_mx_us=- aban_mean_us=- open=0 over=0 orig_frac=- cross_us=- dump=0/0
SUCCLINE sc2-CTL rep=4 site=cli [SUCC] gen=0 det=0 res=0 orig_n=0 orig_p50_us=- orig_p90_us=- orig_p99_us=- orig_mx_us=- orig_mean_us=- rep_n=0 rep_p50_us=- rep_p90_us=- rep_p99_us=- rep_mx_us=- rep_mean_us=- aban_n=0 aban_p50_us=- aban_p90_us=- aban_p99_us=- aban_mx_us=- aban_mean_us=- open=0 over=0 orig_frac=- cross_us=- dump=0/0
SUCCLINE sc2-CTL rep=4 site=cli [SUCC] gen=0 det=0 res=0 orig_n=0 orig_p50_us=- orig_p90_us=- orig_p99_us=- orig_mx_us=- orig_mean_us=- rep_n=0 rep_p50_us=- rep_p90_us=- rep_p99_us=- rep_mx_us=- rep_mean_us=- aban_n=0 aban_p50_us=- aban_p90_us=- aban_p99_us=- aban_mx_us=- aban_mean_us=- open=0 over=0 orig_frac=- cross_us=- dump=0/0
SUCCLINE sc2-CTL rep=4 site=srv [SUCC] gen=0 det=147 res=124 orig_n=122 orig_p50_us=114688 orig_p90_us=180224 orig_p99_us=245760 orig_mx_us=255013 orig_mean_us=127740 rep_n=2 rep_p50_us=106496 rep_p90_us=196608 rep_p99_us=196608 rep_mx_us=211849 rep_mean_us=163190 aban_n=0 aban_p50_us=- aban_p90_us=- aban_p99_us=- aban_mx_us=- aban_mean_us=- open=23 over=0 orig_frac=0.9839 cross_us=- dump=0/0
SUCCLINE sc2-CTL rep=4 site=srv [SUCC] gen=0 det=442 res=401 orig_n=384 orig_p50_us=98304 orig_p90_us=163840 orig_p99_us=229376 orig_mx_us=255013 orig_mean_us=112688 rep_n=17 rep_p50_us=98304 rep_p90_us=114688 rep_p99_us=196608 rep_mx_us=211849 rep_mean_us=88884 aban_n=0 aban_p50_us=- aban_p90_us=- aban_p99_us=- aban_mx_us=- aban_mean_us=- open=41 over=0 orig_frac=0.9576 cross_us=5632 dump=0/0
SUCCLINE sc2-CTL rep=4 site=srv [SUCC] gen=0 det=673 res=663 orig_n=628 orig_p50_us=98304 orig_p90_us=122880 orig_p99_us=196608 orig_mx_us=255013 orig_mean_us=110188 rep_n=35 rep_p50_us=98304 rep_p90_us=114688 rep_p99_us=196608 rep_mx_us=211849 rep_mean_us=98502 aban_n=0 aban_p50_us=- aban_p90_us=- aban_p99_us=- aban_mx_us=- aban_mean_us=- open=10 over=0 orig_frac=0.9472 cross_us=5632 dump=0/0
SUCCLINE sc2-CTL rep=4 site=srv [SUCC] gen=0 det=967 res=929 orig_n=874 orig_p50_us=98304 orig_p90_us=114688 orig_p99_us=196608 orig_mx_us=255013 orig_mean_us=108969 rep_n=55 rep_p50_us=98304 rep_p90_us=114688 rep_p99_us=196608 rep_mx_us=211849 rep_mean_us=99335 aban_n=0 aban_p50_us=- aban_p90_us=- aban_p99_us=- aban_mx_us=- aban_mean_us=- open=38 over=0 orig_frac=0.9408 cross_us=5632 dump=0/0
SUCCLINE sc2-CTL rep=4 site=srv [SUCC] gen=0 det=1201 res=1185 orig_n=1099 orig_p50_us=98304 orig_p90_us=114688 orig_p99_us=196608 orig_mx_us=255013 orig_mean_us=109055 rep_n=86 rep_p50_us=98304 rep_p90_us=114688 rep_p99_us=196608 rep_mx_us=211849 rep_mean_us=94939 aban_n=0 aban_p50_us=- aban_p90_us=- aban_p99_us=- aban_mx_us=- aban_mean_us=- open=16 over=0 orig_frac=0.9274 cross_us=5632 dump=0/0
SUCCLINE sc2-CTL rep=4 site=srv [SUCC] gen=0 det=1532 res=1385 orig_n=1286 orig_p50_us=98304 orig_p90_us=106496 orig_p99_us=196608 orig_mx_us=255013 orig_mean_us=108475 rep_n=99 rep_p50_us=98304 rep_p90_us=114688 rep_p99_us=196608 rep_mx_us=211849 rep_mean_us=96712 aban_n=0 aban_p50_us=- aban_p90_us=- aban_p99_us=- aban_mx_us=- aban_mean_us=- open=147 over=0 orig_frac=0.9285 cross_us=5632 dump=0/0
SUCCLINE sc2-CTL rep=4 site=srv [SUCC] gen=0 det=1835 res=1828 orig_n=1688 orig_p50_us=98304 orig_p90_us=114688 orig_p99_us=196608 orig_mx_us=255013 orig_mean_us=108831 rep_n=140 rep_p50_us=98304 rep_p90_us=114688 rep_p99_us=196608 rep_mx_us=211849 rep_mean_us=99757 aban_n=0 aban_p50_us=- aban_p90_us=- aban_p99_us=- aban_mx_us=- aban_mean_us=- open=7 over=0 orig_frac=0.9234 cross_us=5632 dump=0/0
SUCCLINE sc2-CTL rep=4 site=srv [SUCC] gen=0 det=2111 res=2097 orig_n=1937 orig_p50_us=98304 orig_p90_us=114688 orig_p99_us=196608 orig_mx_us=255013 orig_mean_us=108985 rep_n=160 rep_p50_us=98304 rep_p90_us=114688 rep_p99_us=196608 rep_mx_us=211849 rep_mean_us=97958 aban_n=0 aban_p50_us=- aban_p90_us=- aban_p99_us=- aban_mx_us=- aban_mean_us=- open=14 over=0 orig_frac=0.9237 cross_us=3072 dump=0/0
SUCCLINE sc2-CTL rep=4 site=srv [SUCC] gen=0 det=2253 res=2243 orig_n=2069 orig_p50_us=98304 orig_p90_us=114688 orig_p99_us=196608 orig_mx_us=255013 orig_mean_us=108823 rep_n=174 rep_p50_us=98304 rep_p90_us=114688 rep_p99_us=196608 rep_mx_us=211849 rep_mean_us=98224 aban_n=0 aban_p50_us=- aban_p90_us=- aban_p99_us=- aban_mx_us=- aban_mean_us=- open=10 over=0 orig_frac=0.9224 cross_us=3072 dump=0/0
HOLDLINE sc2-CTL rep=4 site=cli [HOLD] site=sender path=0 gen=0 q=unset n_req=- n_obs=1000 samp_n=1000 fed=1711 t_us=- obs_p50_us=102793 obs_p90_us=106411 obs_p99_us=209465 evals=3537 law_n=0 sup=0 emit=3537 hd_p50_us=- hd_p90_us=- hd_p99_us=- hd_mx_us=- hd_n=0 fa_class=0.0625
HOLDLINE sc2-CTL rep=4 site=cli [HOLD] site=sender path=- gen=0 q=unset n_req=- n_obs=1000 samp_n=0 fed=0 t_us=- obs_p50_us=- obs_p90_us=- obs_p99_us=- evals=23 law_n=0 sup=0 emit=23 hd_p50_us=- hd_p90_us=- hd_p99_us=- hd_mx_us=- hd_n=0 fa_class=0.0625
WALLLINE sc2-CTL rep=4 site=cli [WALL] onset=1.0000 dur_ms=0.1 retx=0 total_ms=9193.3 it_ms=0.102
VAWITNESS {"cell":"sc2","arm":"CTL","alpha":"unset","seed":42,"rep":4,"rc":0,"mean_mbps":87.124,"band":[78,92],"band_applies":1,"in_band":1,"lossy":1,"alpha_expect":"unset","alpha_got_cli":"unset","alpha_got_srv":"unset","form_expect":"cantelli","form_got_cli":"cantelli","form_got_srv":"cantelli","winn_expect":"unavail","winn_got_cli":"unavail","winn_got_srv":"unavail","qclk_law_n":90098,"qclk_evals":90098,"qclk_win_ok":0,"qclk_win_n":"unavail","w_us_p50":100000,"w_us_p05":25000,"w_us_p95":100000,"shipped_clock_us":100000,"fcause_n":3560,"fcause_timer":33,"fcause_gap_data":3527,"fcause_gap_refresh":0,"fcause_other":0,"fcause_unattr":0,"succ_det":2253,"succ_res":2243,"succ_orig_frac":"0.9224","rfa_fires":3596,"rfa_false":1332,"rfa_false_frac":"0.3704","rfa_fill_coded":174,"rack_fa":"2768/3560","rack_fa_frac":"0.7775","fails":""}
=== rep=4 arm=sc2-Q400 alpha=0.4 form=quantile win_n=25 seed=42 env="RWM_QUANTILE_CLOCKS=1 RWM_ALPHA_OVERRIDE=0.4 RWM_W_FORM=quantile RWM_DELTA_CAP=1 RWM_SUM_CAP=1 RWM_RACK_CLOCKS=0 RWM_DERIVED_SWEEP=0 RWM_COMPOSED_CAP=0 RWM_THREE_TERM=0 RWM_STORE_CAP_UNIFIED=0 RWM_LATE_BRAKE=0 RWM_CHARGE_RECOVERY=0 RWM_RELEASE_1TO1=0 RWM_LOSS_SENT_TRUTH=0 RWM_RTT_DUMP=0 RWM_SUCC_DUMP=0" cell=c2/c2/single bytes=100000000 18:38:31
[2m2026-08-21T18:38:32.757990Z[0m [32m INFO[0m [2mraptorpath::gates[0m[2m:[0m [GATES] RWM_UNIFIED=1 RWM_UNIFIED_SHED=1 RWM_TAPER_R=1 RWM_ASTAR_ANCHOR=1 RWM_MSTAR_ANCHOR=1 RWM_PLAIN_RS=0 RWM_HONEST_ANCHOR=1 RWM_HONEST_K=0 RWM_STORE_SACK_RELEASE=1 RWM_STORE_PATHS=1 RWM_STORE_PATH_POOL=2048 RWM_STORE=unset RWM_STORE_GAIN=2 RWM_STORE_BOOT=128 RWM_STORE_CAPW=0 RWM_STORE_CAP_UNIFIED=0 RWM_THREE_TERM=0 RWM_COMPOSED_CAP=0 RWM_SUM_CAP=1 RWM_LATE_BRAKE=0 RWM_DELTA_CAP=1 RWM_STORE_PERCAP=0 RWM_PERCAP_GUARD=1 RWM_STORE_BORROW=0 RWM_HONEST_CAP=1 RWM_POOL_ANCHOR=0 RWM_POOL_DELIV=0 RWM_FLOOR_BOUND=0 RWM_ACK_MERGE=1 RWM_LOSS_SENT_TRUTH=0 RWM_RELEASE_1TO1=0 RWM_CHARGE_RECOVERY=0 RWM_PATIENCE_DERIVED=0 RWM_SIDLE_DERIVED=0 RWM_WIN_DECOUPLE=0 RWM_PLACE_SLACK=0 RWM_COLD_PLACE=0 RWM_GEN=384 RWM_PIPELINE=2 RWM_GEN_PIPE=1 RWM_GEN_R=unset RWM_GEN_RATE=9000 RWM_GEN_RATE_FLOOR=2000 RWM_GEN_INFLIGHT=unset RWM_OOO_RETAIN=0/16 RWM_WINDOW=unset RWM_REPORT_GENS=unset RWM_REPAIR_WAIT=unset RWM_CODED_SRC=0 RWM_NO_REACTIVE=0 RWM_XPATH_REPAIR=0 RWM_PROACTIVE_PACER=0 RWM_REASM_BDP=0 RWM_MIN_R=0 RWM_CC_PACE=0 RWM_CC_PACE_HR=1.1 RWM_REACT_CAP=unset RWM_INFL_CAP=0 RWM_INFL_BDP=unset RWM_COPA_FEED=0 RWM_RS_ATTR=1 RWM_EMIT_BATCH=0 RWM_EMIT_BURST=64 RWM_RECOV_MP=1 RWM_RECOV_MP_LAW=1 RWM_RECOV_MP_LIVE=0 RWM_RECOV_SP=0 RWM_DERIVED_SWEEP=0 RWM_RACK_CLOCKS=0 RWM_RACK_REO_MULT=1 RWM_QUANTILE_CLOCKS=1 RWM_ALPHA_OVERRIDE=0.4 RWM_W_FORM=quantile RWM_HOLDDOWN_Q=unset RWM_REFRESH_FLOOR_US=unset RWM_DIAG=1 RWM_ACKDIAG=1 RWM_ACKDIAG_WINDOW_US=2000000 RWM_RTT_DUMP=0 RWM_RTT_DUMP_MAX=400000 RWM_SUCC_DUMP=0 RWM_SUCC_DUMP_MAX=200000 RWM_WALLDIAG=1 RWM_CPUPROF=0 RWM_RDIAG=0 RWM_FDIAG=1 RWM_TRACE=0 RWM_PFRAC=0
{"bytes":100000000,"dnf":0,"hint":"bulk","max_s":9.0085,"mean_mbps":88.805,"mean_s":9.0085,"median_s":9.0085,"min_s":9.0085,"proto":"rp-native","runs":1,"stdev_s":0.0,"summary":true}
    LATPROBE-LEG leg=0 file=/tmp/rwm-ping-0.txt sent=179 recv=174 censor=2.79% p50=87.0[censor=2.79% ok] p95=91.5[censor=2.79% ok] p99=92.3[censor=2.79% UNSCOREABLE(inside censored tail)]
    LATPROBE: 1 leg(s) /tmp/rwm-ping-0.txt=174 replies
    CPU: CPUSRV=8.25s CPUCLI=7.36s (srv=decoder cli=sender; whole-invocation incl warmup)
    QDISC cli0: qdisc netem bdb5: root refcnt 7 limit 1000 delay 5ms  3ms loss gemodel p 1.3% r 50% 1-h 100% 1-k 0% rate 100Mbit seed 42  Sent 112108180 bytes 88639 pkt (dropped 464, overlimits 0 requeues 0)   backlog 0b 0p requeues 0 
    QDISC srv0: qdisc netem bdb7: root refcnt 7 limit 1000 delay 5ms  3ms rate 100Mbit seed 17318250580288133629  Sent 11177668 bytes 62776 pkt (dropped 0, overlimits 0 requeues 0)   backlog 0b 0p requeues 0 
    QCAP: /tmp/rwm-q.txt 10 lines
RUNTIME sc2-Q400 rep=4 11s rc=0
ALPHARESULT {"cell": "sc2", "arm": "Q400", "alpha_cmd": 0.4, "seed": 42, "rep": 4, "n_paths": 1, "dnf": false, "dnf_count": 0, "mbps": 88.805, "mean_mbps": 88.805, "seconds": 9.0085, "n_runs": 1, "cpusrv": 8.25, "cpucli": 7.36, "khr_med": 1.0, "kraw_med": null, "khr_n": 32, "kraw_n": 0, "rtp_med": 7, "occ_p50": 999, "occcap_p50": 1024, "q_p50": 93, "q_p99": 110, "diag_lines": 35, "retx": 3529, "w1_rfa_gen": "0", "w2_pfrac_lines": 0, "w4_retx_max": 3529, "w5_rack_fa": "2755/3645", "gates_cli_quantile_clocks": 1, "gates_srv_quantile_clocks": 1, "gates_cli_rack_clocks": 0, "gates_srv_rack_clocks": 0, "gates_cli_derived_sweep": 0, "gates_srv_derived_sweep": 0, "gates_cli_delta_cap": 1, "gates_srv_delta_cap": 1, "gates_cli_sum_cap": 1, "gates_srv_sum_cap": 1, "gates_cli_composed_cap": 0, "gates_srv_composed_cap": 0, "gates_cli_three_term": 0, "gates_srv_three_term": 0, "gates_cli_loss_sent_truth": 0, "gates_srv_loss_sent_truth": 0, "gates_cli_gen": null, "gates_srv_gen": null, "gates_cli_diag": 1, "gates_srv_diag": 1, "gates_cli_ackdiag": 1, "gates_srv_ackdiag": 1, "gates_cli_walldiag": 1, "gates_srv_walldiag": 1, "gates_cli_fdiag": 1, "gates_srv_fdiag": 1, "gates_cli_recov_mp": 1, "gates_srv_recov_mp": 1, "gates_cli_cc_pace": 0, "gates_srv_cc_pace": 0, "gates_cli_rack_reo_mult": 1, "gates_srv_rack_reo_mult": 1, "gates_lines_cli": 1, "gates_lines_srv": 1, "gate_quantile_cli": "1", "gate_quantile_srv": "1", "gate_alpha_cli": "0.4", "gate_alpha_srv": "0.4", "gate_gen_cli": 384, "gate_gen_srv": 384, "gate_wform_cli": "quantile", "gate_wform_srv": "quantile", "qalpha_lines_cli": 1, "qalpha_site_cli": "sender", "qalpha_quantile_cli": 1, "qalpha_contract_cli": 0.001, "qalpha_override_cli": 0.4, "qalpha_cli": 0.4, "qalpha_k_cli": 1.2247, "qalpha_form_cli": "quantile", "qalpha_winn_cli": "25", "qalpha_lines_srv": 1, "qalpha_site_srv": "receiver", "qalpha_quantile_srv": 1, "qalpha_contract_srv": 1e-05, "qalpha_override_srv": 0.4, "qalpha_srv": 0.4, "qalpha_k_srv": 1.2247, "qalpha_form_srv": "quantile", "qalpha_winn_srv": "25", "qclk_cli_lines": 1, "qclk_cli_site": "sender", "qclk_cli_alpha": 0.4, "qclk_cli_k": 1.2247, "qclk_cli_w_us_mean": 96097.5, "qclk_cli_srtt_us_mean": 95653.5, "qclk_cli_on": 1, "qclk_cli_evals": 89570, "qclk_cli_kept": 2612, "qclk_cli_w_us_p05": 83376, "qclk_cli_w_us_p50": 99485, "qclk_cli_w_us_p95": 106987, "qclk_cli_w_us_min": 17684, "qclk_cli_w_us_max": 119701, "qclk_cli_law_n": 83566, "qclk_cli_sigma_us_mean": 560.7, "qclk_cli_sigma_n": 83566, "qclk_form_cli": "quantile", "qclk_winn_cli": "25", "qclk_win_ok_cli": 83566, "qclk_srv_lines": 9, "qclk_srv_site": "receiver", "qclk_srv_alpha": 0.4, "qclk_srv_k": 1.2247, "qclk_srv_w_us_mean": 96803.7, "qclk_srv_srtt_us_mean": 95393.3, "qclk_srv_on": 1, "qclk_srv_evals": 75036, "qclk_srv_kept": 2174, "qclk_srv_w_us_p05": 84880, "qclk_srv_w_us_p50": 102169, "qclk_srv_w_us_p95": 104688, "qclk_srv_w_us_min": 72745, "qclk_srv_w_us_max": 104729, "qclk_srv_law_n": 69571, "qclk_srv_sigma_us_mean": 5598.8, "qclk_srv_sigma_n": 74961, "qclk_form_srv": "quantile", "qclk_winn_srv": "25", "qclk_win_ok_srv": 69571, "rack_lines_cli": 2, "rack_on_cli": 0, "rack_evals_cli": 0, "rack_ceil_cli": 0.0, "rack_gran_cli": 0.0, "rack_legacy_pin_cli": 0.0, "rack_round_cli": 0.0, "rack_legacy_cli": 0.0, "rack_mult_cli": 1, "rack_fa_n_cli": 2755, "rack_fa_d_cli": 3645, "rack_fa_frac_cli": 0.7558, "rack_fa_class_cli": 0.0625, "rack_lines_srv": 0, "rack_on_srv": null, "rack_evals_srv": null, "rack_ceil_srv": null, "rack_gran_srv": null, "rack_legacy_pin_srv": null, "rack_round_srv": null, "rack_legacy_srv": null, "rack_mult_srv": null, "rack_fa_n_srv": null, "rack_fa_d_srv": null, "rack_fa_frac_srv": null, "rack_fa_class_srv": null, "rack_fired": 3645, "rack_spurious": 2755, "rack_fa_frac": 0.7558, "rack_fa_class": 0.0625, "rack_round_us": 0.0, "rack_legacy_us": 0.0, "rack_evals": 0, "rack_legacy_pin": 0.0, "rfa_lines": 9, "rfa_gen": 0, "rfa_fires": 3703, "rfa_false": 1323, "rfa_fill_coded": 198, "rfa_fill_src": 2182, "rfa_dup_src": 1130, "rfa_preempt_src": 193, "rfa_src_n": 85735, "rfa_rep_n": 473, "rfa_false_frac": 0.3573, "rfa_nu_recv": 0.04319, "rfa_fa_class": 0.0625, "rfa_bracket_lo": 0.3573, "rfa_bracket_hi": 0.869822, "sf_ticks": 1439, "sf_E": 0.9375, "sf_short": 0.0625, "sf_zero": 0.0625, "capboot_n": 32, "capboot_frac": 0.0, "ping_n": 174, "ping_p50": 86.9, "ping_p95": 91.5, "ping_p99": 92.3, "ping_tx": 179, "ping_rx": 174, "ping_loss": 2.79, "ping_censor_frac": 0.0279, "legs_probed": 1, "leg0_n": 174, "leg0_sent": 179, "leg0_recv": 174, "leg0_sent_source": "summary", "leg0_censor_frac": 0.0279, "leg0_censor_pct": 2.79, "leg0_recv_mismatch": false, "leg0_leg_unscoreable": false, "leg0_min": 10.8, "leg0_max": 93.1, "leg0_p50": 87.0, "leg0_p50_censored": false, "leg0_p50_scoreable": true, "leg0_p95": 91.5, "leg0_p95_censored": false, "leg0_p95_scoreable": true, "leg0_p99": 92.3, "leg0_p99_censored": true, "leg0_p99_scoreable": false, "legs_censor_max": 0.0279, "wait_tun": 41, "wait_paused": 29, "wait_pace": 0, "wait_gen": 0, "wait_nack": 31, "wait_defc": 0, "wait_tail": 0, "wait_flush": 0, "wait_lines": 32, "deadwall": false, "sig_us_p50": 924.0, "sig_us_n": 83905, "sig_us_path": 0, "sig_paths": 1, "pl_n": 32, "pl_max": 0.0, "pl_min": 0.0, "pl_p0": 0.0, "dgq_hand": 87505, "dgq_full": 0, "dgq_err": 0, "dgq_gap": 143, "tc_bytes": 112108180, "tc_pkts": 88639, "tc_drop": 464, "tc_s": 11, "hold_lines": 2, "hold_samp_n": 1000, "hold_fed": 1835, "hold_evals": 3624, "hold_law_n": 0, "hold_sup": 0, "hold_emit": 3624, "hold_hd_n": 0, "hold_q": "unset", "hold_n_req": "-", "hold_n_obs": 1000, "hold_gen": 0, "hold_sup_frac": 0.0, "hold_law_frac": 0.0, "hold_obs_p50_us": 102443, "hold_obs_p90_us": 107053, "hold_obs_p99_us": 197523, "hold_t_us_p0": null, "hold_t_us_p1": null, "hold_samp_n_p0": 1000, "hold_samp_n_p1": null, "hold_hd_p50_us": null, "hold_hd_p90_us": null, "hold_hd_p99_us": null, "hold_hd_mx_us": null, "hold_unattr_evals": 21, "hold_paths_n": 1, "hold_accounting_ok": 1, "hold_obs_p50_us_p0": 102443, "hold_obs_p90_us_p0": 107053, "hold_obs_p99_us_p0": 197523, "hold_rpd": 1.535383, "fcause_lines": 1, "fcause_gen": 0, "fcause_n": 3645, "fcause_timer": 51, "fcause_gap_data": 3594, "fcause_gap_refresh": 0, "fcause_other": 0, "fcause_fired": 3645, "fcause_unattr": 0, "fcause_timer_frac": 0.014, "fcause_gap_frac": 0.986, "succ_lines": 9, "succ_gen": 0, "succ_det": 2374, "succ_res": 2372, "succ_orig_n": 2174, "succ_rep_n": 198, "succ_aban_n": 0, "succ_open": 2, "succ_over": 0, "succ_orig_p50_us": 98304, "succ_orig_p90_us": 114688, "succ_orig_p99_us": 196608, "succ_orig_mx_us": 204267, "succ_orig_frac": 0.9165, "succ_identity_ok": 1}
LIVENESS sc2-Q400 rep=4 RWM_QUANTILE_CLOCKS=RWM_QUANTILE_CLOCKS=1/RWM_QUANTILE_CLOCKS=1(exp1) RWM_ALPHA_OVERRIDE=RWM_ALPHA_OVERRIDE=0.4/RWM_ALPHA_OVERRIDE=0.4(exp0.4) RWM_W_FORM=RWM_W_FORM=quantile/RWM_W_FORM=quantile(expquantile) RWM_DELTA_CAP=RWM_DELTA_CAP=1/RWM_DELTA_CAP=1(exp1) RWM_SUM_CAP=RWM_SUM_CAP=1/RWM_SUM_CAP=1(exp1) RWM_HOLDDOWN_Q=RWM_HOLDDOWN_Q=unset/RWM_HOLDDOWN_Q=unset(expunset) RWM_REFRESH_FLOOR_US=RWM_REFRESH_FLOOR_US=unset/RWM_REFRESH_FLOOR_US=unset(expunset) RWM_RACK_CLOCKS=RWM_RACK_CLOCKS=0/RWM_RACK_CLOCKS=0(exp0) RWM_DERIVED_SWEEP=RWM_DERIVED_SWEEP=0/RWM_DERIVED_SWEEP=0(exp0) RWM_COMPOSED_CAP=RWM_COMPOSED_CAP=0/RWM_COMPOSED_CAP=0(exp0) RWM_THREE_TERM=RWM_THREE_TERM=0/RWM_THREE_TERM=0(exp0) RWM_STORE_CAP_UNIFIED=RWM_STORE_CAP_UNIFIED=0/RWM_STORE_CAP_UNIFIED=0(exp0) RWM_LATE_BRAKE=RWM_LATE_BRAKE=0/RWM_LATE_BRAKE=0(exp0) RWM_CHARGE_RECOVERY=RWM_CHARGE_RECOVERY=0/RWM_CHARGE_RECOVERY=0(exp0) RWM_RELEASE_1TO1=RWM_RELEASE_1TO1=0/RWM_RELEASE_1TO1=0(exp0) RWM_LOSS_SENT_TRUTH=RWM_LOSS_SENT_TRUTH=0/RWM_LOSS_SENT_TRUTH=0(exp0) RWM_RTT_DUMP=RWM_RTT_DUMP=0/RWM_RTT_DUMP=0(exp0) RWM_SUCC_DUMP=RWM_SUCC_DUMP=0/RWM_SUCC_DUMP=0(exp0) RWM_DIAG=RWM_DIAG=1/RWM_DIAG=1(exp1) RWM_ACKDIAG=RWM_ACKDIAG=1/RWM_ACKDIAG=1(exp1) RWM_WALLDIAG=RWM_WALLDIAG=1/RWM_WALLDIAG=1(exp1) RWM_FDIAG=RWM_FDIAG=1/RWM_FDIAG=1(exp1)
W5QALPHA sc2-Q400 rep=4 cli=form:quantile/win_n:25/alpha:4.000000e-1 srv=form:quantile/win_n:25/alpha:4.000000e-1 (exp form=quantile win_n=25)
WCLOCK sc2-Q400 rep=4 law_n=83566 evals=89570 win_ok=83566 win_n=25 p50=99485 p05=83376 p95=106987 shipped_clock=100000
W8SUCC sc2-Q400 rep=4 det=2374 res=2372 orig_frac=0.9165
QALPHALINE sc2-Q400 rep=4 site=cli [QALPHA] site=receiver quantile=1 form=quantile win_n=25 contract_alpha=1.000000e-5 override=4.000000e-1 alpha=4.000000e-1 k=1.2247 fa_class=0.0625
QALPHALINE sc2-Q400 rep=4 site=cli [QALPHA] site=sender quantile=1 form=quantile win_n=25 contract_alpha=1.000000e-3 override=4.000000e-1 alpha=4.000000e-1 k=1.2247 fa_class=0.0625
QALPHALINE sc2-Q400 rep=4 site=srv [QALPHA] site=receiver quantile=1 form=quantile win_n=25 contract_alpha=1.000000e-5 override=4.000000e-1 alpha=4.000000e-1 k=1.2247 fa_class=0.0625
QALPHALINE sc2-Q400 rep=4 site=srv [QALPHA] site=sender quantile=1 form=quantile win_n=25 contract_alpha=1.000000e-3 override=4.000000e-1 alpha=4.000000e-1 k=1.2247 fa_class=0.0625
QCLKLINE sc2-Q400 rep=4 site=cli [QCLK] site=sender on=1 form=quantile win_n=25 win_ok=83566 alpha=4.000000e-1 k=1.2247 evals=89570 law_n=83566 kept=2612 w_us_mean=96097.5 w_us_p05=83376 w_us_p50=99485 w_us_p95=106987 w_us_min=17684 w_us_max=119701 srtt_us_mean=95653.5 sigma_us_mean=560.7/n83566 fa_class=0.0625
QCLKLINE sc2-Q400 rep=4 site=srv [QCLK] site=receiver on=1 form=quantile win_n=25 win_ok=734 alpha=4.000000e-1 k=1.2247 evals=6199 law_n=734 kept=734 w_us_mean=75310.0 w_us_p05=75317 w_us_p50=75317 w_us_p95=75317 w_us_min=72745 w_us_max=75317 srtt_us_mean=74219.9 sigma_us_mean=19550.3/n6124 fa_class=0.0625
QCLKLINE sc2-Q400 rep=4 site=srv [QCLK] site=receiver on=1 form=quantile win_n=25 win_ok=8741 alpha=4.000000e-1 k=1.2247 evals=14206 law_n=8741 kept=2185 w_us_mean=84669.2 w_us_p05=75317 w_us_p50=85543 w_us_p95=87864 w_us_min=72745 w_us_max=87864 srtt_us_mean=81858.5 sigma_us_mean=13328.7/n14131 fa_class=0.0625
QCLKLINE sc2-Q400 rep=4 site=srv [QCLK] site=receiver on=1 form=quantile win_n=25 win_ok=16798 alpha=4.000000e-1 k=1.2247 evals=22263 law_n=16798 kept=2099 w_us_mean=86453.5 w_us_p05=75317 w_us_p50=87859 w_us_p95=88917 w_us_min=72745 w_us_max=88936 srtt_us_mean=84400.1 sigma_us_mean=9709.3/n22188 fa_class=0.0625
QCLKLINE sc2-Q400 rep=4 site=srv [QCLK] site=receiver on=1 form=quantile win_n=25 win_ok=25223 alpha=4.000000e-1 k=1.2247 evals=30688 law_n=25223 kept=3152 w_us_mean=87301.3 w_us_p05=82142 w_us_p50=88553 w_us_p95=89023 w_us_min=72745 w_us_max=89023 srtt_us_mean=85565.4 sigma_us_mean=7785.5/n30613 fa_class=0.0625
QCLKLINE sc2-Q400 rep=4 site=srv [QCLK] site=receiver on=1 form=quantile win_n=25 win_ok=34507 alpha=4.000000e-1 k=1.2247 evals=39972 law_n=34507 kept=2157 w_us_mean=89129.0 w_us_p05=82142 w_us_p50=88917 w_us_p95=99830 w_us_min=72745 w_us_max=102169 srtt_us_mean=87970.4 sigma_us_mean=8053.4/n39897 fa_class=0.0625
QCLKLINE sc2-Q400 rep=4 site=srv [QCLK] site=receiver on=1 form=quantile win_n=25 win_ok=42095 alpha=4.000000e-1 k=1.2247 evals=47560 law_n=42095 kept=2631 w_us_mean=91795.8 w_us_p05=84165 w_us_p50=89023 w_us_p95=104624 w_us_min=72745 w_us_max=104729 srtt_us_mean=90550.4 sigma_us_mean=7271.2/n47485 fa_class=0.0625
QCLKLINE sc2-Q400 rep=4 site=srv [QCLK] site=receiver on=1 form=quantile win_n=25 win_ok=51102 alpha=4.000000e-1 k=1.2247 evals=56567 law_n=51102 kept=3194 w_us_mean=94040.3 w_us_p05=84165 w_us_p50=89023 w_us_p95=104729 w_us_min=72745 w_us_max=104729 srtt_us_mean=92856.1 sigma_us_mean=6428.4/n56492 fa_class=0.0625
QCLKLINE sc2-Q400 rep=4 site=srv [QCLK] site=receiver on=1 form=quantile win_n=25 win_ok=59832 alpha=4.000000e-1 k=1.2247 evals=65297 law_n=59832 kept=3740 w_us_mean=95540.5 w_us_p05=84826 w_us_p50=91553 w_us_p95=104729 w_us_min=72745 w_us_max=104729 srtt_us_mean=94222.4 sigma_us_mean=6086.4/n65222 fa_class=0.0625
QCLKLINE sc2-Q400 rep=4 site=srv [QCLK] site=receiver on=1 form=quantile win_n=25 win_ok=69571 alpha=4.000000e-1 k=1.2247 evals=75036 law_n=69571 kept=2174 w_us_mean=96803.7 w_us_p05=84880 w_us_p50=102169 w_us_p95=104688 w_us_min=72745 w_us_max=104729 srtt_us_mean=95393.3 sigma_us_mean=5598.8/n74961 fa_class=0.0625
RACKLINE sc2-Q400 rep=4 site=cli [RACK] on=0 evals=0 ceil=0.0000 gran=0.0000 legacy_pin=0.0000 round=0.0 legacy=0.0 mult=1 fa=94/94 fa_frac=1.0000 fa_class=0.0625
RACKLINE sc2-Q400 rep=4 site=cli [RACK] on=0 evals=0 ceil=0.0000 gran=0.0000 legacy_pin=0.0000 round=0.0 legacy=0.0 mult=1 fa=2755/3645 fa_frac=0.7558 fa_class=0.0625
RFALINE sc2-Q400 rep=4 site=cli [RFA] gen=0 fires=16 false=16 false_frac=1.0000 fill_coded=0 fill_src=0 dup_src=16 preempt_src=0 src_n=17 rep_n=14 nu_recv=0.94118 fa_class=0.0625
RFALINE sc2-Q400 rep=4 site=cli [RFA] gen=0 fires=27 false=27 false_frac=1.0000 fill_coded=0 fill_src=0 dup_src=27 preempt_src=0 src_n=28 rep_n=25 nu_recv=0.96429 fa_class=0.0625
RFALINE sc2-Q400 rep=4 site=cli [RFA] gen=0 fires=39 false=39 false_frac=1.0000 fill_coded=0 fill_src=0 dup_src=39 preempt_src=0 src_n=40 rep_n=37 nu_recv=0.97500 fa_class=0.0625
RFALINE sc2-Q400 rep=4 site=cli [RFA] gen=0 fires=51 false=51 false_frac=1.0000 fill_coded=0 fill_src=0 dup_src=51 preempt_src=0 src_n=52 rep_n=49 nu_recv=0.98077 fa_class=0.0625
RFALINE sc2-Q400 rep=4 site=cli [RFA] gen=0 fires=59 false=59 false_frac=1.0000 fill_coded=0 fill_src=0 dup_src=59 preempt_src=0 src_n=60 rep_n=57 nu_recv=0.98333 fa_class=0.0625
RFALINE sc2-Q400 rep=4 site=cli [RFA] gen=0 fires=69 false=69 false_frac=1.0000 fill_coded=0 fill_src=0 dup_src=69 preempt_src=0 src_n=70 rep_n=67 nu_recv=0.98571 fa_class=0.0625
RFALINE sc2-Q400 rep=4 site=cli [RFA] gen=0 fires=79 false=79 false_frac=1.0000 fill_coded=0 fill_src=0 dup_src=79 preempt_src=0 src_n=80 rep_n=77 nu_recv=0.98750 fa_class=0.0625
RFALINE sc2-Q400 rep=4 site=cli [RFA] gen=0 fires=89 false=89 false_frac=1.0000 fill_coded=0 fill_src=0 dup_src=89 preempt_src=0 src_n=90 rep_n=87 nu_recv=0.98889 fa_class=0.0625
RFALINE sc2-Q400 rep=4 site=cli [RFA] gen=0 fires=94 false=94 false_frac=1.0000 fill_coded=0 fill_src=0 dup_src=94 preempt_src=0 src_n=96 rep_n=93 nu_recv=0.97917 fa_class=0.0625
RFALINE sc2-Q400 rep=4 site=srv [RFA] gen=0 fires=574 false=399 false_frac=0.6951 fill_coded=4 fill_src=171 dup_src=396 preempt_src=3 src_n=9128 rep_n=18 nu_recv=0.06288 fa_class=0.0625
RFALINE sc2-Q400 rep=4 site=srv [RFA] gen=0 fires=1044 false=555 false_frac=0.5316 fill_coded=42 fill_src=447 dup_src=514 preempt_src=41 src_n=18688 rep_n=86 nu_recv=0.05586 fa_class=0.0625
RFALINE sc2-Q400 rep=4 site=srv [RFA] gen=0 fires=1392 false=644 false_frac=0.4626 fill_coded=65 fill_src=683 dup_src=580 preempt_src=64 src_n=28326 rep_n=143 nu_recv=0.04914 fa_class=0.0625
RFALINE sc2-Q400 rep=4 site=srv [RFA] gen=0 fires=1856 false=804 false_frac=0.4332 fill_coded=112 fill_src=940 dup_src=695 preempt_src=109 src_n=37781 rep_n=214 nu_recv=0.04913 fa_class=0.0625
RFALINE sc2-Q400 rep=4 site=srv [RFA] gen=0 fires=2181 false=899 false_frac=0.4122 fill_coded=128 fill_src=1154 dup_src=772 preempt_src=127 src_n=47491 rep_n=266 nu_recv=0.04592 fa_class=0.0625
RFALINE sc2-Q400 rep=4 site=srv [RFA] gen=0 fires=2487 false=978 false_frac=0.3932 fill_coded=141 fill_src=1368 dup_src=838 preempt_src=140 src_n=56970 rep_n=308 nu_recv=0.04365 fa_class=0.0625
RFALINE sc2-Q400 rep=4 site=srv [RFA] gen=0 fires=2788 false=1076 false_frac=0.3859 fill_coded=164 fill_src=1548 dup_src=913 preempt_src=163 src_n=66643 rep_n=351 nu_recv=0.04183 fa_class=0.0625
RFALINE sc2-Q400 rep=4 site=srv [RFA] gen=0 fires=3229 false=1204 false_frac=0.3729 fill_coded=174 fill_src=1851 dup_src=1031 preempt_src=173 src_n=76069 rep_n=411 nu_recv=0.04245 fa_class=0.0625
RFALINE sc2-Q400 rep=4 site=srv [RFA] gen=0 fires=3703 false=1323 false_frac=0.3573 fill_coded=198 fill_src=2182 dup_src=1130 preempt_src=193 src_n=85735 rep_n=473 nu_recv=0.04319 fa_class=0.0625
FCAUSELINE sc2-Q400 rep=4 site=cli [FCAUSE] gen=0 n=3645 timer=51 gap_data=3594 gap_refresh=0 other=0 timer_frac=0.0140 gap_frac=0.9860 fired=3645 unattr=0 fa_class=0.0625
SUCCLINE sc2-Q400 rep=4 site=cli [SUCC] gen=0 det=0 res=0 orig_n=0 orig_p50_us=- orig_p90_us=- orig_p99_us=- orig_mx_us=- orig_mean_us=- rep_n=0 rep_p50_us=- rep_p90_us=- rep_p99_us=- rep_mx_us=- rep_mean_us=- aban_n=0 aban_p50_us=- aban_p90_us=- aban_p99_us=- aban_mx_us=- aban_mean_us=- open=0 over=0 orig_frac=- cross_us=- dump=0/0
SUCCLINE sc2-Q400 rep=4 site=cli [SUCC] gen=0 det=0 res=0 orig_n=0 orig_p50_us=- orig_p90_us=- orig_p99_us=- orig_mx_us=- orig_mean_us=- rep_n=0 rep_p50_us=- rep_p90_us=- rep_p99_us=- rep_mx_us=- rep_mean_us=- aban_n=0 aban_p50_us=- aban_p90_us=- aban_p99_us=- aban_mx_us=- aban_mean_us=- open=0 over=0 orig_frac=- cross_us=- dump=0/0
SUCCLINE sc2-Q400 rep=4 site=cli [SUCC] gen=0 det=0 res=0 orig_n=0 orig_p50_us=- orig_p90_us=- orig_p99_us=- orig_mx_us=- orig_mean_us=- rep_n=0 rep_p50_us=- rep_p90_us=- rep_p99_us=- rep_mx_us=- rep_mean_us=- aban_n=0 aban_p50_us=- aban_p90_us=- aban_p99_us=- aban_mx_us=- aban_mean_us=- open=0 over=0 orig_frac=- cross_us=- dump=0/0
SUCCLINE sc2-Q400 rep=4 site=cli [SUCC] gen=0 det=0 res=0 orig_n=0 orig_p50_us=- orig_p90_us=- orig_p99_us=- orig_mx_us=- orig_mean_us=- rep_n=0 rep_p50_us=- rep_p90_us=- rep_p99_us=- rep_mx_us=- rep_mean_us=- aban_n=0 aban_p50_us=- aban_p90_us=- aban_p99_us=- aban_mx_us=- aban_mean_us=- open=0 over=0 orig_frac=- cross_us=- dump=0/0
SUCCLINE sc2-Q400 rep=4 site=cli [SUCC] gen=0 det=0 res=0 orig_n=0 orig_p50_us=- orig_p90_us=- orig_p99_us=- orig_mx_us=- orig_mean_us=- rep_n=0 rep_p50_us=- rep_p90_us=- rep_p99_us=- rep_mx_us=- rep_mean_us=- aban_n=0 aban_p50_us=- aban_p90_us=- aban_p99_us=- aban_mx_us=- aban_mean_us=- open=0 over=0 orig_frac=- cross_us=- dump=0/0
SUCCLINE sc2-Q400 rep=4 site=cli [SUCC] gen=0 det=0 res=0 orig_n=0 orig_p50_us=- orig_p90_us=- orig_p99_us=- orig_mx_us=- orig_mean_us=- rep_n=0 rep_p50_us=- rep_p90_us=- rep_p99_us=- rep_mx_us=- rep_mean_us=- aban_n=0 aban_p50_us=- aban_p90_us=- aban_p99_us=- aban_mx_us=- aban_mean_us=- open=0 over=0 orig_frac=- cross_us=- dump=0/0
SUCCLINE sc2-Q400 rep=4 site=cli [SUCC] gen=0 det=0 res=0 orig_n=0 orig_p50_us=- orig_p90_us=- orig_p99_us=- orig_mx_us=- orig_mean_us=- rep_n=0 rep_p50_us=- rep_p90_us=- rep_p99_us=- rep_mx_us=- rep_mean_us=- aban_n=0 aban_p50_us=- aban_p90_us=- aban_p99_us=- aban_mx_us=- aban_mean_us=- open=0 over=0 orig_frac=- cross_us=- dump=0/0
SUCCLINE sc2-Q400 rep=4 site=cli [SUCC] gen=0 det=0 res=0 orig_n=0 orig_p50_us=- orig_p90_us=- orig_p99_us=- orig_mx_us=- orig_mean_us=- rep_n=0 rep_p50_us=- rep_p90_us=- rep_p99_us=- rep_mx_us=- rep_mean_us=- aban_n=0 aban_p50_us=- aban_p90_us=- aban_p99_us=- aban_mx_us=- aban_mean_us=- open=0 over=0 orig_frac=- cross_us=- dump=0/0
SUCCLINE sc2-Q400 rep=4 site=srv [SUCC] gen=0 det=204 res=175 orig_n=171 orig_p50_us=81920 orig_p90_us=114688 orig_p99_us=163840 orig_mx_us=172513 orig_mean_us=84554 rep_n=4 rep_p50_us=73728 rep_p90_us=163840 rep_p99_us=163840 rep_mx_us=172513 rep_mean_us=87528 aban_n=0 aban_p50_us=- aban_p90_us=- aban_p99_us=- aban_mx_us=- aban_mean_us=- open=29 over=0 orig_frac=0.9771 cross_us=20480 dump=0/0
SUCCLINE sc2-Q400 rep=4 site=srv [SUCC] gen=0 det=489 res=489 orig_n=447 orig_p50_us=81920 orig_p90_us=98304 orig_p99_us=163840 orig_mx_us=173265 orig_mean_us=88434 rep_n=42 rep_p50_us=90112 rep_p90_us=90112 rep_p99_us=163840 rep_mx_us=173265 rep_mean_us=91262 aban_n=0 aban_p50_us=- aban_p90_us=- aban_p99_us=- aban_mx_us=- aban_mean_us=- open=0 over=0 orig_frac=0.9141 cross_us=7680 dump=0/0
SUCCLINE sc2-Q400 rep=4 site=srv [SUCC] gen=0 det=816 res=748 orig_n=683 orig_p50_us=81920 orig_p90_us=98304 orig_p99_us=163840 orig_mx_us=173265 orig_mean_us=88616 rep_n=65 rep_p50_us=81920 rep_p90_us=90112 rep_p99_us=163840 rep_mx_us=173265 rep_mean_us=85504 aban_n=0 aban_p50_us=- aban_p90_us=- aban_p99_us=- aban_mx_us=- aban_mean_us=- open=68 over=0 orig_frac=0.9131 cross_us=7680 dump=0/0
SUCCLINE sc2-Q400 rep=4 site=srv [SUCC] gen=0 det=1055 res=1052 orig_n=940 orig_p50_us=81920 orig_p90_us=90112 orig_p99_us=163840 orig_mx_us=184964 orig_mean_us=89491 rep_n=112 rep_p50_us=90112 rep_p90_us=98304 rep_p99_us=180224 rep_mx_us=184964 rep_mean_us=87192 aban_n=0 aban_p50_us=- aban_p90_us=- aban_p99_us=- aban_mx_us=- aban_mean_us=- open=3 over=0 orig_frac=0.8935 cross_us=1152 dump=0/0
SUCCLINE sc2-Q400 rep=4 site=srv [SUCC] gen=0 det=1289 res=1282 orig_n=1154 orig_p50_us=81920 orig_p90_us=98304 orig_p99_us=163840 orig_mx_us=184964 orig_mean_us=91818 rep_n=128 rep_p50_us=90112 rep_p90_us=98304 rep_p99_us=180224 rep_mx_us=184964 rep_mean_us=88637 aban_n=0 aban_p50_us=- aban_p90_us=- aban_p99_us=- aban_mx_us=- aban_mean_us=- open=7 over=0 orig_frac=0.9002 cross_us=1152 dump=0/0
SUCCLINE sc2-Q400 rep=4 site=srv [SUCC] gen=0 det=1535 res=1501 orig_n=1360 orig_p50_us=90112 orig_p90_us=106496 orig_p99_us=163840 orig_mx_us=199112 orig_mean_us=94773 rep_n=141 rep_p50_us=90112 rep_p90_us=106496 rep_p99_us=196608 rep_mx_us=199112 rep_mean_us=91949 aban_n=0 aban_p50_us=- aban_p90_us=- aban_p99_us=- aban_mx_us=- aban_mean_us=- open=34 over=0 orig_frac=0.9061 cross_us=1152 dump=0/0
SUCCLINE sc2-Q400 rep=4 site=srv [SUCC] gen=0 det=1850 res=1704 orig_n=1540 orig_p50_us=90112 orig_p90_us=106496 orig_p99_us=163840 orig_mx_us=199112 orig_mean_us=96060 rep_n=164 rep_p50_us=90112 rep_p90_us=106496 rep_p99_us=196608 rep_mx_us=199112 rep_mean_us=93646 aban_n=0 aban_p50_us=- aban_p90_us=- aban_p99_us=- aban_mx_us=- aban_mean_us=- open=146 over=0 orig_frac=0.9038 cross_us=1152 dump=0/0
SUCCLINE sc2-Q400 rep=4 site=srv [SUCC] gen=0 det=2071 res=2017 orig_n=1843 orig_p50_us=90112 orig_p90_us=114688 orig_p99_us=180224 orig_mx_us=201040 orig_mean_us=99074 rep_n=174 rep_p50_us=90112 rep_p90_us=114688 rep_p99_us=196608 rep_mx_us=201040 rep_mean_us=95292 aban_n=0 aban_p50_us=- aban_p90_us=- aban_p99_us=- aban_mx_us=- aban_mean_us=- open=54 over=0 orig_frac=0.9137 cross_us=1152 dump=0/0
SUCCLINE sc2-Q400 rep=4 site=srv [SUCC] gen=0 det=2374 res=2372 orig_n=2174 orig_p50_us=98304 orig_p90_us=114688 orig_p99_us=196608 orig_mx_us=204267 orig_mean_us=100678 rep_n=198 rep_p50_us=90112 rep_p90_us=114688 rep_p99_us=196608 rep_mx_us=201040 rep_mean_us=95070 aban_n=0 aban_p50_us=- aban_p90_us=- aban_p99_us=- aban_mx_us=- aban_mean_us=- open=2 over=0 orig_frac=0.9165 cross_us=1152 dump=0/0
HOLDLINE sc2-Q400 rep=4 site=cli [HOLD] site=sender path=0 gen=0 q=unset n_req=- n_obs=1000 samp_n=1000 fed=1835 t_us=- obs_p50_us=102443 obs_p90_us=107053 obs_p99_us=197523 evals=3624 law_n=0 sup=0 emit=3624 hd_p50_us=- hd_p90_us=- hd_p99_us=- hd_mx_us=- hd_n=0 fa_class=0.0625
HOLDLINE sc2-Q400 rep=4 site=cli [HOLD] site=sender path=- gen=0 q=unset n_req=- n_obs=1000 samp_n=0 fed=0 t_us=- obs_p50_us=- obs_p90_us=- obs_p99_us=- evals=21 law_n=0 sup=0 emit=21 hd_p50_us=- hd_p90_us=- hd_p99_us=- hd_mx_us=- hd_n=0 fa_class=0.0625
WALLLINE sc2-Q400 rep=4 site=cli [WALL] onset=1.0000 dur_ms=0.1 retx=0 total_ms=9017.4 it_ms=0.101
WINDOW-PARTIAL sc2-Q400 rep=4 win_ok=83566/89570 win_n=25 (RESULT, not an abort -- the fraction is to be scored, and the quantile-native sweep read 0.829-0.999 here)
VAWITNESS {"cell":"sc2","arm":"Q400","alpha":"0.4","seed":42,"rep":4,"rc":0,"mean_mbps":88.805,"band":[78,92],"band_applies":0,"in_band":1,"lossy":1,"alpha_expect":"0.4","alpha_got_cli":"0.4","alpha_got_srv":"0.4","form_expect":"quantile","form_got_cli":"quantile","form_got_srv":"quantile","winn_expect":"25","winn_got_cli":"25","winn_got_srv":"25","qclk_law_n":83566,"qclk_evals":89570,"qclk_win_ok":83566,"qclk_win_n":"25","w_us_p50":99485,"w_us_p05":83376,"w_us_p95":106987,"shipped_clock_us":100000,"fcause_n":3645,"fcause_timer":51,"fcause_gap_data":3594,"fcause_gap_refresh":0,"fcause_other":0,"fcause_unattr":0,"succ_det":2374,"succ_res":2372,"succ_orig_frac":"0.9165","rfa_fires":3703,"rfa_false":1323,"rfa_false_frac":"0.3573","rfa_fill_coded":198,"rack_fa":"2755/3645","rack_fa_frac":"0.7558","fails":""}
=== ARMCOUNTS (rows, NOT live n -- live n is law_n>0; the PRE-REGISTRATION applies the bars) 2026-08-21T18:38:42Z
ARMCOUNT sc2-CTL rows=4/4
ARMCOUNT sc2-Q400 rows=4/4
VALPHA-BATTERY-DONE seed=42 2026-08-21T18:38:42Z
=== VERDICT-ALPHA BATTERY (goal #101 item 4, THE DERIVED-alpha CLOCK) seed=42 reps=4 2026-08-21T18:38:42Z
CONTRACT goal-gate "THE VERDICT-ALPHA BATTERY -- PRE-REGISTRATION", and nothing else. Paper 16.76 is the clock's derivation and 16.79.7 names the member.
CELLS c8   (c1/c7/sc2 are the THREE STABLE cells and carry the verdict; c8 is the LOSS-HEAVY WITNESS cell and carries none. c8L is not run at all: 52x rep dispersion.)
ARMS-MEANING CTL = the shipped machine, all three gates ABSENT, byte-identical (2*srtt).clamp(25,100) ms; Q400 = W_q(alpha*) at the MEASURED BOUNDARY OPTIMUM alpha* = 0.40, the MAXIMAL NON-NULL member of the derived-alpha family (paper 16.79.7)
ARMS  CTL Q400   (paired within rep, ARMS INNERMOST)
ARMENV CTL alpha=unset form=unset gates_form=cantelli win_n=unavail | env="RWM_QUANTILE_CLOCKS=0 RWM_DELTA_CAP=1 RWM_SUM_CAP=1 RWM_RACK_CLOCKS=0 RWM_DERIVED_SWEEP=0 RWM_COMPOSED_CAP=0 RWM_THREE_TERM=0 RWM_STORE_CAP_UNIFIED=0 RWM_LATE_BRAKE=0 RWM_CHARGE_RECOVERY=0 RWM_RELEASE_1TO1=0 RWM_LOSS_SENT_TRUTH=0 RWM_RTT_DUMP=0 RWM_SUCC_DUMP=0"
ARMENV Q400 alpha=0.4 form=quantile gates_form=quantile win_n=25 | env="RWM_QUANTILE_CLOCKS=1 RWM_ALPHA_OVERRIDE=0.4 RWM_W_FORM=quantile RWM_DELTA_CAP=1 RWM_SUM_CAP=1 RWM_RACK_CLOCKS=0 RWM_DERIVED_SWEEP=0 RWM_COMPOSED_CAP=0 RWM_THREE_TERM=0 RWM_STORE_CAP_UNIFIED=0 RWM_LATE_BRAKE=0 RWM_CHARGE_RECOVERY=0 RWM_RELEASE_1TO1=0 RWM_LOSS_SENT_TRUTH=0 RWM_RTT_DUMP=0 RWM_SUCC_DUMP=0"
AXIS  RWM_QUANTILE_CLOCKS + RWM_W_FORM + RWM_ALPHA_OVERRIDE, all ABSENT/OFF by default. GARBAGE and any alpha outside (0,1) resolve back to ABSENT and print unset.
ALPHA-LITERAL the [GATES] echo prints the RESOLVED f64 through Rust's own to_string(): 0.40 renders as 0.4 and the arm table matches THAT, literally
MIRRORED-AXIS RWM_HOLDDOWN_Q and RWM_REFRESH_FLOOR_US are the PREVIOUS battery's axes and are asserted ABSENT (unset), two-sided, on EVERY row of this one
GRID  c8 shipped_clock_us=100000 band=[50,100] paths=2 spec="c2 c3 dual   25000000"
F1    THE WIRING WITNESS, SCORED FIRST: the WCLOCK lines. The armed arm must read law_n > 0 and win_n = 25 two-sided; CTL must read its cell's SHIPPED clock. It is a RESULT line and NEVER an abort.
ARM-VOID (law_n=0 on the armed arm) is a RESULT and never an abort
WINDOW-PARTIAL (win_ok < evals) is a RESULT and never an abort -- the fraction is to be scored
DIM1  DELIVERED LATENCY, per-leg, censoring-aware: the WORST LEG's p50 AND p95 from the RWM_LATPROBE per-leg ping, with legs_censor_max beside every reading
DIM2  REALIZED FALSE REPAIR: [RFA] false_frac AND [RFA] false (the COUNT), both, plus the commanded [RACK] fa_frac -- and each compared against the DERIVED alpha 0.40 as well as against CTL
GUARD goodput. G1 = the CTL band, ABSOLUTE. G2 = Copa utility at delta_auto = 0.5. See the pre-registration.
BANDSCOPE the goodput abort bands apply to CTL ONLY (band_applies=1); an out-of-band TREATMENT reading is a RESULT -- it is the guard's G1 reading
BIN /home/vibe/raptorpath/target/release/raptorpath
SHA256 91a4f8ccda35941cdbcbaf09988a2fb01baf221899131f4078200e10faa8c7f3  /home/vibe/raptorpath/target/release/raptorpath
COMMIT 999aa63307347831eef15ec60732fe9baf63db94
KERNEL 7.0.14-101.fc43.x86_64
UPTIME  20:38:42 up 2 days, 23:21,  7 users,  load average: 2.78, 3.06, 1.79
COTENANT kwin=0
0 sddm=4
CPU Model name:                              Intel(R) Xeon(R) CPU E5-2650 v3 @ 2.30GHz
CPUFLAGS aes avx2 pclmulqdq 
=== rep=1 arm=c8-CTL alpha=unset form=unset win_n=unavail seed=42 env="RWM_QUANTILE_CLOCKS=0 RWM_DELTA_CAP=1 RWM_SUM_CAP=1 RWM_RACK_CLOCKS=0 RWM_DERIVED_SWEEP=0 RWM_COMPOSED_CAP=0 RWM_THREE_TERM=0 RWM_STORE_CAP_UNIFIED=0 RWM_LATE_BRAKE=0 RWM_CHARGE_RECOVERY=0 RWM_RELEASE_1TO1=0 RWM_LOSS_SENT_TRUTH=0 RWM_RTT_DUMP=0 RWM_SUCC_DUMP=0" cell=c2/c3/dual bytes=25000000 18:38:43
[2m2026-08-21T18:38:44.747810Z[0m [32m INFO[0m [2mraptorpath::gates[0m[2m:[0m [GATES] RWM_UNIFIED=1 RWM_UNIFIED_SHED=1 RWM_TAPER_R=1 RWM_ASTAR_ANCHOR=1 RWM_MSTAR_ANCHOR=1 RWM_PLAIN_RS=0 RWM_HONEST_ANCHOR=1 RWM_HONEST_K=0 RWM_STORE_SACK_RELEASE=1 RWM_STORE_PATHS=1 RWM_STORE_PATH_POOL=2048 RWM_STORE=unset RWM_STORE_GAIN=2 RWM_STORE_BOOT=128 RWM_STORE_CAPW=0 RWM_STORE_CAP_UNIFIED=0 RWM_THREE_TERM=0 RWM_COMPOSED_CAP=0 RWM_SUM_CAP=1 RWM_LATE_BRAKE=0 RWM_DELTA_CAP=1 RWM_STORE_PERCAP=0 RWM_PERCAP_GUARD=1 RWM_STORE_BORROW=0 RWM_HONEST_CAP=1 RWM_POOL_ANCHOR=0 RWM_POOL_DELIV=0 RWM_FLOOR_BOUND=0 RWM_ACK_MERGE=1 RWM_LOSS_SENT_TRUTH=0 RWM_RELEASE_1TO1=0 RWM_CHARGE_RECOVERY=0 RWM_PATIENCE_DERIVED=0 RWM_SIDLE_DERIVED=0 RWM_WIN_DECOUPLE=0 RWM_PLACE_SLACK=0 RWM_COLD_PLACE=0 RWM_GEN=384 RWM_PIPELINE=2 RWM_GEN_PIPE=1 RWM_GEN_R=unset RWM_GEN_RATE=9000 RWM_GEN_RATE_FLOOR=2000 RWM_GEN_INFLIGHT=unset RWM_OOO_RETAIN=0/16 RWM_WINDOW=unset RWM_REPORT_GENS=unset RWM_REPAIR_WAIT=unset RWM_CODED_SRC=0 RWM_NO_REACTIVE=0 RWM_XPATH_REPAIR=0 RWM_PROACTIVE_PACER=0 RWM_REASM_BDP=0 RWM_MIN_R=0 RWM_CC_PACE=0 RWM_CC_PACE_HR=1.1 RWM_REACT_CAP=unset RWM_INFL_CAP=0 RWM_INFL_BDP=unset RWM_COPA_FEED=0 RWM_RS_ATTR=1 RWM_EMIT_BATCH=0 RWM_EMIT_BURST=64 RWM_RECOV_MP=1 RWM_RECOV_MP_LAW=1 RWM_RECOV_MP_LIVE=0 RWM_RECOV_SP=0 RWM_DERIVED_SWEEP=0 RWM_RACK_CLOCKS=0 RWM_RACK_REO_MULT=1 RWM_QUANTILE_CLOCKS=0 RWM_ALPHA_OVERRIDE=unset RWM_W_FORM=cantelli RWM_HOLDDOWN_Q=unset RWM_REFRESH_FLOOR_US=unset RWM_DIAG=1 RWM_ACKDIAG=1 RWM_ACKDIAG_WINDOW_US=2000000 RWM_RTT_DUMP=0 RWM_RTT_DUMP_MAX=400000 RWM_SUCC_DUMP=0 RWM_SUCC_DUMP_MAX=200000 RWM_WALLDIAG=1 RWM_CPUPROF=0 RWM_RDIAG=0 RWM_FDIAG=1 RWM_TRACE=0 RWM_PFRAC=0
{"bytes":25000000,"dnf":0,"hint":"bulk","max_s":2.2558,"mean_mbps":88.661,"mean_s":2.2558,"median_s":2.2558,"min_s":2.2558,"proto":"rp-native","runs":1,"stdev_s":0.0,"summary":true}
    LATPROBE-LEG leg=0 file=/tmp/rwm-ping-0.txt sent=49 recv=46 censor=6.12% p50=93.1[censor=6.12% ok] p95=97.9[censor=6.12% UNSCOREABLE(inside censored tail)] p99=98.3[censor=6.12% UNSCOREABLE(inside censored tail)]
    LATPROBE-LEG leg=1 file=/tmp/rwm-ping-1.txt sent=50 recv=49 censor=2.00% p50=41.0[censor=2.00% ok] p95=133.0[censor=2.00% ok] p99=227.0[censor=2.00% UNSCOREABLE(inside censored tail)]
    LATPROBE: 2 leg(s) /tmp/rwm-ping-0.txt=46 /tmp/rwm-ping-1.txt=49 replies
    CPU: CPUSRV=2.22s CPUCLI=1.81s (srv=decoder cli=sender; whole-invocation incl warmup)
    QDISC cli0: qdisc netem bdb9: root refcnt 7 limit 1000 delay 5ms  3ms loss gemodel p 1.3% r 50% 1-h 100% 1-k 0% rate 100Mbit seed 42  Sent 27370332 bytes 21360 pkt (dropped 86, overlimits 0 requeues 0)   backlog 0b 0p requeues 0 
    QDISC cli1: qdisc netem bdba: root refcnt 7 limit 1000 delay 20ms  5ms loss gemodel p 2% r 40% 1-h 100% 1-k 0% rate 20Mbit seed 1042  Sent 982405 bytes 1029 pkt (dropped 22, overlimits 0 requeues 0)   backlog 0b 0p requeues 0 
    QDISC srv0: qdisc netem bdbb: root refcnt 7 limit 1000 delay 5ms  3ms rate 100Mbit seed 9092912978070457842  Sent 2810350 bytes 14718 pkt (dropped 0, overlimits 0 requeues 0)   backlog 0b 0p requeues 0 
    QDISC srv1: qdisc netem bdbc: root refcnt 7 limit 1000 delay 20ms  5ms rate 20Mbit seed 2459156017536854229  Sent 181521 bytes 797 pkt (dropped 0, overlimits 0 requeues 0)   backlog 0b 0p requeues 0 
    QCAP: /tmp/rwm-q.txt 18 lines
RUNTIME c8-CTL rep=1 4s rc=0
ALPHARESULT {"cell": "c8", "arm": "CTL", "alpha_cmd": null, "seed": 42, "rep": 1, "n_paths": 2, "dnf": false, "dnf_count": 0, "mbps": 88.661, "mean_mbps": 88.661, "seconds": 2.2558, "n_runs": 1, "cpusrv": 2.22, "cpucli": 1.81, "khr_med": 1.0, "kraw_med": null, "khr_n": 12, "kraw_n": 0, "rtp_med": 41, "occ_p50": 1082, "occcap_p50": 1105, "q_p50": 100, "q_p99": 118, "diag_lines": 9, "retx": 774, "w1_rfa_gen": "0", "w2_pfrac_lines": 0, "w4_retx_max": 774, "w5_rack_fa": "98/774", "gates_cli_quantile_clocks": 0, "gates_srv_quantile_clocks": 0, "gates_cli_rack_clocks": 0, "gates_srv_rack_clocks": 0, "gates_cli_derived_sweep": 0, "gates_srv_derived_sweep": 0, "gates_cli_delta_cap": 1, "gates_srv_delta_cap": 1, "gates_cli_sum_cap": 1, "gates_srv_sum_cap": 1, "gates_cli_composed_cap": 0, "gates_srv_composed_cap": 0, "gates_cli_three_term": 0, "gates_srv_three_term": 0, "gates_cli_loss_sent_truth": 0, "gates_srv_loss_sent_truth": 0, "gates_cli_gen": null, "gates_srv_gen": null, "gates_cli_diag": 1, "gates_srv_diag": 1, "gates_cli_ackdiag": 1, "gates_srv_ackdiag": 1, "gates_cli_walldiag": 1, "gates_srv_walldiag": 1, "gates_cli_fdiag": 1, "gates_srv_fdiag": 1, "gates_cli_recov_mp": 1, "gates_srv_recov_mp": 1, "gates_cli_cc_pace": 0, "gates_srv_cc_pace": 0, "gates_cli_rack_reo_mult": 1, "gates_srv_rack_reo_mult": 1, "gates_lines_cli": 1, "gates_lines_srv": 1, "gate_quantile_cli": "0", "gate_quantile_srv": "0", "gate_alpha_cli": "unset", "gate_alpha_srv": "unset", "gate_gen_cli": 384, "gate_gen_srv": 384, "gate_wform_cli": "cantelli", "gate_wform_srv": "cantelli", "qalpha_lines_cli": 1, "qalpha_site_cli": "sender", "qalpha_quantile_cli": 0, "qalpha_contract_cli": 0.001, "qalpha_override_cli": null, "qalpha_cli": 0.001, "qalpha_k_cli": 31.607, "qalpha_form_cli": "cantelli", "qalpha_winn_cli": "unavail", "qalpha_lines_srv": 1, "qalpha_site_srv": "receiver", "qalpha_quantile_srv": 0, "qalpha_contract_srv": 1e-05, "qalpha_override_srv": null, "qalpha_srv": 1e-05, "qalpha_k_srv": 316.2262, "qalpha_form_srv": "cantelli", "qalpha_winn_srv": "unavail", "qclk_cli_lines": 1, "qclk_cli_site": "sender", "qclk_cli_alpha": 0.001, "qclk_cli_k": 31.607, "qclk_cli_w_us_mean": 98668.5, "qclk_cli_srtt_us_mean": 111526.0, "qclk_cli_on": 0, "qclk_cli_evals": 22448, "qclk_cli_kept": 2806, "qclk_cli_w_us_p05": 100000, "qclk_cli_w_us_p50": 100000, "qclk_cli_w_us_p95": 100000, "qclk_cli_w_us_min": 25000, "qclk_cli_w_us_max": 100000, "qclk_cli_law_n": 22448, "qclk_cli_sigma_us_mean": 18988.7, "qclk_cli_sigma_n": 22239, "qclk_form_cli": "cantelli", "qclk_winn_cli": "unavail", "qclk_win_ok_cli": 0, "qclk_srv_lines": 2, "qclk_srv_site": "receiver", "qclk_srv_alpha": 1e-05, "qclk_srv_k": 316.2262, "qclk_srv_w_us_mean": 100000.0, "qclk_srv_srtt_us_mean": 85167.8, "qclk_srv_on": 0, "qclk_srv_evals": 16078, "qclk_srv_kept": 4020, "qclk_srv_w_us_p05": 100000, "qclk_srv_w_us_p50": 100000, "qclk_srv_w_us_p95": 100000, "qclk_srv_w_us_min": 100000, "qclk_srv_w_us_max": 100000, "qclk_srv_law_n": 16078, "qclk_srv_sigma_us_mean": 16044.4, "qclk_srv_sigma_n": 15402, "qclk_form_srv": "cantelli", "qclk_winn_srv": "unavail", "qclk_win_ok_srv": 0, "rack_lines_cli": 2, "rack_on_cli": 0, "rack_evals_cli": 0, "rack_ceil_cli": 0.0, "rack_gran_cli": 0.0, "rack_legacy_pin_cli": 0.0, "rack_round_cli": 0.0, "rack_legacy_cli": 0.0, "rack_mult_cli": 1, "rack_fa_n_cli": 98, "rack_fa_d_cli": 774, "rack_fa_frac_cli": 0.1266, "rack_fa_class_cli": 0.0625, "rack_lines_srv": 0, "rack_on_srv": null, "rack_evals_srv": null, "rack_ceil_srv": null, "rack_gran_srv": null, "rack_legacy_pin_srv": null, "rack_round_srv": null, "rack_legacy_srv": null, "rack_mult_srv": null, "rack_fa_n_srv": null, "rack_fa_d_srv": null, "rack_fa_frac_srv": null, "rack_fa_class_srv": null, "rack_fired": 774, "rack_spurious": 98, "rack_fa_frac": 0.1266, "rack_fa_class": 0.0625, "rack_round_us": 0.0, "rack_legacy_us": 0.0, "rack_evals": 0, "rack_legacy_pin": 0.0, "rfa_lines": 2, "rfa_gen": 0, "rfa_fires": 2499, "rfa_false": 390, "rfa_fill_coded": 140, "rfa_fill_src": 1969, "rfa_dup_src": 259, "rfa_preempt_src": 131, "rfa_src_n": 18564, "rfa_rep_n": 381, "rfa_false_frac": 0.1561, "rfa_nu_recv": 0.13462, "rfa_fa_class": 0.0625, "rfa_bracket_lo": 0.1561, "rfa_bracket_hi": 0.735849, "sf_ticks": 349, "sf_E": 0.9499, "sf_short": 0.0888, "sf_zero": 0.0115, "capboot_n": 6, "capboot_frac": 0.0, "ping_n": 46, "ping_p50": 92.9, "ping_p95": 97.9, "ping_p99": 98.3, "ping_tx": 49, "ping_rx": 46, "ping_loss": 6.12, "ping_censor_frac": 0.0612, "legs_probed": 1, "leg0_n": 46, "leg0_sent": 49, "leg0_recv": 46, "leg0_sent_source": "summary", "leg0_censor_frac": 0.0612, "leg0_censor_pct": 6.12, "leg0_recv_mismatch": false, "leg0_leg_unscoreable": false, "leg0_min": 6.96, "leg0_max": 98.3, "leg0_p50": 93.1, "leg0_p50_censored": false, "leg0_p50_scoreable": true, "leg0_p95": 97.9, "leg0_p95_censored": true, "leg0_p95_scoreable": false, "leg0_p99": 98.3, "leg0_p99_censored": true, "leg0_p99_scoreable": false, "legs_censor_max": 0.0612, "wait_tun": 28, "wait_paused": 33, "wait_pace": 0, "wait_gen": 0, "wait_nack": 33, "wait_defc": 0, "wait_tail": 1, "wait_flush": 0, "wait_lines": 6, "deadwall": false, "sig_us_p50": 227.0, "sig_us_n": 20827, "sig_us_path": 0, "sig_paths": 2, "pl_n": 12, "pl_max": 0.6446, "pl_min": 0.0, "pl_p0": 0.0, "pl_p1": 0.6446, "dgq_hand": 22407, "dgq_full": 0, "dgq_err": 0, "dgq_gap": 0, "tc_bytes": 28352837, "tc_pkts": 22390, "tc_drop": 108, "tc_s": 4, "hold_lines": 3, "hold_samp_n": 1338, "hold_fed": 1485, "hold_evals": 773, "hold_law_n": 0, "hold_sup": 0, "hold_emit": 773, "hold_hd_n": 0, "hold_q": "unset", "hold_n_req": "-", "hold_n_obs": 1000, "hold_gen": 0, "hold_sup_frac": 0.0, "hold_law_frac": 0.0, "hold_obs_p50_us": 16683, "hold_obs_p90_us": 127471, "hold_obs_p99_us": 218236, "hold_t_us_p0": null, "hold_t_us_p1": null, "hold_samp_n_p0": 1000, "hold_samp_n_p1": 338, "hold_hd_p50_us": null, "hold_hd_p90_us": null, "hold_hd_p99_us": null, "hold_hd_mx_us": null, "hold_unattr_evals": 1, "hold_paths_n": 2, "hold_accounting_ok": 1, "hold_obs_p50_us_p0": 16683, "hold_obs_p90_us_p0": 127471, "hold_obs_p99_us_p0": 145267, "hold_obs_p50_us_p1": 5510, "hold_obs_p90_us_p1": 101530, "hold_obs_p99_us_p1": 218236, "hold_rpd": 0.364578, "fcause_lines": 1, "fcause_gen": 0, "fcause_n": 774, "fcause_timer": 1, "fcause_gap_data": 773, "fcause_gap_refresh": 0, "fcause_other": 0, "fcause_fired": 774, "fcause_unattr": 0, "fcause_timer_frac": 0.0013, "fcause_gap_frac": 0.9987, "succ_lines": 2, "succ_gen": 0, "succ_det": 2123, "succ_res": 2102, "succ_orig_n": 1969, "succ_rep_n": 133, "succ_aban_n": 4, "succ_open": 17, "succ_over": 0, "succ_orig_p50_us": 22528, "succ_orig_p90_us": 147456, "succ_orig_p99_us": 262144, "succ_orig_mx_us": 340398, "succ_orig_frac": 0.9367, "succ_identity_ok": 1}
LIVENESS c8-CTL rep=1 RWM_QUANTILE_CLOCKS=RWM_QUANTILE_CLOCKS=0/RWM_QUANTILE_CLOCKS=0(exp0) RWM_ALPHA_OVERRIDE=RWM_ALPHA_OVERRIDE=unset/RWM_ALPHA_OVERRIDE=unset(expunset) RWM_W_FORM=RWM_W_FORM=cantelli/RWM_W_FORM=cantelli(expcantelli) RWM_DELTA_CAP=RWM_DELTA_CAP=1/RWM_DELTA_CAP=1(exp1) RWM_SUM_CAP=RWM_SUM_CAP=1/RWM_SUM_CAP=1(exp1) RWM_HOLDDOWN_Q=RWM_HOLDDOWN_Q=unset/RWM_HOLDDOWN_Q=unset(expunset) RWM_REFRESH_FLOOR_US=RWM_REFRESH_FLOOR_US=unset/RWM_REFRESH_FLOOR_US=unset(expunset) RWM_RACK_CLOCKS=RWM_RACK_CLOCKS=0/RWM_RACK_CLOCKS=0(exp0) RWM_DERIVED_SWEEP=RWM_DERIVED_SWEEP=0/RWM_DERIVED_SWEEP=0(exp0) RWM_COMPOSED_CAP=RWM_COMPOSED_CAP=0/RWM_COMPOSED_CAP=0(exp0) RWM_THREE_TERM=RWM_THREE_TERM=0/RWM_THREE_TERM=0(exp0) RWM_STORE_CAP_UNIFIED=RWM_STORE_CAP_UNIFIED=0/RWM_STORE_CAP_UNIFIED=0(exp0) RWM_LATE_BRAKE=RWM_LATE_BRAKE=0/RWM_LATE_BRAKE=0(exp0) RWM_CHARGE_RECOVERY=RWM_CHARGE_RECOVERY=0/RWM_CHARGE_RECOVERY=0(exp0) RWM_RELEASE_1TO1=RWM_RELEASE_1TO1=0/RWM_RELEASE_1TO1=0(exp0) RWM_LOSS_SENT_TRUTH=RWM_LOSS_SENT_TRUTH=0/RWM_LOSS_SENT_TRUTH=0(exp0) RWM_RTT_DUMP=RWM_RTT_DUMP=0/RWM_RTT_DUMP=0(exp0) RWM_SUCC_DUMP=RWM_SUCC_DUMP=0/RWM_SUCC_DUMP=0(exp0) RWM_DIAG=RWM_DIAG=1/RWM_DIAG=1(exp1) RWM_ACKDIAG=RWM_ACKDIAG=1/RWM_ACKDIAG=1(exp1) RWM_WALLDIAG=RWM_WALLDIAG=1/RWM_WALLDIAG=1(exp1) RWM_FDIAG=RWM_FDIAG=1/RWM_FDIAG=1(exp1)
W5QALPHA c8-CTL rep=1 cli=form:cantelli/win_n:unavail/alpha:1.000000e-3 srv=form:cantelli/win_n:unavail/alpha:1.000000e-5 (exp form=cantelli win_n=unavail)
WCLOCK c8-CTL rep=1 law_n=22448 evals=22448 win_ok=0 win_n=unavail p50=100000 p05=100000 p95=100000 shipped_clock=100000
W8SUCC c8-CTL rep=1 det=2123 res=2102 orig_frac=0.9367
QALPHALINE c8-CTL rep=1 site=cli [QALPHA] site=receiver quantile=0 form=cantelli win_n=unavail contract_alpha=1.000000e-5 override=unset alpha=1.000000e-5 k=316.2262 fa_class=0.0625
QALPHALINE c8-CTL rep=1 site=cli [QALPHA] site=sender quantile=0 form=cantelli win_n=unavail contract_alpha=1.000000e-3 override=unset alpha=1.000000e-3 k=31.6070 fa_class=0.0625
QALPHALINE c8-CTL rep=1 site=srv [QALPHA] site=receiver quantile=0 form=cantelli win_n=unavail contract_alpha=1.000000e-5 override=unset alpha=1.000000e-5 k=316.2262 fa_class=0.0625
QALPHALINE c8-CTL rep=1 site=srv [QALPHA] site=sender quantile=0 form=cantelli win_n=unavail contract_alpha=1.000000e-3 override=unset alpha=1.000000e-3 k=31.6070 fa_class=0.0625
QCLKLINE c8-CTL rep=1 site=cli [QCLK] site=sender on=0 form=cantelli win_n=unavail win_ok=0 alpha=1.000000e-3 k=31.6070 evals=22448 law_n=22448 kept=2806 w_us_mean=98668.5 w_us_p05=100000 w_us_p50=100000 w_us_p95=100000 w_us_min=25000 w_us_max=100000 srtt_us_mean=111526.0 sigma_us_mean=18988.7/n22239 fa_class=0.0625
QCLKLINE c8-CTL rep=1 site=srv [QCLK] site=receiver on=0 form=cantelli win_n=unavail win_ok=0 alpha=1.000000e-5 k=316.2262 evals=8700 law_n=8700 kept=2175 w_us_mean=100000.0 w_us_p05=100000 w_us_p50=100000 w_us_p95=100000 w_us_min=100000 w_us_max=100000 srtt_us_mean=69858.2 sigma_us_mean=17725.8/n8024 fa_class=0.0625
QCLKLINE c8-CTL rep=1 site=srv [QCLK] site=receiver on=0 form=cantelli win_n=unavail win_ok=0 alpha=1.000000e-5 k=316.2262 evals=16078 law_n=16078 kept=4020 w_us_mean=100000.0 w_us_p05=100000 w_us_p50=100000 w_us_p95=100000 w_us_min=100000 w_us_max=100000 srtt_us_mean=85167.8 sigma_us_mean=16044.4/n15402 fa_class=0.0625
RACKLINE c8-CTL rep=1 site=cli [RACK] on=0 evals=0 ceil=0.0000 gran=0.0000 legacy_pin=0.0000 round=0.0 legacy=0.0 mult=1 fa=15/15 fa_frac=1.0000 fa_class=0.0625
RACKLINE c8-CTL rep=1 site=cli [RACK] on=0 evals=0 ceil=0.0000 gran=0.0000 legacy_pin=0.0000 round=0.0 legacy=0.0 mult=1 fa=98/774 fa_frac=0.1266 fa_class=0.0625
RFALINE c8-CTL rep=1 site=cli [RFA] gen=0 fires=9 false=9 false_frac=1.0000 fill_coded=0 fill_src=0 dup_src=9 preempt_src=0 src_n=10 rep_n=8 nu_recv=0.90000 fa_class=0.0625
RFALINE c8-CTL rep=1 site=cli [RFA] gen=0 fires=14 false=14 false_frac=1.0000 fill_coded=0 fill_src=0 dup_src=14 preempt_src=0 src_n=15 rep_n=13 nu_recv=0.93333 fa_class=0.0625
RFALINE c8-CTL rep=1 site=cli [RFA] gen=0 fires=15 false=15 false_frac=1.0000 fill_coded=0 fill_src=0 dup_src=15 preempt_src=0 src_n=17 rep_n=15 nu_recv=0.88235 fa_class=0.0625
RFALINE c8-CTL rep=1 site=srv [RFA] gen=0 fires=2266 false=354 false_frac=0.1562 fill_coded=111 fill_src=1801 dup_src=259 preempt_src=95 src_n=9059 rep_n=244 nu_recv=0.25014 fa_class=0.0625
RFALINE c8-CTL rep=1 site=srv [RFA] gen=0 fires=2499 false=390 false_frac=0.1561 fill_coded=140 fill_src=1969 dup_src=259 preempt_src=131 src_n=18564 rep_n=381 nu_recv=0.13462 fa_class=0.0625
FCAUSELINE c8-CTL rep=1 site=cli [FCAUSE] gen=0 n=774 timer=1 gap_data=773 gap_refresh=0 other=0 timer_frac=0.0013 gap_frac=0.9987 fired=774 unattr=0 fa_class=0.0625
SUCCLINE c8-CTL rep=1 site=cli [SUCC] gen=0 det=0 res=0 orig_n=0 orig_p50_us=- orig_p90_us=- orig_p99_us=- orig_mx_us=- orig_mean_us=- rep_n=0 rep_p50_us=- rep_p90_us=- rep_p99_us=- rep_mx_us=- rep_mean_us=- aban_n=0 aban_p50_us=- aban_p90_us=- aban_p99_us=- aban_mx_us=- aban_mean_us=- open=0 over=0 orig_frac=- cross_us=- dump=0/0
SUCCLINE c8-CTL rep=1 site=cli [SUCC] gen=0 det=0 res=0 orig_n=0 orig_p50_us=- orig_p90_us=- orig_p99_us=- orig_mx_us=- orig_mean_us=- rep_n=0 rep_p50_us=- rep_p90_us=- rep_p99_us=- rep_mx_us=- rep_mean_us=- aban_n=0 aban_p50_us=- aban_p90_us=- aban_p99_us=- aban_mx_us=- aban_mean_us=- open=0 over=0 orig_frac=- cross_us=- dump=0/0
SUCCLINE c8-CTL rep=1 site=srv [SUCC] gen=0 det=1945 res=1905 orig_n=1801 orig_p50_us=16384 orig_p90_us=147456 orig_p99_us=262144 orig_mx_us=340398 orig_mean_us=46680 rep_n=104 rep_p50_us=81920 rep_p90_us=262144 rep_p99_us=294912 rep_mx_us=302701 rep_mean_us=126981 aban_n=1 aban_p50_us=80 aban_p90_us=80 aban_p99_us=80 aban_mx_us=82 aban_mean_us=82 open=39 over=0 orig_frac=0.9454 cross_us=- dump=0/0
SUCCLINE c8-CTL rep=1 site=srv [SUCC] gen=0 det=2123 res=2102 orig_n=1969 orig_p50_us=22528 orig_p90_us=147456 orig_p99_us=262144 orig_mx_us=340398 orig_mean_us=53666 rep_n=133 rep_p50_us=122880 rep_p90_us=180224 rep_p99_us=294912 rep_mx_us=302701 rep_mean_us=124444 aban_n=4 aban_p50_us=122880 aban_p90_us=122880 aban_p99_us=122880 aban_mx_us=129795 aban_mean_us=97366 open=17 over=0 orig_frac=0.9367 cross_us=- dump=0/0
HOLDLINE c8-CTL rep=1 site=cli [HOLD] site=sender path=0 gen=0 q=unset n_req=- n_obs=1000 samp_n=1000 fed=1147 t_us=- obs_p50_us=16683 obs_p90_us=127471 obs_p99_us=145267 evals=657 law_n=0 sup=0 emit=657 hd_p50_us=- hd_p90_us=- hd_p99_us=- hd_mx_us=- hd_n=0 fa_class=0.0625
HOLDLINE c8-CTL rep=1 site=cli [HOLD] site=sender path=1 gen=0 q=unset n_req=- n_obs=1000 samp_n=338 fed=338 t_us=- obs_p50_us=5510 obs_p90_us=101530 obs_p99_us=218236 evals=116 law_n=0 sup=0 emit=116 hd_p50_us=- hd_p90_us=- hd_p99_us=- hd_mx_us=- hd_n=0 fa_class=0.0625
HOLDLINE c8-CTL rep=1 site=cli [HOLD] site=sender path=- gen=0 q=unset n_req=- n_obs=1000 samp_n=0 fed=0 t_us=- obs_p50_us=- obs_p90_us=- obs_p99_us=- evals=1 law_n=0 sup=0 emit=1 hd_p50_us=- hd_p90_us=- hd_p99_us=- hd_mx_us=- hd_n=0 fa_class=0.0625
WALLLINE c8-CTL rep=1 site=cli [WALL] onset=1.0000 dur_ms=0.0 retx=0 total_ms=2285.8 it_ms=0.102
VAWITNESS {"cell":"c8","arm":"CTL","alpha":"unset","seed":42,"rep":1,"rc":0,"mean_mbps":88.661,"band":[50,100],"band_applies":1,"in_band":1,"lossy":1,"alpha_expect":"unset","alpha_got_cli":"unset","alpha_got_srv":"unset","form_expect":"cantelli","form_got_cli":"cantelli","form_got_srv":"cantelli","winn_expect":"unavail","winn_got_cli":"unavail","winn_got_srv":"unavail","qclk_law_n":22448,"qclk_evals":22448,"qclk_win_ok":0,"qclk_win_n":"unavail","w_us_p50":100000,"w_us_p05":100000,"w_us_p95":100000,"shipped_clock_us":100000,"fcause_n":774,"fcause_timer":1,"fcause_gap_data":773,"fcause_gap_refresh":0,"fcause_other":0,"fcause_unattr":0,"succ_det":2123,"succ_res":2102,"succ_orig_frac":"0.9367","rfa_fires":2499,"rfa_false":390,"rfa_false_frac":"0.1561","rfa_fill_coded":140,"rack_fa":"98/774","rack_fa_frac":"0.1266","fails":""}
=== rep=1 arm=c8-Q400 alpha=0.4 form=quantile win_n=25 seed=42 env="RWM_QUANTILE_CLOCKS=1 RWM_ALPHA_OVERRIDE=0.4 RWM_W_FORM=quantile RWM_DELTA_CAP=1 RWM_SUM_CAP=1 RWM_RACK_CLOCKS=0 RWM_DERIVED_SWEEP=0 RWM_COMPOSED_CAP=0 RWM_THREE_TERM=0 RWM_STORE_CAP_UNIFIED=0 RWM_LATE_BRAKE=0 RWM_CHARGE_RECOVERY=0 RWM_RELEASE_1TO1=0 RWM_LOSS_SENT_TRUTH=0 RWM_RTT_DUMP=0 RWM_SUCC_DUMP=0" cell=c2/c3/dual bytes=25000000 18:38:48
[2m2026-08-21T18:38:49.973629Z[0m [32m INFO[0m [2mraptorpath::gates[0m[2m:[0m [GATES] RWM_UNIFIED=1 RWM_UNIFIED_SHED=1 RWM_TAPER_R=1 RWM_ASTAR_ANCHOR=1 RWM_MSTAR_ANCHOR=1 RWM_PLAIN_RS=0 RWM_HONEST_ANCHOR=1 RWM_HONEST_K=0 RWM_STORE_SACK_RELEASE=1 RWM_STORE_PATHS=1 RWM_STORE_PATH_POOL=2048 RWM_STORE=unset RWM_STORE_GAIN=2 RWM_STORE_BOOT=128 RWM_STORE_CAPW=0 RWM_STORE_CAP_UNIFIED=0 RWM_THREE_TERM=0 RWM_COMPOSED_CAP=0 RWM_SUM_CAP=1 RWM_LATE_BRAKE=0 RWM_DELTA_CAP=1 RWM_STORE_PERCAP=0 RWM_PERCAP_GUARD=1 RWM_STORE_BORROW=0 RWM_HONEST_CAP=1 RWM_POOL_ANCHOR=0 RWM_POOL_DELIV=0 RWM_FLOOR_BOUND=0 RWM_ACK_MERGE=1 RWM_LOSS_SENT_TRUTH=0 RWM_RELEASE_1TO1=0 RWM_CHARGE_RECOVERY=0 RWM_PATIENCE_DERIVED=0 RWM_SIDLE_DERIVED=0 RWM_WIN_DECOUPLE=0 RWM_PLACE_SLACK=0 RWM_COLD_PLACE=0 RWM_GEN=384 RWM_PIPELINE=2 RWM_GEN_PIPE=1 RWM_GEN_R=unset RWM_GEN_RATE=9000 RWM_GEN_RATE_FLOOR=2000 RWM_GEN_INFLIGHT=unset RWM_OOO_RETAIN=0/16 RWM_WINDOW=unset RWM_REPORT_GENS=unset RWM_REPAIR_WAIT=unset RWM_CODED_SRC=0 RWM_NO_REACTIVE=0 RWM_XPATH_REPAIR=0 RWM_PROACTIVE_PACER=0 RWM_REASM_BDP=0 RWM_MIN_R=0 RWM_CC_PACE=0 RWM_CC_PACE_HR=1.1 RWM_REACT_CAP=unset RWM_INFL_CAP=0 RWM_INFL_BDP=unset RWM_COPA_FEED=0 RWM_RS_ATTR=1 RWM_EMIT_BATCH=0 RWM_EMIT_BURST=64 RWM_RECOV_MP=1 RWM_RECOV_MP_LAW=1 RWM_RECOV_MP_LIVE=0 RWM_RECOV_SP=0 RWM_DERIVED_SWEEP=0 RWM_RACK_CLOCKS=0 RWM_RACK_REO_MULT=1 RWM_QUANTILE_CLOCKS=1 RWM_ALPHA_OVERRIDE=0.4 RWM_W_FORM=quantile RWM_HOLDDOWN_Q=unset RWM_REFRESH_FLOOR_US=unset RWM_DIAG=1 RWM_ACKDIAG=1 RWM_ACKDIAG_WINDOW_US=2000000 RWM_RTT_DUMP=0 RWM_RTT_DUMP_MAX=400000 RWM_SUCC_DUMP=0 RWM_SUCC_DUMP_MAX=200000 RWM_WALLDIAG=1 RWM_CPUPROF=0 RWM_RDIAG=0 RWM_FDIAG=1 RWM_TRACE=0 RWM_PFRAC=0
{"bytes":25000000,"dnf":0,"hint":"bulk","max_s":2.0753,"mean_mbps":96.372,"mean_s":2.0753,"median_s":2.0753,"min_s":2.0753,"proto":"rp-native","runs":1,"stdev_s":0.0,"summary":true}
    LATPROBE-LEG leg=0 file=/tmp/rwm-ping-0.txt sent=45 recv=43 censor=4.44% p50=59.6[censor=4.44% ok] p95=65.0[censor=4.44% ok] p99=65.9[censor=4.44% UNSCOREABLE(inside censored tail)]
    LATPROBE-LEG leg=1 file=/tmp/rwm-ping-1.txt sent=45 recv=38 censor=15.56% p50=106.0[censor=15.56% ok] p95=289.0[censor=15.56% UNSCOREABLE(inside censored tail)] p99=301.0[censor=15.56% UNSCOREABLE(inside censored tail)]
    LATPROBE: 2 leg(s) /tmp/rwm-ping-0.txt=43 /tmp/rwm-ping-1.txt=38 replies
    CPU: CPUSRV=2.40s CPUCLI=2.22s (srv=decoder cli=sender; whole-invocation incl warmup)
    QDISC cli0: qdisc netem bdbd: root refcnt 7 limit 1000 delay 5ms  3ms loss gemodel p 1.3% r 50% 1-h 100% 1-k 0% rate 100Mbit seed 42  Sent 24216118 bytes 18877 pkt (dropped 82, overlimits 0 requeues 0)   backlog 0b 0p requeues 0 
    QDISC cli1: qdisc netem bdbe: root refcnt 7 limit 1000 delay 20ms  5ms loss gemodel p 2% r 40% 1-h 100% 1-k 0% rate 20Mbit seed 1042  Sent 4579919 bytes 4400 pkt (dropped 89, overlimits 0 requeues 0)   backlog 0b 0p requeues 0 
    QDISC srv0: qdisc netem bdbf: root refcnt 7 limit 1000 delay 5ms  3ms rate 100Mbit seed 16756868661528830090  Sent 2551259 bytes 13459 pkt (dropped 0, overlimits 0 requeues 0)   backlog 0b 0p requeues 0 
    QDISC srv1: qdisc netem bdc0: root refcnt 7 limit 1000 delay 20ms  5ms rate 20Mbit seed 8091178740175402905  Sent 738842 bytes 3524 pkt (dropped 0, overlimits 0 requeues 0)   backlog 0b 0p requeues 0 
    QCAP: /tmp/rwm-q.txt 18 lines
RUNTIME c8-Q400 rep=1 4s rc=0
ALPHARESULT {"cell": "c8", "arm": "Q400", "alpha_cmd": 0.4, "seed": 42, "rep": 1, "n_paths": 2, "dnf": false, "dnf_count": 0, "mbps": 96.372, "mean_mbps": 96.372, "seconds": 2.0753, "n_runs": 1, "cpusrv": 2.4, "cpucli": 2.22, "khr_med": 1.0, "kraw_med": null, "khr_n": 10, "kraw_n": 0, "rtp_med": 10, "occ_p50": 962, "occcap_p50": 1342, "q_p50": 111, "q_p99": 227, "diag_lines": 8, "retx": 1085, "w1_rfa_gen": "0", "w2_pfrac_lines": 0, "w4_retx_max": 1085, "w5_rack_fa": "426/1132", "gates_cli_quantile_clocks": 1, "gates_srv_quantile_clocks": 1, "gates_cli_rack_clocks": 0, "gates_srv_rack_clocks": 0, "gates_cli_derived_sweep": 0, "gates_srv_derived_sweep": 0, "gates_cli_delta_cap": 1, "gates_srv_delta_cap": 1, "gates_cli_sum_cap": 1, "gates_srv_sum_cap": 1, "gates_cli_composed_cap": 0, "gates_srv_composed_cap": 0, "gates_cli_three_term": 0, "gates_srv_three_term": 0, "gates_cli_loss_sent_truth": 0, "gates_srv_loss_sent_truth": 0, "gates_cli_gen": null, "gates_srv_gen": null, "gates_cli_diag": 1, "gates_srv_diag": 1, "gates_cli_ackdiag": 1, "gates_srv_ackdiag": 1, "gates_cli_walldiag": 1, "gates_srv_walldiag": 1, "gates_cli_fdiag": 1, "gates_srv_fdiag": 1, "gates_cli_recov_mp": 1, "gates_srv_recov_mp": 1, "gates_cli_cc_pace": 0, "gates_srv_cc_pace": 0, "gates_cli_rack_reo_mult": 1, "gates_srv_rack_reo_mult": 1, "gates_lines_cli": 1, "gates_lines_srv": 1, "gate_quantile_cli": "1", "gate_quantile_srv": "1", "gate_alpha_cli": "0.4", "gate_alpha_srv": "0.4", "gate_gen_cli": 384, "gate_gen_srv": 384, "gate_wform_cli": "quantile", "gate_wform_srv": "quantile", "qalpha_lines_cli": 1, "qalpha_site_cli": "sender", "qalpha_quantile_cli": 1, "qalpha_contract_cli": 0.001, "qalpha_override_cli": 0.4, "qalpha_cli": 0.4, "qalpha_k_cli": 1.2247, "qalpha_form_cli": "quantile", "qalpha_winn_cli": "25", "qalpha_lines_srv": 1, "qalpha_site_srv": "receiver", "qalpha_quantile_srv": 1, "qalpha_contract_srv": 1e-05, "qalpha_override_srv": 0.4, "qalpha_srv": 0.4, "qalpha_k_srv": 1.2247, "qalpha_form_srv": "quantile", "qalpha_winn_srv": "25", "qclk_cli_lines": 1, "qclk_cli_site": "sender", "qclk_cli_alpha": 0.4, "qclk_cli_k": 1.2247, "qclk_cli_w_us_mean": 155613.3, "qclk_cli_srtt_us_mean": 152803.2, "qclk_cli_on": 1, "qclk_cli_evals": 21995, "qclk_cli_kept": 2720, "qclk_cli_w_us_p05": 66913, "qclk_cli_w_us_p50": 140962, "qclk_cli_w_us_p95": 286933, "qclk_cli_w_us_min": 15963, "qclk_cli_w_us_max": 303572, "qclk_cli_law_n": 21755, "qclk_cli_sigma_us_mean": 4737.3, "qclk_cli_sigma_n": 21755, "qclk_form_cli": "quantile", "qclk_winn_cli": "25", "qclk_win_ok_cli": 21755, "qclk_srv_lines": 2, "qclk_srv_site": "receiver", "qclk_srv_alpha": 0.4, "qclk_srv_k": 1.2247, "qclk_srv_w_us_mean": 0.0, "qclk_srv_srtt_us_mean": 0.0, "qclk_srv_on": 1, "qclk_srv_evals": 21046, "qclk_srv_kept": 0, "qclk_srv_w_us_p05": 0, "qclk_srv_w_us_p50": 0, "qclk_srv_w_us_p95": 0, "qclk_srv_w_us_min": 0, "qclk_srv_w_us_max": 0, "qclk_srv_law_n": 0, "qclk_srv_sigma_us_mean": 43873.7, "qclk_srv_sigma_n": 20240, "qclk_form_srv": "quantile", "qclk_winn_srv": "25", "qclk_win_ok_srv": 0, "rack_lines_cli": 2, "rack_on_cli": 0, "rack_evals_cli": 0, "rack_ceil_cli": 0.0, "rack_gran_cli": 0.0, "rack_legacy_pin_cli": 0.0, "rack_round_cli": 0.0, "rack_legacy_cli": 0.0, "rack_mult_cli": 1, "rack_fa_n_cli": 426, "rack_fa_d_cli": 1132, "rack_fa_frac_cli": 0.3763, "rack_fa_class_cli": 0.0625, "rack_lines_srv": 0, "rack_on_srv": null, "rack_evals_srv": null, "rack_ceil_srv": null, "rack_gran_srv": null, "rack_legacy_pin_srv": null, "rack_round_srv": null, "rack_legacy_srv": null, "rack_mult_srv": null, "rack_fa_n_srv": null, "rack_fa_d_srv": null, "rack_fa_frac_srv": null, "rack_fa_class_srv": null, "rack_fired": 1132, "rack_spurious": 426, "rack_fa_frac": 0.3763, "rack_fa_class": 0.0625, "rack_round_us": 0.0, "rack_legacy_us": 0.0, "rack_evals": 0, "rack_legacy_pin": 0.0, "rfa_lines": 2, "rfa_gen": 0, "rfa_fires": 8952, "rfa_false": 696, "rfa_fill_coded": 186, "rfa_fill_src": 8070, "rfa_dup_src": 526, "rfa_preempt_src": 170, "rfa_src_n": 20873, "rfa_rep_n": 421, "rfa_false_frac": 0.0777, "rfa_nu_recv": 0.42888, "rfa_fa_class": 0.0625, "rfa_bracket_lo": 0.0777, "rfa_bracket_hi": 0.789116, "sf_ticks": 353, "sf_E": 0.9518, "sf_short": 0.085, "sf_zero": 0.0113, "capboot_n": 5, "capboot_frac": 0.0, "ping_n": 43, "ping_p50": 59.6, "ping_p95": 65.0, "ping_p99": 65.9, "ping_tx": 45, "ping_rx": 43, "ping_loss": 4.44, "ping_censor_frac": 0.0444, "legs_probed": 1, "leg0_n": 43, "leg0_sent": 45, "leg0_recv": 43, "leg0_sent_source": "summary", "leg0_censor_frac": 0.0444, "leg0_censor_pct": 4.44, "leg0_recv_mismatch": false, "leg0_leg_unscoreable": false, "leg0_min": 5.41, "leg0_max": 65.9, "leg0_p50": 59.6, "leg0_p50_censored": false, "leg0_p50_scoreable": true, "leg0_p95": 65.0, "leg0_p95_censored": false, "leg0_p95_scoreable": true, "leg0_p99": 65.9, "leg0_p99_censored": true, "leg0_p99_scoreable": false, "legs_censor_max": 0.0444, "wait_tun": 50, "wait_paused": 19, "wait_pace": 0, "wait_gen": 0, "wait_nack": 21, "wait_defc": 0, "wait_tail": 0, "wait_flush": 0, "wait_lines": 5, "deadwall": false, "sig_us_p50": 85.0, "sig_us_n": 18260, "sig_us_path": 0, "sig_paths": 2, "pl_n": 10, "pl_max": 0.2435, "pl_min": 0.0002, "pl_p0": 0.0002, "pl_p1": 0.2435, "dgq_hand": 22707, "dgq_full": 0, "dgq_err": 0, "dgq_gap": 16, "tc_bytes": 28796037, "tc_pkts": 23277, "tc_drop": 171, "tc_s": 4, "hold_lines": 3, "hold_samp_n": 2000, "hold_fed": 12432, "hold_evals": 1131, "hold_law_n": 0, "hold_sup": 0, "hold_emit": 1131, "hold_hd_n": 0, "hold_q": "unset", "hold_n_req": "-", "hold_n_obs": 1000, "hold_gen": 0, "hold_sup_frac": 0.0, "hold_law_frac": 0.0, "hold_obs_p50_us": 13198, "hold_obs_p90_us": 53521, "hold_obs_p99_us": 198935, "hold_t_us_p0": null, "hold_t_us_p1": null, "hold_samp_n_p0": 1000, "hold_samp_n_p1": 1000, "hold_hd_p50_us": null, "hold_hd_p90_us": null, "hold_hd_p99_us": null, "hold_hd_mx_us": null, "hold_unattr_evals": 1, "hold_paths_n": 2, "hold_accounting_ok": 1, "hold_obs_p50_us_p0": 13198, "hold_obs_p90_us_p0": 53521, "hold_obs_p99_us_p0": 157448, "hold_obs_p50_us_p1": 6845, "hold_obs_p90_us_p1": 31905, "hold_obs_p99_us_p1": 198935, "hold_rpd": 0.132879, "fcause_lines": 1, "fcause_gen": 0, "fcause_n": 1132, "fcause_timer": 2, "fcause_gap_data": 1130, "fcause_gap_refresh": 0, "fcause_other": 0, "fcause_fired": 1132, "fcause_unattr": 0, "fcause_timer_frac": 0.0018, "fcause_gap_frac": 0.9982, "succ_lines": 2, "succ_gen": 0, "succ_det": 8519, "succ_res": 8247, "succ_orig_n": 8070, "succ_rep_n": 177, "succ_aban_n": 7, "succ_open": 265, "succ_over": 0, "succ_orig_p50_us": 45056, "succ_orig_p90_us": 131072, "succ_orig_p99_us": 229376, "succ_orig_mx_us": 372659, "succ_orig_frac": 0.9785, "succ_identity_ok": 1}
LIVENESS c8-Q400 rep=1 RWM_QUANTILE_CLOCKS=RWM_QUANTILE_CLOCKS=1/RWM_QUANTILE_CLOCKS=1(exp1) RWM_ALPHA_OVERRIDE=RWM_ALPHA_OVERRIDE=0.4/RWM_ALPHA_OVERRIDE=0.4(exp0.4) RWM_W_FORM=RWM_W_FORM=quantile/RWM_W_FORM=quantile(expquantile) RWM_DELTA_CAP=RWM_DELTA_CAP=1/RWM_DELTA_CAP=1(exp1) RWM_SUM_CAP=RWM_SUM_CAP=1/RWM_SUM_CAP=1(exp1) RWM_HOLDDOWN_Q=RWM_HOLDDOWN_Q=unset/RWM_HOLDDOWN_Q=unset(expunset) RWM_REFRESH_FLOOR_US=RWM_REFRESH_FLOOR_US=unset/RWM_REFRESH_FLOOR_US=unset(expunset) RWM_RACK_CLOCKS=RWM_RACK_CLOCKS=0/RWM_RACK_CLOCKS=0(exp0) RWM_DERIVED_SWEEP=RWM_DERIVED_SWEEP=0/RWM_DERIVED_SWEEP=0(exp0) RWM_COMPOSED_CAP=RWM_COMPOSED_CAP=0/RWM_COMPOSED_CAP=0(exp0) RWM_THREE_TERM=RWM_THREE_TERM=0/RWM_THREE_TERM=0(exp0) RWM_STORE_CAP_UNIFIED=RWM_STORE_CAP_UNIFIED=0/RWM_STORE_CAP_UNIFIED=0(exp0) RWM_LATE_BRAKE=RWM_LATE_BRAKE=0/RWM_LATE_BRAKE=0(exp0) RWM_CHARGE_RECOVERY=RWM_CHARGE_RECOVERY=0/RWM_CHARGE_RECOVERY=0(exp0) RWM_RELEASE_1TO1=RWM_RELEASE_1TO1=0/RWM_RELEASE_1TO1=0(exp0) RWM_LOSS_SENT_TRUTH=RWM_LOSS_SENT_TRUTH=0/RWM_LOSS_SENT_TRUTH=0(exp0) RWM_RTT_DUMP=RWM_RTT_DUMP=0/RWM_RTT_DUMP=0(exp0) RWM_SUCC_DUMP=RWM_SUCC_DUMP=0/RWM_SUCC_DUMP=0(exp0) RWM_DIAG=RWM_DIAG=1/RWM_DIAG=1(exp1) RWM_ACKDIAG=RWM_ACKDIAG=1/RWM_ACKDIAG=1(exp1) RWM_WALLDIAG=RWM_WALLDIAG=1/RWM_WALLDIAG=1(exp1) RWM_FDIAG=RWM_FDIAG=1/RWM_FDIAG=1(exp1)
W5QALPHA c8-Q400 rep=1 cli=form:quantile/win_n:25/alpha:4.000000e-1 srv=form:quantile/win_n:25/alpha:4.000000e-1 (exp form=quantile win_n=25)
WCLOCK c8-Q400 rep=1 law_n=21755 evals=21995 win_ok=21755 win_n=25 p50=140962 p05=66913 p95=286933 shipped_clock=100000
W8SUCC c8-Q400 rep=1 det=8519 res=8247 orig_frac=0.9785
QALPHALINE c8-Q400 rep=1 site=cli [QALPHA] site=receiver quantile=1 form=quantile win_n=25 contract_alpha=1.000000e-5 override=4.000000e-1 alpha=4.000000e-1 k=1.2247 fa_class=0.0625
QALPHALINE c8-Q400 rep=1 site=cli [QALPHA] site=sender quantile=1 form=quantile win_n=25 contract_alpha=1.000000e-3 override=4.000000e-1 alpha=4.000000e-1 k=1.2247 fa_class=0.0625
QALPHALINE c8-Q400 rep=1 site=srv [QALPHA] site=receiver quantile=1 form=quantile win_n=25 contract_alpha=1.000000e-5 override=4.000000e-1 alpha=4.000000e-1 k=1.2247 fa_class=0.0625
QALPHALINE c8-Q400 rep=1 site=srv [QALPHA] site=sender quantile=1 form=quantile win_n=25 contract_alpha=1.000000e-3 override=4.000000e-1 alpha=4.000000e-1 k=1.2247 fa_class=0.0625
QCLKLINE c8-Q400 rep=1 site=cli [QCLK] site=sender on=1 form=quantile win_n=25 win_ok=21755 alpha=4.000000e-1 k=1.2247 evals=21995 law_n=21755 kept=2720 w_us_mean=155613.3 w_us_p05=66913 w_us_p50=140962 w_us_p95=286933 w_us_min=15963 w_us_max=303572 srtt_us_mean=152803.2 sigma_us_mean=4737.3/n21755 fa_class=0.0625
QCLKLINE c8-Q400 rep=1 site=srv [QCLK] site=receiver on=1 form=quantile win_n=25 win_ok=0 alpha=4.000000e-1 k=1.2247 evals=9764 law_n=0 kept=0 w_us_mean=0.0 w_us_p05=0 w_us_p50=0 w_us_p95=0 w_us_min=0 w_us_max=0 srtt_us_mean=0.0 sigma_us_mean=38336.5/n8958 fa_class=0.0625
QCLKLINE c8-Q400 rep=1 site=srv [QCLK] site=receiver on=1 form=quantile win_n=25 win_ok=0 alpha=4.000000e-1 k=1.2247 evals=21046 law_n=0 kept=0 w_us_mean=0.0 w_us_p05=0 w_us_p50=0 w_us_p95=0 w_us_min=0 w_us_max=0 srtt_us_mean=0.0 sigma_us_mean=43873.7/n20240 fa_class=0.0625
RACKLINE c8-Q400 rep=1 site=cli [RACK] on=0 evals=0 ceil=0.0000 gran=0.0000 legacy_pin=0.0000 round=0.0 legacy=0.0 mult=1 fa=10/10 fa_frac=1.0000 fa_class=0.0625
RACKLINE c8-Q400 rep=1 site=cli [RACK] on=0 evals=0 ceil=0.0000 gran=0.0000 legacy_pin=0.0000 round=0.0 legacy=0.0 mult=1 fa=426/1132 fa_frac=0.3763 fa_class=0.0625
RFALINE c8-Q400 rep=1 site=cli [RFA] gen=0 fires=6 false=6 false_frac=1.0000 fill_coded=0 fill_src=0 dup_src=6 preempt_src=0 src_n=7 rep_n=5 nu_recv=0.85714 fa_class=0.0625
RFALINE c8-Q400 rep=1 site=cli [RFA] gen=0 fires=10 false=10 false_frac=1.0000 fill_coded=0 fill_src=0 dup_src=10 preempt_src=0 src_n=12 rep_n=10 nu_recv=0.83333 fa_class=0.0625
RFALINE c8-Q400 rep=1 site=cli [RFA] gen=0 fires=10 false=10 false_frac=1.0000 fill_coded=0 fill_src=0 dup_src=10 preempt_src=0 src_n=12 rep_n=10 nu_recv=0.83333 fa_class=0.0625
RFALINE c8-Q400 rep=1 site=srv [RFA] gen=0 fires=4005 false=544 false_frac=0.1358 fill_coded=121 fill_src=3340 dup_src=433 preempt_src=111 src_n=9773 rep_n=245 nu_recv=0.40980 fa_class=0.0625
RFALINE c8-Q400 rep=1 site=srv [RFA] gen=0 fires=8952 false=696 false_frac=0.0777 fill_coded=186 fill_src=8070 dup_src=526 preempt_src=170 src_n=20873 rep_n=421 nu_recv=0.42888 fa_class=0.0625
FCAUSELINE c8-Q400 rep=1 site=cli [FCAUSE] gen=0 n=1132 timer=2 gap_data=1130 gap_refresh=0 other=0 timer_frac=0.0018 gap_frac=0.9982 fired=1132 unattr=0 fa_class=0.0625
SUCCLINE c8-Q400 rep=1 site=cli [SUCC] gen=0 det=0 res=0 orig_n=0 orig_p50_us=- orig_p90_us=- orig_p99_us=- orig_mx_us=- orig_mean_us=- rep_n=0 rep_p50_us=- rep_p90_us=- rep_p99_us=- rep_mx_us=- rep_mean_us=- aban_n=0 aban_p50_us=- aban_p90_us=- aban_p99_us=- aban_mx_us=- aban_mean_us=- open=0 over=0 orig_frac=- cross_us=- dump=0/0
SUCCLINE c8-Q400 rep=1 site=cli [SUCC] gen=0 det=0 res=0 orig_n=0 orig_p50_us=- orig_p90_us=- orig_p99_us=- orig_mx_us=- orig_mean_us=- rep_n=0 rep_p50_us=- rep_p90_us=- rep_p99_us=- rep_mx_us=- rep_mean_us=- aban_n=0 aban_p50_us=- aban_p90_us=- aban_p99_us=- aban_mx_us=- aban_mean_us=- open=0 over=0 orig_frac=- cross_us=- dump=0/0
SUCCLINE c8-Q400 rep=1 site=srv [SUCC] gen=0 det=3633 res=3452 orig_n=3340 orig_p50_us=28672 orig_p90_us=114688 orig_p99_us=229376 orig_mx_us=372659 orig_mean_us=46071 rep_n=112 rep_p50_us=45056 rep_p90_us=131072 rep_p99_us=180224 rep_mx_us=233622 rep_mean_us=64507 aban_n=4 aban_p50_us=36 aban_p90_us=40 aban_p99_us=40 aban_mx_us=42 aban_mean_us=39 open=177 over=0 orig_frac=0.9676 cross_us=- dump=0/0
SUCCLINE c8-Q400 rep=1 site=srv [SUCC] gen=0 det=8519 res=8247 orig_n=8070 orig_p50_us=45056 orig_p90_us=131072 orig_p99_us=229376 orig_mx_us=372659 orig_mean_us=60652 rep_n=177 rep_p50_us=57344 rep_p90_us=245760 rep_p99_us=294912 rep_mx_us=299206 rep_mean_us=92557 aban_n=7 aban_p50_us=40 aban_p90_us=131072 aban_p99_us=131072 aban_mx_us=138331 aban_mean_us=59307 open=265 over=0 orig_frac=0.9785 cross_us=- dump=0/0
HOLDLINE c8-Q400 rep=1 site=cli [HOLD] site=sender path=0 gen=0 q=unset n_req=- n_obs=1000 samp_n=1000 fed=9546 t_us=- obs_p50_us=13198 obs_p90_us=53521 obs_p99_us=157448 evals=714 law_n=0 sup=0 emit=714 hd_p50_us=- hd_p90_us=- hd_p99_us=- hd_mx_us=- hd_n=0 fa_class=0.0625
HOLDLINE c8-Q400 rep=1 site=cli [HOLD] site=sender path=1 gen=0 q=unset n_req=- n_obs=1000 samp_n=1000 fed=2886 t_us=- obs_p50_us=6845 obs_p90_us=31905 obs_p99_us=198935 evals=417 law_n=0 sup=0 emit=417 hd_p50_us=- hd_p90_us=- hd_p99_us=- hd_mx_us=- hd_n=0 fa_class=0.0625
HOLDLINE c8-Q400 rep=1 site=cli [HOLD] site=sender path=- gen=0 q=unset n_req=- n_obs=1000 samp_n=0 fed=0 t_us=- obs_p50_us=- obs_p90_us=- obs_p99_us=- evals=1 law_n=0 sup=0 emit=1 hd_p50_us=- hd_p90_us=- hd_p99_us=- hd_mx_us=- hd_n=0 fa_class=0.0625
WALLLINE c8-Q400 rep=1 site=cli [WALL] onset=1.0000 dur_ms=0.0 retx=0 total_ms=2104.3 it_ms=0.096
WINDOW-PARTIAL c8-Q400 rep=1 win_ok=21755/21995 win_n=25 (RESULT, not an abort -- the fraction is to be scored, and the quantile-native sweep read 0.829-0.999 here)
VAWITNESS {"cell":"c8","arm":"Q400","alpha":"0.4","seed":42,"rep":1,"rc":0,"mean_mbps":96.372,"band":[50,100],"band_applies":0,"in_band":1,"lossy":1,"alpha_expect":"0.4","alpha_got_cli":"0.4","alpha_got_srv":"0.4","form_expect":"quantile","form_got_cli":"quantile","form_got_srv":"quantile","winn_expect":"25","winn_got_cli":"25","winn_got_srv":"25","qclk_law_n":21755,"qclk_evals":21995,"qclk_win_ok":21755,"qclk_win_n":"25","w_us_p50":140962,"w_us_p05":66913,"w_us_p95":286933,"shipped_clock_us":100000,"fcause_n":1132,"fcause_timer":2,"fcause_gap_data":1130,"fcause_gap_refresh":0,"fcause_other":0,"fcause_unattr":0,"succ_det":8519,"succ_res":8247,"succ_orig_frac":"0.9785","rfa_fires":8952,"rfa_false":696,"rfa_false_frac":"0.0777","rfa_fill_coded":186,"rack_fa":"426/1132","rack_fa_frac":"0.3763","fails":""}
=== rep=2 arm=c8-CTL alpha=unset form=unset win_n=unavail seed=42 env="RWM_QUANTILE_CLOCKS=0 RWM_DELTA_CAP=1 RWM_SUM_CAP=1 RWM_RACK_CLOCKS=0 RWM_DERIVED_SWEEP=0 RWM_COMPOSED_CAP=0 RWM_THREE_TERM=0 RWM_STORE_CAP_UNIFIED=0 RWM_LATE_BRAKE=0 RWM_CHARGE_RECOVERY=0 RWM_RELEASE_1TO1=0 RWM_LOSS_SENT_TRUTH=0 RWM_RTT_DUMP=0 RWM_SUCC_DUMP=0" cell=c2/c3/dual bytes=25000000 18:38:53
[2m2026-08-21T18:38:54.919906Z[0m [32m INFO[0m [2mraptorpath::gates[0m[2m:[0m [GATES] RWM_UNIFIED=1 RWM_UNIFIED_SHED=1 RWM_TAPER_R=1 RWM_ASTAR_ANCHOR=1 RWM_MSTAR_ANCHOR=1 RWM_PLAIN_RS=0 RWM_HONEST_ANCHOR=1 RWM_HONEST_K=0 RWM_STORE_SACK_RELEASE=1 RWM_STORE_PATHS=1 RWM_STORE_PATH_POOL=2048 RWM_STORE=unset RWM_STORE_GAIN=2 RWM_STORE_BOOT=128 RWM_STORE_CAPW=0 RWM_STORE_CAP_UNIFIED=0 RWM_THREE_TERM=0 RWM_COMPOSED_CAP=0 RWM_SUM_CAP=1 RWM_LATE_BRAKE=0 RWM_DELTA_CAP=1 RWM_STORE_PERCAP=0 RWM_PERCAP_GUARD=1 RWM_STORE_BORROW=0 RWM_HONEST_CAP=1 RWM_POOL_ANCHOR=0 RWM_POOL_DELIV=0 RWM_FLOOR_BOUND=0 RWM_ACK_MERGE=1 RWM_LOSS_SENT_TRUTH=0 RWM_RELEASE_1TO1=0 RWM_CHARGE_RECOVERY=0 RWM_PATIENCE_DERIVED=0 RWM_SIDLE_DERIVED=0 RWM_WIN_DECOUPLE=0 RWM_PLACE_SLACK=0 RWM_COLD_PLACE=0 RWM_GEN=384 RWM_PIPELINE=2 RWM_GEN_PIPE=1 RWM_GEN_R=unset RWM_GEN_RATE=9000 RWM_GEN_RATE_FLOOR=2000 RWM_GEN_INFLIGHT=unset RWM_OOO_RETAIN=0/16 RWM_WINDOW=unset RWM_REPORT_GENS=unset RWM_REPAIR_WAIT=unset RWM_CODED_SRC=0 RWM_NO_REACTIVE=0 RWM_XPATH_REPAIR=0 RWM_PROACTIVE_PACER=0 RWM_REASM_BDP=0 RWM_MIN_R=0 RWM_CC_PACE=0 RWM_CC_PACE_HR=1.1 RWM_REACT_CAP=unset RWM_INFL_CAP=0 RWM_INFL_BDP=unset RWM_COPA_FEED=0 RWM_RS_ATTR=1 RWM_EMIT_BATCH=0 RWM_EMIT_BURST=64 RWM_RECOV_MP=1 RWM_RECOV_MP_LAW=1 RWM_RECOV_MP_LIVE=0 RWM_RECOV_SP=0 RWM_DERIVED_SWEEP=0 RWM_RACK_CLOCKS=0 RWM_RACK_REO_MULT=1 RWM_QUANTILE_CLOCKS=0 RWM_ALPHA_OVERRIDE=unset RWM_W_FORM=cantelli RWM_HOLDDOWN_Q=unset RWM_REFRESH_FLOOR_US=unset RWM_DIAG=1 RWM_ACKDIAG=1 RWM_ACKDIAG_WINDOW_US=2000000 RWM_RTT_DUMP=0 RWM_RTT_DUMP_MAX=400000 RWM_SUCC_DUMP=0 RWM_SUCC_DUMP_MAX=200000 RWM_WALLDIAG=1 RWM_CPUPROF=0 RWM_RDIAG=0 RWM_FDIAG=1 RWM_TRACE=0 RWM_PFRAC=0
{"bytes":25000000,"dnf":0,"hint":"bulk","max_s":2.038,"mean_mbps":98.136,"mean_s":2.038,"median_s":2.038,"min_s":2.038,"proto":"rp-native","runs":1,"stdev_s":0.0,"summary":true}
    LATPROBE-LEG leg=0 file=/tmp/rwm-ping-0.txt sent=46 recv=45 censor=2.17% p50=49.6[censor=2.17% ok] p95=62.4[censor=2.17% ok] p99=64.4[censor=2.17% UNSCOREABLE(inside censored tail)]
    LATPROBE-LEG leg=1 file=/tmp/rwm-ping-1.txt sent=46 recv=45 censor=2.17% p50=87.0[censor=2.17% ok] p95=298.0[censor=2.17% ok] p99=360.0[censor=2.17% UNSCOREABLE(inside censored tail)]
    LATPROBE: 2 leg(s) /tmp/rwm-ping-0.txt=45 /tmp/rwm-ping-1.txt=45 replies
    CPU: CPUSRV=2.32s CPUCLI=1.96s (srv=decoder cli=sender; whole-invocation incl warmup)
    QDISC cli0: qdisc netem bdc1: root refcnt 7 limit 1000 delay 5ms  3ms loss gemodel p 1.3% r 50% 1-h 100% 1-k 0% rate 100Mbit seed 42  Sent 24568222 bytes 19157 pkt (dropped 82, overlimits 0 requeues 0)   backlog 0b 0p requeues 0 
    QDISC cli1: qdisc netem bdc2: root refcnt 7 limit 1000 delay 20ms  5ms loss gemodel p 2% r 40% 1-h 100% 1-k 0% rate 20Mbit seed 1042  Sent 4288417 bytes 4216 pkt (dropped 80, overlimits 0 requeues 0)   backlog 0b 0p requeues 0 
    QDISC srv0: qdisc netem bdc3: root refcnt 7 limit 1000 delay 5ms  3ms rate 100Mbit seed 16278072023330639100  Sent 2741605 bytes 14162 pkt (dropped 0, overlimits 0 requeues 0)   backlog 0b 0p requeues 0 
    QDISC srv1: qdisc netem bdc4: root refcnt 7 limit 1000 delay 20ms  5ms rate 20Mbit seed 8275308833329785994  Sent 553836 bytes 3164 pkt (dropped 0, overlimits 0 requeues 0)   backlog 0b 0p requeues 0 
    QCAP: /tmp/rwm-q.txt 18 lines
RUNTIME c8-CTL rep=2 4s rc=0
ALPHARESULT {"cell": "c8", "arm": "CTL", "alpha_cmd": null, "seed": 42, "rep": 2, "n_paths": 2, "dnf": false, "dnf_count": 0, "mbps": 98.136, "mean_mbps": 98.136, "seconds": 2.038, "n_runs": 1, "cpusrv": 2.32, "cpucli": 1.96, "khr_med": 1.0, "kraw_med": null, "khr_n": 10, "kraw_n": 0, "rtp_med": 11, "occ_p50": 1137, "occcap_p50": 1328, "q_p50": 116, "q_p99": 269, "diag_lines": 8, "retx": 1127, "w1_rfa_gen": "0", "w2_pfrac_lines": 0, "w4_retx_max": 1127, "w5_rack_fa": "506/1158", "gates_cli_quantile_clocks": 0, "gates_srv_quantile_clocks": 0, "gates_cli_rack_clocks": 0, "gates_srv_rack_clocks": 0, "gates_cli_derived_sweep": 0, "gates_srv_derived_sweep": 0, "gates_cli_delta_cap": 1, "gates_srv_delta_cap": 1, "gates_cli_sum_cap": 1, "gates_srv_sum_cap": 1, "gates_cli_composed_cap": 0, "gates_srv_composed_cap": 0, "gates_cli_three_term": 0, "gates_srv_three_term": 0, "gates_cli_loss_sent_truth": 0, "gates_srv_loss_sent_truth": 0, "gates_cli_gen": null, "gates_srv_gen": null, "gates_cli_diag": 1, "gates_srv_diag": 1, "gates_cli_ackdiag": 1, "gates_srv_ackdiag": 1, "gates_cli_walldiag": 1, "gates_srv_walldiag": 1, "gates_cli_fdiag": 1, "gates_srv_fdiag": 1, "gates_cli_recov_mp": 1, "gates_srv_recov_mp": 1, "gates_cli_cc_pace": 0, "gates_srv_cc_pace": 0, "gates_cli_rack_reo_mult": 1, "gates_srv_rack_reo_mult": 1, "gates_lines_cli": 1, "gates_lines_srv": 1, "gate_quantile_cli": "0", "gate_quantile_srv": "0", "gate_alpha_cli": "unset", "gate_alpha_srv": "unset", "gate_gen_cli": 384, "gate_gen_srv": 384, "gate_wform_cli": "cantelli", "gate_wform_srv": "cantelli", "qalpha_lines_cli": 1, "qalpha_site_cli": "sender", "qalpha_quantile_cli": 0, "qalpha_contract_cli": 0.001, "qalpha_override_cli": null, "qalpha_cli": 0.001, "qalpha_k_cli": 31.607, "qalpha_form_cli": "cantelli", "qalpha_winn_cli": "unavail", "qalpha_lines_srv": 1, "qalpha_site_srv": "receiver", "qalpha_quantile_srv": 0, "qalpha_contract_srv": 1e-05, "qalpha_override_srv": null, "qalpha_srv": 1e-05, "qalpha_k_srv": 316.2262, "qalpha_form_srv": "cantelli", "qalpha_winn_srv": "unavail", "qclk_cli_lines": 1, "qclk_cli_site": "sender", "qclk_cli_alpha": 0.001, "qclk_cli_k": 31.607, "qclk_cli_w_us_mean": 98163.5, "qclk_cli_srtt_us_mean": 149302.1, "qclk_cli_on": 0, "qclk_cli_evals": 22085, "qclk_cli_kept": 2761, "qclk_cli_w_us_p05": 100000, "qclk_cli_w_us_p50": 100000, "qclk_cli_w_us_p95": 100000, "qclk_cli_w_us_min": 25000, "qclk_cli_w_us_max": 100000, "qclk_cli_law_n": 22085, "qclk_cli_sigma_us_mean": 4744.0, "qclk_cli_sigma_n": 21868, "qclk_form_cli": "cantelli", "qclk_winn_cli": "unavail", "qclk_win_ok_cli": 0, "qclk_srv_lines": 2, "qclk_srv_site": "receiver", "qclk_srv_alpha": 1e-05, "qclk_srv_k": 316.2262, "qclk_srv_w_us_mean": 100000.0, "qclk_srv_srtt_us_mean": 82348.7, "qclk_srv_on": 0, "qclk_srv_evals": 21300, "qclk_srv_kept": 2663, "qclk_srv_w_us_p05": 100000, "qclk_srv_w_us_p50": 100000, "qclk_srv_w_us_p95": 100000, "qclk_srv_w_us_min": 100000, "qclk_srv_w_us_max": 100000, "qclk_srv_law_n": 21300, "qclk_srv_sigma_us_mean": 18186.8, "qclk_srv_sigma_n": 20369, "qclk_form_srv": "cantelli", "qclk_winn_srv": "unavail", "qclk_win_ok_srv": 0, "rack_lines_cli": 2, "rack_on_cli": 0, "rack_evals_cli": 0, "rack_ceil_cli": 0.0, "rack_gran_cli": 0.0, "rack_legacy_pin_cli": 0.0, "rack_round_cli": 0.0, "rack_legacy_cli": 0.0, "rack_mult_cli": 1, "rack_fa_n_cli": 506, "rack_fa_d_cli": 1158, "rack_fa_frac_cli": 0.437, "rack_fa_class_cli": 0.0625, "rack_lines_srv": 0, "rack_on_srv": null, "rack_evals_srv": null, "rack_ceil_srv": null, "rack_gran_srv": null, "rack_legacy_pin_srv": null, "rack_round_srv": null, "rack_legacy_srv": null, "rack_mult_srv": null, "rack_fa_n_srv": null, "rack_fa_d_srv": null, "rack_fa_frac_srv": null, "rack_fa_class_srv": null, "rack_fired": 1158, "rack_spurious": 506, "rack_fa_frac": 0.437, "rack_fa_class": 0.0625, "rack_round_us": 0.0, "rack_legacy_us": 0.0, "rack_evals": 0, "rack_legacy_pin": 0.0, "rfa_lines": 2, "rfa_gen": 0, "rfa_fires": 9861, "rfa_false": 811, "rfa_fill_coded": 184, "rfa_fill_src": 8866, "rfa_dup_src": 669, "rfa_preempt_src": 142, "rfa_src_n": 21188, "rfa_rep_n": 366, "rfa_false_frac": 0.0822, "rfa_nu_recv": 0.4654, "rfa_fa_class": 0.0625, "rfa_bracket_lo": 0.0822, "rfa_bracket_hi": 0.815075, "sf_ticks": 345, "sf_E": 0.9391, "sf_short": 0.113, "sf_zero": 0.0087, "capboot_n": 5, "capboot_frac": 0.0, "ping_n": 45, "ping_p50": 49.6, "ping_p95": 62.4, "ping_p99": 64.4, "ping_tx": 46, "ping_rx": 45, "ping_loss": 2.17, "ping_censor_frac": 0.0217, "legs_probed": 1, "leg0_n": 45, "leg0_sent": 46, "leg0_recv": 45, "leg0_sent_source": "summary", "leg0_censor_frac": 0.0217, "leg0_censor_pct": 2.17, "leg0_recv_mismatch": false, "leg0_leg_unscoreable": false, "leg0_min": 5.64, "leg0_max": 64.4, "leg0_p50": 49.6, "leg0_p50_censored": false, "leg0_p50_scoreable": true, "leg0_p95": 62.4, "leg0_p95_censored": false, "leg0_p95_scoreable": true, "leg0_p99": 64.4, "leg0_p99_censored": true, "leg0_p99_scoreable": false, "legs_censor_max": 0.0217, "wait_tun": 44, "wait_paused": 25, "wait_pace": 0, "wait_gen": 0, "wait_nack": 31, "wait_defc": 0, "wait_tail": 0, "wait_flush": 0, "wait_lines": 5, "deadwall": false, "sig_us_p50": 1384.0, "sig_us_n": 18500, "sig_us_path": 0, "sig_paths": 2, "pl_n": 10, "pl_max": 0.3419, "pl_min": 0.0157, "pl_p0": 0.0157, "pl_p1": 0.3419, "dgq_hand": 22694, "dgq_full": 0, "dgq_err": 0, "dgq_gap": 0, "tc_bytes": 28856639, "tc_pkts": 23373, "tc_drop": 162, "tc_s": 4, "hold_lines": 3, "hold_samp_n": 2000, "hold_fed": 12350, "hold_evals": 1157, "hold_law_n": 0, "hold_sup": 0, "hold_emit": 1157, "hold_hd_n": 0, "hold_q": "unset", "hold_n_req": "-", "hold_n_obs": 1000, "hold_gen": 0, "hold_sup_frac": 0.0, "hold_law_frac": 0.0, "hold_obs_p50_us": 11842, "hold_obs_p90_us": 57618, "hold_obs_p99_us": 243047, "hold_t_us_p0": null, "hold_t_us_p1": null, "hold_samp_n_p0": 1000, "hold_samp_n_p1": 1000, "hold_hd_p50_us": null, "hold_hd_p90_us": null, "hold_hd_p99_us": null, "hold_hd_mx_us": null, "hold_unattr_evals": 1, "hold_paths_n": 2, "hold_accounting_ok": 1, "hold_obs_p50_us_p0": 6136, "hold_obs_p90_us_p0": 48684, "hold_obs_p99_us_p0": 83516, "hold_obs_p50_us_p1": 11842, "hold_obs_p90_us_p1": 57618, "hold_obs_p99_us_p1": 243047, "hold_rpd": 0.127843, "fcause_lines": 1, "fcause_gen": 0, "fcause_n": 1158, "fcause_timer": 1, "fcause_gap_data": 1157, "fcause_gap_refresh": 0, "fcause_other": 0, "fcause_fired": 1158, "fcause_unattr": 0, "fcause_timer_frac": 0.0009, "fcause_gap_frac": 0.9991, "succ_lines": 2, "succ_gen": 0, "succ_det": 9058, "succ_res": 9044, "succ_orig_n": 8866, "succ_rep_n": 178, "succ_aban_n": 3, "succ_open": 11, "succ_over": 0, "succ_orig_p50_us": 28672, "succ_orig_p90_us": 122880, "succ_orig_p99_us": 327680, "succ_orig_mx_us": 449192, "succ_orig_frac": 0.9803, "succ_identity_ok": 1}
LIVENESS c8-CTL rep=2 RWM_QUANTILE_CLOCKS=RWM_QUANTILE_CLOCKS=0/RWM_QUANTILE_CLOCKS=0(exp0) RWM_ALPHA_OVERRIDE=RWM_ALPHA_OVERRIDE=unset/RWM_ALPHA_OVERRIDE=unset(expunset) RWM_W_FORM=RWM_W_FORM=cantelli/RWM_W_FORM=cantelli(expcantelli) RWM_DELTA_CAP=RWM_DELTA_CAP=1/RWM_DELTA_CAP=1(exp1) RWM_SUM_CAP=RWM_SUM_CAP=1/RWM_SUM_CAP=1(exp1) RWM_HOLDDOWN_Q=RWM_HOLDDOWN_Q=unset/RWM_HOLDDOWN_Q=unset(expunset) RWM_REFRESH_FLOOR_US=RWM_REFRESH_FLOOR_US=unset/RWM_REFRESH_FLOOR_US=unset(expunset) RWM_RACK_CLOCKS=RWM_RACK_CLOCKS=0/RWM_RACK_CLOCKS=0(exp0) RWM_DERIVED_SWEEP=RWM_DERIVED_SWEEP=0/RWM_DERIVED_SWEEP=0(exp0) RWM_COMPOSED_CAP=RWM_COMPOSED_CAP=0/RWM_COMPOSED_CAP=0(exp0) RWM_THREE_TERM=RWM_THREE_TERM=0/RWM_THREE_TERM=0(exp0) RWM_STORE_CAP_UNIFIED=RWM_STORE_CAP_UNIFIED=0/RWM_STORE_CAP_UNIFIED=0(exp0) RWM_LATE_BRAKE=RWM_LATE_BRAKE=0/RWM_LATE_BRAKE=0(exp0) RWM_CHARGE_RECOVERY=RWM_CHARGE_RECOVERY=0/RWM_CHARGE_RECOVERY=0(exp0) RWM_RELEASE_1TO1=RWM_RELEASE_1TO1=0/RWM_RELEASE_1TO1=0(exp0) RWM_LOSS_SENT_TRUTH=RWM_LOSS_SENT_TRUTH=0/RWM_LOSS_SENT_TRUTH=0(exp0) RWM_RTT_DUMP=RWM_RTT_DUMP=0/RWM_RTT_DUMP=0(exp0) RWM_SUCC_DUMP=RWM_SUCC_DUMP=0/RWM_SUCC_DUMP=0(exp0) RWM_DIAG=RWM_DIAG=1/RWM_DIAG=1(exp1) RWM_ACKDIAG=RWM_ACKDIAG=1/RWM_ACKDIAG=1(exp1) RWM_WALLDIAG=RWM_WALLDIAG=1/RWM_WALLDIAG=1(exp1) RWM_FDIAG=RWM_FDIAG=1/RWM_FDIAG=1(exp1)
W5QALPHA c8-CTL rep=2 cli=form:cantelli/win_n:unavail/alpha:1.000000e-3 srv=form:cantelli/win_n:unavail/alpha:1.000000e-5 (exp form=cantelli win_n=unavail)
WCLOCK c8-CTL rep=2 law_n=22085 evals=22085 win_ok=0 win_n=unavail p50=100000 p05=100000 p95=100000 shipped_clock=100000
W8SUCC c8-CTL rep=2 det=9058 res=9044 orig_frac=0.9803
QALPHALINE c8-CTL rep=2 site=cli [QALPHA] site=receiver quantile=0 form=cantelli win_n=unavail contract_alpha=1.000000e-5 override=unset alpha=1.000000e-5 k=316.2262 fa_class=0.0625
QALPHALINE c8-CTL rep=2 site=cli [QALPHA] site=sender quantile=0 form=cantelli win_n=unavail contract_alpha=1.000000e-3 override=unset alpha=1.000000e-3 k=31.6070 fa_class=0.0625
QALPHALINE c8-CTL rep=2 site=srv [QALPHA] site=receiver quantile=0 form=cantelli win_n=unavail contract_alpha=1.000000e-5 override=unset alpha=1.000000e-5 k=316.2262 fa_class=0.06252026-08-21T18:38:55.088775Z  INFO raptorpath::net: path-scaled outstanding pool ACTIVE (RWM_STORE_PATHS: cap = clamp(gain*N*pipe, floor, N*pool) for N>=2 live paths; N=1 legacy) pool_per_path=2048 gain=2.0
QALPHALINE c8-CTL rep=2 site=srv [QALPHA] site=sender quantile=0 form=cantelli win_n=unavail contract_alpha=1.000000e-3 override=unset alpha=1.000000e-3 k=31.6070 fa_class=0.0625
QCLKLINE c8-CTL rep=2 site=cli [QCLK] site=sender on=0 form=cantelli win_n=unavail win_ok=0 alpha=1.000000e-3 k=31.6070 evals=22085 law_n=22085 kept=2761 w_us_mean=98163.5 w_us_p05=100000 w_us_p50=100000 w_us_p95=100000 w_us_min=25000 w_us_max=100000 srtt_us_mean=149302.1 sigma_us_mean=4744.0/n21868 fa_class=0.0625
QCLKLINE c8-CTL rep=2 site=srv [QCLK] site=receiver on=0 form=cantelli win_n=unavail win_ok=0 alpha=1.000000e-5 k=316.2262 evals=9928 law_n=9928 kept=2482 w_us_mean=100000.0 w_us_p05=100000 w_us_p50=100000 w_us_p95=100000 w_us_min=100000 w_us_max=100000 srtt_us_mean=63006.0 sigma_us_mean=10412.9/n8997 fa_class=0.0625
QCLKLINE c8-CTL rep=2 site=srv [QCLK] site=receiver on=0 form=cantelli win_n=unavail win_ok=0 alpha=1.000000e-5 k=316.2262 evals=21300 law_n=21300 kept=2663 w_us_mean=100000.0 w_us_p05=100000 w_us_p50=100000 w_us_p95=100000 w_us_min=100000 w_us_max=100000 srtt_us_mean=82348.7 sigma_us_mean=18186.8/n20369 fa_class=0.0625
RACKLINE c8-CTL rep=2 site=cli [RACK] on=0 evals=0 ceil=0.0000 gran=0.0000 legacy_pin=0.0000 round=0.0 legacy=0.0 mult=1 fa=15/15 fa_frac=1.0000 fa_class=0.0625
RACKLINE c8-CTL rep=2 site=cli [RACK] on=0 evals=0 ceil=0.0000 gran=0.0000 legacy_pin=0.0000 round=0.0 legacy=0.0 mult=1 fa=506/1158 fa_frac=0.4370 fa_class=0.0625
RFALINE c8-CTL rep=2 site=cli [RFA] gen=0 fires=10 false=10 false_frac=1.0000 fill_coded=0 fill_src=0 dup_src=10 preempt_src=0 src_n=11 rep_n=9 nu_recv=0.90909 fa_class=0.0625
RFALINE c8-CTL rep=2 site=cli [RFA] gen=0 fires=15 false=15 false_frac=1.0000 fill_coded=0 fill_src=0 dup_src=15 preempt_src=0 src_n=17 rep_n=15 nu_recv=0.88235 fa_class=0.0625
RFALINE c8-CTL rep=2 site=cli [RFA] gen=0 fires=15 false=15 false_frac=1.0000 fill_coded=0 fill_src=0 dup_src=15 preempt_src=0 src_n=17 rep_n=15 nu_recv=0.88235 fa_class=0.0625
RFALINE c8-CTL rep=2 site=srv [RFA] gen=0 fires=4922 false=234 false_frac=0.0475 fill_coded=73 fill_src=4615 dup_src=176 preempt_src=58 src_n=10049 rep_n=145 nu_recv=0.48980 fa_class=0.0625
RFALINE c8-CTL rep=2 site=srv [RFA] gen=0 fires=9861 false=811 false_frac=0.0822 fill_coded=184 fill_src=8866 dup_src=669 preempt_src=142 src_n=21188 rep_n=366 nu_recv=0.46540 fa_class=0.0625
FCAUSELINE c8-CTL rep=2 site=cli [FCAUSE] gen=0 n=1158 timer=1 gap_data=1157 gap_refresh=0 other=0 timer_frac=0.0009 gap_frac=0.9991 fired=1158 unattr=0 fa_class=0.0625
SUCCLINE c8-CTL rep=2 site=cli [SUCC] gen=0 det=0 res=0 orig_n=0 orig_p50_us=- orig_p90_us=- orig_p99_us=- orig_mx_us=- orig_mean_us=- rep_n=0 rep_p50_us=- rep_p90_us=- rep_p99_us=- rep_mx_us=- rep_mean_us=- aban_n=0 aban_p50_us=- aban_p90_us=- aban_p99_us=- aban_mx_us=- aban_mean_us=- open=0 over=0 orig_frac=- cross_us=- dump=0/0
SUCCLINE c8-CTL rep=2 site=cli [SUCC] gen=0 det=0 res=0 orig_n=0 orig_p50_us=- orig_p90_us=- orig_p99_us=- orig_mx_us=- orig_mean_us=- rep_n=0 rep_p50_us=- rep_p90_us=- rep_p99_us=- rep_mx_us=- rep_mean_us=- aban_n=0 aban_p50_us=- aban_p90_us=- aban_p99_us=- aban_mx_us=- aban_mean_us=- open=0 over=0 orig_frac=- cross_us=- dump=0/0
SUCCLINE c8-CTL rep=2 site=srv [SUCC] gen=0 det=5203 res=4685 orig_n=4615 orig_p50_us=20480 orig_p90_us=61440 orig_p99_us=131072 orig_mx_us=151755 orig_mean_us=30411 rep_n=70 rep_p50_us=36864 rep_p90_us=106496 rep_p99_us=147456 rep_mx_us=149007 rep_mean_us=54917 aban_n=1 aban_p50_us=65536 aban_p90_us=65536 aban_p99_us=65536 aban_mx_us=69090 aban_mean_us=69090 open=517 over=0 orig_frac=0.9851 cross_us=- dump=0/0
SUCCLINE c8-CTL rep=2 site=srv [SUCC] gen=0 det=9058 res=9044 orig_n=8866 orig_p50_us=28672 orig_p90_us=122880 orig_p99_us=327680 orig_mx_us=449192 orig_mean_us=55275 rep_n=178 rep_p50_us=53248 rep_p90_us=262144 rep_p99_us=425984 rep_mx_us=449192 rep_mean_us=122272 aban_n=3 aban_p50_us=122880 aban_p90_us=122880 aban_p99_us=122880 aban_mx_us=124800 aban_mean_us=106230 open=11 over=0 orig_frac=0.9803 cross_us=- dump=0/0
HOLDLINE c8-CTL rep=2 site=cli [HOLD] site=sender path=0 gen=0 q=unset n_req=- n_obs=1000 samp_n=1000 fed=9403 t_us=- obs_p50_us=6136 obs_p90_us=48684 obs_p99_us=83516 evals=658 law_n=0 sup=0 emit=658 hd_p50_us=- hd_p90_us=- hd_p99_us=- hd_mx_us=- hd_n=0 fa_class=0.0625
HOLDLINE c8-CTL rep=2 site=cli [HOLD] site=sender path=1 gen=0 q=unset n_req=- n_obs=1000 samp_n=1000 fed=2947 t_us=- obs_p50_us=11842 obs_p90_us=57618 obs_p99_us=243047 evals=499 law_n=0 sup=0 emit=499 hd_p50_us=- hd_p90_us=- hd_p99_us=- hd_mx_us=- hd_n=0 fa_class=0.0625
HOLDLINE c8-CTL rep=2 site=cli [HOLD] site=sender path=- gen=0 q=unset n_req=- n_obs=1000 samp_n=0 fed=0 t_us=- obs_p50_us=- obs_p90_us=- obs_p99_us=- evals=1 law_n=0 sup=0 emit=1 hd_p50_us=- hd_p90_us=- hd_p99_us=- hd_mx_us=- hd_n=0 fa_class=0.0625
WALLLINE c8-CTL rep=2 site=cli [WALL] onset=1.0000 dur_ms=0.0 retx=0 total_ms=2086.0 it_ms=0.094
VAWITNESS {"cell":"c8","arm":"CTL","alpha":"unset","seed":42,"rep":2,"rc":0,"mean_mbps":98.136,"band":[50,100],"band_applies":1,"in_band":1,"lossy":1,"alpha_expect":"unset","alpha_got_cli":"unset","alpha_got_srv":"unset","form_expect":"cantelli","form_got_cli":"cantelli","form_got_srv":"cantelli","winn_expect":"unavail","winn_got_cli":"unavail","winn_got_srv":"unavail","qclk_law_n":22085,"qclk_evals":22085,"qclk_win_ok":0,"qclk_win_n":"unavail","w_us_p50":100000,"w_us_p05":100000,"w_us_p95":100000,"shipped_clock_us":100000,"fcause_n":1158,"fcause_timer":1,"fcause_gap_data":1157,"fcause_gap_refresh":0,"fcause_other":0,"fcause_unattr":0,"succ_det":9058,"succ_res":9044,"succ_orig_frac":"0.9803","rfa_fires":9861,"rfa_false":811,"rfa_false_frac":"0.0822","rfa_fill_coded":184,"rack_fa":"506/1158","rack_fa_frac":"0.4370","fails":""}
=== rep=2 arm=c8-Q400 alpha=0.4 form=quantile win_n=25 seed=42 env="RWM_QUANTILE_CLOCKS=1 RWM_ALPHA_OVERRIDE=0.4 RWM_W_FORM=quantile RWM_DELTA_CAP=1 RWM_SUM_CAP=1 RWM_RACK_CLOCKS=0 RWM_DERIVED_SWEEP=0 RWM_COMPOSED_CAP=0 RWM_THREE_TERM=0 RWM_STORE_CAP_UNIFIED=0 RWM_LATE_BRAKE=0 RWM_CHARGE_RECOVERY=0 RWM_RELEASE_1TO1=0 RWM_LOSS_SENT_TRUTH=0 RWM_RTT_DUMP=0 RWM_SUCC_DUMP=0" cell=c2/c3/dual bytes=25000000 18:38:58
[2m2026-08-21T18:38:59.730494Z[0m [32m INFO[0m [2mraptorpath::gates[0m[2m:[0m [GATES] RWM_UNIFIED=1 RWM_UNIFIED_SHED=1 RWM_TAPER_R=1 RWM_ASTAR_ANCHOR=1 RWM_MSTAR_ANCHOR=1 RWM_PLAIN_RS=0 RWM_HONEST_ANCHOR=1 RWM_HONEST_K=0 RWM_STORE_SACK_RELEASE=1 RWM_STORE_PATHS=1 RWM_STORE_PATH_POOL=2048 RWM_STORE=unset RWM_STORE_GAIN=2 RWM_STORE_BOOT=128 RWM_STORE_CAPW=0 RWM_STORE_CAP_UNIFIED=0 RWM_THREE_TERM=0 RWM_COMPOSED_CAP=0 RWM_SUM_CAP=1 RWM_LATE_BRAKE=0 RWM_DELTA_CAP=1 RWM_STORE_PERCAP=0 RWM_PERCAP_GUARD=1 RWM_STORE_BORROW=0 RWM_HONEST_CAP=1 RWM_POOL_ANCHOR=0 RWM_POOL_DELIV=0 RWM_FLOOR_BOUND=0 RWM_ACK_MERGE=1 RWM_LOSS_SENT_TRUTH=0 RWM_RELEASE_1TO1=0 RWM_CHARGE_RECOVERY=0 RWM_PATIENCE_DERIVED=0 RWM_SIDLE_DERIVED=0 RWM_WIN_DECOUPLE=0 RWM_PLACE_SLACK=0 RWM_COLD_PLACE=0 RWM_GEN=384 RWM_PIPELINE=2 RWM_GEN_PIPE=1 RWM_GEN_R=unset RWM_GEN_RATE=9000 RWM_GEN_RATE_FLOOR=2000 RWM_GEN_INFLIGHT=unset RWM_OOO_RETAIN=0/16 RWM_WINDOW=unset RWM_REPORT_GENS=unset RWM_REPAIR_WAIT=unset RWM_CODED_SRC=0 RWM_NO_REACTIVE=0 RWM_XPATH_REPAIR=0 RWM_PROACTIVE_PACER=0 RWM_REASM_BDP=0 RWM_MIN_R=0 RWM_CC_PACE=0 RWM_CC_PACE_HR=1.1 RWM_REACT_CAP=unset RWM_INFL_CAP=0 RWM_INFL_BDP=unset RWM_COPA_FEED=0 RWM_RS_ATTR=1 RWM_EMIT_BATCH=0 RWM_EMIT_BURST=64 RWM_RECOV_MP=1 RWM_RECOV_MP_LAW=1 RWM_RECOV_MP_LIVE=0 RWM_RECOV_SP=0 RWM_DERIVED_SWEEP=0 RWM_RACK_CLOCKS=0 RWM_RACK_REO_MULT=1 RWM_QUANTILE_CLOCKS=1 RWM_ALPHA_OVERRIDE=0.4 RWM_W_FORM=quantile RWM_HOLDDOWN_Q=unset RWM_REFRESH_FLOOR_US=unset RWM_DIAG=1 RWM_ACKDIAG=1 RWM_ACKDIAG_WINDOW_US=2000000 RWM_RTT_DUMP=0 RWM_RTT_DUMP_MAX=400000 RWM_SUCC_DUMP=0 RWM_SUCC_DUMP_MAX=200000 RWM_WALLDIAG=1 RWM_CPUPROF=0 RWM_RDIAG=0 RWM_FDIAG=1 RWM_TRACE=0 RWM_PFRAC=0
{"bytes":25000000,"dnf":0,"hint":"bulk","max_s":2.2162,"mean_mbps":90.244,"mean_s":2.2162,"median_s":2.2162,"min_s":2.2162,"proto":"rp-native","runs":1,"stdev_s":0.0,"summary":true}
    LATPROBE-LEG leg=0 file=/tmp/rwm-ping-0.txt sent=46 recv=44 censor=4.35% p50=97.8[censor=4.35% ok] p95=119.0[censor=4.35% ok] p99=122.0[censor=4.35% UNSCOREABLE(inside censored tail)]
    LATPROBE-LEG leg=1 file=/tmp/rwm-ping-1.txt sent=47 recv=45 censor=4.26% p50=46.1[censor=4.26% ok] p95=256.0[censor=4.26% ok] p99=262.0[censor=4.26% UNSCOREABLE(inside censored tail)]
    LATPROBE: 2 leg(s) /tmp/rwm-ping-0.txt=44 /tmp/rwm-ping-1.txt=45 replies
    CPU: CPUSRV=2.28s CPUCLI=2.10s (srv=decoder cli=sender; whole-invocation incl warmup)
    QDISC cli0: qdisc netem bdc5: root refcnt 7 limit 1000 delay 5ms  3ms loss gemodel p 1.3% r 50% 1-h 100% 1-k 0% rate 100Mbit seed 42  Sent 25551889 bytes 20072 pkt (dropped 92, overlimits 0 requeues 0)   backlog 0b 0p requeues 0 
    QDISC cli1: qdisc netem bdc6: root refcnt 7 limit 1000 delay 20ms  5ms loss gemodel p 2% r 40% 1-h 100% 1-k 0% rate 20Mbit seed 1042  Sent 2680525 bytes 2434 pkt (dropped 38, overlimits 0 requeues 0)   backlog 0b 0p requeues 0 
    QDISC srv0: qdisc netem bdc7: root refcnt 7 limit 1000 delay 5ms  3ms rate 100Mbit seed 9454347943605583368  Sent 2683730 bytes 14484 pkt (dropped 0, overlimits 0 requeues 0)   backlog 0b 0p requeues 0 
    QDISC srv1: qdisc netem bdc8: root refcnt 7 limit 1000 delay 20ms  5ms rate 20Mbit seed 3264627695905441239  Sent 345820 bytes 1898 pkt (dropped 0, overlimits 0 requeues 0)   backlog 0b 0p requeues 0 
    QCAP: /tmp/rwm-q.txt 18 lines
RUNTIME c8-Q400 rep=2 4s rc=0
ALPHARESULT {"cell": "c8", "arm": "Q400", "alpha_cmd": 0.4, "seed": 42, "rep": 2, "n_paths": 2, "dnf": false, "dnf_count": 0, "mbps": 90.244, "mean_mbps": 90.244, "seconds": 2.2162, "n_runs": 1, "cpusrv": 2.28, "cpucli": 2.1, "khr_med": 1.0, "kraw_med": null, "khr_n": 10, "kraw_n": 0, "rtp_med": 10, "occ_p50": 1501, "occcap_p50": 1556, "q_p50": 145, "q_p99": 515, "diag_lines": 8, "retx": 843, "w1_rfa_gen": "0", "w2_pfrac_lines": 0, "w4_retx_max": 843, "w5_rack_fa": "92/878", "gates_cli_quantile_clocks": 1, "gates_srv_quantile_clocks": 1, "gates_cli_rack_clocks": 0, "gates_srv_rack_clocks": 0, "gates_cli_derived_sweep": 0, "gates_srv_derived_sweep": 0, "gates_cli_delta_cap": 1, "gates_srv_delta_cap": 1, "gates_cli_sum_cap": 1, "gates_srv_sum_cap": 1, "gates_cli_composed_cap": 0, "gates_srv_composed_cap": 0, "gates_cli_three_term": 0, "gates_srv_three_term": 0, "gates_cli_loss_sent_truth": 0, "gates_srv_loss_sent_truth": 0, "gates_cli_gen": null, "gates_srv_gen": null, "gates_cli_diag": 1, "gates_srv_diag": 1, "gates_cli_ackdiag": 1, "gates_srv_ackdiag": 1, "gates_cli_walldiag": 1, "gates_srv_walldiag": 1, "gates_cli_fdiag": 1, "gates_srv_fdiag": 1, "gates_cli_recov_mp": 1, "gates_srv_recov_mp": 1, "gates_cli_cc_pace": 0, "gates_srv_cc_pace": 0, "gates_cli_rack_reo_mult": 1, "gates_srv_rack_reo_mult": 1, "gates_lines_cli": 1, "gates_lines_srv": 1, "gate_quantile_cli": "1", "gate_quantile_srv": "1", "gate_alpha_cli": "0.4", "gate_alpha_srv": "0.4", "gate_gen_cli": 384, "gate_gen_srv": 384, "gate_wform_cli": "quantile", "gate_wform_srv": "quantile", "qalpha_lines_cli": 1, "qalpha_site_cli": "sender", "qalpha_quantile_cli": 1, "qalpha_contract_cli": 0.001, "qalpha_override_cli": 0.4, "qalpha_cli": 0.4, "qalpha_k_cli": 1.2247, "qalpha_form_cli": "quantile", "qalpha_winn_cli": "25", "qalpha_lines_srv": 1, "qalpha_site_srv": "receiver", "qalpha_quantile_srv": 1, "qalpha_contract_srv": 1e-05, "qalpha_override_srv": 0.4, "qalpha_srv": 0.4, "qalpha_k_srv": 1.2247, "qalpha_form_srv": "quantile", "qalpha_winn_srv": "25", "qclk_cli_lines": 1, "qclk_cli_site": "sender", "qclk_cli_alpha": 0.4, "qclk_cli_k": 1.2247, "qclk_cli_w_us_mean": 244085.8, "qclk_cli_srtt_us_mean": 240554.2, "qclk_cli_on": 1, "qclk_cli_evals": 21902, "qclk_cli_kept": 2466, "qclk_cli_w_us_p05": 34088, "qclk_cli_w_us_p50": 204175, "qclk_cli_w_us_p95": 568712, "qclk_cli_w_us_min": 15467, "qclk_cli_w_us_max": 604142, "qclk_cli_law_n": 19726, "qclk_cli_sigma_us_mean": 16716.1, "qclk_cli_sigma_n": 21682, "qclk_form_cli": "quantile", "qclk_winn_cli": "25", "qclk_win_ok_cli": 19726, "qclk_srv_lines": 2, "qclk_srv_site": "receiver", "qclk_srv_alpha": 0.4, "qclk_srv_k": 1.2247, "qclk_srv_w_us_mean": 130819.0, "qclk_srv_srtt_us_mean": 172081.0, "qclk_srv_on": 1, "qclk_srv_evals": 18831, "qclk_srv_kept": 382, "qclk_srv_w_us_p05": 130819, "qclk_srv_w_us_p50": 130819, "qclk_srv_w_us_p95": 130819, "qclk_srv_w_us_min": 130819, "qclk_srv_w_us_max": 130819, "qclk_srv_law_n": 382, "qclk_srv_sigma_us_mean": 158169.3, "qclk_srv_sigma_n": 18205, "qclk_form_srv": "quantile", "qclk_winn_srv": "25", "qclk_win_ok_srv": 382, "rack_lines_cli": 2, "rack_on_cli": 0, "rack_evals_cli": 0, "rack_ceil_cli": 0.0, "rack_gran_cli": 0.0, "rack_legacy_pin_cli": 0.0, "rack_round_cli": 0.0, "rack_legacy_cli": 0.0, "rack_mult_cli": 1, "rack_fa_n_cli": 92, "rack_fa_d_cli": 878, "rack_fa_frac_cli": 0.1048, "rack_fa_class_cli": 0.0625, "rack_lines_srv": 0, "rack_on_srv": null, "rack_evals_srv": null, "rack_ceil_srv": null, "rack_gran_srv": null, "rack_legacy_pin_srv": null, "rack_round_srv": null, "rack_legacy_srv": null, "rack_mult_srv": null, "rack_fa_n_srv": null, "rack_fa_d_srv": null, "rack_fa_frac_srv": null, "rack_fa_class_srv": null, "rack_fired": 878, "rack_spurious": 92, "rack_fa_frac": 0.1048, "rack_fa_class": 0.0625, "rack_round_us": 0.0, "rack_legacy_us": 0.0, "rack_evals": 0, "rack_legacy_pin": 0.0, "rfa_lines": 2, "rfa_gen": 0, "rfa_fires": 6032, "rfa_false": 399, "rfa_fill_coded": 99, "rfa_fill_src": 5534, "rfa_dup_src": 313, "rfa_preempt_src": 86, "rfa_src_n": 20461, "rfa_rep_n": 250, "rfa_false_frac": 0.0661, "rfa_nu_recv": 0.2948, "rfa_fa_class": 0.0625, "rfa_bracket_lo": 0.0661, "rfa_bracket_hi": 0.801205, "sf_ticks": 345, "sf_E": 0.9217, "sf_short": 0.1449, "sf_zero": 0.0116, "capboot_n": 5, "capboot_frac": 0.0, "ping_n": 44, "ping_p50": 97.8, "ping_p95": 119.0, "ping_p99": 122.0, "ping_tx": 46, "ping_rx": 44, "ping_loss": 4.35, "ping_censor_frac": 0.0435, "legs_probed": 1, "leg0_n": 44, "leg0_sent": 46, "leg0_recv": 44, "leg0_sent_source": "summary", "leg0_censor_frac": 0.0435, "leg0_censor_pct": 4.35, "leg0_recv_mismatch": false, "leg0_leg_unscoreable": false, "leg0_min": 5.16, "leg0_max": 122.0, "leg0_p50": 97.8, "leg0_p50_censored": false, "leg0_p50_scoreable": true, "leg0_p95": 119.0, "leg0_p95_censored": false, "leg0_p95_scoreable": true, "leg0_p99": 122.0, "leg0_p99_censored": true, "leg0_p99_scoreable": false, "legs_censor_max": 0.0435, "wait_tun": 66, "wait_paused": 9, "wait_pace": 0, "wait_gen": 0, "wait_nack": 18, "wait_defc": 0, "wait_tail": 0, "wait_flush": 0, "wait_lines": 5, "deadwall": false, "sig_us_p50": 2652.0, "sig_us_n": 18686, "sig_us_path": 0, "sig_paths": 2, "pl_n": 10, "pl_max": 0.2607, "pl_min": 0.0154, "pl_p0": 0.0154, "pl_p1": 0.2607, "dgq_hand": 22143, "dgq_full": 0, "dgq_err": 0, "dgq_gap": 110, "tc_bytes": 28232414, "tc_pkts": 22506, "tc_drop": 130, "tc_s": 4, "hold_lines": 3, "hold_samp_n": 2000, "hold_fed": 5625, "hold_evals": 877, "hold_law_n": 0, "hold_sup": 0, "hold_emit": 877, "hold_hd_n": 0, "hold_q": "unset", "hold_n_req": "-", "hold_n_obs": 1000, "hold_gen": 0, "hold_sup_frac": 0.0, "hold_law_frac": 0.0, "hold_obs_p50_us": 231119, "hold_obs_p90_us": 231119, "hold_obs_p99_us": 253664, "hold_t_us_p0": null, "hold_t_us_p1": null, "hold_samp_n_p0": 1000, "hold_samp_n_p1": 1000, "hold_hd_p50_us": null, "hold_hd_p90_us": null, "hold_hd_p99_us": null, "hold_hd_mx_us": null, "hold_unattr_evals": 1, "hold_paths_n": 2, "hold_accounting_ok": 1, "hold_obs_p50_us_p0": 231119, "hold_obs_p90_us_p0": 231119, "hold_obs_p99_us_p0": 231119, "hold_obs_p50_us_p1": 8271, "hold_obs_p90_us_p1": 131220, "hold_obs_p99_us_p1": 253664, "hold_rpd": 0.154605, "fcause_lines": 1, "fcause_gen": 0, "fcause_n": 878, "fcause_timer": 4, "fcause_gap_data": 861, "fcause_gap_refresh": 13, "fcause_other": 0, "fcause_fired": 878, "fcause_unattr": 0, "fcause_timer_frac": 0.0046, "fcause_gap_frac": 0.9954, "succ_lines": 2, "succ_gen": 0, "succ_det": 5679, "succ_res": 5616, "succ_orig_n": 5534, "succ_rep_n": 82, "succ_aban_n": 15, "succ_open": 48, "succ_over": 0, "succ_orig_p50_us": 73728, "succ_orig_p90_us": 327680, "succ_orig_p99_us": 491520, "succ_orig_mx_us": 741562, "succ_orig_frac": 0.9854, "succ_identity_ok": 1}
LIVENESS c8-Q400 rep=2 RWM_QUANTILE_CLOCKS=RWM_QUANTILE_CLOCKS=1/RWM_QUANTILE_CLOCKS=1(exp1) RWM_ALPHA_OVERRIDE=RWM_ALPHA_OVERRIDE=0.4/RWM_ALPHA_OVERRIDE=0.4(exp0.4) RWM_W_FORM=RWM_W_FORM=quantile/RWM_W_FORM=quantile(expquantile) RWM_DELTA_CAP=RWM_DELTA_CAP=1/RWM_DELTA_CAP=1(exp1) RWM_SUM_CAP=RWM_SUM_CAP=1/RWM_SUM_CAP=1(exp1) RWM_HOLDDOWN_Q=RWM_HOLDDOWN_Q=unset/RWM_HOLDDOWN_Q=unset(expunset) RWM_REFRESH_FLOOR_US=RWM_REFRESH_FLOOR_US=unset/RWM_REFRESH_FLOOR_US=unset(expunset) RWM_RACK_CLOCKS=RWM_RACK_CLOCKS=0/RWM_RACK_CLOCKS=0(exp0) RWM_DERIVED_SWEEP=RWM_DERIVED_SWEEP=0/RWM_DERIVED_SWEEP=0(exp0) RWM_COMPOSED_CAP=RWM_COMPOSED_CAP=0/RWM_COMPOSED_CAP=0(exp0) RWM_THREE_TERM=RWM_THREE_TERM=0/RWM_THREE_TERM=0(exp0) RWM_STORE_CAP_UNIFIED=RWM_STORE_CAP_UNIFIED=0/RWM_STORE_CAP_UNIFIED=0(exp0) RWM_LATE_BRAKE=RWM_LATE_BRAKE=0/RWM_LATE_BRAKE=0(exp0) RWM_CHARGE_RECOVERY=RWM_CHARGE_RECOVERY=0/RWM_CHARGE_RECOVERY=0(exp0) RWM_RELEASE_1TO1=RWM_RELEASE_1TO1=0/RWM_RELEASE_1TO1=0(exp0) RWM_LOSS_SENT_TRUTH=RWM_LOSS_SENT_TRUTH=0/RWM_LOSS_SENT_TRUTH=0(exp0) RWM_RTT_DUMP=RWM_RTT_DUMP=0/RWM_RTT_DUMP=0(exp0) RWM_SUCC_DUMP=RWM_SUCC_DUMP=0/RWM_SUCC_DUMP=0(exp0) RWM_DIAG=RWM_DIAG=1/RWM_DIAG=1(exp1) RWM_ACKDIAG=RWM_ACKDIAG=1/RWM_ACKDIAG=1(exp1) RWM_WALLDIAG=RWM_WALLDIAG=1/RWM_WALLDIAG=1(exp1) RWM_FDIAG=RWM_FDIAG=1/RWM_FDIAG=1(exp1)
W5QALPHA c8-Q400 rep=2 cli=form:quantile/win_n:25/alpha:4.000000e-1 srv=form:quantile/win_n:25/alpha:4.000000e-1 (exp form=quantile win_n=25)
WCLOCK c8-Q400 rep=2 law_n=19726 evals=21902 win_ok=19726 win_n=25 p50=204175 p05=34088 p95=568712 shipped_clock=100000
W8SUCC c8-Q400 rep=2 det=5679 res=5616 orig_frac=0.9854
QALPHALINE c8-Q400 rep=2 site=cli [QALPHA] site=receiver quantile=1 form=quantile win_n=25 contract_alpha=1.000000e-5 override=4.000000e-1 alpha=4.000000e-1 k=1.2247 fa_class=0.0625
QALPHALINE c8-Q400 rep=2 site=cli [QALPHA] site=sender quantile=1 form=quantile win_n=25 contract_alpha=1.000000e-3 override=4.000000e-1 alpha=4.000000e-1 k=1.2247 fa_class=0.0625
QALPHALINE c8-Q400 rep=2 site=srv [QALPHA] site=receiver quantile=1 form=quantile win_n=25 contract_alpha=1.000000e-5 override=4.000000e-1 alpha=4.000000e-1 k=1.2247 fa_class=0.0625
QALPHALINE c8-Q400 rep=2 site=srv [QALPHA] site=sender quantile=1 form=quantile win_n=25 contract_alpha=1.000000e-3 override=4.000000e-1 alpha=4.000000e-1 k=1.2247 fa_class=0.0625
QCLKLINE c8-Q400 rep=2 site=cli [QCLK] site=sender on=1 form=quantile win_n=25 win_ok=19726 alpha=4.000000e-1 k=1.2247 evals=21902 law_n=19726 kept=2466 w_us_mean=244085.8 w_us_p05=34088 w_us_p50=204175 w_us_p95=568712 w_us_min=15467 w_us_max=604142 srtt_us_mean=240554.2 sigma_us_mean=16716.1/n21682 fa_class=0.0625
QCLKLINE c8-Q400 rep=2 site=srv [QCLK] site=receiver on=1 form=quantile win_n=25 win_ok=0 alpha=4.000000e-1 k=1.2247 evals=7721 law_n=0 kept=0 w_us_mean=0.0 w_us_p05=0 w_us_p50=0 w_us_p95=0 w_us_min=0 w_us_max=0 srtt_us_mean=0.0 sigma_us_mean=35058.8/n7095 fa_class=0.0625
QCLKLINE c8-Q400 rep=2 site=srv [QCLK] site=receiver on=1 form=quantile win_n=25 win_ok=382 alpha=4.000000e-1 k=1.2247 evals=18831 law_n=382 kept=382 w_us_mean=130819.0 w_us_p05=130819 w_us_p50=130819 w_us_p95=130819 w_us_min=130819 w_us_max=130819 srtt_us_mean=172081.0 sigma_us_mean=158169.3/n18205 fa_class=0.0625
RACKLINE c8-Q400 rep=2 site=cli [RACK] on=0 evals=0 ceil=0.0000 gran=0.0000 legacy_pin=0.0000 round=0.0 legacy=0.0 mult=1 fa=15/15 fa_frac=1.0000 fa_class=0.0625
RACKLINE c8-Q400 rep=2 site=cli [RACK] on=0 evals=0 ceil=0.0000 gran=0.0000 legacy_pin=0.0000 round=0.0 legacy=0.0 mult=1 fa=92/878 fa_frac=0.1048 fa_class=0.0625
RFALINE c8-Q400 rep=2 site=cli [RFA] gen=0 fires=11 false=11 false_frac=1.0000 fill_coded=0 fill_src=0 dup_src=11 preempt_src=0 src_n=12 rep_n=10 nu_recv=0.91667 fa_class=0.0625
RFALINE c8-Q400 rep=2 site=cli [RFA] gen=0 fires=15 false=15 false_frac=1.0000 fill_coded=0 fill_src=0 dup_src=15 preempt_src=0 src_n=17 rep_n=15 nu_recv=0.88235 fa_class=0.0625
RFALINE c8-Q400 rep=2 site=cli [RFA] gen=0 fires=15 false=15 false_frac=1.0000 fill_coded=0 fill_src=0 dup_src=15 preempt_src=0 src_n=17 rep_n=15 nu_recv=0.88235 fa_class=0.0625
RFALINE c8-Q400 rep=2 site=srv [RFA] gen=0 fires=1940 false=223 false_frac=0.1149 fill_coded=24 fill_src=1693 dup_src=201 preempt_src=22 src_n=9511 rep_n=104 nu_recv=0.20397 fa_class=0.0625
RFALINE c8-Q400 rep=2 site=srv [RFA] gen=0 fires=6032 false=399 false_frac=0.0661 fill_coded=99 fill_src=5534 dup_src=313 preempt_src=86 src_n=20461 rep_n=250 nu_recv=0.29480 fa_class=0.0625
FCAUSELINE c8-Q400 rep=2 site=cli [FCAUSE] gen=0 n=878 timer=4 gap_data=861 gap_refresh=13 other=0 timer_frac=0.0046 gap_frac=0.9954 fired=878 unattr=0 fa_class=0.0625
SUCCLINE c8-Q400 rep=2 site=cli [SUCC] gen=0 det=0 res=0 orig_n=0 orig_p50_us=- orig_p90_us=- orig_p99_us=- orig_mx_us=- orig_mean_us=- rep_n=0 rep_p50_us=- rep_p90_us=- rep_p99_us=- rep_mx_us=- rep_mean_us=- aban_n=0 aban_p50_us=- aban_p90_us=- aban_p99_us=- aban_mx_us=- aban_mean_us=- open=0 over=0 orig_frac=- cross_us=- dump=0/0
SUCCLINE c8-Q400 rep=2 site=cli [SUCC] gen=0 det=0 res=0 orig_n=0 orig_p50_us=- orig_p90_us=- orig_p99_us=- orig_mx_us=- orig_mean_us=- rep_n=0 rep_p50_us=- rep_p90_us=- rep_p99_us=- rep_mx_us=- rep_mean_us=- aban_n=0 aban_p50_us=- aban_p90_us=- aban_p99_us=- aban_mx_us=- aban_mean_us=- open=0 over=0 orig_frac=- cross_us=- dump=0/0
SUCCLINE c8-Q400 rep=2 site=srv [SUCC] gen=0 det=1978 res=1700 orig_n=1693 orig_p50_us=57344 orig_p90_us=393216 orig_p99_us=491520 orig_mx_us=497984 orig_mean_us=134639 rep_n=7 rep_p50_us=22528 rep_p90_us=327680 rep_p99_us=327680 rep_mx_us=350519 rep_mean_us=114569 aban_n=0 aban_p50_us=- aban_p90_us=- aban_p99_us=- aban_mx_us=- aban_mean_us=- open=278 over=0 orig_frac=0.9959 cross_us=- dump=0/0
SUCCLINE c8-Q400 rep=2 site=srv [SUCC] gen=0 det=5679 res=5616 orig_n=5534 orig_p50_us=73728 orig_p90_us=327680 orig_p99_us=491520 orig_mx_us=741562 orig_mean_us=121965 rep_n=82 rep_p50_us=294912 rep_p90_us=589824 rep_p99_us=655360 rep_mx_us=688816 rep_mean_us=347313 aban_n=15 aban_p50_us=524288 aban_p90_us=589824 aban_p99_us=589824 aban_mx_us=633927 aban_mean_us=608985 open=48 over=0 orig_frac=0.9854 cross_us=- dump=0/0
HOLDLINE c8-Q400 rep=2 site=cli [HOLD] site=sender path=0 gen=0 q=unset n_req=- n_obs=1000 samp_n=1000 fed=3476 t_us=- obs_p50_us=231119 obs_p90_us=231119 obs_p99_us=231119 evals=623 law_n=0 sup=0 emit=623 hd_p50_us=- hd_p90_us=- hd_p99_us=- hd_mx_us=- hd_n=0 fa_class=0.0625
HOLDLINE c8-Q400 rep=2 site=cli [HOLD] site=sender path=1 gen=0 q=unset n_req=- n_obs=1000 samp_n=1000 fed=2149 t_us=- obs_p50_us=8271 obs_p90_us=131220 obs_p99_us=253664 evals=254 law_n=0 sup=0 emit=254 hd_p50_us=- hd_p90_us=- hd_p99_us=- hd_mx_us=- hd_n=0 fa_class=0.0625
HOLDLINE c8-Q400 rep=2 site=cli [HOLD] site=sender path=- gen=0 q=unset n_req=- n_obs=1000 samp_n=0 fed=0 t_us=- obs_p50_us=- obs_p90_us=- obs_p99_us=- evals=1 law_n=0 sup=0 emit=1 hd_p50_us=- hd_p90_us=- hd_p99_us=- hd_mx_us=- hd_n=0 fa_class=0.0625
WALLLINE c8-Q400 rep=2 site=cli [WALL] onset=1.0000 dur_ms=0.1 retx=0 total_ms=2239.2 it_ms=0.102
WINDOW-PARTIAL c8-Q400 rep=2 win_ok=19726/21902 win_n=25 (RESULT, not an abort -- the fraction is to be scored, and the quantile-native sweep read 0.829-0.999 here)
VAWITNESS {"cell":"c8","arm":"Q400","alpha":"0.4","seed":42,"rep":2,"rc":0,"mean_mbps":90.244,"band":[50,100],"band_applies":0,"in_band":1,"lossy":1,"alpha_expect":"0.4","alpha_got_cli":"0.4","alpha_got_srv":"0.4","form_expect":"quantile","form_got_cli":"quantile","form_got_srv":"quantile","winn_expect":"25","winn_got_cli":"25","winn_got_srv":"25","qclk_law_n":19726,"qclk_evals":21902,"qclk_win_ok":19726,"qclk_win_n":"25","w_us_p50":204175,"w_us_p05":34088,"w_us_p95":568712,"shipped_clock_us":100000,"fcause_n":878,"fcause_timer":4,"fcause_gap_data":861,"fcause_gap_refresh":13,"fcause_other":0,"fcause_unattr":0,"succ_det":5679,"succ_res":5616,"succ_orig_frac":"0.9854","rfa_fires":6032,"rfa_false":399,"rfa_false_frac":"0.0661","rfa_fill_coded":99,"rack_fa":"92/878","rack_fa_frac":"0.1048","fails":""}
=== rep=3 arm=c8-CTL alpha=unset form=unset win_n=unavail seed=42 env="RWM_QUANTILE_CLOCKS=0 RWM_DELTA_CAP=1 RWM_SUM_CAP=1 RWM_RACK_CLOCKS=0 RWM_DERIVED_SWEEP=0 RWM_COMPOSED_CAP=0 RWM_THREE_TERM=0 RWM_STORE_CAP_UNIFIED=0 RWM_LATE_BRAKE=0 RWM_CHARGE_RECOVERY=0 RWM_RELEASE_1TO1=0 RWM_LOSS_SENT_TRUTH=0 RWM_RTT_DUMP=0 RWM_SUCC_DUMP=0" cell=c2/c3/dual bytes=25000000 18:39:03
[2m2026-08-21T18:39:04.818357Z[0m [32m INFO[0m [2mraptorpath::gates[0m[2m:[0m [GATES] RWM_UNIFIED=1 RWM_UNIFIED_SHED=1 RWM_TAPER_R=1 RWM_ASTAR_ANCHOR=1 RWM_MSTAR_ANCHOR=1 RWM_PLAIN_RS=0 RWM_HONEST_ANCHOR=1 RWM_HONEST_K=0 RWM_STORE_SACK_RELEASE=1 RWM_STORE_PATHS=1 RWM_STORE_PATH_POOL=2048 RWM_STORE=unset RWM_STORE_GAIN=2 RWM_STORE_BOOT=128 RWM_STORE_CAPW=0 RWM_STORE_CAP_UNIFIED=0 RWM_THREE_TERM=0 RWM_COMPOSED_CAP=0 RWM_SUM_CAP=1 RWM_LATE_BRAKE=0 RWM_DELTA_CAP=1 RWM_STORE_PERCAP=0 RWM_PERCAP_GUARD=1 RWM_STORE_BORROW=0 RWM_HONEST_CAP=1 RWM_POOL_ANCHOR=0 RWM_POOL_DELIV=0 RWM_FLOOR_BOUND=0 RWM_ACK_MERGE=1 RWM_LOSS_SENT_TRUTH=0 RWM_RELEASE_1TO1=0 RWM_CHARGE_RECOVERY=0 RWM_PATIENCE_DERIVED=0 RWM_SIDLE_DERIVED=0 RWM_WIN_DECOUPLE=0 RWM_PLACE_SLACK=0 RWM_COLD_PLACE=0 RWM_GEN=384 RWM_PIPELINE=2 RWM_GEN_PIPE=1 RWM_GEN_R=unset RWM_GEN_RATE=9000 RWM_GEN_RATE_FLOOR=2000 RWM_GEN_INFLIGHT=unset RWM_OOO_RETAIN=0/16 RWM_WINDOW=unset RWM_REPORT_GENS=unset RWM_REPAIR_WAIT=unset RWM_CODED_SRC=0 RWM_NO_REACTIVE=0 RWM_XPATH_REPAIR=0 RWM_PROACTIVE_PACER=0 RWM_REASM_BDP=0 RWM_MIN_R=0 RWM_CC_PACE=0 RWM_CC_PACE_HR=1.1 RWM_REACT_CAP=unset RWM_INFL_CAP=0 RWM_INFL_BDP=unset RWM_COPA_FEED=0 RWM_RS_ATTR=1 RWM_EMIT_BATCH=0 RWM_EMIT_BURST=64 RWM_RECOV_MP=1 RWM_RECOV_MP_LAW=1 RWM_RECOV_MP_LIVE=0 RWM_RECOV_SP=0 RWM_DERIVED_SWEEP=0 RWM_RACK_CLOCKS=0 RWM_RACK_REO_MULT=1 RWM_QUANTILE_CLOCKS=0 RWM_ALPHA_OVERRIDE=unset RWM_W_FORM=cantelli RWM_HOLDDOWN_Q=unset RWM_REFRESH_FLOOR_US=unset RWM_DIAG=1 RWM_ACKDIAG=1 RWM_ACKDIAG_WINDOW_US=2000000 RWM_RTT_DUMP=0 RWM_RTT_DUMP_MAX=400000 RWM_SUCC_DUMP=0 RWM_SUCC_DUMP_MAX=200000 RWM_WALLDIAG=1 RWM_CPUPROF=0 RWM_RDIAG=0 RWM_FDIAG=1 RWM_TRACE=0 RWM_PFRAC=0
{"bytes":25000000,"dnf":0,"hint":"bulk","max_s":2.1181,"mean_mbps":94.423,"mean_s":2.1181,"median_s":2.1181,"min_s":2.1181,"proto":"rp-native","runs":1,"stdev_s":0.0,"summary":true}
    LATPROBE-LEG leg=0 file=/tmp/rwm-ping-0.txt sent=47 recv=44 censor=6.38% p50=98.5[censor=6.38% ok] p95=146.0[censor=6.38% UNSCOREABLE(inside censored tail)] p99=148.0[censor=6.38% UNSCOREABLE(inside censored tail)]
    LATPROBE-LEG leg=1 file=/tmp/rwm-ping-1.txt sent=47 recv=45 censor=4.26% p50=85.2[censor=4.26% ok] p95=305.0[censor=4.26% ok] p99=316.0[censor=4.26% UNSCOREABLE(inside censored tail)]
    LATPROBE: 2 leg(s) /tmp/rwm-ping-0.txt=44 /tmp/rwm-ping-1.txt=45 replies
    CPU: CPUSRV=2.34s CPUCLI=2.12s (srv=decoder cli=sender; whole-invocation incl warmup)
    QDISC cli0: qdisc netem bdc9: root refcnt 7 limit 1000 delay 5ms  3ms loss gemodel p 1.3% r 50% 1-h 100% 1-k 0% rate 100Mbit seed 42  Sent 24208255 bytes 19813 pkt (dropped 113, overlimits 0 requeues 0)   backlog 0b 0p requeues 0 
    QDISC cli1: qdisc netem bdca: root refcnt 7 limit 1000 delay 20ms  5ms loss gemodel p 2% r 40% 1-h 100% 1-k 0% rate 20Mbit seed 1042  Sent 4357240 bytes 4040 pkt (dropped 66, overlimits 0 requeues 0)   backlog 0b 0p requeues 0 
    QDISC srv0: qdisc netem bdcb: root refcnt 7 limit 1000 delay 5ms  3ms rate 100Mbit seed 14412211065328640889  Sent 2769673 bytes 14284 pkt (dropped 0, overlimits 0 requeues 0)   backlog 0b 0p requeues 0 
    QDISC srv1: qdisc netem bdcc: root refcnt 7 limit 1000 delay 20ms  5ms rate 20Mbit seed 4358991976952800522  Sent 614926 bytes 3197 pkt (dropped 0, overlimits 0 requeues 0)   backlog 0b 0p requeues 0 
    QCAP: /tmp/rwm-q.txt 18 lines
RUNTIME c8-CTL rep=3 4s rc=0
ALPHARESULT {"cell": "c8", "arm": "CTL", "alpha_cmd": null, "seed": 42, "rep": 3, "n_paths": 2, "dnf": false, "dnf_count": 0, "mbps": 94.423, "mean_mbps": 94.423, "seconds": 2.1181, "n_runs": 1, "cpusrv": 2.34, "cpucli": 2.12, "khr_med": 1.0, "kraw_med": null, "khr_n": 10, "kraw_n": 0, "rtp_med": 12, "occ_p50": 1435, "occcap_p50": 1458, "q_p50": 145, "q_p99": 261, "diag_lines": 8, "retx": 1008, "w1_rfa_gen": "0", "w2_pfrac_lines": 0, "w4_retx_max": 1008, "w5_rack_fa": "268/1031", "gates_cli_quantile_clocks": 0, "gates_srv_quantile_clocks": 0, "gates_cli_rack_clocks": 0, "gates_srv_rack_clocks": 0, "gates_cli_derived_sweep": 0, "gates_srv_derived_sweep": 0, "gates_cli_delta_cap": 1, "gates_srv_delta_cap": 1, "gates_cli_sum_cap": 1, "gates_srv_sum_cap": 1, "gates_cli_composed_cap": 0, "gates_srv_composed_cap": 0, "gates_cli_three_term": 0, "gates_srv_three_term": 0, "gates_cli_loss_sent_truth": 0, "gates_srv_loss_sent_truth": 0, "gates_cli_gen": null, "gates_srv_gen": null, "gates_cli_diag": 1, "gates_srv_diag": 1, "gates_cli_ackdiag": 1, "gates_srv_ackdiag": 1, "gates_cli_walldiag": 1, "gates_srv_walldiag": 1, "gates_cli_fdiag": 1, "gates_srv_fdiag": 1, "gates_cli_recov_mp": 1, "gates_srv_recov_mp": 1, "gates_cli_cc_pace": 0, "gates_srv_cc_pace": 0, "gates_cli_rack_reo_mult": 1, "gates_srv_rack_reo_mult": 1, "gates_lines_cli": 1, "gates_lines_srv": 1, "gate_quantile_cli": "0", "gate_quantile_srv": "0", "gate_alpha_cli": "unset", "gate_alpha_srv": "unset", "gate_gen_cli": 384, "gate_gen_srv": 384, "gate_wform_cli": "cantelli", "gate_wform_srv": "cantelli", "qalpha_lines_cli": 1, "qalpha_site_cli": "sender", "qalpha_quantile_cli": 0, "qalpha_contract_cli": 0.001, "qalpha_override_cli": null, "qalpha_cli": 0.001, "qalpha_k_cli": 31.607, "qalpha_form_cli": "cantelli", "qalpha_winn_cli": "unavail", "qalpha_lines_srv": 1, "qalpha_site_srv": "receiver", "qalpha_quantile_srv": 0, "qalpha_contract_srv": 1e-05, "qalpha_override_srv": null, "qalpha_srv": 1e-05, "qalpha_k_srv": 316.2262, "qalpha_form_srv": "cantelli", "qalpha_winn_srv": "unavail", "qclk_cli_lines": 1, "qclk_cli_site": "sender", "qclk_cli_alpha": 0.001, "qclk_cli_k": 31.607, "qclk_cli_w_us_mean": 98782.5, "qclk_cli_srtt_us_mean": 205442.8, "qclk_cli_on": 0, "qclk_cli_evals": 22127, "qclk_cli_kept": 2766, "qclk_cli_w_us_p05": 100000, "qclk_cli_w_us_p50": 100000, "qclk_cli_w_us_p95": 100000, "qclk_cli_w_us_min": 25000, "qclk_cli_w_us_max": 100000, "qclk_cli_law_n": 22127, "qclk_cli_sigma_us_mean": 4704.5, "qclk_cli_sigma_n": 21856, "qclk_form_cli": "cantelli", "qclk_winn_cli": "unavail", "qclk_win_ok_cli": 0, "qclk_srv_lines": 2, "qclk_srv_site": "receiver", "qclk_srv_alpha": 1e-05, "qclk_srv_k": 316.2262, "qclk_srv_w_us_mean": 100000.0, "qclk_srv_srtt_us_mean": 123727.7, "qclk_srv_on": 0, "qclk_srv_evals": 20146, "qclk_srv_kept": 2519, "qclk_srv_w_us_p05": 100000, "qclk_srv_w_us_p50": 100000, "qclk_srv_w_us_p95": 100000, "qclk_srv_w_us_min": 100000, "qclk_srv_w_us_max": 100000, "qclk_srv_law_n": 20146, "qclk_srv_sigma_us_mean": 72287.1, "qclk_srv_sigma_n": 19340, "qclk_form_srv": "cantelli", "qclk_winn_srv": "unavail", "qclk_win_ok_srv": 0, "rack_lines_cli": 2, "rack_on_cli": 0, "rack_evals_cli": 0, "rack_ceil_cli": 0.0, "rack_gran_cli": 0.0, "rack_legacy_pin_cli": 0.0, "rack_round_cli": 0.0, "rack_legacy_cli": 0.0, "rack_mult_cli": 1, "rack_fa_n_cli": 268, "rack_fa_d_cli": 1031, "rack_fa_frac_cli": 0.2599, "rack_fa_class_cli": 0.0625, "rack_lines_srv": 0, "rack_on_srv": null, "rack_evals_srv": null, "rack_ceil_srv": null, "rack_gran_srv": null, "rack_legacy_pin_srv": null, "rack_round_srv": null, "rack_legacy_srv": null, "rack_mult_srv": null, "rack_fa_n_srv": null, "rack_fa_d_srv": null, "rack_fa_frac_srv": null, "rack_fa_class_srv": null, "rack_fired": 1031, "rack_spurious": 268, "rack_fa_frac": 0.2599, "rack_fa_class": 0.0625, "rack_round_us": 0.0, "rack_legacy_us": 0.0, "rack_evals": 0, "rack_legacy_pin": 0.0, "rfa_lines": 2, "rfa_gen": 0, "rfa_fires": 6600, "rfa_false": 608, "rfa_fill_coded": 150, "rfa_fill_src": 5842, "rfa_dup_src": 469, "rfa_preempt_src": 139, "rfa_src_n": 20125, "rfa_rep_n": 294, "rfa_false_frac": 0.0921, "rfa_nu_recv": 0.32795, "rfa_fa_class": 0.0625, "rfa_bracket_lo": 0.0921, "rfa_bracket_hi": 0.802111, "sf_ticks": 352, "sf_E": 0.9205, "sf_short": 0.1392, "sf_zero": 0.0199, "capboot_n": 5, "capboot_frac": 0.0, "ping_n": 44, "ping_p50": 98.5, "ping_p95": 146.0, "ping_p99": 148.0, "ping_tx": 47, "ping_rx": 44, "ping_loss": 6.38, "ping_censor_frac": 0.0638, "legs_probed": 1, "leg0_n": 44, "leg0_sent": 47, "leg0_recv": 44, "leg0_sent_source": "summary", "leg0_censor_frac": 0.0638, "leg0_censor_pct": 6.38, "leg0_recv_mismatch": false, "leg0_leg_unscoreable": false, "leg0_min": 7.75, "leg0_max": 148.0, "leg0_p50": 98.5, "leg0_p50_censored": false, "leg0_p50_scoreable": true, "leg0_p95": 146.0, "leg0_p95_censored": true, "leg0_p95_scoreable": false, "leg0_p99": 148.0, "leg0_p99_censored": true, "leg0_p99_scoreable": false, "legs_censor_max": 0.0638, "wait_tun": 55, "wait_paused": 20, "wait_pace": 0, "wait_gen": 0, "wait_nack": 24, "wait_defc": 0, "wait_tail": 1, "wait_flush": 0, "wait_lines": 5, "deadwall": false, "sig_us_p50": 272.0, "sig_us_n": 17189, "sig_us_path": 0, "sig_paths": 2, "pl_n": 10, "pl_max": 0.3553, "pl_min": 0.0, "pl_p0": 0.0, "pl_p1": 0.3553, "dgq_hand": 22533, "dgq_full": 0, "dgq_err": 0, "dgq_gap": 0, "tc_bytes": 28565695, "tc_pkts": 23855, "tc_drop": 179, "tc_s": 4, "hold_lines": 3, "hold_samp_n": 2000, "hold_fed": 10924, "hold_evals": 1030, "hold_law_n": 0, "hold_sup": 0, "hold_emit": 1030, "hold_hd_n": 0, "hold_q": "unset", "hold_n_req": "-", "hold_n_obs": 1000, "hold_gen": 0, "hold_sup_frac": 0.0, "hold_law_frac": 0.0, "hold_obs_p50_us": 8988, "hold_obs_p90_us": 123780, "hold_obs_p99_us": 323832, "hold_t_us_p0": null, "hold_t_us_p1": null, "hold_samp_n_p0": 1000, "hold_samp_n_p1": 1000, "hold_hd_p50_us": null, "hold_hd_p90_us": null, "hold_hd_p99_us": null, "hold_hd_mx_us": null, "hold_unattr_evals": 1, "hold_paths_n": 2, "hold_accounting_ok": 1, "hold_obs_p50_us_p0": 8988, "hold_obs_p90_us_p0": 123780, "hold_obs_p99_us_p0": 158323, "hold_obs_p50_us_p1": 7527, "hold_obs_p90_us_p1": 45232, "hold_obs_p99_us_p1": 323832, "hold_rpd": 0.16935, "fcause_lines": 1, "fcause_gen": 0, "fcause_n": 1031, "fcause_timer": 1, "fcause_gap_data": 1030, "fcause_gap_refresh": 0, "fcause_other": 0, "fcause_fired": 1031, "fcause_unattr": 0, "fcause_timer_frac": 0.001, "fcause_gap_frac": 0.999, "succ_lines": 2, "succ_gen": 0, "succ_det": 6088, "succ_res": 5992, "succ_orig_n": 5842, "succ_rep_n": 150, "succ_aban_n": 0, "succ_open": 96, "succ_over": 0, "succ_orig_p50_us": 73728, "succ_orig_p90_us": 212992, "succ_orig_p99_us": 294912, "succ_orig_mx_us": 449718, "succ_orig_frac": 0.975, "succ_identity_ok": 1}
LIVENESS c8-CTL rep=3 RWM_QUANTILE_CLOCKS=RWM_QUANTILE_CLOCKS=0/RWM_QUANTILE_CLOCKS=0(exp0) RWM_ALPHA_OVERRIDE=RWM_ALPHA_OVERRIDE=unset/RWM_ALPHA_OVERRIDE=unset(expunset) RWM_W_FORM=RWM_W_FORM=cantelli/RWM_W_FORM=cantelli(expcantelli) RWM_DELTA_CAP=RWM_DELTA_CAP=1/RWM_DELTA_CAP=1(exp1) RWM_SUM_CAP=RWM_SUM_CAP=1/RWM_SUM_CAP=1(exp1) RWM_HOLDDOWN_Q=RWM_HOLDDOWN_Q=unset/RWM_HOLDDOWN_Q=unset(expunset) RWM_REFRESH_FLOOR_US=RWM_REFRESH_FLOOR_US=unset/RWM_REFRESH_FLOOR_US=unset(expunset) RWM_RACK_CLOCKS=RWM_RACK_CLOCKS=0/RWM_RACK_CLOCKS=0(exp0) RWM_DERIVED_SWEEP=RWM_DERIVED_SWEEP=0/RWM_DERIVED_SWEEP=0(exp0) RWM_COMPOSED_CAP=RWM_COMPOSED_CAP=0/RWM_COMPOSED_CAP=0(exp0) RWM_THREE_TERM=RWM_THREE_TERM=0/RWM_THREE_TERM=0(exp0) RWM_STORE_CAP_UNIFIED=RWM_STORE_CAP_UNIFIED=0/RWM_STORE_CAP_UNIFIED=0(exp0) RWM_LATE_BRAKE=RWM_LATE_BRAKE=0/RWM_LATE_BRAKE=0(exp0) RWM_CHARGE_RECOVERY=RWM_CHARGE_RECOVERY=0/RWM_CHARGE_RECOVERY=0(exp0) RWM_RELEASE_1TO1=RWM_RELEASE_1TO1=0/RWM_RELEASE_1TO1=0(exp0) RWM_LOSS_SENT_TRUTH=RWM_LOSS_SENT_TRUTH=0/RWM_LOSS_SENT_TRUTH=0(exp0) RWM_RTT_DUMP=RWM_RTT_DUMP=0/RWM_RTT_DUMP=0(exp0) RWM_SUCC_DUMP=RWM_SUCC_DUMP=0/RWM_SUCC_DUMP=0(exp0) RWM_DIAG=RWM_DIAG=1/RWM_DIAG=1(exp1) RWM_ACKDIAG=RWM_ACKDIAG=1/RWM_ACKDIAG=1(exp1) RWM_WALLDIAG=RWM_WALLDIAG=1/RWM_WALLDIAG=1(exp1) RWM_FDIAG=RWM_FDIAG=1/RWM_FDIAG=1(exp1)
W5QALPHA c8-CTL rep=3 cli=form:cantelli/win_n:unavail/alpha:1.000000e-3 srv=form:cantelli/win_n:unavail/alpha:1.000000e-5 (exp form=cantelli win_n=unavail)
WCLOCK c8-CTL rep=3 law_n=22127 evals=22127 win_ok=0 win_n=unavail p50=100000 p05=100000 p95=100000 shipped_clock=100000
W8SUCC c8-CTL rep=3 det=6088 res=5992 orig_frac=0.9750
QALPHALINE c8-CTL rep=3 site=cli [QALPHA] site=sender quantile=0 form=cantelli win_n=unavail contract_alpha=1.000000e-3 override=unset alpha=1.000000e-3 k=31.6070 fa_class=0.0625
QALPHALINE c8-CTL rep=3 site=cli [QALPHA] site=receiver quantile=0 form=cantelli win_n=unavail contract_alpha=1.000000e-5 override=unset alpha=1.000000e-5 k=316.2262 fa_class=0.0625
QALPHALINE c8-CTL rep=3 site=srv [QALPHA] site=receiver quantile=0 form=cantelli win_n=unavail contract_alpha=1.000000e-5 override=unset alpha=1.000000e-5 k=316.2262 fa_class=0.0625
QALPHALINE c8-CTL rep=3 site=srv [QALPHA] site=sender quantile=0 form=cantelli win_n=unavail contract_alpha=1.000000e-3 override=unset alpha=1.000000e-3 k=31.6070 fa_class=0.0625
QCLKLINE c8-CTL rep=3 site=cli [QCLK] site=sender on=0 form=cantelli win_n=unavail win_ok=0 alpha=1.000000e-3 k=31.6070 evals=22127 law_n=22127 kept=2766 w_us_mean=98782.5 w_us_p05=100000 w_us_p50=100000 w_us_p95=100000 w_us_min=25000 w_us_max=100000 srtt_us_mean=205442.8 sigma_us_mean=4704.5/n21856 fa_class=0.0625
QCLKLINE c8-CTL rep=3 site=srv [QCLK] site=receiver on=0 form=cantelli win_n=unavail win_ok=0 alpha=1.000000e-5 k=316.2262 evals=8630 law_n=8630 kept=2158 w_us_mean=100000.0 w_us_p05=100000 w_us_p50=100000 w_us_p95=100000 w_us_min=100000 w_us_max=100000 srtt_us_mean=129716.1 sigma_us_mean=55122.2/n7824 fa_class=0.0625
QCLKLINE c8-CTL rep=3 site=srv [QCLK] site=receiver on=0 form=cantelli win_n=unavail win_ok=0 alpha=1.000000e-5 k=316.2262 evals=20146 law_n=20146 kept=2519 w_us_mean=100000.0 w_us_p05=100000 w_us_p50=100000 w_us_p95=100000 w_us_min=100000 w_us_max=100000 srtt_us_mean=123727.7 sigma_us_mean=72287.1/n19340 fa_class=0.0625
RACKLINE c8-CTL rep=3 site=cli [RACK] on=0 evals=0 ceil=0.0000 gran=0.0000 legacy_pin=0.0000 round=0.0 legacy=0.0 mult=1 fa=11/11 fa_frac=1.0000 fa_class=0.0625
RACKLINE c8-CTL rep=3 site=cli [RACK] on=0 evals=0 ceil=0.0000 gran=0.0000 legacy_pin=0.0000 round=0.0 legacy=0.0 mult=1 fa=268/1031 fa_frac=0.2599 fa_class=0.0625
RFALINE c8-CTL rep=3 site=cli [RFA] gen=0 fires=6 false=6 false_frac=1.0000 fill_coded=0 fill_src=0 dup_src=6 preempt_src=0 src_n=7 rep_n=5 nu_recv=0.85714 fa_class=0.0625
RFALINE c8-CTL rep=3 site=cli [RFA] gen=0 fires=11 false=11 false_frac=1.0000 fill_coded=0 fill_src=0 dup_src=11 preempt_src=0 src_n=12 rep_n=10 nu_recv=0.91667 fa_class=0.0625
RFALINE c8-CTL rep=3 site=cli [RFA] gen=0 fires=11 false=11 false_frac=1.0000 fill_coded=0 fill_src=0 dup_src=11 preempt_src=0 src_n=13 rep_n=11 nu_recv=0.84615 fa_class=0.0625
RFALINE c8-CTL rep=3 site=srv [RFA] gen=0 fires=3265 false=470 false_frac=0.1440 fill_coded=61 fill_src=2734 dup_src=409 preempt_src=61 src_n=8760 rep_n=153 nu_recv=0.37272 fa_class=0.0625
RFALINE c8-CTL rep=3 site=srv [RFA] gen=0 fires=6600 false=608 false_frac=0.0921 fill_coded=150 fill_src=5842 dup_src=469 preempt_src=139 src_n=20125 rep_n=294 nu_recv=0.32795 fa_class=0.0625
FCAUSELINE c8-CTL rep=3 site=cli [FCAUSE] gen=0 n=1031 timer=1 gap_data=1030 gap_refresh=0 other=0 timer_frac=0.0010 gap_frac=0.9990 fired=1031 unattr=0 fa_class=0.0625
SUCCLINE c8-CTL rep=3 site=cli [SUCC] gen=0 det=0 res=0 orig_n=0 orig_p50_us=- orig_p90_us=- orig_p99_us=- orig_mx_us=- orig_mean_us=- rep_n=0 rep_p50_us=- rep_p90_us=- rep_p99_us=- rep_mx_us=- rep_mean_us=- aban_n=0 aban_p50_us=- aban_p90_us=- aban_p99_us=- aban_mx_us=- aban_mean_us=- open=0 over=0 orig_frac=- cross_us=- dump=0/0
SUCCLINE c8-CTL rep=3 site=cli [SUCC] gen=0 det=0 res=0 orig_n=0 orig_p50_us=- orig_p90_us=- orig_p99_us=- orig_mx_us=- orig_mean_us=- rep_n=0 rep_p50_us=- rep_p90_us=- rep_p99_us=- rep_mx_us=- rep_mean_us=- aban_n=0 aban_p50_us=- aban_p90_us=- aban_p99_us=- aban_mx_us=- aban_mean_us=- open=0 over=0 orig_frac=- cross_us=- dump=0/0
SUCCLINE c8-CTL rep=3 site=srv [SUCC] gen=0 det=3174 res=2795 orig_n=2734 orig_p50_us=57344 orig_p90_us=163840 orig_p99_us=262144 orig_mx_us=331780 orig_mean_us=76386 rep_n=61 rep_p50_us=65536 rep_p90_us=122880 rep_p99_us=196608 rep_mx_us=206636 rep_mean_us=80850 aban_n=0 aban_p50_us=- aban_p90_us=- aban_p99_us=- aban_mx_us=- aban_mean_us=- open=379 over=0 orig_frac=0.9782 cross_us=- dump=0/0
SUCCLINE c8-CTL rep=3 site=srv [SUCC] gen=0 det=6088 res=5992 orig_n=5842 orig_p50_us=73728 orig_p90_us=212992 orig_p99_us=294912 orig_mx_us=449718 orig_mean_us=99511 rep_n=150 rep_p50_us=122880 rep_p90_us=360448 rep_p99_us=360448 rep_mx_us=394448 rep_mean_us=165687 aban_n=0 aban_p50_us=- aban_p90_us=- aban_p99_us=- aban_mx_us=- aban_mean_us=- open=96 over=0 orig_frac=0.9750 cross_us=- dump=0/0
HOLDLINE c8-CTL rep=3 site=cli [HOLD] site=sender path=0 gen=0 q=unset n_req=- n_obs=1000 samp_n=1000 fed=7011 t_us=- obs_p50_us=8988 obs_p90_us=123780 obs_p99_us=158323 evals=688 law_n=0 sup=0 emit=688 hd_p50_us=- hd_p90_us=- hd_p99_us=- hd_mx_us=- hd_n=0 fa_class=0.0625
HOLDLINE c8-CTL rep=3 site=cli [HOLD] site=sender path=1 gen=0 q=unset n_req=- n_obs=1000 samp_n=1000 fed=3913 t_us=- obs_p50_us=7527 obs_p90_us=45232 obs_p99_us=323832 evals=342 law_n=0 sup=0 emit=342 hd_p50_us=- hd_p90_us=- hd_p99_us=- hd_mx_us=- hd_n=0 fa_class=0.0625
HOLDLINE c8-CTL rep=3 site=cli [HOLD] site=sender path=- gen=0 q=unset n_req=- n_obs=1000 samp_n=0 fed=0 t_us=- obs_p50_us=- obs_p90_us=- obs_p99_us=- evals=1 law_n=0 sup=0 emit=1 hd_p50_us=- hd_p90_us=- hd_p99_us=- hd_mx_us=- hd_n=0 fa_class=0.0625
WALLLINE c8-CTL rep=3 site=cli [WALL] onset=1.0000 dur_ms=0.0 retx=0 total_ms=2149.7 it_ms=0.097
VAWITNESS {"cell":"c8","arm":"CTL","alpha":"unset","seed":42,"rep":3,"rc":0,"mean_mbps":94.423,"band":[50,100],"band_applies":1,"in_band":1,"lossy":1,"alpha_expect":"unset","alpha_got_cli":"unset","alpha_got_srv":"unset","form_expect":"cantelli","form_got_cli":"cantelli","form_got_srv":"cantelli","winn_expect":"unavail","winn_got_cli":"unavail","winn_got_srv":"unavail","qclk_law_n":22127,"qclk_evals":22127,"qclk_win_ok":0,"qclk_win_n":"unavail","w_us_p50":100000,"w_us_p05":100000,"w_us_p95":100000,"shipped_clock_us":100000,"fcause_n":1031,"fcause_timer":1,"fcause_gap_data":1030,"fcause_gap_refresh":0,"fcause_other":0,"fcause_unattr":0,"succ_det":6088,"succ_res":5992,"succ_orig_frac":"0.9750","rfa_fires":6600,"rfa_false":608,"rfa_false_frac":"0.0921","rfa_fill_coded":150,"rack_fa":"268/1031","rack_fa_frac":"0.2599","fails":""}
=== rep=3 arm=c8-Q400 alpha=0.4 form=quantile win_n=25 seed=42 env="RWM_QUANTILE_CLOCKS=1 RWM_ALPHA_OVERRIDE=0.4 RWM_W_FORM=quantile RWM_DELTA_CAP=1 RWM_SUM_CAP=1 RWM_RACK_CLOCKS=0 RWM_DERIVED_SWEEP=0 RWM_COMPOSED_CAP=0 RWM_THREE_TERM=0 RWM_STORE_CAP_UNIFIED=0 RWM_LATE_BRAKE=0 RWM_CHARGE_RECOVERY=0 RWM_RELEASE_1TO1=0 RWM_LOSS_SENT_TRUTH=0 RWM_RTT_DUMP=0 RWM_SUCC_DUMP=0" cell=c2/c3/dual bytes=25000000 18:39:08
[2m2026-08-21T18:39:09.750932Z[0m [32m INFO[0m [2mraptorpath::gates[0m[2m:[0m [GATES] RWM_UNIFIED=1 RWM_UNIFIED_SHED=1 RWM_TAPER_R=1 RWM_ASTAR_ANCHOR=1 RWM_MSTAR_ANCHOR=1 RWM_PLAIN_RS=0 RWM_HONEST_ANCHOR=1 RWM_HONEST_K=0 RWM_STORE_SACK_RELEASE=1 RWM_STORE_PATHS=1 RWM_STORE_PATH_POOL=2048 RWM_STORE=unset RWM_STORE_GAIN=2 RWM_STORE_BOOT=128 RWM_STORE_CAPW=0 RWM_STORE_CAP_UNIFIED=0 RWM_THREE_TERM=0 RWM_COMPOSED_CAP=0 RWM_SUM_CAP=1 RWM_LATE_BRAKE=0 RWM_DELTA_CAP=1 RWM_STORE_PERCAP=0 RWM_PERCAP_GUARD=1 RWM_STORE_BORROW=0 RWM_HONEST_CAP=1 RWM_POOL_ANCHOR=0 RWM_POOL_DELIV=0 RWM_FLOOR_BOUND=0 RWM_ACK_MERGE=1 RWM_LOSS_SENT_TRUTH=0 RWM_RELEASE_1TO1=0 RWM_CHARGE_RECOVERY=0 RWM_PATIENCE_DERIVED=0 RWM_SIDLE_DERIVED=0 RWM_WIN_DECOUPLE=0 RWM_PLACE_SLACK=0 RWM_COLD_PLACE=0 RWM_GEN=384 RWM_PIPELINE=2 RWM_GEN_PIPE=1 RWM_GEN_R=unset RWM_GEN_RATE=9000 RWM_GEN_RATE_FLOOR=2000 RWM_GEN_INFLIGHT=unset RWM_OOO_RETAIN=0/16 RWM_WINDOW=unset RWM_REPORT_GENS=unset RWM_REPAIR_WAIT=unset RWM_CODED_SRC=0 RWM_NO_REACTIVE=0 RWM_XPATH_REPAIR=0 RWM_PROACTIVE_PACER=0 RWM_REASM_BDP=0 RWM_MIN_R=0 RWM_CC_PACE=0 RWM_CC_PACE_HR=1.1 RWM_REACT_CAP=unset RWM_INFL_CAP=0 RWM_INFL_BDP=unset RWM_COPA_FEED=0 RWM_RS_ATTR=1 RWM_EMIT_BATCH=0 RWM_EMIT_BURST=64 RWM_RECOV_MP=1 RWM_RECOV_MP_LAW=1 RWM_RECOV_MP_LIVE=0 RWM_RECOV_SP=0 RWM_DERIVED_SWEEP=0 RWM_RACK_CLOCKS=0 RWM_RACK_REO_MULT=1 RWM_QUANTILE_CLOCKS=1 RWM_ALPHA_OVERRIDE=0.4 RWM_W_FORM=quantile RWM_HOLDDOWN_Q=unset RWM_REFRESH_FLOOR_US=unset RWM_DIAG=1 RWM_ACKDIAG=1 RWM_ACKDIAG_WINDOW_US=2000000 RWM_RTT_DUMP=0 RWM_RTT_DUMP_MAX=400000 RWM_SUCC_DUMP=0 RWM_SUCC_DUMP_MAX=200000 RWM_WALLDIAG=1 RWM_CPUPROF=0 RWM_RDIAG=0 RWM_FDIAG=1 RWM_TRACE=0 RWM_PFRAC=0
{"bytes":25000000,"dnf":0,"hint":"bulk","max_s":2.3502,"mean_mbps":85.1,"mean_s":2.3502,"median_s":2.3502,"min_s":2.3502,"proto":"rp-native","runs":1,"stdev_s":0.0,"summary":true}
    LATPROBE-LEG leg=0 file=/tmp/rwm-ping-0.txt sent=51 recv=50 censor=1.96% p50=63.2[censor=1.96% ok] p95=92.9[censor=1.96% ok] p99=93.1[censor=1.96% UNSCOREABLE(inside censored tail)]
    LATPROBE-LEG leg=1 file=/tmp/rwm-ping-1.txt sent=51 recv=50 censor=1.96% p50=40.8[censor=1.96% ok] p95=47.3[censor=1.96% ok] p99=51.8[censor=1.96% UNSCOREABLE(inside censored tail)]
    LATPROBE: 2 leg(s) /tmp/rwm-ping-0.txt=50 /tmp/rwm-ping-1.txt=50 replies
    CPU: CPUSRV=2.23s CPUCLI=1.66s (srv=decoder cli=sender; whole-invocation incl warmup)
    QDISC cli0: qdisc netem bdcd: root refcnt 7 limit 1000 delay 5ms  3ms loss gemodel p 1.3% r 50% 1-h 100% 1-k 0% rate 100Mbit seed 42  Sent 27937065 bytes 22976 pkt (dropped 114, overlimits 0 requeues 0)   backlog 0b 0p requeues 0 
    QDISC cli1: qdisc netem bdce: root refcnt 7 limit 1000 delay 20ms  5ms loss gemodel p 2% r 40% 1-h 100% 1-k 0% rate 20Mbit seed 1042  Sent 48517 bytes 118 pkt (dropped 1, overlimits 0 requeues 0)   backlog 0b 0p requeues 0 
    QDISC srv0: qdisc netem bdcf: root refcnt 7 limit 1000 delay 5ms  3ms rate 100Mbit seed 2415440709975623269  Sent 2758573 bytes 15739 pkt (dropped 0, overlimits 0 requeues 0)   backlog 0b 0p requeues 0 
    QDISC srv1: qdisc netem bdd0: root refcnt 7 limit 1000 delay 20ms  5ms rate 20Mbit seed 14513970125413895836  Sent 21315 bytes 119 pkt (dropped 0, overlimits 0 requeues 0)   backlog 0b 0p requeues 0 
    QCAP: /tmp/rwm-q.txt 18 lines
RUNTIME c8-Q400 rep=3 4s rc=0
ALPHARESULT {"cell": "c8", "arm": "Q400", "alpha_cmd": 0.4, "seed": 42, "rep": 3, "n_paths": 2, "dnf": false, "dnf_count": 0, "mbps": 85.1, "mean_mbps": 85.1, "seconds": 2.3502, "n_runs": 1, "cpusrv": 2.23, "cpucli": 1.66, "khr_med": 1.0, "kraw_med": null, "khr_n": 12, "kraw_n": 0, "rtp_med": 44, "occ_p50": 870, "occcap_p50": 890, "q_p50": 52, "q_p99": 82, "diag_lines": 9, "retx": 553, "w1_rfa_gen": "0", "w2_pfrac_lines": 0, "w4_retx_max": 553, "w5_rack_fa": "84/569", "gates_cli_quantile_clocks": 1, "gates_srv_quantile_clocks": 1, "gates_cli_rack_clocks": 0, "gates_srv_rack_clocks": 0, "gates_cli_derived_sweep": 0, "gates_srv_derived_sweep": 0, "gates_cli_delta_cap": 1, "gates_srv_delta_cap": 1, "gates_cli_sum_cap": 1, "gates_srv_sum_cap": 1, "gates_cli_composed_cap": 0, "gates_srv_composed_cap": 0, "gates_cli_three_term": 0, "gates_srv_three_term": 0, "gates_cli_loss_sent_truth": 0, "gates_srv_loss_sent_truth": 0, "gates_cli_gen": null, "gates_srv_gen": null, "gates_cli_diag": 1, "gates_srv_diag": 1, "gates_cli_ackdiag": 1, "gates_srv_ackdiag": 1, "gates_cli_walldiag": 1, "gates_srv_walldiag": 1, "gates_cli_fdiag": 1, "gates_srv_fdiag": 1, "gates_cli_recov_mp": 1, "gates_srv_recov_mp": 1, "gates_cli_cc_pace": 0, "gates_srv_cc_pace": 0, "gates_cli_rack_reo_mult": 1, "gates_srv_rack_reo_mult": 1, "gates_lines_cli": 1, "gates_lines_srv": 1, "gate_quantile_cli": "1", "gate_quantile_srv": "1", "gate_alpha_cli": "0.4", "gate_alpha_srv": "0.4", "gate_gen_cli": 384, "gate_gen_srv": 384, "gate_wform_cli": "quantile", "gate_wform_srv": "quantile", "qalpha_lines_cli": 1, "qalpha_site_cli": "sender", "qalpha_quantile_cli": 1, "qalpha_contract_cli": 0.001, "qalpha_override_cli": 0.4, "qalpha_cli": 0.4, "qalpha_k_cli": 1.2247, "qalpha_form_cli": "quantile", "qalpha_winn_cli": "25", "qalpha_lines_srv": 1, "qalpha_site_srv": "receiver", "qalpha_quantile_srv": 1, "qalpha_contract_srv": 1e-05, "qalpha_override_srv": 0.4, "qalpha_srv": 0.4, "qalpha_k_srv": 1.2247, "qalpha_form_srv": "quantile", "qalpha_winn_srv": "25", "qclk_cli_lines": 1, "qclk_cli_site": "sender", "qclk_cli_alpha": 0.4, "qclk_cli_k": 1.2247, "qclk_cli_w_us_mean": 71063.9, "qclk_cli_srtt_us_mean": 72156.1, "qclk_cli_on": 1, "qclk_cli_evals": 22433, "qclk_cli_kept": 2750, "qclk_cli_w_us_p05": 37022, "qclk_cli_w_us_p50": 69720, "qclk_cli_w_us_p95": 93252, "qclk_cli_w_us_min": 14971, "qclk_cli_w_us_max": 104234, "qclk_cli_law_n": 21998, "qclk_cli_sigma_us_mean": 3390.5, "qclk_cli_sigma_n": 22216, "qclk_form_cli": "quantile", "qclk_winn_cli": "25", "qclk_win_ok_cli": 21998, "qclk_srv_lines": 2, "qclk_srv_site": "receiver", "qclk_srv_alpha": 0.4, "qclk_srv_k": 1.2247, "qclk_srv_w_us_mean": 72531.0, "qclk_srv_srtt_us_mean": 77117.0, "qclk_srv_on": 1, "qclk_srv_evals": 12223, "qclk_srv_kept": 2769, "qclk_srv_w_us_p05": 63683, "qclk_srv_w_us_p50": 67377, "qclk_srv_w_us_p95": 87496, "qclk_srv_w_us_min": 63683, "qclk_srv_w_us_max": 87496, "qclk_srv_law_n": 5537, "qclk_srv_sigma_us_mean": 15667.3, "qclk_srv_sigma_n": 11586, "qclk_form_srv": "quantile", "qclk_winn_srv": "25", "qclk_win_ok_srv": 5537, "rack_lines_cli": 2, "rack_on_cli": 0, "rack_evals_cli": 0, "rack_ceil_cli": 0.0, "rack_gran_cli": 0.0, "rack_legacy_pin_cli": 0.0, "rack_round_cli": 0.0, "rack_legacy_cli": 0.0, "rack_mult_cli": 1, "rack_fa_n_cli": 84, "rack_fa_d_cli": 569, "rack_fa_frac_cli": 0.1476, "rack_fa_class_cli": 0.0625, "rack_lines_srv": 0, "rack_on_srv": null, "rack_evals_srv": null, "rack_ceil_srv": null, "rack_gran_srv": null, "rack_legacy_pin_srv": null, "rack_round_srv": null, "rack_legacy_srv": null, "rack_mult_srv": null, "rack_fa_n_srv": null, "rack_fa_d_srv": null, "rack_fa_frac_srv": null, "rack_fa_class_srv": null, "rack_fired": 569, "rack_spurious": 84, "rack_fa_frac": 0.1476, "rack_fa_class": 0.0625, "rack_round_us": 0.0, "rack_legacy_us": 0.0, "rack_evals": 0, "rack_legacy_pin": 0.0, "rfa_lines": 2, "rfa_gen": 0, "rfa_fires": 545, "rfa_false": 89, "rfa_fill_coded": 73, "rfa_fill_src": 383, "rfa_dup_src": 26, "rfa_preempt_src": 63, "rfa_src_n": 17578, "rfa_rep_n": 308, "rfa_false_frac": 0.1633, "rfa_nu_recv": 0.031, "rfa_fa_class": 0.0625, "rfa_bracket_lo": 0.1633, "rfa_bracket_hi": 0.549383, "sf_ticks": 349, "sf_E": 0.9785, "sf_short": 0.0315, "sf_zero": 0.0115, "capboot_n": 6, "capboot_frac": 0.0, "ping_n": 50, "ping_p50": 62.4, "ping_p95": 92.9, "ping_p99": 93.1, "ping_tx": 51, "ping_rx": 50, "ping_loss": 1.96, "ping_censor_frac": 0.0196, "legs_probed": 1, "leg0_n": 50, "leg0_sent": 51, "leg0_recv": 50, "leg0_sent_source": "summary", "leg0_censor_frac": 0.0196, "leg0_censor_pct": 1.96, "leg0_recv_mismatch": false, "leg0_leg_unscoreable": false, "leg0_min": 5.73, "leg0_max": 93.1, "leg0_p50": 63.2, "leg0_p50_censored": false, "leg0_p50_scoreable": true, "leg0_p95": 92.9, "leg0_p95_censored": false, "leg0_p95_scoreable": true, "leg0_p99": 93.1, "leg0_p99_censored": true, "leg0_p99_scoreable": false, "legs_censor_max": 0.0196, "wait_tun": 30, "wait_paused": 45, "wait_pace": 0, "wait_gen": 0, "wait_nack": 20, "wait_defc": 0, "wait_tail": 1, "wait_flush": 0, "wait_lines": 6, "deadwall": false, "sig_us_p50": 1154.0, "sig_us_n": 20469, "sig_us_path": 0, "sig_paths": 2, "pl_n": 12, "pl_max": 0.6845, "pl_min": 0.0, "pl_p0": 0.0, "pl_p1": 0.6845, "dgq_hand": 21954, "dgq_full": 0, "dgq_err": 0, "dgq_gap": 7, "tc_bytes": 27985682, "tc_pkts": 23095, "tc_drop": 115, "tc_s": 4, "hold_lines": 3, "hold_samp_n": 512, "hold_fed": 512, "hold_evals": 568, "hold_law_n": 0, "hold_sup": 0, "hold_emit": 568, "hold_hd_n": 0, "hold_q": "unset", "hold_n_req": "-", "hold_n_obs": 1000, "hold_gen": 0, "hold_sup_frac": 0.0, "hold_law_frac": 0.0, "hold_obs_p50_us": 71710, "hold_obs_p90_us": 101119, "hold_obs_p99_us": 206250, "hold_t_us_p0": null, "hold_t_us_p1": null, "hold_samp_n_p0": 504, "hold_samp_n_p1": 8, "hold_hd_p50_us": null, "hold_hd_p90_us": null, "hold_hd_p99_us": null, "hold_hd_mx_us": null, "hold_unattr_evals": 1, "hold_paths_n": 2, "hold_accounting_ok": 1, "hold_obs_p50_us_p0": 71710, "hold_obs_p90_us_p0": 101119, "hold_obs_p99_us_p0": 206250, "hold_obs_p50_us_p1": 15777, "hold_obs_p90_us_p1": 17071, "hold_obs_p99_us_p1": 17071, "hold_rpd": 1.135729, "fcause_lines": 1, "fcause_gen": 0, "fcause_n": 569, "fcause_timer": 2, "fcause_gap_data": 567, "fcause_gap_refresh": 0, "fcause_other": 0, "fcause_fired": 569, "fcause_unattr": 0, "fcause_timer_frac": 0.0035, "fcause_gap_frac": 0.9965, "succ_lines": 2, "succ_gen": 0, "succ_det": 501, "succ_res": 455, "succ_orig_n": 383, "succ_rep_n": 72, "succ_aban_n": 0, "succ_open": 46, "succ_over": 0, "succ_orig_p50_us": 65536, "succ_orig_p90_us": 98304, "succ_orig_p99_us": 196608, "succ_orig_mx_us": 200873, "succ_orig_frac": 0.8418, "succ_identity_ok": 1}
LIVENESS c8-Q400 rep=3 RWM_QUANTILE_CLOCKS=RWM_QUANTILE_CLOCKS=1/RWM_QUANTILE_CLOCKS=1(exp1) RWM_ALPHA_OVERRIDE=RWM_ALPHA_OVERRIDE=0.4/RWM_ALPHA_OVERRIDE=0.4(exp0.4) RWM_W_FORM=RWM_W_FORM=quantile/RWM_W_FORM=quantile(expquantile) RWM_DELTA_CAP=RWM_DELTA_CAP=1/RWM_DELTA_CAP=1(exp1) RWM_SUM_CAP=RWM_SUM_CAP=1/RWM_SUM_CAP=1(exp1) RWM_HOLDDOWN_Q=RWM_HOLDDOWN_Q=unset/RWM_HOLDDOWN_Q=unset(expunset) RWM_REFRESH_FLOOR_US=RWM_REFRESH_FLOOR_US=unset/RWM_REFRESH_FLOOR_US=unset(expunset) RWM_RACK_CLOCKS=RWM_RACK_CLOCKS=0/RWM_RACK_CLOCKS=0(exp0) RWM_DERIVED_SWEEP=RWM_DERIVED_SWEEP=0/RWM_DERIVED_SWEEP=0(exp0) RWM_COMPOSED_CAP=RWM_COMPOSED_CAP=0/RWM_COMPOSED_CAP=0(exp0) RWM_THREE_TERM=RWM_THREE_TERM=0/RWM_THREE_TERM=0(exp0) RWM_STORE_CAP_UNIFIED=RWM_STORE_CAP_UNIFIED=0/RWM_STORE_CAP_UNIFIED=0(exp0) RWM_LATE_BRAKE=RWM_LATE_BRAKE=0/RWM_LATE_BRAKE=0(exp0) RWM_CHARGE_RECOVERY=RWM_CHARGE_RECOVERY=0/RWM_CHARGE_RECOVERY=0(exp0) RWM_RELEASE_1TO1=RWM_RELEASE_1TO1=0/RWM_RELEASE_1TO1=0(exp0) RWM_LOSS_SENT_TRUTH=RWM_LOSS_SENT_TRUTH=0/RWM_LOSS_SENT_TRUTH=0(exp0) RWM_RTT_DUMP=RWM_RTT_DUMP=0/RWM_RTT_DUMP=0(exp0) RWM_SUCC_DUMP=RWM_SUCC_DUMP=0/RWM_SUCC_DUMP=0(exp0) RWM_DIAG=RWM_DIAG=1/RWM_DIAG=1(exp1) RWM_ACKDIAG=RWM_ACKDIAG=1/RWM_ACKDIAG=1(exp1) RWM_WALLDIAG=RWM_WALLDIAG=1/RWM_WALLDIAG=1(exp1) RWM_FDIAG=RWM_FDIAG=1/RWM_FDIAG=1(exp1)
W5QALPHA c8-Q400 rep=3 cli=form:quantile/win_n:25/alpha:4.000000e-1 srv=form:quantile/win_n:25/alpha:4.000000e-1 (exp form=quantile win_n=25)
WCLOCK c8-Q400 rep=3 law_n=21998 evals=22433 win_ok=21998 win_n=25 p50=69720 p05=37022 p95=93252 shipped_clock=100000
W8SUCC c8-Q400 rep=3 det=501 res=455 orig_frac=0.8418
QALPHALINE c8-Q400 rep=3 site=cli [QALPHA] site=receiver quantile=1 form=quantile win_n=25 contract_alpha=1.000000e-5 override=4.000000e-1 alpha=4.000000e-1 k=1.2247 fa_class=0.0625
QALPHALINE c8-Q400 rep=3 site=cli [QALPHA] site=sender quantile=1 form=quantile win_n=25 contract_alpha=1.000000e-3 override=4.000000e-1 alpha=4.000000e-1 k=1.2247 fa_class=0.0625
QALPHALINE c8-Q400 rep=3 site=srv [QALPHA] site=sender quantile=1 form=quantile win_n=25 contract_alpha=1.000000e-3 override=4.000000e-1 alpha=4.000000e-1 k=1.2247 fa_class=0.0625
QALPHALINE c8-Q400 rep=3 site=srv [QALPHA] site=receiver quantile=1 form=quantile win_n=25 contract_alpha=1.000000e-5 override=4.000000e-1 alpha=4.000000e-1 k=1.2247 fa_class=0.0625
QCLKLINE c8-Q400 rep=3 site=cli [QCLK] site=sender on=1 form=quantile win_n=25 win_ok=21998 alpha=4.000000e-1 k=1.2247 evals=22433 law_n=21998 kept=2750 w_us_mean=71063.9 w_us_p05=37022 w_us_p50=69720 w_us_p95=93252 w_us_min=14971 w_us_max=104234 srtt_us_mean=72156.1 sigma_us_mean=3390.5/n22216 fa_class=0.0625
QCLKLINE c8-Q400 rep=3 site=srv [QCLK] site=receiver on=1 form=quantile win_n=25 win_ok=0 alpha=4.000000e-1 k=1.2247 evals=5103 law_n=0 kept=0 w_us_mean=0.0 w_us_p05=0 w_us_p50=0 w_us_p95=0 w_us_min=0 w_us_max=0 srtt_us_mean=0.0 sigma_us_mean=14545.8/n4466 fa_class=0.0625
QCLKLINE c8-Q400 rep=3 site=srv [QCLK] site=receiver on=1 form=quantile win_n=25 win_ok=5537 alpha=4.000000e-1 k=1.2247 evals=12223 law_n=5537 kept=2769 w_us_mean=72531.0 w_us_p05=63683 w_us_p50=67377 w_us_p95=87496 w_us_min=63683 w_us_max=87496 srtt_us_mean=77117.0 sigma_us_mean=15667.3/n11586 fa_class=0.0625
RACKLINE c8-Q400 rep=3 site=cli [RACK] on=0 evals=0 ceil=0.0000 gran=0.0000 legacy_pin=0.0000 round=0.0 legacy=0.0 mult=1 fa=19/19 fa_frac=1.0000 fa_class=0.0625
RACKLINE c8-Q400 rep=3 site=cli [RACK] on=0 evals=0 ceil=0.0000 gran=0.0000 legacy_pin=0.0000 round=0.0 legacy=0.0 mult=1 fa=84/569 fa_frac=0.1476 fa_class=0.0625
RFALINE c8-Q400 rep=3 site=cli [RFA] gen=0 fires=10 false=10 false_frac=1.0000 fill_coded=0 fill_src=0 dup_src=10 preempt_src=0 src_n=11 rep_n=9 nu_recv=0.90909 fa_class=0.0625
RFALINE c8-Q400 rep=3 site=cli [RFA] gen=0 fires=18 false=18 false_frac=1.0000 fill_coded=0 fill_src=0 dup_src=18 preempt_src=0 src_n=19 rep_n=17 nu_recv=0.94737 fa_class=0.0625
RFALINE c8-Q400 rep=3 site=cli [RFA] gen=0 fires=19 false=19 false_frac=1.0000 fill_coded=0 fill_src=0 dup_src=19 preempt_src=0 src_n=21 rep_n=19 nu_recv=0.90476 fa_class=0.0625
RFALINE c8-Q400 rep=3 site=srv [RFA] gen=0 fires=320 false=59 false_frac=0.1844 fill_coded=33 fill_src=228 dup_src=26 preempt_src=33 src_n=8094 rep_n=164 nu_recv=0.03954 fa_class=0.0625
RFALINE c8-Q400 rep=3 site=srv [RFA] gen=0 fires=545 false=89 false_frac=0.1633 fill_coded=73 fill_src=383 dup_src=26 preempt_src=63 src_n=17578 rep_n=308 nu_recv=0.03100 fa_class=0.0625
FCAUSELINE c8-Q400 rep=3 site=cli [FCAUSE] gen=0 n=569 timer=2 gap_data=567 gap_refresh=0 other=0 timer_frac=0.0035 gap_frac=0.9965 fired=569 unattr=0 fa_class=0.0625
SUCCLINE c8-Q400 rep=3 site=cli [SUCC] gen=0 det=0 res=0 orig_n=0 orig_p50_us=- orig_p90_us=- orig_p99_us=- orig_mx_us=- orig_mean_us=- rep_n=0 rep_p50_us=- rep_p90_us=- rep_p99_us=- rep_mx_us=- rep_mean_us=- aban_n=0 aban_p50_us=- aban_p90_us=- aban_p99_us=- aban_mx_us=- aban_mean_us=- open=0 over=0 orig_frac=- cross_us=- dump=0/0
SUCCLINE c8-Q400 rep=3 site=cli [SUCC] gen=0 det=0 res=0 orig_n=0 orig_p50_us=- orig_p90_us=- orig_p99_us=- orig_mx_us=- orig_mean_us=- rep_n=0 rep_p50_us=- rep_p90_us=- rep_p99_us=- rep_mx_us=- rep_mean_us=- aban_n=0 aban_p50_us=- aban_p90_us=- aban_p99_us=- aban_mx_us=- aban_mean_us=- open=0 over=0 orig_frac=- cross_us=- dump=0/0
SUCCLINE c8-Q400 rep=3 site=srv [SUCC] gen=0 det=285 res=260 orig_n=228 orig_p50_us=53248 orig_p90_us=65536 orig_p99_us=73728 orig_mx_us=77715 orig_mean_us=53302 rep_n=32 rep_p50_us=20480 rep_p90_us=49152 rep_p99_us=49152 rep_mx_us=49437 rep_mean_us=24216 aban_n=0 aban_p50_us=- aban_p90_us=- aban_p99_us=- aban_mx_us=- aban_mean_us=- open=25 over=0 orig_frac=0.8769 cross_us=4608 dump=0/0
SUCCLINE c8-Q400 rep=3 site=srv [SUCC] gen=0 det=501 res=455 orig_n=383 orig_p50_us=65536 orig_p90_us=98304 orig_p99_us=196608 orig_mx_us=200873 orig_mean_us=71468 rep_n=72 rep_p50_us=22528 rep_p90_us=73728 rep_p99_us=114688 rep_mx_us=117674 rep_mean_us=37545 aban_n=0 aban_p50_us=- aban_p90_us=- aban_p99_us=- aban_mx_us=- aban_mean_us=- open=46 over=0 orig_frac=0.8418 cross_us=4608 dump=0/0
HOLDLINE c8-Q400 rep=3 site=cli [HOLD] site=sender path=0 gen=0 q=unset n_req=- n_obs=1000 samp_n=504 fed=504 t_us=- obs_p50_us=71710 obs_p90_us=101119 obs_p99_us=206250 evals=542 law_n=0 sup=0 emit=542 hd_p50_us=- hd_p90_us=- hd_p99_us=- hd_mx_us=- hd_n=0 fa_class=0.0625
HOLDLINE c8-Q400 rep=3 site=cli [HOLD] site=sender path=1 gen=0 q=unset n_req=- n_obs=1000 samp_n=8 fed=8 t_us=- obs_p50_us=15777 obs_p90_us=17071 obs_p99_us=17071 evals=26 law_n=0 sup=0 emit=26 hd_p50_us=- hd_p90_us=- hd_p99_us=- hd_mx_us=- hd_n=0 fa_class=0.0625
HOLDLINE c8-Q400 rep=3 site=cli [HOLD] site=sender path=- gen=0 q=unset n_req=- n_obs=1000 samp_n=0 fed=0 t_us=- obs_p50_us=- obs_p90_us=- obs_p99_us=- evals=1 law_n=0 sup=0 emit=1 hd_p50_us=- hd_p90_us=- hd_p99_us=- hd_mx_us=- hd_n=0 fa_class=0.0625
WALLLINE c8-Q400 rep=3 site=cli [WALL] onset=1.0000 dur_ms=0.0 retx=0 total_ms=2364.8 it_ms=0.105
WINDOW-PARTIAL c8-Q400 rep=3 win_ok=21998/22433 win_n=25 (RESULT, not an abort -- the fraction is to be scored, and the quantile-native sweep read 0.829-0.999 here)
VAWITNESS {"cell":"c8","arm":"Q400","alpha":"0.4","seed":42,"rep":3,"rc":0,"mean_mbps":85.1,"band":[50,100],"band_applies":0,"in_band":1,"lossy":1,"alpha_expect":"0.4","alpha_got_cli":"0.4","alpha_got_srv":"0.4","form_expect":"quantile","form_got_cli":"quantile","form_got_srv":"quantile","winn_expect":"25","winn_got_cli":"25","winn_got_srv":"25","qclk_law_n":21998,"qclk_evals":22433,"qclk_win_ok":21998,"qclk_win_n":"25","w_us_p50":69720,"w_us_p05":37022,"w_us_p95":93252,"shipped_clock_us":100000,"fcause_n":569,"fcause_timer":2,"fcause_gap_data":567,"fcause_gap_refresh":0,"fcause_other":0,"fcause_unattr":0,"succ_det":501,"succ_res":455,"succ_orig_frac":"0.8418","rfa_fires":545,"rfa_false":89,"rfa_false_frac":"0.1633","rfa_fill_coded":73,"rack_fa":"84/569","rack_fa_frac":"0.1476","fails":""}
=== rep=4 arm=c8-CTL alpha=unset form=unset win_n=unavail seed=42 env="RWM_QUANTILE_CLOCKS=0 RWM_DELTA_CAP=1 RWM_SUM_CAP=1 RWM_RACK_CLOCKS=0 RWM_DERIVED_SWEEP=0 RWM_COMPOSED_CAP=0 RWM_THREE_TERM=0 RWM_STORE_CAP_UNIFIED=0 RWM_LATE_BRAKE=0 RWM_CHARGE_RECOVERY=0 RWM_RELEASE_1TO1=0 RWM_LOSS_SENT_TRUTH=0 RWM_RTT_DUMP=0 RWM_SUCC_DUMP=0" cell=c2/c3/dual bytes=25000000 18:39:13
[2m2026-08-21T18:39:14.955733Z[0m [32m INFO[0m [2mraptorpath::gates[0m[2m:[0m [GATES] RWM_UNIFIED=1 RWM_UNIFIED_SHED=1 RWM_TAPER_R=1 RWM_ASTAR_ANCHOR=1 RWM_MSTAR_ANCHOR=1 RWM_PLAIN_RS=0 RWM_HONEST_ANCHOR=1 RWM_HONEST_K=0 RWM_STORE_SACK_RELEASE=1 RWM_STORE_PATHS=1 RWM_STORE_PATH_POOL=2048 RWM_STORE=unset RWM_STORE_GAIN=2 RWM_STORE_BOOT=128 RWM_STORE_CAPW=0 RWM_STORE_CAP_UNIFIED=0 RWM_THREE_TERM=0 RWM_COMPOSED_CAP=0 RWM_SUM_CAP=1 RWM_LATE_BRAKE=0 RWM_DELTA_CAP=1 RWM_STORE_PERCAP=0 RWM_PERCAP_GUARD=1 RWM_STORE_BORROW=0 RWM_HONEST_CAP=1 RWM_POOL_ANCHOR=0 RWM_POOL_DELIV=0 RWM_FLOOR_BOUND=0 RWM_ACK_MERGE=1 RWM_LOSS_SENT_TRUTH=0 RWM_RELEASE_1TO1=0 RWM_CHARGE_RECOVERY=0 RWM_PATIENCE_DERIVED=0 RWM_SIDLE_DERIVED=0 RWM_WIN_DECOUPLE=0 RWM_PLACE_SLACK=0 RWM_COLD_PLACE=0 RWM_GEN=384 RWM_PIPELINE=2 RWM_GEN_PIPE=1 RWM_GEN_R=unset RWM_GEN_RATE=9000 RWM_GEN_RATE_FLOOR=2000 RWM_GEN_INFLIGHT=unset RWM_OOO_RETAIN=0/16 RWM_WINDOW=unset RWM_REPORT_GENS=unset RWM_REPAIR_WAIT=unset RWM_CODED_SRC=0 RWM_NO_REACTIVE=0 RWM_XPATH_REPAIR=0 RWM_PROACTIVE_PACER=0 RWM_REASM_BDP=0 RWM_MIN_R=0 RWM_CC_PACE=0 RWM_CC_PACE_HR=1.1 RWM_REACT_CAP=unset RWM_INFL_CAP=0 RWM_INFL_BDP=unset RWM_COPA_FEED=0 RWM_RS_ATTR=1 RWM_EMIT_BATCH=0 RWM_EMIT_BURST=64 RWM_RECOV_MP=1 RWM_RECOV_MP_LAW=1 RWM_RECOV_MP_LIVE=0 RWM_RECOV_SP=0 RWM_DERIVED_SWEEP=0 RWM_RACK_CLOCKS=0 RWM_RACK_REO_MULT=1 RWM_QUANTILE_CLOCKS=0 RWM_ALPHA_OVERRIDE=unset RWM_W_FORM=cantelli RWM_HOLDDOWN_Q=unset RWM_REFRESH_FLOOR_US=unset RWM_DIAG=1 RWM_ACKDIAG=1 RWM_ACKDIAG_WINDOW_US=2000000 RWM_RTT_DUMP=0 RWM_RTT_DUMP_MAX=400000 RWM_SUCC_DUMP=0 RWM_SUCC_DUMP_MAX=200000 RWM_WALLDIAG=1 RWM_CPUPROF=0 RWM_RDIAG=0 RWM_FDIAG=1 RWM_TRACE=0 RWM_PFRAC=0
{"bytes":25000000,"dnf":0,"hint":"bulk","max_s":2.2821,"mean_mbps":87.638,"mean_s":2.2821,"median_s":2.2821,"min_s":2.2821,"proto":"rp-native","runs":1,"stdev_s":0.0,"summary":true}
    LATPROBE-LEG leg=0 file=/tmp/rwm-ping-0.txt sent=50 recv=47 censor=6.00% p50=66.3[censor=6.00% ok] p95=76.9[censor=6.00% UNSCOREABLE(inside censored tail)] p99=78.7[censor=6.00% UNSCOREABLE(inside censored tail)]
    LATPROBE-LEG leg=1 file=/tmp/rwm-ping-1.txt sent=50 recv=48 censor=4.00% p50=45.2[censor=4.00% ok] p95=245.0[censor=4.00% ok] p99=329.0[censor=4.00% UNSCOREABLE(inside censored tail)]
    LATPROBE: 2 leg(s) /tmp/rwm-ping-0.txt=47 /tmp/rwm-ping-1.txt=48 replies
    CPU: CPUSRV=2.31s CPUCLI=1.93s (srv=decoder cli=sender; whole-invocation incl warmup)
    QDISC cli0: qdisc netem bdd1: root refcnt 7 limit 1000 delay 5ms  3ms loss gemodel p 1.3% r 50% 1-h 100% 1-k 0% rate 100Mbit seed 42  Sent 25925377 bytes 20399 pkt (dropped 101, overlimits 0 requeues 0)   backlog 0b 0p requeues 0 
    QDISC cli1: qdisc netem bdd2: root refcnt 7 limit 1000 delay 20ms  5ms loss gemodel p 2% r 40% 1-h 100% 1-k 0% rate 20Mbit seed 1042  Sent 2411863 bytes 2318 pkt (dropped 49, overlimits 0 requeues 0)   backlog 0b 0p requeues 0 
    QDISC srv0: qdisc netem bdd3: root refcnt 7 limit 1000 delay 5ms  3ms rate 100Mbit seed 10726654942805181630  Sent 2769597 bytes 14659 pkt (dropped 0, overlimits 0 requeues 0)   backlog 0b 0p requeues 0 
    QDISC srv1: qdisc netem bdd4: root refcnt 7 limit 1000 delay 20ms  5ms rate 20Mbit seed 9728842922272824374  Sent 353676 bytes 1821 pkt (dropped 0, overlimits 0 requeues 0)   backlog 0b 0p requeues 0 
    QCAP: /tmp/rwm-q.txt 18 lines
RUNTIME c8-CTL rep=4 4s rc=0
ALPHARESULT {"cell": "c8", "arm": "CTL", "alpha_cmd": null, "seed": 42, "rep": 4, "n_paths": 2, "dnf": false, "dnf_count": 0, "mbps": 87.638, "mean_mbps": 87.638, "seconds": 2.2821, "n_runs": 1, "cpusrv": 2.31, "cpucli": 1.93, "khr_med": 1.0, "kraw_med": null, "khr_n": 12, "kraw_n": 0, "rtp_med": 39, "occ_p50": 1100, "occcap_p50": 1134, "q_p50": 83, "q_p99": 291, "diag_lines": 9, "retx": 825, "w1_rfa_gen": "0", "w2_pfrac_lines": 0, "w4_retx_max": 825, "w5_rack_fa": "78/832", "gates_cli_quantile_clocks": 0, "gates_srv_quantile_clocks": 0, "gates_cli_rack_clocks": 0, "gates_srv_rack_clocks": 0, "gates_cli_derived_sweep": 0, "gates_srv_derived_sweep": 0, "gates_cli_delta_cap": 1, "gates_srv_delta_cap": 1, "gates_cli_sum_cap": 1, "gates_srv_sum_cap": 1, "gates_cli_composed_cap": 0, "gates_srv_composed_cap": 0, "gates_cli_three_term": 0, "gates_srv_three_term": 0, "gates_cli_loss_sent_truth": 0, "gates_srv_loss_sent_truth": 0, "gates_cli_gen": null, "gates_srv_gen": null, "gates_cli_diag": 1, "gates_srv_diag": 1, "gates_cli_ackdiag": 1, "gates_srv_ackdiag": 1, "gates_cli_walldiag": 1, "gates_srv_walldiag": 1, "gates_cli_fdiag": 1, "gates_srv_fdiag": 1, "gates_cli_recov_mp": 1, "gates_srv_recov_mp": 1, "gates_cli_cc_pace": 0, "gates_srv_cc_pace": 0, "gates_cli_rack_reo_mult": 1, "gates_srv_rack_reo_mult": 1, "gates_lines_cli": 1, "gates_lines_srv": 1, "gate_quantile_cli": "0", "gate_quantile_srv": "0", "gate_alpha_cli": "unset", "gate_alpha_srv": "unset", "gate_gen_cli": 384, "gate_gen_srv": 384, "gate_wform_cli": "cantelli", "gate_wform_srv": "cantelli", "qalpha_lines_cli": 1, "qalpha_site_cli": "sender", "qalpha_quantile_cli": 0, "qalpha_contract_cli": 0.001, "qalpha_override_cli": null, "qalpha_cli": 0.001, "qalpha_k_cli": 31.607, "qalpha_form_cli": "cantelli", "qalpha_winn_cli": "unavail", "qalpha_lines_srv": 1, "qalpha_site_srv": "receiver", "qalpha_quantile_srv": 0, "qalpha_contract_srv": 1e-05, "qalpha_override_srv": null, "qalpha_srv": 1e-05, "qalpha_k_srv": 316.2262, "qalpha_form_srv": "cantelli", "qalpha_winn_srv": "unavail", "qclk_cli_lines": 1, "qclk_cli_site": "sender", "qclk_cli_alpha": 0.001, "qclk_cli_k": 31.607, "qclk_cli_w_us_mean": 98822.5, "qclk_cli_srtt_us_mean": 132421.1, "qclk_cli_on": 0, "qclk_cli_evals": 22237, "qclk_cli_kept": 2780, "qclk_cli_w_us_p05": 100000, "qclk_cli_w_us_p50": 100000, "qclk_cli_w_us_p95": 100000, "qclk_cli_w_us_min": 25000, "qclk_cli_w_us_max": 100000, "qclk_cli_law_n": 22237, "qclk_cli_sigma_us_mean": 4899.2, "qclk_cli_sigma_n": 21993, "qclk_form_cli": "cantelli", "qclk_winn_cli": "unavail", "qclk_win_ok_cli": 0, "qclk_srv_lines": 2, "qclk_srv_site": "receiver", "qclk_srv_alpha": 1e-05, "qclk_srv_k": 316.2262, "qclk_srv_w_us_mean": 100000.0, "qclk_srv_srtt_us_mean": 145387.9, "qclk_srv_on": 0, "qclk_srv_evals": 18335, "qclk_srv_kept": 2292, "qclk_srv_w_us_p05": 100000, "qclk_srv_w_us_p50": 100000, "qclk_srv_w_us_p95": 100000, "qclk_srv_w_us_min": 100000, "qclk_srv_w_us_max": 100000, "qclk_srv_law_n": 18335, "qclk_srv_sigma_us_mean": 34513.8, "qclk_srv_sigma_n": 17594, "qclk_form_srv": "cantelli", "qclk_winn_srv": "unavail", "qclk_win_ok_srv": 0, "rack_lines_cli": 2, "rack_on_cli": 0, "rack_evals_cli": 0, "rack_ceil_cli": 0.0, "rack_gran_cli": 0.0, "rack_legacy_pin_cli": 0.0, "rack_round_cli": 0.0, "rack_legacy_cli": 0.0, "rack_mult_cli": 1, "rack_fa_n_cli": 78, "rack_fa_d_cli": 832, "rack_fa_frac_cli": 0.0938, "rack_fa_class_cli": 0.0625, "rack_lines_srv": 0, "rack_on_srv": null, "rack_evals_srv": null, "rack_ceil_srv": null, "rack_gran_srv": null, "rack_legacy_pin_srv": null, "rack_round_srv": null, "rack_legacy_srv": null, "rack_mult_srv": null, "rack_fa_n_srv": null, "rack_fa_d_srv": null, "rack_fa_frac_srv": null, "rack_fa_class_srv": null, "rack_fired": 832, "rack_spurious": 78, "rack_fa_frac": 0.0938, "rack_fa_class": 0.0625, "rack_round_us": 0.0, "rack_legacy_us": 0.0, "rack_evals": 0, "rack_legacy_pin": 0.0, "rfa_lines": 2, "rfa_gen": 0, "rfa_fires": 5048, "rfa_false": 267, "rfa_fill_coded": 71, "rfa_fill_src": 4710, "rfa_dup_src": 215, "rfa_preempt_src": 52, "rfa_src_n": 19321, "rfa_rep_n": 387, "rfa_false_frac": 0.0529, "rfa_nu_recv": 0.26127, "rfa_fa_class": 0.0625, "rfa_bracket_lo": 0.0529, "rfa_bracket_hi": 0.789941, "sf_ticks": 354, "sf_E": 0.9633, "sf_short": 0.0593, "sf_zero": 0.0141, "capboot_n": 6, "capboot_frac": 0.0, "ping_n": 47, "ping_p50": 66.3, "ping_p95": 76.9, "ping_p99": 78.7, "ping_tx": 50, "ping_rx": 47, "ping_loss": 6.0, "ping_censor_frac": 0.06, "legs_probed": 1, "leg0_n": 47, "leg0_sent": 50, "leg0_recv": 47, "leg0_sent_source": "summary", "leg0_censor_frac": 0.06, "leg0_censor_pct": 6.0, "leg0_recv_mismatch": false, "leg0_leg_unscoreable": false, "leg0_min": 5.51, "leg0_max": 78.7, "leg0_p50": 66.3, "leg0_p50_censored": false, "leg0_p50_scoreable": true, "leg0_p95": 76.9, "leg0_p95_censored": true, "leg0_p95_scoreable": false, "leg0_p99": 78.7, "leg0_p99_censored": true, "leg0_p99_scoreable": false, "legs_censor_max": 0.06, "wait_tun": 38, "wait_paused": 22, "wait_pace": 0, "wait_gen": 0, "wait_nack": 24, "wait_defc": 0, "wait_tail": 0, "wait_flush": 0, "wait_lines": 6, "deadwall": false, "sig_us_p50": 6880.0, "sig_us_n": 19960, "sig_us_path": 0, "sig_paths": 2, "pl_n": 12, "pl_max": 0.3121, "pl_min": 0.0003, "pl_p0": 0.0003, "pl_p1": 0.3121, "dgq_hand": 22490, "dgq_full": 0, "dgq_err": 0, "dgq_gap": 17, "tc_bytes": 28337240, "tc_pkts": 22717, "tc_drop": 150, "tc_s": 4, "hold_lines": 3, "hold_samp_n": 2000, "hold_fed": 5674, "hold_evals": 831, "hold_law_n": 0, "hold_sup": 0, "hold_emit": 831, "hold_hd_n": 0, "hold_q": "unset", "hold_n_req": "-", "hold_n_obs": 1000, "hold_gen": 0, "hold_sup_frac": 0.0, "hold_law_frac": 0.0, "hold_obs_p50_us": 12519, "hold_obs_p90_us": 124464, "hold_obs_p99_us": 179883, "hold_t_us_p0": null, "hold_t_us_p1": null, "hold_samp_n_p0": 1000, "hold_samp_n_p1": 1000, "hold_hd_p50_us": null, "hold_hd_p90_us": null, "hold_hd_p99_us": null, "hold_hd_mx_us": null, "hold_unattr_evals": 1, "hold_paths_n": 2, "hold_accounting_ok": 1, "hold_obs_p50_us_p0": 12519, "hold_obs_p90_us_p0": 124464, "hold_obs_p99_us_p0": 179883, "hold_obs_p50_us_p1": 4955, "hold_obs_p90_us_p1": 67298, "hold_obs_p99_us_p1": 101531, "hold_rpd": 0.173009, "fcause_lines": 1, "fcause_gen": 0, "fcause_n": 832, "fcause_timer": 3, "fcause_gap_data": 829, "fcause_gap_refresh": 0, "fcause_other": 0, "fcause_fired": 832, "fcause_unattr": 0, "fcause_timer_frac": 0.0036, "fcause_gap_frac": 0.9964, "succ_lines": 2, "succ_gen": 0, "succ_det": 4809, "succ_res": 4779, "succ_orig_n": 4710, "succ_rep_n": 69, "succ_aban_n": 1, "succ_open": 29, "succ_over": 0, "succ_orig_p50_us": 32768, "succ_orig_p90_us": 180224, "succ_orig_p99_us": 294912, "succ_orig_mx_us": 431465, "succ_orig_frac": 0.9856, "succ_identity_ok": 1}
LIVENESS c8-CTL rep=4 RWM_QUANTILE_CLOCKS=RWM_QUANTILE_CLOCKS=0/RWM_QUANTILE_CLOCKS=0(exp0) RWM_ALPHA_OVERRIDE=RWM_ALPHA_OVERRIDE=unset/RWM_ALPHA_OVERRIDE=unset(expunset) RWM_W_FORM=RWM_W_FORM=cantelli/RWM_W_FORM=cantelli(expcantelli) RWM_DELTA_CAP=RWM_DELTA_CAP=1/RWM_DELTA_CAP=1(exp1) RWM_SUM_CAP=RWM_SUM_CAP=1/RWM_SUM_CAP=1(exp1) RWM_HOLDDOWN_Q=RWM_HOLDDOWN_Q=unset/RWM_HOLDDOWN_Q=unset(expunset) RWM_REFRESH_FLOOR_US=RWM_REFRESH_FLOOR_US=unset/RWM_REFRESH_FLOOR_US=unset(expunset) RWM_RACK_CLOCKS=RWM_RACK_CLOCKS=0/RWM_RACK_CLOCKS=0(exp0) RWM_DERIVED_SWEEP=RWM_DERIVED_SWEEP=0/RWM_DERIVED_SWEEP=0(exp0) RWM_COMPOSED_CAP=RWM_COMPOSED_CAP=0/RWM_COMPOSED_CAP=0(exp0) RWM_THREE_TERM=RWM_THREE_TERM=0/RWM_THREE_TERM=0(exp0) RWM_STORE_CAP_UNIFIED=RWM_STORE_CAP_UNIFIED=0/RWM_STORE_CAP_UNIFIED=0(exp0) RWM_LATE_BRAKE=RWM_LATE_BRAKE=0/RWM_LATE_BRAKE=0(exp0) RWM_CHARGE_RECOVERY=RWM_CHARGE_RECOVERY=0/RWM_CHARGE_RECOVERY=0(exp0) RWM_RELEASE_1TO1=RWM_RELEASE_1TO1=0/RWM_RELEASE_1TO1=0(exp0) RWM_LOSS_SENT_TRUTH=RWM_LOSS_SENT_TRUTH=0/RWM_LOSS_SENT_TRUTH=0(exp0) RWM_RTT_DUMP=RWM_RTT_DUMP=0/RWM_RTT_DUMP=0(exp0) RWM_SUCC_DUMP=RWM_SUCC_DUMP=0/RWM_SUCC_DUMP=0(exp0) RWM_DIAG=RWM_DIAG=1/RWM_DIAG=1(exp1) RWM_ACKDIAG=RWM_ACKDIAG=1/RWM_ACKDIAG=1(exp1) RWM_WALLDIAG=RWM_WALLDIAG=1/RWM_WALLDIAG=1(exp1) RWM_FDIAG=RWM_FDIAG=1/RWM_FDIAG=1(exp1)
W5QALPHA c8-CTL rep=4 cli=form:cantelli/win_n:unavail/alpha:1.000000e-3 srv=form:cantelli/win_n:unavail/alpha:1.000000e-5 (exp form=cantelli win_n=unavail)
WCLOCK c8-CTL rep=4 law_n=22237 evals=22237 win_ok=0 win_n=unavail p50=100000 p05=100000 p95=100000 shipped_clock=100000
W8SUCC c8-CTL rep=4 det=4809 res=4779 orig_frac=0.9856
QALPHALINE c8-CTL rep=4 site=cli [QALPHA] site=receiver quantile=0 form=cantelli win_n=unavail contract_alpha=1.000000e-5 override=unset alpha=1.000000e-5 k=316.2262 fa_class=0.0625
QALPHALINE c8-CTL rep=4 site=cli [QALPHA] site=sender quantile=0 form=cantelli win_n=unavail contract_alpha=1.000000e-3 override=unset alpha=1.000000e-3 k=31.6070 fa_class=0.0625
QALPHALINE c8-CTL rep=4 site=srv [QALPHA] site=receiver quantile=0 form=cantelli win_n=unavail contract_alpha=1.000000e-5 override=unset alpha=1.000000e-5 k=316.2262 fa_class=0.06252026-08-21T18:39:15.102037Z  INFO raptorpath::net: budget-conserving taper emission ACTIVE (RWM_TAPER_R: plain-mode proactive repair budgeted at r x source per coding window; legacy = r per ack cycle)
QALPHALINE c8-CTL rep=4 site=srv [QALPHA] site=sender quantile=0 form=cantelli win_n=unavail contract_alpha=1.000000e-3 override=unset alpha=1.000000e-3 k=31.6070 fa_class=0.0625
QCLKLINE c8-CTL rep=4 site=cli [QCLK] site=sender on=0 form=cantelli win_n=unavail win_ok=0 alpha=1.000000e-3 k=31.6070 evals=22237 law_n=22237 kept=2780 w_us_mean=98822.5 w_us_p05=100000 w_us_p50=100000 w_us_p95=100000 w_us_min=25000 w_us_max=100000 srtt_us_mean=132421.1 sigma_us_mean=4899.2/n21993 fa_class=0.0625
QCLKLINE c8-CTL rep=4 site=srv [QCLK] site=receiver on=0 form=cantelli win_n=unavail win_ok=0 alpha=1.000000e-5 k=316.2262 evals=7749 law_n=7749 kept=3875 w_us_mean=100000.0 w_us_p05=100000 w_us_p50=100000 w_us_p95=100000 w_us_min=100000 w_us_max=100000 srtt_us_mean=87092.7 sigma_us_mean=27617.0/n7008 fa_class=0.0625
QCLKLINE c8-CTL rep=4 site=srv [QCLK] site=receiver on=0 form=cantelli win_n=unavail win_ok=0 alpha=1.000000e-5 k=316.2262 evals=18335 law_n=18335 kept=2292 w_us_mean=100000.0 w_us_p05=100000 w_us_p50=100000 w_us_p95=100000 w_us_min=100000 w_us_max=100000 srtt_us_mean=145387.9 sigma_us_mean=34513.8/n17594 fa_class=0.0625
RACKLINE c8-CTL rep=4 site=cli [RACK] on=0 evals=0 ceil=0.0000 gran=0.0000 legacy_pin=0.0000 round=0.0 legacy=0.0 mult=1 fa=14/14 fa_frac=1.0000 fa_class=0.0625
RACKLINE c8-CTL rep=4 site=cli [RACK] on=0 evals=0 ceil=0.0000 gran=0.0000 legacy_pin=0.0000 round=0.0 legacy=0.0 mult=1 fa=78/832 fa_frac=0.0938 fa_class=0.0625
RFALINE c8-CTL rep=4 site=cli [RFA] gen=0 fires=8 false=8 false_frac=1.0000 fill_coded=0 fill_src=0 dup_src=8 preempt_src=0 src_n=9 rep_n=7 nu_recv=0.88889 fa_class=0.0625
RFALINE c8-CTL rep=4 site=cli [RFA] gen=0 fires=13 false=13 false_frac=1.0000 fill_coded=0 fill_src=0 dup_src=13 preempt_src=0 src_n=14 rep_n=12 nu_recv=0.92857 fa_class=0.0625
RFALINE c8-CTL rep=4 site=cli [RFA] gen=0 fires=14 false=14 false_frac=1.0000 fill_coded=0 fill_src=0 dup_src=14 preempt_src=0 src_n=16 rep_n=14 nu_recv=0.87500 fa_class=0.0625
RFALINE c8-CTL rep=4 site=srv [RFA] gen=0 fires=1770 false=91 false_frac=0.0514 fill_coded=32 fill_src=1647 dup_src=67 preempt_src=24 src_n=8879 rep_n=128 nu_recv=0.19935 fa_class=0.0625
RFALINE c8-CTL rep=4 site=srv [RFA] gen=0 fires=5048 false=267 false_frac=0.0529 fill_coded=71 fill_src=4710 dup_src=215 preempt_src=52 src_n=19321 rep_n=387 nu_recv=0.26127 fa_class=0.0625
FCAUSELINE c8-CTL rep=4 site=cli [FCAUSE] gen=0 n=832 timer=3 gap_data=829 gap_refresh=0 other=0 timer_frac=0.0036 gap_frac=0.9964 fired=832 unattr=0 fa_class=0.0625
SUCCLINE c8-CTL rep=4 site=cli [SUCC] gen=0 det=0 res=0 orig_n=0 orig_p50_us=- orig_p90_us=- orig_p99_us=- orig_mx_us=- orig_mean_us=- rep_n=0 rep_p50_us=- rep_p90_us=- rep_p99_us=- rep_mx_us=- rep_mean_us=- aban_n=0 aban_p50_us=- aban_p90_us=- aban_p99_us=- aban_mx_us=- aban_mean_us=- open=0 over=0 orig_frac=- cross_us=- dump=0/0
SUCCLINE c8-CTL rep=4 site=cli [SUCC] gen=0 det=0 res=0 orig_n=0 orig_p50_us=- orig_p90_us=- orig_p99_us=- orig_mx_us=- orig_mean_us=- rep_n=0 rep_p50_us=- rep_p90_us=- rep_p99_us=- rep_mx_us=- rep_mean_us=- aban_n=0 aban_p50_us=- aban_p90_us=- aban_p99_us=- aban_mx_us=- aban_mean_us=- open=0 over=0 orig_frac=- cross_us=- dump=0/0
SUCCLINE c8-CTL rep=4 site=srv [SUCC] gen=0 det=2052 res=1677 orig_n=1647 orig_p50_us=28672 orig_p90_us=163840 orig_p99_us=212992 orig_mx_us=260716 orig_mean_us=56598 rep_n=30 rep_p50_us=16384 rep_p90_us=81920 rep_p99_us=81920 rep_mx_us=88005 rep_mean_us=32114 aban_n=1 aban_p50_us=53248 aban_p90_us=53248 aban_p99_us=53248 aban_mx_us=54327 aban_mean_us=54327 open=374 over=0 orig_frac=0.9821 cross_us=- dump=0/0
SUCCLINE c8-CTL rep=4 site=srv [SUCC] gen=0 det=4809 res=4779 orig_n=4710 orig_p50_us=32768 orig_p90_us=180224 orig_p99_us=294912 orig_mx_us=431465 orig_mean_us=71101 rep_n=69 rep_p50_us=18432 rep_p90_us=163840 rep_p99_us=327680 rep_mx_us=343447 rep_mean_us=61426 aban_n=1 aban_p50_us=53248 aban_p90_us=53248 aban_p99_us=53248 aban_mx_us=54327 aban_mean_us=54327 open=29 over=0 orig_frac=0.9856 cross_us=- dump=0/0
HOLDLINE c8-CTL rep=4 site=cli [HOLD] site=sender path=0 gen=0 q=unset n_req=- n_obs=1000 samp_n=1000 fed=3525 t_us=- obs_p50_us=12519 obs_p90_us=124464 obs_p99_us=179883 evals=766 law_n=0 sup=0 emit=766 hd_p50_us=- hd_p90_us=- hd_p99_us=- hd_mx_us=- hd_n=0 fa_class=0.0625
HOLDLINE c8-CTL rep=4 site=cli [HOLD] site=sender path=1 gen=0 q=unset n_req=- n_obs=1000 samp_n=1000 fed=2149 t_us=- obs_p50_us=4955 obs_p90_us=67298 obs_p99_us=101531 evals=65 law_n=0 sup=0 emit=65 hd_p50_us=- hd_p90_us=- hd_p99_us=- hd_mx_us=- hd_n=0 fa_class=0.0625
HOLDLINE c8-CTL rep=4 site=cli [HOLD] site=sender path=- gen=0 q=unset n_req=- n_obs=1000 samp_n=0 fed=0 t_us=- obs_p50_us=- obs_p90_us=- obs_p99_us=- evals=1 law_n=0 sup=0 emit=1 hd_p50_us=- hd_p90_us=- hd_p99_us=- hd_mx_us=- hd_n=0 fa_class=0.0625
WALLLINE c8-CTL rep=4 site=cli [WALL] onset=0.8993 dur_ms=231.3 retx=54 total_ms=2296.8 it_ms=0.103
VAWITNESS {"cell":"c8","arm":"CTL","alpha":"unset","seed":42,"rep":4,"rc":0,"mean_mbps":87.638,"band":[50,100],"band_applies":1,"in_band":1,"lossy":1,"alpha_expect":"unset","alpha_got_cli":"unset","alpha_got_srv":"unset","form_expect":"cantelli","form_got_cli":"cantelli","form_got_srv":"cantelli","winn_expect":"unavail","winn_got_cli":"unavail","winn_got_srv":"unavail","qclk_law_n":22237,"qclk_evals":22237,"qclk_win_ok":0,"qclk_win_n":"unavail","w_us_p50":100000,"w_us_p05":100000,"w_us_p95":100000,"shipped_clock_us":100000,"fcause_n":832,"fcause_timer":3,"fcause_gap_data":829,"fcause_gap_refresh":0,"fcause_other":0,"fcause_unattr":0,"succ_det":4809,"succ_res":4779,"succ_orig_frac":"0.9856","rfa_fires":5048,"rfa_false":267,"rfa_false_frac":"0.0529","rfa_fill_coded":71,"rack_fa":"78/832","rack_fa_frac":"0.0938","fails":""}
=== rep=4 arm=c8-Q400 alpha=0.4 form=quantile win_n=25 seed=42 env="RWM_QUANTILE_CLOCKS=1 RWM_ALPHA_OVERRIDE=0.4 RWM_W_FORM=quantile RWM_DELTA_CAP=1 RWM_SUM_CAP=1 RWM_RACK_CLOCKS=0 RWM_DERIVED_SWEEP=0 RWM_COMPOSED_CAP=0 RWM_THREE_TERM=0 RWM_STORE_CAP_UNIFIED=0 RWM_LATE_BRAKE=0 RWM_CHARGE_RECOVERY=0 RWM_RELEASE_1TO1=0 RWM_LOSS_SENT_TRUTH=0 RWM_RTT_DUMP=0 RWM_SUCC_DUMP=0" cell=c2/c3/dual bytes=25000000 18:39:18
[2m2026-08-21T18:39:20.077169Z[0m [32m INFO[0m [2mraptorpath::gates[0m[2m:[0m [GATES] RWM_UNIFIED=1 RWM_UNIFIED_SHED=1 RWM_TAPER_R=1 RWM_ASTAR_ANCHOR=1 RWM_MSTAR_ANCHOR=1 RWM_PLAIN_RS=0 RWM_HONEST_ANCHOR=1 RWM_HONEST_K=0 RWM_STORE_SACK_RELEASE=1 RWM_STORE_PATHS=1 RWM_STORE_PATH_POOL=2048 RWM_STORE=unset RWM_STORE_GAIN=2 RWM_STORE_BOOT=128 RWM_STORE_CAPW=0 RWM_STORE_CAP_UNIFIED=0 RWM_THREE_TERM=0 RWM_COMPOSED_CAP=0 RWM_SUM_CAP=1 RWM_LATE_BRAKE=0 RWM_DELTA_CAP=1 RWM_STORE_PERCAP=0 RWM_PERCAP_GUARD=1 RWM_STORE_BORROW=0 RWM_HONEST_CAP=1 RWM_POOL_ANCHOR=0 RWM_POOL_DELIV=0 RWM_FLOOR_BOUND=0 RWM_ACK_MERGE=1 RWM_LOSS_SENT_TRUTH=0 RWM_RELEASE_1TO1=0 RWM_CHARGE_RECOVERY=0 RWM_PATIENCE_DERIVED=0 RWM_SIDLE_DERIVED=0 RWM_WIN_DECOUPLE=0 RWM_PLACE_SLACK=0 RWM_COLD_PLACE=0 RWM_GEN=384 RWM_PIPELINE=2 RWM_GEN_PIPE=1 RWM_GEN_R=unset RWM_GEN_RATE=9000 RWM_GEN_RATE_FLOOR=2000 RWM_GEN_INFLIGHT=unset RWM_OOO_RETAIN=0/16 RWM_WINDOW=unset RWM_REPORT_GENS=unset RWM_REPAIR_WAIT=unset RWM_CODED_SRC=0 RWM_NO_REACTIVE=0 RWM_XPATH_REPAIR=0 RWM_PROACTIVE_PACER=0 RWM_REASM_BDP=0 RWM_MIN_R=0 RWM_CC_PACE=0 RWM_CC_PACE_HR=1.1 RWM_REACT_CAP=unset RWM_INFL_CAP=0 RWM_INFL_BDP=unset RWM_COPA_FEED=0 RWM_RS_ATTR=1 RWM_EMIT_BATCH=0 RWM_EMIT_BURST=64 RWM_RECOV_MP=1 RWM_RECOV_MP_LAW=1 RWM_RECOV_MP_LIVE=0 RWM_RECOV_SP=0 RWM_DERIVED_SWEEP=0 RWM_RACK_CLOCKS=0 RWM_RACK_REO_MULT=1 RWM_QUANTILE_CLOCKS=1 RWM_ALPHA_OVERRIDE=0.4 RWM_W_FORM=quantile RWM_HOLDDOWN_Q=unset RWM_REFRESH_FLOOR_US=unset RWM_DIAG=1 RWM_ACKDIAG=1 RWM_ACKDIAG_WINDOW_US=2000000 RWM_RTT_DUMP=0 RWM_RTT_DUMP_MAX=400000 RWM_SUCC_DUMP=0 RWM_SUCC_DUMP_MAX=200000 RWM_WALLDIAG=1 RWM_CPUPROF=0 RWM_RDIAG=0 RWM_FDIAG=1 RWM_TRACE=0 RWM_PFRAC=0
{"bytes":25000000,"dnf":0,"hint":"bulk","max_s":2.1744,"mean_mbps":91.981,"mean_s":2.1744,"median_s":2.1744,"min_s":2.1744,"proto":"rp-native","runs":1,"stdev_s":0.0,"summary":true}
    LATPROBE-LEG leg=0 file=/tmp/rwm-ping-0.txt sent=46 recv=46 censor=0.00% p50=66.8[censor=0.00% ok] p95=148.0[censor=0.00% ok] p99=151.0[censor=0.00% ok]
    LATPROBE-LEG leg=1 file=/tmp/rwm-ping-1.txt sent=46 recv=45 censor=2.17% p50=108.0[censor=2.17% ok] p95=335.0[censor=2.17% ok] p99=346.0[censor=2.17% UNSCOREABLE(inside censored tail)]
    LATPROBE: 2 leg(s) /tmp/rwm-ping-0.txt=46 /tmp/rwm-ping-1.txt=45 replies
    CPU: CPUSRV=2.30s CPUCLI=2.29s (srv=decoder cli=sender; whole-invocation incl warmup)
    QDISC cli0: qdisc netem bdd5: root refcnt 7 limit 1000 delay 5ms  3ms loss gemodel p 1.3% r 50% 1-h 100% 1-k 0% rate 100Mbit seed 42  Sent 23995446 bytes 19026 pkt (dropped 86, overlimits 0 requeues 0)   backlog 0b 0p requeues 0 
    QDISC cli1: qdisc netem bdd6: root refcnt 7 limit 1000 delay 20ms  5ms loss gemodel p 2% r 40% 1-h 100% 1-k 0% rate 20Mbit seed 1042  Sent 3992918 bytes 3510 pkt (dropped 57, overlimits 0 requeues 0)   backlog 0b 0p requeues 0 
    QDISC srv0: qdisc netem bdd7: root refcnt 7 limit 1000 delay 5ms  3ms rate 100Mbit seed 15143826120816299845  Sent 2496185 bytes 12522 pkt (dropped 0, overlimits 0 requeues 0)   backlog 0b 0p requeues 0 
    QDISC srv1: qdisc netem bdd8: root refcnt 7 limit 1000 delay 20ms  5ms rate 20Mbit seed 1759079131285594007  Sent 560658 bytes 2816 pkt (dropped 0, overlimits 0 requeues 0)   backlog 72b 1p requeues 0 
    QCAP: /tmp/rwm-q.txt 18 lines
RUNTIME c8-Q400 rep=4 4s rc=0
ALPHARESULT {"cell": "c8", "arm": "Q400", "alpha_cmd": 0.4, "seed": 42, "rep": 4, "n_paths": 2, "dnf": false, "dnf_count": 0, "mbps": 91.981, "mean_mbps": 91.981, "seconds": 2.1744, "n_runs": 1, "cpusrv": 2.3, "cpucli": 2.29, "khr_med": 1.0, "kraw_med": null, "khr_n": 10, "kraw_n": 0, "rtp_med": 11, "occ_p50": 1849, "occcap_p50": 1935, "q_p50": 167, "q_p99": 493, "diag_lines": 8, "retx": 571, "w1_rfa_gen": "0", "w2_pfrac_lines": 0, "w4_retx_max": 571, "w5_rack_fa": "154/635", "gates_cli_quantile_clocks": 1, "gates_srv_quantile_clocks": 1, "gates_cli_rack_clocks": 0, "gates_srv_rack_clocks": 0, "gates_cli_derived_sweep": 0, "gates_srv_derived_sweep": 0, "gates_cli_delta_cap": 1, "gates_srv_delta_cap": 1, "gates_cli_sum_cap": 1, "gates_srv_sum_cap": 1, "gates_cli_composed_cap": 0, "gates_srv_composed_cap": 0, "gates_cli_three_term": 0, "gates_srv_three_term": 0, "gates_cli_loss_sent_truth": 0, "gates_srv_loss_sent_truth": 0, "gates_cli_gen": null, "gates_srv_gen": null, "gates_cli_diag": 1, "gates_srv_diag": 1, "gates_cli_ackdiag": 1, "gates_srv_ackdiag": 1, "gates_cli_walldiag": 1, "gates_srv_walldiag": 1, "gates_cli_fdiag": 1, "gates_srv_fdiag": 1, "gates_cli_recov_mp": 1, "gates_srv_recov_mp": 1, "gates_cli_cc_pace": 0, "gates_srv_cc_pace": 0, "gates_cli_rack_reo_mult": 1, "gates_srv_rack_reo_mult": 1, "gates_lines_cli": 1, "gates_lines_srv": 1, "gate_quantile_cli": "1", "gate_quantile_srv": "1", "gate_alpha_cli": "0.4", "gate_alpha_srv": "0.4", "gate_gen_cli": 384, "gate_gen_srv": 384, "gate_wform_cli": "quantile", "gate_wform_srv": "quantile", "qalpha_lines_cli": 1, "qalpha_site_cli": "sender", "qalpha_quantile_cli": 1, "qalpha_contract_cli": 0.001, "qalpha_override_cli": 0.4, "qalpha_cli": 0.4, "qalpha_k_cli": 1.2247, "qalpha_form_cli": "quantile", "qalpha_winn_cli": "25", "qalpha_lines_srv": 1, "qalpha_site_srv": "receiver", "qalpha_quantile_srv": 1, "qalpha_contract_srv": 1e-05, "qalpha_override_srv": 0.4, "qalpha_srv": 0.4, "qalpha_k_srv": 1.2247, "qalpha_form_srv": "quantile", "qalpha_winn_srv": "25", "qclk_cli_lines": 1, "qclk_cli_site": "sender", "qclk_cli_alpha": 0.4, "qclk_cli_k": 1.2247, "qclk_cli_w_us_mean": 225728.9, "qclk_cli_srtt_us_mean": 228320.4, "qclk_cli_on": 1, "qclk_cli_evals": 21665, "qclk_cli_kept": 2536, "qclk_cli_w_us_p05": 25822, "qclk_cli_w_us_p50": 213849, "qclk_cli_w_us_p95": 454313, "qclk_cli_w_us_min": 15083, "qclk_cli_w_us_max": 598185, "qclk_cli_law_n": 20288, "qclk_cli_sigma_us_mean": 4665.6, "qclk_cli_sigma_n": 21448, "qclk_form_cli": "quantile", "qclk_winn_cli": "25", "qclk_win_ok_cli": 20288, "qclk_srv_lines": 2, "qclk_srv_site": "receiver", "qclk_srv_alpha": 0.4, "qclk_srv_k": 1.2247, "qclk_srv_w_us_mean": 0.0, "qclk_srv_srtt_us_mean": 0.0, "qclk_srv_on": 1, "qclk_srv_evals": 18270, "qclk_srv_kept": 0, "qclk_srv_w_us_p05": 0, "qclk_srv_w_us_p50": 0, "qclk_srv_w_us_p95": 0, "qclk_srv_w_us_min": 0, "qclk_srv_w_us_max": 0, "qclk_srv_law_n": 0, "qclk_srv_sigma_us_mean": 66850.9, "qclk_srv_sigma_n": 17936, "qclk_form_srv": "quantile", "qclk_winn_srv": "25", "qclk_win_ok_srv": 0, "rack_lines_cli": 2, "rack_on_cli": 0, "rack_evals_cli": 0, "rack_ceil_cli": 0.0, "rack_gran_cli": 0.0, "rack_legacy_pin_cli": 0.0, "rack_round_cli": 0.0, "rack_legacy_cli": 0.0, "rack_mult_cli": 1, "rack_fa_n_cli": 154, "rack_fa_d_cli": 635, "rack_fa_frac_cli": 0.2425, "rack_fa_class_cli": 0.0625, "rack_lines_srv": 0, "rack_on_srv": null, "rack_evals_srv": null, "rack_ceil_srv": null, "rack_gran_srv": null, "rack_legacy_pin_srv": null, "rack_round_srv": null, "rack_legacy_srv": null, "rack_mult_srv": null, "rack_fa_n_srv": null, "rack_fa_d_srv": null, "rack_fa_frac_srv": null, "rack_fa_class_srv": null, "rack_fired": 635, "rack_spurious": 154, "rack_fa_frac": 0.2425, "rack_fa_class": 0.0625, "rack_round_us": 0.0, "rack_legacy_us": 0.0, "rack_evals": 0, "rack_legacy_pin": 0.0, "rfa_lines": 2, "rfa_gen": 0, "rfa_fires": 5704, "rfa_false": 195, "rfa_fill_coded": 77, "rfa_fill_src": 5432, "rfa_dup_src": 123, "rfa_preempt_src": 72, "rfa_src_n": 20519, "rfa_rep_n": 199, "rfa_false_frac": 0.0342, "rfa_nu_recv": 0.27799, "rfa_fa_class": 0.0625, "rfa_bracket_lo": 0.0342, "rfa_bracket_hi": 0.716912, "sf_ticks": 343, "sf_E": 0.9504, "sf_short": 0.0875, "sf_zero": 0.0117, "capboot_n": 5, "capboot_frac": 0.0, "ping_n": 46, "ping_p50": 60.1, "ping_p95": 148.0, "ping_p99": 151.0, "ping_tx": 46, "ping_rx": 46, "ping_loss": 0.0, "ping_censor_frac": 0.0, "legs_probed": 1, "leg0_n": 46, "leg0_sent": 46, "leg0_recv": 46, "leg0_sent_source": "summary", "leg0_censor_frac": 0.0, "leg0_censor_pct": 0.0, "leg0_recv_mismatch": false, "leg0_leg_unscoreable": false, "leg0_min": 6.73, "leg0_max": 151.0, "leg0_p50": 66.8, "leg0_p50_censored": false, "leg0_p50_scoreable": true, "leg0_p95": 148.0, "leg0_p95_censored": false, "leg0_p95_scoreable": true, "leg0_p99": 151.0, "leg0_p99_censored": false, "leg0_p99_scoreable": true, "legs_censor_max": 0.0, "wait_tun": 83, "wait_paused": 3, "wait_pace": 0, "wait_gen": 0, "wait_nack": 13, "wait_defc": 0, "wait_tail": 0, "wait_flush": 0, "wait_lines": 5, "deadwall": false, "sig_us_p50": 2257.0, "sig_us_n": 18175, "sig_us_path": 0, "sig_paths": 2, "pl_n": 10, "pl_max": 0.0198, "pl_min": 0.0093, "pl_p0": 0.0093, "pl_p1": 0.0198, "dgq_hand": 21993, "dgq_full": 0, "dgq_err": 0, "dgq_gap": 0, "tc_bytes": 27988464, "tc_pkts": 22537, "tc_drop": 143, "tc_s": 4, "hold_lines": 3, "hold_samp_n": 2000, "hold_fed": 5193, "hold_evals": 632, "hold_law_n": 0, "hold_sup": 0, "hold_emit": 632, "hold_hd_n": 0, "hold_q": "unset", "hold_n_req": "-", "hold_n_obs": 1000, "hold_gen": 0, "hold_sup_frac": 0.0, "hold_law_frac": 0.0, "hold_obs_p50_us": 5659, "hold_obs_p90_us": 283826, "hold_obs_p99_us": 524911, "hold_t_us_p0": null, "hold_t_us_p1": null, "hold_samp_n_p0": 1000, "hold_samp_n_p1": 1000, "hold_hd_p50_us": null, "hold_hd_p90_us": null, "hold_hd_p99_us": null, "hold_hd_mx_us": null, "hold_unattr_evals": 3, "hold_paths_n": 2, "hold_accounting_ok": 1, "hold_obs_p50_us_p0": 5659, "hold_obs_p90_us_p0": 128856, "hold_obs_p99_us_p0": 524911, "hold_obs_p50_us_p1": 3931, "hold_obs_p90_us_p1": 283826, "hold_obs_p99_us_p1": 495090, "hold_rpd": 0.107065, "fcause_lines": 1, "fcause_gen": 0, "fcause_n": 635, "fcause_timer": 3, "fcause_gap_data": 632, "fcause_gap_refresh": 0, "fcause_other": 0, "fcause_fired": 635, "fcause_unattr": 0, "fcause_timer_frac": 0.0047, "fcause_gap_frac": 0.9953, "succ_lines": 2, "succ_gen": 0, "succ_det": 5931, "succ_res": 5509, "succ_orig_n": 5432, "succ_rep_n": 77, "succ_aban_n": 0, "succ_open": 422, "succ_over": 0, "succ_orig_p50_us": 81920, "succ_orig_p90_us": 327680, "succ_orig_p99_us": 425984, "succ_orig_mx_us": 798209, "succ_orig_frac": 0.986, "succ_identity_ok": 1}
LIVENESS c8-Q400 rep=4 RWM_QUANTILE_CLOCKS=RWM_QUANTILE_CLOCKS=1/RWM_QUANTILE_CLOCKS=1(exp1) RWM_ALPHA_OVERRIDE=RWM_ALPHA_OVERRIDE=0.4/RWM_ALPHA_OVERRIDE=0.4(exp0.4) RWM_W_FORM=RWM_W_FORM=quantile/RWM_W_FORM=quantile(expquantile) RWM_DELTA_CAP=RWM_DELTA_CAP=1/RWM_DELTA_CAP=1(exp1) RWM_SUM_CAP=RWM_SUM_CAP=1/RWM_SUM_CAP=1(exp1) RWM_HOLDDOWN_Q=RWM_HOLDDOWN_Q=unset/RWM_HOLDDOWN_Q=unset(expunset) RWM_REFRESH_FLOOR_US=RWM_REFRESH_FLOOR_US=unset/RWM_REFRESH_FLOOR_US=unset(expunset) RWM_RACK_CLOCKS=RWM_RACK_CLOCKS=0/RWM_RACK_CLOCKS=0(exp0) RWM_DERIVED_SWEEP=RWM_DERIVED_SWEEP=0/RWM_DERIVED_SWEEP=0(exp0) RWM_COMPOSED_CAP=RWM_COMPOSED_CAP=0/RWM_COMPOSED_CAP=0(exp0) RWM_THREE_TERM=RWM_THREE_TERM=0/RWM_THREE_TERM=0(exp0) RWM_STORE_CAP_UNIFIED=RWM_STORE_CAP_UNIFIED=0/RWM_STORE_CAP_UNIFIED=0(exp0) RWM_LATE_BRAKE=RWM_LATE_BRAKE=0/RWM_LATE_BRAKE=0(exp0) RWM_CHARGE_RECOVERY=RWM_CHARGE_RECOVERY=0/RWM_CHARGE_RECOVERY=0(exp0) RWM_RELEASE_1TO1=RWM_RELEASE_1TO1=0/RWM_RELEASE_1TO1=0(exp0) RWM_LOSS_SENT_TRUTH=RWM_LOSS_SENT_TRUTH=0/RWM_LOSS_SENT_TRUTH=0(exp0) RWM_RTT_DUMP=RWM_RTT_DUMP=0/RWM_RTT_DUMP=0(exp0) RWM_SUCC_DUMP=RWM_SUCC_DUMP=0/RWM_SUCC_DUMP=0(exp0) RWM_DIAG=RWM_DIAG=1/RWM_DIAG=1(exp1) RWM_ACKDIAG=RWM_ACKDIAG=1/RWM_ACKDIAG=1(exp1) RWM_WALLDIAG=RWM_WALLDIAG=1/RWM_WALLDIAG=1(exp1) RWM_FDIAG=RWM_FDIAG=1/RWM_FDIAG=1(exp1)
W5QALPHA c8-Q400 rep=4 cli=form:quantile/win_n:25/alpha:4.000000e-1 srv=form:quantile/win_n:25/alpha:4.000000e-1 (exp form=quantile win_n=25)
WCLOCK c8-Q400 rep=4 law_n=20288 evals=21665 win_ok=20288 win_n=25 p50=213849 p05=25822 p95=454313 shipped_clock=100000
W8SUCC c8-Q400 rep=4 det=5931 res=5509 orig_frac=0.9860
QALPHALINE c8-Q400 rep=4 site=cli [QALPHA] site=receiver quantile=1 form=quantile win_n=25 contract_alpha=1.000000e-5 override=4.000000e-1 alpha=4.000000e-1 k=1.2247 fa_class=0.0625
QALPHALINE c8-Q400 rep=4 site=cli [QALPHA] site=sender quantile=1 form=quantile win_n=25 contract_alpha=1.000000e-3 override=4.000000e-1 alpha=4.000000e-1 k=1.2247 fa_class=0.0625
QALPHALINE c8-Q400 rep=4 site=srv [QALPHA] site=receiver quantile=1 form=quantile win_n=25 contract_alpha=1.000000e-5 override=4.000000e-1 alpha=4.000000e-1 k=1.2247 fa_class=0.06252026-08-21T18:39:20.176555Z  INFO raptorpath::net: M* peer-report RTT-feed suppression ACTIVE (RWM_MSTAR_ANCHOR plain-live subset: local-echo-only RTT feed + estimator seed-from-sample)
QALPHALINE c8-Q400 rep=4 site=srv [QALPHA] site=sender quantile=1 form=quantile win_n=25 contract_alpha=1.000000e-3 override=4.000000e-1 alpha=4.000000e-1 k=1.2247 fa_class=0.0625
QCLKLINE c8-Q400 rep=4 site=cli [QCLK] site=sender on=1 form=quantile win_n=25 win_ok=20288 alpha=4.000000e-1 k=1.2247 evals=21665 law_n=20288 kept=2536 w_us_mean=225728.9 w_us_p05=25822 w_us_p50=213849 w_us_p95=454313 w_us_min=15083 w_us_max=598185 srtt_us_mean=228320.4 sigma_us_mean=4665.6/n21448 fa_class=0.0625
QCLKLINE c8-Q400 rep=4 site=srv [QCLK] site=receiver on=1 form=quantile win_n=25 win_ok=0 alpha=4.000000e-1 k=1.2247 evals=6768 law_n=0 kept=0 w_us_mean=0.0 w_us_p05=0 w_us_p50=0 w_us_p95=0 w_us_min=0 w_us_max=0 srtt_us_mean=0.0 sigma_us_mean=37445.4/n6434 fa_class=0.0625
QCLKLINE c8-Q400 rep=4 site=srv [QCLK] site=receiver on=1 form=quantile win_n=25 win_ok=0 alpha=4.000000e-1 k=1.2247 evals=18270 law_n=0 kept=0 w_us_mean=0.0 w_us_p05=0 w_us_p50=0 w_us_p95=0 w_us_min=0 w_us_max=0 srtt_us_mean=0.0 sigma_us_mean=66850.9/n17936 fa_class=0.0625
RACKLINE c8-Q400 rep=4 site=cli [RACK] on=0 evals=0 ceil=0.0000 gran=0.0000 legacy_pin=0.0000 round=0.0 legacy=0.0 mult=1 fa=13/13 fa_frac=1.0000 fa_class=0.0625
RACKLINE c8-Q400 rep=4 site=cli [RACK] on=0 evals=0 ceil=0.0000 gran=0.0000 legacy_pin=0.0000 round=0.0 legacy=0.0 mult=1 fa=154/635 fa_frac=0.2425 fa_class=0.0625
RFALINE c8-Q400 rep=4 site=cli [RFA] gen=0 fires=10 false=10 false_frac=1.0000 fill_coded=0 fill_src=0 dup_src=10 preempt_src=0 src_n=11 rep_n=9 nu_recv=0.90909 fa_class=0.0625
RFALINE c8-Q400 rep=4 site=cli [RFA] gen=0 fires=13 false=13 false_frac=1.0000 fill_coded=0 fill_src=0 dup_src=13 preempt_src=0 src_n=15 rep_n=13 nu_recv=0.86667 fa_class=0.0625
RFALINE c8-Q400 rep=4 site=cli [RFA] gen=0 fires=13 false=13 false_frac=1.0000 fill_coded=0 fill_src=0 dup_src=13 preempt_src=0 src_n=15 rep_n=13 nu_recv=0.86667 fa_class=0.0625
RFALINE c8-Q400 rep=4 site=srv [RFA] gen=0 fires=2045 false=94 false_frac=0.0460 fill_coded=29 fill_src=1922 dup_src=65 preempt_src=29 src_n=9126 rep_n=102 nu_recv=0.22409 fa_class=0.0625
RFALINE c8-Q400 rep=4 site=srv [RFA] gen=0 fires=5704 false=195 false_frac=0.0342 fill_coded=77 fill_src=5432 dup_src=123 preempt_src=72 src_n=20519 rep_n=199 nu_recv=0.27799 fa_class=0.0625
FCAUSELINE c8-Q400 rep=4 site=cli [FCAUSE] gen=0 n=635 timer=3 gap_data=632 gap_refresh=0 other=0 timer_frac=0.0047 gap_frac=0.9953 fired=635 unattr=0 fa_class=0.0625
SUCCLINE c8-Q400 rep=4 site=cli [SUCC] gen=0 det=0 res=0 orig_n=0 orig_p50_us=- orig_p90_us=- orig_p99_us=- orig_mx_us=- orig_mean_us=- rep_n=0 rep_p50_us=- rep_p90_us=- rep_p99_us=- rep_mx_us=- rep_mean_us=- aban_n=0 aban_p50_us=- aban_p90_us=- aban_p99_us=- aban_mx_us=- aban_mean_us=- open=0 over=0 orig_frac=- cross_us=- dump=0/0
SUCCLINE c8-Q400 rep=4 site=cli [SUCC] gen=0 det=0 res=0 orig_n=0 orig_p50_us=- orig_p90_us=- orig_p99_us=- orig_mx_us=- orig_mean_us=- rep_n=0 rep_p50_us=- rep_p90_us=- rep_p99_us=- rep_mx_us=- rep_mean_us=- aban_n=0 aban_p50_us=- aban_p90_us=- aban_p99_us=- aban_mx_us=- aban_mean_us=- open=0 over=0 orig_frac=- cross_us=- dump=0/0
SUCCLINE c8-Q400 rep=4 site=srv [SUCC] gen=0 det=2305 res=1951 orig_n=1922 orig_p50_us=65536 orig_p90_us=229376 orig_p99_us=327680 orig_mx_us=337236 orig_mean_us=89827 rep_n=29 rep_p50_us=73728 rep_p90_us=81920 rep_p99_us=81920 rep_mx_us=87965 rep_mean_us=57962 aban_n=0 aban_p50_us=- aban_p90_us=- aban_p99_us=- aban_mx_us=- aban_mean_us=- open=354 over=0 orig_frac=0.9851 cross_us=- dump=0/0
SUCCLINE c8-Q400 rep=4 site=srv [SUCC] gen=0 det=5931 res=5509 orig_n=5432 orig_p50_us=81920 orig_p90_us=327680 orig_p99_us=425984 orig_mx_us=798209 orig_mean_us=135203 rep_n=77 rep_p50_us=73728 rep_p90_us=655360 rep_p99_us=655360 rep_mx_us=715030 rep_mean_us=223406 aban_n=0 aban_p50_us=- aban_p90_us=- aban_p99_us=- aban_mx_us=- aban_mean_us=- open=422 over=0 orig_frac=0.9860 cross_us=- dump=0/0
HOLDLINE c8-Q400 rep=4 site=cli [HOLD] site=sender path=0 gen=0 q=unset n_req=- n_obs=1000 samp_n=1000 fed=2141 t_us=- obs_p50_us=5659 obs_p90_us=128856 obs_p99_us=524911 evals=450 law_n=0 sup=0 emit=450 hd_p50_us=- hd_p90_us=- hd_p99_us=- hd_mx_us=- hd_n=0 fa_class=0.0625
HOLDLINE c8-Q400 rep=4 site=cli [HOLD] site=sender path=1 gen=0 q=unset n_req=- n_obs=1000 samp_n=1000 fed=3052 t_us=- obs_p50_us=3931 obs_p90_us=283826 obs_p99_us=495090 evals=182 law_n=0 sup=0 emit=182 hd_p50_us=- hd_p90_us=- hd_p99_us=- hd_mx_us=- hd_n=0 fa_class=0.0625
HOLDLINE c8-Q400 rep=4 site=cli [HOLD] site=sender path=- gen=0 q=unset n_req=- n_obs=1000 samp_n=0 fed=0 t_us=- obs_p50_us=- obs_p90_us=- obs_p99_us=- evals=3 law_n=0 sup=0 emit=3 hd_p50_us=- hd_p90_us=- hd_p99_us=- hd_mx_us=- hd_n=0 fa_class=0.0625
WALLLINE c8-Q400 rep=4 site=cli [WALL] onset=0.8492 dur_ms=329.7 retx=161 total_ms=2185.7 it_ms=0.101
WINDOW-PARTIAL c8-Q400 rep=4 win_ok=20288/21665 win_n=25 (RESULT, not an abort -- the fraction is to be scored, and the quantile-native sweep read 0.829-0.999 here)
VAWITNESS {"cell":"c8","arm":"Q400","alpha":"0.4","seed":42,"rep":4,"rc":0,"mean_mbps":91.981,"band":[50,100],"band_applies":0,"in_band":1,"lossy":1,"alpha_expect":"0.4","alpha_got_cli":"0.4","alpha_got_srv":"0.4","form_expect":"quantile","form_got_cli":"quantile","form_got_srv":"quantile","winn_expect":"25","winn_got_cli":"25","winn_got_srv":"25","qclk_law_n":20288,"qclk_evals":21665,"qclk_win_ok":20288,"qclk_win_n":"25","w_us_p50":213849,"w_us_p05":25822,"w_us_p95":454313,"shipped_clock_us":100000,"fcause_n":635,"fcause_timer":3,"fcause_gap_data":632,"fcause_gap_refresh":0,"fcause_other":0,"fcause_unattr":0,"succ_det":5931,"succ_res":5509,"succ_orig_frac":"0.9860","rfa_fires":5704,"rfa_false":195,"rfa_false_frac":"0.0342","rfa_fill_coded":77,"rack_fa":"154/635","rack_fa_frac":"0.2425","fails":""}
=== ARMCOUNTS (rows, NOT live n -- live n is law_n>0; the PRE-REGISTRATION applies the bars) 2026-08-21T18:39:23Z
ARMCOUNT c8-CTL rows=4/4
ARMCOUNT c8-Q400 rows=4/4
VALPHA-BATTERY-DONE seed=42 2026-08-21T18:39:23Z
