LOCKS-HELD-BY-ENVELOPE stage3_run_all:415462
=== STAGE3 BATTERY tag=s3 reps_per_seed=5 seeds='42 7' cells='c1s-400 c1d-400 c2-100 c3-25 c7-100 c8-100' no_cad=0 2026-09-30T12:36:09Z
=== binary /home/vibe/stage3/bin/raptorpath sha256 f3743664cb48ad81deef239d44710f4b12bf08f2db65c6d90fc5a947ed500035
=== source b3c6923 2026-09-30T12:28:15Z meas/stage3-baseline (engine = main e74891d)
=== env RWM_GEN=0 RWM_DIAG=1 RWM_PERF_TIMEOUT_S=150 runs=1; CAD: RWM_EST_CADENCE=1 RWM_POOL_ANCHOR=0; soft_deadline=1790785982 block_est=1200
Model name:                              Intel(R) Xeon(R) CPU E5-2650 v3 @ 2.30GHz
Flags:                                   fpu vme de pse tsc msr pae mce cx8 apic sep mtrr pge mca cmov pat pse36 clflush mmx fxsr sse sse2 ss ht syscall nx pdpe1gb rdtscp lm arch_perfmon rep_good nopl xtopology cpuid tsc_known_freq pni pclmulqdq vmx ssse3 fma cx16 pdcm pcid sse4_1 sse4_2 x2apic movbe popcnt tsc_deadline_timer aes xsave avx f16c rdrand hypervisor lahf_lm abm cpuid_fault pti ssbd ibrs ibpb stibp tpr_shadow flexpriority ept vpid ept_ad fsgsbase tsc_adjust bmi1 avx2 smep bmi2 erms invpcid xsaveopt arat vnmi umip md_clear flush_l1d arch_capabilities
=== rep=1 seed=42 cell=c1s-400 arm=A1 attempt=1 pipeline=window hint=bulk spec=c1/c1/single bytes=400000000 12:36:09
COTENANT c1s-400-A1 s42 rep=1 before=0 after=0 load=1.44 1.07 1.00
--- RWM-C perf pipeline=window mode=single hint=bulk A=c1 B=c1 ooo=0 extra='' T=default (400000000 x 1) start=14:36:10
{"bytes":400000000,"dnf":0,"hint":"bulk","max_s":10.3036,"mean_mbps":310.571,"mean_s":10.3036,"median_s":10.3036,"min_s":10.3036,"proto":"rp-native","runs":1,"stdev_s":0.0,"summary":true}
    CPU: CPUSRV=11.82s CPUCLI=14.06s (srv=decoder cli=sender; whole-invocation incl warmup)
    [TRUTH] leg=0 dev=cli0 egress_dgrams=343505 egress_skbs=40558 gso=8.47 netem_sent_dgrams=343043 netem_dropped_skbs=50 backlog=0 lost=462 loss=0.001345 rcvbuf_drops=34 rcvbuf_scope=netns
RUNTIME c1s-400-A1 s42 rep=1 attempt=1 12s rc=0
S3ROW {"arm": "A1", "busy_last": 48.0, "busy_med": 52.0, "cad_cli": false, "cad_srv": false, "cell": "c1s-400", "cod": 102, "coded_share": 0.00030231090008624753, "cotenant": 0, "cpu_cli": 14.06, "cpu_srv": 11.82, "diag_lines": 41, "dnf": false, "feed_ratio_p0": 1.7843866171003715, "gates_cli": true, "gates_srv": true, "gen_guard": false, "header": ["window", "bulk"], "mbps": 310.571, "pa_cli": 0, "pa_srv": 0, "pipe_cli": ["window", "Rlc", "bulk"], "pipe_srv": ["window", "Rlc", "bulk"], "plc_p0": 0.0024, "plu_last_p0": 0.0354, "plu_med_p0": 0.0354, "problems": [], "rc": 0, "rep": 1, "seconds": 10.30361, "seed": "42", "src": 337299, "status": "LIVE", "summary": true, "truth_egress_p0": 343505, "truth_gso_p0": 8.47, "truth_loss_p0": 0.001345, "truth_lost_p0": 462, "truth_rcvbuf_drops": 34, "util": 1.364570281677975, "wall_s": 12.0, "winline_cli": true, "winline_srv": true}
=== rep=1 seed=42 cell=c1s-400 arm=A2 attempt=1 pipeline=window hint=bulk spec=c1/c1/single bytes=400000000 12:36:21
COTENANT c1s-400-A2 s42 rep=1 before=0 after=0 load=1.84 1.17 1.03
--- RWM-C perf pipeline=window mode=single hint=bulk A=c1 B=c1 ooo=0 extra='' T=default (400000000 x 1) start=14:36:22
{"bytes":400000000,"dnf":0,"hint":"bulk","max_s":10.5485,"mean_mbps":303.361,"mean_s":10.5485,"median_s":10.5485,"min_s":10.5485,"proto":"rp-native","runs":1,"stdev_s":0.0,"summary":true}
    CPU: CPUSRV=11.85s CPUCLI=14.35s (srv=decoder cli=sender; whole-invocation incl warmup)
    [TRUTH] leg=0 dev=cli0 egress_dgrams=343506 egress_skbs=40821 gso=8.41 netem_sent_dgrams=343102 netem_dropped_skbs=50 backlog=0 lost=404 loss=0.001176 rcvbuf_drops=26 rcvbuf_scope=netns
RUNTIME c1s-400-A2 s42 rep=1 attempt=1 12s rc=0
S3ROW {"arm": "A2", "busy_last": 57.0, "busy_med": 53.0, "cad_cli": false, "cad_srv": false, "cell": "c1s-400", "cod": 90, "coded_share": 0.0002666864212163864, "cotenant": 0, "cpu_cli": 14.35, "cpu_srv": 11.85, "diag_lines": 42, "dnf": false, "feed_ratio_p0": 1.6156462585034015, "gates_cli": true, "gates_srv": true, "gen_guard": false, "header": ["window", "bulk"], "mbps": 303.361, "pa_cli": 0, "pa_srv": 0, "pipe_cli": ["window", "Rlc", "bulk"], "pipe_srv": ["window", "Rlc", "bulk"], "plc_p0": 0.0019, "plu_last_p0": 0.0354, "plu_med_p0": 0.0354, "problems": [], "rc": 0, "rep": 1, "seconds": 10.548503, "seed": "42", "src": 337385, "status": "LIVE", "summary": true, "truth_egress_p0": 343506, "truth_gso_p0": 8.41, "truth_loss_p0": 0.001176, "truth_lost_p0": 404, "truth_rcvbuf_drops": 26, "util": 1.36038260594892, "wall_s": 12.0, "winline_cli": true, "winline_srv": true}
=== rep=1 seed=42 cell=c1s-400 arm=BLKb attempt=1 pipeline=block hint=bulk spec=c1/c1/single bytes=400000000 12:36:34
COTENANT c1s-400-BLKb s42 rep=1 before=0 after=0 load=1.81 1.19 1.04
--- RWM-C perf pipeline=block mode=single hint=bulk A=c1 B=c1 ooo=0 extra='' T=default (400000000 x 1) start=14:36:35
{"bytes":400000000,"dnf":0,"hint":"bulk","max_s":13.1034,"mean_mbps":244.212,"mean_s":13.1034,"median_s":13.1034,"min_s":13.1034,"proto":"rp-native","runs":1,"stdev_s":0.0,"summary":true}
    CPU: CPUSRV=9.01s CPUCLI=14.31s (srv=decoder cli=sender; whole-invocation incl warmup)
    [TRUTH] leg=0 dev=cli0 egress_dgrams=352993 egress_skbs=49135 gso=7.18 netem_sent_dgrams=352569 netem_dropped_skbs=55 backlog=0 lost=424 loss=0.001201 rcvbuf_drops=0 rcvbuf_scope=netns
RUNTIME c1s-400-BLKb s42 rep=1 attempt=1 15s rc=0
S3ROW {"arm": "BLKb", "busy_last": null, "busy_med": null, "cad_cli": false, "cad_srv": false, "cell": "c1s-400", "cod": null, "coded_share": null, "cotenant": 0, "cpu_cli": 14.31, "cpu_srv": 9.01, "diag_lines": 0, "dnf": false, "feed_ratio_p0": null, "gates_cli": true, "gates_srv": true, "gen_guard": false, "header": ["block", "bulk"], "mbps": 244.212, "pa_cli": 0, "pa_srv": 0, "pipe_cli": ["block", "RaptorQ", "bulk"], "pipe_srv": ["block", "RaptorQ", "bulk"], "problems": [], "rc": 0, "rep": 1, "seconds": 13.103376, "seed": "42", "src": null, "status": "LIVE", "summary": true, "truth_egress_p0": 352993, "truth_gso_p0": 7.18, "truth_loss_p0": 0.001201, "truth_lost_p0": 424, "truth_rcvbuf_drops": 0, "util": 1.0920849710792089, "wall_s": 15.0, "winline_cli": false, "winline_srv": false}
=== rep=1 seed=42 cell=c1s-400 arm=WINa attempt=1 pipeline=window hint=auto spec=c1/c1/single bytes=400000000 12:36:49
COTENANT c1s-400-WINa s42 rep=1 before=0 after=0 load=1.78 1.22 1.05
--- RWM-C perf pipeline=window mode=single hint=auto A=c1 B=c1 ooo=0 extra='' T=default (400000000 x 1) start=14:36:50
{"bytes":400000000,"dnf":0,"hint":"auto","max_s":12.9857,"mean_mbps":246.425,"mean_s":12.9857,"median_s":12.9857,"min_s":12.9857,"proto":"rp-native","runs":1,"stdev_s":0.0,"summary":true}
    CPU: CPUSRV=13.70s CPUCLI=17.24s (srv=decoder cli=sender; whole-invocation incl warmup)
    [TRUTH] leg=0 dev=cli0 egress_dgrams=374440 egress_skbs=57558 gso=6.51 netem_sent_dgrams=374004 netem_dropped_skbs=67 backlog=0 lost=436 loss=0.001164 rcvbuf_drops=29 rcvbuf_scope=netns
RUNTIME c1s-400-WINa s42 rep=1 attempt=1 15s rc=0
S3ROW {"arm": "WINa", "busy_last": 57.0, "busy_med": 56.0, "cad_cli": false, "cad_srv": false, "cell": "c1s-400", "cod": 29916, "coded_share": 0.08243138983798082, "cotenant": 0, "cpu_cli": 17.24, "cpu_srv": 13.7, "diag_lines": 51, "dnf": false, "feed_ratio_p0": 1.5463917525773194, "gates_cli": true, "gates_srv": true, "gen_guard": false, "header": ["window", "auto"], "mbps": 246.425, "pa_cli": 0, "pa_srv": 0, "pipe_cli": ["window", "Rlc", "auto"], "pipe_srv": ["window", "Rlc", "auto"], "plc_p0": 0.0018, "plu_last_p0": 0.0423, "plu_med_p0": 0.0354, "problems": [], "rc": 0, "rep": 1, "seconds": 12.985697, "seed": "42", "src": 333004, "status": "LIVE", "summary": true, "truth_egress_p0": 374440, "truth_gso_p0": 6.51, "truth_loss_p0": 0.001164, "truth_lost_p0": 436, "truth_rcvbuf_drops": 29, "util": 1.327614528507788, "wall_s": 15.0, "winline_cli": true, "winline_srv": true}
=== rep=1 seed=42 cell=c1s-400 arm=BLKa attempt=1 pipeline=block hint=auto spec=c1/c1/single bytes=400000000 12:37:04
COTENANT c1s-400-BLKa s42 rep=1 before=0 after=0 load=1.80 1.27 1.07
--- RWM-C perf pipeline=block mode=single hint=auto A=c1 B=c1 ooo=0 extra='' T=default (400000000 x 1) start=14:37:05
{"bytes":400000000,"dnf":0,"hint":"auto","max_s":20.9112,"mean_mbps":153.028,"mean_s":20.9112,"median_s":20.9112,"min_s":20.9112,"proto":"rp-native","runs":1,"stdev_s":0.0,"summary":true}
    CPU: CPUSRV=11.68s CPUCLI=19.72s (srv=decoder cli=sender; whole-invocation incl warmup)
    [TRUTH] leg=0 dev=cli0 egress_dgrams=480536 egress_skbs=68236 gso=7.04 netem_sent_dgrams=480046 netem_dropped_skbs=72 backlog=0 lost=490 loss=0.001020 rcvbuf_drops=0 rcvbuf_scope=netns
RUNTIME c1s-400-BLKa s42 rep=1 attempt=1 23s rc=0
S3ROW {"arm": "BLKa", "busy_last": null, "busy_med": null, "cad_cli": false, "cad_srv": false, "cell": "c1s-400", "cod": null, "coded_share": null, "cotenant": 0, "cpu_cli": 19.72, "cpu_srv": 11.68, "diag_lines": 0, "dnf": false, "feed_ratio_p0": null, "gates_cli": true, "gates_srv": true, "gen_guard": false, "header": ["block", "auto"], "mbps": 153.028, "pa_cli": 0, "pa_srv": 0, "pipe_cli": ["block", "RaptorQ", "auto"], "pipe_srv": ["block", "RaptorQ", "auto"], "problems": [], "rc": 0, "rep": 1, "seconds": 20.911205, "seed": "42", "src": null, "status": "LIVE", "summary": true, "truth_egress_p0": 480536, "truth_gso_p0": 7.04, "truth_loss_p0": 0.00102, "truth_lost_p0": 490, "truth_rcvbuf_drops": 0, "util": 0.9430350857351357, "wall_s": 23.0, "winline_cli": false, "winline_srv": false}
=== rep=1 seed=42 cell=c1d-400 arm=A1 attempt=1 pipeline=window hint=bulk spec=c1/c1/dual bytes=400000000 12:37:27
COTENANT c1d-400-A1 s42 rep=1 before=0 after=0 load=2.33 1.43 1.13
--- RWM-C perf pipeline=window mode=dual hint=bulk A=c1 B=c1 ooo=0 extra='' T=default (400000000 x 1) start=14:37:28
{"bytes":400000000,"dnf":0,"hint":"bulk","max_s":15.8856,"mean_mbps":201.44,"mean_s":15.8856,"median_s":15.8856,"min_s":15.8856,"proto":"rp-native","runs":1,"stdev_s":0.0,"summary":true}
    CPU: CPUSRV=19.67s CPUCLI=27.52s (srv=decoder cli=sender; whole-invocation incl warmup)
    [TRUTH] leg=0 dev=cli0 egress_dgrams=171599 egress_skbs=63803 gso=2.69 netem_sent_dgrams=171386 netem_dropped_skbs=71 backlog=0 lost=213 loss=0.001241 rcvbuf_drops=21 rcvbuf_scope=netns
    [TRUTH] leg=1 dev=cli1 egress_dgrams=187485 egress_skbs=65603 gso=2.86 netem_sent_dgrams=187319 netem_dropped_skbs=54 backlog=0 lost=166 loss=0.000885 rcvbuf_drops=21 rcvbuf_scope=netns
RUNTIME c1d-400-A1 s42 rep=1 attempt=1 18s rc=0
S3ROW {"arm": "A1", "busy_last": 94.0, "busy_med": 87.0, "cad_cli": false, "cad_srv": false, "cell": "c1d-400", "cod": 148, "coded_share": 0.00044144842808566484, "cotenant": 0, "cpu_cli": 27.52, "cpu_srv": 19.67, "diag_lines": 63, "dnf": false, "feed_ratio_p0": 1.6116035455278004, "feed_ratio_p1": 0.903954802259887, "gates_cli": true, "gates_srv": true, "gen_guard": false, "header": ["window", "bulk"], "mbps": 201.44, "pa_cli": 0, "pa_srv": 0, "pipe_cli": ["window", "Rlc", "bulk"], "pipe_srv": ["window", "Rlc", "bulk"], "plc_p0": 0.002, "plc_p1": 0.0008, "plu_last_p0": 0.0354, "plu_last_p1": 0.0354, "plu_med_p0": 0.0354, "plu_med_p1": 0.0354, "problems": [], "rc": 0, "rep": 1, "seconds": 15.885643, "seed": "42", "src": 335112, "status": "LIVE", "summary": true, "truth_egress_p0": 171599, "truth_egress_p1": 187485, "truth_gso_p0": 2.69, "truth_gso_p1": 2.86, "truth_loss_p0": 0.001241, "truth_loss_p1": 0.000885, "truth_lost_p0": 213, "truth_lost_p1": 166, "truth_rcvbuf_drops": 21, "util": 1.732381874627297, "wall_s": 18.0, "winline_cli": true, "winline_srv": true}
=== rep=1 seed=42 cell=c1d-400 arm=A2 attempt=1 pipeline=window hint=bulk spec=c1/c1/dual bytes=400000000 12:37:45
COTENANT c1d-400-A2 s42 rep=1 before=0 after=0 load=2.72 1.55 1.17
--- RWM-C perf pipeline=window mode=dual hint=bulk A=c1 B=c1 ooo=0 extra='' T=default (400000000 x 1) start=14:37:46
{"bytes":400000000,"dnf":0,"hint":"bulk","max_s":16.2853,"mean_mbps":196.496,"mean_s":16.2853,"median_s":16.2853,"min_s":16.2853,"proto":"rp-native","runs":1,"stdev_s":0.0,"summary":true}
    CPU: CPUSRV=20.27s CPUCLI=28.46s (srv=decoder cli=sender; whole-invocation incl warmup)
    [TRUTH] leg=0 dev=cli0 egress_dgrams=179591 egress_skbs=67308 gso=2.67 netem_sent_dgrams=179419 netem_dropped_skbs=72 backlog=0 lost=172 loss=0.000958 rcvbuf_drops=16 rcvbuf_scope=netns
    [TRUTH] leg=1 dev=cli1 egress_dgrams=180609 egress_skbs=67338 gso=2.68 netem_sent_dgrams=180470 netem_dropped_skbs=59 backlog=0 lost=139 loss=0.000770 rcvbuf_drops=16 rcvbuf_scope=netns
RUNTIME c1d-400-A2 s42 rep=1 attempt=1 18s rc=0
S3ROW {"arm": "A2", "busy_last": 93.0, "busy_med": 87.0, "cad_cli": false, "cad_srv": false, "cell": "c1d-400", "cod": 148, "coded_share": 0.0004379333098585298, "cotenant": 0, "cpu_cli": 28.46, "cpu_srv": 20.27, "diag_lines": 65, "dnf": false, "feed_ratio_p0": 1.1482254697286014, "feed_ratio_p1": 1.038961038961039, "gates_cli": true, "gates_srv": true, "gen_guard": false, "header": ["window", "bulk"], "mbps": 196.496, "pa_cli": 0, "pa_srv": 0, "pipe_cli": ["window", "Rlc", "bulk"], "pipe_srv": ["window", "Rlc", "bulk"], "plc_p0": 0.0011, "plc_p1": 0.0008, "plu_last_p0": 0.0354, "plu_last_p1": 0.0354, "plu_med_p0": 0.0354, "plu_med_p1": 0.0354, "problems": [], "rc": 0, "rep": 1, "seconds": 16.285314, "seed": "42", "src": 337803, "status": "LIVE", "summary": true, "truth_egress_p0": 179591, "truth_egress_p1": 180609, "truth_gso_p0": 2.67, "truth_gso_p1": 2.68, "truth_loss_p0": 0.000958, "truth_loss_p1": 0.00077, "truth_lost_p0": 172, "truth_lost_p1": 139, "truth_rcvbuf_drops": 16, "util": 1.7475868134934336, "wall_s": 18.0, "winline_cli": true, "winline_srv": true}
=== rep=1 seed=42 cell=c1d-400 arm=CAD attempt=1 pipeline=window hint=bulk spec=c1/c1/dual bytes=400000000 12:38:03
COTENANT c1d-400-CAD s42 rep=1 before=0 after=0 load=2.72 1.61 1.20
--- RWM-C perf pipeline=window mode=dual hint=bulk A=c1 B=c1 ooo=0 extra='' T=default (400000000 x 1) start=14:38:05
{"bytes":400000000,"dnf":0,"hint":"bulk","max_s":12.3806,"mean_mbps":258.47,"mean_s":12.3806,"median_s":12.3806,"min_s":12.3806,"proto":"rp-native","runs":1,"stdev_s":0.0,"summary":true}
    CPU: CPUSRV=17.76s CPUCLI=20.62s (srv=decoder cli=sender; whole-invocation incl warmup)
    [TRUTH] leg=0 dev=cli0 egress_dgrams=171214 egress_skbs=58546 gso=2.92 netem_sent_dgrams=171057 netem_dropped_skbs=69 backlog=0 lost=157 loss=0.000917 rcvbuf_drops=8 rcvbuf_scope=netns
    [TRUTH] leg=1 dev=cli1 egress_dgrams=181120 egress_skbs=59307 gso=3.05 netem_sent_dgrams=180973 netem_dropped_skbs=52 backlog=0 lost=147 loss=0.000812 rcvbuf_drops=8 rcvbuf_scope=netns
RUNTIME c1d-400-CAD s42 rep=1 attempt=1 15s rc=0
S3ROW {"arm": "CAD", "busy_last": 89.0, "busy_med": 83.0, "cad_cli": true, "cad_srv": true, "cell": "c1d-400", "cod": 137, "coded_share": 0.00040951754648173614, "cotenant": 0, "cpu_cli": 20.62, "cpu_srv": 17.76, "diag_lines": 49, "dnf": false, "feed_ratio_p0": 1.3086150490730644, "feed_ratio_p1": 1.108374384236453, "gates_cli": true, "gates_srv": true, "gen_guard": false, "header": ["window", "bulk"], "mbps": 258.47, "pa_cli": 0, "pa_srv": 0, "pipe_cli": ["window", "Rlc", "bulk"], "pipe_srv": ["window", "Rlc", "bulk"], "plc_p0": 0.0012, "plc_p1": 0.0009, "plu_last_p0": 0.0035, "plu_last_p1": 0.0003, "plu_med_p0": 0.0011, "plu_med_p1": 0.0007, "problems": [], "rc": 0, "rep": 1, "seconds": 12.380554, "seed": "42", "src": 334403, "status": "LIVE", "summary": true, "truth_egress_p0": 171214, "truth_egress_p1": 181120, "truth_gso_p0": 2.92, "truth_gso_p1": 3.05, "truth_loss_p0": 0.000917, "truth_loss_p1": 0.000812, "truth_lost_p0": 157, "truth_lost_p1": 147, "truth_rcvbuf_drops": 8, "util": 1.6655151296137476, "wall_s": 15.0, "winline_cli": true, "winline_srv": true}
=== rep=1 seed=42 cell=c2-100 arm=A1 attempt=1 pipeline=window hint=bulk spec=c2/c2/single bytes=100000000 12:38:18
COTENANT c2-100-A1 s42 rep=1 before=0 after=0 load=2.37 1.57 1.19
--- RWM-C perf pipeline=window mode=single hint=bulk A=c2 B=c2 ooo=0 extra='' T=default (100000000 x 1) start=14:38:19
{"bytes":100000000,"dnf":0,"hint":"bulk","max_s":8.9593,"mean_mbps":89.292,"mean_s":8.9593,"median_s":8.9593,"min_s":8.9593,"proto":"rp-native","runs":1,"stdev_s":0.0,"summary":true}
    CPU: CPUSRV=4.51s CPUCLI=4.75s (srv=decoder cli=sender; whole-invocation incl warmup)
    [TRUTH] leg=0 dev=cli0 egress_dgrams=90036 egress_skbs=16928 gso=5.32 netem_sent_dgrams=87610 netem_dropped_skbs=458 backlog=0 lost=2426 loss=0.026945 rcvbuf_drops=0 rcvbuf_scope=netns
RUNTIME c2-100-A1 s42 rep=1 attempt=1 11s rc=0
S3ROW {"arm": "A1", "busy_last": 19.0, "busy_med": 18.0, "cad_cli": false, "cad_srv": false, "cell": "c2-100", "cod": 433, "coded_share": 0.005142762126466816, "cotenant": 0, "cpu_cli": 4.75, "cpu_srv": 4.51, "diag_lines": 35, "dnf": false, "feed_ratio_p0": 0.9834848766004824, "gates_cli": true, "gates_srv": true, "gen_guard": false, "header": ["window", "bulk"], "mbps": 89.292, "pa_cli": 0, "pa_srv": 0, "pipe_cli": ["window", "Rlc", "bulk"], "pipe_srv": ["window", "Rlc", "bulk"], "plc_p0": 0.0265, "plu_last_p0": 0.0355, "plu_med_p0": 0.0355, "problems": [], "rc": 0, "rep": 1, "seconds": 8.959348, "seed": "42", "src": 83763, "status": "LIVE", "summary": true, "truth_egress_p0": 90036, "truth_gso_p0": 5.32, "truth_loss_p0": 0.026945, "truth_lost_p0": 2426, "truth_rcvbuf_drops": 0, "util": 0.5301725080887583, "wall_s": 11.0, "winline_cli": true, "winline_srv": true}
=== rep=1 seed=42 cell=c2-100 arm=A2 attempt=1 pipeline=window hint=bulk spec=c2/c2/single bytes=100000000 12:38:29
COTENANT c2-100-A2 s42 rep=1 before=0 after=0 load=2.31 1.59 1.20
--- RWM-C perf pipeline=window mode=single hint=bulk A=c2 B=c2 ooo=0 extra='' T=default (100000000 x 1) start=14:38:31
{"bytes":100000000,"dnf":0,"hint":"bulk","max_s":9.1835,"mean_mbps":87.112,"mean_s":9.1835,"median_s":9.1835,"min_s":9.1835,"proto":"rp-native","runs":1,"stdev_s":0.0,"summary":true}
    CPU: CPUSRV=4.43s CPUCLI=4.64s (srv=decoder cli=sender; whole-invocation incl warmup)
    [TRUTH] leg=0 dev=cli0 egress_dgrams=90358 egress_skbs=15816 gso=5.71 netem_sent_dgrams=88093 netem_dropped_skbs=408 backlog=0 lost=2265 loss=0.025067 rcvbuf_drops=0 rcvbuf_scope=netns
RUNTIME c2-100-A2 s42 rep=1 attempt=1 11s rc=0
S3ROW {"arm": "A2", "busy_last": 15.0, "busy_med": 17.0, "cad_cli": false, "cad_srv": false, "cell": "c2-100", "cod": 386, "coded_share": 0.0045417107895046474, "cotenant": 0, "cpu_cli": 4.64, "cpu_srv": 4.43, "diag_lines": 37, "dnf": false, "feed_ratio_p0": 0.997327163202617, "gates_cli": true, "gates_srv": true, "gen_guard": false, "header": ["window", "bulk"], "mbps": 87.112, "pa_cli": 0, "pa_srv": 0, "pipe_cli": ["window", "Rlc", "bulk"], "pipe_srv": ["window", "Rlc", "bulk"], "plc_p0": 0.025, "plu_last_p0": 0.0657, "plu_med_p0": 0.0354, "problems": [], "rc": 0, "rep": 1, "seconds": 9.18355, "seed": "42", "src": 84604, "status": "LIVE", "summary": true, "truth_egress_p0": 90358, "truth_gso_p0": 5.71, "truth_loss_p0": 0.025067, "truth_lost_p0": 2265, "truth_rcvbuf_drops": 0, "util": 0.5052512372666343, "wall_s": 11.0, "winline_cli": true, "winline_srv": true}
=== rep=1 seed=42 cell=c2-100 arm=CAD attempt=1 pipeline=window hint=bulk spec=c2/c2/single bytes=100000000 12:38:40
COTENANT c2-100-CAD s42 rep=1 before=0 after=0 load=2.03 1.56 1.19
--- RWM-C perf pipeline=window mode=single hint=bulk A=c2 B=c2 ooo=0 extra='' T=default (100000000 x 1) start=14:38:42
{"bytes":100000000,"dnf":0,"hint":"bulk","max_s":8.9616,"mean_mbps":89.27,"mean_s":8.9616,"median_s":8.9616,"min_s":8.9616,"proto":"rp-native","runs":1,"stdev_s":0.0,"summary":true}
    CPU: CPUSRV=4.49s CPUCLI=3.95s (srv=decoder cli=sender; whole-invocation incl warmup)
    [TRUTH] leg=0 dev=cli0 egress_dgrams=94184 egress_skbs=20090 gso=4.69 netem_sent_dgrams=91760 netem_dropped_skbs=521 backlog=0 lost=2424 loss=0.025737 rcvbuf_drops=0 rcvbuf_scope=netns
RUNTIME c2-100-CAD s42 rep=1 attempt=1 11s rc=0
S3ROW {"arm": "CAD", "busy_last": 14.0, "busy_med": 17.0, "cad_cli": true, "cad_srv": true, "cell": "c2-100", "cod": 412, "coded_share": 0.0048971829311779385, "cotenant": 0, "cpu_cli": 3.95, "cpu_srv": 4.49, "diag_lines": 35, "dnf": false, "feed_ratio_p0": 0.9830205540661304, "gates_cli": true, "gates_srv": true, "gen_guard": false, "header": ["window", "bulk"], "mbps": 89.27, "pa_cli": 0, "pa_srv": 0, "pipe_cli": ["window", "Rlc", "bulk"], "pipe_srv": ["window", "Rlc", "bulk"], "plc_p0": 0.0253, "plu_last_p0": 0.0038, "plu_med_p0": 0.0149, "problems": [], "rc": 0, "rep": 1, "seconds": 8.961579, "seed": "42", "src": 83718, "status": "LIVE", "summary": true, "truth_egress_p0": 94184, "truth_gso_p0": 4.69, "truth_loss_p0": 0.025737, "truth_lost_p0": 2424, "truth_rcvbuf_drops": 0, "util": 0.440770538316964, "wall_s": 11.0, "winline_cli": true, "winline_srv": true}
=== rep=1 seed=42 cell=c2-100 arm=BLKb attempt=1 pipeline=block hint=bulk spec=c2/c2/single bytes=100000000 12:38:51
COTENANT c2-100-BLKb s42 rep=1 before=0 after=0 load=1.72 1.51 1.18
--- RWM-C perf pipeline=block mode=single hint=bulk A=c2 B=c2 ooo=0 extra='' T=default (100000000 x 1) start=14:38:53
{"bytes":100000000,"dnf":0,"hint":"bulk","max_s":8.9223,"mean_mbps":89.663,"mean_s":8.9223,"median_s":8.9223,"min_s":8.9223,"proto":"rp-native","runs":1,"stdev_s":0.0,"summary":true}
    CPU: CPUSRV=2.90s CPUCLI=3.75s (srv=decoder cli=sender; whole-invocation incl warmup)
    [TRUTH] leg=0 dev=cli0 egress_dgrams=91813 egress_skbs=17104 gso=5.37 netem_sent_dgrams=89403 netem_dropped_skbs=460 backlog=0 lost=2410 loss=0.026249 rcvbuf_drops=0 rcvbuf_scope=netns
RUNTIME c2-100-BLKb s42 rep=1 attempt=1 11s rc=0
S3ROW {"arm": "BLKb", "busy_last": null, "busy_med": null, "cad_cli": false, "cad_srv": false, "cell": "c2-100", "cod": null, "coded_share": null, "cotenant": 0, "cpu_cli": 3.75, "cpu_srv": 2.9, "diag_lines": 0, "dnf": false, "feed_ratio_p0": null, "gates_cli": true, "gates_srv": true, "gen_guard": false, "header": ["block", "bulk"], "mbps": 89.663, "pa_cli": 0, "pa_srv": 0, "pipe_cli": ["block", "RaptorQ", "bulk"], "pipe_srv": ["block", "RaptorQ", "bulk"], "problems": [], "rc": 0, "rep": 1, "seconds": 8.922257, "seed": "42", "src": null, "status": "LIVE", "summary": true, "truth_egress_p0": 91813, "truth_gso_p0": 5.37, "truth_loss_p0": 0.026249, "truth_lost_p0": 2410, "truth_rcvbuf_drops": 0, "util": 0.42029724093354404, "wall_s": 11.0, "winline_cli": false, "winline_srv": false}
=== rep=1 seed=42 cell=c2-100 arm=WINa attempt=1 pipeline=window hint=auto spec=c2/c2/single bytes=100000000 12:39:02
COTENANT c2-100-WINa s42 rep=1 before=0 after=0 load=1.55 1.48 1.18
--- RWM-C perf pipeline=window mode=single hint=auto A=c2 B=c2 ooo=0 extra='' T=default (100000000 x 1) start=14:39:04
{"bytes":100000000,"dnf":0,"hint":"auto","max_s":10.9418,"mean_mbps":73.114,"mean_s":10.9418,"median_s":10.9418,"min_s":10.9418,"proto":"rp-native","runs":1,"stdev_s":0.0,"summary":true}
    CPU: CPUSRV=6.08s CPUCLI=6.17s (srv=decoder cli=sender; whole-invocation incl warmup)
    [TRUTH] leg=0 dev=cli0 egress_dgrams=108402 egress_skbs=24509 gso=4.42 netem_sent_dgrams=105687 netem_dropped_skbs=607 backlog=0 lost=2715 loss=0.025046 rcvbuf_drops=0 rcvbuf_scope=netns
RUNTIME c2-100-WINa s42 rep=1 attempt=1 13s rc=0
S3ROW {"arm": "WINa", "busy_last": 14.0, "busy_med": 24.0, "cad_cli": false, "cad_srv": false, "cell": "c2-100", "cod": 18541, "coded_share": 0.17975665325512627, "cotenant": 0, "cpu_cli": 6.17, "cpu_srv": 6.08, "diag_lines": 44, "dnf": false, "feed_ratio_p0": 0.9981633793819373, "gates_cli": true, "gates_srv": true, "gen_guard": false, "header": ["window", "auto"], "mbps": 73.114, "pa_cli": 0, "pa_srv": 0, "pipe_cli": ["window", "Rlc", "auto"], "pipe_srv": ["window", "Rlc", "auto"], "plc_p0": 0.025, "plu_last_p0": 0.1548, "plu_med_p0": 0.03555, "problems": [], "rc": 0, "rep": 1, "seconds": 10.941796, "seed": "42", "src": 84604, "status": "LIVE", "summary": true, "truth_egress_p0": 108402, "truth_gso_p0": 4.42, "truth_loss_p0": 0.025046, "truth_lost_p0": 2715, "truth_rcvbuf_drops": 0, "util": 0.5638928015108305, "wall_s": 13.0, "winline_cli": true, "winline_srv": true}
=== rep=1 seed=42 cell=c2-100 arm=BLKa attempt=1 pipeline=block hint=auto spec=c2/c2/single bytes=100000000 12:39:15
COTENANT c2-100-BLKa s42 rep=1 before=0 after=0 load=1.21 1.41 1.16
--- RWM-C perf pipeline=block mode=single hint=auto A=c2 B=c2 ooo=0 extra='' T=default (100000000 x 1) start=14:39:17
{"bytes":100000000,"dnf":0,"hint":"auto","max_s":13.4231,"mean_mbps":59.599,"mean_s":13.4231,"median_s":13.4231,"min_s":13.4231,"proto":"rp-native","runs":1,"stdev_s":0.0,"summary":true}
    CPU: CPUSRV=4.20s CPUCLI=5.97s (srv=decoder cli=sender; whole-invocation incl warmup)
    [TRUTH] leg=0 dev=cli0 egress_dgrams=139207 egress_skbs=25184 gso=5.53 netem_sent_dgrams=135938 netem_dropped_skbs=620 backlog=0 lost=3269 loss=0.023483 rcvbuf_drops=0 rcvbuf_scope=netns
RUNTIME c2-100-BLKa s42 rep=1 attempt=1 16s rc=0
S3ROW {"arm": "BLKa", "busy_last": null, "busy_med": null, "cad_cli": false, "cad_srv": false, "cell": "c2-100", "cod": null, "coded_share": null, "cotenant": 0, "cpu_cli": 5.97, "cpu_srv": 4.2, "diag_lines": 0, "dnf": false, "feed_ratio_p0": null, "gates_cli": true, "gates_srv": true, "gen_guard": false, "header": ["block", "auto"], "mbps": 59.599, "pa_cli": 0, "pa_srv": 0, "pipe_cli": ["block", "RaptorQ", "auto"], "pipe_srv": ["block", "RaptorQ", "auto"], "problems": [], "rc": 0, "rep": 1, "seconds": 13.423057, "seed": "42", "src": null, "status": "LIVE", "summary": true, "truth_egress_p0": 139207, "truth_gso_p0": 5.53, "truth_loss_p0": 0.023483, "truth_lost_p0": 3269, "truth_rcvbuf_drops": 0, "util": 0.4447571071179985, "wall_s": 16.0, "winline_cli": false, "winline_srv": false}
=== rep=1 seed=42 cell=c3-25 arm=A1 attempt=1 pipeline=window hint=bulk spec=c3/c3/single bytes=25000000 12:39:31
COTENANT c3-25-A1 s42 rep=1 before=0 after=0 load=0.94 1.34 1.14
--- RWM-C perf pipeline=window mode=single hint=bulk A=c3 B=c3 ooo=0 extra='' T=default (25000000 x 1) start=14:39:33
{"bytes":25000000,"dnf":0,"hint":"bulk","max_s":11.6199,"mean_mbps":17.212,"mean_s":11.6199,"median_s":11.6199,"min_s":11.6199,"proto":"rp-native","runs":1,"stdev_s":0.0,"summary":true}
    CPU: CPUSRV=1.55s CPUCLI=2.20s (srv=decoder cli=sender; whole-invocation incl warmup)
    [TRUTH] leg=0 dev=cli0 egress_dgrams=26262 egress_skbs=7941 gso=3.31 netem_sent_dgrams=24970 netem_dropped_skbs=397 backlog=0 lost=1292 loss=0.049197 rcvbuf_drops=0 rcvbuf_scope=netns
RUNTIME c3-25-A1 s42 rep=1 attempt=1 14s rc=0
S3ROW {"arm": "A1", "busy_last": 6.0, "busy_med": 7.0, "cad_cli": false, "cad_srv": false, "cell": "c3-25", "cod": 235, "coded_share": 0.010987983354374153, "cotenant": 0, "cpu_cli": 2.2, "cpu_srv": 1.55, "diag_lines": 46, "dnf": false, "feed_ratio_p0": 0.9817671809256663, "gates_cli": true, "gates_srv": true, "gen_guard": false, "header": ["window", "bulk"], "mbps": 17.212, "pa_cli": 0, "pa_srv": 0, "pipe_cli": ["window", "Rlc", "bulk"], "pipe_srv": ["window", "Rlc", "bulk"], "plc_p0": 0.0483, "plu_last_p0": 0.1156, "plu_med_p0": 0.0427, "problems": [], "rc": 0, "rep": 1, "seconds": 11.619857, "seed": "42", "src": 21152, "status": "LIVE", "summary": true, "truth_egress_p0": 26262, "truth_gso_p0": 3.31, "truth_loss_p0": 0.049197, "truth_lost_p0": 1292, "truth_rcvbuf_drops": 0, "util": 0.18933107352353823, "wall_s": 14.0, "winline_cli": true, "winline_srv": true}
=== rep=1 seed=42 cell=c3-25 arm=A2 attempt=1 pipeline=window hint=bulk spec=c3/c3/single bytes=25000000 12:39:45
COTENANT c3-25-A2 s42 rep=1 before=0 after=0 load=0.87 1.31 1.13
--- RWM-C perf pipeline=window mode=single hint=bulk A=c3 B=c3 ooo=0 extra='' T=default (25000000 x 1) start=14:39:47
{"bytes":25000000,"dnf":0,"hint":"bulk","max_s":11.4374,"mean_mbps":17.487,"mean_s":11.4374,"median_s":11.4374,"min_s":11.4374,"proto":"rp-native","runs":1,"stdev_s":0.0,"summary":true}
    CPU: CPUSRV=1.59s CPUCLI=2.12s (srv=decoder cli=sender; whole-invocation incl warmup)
    [TRUTH] leg=0 dev=cli0 egress_dgrams=26046 egress_skbs=7894 gso=3.30 netem_sent_dgrams=24779 netem_dropped_skbs=391 backlog=0 lost=1267 loss=0.048645 rcvbuf_drops=0 rcvbuf_scope=netns
RUNTIME c3-25-A2 s42 rep=1 attempt=1 14s rc=0
S3ROW {"arm": "A2", "busy_last": 6.0, "busy_med": 7.0, "cad_cli": false, "cad_srv": false, "cell": "c3-25", "cod": 228, "coded_share": 0.010664172123479887, "cotenant": 0, "cpu_cli": 2.12, "cpu_srv": 1.59, "diag_lines": 45, "dnf": false, "feed_ratio_p0": 0.9929078014184397, "gates_cli": true, "gates_srv": true, "gen_guard": false, "header": ["window", "bulk"], "mbps": 17.487, "pa_cli": 0, "pa_srv": 0, "pipe_cli": ["window", "Rlc", "bulk"], "pipe_srv": ["window", "Rlc", "bulk"], "plc_p0": 0.0483, "plu_last_p0": 0.0355, "plu_med_p0": 0.0428, "problems": [], "rc": 0, "rep": 1, "seconds": 11.437384, "seed": "42", "src": 21152, "status": "LIVE", "summary": true, "truth_egress_p0": 26046, "truth_gso_p0": 3.3, "truth_loss_p0": 0.048645, "truth_lost_p0": 1267, "truth_rcvbuf_drops": 0, "util": 0.18535707116242667, "wall_s": 14.0, "winline_cli": true, "winline_srv": true}
=== rep=1 seed=42 cell=c3-25 arm=CAD attempt=1 pipeline=window hint=bulk spec=c3/c3/single bytes=25000000 12:39:59
COTENANT c3-25-CAD s42 rep=1 before=0 after=0 load=0.68 1.24 1.11
--- RWM-C perf pipeline=window mode=single hint=bulk A=c3 B=c3 ooo=0 extra='' T=default (25000000 x 1) start=14:40:01
{"bytes":25000000,"dnf":0,"hint":"bulk","max_s":11.4877,"mean_mbps":17.41,"mean_s":11.4877,"median_s":11.4877,"min_s":11.4877,"proto":"rp-native","runs":1,"stdev_s":0.0,"summary":true}
    CPU: CPUSRV=1.66s CPUCLI=2.00s (srv=decoder cli=sender; whole-invocation incl warmup)
    [TRUTH] leg=0 dev=cli0 egress_dgrams=26373 egress_skbs=7884 gso=3.35 netem_sent_dgrams=25097 netem_dropped_skbs=391 backlog=0 lost=1276 loss=0.048383 rcvbuf_drops=0 rcvbuf_scope=netns
RUNTIME c3-25-CAD s42 rep=1 attempt=1 14s rc=0
S3ROW {"arm": "CAD", "busy_last": 5.0, "busy_med": 7.0, "cad_cli": true, "cad_srv": true, "cell": "c3-25", "cod": 238, "coded_share": 0.01112669471715755, "cotenant": 0, "cpu_cli": 2.0, "cpu_srv": 1.66, "diag_lines": 45, "dnf": false, "feed_ratio_p0": 0.9941508381042927, "gates_cli": true, "gates_srv": true, "gen_guard": false, "header": ["window", "bulk"], "mbps": 17.41, "pa_cli": 0, "pa_srv": 0, "pipe_cli": ["window", "Rlc", "bulk"], "pipe_srv": ["window", "Rlc", "bulk"], "plc_p0": 0.0481, "plu_last_p0": 0.0206, "plu_med_p0": 0.0206, "problems": [], "rc": 0, "rep": 1, "seconds": 11.48768, "seed": "42", "src": 21152, "status": "LIVE", "summary": true, "truth_egress_p0": 26373, "truth_gso_p0": 3.35, "truth_loss_p0": 0.048383, "truth_lost_p0": 1276, "truth_rcvbuf_drops": 0, "util": 0.17409955709072678, "wall_s": 14.0, "winline_cli": true, "winline_srv": true}
=== rep=1 seed=42 cell=c3-25 arm=BLKb attempt=1 pipeline=block hint=bulk spec=c3/c3/single bytes=25000000 12:40:13
COTENANT c3-25-BLKb s42 rep=1 before=0 after=0 load=0.60 1.20 1.10
--- RWM-C perf pipeline=block mode=single hint=bulk A=c3 B=c3 ooo=0 extra='' T=default (25000000 x 1) start=14:40:15
{"bytes":25000000,"dnf":0,"hint":"bulk","max_s":12.0291,"mean_mbps":16.626,"mean_s":12.0291,"median_s":12.0291,"min_s":12.0291,"proto":"rp-native","runs":1,"stdev_s":0.0,"summary":true}
    CPU: CPUSRV=1.44s CPUCLI=1.93s (srv=decoder cli=sender; whole-invocation incl warmup)
    [TRUTH] leg=0 dev=cli0 egress_dgrams=28455 egress_skbs=11511 gso=2.47 netem_sent_dgrams=27062 netem_dropped_skbs=568 backlog=62 lost=1331 loss=0.046776 rcvbuf_drops=0 rcvbuf_scope=netns
RUNTIME c3-25-BLKb s42 rep=1 attempt=1 14s rc=0
S3ROW {"arm": "BLKb", "busy_last": null, "busy_med": null, "cad_cli": false, "cad_srv": false, "cell": "c3-25", "cod": null, "coded_share": null, "cotenant": 0, "cpu_cli": 1.93, "cpu_srv": 1.44, "diag_lines": 0, "dnf": false, "feed_ratio_p0": null, "gates_cli": true, "gates_srv": true, "gen_guard": false, "header": ["block", "bulk"], "mbps": 16.626, "pa_cli": 0, "pa_srv": 0, "pipe_cli": ["block", "RaptorQ", "bulk"], "pipe_srv": ["block", "RaptorQ", "bulk"], "problems": [], "rc": 0, "rep": 1, "seconds": 12.029103, "seed": "42", "src": null, "status": "LIVE", "summary": true, "truth_egress_p0": 28455, "truth_gso_p0": 2.47, "truth_loss_p0": 0.046776, "truth_lost_p0": 1331, "truth_rcvbuf_drops": 0, "util": 0.16044421599848302, "wall_s": 14.0, "winline_cli": false, "winline_srv": false}
=== rep=1 seed=42 cell=c3-25 arm=WINa attempt=1 pipeline=window hint=auto spec=c3/c3/single bytes=25000000 12:40:27
COTENANT c3-25-WINa s42 rep=1 before=0 after=0 load=0.85 1.22 1.11
--- RWM-C perf pipeline=window mode=single hint=auto A=c3 B=c3 ooo=0 extra='' T=default (25000000 x 1) start=14:40:29
{"bytes":25000000,"dnf":0,"hint":"auto","max_s":13.0701,"mean_mbps":15.302,"mean_s":13.0701,"median_s":13.0701,"min_s":13.0701,"proto":"rp-native","runs":1,"stdev_s":0.0,"summary":true}
    CPU: CPUSRV=1.77s CPUCLI=2.47s (srv=decoder cli=sender; whole-invocation incl warmup)
    [TRUTH] leg=0 dev=cli0 egress_dgrams=29634 egress_skbs=8918 gso=3.32 netem_sent_dgrams=28224 netem_dropped_skbs=452 backlog=0 lost=1410 loss=0.047580 rcvbuf_drops=0 rcvbuf_scope=netns
RUNTIME c3-25-WINa s42 rep=1 attempt=1 15s rc=0
S3ROW {"arm": "WINa", "busy_last": 6.0, "busy_med": 7.0, "cad_cli": false, "cad_srv": false, "cell": "c3-25", "cod": 945, "coded_share": 0.04276598633298638, "cotenant": 0, "cpu_cli": 2.47, "cpu_srv": 1.77, "diag_lines": 52, "dnf": false, "feed_ratio_p0": 0.9962168978562421, "gates_cli": true, "gates_srv": true, "gen_guard": false, "header": ["window", "auto"], "mbps": 15.302, "pa_cli": 0, "pa_srv": 0, "pipe_cli": ["window", "Rlc", "auto"], "pipe_srv": ["window", "Rlc", "auto"], "plc_p0": 0.0474, "plu_last_p0": 0.6005, "plu_med_p0": 0.04635, "problems": [], "rc": 0, "rep": 1, "seconds": 13.070143, "seed": "42", "src": 21152, "status": "LIVE", "summary": true, "truth_egress_p0": 29634, "truth_gso_p0": 3.32, "truth_loss_p0": 0.04758, "truth_lost_p0": 1410, "truth_rcvbuf_drops": 0, "util": 0.18898033479817322, "wall_s": 15.0, "winline_cli": true, "winline_srv": true}
=== rep=1 seed=42 cell=c3-25 arm=BLKa attempt=1 pipeline=block hint=auto spec=c3/c3/single bytes=25000000 12:40:43
COTENANT c3-25-BLKa s42 rep=1 before=0 after=0 load=0.65 1.14 1.08
--- RWM-C perf pipeline=block mode=single hint=auto A=c3 B=c3 ooo=0 extra='' T=default (25000000 x 1) start=14:40:44
{"bytes":25000000,"dnf":0,"hint":"auto","max_s":27.385,"mean_mbps":7.303,"mean_s":27.385,"median_s":27.385,"min_s":27.385,"proto":"rp-native","runs":1,"stdev_s":0.0,"summary":true}
    CPU: CPUSRV=2.91s CPUCLI=4.81s (srv=decoder cli=sender; whole-invocation incl warmup)
    [TRUTH] leg=0 dev=cli0 egress_dgrams=63352 egress_skbs=21906 gso=2.89 netem_sent_dgrams=58180 netem_dropped_skbs=1114 backlog=2070 lost=3102 loss=0.048965 rcvbuf_drops=0 rcvbuf_scope=netns
RUNTIME c3-25-BLKa s42 rep=1 attempt=1 29s rc=0
S3ROW {"arm": "BLKa", "busy_last": null, "busy_med": null, "cad_cli": false, "cad_srv": false, "cell": "c3-25", "cod": null, "coded_share": null, "cotenant": 0, "cpu_cli": 4.81, "cpu_srv": 2.91, "diag_lines": 0, "dnf": false, "feed_ratio_p0": null, "gates_cli": true, "gates_srv": true, "gen_guard": false, "header": ["block", "auto"], "mbps": 7.303, "pa_cli": 0, "pa_srv": 0, "pipe_cli": ["block", "RaptorQ", "auto"], "pipe_srv": ["block", "RaptorQ", "auto"], "problems": [], "rc": 0, "rep": 1, "seconds": 27.385021, "seed": "42", "src": null, "status": "LIVE", "summary": true, "truth_egress_p0": 63352, "truth_gso_p0": 2.89, "truth_loss_p0": 0.048965, "truth_lost_p0": 3102, "truth_rcvbuf_drops": 0, "util": 0.17564346582023802, "wall_s": 29.0, "winline_cli": false, "winline_srv": false}
=== rep=1 seed=42 cell=c7-100 arm=A1 attempt=1 pipeline=window hint=bulk spec=c2/c2/dual bytes=100000000 12:41:12
COTENANT c7-100-A1 s42 rep=1 before=0 after=0 load=0.84 1.17 1.09
--- RWM-C perf pipeline=window mode=dual hint=bulk A=c2 B=c2 ooo=0 extra='' T=default (100000000 x 1) start=14:41:14
{"bytes":100000000,"dnf":0,"hint":"bulk","max_s":4.5713,"mean_mbps":175.004,"mean_s":4.5713,"median_s":4.5713,"min_s":4.5713,"proto":"rp-native","runs":1,"stdev_s":0.0,"summary":true}
    CPU: CPUSRV=5.70s CPUCLI=6.90s (srv=decoder cli=sender; whole-invocation incl warmup)
    [TRUTH] leg=0 dev=cli0 egress_dgrams=44892 egress_skbs=13098 gso=3.43 netem_sent_dgrams=43814 netem_dropped_skbs=331 backlog=0 lost=1078 loss=0.024013 rcvbuf_drops=0 rcvbuf_scope=netns
    [TRUTH] leg=1 dev=cli1 egress_dgrams=46110 egress_skbs=14011 gso=3.29 netem_sent_dgrams=45002 netem_dropped_skbs=335 backlog=0 lost=1108 loss=0.024029 rcvbuf_drops=0 rcvbuf_scope=netns
RUNTIME c7-100-A1 s42 rep=1 attempt=1 7s rc=0
S3ROW {"arm": "A1", "busy_last": 62.0, "busy_med": 84.5, "cad_cli": false, "cad_srv": false, "cell": "c7-100", "cod": 390, "coded_share": 0.004588559192413582, "cotenant": 0, "cpu_cli": 6.9, "cpu_srv": 5.7, "diag_lines": 18, "dnf": false, "feed_ratio_p0": 0.9869653937450548, "feed_ratio_p1": 0.9987931249739899, "gates_cli": true, "gates_srv": true, "gen_guard": false, "header": ["window", "bulk"], "mbps": 175.004, "pa_cli": 0, "pa_srv": 0, "pipe_cli": ["window", "Rlc", "bulk"], "pipe_srv": ["window", "Rlc", "bulk"], "plc_p0": 0.0237, "plc_p1": 0.024, "plu_last_p0": 0.0611, "plu_last_p1": 0.0354, "plu_med_p0": 0.0369, "plu_med_p1": 0.038099999999999995, "problems": [], "rc": 0, "rep": 1, "seconds": 4.571334, "seed": "42", "src": 84604, "status": "LIVE", "summary": true, "truth_egress_p0": 44892, "truth_egress_p1": 46110, "truth_gso_p0": 3.43, "truth_gso_p1": 3.29, "truth_loss_p0": 0.024013, "truth_loss_p1": 0.024029, "truth_lost_p0": 1078, "truth_lost_p1": 1108, "truth_rcvbuf_drops": 0, "util": 1.509406225841297, "wall_s": 7.0, "winline_cli": true, "winline_srv": true}
=== rep=1 seed=42 cell=c7-100 arm=A2 attempt=1 pipeline=window hint=bulk spec=c2/c2/dual bytes=100000000 12:41:19
COTENANT c7-100-A2 s42 rep=1 before=0 after=0 load=1.27 1.25 1.12
--- RWM-C perf pipeline=window mode=dual hint=bulk A=c2 B=c2 ooo=0 extra='' T=default (100000000 x 1) start=14:41:21
{"bytes":100000000,"dnf":0,"hint":"bulk","max_s":4.5144,"mean_mbps":177.209,"mean_s":4.5144,"median_s":4.5144,"min_s":4.5144,"proto":"rp-native","runs":1,"stdev_s":0.0,"summary":true}
    CPU: CPUSRV=5.65s CPUCLI=6.70s (srv=decoder cli=sender; whole-invocation incl warmup)
    [TRUTH] leg=0 dev=cli0 egress_dgrams=46460 egress_skbs=16288 gso=2.85 netem_sent_dgrams=45207 netem_dropped_skbs=426 backlog=0 lost=1253 loss=0.026969 rcvbuf_drops=0 rcvbuf_scope=netns
    [TRUTH] leg=1 dev=cli1 egress_dgrams=45906 egress_skbs=14897 gso=3.08 netem_sent_dgrams=44760 netem_dropped_skbs=349 backlog=0 lost=1146 loss=0.024964 rcvbuf_drops=0 rcvbuf_scope=netns
RUNTIME c7-100-A2 s42 rep=1 attempt=1 7s rc=0
S3ROW {"arm": "A2", "busy_last": 56.0, "busy_med": 82.0, "cad_cli": false, "cad_srv": false, "cell": "c7-100", "cod": 477, "coded_share": 0.005606422115395917, "cotenant": 0, "cpu_cli": 6.7, "cpu_srv": 5.65, "diag_lines": 18, "dnf": false, "feed_ratio_p0": 0.9937335459230969, "feed_ratio_p1": 1.0094536132030123, "gates_cli": true, "gates_srv": true, "gen_guard": false, "header": ["window", "bulk"], "mbps": 177.209, "pa_cli": 0, "pa_srv": 0, "pipe_cli": ["window", "Rlc", "bulk"], "pipe_srv": ["window", "Rlc", "bulk"], "plc_p0": 0.0268, "plc_p1": 0.0252, "plu_last_p0": 0.0852, "plu_last_p1": 0.0686, "plu_med_p0": 0.04755, "plu_med_p1": 0.0411, "problems": [], "rc": 0, "rep": 1, "seconds": 4.514448, "seed": "42", "src": 84604, "status": "LIVE", "summary": true, "truth_egress_p0": 46460, "truth_egress_p1": 45906, "truth_gso_p0": 2.85, "truth_gso_p1": 3.08, "truth_loss_p0": 0.026969, "truth_loss_p1": 0.024964, "truth_lost_p0": 1253, "truth_lost_p1": 1146, "truth_rcvbuf_drops": 0, "util": 1.484123861876358, "wall_s": 7.0, "winline_cli": true, "winline_srv": true}
=== rep=1 seed=42 cell=c7-100 arm=CAD attempt=1 pipeline=window hint=bulk spec=c2/c2/dual bytes=100000000 12:41:26
COTENANT c7-100-CAD s42 rep=1 before=0 after=0 load=1.65 1.32 1.14
--- RWM-C perf pipeline=window mode=dual hint=bulk A=c2 B=c2 ooo=0 extra='' T=default (100000000 x 1) start=14:41:28
{"bytes":100000000,"dnf":0,"hint":"bulk","max_s":4.509,"mean_mbps":177.421,"mean_s":4.509,"median_s":4.509,"min_s":4.509,"proto":"rp-native","runs":1,"stdev_s":0.0,"summary":true}
    CPU: CPUSRV=5.85s CPUCLI=5.88s (srv=decoder cli=sender; whole-invocation incl warmup)
    [TRUTH] leg=0 dev=cli0 egress_dgrams=47097 egress_skbs=18370 gso=2.56 netem_sent_dgrams=45873 netem_dropped_skbs=482 backlog=0 lost=1224 loss=0.025989 rcvbuf_drops=0 rcvbuf_scope=netns
    [TRUTH] leg=1 dev=cli1 egress_dgrams=46494 egress_skbs=16961 gso=2.74 netem_sent_dgrams=45367 netem_dropped_skbs=413 backlog=0 lost=1127 loss=0.024240 rcvbuf_drops=0 rcvbuf_scope=netns
RUNTIME c7-100-CAD s42 rep=1 attempt=1 7s rc=0
S3ROW {"arm": "CAD", "busy_last": 58.0, "busy_med": 70.5, "cad_cli": true, "cad_srv": true, "cell": "c7-100", "cod": 557, "coded_share": 0.006540552600368714, "cotenant": 0, "cpu_cli": 5.88, "cpu_srv": 5.85, "diag_lines": 18, "dnf": false, "feed_ratio_p0": 1.00042325599292, "feed_ratio_p1": 0.9942244224422442, "gates_cli": true, "gates_srv": true, "gen_guard": false, "header": ["window", "bulk"], "mbps": 177.421, "pa_cli": 0, "pa_srv": 0, "pipe_cli": ["window", "Rlc", "bulk"], "pipe_srv": ["window", "Rlc", "bulk"], "plc_p0": 0.026, "plc_p1": 0.0241, "plu_last_p0": 0.0227, "plu_last_p1": 0.0406, "plu_med_p0": 0.02725, "plu_med_p1": 0.021249999999999998, "problems": [], "rc": 0, "rep": 1, "seconds": 4.509046, "seed": "42", "src": 84604, "status": "LIVE", "summary": true, "truth_egress_p0": 47097, "truth_egress_p1": 46494, "truth_gso_p0": 2.56, "truth_gso_p1": 2.74, "truth_loss_p0": 0.025989, "truth_loss_p1": 0.02424, "truth_lost_p0": 1224, "truth_lost_p1": 1127, "truth_rcvbuf_drops": 0, "util": 1.304045245934506, "wall_s": 7.0, "winline_cli": true, "winline_srv": true}
=== rep=1 seed=42 cell=c7-100 arm=BLKb attempt=1 pipeline=block hint=bulk spec=c2/c2/dual bytes=100000000 12:41:33
COTENANT c7-100-BLKb s42 rep=1 before=0 after=0 load=1.51 1.30 1.14
--- RWM-C perf pipeline=block mode=dual hint=bulk A=c2 B=c2 ooo=0 extra='' T=default (100000000 x 1) start=14:41:34
{"bytes":100000000,"dnf":0,"hint":"bulk","max_s":4.5946,"mean_mbps":174.118,"mean_s":4.5946,"median_s":4.5946,"min_s":4.5946,"proto":"rp-native","runs":1,"stdev_s":0.0,"summary":true}
    CPU: CPUSRV=3.29s CPUCLI=4.31s (srv=decoder cli=sender; whole-invocation incl warmup)
    [TRUTH] leg=0 dev=cli0 egress_dgrams=46619 egress_skbs=8899 gso=5.24 netem_sent_dgrams=45453 netem_dropped_skbs=227 backlog=0 lost=1166 loss=0.025011 rcvbuf_drops=0 rcvbuf_scope=netns
    [TRUTH] leg=1 dev=cli1 egress_dgrams=46324 egress_skbs=8880 gso=5.22 netem_sent_dgrams=45321 netem_dropped_skbs=200 backlog=0 lost=1003 loss=0.021652 rcvbuf_drops=0 rcvbuf_scope=netns
RUNTIME c7-100-BLKb s42 rep=1 attempt=1 6s rc=0
S3ROW {"arm": "BLKb", "busy_last": null, "busy_med": null, "cad_cli": false, "cad_srv": false, "cell": "c7-100", "cod": null, "coded_share": null, "cotenant": 0, "cpu_cli": 4.31, "cpu_srv": 3.29, "diag_lines": 0, "dnf": false, "feed_ratio_p0": null, "feed_ratio_p1": null, "gates_cli": true, "gates_srv": true, "gen_guard": false, "header": ["block", "bulk"], "mbps": 174.118, "pa_cli": 0, "pa_srv": 0, "pipe_cli": ["block", "RaptorQ", "bulk"], "pipe_srv": ["block", "RaptorQ", "bulk"], "problems": [], "rc": 0, "rep": 1, "seconds": 4.594598, "seed": "42", "src": null, "status": "LIVE", "summary": true, "truth_egress_p0": 46619, "truth_egress_p1": 46324, "truth_gso_p0": 5.24, "truth_gso_p1": 5.22, "truth_loss_p0": 0.025011, "truth_loss_p1": 0.021652, "truth_lost_p0": 1166, "truth_lost_p1": 1003, "truth_rcvbuf_drops": 0, "util": 0.9380581282627989, "wall_s": 6.0, "winline_cli": false, "winline_srv": false}
=== rep=1 seed=42 cell=c7-100 arm=WINa attempt=1 pipeline=window hint=auto spec=c2/c2/dual bytes=100000000 12:41:40
COTENANT c7-100-WINa s42 rep=1 before=0 after=0 load=1.92 1.39 1.17
--- RWM-C perf pipeline=window mode=dual hint=auto A=c2 B=c2 ooo=0 extra='' T=default (100000000 x 1) start=14:41:41
{"bytes":100000000,"dnf":0,"hint":"auto","max_s":5.9676,"mean_mbps":134.057,"mean_s":5.9676,"median_s":5.9676,"min_s":5.9676,"proto":"rp-native","runs":1,"stdev_s":0.0,"summary":true}
    CPU: CPUSRV=7.90s CPUCLI=9.35s (srv=decoder cli=sender; whole-invocation incl warmup)
    [TRUTH] leg=0 dev=cli0 egress_dgrams=57278 egress_skbs=21657 gso=2.64 netem_sent_dgrams=55754 netem_dropped_skbs=555 backlog=0 lost=1524 loss=0.026607 rcvbuf_drops=0 rcvbuf_scope=netns
    [TRUTH] leg=1 dev=cli1 egress_dgrams=56986 egress_skbs=21611 gso=2.64 netem_sent_dgrams=55571 netem_dropped_skbs=523 backlog=0 lost=1415 loss=0.024831 rcvbuf_drops=0 rcvbuf_scope=netns
RUNTIME c7-100-WINa s42 rep=1 attempt=1 8s rc=0
S3ROW {"arm": "WINa", "busy_last": 97.0, "busy_med": 91.0, "cad_cli": false, "cad_srv": false, "cell": "c7-100", "cod": 12270, "coded_share": 0.1305513587129998, "cotenant": 0, "cpu_cli": 9.35, "cpu_srv": 7.9, "diag_lines": 23, "dnf": false, "feed_ratio_p0": 1.018528958544744, "feed_ratio_p1": 0.9987515605493134, "gates_cli": true, "gates_srv": true, "gen_guard": false, "header": ["window", "auto"], "mbps": 134.057, "pa_cli": 0, "pa_srv": 0, "pipe_cli": ["window", "Rlc", "auto"], "pipe_srv": ["window", "Rlc", "auto"], "plc_p0": 0.0271, "plc_p1": 0.0248, "plu_last_p0": 0.0354, "plu_last_p1": 0.1438, "plu_med_p0": 0.0505, "plu_med_p1": 0.0409, "problems": [], "rc": 0, "rep": 1, "seconds": 5.967617, "seed": "42", "src": 81716, "status": "LIVE", "summary": true, "truth_egress_p0": 57278, "truth_egress_p1": 56986, "truth_gso_p0": 2.64, "truth_gso_p1": 2.64, "truth_loss_p0": 0.026607, "truth_loss_p1": 0.024831, "truth_lost_p0": 1524, "truth_lost_p1": 1415, "truth_rcvbuf_drops": 0, "util": 1.5667895577078756, "wall_s": 8.0, "winline_cli": true, "winline_srv": true}
=== rep=1 seed=42 cell=c7-100 arm=BLKa attempt=1 pipeline=block hint=auto spec=c2/c2/dual bytes=100000000 12:41:48
COTENANT c7-100-BLKa s42 rep=1 before=0 after=0 load=1.79 1.38 1.17
--- RWM-C perf pipeline=block mode=dual hint=auto A=c2 B=c2 ooo=0 extra='' T=default (100000000 x 1) start=14:41:49
{"bytes":100000000,"dnf":0,"hint":"auto","max_s":6.8637,"mean_mbps":116.554,"mean_s":6.8637,"median_s":6.8637,"min_s":6.8637,"proto":"rp-native","runs":1,"stdev_s":0.0,"summary":true}
    CPU: CPUSRV=4.79s CPUCLI=6.56s (srv=decoder cli=sender; whole-invocation incl warmup)
    [TRUTH] leg=0 dev=cli0 egress_dgrams=69507 egress_skbs=14283 gso=4.87 netem_sent_dgrams=67707 netem_dropped_skbs=373 backlog=0 lost=1800 loss=0.025897 rcvbuf_drops=0 rcvbuf_scope=netns
    [TRUTH] leg=1 dev=cli1 egress_dgrams=71449 egress_skbs=14423 gso=4.95 netem_sent_dgrams=69765 netem_dropped_skbs=347 backlog=0 lost=1684 loss=0.023569 rcvbuf_drops=0 rcvbuf_scope=netns
RUNTIME c7-100-BLKa s42 rep=1 attempt=1 9s rc=0
S3ROW {"arm": "BLKa", "busy_last": null, "busy_med": null, "cad_cli": false, "cad_srv": false, "cell": "c7-100", "cod": null, "coded_share": null, "cotenant": 0, "cpu_cli": 6.56, "cpu_srv": 4.79, "diag_lines": 0, "dnf": false, "feed_ratio_p0": null, "feed_ratio_p1": null, "gates_cli": true, "gates_srv": true, "gen_guard": false, "header": ["block", "auto"], "mbps": 116.554, "pa_cli": 0, "pa_srv": 0, "pipe_cli": ["block", "RaptorQ", "auto"], "pipe_srv": ["block", "RaptorQ", "auto"], "problems": [], "rc": 0, "rep": 1, "seconds": 6.863742, "seed": "42", "src": null, "status": "LIVE", "summary": true, "truth_egress_p0": 69507, "truth_egress_p1": 71449, "truth_gso_p0": 4.87, "truth_gso_p1": 4.95, "truth_loss_p0": 0.025897, "truth_loss_p1": 0.023569, "truth_lost_p0": 1800, "truth_lost_p1": 1684, "truth_rcvbuf_drops": 0, "util": 0.9557468797632545, "wall_s": 9.0, "winline_cli": false, "winline_srv": false}
=== rep=1 seed=42 cell=c8-100 arm=A1 attempt=1 pipeline=window hint=bulk spec=c2/c3/dual bytes=100000000 12:41:57
COTENANT c8-100-A1 s42 rep=1 before=0 after=0 load=1.82 1.40 1.18
--- RWM-C perf pipeline=window mode=dual hint=bulk A=c2 B=c3 ooo=0 extra='' T=default (100000000 x 1) start=14:41:59
{"bytes":100000000,"dnf":0,"hint":"bulk","max_s":7.6281,"mean_mbps":104.875,"mean_s":7.6281,"median_s":7.6281,"min_s":7.6281,"proto":"rp-native","runs":1,"stdev_s":0.0,"summary":true}
    CPU: CPUSRV=6.04s CPUCLI=7.71s (srv=decoder cli=sender; whole-invocation incl warmup)
    [TRUTH] leg=0 dev=cli0 egress_dgrams=77551 egress_skbs=20095 gso=3.86 netem_sent_dgrams=75339 netem_dropped_skbs=521 backlog=0 lost=2212 loss=0.028523 rcvbuf_drops=0 rcvbuf_scope=netns
    [TRUTH] leg=1 dev=cli1 egress_dgrams=18881 egress_skbs=12683 gso=1.49 netem_sent_dgrams=18040 netem_dropped_skbs=546 backlog=0 lost=841 loss=0.044542 rcvbuf_drops=0 rcvbuf_scope=netns
RUNTIME c8-100-A1 s42 rep=1 attempt=1 10s rc=0
S3ROW {"arm": "A1", "busy_last": 35.0, "busy_med": 49.5, "cad_cli": false, "cad_srv": false, "cell": "c8-100", "cod": 642, "coded_share": 0.007531145156370974, "cotenant": 0, "cpu_cli": 7.71, "cpu_srv": 6.04, "diag_lines": 30, "dnf": false, "feed_ratio_p0": 1.00971146092627, "feed_ratio_p1": 1.0237528624668852, "gates_cli": true, "gates_srv": true, "gen_guard": false, "header": ["window", "bulk"], "mbps": 104.875, "pa_cli": 0, "pa_srv": 0, "pipe_cli": ["window", "Rlc", "bulk"], "pipe_srv": ["window", "Rlc", "bulk"], "plc_p0": 0.0288, "plc_p1": 0.0456, "plu_last_p0": 0.035, "plu_last_p1": 0.6905, "plu_med_p0": 0.0364, "plu_med_p1": 0.06375, "problems": [], "rc": 0, "rep": 1, "seconds": 7.628148, "seed": "42", "src": 84604, "status": "LIVE", "summary": true, "truth_egress_p0": 77551, "truth_egress_p1": 18881, "truth_gso_p0": 3.86, "truth_gso_p1": 1.49, "truth_loss_p0": 0.028523, "truth_loss_p1": 0.044542, "truth_lost_p0": 2212, "truth_lost_p1": 841, "truth_rcvbuf_drops": 0, "util": 1.0107302585109779, "wall_s": 10.0, "winline_cli": true, "winline_srv": true}
=== rep=1 seed=42 cell=c8-100 arm=A2 attempt=1 pipeline=window hint=bulk spec=c2/c3/dual bytes=100000000 12:42:07
COTENANT c8-100-A2 s42 rep=1 before=0 after=0 load=2.08 1.47 1.20
--- RWM-C perf pipeline=window mode=dual hint=bulk A=c2 B=c3 ooo=0 extra='' T=default (100000000 x 1) start=14:42:08
{"bytes":100000000,"dnf":0,"hint":"bulk","max_s":7.8464,"mean_mbps":101.958,"mean_s":7.8464,"median_s":7.8464,"min_s":7.8464,"proto":"rp-native","runs":1,"stdev_s":0.0,"summary":true}
    CPU: CPUSRV=5.84s CPUCLI=7.26s (srv=decoder cli=sender; whole-invocation incl warmup)
    [TRUTH] leg=0 dev=cli0 egress_dgrams=74142 egress_skbs=13569 gso=5.46 netem_sent_dgrams=72284 netem_dropped_skbs=338 backlog=0 lost=1858 loss=0.025060 rcvbuf_drops=0 rcvbuf_scope=netns
    [TRUTH] leg=1 dev=cli1 egress_dgrams=19298 egress_skbs=12179 gso=1.58 netem_sent_dgrams=18441 netem_dropped_skbs=520 backlog=0 lost=857 loss=0.044409 rcvbuf_drops=0 rcvbuf_scope=netns
RUNTIME c8-100-A2 s42 rep=1 attempt=1 10s rc=0
S3ROW {"arm": "A2", "busy_last": 30.0, "busy_med": 47.0, "cad_cli": false, "cad_srv": false, "cell": "c8-100", "cod": 608, "coded_share": 0.007135145284701685, "cotenant": 0, "cpu_cli": 7.26, "cpu_srv": 5.84, "diag_lines": 31, "dnf": false, "feed_ratio_p0": 0.9976057462090983, "feed_ratio_p1": 1.0200635006417618, "gates_cli": true, "gates_srv": true, "gen_guard": false, "header": ["window", "bulk"], "mbps": 101.958, "pa_cli": 0, "pa_srv": 0, "pipe_cli": ["window", "Rlc", "bulk"], "pipe_srv": ["window", "Rlc", "bulk"], "plc_p0": 0.025, "plc_p1": 0.0453, "plu_last_p0": 0.1398, "plu_last_p1": 0.0362, "plu_med_p0": 0.0355, "plu_med_p1": 0.0644, "problems": [], "rc": 0, "rep": 1, "seconds": 7.846402, "seed": "42", "src": 84604, "status": "LIVE", "summary": true, "truth_egress_p0": 74142, "truth_egress_p1": 19298, "truth_gso_p0": 5.46, "truth_gso_p1": 1.58, "truth_loss_p0": 0.02506, "truth_loss_p1": 0.044409, "truth_lost_p0": 1858, "truth_lost_p1": 857, "truth_rcvbuf_drops": 0, "util": 0.9252648538782489, "wall_s": 10.0, "winline_cli": true, "winline_srv": true}
=== rep=1 seed=42 cell=c8-100 arm=CAD attempt=1 pipeline=window hint=bulk spec=c2/c3/dual bytes=100000000 12:42:17
COTENANT c8-100-CAD s42 rep=1 before=0 after=0 load=2.30 1.54 1.23
--- RWM-C perf pipeline=window mode=dual hint=bulk A=c2 B=c3 ooo=0 extra='' T=default (100000000 x 1) start=14:42:19
{"bytes":100000000,"dnf":0,"hint":"bulk","max_s":7.6833,"mean_mbps":104.122,"mean_s":7.6833,"median_s":7.6833,"min_s":7.6833,"proto":"rp-native","runs":1,"stdev_s":0.0,"summary":true}
    CPU: CPUSRV=5.98s CPUCLI=6.72s (srv=decoder cli=sender; whole-invocation incl warmup)
    [TRUTH] leg=0 dev=cli0 egress_dgrams=78349 egress_skbs=20828 gso=3.76 netem_sent_dgrams=76257 netem_dropped_skbs=544 backlog=0 lost=2092 loss=0.026701 rcvbuf_drops=0 rcvbuf_scope=netns
    [TRUTH] leg=1 dev=cli1 egress_dgrams=18757 egress_skbs=12628 gso=1.49 netem_sent_dgrams=17980 netem_dropped_skbs=545 backlog=0 lost=777 loss=0.041425 rcvbuf_drops=0 rcvbuf_scope=netns
RUNTIME c8-100-CAD s42 rep=1 attempt=1 10s rc=0
S3ROW {"arm": "CAD", "busy_last": 45.0, "busy_med": 49.0, "cad_cli": true, "cad_srv": true, "cell": "c8-100", "cod": 578, "coded_share": 0.006785471108919725, "cotenant": 0, "cpu_cli": 6.72, "cpu_srv": 5.98, "diag_lines": 30, "dnf": false, "feed_ratio_p0": 0.999962548219168, "feed_ratio_p1": 0.9776704888352445, "gates_cli": true, "gates_srv": true, "gen_guard": false, "header": ["window", "bulk"], "mbps": 104.122, "pa_cli": 0, "pa_srv": 0, "pipe_cli": ["window", "Rlc", "bulk"], "pipe_srv": ["window", "Rlc", "bulk"], "plc_p0": 0.0267, "plc_p1": 0.0405, "plu_last_p0": 0.0212, "plu_last_p1": 0.0243, "plu_med_p0": 0.0213, "plu_med_p1": 0.05355, "problems": [], "rc": 0, "rep": 1, "seconds": 7.68327, "seed": "42", "src": 84604, "status": "LIVE", "summary": true, "truth_egress_p0": 78349, "truth_egress_p1": 18757, "truth_gso_p0": 3.76, "truth_gso_p1": 1.49, "truth_loss_p0": 0.026701, "truth_loss_p1": 0.041425, "truth_lost_p0": 2092, "truth_lost_p1": 777, "truth_rcvbuf_drops": 0, "util": 0.8746275999672014, "wall_s": 10.0, "winline_cli": true, "winline_srv": true}
=== rep=1 seed=42 cell=c8-100 arm=BLKb attempt=1 pipeline=block hint=bulk spec=c2/c3/dual bytes=100000000 12:42:27
COTENANT c8-100-BLKb s42 rep=1 before=0 after=0 load=1.94 1.49 1.21
--- RWM-C perf pipeline=block mode=dual hint=bulk A=c2 B=c3 ooo=0 extra='' T=default (100000000 x 1) start=14:42:29
{"bytes":100000000,"dnf":0,"hint":"bulk","max_s":7.8891,"mean_mbps":101.406,"mean_s":7.8891,"median_s":7.8891,"min_s":7.8891,"proto":"rp-native","runs":1,"stdev_s":0.0,"summary":true}
    CPU: CPUSRV=3.32s CPUCLI=4.46s (srv=decoder cli=sender; whole-invocation incl warmup)
    [TRUTH] leg=0 dev=cli0 egress_dgrams=81581 egress_skbs=15187 gso=5.37 netem_sent_dgrams=79497 netem_dropped_skbs=388 backlog=0 lost=2084 loss=0.025545 rcvbuf_drops=0 rcvbuf_scope=netns
    [TRUTH] leg=1 dev=cli1 egress_dgrams=14317 egress_skbs=4765 gso=3.00 netem_sent_dgrams=13700 netem_dropped_skbs=189 backlog=0 lost=617 loss=0.043096 rcvbuf_drops=0 rcvbuf_scope=netns
RUNTIME c8-100-BLKb s42 rep=1 attempt=1 10s rc=0
S3ROW {"arm": "BLKb", "busy_last": null, "busy_med": null, "cad_cli": false, "cad_srv": false, "cell": "c8-100", "cod": null, "coded_share": null, "cotenant": 0, "cpu_cli": 4.46, "cpu_srv": 3.32, "diag_lines": 0, "dnf": false, "feed_ratio_p0": null, "feed_ratio_p1": null, "gates_cli": true, "gates_srv": true, "gen_guard": false, "header": ["block", "bulk"], "mbps": 101.406, "pa_cli": 0, "pa_srv": 0, "pipe_cli": ["block", "RaptorQ", "bulk"], "pipe_srv": ["block", "RaptorQ", "bulk"], "problems": [], "rc": 0, "rep": 1, "seconds": 7.889094, "seed": "42", "src": null, "status": "LIVE", "summary": true, "truth_egress_p0": 81581, "truth_egress_p1": 14317, "truth_gso_p0": 5.37, "truth_gso_p1": 3.0, "truth_loss_p0": 0.025545, "truth_loss_p1": 0.043096, "truth_lost_p0": 2084, "truth_lost_p1": 617, "truth_rcvbuf_drops": 0, "util": 0.5653374139032948, "wall_s": 10.0, "winline_cli": false, "winline_srv": false}
=== rep=1 seed=42 cell=c8-100 arm=WINa attempt=1 pipeline=window hint=auto spec=c2/c3/dual bytes=100000000 12:42:37
COTENANT c8-100-WINa s42 rep=1 before=0 after=0 load=1.81 1.47 1.21
--- RWM-C perf pipeline=window mode=dual hint=auto A=c2 B=c3 ooo=0 extra='' T=default (100000000 x 1) start=14:42:39
{"bytes":100000000,"dnf":0,"hint":"auto","max_s":8.505,"mean_mbps":94.063,"mean_s":8.505,"median_s":8.505,"min_s":8.505,"proto":"rp-native","runs":1,"stdev_s":0.0,"summary":true}
    CPU: CPUSRV=6.69s CPUCLI=9.53s (srv=decoder cli=sender; whole-invocation incl warmup)
    [TRUTH] leg=0 dev=cli0 egress_dgrams=86403 egress_skbs=22058 gso=3.92 netem_sent_dgrams=84166 netem_dropped_skbs=558 backlog=0 lost=2237 loss=0.025890 rcvbuf_drops=0 rcvbuf_scope=netns
    [TRUTH] leg=1 dev=cli1 egress_dgrams=21072 egress_skbs=15788 gso=1.33 netem_sent_dgrams=20093 netem_dropped_skbs=717 backlog=0 lost=979 loss=0.046460 rcvbuf_drops=0 rcvbuf_scope=netns
RUNTIME c8-100-WINa s42 rep=1 attempt=1 11s rc=0
S3ROW {"arm": "WINa", "busy_last": 31.0, "busy_med": 68.0, "cad_cli": false, "cad_srv": false, "cell": "c8-100", "cod": 596, "coded_share": 0.006995305164319249, "cotenant": 0, "cpu_cli": 9.53, "cpu_srv": 6.69, "diag_lines": 33, "dnf": false, "feed_ratio_p0": 0.996523754345307, "feed_ratio_p1": 1.003013344812742, "gates_cli": true, "gates_srv": true, "gen_guard": false, "header": ["window", "auto"], "mbps": 94.063, "pa_cli": 0, "pa_srv": 0, "pipe_cli": ["window", "Rlc", "auto"], "pipe_srv": ["window", "Rlc", "auto"], "plc_p0": 0.0258, "plc_p1": 0.0466, "plu_last_p0": 0.0659, "plu_last_p1": 0.0836, "plu_med_p0": 0.0354, "plu_med_p1": 0.0806, "problems": [], "rc": 0, "rep": 1, "seconds": 8.504961, "seed": "42", "src": 84604, "status": "LIVE", "summary": true, "truth_egress_p0": 86403, "truth_egress_p1": 21072, "truth_gso_p0": 3.92, "truth_gso_p1": 1.33, "truth_loss_p0": 0.02589, "truth_loss_p1": 0.04646, "truth_lost_p0": 2237, "truth_lost_p1": 979, "truth_rcvbuf_drops": 0, "util": 1.1205224809378902, "wall_s": 11.0, "winline_cli": true, "winline_srv": true}
=== rep=1 seed=42 cell=c8-100 arm=BLKa attempt=1 pipeline=block hint=auto spec=c2/c3/dual bytes=100000000 12:42:48
COTENANT c8-100-BLKa s42 rep=1 before=0 after=0 load=1.48 1.41 1.20
--- RWM-C perf pipeline=block mode=dual hint=auto A=c2 B=c3 ooo=0 extra='' T=default (100000000 x 1) start=14:42:50
{"bytes":100000000,"dnf":0,"hint":"auto","max_s":13.0491,"mean_mbps":61.307,"mean_s":13.0491,"median_s":13.0491,"min_s":13.0491,"proto":"rp-native","runs":1,"stdev_s":0.0,"summary":true}
    CPU: CPUSRV=6.06s CPUCLI=8.66s (srv=decoder cli=sender; whole-invocation incl warmup)
    [TRUTH] leg=0 dev=cli0 egress_dgrams=125913 egress_skbs=25267 gso=4.98 netem_sent_dgrams=122670 netem_dropped_skbs=621 backlog=0 lost=3243 loss=0.025756 rcvbuf_drops=0 rcvbuf_scope=netns
    [TRUTH] leg=1 dev=cli1 egress_dgrams=34008 egress_skbs=14634 gso=2.32 netem_sent_dgrams=32199 netem_dropped_skbs=718 backlog=0 lost=1809 loss=0.053193 rcvbuf_drops=0 rcvbuf_scope=netns
RUNTIME c8-100-BLKa s42 rep=1 attempt=1 15s rc=0
S3ROW {"arm": "BLKa", "busy_last": null, "busy_med": null, "cad_cli": false, "cad_srv": false, "cell": "c8-100", "cod": null, "coded_share": null, "cotenant": 0, "cpu_cli": 8.66, "cpu_srv": 6.06, "diag_lines": 0, "dnf": false, "feed_ratio_p0": null, "feed_ratio_p1": null, "gates_cli": true, "gates_srv": true, "gen_guard": false, "header": ["block", "auto"], "mbps": 61.307, "pa_cli": 0, "pa_srv": 0, "pipe_cli": ["block", "RaptorQ", "auto"], "pipe_srv": ["block", "RaptorQ", "auto"], "problems": [], "rc": 0, "rep": 1, "seconds": 13.049098, "seed": "42", "src": null, "status": "LIVE", "summary": true, "truth_egress_p0": 125913, "truth_egress_p1": 34008, "truth_gso_p0": 4.98, "truth_gso_p1": 2.32, "truth_loss_p0": 0.025756, "truth_loss_p1": 0.053193, "truth_lost_p0": 3243, "truth_lost_p1": 1809, "truth_rcvbuf_drops": 0, "util": 0.6636474030618821, "wall_s": 15.0, "winline_cli": false, "winline_srv": false}
BLOCK-COMPLETE rep=1 seed=42 block=0 2026-09-30T12:43:04Z
=== rep=1 seed=7 cell=c1s-400 arm=A2 attempt=1 pipeline=window hint=bulk spec=c1/c1/single bytes=400000000 12:43:04
COTENANT c1s-400-A2 s7 rep=1 before=0 after=0 load=1.61 1.44 1.21
--- RWM-C perf pipeline=window mode=single hint=bulk A=c1 B=c1 ooo=0 extra='' T=default (400000000 x 1) start=14:43:05
{"bytes":400000000,"dnf":0,"hint":"bulk","max_s":11.3418,"mean_mbps":282.141,"mean_s":11.3418,"median_s":11.3418,"min_s":11.3418,"proto":"rp-native","runs":1,"stdev_s":0.0,"summary":true}
    CPU: CPUSRV=12.73s CPUCLI=14.55s (srv=decoder cli=sender; whole-invocation incl warmup)
    [TRUTH] leg=0 dev=cli0 egress_dgrams=340249 egress_skbs=38236 gso=8.90 netem_sent_dgrams=339800 netem_dropped_skbs=47 backlog=0 lost=449 loss=0.001320 rcvbuf_drops=0 rcvbuf_scope=netns
RUNTIME c1s-400-A2 s7 rep=1 attempt=1 13s rc=0
S3ROW {"arm": "A2", "busy_last": 60.0, "busy_med": 46.0, "cad_cli": false, "cad_srv": false, "cell": "c1s-400", "cod": 66, "coded_share": 0.0001960597922954443, "cotenant": 0, "cpu_cli": 14.55, "cpu_srv": 12.73, "diag_lines": 45, "dnf": false, "feed_ratio_p0": 0.9848484848484849, "gates_cli": true, "gates_srv": true, "gen_guard": false, "header": ["window", "bulk"], "mbps": 282.141, "pa_cli": 0, "pa_srv": 0, "pipe_cli": ["window", "Rlc", "bulk"], "pipe_srv": ["window", "Rlc", "bulk"], "plc_p0": 0.0013, "plu_last_p0": 0.0354, "plu_med_p0": 0.0354, "problems": [], "rc": 0, "rep": 1, "seconds": 11.341838, "seed": "7", "src": 336566, "status": "LIVE", "summary": true, "truth_egress_p0": 340249, "truth_gso_p0": 8.9, "truth_loss_p0": 0.00132, "truth_lost_p0": 449, "truth_rcvbuf_drops": 0, "util": 1.282860855533292, "wall_s": 13.0, "winline_cli": true, "winline_srv": true}
=== rep=1 seed=7 cell=c1s-400 arm=BLKb attempt=1 pipeline=block hint=bulk spec=c1/c1/single bytes=400000000 12:43:17
COTENANT c1s-400-BLKb s7 rep=1 before=0 after=0 load=1.40 1.40 1.20
--- RWM-C perf pipeline=block mode=single hint=bulk A=c1 B=c1 ooo=0 extra='' T=default (400000000 x 1) start=14:43:19
{"bytes":400000000,"dnf":0,"hint":"bulk","max_s":12.2861,"mean_mbps":260.458,"mean_s":12.2861,"median_s":12.2861,"min_s":12.2861,"proto":"rp-native","runs":1,"stdev_s":0.0,"summary":true}
    CPU: CPUSRV=8.27s CPUCLI=13.00s (srv=decoder cli=sender; whole-invocation incl warmup)
    [TRUTH] leg=0 dev=cli0 egress_dgrams=353934 egress_skbs=50366 gso=7.03 netem_sent_dgrams=353552 netem_dropped_skbs=58 backlog=0 lost=382 loss=0.001079 rcvbuf_drops=0 rcvbuf_scope=netns
RUNTIME c1s-400-BLKb s7 rep=1 attempt=1 14s rc=0
S3ROW {"arm": "BLKb", "busy_last": null, "busy_med": null, "cad_cli": false, "cad_srv": false, "cell": "c1s-400", "cod": null, "coded_share": null, "cotenant": 0, "cpu_cli": 13.0, "cpu_srv": 8.27, "diag_lines": 0, "dnf": false, "feed_ratio_p0": null, "gates_cli": true, "gates_srv": true, "gen_guard": false, "header": ["block", "bulk"], "mbps": 260.458, "pa_cli": 0, "pa_srv": 0, "pipe_cli": ["block", "RaptorQ", "bulk"], "pipe_srv": ["block", "RaptorQ", "bulk"], "problems": [], "rc": 0, "rep": 1, "seconds": 12.286055, "seed": "7", "src": null, "status": "LIVE", "summary": true, "truth_egress_p0": 353934, "truth_gso_p0": 7.03, "truth_loss_p0": 0.001079, "truth_lost_p0": 382, "truth_rcvbuf_drops": 0, "util": 1.058110190781337, "wall_s": 14.0, "winline_cli": false, "winline_srv": false}
=== rep=1 seed=7 cell=c1s-400 arm=WINa attempt=1 pipeline=window hint=auto spec=c1/c1/single bytes=400000000 12:43:31
COTENANT c1s-400-WINa s7 rep=1 before=0 after=0 load=1.99 1.53 1.24
--- RWM-C perf pipeline=window mode=single hint=auto A=c1 B=c1 ooo=0 extra='' T=default (400000000 x 1) start=14:43:33
{"bytes":400000000,"dnf":0,"hint":"auto","max_s":13.4086,"mean_mbps":238.652,"mean_s":13.4086,"median_s":13.4086,"min_s":13.4086,"proto":"rp-native","runs":1,"stdev_s":0.0,"summary":true}
    CPU: CPUSRV=13.89s CPUCLI=17.72s (srv=decoder cli=sender; whole-invocation incl warmup)
    [TRUTH] leg=0 dev=cli0 egress_dgrams=377994 egress_skbs=60394 gso=6.26 netem_sent_dgrams=377549 netem_dropped_skbs=61 backlog=0 lost=445 loss=0.001177 rcvbuf_drops=50 rcvbuf_scope=netns
RUNTIME c1s-400-WINa s7 rep=1 attempt=1 16s rc=0
S3ROW {"arm": "WINa", "busy_last": 60.0, "busy_med": 57.0, "cad_cli": false, "cad_srv": false, "cell": "c1s-400", "cod": 33319, "coded_share": 0.09041864655614563, "cotenant": 0, "cpu_cli": 17.72, "cpu_srv": 13.89, "diag_lines": 53, "dnf": false, "feed_ratio_p0": 1.8691588785046729, "gates_cli": true, "gates_srv": true, "gen_guard": false, "header": ["window", "auto"], "mbps": 238.652, "pa_cli": 0, "pa_srv": 0, "pipe_cli": ["window", "Rlc", "auto"], "pipe_srv": ["window", "Rlc", "auto"], "plc_p0": 0.0022, "plu_last_p0": 0.0354, "plu_med_p0": 0.0354, "problems": [], "rc": 0, "rep": 1, "seconds": 13.408634, "seed": "7", "src": 335178, "status": "LIVE", "summary": true, "truth_egress_p0": 377994, "truth_gso_p0": 6.26, "truth_loss_p0": 0.001177, "truth_lost_p0": 445, "truth_rcvbuf_drops": 50, "util": 1.321536556221909, "wall_s": 16.0, "winline_cli": true, "winline_srv": true}
=== rep=1 seed=7 cell=c1s-400 arm=BLKa attempt=1 pipeline=block hint=auto spec=c1/c1/single bytes=400000000 12:43:47
COTENANT c1s-400-BLKa s7 rep=1 before=0 after=0 load=1.88 1.54 1.25
--- RWM-C perf pipeline=block mode=single hint=auto A=c1 B=c1 ooo=0 extra='' T=default (400000000 x 1) start=14:43:48
{"bytes":400000000,"dnf":0,"hint":"auto","max_s":21.2551,"mean_mbps":150.552,"mean_s":21.2551,"median_s":21.2551,"min_s":21.2551,"proto":"rp-native","runs":1,"stdev_s":0.0,"summary":true}
    CPU: CPUSRV=11.74s CPUCLI=20.01s (srv=decoder cli=sender; whole-invocation incl warmup)
    [TRUTH] leg=0 dev=cli0 egress_dgrams=488625 egress_skbs=69853 gso=7.00 netem_sent_dgrams=488094 netem_dropped_skbs=72 backlog=0 lost=531 loss=0.001087 rcvbuf_drops=0 rcvbuf_scope=netns
RUNTIME c1s-400-BLKa s7 rep=1 attempt=1 23s rc=0
S3ROW {"arm": "BLKa", "busy_last": null, "busy_med": null, "cad_cli": false, "cad_srv": false, "cell": "c1s-400", "cod": null, "coded_share": null, "cotenant": 0, "cpu_cli": 20.01, "cpu_srv": 11.74, "diag_lines": 0, "dnf": false, "feed_ratio_p0": null, "gates_cli": true, "gates_srv": true, "gen_guard": false, "header": ["block", "auto"], "mbps": 150.552, "pa_cli": 0, "pa_srv": 0, "pipe_cli": ["block", "RaptorQ", "auto"], "pipe_srv": ["block", "RaptorQ", "auto"], "problems": [], "rc": 0, "rep": 1, "seconds": 21.255055, "seed": "7", "src": null, "status": "LIVE", "summary": true, "truth_egress_p0": 488625, "truth_gso_p0": 7.0, "truth_loss_p0": 0.001087, "truth_lost_p0": 531, "truth_rcvbuf_drops": 0, "util": 0.9414231108788005, "wall_s": 23.0, "winline_cli": false, "winline_srv": false}
=== rep=1 seed=7 cell=c1s-400 arm=A1 attempt=1 pipeline=window hint=bulk spec=c1/c1/single bytes=400000000 12:44:10
COTENANT c1s-400-A1 s7 rep=1 before=0 after=0 load=2.52 1.69 1.31
--- RWM-C perf pipeline=window mode=single hint=bulk A=c1 B=c1 ooo=0 extra='' T=default (400000000 x 1) start=14:44:12
{"bytes":400000000,"dnf":0,"hint":"bulk","max_s":10.707,"mean_mbps":298.871,"mean_s":10.707,"median_s":10.707,"min_s":10.707,"proto":"rp-native","runs":1,"stdev_s":0.0,"summary":true}
    CPU: CPUSRV=12.14s CPUCLI=14.66s (srv=decoder cli=sender; whole-invocation incl warmup)
    [TRUTH] leg=0 dev=cli0 egress_dgrams=342945 egress_skbs=40251 gso=8.52 netem_sent_dgrams=342512 netem_dropped_skbs=52 backlog=0 lost=433 loss=0.001263 rcvbuf_drops=14 rcvbuf_scope=netns
RUNTIME c1s-400-A1 s7 rep=1 attempt=1 13s rc=0
S3ROW {"arm": "A1", "busy_last": 60.0, "busy_med": 53.5, "cad_cli": false, "cad_srv": false, "cell": "c1s-400", "cod": 72, "coded_share": 0.00021740968439360814, "cotenant": 0, "cpu_cli": 14.66, "cpu_srv": 12.14, "diag_lines": 42, "dnf": false, "feed_ratio_p0": 1.3460015835312746, "gates_cli": true, "gates_srv": true, "gen_guard": false, "header": ["window", "bulk"], "mbps": 298.871, "pa_cli": 0, "pa_srv": 0, "pipe_cli": ["window", "Rlc", "bulk"], "pipe_srv": ["window", "Rlc", "bulk"], "plc_p0": 0.0017, "plu_last_p0": 0.0354, "plu_med_p0": 0.0354, "problems": [], "rc": 0, "rep": 1, "seconds": 10.706961, "seed": "7", "src": 331100, "status": "LIVE", "summary": true, "truth_egress_p0": 342945, "truth_gso_p0": 8.52, "truth_loss_p0": 0.001263, "truth_lost_p0": 433, "truth_rcvbuf_drops": 14, "util": 1.3692027084062415, "wall_s": 13.0, "winline_cli": true, "winline_srv": true}
=== rep=1 seed=7 cell=c1d-400 arm=A2 attempt=1 pipeline=window hint=bulk spec=c1/c1/dual bytes=400000000 12:44:23
COTENANT c1d-400-A2 s7 rep=1 before=0 after=0 load=3.69 2.01 1.42
--- RWM-C perf pipeline=window mode=dual hint=bulk A=c1 B=c1 ooo=0 extra='' T=default (400000000 x 1) start=14:44:25
{"bytes":400000000,"dnf":0,"hint":"bulk","max_s":16.9043,"mean_mbps":189.301,"mean_s":16.9043,"median_s":16.9043,"min_s":16.9043,"proto":"rp-native","runs":1,"stdev_s":0.0,"summary":true}
    CPU: CPUSRV=20.96s CPUCLI=29.50s (srv=decoder cli=sender; whole-invocation incl warmup)
    [TRUTH] leg=0 dev=cli0 egress_dgrams=178899 egress_skbs=68686 gso=2.60 netem_sent_dgrams=178710 netem_dropped_skbs=72 backlog=0 lost=189 loss=0.001056 rcvbuf_drops=4 rcvbuf_scope=netns
    [TRUTH] leg=1 dev=cli1 egress_dgrams=182093 egress_skbs=69142 gso=2.63 netem_sent_dgrams=181960 netem_dropped_skbs=57 backlog=0 lost=133 loss=0.000730 rcvbuf_drops=4 rcvbuf_scope=netns
RUNTIME c1d-400-A2 s7 rep=1 attempt=1 19s rc=0
S3ROW {"arm": "A2", "busy_last": 94.0, "busy_med": 87.0, "cad_cli": false, "cad_srv": false, "cell": "c1d-400", "cod": 141, "coded_share": 0.0004201668151653401, "cotenant": 0, "cpu_cli": 29.5, "cpu_srv": 20.96, "diag_lines": 67, "dnf": false, "feed_ratio_p0": 1.1363636363636362, "feed_ratio_p1": 1.0958904109589043, "gates_cli": true, "gates_srv": true, "gen_guard": false, "header": ["window", "bulk"], "mbps": 189.301, "pa_cli": 0, "pa_srv": 0, "pipe_cli": ["window", "Rlc", "bulk"], "pipe_srv": ["window", "Rlc", "bulk"], "plc_p0": 0.0012, "plc_p1": 0.0008, "plu_last_p0": 0.0354, "plu_last_p1": 0.0354, "plu_med_p0": 0.0354, "plu_med_p1": 0.0354, "problems": [], "rc": 0, "rep": 1, "seconds": 16.904285, "seed": "7", "src": 335440, "status": "LIVE", "summary": true, "truth_egress_p0": 178899, "truth_egress_p1": 182093, "truth_gso_p0": 2.6, "truth_gso_p1": 2.63, "truth_loss_p0": 0.001056, "truth_loss_p1": 0.00073, "truth_lost_p0": 189, "truth_lost_p1": 133, "truth_rcvbuf_drops": 4, "util": 1.74511965457279, "wall_s": 19.0, "winline_cli": true, "winline_srv": true}
=== rep=1 seed=7 cell=c1d-400 arm=CAD attempt=1 pipeline=window hint=bulk spec=c1/c1/dual bytes=400000000 12:44:42
COTENANT c1d-400-CAD s7 rep=1 before=0 after=0 load=3.53 2.06 1.45
--- RWM-C perf pipeline=window mode=dual hint=bulk A=c1 B=c1 ooo=0 extra='' T=default (400000000 x 1) start=14:44:44
{"bytes":400000000,"dnf":0,"hint":"bulk","max_s":10.7356,"mean_mbps":298.073,"mean_s":10.7356,"median_s":10.7356,"min_s":10.7356,"proto":"rp-native","runs":1,"stdev_s":0.0,"summary":true}
    CPU: CPUSRV=15.06s CPUCLI=17.24s (srv=decoder cli=sender; whole-invocation incl warmup)
    [TRUTH] leg=0 dev=cli0 egress_dgrams=116063 egress_skbs=34976 gso=3.32 netem_sent_dgrams=115921 netem_dropped_skbs=40 backlog=0 lost=142 loss=0.001223 rcvbuf_drops=0 rcvbuf_scope=netns
    [TRUTH] leg=1 dev=cli1 egress_dgrams=232166 egress_skbs=53570 gso=4.33 netem_sent_dgrams=231975 netem_dropped_skbs=50 backlog=0 lost=191 loss=0.000823 rcvbuf_drops=0 rcvbuf_scope=netns
RUNTIME c1d-400-CAD s7 rep=1 attempt=1 13s rc=0
S3ROW {"arm": "CAD", "busy_last": 54.0, "busy_med": 82.0, "cad_cli": true, "cad_srv": true, "cell": "c1d-400", "cod": 137, "coded_share": 0.0004207694244979944, "cotenant": 0, "cpu_cli": 17.24, "cpu_srv": 15.06, "diag_lines": 42, "dnf": false, "feed_ratio_p0": 0.9811937857726901, "feed_ratio_p1": 0.9720534629404618, "gates_cli": true, "gates_srv": true, "gen_guard": false, "header": ["window", "bulk"], "mbps": 298.073, "pa_cli": 0, "pa_srv": 0, "pipe_cli": ["window", "Rlc", "bulk"], "pipe_srv": ["window", "Rlc", "bulk"], "plc_p0": 0.0012, "plc_p1": 0.0008, "plu_last_p0": 0.0055, "plu_last_p1": 0.0008, "plu_med_p0": 0.0010500000000000002, "plu_med_p1": 0.0008500000000000001, "problems": [], "rc": 0, "rep": 1, "seconds": 10.735638, "seed": "7", "src": 325457, "status": "LIVE", "summary": true, "truth_egress_p0": 116063, "truth_egress_p1": 232166, "truth_gso_p0": 3.32, "truth_gso_p1": 4.33, "truth_loss_p0": 0.001223, "truth_loss_p1": 0.000823, "truth_lost_p0": 142, "truth_lost_p1": 191, "truth_rcvbuf_drops": 0, "util": 1.605866367699805, "wall_s": 13.0, "winline_cli": true, "winline_srv": true}
=== rep=1 seed=7 cell=c1d-400 arm=A1 attempt=1 pipeline=window hint=bulk spec=c1/c1/dual bytes=400000000 12:44:55
COTENANT c1d-400-A1 s7 rep=1 before=0 after=0 load=3.93 2.22 1.51
--- RWM-C perf pipeline=window mode=dual hint=bulk A=c1 B=c1 ooo=0 extra='' T=default (400000000 x 1) start=14:44:56
{"bytes":400000000,"dnf":0,"hint":"bulk","max_s":16.7671,"mean_mbps":190.85,"mean_s":16.7671,"median_s":16.7671,"min_s":16.7671,"proto":"rp-native","runs":1,"stdev_s":0.0,"summary":true}
    CPU: CPUSRV=20.71s CPUCLI=29.29s (srv=decoder cli=sender; whole-invocation incl warmup)
    [TRUTH] leg=0 dev=cli0 egress_dgrams=176453 egress_skbs=67068 gso=2.63 netem_sent_dgrams=176270 netem_dropped_skbs=70 backlog=0 lost=183 loss=0.001037 rcvbuf_drops=7 rcvbuf_scope=netns
    [TRUTH] leg=1 dev=cli1 egress_dgrams=183872 egress_skbs=67911 gso=2.71 netem_sent_dgrams=183732 netem_dropped_skbs=57 backlog=0 lost=140 loss=0.000761 rcvbuf_drops=7 rcvbuf_scope=netns
RUNTIME c1d-400-A1 s7 rep=1 attempt=1 19s rc=0
S3ROW {"arm": "A1", "busy_last": 93.0, "busy_med": 87.0, "cad_cli": false, "cad_srv": false, "cell": "c1d-400", "cod": 150, "coded_share": 0.00044305162142125053, "cotenant": 0, "cpu_cli": 29.29, "cpu_srv": 20.71, "diag_lines": 67, "dnf": false, "feed_ratio_p0": 0.9643201542912248, "feed_ratio_p1": 1.4454664914586073, "gates_cli": true, "gates_srv": true, "gen_guard": false, "header": ["window", "bulk"], "mbps": 190.85, "pa_cli": 0, "pa_srv": 0, "pipe_cli": ["window", "Rlc", "bulk"], "pipe_srv": ["window", "Rlc", "bulk"], "plc_p0": 0.001, "plc_p1": 0.0011, "plu_last_p0": 0.0354, "plu_last_p1": 0.0354, "plu_med_p0": 0.0354, "plu_med_p1": 0.0354, "problems": [], "rc": 0, "rep": 1, "seconds": 16.767096, "seed": "7", "src": 338411, "status": "LIVE", "summary": true, "truth_egress_p0": 176453, "truth_egress_p1": 183872, "truth_gso_p0": 2.63, "truth_gso_p1": 2.71, "truth_loss_p0": 0.001037, "truth_loss_p1": 0.000761, "truth_lost_p0": 183, "truth_lost_p1": 140, "truth_rcvbuf_drops": 7, "util": 1.7468737579840898, "wall_s": 19.0, "winline_cli": true, "winline_srv": true}
=== rep=1 seed=7 cell=c2-100 arm=A2 attempt=1 pipeline=window hint=bulk spec=c2/c2/single bytes=100000000 12:45:14
COTENANT c2-100-A2 s7 rep=1 before=0 after=0 load=3.38 2.18 1.51
--- RWM-C perf pipeline=window mode=single hint=bulk A=c2 B=c2 ooo=0 extra='' T=default (100000000 x 1) start=14:45:15
{"bytes":100000000,"dnf":0,"hint":"bulk","max_s":8.969,"mean_mbps":89.197,"mean_s":8.969,"median_s":8.969,"min_s":8.969,"proto":"rp-native","runs":1,"stdev_s":0.0,"summary":true}
    CPU: CPUSRV=4.50s CPUCLI=4.69s (srv=decoder cli=sender; whole-invocation incl warmup)
    [TRUTH] leg=0 dev=cli0 egress_dgrams=93213 egress_skbs=18488 gso=5.04 netem_sent_dgrams=90864 netem_dropped_skbs=474 backlog=0 lost=2349 loss=0.025200 rcvbuf_drops=0 rcvbuf_scope=netns
RUNTIME c2-100-A2 s7 rep=1 attempt=1 11s rc=0
S3ROW {"arm": "A2", "busy_last": 22.0, "busy_med": 18.0, "cad_cli": false, "cad_srv": false, "cell": "c2-100", "cod": 392, "coded_share": 0.004659787932100233, "cotenant": 0, "cpu_cli": 4.69, "cpu_srv": 4.5, "diag_lines": 35, "dnf": false, "feed_ratio_p0": 0.9642857142857142, "gates_cli": true, "gates_srv": true, "gen_guard": false, "header": ["window", "bulk"], "mbps": 89.197, "pa_cli": 0, "pa_srv": 0, "pipe_cli": ["window", "Rlc", "bulk"], "pipe_srv": ["window", "Rlc", "bulk"], "plc_p0": 0.0243, "plu_last_p0": 0.0354, "plu_med_p0": 0.0354, "problems": [], "rc": 0, "rep": 1, "seconds": 8.968952, "seed": "7", "src": 83732, "status": "LIVE", "summary": true, "truth_egress_p0": 93213, "truth_gso_p0": 5.04, "truth_loss_p0": 0.0252, "truth_lost_p0": 2349, "truth_rcvbuf_drops": 0, "util": 0.5229150518366026, "wall_s": 11.0, "winline_cli": true, "winline_srv": true}
=== rep=1 seed=7 cell=c2-100 arm=CAD attempt=1 pipeline=window hint=bulk spec=c2/c2/single bytes=100000000 12:45:25
COTENANT c2-100-CAD s7 rep=1 before=0 after=0 load=3.02 2.14 1.50
--- RWM-C perf pipeline=window mode=single hint=bulk A=c2 B=c2 ooo=0 extra='' T=default (100000000 x 1) start=14:45:26
{"bytes":100000000,"dnf":0,"hint":"bulk","max_s":8.9762,"mean_mbps":89.125,"mean_s":8.9762,"median_s":8.9762,"min_s":8.9762,"proto":"rp-native","runs":1,"stdev_s":0.0,"summary":true}
    CPU: CPUSRV=4.36s CPUCLI=3.66s (srv=decoder cli=sender; whole-invocation incl warmup)
    [TRUTH] leg=0 dev=cli0 egress_dgrams=88042 egress_skbs=14339 gso=6.14 netem_sent_dgrams=85775 netem_dropped_skbs=366 backlog=0 lost=2267 loss=0.025749 rcvbuf_drops=0 rcvbuf_scope=netns
RUNTIME c2-100-CAD s7 rep=1 attempt=1 11s rc=0
S3ROW {"arm": "CAD", "busy_last": 14.0, "busy_med": 16.0, "cad_cli": true, "cad_srv": true, "cell": "c2-100", "cod": 434, "coded_share": 0.0051495016611295685, "cotenant": 0, "cpu_cli": 3.66, "cpu_srv": 4.36, "diag_lines": 35, "dnf": false, "feed_ratio_p0": 0.9980970134762515, "gates_cli": true, "gates_srv": true, "gen_guard": false, "header": ["window", "bulk"], "mbps": 89.125, "pa_cli": 0, "pa_srv": 0, "pipe_cli": ["window", "Rlc", "bulk"], "pipe_srv": ["window", "Rlc", "bulk"], "plc_p0": 0.0257, "plu_last_p0": 0.0105, "plu_med_p0": 0.0105, "problems": [], "rc": 0, "rep": 1, "seconds": 8.976175, "seed": "7", "src": 83846, "status": "LIVE", "summary": true, "truth_egress_p0": 88042, "truth_gso_p0": 6.14, "truth_loss_p0": 0.025749, "truth_lost_p0": 2267, "truth_rcvbuf_drops": 0, "util": 0.4077460611006359, "wall_s": 11.0, "winline_cli": true, "winline_srv": true}
=== rep=1 seed=7 cell=c2-100 arm=BLKb attempt=1 pipeline=block hint=bulk spec=c2/c2/single bytes=100000000 12:45:36
COTENANT c2-100-BLKb s7 rep=1 before=0 after=0 load=2.63 2.09 1.49
--- RWM-C perf pipeline=block mode=single hint=bulk A=c2 B=c2 ooo=0 extra='' T=default (100000000 x 1) start=14:45:37
{"bytes":100000000,"dnf":0,"hint":"bulk","max_s":8.9075,"mean_mbps":89.812,"mean_s":8.9075,"median_s":8.9075,"min_s":8.9075,"proto":"rp-native","runs":1,"stdev_s":0.0,"summary":true}
    CPU: CPUSRV=2.79s CPUCLI=3.80s (srv=decoder cli=sender; whole-invocation incl warmup)
    [TRUTH] leg=0 dev=cli0 egress_dgrams=92593 egress_skbs=17232 gso=5.37 netem_sent_dgrams=90217 netem_dropped_skbs=423 backlog=0 lost=2376 loss=0.025661 rcvbuf_drops=0 rcvbuf_scope=netns
RUNTIME c2-100-BLKb s7 rep=1 attempt=1 11s rc=0
S3ROW {"arm": "BLKb", "busy_last": null, "busy_med": null, "cad_cli": false, "cad_srv": false, "cell": "c2-100", "cod": null, "coded_share": null, "cotenant": 0, "cpu_cli": 3.8, "cpu_srv": 2.79, "diag_lines": 0, "dnf": false, "feed_ratio_p0": null, "gates_cli": true, "gates_srv": true, "gen_guard": false, "header": ["block", "bulk"], "mbps": 89.812, "pa_cli": 0, "pa_srv": 0, "pipe_cli": ["block", "RaptorQ", "bulk"], "pipe_srv": ["block", "RaptorQ", "bulk"], "problems": [], "rc": 0, "rep": 1, "seconds": 8.907501, "seed": "7", "src": null, "status": "LIVE", "summary": true, "truth_egress_p0": 92593, "truth_gso_p0": 5.37, "truth_loss_p0": 0.025661, "truth_lost_p0": 2376, "truth_rcvbuf_drops": 0, "util": 0.4266067441362061, "wall_s": 11.0, "winline_cli": false, "winline_srv": false}
=== rep=1 seed=7 cell=c2-100 arm=WINa attempt=1 pipeline=window hint=auto spec=c2/c2/single bytes=100000000 12:45:47
COTENANT c2-100-WINa s7 rep=1 before=0 after=0 load=2.52 2.08 1.50
--- RWM-C perf pipeline=window mode=single hint=auto A=c2 B=c2 ooo=0 extra='' T=default (100000000 x 1) start=14:45:48
{"bytes":100000000,"dnf":0,"hint":"auto","max_s":10.8826,"mean_mbps":73.512,"mean_s":10.8826,"median_s":10.8826,"min_s":10.8826,"proto":"rp-native","runs":1,"stdev_s":0.0,"summary":true}
    CPU: CPUSRV=5.96s CPUCLI=6.13s (srv=decoder cli=sender; whole-invocation incl warmup)
    [TRUTH] leg=0 dev=cli0 egress_dgrams=113632 egress_skbs=27759 gso=4.09 netem_sent_dgrams=110674 netem_dropped_skbs=694 backlog=0 lost=2958 loss=0.026031 rcvbuf_drops=0 rcvbuf_scope=netns
RUNTIME c2-100-WINa s7 rep=1 attempt=1 13s rc=0
S3ROW {"arm": "WINa", "busy_last": 17.0, "busy_med": 24.0, "cad_cli": false, "cad_srv": false, "cell": "c2-100", "cod": 18823, "coded_share": 0.18199309658019666, "cotenant": 0, "cpu_cli": 6.13, "cpu_srv": 5.96, "diag_lines": 43, "dnf": false, "feed_ratio_p0": 1.0064922592293803, "gates_cli": true, "gates_srv": true, "gen_guard": false, "header": ["window", "auto"], "mbps": 73.512, "pa_cli": 0, "pa_srv": 0, "pipe_cli": ["window", "Rlc", "auto"], "pipe_srv": ["window", "Rlc", "auto"], "plc_p0": 0.0262, "plu_last_p0": 0.0354, "plu_med_p0": 0.0354, "problems": [], "rc": 0, "rep": 1, "seconds": 10.882571, "seed": "7", "src": 84604, "status": "LIVE", "summary": true, "truth_egress_p0": 113632, "truth_gso_p0": 4.09, "truth_loss_p0": 0.026031, "truth_lost_p0": 2958, "truth_rcvbuf_drops": 0, "util": 0.5632860102635673, "wall_s": 13.0, "winline_cli": true, "winline_srv": true}
=== rep=1 seed=7 cell=c2-100 arm=BLKa attempt=1 pipeline=block hint=auto spec=c2/c2/single bytes=100000000 12:46:00
COTENANT c2-100-BLKa s7 rep=1 before=0 after=0 load=2.17 2.03 1.49
--- RWM-C perf pipeline=block mode=single hint=auto A=c2 B=c2 ooo=0 extra='' T=default (100000000 x 1) start=14:46:01
{"bytes":100000000,"dnf":0,"hint":"auto","max_s":13.545,"mean_mbps":59.062,"mean_s":13.545,"median_s":13.545,"min_s":13.545,"proto":"rp-native","runs":1,"stdev_s":0.0,"summary":true}
    CPU: CPUSRV=4.11s CPUCLI=5.80s (srv=decoder cli=sender; whole-invocation incl warmup)
    [TRUTH] leg=0 dev=cli0 egress_dgrams=139566 egress_skbs=25482 gso=5.48 netem_sent_dgrams=136000 netem_dropped_skbs=651 backlog=0 lost=3566 loss=0.025551 rcvbuf_drops=0 rcvbuf_scope=netns
RUNTIME c2-100-BLKa s7 rep=1 attempt=1 15s rc=0
S3ROW {"arm": "BLKa", "busy_last": null, "busy_med": null, "cad_cli": false, "cad_srv": false, "cell": "c2-100", "cod": null, "coded_share": null, "cotenant": 0, "cpu_cli": 5.8, "cpu_srv": 4.11, "diag_lines": 0, "dnf": false, "feed_ratio_p0": null, "gates_cli": true, "gates_srv": true, "gen_guard": false, "header": ["block", "auto"], "mbps": 59.062, "pa_cli": 0, "pa_srv": 0, "pipe_cli": ["block", "RaptorQ", "auto"], "pipe_srv": ["block", "RaptorQ", "auto"], "problems": [], "rc": 0, "rep": 1, "seconds": 13.545039, "seed": "7", "src": null, "status": "LIVE", "summary": true, "truth_egress_p0": 139566, "truth_gso_p0": 5.48, "truth_loss_p0": 0.025551, "truth_lost_p0": 3566, "truth_rcvbuf_drops": 0, "util": 0.4282010557518513, "wall_s": 15.0, "winline_cli": false, "winline_srv": false}
=== rep=1 seed=7 cell=c2-100 arm=A1 attempt=1 pipeline=window hint=bulk spec=c2/c2/single bytes=100000000 12:46:16
COTENANT c2-100-A1 s7 rep=1 before=0 after=0 load=1.91 1.98 1.48
--- RWM-C perf pipeline=window mode=single hint=bulk A=c2 B=c2 ooo=0 extra='' T=default (100000000 x 1) start=14:46:17
{"bytes":100000000,"dnf":0,"hint":"bulk","max_s":8.9709,"mean_mbps":89.177,"mean_s":8.9709,"median_s":8.9709,"min_s":8.9709,"proto":"rp-native","runs":1,"stdev_s":0.0,"summary":true}
    CPU: CPUSRV=4.53s CPUCLI=4.76s (srv=decoder cli=sender; whole-invocation incl warmup)
    [TRUTH] leg=0 dev=cli0 egress_dgrams=93985 egress_skbs=19045 gso=4.93 netem_sent_dgrams=91740 netem_dropped_skbs=481 backlog=0 lost=2245 loss=0.023887 rcvbuf_drops=0 rcvbuf_scope=netns
RUNTIME c2-100-A1 s7 rep=1 attempt=1 10s rc=0
S3ROW {"arm": "A1", "busy_last": 18.0, "busy_med": 18.0, "cad_cli": false, "cad_srv": false, "cell": "c2-100", "cod": 391, "coded_share": 0.004655704130597859, "cotenant": 0, "cpu_cli": 4.76, "cpu_srv": 4.53, "diag_lines": 35, "dnf": false, "feed_ratio_p0": 0.996357851551053, "gates_cli": true, "gates_srv": true, "gen_guard": false, "header": ["window", "bulk"], "mbps": 89.177, "pa_cli": 0, "pa_srv": 0, "pipe_cli": ["window", "Rlc", "bulk"], "pipe_srv": ["window", "Rlc", "bulk"], "plc_p0": 0.0238, "plu_last_p0": 0.0382, "plu_med_p0": 0.0354, "problems": [], "rc": 0, "rep": 1, "seconds": 8.970892, "seed": "7", "src": 83592, "status": "LIVE", "summary": true, "truth_egress_p0": 93985, "truth_gso_p0": 4.93, "truth_loss_p0": 0.023887, "truth_lost_p0": 2245, "truth_rcvbuf_drops": 0, "util": 0.5306049833171551, "wall_s": 10.0, "winline_cli": true, "winline_srv": true}
=== rep=1 seed=7 cell=c3-25 arm=A2 attempt=1 pipeline=window hint=bulk spec=c3/c3/single bytes=25000000 12:46:27
COTENANT c3-25-A2 s7 rep=1 before=0 after=0 load=1.63 1.91 1.47
--- RWM-C perf pipeline=window mode=single hint=bulk A=c3 B=c3 ooo=0 extra='' T=default (25000000 x 1) start=14:46:29
{"bytes":25000000,"dnf":0,"hint":"bulk","max_s":11.4385,"mean_mbps":17.485,"mean_s":11.4385,"median_s":11.4385,"min_s":11.4385,"proto":"rp-native","runs":1,"stdev_s":0.0,"summary":true}
    CPU: CPUSRV=1.50s CPUCLI=2.08s (srv=decoder cli=sender; whole-invocation incl warmup)
    [TRUTH] leg=0 dev=cli0 egress_dgrams=25656 egress_skbs=7692 gso=3.34 netem_sent_dgrams=24513 netem_dropped_skbs=346 backlog=0 lost=1143 loss=0.044551 rcvbuf_drops=0 rcvbuf_scope=netns
RUNTIME c3-25-A2 s7 rep=1 attempt=1 14s rc=0
S3ROW {"arm": "A2", "busy_last": 5.0, "busy_med": 7.0, "cad_cli": false, "cad_srv": false, "cell": "c3-25", "cod": 221, "coded_share": 0.010340148785851308, "cotenant": 0, "cpu_cli": 2.08, "cpu_srv": 1.5, "diag_lines": 45, "dnf": false, "feed_ratio_p0": 1.0078337186595139, "gates_cli": true, "gates_srv": true, "gen_guard": false, "header": ["window", "bulk"], "mbps": 17.485, "pa_cli": 0, "pa_srv": 0, "pipe_cli": ["window", "Rlc", "bulk"], "pipe_srv": ["window", "Rlc", "bulk"], "plc_p0": 0.0449, "plu_last_p0": 0.218, "plu_med_p0": 0.0421, "problems": [], "rc": 0, "rep": 1, "seconds": 11.438537, "seed": "7", "src": 21152, "status": "LIVE", "summary": true, "truth_egress_p0": 25656, "truth_gso_p0": 3.34, "truth_loss_p0": 0.044551, "truth_lost_p0": 1143, "truth_rcvbuf_drops": 0, "util": 0.18184143654035478, "wall_s": 14.0, "winline_cli": true, "winline_srv": true}
=== rep=1 seed=7 cell=c3-25 arm=CAD attempt=1 pipeline=window hint=bulk spec=c3/c3/single bytes=25000000 12:46:41
COTENANT c3-25-CAD s7 rep=1 before=0 after=0 load=1.48 1.87 1.46
--- RWM-C perf pipeline=window mode=single hint=bulk A=c3 B=c3 ooo=0 extra='' T=default (25000000 x 1) start=14:46:43
{"bytes":25000000,"dnf":0,"hint":"bulk","max_s":11.4242,"mean_mbps":17.507,"mean_s":11.4242,"median_s":11.4242,"min_s":11.4242,"proto":"rp-native","runs":1,"stdev_s":0.0,"summary":true}
    CPU: CPUSRV=1.60s CPUCLI=1.93s (srv=decoder cli=sender; whole-invocation incl warmup)
    [TRUTH] leg=0 dev=cli0 egress_dgrams=25159 egress_skbs=7542 gso=3.34 netem_sent_dgrams=23953 netem_dropped_skbs=340 backlog=0 lost=1206 loss=0.047935 rcvbuf_drops=0 rcvbuf_scope=netns
RUNTIME c3-25-CAD s7 rep=1 attempt=1 14s rc=0
S3ROW {"arm": "CAD", "busy_last": 7.0, "busy_med": 7.0, "cad_cli": true, "cad_srv": true, "cell": "c3-25", "cod": 229, "coded_share": 0.010710443852018147, "cotenant": 0, "cpu_cli": 1.93, "cpu_srv": 1.6, "diag_lines": 45, "dnf": false, "feed_ratio_p0": 1.0097006362782934, "gates_cli": true, "gates_srv": true, "gen_guard": false, "header": ["window", "bulk"], "mbps": 17.507, "pa_cli": 0, "pa_srv": 0, "pipe_cli": ["window", "Rlc", "bulk"], "pipe_srv": ["window", "Rlc", "bulk"], "plc_p0": 0.0484, "plu_last_p0": 0.0151, "plu_med_p0": 0.022, "problems": [], "rc": 0, "rep": 1, "seconds": 11.424246, "seed": "7", "src": 21152, "status": "LIVE", "summary": true, "truth_egress_p0": 25159, "truth_gso_p0": 3.34, "truth_loss_p0": 0.047935, "truth_lost_p0": 1206, "truth_rcvbuf_drops": 0, "util": 0.16893893916500047, "wall_s": 14.0, "winline_cli": true, "winline_srv": true}
=== rep=1 seed=7 cell=c3-25 arm=BLKb attempt=1 pipeline=block hint=bulk spec=c3/c3/single bytes=25000000 12:46:55
COTENANT c3-25-BLKb s7 rep=1 before=0 after=0 load=1.23 1.79 1.44
--- RWM-C perf pipeline=block mode=single hint=bulk A=c3 B=c3 ooo=0 extra='' T=default (25000000 x 1) start=14:46:58
{"bytes":25000000,"dnf":0,"hint":"bulk","max_s":12.6058,"mean_mbps":15.866,"mean_s":12.6058,"median_s":12.6058,"min_s":12.6058,"proto":"rp-native","runs":1,"stdev_s":0.0,"summary":true}
    CPU: CPUSRV=1.56s CPUCLI=2.06s (srv=decoder cli=sender; whole-invocation incl warmup)
    [TRUTH] leg=0 dev=cli0 egress_dgrams=30538 egress_skbs=12341 gso=2.47 netem_sent_dgrams=28183 netem_dropped_skbs=549 backlog=1081 lost=1274 loss=0.041719 rcvbuf_drops=0 rcvbuf_scope=netns
RUNTIME c3-25-BLKb s7 rep=1 attempt=1 16s rc=0
S3ROW {"arm": "BLKb", "busy_last": null, "busy_med": null, "cad_cli": false, "cad_srv": false, "cell": "c3-25", "cod": null, "coded_share": null, "cotenant": 0, "cpu_cli": 2.06, "cpu_srv": 1.56, "diag_lines": 0, "dnf": false, "feed_ratio_p0": null, "gates_cli": true, "gates_srv": true, "gen_guard": false, "header": ["block", "bulk"], "mbps": 15.866, "pa_cli": 0, "pa_srv": 0, "pipe_cli": ["block", "RaptorQ", "bulk"], "pipe_srv": ["block", "RaptorQ", "bulk"], "problems": [], "rc": 0, "rep": 1, "seconds": 12.605825, "seed": "7", "src": null, "status": "LIVE", "summary": true, "truth_egress_p0": 30538, "truth_gso_p0": 2.47, "truth_loss_p0": 0.041719, "truth_lost_p0": 1274, "truth_rcvbuf_drops": 0, "util": 0.1634165157774283, "wall_s": 16.0, "winline_cli": false, "winline_srv": false}
=== rep=1 seed=7 cell=c3-25 arm=WINa attempt=1 pipeline=window hint=auto spec=c3/c3/single bytes=25000000 12:47:11
COTENANT c3-25-WINa s7 rep=1 before=0 after=0 load=1.04 1.72 1.42
--- RWM-C perf pipeline=window mode=single hint=auto A=c3 B=c3 ooo=0 extra='' T=default (25000000 x 1) start=14:47:13
{"bytes":25000000,"dnf":0,"hint":"auto","max_s":13.1227,"mean_mbps":15.241,"mean_s":13.1227,"median_s":13.1227,"min_s":13.1227,"proto":"rp-native","runs":1,"stdev_s":0.0,"summary":true}
    CPU: CPUSRV=1.85s CPUCLI=2.62s (srv=decoder cli=sender; whole-invocation incl warmup)
    [TRUTH] leg=0 dev=cli0 egress_dgrams=29599 egress_skbs=9467 gso=3.13 netem_sent_dgrams=28157 netem_dropped_skbs=435 backlog=1 lost=1441 loss=0.048684 rcvbuf_drops=0 rcvbuf_scope=netns
RUNTIME c3-25-WINa s7 rep=1 attempt=1 15s rc=0
S3ROW {"arm": "WINa", "busy_last": 6.0, "busy_med": 7.5, "cad_cli": false, "cad_srv": false, "cell": "c3-25", "cod": 714, "coded_share": 0.03265343455593158, "cotenant": 0, "cpu_cli": 2.62, "cpu_srv": 1.85, "diag_lines": 52, "dnf": false, "feed_ratio_p0": 1.0167611535617451, "gates_cli": true, "gates_srv": true, "gen_guard": false, "header": ["window", "auto"], "mbps": 15.241, "pa_cli": 0, "pa_srv": 0, "pipe_cli": ["window", "Rlc", "auto"], "pipe_srv": ["window", "Rlc", "auto"], "plc_p0": 0.0495, "plu_last_p0": 0.0493, "plu_med_p0": 0.042550000000000004, "problems": [], "rc": 0, "rep": 1, "seconds": 13.122659, "seed": "7", "src": 21152, "status": "LIVE", "summary": true, "truth_egress_p0": 29599, "truth_gso_p0": 3.13, "truth_loss_p0": 0.048684, "truth_lost_p0": 1441, "truth_rcvbuf_drops": 0, "util": 0.19965465840421517, "wall_s": 15.0, "winline_cli": true, "winline_srv": true}
=== rep=1 seed=7 cell=c3-25 arm=BLKa attempt=1 pipeline=block hint=auto spec=c3/c3/single bytes=25000000 12:47:26
COTENANT c3-25-BLKa s7 rep=1 before=0 after=0 load=0.82 1.60 1.39
--- RWM-C perf pipeline=block mode=single hint=auto A=c3 B=c3 ooo=0 extra='' T=default (25000000 x 1) start=14:47:28
{"bytes":25000000,"dnf":0,"hint":"auto","max_s":29.982,"mean_mbps":6.671,"mean_s":29.982,"median_s":29.982,"min_s":29.982,"proto":"rp-native","runs":1,"stdev_s":0.0,"summary":true}
    CPU: CPUSRV=3.02s CPUCLI=5.17s (srv=decoder cli=sender; whole-invocation incl warmup)
    [TRUTH] leg=0 dev=cli0 egress_dgrams=68596 egress_skbs=23926 gso=2.87 netem_sent_dgrams=62744 netem_dropped_skbs=1078 backlog=2939 lost=2913 loss=0.042466 rcvbuf_drops=0 rcvbuf_scope=netns
RUNTIME c3-25-BLKa s7 rep=1 attempt=1 33s rc=0
S3ROW {"arm": "BLKa", "busy_last": null, "busy_med": null, "cad_cli": false, "cad_srv": false, "cell": "c3-25", "cod": null, "coded_share": null, "cotenant": 0, "cpu_cli": 5.17, "cpu_srv": 3.02, "diag_lines": 0, "dnf": false, "feed_ratio_p0": null, "gates_cli": true, "gates_srv": true, "gen_guard": false, "header": ["block", "auto"], "mbps": 6.671, "pa_cli": 0, "pa_srv": 0, "pipe_cli": ["block", "RaptorQ", "auto"], "pipe_srv": ["block", "RaptorQ", "auto"], "problems": [], "rc": 0, "rep": 1, "seconds": 29.982018, "seed": "7", "src": null, "status": "LIVE", "summary": true, "truth_egress_p0": 68596, "truth_gso_p0": 2.87, "truth_loss_p0": 0.042466, "truth_lost_p0": 2913, "truth_rcvbuf_drops": 0, "util": 0.17243669188645006, "wall_s": 33.0, "winline_cli": false, "winline_srv": false}
=== rep=1 seed=7 cell=c3-25 arm=A1 attempt=1 pipeline=window hint=bulk spec=c3/c3/single bytes=25000000 12:47:59
COTENANT c3-25-A1 s7 rep=1 before=0 after=0 load=0.64 1.52 1.37
--- RWM-C perf pipeline=window mode=single hint=bulk A=c3 B=c3 ooo=0 extra='' T=default (25000000 x 1) start=14:48:00
{"bytes":25000000,"dnf":0,"hint":"bulk","max_s":11.8143,"mean_mbps":16.929,"mean_s":11.8143,"median_s":11.8143,"min_s":11.8143,"proto":"rp-native","runs":1,"stdev_s":0.0,"summary":true}
    CPU: CPUSRV=1.59s CPUCLI=2.20s (srv=decoder cli=sender; whole-invocation incl warmup)
    [TRUTH] leg=0 dev=cli0 egress_dgrams=25814 egress_skbs=8074 gso=3.20 netem_sent_dgrams=24662 netem_dropped_skbs=371 backlog=0 lost=1152 loss=0.044627 rcvbuf_drops=0 rcvbuf_scope=netns
RUNTIME c3-25-A1 s7 rep=1 attempt=1 14s rc=0
S3ROW {"arm": "A1", "busy_last": 4.0, "busy_med": 7.0, "cad_cli": false, "cad_srv": false, "cell": "c3-25", "cod": 226, "coded_share": 0.010571615679670689, "cotenant": 0, "cpu_cli": 2.2, "cpu_srv": 1.59, "diag_lines": 47, "dnf": false, "feed_ratio_p0": 0.9993949850987071, "gates_cli": true, "gates_srv": true, "gen_guard": false, "header": ["window", "bulk"], "mbps": 16.929, "pa_cli": 0, "pa_srv": 0, "pipe_cli": ["window", "Rlc", "bulk"], "pipe_srv": ["window", "Rlc", "bulk"], "plc_p0": 0.0446, "plu_last_p0": 0.7565, "plu_med_p0": 0.0452, "problems": [], "rc": 0, "rep": 1, "seconds": 11.814261, "seed": "7", "src": 21152, "status": "LIVE", "summary": true, "truth_egress_p0": 25814, "truth_gso_p0": 3.2, "truth_loss_p0": 0.044627, "truth_lost_p0": 1152, "truth_rcvbuf_drops": 0, "util": 0.1862156253361933, "wall_s": 14.0, "winline_cli": true, "winline_srv": true}
=== rep=1 seed=7 cell=c7-100 arm=A2 attempt=1 pipeline=window hint=bulk spec=c2/c2/dual bytes=100000000 12:48:13
COTENANT c7-100-A2 s7 rep=1 before=0 after=0 load=0.67 1.52 1.36
--- RWM-C perf pipeline=window mode=dual hint=bulk A=c2 B=c2 ooo=0 extra='' T=default (100000000 x 1) start=14:48:14
{"bytes":100000000,"dnf":0,"hint":"bulk","max_s":4.6077,"mean_mbps":173.621,"mean_s":4.6077,"median_s":4.6077,"min_s":4.6077,"proto":"rp-native","runs":1,"stdev_s":0.0,"summary":true}
    CPU: CPUSRV=5.58s CPUCLI=6.73s (srv=decoder cli=sender; whole-invocation incl warmup)
    [TRUTH] leg=0 dev=cli0 egress_dgrams=46866 egress_skbs=15278 gso=3.07 netem_sent_dgrams=45753 netem_dropped_skbs=377 backlog=0 lost=1113 loss=0.023749 rcvbuf_drops=0 rcvbuf_scope=netns
    [TRUTH] leg=1 dev=cli1 egress_dgrams=45006 egress_skbs=15519 gso=2.90 netem_sent_dgrams=43728 netem_dropped_skbs=390 backlog=0 lost=1278 loss=0.028396 rcvbuf_drops=0 rcvbuf_scope=netns
RUNTIME c7-100-A2 s7 rep=1 attempt=1 6s rc=0
S3ROW {"arm": "A2", "busy_last": 69.0, "busy_med": 81.5, "cad_cli": false, "cad_srv": false, "cell": "c7-100", "cod": 477, "coded_share": 0.0056319735521577425, "cotenant": 0, "cpu_cli": 6.73, "cpu_srv": 5.58, "diag_lines": 18, "dnf": false, "feed_ratio_p0": 0.9937260516232262, "feed_ratio_p1": 1.0177489787293985, "gates_cli": true, "gates_srv": true, "gen_guard": false, "header": ["window", "bulk"], "mbps": 173.621, "pa_cli": 0, "pa_srv": 0, "pipe_cli": ["window", "Rlc", "bulk"], "pipe_srv": ["window", "Rlc", "bulk"], "plc_p0": 0.0236, "plc_p1": 0.0289, "plu_last_p0": 0.0441, "plu_last_p1": 0.0354, "plu_med_p0": 0.0465, "plu_med_p1": 0.0373, "problems": [], "rc": 0, "rep": 1, "seconds": 4.607735, "seed": "7", "src": 84218, "status": "LIVE", "summary": true, "truth_egress_p0": 46866, "truth_egress_p1": 45006, "truth_gso_p0": 3.07, "truth_gso_p1": 2.9, "truth_loss_p0": 0.023749, "truth_loss_p1": 0.028396, "truth_lost_p0": 1113, "truth_lost_p1": 1278, "truth_rcvbuf_drops": 0, "util": 1.4605874686803821, "wall_s": 6.0, "winline_cli": true, "winline_srv": true}
=== rep=1 seed=7 cell=c7-100 arm=CAD attempt=1 pipeline=window hint=bulk spec=c2/c2/dual bytes=100000000 12:48:20
COTENANT c7-100-CAD s7 rep=1 before=0 after=0 load=1.12 1.58 1.39
--- RWM-C perf pipeline=window mode=dual hint=bulk A=c2 B=c2 ooo=0 extra='' T=default (100000000 x 1) start=14:48:21
{"bytes":100000000,"dnf":0,"hint":"bulk","max_s":4.495,"mean_mbps":177.976,"mean_s":4.495,"median_s":4.495,"min_s":4.495,"proto":"rp-native","runs":1,"stdev_s":0.0,"summary":true}
    CPU: CPUSRV=5.64s CPUCLI=5.62s (srv=decoder cli=sender; whole-invocation incl warmup)
    [TRUTH] leg=0 dev=cli0 egress_dgrams=46531 egress_skbs=17198 gso=2.71 netem_sent_dgrams=45358 netem_dropped_skbs=423 backlog=0 lost=1173 loss=0.025209 rcvbuf_drops=0 rcvbuf_scope=netns
    [TRUTH] leg=1 dev=cli1 egress_dgrams=47605 egress_skbs=19081 gso=2.49 netem_sent_dgrams=46447 netem_dropped_skbs=466 backlog=0 lost=1158 loss=0.024325 rcvbuf_drops=0 rcvbuf_scope=netns
RUNTIME c7-100-CAD s7 rep=1 attempt=1 6s rc=0
S3ROW {"arm": "CAD", "busy_last": 49.0, "busy_med": 63.0, "cad_cli": true, "cad_srv": true, "cell": "c7-100", "cod": 539, "coded_share": 0.00633052629106327, "cotenant": 0, "cpu_cli": 5.62, "cpu_srv": 5.64, "diag_lines": 18, "dnf": false, "feed_ratio_p0": 0.9917093101670039, "feed_ratio_p1": 0.9907502569373073, "gates_cli": true, "gates_srv": true, "gen_guard": false, "header": ["window", "bulk"], "mbps": 177.976, "pa_cli": 0, "pa_srv": 0, "pipe_cli": ["window", "Rlc", "bulk"], "pipe_srv": ["window", "Rlc", "bulk"], "plc_p0": 0.025, "plc_p1": 0.0241, "plu_last_p0": 0.0316, "plu_last_p1": 0.0118, "plu_med_p0": 0.030350000000000002, "plu_med_p1": 0.021150000000000002, "problems": [], "rc": 0, "rep": 1, "seconds": 4.49499, "seed": "7", "src": 84604, "status": "LIVE", "summary": true, "truth_egress_p0": 46531, "truth_egress_p1": 47605, "truth_gso_p0": 2.71, "truth_gso_p1": 2.49, "truth_loss_p0": 0.025209, "truth_loss_p1": 0.024325, "truth_lost_p0": 1173, "truth_lost_p1": 1158, "truth_rcvbuf_drops": 0, "util": 1.2502808682555469, "wall_s": 6.0, "winline_cli": true, "winline_srv": true}
=== rep=1 seed=7 cell=c7-100 arm=BLKb attempt=1 pipeline=block hint=bulk spec=c2/c2/dual bytes=100000000 12:48:26
COTENANT c7-100-BLKb s7 rep=1 before=0 after=0 load=1.67 1.69 1.42
--- RWM-C perf pipeline=block mode=dual hint=bulk A=c2 B=c2 ooo=0 extra='' T=default (100000000 x 1) start=14:48:28
{"bytes":100000000,"dnf":0,"hint":"bulk","max_s":4.6201,"mean_mbps":173.156,"mean_s":4.6201,"median_s":4.6201,"min_s":4.6201,"proto":"rp-native","runs":1,"stdev_s":0.0,"summary":true}
    CPU: CPUSRV=3.03s CPUCLI=4.03s (srv=decoder cli=sender; whole-invocation incl warmup)
    [TRUTH] leg=0 dev=cli0 egress_dgrams=48636 egress_skbs=9504 gso=5.12 netem_sent_dgrams=47289 netem_dropped_skbs=261 backlog=0 lost=1347 loss=0.027696 rcvbuf_drops=0 rcvbuf_scope=netns
    [TRUTH] leg=1 dev=cli1 egress_dgrams=45785 egress_skbs=9087 gso=5.04 netem_sent_dgrams=44636 netem_dropped_skbs=232 backlog=0 lost=1149 loss=0.025096 rcvbuf_drops=0 rcvbuf_scope=netns
RUNTIME c7-100-BLKb s7 rep=1 attempt=1 7s rc=0
S3ROW {"arm": "BLKb", "busy_last": null, "busy_med": null, "cad_cli": false, "cad_srv": false, "cell": "c7-100", "cod": null, "coded_share": null, "cotenant": 0, "cpu_cli": 4.03, "cpu_srv": 3.03, "diag_lines": 0, "dnf": false, "feed_ratio_p0": null, "feed_ratio_p1": null, "gates_cli": true, "gates_srv": true, "gen_guard": false, "header": ["block", "bulk"], "mbps": 173.156, "pa_cli": 0, "pa_srv": 0, "pipe_cli": ["block", "RaptorQ", "bulk"], "pipe_srv": ["block", "RaptorQ", "bulk"], "problems": [], "rc": 0, "rep": 1, "seconds": 4.620109, "seed": "7", "src": null, "status": "LIVE", "summary": true, "truth_egress_p0": 48636, "truth_egress_p1": 45785, "truth_gso_p0": 5.12, "truth_gso_p1": 5.04, "truth_loss_p0": 0.027696, "truth_loss_p1": 0.025096, "truth_lost_p0": 1347, "truth_lost_p1": 1149, "truth_rcvbuf_drops": 0, "util": 0.8722737926745884, "wall_s": 7.0, "winline_cli": false, "winline_srv": false}
=== rep=1 seed=7 cell=c7-100 arm=WINa attempt=1 pipeline=window hint=auto spec=c2/c2/dual bytes=100000000 12:48:33
COTENANT c7-100-WINa s7 rep=1 before=0 after=0 load=2.51 1.86 1.48
--- RWM-C perf pipeline=window mode=dual hint=auto A=c2 B=c2 ooo=0 extra='' T=default (100000000 x 1) start=14:48:35
{"bytes":100000000,"dnf":0,"hint":"auto","max_s":5.9687,"mean_mbps":134.032,"mean_s":5.9687,"median_s":5.9687,"min_s":5.9687,"proto":"rp-native","runs":1,"stdev_s":0.0,"summary":true}
    CPU: CPUSRV=7.95s CPUCLI=9.33s (srv=decoder cli=sender; whole-invocation incl warmup)
    [TRUTH] leg=0 dev=cli0 egress_dgrams=58773 egress_skbs=23473 gso=2.50 netem_sent_dgrams=57187 netem_dropped_skbs=569 backlog=0 lost=1586 loss=0.026985 rcvbuf_drops=0 rcvbuf_scope=netns
    [TRUTH] leg=1 dev=cli1 egress_dgrams=58274 egress_skbs=22968 gso=2.54 netem_sent_dgrams=56879 netem_dropped_skbs=584 backlog=0 lost=1395 loss=0.023939 rcvbuf_drops=0 rcvbuf_scope=netns
RUNTIME c7-100-WINa s7 rep=1 attempt=1 8s rc=0
S3ROW {"arm": "WINa", "busy_last": 70.0, "busy_med": 91.0, "cad_cli": false, "cad_srv": false, "cell": "c7-100", "cod": 19872, "coded_share": 0.1912958096283247, "cotenant": 0, "cpu_cli": 9.33, "cpu_srv": 7.95, "diag_lines": 23, "dnf": false, "feed_ratio_p0": 1.0079673892903465, "feed_ratio_p1": 0.9733071556873721, "gates_cli": true, "gates_srv": true, "gen_guard": false, "header": ["window", "auto"], "mbps": 134.032, "pa_cli": 0, "pa_srv": 0, "pipe_cli": ["window", "Rlc", "auto"], "pipe_srv": ["window", "Rlc", "auto"], "plc_p0": 0.0272, "plc_p1": 0.0233, "plu_last_p0": 0.1376, "plu_last_p1": 0.336, "plu_med_p0": 0.0479, "plu_med_p1": 0.0453, "problems": [], "rc": 0, "rep": 1, "seconds": 5.968721, "seed": "7", "src": 84009, "status": "LIVE", "summary": true, "truth_egress_p0": 58773, "truth_egress_p1": 58274, "truth_gso_p0": 2.5, "truth_gso_p1": 2.54, "truth_loss_p0": 0.026985, "truth_loss_p1": 0.023939, "truth_lost_p0": 1586, "truth_lost_p1": 1395, "truth_rcvbuf_drops": 0, "util": 1.563148956032624, "wall_s": 8.0, "winline_cli": true, "winline_srv": true}
=== rep=1 seed=7 cell=c7-100 arm=BLKa attempt=1 pipeline=block hint=auto spec=c2/c2/dual bytes=100000000 12:48:41
COTENANT c7-100-BLKa s7 rep=1 before=0 after=0 load=2.28 1.84 1.48
--- RWM-C perf pipeline=block mode=dual hint=auto A=c2 B=c2 ooo=0 extra='' T=default (100000000 x 1) start=14:48:43
{"bytes":100000000,"dnf":0,"hint":"auto","max_s":7.0101,"mean_mbps":114.122,"mean_s":7.0101,"median_s":7.0101,"min_s":7.0101,"proto":"rp-native","runs":1,"stdev_s":0.0,"summary":true}
    CPU: CPUSRV=4.57s CPUCLI=6.54s (srv=decoder cli=sender; whole-invocation incl warmup)
    [TRUTH] leg=0 dev=cli0 egress_dgrams=71284 egress_skbs=15144 gso=4.71 netem_sent_dgrams=69599 netem_dropped_skbs=376 backlog=0 lost=1685 loss=0.023638 rcvbuf_drops=0 rcvbuf_scope=netns
    [TRUTH] leg=1 dev=cli1 egress_dgrams=71064 egress_skbs=14475 gso=4.91 netem_sent_dgrams=69274 netem_dropped_skbs=371 backlog=0 lost=1790 loss=0.025189 rcvbuf_drops=0 rcvbuf_scope=netns
RUNTIME c7-100-BLKa s7 rep=1 attempt=1 9s rc=0
S3ROW {"arm": "BLKa", "busy_last": null, "busy_med": null, "cad_cli": false, "cad_srv": false, "cell": "c7-100", "cod": null, "coded_share": null, "cotenant": 0, "cpu_cli": 6.54, "cpu_srv": 4.57, "diag_lines": 0, "dnf": false, "feed_ratio_p0": null, "feed_ratio_p1": null, "gates_cli": true, "gates_srv": true, "gen_guard": false, "header": ["block", "auto"], "mbps": 114.122, "pa_cli": 0, "pa_srv": 0, "pipe_cli": ["block", "RaptorQ", "auto"], "pipe_srv": ["block", "RaptorQ", "auto"], "problems": [], "rc": 0, "rep": 1, "seconds": 7.010062, "seed": "7", "src": null, "status": "LIVE", "summary": true, "truth_egress_p0": 71284, "truth_egress_p1": 71064, "truth_gso_p0": 4.71, "truth_gso_p1": 4.91, "truth_loss_p0": 0.023638, "truth_loss_p1": 0.025189, "truth_lost_p0": 1685, "truth_lost_p1": 1790, "truth_rcvbuf_drops": 0, "util": 0.9329446729572435, "wall_s": 9.0, "winline_cli": false, "winline_srv": false}
=== rep=1 seed=7 cell=c7-100 arm=A1 attempt=1 pipeline=window hint=bulk spec=c2/c2/dual bytes=100000000 12:48:50
COTENANT c7-100-A1 s7 rep=1 before=0 after=0 load=2.26 1.84 1.48
--- RWM-C perf pipeline=window mode=dual hint=bulk A=c2 B=c2 ooo=0 extra='' T=default (100000000 x 1) start=14:48:52
{"bytes":100000000,"dnf":0,"hint":"bulk","max_s":4.4853,"mean_mbps":178.358,"mean_s":4.4853,"median_s":4.4853,"min_s":4.4853,"proto":"rp-native","runs":1,"stdev_s":0.0,"summary":true}
    CPU: CPUSRV=5.49s CPUCLI=6.74s (srv=decoder cli=sender; whole-invocation incl warmup)
    [TRUTH] leg=0 dev=cli0 egress_dgrams=45881 egress_skbs=15432 gso=2.97 netem_sent_dgrams=44722 netem_dropped_skbs=378 backlog=0 lost=1159 loss=0.025261 rcvbuf_drops=0 rcvbuf_scope=netns
    [TRUTH] leg=1 dev=cli1 egress_dgrams=45736 egress_skbs=15872 gso=2.88 netem_sent_dgrams=44553 netem_dropped_skbs=395 backlog=0 lost=1183 loss=0.025866 rcvbuf_drops=0 rcvbuf_scope=netns
RUNTIME c7-100-A1 s7 rep=1 attempt=1 7s rc=0
S3ROW {"arm": "A1", "busy_last": 82.0, "busy_med": 82.0, "cad_cli": false, "cad_srv": false, "cell": "c7-100", "cod": 533, "coded_share": 0.006483869398082818, "cotenant": 0, "cpu_cli": 6.74, "cpu_srv": 5.49, "diag_lines": 17, "dnf": false, "feed_ratio_p0": 1.021337239222517, "feed_ratio_p1": 1.020644861980979, "gates_cli": true, "gates_srv": true, "gen_guard": false, "header": ["window", "bulk"], "mbps": 178.358, "pa_cli": 0, "pa_srv": 0, "pipe_cli": ["window", "Rlc", "bulk"], "pipe_srv": ["window", "Rlc", "bulk"], "plc_p0": 0.0258, "plc_p1": 0.0264, "plu_last_p0": 0.0354, "plu_last_p1": 0.0354, "plu_med_p0": 0.0354, "plu_med_p1": 0.0432, "problems": [], "rc": 0, "rep": 1, "seconds": 4.485349, "seed": "7", "src": 81671, "status": "LIVE", "summary": true, "truth_egress_p0": 45881, "truth_egress_p1": 45736, "truth_gso_p0": 2.97, "truth_gso_p1": 2.88, "truth_loss_p0": 0.025261, "truth_loss_p1": 0.025866, "truth_lost_p0": 1159, "truth_lost_p1": 1183, "truth_rcvbuf_drops": 0, "util": 1.5026701378198217, "wall_s": 7.0, "winline_cli": true, "winline_srv": true}
=== rep=1 seed=7 cell=c8-100 arm=A2 attempt=1 pipeline=window hint=bulk spec=c2/c3/dual bytes=100000000 12:48:57
COTENANT c8-100-A2 s7 rep=1 before=0 after=0 load=2.60 1.93 1.51
--- RWM-C perf pipeline=window mode=dual hint=bulk A=c2 B=c3 ooo=0 extra='' T=default (100000000 x 1) start=14:48:59
{"bytes":100000000,"dnf":0,"hint":"bulk","max_s":7.6541,"mean_mbps":104.519,"mean_s":7.6541,"median_s":7.6541,"min_s":7.6541,"proto":"rp-native","runs":1,"stdev_s":0.0,"summary":true}
    CPU: CPUSRV=5.61s CPUCLI=7.19s (srv=decoder cli=sender; whole-invocation incl warmup)
    [TRUTH] leg=0 dev=cli0 egress_dgrams=80647 egress_skbs=20571 gso=3.92 netem_sent_dgrams=78802 netem_dropped_skbs=495 backlog=0 lost=1845 loss=0.022877 rcvbuf_drops=0 rcvbuf_scope=netns
    [TRUTH] leg=1 dev=cli1 egress_dgrams=19051 egress_skbs=12910 gso=1.48 netem_sent_dgrams=18011 netem_dropped_skbs=678 backlog=0 lost=1040 loss=0.054590 rcvbuf_drops=0 rcvbuf_scope=netns
RUNTIME c8-100-A2 s7 rep=1 attempt=1 10s rc=0
S3ROW {"arm": "A2", "busy_last": 19.0, "busy_med": 45.0, "cad_cli": false, "cad_srv": false, "cell": "c8-100", "cod": 687, "coded_share": 0.008054777174613968, "cotenant": 0, "cpu_cli": 7.19, "cpu_srv": 5.61, "diag_lines": 31, "dnf": false, "feed_ratio_p0": 0.9922629715434717, "feed_ratio_p1": 1.0386517677230263, "gates_cli": true, "gates_srv": true, "gen_guard": false, "header": ["window", "bulk"], "mbps": 104.519, "pa_cli": 0, "pa_srv": 0, "pipe_cli": ["window", "Rlc", "bulk"], "pipe_srv": ["window", "Rlc", "bulk"], "plc_p0": 0.0227, "plc_p1": 0.0567, "plu_last_p0": 0.0355, "plu_last_p1": 0.525, "plu_med_p0": 0.0354, "plu_med_p1": 0.0729, "problems": [], "rc": 0, "rep": 1, "seconds": 7.654094, "seed": "7", "src": 84604, "status": "LIVE", "summary": true, "truth_egress_p0": 80647, "truth_egress_p1": 19051, "truth_gso_p0": 3.92, "truth_gso_p1": 1.48, "truth_loss_p0": 0.022877, "truth_loss_p1": 0.05459, "truth_lost_p0": 1845, "truth_lost_p1": 1040, "truth_rcvbuf_drops": 0, "util": 0.9393665664414366, "wall_s": 10.0, "winline_cli": true, "winline_srv": true}
=== rep=1 seed=7 cell=c8-100 arm=CAD attempt=1 pipeline=window hint=bulk spec=c2/c3/dual bytes=100000000 12:49:07
COTENANT c8-100-CAD s7 rep=1 before=0 after=0 load=2.72 1.98 1.54
--- RWM-C perf pipeline=window mode=dual hint=bulk A=c2 B=c3 ooo=0 extra='' T=default (100000000 x 1) start=14:49:09
{"bytes":100000000,"dnf":0,"hint":"bulk","max_s":7.6583,"mean_mbps":104.462,"mean_s":7.6583,"median_s":7.6583,"min_s":7.6583,"proto":"rp-native","runs":1,"stdev_s":0.0,"summary":true}
    CPU: CPUSRV=5.77s CPUCLI=6.30s (srv=decoder cli=sender; whole-invocation incl warmup)
    [TRUTH] leg=0 dev=cli0 egress_dgrams=80669 egress_skbs=20846 gso=3.87 netem_sent_dgrams=78951 netem_dropped_skbs=508 backlog=0 lost=1718 loss=0.021297 rcvbuf_drops=0 rcvbuf_scope=netns
    [TRUTH] leg=1 dev=cli1 egress_dgrams=18994 egress_skbs=12886 gso=1.47 netem_sent_dgrams=18020 netem_dropped_skbs=675 backlog=0 lost=974 loss=0.051279 rcvbuf_drops=0 rcvbuf_scope=netns
RUNTIME c8-100-CAD s7 rep=1 attempt=1 10s rc=0
S3ROW {"arm": "CAD", "busy_last": 35.0, "busy_med": 43.0, "cad_cli": true, "cad_srv": true, "cell": "c8-100", "cod": 751, "coded_share": 0.008798547243863863, "cotenant": 0, "cpu_cli": 6.3, "cpu_srv": 5.77, "diag_lines": 30, "dnf": false, "feed_ratio_p0": 0.9813588768371131, "feed_ratio_p1": 0.9809083640476608, "gates_cli": true, "gates_srv": true, "gen_guard": false, "header": ["window", "bulk"], "mbps": 104.462, "pa_cli": 0, "pa_srv": 0, "pipe_cli": ["window", "Rlc", "bulk"], "pipe_srv": ["window", "Rlc", "bulk"], "plc_p0": 0.0209, "plc_p1": 0.0503, "plu_last_p0": 0.0172, "plu_last_p1": 0.0455, "plu_med_p0": 0.02195, "plu_med_p1": 0.0497, "problems": [], "rc": 0, "rep": 1, "seconds": 7.658265, "seed": "7", "src": 84604, "status": "LIVE", "summary": true, "truth_egress_p0": 80669, "truth_egress_p1": 18994, "truth_gso_p0": 3.87, "truth_gso_p1": 1.47, "truth_loss_p0": 0.021297, "truth_loss_p1": 0.051279, "truth_lost_p0": 1718, "truth_lost_p1": 974, "truth_rcvbuf_drops": 0, "util": 0.8226406372722803, "wall_s": 10.0, "winline_cli": true, "winline_srv": true}
=== rep=1 seed=7 cell=c8-100 arm=BLKb attempt=1 pipeline=block hint=bulk spec=c2/c3/dual bytes=100000000 12:49:17
COTENANT c8-100-BLKb s7 rep=1 before=0 after=0 load=2.38 1.93 1.52
--- RWM-C perf pipeline=block mode=dual hint=bulk A=c2 B=c3 ooo=0 extra='' T=default (100000000 x 1) start=14:49:19
{"bytes":100000000,"dnf":0,"hint":"bulk","max_s":8.3397,"mean_mbps":95.927,"mean_s":8.3397,"median_s":8.3397,"min_s":8.3397,"proto":"rp-native","runs":1,"stdev_s":0.0,"summary":true}
    CPU: CPUSRV=3.25s CPUCLI=4.33s (srv=decoder cli=sender; whole-invocation incl warmup)
    [TRUTH] leg=0 dev=cli0 egress_dgrams=81398 egress_skbs=15318 gso=5.31 netem_sent_dgrams=79471 netem_dropped_skbs=377 backlog=0 lost=1927 loss=0.023674 rcvbuf_drops=0 rcvbuf_scope=netns
    [TRUTH] leg=1 dev=cli1 egress_dgrams=13954 egress_skbs=4587 gso=3.04 netem_sent_dgrams=13440 netem_dropped_skbs=247 backlog=0 lost=514 loss=0.036835 rcvbuf_drops=0 rcvbuf_scope=netns
RUNTIME c8-100-BLKb s7 rep=1 attempt=1 11s rc=0
S3ROW {"arm": "BLKb", "busy_last": null, "busy_med": null, "cad_cli": false, "cad_srv": false, "cell": "c8-100", "cod": null, "coded_share": null, "cotenant": 0, "cpu_cli": 4.33, "cpu_srv": 3.25, "diag_lines": 0, "dnf": false, "feed_ratio_p0": null, "feed_ratio_p1": null, "gates_cli": true, "gates_srv": true, "gen_guard": false, "header": ["block", "bulk"], "mbps": 95.927, "pa_cli": 0, "pa_srv": 0, "pipe_cli": ["block", "RaptorQ", "bulk"], "pipe_srv": ["block", "RaptorQ", "bulk"], "problems": [], "rc": 0, "rep": 1, "seconds": 8.339674, "seed": "7", "src": null, "status": "LIVE", "summary": true, "truth_egress_p0": 81398, "truth_egress_p1": 13954, "truth_gso_p0": 5.31, "truth_gso_p1": 3.04, "truth_loss_p0": 0.023674, "truth_loss_p1": 0.036835, "truth_lost_p0": 1927, "truth_lost_p1": 514, "truth_rcvbuf_drops": 0, "util": 0.5192049473396682, "wall_s": 11.0, "winline_cli": false, "winline_srv": false}
=== rep=1 seed=7 cell=c8-100 arm=WINa attempt=1 pipeline=window hint=auto spec=c2/c3/dual bytes=100000000 12:49:28
COTENANT c8-100-WINa s7 rep=1 before=0 after=0 load=2.41 1.95 1.54
--- RWM-C perf pipeline=window mode=dual hint=auto A=c2 B=c3 ooo=0 extra='' T=default (100000000 x 1) start=14:49:29
{"bytes":100000000,"dnf":0,"hint":"auto","max_s":8.6933,"mean_mbps":92.024,"mean_s":8.6933,"median_s":8.6933,"min_s":8.6933,"proto":"rp-native","runs":1,"stdev_s":0.0,"summary":true}
    CPU: CPUSRV=6.60s CPUCLI=9.32s (srv=decoder cli=sender; whole-invocation incl warmup)
    [TRUTH] leg=0 dev=cli0 egress_dgrams=85907 egress_skbs=22670 gso=3.79 netem_sent_dgrams=83834 netem_dropped_skbs=544 backlog=0 lost=2073 loss=0.024131 rcvbuf_drops=0 rcvbuf_scope=netns
    [TRUTH] leg=1 dev=cli1 egress_dgrams=21008 egress_skbs=16058 gso=1.31 netem_sent_dgrams=19890 netem_dropped_skbs=845 backlog=0 lost=1118 loss=0.053218 rcvbuf_drops=0 rcvbuf_scope=netns
RUNTIME c8-100-WINa s7 rep=1 attempt=1 11s rc=0
S3ROW {"arm": "WINa", "busy_last": 13.0, "busy_med": 63.5, "cad_cli": false, "cad_srv": false, "cell": "c8-100", "cod": 510, "coded_share": 0.0059919637192471275, "cotenant": 0, "cpu_cli": 9.32, "cpu_srv": 6.6, "diag_lines": 34, "dnf": false, "feed_ratio_p0": 1.0028593924826985, "feed_ratio_p1": 1.0015408320493067, "gates_cli": true, "gates_srv": true, "gen_guard": false, "header": ["window", "auto"], "mbps": 92.024, "pa_cli": 0, "pa_srv": 0, "pipe_cli": ["window", "Rlc", "auto"], "pipe_srv": ["window", "Rlc", "auto"], "plc_p0": 0.0242, "plc_p1": 0.0533, "plu_last_p0": 0.0354, "plu_last_p1": 0.1238, "plu_med_p0": 0.0354, "plu_med_p1": 0.0859, "problems": [], "rc": 0, "rep": 1, "seconds": 8.693344, "seed": "7", "src": 84604, "status": "LIVE", "summary": true, "truth_egress_p0": 85907, "truth_egress_p1": 21008, "truth_gso_p0": 3.79, "truth_gso_p1": 1.31, "truth_loss_p0": 0.024131, "truth_loss_p1": 0.053218, "truth_lost_p0": 2073, "truth_lost_p1": 1118, "truth_rcvbuf_drops": 0, "util": 1.072084574129357, "wall_s": 11.0, "winline_cli": true, "winline_srv": true}
=== rep=1 seed=7 cell=c8-100 arm=BLKa attempt=1 pipeline=block hint=auto spec=c2/c3/dual bytes=100000000 12:49:39
COTENANT c8-100-BLKa s7 rep=1 before=0 after=0 load=1.80 1.84 1.51
--- RWM-C perf pipeline=block mode=dual hint=auto A=c2 B=c3 ooo=0 extra='' T=default (100000000 x 1) start=14:49:41
{"bytes":100000000,"dnf":0,"hint":"auto","max_s":15.1525,"mean_mbps":52.797,"mean_s":15.1525,"median_s":15.1525,"min_s":15.1525,"proto":"rp-native","runs":1,"stdev_s":0.0,"summary":true}
    CPU: CPUSRV=6.26s CPUCLI=9.15s (srv=decoder cli=sender; whole-invocation incl warmup)
    [TRUTH] leg=0 dev=cli0 egress_dgrams=129381 egress_skbs=28485 gso=4.54 netem_sent_dgrams=126105 netem_dropped_skbs=710 backlog=0 lost=3276 loss=0.025321 rcvbuf_drops=0 rcvbuf_scope=netns
    [TRUTH] leg=1 dev=cli1 egress_dgrams=40601 egress_skbs=16246 gso=2.50 netem_sent_dgrams=36427 netem_dropped_skbs=1123 backlog=1395 lost=2779 loss=0.068447 rcvbuf_drops=0 rcvbuf_scope=netns
RUNTIME c8-100-BLKa s7 rep=1 attempt=1 17s rc=0
S3ROW {"arm": "BLKa", "busy_last": null, "busy_med": null, "cad_cli": false, "cad_srv": false, "cell": "c8-100", "cod": null, "coded_share": null, "cotenant": 0, "cpu_cli": 9.15, "cpu_srv": 6.26, "diag_lines": 0, "dnf": false, "feed_ratio_p0": null, "feed_ratio_p1": null, "gates_cli": true, "gates_srv": true, "gen_guard": false, "header": ["block", "auto"], "mbps": 52.797, "pa_cli": 0, "pa_srv": 0, "pipe_cli": ["block", "RaptorQ", "auto"], "pipe_srv": ["block", "RaptorQ", "auto"], "problems": [], "rc": 0, "rep": 1, "seconds": 15.152493, "seed": "7", "src": null, "status": "LIVE", "summary": true, "truth_egress_p0": 129381, "truth_egress_p1": 40601, "truth_gso_p0": 4.54, "truth_gso_p1": 2.5, "truth_loss_p0": 0.025321, "truth_loss_p1": 0.068447, "truth_lost_p0": 3276, "truth_lost_p1": 2779, "truth_rcvbuf_drops": 0, "util": 0.6038610280169738, "wall_s": 17.0, "winline_cli": false, "winline_srv": false}
=== rep=1 seed=7 cell=c8-100 arm=A1 attempt=1 pipeline=window hint=bulk spec=c2/c3/dual bytes=100000000 12:49:56
COTENANT c8-100-A1 s7 rep=1 before=0 after=0 load=2.07 1.89 1.53
--- RWM-C perf pipeline=window mode=dual hint=bulk A=c2 B=c3 ooo=0 extra='' T=default (100000000 x 1) start=14:49:59
{"bytes":100000000,"dnf":0,"hint":"bulk","max_s":7.6229,"mean_mbps":104.946,"mean_s":7.6229,"median_s":7.6229,"min_s":7.6229,"proto":"rp-native","runs":1,"stdev_s":0.0,"summary":true}
    CPU: CPUSRV=6.05s CPUCLI=8.05s (srv=decoder cli=sender; whole-invocation incl warmup)
    [TRUTH] leg=0 dev=cli0 egress_dgrams=77750 egress_skbs=20316 gso=3.83 netem_sent_dgrams=75936 netem_dropped_skbs=492 backlog=0 lost=1814 loss=0.023331 rcvbuf_drops=0 rcvbuf_scope=netns
    [TRUTH] leg=1 dev=cli1 egress_dgrams=18797 egress_skbs=12738 gso=1.48 netem_sent_dgrams=17761 netem_dropped_skbs=671 backlog=0 lost=1036 loss=0.055115 rcvbuf_drops=0 rcvbuf_scope=netns
RUNTIME c8-100-A1 s7 rep=1 attempt=1 11s rc=0
S3ROW {"arm": "A1", "busy_last": 53.0, "busy_med": 52.5, "cad_cli": false, "cad_srv": false, "cell": "c8-100", "cod": 625, "coded_share": 0.007333184714123127, "cotenant": 0, "cpu_cli": 8.05, "cpu_srv": 6.05, "diag_lines": 30, "dnf": false, "feed_ratio_p0": 0.9986712957009987, "feed_ratio_p1": 1.0559738728113945, "gates_cli": true, "gates_srv": true, "gen_guard": false, "header": ["window", "bulk"], "mbps": 104.946, "pa_cli": 0, "pa_srv": 0, "pipe_cli": ["window", "Rlc", "bulk"], "pipe_srv": ["window", "Rlc", "bulk"], "plc_p0": 0.0233, "plc_p1": 0.0582, "plu_last_p0": 0.0354, "plu_last_p1": 0.0919, "plu_med_p0": 0.03555, "plu_med_p1": 0.11585, "problems": [], "rc": 0, "rep": 1, "seconds": 7.622941, "seed": "7", "src": 84604, "status": "LIVE", "summary": true, "truth_egress_p0": 77750, "truth_egress_p1": 18797, "truth_gso_p0": 3.83, "truth_gso_p1": 1.48, "truth_loss_p0": 0.023331, "truth_loss_p1": 0.055115, "truth_lost_p0": 1814, "truth_lost_p1": 1036, "truth_rcvbuf_drops": 0, "util": 1.0560228657154767, "wall_s": 11.0, "winline_cli": true, "winline_srv": true}
BLOCK-COMPLETE rep=1 seed=7 block=1 2026-09-30T12:50:07Z
=== rep=2 seed=42 cell=c1s-400 arm=BLKb attempt=1 pipeline=block hint=bulk spec=c1/c1/single bytes=400000000 12:50:07
COTENANT c1s-400-BLKb s42 rep=2 before=0 after=0 load=2.30 1.95 1.55
--- RWM-C perf pipeline=block mode=single hint=bulk A=c1 B=c1 ooo=0 extra='' T=default (400000000 x 1) start=14:50:09
{"bytes":400000000,"dnf":0,"hint":"bulk","max_s":11.6952,"mean_mbps":273.616,"mean_s":11.6952,"median_s":11.6952,"min_s":11.6952,"proto":"rp-native","runs":1,"stdev_s":0.0,"summary":true}
    CPU: CPUSRV=7.97s CPUCLI=12.41s (srv=decoder cli=sender; whole-invocation incl warmup)
    [TRUTH] leg=0 dev=cli0 egress_dgrams=353632 egress_skbs=50851 gso=6.95 netem_sent_dgrams=353287 netem_dropped_skbs=55 backlog=0 lost=345 loss=0.000976 rcvbuf_drops=0 rcvbuf_scope=netns
RUNTIME c1s-400-BLKb s42 rep=2 attempt=1 14s rc=0
S3ROW {"arm": "BLKb", "busy_last": null, "busy_med": null, "cad_cli": false, "cad_srv": false, "cell": "c1s-400", "cod": null, "coded_share": null, "cotenant": 0, "cpu_cli": 12.41, "cpu_srv": 7.97, "diag_lines": 0, "dnf": false, "feed_ratio_p0": null, "gates_cli": true, "gates_srv": true, "gen_guard": false, "header": ["block", "bulk"], "mbps": 273.616, "pa_cli": 0, "pa_srv": 0, "pipe_cli": ["block", "RaptorQ", "bulk"], "pipe_srv": ["block", "RaptorQ", "bulk"], "problems": [], "rc": 0, "rep": 2, "seconds": 11.695207, "seed": "42", "src": null, "status": "LIVE", "summary": true, "truth_egress_p0": 353632, "truth_gso_p0": 6.95, "truth_loss_p0": 0.000976, "truth_lost_p0": 345, "truth_rcvbuf_drops": 0, "util": 1.0611184564753748, "wall_s": 14.0, "winline_cli": false, "winline_srv": false}
=== rep=2 seed=42 cell=c1s-400 arm=WINa attempt=1 pipeline=window hint=auto spec=c1/c1/single bytes=400000000 12:50:21
COTENANT c1s-400-WINa s42 rep=2 before=0 after=0 load=2.37 1.98 1.57
--- RWM-C perf pipeline=window mode=single hint=auto A=c1 B=c1 ooo=0 extra='' T=default (400000000 x 1) start=14:50:23
{"bytes":400000000,"dnf":0,"hint":"auto","max_s":12.8299,"mean_mbps":249.418,"mean_s":12.8299,"median_s":12.8299,"min_s":12.8299,"proto":"rp-native","runs":1,"stdev_s":0.0,"summary":true}
    CPU: CPUSRV=13.63s CPUCLI=17.09s (srv=decoder cli=sender; whole-invocation incl warmup)
    [TRUTH] leg=0 dev=cli0 egress_dgrams=368021 egress_skbs=54676 gso=6.73 netem_sent_dgrams=367641 netem_dropped_skbs=59 backlog=0 lost=380 loss=0.001033 rcvbuf_drops=2 rcvbuf_scope=netns
RUNTIME c1s-400-WINa s42 rep=2 attempt=1 15s rc=0
S3ROW {"arm": "WINa", "busy_last": 62.0, "busy_med": 56.0, "cad_cli": false, "cad_srv": false, "cell": "c1s-400", "cod": 25330, "coded_share": 0.06990401651423746, "cotenant": 0, "cpu_cli": 17.09, "cpu_srv": 13.63, "diag_lines": 51, "dnf": false, "feed_ratio_p0": 1.0648596321393997, "gates_cli": true, "gates_srv": true, "gen_guard": false, "header": ["window", "auto"], "mbps": 249.418, "pa_cli": 0, "pa_srv": 0, "pipe_cli": ["window", "Rlc", "auto"], "pipe_srv": ["window", "Rlc", "auto"], "plc_p0": 0.0011, "plu_last_p0": 0.0354, "plu_med_p0": 0.0354, "problems": [], "rc": 0, "rep": 2, "seconds": 12.829887, "seed": "42", "src": 337024, "status": "LIVE", "summary": true, "truth_egress_p0": 368021, "truth_gso_p0": 6.73, "truth_loss_p0": 0.001033, "truth_lost_p0": 380, "truth_rcvbuf_drops": 2, "util": 1.3320460265939988, "wall_s": 15.0, "winline_cli": true, "winline_srv": true}
=== rep=2 seed=42 cell=c1s-400 arm=BLKa attempt=1 pipeline=block hint=auto spec=c1/c1/single bytes=400000000 12:50:36
COTENANT c1s-400-BLKa s42 rep=2 before=0 after=0 load=2.52 2.03 1.60
--- RWM-C perf pipeline=block mode=single hint=auto A=c1 B=c1 ooo=0 extra='' T=default (400000000 x 1) start=14:50:37
{"bytes":400000000,"dnf":0,"hint":"auto","max_s":20.2271,"mean_mbps":158.204,"mean_s":20.2271,"median_s":20.2271,"min_s":20.2271,"proto":"rp-native","runs":1,"stdev_s":0.0,"summary":true}
    CPU: CPUSRV=11.73s CPUCLI=19.74s (srv=decoder cli=sender; whole-invocation incl warmup)
    [TRUTH] leg=0 dev=cli0 egress_dgrams=480822 egress_skbs=67686 gso=7.10 netem_sent_dgrams=480300 netem_dropped_skbs=72 backlog=0 lost=522 loss=0.001086 rcvbuf_drops=0 rcvbuf_scope=netns
RUNTIME c1s-400-BLKa s42 rep=2 attempt=1 22s rc=0
S3ROW {"arm": "BLKa", "busy_last": null, "busy_med": null, "cad_cli": false, "cad_srv": false, "cell": "c1s-400", "cod": null, "coded_share": null, "cotenant": 0, "cpu_cli": 19.74, "cpu_srv": 11.73, "diag_lines": 0, "dnf": false, "feed_ratio_p0": null, "gates_cli": true, "gates_srv": true, "gen_guard": false, "header": ["block", "auto"], "mbps": 158.204, "pa_cli": 0, "pa_srv": 0, "pipe_cli": ["block", "RaptorQ", "auto"], "pipe_srv": ["block", "RaptorQ", "auto"], "problems": [], "rc": 0, "rep": 2, "seconds": 20.227096, "seed": "42", "src": null, "status": "LIVE", "summary": true, "truth_egress_p0": 480822, "truth_gso_p0": 7.1, "truth_loss_p0": 0.001086, "truth_lost_p0": 522, "truth_rcvbuf_drops": 0, "util": 0.9759186390374575, "wall_s": 22.0, "winline_cli": false, "winline_srv": false}
=== rep=2 seed=42 cell=c1s-400 arm=A1 attempt=1 pipeline=window hint=bulk spec=c1/c1/single bytes=400000000 12:50:58
COTENANT c1s-400-A1 s42 rep=2 before=0 after=0 load=3.49 2.26 1.68
--- RWM-C perf pipeline=window mode=single hint=bulk A=c1 B=c1 ooo=0 extra='' T=default (400000000 x 1) start=14:51:00
{"bytes":400000000,"dnf":0,"hint":"bulk","max_s":10.5563,"mean_mbps":303.137,"mean_s":10.5563,"median_s":10.5563,"min_s":10.5563,"proto":"rp-native","runs":1,"stdev_s":0.0,"summary":true}
    CPU: CPUSRV=11.94s CPUCLI=14.45s (srv=decoder cli=sender; whole-invocation incl warmup)
    [TRUTH] leg=0 dev=cli0 egress_dgrams=343020 egress_skbs=40290 gso=8.51 netem_sent_dgrams=342591 netem_dropped_skbs=50 backlog=0 lost=429 loss=0.001251 rcvbuf_drops=14 rcvbuf_scope=netns
RUNTIME c1s-400-A1 s42 rep=2 attempt=1 13s rc=0
S3ROW {"arm": "A1", "busy_last": 62.0, "busy_med": 52.5, "cad_cli": false, "cad_srv": false, "cell": "c1s-400", "cod": 77, "coded_share": 0.00022823132578687937, "cotenant": 0, "cpu_cli": 14.45, "cpu_srv": 11.94, "diag_lines": 42, "dnf": false, "feed_ratio_p0": 1.3589128697042365, "gates_cli": true, "gates_srv": true, "gen_guard": false, "header": ["window", "bulk"], "mbps": 303.137, "pa_cli": 0, "pa_srv": 0, "pipe_cli": ["window", "Rlc", "bulk"], "pipe_srv": ["window", "Rlc", "bulk"], "plc_p0": 0.0017, "plu_last_p0": 0.0354, "plu_med_p0": 0.0354, "problems": [], "rc": 0, "rep": 2, "seconds": 10.556296, "seed": "42", "src": 337300, "status": "LIVE", "summary": true, "truth_egress_p0": 343020, "truth_gso_p0": 8.51, "truth_loss_p0": 0.001251, "truth_lost_p0": 429, "truth_rcvbuf_drops": 14, "util": 1.3688513471012937, "wall_s": 13.0, "winline_cli": true, "winline_srv": true}
=== rep=2 seed=42 cell=c1s-400 arm=A2 attempt=1 pipeline=window hint=bulk spec=c1/c1/single bytes=400000000 12:51:11
COTENANT c1s-400-A2 s42 rep=2 before=0 after=0 load=4.58 2.54 1.77
--- RWM-C perf pipeline=window mode=single hint=bulk A=c1 B=c1 ooo=0 extra='' T=default (400000000 x 1) start=14:51:12
{"bytes":400000000,"dnf":0,"hint":"bulk","max_s":10.6359,"mean_mbps":300.869,"mean_s":10.6359,"median_s":10.6359,"min_s":10.6359,"proto":"rp-native","runs":1,"stdev_s":0.0,"summary":true}
    CPU: CPUSRV=11.93s CPUCLI=14.38s (srv=decoder cli=sender; whole-invocation incl warmup)
    [TRUTH] leg=0 dev=cli0 egress_dgrams=343299 egress_skbs=40446 gso=8.49 netem_sent_dgrams=342866 netem_dropped_skbs=50 backlog=0 lost=433 loss=0.001261 rcvbuf_drops=28 rcvbuf_scope=netns
RUNTIME c1s-400-A2 s42 rep=2 attempt=1 13s rc=0
S3ROW {"arm": "A2", "busy_last": 56.0, "busy_med": 53.0, "cad_cli": false, "cad_srv": false, "cell": "c1s-400", "cod": 91, "coded_share": 0.00027181786410899, "cotenant": 0, "cpu_cli": 14.38, "cpu_srv": 11.93, "diag_lines": 42, "dnf": false, "feed_ratio_p0": 1.6653449643140363, "gates_cli": true, "gates_srv": true, "gen_guard": false, "header": ["window", "bulk"], "mbps": 300.869, "pa_cli": 0, "pa_srv": 0, "pipe_cli": ["window", "Rlc", "bulk"], "pipe_srv": ["window", "Rlc", "bulk"], "plc_p0": 0.0021, "plu_last_p0": 0.0354, "plu_med_p0": 0.0354, "problems": [], "rc": 0, "rep": 2, "seconds": 10.635857, "seed": "42", "src": 334692, "status": "LIVE", "summary": true, "truth_egress_p0": 343299, "truth_gso_p0": 8.49, "truth_loss_p0": 0.001261, "truth_lost_p0": 433, "truth_rcvbuf_drops": 28, "util": 1.3520302125160202, "wall_s": 13.0, "winline_cli": true, "winline_srv": true}
=== rep=2 seed=42 cell=c1d-400 arm=CAD attempt=1 pipeline=window hint=bulk spec=c1/c1/dual bytes=400000000 12:51:24
COTENANT c1d-400-CAD s42 rep=2 before=0 after=0 load=5.83 2.90 1.91
--- RWM-C perf pipeline=window mode=dual hint=bulk A=c1 B=c1 ooo=0 extra='' T=default (400000000 x 1) start=14:51:25
{"bytes":400000000,"dnf":0,"hint":"bulk","max_s":11.6534,"mean_mbps":274.598,"mean_s":11.6534,"median_s":11.6534,"min_s":11.6534,"proto":"rp-native","runs":1,"stdev_s":0.0,"summary":true}
    CPU: CPUSRV=16.99s CPUCLI=19.51s (srv=decoder cli=sender; whole-invocation incl warmup)
    [TRUTH] leg=0 dev=cli0 egress_dgrams=181423 egress_skbs=59761 gso=3.04 netem_sent_dgrams=181254 netem_dropped_skbs=69 backlog=0 lost=169 loss=0.000932 rcvbuf_drops=0 rcvbuf_scope=netns
    [TRUTH] leg=1 dev=cli1 egress_dgrams=171158 egress_skbs=59152 gso=2.89 netem_sent_dgrams=171029 netem_dropped_skbs=52 backlog=0 lost=129 loss=0.000754 rcvbuf_drops=0 rcvbuf_scope=netns
RUNTIME c1d-400-CAD s42 rep=2 attempt=1 13s rc=0
S3ROW {"arm": "CAD", "busy_last": 88.0, "busy_med": 83.0, "cad_cli": true, "cad_srv": true, "cell": "c1d-400", "cod": 130, "coded_share": 0.00038893393209213546, "cotenant": 0, "cpu_cli": 19.51, "cpu_srv": 16.99, "diag_lines": 46, "dnf": false, "feed_ratio_p0": 0.9656652360515021, "feed_ratio_p1": 1.0610079575596818, "gates_cli": true, "gates_srv": true, "gen_guard": false, "header": ["window", "bulk"], "mbps": 274.598, "pa_cli": 0, "pa_srv": 0, "pipe_cli": ["window", "Rlc", "bulk"], "pipe_srv": ["window", "Rlc", "bulk"], "plc_p0": 0.0009, "plc_p1": 0.0008, "plu_last_p0": 0.0012, "plu_last_p1": 0.0013, "plu_med_p0": 0.0009, "plu_med_p1": 0.0012, "problems": [], "rc": 0, "rep": 2, "seconds": 11.653405, "seed": "42", "src": 334117, "status": "LIVE", "summary": true, "truth_egress_p0": 181423, "truth_egress_p1": 171158, "truth_gso_p0": 3.04, "truth_gso_p1": 2.89, "truth_loss_p0": 0.000932, "truth_loss_p1": 0.000754, "truth_lost_p0": 169, "truth_lost_p1": 129, "truth_rcvbuf_drops": 0, "util": 1.6741887885986972, "wall_s": 13.0, "winline_cli": true, "winline_srv": true}
=== rep=2 seed=42 cell=c1d-400 arm=A1 attempt=1 pipeline=window hint=bulk spec=c1/c1/dual bytes=400000000 12:51:38
COTENANT c1d-400-A1 s42 rep=2 before=0 after=0 load=6.52 3.24 2.04
--- RWM-C perf pipeline=window mode=dual hint=bulk A=c1 B=c1 ooo=0 extra='' T=default (400000000 x 1) start=14:51:39
{"bytes":400000000,"dnf":0,"hint":"bulk","max_s":15.2878,"mean_mbps":209.317,"mean_s":15.2878,"median_s":15.2878,"min_s":15.2878,"proto":"rp-native","runs":1,"stdev_s":0.0,"summary":true}
    CPU: CPUSRV=18.54s CPUCLI=25.73s (srv=decoder cli=sender; whole-invocation incl warmup)
    [TRUTH] leg=0 dev=cli0 egress_dgrams=251294 egress_skbs=61022 gso=4.12 netem_sent_dgrams=251034 netem_dropped_skbs=71 backlog=0 lost=260 loss=0.001035 rcvbuf_drops=6 rcvbuf_scope=netns
    [TRUTH] leg=1 dev=cli1 egress_dgrams=103175 egress_skbs=36516 gso=2.83 netem_sent_dgrams=103104 netem_dropped_skbs=27 backlog=0 lost=71 loss=0.000688 rcvbuf_drops=6 rcvbuf_scope=netns
RUNTIME c1d-400-A1 s42 rep=2 attempt=1 17s rc=0
S3ROW {"arm": "A1", "busy_last": 90.0, "busy_med": 87.0, "cad_cli": false, "cad_srv": false, "cell": "c1d-400", "cod": 395, "coded_share": 0.0011677511477959067, "cotenant": 0, "cpu_cli": 25.73, "cpu_srv": 18.54, "diag_lines": 61, "dnf": false, "feed_ratio_p0": 1.2560386473429952, "feed_ratio_p1": 1.0174418604651163, "gates_cli": true, "gates_srv": true, "gen_guard": false, "header": ["window", "bulk"], "mbps": 209.317, "pa_cli": 0, "pa_srv": 0, "pipe_cli": ["window", "Rlc", "bulk"], "pipe_srv": ["window", "Rlc", "bulk"], "plc_p0": 0.0013, "plc_p1": 0.0007, "plu_last_p0": 0.0354, "plu_last_p1": 0.0354, "plu_med_p0": 0.0354, "plu_med_p1": 0.0354, "problems": [], "rc": 0, "rep": 2, "seconds": 15.28782, "seed": "42", "src": 337862, "status": "LIVE", "summary": true, "truth_egress_p0": 251294, "truth_egress_p1": 103175, "truth_gso_p0": 4.12, "truth_gso_p1": 2.83, "truth_loss_p0": 0.001035, "truth_loss_p1": 0.000688, "truth_lost_p0": 260, "truth_lost_p1": 71, "truth_rcvbuf_drops": 6, "util": 1.6830391775936662, "wall_s": 17.0, "winline_cli": true, "winline_srv": true}
=== rep=2 seed=42 cell=c1d-400 arm=A2 attempt=1 pipeline=window hint=bulk spec=c1/c1/dual bytes=400000000 12:51:55
COTENANT c1d-400-A2 s42 rep=2 before=0 after=0 load=6.73 3.44 2.12
--- RWM-C perf pipeline=window mode=dual hint=bulk A=c1 B=c1 ooo=0 extra='' T=default (400000000 x 1) start=14:51:57
{"bytes":400000000,"dnf":0,"hint":"bulk","max_s":16.6706,"mean_mbps":191.955,"mean_s":16.6706,"median_s":16.6706,"min_s":16.6706,"proto":"rp-native","runs":1,"stdev_s":0.0,"summary":true}
    CPU: CPUSRV=20.80s CPUCLI=29.05s (srv=decoder cli=sender; whole-invocation incl warmup)
    [TRUTH] leg=0 dev=cli0 egress_dgrams=179031 egress_skbs=67188 gso=2.66 netem_sent_dgrams=178832 netem_dropped_skbs=72 backlog=0 lost=199 loss=0.001112 rcvbuf_drops=0 rcvbuf_scope=netns
    [TRUTH] leg=1 dev=cli1 egress_dgrams=181146 egress_skbs=67100 gso=2.70 netem_sent_dgrams=180968 netem_dropped_skbs=59 backlog=0 lost=178 loss=0.000983 rcvbuf_drops=0 rcvbuf_scope=netns
RUNTIME c1d-400-A2 s42 rep=2 attempt=1 19s rc=0
S3ROW {"arm": "A2", "busy_last": 93.0, "busy_med": 87.0, "cad_cli": false, "cad_srv": false, "cell": "c1d-400", "cod": 152, "coded_share": 0.0004542615410822781, "cotenant": 0, "cpu_cli": 29.05, "cpu_srv": 20.8, "diag_lines": 66, "dnf": false, "feed_ratio_p0": 0.9892086330935254, "feed_ratio_p1": 0.9155645981688708, "gates_cli": true, "gates_srv": true, "gen_guard": false, "header": ["window", "bulk"], "mbps": 191.955, "pa_cli": 0, "pa_srv": 0, "pipe_cli": ["window", "Rlc", "bulk"], "pipe_srv": ["window", "Rlc", "bulk"], "plc_p0": 0.0011, "plc_p1": 0.0009, "plu_last_p0": 0.0354, "plu_last_p1": 0.0354, "plu_med_p0": 0.0354, "plu_med_p1": 0.0354, "problems": [], "rc": 0, "rep": 2, "seconds": 16.670574, "seed": "42", "src": 334457, "status": "LIVE", "summary": true, "truth_egress_p0": 179031, "truth_egress_p1": 181146, "truth_gso_p0": 2.66, "truth_gso_p1": 2.7, "truth_loss_p0": 0.001112, "truth_loss_p1": 0.000983, "truth_lost_p0": 199, "truth_lost_p1": 178, "truth_rcvbuf_drops": 0, "util": 1.7425914668565103, "wall_s": 19.0, "winline_cli": true, "winline_srv": true}
=== rep=2 seed=42 cell=c2-100 arm=CAD attempt=1 pipeline=window hint=bulk spec=c2/c2/single bytes=100000000 12:52:14
COTENANT c2-100-CAD s42 rep=2 before=0 after=0 load=5.40 3.30 2.10
--- RWM-C perf pipeline=window mode=single hint=bulk A=c2 B=c2 ooo=0 extra='' T=default (100000000 x 1) start=14:52:15
{"bytes":100000000,"dnf":0,"hint":"bulk","max_s":8.9565,"mean_mbps":89.32,"mean_s":8.9565,"median_s":8.9565,"min_s":8.9565,"proto":"rp-native","runs":1,"stdev_s":0.0,"summary":true}
    CPU: CPUSRV=4.49s CPUCLI=3.84s (srv=decoder cli=sender; whole-invocation incl warmup)
    [TRUTH] leg=0 dev=cli0 egress_dgrams=89636 egress_skbs=15709 gso=5.71 netem_sent_dgrams=87440 netem_dropped_skbs=408 backlog=0 lost=2196 loss=0.024499 rcvbuf_drops=0 rcvbuf_scope=netns
RUNTIME c2-100-CAD s42 rep=2 attempt=1 11s rc=0
S3ROW {"arm": "CAD", "busy_last": 15.0, "busy_med": 16.0, "cad_cli": true, "cad_srv": true, "cell": "c2-100", "cod": 402, "coded_share": 0.004777297143128773, "cotenant": 0, "cpu_cli": 3.84, "cpu_srv": 4.49, "diag_lines": 35, "dnf": false, "feed_ratio_p0": 0.975550022449896, "gates_cli": true, "gates_srv": true, "gen_guard": false, "header": ["window", "bulk"], "mbps": 89.32, "pa_cli": 0, "pa_srv": 0, "pipe_cli": ["window", "Rlc", "bulk"], "pipe_srv": ["window", "Rlc", "bulk"], "plc_p0": 0.0239, "plu_last_p0": 0.0038, "plu_med_p0": 0.0072, "problems": [], "rc": 0, "rep": 2, "seconds": 8.95653, "seed": "42", "src": 83746, "status": "LIVE", "summary": true, "truth_egress_p0": 89636, "truth_gso_p0": 5.71, "truth_loss_p0": 0.024499, "truth_lost_p0": 2196, "truth_rcvbuf_drops": 0, "util": 0.4287374686401988, "wall_s": 11.0, "winline_cli": true, "winline_srv": true}
=== rep=2 seed=42 cell=c2-100 arm=BLKb attempt=1 pipeline=block hint=bulk spec=c2/c2/single bytes=100000000 12:52:25
COTENANT c2-100-BLKb s42 rep=2 before=0 after=0 load=4.73 3.23 2.09
--- RWM-C perf pipeline=block mode=single hint=bulk A=c2 B=c2 ooo=0 extra='' T=default (100000000 x 1) start=14:52:27
{"bytes":100000000,"dnf":0,"hint":"bulk","max_s":9.2074,"mean_mbps":86.887,"mean_s":9.2074,"median_s":9.2074,"min_s":9.2074,"proto":"rp-native","runs":1,"stdev_s":0.0,"summary":true}
    CPU: CPUSRV=3.05s CPUCLI=4.01s (srv=decoder cli=sender; whole-invocation incl warmup)
    [TRUTH] leg=0 dev=cli0 egress_dgrams=92259 egress_skbs=17349 gso=5.32 netem_sent_dgrams=89811 netem_dropped_skbs=464 backlog=0 lost=2448 loss=0.026534 rcvbuf_drops=0 rcvbuf_scope=netns
RUNTIME c2-100-BLKb s42 rep=2 attempt=1 11s rc=0
S3ROW {"arm": "BLKb", "busy_last": null, "busy_med": null, "cad_cli": false, "cad_srv": false, "cell": "c2-100", "cod": null, "coded_share": null, "cotenant": 0, "cpu_cli": 4.01, "cpu_srv": 3.05, "diag_lines": 0, "dnf": false, "feed_ratio_p0": null, "gates_cli": true, "gates_srv": true, "gen_guard": false, "header": ["block", "bulk"], "mbps": 86.887, "pa_cli": 0, "pa_srv": 0, "pipe_cli": ["block", "RaptorQ", "bulk"], "pipe_srv": ["block", "RaptorQ", "bulk"], "problems": [], "rc": 0, "rep": 2, "seconds": 9.207393, "seed": "42", "src": null, "status": "LIVE", "summary": true, "truth_egress_p0": 92259, "truth_gso_p0": 5.32, "truth_loss_p0": 0.026534, "truth_lost_p0": 2448, "truth_rcvbuf_drops": 0, "util": 0.4355195873576809, "wall_s": 11.0, "winline_cli": false, "winline_srv": false}
=== rep=2 seed=42 cell=c2-100 arm=WINa attempt=1 pipeline=window hint=auto spec=c2/c2/single bytes=100000000 12:52:36
COTENANT c2-100-WINa s42 rep=2 before=0 after=0 load=4.15 3.15 2.07
--- RWM-C perf pipeline=window mode=single hint=auto A=c2 B=c2 ooo=0 extra='' T=default (100000000 x 1) start=14:52:38
{"bytes":100000000,"dnf":0,"hint":"auto","max_s":10.897,"mean_mbps":73.415,"mean_s":10.897,"median_s":10.897,"min_s":10.897,"proto":"rp-native","runs":1,"stdev_s":0.0,"summary":true}
    CPU: CPUSRV=6.12s CPUCLI=6.30s (srv=decoder cli=sender; whole-invocation incl warmup)
    [TRUTH] leg=0 dev=cli0 egress_dgrams=112981 egress_skbs=27756 gso=4.07 netem_sent_dgrams=110164 netem_dropped_skbs=687 backlog=0 lost=2817 loss=0.024933 rcvbuf_drops=0 rcvbuf_scope=netns
RUNTIME c2-100-WINa s42 rep=2 attempt=1 13s rc=0
S3ROW {"arm": "WINa", "busy_last": 20.0, "busy_med": 25.0, "cad_cli": false, "cad_srv": false, "cell": "c2-100", "cod": 19078, "coded_share": 0.18400493817634692, "cotenant": 0, "cpu_cli": 6.3, "cpu_srv": 6.12, "diag_lines": 43, "dnf": false, "feed_ratio_p0": 1.0026872017005575, "gates_cli": true, "gates_srv": true, "gen_guard": false, "header": ["window", "auto"], "mbps": 73.415, "pa_cli": 0, "pa_srv": 0, "pipe_cli": ["window", "Rlc", "auto"], "pipe_srv": ["window", "Rlc", "auto"], "plc_p0": 0.025, "plu_last_p0": 0.1523, "plu_med_p0": 0.0361, "problems": [], "rc": 0, "rep": 2, "seconds": 10.897008, "seed": "42", "src": 84604, "status": "LIVE", "summary": true, "truth_egress_p0": 112981, "truth_gso_p0": 4.07, "truth_loss_p0": 0.024933, "truth_lost_p0": 2817, "truth_rcvbuf_drops": 0, "util": 0.5781403482497214, "wall_s": 13.0, "winline_cli": true, "winline_srv": true}
=== rep=2 seed=42 cell=c2-100 arm=BLKa attempt=1 pipeline=block hint=auto spec=c2/c2/single bytes=100000000 12:52:49
COTENANT c2-100-BLKa s42 rep=2 before=0 after=0 load=3.04 2.96 2.04
--- RWM-C perf pipeline=block mode=single hint=auto A=c2 B=c2 ooo=0 extra='' T=default (100000000 x 1) start=14:52:51
{"bytes":100000000,"dnf":0,"hint":"auto","max_s":14.0975,"mean_mbps":56.748,"mean_s":14.0975,"median_s":14.0975,"min_s":14.0975,"proto":"rp-native","runs":1,"stdev_s":0.0,"summary":true}
    CPU: CPUSRV=4.52s CPUCLI=6.18s (srv=decoder cli=sender; whole-invocation incl warmup)
    [TRUTH] leg=0 dev=cli0 egress_dgrams=139414 egress_skbs=25104 gso=5.55 netem_sent_dgrams=135998 netem_dropped_skbs=619 backlog=0 lost=3416 loss=0.024503 rcvbuf_drops=0 rcvbuf_scope=netns
RUNTIME c2-100-BLKa s42 rep=2 attempt=1 16s rc=0
S3ROW {"arm": "BLKa", "busy_last": null, "busy_med": null, "cad_cli": false, "cad_srv": false, "cell": "c2-100", "cod": null, "coded_share": null, "cotenant": 0, "cpu_cli": 6.18, "cpu_srv": 4.52, "diag_lines": 0, "dnf": false, "feed_ratio_p0": null, "gates_cli": true, "gates_srv": true, "gen_guard": false, "header": ["block", "auto"], "mbps": 56.748, "pa_cli": 0, "pa_srv": 0, "pipe_cli": ["block", "RaptorQ", "auto"], "pipe_srv": ["block", "RaptorQ", "auto"], "problems": [], "rc": 0, "rep": 2, "seconds": 14.097458, "seed": "42", "src": null, "status": "LIVE", "summary": true, "truth_egress_p0": 139414, "truth_gso_p0": 5.55, "truth_loss_p0": 0.024503, "truth_lost_p0": 3416, "truth_rcvbuf_drops": 0, "util": 0.4383769045454861, "wall_s": 16.0, "winline_cli": false, "winline_srv": false}
=== rep=2 seed=42 cell=c2-100 arm=A1 attempt=1 pipeline=window hint=bulk spec=c2/c2/single bytes=100000000 12:53:05
COTENANT c2-100-A1 s42 rep=2 before=0 after=0 load=2.73 2.90 2.02
--- RWM-C perf pipeline=window mode=single hint=bulk A=c2 B=c2 ooo=0 extra='' T=default (100000000 x 1) start=14:53:07
{"bytes":100000000,"dnf":0,"hint":"bulk","max_s":8.9884,"mean_mbps":89.004,"mean_s":8.9884,"median_s":8.9884,"min_s":8.9884,"proto":"rp-native","runs":1,"stdev_s":0.0,"summary":true}
    CPU: CPUSRV=4.94s CPUCLI=5.16s (srv=decoder cli=sender; whole-invocation incl warmup)
    [TRUTH] leg=0 dev=cli0 egress_dgrams=94901 egress_skbs=19424 gso=4.89 netem_sent_dgrams=92347 netem_dropped_skbs=504 backlog=0 lost=2554 loss=0.026912 rcvbuf_drops=0 rcvbuf_scope=netns
RUNTIME c2-100-A1 s42 rep=2 attempt=1 11s rc=0
S3ROW {"arm": "A1", "busy_last": 18.0, "busy_med": 19.0, "cad_cli": false, "cad_srv": false, "cell": "c2-100", "cod": 442, "coded_share": 0.0052647878600185815, "cotenant": 0, "cpu_cli": 5.16, "cpu_srv": 4.94, "diag_lines": 35, "dnf": false, "feed_ratio_p0": 1.0181331747919145, "gates_cli": true, "gates_srv": true, "gen_guard": false, "header": ["window", "bulk"], "mbps": 89.004, "pa_cli": 0, "pa_srv": 0, "pipe_cli": ["window", "Rlc", "bulk"], "pipe_srv": ["window", "Rlc", "bulk"], "plc_p0": 0.0274, "plu_last_p0": 0.0469, "plu_med_p0": 0.0354, "problems": [], "rc": 0, "rep": 2, "seconds": 8.988372, "seed": "42", "src": 83512, "status": "LIVE", "summary": true, "truth_egress_p0": 94901, "truth_gso_p0": 4.89, "truth_loss_p0": 0.026912, "truth_lost_p0": 2554, "truth_rcvbuf_drops": 0, "util": 0.5740750382827947, "wall_s": 11.0, "winline_cli": true, "winline_srv": true}
=== rep=2 seed=42 cell=c2-100 arm=A2 attempt=1 pipeline=window hint=bulk spec=c2/c2/single bytes=100000000 12:53:17
COTENANT c2-100-A2 s42 rep=2 before=0 after=0 load=2.54 2.85 2.02
--- RWM-C perf pipeline=window mode=single hint=bulk A=c2 B=c2 ooo=0 extra='' T=default (100000000 x 1) start=14:53:18
{"bytes":100000000,"dnf":0,"hint":"bulk","max_s":9.0733,"mean_mbps":88.17,"mean_s":9.0733,"median_s":9.0733,"min_s":9.0733,"proto":"rp-native","runs":1,"stdev_s":0.0,"summary":true}
    CPU: CPUSRV=4.80s CPUCLI=4.97s (srv=decoder cli=sender; whole-invocation incl warmup)
    [TRUTH] leg=0 dev=cli0 egress_dgrams=91381 egress_skbs=18465 gso=4.95 netem_sent_dgrams=88990 netem_dropped_skbs=484 backlog=0 lost=2391 loss=0.026165 rcvbuf_drops=0 rcvbuf_scope=netns
RUNTIME c2-100-A2 s42 rep=2 attempt=1 11s rc=0
S3ROW {"arm": "A2", "busy_last": 19.0, "busy_med": 19.0, "cad_cli": false, "cad_srv": false, "cell": "c2-100", "cod": 446, "coded_share": 0.005243974132863022, "cotenant": 0, "cpu_cli": 4.97, "cpu_srv": 4.8, "diag_lines": 36, "dnf": false, "feed_ratio_p0": 1.0051595643034588, "gates_cli": true, "gates_srv": true, "gen_guard": false, "header": ["window", "bulk"], "mbps": 88.17, "pa_cli": 0, "pa_srv": 0, "pipe_cli": ["window", "Rlc", "bulk"], "pipe_srv": ["window", "Rlc", "bulk"], "plc_p0": 0.0263, "plu_last_p0": 0.0354, "plu_med_p0": 0.0354, "problems": [], "rc": 0, "rep": 2, "seconds": 9.073345, "seed": "42", "src": 84604, "status": "LIVE", "summary": true, "truth_egress_p0": 91381, "truth_gso_p0": 4.95, "truth_loss_p0": 0.026165, "truth_lost_p0": 2391, "truth_rcvbuf_drops": 0, "util": 0.5477582964165917, "wall_s": 11.0, "winline_cli": true, "winline_srv": true}
=== rep=2 seed=42 cell=c3-25 arm=CAD attempt=1 pipeline=window hint=bulk spec=c3/c3/single bytes=25000000 12:53:28
COTENANT c3-25-CAD s42 rep=2 before=0 after=0 load=1.98 2.71 1.98
--- RWM-C perf pipeline=window mode=single hint=bulk A=c3 B=c3 ooo=0 extra='' T=default (25000000 x 1) start=14:53:29
{"bytes":25000000,"dnf":0,"hint":"bulk","max_s":11.6148,"mean_mbps":17.219,"mean_s":11.6148,"median_s":11.6148,"min_s":11.6148,"proto":"rp-native","runs":1,"stdev_s":0.0,"summary":true}
    CPU: CPUSRV=1.50s CPUCLI=1.82s (srv=decoder cli=sender; whole-invocation incl warmup)
    [TRUTH] leg=0 dev=cli0 egress_dgrams=26531 egress_skbs=7599 gso=3.49 netem_sent_dgrams=25242 netem_dropped_skbs=383 backlog=1 lost=1288 loss=0.048547 rcvbuf_drops=0 rcvbuf_scope=netns
RUNTIME c3-25-CAD s42 rep=2 attempt=1 13s rc=0
S3ROW {"arm": "CAD", "busy_last": 7.0, "busy_med": 6.0, "cad_cli": true, "cad_srv": true, "cell": "c3-25", "cod": 221, "coded_share": 0.010340148785851308, "cotenant": 0, "cpu_cli": 1.82, "cpu_srv": 1.5, "diag_lines": 46, "dnf": false, "feed_ratio_p0": 0.976373411333347, "gates_cli": true, "gates_srv": true, "gen_guard": false, "header": ["window", "bulk"], "mbps": 17.219, "pa_cli": 0, "pa_srv": 0, "pipe_cli": ["window", "Rlc", "bulk"], "pipe_srv": ["window", "Rlc", "bulk"], "plc_p0": 0.0474, "plu_last_p0": 0.1735, "plu_med_p0": 0.03845, "problems": [], "rc": 0, "rep": 2, "seconds": 11.614845, "seed": "42", "src": 21152, "status": "LIVE", "summary": true, "truth_egress_p0": 26531, "truth_gso_p0": 3.49, "truth_loss_p0": 0.048547, "truth_lost_p0": 1288, "truth_rcvbuf_drops": 0, "util": 0.15669602134165372, "wall_s": 13.0, "winline_cli": true, "winline_srv": true}
=== rep=2 seed=42 cell=c3-25 arm=BLKb attempt=1 pipeline=block hint=bulk spec=c3/c3/single bytes=25000000 12:53:42
COTENANT c3-25-BLKb s42 rep=2 before=0 after=0 load=1.54 2.58 1.95
--- RWM-C perf pipeline=block mode=single hint=bulk A=c3 B=c3 ooo=0 extra='' T=default (25000000 x 1) start=14:53:43
{"bytes":25000000,"dnf":0,"hint":"bulk","max_s":12.525,"mean_mbps":15.968,"mean_s":12.525,"median_s":12.525,"min_s":12.525,"proto":"rp-native","runs":1,"stdev_s":0.0,"summary":true}
    CPU: CPUSRV=1.56s CPUCLI=2.03s (srv=decoder cli=sender; whole-invocation incl warmup)
    [TRUTH] leg=0 dev=cli0 egress_dgrams=29710 egress_skbs=11810 gso=2.52 netem_sent_dgrams=28203 netem_dropped_skbs=574 backlog=145 lost=1362 loss=0.045843 rcvbuf_drops=0 rcvbuf_scope=netns
RUNTIME c3-25-BLKb s42 rep=2 attempt=1 14s rc=0
S3ROW {"arm": "BLKb", "busy_last": null, "busy_med": null, "cad_cli": false, "cad_srv": false, "cell": "c3-25", "cod": null, "coded_share": null, "cotenant": 0, "cpu_cli": 2.03, "cpu_srv": 1.56, "diag_lines": 0, "dnf": false, "feed_ratio_p0": null, "gates_cli": true, "gates_srv": true, "gen_guard": false, "header": ["block", "bulk"], "mbps": 15.968, "pa_cli": 0, "pa_srv": 0, "pipe_cli": ["block", "RaptorQ", "bulk"], "pipe_srv": ["block", "RaptorQ", "bulk"], "problems": [], "rc": 0, "rep": 2, "seconds": 12.525043, "seed": "42", "src": null, "status": "LIVE", "summary": true, "truth_egress_p0": 29710, "truth_gso_p0": 2.52, "truth_loss_p0": 0.045843, "truth_lost_p0": 1362, "truth_rcvbuf_drops": 0, "util": 0.16207529187724143, "wall_s": 14.0, "winline_cli": false, "winline_srv": false}
=== rep=2 seed=42 cell=c3-25 arm=WINa attempt=1 pipeline=window hint=auto spec=c3/c3/single bytes=25000000 12:53:56
COTENANT c3-25-WINa s42 rep=2 before=0 after=0 load=1.27 2.47 1.92
--- RWM-C perf pipeline=window mode=single hint=auto A=c3 B=c3 ooo=0 extra='' T=default (25000000 x 1) start=14:53:58
{"bytes":25000000,"dnf":0,"hint":"auto","max_s":13.2951,"mean_mbps":15.043,"mean_s":13.2951,"median_s":13.2951,"min_s":13.2951,"proto":"rp-native","runs":1,"stdev_s":0.0,"summary":true}
    CPU: CPUSRV=1.79s CPUCLI=2.54s (srv=decoder cli=sender; whole-invocation incl warmup)
    [TRUTH] leg=0 dev=cli0 egress_dgrams=29542 egress_skbs=9587 gso=3.08 netem_sent_dgrams=28130 netem_dropped_skbs=482 backlog=1 lost=1411 loss=0.047763 rcvbuf_drops=0 rcvbuf_scope=netns
RUNTIME c3-25-WINa s42 rep=2 attempt=1 15s rc=0
S3ROW {"arm": "WINa", "busy_last": 4.0, "busy_med": 8.0, "cad_cli": false, "cad_srv": false, "cell": "c3-25", "cod": 923, "coded_share": 0.041812004530011326, "cotenant": 0, "cpu_cli": 2.54, "cpu_srv": 1.79, "diag_lines": 53, "dnf": false, "feed_ratio_p0": 0.9861189623767352, "gates_cli": true, "gates_srv": true, "gen_guard": false, "header": ["window", "auto"], "mbps": 15.043, "pa_cli": 0, "pa_srv": 0, "pipe_cli": ["window", "Rlc", "auto"], "pipe_srv": ["window", "Rlc", "auto"], "plc_p0": 0.0471, "plu_last_p0": 0.0697, "plu_med_p0": 0.046, "problems": [], "rc": 0, "rep": 2, "seconds": 13.295146, "seed": "42", "src": 21152, "status": "LIVE", "summary": true, "truth_egress_p0": 29542, "truth_gso_p0": 3.08, "truth_loss_p0": 0.047763, "truth_lost_p0": 1411, "truth_rcvbuf_drops": 0, "util": 0.191047168643353, "wall_s": 15.0, "winline_cli": true, "winline_srv": true}
=== rep=2 seed=42 cell=c3-25 arm=BLKa attempt=1 pipeline=block hint=auto spec=c3/c3/single bytes=25000000 12:54:12
COTENANT c3-25-BLKa s42 rep=2 before=0 after=0 load=0.77 2.23 1.86
--- RWM-C perf pipeline=block mode=single hint=auto A=c3 B=c3 ooo=0 extra='' T=default (25000000 x 1) start=14:54:14
{"bytes":25000000,"dnf":0,"hint":"auto","max_s":27.557,"mean_mbps":7.258,"mean_s":27.557,"median_s":27.557,"min_s":27.557,"proto":"rp-native","runs":1,"stdev_s":0.0,"summary":true}
    CPU: CPUSRV=2.54s CPUCLI=4.21s (srv=decoder cli=sender; whole-invocation incl warmup)
    [TRUTH] leg=0 dev=cli0 egress_dgrams=65918 egress_skbs=20563 gso=3.21 netem_sent_dgrams=59626 netem_dropped_skbs=1065 backlog=3082 lost=3210 loss=0.048697 rcvbuf_drops=0 rcvbuf_scope=netns
RUNTIME c3-25-BLKa s42 rep=2 attempt=1 30s rc=0
S3ROW {"arm": "BLKa", "busy_last": null, "busy_med": null, "cad_cli": false, "cad_srv": false, "cell": "c3-25", "cod": null, "coded_share": null, "cotenant": 0, "cpu_cli": 4.21, "cpu_srv": 2.54, "diag_lines": 0, "dnf": false, "feed_ratio_p0": null, "gates_cli": true, "gates_srv": true, "gen_guard": false, "header": ["block", "auto"], "mbps": 7.258, "pa_cli": 0, "pa_srv": 0, "pipe_cli": ["block", "RaptorQ", "auto"], "pipe_srv": ["block", "RaptorQ", "auto"], "problems": [], "rc": 0, "rep": 2, "seconds": 27.556958, "seed": "42", "src": null, "status": "LIVE", "summary": true, "truth_egress_p0": 65918, "truth_gso_p0": 3.21, "truth_loss_p0": 0.048697, "truth_lost_p0": 3210, "truth_rcvbuf_drops": 0, "util": 0.15277448258258403, "wall_s": 30.0, "winline_cli": false, "winline_srv": false}
=== rep=2 seed=42 cell=c3-25 arm=A1 attempt=1 pipeline=window hint=bulk spec=c3/c3/single bytes=25000000 12:54:42
COTENANT c3-25-A1 s42 rep=2 before=0 after=0 load=0.60 2.12 1.83
--- RWM-C perf pipeline=window mode=single hint=bulk A=c3 B=c3 ooo=0 extra='' T=default (25000000 x 1) start=14:54:44
{"bytes":25000000,"dnf":0,"hint":"bulk","max_s":11.5007,"mean_mbps":17.39,"mean_s":11.5007,"median_s":11.5007,"min_s":11.5007,"proto":"rp-native","runs":1,"stdev_s":0.0,"summary":true}
    CPU: CPUSRV=1.56s CPUCLI=2.14s (srv=decoder cli=sender; whole-invocation incl warmup)
    [TRUTH] leg=0 dev=cli0 egress_dgrams=26594 egress_skbs=7632 gso=3.48 netem_sent_dgrams=25176 netem_dropped_skbs=383 backlog=1 lost=1417 loss=0.053283 rcvbuf_drops=0 rcvbuf_scope=netns
RUNTIME c3-25-A1 s42 rep=2 attempt=1 14s rc=0
S3ROW {"arm": "A1", "busy_last": 5.0, "busy_med": 7.0, "cad_cli": false, "cad_srv": false, "cell": "c3-25", "cod": 242, "coded_share": 0.011311582686734599, "cotenant": 0, "cpu_cli": 2.14, "cpu_srv": 1.56, "diag_lines": 45, "dnf": false, "feed_ratio_p0": 0.9965655086988346, "gates_cli": true, "gates_srv": true, "gen_guard": false, "header": ["window", "bulk"], "mbps": 17.39, "pa_cli": 0, "pa_srv": 0, "pipe_cli": ["window", "Rlc", "bulk"], "pipe_srv": ["window", "Rlc", "bulk"], "plc_p0": 0.0531, "plu_last_p0": 0.0357, "plu_med_p0": 0.05, "problems": [], "rc": 0, "rep": 2, "seconds": 11.500681, "seed": "42", "src": 21152, "status": "LIVE", "summary": true, "truth_egress_p0": 26594, "truth_gso_p0": 3.48, "truth_loss_p0": 0.053283, "truth_lost_p0": 1417, "truth_rcvbuf_drops": 0, "util": 0.18607593759013055, "wall_s": 14.0, "winline_cli": true, "winline_srv": true}
=== rep=2 seed=42 cell=c3-25 arm=A2 attempt=1 pipeline=window hint=bulk spec=c3/c3/single bytes=25000000 12:54:56
COTENANT c3-25-A2 s42 rep=2 before=0 after=0 load=0.77 2.08 1.82
--- RWM-C perf pipeline=window mode=single hint=bulk A=c3 B=c3 ooo=0 extra='' T=default (25000000 x 1) start=14:54:58
{"bytes":25000000,"dnf":0,"hint":"bulk","max_s":11.5983,"mean_mbps":17.244,"mean_s":11.5983,"median_s":11.5983,"min_s":11.5983,"proto":"rp-native","runs":1,"stdev_s":0.0,"summary":true}
    CPU: CPUSRV=1.63s CPUCLI=2.26s (srv=decoder cli=sender; whole-invocation incl warmup)
    [TRUTH] leg=0 dev=cli0 egress_dgrams=25863 egress_skbs=8035 gso=3.22 netem_sent_dgrams=24555 netem_dropped_skbs=410 backlog=0 lost=1308 loss=0.050574 rcvbuf_drops=0 rcvbuf_scope=netns
RUNTIME c3-25-A2 s42 rep=2 attempt=1 14s rc=0
S3ROW {"arm": "A2", "busy_last": 6.0, "busy_med": 7.5, "cad_cli": false, "cad_srv": false, "cell": "c3-25", "cod": 236, "coded_share": 0.011034224798952684, "cotenant": 0, "cpu_cli": 2.26, "cpu_srv": 1.63, "diag_lines": 46, "dnf": false, "feed_ratio_p0": 0.9985367975639657, "gates_cli": true, "gates_srv": true, "gen_guard": false, "header": ["window", "bulk"], "mbps": 17.244, "pa_cli": 0, "pa_srv": 0, "pipe_cli": ["window", "Rlc", "bulk"], "pipe_srv": ["window", "Rlc", "bulk"], "plc_p0": 0.0505, "plu_last_p0": 0.0544, "plu_med_p0": 0.04375, "problems": [], "rc": 0, "rep": 2, "seconds": 11.598293, "seed": "42", "src": 21152, "status": "LIVE", "summary": true, "truth_egress_p0": 25863, "truth_gso_p0": 3.22, "truth_loss_p0": 0.050574, "truth_lost_p0": 1308, "truth_rcvbuf_drops": 0, "util": 0.19485626031347886, "wall_s": 14.0, "winline_cli": true, "winline_srv": true}
=== rep=2 seed=42 cell=c7-100 arm=CAD attempt=1 pipeline=window hint=bulk spec=c2/c2/dual bytes=100000000 12:55:10
COTENANT c7-100-CAD s42 rep=2 before=0 after=0 load=1.02 2.11 1.83
--- RWM-C perf pipeline=window mode=dual hint=bulk A=c2 B=c2 ooo=0 extra='' T=default (100000000 x 1) start=14:55:12
{"bytes":100000000,"dnf":0,"hint":"bulk","max_s":4.7651,"mean_mbps":167.888,"mean_s":4.7651,"median_s":4.7651,"min_s":4.7651,"proto":"rp-native","runs":1,"stdev_s":0.0,"summary":true}
    CPU: CPUSRV=5.84s CPUCLI=5.97s (srv=decoder cli=sender; whole-invocation incl warmup)
    [TRUTH] leg=0 dev=cli0 egress_dgrams=45963 egress_skbs=15509 gso=2.96 netem_sent_dgrams=44662 netem_dropped_skbs=400 backlog=0 lost=1301 loss=0.028305 rcvbuf_drops=0 rcvbuf_scope=netns
    [TRUTH] leg=1 dev=cli1 egress_dgrams=46505 egress_skbs=16392 gso=2.84 netem_sent_dgrams=45324 netem_dropped_skbs=397 backlog=0 lost=1181 loss=0.025395 rcvbuf_drops=0 rcvbuf_scope=netns
RUNTIME c7-100-CAD s42 rep=2 attempt=1 7s rc=0
S3ROW {"arm": "CAD", "busy_last": 17.0, "busy_med": 73.0, "cad_cli": true, "cad_srv": true, "cell": "c7-100", "cod": 588, "coded_share": 0.006902056531129684, "cotenant": 0, "cpu_cli": 5.97, "cpu_srv": 5.84, "diag_lines": 19, "dnf": false, "feed_ratio_p0": 1.0033562974739445, "feed_ratio_p1": 1.012010238235873, "gates_cli": true, "gates_srv": true, "gen_guard": false, "header": ["window", "bulk"], "mbps": 167.888, "pa_cli": 0, "pa_srv": 0, "pipe_cli": ["window", "Rlc", "bulk"], "pipe_srv": ["window", "Rlc", "bulk"], "plc_p0": 0.0284, "plc_p1": 0.0257, "plu_last_p0": 0.0307, "plu_last_p1": 0.1114, "plu_med_p0": 0.022, "plu_med_p1": 0.0256, "problems": [], "rc": 0, "rep": 2, "seconds": 4.765092, "seed": "42", "src": 84604, "status": "LIVE", "summary": true, "truth_egress_p0": 45963, "truth_egress_p1": 46505, "truth_gso_p0": 2.96, "truth_gso_p1": 2.84, "truth_loss_p0": 0.028305, "truth_loss_p1": 0.025395, "truth_lost_p0": 1301, "truth_lost_p1": 1181, "truth_rcvbuf_drops": 0, "util": 1.25286143478447, "wall_s": 7.0, "winline_cli": true, "winline_srv": true}
=== rep=2 seed=42 cell=c7-100 arm=BLKb attempt=1 pipeline=block hint=bulk spec=c2/c2/dual bytes=100000000 12:55:17
COTENANT c7-100-BLKb s42 rep=2 before=0 after=0 load=1.02 2.10 1.83
--- RWM-C perf pipeline=block mode=dual hint=bulk A=c2 B=c2 ooo=0 extra='' T=default (100000000 x 1) start=14:55:19
{"bytes":100000000,"dnf":0,"hint":"bulk","max_s":4.6597,"mean_mbps":171.686,"mean_s":4.6597,"median_s":4.6597,"min_s":4.6597,"proto":"rp-native","runs":1,"stdev_s":0.0,"summary":true}
    CPU: CPUSRV=3.17s CPUCLI=4.22s (srv=decoder cli=sender; whole-invocation incl warmup)
    [TRUTH] leg=0 dev=cli0 egress_dgrams=46809 egress_skbs=9511 gso=4.92 netem_sent_dgrams=45659 netem_dropped_skbs=242 backlog=0 lost=1150 loss=0.024568 rcvbuf_drops=0 rcvbuf_scope=netns
    [TRUTH] leg=1 dev=cli1 egress_dgrams=47067 egress_skbs=8914 gso=5.28 netem_sent_dgrams=45982 netem_dropped_skbs=200 backlog=0 lost=1085 loss=0.023052 rcvbuf_drops=0 rcvbuf_scope=netns
RUNTIME c7-100-BLKb s42 rep=2 attempt=1 7s rc=0
S3ROW {"arm": "BLKb", "busy_last": null, "busy_med": null, "cad_cli": false, "cad_srv": false, "cell": "c7-100", "cod": null, "coded_share": null, "cotenant": 0, "cpu_cli": 4.22, "cpu_srv": 3.17, "diag_lines": 0, "dnf": false, "feed_ratio_p0": null, "feed_ratio_p1": null, "gates_cli": true, "gates_srv": true, "gen_guard": false, "header": ["block", "bulk"], "mbps": 171.686, "pa_cli": 0, "pa_srv": 0, "pipe_cli": ["block", "RaptorQ", "bulk"], "pipe_srv": ["block", "RaptorQ", "bulk"], "problems": [], "rc": 0, "rep": 2, "seconds": 4.65966, "seed": "42", "src": null, "status": "LIVE", "summary": true, "truth_egress_p0": 46809, "truth_egress_p1": 47067, "truth_gso_p0": 4.92, "truth_gso_p1": 5.28, "truth_loss_p0": 0.024568, "truth_loss_p1": 0.023052, "truth_lost_p0": 1150, "truth_lost_p1": 1085, "truth_rcvbuf_drops": 0, "util": 0.9056454762793852, "wall_s": 7.0, "winline_cli": false, "winline_srv": false}
=== rep=2 seed=42 cell=c7-100 arm=WINa attempt=1 pipeline=window hint=auto spec=c2/c2/dual bytes=100000000 12:55:24
COTENANT c7-100-WINa s42 rep=2 before=0 after=0 load=1.11 2.08 1.83
--- RWM-C perf pipeline=window mode=dual hint=auto A=c2 B=c2 ooo=0 extra='' T=default (100000000 x 1) start=14:55:25
{"bytes":100000000,"dnf":0,"hint":"auto","max_s":6.2155,"mean_mbps":128.711,"mean_s":6.2155,"median_s":6.2155,"min_s":6.2155,"proto":"rp-native","runs":1,"stdev_s":0.0,"summary":true}
    CPU: CPUSRV=8.57s CPUCLI=9.94s (srv=decoder cli=sender; whole-invocation incl warmup)
    [TRUTH] leg=0 dev=cli0 egress_dgrams=58597 egress_skbs=23933 gso=2.45 netem_sent_dgrams=57122 netem_dropped_skbs=591 backlog=0 lost=1475 loss=0.025172 rcvbuf_drops=0 rcvbuf_scope=netns
    [TRUTH] leg=1 dev=cli1 egress_dgrams=59714 egress_skbs=26359 gso=2.27 netem_sent_dgrams=58344 netem_dropped_skbs=644 backlog=0 lost=1370 loss=0.022943 rcvbuf_drops=0 rcvbuf_scope=netns
RUNTIME c7-100-WINa s42 rep=2 attempt=1 8s rc=0
S3ROW {"arm": "WINa", "busy_last": 97.0, "busy_med": 91.0, "cad_cli": false, "cad_srv": false, "cell": "c7-100", "cod": 21641, "coded_share": 0.20887584815697782, "cotenant": 0, "cpu_cli": 9.94, "cpu_srv": 8.57, "diag_lines": 24, "dnf": false, "feed_ratio_p0": 0.9891943429207055, "feed_ratio_p1": 1.0024844179052435, "gates_cli": true, "gates_srv": true, "gen_guard": false, "header": ["window", "auto"], "mbps": 128.711, "pa_cli": 0, "pa_srv": 0, "pipe_cli": ["window", "Rlc", "auto"], "pipe_srv": ["window", "Rlc", "auto"], "plc_p0": 0.0249, "plc_p1": 0.023, "plu_last_p0": 0.0354, "plu_last_p1": 0.1189, "plu_med_p0": 0.042249999999999996, "plu_med_p1": 0.0356, "problems": [], "rc": 0, "rep": 2, "seconds": 6.215478, "seed": "42", "src": 81966, "status": "LIVE", "summary": true, "truth_egress_p0": 58597, "truth_egress_p1": 59714, "truth_gso_p0": 2.45, "truth_gso_p1": 2.27, "truth_loss_p0": 0.025172, "truth_loss_p1": 0.022943, "truth_lost_p0": 1475, "truth_lost_p1": 1370, "truth_rcvbuf_drops": 0, "util": 1.5992333976566242, "wall_s": 8.0, "winline_cli": true, "winline_srv": true}
=== rep=2 seed=42 cell=c7-100 arm=BLKa attempt=1 pipeline=block hint=auto spec=c2/c2/dual bytes=100000000 12:55:32
COTENANT c7-100-BLKa s42 rep=2 before=0 after=0 load=1.31 2.09 1.83
--- RWM-C perf pipeline=block mode=dual hint=auto A=c2 B=c2 ooo=0 extra='' T=default (100000000 x 1) start=14:55:34
{"bytes":100000000,"dnf":0,"hint":"auto","max_s":6.8715,"mean_mbps":116.423,"mean_s":6.8715,"median_s":6.8715,"min_s":6.8715,"proto":"rp-native","runs":1,"stdev_s":0.0,"summary":true}
    CPU: CPUSRV=4.92s CPUCLI=6.53s (srv=decoder cli=sender; whole-invocation incl warmup)
    [TRUTH] leg=0 dev=cli0 egress_dgrams=71798 egress_skbs=15748 gso=4.56 netem_sent_dgrams=69846 netem_dropped_skbs=408 backlog=0 lost=1952 loss=0.027187 rcvbuf_drops=0 rcvbuf_scope=netns
    [TRUTH] leg=1 dev=cli1 egress_dgrams=71867 egress_skbs=14603 gso=4.92 netem_sent_dgrams=70075 netem_dropped_skbs=347 backlog=0 lost=1792 loss=0.024935 rcvbuf_drops=0 rcvbuf_scope=netns
RUNTIME c7-100-BLKa s42 rep=2 attempt=1 9s rc=0
S3ROW {"arm": "BLKa", "busy_last": null, "busy_med": null, "cad_cli": false, "cad_srv": false, "cell": "c7-100", "cod": null, "coded_share": null, "cotenant": 0, "cpu_cli": 6.53, "cpu_srv": 4.92, "diag_lines": 0, "dnf": false, "feed_ratio_p0": null, "feed_ratio_p1": null, "gates_cli": true, "gates_srv": true, "gen_guard": false, "header": ["block", "auto"], "mbps": 116.423, "pa_cli": 0, "pa_srv": 0, "pipe_cli": ["block", "RaptorQ", "auto"], "pipe_srv": ["block", "RaptorQ", "auto"], "problems": [], "rc": 0, "rep": 2, "seconds": 6.871521, "seed": "42", "src": null, "status": "LIVE", "summary": true, "truth_egress_p0": 71798, "truth_egress_p1": 71867, "truth_gso_p0": 4.56, "truth_gso_p1": 4.92, "truth_loss_p0": 0.027187, "truth_loss_p1": 0.024935, "truth_lost_p0": 1952, "truth_lost_p1": 1792, "truth_rcvbuf_drops": 0, "util": 0.9502990677027692, "wall_s": 9.0, "winline_cli": false, "winline_srv": false}
=== rep=2 seed=42 cell=c7-100 arm=A1 attempt=1 pipeline=window hint=bulk spec=c2/c2/dual bytes=100000000 12:55:41
COTENANT c7-100-A1 s42 rep=2 before=0 after=0 load=1.53 2.12 1.84
--- RWM-C perf pipeline=window mode=dual hint=bulk A=c2 B=c2 ooo=0 extra='' T=default (100000000 x 1) start=14:55:43
{"bytes":100000000,"dnf":0,"hint":"bulk","max_s":4.5315,"mean_mbps":176.543,"mean_s":4.5315,"median_s":4.5315,"min_s":4.5315,"proto":"rp-native","runs":1,"stdev_s":0.0,"summary":true}
    CPU: CPUSRV=5.71s CPUCLI=6.71s (srv=decoder cli=sender; whole-invocation incl warmup)
    [TRUTH] leg=0 dev=cli0 egress_dgrams=45683 egress_skbs=14289 gso=3.20 netem_sent_dgrams=44521 netem_dropped_skbs=373 backlog=0 lost=1162 loss=0.025436 rcvbuf_drops=0 rcvbuf_scope=netns
    [TRUTH] leg=1 dev=cli1 egress_dgrams=45954 egress_skbs=14161 gso=3.25 netem_sent_dgrams=44889 netem_dropped_skbs=341 backlog=0 lost=1065 loss=0.023175 rcvbuf_drops=0 rcvbuf_scope=netns
RUNTIME c7-100-A1 s42 rep=2 attempt=1 7s rc=0
S3ROW {"arm": "A1", "busy_last": 56.0, "busy_med": 81.0, "cad_cli": false, "cad_srv": false, "cell": "c7-100", "cod": 394, "coded_share": 0.004635403185957317, "cotenant": 0, "cpu_cli": 6.71, "cpu_srv": 5.71, "diag_lines": 18, "dnf": false, "feed_ratio_p0": 0.9789275043245793, "feed_ratio_p1": 0.9838187702265372, "gates_cli": true, "gates_srv": true, "gen_guard": false, "header": ["window", "bulk"], "mbps": 176.543, "pa_cli": 0, "pa_srv": 0, "pipe_cli": ["window", "Rlc", "bulk"], "pipe_srv": ["window", "Rlc", "bulk"], "plc_p0": 0.0249, "plc_p1": 0.0228, "plu_last_p0": 0.4563, "plu_last_p1": 0.0355, "plu_med_p0": 0.035449999999999995, "plu_med_p1": 0.035449999999999995, "problems": [], "rc": 0, "rep": 2, "seconds": 4.531463, "seed": "42", "src": 84604, "status": "LIVE", "summary": true, "truth_egress_p0": 45683, "truth_egress_p1": 45954, "truth_gso_p0": 3.2, "truth_gso_p1": 3.25, "truth_loss_p0": 0.025436, "truth_loss_p1": 0.023175, "truth_lost_p0": 1162, "truth_lost_p1": 1065, "truth_rcvbuf_drops": 0, "util": 1.4807579803696953, "wall_s": 7.0, "winline_cli": true, "winline_srv": true}
=== rep=2 seed=42 cell=c7-100 arm=A2 attempt=1 pipeline=window hint=bulk spec=c2/c2/dual bytes=100000000 12:55:48
COTENANT c7-100-A2 s42 rep=2 before=0 after=0 load=1.45 2.08 1.83
--- RWM-C perf pipeline=window mode=dual hint=bulk A=c2 B=c2 ooo=0 extra='' T=default (100000000 x 1) start=14:55:50
{"bytes":100000000,"dnf":0,"hint":"bulk","max_s":4.5877,"mean_mbps":174.38,"mean_s":4.5877,"median_s":4.5877,"min_s":4.5877,"proto":"rp-native","runs":1,"stdev_s":0.0,"summary":true}
    CPU: CPUSRV=5.56s CPUCLI=6.75s (srv=decoder cli=sender; whole-invocation incl warmup)
    [TRUTH] leg=0 dev=cli0 egress_dgrams=46117 egress_skbs=15779 gso=2.92 netem_sent_dgrams=44876 netem_dropped_skbs=408 backlog=0 lost=1241 loss=0.026910 rcvbuf_drops=0 rcvbuf_scope=netns
    [TRUTH] leg=1 dev=cli1 egress_dgrams=46658 egress_skbs=16540 gso=2.82 netem_sent_dgrams=45554 netem_dropped_skbs=401 backlog=0 lost=1104 loss=0.023662 rcvbuf_drops=0 rcvbuf_scope=netns
RUNTIME c7-100-A2 s42 rep=2 attempt=1 7s rc=0
S3ROW {"arm": "A2", "busy_last": 63.0, "busy_med": 81.5, "cad_cli": false, "cad_srv": false, "cell": "c7-100", "cod": 464, "coded_share": 0.0054544599614426105, "cotenant": 0, "cpu_cli": 6.75, "cpu_srv": 5.56, "diag_lines": 18, "dnf": false, "feed_ratio_p0": 1.0144927536231885, "feed_ratio_p1": 0.9847012086890373, "gates_cli": true, "gates_srv": true, "gen_guard": false, "header": ["window", "bulk"], "mbps": 174.38, "pa_cli": 0, "pa_srv": 0, "pipe_cli": ["window", "Rlc", "bulk"], "pipe_srv": ["window", "Rlc", "bulk"], "plc_p0": 0.0273, "plc_p1": 0.0233, "plu_last_p0": 0.0472, "plu_last_p1": 0.0355, "plu_med_p0": 0.04295, "plu_med_p1": 0.03949999999999999, "problems": [], "rc": 0, "rep": 2, "seconds": 4.587675, "seed": "42", "src": 84604, "status": "LIVE", "summary": true, "truth_egress_p0": 46117, "truth_egress_p1": 46658, "truth_gso_p0": 2.92, "truth_gso_p1": 2.82, "truth_loss_p0": 0.02691, "truth_loss_p1": 0.023662, "truth_lost_p0": 1241, "truth_lost_p1": 1104, "truth_rcvbuf_drops": 0, "util": 1.471333518612369, "wall_s": 7.0, "winline_cli": true, "winline_srv": true}
=== rep=2 seed=42 cell=c8-100 arm=CAD attempt=1 pipeline=window hint=bulk spec=c2/c3/dual bytes=100000000 12:55:55
COTENANT c8-100-CAD s42 rep=2 before=0 after=0 load=1.54 2.08 1.84
--- RWM-C perf pipeline=window mode=dual hint=bulk A=c2 B=c3 ooo=0 extra='' T=default (100000000 x 1) start=14:55:57
{"bytes":100000000,"dnf":0,"hint":"bulk","max_s":7.7348,"mean_mbps":103.429,"mean_s":7.7348,"median_s":7.7348,"min_s":7.7348,"proto":"rp-native","runs":1,"stdev_s":0.0,"summary":true}
    CPU: CPUSRV=5.89s CPUCLI=6.50s (srv=decoder cli=sender; whole-invocation incl warmup)
    [TRUTH] leg=0 dev=cli0 egress_dgrams=81577 egress_skbs=21032 gso=3.88 netem_sent_dgrams=79468 netem_dropped_skbs=544 backlog=0 lost=2109 loss=0.025853 rcvbuf_drops=0 rcvbuf_scope=netns
    [TRUTH] leg=1 dev=cli1 egress_dgrams=18963 egress_skbs=12726 gso=1.49 netem_sent_dgrams=18166 netem_dropped_skbs=547 backlog=0 lost=797 loss=0.042029 rcvbuf_drops=0 rcvbuf_scope=netns
RUNTIME c8-100-CAD s42 rep=2 attempt=1 10s rc=0
S3ROW {"arm": "CAD", "busy_last": 36.0, "busy_med": 46.0, "cad_cli": true, "cad_srv": true, "cell": "c8-100", "cod": 745, "coded_share": 0.008728866184723898, "cotenant": 0, "cpu_cli": 6.5, "cpu_srv": 5.89, "diag_lines": 30, "dnf": false, "feed_ratio_p0": 0.9979499477816888, "feed_ratio_p1": 0.9945513811891789, "gates_cli": true, "gates_srv": true, "gen_guard": false, "header": ["window", "bulk"], "mbps": 103.429, "pa_cli": 0, "pa_srv": 0, "pipe_cli": ["window", "Rlc", "bulk"], "pipe_srv": ["window", "Rlc", "bulk"], "plc_p0": 0.0258, "plc_p1": 0.0418, "plu_last_p0": 0.0261, "plu_last_p1": 0.0196, "plu_med_p0": 0.01475, "plu_med_p1": 0.04615, "problems": [], "rc": 0, "rep": 2, "seconds": 7.734774, "seed": "42", "src": 84604, "status": "LIVE", "summary": true, "truth_egress_p0": 81577, "truth_egress_p1": 18963, "truth_gso_p0": 3.88, "truth_gso_p1": 1.49, "truth_loss_p0": 0.025853, "truth_loss_p1": 0.042029, "truth_lost_p0": 2109, "truth_lost_p1": 797, "truth_rcvbuf_drops": 0, "util": 0.8403606879787309, "wall_s": 10.0, "winline_cli": true, "winline_srv": true}
=== rep=2 seed=42 cell=c8-100 arm=BLKb attempt=1 pipeline=block hint=bulk spec=c2/c3/dual bytes=100000000 12:56:05
COTENANT c8-100-BLKb s42 rep=2 before=0 after=0 load=1.45 2.05 1.83
--- RWM-C perf pipeline=block mode=dual hint=bulk A=c2 B=c3 ooo=0 extra='' T=default (100000000 x 1) start=14:56:07
{"bytes":100000000,"dnf":0,"hint":"bulk","max_s":7.9692,"mean_mbps":100.387,"mean_s":7.9692,"median_s":7.9692,"min_s":7.9692,"proto":"rp-native","runs":1,"stdev_s":0.0,"summary":true}
    CPU: CPUSRV=3.35s CPUCLI=4.48s (srv=decoder cli=sender; whole-invocation incl warmup)
    [TRUTH] leg=0 dev=cli0 egress_dgrams=79795 egress_skbs=14780 gso=5.40 netem_sent_dgrams=77658 netem_dropped_skbs=383 backlog=0 lost=2137 loss=0.026781 rcvbuf_drops=0 rcvbuf_scope=netns
    [TRUTH] leg=1 dev=cli1 egress_dgrams=16106 egress_skbs=5110 gso=3.15 netem_sent_dgrams=15408 netem_dropped_skbs=209 backlog=0 lost=698 loss=0.043338 rcvbuf_drops=0 rcvbuf_scope=netns
RUNTIME c8-100-BLKb s42 rep=2 attempt=1 10s rc=0
S3ROW {"arm": "BLKb", "busy_last": null, "busy_med": null, "cad_cli": false, "cad_srv": false, "cell": "c8-100", "cod": null, "coded_share": null, "cotenant": 0, "cpu_cli": 4.48, "cpu_srv": 3.35, "diag_lines": 0, "dnf": false, "feed_ratio_p0": null, "feed_ratio_p1": null, "gates_cli": true, "gates_srv": true, "gen_guard": false, "header": ["block", "bulk"], "mbps": 100.387, "pa_cli": 0, "pa_srv": 0, "pipe_cli": ["block", "RaptorQ", "bulk"], "pipe_srv": ["block", "RaptorQ", "bulk"], "problems": [], "rc": 0, "rep": 2, "seconds": 7.969158, "seed": "42", "src": null, "status": "LIVE", "summary": true, "truth_egress_p0": 79795, "truth_egress_p1": 16106, "truth_gso_p0": 5.4, "truth_gso_p1": 3.15, "truth_loss_p0": 0.026781, "truth_loss_p1": 0.043338, "truth_lost_p0": 2137, "truth_lost_p1": 698, "truth_rcvbuf_drops": 0, "util": 0.5621672954658448, "wall_s": 10.0, "winline_cli": false, "winline_srv": false}
=== rep=2 seed=42 cell=c8-100 arm=WINa attempt=1 pipeline=window hint=auto spec=c2/c3/dual bytes=100000000 12:56:15
COTENANT c8-100-WINa s42 rep=2 before=0 after=0 load=1.61 2.06 1.83
--- RWM-C perf pipeline=window mode=dual hint=auto A=c2 B=c3 ooo=0 extra='' T=default (100000000 x 1) start=14:56:17
{"bytes":100000000,"dnf":0,"hint":"auto","max_s":8.8958,"mean_mbps":89.93,"mean_s":8.8958,"median_s":8.8958,"min_s":8.8958,"proto":"rp-native","runs":1,"stdev_s":0.0,"summary":true}
    CPU: CPUSRV=6.66s CPUCLI=9.25s (srv=decoder cli=sender; whole-invocation incl warmup)
    [TRUTH] leg=0 dev=cli0 egress_dgrams=88660 egress_skbs=24096 gso=3.68 netem_sent_dgrams=86477 netem_dropped_skbs=593 backlog=0 lost=2183 loss=0.024622 rcvbuf_drops=0 rcvbuf_scope=netns
    [TRUTH] leg=1 dev=cli1 egress_dgrams=22333 egress_skbs=17803 gso=1.25 netem_sent_dgrams=21354 netem_dropped_skbs=810 backlog=0 lost=979 loss=0.043836 rcvbuf_drops=0 rcvbuf_scope=netns
RUNTIME c8-100-WINa s42 rep=2 attempt=1 11s rc=0
S3ROW {"arm": "WINa", "busy_last": 9.0, "busy_med": 63.0, "cad_cli": false, "cad_srv": false, "cell": "c8-100", "cod": 765, "coded_share": 0.008961098290948705, "cotenant": 0, "cpu_cli": 9.25, "cpu_srv": 6.66, "diag_lines": 35, "dnf": false, "feed_ratio_p0": 1.0031678986272439, "feed_ratio_p1": 1.0151473674605347, "gates_cli": true, "gates_srv": true, "gen_guard": false, "header": ["window", "auto"], "mbps": 89.93, "pa_cli": 0, "pa_srv": 0, "pipe_cli": ["window", "Rlc", "auto"], "pipe_srv": ["window", "Rlc", "auto"], "plc_p0": 0.0247, "plc_p1": 0.0445, "plu_last_p0": 0.0354, "plu_last_p1": 0.1026, "plu_med_p0": 0.0354, "plu_med_p1": 0.0631, "problems": [], "rc": 0, "rep": 2, "seconds": 8.895822, "seed": "42", "src": 84604, "status": "LIVE", "summary": true, "truth_egress_p0": 88660, "truth_egress_p1": 22333, "truth_gso_p0": 3.68, "truth_gso_p1": 1.25, "truth_loss_p0": 0.024622, "truth_loss_p1": 0.043836, "truth_lost_p0": 2183, "truth_lost_p1": 979, "truth_rcvbuf_drops": 0, "util": 1.0398139710978929, "wall_s": 11.0, "winline_cli": true, "winline_srv": true}
=== rep=2 seed=42 cell=c8-100 arm=BLKa attempt=1 pipeline=block hint=auto spec=c2/c3/dual bytes=100000000 12:56:27
COTENANT c8-100-BLKa s42 rep=2 before=0 after=0 load=1.60 2.04 1.83
--- RWM-C perf pipeline=block mode=dual hint=auto A=c2 B=c3 ooo=0 extra='' T=default (100000000 x 1) start=14:56:28
{"bytes":100000000,"dnf":0,"hint":"auto","max_s":13.0555,"mean_mbps":61.277,"mean_s":13.0555,"median_s":13.0555,"min_s":13.0555,"proto":"rp-native","runs":1,"stdev_s":0.0,"summary":true}
    CPU: CPUSRV=6.14s CPUCLI=8.72s (srv=decoder cli=sender; whole-invocation incl warmup)
    [TRUTH] leg=0 dev=cli0 egress_dgrams=125658 egress_skbs=26479 gso=4.75 netem_sent_dgrams=122493 netem_dropped_skbs=656 backlog=0 lost=3165 loss=0.025187 rcvbuf_drops=0 rcvbuf_scope=netns
    [TRUTH] leg=1 dev=cli1 egress_dgrams=37026 egress_skbs=14536 gso=2.55 netem_sent_dgrams=32551 netem_dropped_skbs=994 backlog=1652 lost=2823 loss=0.076244 rcvbuf_drops=0 rcvbuf_scope=netns
RUNTIME c8-100-BLKa s42 rep=2 attempt=1 15s rc=0
S3ROW {"arm": "BLKa", "busy_last": null, "busy_med": null, "cad_cli": false, "cad_srv": false, "cell": "c8-100", "cod": null, "coded_share": null, "cotenant": 0, "cpu_cli": 8.72, "cpu_srv": 6.14, "diag_lines": 0, "dnf": false, "feed_ratio_p0": null, "feed_ratio_p1": null, "gates_cli": true, "gates_srv": true, "gen_guard": false, "header": ["block", "auto"], "mbps": 61.277, "pa_cli": 0, "pa_srv": 0, "pipe_cli": ["block", "RaptorQ", "auto"], "pipe_srv": ["block", "RaptorQ", "auto"], "problems": [], "rc": 0, "rep": 2, "seconds": 13.055483, "seed": "42", "src": null, "status": "LIVE", "summary": true, "truth_egress_p0": 125658, "truth_egress_p1": 37026, "truth_gso_p0": 4.75, "truth_gso_p1": 2.55, "truth_loss_p0": 0.025187, "truth_loss_p1": 0.076244, "truth_lost_p0": 3165, "truth_lost_p1": 2823, "truth_rcvbuf_drops": 0, "util": 0.667918605539144, "wall_s": 15.0, "winline_cli": false, "winline_srv": false}
=== rep=2 seed=42 cell=c8-100 arm=A1 attempt=1 pipeline=window hint=bulk spec=c2/c3/dual bytes=100000000 12:56:42
COTENANT c8-100-A1 s42 rep=2 before=0 after=0 load=1.43 1.99 1.82
--- RWM-C perf pipeline=window mode=dual hint=bulk A=c2 B=c3 ooo=0 extra='' T=default (100000000 x 1) start=14:56:44
{"bytes":100000000,"dnf":0,"hint":"bulk","max_s":7.9673,"mean_mbps":100.411,"mean_s":7.9673,"median_s":7.9673,"min_s":7.9673,"proto":"rp-native","runs":1,"stdev_s":0.0,"summary":true}
    CPU: CPUSRV=5.56s CPUCLI=6.79s (srv=decoder cli=sender; whole-invocation incl warmup)
    [TRUTH] leg=0 dev=cli0 egress_dgrams=75192 egress_skbs=12958 gso=5.80 netem_sent_dgrams=73362 netem_dropped_skbs=325 backlog=0 lost=1830 loss=0.024338 rcvbuf_drops=0 rcvbuf_scope=netns
    [TRUTH] leg=1 dev=cli1 egress_dgrams=18672 egress_skbs=12306 gso=1.52 netem_sent_dgrams=17896 netem_dropped_skbs=528 backlog=0 lost=776 loss=0.041560 rcvbuf_drops=0 rcvbuf_scope=netns
RUNTIME c8-100-A1 s42 rep=2 attempt=1 10s rc=0
S3ROW {"arm": "A1", "busy_last": 30.0, "busy_med": 39.0, "cad_cli": false, "cad_srv": false, "cell": "c8-100", "cod": 795, "coded_share": 0.009309242496984742, "cotenant": 0, "cpu_cli": 6.79, "cpu_srv": 5.56, "diag_lines": 31, "dnf": false, "feed_ratio_p0": 0.9861122524447367, "feed_ratio_p1": 1.0153994225216554, "gates_cli": true, "gates_srv": true, "gen_guard": false, "header": ["window", "bulk"], "mbps": 100.411, "pa_cli": 0, "pa_srv": 0, "pipe_cli": ["window", "Rlc", "bulk"], "pipe_srv": ["window", "Rlc", "bulk"], "plc_p0": 0.024, "plc_p1": 0.0422, "plu_last_p0": 0.0355, "plu_last_p1": 0.063, "plu_med_p0": 0.0355, "plu_med_p1": 0.0773, "problems": [], "rc": 0, "rep": 2, "seconds": 7.967265, "seed": "42", "src": 84604, "status": "LIVE", "summary": true, "truth_egress_p0": 75192, "truth_egress_p1": 18672, "truth_gso_p0": 5.8, "truth_gso_p1": 1.52, "truth_loss_p0": 0.024338, "truth_loss_p1": 0.04156, "truth_lost_p0": 1830, "truth_lost_p1": 776, "truth_rcvbuf_drops": 0, "util": 0.8522372482903481, "wall_s": 10.0, "winline_cli": true, "winline_srv": true}
=== rep=2 seed=42 cell=c8-100 arm=A2 attempt=1 pipeline=window hint=bulk spec=c2/c3/dual bytes=100000000 12:56:52
COTENANT c8-100-A2 s42 rep=2 before=0 after=0 load=1.52 1.99 1.82
--- RWM-C perf pipeline=window mode=dual hint=bulk A=c2 B=c3 ooo=0 extra='' T=default (100000000 x 1) start=14:56:54
{"bytes":100000000,"dnf":0,"hint":"bulk","max_s":7.8883,"mean_mbps":101.416,"mean_s":7.8883,"median_s":7.8883,"min_s":7.8883,"proto":"rp-native","runs":1,"stdev_s":0.0,"summary":true}
    CPU: CPUSRV=5.81s CPUCLI=7.80s (srv=decoder cli=sender; whole-invocation incl warmup)
    [TRUTH] leg=0 dev=cli0 egress_dgrams=75114 egress_skbs=14824 gso=5.07 netem_sent_dgrams=73088 netem_dropped_skbs=383 backlog=0 lost=2026 loss=0.026972 rcvbuf_drops=0 rcvbuf_scope=netns
    [TRUTH] leg=1 dev=cli1 egress_dgrams=18335 egress_skbs=12221 gso=1.50 netem_sent_dgrams=17534 netem_dropped_skbs=520 backlog=0 lost=801 loss=0.043687 rcvbuf_drops=0 rcvbuf_scope=netns
RUNTIME c8-100-A2 s42 rep=2 attempt=1 10s rc=0
S3ROW {"arm": "A2", "busy_last": 37.0, "busy_med": 52.0, "cad_cli": false, "cad_srv": false, "cell": "c8-100", "cod": 593, "coded_share": 0.0069603389790720335, "cotenant": 0, "cpu_cli": 7.8, "cpu_srv": 5.81, "diag_lines": 31, "dnf": false, "feed_ratio_p0": 1.0047456621681743, "feed_ratio_p1": 1.0369217387323462, "gates_cli": true, "gates_srv": true, "gen_guard": false, "header": ["window", "bulk"], "mbps": 101.416, "pa_cli": 0, "pa_srv": 0, "pipe_cli": ["window", "Rlc", "bulk"], "pipe_srv": ["window", "Rlc", "bulk"], "plc_p0": 0.0271, "plc_p1": 0.0453, "plu_last_p0": 0.0354, "plu_last_p1": 0.0556, "plu_med_p0": 0.0354, "plu_med_p1": 0.0655, "problems": [], "rc": 0, "rep": 2, "seconds": 7.888289, "seed": "42", "src": 84604, "status": "LIVE", "summary": true, "truth_egress_p0": 75114, "truth_egress_p1": 18335, "truth_gso_p0": 5.07, "truth_gso_p1": 1.5, "truth_loss_p0": 0.026972, "truth_loss_p1": 0.043687, "truth_lost_p0": 2026, "truth_lost_p1": 801, "truth_rcvbuf_drops": 0, "util": 0.9888075855232991, "wall_s": 10.0, "winline_cli": true, "winline_srv": true}
BLOCK-COMPLETE rep=2 seed=42 block=2 2026-09-30T12:57:02Z
=== rep=2 seed=7 cell=c1s-400 arm=WINa attempt=1 pipeline=window hint=auto spec=c1/c1/single bytes=400000000 12:57:03
COTENANT c1s-400-WINa s7 rep=2 before=0 after=0 load=1.98 2.07 1.85
--- RWM-C perf pipeline=window mode=single hint=auto A=c1 B=c1 ooo=0 extra='' T=default (400000000 x 1) start=14:57:04
{"bytes":400000000,"dnf":0,"hint":"auto","max_s":13.1217,"mean_mbps":243.872,"mean_s":13.1217,"median_s":13.1217,"min_s":13.1217,"proto":"rp-native","runs":1,"stdev_s":0.0,"summary":true}
    CPU: CPUSRV=13.99s CPUCLI=17.50s (srv=decoder cli=sender; whole-invocation incl warmup)
    [TRUTH] leg=0 dev=cli0 egress_dgrams=378195 egress_skbs=61210 gso=6.18 netem_sent_dgrams=377809 netem_dropped_skbs=62 backlog=0 lost=386 loss=0.001021 rcvbuf_drops=43 rcvbuf_scope=netns
RUNTIME c1s-400-WINa s7 rep=2 attempt=1 14s rc=0
S3ROW {"arm": "WINa", "busy_last": 63.0, "busy_med": 58.0, "cad_cli": false, "cad_srv": false, "cell": "c1s-400", "cod": 33383, "coded_share": 0.09054514780750171, "cotenant": 0, "cpu_cli": 17.5, "cpu_srv": 13.99, "diag_lines": 52, "dnf": false, "feed_ratio_p0": 1.7629774730656218, "gates_cli": true, "gates_srv": true, "gen_guard": false, "header": ["window", "auto"], "mbps": 243.872, "pa_cli": 0, "pa_srv": 0, "pipe_cli": ["window", "Rlc", "auto"], "pipe_srv": ["window", "Rlc", "auto"], "plc_p0": 0.0018, "plu_last_p0": 0.0354, "plu_med_p0": 0.0354, "problems": [], "rc": 0, "rep": 2, "seconds": 13.121662, "seed": "7", "src": 335306, "status": "LIVE", "summary": true, "truth_egress_p0": 378195, "truth_gso_p0": 6.18, "truth_loss_p0": 0.001021, "truth_lost_p0": 386, "truth_rcvbuf_drops": 43, "util": 1.3336725180087705, "wall_s": 14.0, "winline_cli": true, "winline_srv": true}
=== rep=2 seed=7 cell=c1s-400 arm=BLKa attempt=1 pipeline=block hint=auto spec=c1/c1/single bytes=400000000 12:57:18
COTENANT c1s-400-BLKa s7 rep=2 before=0 after=0 load=1.60 1.97 1.82
--- RWM-C perf pipeline=block mode=single hint=auto A=c1 B=c1 ooo=0 extra='' T=default (400000000 x 1) start=14:57:19
{"bytes":400000000,"dnf":0,"hint":"auto","max_s":20.4007,"mean_mbps":156.857,"mean_s":20.4007,"median_s":20.4007,"min_s":20.4007,"proto":"rp-native","runs":1,"stdev_s":0.0,"summary":true}
    CPU: CPUSRV=11.66s CPUCLI=19.58s (srv=decoder cli=sender; whole-invocation incl warmup)
    [TRUTH] leg=0 dev=cli0 egress_dgrams=487310 egress_skbs=69538 gso=7.01 netem_sent_dgrams=486841 netem_dropped_skbs=72 backlog=0 lost=469 loss=0.000962 rcvbuf_drops=0 rcvbuf_scope=netns
RUNTIME c1s-400-BLKa s7 rep=2 attempt=1 22s rc=0
S3ROW {"arm": "BLKa", "busy_last": null, "busy_med": null, "cad_cli": false, "cad_srv": false, "cell": "c1s-400", "cod": null, "coded_share": null, "cotenant": 0, "cpu_cli": 19.58, "cpu_srv": 11.66, "diag_lines": 0, "dnf": false, "feed_ratio_p0": null, "gates_cli": true, "gates_srv": true, "gen_guard": false, "header": ["block", "auto"], "mbps": 156.857, "pa_cli": 0, "pa_srv": 0, "pipe_cli": ["block", "RaptorQ", "auto"], "pipe_srv": ["block", "RaptorQ", "auto"], "problems": [], "rc": 0, "rep": 2, "seconds": 20.400698, "seed": "7", "src": null, "status": "LIVE", "summary": true, "truth_egress_p0": 487310, "truth_gso_p0": 7.01, "truth_loss_p0": 0.000962, "truth_lost_p0": 469, "truth_rcvbuf_drops": 0, "util": 0.9597710823423786, "wall_s": 22.0, "winline_cli": false, "winline_srv": false}
=== rep=2 seed=7 cell=c1s-400 arm=A1 attempt=1 pipeline=window hint=bulk spec=c1/c1/single bytes=400000000 12:57:40
COTENANT c1s-400-A1 s7 rep=2 before=0 after=0 load=1.81 2.00 1.83
--- RWM-C perf pipeline=window mode=single hint=bulk A=c1 B=c1 ooo=0 extra='' T=default (400000000 x 1) start=14:57:42
{"bytes":400000000,"dnf":0,"hint":"bulk","max_s":10.3897,"mean_mbps":307.996,"mean_s":10.3897,"median_s":10.3897,"min_s":10.3897,"proto":"rp-native","runs":1,"stdev_s":0.0,"summary":true}
    CPU: CPUSRV=11.76s CPUCLI=14.22s (srv=decoder cli=sender; whole-invocation incl warmup)
    [TRUTH] leg=0 dev=cli0 egress_dgrams=343941 egress_skbs=40927 gso=8.40 netem_sent_dgrams=343475 netem_dropped_skbs=52 backlog=0 lost=466 loss=0.001355 rcvbuf_drops=59 rcvbuf_scope=netns
RUNTIME c1s-400-A1 s7 rep=2 attempt=1 12s rc=0
S3ROW {"arm": "A1", "busy_last": 54.0, "busy_med": 53.0, "cad_cli": false, "cad_srv": false, "cell": "c1s-400", "cod": 128, "coded_share": 0.00038312112015037505, "cotenant": 0, "cpu_cli": 14.22, "cpu_srv": 11.76, "diag_lines": 41, "dnf": false, "feed_ratio_p0": 2.287822878228782, "gates_cli": true, "gates_srv": true, "gen_guard": false, "header": ["window", "bulk"], "mbps": 307.996, "pa_cli": 0, "pa_srv": 0, "pipe_cli": ["window", "Rlc", "bulk"], "pipe_srv": ["window", "Rlc", "bulk"], "plc_p0": 0.0031, "plu_last_p0": 0.0354, "plu_med_p0": 0.0354, "problems": [], "rc": 0, "rep": 2, "seconds": 10.389732, "seed": "7", "src": 333970, "status": "LIVE", "summary": true, "truth_egress_p0": 343941, "truth_gso_p0": 8.4, "truth_loss_p0": 0.001355, "truth_lost_p0": 466, "truth_rcvbuf_drops": 59, "util": 1.3686589798466409, "wall_s": 12.0, "winline_cli": true, "winline_srv": true}
=== rep=2 seed=7 cell=c1s-400 arm=A2 attempt=1 pipeline=window hint=bulk spec=c1/c1/single bytes=400000000 12:57:53
COTENANT c1s-400-A2 s7 rep=2 before=0 after=0 load=2.33 2.12 1.87
--- RWM-C perf pipeline=window mode=single hint=bulk A=c1 B=c1 ooo=0 extra='' T=default (400000000 x 1) start=14:57:54
{"bytes":400000000,"dnf":0,"hint":"bulk","max_s":10.655,"mean_mbps":300.327,"mean_s":10.655,"median_s":10.655,"min_s":10.655,"proto":"rp-native","runs":1,"stdev_s":0.0,"summary":true}
    CPU: CPUSRV=12.10s CPUCLI=14.56s (srv=decoder cli=sender; whole-invocation incl warmup)
    [TRUTH] leg=0 dev=cli0 egress_dgrams=343197 egress_skbs=40453 gso=8.48 netem_sent_dgrams=342817 netem_dropped_skbs=52 backlog=0 lost=380 loss=0.001107 rcvbuf_drops=17 rcvbuf_scope=netns
RUNTIME c1s-400-A2 s7 rep=2 attempt=1 12s rc=0
S3ROW {"arm": "A2", "busy_last": 58.0, "busy_med": 53.0, "cad_cli": false, "cad_srv": false, "cell": "c1s-400", "cod": 76, "coded_share": 0.00022775971350225512, "cotenant": 0, "cpu_cli": 14.56, "cpu_srv": 12.1, "diag_lines": 42, "dnf": false, "feed_ratio_p0": 1.4453477868112017, "gates_cli": true, "gates_srv": true, "gen_guard": false, "header": ["window", "bulk"], "mbps": 300.327, "pa_cli": 0, "pa_srv": 0, "pipe_cli": ["window", "Rlc", "bulk"], "pipe_srv": ["window", "Rlc", "bulk"], "plc_p0": 0.0016, "plu_last_p0": 0.0354, "plu_med_p0": 0.0354, "problems": [], "rc": 0, "rep": 2, "seconds": 10.655046, "seed": "7", "src": 333609, "status": "LIVE", "summary": true, "truth_egress_p0": 343197, "truth_gso_p0": 8.48, "truth_loss_p0": 0.001107, "truth_lost_p0": 380, "truth_rcvbuf_drops": 17, "util": 1.3664887040375049, "wall_s": 12.0, "winline_cli": true, "winline_srv": true}
=== rep=2 seed=7 cell=c1s-400 arm=BLKb attempt=1 pipeline=block hint=bulk spec=c1/c1/single bytes=400000000 12:58:05
COTENANT c1s-400-BLKb s7 rep=2 before=0 after=0 load=2.21 2.09 1.87
--- RWM-C perf pipeline=block mode=single hint=bulk A=c1 B=c1 ooo=0 extra='' T=default (400000000 x 1) start=14:58:07
{"bytes":400000000,"dnf":0,"hint":"bulk","max_s":11.9405,"mean_mbps":267.995,"mean_s":11.9405,"median_s":11.9405,"min_s":11.9405,"proto":"rp-native","runs":1,"stdev_s":0.0,"summary":true}
    CPU: CPUSRV=8.30s CPUCLI=13.01s (srv=decoder cli=sender; whole-invocation incl warmup)
    [TRUTH] leg=0 dev=cli0 egress_dgrams=353196 egress_skbs=50264 gso=7.03 netem_sent_dgrams=352738 netem_dropped_skbs=58 backlog=0 lost=458 loss=0.001297 rcvbuf_drops=3 rcvbuf_scope=netns
RUNTIME c1s-400-BLKb s7 rep=2 attempt=1 14s rc=0
S3ROW {"arm": "BLKb", "busy_last": null, "busy_med": null, "cad_cli": false, "cad_srv": false, "cell": "c1s-400", "cod": null, "coded_share": null, "cotenant": 0, "cpu_cli": 13.01, "cpu_srv": 8.3, "diag_lines": 0, "dnf": false, "feed_ratio_p0": null, "gates_cli": true, "gates_srv": true, "gen_guard": false, "header": ["block", "bulk"], "mbps": 267.995, "pa_cli": 0, "pa_srv": 0, "pipe_cli": ["block", "RaptorQ", "bulk"], "pipe_srv": ["block", "RaptorQ", "bulk"], "problems": [], "rc": 0, "rep": 2, "seconds": 11.940543, "seed": "7", "src": null, "status": "LIVE", "summary": true, "truth_egress_p0": 353196, "truth_gso_p0": 7.03, "truth_loss_p0": 0.001297, "truth_lost_p0": 458, "truth_rcvbuf_drops": 3, "util": 1.0895651897907825, "wall_s": 14.0, "winline_cli": false, "winline_srv": false}
=== rep=2 seed=7 cell=c1d-400 arm=A1 attempt=1 pipeline=window hint=bulk spec=c1/c1/dual bytes=400000000 12:58:19
COTENANT c1d-400-A1 s7 rep=2 before=0 after=0 load=2.69 2.20 1.91
--- RWM-C perf pipeline=window mode=dual hint=bulk A=c1 B=c1 ooo=0 extra='' T=default (400000000 x 1) start=14:58:21
{"bytes":400000000,"dnf":0,"hint":"bulk","max_s":16.6164,"mean_mbps":192.581,"mean_s":16.6164,"median_s":16.6164,"min_s":16.6164,"proto":"rp-native","runs":1,"stdev_s":0.0,"summary":true}
    CPU: CPUSRV=20.96s CPUCLI=29.07s (srv=decoder cli=sender; whole-invocation incl warmup)
    [TRUTH] leg=0 dev=cli0 egress_dgrams=183132 egress_skbs=69115 gso=2.65 netem_sent_dgrams=182918 netem_dropped_skbs=72 backlog=0 lost=214 loss=0.001169 rcvbuf_drops=0 rcvbuf_scope=netns
    [TRUTH] leg=1 dev=cli1 egress_dgrams=177950 egress_skbs=68787 gso=2.59 netem_sent_dgrams=177782 netem_dropped_skbs=57 backlog=0 lost=168 loss=0.000944 rcvbuf_drops=0 rcvbuf_scope=netns
RUNTIME c1d-400-A1 s7 rep=2 attempt=1 19s rc=0
S3ROW {"arm": "A1", "busy_last": 94.0, "busy_med": 87.0, "cad_cli": false, "cad_srv": false, "cell": "c1d-400", "cod": 150, "coded_share": 0.0004464219282451154, "cotenant": 0, "cpu_cli": 29.07, "cpu_srv": 20.96, "diag_lines": 66, "dnf": false, "feed_ratio_p0": 1.0265183917878529, "feed_ratio_p1": 1.0593220338983051, "gates_cli": true, "gates_srv": true, "gen_guard": false, "header": ["window", "bulk"], "mbps": 192.581, "pa_cli": 0, "pa_srv": 0, "pipe_cli": ["window", "Rlc", "bulk"], "pipe_srv": ["window", "Rlc", "bulk"], "plc_p0": 0.0012, "plc_p1": 0.001, "plu_last_p0": 0.0354, "plu_last_p1": 0.0354, "plu_med_p0": 0.0354, "plu_med_p1": 0.0354, "problems": [], "rc": 0, "rep": 2, "seconds": 16.61636, "seed": "7", "src": 335855, "status": "LIVE", "summary": true, "truth_egress_p0": 183132, "truth_egress_p1": 177950, "truth_gso_p0": 2.65, "truth_gso_p1": 2.59, "truth_loss_p0": 0.001169, "truth_loss_p1": 0.000944, "truth_lost_p0": 214, "truth_lost_p1": 168, "truth_rcvbuf_drops": 0, "util": 1.749480632340657, "wall_s": 19.0, "winline_cli": true, "winline_srv": true}
=== rep=2 seed=7 cell=c1d-400 arm=A2 attempt=1 pipeline=window hint=bulk spec=c1/c1/dual bytes=400000000 12:58:38
COTENANT c1d-400-A2 s7 rep=2 before=0 after=0 load=2.73 2.24 1.93
--- RWM-C perf pipeline=window mode=dual hint=bulk A=c1 B=c1 ooo=0 extra='' T=default (400000000 x 1) start=14:58:39
{"bytes":400000000,"dnf":0,"hint":"bulk","max_s":15.6743,"mean_mbps":204.156,"mean_s":15.6743,"median_s":15.6743,"min_s":15.6743,"proto":"rp-native","runs":1,"stdev_s":0.0,"summary":true}
    CPU: CPUSRV=19.54s CPUCLI=26.59s (srv=decoder cli=sender; whole-invocation incl warmup)
    [TRUTH] leg=0 dev=cli0 egress_dgrams=141750 egress_skbs=54648 gso=2.59 netem_sent_dgrams=141604 netem_dropped_skbs=60 backlog=0 lost=146 loss=0.001030 rcvbuf_drops=5 rcvbuf_scope=netns
    [TRUTH] leg=1 dev=cli1 egress_dgrams=216077 egress_skbs=65046 gso=3.32 netem_sent_dgrams=215938 netem_dropped_skbs=56 backlog=0 lost=139 loss=0.000643 rcvbuf_drops=5 rcvbuf_scope=netns
RUNTIME c1d-400-A2 s7 rep=2 attempt=1 18s rc=0
S3ROW {"arm": "A2", "busy_last": 94.0, "busy_med": 87.0, "cad_cli": false, "cad_srv": false, "cell": "c1d-400", "cod": 183, "coded_share": 0.0005472798992765737, "cotenant": 0, "cpu_cli": 26.59, "cpu_srv": 19.54, "diag_lines": 62, "dnf": false, "feed_ratio_p0": 0.9708737864077669, "feed_ratio_p1": 1.244167962674961, "gates_cli": true, "gates_srv": true, "gen_guard": false, "header": ["window", "bulk"], "mbps": 204.156, "pa_cli": 0, "pa_srv": 0, "pipe_cli": ["window", "Rlc", "bulk"], "pipe_srv": ["window", "Rlc", "bulk"], "plc_p0": 0.001, "plc_p1": 0.0008, "plu_last_p0": 0.0354, "plu_last_p1": 0.0354, "plu_med_p0": 0.0354, "plu_med_p1": 0.0354, "problems": [], "rc": 0, "rep": 2, "seconds": 15.674312, "seed": "7", "src": 334198, "status": "LIVE", "summary": true, "truth_egress_p0": 141750, "truth_egress_p1": 216077, "truth_gso_p0": 2.59, "truth_gso_p1": 3.32, "truth_loss_p0": 0.00103, "truth_loss_p1": 0.000643, "truth_lost_p0": 146, "truth_lost_p1": 139, "truth_rcvbuf_drops": 5, "util": 1.6964061963293826, "wall_s": 18.0, "winline_cli": true, "winline_srv": true}
=== rep=2 seed=7 cell=c1d-400 arm=CAD attempt=1 pipeline=window hint=bulk spec=c1/c1/dual bytes=400000000 12:58:56
COTENANT c1d-400-CAD s7 rep=2 before=0 after=0 load=3.46 2.41 1.99
--- RWM-C perf pipeline=window mode=dual hint=bulk A=c1 B=c1 ooo=0 extra='' T=default (400000000 x 1) start=14:58:57
{"bytes":400000000,"dnf":0,"hint":"bulk","max_s":11.5666,"mean_mbps":276.659,"mean_s":11.5666,"median_s":11.5666,"min_s":11.5666,"proto":"rp-native","runs":1,"stdev_s":0.0,"summary":true}
    CPU: CPUSRV=16.63s CPUCLI=19.33s (srv=decoder cli=sender; whole-invocation incl warmup)
    [TRUTH] leg=0 dev=cli0 egress_dgrams=160658 egress_skbs=57129 gso=2.81 netem_sent_dgrams=160477 netem_dropped_skbs=61 backlog=0 lost=181 loss=0.001127 rcvbuf_drops=6 rcvbuf_scope=netns
    [TRUTH] leg=1 dev=cli1 egress_dgrams=191400 egress_skbs=60121 gso=3.18 netem_sent_dgrams=191221 netem_dropped_skbs=55 backlog=0 lost=179 loss=0.000935 rcvbuf_drops=6 rcvbuf_scope=netns
RUNTIME c1d-400-CAD s7 rep=2 attempt=1 13s rc=0
S3ROW {"arm": "CAD", "busy_last": 91.0, "busy_med": 83.0, "cad_cli": true, "cad_srv": true, "cell": "c1d-400", "cod": 116, "coded_share": 0.0003444650991524971, "cotenant": 0, "cpu_cli": 19.33, "cpu_srv": 16.63, "diag_lines": 46, "dnf": false, "feed_ratio_p0": 1.3309671694764864, "feed_ratio_p1": 0.9625668449197861, "gates_cli": true, "gates_srv": true, "gen_guard": false, "header": ["window", "bulk"], "mbps": 276.659, "pa_cli": 0, "pa_srv": 0, "pipe_cli": ["window", "Rlc", "bulk"], "pipe_srv": ["window", "Rlc", "bulk"], "plc_p0": 0.0015, "plc_p1": 0.0009, "plu_last_p0": 0.0011, "plu_last_p1": 0.0032, "plu_med_p0": 0.001, "plu_med_p1": 0.0008, "problems": [], "rc": 0, "rep": 2, "seconds": 11.566569, "seed": "7", "src": 336638, "status": "LIVE", "summary": true, "truth_egress_p0": 160658, "truth_egress_p1": 191400, "truth_gso_p0": 2.81, "truth_gso_p1": 3.18, "truth_loss_p0": 0.001127, "truth_loss_p1": 0.000935, "truth_lost_p0": 181, "truth_lost_p1": 179, "truth_rcvbuf_drops": 6, "util": 1.6711956674446846, "wall_s": 13.0, "winline_cli": true, "winline_srv": true}
=== rep=2 seed=7 cell=c2-100 arm=BLKb attempt=1 pipeline=block hint=bulk spec=c2/c2/single bytes=100000000 12:59:10
COTENANT c2-100-BLKb s7 rep=2 before=0 after=0 load=2.84 2.33 1.97
--- RWM-C perf pipeline=block mode=single hint=bulk A=c2 B=c2 ooo=0 extra='' T=default (100000000 x 1) start=14:59:11
{"bytes":100000000,"dnf":0,"hint":"bulk","max_s":8.9232,"mean_mbps":89.654,"mean_s":8.9232,"median_s":8.9232,"min_s":8.9232,"proto":"rp-native","runs":1,"stdev_s":0.0,"summary":true}
    CPU: CPUSRV=2.84s CPUCLI=3.71s (srv=decoder cli=sender; whole-invocation incl warmup)
    [TRUTH] leg=0 dev=cli0 egress_dgrams=92497 egress_skbs=17311 gso=5.34 netem_sent_dgrams=90213 netem_dropped_skbs=426 backlog=0 lost=2284 loss=0.024693 rcvbuf_drops=0 rcvbuf_scope=netns
RUNTIME c2-100-BLKb s7 rep=2 attempt=1 10s rc=0
S3ROW {"arm": "BLKb", "busy_last": null, "busy_med": null, "cad_cli": false, "cad_srv": false, "cell": "c2-100", "cod": null, "coded_share": null, "cotenant": 0, "cpu_cli": 3.71, "cpu_srv": 2.84, "diag_lines": 0, "dnf": false, "feed_ratio_p0": null, "gates_cli": true, "gates_srv": true, "gen_guard": false, "header": ["block", "bulk"], "mbps": 89.654, "pa_cli": 0, "pa_srv": 0, "pipe_cli": ["block", "RaptorQ", "bulk"], "pipe_srv": ["block", "RaptorQ", "bulk"], "problems": [], "rc": 0, "rep": 2, "seconds": 8.923186, "seed": "7", "src": null, "status": "LIVE", "summary": true, "truth_egress_p0": 92497, "truth_gso_p0": 5.34, "truth_loss_p0": 0.024693, "truth_lost_p0": 2284, "truth_rcvbuf_drops": 0, "util": 0.4157707796296077, "wall_s": 10.0, "winline_cli": false, "winline_srv": false}
=== rep=2 seed=7 cell=c2-100 arm=WINa attempt=1 pipeline=window hint=auto spec=c2/c2/single bytes=100000000 12:59:21
COTENANT c2-100-WINa s7 rep=2 before=0 after=0 load=2.63 2.30 1.96
--- RWM-C perf pipeline=window mode=single hint=auto A=c2 B=c2 ooo=0 extra='' T=default (100000000 x 1) start=14:59:22
{"bytes":100000000,"dnf":0,"hint":"auto","max_s":11.119,"mean_mbps":71.949,"mean_s":11.119,"median_s":11.119,"min_s":11.119,"proto":"rp-native","runs":1,"stdev_s":0.0,"summary":true}
    CPU: CPUSRV=6.00s CPUCLI=6.24s (srv=decoder cli=sender; whole-invocation incl warmup)
    [TRUTH] leg=0 dev=cli0 egress_dgrams=114624 egress_skbs=27574 gso=4.16 netem_sent_dgrams=111837 netem_dropped_skbs=688 backlog=0 lost=2787 loss=0.024314 rcvbuf_drops=0 rcvbuf_scope=netns
RUNTIME c2-100-WINa s7 rep=2 attempt=1 13s rc=0
S3ROW {"arm": "WINa", "busy_last": 16.0, "busy_med": 23.5, "cad_cli": false, "cad_srv": false, "cell": "c2-100", "cod": 21232, "coded_share": 0.20061226803734078, "cotenant": 0, "cpu_cli": 6.24, "cpu_srv": 6.0, "diag_lines": 44, "dnf": false, "feed_ratio_p0": 1.0035370568396809, "gates_cli": true, "gates_srv": true, "gen_guard": false, "header": ["window", "auto"], "mbps": 71.949, "pa_cli": 0, "pa_srv": 0, "pipe_cli": ["window", "Rlc", "auto"], "pipe_srv": ["window", "Rlc", "auto"], "plc_p0": 0.0244, "plu_last_p0": 0.0354, "plu_med_p0": 0.0355, "problems": [], "rc": 0, "rep": 2, "seconds": 11.11897, "seed": "7", "src": 84604, "status": "LIVE", "summary": true, "truth_egress_p0": 114624, "truth_gso_p0": 4.16, "truth_loss_p0": 0.024314, "truth_lost_p0": 2787, "truth_rcvbuf_drops": 0, "util": 0.5612030610749018, "wall_s": 13.0, "winline_cli": true, "winline_srv": true}
=== rep=2 seed=7 cell=c2-100 arm=BLKa attempt=1 pipeline=block hint=auto spec=c2/c2/single bytes=100000000 12:59:34
COTENANT c2-100-BLKa s7 rep=2 before=0 after=0 load=2.20 2.22 1.94
--- RWM-C perf pipeline=block mode=single hint=auto A=c2 B=c2 ooo=0 extra='' T=default (100000000 x 1) start=14:59:35
{"bytes":100000000,"dnf":0,"hint":"auto","max_s":13.568,"mean_mbps":58.962,"mean_s":13.568,"median_s":13.568,"min_s":13.568,"proto":"rp-native","runs":1,"stdev_s":0.0,"summary":true}
    CPU: CPUSRV=4.32s CPUCLI=6.01s (srv=decoder cli=sender; whole-invocation incl warmup)
    [TRUTH] leg=0 dev=cli0 egress_dgrams=140934 egress_skbs=25874 gso=5.45 netem_sent_dgrams=137457 netem_dropped_skbs=661 backlog=0 lost=3477 loss=0.024671 rcvbuf_drops=0 rcvbuf_scope=netns
RUNTIME c2-100-BLKa s7 rep=2 attempt=1 15s rc=0
S3ROW {"arm": "BLKa", "busy_last": null, "busy_med": null, "cad_cli": false, "cad_srv": false, "cell": "c2-100", "cod": null, "coded_share": null, "cotenant": 0, "cpu_cli": 6.01, "cpu_srv": 4.32, "diag_lines": 0, "dnf": false, "feed_ratio_p0": null, "gates_cli": true, "gates_srv": true, "gen_guard": false, "header": ["block", "auto"], "mbps": 58.962, "pa_cli": 0, "pa_srv": 0, "pipe_cli": ["block", "RaptorQ", "auto"], "pipe_srv": ["block", "RaptorQ", "auto"], "problems": [], "rc": 0, "rep": 2, "seconds": 13.568032, "seed": "7", "src": null, "status": "LIVE", "summary": true, "truth_egress_p0": 140934, "truth_gso_p0": 5.45, "truth_loss_p0": 0.024671, "truth_lost_p0": 3477, "truth_rcvbuf_drops": 0, "util": 0.4429529647335737, "wall_s": 15.0, "winline_cli": false, "winline_srv": false}
=== rep=2 seed=7 cell=c2-100 arm=A1 attempt=1 pipeline=window hint=bulk spec=c2/c2/single bytes=100000000 12:59:49
COTENANT c2-100-A1 s7 rep=2 before=0 after=0 load=1.93 2.16 1.92
--- RWM-C perf pipeline=window mode=single hint=bulk A=c2 B=c2 ooo=0 extra='' T=default (100000000 x 1) start=14:59:51
{"bytes":100000000,"dnf":0,"hint":"bulk","max_s":8.9634,"mean_mbps":89.252,"mean_s":8.9634,"median_s":8.9634,"min_s":8.9634,"proto":"rp-native","runs":1,"stdev_s":0.0,"summary":true}
    CPU: CPUSRV=4.40s CPUCLI=4.78s (srv=decoder cli=sender; whole-invocation incl warmup)
    [TRUTH] leg=0 dev=cli0 egress_dgrams=93878 egress_skbs=18953 gso=4.95 netem_sent_dgrams=91568 netem_dropped_skbs=480 backlog=0 lost=2310 loss=0.024606 rcvbuf_drops=0 rcvbuf_scope=netns
RUNTIME c2-100-A1 s7 rep=2 attempt=1 10s rc=0
S3ROW {"arm": "A1", "busy_last": 18.0, "busy_med": 18.0, "cad_cli": false, "cad_srv": false, "cell": "c2-100", "cod": 406, "coded_share": 0.004827356606106725, "cotenant": 0, "cpu_cli": 4.78, "cpu_srv": 4.4, "diag_lines": 35, "dnf": false, "feed_ratio_p0": 1.0078842558725514, "gates_cli": true, "gates_srv": true, "gen_guard": false, "header": ["window", "bulk"], "mbps": 89.252, "pa_cli": 0, "pa_srv": 0, "pipe_cli": ["window", "Rlc", "bulk"], "pipe_srv": ["window", "Rlc", "bulk"], "plc_p0": 0.0248, "plu_last_p0": 0.0354, "plu_med_p0": 0.0354, "problems": [], "rc": 0, "rep": 2, "seconds": 8.963409, "seed": "7", "src": 83698, "status": "LIVE", "summary": true, "truth_egress_p0": 93878, "truth_gso_p0": 4.95, "truth_loss_p0": 0.024606, "truth_lost_p0": 2310, "truth_rcvbuf_drops": 0, "util": 0.5332792467687238, "wall_s": 10.0, "winline_cli": true, "winline_srv": true}
=== rep=2 seed=7 cell=c2-100 arm=A2 attempt=1 pipeline=window hint=bulk spec=c2/c2/single bytes=100000000 13:00:01
COTENANT c2-100-A2 s7 rep=2 before=0 after=0 load=1.78 2.12 1.91
--- RWM-C perf pipeline=window mode=single hint=bulk A=c2 B=c2 ooo=0 extra='' T=default (100000000 x 1) start=15:00:02
{"bytes":100000000,"dnf":0,"hint":"bulk","max_s":8.9677,"mean_mbps":89.209,"mean_s":8.9677,"median_s":8.9677,"min_s":8.9677,"proto":"rp-native","runs":1,"stdev_s":0.0,"summary":true}
    CPU: CPUSRV=4.42s CPUCLI=4.84s (srv=decoder cli=sender; whole-invocation incl warmup)
    [TRUTH] leg=0 dev=cli0 egress_dgrams=94349 egress_skbs=20352 gso=4.64 netem_sent_dgrams=91997 netem_dropped_skbs=494 backlog=0 lost=2352 loss=0.024929 rcvbuf_drops=0 rcvbuf_scope=netns
RUNTIME c2-100-A2 s7 rep=2 attempt=1 10s rc=0
S3ROW {"arm": "A2", "busy_last": 18.0, "busy_med": 18.0, "cad_cli": false, "cad_srv": false, "cell": "c2-100", "cod": 437, "coded_share": 0.005196318580703465, "cotenant": 0, "cpu_cli": 4.84, "cpu_srv": 4.42, "diag_lines": 35, "dnf": false, "feed_ratio_p0": 1.0269164426972603, "gates_cli": true, "gates_srv": true, "gen_guard": false, "header": ["window", "bulk"], "mbps": 89.209, "pa_cli": 0, "pa_srv": 0, "pipe_cli": ["window", "Rlc", "bulk"], "pipe_srv": ["window", "Rlc", "bulk"], "plc_p0": 0.0256, "plu_last_p0": 0.0361, "plu_med_p0": 0.0354, "problems": [], "rc": 0, "rep": 2, "seconds": 8.967728, "seed": "7", "src": 83661, "status": "LIVE", "summary": true, "truth_egress_p0": 94349, "truth_gso_p0": 4.64, "truth_loss_p0": 0.024929, "truth_lost_p0": 2352, "truth_rcvbuf_drops": 0, "util": 0.5397130689066395, "wall_s": 10.0, "winline_cli": true, "winline_srv": true}
=== rep=2 seed=7 cell=c2-100 arm=CAD attempt=1 pipeline=window hint=bulk spec=c2/c2/single bytes=100000000 13:00:12
COTENANT c2-100-CAD s7 rep=2 before=0 after=0 load=1.51 2.05 1.89
--- RWM-C perf pipeline=window mode=single hint=bulk A=c2 B=c2 ooo=0 extra='' T=default (100000000 x 1) start=15:00:13
{"bytes":100000000,"dnf":0,"hint":"bulk","max_s":8.9647,"mean_mbps":89.239,"mean_s":8.9647,"median_s":8.9647,"min_s":8.9647,"proto":"rp-native","runs":1,"stdev_s":0.0,"summary":true}
    CPU: CPUSRV=4.54s CPUCLI=3.99s (srv=decoder cli=sender; whole-invocation incl warmup)
    [TRUTH] leg=0 dev=cli0 egress_dgrams=94168 egress_skbs=21083 gso=4.47 netem_sent_dgrams=91866 netem_dropped_skbs=512 backlog=0 lost=2302 loss=0.024446 rcvbuf_drops=0 rcvbuf_scope=netns
RUNTIME c2-100-CAD s7 rep=2 attempt=1 10s rc=0
S3ROW {"arm": "CAD", "busy_last": 12.0, "busy_med": 17.0, "cad_cli": true, "cad_srv": true, "cell": "c2-100", "cod": 406, "coded_share": 0.00483235535665401, "cotenant": 0, "cpu_cli": 3.99, "cpu_srv": 4.54, "diag_lines": 35, "dnf": false, "feed_ratio_p0": 0.9899370040088358, "gates_cli": true, "gates_srv": true, "gen_guard": false, "header": ["window", "bulk"], "mbps": 89.239, "pa_cli": 0, "pa_srv": 0, "pipe_cli": ["window", "Rlc", "bulk"], "pipe_srv": ["window", "Rlc", "bulk"], "plc_p0": 0.0242, "plu_last_p0": 0.0601, "plu_med_p0": 0.0155, "problems": [], "rc": 0, "rep": 2, "seconds": 8.964653, "seed": "7", "src": 83611, "status": "LIVE", "summary": true, "truth_egress_p0": 94168, "truth_gso_p0": 4.47, "truth_loss_p0": 0.024446, "truth_lost_p0": 2302, "truth_rcvbuf_drops": 0, "util": 0.44508136567026074, "wall_s": 10.0, "winline_cli": true, "winline_srv": true}
=== rep=2 seed=7 cell=c3-25 arm=BLKb attempt=1 pipeline=block hint=bulk spec=c3/c3/single bytes=25000000 13:00:23
COTENANT c3-25-BLKb s7 rep=2 before=0 after=0 load=1.25 1.96 1.87
--- RWM-C perf pipeline=block mode=single hint=bulk A=c3 B=c3 ooo=0 extra='' T=default (25000000 x 1) start=15:00:24
{"bytes":25000000,"dnf":0,"hint":"bulk","max_s":12.5196,"mean_mbps":15.975,"mean_s":12.5196,"median_s":12.5196,"min_s":12.5196,"proto":"rp-native","runs":1,"stdev_s":0.0,"summary":true}
    CPU: CPUSRV=1.52s CPUCLI=2.10s (srv=decoder cli=sender; whole-invocation incl warmup)
    [TRUTH] leg=0 dev=cli0 egress_dgrams=30482 egress_skbs=12264 gso=2.49 netem_sent_dgrams=27569 netem_dropped_skbs=543 backlog=1546 lost=1367 loss=0.044846 rcvbuf_drops=0 rcvbuf_scope=netns
RUNTIME c3-25-BLKb s7 rep=2 attempt=1 14s rc=0
S3ROW {"arm": "BLKb", "busy_last": null, "busy_med": null, "cad_cli": false, "cad_srv": false, "cell": "c3-25", "cod": null, "coded_share": null, "cotenant": 0, "cpu_cli": 2.1, "cpu_srv": 1.52, "diag_lines": 0, "dnf": false, "feed_ratio_p0": null, "gates_cli": true, "gates_srv": true, "gen_guard": false, "header": ["block", "bulk"], "mbps": 15.975, "pa_cli": 0, "pa_srv": 0, "pipe_cli": ["block", "RaptorQ", "bulk"], "pipe_srv": ["block", "RaptorQ", "bulk"], "problems": [], "rc": 0, "rep": 2, "seconds": 12.519602, "seed": "7", "src": null, "status": "LIVE", "summary": true, "truth_egress_p0": 30482, "truth_gso_p0": 2.49, "truth_loss_p0": 0.044846, "truth_lost_p0": 1367, "truth_rcvbuf_drops": 0, "util": 0.16773696160628748, "wall_s": 14.0, "winline_cli": false, "winline_srv": false}
=== rep=2 seed=7 cell=c3-25 arm=WINa attempt=1 pipeline=window hint=auto spec=c3/c3/single bytes=25000000 13:00:37
COTENANT c3-25-WINa s7 rep=2 before=0 after=0 load=1.12 1.90 1.85
--- RWM-C perf pipeline=window mode=single hint=auto A=c3 B=c3 ooo=0 extra='' T=default (25000000 x 1) start=15:00:40
{"bytes":25000000,"dnf":0,"hint":"auto","max_s":13.1518,"mean_mbps":15.207,"mean_s":13.1518,"median_s":13.1518,"min_s":13.1518,"proto":"rp-native","runs":1,"stdev_s":0.0,"summary":true}
    CPU: CPUSRV=1.69s CPUCLI=2.48s (srv=decoder cli=sender; whole-invocation incl warmup)
    [TRUTH] leg=0 dev=cli0 egress_dgrams=29740 egress_skbs=9277 gso=3.21 netem_sent_dgrams=28422 netem_dropped_skbs=434 backlog=0 lost=1318 loss=0.044317 rcvbuf_drops=0 rcvbuf_scope=netns
RUNTIME c3-25-WINa s7 rep=2 attempt=1 17s rc=0
S3ROW {"arm": "WINa", "busy_last": 5.0, "busy_med": 7.0, "cad_cli": false, "cad_srv": false, "cell": "c3-25", "cod": 854, "coded_share": 0.03880759792783786, "cotenant": 0, "cpu_cli": 2.48, "cpu_srv": 1.69, "diag_lines": 52, "dnf": false, "feed_ratio_p0": 0.9702822844506621, "gates_cli": true, "gates_srv": true, "gen_guard": false, "header": ["window", "auto"], "mbps": 15.207, "pa_cli": 0, "pa_srv": 0, "pipe_cli": ["window", "Rlc", "auto"], "pipe_srv": ["window", "Rlc", "auto"], "plc_p0": 0.043, "plu_last_p0": 0.0418, "plu_med_p0": 0.0383, "problems": [], "rc": 0, "rep": 2, "seconds": 13.151844, "seed": "7", "src": 21152, "status": "LIVE", "summary": true, "truth_egress_p0": 29740, "truth_gso_p0": 3.21, "truth_loss_p0": 0.044317, "truth_lost_p0": 1318, "truth_rcvbuf_drops": 0, "util": 0.18856671353461918, "wall_s": 17.0, "winline_cli": true, "winline_srv": true}
=== rep=2 seed=7 cell=c3-25 arm=BLKa attempt=1 pipeline=block hint=auto spec=c3/c3/single bytes=25000000 13:00:54
COTENANT c3-25-BLKa s7 rep=2 before=0 after=0 load=1.08 1.80 1.81
--- RWM-C perf pipeline=block mode=single hint=auto A=c3 B=c3 ooo=0 extra='' T=default (25000000 x 1) start=15:00:56
{"bytes":25000000,"dnf":0,"hint":"auto","max_s":30.7419,"mean_mbps":6.506,"mean_s":30.7419,"median_s":30.7419,"min_s":30.7419,"proto":"rp-native","runs":1,"stdev_s":0.0,"summary":true}
    CPU: CPUSRV=3.25s CPUCLI=5.87s (srv=decoder cli=sender; whole-invocation incl warmup)
    [TRUTH] leg=0 dev=cli0 egress_dgrams=68750 egress_skbs=23953 gso=2.87 netem_sent_dgrams=64077 netem_dropped_skbs=1078 backlog=1733 lost=2940 loss=0.042764 rcvbuf_drops=0 rcvbuf_scope=netns
RUNTIME c3-25-BLKa s7 rep=2 attempt=1 33s rc=0
S3ROW {"arm": "BLKa", "busy_last": null, "busy_med": null, "cad_cli": false, "cad_srv": false, "cell": "c3-25", "cod": null, "coded_share": null, "cotenant": 0, "cpu_cli": 5.87, "cpu_srv": 3.25, "diag_lines": 0, "dnf": false, "feed_ratio_p0": null, "gates_cli": true, "gates_srv": true, "gen_guard": false, "header": ["block", "auto"], "mbps": 6.506, "pa_cli": 0, "pa_srv": 0, "pipe_cli": ["block", "RaptorQ", "auto"], "pipe_srv": ["block", "RaptorQ", "auto"], "problems": [], "rc": 0, "rep": 2, "seconds": 30.741931, "seed": "7", "src": null, "status": "LIVE", "summary": true, "truth_egress_p0": 68750, "truth_gso_p0": 2.87, "truth_loss_p0": 0.042764, "truth_lost_p0": 2940, "truth_rcvbuf_drops": 0, "util": 0.19094441399923773, "wall_s": 33.0, "winline_cli": false, "winline_srv": false}
=== rep=2 seed=7 cell=c3-25 arm=A1 attempt=1 pipeline=window hint=bulk spec=c3/c3/single bytes=25000000 13:01:27
COTENANT c3-25-A1 s7 rep=2 before=0 after=0 load=0.91 1.73 1.79
--- RWM-C perf pipeline=window mode=single hint=bulk A=c3 B=c3 ooo=0 extra='' T=default (25000000 x 1) start=15:01:29
{"bytes":25000000,"dnf":0,"hint":"bulk","max_s":11.4356,"mean_mbps":17.489,"mean_s":11.4356,"median_s":11.4356,"min_s":11.4356,"proto":"rp-native","runs":1,"stdev_s":0.0,"summary":true}
    CPU: CPUSRV=1.68s CPUCLI=2.23s (srv=decoder cli=sender; whole-invocation incl warmup)
    [TRUTH] leg=0 dev=cli0 egress_dgrams=25821 egress_skbs=7853 gso=3.29 netem_sent_dgrams=24673 netem_dropped_skbs=357 backlog=0 lost=1148 loss=0.044460 rcvbuf_drops=0 rcvbuf_scope=netns
RUNTIME c3-25-A1 s7 rep=2 attempt=1 14s rc=0
S3ROW {"arm": "A1", "busy_last": 6.0, "busy_med": 7.0, "cad_cli": false, "cad_srv": false, "cell": "c3-25", "cod": 214, "coded_share": 0.01001591313301507, "cotenant": 0, "cpu_cli": 2.23, "cpu_srv": 1.68, "diag_lines": 45, "dnf": false, "feed_ratio_p0": 1.01889338731444, "gates_cli": true, "gates_srv": true, "gen_guard": false, "header": ["window", "bulk"], "mbps": 17.489, "pa_cli": 0, "pa_srv": 0, "pipe_cli": ["window", "Rlc", "bulk"], "pipe_srv": ["window", "Rlc", "bulk"], "plc_p0": 0.0453, "plu_last_p0": 0.0355, "plu_med_p0": 0.0385, "problems": [], "rc": 0, "rep": 2, "seconds": 11.435631, "seed": "7", "src": 21152, "status": "LIVE", "summary": true, "truth_egress_p0": 25821, "truth_gso_p0": 3.29, "truth_loss_p0": 0.04446, "truth_lost_p0": 1148, "truth_rcvbuf_drops": 0, "util": 0.19500454325607391, "wall_s": 14.0, "winline_cli": true, "winline_srv": true}
=== rep=2 seed=7 cell=c3-25 arm=A2 attempt=1 pipeline=window hint=bulk spec=c3/c3/single bytes=25000000 13:01:41
COTENANT c3-25-A2 s7 rep=2 before=0 after=0 load=0.93 1.70 1.78
--- RWM-C perf pipeline=window mode=single hint=bulk A=c3 B=c3 ooo=0 extra='' T=default (25000000 x 1) start=15:01:43
{"bytes":25000000,"dnf":0,"hint":"bulk","max_s":11.5877,"mean_mbps":17.26,"mean_s":11.5877,"median_s":11.5877,"min_s":11.5877,"proto":"rp-native","runs":1,"stdev_s":0.0,"summary":true}
    CPU: CPUSRV=1.56s CPUCLI=2.09s (srv=decoder cli=sender; whole-invocation incl warmup)
    [TRUTH] leg=0 dev=cli0 egress_dgrams=25179 egress_skbs=7514 gso=3.35 netem_sent_dgrams=24080 netem_dropped_skbs=340 backlog=0 lost=1099 loss=0.043647 rcvbuf_drops=0 rcvbuf_scope=netns
RUNTIME c3-25-A2 s7 rep=2 attempt=1 14s rc=0
S3ROW {"arm": "A2", "busy_last": 8.0, "busy_med": 7.0, "cad_cli": false, "cad_srv": false, "cell": "c3-25", "cod": 203, "coded_share": 0.009505970498712246, "cotenant": 0, "cpu_cli": 2.09, "cpu_srv": 1.56, "diag_lines": 46, "dnf": false, "feed_ratio_p0": 0.9989231791417509, "gates_cli": true, "gates_srv": true, "gen_guard": false, "header": ["window", "bulk"], "mbps": 17.26, "pa_cli": 0, "pa_srv": 0, "pipe_cli": ["window", "Rlc", "bulk"], "pipe_srv": ["window", "Rlc", "bulk"], "plc_p0": 0.0436, "plu_last_p0": 0.1258, "plu_med_p0": 0.0373, "problems": [], "rc": 0, "rep": 2, "seconds": 11.587726, "seed": "7", "src": 21152, "status": "LIVE", "summary": true, "truth_egress_p0": 25179, "truth_gso_p0": 3.35, "truth_loss_p0": 0.043647, "truth_lost_p0": 1099, "truth_rcvbuf_drops": 0, "util": 0.1803632567770415, "wall_s": 14.0, "winline_cli": true, "winline_srv": true}
=== rep=2 seed=7 cell=c3-25 arm=CAD attempt=1 pipeline=window hint=bulk spec=c3/c3/single bytes=25000000 13:01:59
COTENANT c3-25-CAD s7 rep=2 before=0 after=0 load=1.22 1.72 1.79
--- RWM-C perf pipeline=window mode=single hint=bulk A=c3 B=c3 ooo=0 extra='' T=default (25000000 x 1) start=15:02:01
{"bytes":25000000,"dnf":0,"hint":"bulk","max_s":11.5037,"mean_mbps":17.386,"mean_s":11.5037,"median_s":11.5037,"min_s":11.5037,"proto":"rp-native","runs":1,"stdev_s":0.0,"summary":true}
    CPU: CPUSRV=1.57s CPUCLI=1.91s (srv=decoder cli=sender; whole-invocation incl warmup)
    [TRUTH] leg=0 dev=cli0 egress_dgrams=25889 egress_skbs=8006 gso=3.23 netem_sent_dgrams=24765 netem_dropped_skbs=365 backlog=0 lost=1124 loss=0.043416 rcvbuf_drops=0 rcvbuf_scope=netns
RUNTIME c3-25-CAD s7 rep=2 attempt=1 14s rc=0
S3ROW {"arm": "CAD", "busy_last": 3.0, "busy_med": 6.0, "cad_cli": true, "cad_srv": true, "cell": "c3-25", "cod": 228, "coded_share": 0.010664172123479887, "cotenant": 0, "cpu_cli": 1.91, "cpu_srv": 1.57, "diag_lines": 46, "dnf": false, "feed_ratio_p0": 0.9904182789754927, "gates_cli": true, "gates_srv": true, "gen_guard": false, "header": ["window", "bulk"], "mbps": 17.386, "pa_cli": 0, "pa_srv": 0, "pipe_cli": ["window", "Rlc", "bulk"], "pipe_srv": ["window", "Rlc", "bulk"], "plc_p0": 0.043, "plu_last_p0": 0.0858, "plu_med_p0": 0.0252, "problems": [], "rc": 0, "rep": 2, "seconds": 11.503731, "seed": "7", "src": 21152, "status": "LIVE", "summary": true, "truth_egress_p0": 25889, "truth_gso_p0": 3.23, "truth_loss_p0": 0.043416, "truth_lost_p0": 1124, "truth_rcvbuf_drops": 0, "util": 0.16603308961240487, "wall_s": 14.0, "winline_cli": true, "winline_srv": true}
=== rep=2 seed=7 cell=c7-100 arm=BLKb attempt=1 pipeline=block hint=bulk spec=c2/c2/dual bytes=100000000 13:02:13
COTENANT c7-100-BLKb s7 rep=2 before=0 after=0 load=1.36 1.75 1.79
--- RWM-C perf pipeline=block mode=dual hint=bulk A=c2 B=c2 ooo=0 extra='' T=default (100000000 x 1) start=15:02:14
{"bytes":100000000,"dnf":0,"hint":"bulk","max_s":4.7251,"mean_mbps":169.31,"mean_s":4.7251,"median_s":4.7251,"min_s":4.7251,"proto":"rp-native","runs":1,"stdev_s":0.0,"summary":true}
    CPU: CPUSRV=3.22s CPUCLI=4.29s (srv=decoder cli=sender; whole-invocation incl warmup)
    [TRUTH] leg=0 dev=cli0 egress_dgrams=48683 egress_skbs=9257 gso=5.26 netem_sent_dgrams=47322 netem_dropped_skbs=250 backlog=0 lost=1361 loss=0.027956 rcvbuf_drops=0 rcvbuf_scope=netns
    [TRUTH] leg=1 dev=cli1 egress_dgrams=44261 egress_skbs=8668 gso=5.11 netem_sent_dgrams=43128 netem_dropped_skbs=222 backlog=0 lost=1133 loss=0.025598 rcvbuf_drops=0 rcvbuf_scope=netns
RUNTIME c7-100-BLKb s7 rep=2 attempt=1 7s rc=0
S3ROW {"arm": "BLKb", "busy_last": null, "busy_med": null, "cad_cli": false, "cad_srv": false, "cell": "c7-100", "cod": null, "coded_share": null, "cotenant": 0, "cpu_cli": 4.29, "cpu_srv": 3.22, "diag_lines": 0, "dnf": false, "feed_ratio_p0": null, "feed_ratio_p1": null, "gates_cli": true, "gates_srv": true, "gen_guard": false, "header": ["block", "bulk"], "mbps": 169.31, "pa_cli": 0, "pa_srv": 0, "pipe_cli": ["block", "RaptorQ", "bulk"], "pipe_srv": ["block", "RaptorQ", "bulk"], "problems": [], "rc": 0, "rep": 2, "seconds": 4.72505, "seed": "7", "src": null, "status": "LIVE", "summary": true, "truth_egress_p0": 48683, "truth_egress_p1": 44261, "truth_gso_p0": 5.26, "truth_gso_p1": 5.11, "truth_loss_p0": 0.027956, "truth_loss_p1": 0.025598, "truth_lost_p0": 1361, "truth_lost_p1": 1133, "truth_rcvbuf_drops": 0, "util": 0.9079269002444418, "wall_s": 7.0, "winline_cli": false, "winline_srv": false}
=== rep=2 seed=7 cell=c7-100 arm=WINa attempt=1 pipeline=window hint=auto spec=c2/c2/dual bytes=100000000 13:02:20
COTENANT c7-100-WINa s7 rep=2 before=0 after=0 load=1.79 1.82 1.82
--- RWM-C perf pipeline=window mode=dual hint=auto A=c2 B=c2 ooo=0 extra='' T=default (100000000 x 1) start=15:02:21
{"bytes":100000000,"dnf":0,"hint":"auto","max_s":6.2998,"mean_mbps":126.988,"mean_s":6.2998,"median_s":6.2998,"min_s":6.2998,"proto":"rp-native","runs":1,"stdev_s":0.0,"summary":true}
    CPU: CPUSRV=8.62s CPUCLI=10.14s (srv=decoder cli=sender; whole-invocation incl warmup)
    [TRUTH] leg=0 dev=cli0 egress_dgrams=59023 egress_skbs=26576 gso=2.22 netem_sent_dgrams=57548 netem_dropped_skbs=674 backlog=0 lost=1475 loss=0.024990 rcvbuf_drops=0 rcvbuf_scope=netns
    [TRUTH] leg=1 dev=cli1 egress_dgrams=58555 egress_skbs=26869 gso=2.18 netem_sent_dgrams=57087 netem_dropped_skbs=693 backlog=0 lost=1468 loss=0.025070 rcvbuf_drops=0 rcvbuf_scope=netns
RUNTIME c7-100-WINa s7 rep=2 attempt=1 8s rc=0
S3ROW {"arm": "WINa", "busy_last": 89.0, "busy_med": 91.0, "cad_cli": false, "cad_srv": false, "cell": "c7-100", "cod": 22889, "coded_share": 0.21293479575414212, "cotenant": 0, "cpu_cli": 10.14, "cpu_srv": 8.62, "diag_lines": 25, "dnf": false, "feed_ratio_p0": 0.9883953581432574, "feed_ratio_p1": 0.9812524930195453, "gates_cli": true, "gates_srv": true, "gen_guard": false, "header": ["window", "auto"], "mbps": 126.988, "pa_cli": 0, "pa_srv": 0, "pipe_cli": ["window", "Rlc", "auto"], "pipe_srv": ["window", "Rlc", "auto"], "plc_p0": 0.0247, "plc_p1": 0.0246, "plu_last_p0": 0.0486, "plu_last_p1": 0.0354, "plu_med_p0": 0.0486, "plu_med_p1": 0.0508, "problems": [], "rc": 0, "rep": 2, "seconds": 6.299806, "seed": "7", "src": 84604, "status": "LIVE", "summary": true, "truth_egress_p0": 59023, "truth_egress_p1": 58555, "truth_gso_p0": 2.22, "truth_gso_p1": 2.18, "truth_loss_p0": 0.02499, "truth_loss_p1": 0.02507, "truth_lost_p0": 1475, "truth_lost_p1": 1468, "truth_rcvbuf_drops": 0, "util": 1.6095733741642204, "wall_s": 8.0, "winline_cli": true, "winline_srv": true}
=== rep=2 seed=7 cell=c7-100 arm=BLKa attempt=1 pipeline=block hint=auto spec=c2/c2/dual bytes=100000000 13:02:28
COTENANT c7-100-BLKa s7 rep=2 before=0 after=0 load=1.67 1.79 1.81
--- RWM-C perf pipeline=block mode=dual hint=auto A=c2 B=c2 ooo=0 extra='' T=default (100000000 x 1) start=15:02:30
{"bytes":100000000,"dnf":0,"hint":"auto","max_s":6.8404,"mean_mbps":116.952,"mean_s":6.8404,"median_s":6.8404,"min_s":6.8404,"proto":"rp-native","runs":1,"stdev_s":0.0,"summary":true}
    CPU: CPUSRV=4.56s CPUCLI=6.60s (srv=decoder cli=sender; whole-invocation incl warmup)
    [TRUTH] leg=0 dev=cli0 egress_dgrams=71578 egress_skbs=15116 gso=4.74 netem_sent_dgrams=69871 netem_dropped_skbs=376 backlog=0 lost=1707 loss=0.023848 rcvbuf_drops=0 rcvbuf_scope=netns
    [TRUTH] leg=1 dev=cli1 egress_dgrams=70589 egress_skbs=14246 gso=4.96 netem_sent_dgrams=68708 netem_dropped_skbs=361 backlog=0 lost=1881 loss=0.026647 rcvbuf_drops=0 rcvbuf_scope=netns
RUNTIME c7-100-BLKa s7 rep=2 attempt=1 9s rc=0
S3ROW {"arm": "BLKa", "busy_last": null, "busy_med": null, "cad_cli": false, "cad_srv": false, "cell": "c7-100", "cod": null, "coded_share": null, "cotenant": 0, "cpu_cli": 6.6, "cpu_srv": 4.56, "diag_lines": 0, "dnf": false, "feed_ratio_p0": null, "feed_ratio_p1": null, "gates_cli": true, "gates_srv": true, "gen_guard": false, "header": ["block", "auto"], "mbps": 116.952, "pa_cli": 0, "pa_srv": 0, "pipe_cli": ["block", "RaptorQ", "auto"], "pipe_srv": ["block", "RaptorQ", "auto"], "problems": [], "rc": 0, "rep": 2, "seconds": 6.840388, "seed": "7", "src": null, "status": "LIVE", "summary": true, "truth_egress_p0": 71578, "truth_egress_p1": 70589, "truth_gso_p0": 4.74, "truth_gso_p1": 4.96, "truth_loss_p0": 0.023848, "truth_loss_p1": 0.026647, "truth_lost_p0": 1707, "truth_lost_p1": 1881, "truth_rcvbuf_drops": 0, "util": 0.9648575490162253, "wall_s": 9.0, "winline_cli": false, "winline_srv": false}
=== rep=2 seed=7 cell=c7-100 arm=A1 attempt=1 pipeline=window hint=bulk spec=c2/c2/dual bytes=100000000 13:02:37
COTENANT c7-100-A1 s7 rep=2 before=0 after=0 load=1.94 1.85 1.83
--- RWM-C perf pipeline=window mode=dual hint=bulk A=c2 B=c2 ooo=0 extra='' T=default (100000000 x 1) start=15:02:39
{"bytes":100000000,"dnf":0,"hint":"bulk","max_s":4.4938,"mean_mbps":178.024,"mean_s":4.4938,"median_s":4.4938,"min_s":4.4938,"proto":"rp-native","runs":1,"stdev_s":0.0,"summary":true}
    CPU: CPUSRV=5.63s CPUCLI=6.85s (srv=decoder cli=sender; whole-invocation incl warmup)
    [TRUTH] leg=0 dev=cli0 egress_dgrams=46037 egress_skbs=16337 gso=2.82 netem_sent_dgrams=44936 netem_dropped_skbs=400 backlog=0 lost=1101 loss=0.023916 rcvbuf_drops=0 rcvbuf_scope=netns
    [TRUTH] leg=1 dev=cli1 egress_dgrams=46140 egress_skbs=16349 gso=2.82 netem_sent_dgrams=45016 netem_dropped_skbs=403 backlog=0 lost=1124 loss=0.024361 rcvbuf_drops=0 rcvbuf_scope=netns
RUNTIME c7-100-A1 s7 rep=2 attempt=1 7s rc=0
S3ROW {"arm": "A1", "busy_last": 65.0, "busy_med": 83.5, "cad_cli": false, "cad_srv": false, "cell": "c7-100", "cod": 422, "coded_share": 0.004963187730811751, "cotenant": 0, "cpu_cli": 6.85, "cpu_srv": 5.63, "diag_lines": 18, "dnf": false, "feed_ratio_p0": 0.9867870881418297, "feed_ratio_p1": 1.0016009195024835, "gates_cli": true, "gates_srv": true, "gen_guard": false, "header": ["window", "bulk"], "mbps": 178.024, "pa_cli": 0, "pa_srv": 0, "pipe_cli": ["window", "Rlc", "bulk"], "pipe_srv": ["window", "Rlc", "bulk"], "plc_p0": 0.0236, "plc_p1": 0.0244, "plu_last_p0": 0.054, "plu_last_p1": 0.0355, "plu_med_p0": 0.0358, "plu_med_p1": 0.03825, "problems": [], "rc": 0, "rep": 2, "seconds": 4.493784, "seed": "7", "src": 84604, "status": "LIVE", "summary": true, "truth_egress_p0": 46037, "truth_egress_p1": 46140, "truth_gso_p0": 2.82, "truth_gso_p1": 2.82, "truth_loss_p0": 0.023916, "truth_loss_p1": 0.024361, "truth_lost_p0": 1101, "truth_lost_p1": 1124, "truth_rcvbuf_drops": 0, "util": 1.5243278270606686, "wall_s": 7.0, "winline_cli": true, "winline_srv": true}
=== rep=2 seed=7 cell=c7-100 arm=A2 attempt=1 pipeline=window hint=bulk spec=c2/c2/dual bytes=100000000 13:02:44
COTENANT c7-100-A2 s7 rep=2 before=0 after=0 load=1.64 1.79 1.81
--- RWM-C perf pipeline=window mode=dual hint=bulk A=c2 B=c2 ooo=0 extra='' T=default (100000000 x 1) start=15:02:46
{"bytes":100000000,"dnf":0,"hint":"bulk","max_s":4.5282,"mean_mbps":176.67,"mean_s":4.5282,"median_s":4.5282,"min_s":4.5282,"proto":"rp-native","runs":1,"stdev_s":0.0,"summary":true}
    CPU: CPUSRV=5.58s CPUCLI=6.96s (srv=decoder cli=sender; whole-invocation incl warmup)
    [TRUTH] leg=0 dev=cli0 egress_dgrams=45830 egress_skbs=16678 gso=2.75 netem_sent_dgrams=44698 netem_dropped_skbs=404 backlog=0 lost=1132 loss=0.024700 rcvbuf_drops=0 rcvbuf_scope=netns
    [TRUTH] leg=1 dev=cli1 egress_dgrams=46368 egress_skbs=16677 gso=2.78 netem_sent_dgrams=45277 netem_dropped_skbs=406 backlog=0 lost=1091 loss=0.023529 rcvbuf_drops=0 rcvbuf_scope=netns
RUNTIME c7-100-A2 s7 rep=2 attempt=1 6s rc=0
S3ROW {"arm": "A2", "busy_last": 73.0, "busy_med": 85.0, "cad_cli": false, "cad_srv": false, "cell": "c7-100", "cod": 439, "coded_share": 0.005162094469856425, "cotenant": 0, "cpu_cli": 6.96, "cpu_srv": 5.58, "diag_lines": 18, "dnf": false, "feed_ratio_p0": 0.9959514170040487, "feed_ratio_p1": 0.9945174040545709, "gates_cli": true, "gates_srv": true, "gen_guard": false, "header": ["window", "bulk"], "mbps": 176.67, "pa_cli": 0, "pa_srv": 0, "pipe_cli": ["window", "Rlc", "bulk"], "pipe_srv": ["window", "Rlc", "bulk"], "plc_p0": 0.0246, "plc_p1": 0.0234, "plu_last_p0": 0.0361, "plu_last_p1": 0.0395, "plu_med_p0": 0.041150000000000006, "plu_med_p1": 0.04295, "problems": [], "rc": 0, "rep": 2, "seconds": 4.528204, "seed": "7", "src": 84604, "status": "LIVE", "summary": true, "truth_egress_p0": 45830, "truth_egress_p1": 46368, "truth_gso_p0": 2.75, "truth_gso_p1": 2.78, "truth_loss_p0": 0.0247, "truth_loss_p1": 0.023529, "truth_lost_p0": 1132, "truth_lost_p1": 1091, "truth_rcvbuf_drops": 0, "util": 1.5370332255348922, "wall_s": 6.0, "winline_cli": true, "winline_srv": true}
=== rep=2 seed=7 cell=c7-100 arm=CAD attempt=1 pipeline=window hint=bulk spec=c2/c2/dual bytes=100000000 13:02:51
COTENANT c7-100-CAD s7 rep=2 before=0 after=0 load=1.99 1.86 1.83
--- RWM-C perf pipeline=window mode=dual hint=bulk A=c2 B=c2 ooo=0 extra='' T=default (100000000 x 1) start=15:02:52
{"bytes":100000000,"dnf":0,"hint":"bulk","max_s":4.7377,"mean_mbps":168.858,"mean_s":4.7377,"median_s":4.7377,"min_s":4.7377,"proto":"rp-native","runs":1,"stdev_s":0.0,"summary":true}
    CPU: CPUSRV=5.78s CPUCLI=5.85s (srv=decoder cli=sender; whole-invocation incl warmup)
    [TRUTH] leg=0 dev=cli0 egress_dgrams=45129 egress_skbs=13174 gso=3.43 netem_sent_dgrams=43999 netem_dropped_skbs=342 backlog=0 lost=1130 loss=0.025039 rcvbuf_drops=0 rcvbuf_scope=netns
    [TRUTH] leg=1 dev=cli1 egress_dgrams=45562 egress_skbs=13238 gso=3.44 netem_sent_dgrams=44394 netem_dropped_skbs=329 backlog=0 lost=1168 loss=0.025635 rcvbuf_drops=0 rcvbuf_scope=netns
RUNTIME c7-100-CAD s7 rep=2 attempt=1 6s rc=0
S3ROW {"arm": "CAD", "busy_last": 49.0, "busy_med": 67.5, "cad_cli": true, "cad_srv": true, "cell": "c7-100", "cod": 449, "coded_share": 0.005279061291194902, "cotenant": 0, "cpu_cli": 5.85, "cpu_srv": 5.78, "diag_lines": 18, "dnf": false, "feed_ratio_p0": 1.0104237389672113, "feed_ratio_p1": 1.0142383460113125, "gates_cli": true, "gates_srv": true, "gen_guard": false, "header": ["window", "bulk"], "mbps": 168.858, "pa_cli": 0, "pa_srv": 0, "pipe_cli": ["window", "Rlc", "bulk"], "pipe_srv": ["window", "Rlc", "bulk"], "plc_p0": 0.0253, "plc_p1": 0.026, "plu_last_p0": 0.0288, "plu_last_p1": 0.0201, "plu_med_p0": 0.02365, "plu_med_p1": 0.022400000000000003, "problems": [], "rc": 0, "rep": 2, "seconds": 4.737701, "seed": "7", "src": 84604, "status": "LIVE", "summary": true, "truth_egress_p0": 45129, "truth_egress_p1": 45562, "truth_gso_p0": 3.43, "truth_gso_p1": 3.44, "truth_loss_p0": 0.025039, "truth_loss_p1": 0.025635, "truth_lost_p0": 1130, "truth_lost_p1": 1168, "truth_rcvbuf_drops": 0, "util": 1.2347761076522135, "wall_s": 6.0, "winline_cli": true, "winline_srv": true}
=== rep=2 seed=7 cell=c8-100 arm=BLKb attempt=1 pipeline=block hint=bulk spec=c2/c3/dual bytes=100000000 13:02:58
COTENANT c8-100-BLKb s7 rep=2 before=0 after=0 load=2.16 1.90 1.84
--- RWM-C perf pipeline=block mode=dual hint=bulk A=c2 B=c3 ooo=0 extra='' T=default (100000000 x 1) start=15:02:59
{"bytes":100000000,"dnf":0,"hint":"bulk","max_s":7.7655,"mean_mbps":103.02,"mean_s":7.7655,"median_s":7.7655,"min_s":7.7655,"proto":"rp-native","runs":1,"stdev_s":0.0,"summary":true}
    CPU: CPUSRV=3.27s CPUCLI=4.42s (srv=decoder cli=sender; whole-invocation incl warmup)
    [TRUTH] leg=0 dev=cli0 egress_dgrams=80452 egress_skbs=14959 gso=5.38 netem_sent_dgrams=78519 netem_dropped_skbs=374 backlog=0 lost=1933 loss=0.024027 rcvbuf_drops=0 rcvbuf_scope=netns
    [TRUTH] leg=1 dev=cli1 egress_dgrams=15278 egress_skbs=4780 gso=3.20 netem_sent_dgrams=14360 netem_dropped_skbs=266 backlog=0 lost=918 loss=0.060086 rcvbuf_drops=0 rcvbuf_scope=netns
RUNTIME c8-100-BLKb s7 rep=2 attempt=1 10s rc=0
S3ROW {"arm": "BLKb", "busy_last": null, "busy_med": null, "cad_cli": false, "cad_srv": false, "cell": "c8-100", "cod": null, "coded_share": null, "cotenant": 0, "cpu_cli": 4.42, "cpu_srv": 3.27, "diag_lines": 0, "dnf": false, "feed_ratio_p0": null, "feed_ratio_p1": null, "gates_cli": true, "gates_srv": true, "gen_guard": false, "header": ["block", "bulk"], "mbps": 103.02, "pa_cli": 0, "pa_srv": 0, "pipe_cli": ["block", "RaptorQ", "bulk"], "pipe_srv": ["block", "RaptorQ", "bulk"], "problems": [], "rc": 0, "rep": 2, "seconds": 7.765498, "seed": "7", "src": null, "status": "LIVE", "summary": true, "truth_egress_p0": 80452, "truth_egress_p1": 15278, "truth_gso_p0": 5.38, "truth_gso_p1": 3.2, "truth_loss_p0": 0.024027, "truth_loss_p1": 0.060086, "truth_lost_p0": 1933, "truth_lost_p1": 918, "truth_rcvbuf_drops": 0, "util": 0.5691843588138198, "wall_s": 10.0, "winline_cli": false, "winline_srv": false}
=== rep=2 seed=7 cell=c8-100 arm=WINa attempt=1 pipeline=window hint=auto spec=c2/c3/dual bytes=100000000 13:03:08
COTENANT c8-100-WINa s7 rep=2 before=0 after=0 load=2.07 1.88 1.84
--- RWM-C perf pipeline=window mode=dual hint=auto A=c2 B=c3 ooo=0 extra='' T=default (100000000 x 1) start=15:03:10
{"bytes":100000000,"dnf":0,"hint":"auto","max_s":8.7007,"mean_mbps":91.947,"mean_s":8.7007,"median_s":8.7007,"min_s":8.7007,"proto":"rp-native","runs":1,"stdev_s":0.0,"summary":true}
    CPU: CPUSRV=6.58s CPUCLI=8.58s (srv=decoder cli=sender; whole-invocation incl warmup)
    [TRUTH] leg=0 dev=cli0 egress_dgrams=81113 egress_skbs=15264 gso=5.31 netem_sent_dgrams=79188 netem_dropped_skbs=376 backlog=0 lost=1925 loss=0.023732 rcvbuf_drops=0 rcvbuf_scope=netns
    [TRUTH] leg=1 dev=cli1 egress_dgrams=22303 egress_skbs=16677 gso=1.34 netem_sent_dgrams=21043 netem_dropped_skbs=942 backlog=0 lost=1260 loss=0.056495 rcvbuf_drops=0 rcvbuf_scope=netns
RUNTIME c8-100-WINa s7 rep=2 attempt=1 12s rc=0
S3ROW {"arm": "WINa", "busy_last": 32.0, "busy_med": 54.0, "cad_cli": false, "cad_srv": false, "cell": "c8-100", "cod": 867, "coded_share": 0.010143791461431363, "cotenant": 0, "cpu_cli": 8.58, "cpu_srv": 6.58, "diag_lines": 34, "dnf": false, "feed_ratio_p0": 0.9944378897690881, "feed_ratio_p1": 1.0266395256217367, "gates_cli": true, "gates_srv": true, "gen_guard": false, "header": ["window", "auto"], "mbps": 91.947, "pa_cli": 0, "pa_srv": 0, "pipe_cli": ["window", "Rlc", "auto"], "pipe_srv": ["window", "Rlc", "auto"], "plc_p0": 0.0236, "plc_p1": 0.058, "plu_last_p0": 0.0354, "plu_last_p1": 0.1075, "plu_med_p0": 0.03555, "plu_med_p1": 0.0929, "problems": [], "rc": 0, "rep": 2, "seconds": 8.700703, "seed": "7", "src": 84604, "status": "LIVE", "summary": true, "truth_egress_p0": 81113, "truth_egress_p1": 22303, "truth_gso_p0": 5.31, "truth_gso_p1": 1.34, "truth_loss_p0": 0.023732, "truth_loss_p1": 0.056495, "truth_lost_p0": 1925, "truth_lost_p1": 1260, "truth_rcvbuf_drops": 0, "util": 0.9861272129390004, "wall_s": 12.0, "winline_cli": true, "winline_srv": true}
=== rep=2 seed=7 cell=c8-100 arm=BLKa attempt=1 pipeline=block hint=auto spec=c2/c3/dual bytes=100000000 13:03:20
COTENANT c8-100-BLKa s7 rep=2 before=0 after=0 load=1.68 1.81 1.81
--- RWM-C perf pipeline=block mode=dual hint=auto A=c2 B=c3 ooo=0 extra='' T=default (100000000 x 1) start=15:03:21
{"bytes":100000000,"dnf":0,"hint":"auto","max_s":13.8687,"mean_mbps":57.684,"mean_s":13.8687,"median_s":13.8687,"min_s":13.8687,"proto":"rp-native","runs":1,"stdev_s":0.0,"summary":true}
    CPU: CPUSRV=6.12s CPUCLI=8.50s (srv=decoder cli=sender; whole-invocation incl warmup)
    [TRUTH] leg=0 dev=cli0 egress_dgrams=128823 egress_skbs=27069 gso=4.76 netem_sent_dgrams=125541 netem_dropped_skbs=680 backlog=0 lost=3282 loss=0.025477 rcvbuf_drops=0 rcvbuf_scope=netns
    [TRUTH] leg=1 dev=cli1 egress_dgrams=35523 egress_skbs=14121 gso=2.52 netem_sent_dgrams=32533 netem_dropped_skbs=747 backlog=1376 lost=1614 loss=0.045435 rcvbuf_drops=0 rcvbuf_scope=netns
RUNTIME c8-100-BLKa s7 rep=2 attempt=1 16s rc=0
S3ROW {"arm": "BLKa", "busy_last": null, "busy_med": null, "cad_cli": false, "cad_srv": false, "cell": "c8-100", "cod": null, "coded_share": null, "cotenant": 0, "cpu_cli": 8.5, "cpu_srv": 6.12, "diag_lines": 0, "dnf": false, "feed_ratio_p0": null, "feed_ratio_p1": null, "gates_cli": true, "gates_srv": true, "gen_guard": false, "header": ["block", "auto"], "mbps": 57.684, "pa_cli": 0, "pa_srv": 0, "pipe_cli": ["block", "RaptorQ", "auto"], "pipe_srv": ["block", "RaptorQ", "auto"], "problems": [], "rc": 0, "rep": 2, "seconds": 13.868697, "seed": "7", "src": null, "status": "LIVE", "summary": true, "truth_egress_p0": 128823, "truth_egress_p1": 35523, "truth_gso_p0": 4.76, "truth_gso_p1": 2.52, "truth_loss_p0": 0.025477, "truth_loss_p1": 0.045435, "truth_lost_p0": 3282, "truth_lost_p1": 1614, "truth_rcvbuf_drops": 0, "util": 0.6128910307868144, "wall_s": 16.0, "winline_cli": false, "winline_srv": false}
=== rep=2 seed=7 cell=c8-100 arm=A1 attempt=1 pipeline=window hint=bulk spec=c2/c3/dual bytes=100000000 13:03:36
COTENANT c8-100-A1 s7 rep=2 before=0 after=0 load=2.11 1.90 1.84
--- RWM-C perf pipeline=window mode=dual hint=bulk A=c2 B=c3 ooo=0 extra='' T=default (100000000 x 1) start=15:03:38
{"bytes":100000000,"dnf":0,"hint":"bulk","max_s":7.5673,"mean_mbps":105.718,"mean_s":7.5673,"median_s":7.5673,"min_s":7.5673,"proto":"rp-native","runs":1,"stdev_s":0.0,"summary":true}
    CPU: CPUSRV=5.63s CPUCLI=7.13s (srv=decoder cli=sender; whole-invocation incl warmup)
    [TRUTH] leg=0 dev=cli0 egress_dgrams=74639 egress_skbs=13988 gso=5.34 netem_sent_dgrams=72613 netem_dropped_skbs=356 backlog=0 lost=2026 loss=0.027144 rcvbuf_drops=0 rcvbuf_scope=netns
    [TRUTH] leg=1 dev=cli1 egress_dgrams=18772 egress_skbs=12170 gso=1.54 netem_sent_dgrams=17739 netem_dropped_skbs=645 backlog=0 lost=1033 loss=0.055029 rcvbuf_drops=0 rcvbuf_scope=netns
RUNTIME c8-100-A1 s7 rep=2 attempt=1 10s rc=0
S3ROW {"arm": "A1", "busy_last": 27.0, "busy_med": 46.5, "cad_cli": false, "cad_srv": false, "cell": "c8-100", "cod": 632, "coded_share": 0.007414707400628842, "cotenant": 0, "cpu_cli": 7.13, "cpu_srv": 5.63, "diag_lines": 30, "dnf": false, "feed_ratio_p0": 1.0057471264367817, "feed_ratio_p1": 1.0158280179541697, "gates_cli": true, "gates_srv": true, "gen_guard": false, "header": ["window", "bulk"], "mbps": 105.718, "pa_cli": 0, "pa_srv": 0, "pipe_cli": ["window", "Rlc", "bulk"], "pipe_srv": ["window", "Rlc", "bulk"], "plc_p0": 0.0273, "plc_p1": 0.0559, "plu_last_p0": 0.0354, "plu_last_p1": 0.0556, "plu_med_p0": 0.035449999999999995, "plu_med_p1": 0.0727, "problems": [], "rc": 0, "rep": 2, "seconds": 7.567274, "seed": "7", "src": 84604, "status": "LIVE", "summary": true, "truth_egress_p0": 74639, "truth_egress_p1": 18772, "truth_gso_p0": 5.34, "truth_gso_p1": 1.54, "truth_loss_p0": 0.027144, "truth_loss_p1": 0.055029, "truth_lost_p0": 2026, "truth_lost_p1": 1033, "truth_rcvbuf_drops": 0, "util": 0.942215122645222, "wall_s": 10.0, "winline_cli": true, "winline_srv": true}
=== rep=2 seed=7 cell=c8-100 arm=A2 attempt=1 pipeline=window hint=bulk spec=c2/c3/dual bytes=100000000 13:03:46
COTENANT c8-100-A2 s7 rep=2 before=0 after=0 load=2.25 1.93 1.86
--- RWM-C perf pipeline=window mode=dual hint=bulk A=c2 B=c3 ooo=0 extra='' T=default (100000000 x 1) start=15:03:48
{"bytes":100000000,"dnf":0,"hint":"bulk","max_s":7.6702,"mean_mbps":104.299,"mean_s":7.6702,"median_s":7.6702,"min_s":7.6702,"proto":"rp-native","runs":1,"stdev_s":0.0,"summary":true}
    CPU: CPUSRV=5.56s CPUCLI=7.11s (srv=decoder cli=sender; whole-invocation incl warmup)
    [TRUTH] leg=0 dev=cli0 egress_dgrams=80776 egress_skbs=20877 gso=3.87 netem_sent_dgrams=78847 netem_dropped_skbs=508 backlog=0 lost=1929 loss=0.023881 rcvbuf_drops=0 rcvbuf_scope=netns
    [TRUTH] leg=1 dev=cli1 egress_dgrams=19002 egress_skbs=12510 gso=1.52 netem_sent_dgrams=17920 netem_dropped_skbs=658 backlog=0 lost=1082 loss=0.056941 rcvbuf_drops=0 rcvbuf_scope=netns
RUNTIME c8-100-A2 s7 rep=2 attempt=1 10s rc=0
S3ROW {"arm": "A2", "busy_last": 48.0, "busy_med": 44.5, "cad_cli": false, "cad_srv": false, "cell": "c8-100", "cod": 699, "coded_share": 0.008194319074358464, "cotenant": 0, "cpu_cli": 7.11, "cpu_srv": 5.56, "diag_lines": 30, "dnf": false, "feed_ratio_p0": 1.0007956115740548, "feed_ratio_p1": 1.037916439823677, "gates_cli": true, "gates_srv": true, "gen_guard": false, "header": ["window", "bulk"], "mbps": 104.299, "pa_cli": 0, "pa_srv": 0, "pipe_cli": ["window", "Rlc", "bulk"], "pipe_srv": ["window", "Rlc", "bulk"], "plc_p0": 0.0239, "plc_p1": 0.0591, "plu_last_p0": 0.0354, "plu_last_p1": 0.0465, "plu_med_p0": 0.0354, "plu_med_p1": 0.060450000000000004, "problems": [], "rc": 0, "rep": 2, "seconds": 7.670241, "seed": "7", "src": 84604, "status": "LIVE", "summary": true, "truth_egress_p0": 80776, "truth_egress_p1": 19002, "truth_gso_p0": 3.87, "truth_gso_p1": 1.52, "truth_loss_p0": 0.023881, "truth_loss_p1": 0.056941, "truth_lost_p0": 1929, "truth_lost_p1": 1082, "truth_rcvbuf_drops": 0, "util": 0.9269591398757875, "wall_s": 10.0, "winline_cli": true, "winline_srv": true}
=== rep=2 seed=7 cell=c8-100 arm=CAD attempt=1 pipeline=window hint=bulk spec=c2/c3/dual bytes=100000000 13:03:56
COTENANT c8-100-CAD s7 rep=2 before=0 after=0 load=2.21 1.94 1.86
--- RWM-C perf pipeline=window mode=dual hint=bulk A=c2 B=c3 ooo=0 extra='' T=default (100000000 x 1) start=15:03:59
{"bytes":100000000,"dnf":0,"hint":"bulk","max_s":7.723,"mean_mbps":103.587,"mean_s":7.723,"median_s":7.723,"min_s":7.723,"proto":"rp-native","runs":1,"stdev_s":0.0,"summary":true}
    CPU: CPUSRV=5.74s CPUCLI=6.23s (srv=decoder cli=sender; whole-invocation incl warmup)
    [TRUTH] leg=0 dev=cli0 egress_dgrams=81201 egress_skbs=21242 gso=3.82 netem_sent_dgrams=79388 netem_dropped_skbs=515 backlog=0 lost=1813 loss=0.022327 rcvbuf_drops=0 rcvbuf_scope=netns
    [TRUTH] leg=1 dev=cli1 egress_dgrams=18933 egress_skbs=12807 gso=1.48 netem_sent_dgrams=17983 netem_dropped_skbs=675 backlog=0 lost=950 loss=0.050177 rcvbuf_drops=0 rcvbuf_scope=netns
RUNTIME c8-100-CAD s7 rep=2 attempt=1 11s rc=0
S3ROW {"arm": "CAD", "busy_last": 28.0, "busy_med": 40.0, "cad_cli": true, "cad_srv": true, "cell": "c8-100", "cod": 730, "coded_share": 0.00855462066702604, "cotenant": 0, "cpu_cli": 6.23, "cpu_srv": 5.74, "diag_lines": 30, "dnf": false, "feed_ratio_p0": 0.9808751735566802, "feed_ratio_p1": 0.9825218725710982, "gates_cli": true, "gates_srv": true, "gen_guard": false, "header": ["window", "bulk"], "mbps": 103.587, "pa_cli": 0, "pa_srv": 0, "pipe_cli": ["window", "Rlc", "bulk"], "pipe_srv": ["window", "Rlc", "bulk"], "plc_p0": 0.0219, "plc_p1": 0.0493, "plu_last_p0": 0.0249, "plu_last_p1": 0.0424, "plu_med_p0": 0.01225, "plu_med_p1": 0.05505, "problems": [], "rc": 0, "rep": 2, "seconds": 7.722965, "seed": "7", "src": 84604, "status": "LIVE", "summary": true, "truth_egress_p0": 81201, "truth_egress_p1": 18933, "truth_gso_p0": 3.82, "truth_gso_p1": 1.48, "truth_loss_p0": 0.022327, "truth_loss_p1": 0.050177, "truth_lost_p0": 1813, "truth_lost_p1": 950, "truth_rcvbuf_drops": 0, "util": 0.8066849972776, "wall_s": 11.0, "winline_cli": true, "winline_srv": true}
BLOCK-COMPLETE rep=2 seed=7 block=3 2026-09-30T13:04:07Z
=== rep=3 seed=42 cell=c1s-400 arm=BLKa attempt=1 pipeline=block hint=auto spec=c1/c1/single bytes=400000000 13:04:07
COTENANT c1s-400-BLKa s42 rep=3 before=0 after=0 load=2.08 1.92 1.86
--- RWM-C perf pipeline=block mode=single hint=auto A=c1 B=c1 ooo=0 extra='' T=default (400000000 x 1) start=15:04:09
{"bytes":400000000,"dnf":0,"hint":"auto","max_s":19.9876,"mean_mbps":160.1,"mean_s":19.9876,"median_s":19.9876,"min_s":19.9876,"proto":"rp-native","runs":1,"stdev_s":0.0,"summary":true}
    CPU: CPUSRV=11.46s CPUCLI=19.33s (srv=decoder cli=sender; whole-invocation incl warmup)
    [TRUTH] leg=0 dev=cli0 egress_dgrams=477873 egress_skbs=67875 gso=7.04 netem_sent_dgrams=477376 netem_dropped_skbs=72 backlog=0 lost=497 loss=0.001040 rcvbuf_drops=0 rcvbuf_scope=netns
RUNTIME c1s-400-BLKa s42 rep=3 attempt=1 22s rc=0
S3ROW {"arm": "BLKa", "busy_last": null, "busy_med": null, "cad_cli": false, "cad_srv": false, "cell": "c1s-400", "cod": null, "coded_share": null, "cotenant": 0, "cpu_cli": 19.33, "cpu_srv": 11.46, "diag_lines": 0, "dnf": false, "feed_ratio_p0": null, "gates_cli": true, "gates_srv": true, "gen_guard": false, "header": ["block", "auto"], "mbps": 160.1, "pa_cli": 0, "pa_srv": 0, "pipe_cli": ["block", "RaptorQ", "auto"], "pipe_srv": ["block", "RaptorQ", "auto"], "problems": [], "rc": 0, "rep": 3, "seconds": 19.987552, "seed": "42", "src": null, "status": "LIVE", "summary": true, "truth_egress_p0": 477873, "truth_gso_p0": 7.04, "truth_loss_p0": 0.00104, "truth_lost_p0": 497, "truth_rcvbuf_drops": 0, "util": 0.9671019242376454, "wall_s": 22.0, "winline_cli": false, "winline_srv": false}
=== rep=3 seed=42 cell=c1s-400 arm=A1 attempt=1 pipeline=window hint=bulk spec=c1/c1/single bytes=400000000 13:04:29
COTENANT c1s-400-A1 s42 rep=3 before=0 after=0 load=2.23 1.96 1.87
--- RWM-C perf pipeline=window mode=single hint=bulk A=c1 B=c1 ooo=0 extra='' T=default (400000000 x 1) start=15:04:31
{"bytes":400000000,"dnf":0,"hint":"bulk","max_s":10.264,"mean_mbps":311.769,"mean_s":10.264,"median_s":10.264,"min_s":10.264,"proto":"rp-native","runs":1,"stdev_s":0.0,"summary":true}
    CPU: CPUSRV=11.64s CPUCLI=14.04s (srv=decoder cli=sender; whole-invocation incl warmup)
    [TRUTH] leg=0 dev=cli0 egress_dgrams=343614 egress_skbs=40853 gso=8.41 netem_sent_dgrams=343188 netem_dropped_skbs=50 backlog=0 lost=426 loss=0.001240 rcvbuf_drops=25 rcvbuf_scope=netns
RUNTIME c1s-400-A1 s42 rep=3 attempt=1 12s rc=0
S3ROW {"arm": "A1", "busy_last": 53.0, "busy_med": 53.0, "cad_cli": false, "cad_srv": false, "cell": "c1s-400", "cod": 89, "coded_share": 0.00026868816775802367, "cotenant": 0, "cpu_cli": 14.04, "cpu_srv": 11.64, "diag_lines": 40, "dnf": false, "feed_ratio_p0": 1.6129032258064517, "gates_cli": true, "gates_srv": true, "gen_guard": false, "header": ["window", "bulk"], "mbps": 311.769, "pa_cli": 0, "pa_srv": 0, "pipe_cli": ["window", "Rlc", "bulk"], "pipe_srv": ["window", "Rlc", "bulk"], "plc_p0": 0.002, "plu_last_p0": 0.0354, "plu_med_p0": 0.0354, "problems": [], "rc": 0, "rep": 3, "seconds": 10.263997, "seed": "42", "src": 331150, "status": "LIVE", "summary": true, "truth_egress_p0": 343614, "truth_gso_p0": 8.41, "truth_loss_p0": 0.00124, "truth_lost_p0": 426, "truth_rcvbuf_drops": 25, "util": 1.367888162866766, "wall_s": 12.0, "winline_cli": true, "winline_srv": true}
=== rep=3 seed=42 cell=c1s-400 arm=A2 attempt=1 pipeline=window hint=bulk spec=c1/c1/single bytes=400000000 13:04:41
COTENANT c1s-400-A2 s42 rep=3 before=0 after=0 load=2.36 2.00 1.88
--- RWM-C perf pipeline=window mode=single hint=bulk A=c1 B=c1 ooo=0 extra='' T=default (400000000 x 1) start=15:04:43
{"bytes":400000000,"dnf":0,"hint":"bulk","max_s":10.3661,"mean_mbps":308.699,"mean_s":10.3661,"median_s":10.3661,"min_s":10.3661,"proto":"rp-native","runs":1,"stdev_s":0.0,"summary":true}
    CPU: CPUSRV=11.78s CPUCLI=14.21s (srv=decoder cli=sender; whole-invocation incl warmup)
    [TRUTH] leg=0 dev=cli0 egress_dgrams=343177 egress_skbs=40452 gso=8.48 netem_sent_dgrams=342797 netem_dropped_skbs=50 backlog=0 lost=380 loss=0.001107 rcvbuf_drops=20 rcvbuf_scope=netns
RUNTIME c1s-400-A2 s42 rep=3 attempt=1 13s rc=0
S3ROW {"arm": "A2", "busy_last": 52.0, "busy_med": 52.0, "cad_cli": false, "cad_srv": false, "cell": "c1s-400", "cod": 75, "coded_share": 0.00022424608466336176, "cotenant": 0, "cpu_cli": 14.21, "cpu_srv": 11.78, "diag_lines": 41, "dnf": false, "feed_ratio_p0": 1.4453477868112017, "gates_cli": true, "gates_srv": true, "gen_guard": false, "header": ["window", "bulk"], "mbps": 308.699, "pa_cli": 0, "pa_srv": 0, "pipe_cli": ["window", "Rlc", "bulk"], "pipe_srv": ["window", "Rlc", "bulk"], "plc_p0": 0.0016, "plu_last_p0": 0.0354, "plu_med_p0": 0.0354, "problems": [], "rc": 0, "rep": 3, "seconds": 10.3661, "seed": "42", "src": 334379, "status": "LIVE", "summary": true, "truth_egress_p0": 343177, "truth_gso_p0": 8.48, "truth_loss_p0": 0.001107, "truth_lost_p0": 380, "truth_rcvbuf_drops": 20, "util": 1.3708144818205499, "wall_s": 13.0, "winline_cli": true, "winline_srv": true}
=== rep=3 seed=42 cell=c1s-400 arm=BLKb attempt=1 pipeline=block hint=bulk spec=c1/c1/single bytes=400000000 13:04:54
COTENANT c1s-400-BLKb s42 rep=3 before=0 after=0 load=2.22 1.98 1.88
--- RWM-C perf pipeline=block mode=single hint=bulk A=c1 B=c1 ooo=0 extra='' T=default (400000000 x 1) start=15:04:55
{"bytes":400000000,"dnf":0,"hint":"bulk","max_s":12.1772,"mean_mbps":262.786,"mean_s":12.1772,"median_s":12.1772,"min_s":12.1772,"proto":"rp-native","runs":1,"stdev_s":0.0,"summary":true}
    CPU: CPUSRV=8.35s CPUCLI=12.94s (srv=decoder cli=sender; whole-invocation incl warmup)
    [TRUTH] leg=0 dev=cli0 egress_dgrams=353726 egress_skbs=50550 gso=7.00 netem_sent_dgrams=353294 netem_dropped_skbs=55 backlog=0 lost=432 loss=0.001221 rcvbuf_drops=0 rcvbuf_scope=netns
RUNTIME c1s-400-BLKb s42 rep=3 attempt=1 14s rc=0
S3ROW {"arm": "BLKb", "busy_last": null, "busy_med": null, "cad_cli": false, "cad_srv": false, "cell": "c1s-400", "cod": null, "coded_share": null, "cotenant": 0, "cpu_cli": 12.94, "cpu_srv": 8.35, "diag_lines": 0, "dnf": false, "feed_ratio_p0": null, "gates_cli": true, "gates_srv": true, "gen_guard": false, "header": ["block", "bulk"], "mbps": 262.786, "pa_cli": 0, "pa_srv": 0, "pipe_cli": ["block", "RaptorQ", "bulk"], "pipe_srv": ["block", "RaptorQ", "bulk"], "problems": [], "rc": 0, "rep": 3, "seconds": 12.17719, "seed": "42", "src": null, "status": "LIVE", "summary": true, "truth_egress_p0": 353726, "truth_gso_p0": 7.0, "truth_loss_p0": 0.001221, "truth_lost_p0": 432, "truth_rcvbuf_drops": 0, "util": 1.0626425308301832, "wall_s": 14.0, "winline_cli": false, "winline_srv": false}
=== rep=3 seed=42 cell=c1s-400 arm=WINa attempt=1 pipeline=window hint=auto spec=c1/c1/single bytes=400000000 13:05:08
COTENANT c1s-400-WINa s42 rep=3 before=0 after=0 load=2.55 2.06 1.91
--- RWM-C perf pipeline=window mode=single hint=auto A=c1 B=c1 ooo=0 extra='' T=default (400000000 x 1) start=15:05:10
{"bytes":400000000,"dnf":0,"hint":"auto","max_s":12.5906,"mean_mbps":254.158,"mean_s":12.5906,"median_s":12.5906,"min_s":12.5906,"proto":"rp-native","runs":1,"stdev_s":0.0,"summary":true}
    CPU: CPUSRV=13.30s CPUCLI=16.79s (srv=decoder cli=sender; whole-invocation incl warmup)
    [TRUTH] leg=0 dev=cli0 egress_dgrams=374737 egress_skbs=57996 gso=6.46 netem_sent_dgrams=374268 netem_dropped_skbs=67 backlog=0 lost=469 loss=0.001252 rcvbuf_drops=27 rcvbuf_scope=netns
RUNTIME c1s-400-WINa s42 rep=3 attempt=1 14s rc=0
S3ROW {"arm": "WINa", "busy_last": 69.0, "busy_med": 57.5, "cad_cli": false, "cad_srv": false, "cell": "c1s-400", "cod": 29542, "coded_share": 0.08058154442050135, "cotenant": 0, "cpu_cli": 16.79, "cpu_srv": 13.3, "diag_lines": 50, "dnf": false, "feed_ratio_p0": 1.5175718849840254, "gates_cli": true, "gates_srv": true, "gen_guard": false, "header": ["window", "auto"], "mbps": 254.158, "pa_cli": 0, "pa_srv": 0, "pipe_cli": ["window", "Rlc", "auto"], "pipe_srv": ["window", "Rlc", "auto"], "plc_p0": 0.0019, "plu_last_p0": 0.0354, "plu_med_p0": 0.0354, "problems": [], "rc": 0, "rep": 3, "seconds": 12.59059, "seed": "42", "src": 337068, "status": "LIVE", "summary": true, "truth_egress_p0": 374737, "truth_gso_p0": 6.46, "truth_loss_p0": 0.001252, "truth_lost_p0": 469, "truth_rcvbuf_drops": 27, "util": 1.333535600793926, "wall_s": 14.0, "winline_cli": true, "winline_srv": true}
=== rep=3 seed=42 cell=c1d-400 arm=A2 attempt=1 pipeline=window hint=bulk spec=c1/c1/dual bytes=400000000 13:05:23
COTENANT c1d-400-A2 s42 rep=3 before=0 after=0 load=3.46 2.30 1.99
--- RWM-C perf pipeline=window mode=dual hint=bulk A=c1 B=c1 ooo=0 extra='' T=default (400000000 x 1) start=15:05:24
{"bytes":400000000,"dnf":0,"hint":"bulk","max_s":16.717,"mean_mbps":191.422,"mean_s":16.717,"median_s":16.717,"min_s":16.717,"proto":"rp-native","runs":1,"stdev_s":0.0,"summary":true}
    CPU: CPUSRV=21.01s CPUCLI=29.02s (srv=decoder cli=sender; whole-invocation incl warmup)
    [TRUTH] leg=0 dev=cli0 egress_dgrams=178952 egress_skbs=67912 gso=2.64 netem_sent_dgrams=178747 netem_dropped_skbs=72 backlog=0 lost=205 loss=0.001146 rcvbuf_drops=8 rcvbuf_scope=netns
    [TRUTH] leg=1 dev=cli1 egress_dgrams=181369 egress_skbs=68002 gso=2.67 netem_sent_dgrams=181220 netem_dropped_skbs=59 backlog=0 lost=149 loss=0.000822 rcvbuf_drops=8 rcvbuf_scope=netns
RUNTIME c1d-400-A2 s42 rep=3 attempt=1 18s rc=0
S3ROW {"arm": "A2", "busy_last": 92.0, "busy_med": 87.0, "cad_cli": false, "cad_srv": false, "cell": "c1d-400", "cod": 131, "coded_share": 0.00039179562026331056, "cotenant": 0, "cpu_cli": 29.02, "cpu_srv": 21.01, "diag_lines": 66, "dnf": false, "feed_ratio_p0": 1.0471204188481673, "feed_ratio_p1": 1.581508515815085, "gates_cli": true, "gates_srv": true, "gen_guard": false, "header": ["window", "bulk"], "mbps": 191.422, "pa_cli": 0, "pa_srv": 0, "pipe_cli": ["window", "Rlc", "bulk"], "pipe_srv": ["window", "Rlc", "bulk"], "plc_p0": 0.0012, "plc_p1": 0.0013, "plu_last_p0": 0.0354, "plu_last_p1": 0.0354, "plu_med_p0": 0.0354, "plu_med_p1": 0.0354, "problems": [], "rc": 0, "rep": 3, "seconds": 16.716984, "seed": "42", "src": 334227, "status": "LIVE", "summary": true, "truth_egress_p0": 178952, "truth_egress_p1": 181369, "truth_gso_p0": 2.64, "truth_gso_p1": 2.67, "truth_loss_p0": 0.001146, "truth_loss_p1": 0.000822, "truth_lost_p0": 205, "truth_lost_p1": 149, "truth_rcvbuf_drops": 8, "util": 1.735959070128918, "wall_s": 18.0, "winline_cli": true, "winline_srv": true}
=== rep=3 seed=42 cell=c1d-400 arm=CAD attempt=1 pipeline=window hint=bulk spec=c1/c1/dual bytes=400000000 13:05:42
COTENANT c1d-400-CAD s42 rep=3 before=0 after=0 load=3.43 2.36 2.01
--- RWM-C perf pipeline=window mode=dual hint=bulk A=c1 B=c1 ooo=0 extra='' T=default (400000000 x 1) start=15:05:43
{"bytes":400000000,"dnf":0,"hint":"bulk","max_s":12.25,"mean_mbps":261.224,"mean_s":12.25,"median_s":12.25,"min_s":12.25,"proto":"rp-native","runs":1,"stdev_s":0.0,"summary":true}
    CPU: CPUSRV=17.41s CPUCLI=20.27s (srv=decoder cli=sender; whole-invocation incl warmup)
    [TRUTH] leg=0 dev=cli0 egress_dgrams=175234 egress_skbs=60354 gso=2.90 netem_sent_dgrams=175020 netem_dropped_skbs=71 backlog=0 lost=214 loss=0.001221 rcvbuf_drops=0 rcvbuf_scope=netns
    [TRUTH] leg=1 dev=cli1 egress_dgrams=177311 egress_skbs=60475 gso=2.93 netem_sent_dgrams=177128 netem_dropped_skbs=52 backlog=0 lost=183 loss=0.001032 rcvbuf_drops=0 rcvbuf_scope=netns
RUNTIME c1d-400-CAD s42 rep=3 attempt=1 14s rc=0
S3ROW {"arm": "CAD", "busy_last": 85.0, "busy_med": 83.0, "cad_cli": true, "cad_srv": true, "cell": "c1d-400", "cod": 126, "coded_share": 0.0003810042182609879, "cotenant": 0, "cpu_cli": 20.27, "cpu_srv": 17.41, "diag_lines": 48, "dnf": false, "feed_ratio_p0": 0.9828009828009826, "feed_ratio_p1": 1.0658914728682172, "gates_cli": true, "gates_srv": true, "gen_guard": false, "header": ["window", "bulk"], "mbps": 261.224, "pa_cli": 0, "pa_srv": 0, "pipe_cli": ["window", "Rlc", "bulk"], "pipe_srv": ["window", "Rlc", "bulk"], "plc_p0": 0.0012, "plc_p1": 0.0011, "plu_last_p0": 0.0024, "plu_last_p1": 0.0009, "plu_med_p0": 0.0010500000000000002, "plu_med_p1": 0.0011, "problems": [], "rc": 0, "rep": 3, "seconds": 12.250045, "seed": "42", "src": 330579, "status": "LIVE", "summary": true, "truth_egress_p0": 175234, "truth_egress_p1": 177311, "truth_gso_p0": 2.9, "truth_gso_p1": 2.93, "truth_loss_p0": 0.001221, "truth_loss_p1": 0.001032, "truth_lost_p0": 214, "truth_lost_p1": 183, "truth_rcvbuf_drops": 0, "util": 1.654687799106044, "wall_s": 14.0, "winline_cli": true, "winline_srv": true}
=== rep=3 seed=42 cell=c1d-400 arm=A1 attempt=1 pipeline=window hint=bulk spec=c1/c1/dual bytes=400000000 13:05:56
COTENANT c1d-400-A1 s42 rep=3 before=0 after=0 load=3.64 2.45 2.05
--- RWM-C perf pipeline=window mode=dual hint=bulk A=c1 B=c1 ooo=0 extra='' T=default (400000000 x 1) start=15:05:57
{"bytes":400000000,"dnf":0,"hint":"bulk","max_s":16.6284,"mean_mbps":192.442,"mean_s":16.6284,"median_s":16.6284,"min_s":16.6284,"proto":"rp-native","runs":1,"stdev_s":0.0,"summary":true}
    CPU: CPUSRV=20.63s CPUCLI=29.09s (srv=decoder cli=sender; whole-invocation incl warmup)
    [TRUTH] leg=0 dev=cli0 egress_dgrams=178022 egress_skbs=67632 gso=2.63 netem_sent_dgrams=177858 netem_dropped_skbs=72 backlog=0 lost=164 loss=0.000921 rcvbuf_drops=0 rcvbuf_scope=netns
    [TRUTH] leg=1 dev=cli1 egress_dgrams=181970 egress_skbs=68355 gso=2.66 netem_sent_dgrams=181826 netem_dropped_skbs=59 backlog=0 lost=144 loss=0.000791 rcvbuf_drops=0 rcvbuf_scope=netns
RUNTIME c1d-400-A1 s42 rep=3 attempt=1 18s rc=0
S3ROW {"arm": "A1", "busy_last": 95.0, "busy_med": 87.0, "cad_cli": false, "cad_srv": false, "cell": "c1d-400", "cod": 135, "coded_share": 0.00040118036177553515, "cotenant": 0, "cpu_cli": 29.09, "cpu_srv": 20.63, "diag_lines": 66, "dnf": false, "feed_ratio_p0": 0.9771986970684038, "feed_ratio_p1": 1.0113780025284451, "gates_cli": true, "gates_srv": true, "gen_guard": false, "header": ["window", "bulk"], "mbps": 192.442, "pa_cli": 0, "pa_srv": 0, "pipe_cli": ["window", "Rlc", "bulk"], "pipe_srv": ["window", "Rlc", "bulk"], "plc_p0": 0.0009, "plc_p1": 0.0008, "plu_last_p0": 0.0354, "plu_last_p1": 0.0354, "plu_med_p0": 0.0354, "plu_med_p1": 0.0354, "problems": [], "rc": 0, "rep": 3, "seconds": 16.628422, "seed": "42", "src": 336372, "status": "LIVE", "summary": true, "truth_egress_p0": 178022, "truth_egress_p1": 181970, "truth_gso_p0": 2.63, "truth_gso_p1": 2.66, "truth_loss_p0": 0.000921, "truth_loss_p1": 0.000791, "truth_lost_p0": 164, "truth_lost_p1": 144, "truth_rcvbuf_drops": 0, "util": 1.7494143461117355, "wall_s": 18.0, "winline_cli": true, "winline_srv": true}
=== rep=3 seed=42 cell=c2-100 arm=WINa attempt=1 pipeline=window hint=auto spec=c2/c2/single bytes=100000000 13:06:15
COTENANT c2-100-WINa s42 rep=3 before=0 after=0 load=3.13 2.40 2.04
--- RWM-C perf pipeline=window mode=single hint=auto A=c2 B=c2 ooo=0 extra='' T=default (100000000 x 1) start=15:06:16
{"bytes":100000000,"dnf":0,"hint":"auto","max_s":10.9454,"mean_mbps":73.09,"mean_s":10.9454,"median_s":10.9454,"min_s":10.9454,"proto":"rp-native","runs":1,"stdev_s":0.0,"summary":true}
    CPU: CPUSRV=5.90s CPUCLI=5.97s (srv=decoder cli=sender; whole-invocation incl warmup)
    [TRUTH] leg=0 dev=cli0 egress_dgrams=106872 egress_skbs=23461 gso=4.56 netem_sent_dgrams=104166 netem_dropped_skbs=581 backlog=0 lost=2706 loss=0.025320 rcvbuf_drops=0 rcvbuf_scope=netns
RUNTIME c2-100-WINa s42 rep=3 attempt=1 13s rc=0
S3ROW {"arm": "WINa", "busy_last": 26.0, "busy_med": 24.0, "cad_cli": false, "cad_srv": false, "cell": "c2-100", "cod": 17354, "coded_share": 0.17083398960466215, "cotenant": 0, "cpu_cli": 5.97, "cpu_srv": 5.9, "diag_lines": 43, "dnf": false, "feed_ratio_p0": 1.0150078988941549, "gates_cli": true, "gates_srv": true, "gen_guard": false, "header": ["window", "auto"], "mbps": 73.09, "pa_cli": 0, "pa_srv": 0, "pipe_cli": ["window", "Rlc", "auto"], "pipe_srv": ["window", "Rlc", "auto"], "plc_p0": 0.0257, "plu_last_p0": 0.1258, "plu_med_p0": 0.0355, "problems": [], "rc": 0, "rep": 3, "seconds": 10.945393, "seed": "42", "src": 84230, "status": "LIVE", "summary": true, "truth_egress_p0": 106872, "truth_gso_p0": 4.56, "truth_loss_p0": 0.02532, "truth_lost_p0": 2706, "truth_rcvbuf_drops": 0, "util": 0.5454349606268135, "wall_s": 13.0, "winline_cli": true, "winline_srv": true}
=== rep=3 seed=42 cell=c2-100 arm=BLKa attempt=1 pipeline=block hint=auto spec=c2/c2/single bytes=100000000 13:06:28
COTENANT c2-100-BLKa s42 rep=3 before=0 after=0 load=2.43 2.28 2.00
--- RWM-C perf pipeline=block mode=single hint=auto A=c2 B=c2 ooo=0 extra='' T=default (100000000 x 1) start=15:06:29
{"bytes":100000000,"dnf":0,"hint":"auto","max_s":13.4969,"mean_mbps":59.273,"mean_s":13.4969,"median_s":13.4969,"min_s":13.4969,"proto":"rp-native","runs":1,"stdev_s":0.0,"summary":true}
    CPU: CPUSRV=4.09s CPUCLI=5.70s (srv=decoder cli=sender; whole-invocation incl warmup)
    [TRUTH] leg=0 dev=cli0 egress_dgrams=139514 egress_skbs=25219 gso=5.53 netem_sent_dgrams=136159 netem_dropped_skbs=620 backlog=0 lost=3355 loss=0.024048 rcvbuf_drops=0 rcvbuf_scope=netns
RUNTIME c2-100-BLKa s42 rep=3 attempt=1 15s rc=0
S3ROW {"arm": "BLKa", "busy_last": null, "busy_med": null, "cad_cli": false, "cad_srv": false, "cell": "c2-100", "cod": null, "coded_share": null, "cotenant": 0, "cpu_cli": 5.7, "cpu_srv": 4.09, "diag_lines": 0, "dnf": false, "feed_ratio_p0": null, "gates_cli": true, "gates_srv": true, "gen_guard": false, "header": ["block", "auto"], "mbps": 59.273, "pa_cli": 0, "pa_srv": 0, "pipe_cli": ["block", "RaptorQ", "auto"], "pipe_srv": ["block", "RaptorQ", "auto"], "problems": [], "rc": 0, "rep": 3, "seconds": 13.496901, "seed": "42", "src": null, "status": "LIVE", "summary": true, "truth_egress_p0": 139514, "truth_gso_p0": 5.53, "truth_loss_p0": 0.024048, "truth_lost_p0": 3355, "truth_rcvbuf_drops": 0, "util": 0.422319167933439, "wall_s": 15.0, "winline_cli": false, "winline_srv": false}
=== rep=3 seed=42 cell=c2-100 arm=A1 attempt=1 pipeline=window hint=bulk spec=c2/c2/single bytes=100000000 13:06:43
COTENANT c2-100-A1 s42 rep=3 before=0 after=0 load=2.22 2.24 1.99
--- RWM-C perf pipeline=window mode=single hint=bulk A=c2 B=c2 ooo=0 extra='' T=default (100000000 x 1) start=15:06:45
{"bytes":100000000,"dnf":0,"hint":"bulk","max_s":9.1718,"mean_mbps":87.224,"mean_s":9.1718,"median_s":9.1718,"min_s":9.1718,"proto":"rp-native","runs":1,"stdev_s":0.0,"summary":true}
    CPU: CPUSRV=4.35s CPUCLI=4.69s (srv=decoder cli=sender; whole-invocation incl warmup)
    [TRUTH] leg=0 dev=cli0 egress_dgrams=87881 egress_skbs=13701 gso=6.41 netem_sent_dgrams=85692 netem_dropped_skbs=341 backlog=0 lost=2189 loss=0.024909 rcvbuf_drops=0 rcvbuf_scope=netns
RUNTIME c2-100-A1 s42 rep=3 attempt=1 12s rc=0
S3ROW {"arm": "A1", "busy_last": 17.0, "busy_med": 18.0, "cad_cli": false, "cad_srv": false, "cell": "c2-100", "cod": 404, "coded_share": 0.004837048921242307, "cotenant": 0, "cpu_cli": 4.69, "cpu_srv": 4.35, "diag_lines": 36, "dnf": false, "feed_ratio_p0": 1.011682524388775, "gates_cli": true, "gates_srv": true, "gen_guard": false, "header": ["window", "bulk"], "mbps": 87.224, "pa_cli": 0, "pa_srv": 0, "pipe_cli": ["window", "Rlc", "bulk"], "pipe_srv": ["window", "Rlc", "bulk"], "plc_p0": 0.0252, "plu_last_p0": 0.0464, "plu_med_p0": 0.0355, "problems": [], "rc": 0, "rep": 3, "seconds": 9.171801, "seed": "42", "src": 83118, "status": "LIVE", "summary": true, "truth_egress_p0": 87881, "truth_gso_p0": 6.41, "truth_loss_p0": 0.024909, "truth_lost_p0": 2189, "truth_rcvbuf_drops": 0, "util": 0.5113499518796799, "wall_s": 12.0, "winline_cli": true, "winline_srv": true}
=== rep=3 seed=42 cell=c2-100 arm=A2 attempt=1 pipeline=window hint=bulk spec=c2/c2/single bytes=100000000 13:06:55
COTENANT c2-100-A2 s42 rep=3 before=0 after=0 load=2.50 2.29 2.02
--- RWM-C perf pipeline=window mode=single hint=bulk A=c2 B=c2 ooo=0 extra='' T=default (100000000 x 1) start=15:06:56
{"bytes":100000000,"dnf":0,"hint":"bulk","max_s":8.958,"mean_mbps":89.306,"mean_s":8.958,"median_s":8.958,"min_s":8.958,"proto":"rp-native","runs":1,"stdev_s":0.0,"summary":true}
    CPU: CPUSRV=4.69s CPUCLI=4.96s (srv=decoder cli=sender; whole-invocation incl warmup)
    [TRUTH] leg=0 dev=cli0 egress_dgrams=93034 egress_skbs=18897 gso=4.92 netem_sent_dgrams=90678 netem_dropped_skbs=494 backlog=0 lost=2356 loss=0.025324 rcvbuf_drops=0 rcvbuf_scope=netns
RUNTIME c2-100-A2 s42 rep=3 attempt=1 11s rc=0
S3ROW {"arm": "A2", "busy_last": 16.0, "busy_med": 19.0, "cad_cli": false, "cad_srv": false, "cell": "c2-100", "cod": 407, "coded_share": 0.004837463600166399, "cotenant": 0, "cpu_cli": 4.96, "cpu_srv": 4.69, "diag_lines": 35, "dnf": false, "feed_ratio_p0": 1.0030011056705102, "gates_cli": true, "gates_srv": true, "gen_guard": false, "header": ["window", "bulk"], "mbps": 89.306, "pa_cli": 0, "pa_srv": 0, "pipe_cli": ["window", "Rlc", "bulk"], "pipe_srv": ["window", "Rlc", "bulk"], "plc_p0": 0.0254, "plu_last_p0": 0.0633, "plu_med_p0": 0.0355, "problems": [], "rc": 0, "rep": 3, "seconds": 8.957959, "seed": "42", "src": 83728, "status": "LIVE", "summary": true, "truth_egress_p0": 93034, "truth_gso_p0": 4.92, "truth_loss_p0": 0.025324, "truth_lost_p0": 2356, "truth_rcvbuf_drops": 0, "util": 0.5536975554364559, "wall_s": 11.0, "winline_cli": true, "winline_srv": true}
=== rep=3 seed=42 cell=c2-100 arm=CAD attempt=1 pipeline=window hint=bulk spec=c2/c2/single bytes=100000000 13:07:06
COTENANT c2-100-CAD s42 rep=3 before=0 after=0 load=2.19 2.23 2.00
--- RWM-C perf pipeline=window mode=single hint=bulk A=c2 B=c2 ooo=0 extra='' T=default (100000000 x 1) start=15:07:07
{"bytes":100000000,"dnf":0,"hint":"bulk","max_s":8.9786,"mean_mbps":89.101,"mean_s":8.9786,"median_s":8.9786,"min_s":8.9786,"proto":"rp-native","runs":1,"stdev_s":0.0,"summary":true}
    CPU: CPUSRV=4.37s CPUCLI=3.78s (srv=decoder cli=sender; whole-invocation incl warmup)
    [TRUTH] leg=0 dev=cli0 egress_dgrams=96837 egress_skbs=20907 gso=4.63 netem_sent_dgrams=94303 netem_dropped_skbs=544 backlog=0 lost=2534 loss=0.026168 rcvbuf_drops=0 rcvbuf_scope=netns
RUNTIME c2-100-CAD s42 rep=3 attempt=1 11s rc=0
S3ROW {"arm": "CAD", "busy_last": 17.0, "busy_med": 15.0, "cad_cli": true, "cad_srv": true, "cell": "c2-100", "cod": 410, "coded_share": 0.004877584524970853, "cotenant": 0, "cpu_cli": 3.78, "cpu_srv": 4.37, "diag_lines": 35, "dnf": false, "feed_ratio_p0": 1.005044328951391, "gates_cli": true, "gates_srv": true, "gen_guard": false, "header": ["window", "bulk"], "mbps": 89.101, "pa_cli": 0, "pa_srv": 0, "pipe_cli": ["window", "Rlc", "bulk"], "pipe_srv": ["window", "Rlc", "bulk"], "plc_p0": 0.0263, "plu_last_p0": 0.0073, "plu_med_p0": 0.0093, "problems": [], "rc": 0, "rep": 3, "seconds": 8.978556, "seed": "42", "src": 83648, "status": "LIVE", "summary": true, "truth_egress_p0": 96837, "truth_gso_p0": 4.63, "truth_loss_p0": 0.026168, "truth_lost_p0": 2534, "truth_rcvbuf_drops": 0, "util": 0.42100311007694335, "wall_s": 11.0, "winline_cli": true, "winline_srv": true}
=== rep=3 seed=42 cell=c2-100 arm=BLKb attempt=1 pipeline=block hint=bulk spec=c2/c2/single bytes=100000000 13:07:17
COTENANT c2-100-BLKb s42 rep=3 before=0 after=0 load=1.92 2.18 1.98
--- RWM-C perf pipeline=block mode=single hint=bulk A=c2 B=c2 ooo=0 extra='' T=default (100000000 x 1) start=15:07:18
{"bytes":100000000,"dnf":0,"hint":"bulk","max_s":9.2093,"mean_mbps":86.869,"mean_s":9.2093,"median_s":9.2093,"min_s":9.2093,"proto":"rp-native","runs":1,"stdev_s":0.0,"summary":true}
    CPU: CPUSRV=2.88s CPUCLI=3.83s (srv=decoder cli=sender; whole-invocation incl warmup)
    [TRUTH] leg=0 dev=cli0 egress_dgrams=92603 egress_skbs=17263 gso=5.36 netem_sent_dgrams=90091 netem_dropped_skbs=463 backlog=0 lost=2512 loss=0.027127 rcvbuf_drops=0 rcvbuf_scope=netns
RUNTIME c2-100-BLKb s42 rep=3 attempt=1 11s rc=0
S3ROW {"arm": "BLKb", "busy_last": null, "busy_med": null, "cad_cli": false, "cad_srv": false, "cell": "c2-100", "cod": null, "coded_share": null, "cotenant": 0, "cpu_cli": 3.83, "cpu_srv": 2.88, "diag_lines": 0, "dnf": false, "feed_ratio_p0": null, "gates_cli": true, "gates_srv": true, "gen_guard": false, "header": ["block", "bulk"], "mbps": 86.869, "pa_cli": 0, "pa_srv": 0, "pipe_cli": ["block", "RaptorQ", "bulk"], "pipe_srv": ["block", "RaptorQ", "bulk"], "problems": [], "rc": 0, "rep": 3, "seconds": 9.209256, "seed": "42", "src": null, "status": "LIVE", "summary": true, "truth_egress_p0": 92603, "truth_gso_p0": 5.36, "truth_loss_p0": 0.027127, "truth_lost_p0": 2512, "truth_rcvbuf_drops": 0, "util": 0.41588593041609445, "wall_s": 11.0, "winline_cli": false, "winline_srv": false}
=== rep=3 seed=42 cell=c3-25 arm=WINa attempt=1 pipeline=window hint=auto spec=c3/c3/single bytes=25000000 13:07:28
COTENANT c3-25-WINa s42 rep=3 before=0 after=0 load=1.50 2.07 1.95
--- RWM-C perf pipeline=window mode=single hint=auto A=c3 B=c3 ooo=0 extra='' T=default (25000000 x 1) start=15:07:30
{"bytes":25000000,"dnf":0,"hint":"auto","max_s":13.221,"mean_mbps":15.127,"mean_s":13.221,"median_s":13.221,"min_s":13.221,"proto":"rp-native","runs":1,"stdev_s":0.0,"summary":true}
    CPU: CPUSRV=1.76s CPUCLI=2.43s (srv=decoder cli=sender; whole-invocation incl warmup)
    [TRUTH] leg=0 dev=cli0 egress_dgrams=29583 egress_skbs=9834 gso=3.01 netem_sent_dgrams=28084 netem_dropped_skbs=497 backlog=0 lost=1499 loss=0.050671 rcvbuf_drops=0 rcvbuf_scope=netns
RUNTIME c3-25-WINa s42 rep=3 attempt=1 16s rc=0
S3ROW {"arm": "WINa", "busy_last": 5.0, "busy_med": 7.0, "cad_cli": false, "cad_srv": false, "cell": "c3-25", "cod": 1570, "coded_share": 0.06909603027902474, "cotenant": 0, "cpu_cli": 2.43, "cpu_srv": 1.76, "diag_lines": 52, "dnf": false, "feed_ratio_p0": 0.9985988040496536, "gates_cli": true, "gates_srv": true, "gen_guard": false, "header": ["window", "auto"], "mbps": 15.127, "pa_cli": 0, "pa_srv": 0, "pipe_cli": ["window", "Rlc", "auto"], "pipe_srv": ["window", "Rlc", "auto"], "plc_p0": 0.0506, "plu_last_p0": 0.0354, "plu_med_p0": 0.04425, "problems": [], "rc": 0, "rep": 3, "seconds": 13.221046, "seed": "42", "src": 21152, "status": "LIVE", "summary": true, "truth_egress_p0": 29583, "truth_gso_p0": 3.01, "truth_loss_p0": 0.050671, "truth_lost_p0": 1499, "truth_rcvbuf_drops": 0, "util": 0.18379786289224018, "wall_s": 16.0, "winline_cli": true, "winline_srv": true}
=== rep=3 seed=42 cell=c3-25 arm=BLKa attempt=1 pipeline=block hint=auto spec=c3/c3/single bytes=25000000 13:07:44
COTENANT c3-25-BLKa s42 rep=3 before=0 after=0 load=1.04 1.90 1.90
--- RWM-C perf pipeline=block mode=single hint=auto A=c3 B=c3 ooo=0 extra='' T=default (25000000 x 1) start=15:07:45
{"bytes":25000000,"dnf":0,"hint":"auto","max_s":27.7121,"mean_mbps":7.217,"mean_s":27.7121,"median_s":27.7121,"min_s":27.7121,"proto":"rp-native","runs":1,"stdev_s":0.0,"summary":true}
    CPU: CPUSRV=2.68s CPUCLI=4.54s (srv=decoder cli=sender; whole-invocation incl warmup)
    [TRUTH] leg=0 dev=cli0 egress_dgrams=65701 egress_skbs=21480 gso=3.06 netem_sent_dgrams=59246 netem_dropped_skbs=1097 backlog=3386 lost=3069 loss=0.046712 rcvbuf_drops=0 rcvbuf_scope=netns
RUNTIME c3-25-BLKa s42 rep=3 attempt=1 30s rc=0
S3ROW {"arm": "BLKa", "busy_last": null, "busy_med": null, "cad_cli": false, "cad_srv": false, "cell": "c3-25", "cod": null, "coded_share": null, "cotenant": 0, "cpu_cli": 4.54, "cpu_srv": 2.68, "diag_lines": 0, "dnf": false, "feed_ratio_p0": null, "gates_cli": true, "gates_srv": true, "gen_guard": false, "header": ["block", "auto"], "mbps": 7.217, "pa_cli": 0, "pa_srv": 0, "pipe_cli": ["block", "RaptorQ", "auto"], "pipe_srv": ["block", "RaptorQ", "auto"], "problems": [], "rc": 0, "rep": 3, "seconds": 27.712088, "seed": "42", "src": null, "status": "LIVE", "summary": true, "truth_egress_p0": 65701, "truth_gso_p0": 3.06, "truth_loss_p0": 0.046712, "truth_lost_p0": 3069, "truth_rcvbuf_drops": 0, "util": 0.16382742433554628, "wall_s": 30.0, "winline_cli": false, "winline_srv": false}
=== rep=3 seed=42 cell=c3-25 arm=A1 attempt=1 pipeline=window hint=bulk spec=c3/c3/single bytes=25000000 13:08:14
COTENANT c3-25-A1 s42 rep=3 before=0 after=0 load=1.03 1.86 1.88
--- RWM-C perf pipeline=window mode=single hint=bulk A=c3 B=c3 ooo=0 extra='' T=default (25000000 x 1) start=15:08:15
{"bytes":25000000,"dnf":0,"hint":"bulk","max_s":11.5385,"mean_mbps":17.333,"mean_s":11.5385,"median_s":11.5385,"min_s":11.5385,"proto":"rp-native","runs":1,"stdev_s":0.0,"summary":true}
    CPU: CPUSRV=1.61s CPUCLI=2.22s (srv=decoder cli=sender; whole-invocation incl warmup)
    [TRUTH] leg=0 dev=cli0 egress_dgrams=25959 egress_skbs=7925 gso=3.28 netem_sent_dgrams=24654 netem_dropped_skbs=395 backlog=0 lost=1305 loss=0.050272 rcvbuf_drops=0 rcvbuf_scope=netns
RUNTIME c3-25-A1 s42 rep=3 attempt=1 13s rc=0
S3ROW {"arm": "A1", "busy_last": 5.0, "busy_med": 7.5, "cad_cli": false, "cad_srv": false, "cell": "c3-25", "cod": 244, "coded_share": 0.011404000747803327, "cotenant": 0, "cpu_cli": 2.22, "cpu_srv": 1.61, "diag_lines": 46, "dnf": false, "feed_ratio_p0": 0.9906110757479313, "gates_cli": true, "gates_srv": true, "gen_guard": false, "header": ["window", "bulk"], "mbps": 17.333, "pa_cli": 0, "pa_srv": 0, "pipe_cli": ["window", "Rlc", "bulk"], "pipe_srv": ["window", "Rlc", "bulk"], "plc_p0": 0.0498, "plu_last_p0": 0.0368, "plu_med_p0": 0.046299999999999994, "problems": [], "rc": 0, "rep": 3, "seconds": 11.538472, "seed": "42", "src": 21152, "status": "LIVE", "summary": true, "truth_egress_p0": 25959, "truth_gso_p0": 3.28, "truth_loss_p0": 0.050272, "truth_lost_p0": 1305, "truth_rcvbuf_drops": 0, "util": 0.1923998255574915, "wall_s": 13.0, "winline_cli": true, "winline_srv": true}
=== rep=3 seed=42 cell=c3-25 arm=A2 attempt=1 pipeline=window hint=bulk spec=c3/c3/single bytes=25000000 13:08:28
COTENANT c3-25-A2 s42 rep=3 before=0 after=0 load=0.80 1.77 1.85
--- RWM-C perf pipeline=window mode=single hint=bulk A=c3 B=c3 ooo=0 extra='' T=default (25000000 x 1) start=15:08:29
{"bytes":25000000,"dnf":0,"hint":"bulk","max_s":11.5173,"mean_mbps":17.365,"mean_s":11.5173,"median_s":11.5173,"min_s":11.5173,"proto":"rp-native","runs":1,"stdev_s":0.0,"summary":true}
    CPU: CPUSRV=1.71s CPUCLI=2.29s (srv=decoder cli=sender; whole-invocation incl warmup)
    [TRUTH] leg=0 dev=cli0 egress_dgrams=26120 egress_skbs=8253 gso=3.16 netem_sent_dgrams=24910 netem_dropped_skbs=418 backlog=1 lost=1209 loss=0.046286 rcvbuf_drops=0 rcvbuf_scope=netns
RUNTIME c3-25-A2 s42 rep=3 attempt=1 14s rc=0
S3ROW {"arm": "A2", "busy_last": 4.0, "busy_med": 7.0, "cad_cli": false, "cad_srv": false, "cell": "c3-25", "cod": 253, "coded_share": 0.011819668301798645, "cotenant": 0, "cpu_cli": 2.29, "cpu_srv": 1.71, "diag_lines": 46, "dnf": false, "feed_ratio_p0": 0.9786976623601089, "gates_cli": true, "gates_srv": true, "gen_guard": false, "header": ["window", "bulk"], "mbps": 17.365, "pa_cli": 0, "pa_srv": 0, "pipe_cli": ["window", "Rlc", "bulk"], "pipe_srv": ["window", "Rlc", "bulk"], "plc_p0": 0.0453, "plu_last_p0": 0.1017, "plu_med_p0": 0.0569, "problems": [], "rc": 0, "rep": 3, "seconds": 11.517253, "seed": "42", "src": 21152, "status": "LIVE", "summary": true, "truth_egress_p0": 26120, "truth_gso_p0": 3.16, "truth_loss_p0": 0.046286, "truth_lost_p0": 1209, "truth_rcvbuf_drops": 0, "util": 0.19883213471128922, "wall_s": 14.0, "winline_cli": true, "winline_srv": true}
=== rep=3 seed=42 cell=c3-25 arm=CAD attempt=1 pipeline=window hint=bulk spec=c3/c3/single bytes=25000000 13:08:42
COTENANT c3-25-CAD s42 rep=3 before=0 after=0 load=1.09 1.78 1.86
--- RWM-C perf pipeline=window mode=single hint=bulk A=c3 B=c3 ooo=0 extra='' T=default (25000000 x 1) start=15:08:43
{"bytes":25000000,"dnf":0,"hint":"bulk","max_s":11.6053,"mean_mbps":17.233,"mean_s":11.6053,"median_s":11.6053,"min_s":11.6053,"proto":"rp-native","runs":1,"stdev_s":0.0,"summary":true}
    CPU: CPUSRV=1.58s CPUCLI=1.89s (srv=decoder cli=sender; whole-invocation incl warmup)
    [TRUTH] leg=0 dev=cli0 egress_dgrams=26144 egress_skbs=7973 gso=3.28 netem_sent_dgrams=24868 netem_dropped_skbs=397 backlog=0 lost=1276 loss=0.048807 rcvbuf_drops=0 rcvbuf_scope=netns
RUNTIME c3-25-CAD s42 rep=3 attempt=1 13s rc=0
S3ROW {"arm": "CAD", "busy_last": 5.0, "busy_med": 6.0, "cad_cli": true, "cad_srv": true, "cell": "c3-25", "cod": 240, "coded_share": 0.011219147344801795, "cotenant": 0, "cpu_cli": 1.89, "cpu_srv": 1.58, "diag_lines": 46, "dnf": false, "feed_ratio_p0": 0.9998565779498843, "gates_cli": true, "gates_srv": true, "gen_guard": false, "header": ["window", "bulk"], "mbps": 17.233, "pa_cli": 0, "pa_srv": 0, "pipe_cli": ["window", "Rlc", "bulk"], "pipe_srv": ["window", "Rlc", "bulk"], "plc_p0": 0.0488, "plu_last_p0": 0.078, "plu_med_p0": 0.029249999999999998, "problems": [], "rc": 0, "rep": 3, "seconds": 11.605342, "seed": "42", "src": 21152, "status": "LIVE", "summary": true, "truth_egress_p0": 26144, "truth_gso_p0": 3.28, "truth_loss_p0": 0.048807, "truth_lost_p0": 1276, "truth_rcvbuf_drops": 0, "util": 0.16285603647010144, "wall_s": 13.0, "winline_cli": true, "winline_srv": true}
=== rep=3 seed=42 cell=c3-25 arm=BLKb attempt=1 pipeline=block hint=bulk spec=c3/c3/single bytes=25000000 13:08:56
COTENANT c3-25-BLKb s42 rep=3 before=0 after=0 load=0.92 1.72 1.83
--- RWM-C perf pipeline=block mode=single hint=bulk A=c3 B=c3 ooo=0 extra='' T=default (25000000 x 1) start=15:08:57
{"bytes":25000000,"dnf":0,"hint":"bulk","max_s":11.6791,"mean_mbps":17.125,"mean_s":11.6791,"median_s":11.6791,"min_s":11.6791,"proto":"rp-native","runs":1,"stdev_s":0.0,"summary":true}
    CPU: CPUSRV=1.43s CPUCLI=1.79s (srv=decoder cli=sender; whole-invocation incl warmup)
    [TRUTH] leg=0 dev=cli0 egress_dgrams=27625 egress_skbs=11345 gso=2.43 netem_sent_dgrams=26285 netem_dropped_skbs=554 backlog=0 lost=1340 loss=0.048507 rcvbuf_drops=0 rcvbuf_scope=netns
RUNTIME c3-25-BLKb s42 rep=3 attempt=1 13s rc=0
S3ROW {"arm": "BLKb", "busy_last": null, "busy_med": null, "cad_cli": false, "cad_srv": false, "cell": "c3-25", "cod": null, "coded_share": null, "cotenant": 0, "cpu_cli": 1.79, "cpu_srv": 1.43, "diag_lines": 0, "dnf": false, "feed_ratio_p0": null, "gates_cli": true, "gates_srv": true, "gen_guard": false, "header": ["block", "bulk"], "mbps": 17.125, "pa_cli": 0, "pa_srv": 0, "pipe_cli": ["block", "RaptorQ", "bulk"], "pipe_srv": ["block", "RaptorQ", "bulk"], "problems": [], "rc": 0, "rep": 3, "seconds": 11.679072, "seed": "42", "src": null, "status": "LIVE", "summary": true, "truth_egress_p0": 27625, "truth_gso_p0": 2.43, "truth_loss_p0": 0.048507, "truth_lost_p0": 1340, "truth_rcvbuf_drops": 0, "util": 0.15326560192453648, "wall_s": 13.0, "winline_cli": false, "winline_srv": false}
=== rep=3 seed=42 cell=c7-100 arm=WINa attempt=1 pipeline=window hint=auto spec=c2/c2/dual bytes=100000000 13:09:10
COTENANT c7-100-WINa s42 rep=3 before=0 after=0 load=1.01 1.71 1.83
--- RWM-C perf pipeline=window mode=dual hint=auto A=c2 B=c2 ooo=0 extra='' T=default (100000000 x 1) start=15:09:11
{"bytes":100000000,"dnf":0,"hint":"auto","max_s":5.9138,"mean_mbps":135.276,"mean_s":5.9138,"median_s":5.9138,"min_s":5.9138,"proto":"rp-native","runs":1,"stdev_s":0.0,"summary":true}
    CPU: CPUSRV=7.97s CPUCLI=9.42s (srv=decoder cli=sender; whole-invocation incl warmup)
    [TRUTH] leg=0 dev=cli0 egress_dgrams=56978 egress_skbs=22802 gso=2.50 netem_sent_dgrams=55559 netem_dropped_skbs=574 backlog=0 lost=1419 loss=0.024904 rcvbuf_drops=0 rcvbuf_scope=netns
    [TRUTH] leg=1 dev=cli1 egress_dgrams=57339 egress_skbs=22006 gso=2.61 netem_sent_dgrams=55817 netem_dropped_skbs=532 backlog=0 lost=1522 loss=0.026544 rcvbuf_drops=0 rcvbuf_scope=netns
RUNTIME c7-100-WINa s42 rep=3 attempt=1 8s rc=0
S3ROW {"arm": "WINa", "busy_last": 97.0, "busy_med": 91.0, "cad_cli": false, "cad_srv": false, "cell": "c7-100", "cod": 14883, "coded_share": 0.1526900032829941, "cotenant": 0, "cpu_cli": 9.42, "cpu_srv": 7.97, "diag_lines": 23, "dnf": false, "feed_ratio_p0": 0.9998393832316094, "feed_ratio_p1": 1.0209463532248342, "gates_cli": true, "gates_srv": true, "gen_guard": false, "header": ["window", "auto"], "mbps": 135.276, "pa_cli": 0, "pa_srv": 0, "pipe_cli": ["window", "Rlc", "auto"], "pipe_srv": ["window", "Rlc", "auto"], "plc_p0": 0.0249, "plc_p1": 0.0271, "plu_last_p0": 0.0354, "plu_last_p1": 0.045, "plu_med_p0": 0.0435, "plu_med_p1": 0.0491, "problems": [], "rc": 0, "rep": 3, "seconds": 5.913832, "seed": "42", "src": 82589, "status": "LIVE", "summary": true, "truth_egress_p0": 56978, "truth_egress_p1": 57339, "truth_gso_p0": 2.5, "truth_gso_p1": 2.61, "truth_loss_p0": 0.024904, "truth_loss_p1": 0.026544, "truth_lost_p0": 1419, "truth_lost_p1": 1522, "truth_rcvbuf_drops": 0, "util": 1.5928758206185092, "wall_s": 8.0, "winline_cli": true, "winline_srv": true}
=== rep=3 seed=42 cell=c7-100 arm=BLKa attempt=1 pipeline=block hint=auto spec=c2/c2/dual bytes=100000000 13:09:18
COTENANT c7-100-BLKa s42 rep=3 before=0 after=0 load=1.10 1.70 1.83
--- RWM-C perf pipeline=block mode=dual hint=auto A=c2 B=c2 ooo=0 extra='' T=default (100000000 x 1) start=15:09:19
{"bytes":100000000,"dnf":0,"hint":"auto","max_s":7.0092,"mean_mbps":114.136,"mean_s":7.0092,"median_s":7.0092,"min_s":7.0092,"proto":"rp-native","runs":1,"stdev_s":0.0,"summary":true}
    CPU: CPUSRV=4.91s CPUCLI=6.70s (srv=decoder cli=sender; whole-invocation incl warmup)
    [TRUTH] leg=0 dev=cli0 egress_dgrams=72271 egress_skbs=15442 gso=4.68 netem_sent_dgrams=70441 netem_dropped_skbs=397 backlog=0 lost=1830 loss=0.025321 rcvbuf_drops=0 rcvbuf_scope=netns
    [TRUTH] leg=1 dev=cli1 egress_dgrams=70849 egress_skbs=14315 gso=4.95 netem_sent_dgrams=69151 netem_dropped_skbs=345 backlog=0 lost=1698 loss=0.023966 rcvbuf_drops=0 rcvbuf_scope=netns
RUNTIME c7-100-BLKa s42 rep=3 attempt=1 9s rc=0
S3ROW {"arm": "BLKa", "busy_last": null, "busy_med": null, "cad_cli": false, "cad_srv": false, "cell": "c7-100", "cod": null, "coded_share": null, "cotenant": 0, "cpu_cli": 6.7, "cpu_srv": 4.91, "diag_lines": 0, "dnf": false, "feed_ratio_p0": null, "feed_ratio_p1": null, "gates_cli": true, "gates_srv": true, "gen_guard": false, "header": ["block", "auto"], "mbps": 114.136, "pa_cli": 0, "pa_srv": 0, "pipe_cli": ["block", "RaptorQ", "auto"], "pipe_srv": ["block", "RaptorQ", "auto"], "problems": [], "rc": 0, "rep": 3, "seconds": 7.009196, "seed": "42", "src": null, "status": "LIVE", "summary": true, "truth_egress_p0": 72271, "truth_egress_p1": 70849, "truth_gso_p0": 4.68, "truth_gso_p1": 4.95, "truth_loss_p0": 0.025321, "truth_loss_p1": 0.023966, "truth_lost_p0": 1830, "truth_lost_p1": 1698, "truth_rcvbuf_drops": 0, "util": 0.9558870946111365, "wall_s": 9.0, "winline_cli": false, "winline_srv": false}
=== rep=3 seed=42 cell=c7-100 arm=A1 attempt=1 pipeline=window hint=bulk spec=c2/c2/dual bytes=100000000 13:09:27
COTENANT c7-100-A1 s42 rep=3 before=0 after=0 load=1.41 1.76 1.84
--- RWM-C perf pipeline=window mode=dual hint=bulk A=c2 B=c2 ooo=0 extra='' T=default (100000000 x 1) start=15:09:29
{"bytes":100000000,"dnf":0,"hint":"bulk","max_s":4.731,"mean_mbps":169.099,"mean_s":4.731,"median_s":4.731,"min_s":4.731,"proto":"rp-native","runs":1,"stdev_s":0.0,"summary":true}
    CPU: CPUSRV=5.53s CPUCLI=6.70s (srv=decoder cli=sender; whole-invocation incl warmup)
    [TRUTH] leg=0 dev=cli0 egress_dgrams=44771 egress_skbs=15020 gso=2.98 netem_sent_dgrams=43623 netem_dropped_skbs=387 backlog=0 lost=1148 loss=0.025642 rcvbuf_drops=0 rcvbuf_scope=netns
    [TRUTH] leg=1 dev=cli1 egress_dgrams=47177 egress_skbs=14912 gso=3.16 netem_sent_dgrams=46012 netem_dropped_skbs=352 backlog=0 lost=1165 loss=0.024694 rcvbuf_drops=0 rcvbuf_scope=netns
RUNTIME c7-100-A1 s42 rep=3 attempt=1 7s rc=0
S3ROW {"arm": "A1", "busy_last": 71.0, "busy_med": 79.0, "cad_cli": false, "cad_srv": false, "cell": "c7-100", "cod": 454, "coded_share": 0.005400133219145494, "cotenant": 0, "cpu_cli": 6.7, "cpu_srv": 5.53, "diag_lines": 18, "dnf": false, "feed_ratio_p0": 0.9944622104360034, "feed_ratio_p1": 1.0042925406981453, "gates_cli": true, "gates_srv": true, "gen_guard": false, "header": ["window", "bulk"], "mbps": 169.099, "pa_cli": 0, "pa_srv": 0, "pipe_cli": ["window", "Rlc", "bulk"], "pipe_srv": ["window", "Rlc", "bulk"], "plc_p0": 0.0255, "plc_p1": 0.0248, "plu_last_p0": 0.0354, "plu_last_p1": 0.0598, "plu_med_p0": 0.04235, "plu_med_p1": 0.048350000000000004, "problems": [], "rc": 0, "rep": 3, "seconds": 4.730964, "seed": "42", "src": 83618, "status": "LIVE", "summary": true, "truth_egress_p0": 44771, "truth_egress_p1": 47177, "truth_gso_p0": 2.98, "truth_gso_p1": 3.16, "truth_loss_p0": 0.025642, "truth_loss_p1": 0.024694, "truth_lost_p0": 1148, "truth_lost_p1": 1165, "truth_rcvbuf_drops": 0, "util": 1.4162018565349472, "wall_s": 7.0, "winline_cli": true, "winline_srv": true}
=== rep=3 seed=42 cell=c7-100 arm=A2 attempt=1 pipeline=window hint=bulk spec=c2/c2/dual bytes=100000000 13:09:34
COTENANT c7-100-A2 s42 rep=3 before=0 after=0 load=1.43 1.75 1.84
--- RWM-C perf pipeline=window mode=dual hint=bulk A=c2 B=c2 ooo=0 extra='' T=default (100000000 x 1) start=15:09:36
{"bytes":100000000,"dnf":0,"hint":"bulk","max_s":4.4663,"mean_mbps":179.118,"mean_s":4.4663,"median_s":4.4663,"min_s":4.4663,"proto":"rp-native","runs":1,"stdev_s":0.0,"summary":true}
    CPU: CPUSRV=5.55s CPUCLI=6.75s (srv=decoder cli=sender; whole-invocation incl warmup)
    [TRUTH] leg=0 dev=cli0 egress_dgrams=45665 egress_skbs=15196 gso=3.01 netem_sent_dgrams=44525 netem_dropped_skbs=388 backlog=0 lost=1140 loss=0.024964 rcvbuf_drops=0 rcvbuf_scope=netns
    [TRUTH] leg=1 dev=cli1 egress_dgrams=45686 egress_skbs=15085 gso=3.03 netem_sent_dgrams=44644 netem_dropped_skbs=356 backlog=0 lost=1042 loss=0.022808 rcvbuf_drops=0 rcvbuf_scope=netns
RUNTIME c7-100-A2 s42 rep=3 attempt=1 6s rc=0
S3ROW {"arm": "A2", "busy_last": 94.0, "busy_med": 80.0, "cad_cli": false, "cad_srv": false, "cell": "c7-100", "cod": 434, "coded_share": 0.0052964938187232274, "cotenant": 0, "cpu_cli": 6.75, "cpu_srv": 5.55, "diag_lines": 17, "dnf": false, "feed_ratio_p0": 1.0054478448966513, "feed_ratio_p1": 1.0171869519466854, "gates_cli": true, "gates_srv": true, "gen_guard": false, "header": ["window", "bulk"], "mbps": 179.118, "pa_cli": 0, "pa_srv": 0, "pipe_cli": ["window", "Rlc", "bulk"], "pipe_srv": ["window", "Rlc", "bulk"], "plc_p0": 0.0251, "plc_p1": 0.0232, "plu_last_p0": 0.0518, "plu_last_p1": 0.0354, "plu_med_p0": 0.0518, "plu_med_p1": 0.0356, "problems": [], "rc": 0, "rep": 3, "seconds": 4.466341, "seed": "42", "src": 81507, "status": "LIVE", "summary": true, "truth_egress_p0": 45665, "truth_egress_p1": 45686, "truth_gso_p0": 3.01, "truth_gso_p1": 3.03, "truth_loss_p0": 0.024964, "truth_loss_p1": 0.022808, "truth_lost_p0": 1140, "truth_lost_p1": 1042, "truth_rcvbuf_drops": 0, "util": 1.5113042197181092, "wall_s": 6.0, "winline_cli": true, "winline_srv": true}
=== rep=3 seed=42 cell=c7-100 arm=CAD attempt=1 pipeline=window hint=bulk spec=c2/c2/dual bytes=100000000 13:09:41
COTENANT c7-100-CAD s42 rep=3 before=0 after=0 load=1.56 1.77 1.85
--- RWM-C perf pipeline=window mode=dual hint=bulk A=c2 B=c2 ooo=0 extra='' T=default (100000000 x 1) start=15:09:42
{"bytes":100000000,"dnf":0,"hint":"bulk","max_s":4.535,"mean_mbps":176.405,"mean_s":4.535,"median_s":4.535,"min_s":4.535,"proto":"rp-native","runs":1,"stdev_s":0.0,"summary":true}
    CPU: CPUSRV=5.73s CPUCLI=5.76s (srv=decoder cli=sender; whole-invocation incl warmup)
    [TRUTH] leg=0 dev=cli0 egress_dgrams=46137 egress_skbs=16356 gso=2.82 netem_sent_dgrams=44997 netem_dropped_skbs=426 backlog=0 lost=1140 loss=0.024709 rcvbuf_drops=0 rcvbuf_scope=netns
    [TRUTH] leg=1 dev=cli1 egress_dgrams=46701 egress_skbs=17145 gso=2.72 netem_sent_dgrams=45596 netem_dropped_skbs=413 backlog=0 lost=1105 loss=0.023661 rcvbuf_drops=0 rcvbuf_scope=netns
RUNTIME c7-100-CAD s42 rep=3 attempt=1 6s rc=0
S3ROW {"arm": "CAD", "busy_last": 57.0, "busy_med": 66.0, "cad_cli": true, "cad_srv": true, "cell": "c7-100", "cod": 532, "coded_share": 0.006248825408757752, "cotenant": 0, "cpu_cli": 5.76, "cpu_srv": 5.73, "diag_lines": 18, "dnf": false, "feed_ratio_p0": 0.9834473268849407, "feed_ratio_p1": 1.0185537382190102, "gates_cli": true, "gates_srv": true, "gen_guard": false, "header": ["window", "bulk"], "mbps": 176.405, "pa_cli": 0, "pa_srv": 0, "pipe_cli": ["window", "Rlc", "bulk"], "pipe_srv": ["window", "Rlc", "bulk"], "plc_p0": 0.0243, "plc_p1": 0.0241, "plu_last_p0": 0.024, "plu_last_p1": 0.0157, "plu_med_p0": 0.02455, "plu_med_p1": 0.02215, "problems": [], "rc": 0, "rep": 3, "seconds": 4.535012, "seed": "42", "src": 84604, "status": "LIVE", "summary": true, "truth_egress_p0": 46137, "truth_egress_p1": 46701, "truth_gso_p0": 2.82, "truth_gso_p1": 2.72, "truth_loss_p0": 0.024709, "truth_loss_p1": 0.023661, "truth_lost_p0": 1140, "truth_lost_p1": 1105, "truth_rcvbuf_drops": 0, "util": 1.2701179181003268, "wall_s": 6.0, "winline_cli": true, "winline_srv": true}
=== rep=3 seed=42 cell=c7-100 arm=BLKb attempt=1 pipeline=block hint=bulk spec=c2/c2/dual bytes=100000000 13:09:47
COTENANT c7-100-BLKb s42 rep=3 before=0 after=0 load=1.91 1.84 1.87
--- RWM-C perf pipeline=block mode=dual hint=bulk A=c2 B=c2 ooo=0 extra='' T=default (100000000 x 1) start=15:09:49
{"bytes":100000000,"dnf":0,"hint":"bulk","max_s":4.5987,"mean_mbps":173.961,"mean_s":4.5987,"median_s":4.5987,"min_s":4.5987,"proto":"rp-native","runs":1,"stdev_s":0.0,"summary":true}
    CPU: CPUSRV=3.14s CPUCLI=4.19s (srv=decoder cli=sender; whole-invocation incl warmup)
    [TRUTH] leg=0 dev=cli0 egress_dgrams=47312 egress_skbs=9034 gso=5.24 netem_sent_dgrams=46072 netem_dropped_skbs=229 backlog=0 lost=1240 loss=0.026209 rcvbuf_drops=0 rcvbuf_scope=netns
    [TRUTH] leg=1 dev=cli1 egress_dgrams=45527 egress_skbs=8886 gso=5.12 netem_sent_dgrams=44499 netem_dropped_skbs=200 backlog=0 lost=1028 loss=0.022580 rcvbuf_drops=0 rcvbuf_scope=netns
RUNTIME c7-100-BLKb s42 rep=3 attempt=1 7s rc=0
S3ROW {"arm": "BLKb", "busy_last": null, "busy_med": null, "cad_cli": false, "cad_srv": false, "cell": "c7-100", "cod": null, "coded_share": null, "cotenant": 0, "cpu_cli": 4.19, "cpu_srv": 3.14, "diag_lines": 0, "dnf": false, "feed_ratio_p0": null, "feed_ratio_p1": null, "gates_cli": true, "gates_srv": true, "gen_guard": false, "header": ["block", "bulk"], "mbps": 173.961, "pa_cli": 0, "pa_srv": 0, "pipe_cli": ["block", "RaptorQ", "bulk"], "pipe_srv": ["block", "RaptorQ", "bulk"], "problems": [], "rc": 0, "rep": 3, "seconds": 4.598726, "seed": "42", "src": null, "status": "LIVE", "summary": true, "truth_egress_p0": 47312, "truth_egress_p1": 45527, "truth_gso_p0": 5.24, "truth_gso_p1": 5.12, "truth_loss_p0": 0.026209, "truth_loss_p1": 0.02258, "truth_lost_p0": 1240, "truth_lost_p1": 1028, "truth_rcvbuf_drops": 0, "util": 0.9111219063714603, "wall_s": 7.0, "winline_cli": false, "winline_srv": false}
=== rep=3 seed=42 cell=c8-100 arm=WINa attempt=1 pipeline=window hint=auto spec=c2/c3/dual bytes=100000000 13:09:54
COTENANT c8-100-WINa s42 rep=3 before=0 after=0 load=1.94 1.85 1.87
--- RWM-C perf pipeline=window mode=dual hint=auto A=c2 B=c3 ooo=0 extra='' T=default (100000000 x 1) start=15:09:56
{"bytes":100000000,"dnf":0,"hint":"auto","max_s":8.8208,"mean_mbps":90.695,"mean_s":8.8208,"median_s":8.8208,"min_s":8.8208,"proto":"rp-native","runs":1,"stdev_s":0.0,"summary":true}
    CPU: CPUSRV=7.08s CPUCLI=9.63s (srv=decoder cli=sender; whole-invocation incl warmup)
    [TRUTH] leg=0 dev=cli0 egress_dgrams=85729 egress_skbs=20738 gso=4.13 netem_sent_dgrams=83339 netem_dropped_skbs=544 backlog=0 lost=2390 loss=0.027879 rcvbuf_drops=0 rcvbuf_scope=netns
    [TRUTH] leg=1 dev=cli1 egress_dgrams=21672 egress_skbs=16916 gso=1.28 netem_sent_dgrams=20663 netem_dropped_skbs=771 backlog=0 lost=1009 loss=0.046558 rcvbuf_drops=0 rcvbuf_scope=netns
RUNTIME c8-100-WINa s42 rep=3 attempt=1 11s rc=0
S3ROW {"arm": "WINa", "busy_last": 13.0, "busy_med": 61.0, "cad_cli": false, "cad_srv": false, "cell": "c8-100", "cod": 528, "coded_share": 0.006202133157919466, "cotenant": 0, "cpu_cli": 9.63, "cpu_srv": 7.08, "diag_lines": 35, "dnf": false, "feed_ratio_p0": 1.0079271135980488, "feed_ratio_p1": 1.009493534945659, "gates_cli": true, "gates_srv": true, "gen_guard": false, "header": ["window", "auto"], "mbps": 90.695, "pa_cli": 0, "pa_srv": 0, "pipe_cli": ["window", "Rlc", "auto"], "pipe_srv": ["window", "Rlc", "auto"], "plc_p0": 0.0281, "plc_p1": 0.047, "plu_last_p0": 0.0434, "plu_last_p1": 0.0678, "plu_med_p0": 0.0355, "plu_med_p1": 0.0678, "problems": [], "rc": 0, "rep": 3, "seconds": 8.8208, "seed": "42", "src": 84604, "status": "LIVE", "summary": true, "truth_egress_p0": 85729, "truth_egress_p1": 21672, "truth_gso_p0": 4.13, "truth_gso_p1": 1.28, "truth_loss_p0": 0.027879, "truth_loss_p1": 0.046558, "truth_lost_p0": 2390, "truth_lost_p1": 1009, "truth_rcvbuf_drops": 0, "util": 1.0917377108652278, "wall_s": 11.0, "winline_cli": true, "winline_srv": true}
=== rep=3 seed=42 cell=c8-100 arm=BLKa attempt=1 pipeline=block hint=auto spec=c2/c3/dual bytes=100000000 13:10:05
COTENANT c8-100-BLKa s42 rep=3 before=0 after=0 load=1.59 1.78 1.85
--- RWM-C perf pipeline=block mode=dual hint=auto A=c2 B=c3 ooo=0 extra='' T=default (100000000 x 1) start=15:10:07
{"bytes":100000000,"dnf":0,"hint":"auto","max_s":14.3128,"mean_mbps":55.894,"mean_s":14.3128,"median_s":14.3128,"min_s":14.3128,"proto":"rp-native","runs":1,"stdev_s":0.0,"summary":true}
    CPU: CPUSRV=6.76s CPUCLI=9.87s (srv=decoder cli=sender; whole-invocation incl warmup)
    [TRUTH] leg=0 dev=cli0 egress_dgrams=132675 egress_skbs=27441 gso=4.83 netem_sent_dgrams=129500 netem_dropped_skbs=673 backlog=0 lost=3175 loss=0.023931 rcvbuf_drops=0 rcvbuf_scope=netns
    [TRUTH] leg=1 dev=cli1 egress_dgrams=38157 egress_skbs=17069 gso=2.24 netem_sent_dgrams=34744 netem_dropped_skbs=773 backlog=1997 lost=1416 loss=0.037110 rcvbuf_drops=0 rcvbuf_scope=netns
RUNTIME c8-100-BLKa s42 rep=3 attempt=1 17s rc=0
S3ROW {"arm": "BLKa", "busy_last": null, "busy_med": null, "cad_cli": false, "cad_srv": false, "cell": "c8-100", "cod": null, "coded_share": null, "cotenant": 0, "cpu_cli": 9.87, "cpu_srv": 6.76, "diag_lines": 0, "dnf": false, "feed_ratio_p0": null, "feed_ratio_p1": null, "gates_cli": true, "gates_srv": true, "gen_guard": false, "header": ["block", "auto"], "mbps": 55.894, "pa_cli": 0, "pa_srv": 0, "pipe_cli": ["block", "RaptorQ", "auto"], "pipe_srv": ["block", "RaptorQ", "auto"], "problems": [], "rc": 0, "rep": 3, "seconds": 14.312772, "seed": "42", "src": null, "status": "LIVE", "summary": true, "truth_egress_p0": 132675, "truth_egress_p1": 38157, "truth_gso_p0": 4.83, "truth_gso_p1": 2.24, "truth_loss_p0": 0.023931, "truth_loss_p1": 0.03711, "truth_lost_p0": 3175, "truth_lost_p1": 1416, "truth_rcvbuf_drops": 0, "util": 0.6895938816044858, "wall_s": 17.0, "winline_cli": false, "winline_srv": false}
=== rep=3 seed=42 cell=c8-100 arm=A1 attempt=1 pipeline=window hint=bulk spec=c2/c3/dual bytes=100000000 13:10:22
COTENANT c8-100-A1 s42 rep=3 before=0 after=0 load=1.50 1.75 1.84
--- RWM-C perf pipeline=window mode=dual hint=bulk A=c2 B=c3 ooo=0 extra='' T=default (100000000 x 1) start=15:10:24
{"bytes":100000000,"dnf":0,"hint":"bulk","max_s":7.9093,"mean_mbps":101.147,"mean_s":7.9093,"median_s":7.9093,"min_s":7.9093,"proto":"rp-native","runs":1,"stdev_s":0.0,"summary":true}
    CPU: CPUSRV=5.83s CPUCLI=7.92s (srv=decoder cli=sender; whole-invocation incl warmup)
    [TRUTH] leg=0 dev=cli0 egress_dgrams=78459 egress_skbs=19309 gso=4.06 netem_sent_dgrams=76504 netem_dropped_skbs=503 backlog=0 lost=1955 loss=0.024917 rcvbuf_drops=0 rcvbuf_scope=netns
    [TRUTH] leg=1 dev=cli1 egress_dgrams=18775 egress_skbs=12763 gso=1.47 netem_sent_dgrams=17992 netem_dropped_skbs=547 backlog=0 lost=783 loss=0.041704 rcvbuf_drops=0 rcvbuf_scope=netns
RUNTIME c8-100-A1 s42 rep=3 attempt=1 10s rc=0
S3ROW {"arm": "A1", "busy_last": 16.0, "busy_med": 57.0, "cad_cli": false, "cad_srv": false, "cell": "c8-100", "cod": 589, "coded_share": 0.006913713568016152, "cotenant": 0, "cpu_cli": 7.92, "cpu_srv": 5.83, "diag_lines": 31, "dnf": false, "feed_ratio_p0": 1.003331059116266, "feed_ratio_p1": 0.9855169767887972, "gates_cli": true, "gates_srv": true, "gen_guard": false, "header": ["window", "bulk"], "mbps": 101.147, "pa_cli": 0, "pa_srv": 0, "pipe_cli": ["window", "Rlc", "bulk"], "pipe_srv": ["window", "Rlc", "bulk"], "plc_p0": 0.025, "plc_p1": 0.0411, "plu_last_p0": 0.0924, "plu_last_p1": 0.0906, "plu_med_p0": 0.0354, "plu_med_p1": 0.0731, "problems": [], "rc": 0, "rep": 3, "seconds": 7.909257, "seed": "42", "src": 84604, "status": "LIVE", "summary": true, "truth_egress_p0": 78459, "truth_egress_p1": 18775, "truth_gso_p0": 4.06, "truth_gso_p1": 1.47, "truth_loss_p0": 0.024917, "truth_loss_p1": 0.041704, "truth_lost_p0": 1955, "truth_lost_p1": 783, "truth_rcvbuf_drops": 0, "util": 1.0013582818209092, "wall_s": 10.0, "winline_cli": true, "winline_srv": true}
=== rep=3 seed=42 cell=c8-100 arm=A2 attempt=1 pipeline=window hint=bulk spec=c2/c3/dual bytes=100000000 13:10:32
COTENANT c8-100-A2 s42 rep=3 before=0 after=0 load=1.57 1.76 1.84
--- RWM-C perf pipeline=window mode=dual hint=bulk A=c2 B=c3 ooo=0 extra='' T=default (100000000 x 1) start=15:10:34
{"bytes":100000000,"dnf":0,"hint":"bulk","max_s":7.7318,"mean_mbps":103.469,"mean_s":7.7318,"median_s":7.7318,"min_s":7.7318,"proto":"rp-native","runs":1,"stdev_s":0.0,"summary":true}
    CPU: CPUSRV=5.57s CPUCLI=6.88s (srv=decoder cli=sender; whole-invocation incl warmup)
    [TRUTH] leg=0 dev=cli0 egress_dgrams=74957 egress_skbs=14358 gso=5.22 netem_sent_dgrams=73072 netem_dropped_skbs=373 backlog=0 lost=1885 loss=0.025148 rcvbuf_drops=0 rcvbuf_scope=netns
    [TRUTH] leg=1 dev=cli1 egress_dgrams=19010 egress_skbs=12932 gso=1.47 netem_sent_dgrams=18197 netem_dropped_skbs=550 backlog=0 lost=813 loss=0.042767 rcvbuf_drops=0 rcvbuf_scope=netns
RUNTIME c8-100-A2 s42 rep=3 attempt=1 10s rc=0
S3ROW {"arm": "A2", "busy_last": 28.0, "busy_med": 41.5, "cad_cli": false, "cad_srv": false, "cell": "c8-100", "cod": 681, "coded_share": 0.007984991499091283, "cotenant": 0, "cpu_cli": 6.88, "cpu_srv": 5.57, "diag_lines": 30, "dnf": false, "feed_ratio_p0": 1.0020677588675044, "feed_ratio_p1": 1.0171393831692659, "gates_cli": true, "gates_srv": true, "gen_guard": false, "header": ["window", "bulk"], "mbps": 103.469, "pa_cli": 0, "pa_srv": 0, "pipe_cli": ["window", "Rlc", "bulk"], "pipe_srv": ["window", "Rlc", "bulk"], "plc_p0": 0.0252, "plc_p1": 0.0435, "plu_last_p0": 0.067, "plu_last_p1": 0.1027, "plu_med_p0": 0.035449999999999995, "plu_med_p1": 0.07705000000000001, "problems": [], "rc": 0, "rep": 3, "seconds": 7.731784, "seed": "42", "src": 84604, "status": "LIVE", "summary": true, "truth_egress_p0": 74957, "truth_egress_p1": 19010, "truth_gso_p0": 5.22, "truth_gso_p1": 1.47, "truth_loss_p0": 0.025148, "truth_loss_p1": 0.042767, "truth_lost_p0": 1885, "truth_lost_p1": 813, "truth_rcvbuf_drops": 0, "util": 0.8898334459421008, "wall_s": 10.0, "winline_cli": true, "winline_srv": true}
=== rep=3 seed=42 cell=c8-100 arm=CAD attempt=1 pipeline=window hint=bulk spec=c2/c3/dual bytes=100000000 13:10:42
COTENANT c8-100-CAD s42 rep=3 before=0 after=0 load=1.79 1.80 1.85
--- RWM-C perf pipeline=window mode=dual hint=bulk A=c2 B=c3 ooo=0 extra='' T=default (100000000 x 1) start=15:10:44
{"bytes":100000000,"dnf":0,"hint":"bulk","max_s":7.6998,"mean_mbps":103.899,"mean_s":7.6998,"median_s":7.6998,"min_s":7.6998,"proto":"rp-native","runs":1,"stdev_s":0.0,"summary":true}
    CPU: CPUSRV=5.73s CPUCLI=5.93s (srv=decoder cli=sender; whole-invocation incl warmup)
    [TRUTH] leg=0 dev=cli0 egress_dgrams=75378 egress_skbs=14368 gso=5.25 netem_sent_dgrams=73474 netem_dropped_skbs=373 backlog=0 lost=1904 loss=0.025259 rcvbuf_drops=0 rcvbuf_scope=netns
    [TRUTH] leg=1 dev=cli1 egress_dgrams=19260 egress_skbs=13122 gso=1.47 netem_sent_dgrams=18413 netem_dropped_skbs=556 backlog=0 lost=847 loss=0.043977 rcvbuf_drops=0 rcvbuf_scope=netns
RUNTIME c8-100-CAD s42 rep=3 attempt=1 10s rc=0
S3ROW {"arm": "CAD", "busy_last": 38.0, "busy_med": 36.5, "cad_cli": true, "cad_srv": true, "cell": "c8-100", "cod": 781, "coded_share": 0.009146805645019617, "cotenant": 0, "cpu_cli": 5.93, "cpu_srv": 5.73, "diag_lines": 30, "dnf": false, "feed_ratio_p0": 0.9461973949879251, "feed_ratio_p1": 1.0096186643017941, "gates_cli": true, "gates_srv": true, "gen_guard": false, "header": ["window", "bulk"], "mbps": 103.899, "pa_cli": 0, "pa_srv": 0, "pipe_cli": ["window", "Rlc", "bulk"], "pipe_srv": ["window", "Rlc", "bulk"], "plc_p0": 0.0239, "plc_p1": 0.0444, "plu_last_p0": 0.0035, "plu_last_p1": 0.0579, "plu_med_p0": 0.01225, "plu_med_p1": 0.0503, "problems": [], "rc": 0, "rep": 3, "seconds": 7.699755, "seed": "42", "src": 84604, "status": "LIVE", "summary": true, "truth_egress_p0": 75378, "truth_egress_p1": 19260, "truth_gso_p0": 5.25, "truth_gso_p1": 1.47, "truth_loss_p0": 0.025259, "truth_loss_p1": 0.043977, "truth_lost_p0": 1904, "truth_lost_p1": 847, "truth_rcvbuf_drops": 0, "util": 0.7701543750418033, "wall_s": 10.0, "winline_cli": true, "winline_srv": true}
=== rep=3 seed=42 cell=c8-100 arm=BLKb attempt=1 pipeline=block hint=bulk spec=c2/c3/dual bytes=100000000 13:10:53
COTENANT c8-100-BLKb s42 rep=3 before=0 after=0 load=1.82 1.81 1.85
--- RWM-C perf pipeline=block mode=dual hint=bulk A=c2 B=c3 ooo=0 extra='' T=default (100000000 x 1) start=15:10:54
{"bytes":100000000,"dnf":0,"hint":"bulk","max_s":7.8093,"mean_mbps":102.443,"mean_s":7.8093,"median_s":7.8093,"min_s":7.8093,"proto":"rp-native","runs":1,"stdev_s":0.0,"summary":true}
    CPU: CPUSRV=3.38s CPUCLI=4.51s (srv=decoder cli=sender; whole-invocation incl warmup)
    [TRUTH] leg=0 dev=cli0 egress_dgrams=81805 egress_skbs=15526 gso=5.27 netem_sent_dgrams=79731 netem_dropped_skbs=404 backlog=0 lost=2074 loss=0.025353 rcvbuf_drops=0 rcvbuf_scope=netns
    [TRUTH] leg=1 dev=cli1 egress_dgrams=14968 egress_skbs=4873 gso=3.07 netem_sent_dgrams=14311 netem_dropped_skbs=196 backlog=0 lost=657 loss=0.043894 rcvbuf_drops=0 rcvbuf_scope=netns
RUNTIME c8-100-BLKb s42 rep=3 attempt=1 9s rc=0
S3ROW {"arm": "BLKb", "busy_last": null, "busy_med": null, "cad_cli": false, "cad_srv": false, "cell": "c8-100", "cod": null, "coded_share": null, "cotenant": 0, "cpu_cli": 4.51, "cpu_srv": 3.38, "diag_lines": 0, "dnf": false, "feed_ratio_p0": null, "feed_ratio_p1": null, "gates_cli": true, "gates_srv": true, "gen_guard": false, "header": ["block", "bulk"], "mbps": 102.443, "pa_cli": 0, "pa_srv": 0, "pipe_cli": ["block", "RaptorQ", "bulk"], "pipe_srv": ["block", "RaptorQ", "bulk"], "problems": [], "rc": 0, "rep": 3, "seconds": 7.809259, "seed": "42", "src": null, "status": "LIVE", "summary": true, "truth_egress_p0": 81805, "truth_egress_p1": 14968, "truth_gso_p0": 5.27, "truth_gso_p1": 3.07, "truth_loss_p0": 0.025353, "truth_loss_p1": 0.043894, "truth_lost_p0": 2074, "truth_lost_p1": 657, "truth_rcvbuf_drops": 0, "util": 0.5775195828439036, "wall_s": 9.0, "winline_cli": false, "winline_srv": false}
BLOCK-COMPLETE rep=3 seed=42 block=4 2026-09-30T13:11:03Z
=== rep=3 seed=7 cell=c1s-400 arm=A1 attempt=1 pipeline=window hint=bulk spec=c1/c1/single bytes=400000000 13:11:03
COTENANT c1s-400-A1 s7 rep=3 before=0 after=0 load=2.07 1.86 1.87
--- RWM-C perf pipeline=window mode=single hint=bulk A=c1 B=c1 ooo=0 extra='' T=default (400000000 x 1) start=15:11:04
{"bytes":400000000,"dnf":0,"hint":"bulk","max_s":10.3467,"mean_mbps":309.278,"mean_s":10.3467,"median_s":10.3467,"min_s":10.3467,"proto":"rp-native","runs":1,"stdev_s":0.0,"summary":true}
    CPU: CPUSRV=11.94s CPUCLI=14.16s (srv=decoder cli=sender; whole-invocation incl warmup)
    [TRUTH] leg=0 dev=cli0 egress_dgrams=343046 egress_skbs=40210 gso=8.53 netem_sent_dgrams=342672 netem_dropped_skbs=52 backlog=0 lost=374 loss=0.001090 rcvbuf_drops=10 rcvbuf_scope=netns
RUNTIME c1s-400-A1 s7 rep=3 attempt=1 12s rc=0
S3ROW {"arm": "A1", "busy_last": 44.0, "busy_med": 52.0, "cad_cli": false, "cad_srv": false, "cell": "c1s-400", "cod": 69, "coded_share": 0.00020522032930427335, "cotenant": 0, "cpu_cli": 14.16, "cpu_srv": 11.94, "diag_lines": 41, "dnf": false, "feed_ratio_p0": 1.2844036697247705, "gates_cli": true, "gates_srv": true, "gen_guard": false, "header": ["window", "bulk"], "mbps": 309.278, "pa_cli": 0, "pa_srv": 0, "pipe_cli": ["window", "Rlc", "bulk"], "pipe_srv": ["window", "Rlc", "bulk"], "plc_p0": 0.0014, "plu_last_p0": 0.0354, "plu_med_p0": 0.0354, "problems": [], "rc": 0, "rep": 3, "seconds": 10.346668, "seed": "7", "src": 336155, "status": "LIVE", "summary": true, "truth_egress_p0": 343046, "truth_gso_p0": 8.53, "truth_loss_p0": 0.00109, "truth_lost_p0": 374, "truth_rcvbuf_drops": 10, "util": 1.3685565246705511, "wall_s": 12.0, "winline_cli": true, "winline_srv": true}
=== rep=3 seed=7 cell=c1s-400 arm=A2 attempt=1 pipeline=window hint=bulk spec=c1/c1/single bytes=400000000 13:11:15
COTENANT c1s-400-A2 s7 rep=3 before=0 after=0 load=2.29 1.92 1.89
--- RWM-C perf pipeline=window mode=single hint=bulk A=c1 B=c1 ooo=0 extra='' T=default (400000000 x 1) start=15:11:17
{"bytes":400000000,"dnf":0,"hint":"bulk","max_s":10.6355,"mean_mbps":300.88,"mean_s":10.6355,"median_s":10.6355,"min_s":10.6355,"proto":"rp-native","runs":1,"stdev_s":0.0,"summary":true}
    CPU: CPUSRV=11.96s CPUCLI=14.44s (srv=decoder cli=sender; whole-invocation incl warmup)
    [TRUTH] leg=0 dev=cli0 egress_dgrams=343319 egress_skbs=40350 gso=8.51 netem_sent_dgrams=342845 netem_dropped_skbs=52 backlog=0 lost=474 loss=0.001381 rcvbuf_drops=18 rcvbuf_scope=netns
RUNTIME c1s-400-A2 s7 rep=3 attempt=1 12s rc=0
S3ROW {"arm": "A2", "busy_last": 60.0, "busy_med": 53.0, "cad_cli": false, "cad_srv": false, "cell": "c1s-400", "cod": 82, "coded_share": 0.00024563989191844754, "cotenant": 0, "cpu_cli": 14.44, "cpu_srv": 11.96, "diag_lines": 42, "dnf": false, "feed_ratio_p0": 1.3758146270818248, "gates_cli": true, "gates_srv": true, "gen_guard": false, "header": ["window", "bulk"], "mbps": 300.88, "pa_cli": 0, "pa_srv": 0, "pipe_cli": ["window", "Rlc", "bulk"], "pipe_srv": ["window", "Rlc", "bulk"], "plc_p0": 0.0019, "plu_last_p0": 0.0354, "plu_med_p0": 0.0354, "problems": [], "rc": 0, "rep": 3, "seconds": 10.635459, "seed": "7", "src": 333740, "status": "LIVE", "summary": true, "truth_egress_p0": 343319, "truth_gso_p0": 8.51, "truth_loss_p0": 0.001381, "truth_lost_p0": 474, "truth_rcvbuf_drops": 18, "util": 1.3577223136302814, "wall_s": 12.0, "winline_cli": true, "winline_srv": true}
=== rep=3 seed=7 cell=c1s-400 arm=BLKb attempt=1 pipeline=block hint=bulk spec=c1/c1/single bytes=400000000 13:11:28
COTENANT c1s-400-BLKb s7 rep=3 before=0 after=0 load=2.36 1.95 1.90
--- RWM-C perf pipeline=block mode=single hint=bulk A=c1 B=c1 ooo=0 extra='' T=default (400000000 x 1) start=15:11:29
{"bytes":400000000,"dnf":0,"hint":"bulk","max_s":11.7814,"mean_mbps":271.614,"mean_s":11.7814,"median_s":11.7814,"min_s":11.7814,"proto":"rp-native","runs":1,"stdev_s":0.0,"summary":true}
    CPU: CPUSRV=8.13s CPUCLI=12.83s (srv=decoder cli=sender; whole-invocation incl warmup)
    [TRUTH] leg=0 dev=cli0 egress_dgrams=352302 egress_skbs=49837 gso=7.07 netem_sent_dgrams=351896 netem_dropped_skbs=58 backlog=0 lost=406 loss=0.001152 rcvbuf_drops=0 rcvbuf_scope=netns
RUNTIME c1s-400-BLKb s7 rep=3 attempt=1 13s rc=0
S3ROW {"arm": "BLKb", "busy_last": null, "busy_med": null, "cad_cli": false, "cad_srv": false, "cell": "c1s-400", "cod": null, "coded_share": null, "cotenant": 0, "cpu_cli": 12.83, "cpu_srv": 8.13, "diag_lines": 0, "dnf": false, "feed_ratio_p0": null, "gates_cli": true, "gates_srv": true, "gen_guard": false, "header": ["block", "bulk"], "mbps": 271.614, "pa_cli": 0, "pa_srv": 0, "pipe_cli": ["block", "RaptorQ", "bulk"], "pipe_srv": ["block", "RaptorQ", "bulk"], "problems": [], "rc": 0, "rep": 3, "seconds": 11.781434, "seed": "7", "src": null, "status": "LIVE", "summary": true, "truth_egress_p0": 352302, "truth_gso_p0": 7.07, "truth_loss_p0": 0.001152, "truth_lost_p0": 406, "truth_rcvbuf_drops": 0, "util": 1.0890015595724594, "wall_s": 13.0, "winline_cli": false, "winline_srv": false}
=== rep=3 seed=7 cell=c1s-400 arm=WINa attempt=1 pipeline=window hint=auto spec=c1/c1/single bytes=400000000 13:11:41
COTENANT c1s-400-WINa s7 rep=3 before=0 after=0 load=2.80 2.07 1.94
--- RWM-C perf pipeline=window mode=single hint=auto A=c1 B=c1 ooo=0 extra='' T=default (400000000 x 1) start=15:11:43
{"bytes":400000000,"dnf":0,"hint":"auto","max_s":13.2787,"mean_mbps":240.987,"mean_s":13.2787,"median_s":13.2787,"min_s":13.2787,"proto":"rp-native","runs":1,"stdev_s":0.0,"summary":true}
    CPU: CPUSRV=13.97s CPUCLI=17.65s (srv=decoder cli=sender; whole-invocation incl warmup)
    [TRUTH] leg=0 dev=cli0 egress_dgrams=373627 egress_skbs=58022 gso=6.44 netem_sent_dgrams=373222 netem_dropped_skbs=61 backlog=0 lost=405 loss=0.001084 rcvbuf_drops=12 rcvbuf_scope=netns
RUNTIME c1s-400-WINa s7 rep=3 attempt=1 15s rc=0
S3ROW {"arm": "WINa", "busy_last": 62.0, "busy_med": 58.0, "cad_cli": false, "cad_srv": false, "cell": "c1s-400", "cod": 31081, "coded_share": 0.08416056061910719, "cotenant": 0, "cpu_cli": 17.65, "cpu_srv": 13.97, "diag_lines": 53, "dnf": false, "feed_ratio_p0": 1.1992619926199262, "gates_cli": true, "gates_srv": true, "gen_guard": false, "header": ["window", "auto"], "mbps": 240.987, "pa_cli": 0, "pa_srv": 0, "pipe_cli": ["window", "Rlc", "auto"], "pipe_srv": ["window", "Rlc", "auto"], "plc_p0": 0.0013, "plu_last_p0": 0.0354, "plu_med_p0": 0.0354, "problems": [], "rc": 0, "rep": 3, "seconds": 13.278701, "seed": "7", "src": 338225, "status": "LIVE", "summary": true, "truth_egress_p0": 373627, "truth_gso_p0": 6.44, "truth_loss_p0": 0.001084, "truth_lost_p0": 405, "truth_rcvbuf_drops": 12, "util": 1.3291962820760854, "wall_s": 15.0, "winline_cli": true, "winline_srv": true}
=== rep=3 seed=7 cell=c1s-400 arm=BLKa attempt=1 pipeline=block hint=auto spec=c1/c1/single bytes=400000000 13:11:57
COTENANT c1s-400-BLKa s7 rep=3 before=0 after=0 load=2.63 2.08 1.95
--- RWM-C perf pipeline=block mode=single hint=auto A=c1 B=c1 ooo=0 extra='' T=default (400000000 x 1) start=15:11:58
{"bytes":400000000,"dnf":0,"hint":"auto","max_s":20.5247,"mean_mbps":155.91,"mean_s":20.5247,"median_s":20.5247,"min_s":20.5247,"proto":"rp-native","runs":1,"stdev_s":0.0,"summary":true}
    CPU: CPUSRV=11.83s CPUCLI=19.93s (srv=decoder cli=sender; whole-invocation incl warmup)
    [TRUTH] leg=0 dev=cli0 egress_dgrams=484097 egress_skbs=68542 gso=7.06 netem_sent_dgrams=483623 netem_dropped_skbs=72 backlog=0 lost=474 loss=0.000979 rcvbuf_drops=2 rcvbuf_scope=netns
RUNTIME c1s-400-BLKa s7 rep=3 attempt=1 22s rc=0
S3ROW {"arm": "BLKa", "busy_last": null, "busy_med": null, "cad_cli": false, "cad_srv": false, "cell": "c1s-400", "cod": null, "coded_share": null, "cotenant": 0, "cpu_cli": 19.93, "cpu_srv": 11.83, "diag_lines": 0, "dnf": false, "feed_ratio_p0": null, "gates_cli": true, "gates_srv": true, "gen_guard": false, "header": ["block", "auto"], "mbps": 155.91, "pa_cli": 0, "pa_srv": 0, "pipe_cli": ["block", "RaptorQ", "auto"], "pipe_srv": ["block", "RaptorQ", "auto"], "problems": [], "rc": 0, "rep": 3, "seconds": 20.524698, "seed": "7", "src": null, "status": "LIVE", "summary": true, "truth_egress_p0": 484097, "truth_gso_p0": 7.06, "truth_loss_p0": 0.000979, "truth_lost_p0": 474, "truth_rcvbuf_drops": 2, "util": 0.9710252496772425, "wall_s": 22.0, "winline_cli": false, "winline_srv": false}
=== rep=3 seed=7 cell=c1d-400 arm=CAD attempt=1 pipeline=window hint=bulk spec=c1/c1/dual bytes=400000000 13:12:19
COTENANT c1d-400-CAD s7 rep=3 before=0 after=0 load=2.85 2.16 1.98
--- RWM-C perf pipeline=window mode=dual hint=bulk A=c1 B=c1 ooo=0 extra='' T=default (400000000 x 1) start=15:12:21
{"bytes":400000000,"dnf":0,"hint":"bulk","max_s":11.7695,"mean_mbps":271.89,"mean_s":11.7695,"median_s":11.7695,"min_s":11.7695,"proto":"rp-native","runs":1,"stdev_s":0.0,"summary":true}
    CPU: CPUSRV=17.20s CPUCLI=19.65s (srv=decoder cli=sender; whole-invocation incl warmup)
    [TRUTH] leg=0 dev=cli0 egress_dgrams=179361 egress_skbs=58238 gso=3.08 netem_sent_dgrams=179180 netem_dropped_skbs=61 backlog=0 lost=181 loss=0.001009 rcvbuf_drops=4 rcvbuf_scope=netns
    [TRUTH] leg=1 dev=cli1 egress_dgrams=172676 egress_skbs=57515 gso=3.00 netem_sent_dgrams=172505 netem_dropped_skbs=52 backlog=0 lost=171 loss=0.000990 rcvbuf_drops=4 rcvbuf_scope=netns
RUNTIME c1d-400-CAD s7 rep=3 attempt=1 14s rc=0
S3ROW {"arm": "CAD", "busy_last": 70.0, "busy_med": 83.0, "cad_cli": true, "cad_srv": true, "cell": "c1d-400", "cod": 122, "coded_share": 0.0003609061703122134, "cotenant": 0, "cpu_cli": 19.65, "cpu_srv": 17.2, "diag_lines": 47, "dnf": false, "feed_ratio_p0": 0.9910802775024778, "feed_ratio_p1": 1.212121212121212, "gates_cli": true, "gates_srv": true, "gen_guard": false, "header": ["window", "bulk"], "mbps": 271.89, "pa_cli": 0, "pa_srv": 0, "pipe_cli": ["window", "Rlc", "bulk"], "pipe_srv": ["window", "Rlc", "bulk"], "plc_p0": 0.001, "plc_p1": 0.0012, "plu_last_p0": 0.0003, "plu_last_p1": 0.0007, "plu_med_p0": 0.001, "plu_med_p1": 0.0011, "problems": [], "rc": 0, "rep": 3, "seconds": 11.769484, "seed": "7", "src": 337916, "status": "LIVE", "summary": true, "truth_egress_p0": 179361, "truth_egress_p1": 172676, "truth_gso_p0": 3.08, "truth_gso_p1": 3.0, "truth_loss_p0": 0.001009, "truth_loss_p1": 0.00099, "truth_lost_p0": 181, "truth_lost_p1": 171, "truth_rcvbuf_drops": 4, "util": 1.6695719200603865, "wall_s": 14.0, "winline_cli": true, "winline_srv": true}
=== rep=3 seed=7 cell=c1d-400 arm=A1 attempt=1 pipeline=window hint=bulk spec=c1/c1/dual bytes=400000000 13:12:33
COTENANT c1d-400-A1 s7 rep=3 before=0 after=0 load=3.39 2.31 2.03
--- RWM-C perf pipeline=window mode=dual hint=bulk A=c1 B=c1 ooo=0 extra='' T=default (400000000 x 1) start=15:12:35
{"bytes":400000000,"dnf":0,"hint":"bulk","max_s":16.3906,"mean_mbps":195.234,"mean_s":16.3906,"median_s":16.3906,"min_s":16.3906,"proto":"rp-native","runs":1,"stdev_s":0.0,"summary":true}
    CPU: CPUSRV=20.59s CPUCLI=28.71s (srv=decoder cli=sender; whole-invocation incl warmup)
    [TRUTH] leg=0 dev=cli0 egress_dgrams=188170 egress_skbs=68958 gso=2.73 netem_sent_dgrams=187958 netem_dropped_skbs=72 backlog=0 lost=212 loss=0.001127 rcvbuf_drops=7 rcvbuf_scope=netns
    [TRUTH] leg=1 dev=cli1 egress_dgrams=171799 egress_skbs=66016 gso=2.60 netem_sent_dgrams=171671 netem_dropped_skbs=56 backlog=0 lost=128 loss=0.000745 rcvbuf_drops=7 rcvbuf_scope=netns
RUNTIME c1d-400-A1 s7 rep=3 attempt=1 19s rc=0
S3ROW {"arm": "A1", "busy_last": 91.0, "busy_med": 87.0, "cad_cli": false, "cad_srv": false, "cell": "c1d-400", "cod": 156, "coded_share": 0.0004651537243606373, "cotenant": 0, "cpu_cli": 28.71, "cpu_srv": 20.59, "diag_lines": 65, "dnf": false, "feed_ratio_p0": 1.3309671694764864, "feed_ratio_p1": 1.0738255033557047, "gates_cli": true, "gates_srv": true, "gen_guard": false, "header": ["window", "bulk"], "mbps": 195.234, "pa_cli": 0, "pa_srv": 0, "pipe_cli": ["window", "Rlc", "bulk"], "pipe_srv": ["window", "Rlc", "bulk"], "plc_p0": 0.0015, "plc_p1": 0.0008, "plu_last_p0": 0.0354, "plu_last_p1": 0.0354, "plu_med_p0": 0.0354, "plu_med_p1": 0.0354, "problems": [], "rc": 0, "rep": 3, "seconds": 16.390593, "seed": "7", "src": 335217, "status": "LIVE", "summary": true, "truth_egress_p0": 188170, "truth_egress_p1": 171799, "truth_gso_p0": 2.73, "truth_gso_p1": 2.6, "truth_loss_p0": 0.001127, "truth_loss_p1": 0.000745, "truth_lost_p0": 212, "truth_lost_p1": 128, "truth_rcvbuf_drops": 7, "util": 1.7516144778898484, "wall_s": 19.0, "winline_cli": true, "winline_srv": true}
=== rep=3 seed=7 cell=c1d-400 arm=A2 attempt=1 pipeline=window hint=bulk spec=c1/c1/dual bytes=400000000 13:12:52
COTENANT c1d-400-A2 s7 rep=3 before=0 after=0 load=3.60 2.41 2.07
--- RWM-C perf pipeline=window mode=dual hint=bulk A=c1 B=c1 ooo=0 extra='' T=default (400000000 x 1) start=15:12:54
{"bytes":400000000,"dnf":0,"hint":"bulk","max_s":15.7529,"mean_mbps":203.138,"mean_s":15.7529,"median_s":15.7529,"min_s":15.7529,"proto":"rp-native","runs":1,"stdev_s":0.0,"summary":true}
    CPU: CPUSRV=19.25s CPUCLI=26.59s (srv=decoder cli=sender; whole-invocation incl warmup)
    [TRUTH] leg=0 dev=cli0 egress_dgrams=156665 egress_skbs=57062 gso=2.75 netem_sent_dgrams=156486 netem_dropped_skbs=61 backlog=0 lost=179 loss=0.001143 rcvbuf_drops=11 rcvbuf_scope=netns
    [TRUTH] leg=1 dev=cli1 egress_dgrams=200988 egress_skbs=62593 gso=3.21 netem_sent_dgrams=200775 netem_dropped_skbs=55 backlog=0 lost=213 loss=0.001060 rcvbuf_drops=11 rcvbuf_scope=netns
RUNTIME c1d-400-A2 s7 rep=3 attempt=1 18s rc=0
S3ROW {"arm": "A2", "busy_last": 91.0, "busy_med": 87.0, "cad_cli": false, "cad_srv": false, "cell": "c1d-400", "cod": 135, "coded_share": 0.00040552109460656943, "cotenant": 0, "cpu_cli": 26.59, "cpu_srv": 19.25, "diag_lines": 62, "dnf": false, "feed_ratio_p0": 1.2248468941382329, "feed_ratio_p1": 1.320754716981132, "gates_cli": true, "gates_srv": true, "gen_guard": false, "header": ["window", "bulk"], "mbps": 203.138, "pa_cli": 0, "pa_srv": 0, "pipe_cli": ["window", "Rlc", "bulk"], "pipe_srv": ["window", "Rlc", "bulk"], "plc_p0": 0.0014, "plc_p1": 0.0014, "plu_last_p0": 0.0354, "plu_last_p1": 0.0354, "plu_med_p0": 0.0354, "plu_med_p1": 0.0354, "problems": [], "rc": 0, "rep": 3, "seconds": 15.752872, "seed": "7", "src": 332770, "status": "LIVE", "summary": true, "truth_egress_p0": 156665, "truth_egress_p1": 200988, "truth_gso_p0": 2.75, "truth_gso_p1": 3.21, "truth_loss_p0": 0.001143, "truth_loss_p1": 0.00106, "truth_lost_p0": 179, "truth_lost_p1": 213, "truth_rcvbuf_drops": 11, "util": 1.6879461726090328, "wall_s": 18.0, "winline_cli": true, "winline_srv": true}
=== rep=3 seed=7 cell=c2-100 arm=BLKa attempt=1 pipeline=block hint=auto spec=c2/c2/single bytes=100000000 13:13:10
COTENANT c2-100-BLKa s7 rep=3 before=0 after=0 load=2.89 2.34 2.05
--- RWM-C perf pipeline=block mode=single hint=auto A=c2 B=c2 ooo=0 extra='' T=default (100000000 x 1) start=15:13:11
{"bytes":100000000,"dnf":0,"hint":"auto","max_s":13.7511,"mean_mbps":58.177,"mean_s":13.7511,"median_s":13.7511,"min_s":13.7511,"proto":"rp-native","runs":1,"stdev_s":0.0,"summary":true}
    CPU: CPUSRV=4.41s CPUCLI=5.98s (srv=decoder cli=sender; whole-invocation incl warmup)
    [TRUTH] leg=0 dev=cli0 egress_dgrams=139000 egress_skbs=24950 gso=5.57 netem_sent_dgrams=135481 netem_dropped_skbs=629 backlog=0 lost=3519 loss=0.025317 rcvbuf_drops=0 rcvbuf_scope=netns
RUNTIME c2-100-BLKa s7 rep=3 attempt=1 16s rc=0
S3ROW {"arm": "BLKa", "busy_last": null, "busy_med": null, "cad_cli": false, "cad_srv": false, "cell": "c2-100", "cod": null, "coded_share": null, "cotenant": 0, "cpu_cli": 5.98, "cpu_srv": 4.41, "diag_lines": 0, "dnf": false, "feed_ratio_p0": null, "gates_cli": true, "gates_srv": true, "gen_guard": false, "header": ["block", "auto"], "mbps": 58.177, "pa_cli": 0, "pa_srv": 0, "pipe_cli": ["block", "RaptorQ", "auto"], "pipe_srv": ["block", "RaptorQ", "auto"], "problems": [], "rc": 0, "rep": 3, "seconds": 13.751144, "seed": "7", "src": null, "status": "LIVE", "summary": true, "truth_egress_p0": 139000, "truth_gso_p0": 5.57, "truth_loss_p0": 0.025317, "truth_lost_p0": 3519, "truth_rcvbuf_drops": 0, "util": 0.43487290948302193, "wall_s": 16.0, "winline_cli": false, "winline_srv": false}
=== rep=3 seed=7 cell=c2-100 arm=A1 attempt=1 pipeline=window hint=bulk spec=c2/c2/single bytes=100000000 13:13:26
COTENANT c2-100-A1 s7 rep=3 before=0 after=0 load=2.61 2.29 2.04
--- RWM-C perf pipeline=window mode=single hint=bulk A=c2 B=c2 ooo=0 extra='' T=default (100000000 x 1) start=15:13:27
{"bytes":100000000,"dnf":0,"hint":"bulk","max_s":9.2077,"mean_mbps":86.884,"mean_s":9.2077,"median_s":9.2077,"min_s":9.2077,"proto":"rp-native","runs":1,"stdev_s":0.0,"summary":true}
    CPU: CPUSRV=4.80s CPUCLI=5.16s (srv=decoder cli=sender; whole-invocation incl warmup)
    [TRUTH] leg=0 dev=cli0 egress_dgrams=90397 egress_skbs=17196 gso=5.26 netem_sent_dgrams=88056 netem_dropped_skbs=423 backlog=0 lost=2341 loss=0.025897 rcvbuf_drops=0 rcvbuf_scope=netns
RUNTIME c2-100-A1 s7 rep=3 attempt=1 11s rc=0
S3ROW {"arm": "A1", "busy_last": 17.0, "busy_med": 20.0, "cad_cli": false, "cad_srv": false, "cell": "c2-100", "cod": 444, "coded_share": 0.005274161360828661, "cotenant": 0, "cpu_cli": 5.16, "cpu_srv": 4.8, "diag_lines": 36, "dnf": false, "feed_ratio_p0": 0.9923929412673282, "gates_cli": true, "gates_srv": true, "gen_guard": false, "header": ["window", "bulk"], "mbps": 86.884, "pa_cli": 0, "pa_srv": 0, "pipe_cli": ["window", "Rlc", "bulk"], "pipe_srv": ["window", "Rlc", "bulk"], "plc_p0": 0.0257, "plu_last_p0": 0.0354, "plu_med_p0": 0.03555, "problems": [], "rc": 0, "rep": 3, "seconds": 9.207688, "seed": "7", "src": 83740, "status": "LIVE", "summary": true, "truth_egress_p0": 90397, "truth_gso_p0": 5.26, "truth_loss_p0": 0.025897, "truth_lost_p0": 2341, "truth_rcvbuf_drops": 0, "util": 0.560401264682296, "wall_s": 11.0, "winline_cli": true, "winline_srv": true}
=== rep=3 seed=7 cell=c2-100 arm=A2 attempt=1 pipeline=window hint=bulk spec=c2/c2/single bytes=100000000 13:13:37
COTENANT c2-100-A2 s7 rep=3 before=0 after=0 load=2.21 2.22 2.02
--- RWM-C perf pipeline=window mode=single hint=bulk A=c2 B=c2 ooo=0 extra='' T=default (100000000 x 1) start=15:13:39
{"bytes":100000000,"dnf":0,"hint":"bulk","max_s":8.9627,"mean_mbps":89.259,"mean_s":8.9627,"median_s":8.9627,"min_s":8.9627,"proto":"rp-native","runs":1,"stdev_s":0.0,"summary":true}
    CPU: CPUSRV=4.60s CPUCLI=4.96s (srv=decoder cli=sender; whole-invocation incl warmup)
    [TRUTH] leg=0 dev=cli0 egress_dgrams=93582 egress_skbs=20738 gso=4.51 netem_sent_dgrams=91381 netem_dropped_skbs=503 backlog=0 lost=2201 loss=0.023519 rcvbuf_drops=0 rcvbuf_scope=netns
RUNTIME c2-100-A2 s7 rep=3 attempt=1 11s rc=0
S3ROW {"arm": "A2", "busy_last": 13.0, "busy_med": 20.0, "cad_cli": false, "cad_srv": false, "cell": "c2-100", "cod": 398, "coded_share": 0.004734825953508292, "cotenant": 0, "cpu_cli": 4.96, "cpu_srv": 4.6, "diag_lines": 35, "dnf": false, "feed_ratio_p0": 1.0119477868957014, "gates_cli": true, "gates_srv": true, "gen_guard": false, "header": ["window", "bulk"], "mbps": 89.259, "pa_cli": 0, "pa_srv": 0, "pipe_cli": ["window", "Rlc", "bulk"], "pipe_srv": ["window", "Rlc", "bulk"], "plc_p0": 0.0238, "plu_last_p0": 0.0354, "plu_med_p0": 0.0354, "problems": [], "rc": 0, "rep": 3, "seconds": 8.962687, "seed": "7", "src": 83660, "status": "LIVE", "summary": true, "truth_egress_p0": 93582, "truth_gso_p0": 4.51, "truth_loss_p0": 0.023519, "truth_lost_p0": 2201, "truth_rcvbuf_drops": 0, "util": 0.5534054686948233, "wall_s": 11.0, "winline_cli": true, "winline_srv": true}
=== rep=3 seed=7 cell=c2-100 arm=CAD attempt=1 pipeline=window hint=bulk spec=c2/c2/single bytes=100000000 13:13:48
COTENANT c2-100-CAD s7 rep=3 before=0 after=0 load=1.72 2.11 1.98
--- RWM-C perf pipeline=window mode=single hint=bulk A=c2 B=c2 ooo=0 extra='' T=default (100000000 x 1) start=15:13:51
{"bytes":100000000,"dnf":0,"hint":"bulk","max_s":9.2081,"mean_mbps":86.88,"mean_s":9.2081,"median_s":9.2081,"min_s":9.2081,"proto":"rp-native","runs":1,"stdev_s":0.0,"summary":true}
    CPU: CPUSRV=4.47s CPUCLI=3.90s (srv=decoder cli=sender; whole-invocation incl warmup)
    [TRUTH] leg=0 dev=cli0 egress_dgrams=93246 egress_skbs=19745 gso=4.72 netem_sent_dgrams=90890 netem_dropped_skbs=491 backlog=0 lost=2356 loss=0.025266 rcvbuf_drops=0 rcvbuf_scope=netns
RUNTIME c2-100-CAD s7 rep=3 attempt=1 12s rc=0
S3ROW {"arm": "CAD", "busy_last": 15.0, "busy_med": 16.0, "cad_cli": true, "cad_srv": true, "cell": "c2-100", "cod": 408, "coded_share": 0.004839972478587867, "cotenant": 0, "cpu_cli": 3.9, "cpu_srv": 4.47, "diag_lines": 36, "dnf": false, "feed_ratio_p0": 1.0013456819441147, "gates_cli": true, "gates_srv": true, "gen_guard": false, "header": ["window", "bulk"], "mbps": 86.88, "pa_cli": 0, "pa_srv": 0, "pipe_cli": ["window", "Rlc", "bulk"], "pipe_srv": ["window", "Rlc", "bulk"], "plc_p0": 0.0253, "plu_last_p0": 0.002, "plu_med_p0": 0.0132, "problems": [], "rc": 0, "rep": 3, "seconds": 9.208088, "seed": "7", "src": 83890, "status": "LIVE", "summary": true, "truth_egress_p0": 93246, "truth_gso_p0": 4.72, "truth_loss_p0": 0.025266, "truth_lost_p0": 2356, "truth_rcvbuf_drops": 0, "util": 0.4235406959620716, "wall_s": 12.0, "winline_cli": true, "winline_srv": true}
=== rep=3 seed=7 cell=c2-100 arm=BLKb attempt=1 pipeline=block hint=bulk spec=c2/c2/single bytes=100000000 13:14:00
COTENANT c2-100-BLKb s7 rep=3 before=0 after=0 load=1.60 2.07 1.97
--- RWM-C perf pipeline=block mode=single hint=bulk A=c2 B=c2 ooo=0 extra='' T=default (100000000 x 1) start=15:14:03
{"bytes":100000000,"dnf":0,"hint":"bulk","max_s":8.9173,"mean_mbps":89.713,"mean_s":8.9173,"median_s":8.9173,"min_s":8.9173,"proto":"rp-native","runs":1,"stdev_s":0.0,"summary":true}
    CPU: CPUSRV=2.88s CPUCLI=3.76s (srv=decoder cli=sender; whole-invocation incl warmup)
    [TRUTH] leg=0 dev=cli0 egress_dgrams=91962 egress_skbs=16999 gso=5.41 netem_sent_dgrams=89714 netem_dropped_skbs=415 backlog=0 lost=2248 loss=0.024445 rcvbuf_drops=0 rcvbuf_scope=netns
RUNTIME c2-100-BLKb s7 rep=3 attempt=1 11s rc=0
S3ROW {"arm": "BLKb", "busy_last": null, "busy_med": null, "cad_cli": false, "cad_srv": false, "cell": "c2-100", "cod": null, "coded_share": null, "cotenant": 0, "cpu_cli": 3.76, "cpu_srv": 2.88, "diag_lines": 0, "dnf": false, "feed_ratio_p0": null, "gates_cli": true, "gates_srv": true, "gen_guard": false, "header": ["block", "bulk"], "mbps": 89.713, "pa_cli": 0, "pa_srv": 0, "pipe_cli": ["block", "RaptorQ", "bulk"], "pipe_srv": ["block", "RaptorQ", "bulk"], "problems": [], "rc": 0, "rep": 3, "seconds": 8.917295, "seed": "7", "src": null, "status": "LIVE", "summary": true, "truth_egress_p0": 91962, "truth_gso_p0": 5.41, "truth_loss_p0": 0.024445, "truth_lost_p0": 2248, "truth_rcvbuf_drops": 0, "util": 0.421652530279642, "wall_s": 11.0, "winline_cli": false, "winline_srv": false}
=== rep=3 seed=7 cell=c2-100 arm=WINa attempt=1 pipeline=window hint=auto spec=c2/c2/single bytes=100000000 13:14:12
COTENANT c2-100-WINa s7 rep=3 before=0 after=0 load=1.39 2.00 1.95
--- RWM-C perf pipeline=window mode=single hint=auto A=c2 B=c2 ooo=0 extra='' T=default (100000000 x 1) start=15:14:14
{"bytes":100000000,"dnf":0,"hint":"auto","max_s":10.9814,"mean_mbps":72.85,"mean_s":10.9814,"median_s":10.9814,"min_s":10.9814,"proto":"rp-native","runs":1,"stdev_s":0.0,"summary":true}
    CPU: CPUSRV=6.36s CPUCLI=6.46s (srv=decoder cli=sender; whole-invocation incl warmup)
    [TRUTH] leg=0 dev=cli0 egress_dgrams=111325 egress_skbs=26652 gso=4.18 netem_sent_dgrams=108278 netem_dropped_skbs=676 backlog=0 lost=3047 loss=0.027370 rcvbuf_drops=0 rcvbuf_scope=netns
RUNTIME c2-100-WINa s7 rep=3 attempt=1 12s rc=0
S3ROW {"arm": "WINa", "busy_last": 32.0, "busy_med": 25.0, "cad_cli": false, "cad_srv": false, "cell": "c2-100", "cod": 20261, "coded_share": 0.19411364572654896, "cotenant": 0, "cpu_cli": 6.46, "cpu_srv": 6.36, "diag_lines": 43, "dnf": false, "feed_ratio_p0": 1.012056996711728, "gates_cli": true, "gates_srv": true, "gen_guard": false, "header": ["window", "auto"], "mbps": 72.85, "pa_cli": 0, "pa_srv": 0, "pipe_cli": ["window", "Rlc", "auto"], "pipe_srv": ["window", "Rlc", "auto"], "plc_p0": 0.0277, "plu_last_p0": 0.0353, "plu_med_p0": 0.0355, "problems": [], "rc": 0, "rep": 3, "seconds": 10.981401, "seed": "7", "src": 84116, "status": "LIVE", "summary": true, "truth_egress_p0": 111325, "truth_gso_p0": 4.18, "truth_loss_p0": 0.02737, "truth_lost_p0": 3047, "truth_rcvbuf_drops": 0, "util": 0.5882673804553717, "wall_s": 12.0, "winline_cli": true, "winline_srv": true}
=== rep=3 seed=7 cell=c3-25 arm=BLKa attempt=1 pipeline=block hint=auto spec=c3/c3/single bytes=25000000 13:14:26
COTENANT c3-25-BLKa s7 rep=3 before=0 after=0 load=0.84 1.81 1.89
--- RWM-C perf pipeline=block mode=single hint=auto A=c3 B=c3 ooo=0 extra='' T=default (25000000 x 1) start=15:14:28
{"bytes":25000000,"dnf":0,"hint":"auto","max_s":29.5169,"mean_mbps":6.776,"mean_s":29.5169,"median_s":29.5169,"min_s":29.5169,"proto":"rp-native","runs":1,"stdev_s":0.0,"summary":true}
    CPU: CPUSRV=3.14s CPUCLI=6.09s (srv=decoder cli=sender; whole-invocation incl warmup)
    [TRUTH] leg=0 dev=cli0 egress_dgrams=68094 egress_skbs=23445 gso=2.90 netem_sent_dgrams=62215 netem_dropped_skbs=1067 backlog=2833 lost=3046 loss=0.044732 rcvbuf_drops=0 rcvbuf_scope=netns
RUNTIME c3-25-BLKa s7 rep=3 attempt=1 32s rc=0
S3ROW {"arm": "BLKa", "busy_last": null, "busy_med": null, "cad_cli": false, "cad_srv": false, "cell": "c3-25", "cod": null, "coded_share": null, "cotenant": 0, "cpu_cli": 6.09, "cpu_srv": 3.14, "diag_lines": 0, "dnf": false, "feed_ratio_p0": null, "gates_cli": true, "gates_srv": true, "gen_guard": false, "header": ["block", "auto"], "mbps": 6.776, "pa_cli": 0, "pa_srv": 0, "pipe_cli": ["block", "RaptorQ", "auto"], "pipe_srv": ["block", "RaptorQ", "auto"], "problems": [], "rc": 0, "rep": 3, "seconds": 29.516924, "seed": "7", "src": null, "status": "LIVE", "summary": true, "truth_egress_p0": 68094, "truth_gso_p0": 2.9, "truth_loss_p0": 0.044732, "truth_lost_p0": 3046, "truth_rcvbuf_drops": 0, "util": 0.2063223119048584, "wall_s": 32.0, "winline_cli": false, "winline_srv": false}
=== rep=3 seed=7 cell=c3-25 arm=A1 attempt=1 pipeline=window hint=bulk spec=c3/c3/single bytes=25000000 13:14:58
COTENANT c3-25-A1 s7 rep=3 before=0 after=0 load=0.73 1.74 1.86
--- RWM-C perf pipeline=window mode=single hint=bulk A=c3 B=c3 ooo=0 extra='' T=default (25000000 x 1) start=15:15:00
{"bytes":25000000,"dnf":0,"hint":"bulk","max_s":11.6216,"mean_mbps":17.209,"mean_s":11.6216,"median_s":11.6216,"min_s":11.6216,"proto":"rp-native","runs":1,"stdev_s":0.0,"summary":true}
    CPU: CPUSRV=1.70s CPUCLI=2.30s (srv=decoder cli=sender; whole-invocation incl warmup)
    [TRUTH] leg=0 dev=cli0 egress_dgrams=25832 egress_skbs=8099 gso=3.19 netem_sent_dgrams=24575 netem_dropped_skbs=371 backlog=0 lost=1257 loss=0.048661 rcvbuf_drops=0 rcvbuf_scope=netns
RUNTIME c3-25-A1 s7 rep=3 attempt=1 14s rc=0
S3ROW {"arm": "A1", "busy_last": 5.0, "busy_med": 7.5, "cad_cli": false, "cad_srv": false, "cell": "c3-25", "cod": 240, "coded_share": 0.011219147344801795, "cotenant": 0, "cpu_cli": 2.3, "cpu_srv": 1.7, "diag_lines": 46, "dnf": false, "feed_ratio_p0": 1.0131316660159058, "gates_cli": true, "gates_srv": true, "gen_guard": false, "header": ["window", "bulk"], "mbps": 17.209, "pa_cli": 0, "pa_srv": 0, "pipe_cli": ["window", "Rlc", "bulk"], "pipe_srv": ["window", "Rlc", "bulk"], "plc_p0": 0.0493, "plu_last_p0": 0.0798, "plu_med_p0": 0.0475, "problems": [], "rc": 0, "rep": 3, "seconds": 11.621637, "seed": "7", "src": 21152, "status": "LIVE", "summary": true, "truth_egress_p0": 25832, "truth_gso_p0": 3.19, "truth_loss_p0": 0.048661, "truth_lost_p0": 1257, "truth_rcvbuf_drops": 0, "util": 0.19790671486297498, "wall_s": 14.0, "winline_cli": true, "winline_srv": true}
=== rep=3 seed=7 cell=c3-25 arm=A2 attempt=1 pipeline=window hint=bulk spec=c3/c3/single bytes=25000000 13:15:12
COTENANT c3-25-A2 s7 rep=3 before=0 after=0 load=0.57 1.65 1.83
--- RWM-C perf pipeline=window mode=single hint=bulk A=c3 B=c3 ooo=0 extra='' T=default (25000000 x 1) start=15:15:14
{"bytes":25000000,"dnf":0,"hint":"bulk","max_s":11.517,"mean_mbps":17.366,"mean_s":11.517,"median_s":11.517,"min_s":11.517,"proto":"rp-native","runs":1,"stdev_s":0.0,"summary":true}
    CPU: CPUSRV=1.67s CPUCLI=2.30s (srv=decoder cli=sender; whole-invocation incl warmup)
    [TRUTH] leg=0 dev=cli0 egress_dgrams=25412 egress_skbs=8099 gso=3.14 netem_sent_dgrams=24332 netem_dropped_skbs=371 backlog=1 lost=1079 loss=0.042460 rcvbuf_drops=0 rcvbuf_scope=netns
RUNTIME c3-25-A2 s7 rep=3 attempt=1 14s rc=0
S3ROW {"arm": "A2", "busy_last": 5.0, "busy_med": 7.0, "cad_cli": false, "cad_srv": false, "cell": "c3-25", "cod": 212, "coded_share": 0.009923235349185546, "cotenant": 0, "cpu_cli": 2.3, "cpu_srv": 1.67, "diag_lines": 46, "dnf": false, "feed_ratio_p0": 0.9915214319359398, "gates_cli": true, "gates_srv": true, "gen_guard": false, "header": ["window", "bulk"], "mbps": 17.366, "pa_cli": 0, "pa_srv": 0, "pipe_cli": ["window", "Rlc", "bulk"], "pipe_srv": ["window", "Rlc", "bulk"], "plc_p0": 0.0421, "plu_last_p0": 0.0431, "plu_med_p0": 0.0404, "problems": [], "rc": 0, "rep": 3, "seconds": 11.517044, "seed": "7", "src": 21152, "status": "LIVE", "summary": true, "truth_egress_p0": 25412, "truth_gso_p0": 3.14, "truth_loss_p0": 0.04246, "truth_lost_p0": 1079, "truth_rcvbuf_drops": 0, "util": 0.1997040212749035, "wall_s": 14.0, "winline_cli": true, "winline_srv": true}
=== rep=3 seed=7 cell=c3-25 arm=CAD attempt=1 pipeline=window hint=bulk spec=c3/c3/single bytes=25000000 13:15:26
COTENANT c3-25-CAD s7 rep=3 before=0 after=0 load=0.48 1.59 1.81
--- RWM-C perf pipeline=window mode=single hint=bulk A=c3 B=c3 ooo=0 extra='' T=default (25000000 x 1) start=15:15:28
{"bytes":25000000,"dnf":0,"hint":"bulk","max_s":11.4422,"mean_mbps":17.479,"mean_s":11.4422,"median_s":11.4422,"min_s":11.4422,"proto":"rp-native","runs":1,"stdev_s":0.0,"summary":true}
    CPU: CPUSRV=1.64s CPUCLI=2.02s (srv=decoder cli=sender; whole-invocation incl warmup)
    [TRUTH] leg=0 dev=cli0 egress_dgrams=25457 egress_skbs=7752 gso=3.28 netem_sent_dgrams=24302 netem_dropped_skbs=356 backlog=0 lost=1155 loss=0.045371 rcvbuf_drops=0 rcvbuf_scope=netns
RUNTIME c3-25-CAD s7 rep=3 attempt=1 14s rc=0
S3ROW {"arm": "CAD", "busy_last": 5.0, "busy_med": 7.0, "cad_cli": true, "cad_srv": true, "cell": "c3-25", "cod": 224, "coded_share": 0.010479041916167664, "cotenant": 0, "cpu_cli": 2.02, "cpu_srv": 1.64, "diag_lines": 45, "dnf": false, "feed_ratio_p0": 1.016067532124044, "gates_cli": true, "gates_srv": true, "gen_guard": false, "header": ["window", "bulk"], "mbps": 17.479, "pa_cli": 0, "pa_srv": 0, "pipe_cli": ["window", "Rlc", "bulk"], "pipe_srv": ["window", "Rlc", "bulk"], "plc_p0": 0.0461, "plu_last_p0": 0.0077, "plu_med_p0": 0.0187, "problems": [], "rc": 0, "rep": 3, "seconds": 11.442242, "seed": "7", "src": 21152, "status": "LIVE", "summary": true, "truth_egress_p0": 25457, "truth_gso_p0": 3.28, "truth_loss_p0": 0.045371, "truth_lost_p0": 1155, "truth_rcvbuf_drops": 0, "util": 0.1765388286666197, "wall_s": 14.0, "winline_cli": true, "winline_srv": true}
=== rep=3 seed=7 cell=c3-25 arm=BLKb attempt=1 pipeline=block hint=bulk spec=c3/c3/single bytes=25000000 13:15:40
COTENANT c3-25-BLKb s7 rep=3 before=0 after=0 load=0.44 1.53 1.79
--- RWM-C perf pipeline=block mode=single hint=bulk A=c3 B=c3 ooo=0 extra='' T=default (25000000 x 1) start=15:15:42
{"bytes":25000000,"dnf":0,"hint":"bulk","max_s":12.723,"mean_mbps":15.72,"mean_s":12.723,"median_s":12.723,"min_s":12.723,"proto":"rp-native","runs":1,"stdev_s":0.0,"summary":true}
    CPU: CPUSRV=1.59s CPUCLI=2.10s (srv=decoder cli=sender; whole-invocation incl warmup)
    [TRUTH] leg=0 dev=cli0 egress_dgrams=30654 egress_skbs=12072 gso=2.54 netem_sent_dgrams=28438 netem_dropped_skbs=533 backlog=924 lost=1292 loss=0.042148 rcvbuf_drops=0 rcvbuf_scope=netns
RUNTIME c3-25-BLKb s7 rep=3 attempt=1 15s rc=0
S3ROW {"arm": "BLKb", "busy_last": null, "busy_med": null, "cad_cli": false, "cad_srv": false, "cell": "c3-25", "cod": null, "coded_share": null, "cotenant": 0, "cpu_cli": 2.1, "cpu_srv": 1.59, "diag_lines": 0, "dnf": false, "feed_ratio_p0": null, "gates_cli": true, "gates_srv": true, "gen_guard": false, "header": ["block", "bulk"], "mbps": 15.72, "pa_cli": 0, "pa_srv": 0, "pipe_cli": ["block", "RaptorQ", "bulk"], "pipe_srv": ["block", "RaptorQ", "bulk"], "problems": [], "rc": 0, "rep": 3, "seconds": 12.722986, "seed": "7", "src": null, "status": "LIVE", "summary": true, "truth_egress_p0": 30654, "truth_gso_p0": 2.54, "truth_loss_p0": 0.042148, "truth_lost_p0": 1292, "truth_rcvbuf_drops": 0, "util": 0.16505559308168696, "wall_s": 15.0, "winline_cli": false, "winline_srv": false}
=== rep=3 seed=7 cell=c3-25 arm=WINa attempt=1 pipeline=window hint=auto spec=c3/c3/single bytes=25000000 13:15:55
COTENANT c3-25-WINa s7 rep=3 before=0 after=0 load=0.62 1.50 1.77
--- RWM-C perf pipeline=window mode=single hint=auto A=c3 B=c3 ooo=0 extra='' T=default (25000000 x 1) start=15:15:57
{"bytes":25000000,"dnf":0,"hint":"auto","max_s":13.0351,"mean_mbps":15.343,"mean_s":13.0351,"median_s":13.0351,"min_s":13.0351,"proto":"rp-native","runs":1,"stdev_s":0.0,"summary":true}
    CPU: CPUSRV=2.01s CPUCLI=2.64s (srv=decoder cli=sender; whole-invocation incl warmup)
    [TRUTH] leg=0 dev=cli0 egress_dgrams=28502 egress_skbs=9686 gso=2.94 netem_sent_dgrams=27224 netem_dropped_skbs=442 backlog=0 lost=1278 loss=0.044839 rcvbuf_drops=0 rcvbuf_scope=netns
RUNTIME c3-25-WINa s7 rep=3 attempt=1 15s rc=0
S3ROW {"arm": "WINa", "busy_last": 6.0, "busy_med": 8.0, "cad_cli": false, "cad_srv": false, "cell": "c3-25", "cod": 1454, "coded_share": 0.06431920729009998, "cotenant": 0, "cpu_cli": 2.64, "cpu_srv": 2.01, "diag_lines": 52, "dnf": false, "feed_ratio_p0": 1.0035906242333683, "gates_cli": true, "gates_srv": true, "gen_guard": false, "header": ["window", "auto"], "mbps": 15.343, "pa_cli": 0, "pa_srv": 0, "pipe_cli": ["window", "Rlc", "auto"], "pipe_srv": ["window", "Rlc", "auto"], "plc_p0": 0.045, "plu_last_p0": 0.0382, "plu_med_p0": 0.03845, "problems": [], "rc": 0, "rep": 3, "seconds": 13.03515, "seed": "7", "src": 21152, "status": "LIVE", "summary": true, "truth_egress_p0": 28502, "truth_gso_p0": 2.94, "truth_loss_p0": 0.044839, "truth_lost_p0": 1278, "truth_rcvbuf_drops": 0, "util": 0.20252931496760682, "wall_s": 15.0, "winline_cli": true, "winline_srv": true}
=== rep=3 seed=7 cell=c7-100 arm=BLKa attempt=1 pipeline=block hint=auto spec=c2/c2/dual bytes=100000000 13:16:10
COTENANT c7-100-BLKa s7 rep=3 before=0 after=0 load=0.81 1.52 1.78
--- RWM-C perf pipeline=block mode=dual hint=auto A=c2 B=c2 ooo=0 extra='' T=default (100000000 x 1) start=15:16:12
{"bytes":100000000,"dnf":0,"hint":"auto","max_s":6.8458,"mean_mbps":116.861,"mean_s":6.8458,"median_s":6.8458,"min_s":6.8458,"proto":"rp-native","runs":1,"stdev_s":0.0,"summary":true}
    CPU: CPUSRV=5.11s CPUCLI=6.96s (srv=decoder cli=sender; whole-invocation incl warmup)
    [TRUTH] leg=0 dev=cli0 egress_dgrams=73294 egress_skbs=15498 gso=4.73 netem_sent_dgrams=71432 netem_dropped_skbs=378 backlog=0 lost=1862 loss=0.025405 rcvbuf_drops=0 rcvbuf_scope=netns
    [TRUTH] leg=1 dev=cli1 egress_dgrams=70942 egress_skbs=14644 gso=4.84 netem_sent_dgrams=69108 netem_dropped_skbs=378 backlog=0 lost=1834 loss=0.025852 rcvbuf_drops=0 rcvbuf_scope=netns
RUNTIME c7-100-BLKa s7 rep=3 attempt=1 9s rc=0
S3ROW {"arm": "BLKa", "busy_last": null, "busy_med": null, "cad_cli": false, "cad_srv": false, "cell": "c7-100", "cod": null, "coded_share": null, "cotenant": 0, "cpu_cli": 6.96, "cpu_srv": 5.11, "diag_lines": 0, "dnf": false, "feed_ratio_p0": null, "feed_ratio_p1": null, "gates_cli": true, "gates_srv": true, "gen_guard": false, "header": ["block", "auto"], "mbps": 116.861, "pa_cli": 0, "pa_srv": 0, "pipe_cli": ["block", "RaptorQ", "auto"], "pipe_srv": ["block", "RaptorQ", "auto"], "problems": [], "rc": 0, "rep": 3, "seconds": 6.845763, "seed": "7", "src": null, "status": "LIVE", "summary": true, "truth_egress_p0": 73294, "truth_egress_p1": 70942, "truth_gso_p0": 4.73, "truth_gso_p1": 4.84, "truth_loss_p0": 0.025405, "truth_loss_p1": 0.025852, "truth_lost_p0": 1862, "truth_lost_p1": 1834, "truth_rcvbuf_drops": 0, "util": 1.0166872560443592, "wall_s": 9.0, "winline_cli": false, "winline_srv": false}
=== rep=3 seed=7 cell=c7-100 arm=A1 attempt=1 pipeline=window hint=bulk spec=c2/c2/dual bytes=100000000 13:16:19
COTENANT c7-100-A1 s7 rep=3 before=0 after=0 load=1.08 1.56 1.79
--- RWM-C perf pipeline=window mode=dual hint=bulk A=c2 B=c2 ooo=0 extra='' T=default (100000000 x 1) start=15:16:21
{"bytes":100000000,"dnf":0,"hint":"bulk","max_s":4.4876,"mean_mbps":178.271,"mean_s":4.4876,"median_s":4.4876,"min_s":4.4876,"proto":"rp-native","runs":1,"stdev_s":0.0,"summary":true}
    CPU: CPUSRV=5.67s CPUCLI=6.85s (srv=decoder cli=sender; whole-invocation incl warmup)
    [TRUTH] leg=0 dev=cli0 egress_dgrams=46126 egress_skbs=15614 gso=2.95 netem_sent_dgrams=45055 netem_dropped_skbs=379 backlog=0 lost=1071 loss=0.023219 rcvbuf_drops=0 rcvbuf_scope=netns
    [TRUTH] leg=1 dev=cli1 egress_dgrams=45998 egress_skbs=15426 gso=2.98 netem_sent_dgrams=44796 netem_dropped_skbs=389 backlog=0 lost=1202 loss=0.026132 rcvbuf_drops=0 rcvbuf_scope=netns
RUNTIME c7-100-A1 s7 rep=3 attempt=1 6s rc=0
S3ROW {"arm": "A1", "busy_last": 53.0, "busy_med": 88.0, "cad_cli": false, "cad_srv": false, "cell": "c7-100", "cod": 463, "coded_share": 0.00544276864118871, "cotenant": 0, "cpu_cli": 6.85, "cpu_srv": 5.67, "diag_lines": 18, "dnf": false, "feed_ratio_p0": 1.0034885223308498, "feed_ratio_p1": 1.0102556252870045, "gates_cli": true, "gates_srv": true, "gen_guard": false, "header": ["window", "bulk"], "mbps": 178.271, "pa_cli": 0, "pa_srv": 0, "pipe_cli": ["window", "Rlc", "bulk"], "pipe_srv": ["window", "Rlc", "bulk"], "plc_p0": 0.0233, "plc_p1": 0.0264, "plu_last_p0": 0.0367, "plu_last_p1": 0.2503, "plu_med_p0": 0.0355, "plu_med_p1": 0.0446, "problems": [], "rc": 0, "rep": 3, "seconds": 4.487553, "seed": "7", "src": 84604, "status": "LIVE", "summary": true, "truth_egress_p0": 46126, "truth_egress_p1": 45998, "truth_gso_p0": 2.95, "truth_gso_p1": 2.98, "truth_loss_p0": 0.023219, "truth_loss_p1": 0.026132, "truth_lost_p0": 1071, "truth_lost_p1": 1202, "truth_rcvbuf_drops": 0, "util": 1.526444367342291, "wall_s": 6.0, "winline_cli": true, "winline_srv": true}
=== rep=3 seed=7 cell=c7-100 arm=A2 attempt=1 pipeline=window hint=bulk spec=c2/c2/dual bytes=100000000 13:16:26
COTENANT c7-100-A2 s7 rep=3 before=0 after=0 load=1.23 1.58 1.79
--- RWM-C perf pipeline=window mode=dual hint=bulk A=c2 B=c2 ooo=0 extra='' T=default (100000000 x 1) start=15:16:29
{"bytes":100000000,"dnf":0,"hint":"bulk","max_s":4.485,"mean_mbps":178.372,"mean_s":4.485,"median_s":4.485,"min_s":4.485,"proto":"rp-native","runs":1,"stdev_s":0.0,"summary":true}
    CPU: CPUSRV=5.57s CPUCLI=6.80s (srv=decoder cli=sender; whole-invocation incl warmup)
    [TRUTH] leg=0 dev=cli0 egress_dgrams=46071 egress_skbs=15858 gso=2.91 netem_sent_dgrams=44804 netem_dropped_skbs=381 backlog=0 lost=1267 loss=0.027501 rcvbuf_drops=0 rcvbuf_scope=netns
    [TRUTH] leg=1 dev=cli1 egress_dgrams=46037 egress_skbs=15485 gso=2.97 netem_sent_dgrams=44854 netem_dropped_skbs=390 backlog=0 lost=1183 loss=0.025697 rcvbuf_drops=0 rcvbuf_scope=netns
RUNTIME c7-100-A2 s7 rep=3 attempt=1 8s rc=0
S3ROW {"arm": "A2", "busy_last": 81.0, "busy_med": 84.0, "cad_cli": false, "cad_srv": false, "cell": "c7-100", "cod": 462, "coded_share": 0.005615109749872384, "cotenant": 0, "cpu_cli": 6.8, "cpu_srv": 5.57, "diag_lines": 17, "dnf": false, "feed_ratio_p0": 1.054507108832406, "feed_ratio_p1": 1.0078997548351947, "gates_cli": true, "gates_srv": true, "gen_guard": false, "header": ["window", "bulk"], "mbps": 178.372, "pa_cli": 0, "pa_srv": 0, "pipe_cli": ["window", "Rlc", "bulk"], "pipe_srv": ["window", "Rlc", "bulk"], "plc_p0": 0.029, "plc_p1": 0.0259, "plu_last_p0": 0.0391, "plu_last_p1": 0.036, "plu_med_p0": 0.0435, "plu_med_p1": 0.04, "problems": [], "rc": 0, "rep": 3, "seconds": 4.485016, "seed": "7", "src": 81816, "status": "LIVE", "summary": true, "truth_egress_p0": 46071, "truth_egress_p1": 46037, "truth_gso_p0": 2.91, "truth_gso_p1": 2.97, "truth_loss_p0": 0.027501, "truth_loss_p1": 0.025697, "truth_lost_p0": 1267, "truth_lost_p1": 1183, "truth_rcvbuf_drops": 0, "util": 1.5161595856068295, "wall_s": 8.0, "winline_cli": true, "winline_srv": true}
=== rep=3 seed=7 cell=c7-100 arm=CAD attempt=1 pipeline=window hint=bulk spec=c2/c2/dual bytes=100000000 13:16:34
COTENANT c7-100-CAD s7 rep=3 before=0 after=0 load=1.12 1.54 1.78
--- RWM-C perf pipeline=window mode=dual hint=bulk A=c2 B=c2 ooo=0 extra='' T=default (100000000 x 1) start=15:16:35
{"bytes":100000000,"dnf":0,"hint":"bulk","max_s":4.476,"mean_mbps":178.731,"mean_s":4.476,"median_s":4.476,"min_s":4.476,"proto":"rp-native","runs":1,"stdev_s":0.0,"summary":true}
    CPU: CPUSRV=5.79s CPUCLI=5.94s (srv=decoder cli=sender; whole-invocation incl warmup)
    [TRUTH] leg=0 dev=cli0 egress_dgrams=45993 egress_skbs=15688 gso=2.93 netem_sent_dgrams=44883 netem_dropped_skbs=379 backlog=0 lost=1110 loss=0.024134 rcvbuf_drops=0 rcvbuf_scope=netns
    [TRUTH] leg=1 dev=cli1 egress_dgrams=46103 egress_skbs=16361 gso=2.82 netem_sent_dgrams=44999 netem_dropped_skbs=403 backlog=0 lost=1104 loss=0.023946 rcvbuf_drops=0 rcvbuf_scope=netns
RUNTIME c7-100-CAD s7 rep=3 attempt=1 6s rc=0
S3ROW {"arm": "CAD", "busy_last": 75.0, "busy_med": 76.0, "cad_cli": true, "cad_srv": true, "cell": "c7-100", "cod": 487, "coded_share": 0.005916009669699583, "cotenant": 0, "cpu_cli": 5.94, "cpu_srv": 5.79, "diag_lines": 17, "dnf": false, "feed_ratio_p0": 1.0234523908179332, "feed_ratio_p1": 1.0356635763801887, "gates_cli": true, "gates_srv": true, "gen_guard": false, "header": ["window", "bulk"], "mbps": 178.731, "pa_cli": 0, "pa_srv": 0, "pipe_cli": ["window", "Rlc", "bulk"], "pipe_srv": ["window", "Rlc", "bulk"], "plc_p0": 0.0247, "plc_p1": 0.0248, "plu_last_p0": 0.0133, "plu_last_p1": 0.0117, "plu_med_p0": 0.0206, "plu_med_p1": 0.0235, "problems": [], "rc": 0, "rep": 3, "seconds": 4.476004, "seed": "7", "src": 81832, "status": "LIVE", "summary": true, "truth_egress_p0": 45993, "truth_egress_p1": 46103, "truth_gso_p0": 2.93, "truth_gso_p1": 2.82, "truth_loss_p0": 0.024134, "truth_loss_p1": 0.023946, "truth_lost_p0": 1110, "truth_lost_p1": 1104, "truth_rcvbuf_drops": 0, "util": 1.327076562040606, "wall_s": 6.0, "winline_cli": true, "winline_srv": true}
=== rep=3 seed=7 cell=c7-100 arm=BLKb attempt=1 pipeline=block hint=bulk spec=c2/c2/dual bytes=100000000 13:16:41
COTENANT c7-100-BLKb s7 rep=3 before=0 after=0 load=1.35 1.58 1.79
--- RWM-C perf pipeline=block mode=dual hint=bulk A=c2 B=c2 ooo=0 extra='' T=default (100000000 x 1) start=15:16:42
{"bytes":100000000,"dnf":0,"hint":"bulk","max_s":4.531,"mean_mbps":176.56,"mean_s":4.531,"median_s":4.531,"min_s":4.531,"proto":"rp-native","runs":1,"stdev_s":0.0,"summary":true}
    CPU: CPUSRV=3.29s CPUCLI=4.29s (srv=decoder cli=sender; whole-invocation incl warmup)
    [TRUTH] leg=0 dev=cli0 egress_dgrams=46814 egress_skbs=9185 gso=5.10 netem_sent_dgrams=45607 netem_dropped_skbs=250 backlog=0 lost=1207 loss=0.025783 rcvbuf_drops=0 rcvbuf_scope=netns
    [TRUTH] leg=1 dev=cli1 egress_dgrams=46091 egress_skbs=8587 gso=5.37 netem_sent_dgrams=44941 netem_dropped_skbs=221 backlog=0 lost=1150 loss=0.024951 rcvbuf_drops=0 rcvbuf_scope=netns
RUNTIME c7-100-BLKb s7 rep=3 attempt=1 6s rc=0
S3ROW {"arm": "BLKb", "busy_last": null, "busy_med": null, "cad_cli": false, "cad_srv": false, "cell": "c7-100", "cod": null, "coded_share": null, "cotenant": 0, "cpu_cli": 4.29, "cpu_srv": 3.29, "diag_lines": 0, "dnf": false, "feed_ratio_p0": null, "feed_ratio_p1": null, "gates_cli": true, "gates_srv": true, "gen_guard": false, "header": ["block", "bulk"], "mbps": 176.56, "pa_cli": 0, "pa_srv": 0, "pipe_cli": ["block", "RaptorQ", "bulk"], "pipe_srv": ["block", "RaptorQ", "bulk"], "problems": [], "rc": 0, "rep": 3, "seconds": 4.531041, "seed": "7", "src": null, "status": "LIVE", "summary": true, "truth_egress_p0": 46814, "truth_egress_p1": 46091, "truth_gso_p0": 5.1, "truth_gso_p1": 5.37, "truth_loss_p0": 0.025783, "truth_loss_p1": 0.024951, "truth_lost_p0": 1207, "truth_lost_p1": 1150, "truth_rcvbuf_drops": 0, "util": 0.9468022911291246, "wall_s": 6.0, "winline_cli": false, "winline_srv": false}
=== rep=3 seed=7 cell=c7-100 arm=WINa attempt=1 pipeline=window hint=auto spec=c2/c2/dual bytes=100000000 13:16:47
COTENANT c7-100-WINa s7 rep=3 before=0 after=0 load=1.69 1.65 1.81
--- RWM-C perf pipeline=window mode=dual hint=auto A=c2 B=c2 ooo=0 extra='' T=default (100000000 x 1) start=15:16:49
{"bytes":100000000,"dnf":0,"hint":"auto","max_s":6.2092,"mean_mbps":128.842,"mean_s":6.2092,"median_s":6.2092,"min_s":6.2092,"proto":"rp-native","runs":1,"stdev_s":0.0,"summary":true}
    CPU: CPUSRV=8.27s CPUCLI=9.75s (srv=decoder cli=sender; whole-invocation incl warmup)
    [TRUTH] leg=0 dev=cli0 egress_dgrams=57163 egress_skbs=22757 gso=2.51 netem_sent_dgrams=55764 netem_dropped_skbs=545 backlog=0 lost=1399 loss=0.024474 rcvbuf_drops=0 rcvbuf_scope=netns
    [TRUTH] leg=1 dev=cli1 egress_dgrams=57909 egress_skbs=22420 gso=2.58 netem_sent_dgrams=56511 netem_dropped_skbs=564 backlog=0 lost=1398 loss=0.024141 rcvbuf_drops=0 rcvbuf_scope=netns
RUNTIME c7-100-WINa s7 rep=3 attempt=1 9s rc=0
S3ROW {"arm": "WINa", "busy_last": 74.0, "busy_med": 91.0, "cad_cli": false, "cad_srv": false, "cell": "c7-100", "cod": 17616, "coded_share": 0.17474456899117152, "cotenant": 0, "cpu_cli": 9.75, "cpu_srv": 8.27, "diag_lines": 24, "dnf": false, "feed_ratio_p0": 0.9928904143172346, "feed_ratio_p1": 0.948593678803695, "gates_cli": true, "gates_srv": true, "gen_guard": false, "header": ["window", "auto"], "mbps": 128.842, "pa_cli": 0, "pa_srv": 0, "pipe_cli": ["window", "Rlc", "auto"], "pipe_srv": ["window", "Rlc", "auto"], "plc_p0": 0.0243, "plc_p1": 0.0229, "plu_last_p0": 0.0355, "plu_last_p1": 0.0354, "plu_med_p0": 0.045649999999999996, "plu_med_p1": 0.0356, "problems": [], "rc": 0, "rep": 3, "seconds": 6.209155, "seed": "7", "src": 83194, "status": "LIVE", "summary": true, "truth_egress_p0": 57163, "truth_egress_p1": 57909, "truth_gso_p0": 2.51, "truth_gso_p1": 2.58, "truth_loss_p0": 0.024474, "truth_loss_p1": 0.024141, "truth_lost_p0": 1399, "truth_lost_p1": 1398, "truth_rcvbuf_drops": 0, "util": 1.5702619760659864, "wall_s": 9.0, "winline_cli": true, "winline_srv": true}
=== rep=3 seed=7 cell=c8-100 arm=BLKa attempt=1 pipeline=block hint=auto spec=c2/c3/dual bytes=100000000 13:16:56
COTENANT c8-100-BLKa s7 rep=3 before=0 after=0 load=1.79 1.67 1.81
--- RWM-C perf pipeline=block mode=dual hint=auto A=c2 B=c3 ooo=0 extra='' T=default (100000000 x 1) start=15:16:57
{"bytes":100000000,"dnf":0,"hint":"auto","max_s":15.1226,"mean_mbps":52.901,"mean_s":15.1226,"median_s":15.1226,"min_s":15.1226,"proto":"rp-native","runs":1,"stdev_s":0.0,"summary":true}
    CPU: CPUSRV=6.19s CPUCLI=9.05s (srv=decoder cli=sender; whole-invocation incl warmup)
    [TRUTH] leg=0 dev=cli0 egress_dgrams=128543 egress_skbs=28010 gso=4.59 netem_sent_dgrams=125158 netem_dropped_skbs=700 backlog=0 lost=3385 loss=0.026334 rcvbuf_drops=0 rcvbuf_scope=netns
    [TRUTH] leg=1 dev=cli1 egress_dgrams=41696 egress_skbs=15793 gso=2.64 netem_sent_dgrams=36821 netem_dropped_skbs=1098 backlog=1971 lost=2904 loss=0.069647 rcvbuf_drops=0 rcvbuf_scope=netns
RUNTIME c8-100-BLKa s7 rep=3 attempt=1 17s rc=0
S3ROW {"arm": "BLKa", "busy_last": null, "busy_med": null, "cad_cli": false, "cad_srv": false, "cell": "c8-100", "cod": null, "coded_share": null, "cotenant": 0, "cpu_cli": 9.05, "cpu_srv": 6.19, "diag_lines": 0, "dnf": false, "feed_ratio_p0": null, "feed_ratio_p1": null, "gates_cli": true, "gates_srv": true, "gen_guard": false, "header": ["block", "auto"], "mbps": 52.901, "pa_cli": 0, "pa_srv": 0, "pipe_cli": ["block", "RaptorQ", "auto"], "pipe_srv": ["block", "RaptorQ", "auto"], "problems": [], "rc": 0, "rep": 3, "seconds": 15.122604, "seed": "7", "src": null, "status": "LIVE", "summary": true, "truth_egress_p0": 128543, "truth_egress_p1": 41696, "truth_gso_p0": 4.59, "truth_gso_p1": 2.64, "truth_loss_p0": 0.026334, "truth_loss_p1": 0.069647, "truth_lost_p0": 3385, "truth_lost_p1": 2904, "truth_rcvbuf_drops": 0, "util": 0.5984419085496122, "wall_s": 17.0, "winline_cli": false, "winline_srv": false}
=== rep=3 seed=7 cell=c8-100 arm=A1 attempt=1 pipeline=window hint=bulk spec=c2/c3/dual bytes=100000000 13:17:13
COTENANT c8-100-A1 s7 rep=3 before=0 after=0 load=1.91 1.70 1.82
--- RWM-C perf pipeline=window mode=dual hint=bulk A=c2 B=c3 ooo=0 extra='' T=default (100000000 x 1) start=15:17:15
{"bytes":100000000,"dnf":0,"hint":"bulk","max_s":7.7945,"mean_mbps":102.636,"mean_s":7.7945,"median_s":7.7945,"min_s":7.7945,"proto":"rp-native","runs":1,"stdev_s":0.0,"summary":true}
    CPU: CPUSRV=5.92s CPUCLI=7.29s (srv=decoder cli=sender; whole-invocation incl warmup)
    [TRUTH] leg=0 dev=cli0 egress_dgrams=74131 egress_skbs=12722 gso=5.83 netem_sent_dgrams=72099 netem_dropped_skbs=335 backlog=0 lost=2032 loss=0.027411 rcvbuf_drops=0 rcvbuf_scope=netns
    [TRUTH] leg=1 dev=cli1 egress_dgrams=19467 egress_skbs=12980 gso=1.50 netem_sent_dgrams=18423 netem_dropped_skbs=691 backlog=0 lost=1044 loss=0.053629 rcvbuf_drops=0 rcvbuf_scope=netns
RUNTIME c8-100-A1 s7 rep=3 attempt=1 10s rc=0
S3ROW {"arm": "A1", "busy_last": 22.0, "busy_med": 44.0, "cad_cli": false, "cad_srv": false, "cell": "c8-100", "cod": 692, "coded_share": 0.008112924404426937, "cotenant": 0, "cpu_cli": 7.29, "cpu_srv": 5.92, "diag_lines": 31, "dnf": false, "feed_ratio_p0": 0.9959505308087994, "feed_ratio_p1": 0.9994592477950363, "gates_cli": true, "gates_srv": true, "gen_guard": false, "header": ["window", "bulk"], "mbps": 102.636, "pa_cli": 0, "pa_srv": 0, "pipe_cli": ["window", "Rlc", "bulk"], "pipe_srv": ["window", "Rlc", "bulk"], "plc_p0": 0.0273, "plc_p1": 0.0536, "plu_last_p0": 0.0354, "plu_last_p1": 0.2367, "plu_med_p0": 0.0354, "plu_med_p1": 0.0726, "problems": [], "rc": 0, "rep": 3, "seconds": 7.7945, "seed": "7", "src": 84604, "status": "LIVE", "summary": true, "truth_egress_p0": 74131, "truth_egress_p1": 19467, "truth_gso_p0": 5.83, "truth_gso_p1": 1.5, "truth_loss_p0": 0.027411, "truth_loss_p1": 0.053629, "truth_lost_p0": 2032, "truth_lost_p1": 1044, "truth_rcvbuf_drops": 0, "util": 0.9352748733081019, "wall_s": 10.0, "winline_cli": true, "winline_srv": true}
=== rep=3 seed=7 cell=c8-100 arm=A2 attempt=1 pipeline=window hint=bulk spec=c2/c3/dual bytes=100000000 13:17:23
COTENANT c8-100-A2 s7 rep=3 before=0 after=0 load=1.70 1.66 1.81
--- RWM-C perf pipeline=window mode=dual hint=bulk A=c2 B=c3 ooo=0 extra='' T=default (100000000 x 1) start=15:17:25
{"bytes":100000000,"dnf":0,"hint":"bulk","max_s":8.0048,"mean_mbps":99.94,"mean_s":8.0048,"median_s":8.0048,"min_s":8.0048,"proto":"rp-native","runs":1,"stdev_s":0.0,"summary":true}
    CPU: CPUSRV=6.13s CPUCLI=7.86s (srv=decoder cli=sender; whole-invocation incl warmup)
    [TRUTH] leg=0 dev=cli0 egress_dgrams=75980 egress_skbs=17696 gso=4.29 netem_sent_dgrams=74173 netem_dropped_skbs=446 backlog=0 lost=1807 loss=0.023783 rcvbuf_drops=0 rcvbuf_scope=netns
    [TRUTH] leg=1 dev=cli1 egress_dgrams=18728 egress_skbs=11789 gso=1.59 netem_sent_dgrams=17704 netem_dropped_skbs=634 backlog=0 lost=1024 loss=0.054677 rcvbuf_drops=0 rcvbuf_scope=netns
RUNTIME c8-100-A2 s7 rep=3 attempt=1 10s rc=0
S3ROW {"arm": "A2", "busy_last": 50.0, "busy_med": 47.0, "cad_cli": false, "cad_srv": false, "cell": "c8-100", "cod": 608, "coded_share": 0.007135145284701685, "cotenant": 0, "cpu_cli": 7.86, "cpu_srv": 6.13, "diag_lines": 32, "dnf": false, "feed_ratio_p0": 0.9881007442290712, "feed_ratio_p1": 0.9894471167035499, "gates_cli": true, "gates_srv": true, "gen_guard": false, "header": ["window", "bulk"], "mbps": 99.94, "pa_cli": 0, "pa_srv": 0, "pipe_cli": ["window", "Rlc", "bulk"], "pipe_srv": ["window", "Rlc", "bulk"], "plc_p0": 0.0235, "plc_p1": 0.0541, "plu_last_p0": 0.0354, "plu_last_p1": 0.1525, "plu_med_p0": 0.0355, "plu_med_p1": 0.09085, "problems": [], "rc": 0, "rep": 3, "seconds": 8.004789, "seed": "7", "src": 84604, "status": "LIVE", "summary": true, "truth_egress_p0": 75980, "truth_egress_p1": 18728, "truth_gso_p0": 4.29, "truth_gso_p1": 1.59, "truth_loss_p0": 0.023783, "truth_loss_p1": 0.054677, "truth_lost_p0": 1807, "truth_lost_p1": 1024, "truth_rcvbuf_drops": 0, "util": 0.9819122028075943, "wall_s": 10.0, "winline_cli": true, "winline_srv": true}
=== rep=3 seed=7 cell=c8-100 arm=CAD attempt=1 pipeline=window hint=bulk spec=c2/c3/dual bytes=100000000 13:17:34
COTENANT c8-100-CAD s7 rep=3 before=0 after=0 load=1.44 1.60 1.79
--- RWM-C perf pipeline=window mode=dual hint=bulk A=c2 B=c3 ooo=0 extra='' T=default (100000000 x 1) start=15:17:35
{"bytes":100000000,"dnf":0,"hint":"bulk","max_s":7.6453,"mean_mbps":104.64,"mean_s":7.6453,"median_s":7.6453,"min_s":7.6453,"proto":"rp-native","runs":1,"stdev_s":0.0,"summary":true}
    CPU: CPUSRV=5.97s CPUCLI=6.21s (srv=decoder cli=sender; whole-invocation incl warmup)
    [TRUTH] leg=0 dev=cli0 egress_dgrams=78217 egress_skbs=20502 gso=3.82 netem_sent_dgrams=76464 netem_dropped_skbs=495 backlog=0 lost=1753 loss=0.022412 rcvbuf_drops=0 rcvbuf_scope=netns
    [TRUTH] leg=1 dev=cli1 egress_dgrams=19064 egress_skbs=12921 gso=1.48 netem_sent_dgrams=18106 netem_dropped_skbs=678 backlog=0 lost=958 loss=0.050252 rcvbuf_drops=0 rcvbuf_scope=netns
RUNTIME c8-100-CAD s7 rep=3 attempt=1 9s rc=0
S3ROW {"arm": "CAD", "busy_last": 35.0, "busy_med": 40.0, "cad_cli": true, "cad_srv": true, "cell": "c8-100", "cod": 702, "coded_share": 0.008229198415117342, "cotenant": 0, "cpu_cli": 6.21, "cpu_srv": 5.97, "diag_lines": 30, "dnf": false, "feed_ratio_p0": 1.0039264679635909, "feed_ratio_p1": 1.008915068056993, "gates_cli": true, "gates_srv": true, "gen_guard": false, "header": ["window", "bulk"], "mbps": 104.64, "pa_cli": 0, "pa_srv": 0, "pipe_cli": ["window", "Rlc", "bulk"], "pipe_srv": ["window", "Rlc", "bulk"], "plc_p0": 0.0225, "plc_p1": 0.0507, "plu_last_p0": 0.003, "plu_last_p1": 0.0369, "plu_med_p0": 0.0137, "plu_med_p1": 0.06359999999999999, "problems": [], "rc": 0, "rep": 3, "seconds": 7.645277, "seed": "7", "src": 84604, "status": "LIVE", "summary": true, "truth_egress_p0": 78217, "truth_egress_p1": 19064, "truth_gso_p0": 3.82, "truth_gso_p1": 1.48, "truth_loss_p0": 0.022412, "truth_loss_p1": 0.050252, "truth_lost_p0": 1753, "truth_lost_p1": 958, "truth_rcvbuf_drops": 0, "util": 0.8122661873467762, "wall_s": 9.0, "winline_cli": true, "winline_srv": true}
=== rep=3 seed=7 cell=c8-100 arm=BLKb attempt=1 pipeline=block hint=bulk spec=c2/c3/dual bytes=100000000 13:17:44
COTENANT c8-100-BLKb s7 rep=3 before=0 after=0 load=1.38 1.58 1.78
--- RWM-C perf pipeline=block mode=dual hint=bulk A=c2 B=c3 ooo=0 extra='' T=default (100000000 x 1) start=15:17:45
{"bytes":100000000,"dnf":0,"hint":"bulk","max_s":7.7797,"mean_mbps":102.832,"mean_s":7.7797,"median_s":7.7797,"min_s":7.7797,"proto":"rp-native","runs":1,"stdev_s":0.0,"summary":true}
    CPU: CPUSRV=3.29s CPUCLI=4.40s (srv=decoder cli=sender; whole-invocation incl warmup)
    [TRUTH] leg=0 dev=cli0 egress_dgrams=80571 egress_skbs=15039 gso=5.36 netem_sent_dgrams=78570 netem_dropped_skbs=376 backlog=0 lost=2001 loss=0.024835 rcvbuf_drops=0 rcvbuf_scope=netns
    [TRUTH] leg=1 dev=cli1 egress_dgrams=15136 egress_skbs=4807 gso=3.15 netem_sent_dgrams=14359 netem_dropped_skbs=266 backlog=0 lost=777 loss=0.051335 rcvbuf_drops=0 rcvbuf_scope=netns
RUNTIME c8-100-BLKb s7 rep=3 attempt=1 10s rc=0
S3ROW {"arm": "BLKb", "busy_last": null, "busy_med": null, "cad_cli": false, "cad_srv": false, "cell": "c8-100", "cod": null, "coded_share": null, "cotenant": 0, "cpu_cli": 4.4, "cpu_srv": 3.29, "diag_lines": 0, "dnf": false, "feed_ratio_p0": null, "feed_ratio_p1": null, "gates_cli": true, "gates_srv": true, "gen_guard": false, "header": ["block", "bulk"], "mbps": 102.832, "pa_cli": 0, "pa_srv": 0, "pipe_cli": ["block", "RaptorQ", "bulk"], "pipe_srv": ["block", "RaptorQ", "bulk"], "problems": [], "rc": 0, "rep": 3, "seconds": 7.779698, "seed": "7", "src": null, "status": "LIVE", "summary": true, "truth_egress_p0": 80571, "truth_egress_p1": 15136, "truth_gso_p0": 5.36, "truth_gso_p1": 3.15, "truth_loss_p0": 0.024835, "truth_loss_p1": 0.051335, "truth_lost_p0": 2001, "truth_lost_p1": 777, "truth_rcvbuf_drops": 0, "util": 0.5655746534119963, "wall_s": 10.0, "winline_cli": false, "winline_srv": false}
=== rep=3 seed=7 cell=c8-100 arm=WINa attempt=1 pipeline=window hint=auto spec=c2/c3/dual bytes=100000000 13:17:54
COTENANT c8-100-WINa s7 rep=3 before=0 after=0 load=1.07 1.50 1.75
--- RWM-C perf pipeline=window mode=dual hint=auto A=c2 B=c3 ooo=0 extra='' T=default (100000000 x 1) start=15:17:55
{"bytes":100000000,"dnf":0,"hint":"auto","max_s":9.5315,"mean_mbps":83.932,"mean_s":9.5315,"median_s":9.5315,"min_s":9.5315,"proto":"rp-native","runs":1,"stdev_s":0.0,"summary":true}
    CPU: CPUSRV=6.66s CPUCLI=9.32s (srv=decoder cli=sender; whole-invocation incl warmup)
    [TRUTH] leg=0 dev=cli0 egress_dgrams=87333 egress_skbs=22816 gso=3.83 netem_sent_dgrams=85175 netem_dropped_skbs=550 backlog=0 lost=2158 loss=0.024710 rcvbuf_drops=0 rcvbuf_scope=netns
    [TRUTH] leg=1 dev=cli1 egress_dgrams=21343 egress_skbs=16610 gso=1.28 netem_sent_dgrams=20269 netem_dropped_skbs=870 backlog=0 lost=1074 loss=0.050321 rcvbuf_drops=0 rcvbuf_scope=netns
RUNTIME c8-100-WINa s7 rep=3 attempt=1 11s rc=0
S3ROW {"arm": "WINa", "busy_last": 3.0, "busy_med": 57.0, "cad_cli": false, "cad_srv": false, "cell": "c8-100", "cod": 1230, "coded_share": 0.014329985786518163, "cotenant": 0, "cpu_cli": 9.32, "cpu_srv": 6.66, "diag_lines": 37, "dnf": false, "feed_ratio_p0": 1.007689194658033, "feed_ratio_p1": 0.9777230182230083, "gates_cli": true, "gates_srv": true, "gen_guard": false, "header": ["window", "auto"], "mbps": 83.932, "pa_cli": 0, "pa_srv": 0, "pipe_cli": ["window", "Rlc", "auto"], "pipe_srv": ["window", "Rlc", "auto"], "plc_p0": 0.0249, "plc_p1": 0.0492, "plu_last_p0": 0.0694, "plu_last_p1": 0.0983, "plu_med_p0": 0.0363, "plu_med_p1": 0.0911, "problems": [], "rc": 0, "rep": 3, "seconds": 9.531529, "seed": "7", "src": 84604, "status": "LIVE", "summary": true, "truth_egress_p0": 87333, "truth_egress_p1": 21343, "truth_gso_p0": 3.83, "truth_gso_p1": 1.28, "truth_loss_p0": 0.02471, "truth_loss_p1": 0.050321, "truth_lost_p0": 2158, "truth_lost_p1": 1074, "truth_rcvbuf_drops": 0, "util": 0.9778074430660599, "wall_s": 11.0, "winline_cli": true, "winline_srv": true}
BLOCK-COMPLETE rep=3 seed=7 block=5 2026-09-30T13:18:06Z
=== rep=4 seed=42 cell=c1s-400 arm=A2 attempt=1 pipeline=window hint=bulk spec=c1/c1/single bytes=400000000 13:18:06
COTENANT c1s-400-A2 s42 rep=4 before=0 after=0 load=1.14 1.50 1.75
--- RWM-C perf pipeline=window mode=single hint=bulk A=c1 B=c1 ooo=0 extra='' T=default (400000000 x 1) start=15:18:07
{"bytes":400000000,"dnf":0,"hint":"bulk","max_s":10.5172,"mean_mbps":304.264,"mean_s":10.5172,"median_s":10.5172,"min_s":10.5172,"proto":"rp-native","runs":1,"stdev_s":0.0,"summary":true}
    CPU: CPUSRV=11.83s CPUCLI=14.29s (srv=decoder cli=sender; whole-invocation incl warmup)
    [TRUTH] leg=0 dev=cli0 egress_dgrams=342913 egress_skbs=40447 gso=8.48 netem_sent_dgrams=342504 netem_dropped_skbs=50 backlog=0 lost=409 loss=0.001193 rcvbuf_drops=1 rcvbuf_scope=netns
RUNTIME c1s-400-A2 s42 rep=4 attempt=1 12s rc=0
S3ROW {"arm": "A2", "busy_last": 44.0, "busy_med": 53.0, "cad_cli": false, "cad_srv": false, "cell": "c1s-400", "cod": 60, "coded_share": 0.00018211619012930248, "cotenant": 0, "cpu_cli": 14.29, "cpu_srv": 11.83, "diag_lines": 41, "dnf": false, "feed_ratio_p0": 1.0896898575020955, "gates_cli": true, "gates_srv": true, "gen_guard": false, "header": ["window", "bulk"], "mbps": 304.264, "pa_cli": 0, "pa_srv": 0, "pipe_cli": ["window", "Rlc", "bulk"], "pipe_srv": ["window", "Rlc", "bulk"], "plc_p0": 0.0013, "plu_last_p0": 0.0354, "plu_med_p0": 0.0354, "problems": [], "rc": 0, "rep": 4, "seconds": 10.517178, "seed": "42", "src": 329400, "status": "LIVE", "summary": true, "truth_egress_p0": 342913, "truth_gso_p0": 8.48, "truth_loss_p0": 0.001193, "truth_lost_p0": 409, "truth_rcvbuf_drops": 1, "util": 1.3587294994912134, "wall_s": 12.0, "winline_cli": true, "winline_srv": true}
=== rep=4 seed=42 cell=c1s-400 arm=BLKb attempt=1 pipeline=block hint=bulk spec=c1/c1/single bytes=400000000 13:18:18
COTENANT c1s-400-BLKb s42 rep=4 before=0 after=0 load=1.03 1.46 1.73
--- RWM-C perf pipeline=block mode=single hint=bulk A=c1 B=c1 ooo=0 extra='' T=default (400000000 x 1) start=15:18:20
{"bytes":400000000,"dnf":0,"hint":"bulk","max_s":11.9448,"mean_mbps":267.899,"mean_s":11.9448,"median_s":11.9448,"min_s":11.9448,"proto":"rp-native","runs":1,"stdev_s":0.0,"summary":true}
    CPU: CPUSRV=8.22s CPUCLI=12.88s (srv=decoder cli=sender; whole-invocation incl warmup)
    [TRUTH] leg=0 dev=cli0 egress_dgrams=353506 egress_skbs=50148 gso=7.05 netem_sent_dgrams=353125 netem_dropped_skbs=55 backlog=0 lost=381 loss=0.001078 rcvbuf_drops=0 rcvbuf_scope=netns
RUNTIME c1s-400-BLKb s42 rep=4 attempt=1 14s rc=0
S3ROW {"arm": "BLKb", "busy_last": null, "busy_med": null, "cad_cli": false, "cad_srv": false, "cell": "c1s-400", "cod": null, "coded_share": null, "cotenant": 0, "cpu_cli": 12.88, "cpu_srv": 8.22, "diag_lines": 0, "dnf": false, "feed_ratio_p0": null, "gates_cli": true, "gates_srv": true, "gen_guard": false, "header": ["block", "bulk"], "mbps": 267.899, "pa_cli": 0, "pa_srv": 0, "pipe_cli": ["block", "RaptorQ", "bulk"], "pipe_srv": ["block", "RaptorQ", "bulk"], "problems": [], "rc": 0, "rep": 4, "seconds": 11.944803, "seed": "42", "src": null, "status": "LIVE", "summary": true, "truth_egress_p0": 353506, "truth_gso_p0": 7.05, "truth_loss_p0": 0.001078, "truth_lost_p0": 381, "truth_rcvbuf_drops": 0, "util": 1.0782932125377036, "wall_s": 14.0, "winline_cli": false, "winline_srv": false}
=== rep=4 seed=42 cell=c1s-400 arm=WINa attempt=1 pipeline=window hint=auto spec=c1/c1/single bytes=400000000 13:18:32
COTENANT c1s-400-WINa s42 rep=4 before=0 after=0 load=1.91 1.64 1.78
--- RWM-C perf pipeline=window mode=single hint=auto A=c1 B=c1 ooo=0 extra='' T=default (400000000 x 1) start=15:18:34
{"bytes":400000000,"dnf":0,"hint":"auto","max_s":12.8835,"mean_mbps":248.379,"mean_s":12.8835,"median_s":12.8835,"min_s":12.8835,"proto":"rp-native","runs":1,"stdev_s":0.0,"summary":true}
    CPU: CPUSRV=13.59s CPUCLI=17.17s (srv=decoder cli=sender; whole-invocation incl warmup)
    [TRUTH] leg=0 dev=cli0 egress_dgrams=370669 egress_skbs=55077 gso=6.73 netem_sent_dgrams=370250 netem_dropped_skbs=59 backlog=0 lost=419 loss=0.001130 rcvbuf_drops=51 rcvbuf_scope=netns
RUNTIME c1s-400-WINa s42 rep=4 attempt=1 15s rc=0
S3ROW {"arm": "WINa", "busy_last": 79.0, "busy_med": 56.0, "cad_cli": false, "cad_srv": false, "cell": "c1s-400", "cod": 25688, "coded_share": 0.07097916879657594, "cotenant": 0, "cpu_cli": 17.17, "cpu_srv": 13.59, "diag_lines": 51, "dnf": false, "feed_ratio_p0": 1.9469026548672568, "gates_cli": true, "gates_srv": true, "gen_guard": false, "header": ["window", "auto"], "mbps": 248.379, "pa_cli": 0, "pa_srv": 0, "pipe_cli": ["window", "Rlc", "auto"], "pipe_srv": ["window", "Rlc", "auto"], "plc_p0": 0.0022, "plu_last_p0": 0.0354, "plu_med_p0": 0.0354, "problems": [], "rc": 0, "rep": 4, "seconds": 12.883546, "seed": "42", "src": 336221, "status": "LIVE", "summary": true, "truth_egress_p0": 370669, "truth_gso_p0": 6.73, "truth_loss_p0": 0.00113, "truth_lost_p0": 419, "truth_rcvbuf_drops": 51, "util": 1.332707625680073, "wall_s": 15.0, "winline_cli": true, "winline_srv": true}
=== rep=4 seed=42 cell=c1s-400 arm=BLKa attempt=1 pipeline=block hint=auto spec=c1/c1/single bytes=400000000 13:18:47
COTENANT c1s-400-BLKa s42 rep=4 before=0 after=0 load=2.12 1.70 1.80
--- RWM-C perf pipeline=block mode=single hint=auto A=c1 B=c1 ooo=0 extra='' T=default (400000000 x 1) start=15:18:49
{"bytes":400000000,"dnf":0,"hint":"auto","max_s":21.0719,"mean_mbps":151.861,"mean_s":21.0719,"median_s":21.0719,"min_s":21.0719,"proto":"rp-native","runs":1,"stdev_s":0.0,"summary":true}
    CPU: CPUSRV=11.69s CPUCLI=19.97s (srv=decoder cli=sender; whole-invocation incl warmup)
    [TRUTH] leg=0 dev=cli0 egress_dgrams=481148 egress_skbs=68387 gso=7.04 netem_sent_dgrams=480652 netem_dropped_skbs=72 backlog=0 lost=496 loss=0.001031 rcvbuf_drops=0 rcvbuf_scope=netns
RUNTIME c1s-400-BLKa s42 rep=4 attempt=1 23s rc=0
S3ROW {"arm": "BLKa", "busy_last": null, "busy_med": null, "cad_cli": false, "cad_srv": false, "cell": "c1s-400", "cod": null, "coded_share": null, "cotenant": 0, "cpu_cli": 19.97, "cpu_srv": 11.69, "diag_lines": 0, "dnf": false, "feed_ratio_p0": null, "gates_cli": true, "gates_srv": true, "gen_guard": false, "header": ["block", "auto"], "mbps": 151.861, "pa_cli": 0, "pa_srv": 0, "pipe_cli": ["block", "RaptorQ", "auto"], "pipe_srv": ["block", "RaptorQ", "auto"], "problems": [], "rc": 0, "rep": 4, "seconds": 21.071922, "seed": "42", "src": null, "status": "LIVE", "summary": true, "truth_egress_p0": 481148, "truth_gso_p0": 7.04, "truth_loss_p0": 0.001031, "truth_lost_p0": 496, "truth_rcvbuf_drops": 0, "util": 0.9477066211615627, "wall_s": 23.0, "winline_cli": false, "winline_srv": false}
=== rep=4 seed=42 cell=c1s-400 arm=A1 attempt=1 pipeline=window hint=bulk spec=c1/c1/single bytes=400000000 13:19:10
COTENANT c1s-400-A1 s42 rep=4 before=0 after=0 load=2.25 1.74 1.81
--- RWM-C perf pipeline=window mode=single hint=bulk A=c1 B=c1 ooo=0 extra='' T=default (400000000 x 1) start=15:19:12
{"bytes":400000000,"dnf":0,"hint":"bulk","max_s":10.616,"mean_mbps":301.431,"mean_s":10.616,"median_s":10.616,"min_s":10.616,"proto":"rp-native","runs":1,"stdev_s":0.0,"summary":true}
    CPU: CPUSRV=12.14s CPUCLI=14.64s (srv=decoder cli=sender; whole-invocation incl warmup)
    [TRUTH] leg=0 dev=cli0 egress_dgrams=342921 egress_skbs=40366 gso=8.50 netem_sent_dgrams=342515 netem_dropped_skbs=50 backlog=0 lost=406 loss=0.001184 rcvbuf_drops=8 rcvbuf_scope=netns
RUNTIME c1s-400-A1 s42 rep=4 attempt=1 13s rc=0
S3ROW {"arm": "A1", "busy_last": 57.0, "busy_med": 53.5, "cad_cli": false, "cad_srv": false, "cell": "c1s-400", "cod": 71, "coded_share": 0.00021239234549952585, "cotenant": 0, "cpu_cli": 14.64, "cpu_srv": 12.14, "diag_lines": 42, "dnf": false, "feed_ratio_p0": 1.1824324324324325, "gates_cli": true, "gates_srv": true, "gen_guard": false, "header": ["window", "bulk"], "mbps": 301.431, "pa_cli": 0, "pa_srv": 0, "pipe_cli": ["window", "Rlc", "bulk"], "pipe_srv": ["window", "Rlc", "bulk"], "plc_p0": 0.0014, "plu_last_p0": 0.0354, "plu_med_p0": 0.0354, "problems": [], "rc": 0, "rep": 4, "seconds": 10.616023, "seed": "42", "src": 334216, "status": "LIVE", "summary": true, "truth_egress_p0": 342921, "truth_gso_p0": 8.5, "truth_loss_p0": 0.001184, "truth_lost_p0": 406, "truth_rcvbuf_drops": 8, "util": 1.379047502063626, "wall_s": 13.0, "winline_cli": true, "winline_srv": true}
=== rep=4 seed=42 cell=c1d-400 arm=A1 attempt=1 pipeline=window hint=bulk spec=c1/c1/dual bytes=400000000 13:19:23
COTENANT c1d-400-A1 s42 rep=4 before=0 after=0 load=2.64 1.86 1.85
--- RWM-C perf pipeline=window mode=dual hint=bulk A=c1 B=c1 ooo=0 extra='' T=default (400000000 x 1) start=15:19:24
{"bytes":400000000,"dnf":0,"hint":"bulk","max_s":16.6258,"mean_mbps":192.471,"mean_s":16.6258,"median_s":16.6258,"min_s":16.6258,"proto":"rp-native","runs":1,"stdev_s":0.0,"summary":true}
    CPU: CPUSRV=20.66s CPUCLI=29.05s (srv=decoder cli=sender; whole-invocation incl warmup)
    [TRUTH] leg=0 dev=cli0 egress_dgrams=179990 egress_skbs=68945 gso=2.61 netem_sent_dgrams=179783 netem_dropped_skbs=72 backlog=0 lost=207 loss=0.001150 rcvbuf_drops=0 rcvbuf_scope=netns
    [TRUTH] leg=1 dev=cli1 egress_dgrams=180402 egress_skbs=68824 gso=2.62 netem_sent_dgrams=180268 netem_dropped_skbs=60 backlog=0 lost=134 loss=0.000743 rcvbuf_drops=0 rcvbuf_scope=netns
RUNTIME c1d-400-A1 s42 rep=4 attempt=1 18s rc=0
S3ROW {"arm": "A1", "busy_last": 95.0, "busy_med": 87.0, "cad_cli": false, "cad_srv": false, "cell": "c1d-400", "cod": 135, "coded_share": 0.00040197952584281705, "cotenant": 0, "cpu_cli": 29.05, "cpu_srv": 20.66, "diag_lines": 66, "dnf": false, "feed_ratio_p0": 1.0434782608695652, "feed_ratio_p1": 0.9421265141318977, "gates_cli": true, "gates_srv": true, "gen_guard": false, "header": ["window", "bulk"], "mbps": 192.471, "pa_cli": 0, "pa_srv": 0, "pipe_cli": ["window", "Rlc", "bulk"], "pipe_srv": ["window", "Rlc", "bulk"], "plc_p0": 0.0012, "plc_p1": 0.0007, "plu_last_p0": 0.0354, "plu_last_p1": 0.0354, "plu_med_p0": 0.0354, "plu_med_p1": 0.0354, "problems": [], "rc": 0, "rep": 4, "seconds": 16.625843, "seed": "42", "src": 335703, "status": "LIVE", "summary": true, "truth_egress_p0": 179990, "truth_egress_p1": 180402, "truth_gso_p0": 2.61, "truth_gso_p1": 2.62, "truth_loss_p0": 0.00115, "truth_loss_p1": 0.000743, "truth_lost_p0": 207, "truth_lost_p1": 134, "truth_rcvbuf_drops": 0, "util": 1.747279822141951, "wall_s": 18.0, "winline_cli": true, "winline_srv": true}
=== rep=4 seed=42 cell=c1d-400 arm=A2 attempt=1 pipeline=window hint=bulk spec=c1/c1/dual bytes=400000000 13:19:42
COTENANT c1d-400-A2 s42 rep=4 before=0 after=0 load=3.68 2.13 1.94
--- RWM-C perf pipeline=window mode=dual hint=bulk A=c1 B=c1 ooo=0 extra='' T=default (400000000 x 1) start=15:19:43
{"bytes":400000000,"dnf":0,"hint":"bulk","max_s":16.2402,"mean_mbps":197.042,"mean_s":16.2402,"median_s":16.2402,"min_s":16.2402,"proto":"rp-native","runs":1,"stdev_s":0.0,"summary":true}
    CPU: CPUSRV=20.27s CPUCLI=28.22s (srv=decoder cli=sender; whole-invocation incl warmup)
    [TRUTH] leg=0 dev=cli0 egress_dgrams=175892 egress_skbs=67614 gso=2.60 netem_sent_dgrams=175679 netem_dropped_skbs=72 backlog=0 lost=213 loss=0.001211 rcvbuf_drops=0 rcvbuf_scope=netns
    [TRUTH] leg=1 dev=cli1 egress_dgrams=184444 egress_skbs=68265 gso=2.70 netem_sent_dgrams=184282 netem_dropped_skbs=59 backlog=0 lost=162 loss=0.000878 rcvbuf_drops=0 rcvbuf_scope=netns
RUNTIME c1d-400-A2 s42 rep=4 attempt=1 18s rc=0
S3ROW {"arm": "A2", "busy_last": 90.0, "busy_med": 87.0, "cad_cli": false, "cad_srv": false, "cell": "c1d-400", "cod": 145, "coded_share": 0.00043376290818585397, "cotenant": 0, "cpu_cli": 28.22, "cpu_srv": 20.27, "diag_lines": 64, "dnf": false, "feed_ratio_p0": 1.0734929810074318, "feed_ratio_p1": 1.0250569476082005, "gates_cli": true, "gates_srv": true, "gen_guard": false, "header": ["window", "bulk"], "mbps": 197.042, "pa_cli": 0, "pa_srv": 0, "pipe_cli": ["window", "Rlc", "bulk"], "pipe_srv": ["window", "Rlc", "bulk"], "plc_p0": 0.0013, "plc_p1": 0.0009, "plu_last_p0": 0.0354, "plu_last_p1": 0.0354, "plu_med_p0": 0.0354, "plu_med_p1": 0.0354, "problems": [], "rc": 0, "rep": 4, "seconds": 16.24018, "seed": "42", "src": 334139, "status": "LIVE", "summary": true, "truth_egress_p0": 175892, "truth_egress_p1": 184444, "truth_gso_p0": 2.6, "truth_gso_p1": 2.7, "truth_loss_p0": 0.001211, "truth_loss_p1": 0.000878, "truth_lost_p0": 213, "truth_lost_p1": 162, "truth_rcvbuf_drops": 0, "util": 1.7376654692250948, "wall_s": 18.0, "winline_cli": true, "winline_srv": true}
=== rep=4 seed=42 cell=c1d-400 arm=CAD attempt=1 pipeline=window hint=bulk spec=c1/c1/dual bytes=400000000 13:20:00
COTENANT c1d-400-CAD s42 rep=4 before=0 after=0 load=3.53 2.17 1.95
--- RWM-C perf pipeline=window mode=dual hint=bulk A=c1 B=c1 ooo=0 extra='' T=default (400000000 x 1) start=15:20:02
{"bytes":400000000,"dnf":0,"hint":"bulk","max_s":10.6335,"mean_mbps":300.935,"mean_s":10.6335,"median_s":10.6335,"min_s":10.6335,"proto":"rp-native","runs":1,"stdev_s":0.0,"summary":true}
    CPU: CPUSRV=14.28s CPUCLI=16.14s (srv=decoder cli=sender; whole-invocation incl warmup)
    [TRUTH] leg=0 dev=cli0 egress_dgrams=269622 egress_skbs=50941 gso=5.29 netem_sent_dgrams=269365 netem_dropped_skbs=55 backlog=0 lost=257 loss=0.000953 rcvbuf_drops=32 rcvbuf_scope=netns
    [TRUTH] leg=1 dev=cli1 egress_dgrams=78485 egress_skbs=25212 gso=3.11 netem_sent_dgrams=78423 netem_dropped_skbs=16 backlog=0 lost=62 loss=0.000790 rcvbuf_drops=32 rcvbuf_scope=netns
RUNTIME c1d-400-CAD s42 rep=4 attempt=1 13s rc=0
S3ROW {"arm": "CAD", "busy_last": 60.0, "busy_med": 81.0, "cad_cli": true, "cad_srv": true, "cell": "c1d-400", "cod": 421, "coded_share": 0.0012425036596307314, "cotenant": 0, "cpu_cli": 16.14, "cpu_srv": 14.28, "diag_lines": 42, "dnf": false, "feed_ratio_p0": 2.0986358866736623, "feed_ratio_p1": 1.1392405063291138, "gates_cli": true, "gates_srv": true, "gen_guard": false, "header": ["window", "bulk"], "mbps": 300.935, "pa_cli": 0, "pa_srv": 0, "pipe_cli": ["window", "Rlc", "bulk"], "pipe_srv": ["window", "Rlc", "bulk"], "plc_p0": 0.002, "plc_p1": 0.0009, "plu_last_p0": 0.0002, "plu_last_p1": 0.0012, "plu_med_p0": 0.0007, "plu_med_p1": 0.00135, "problems": [], "rc": 0, "rep": 4, "seconds": 10.633513, "seed": "42", "src": 338411, "status": "LIVE", "summary": true, "truth_egress_p0": 269622, "truth_egress_p1": 78485, "truth_gso_p0": 5.29, "truth_gso_p1": 3.11, "truth_loss_p0": 0.000953, "truth_loss_p1": 0.00079, "truth_lost_p0": 257, "truth_lost_p1": 62, "truth_rcvbuf_drops": 32, "util": 1.5178426922504349, "wall_s": 13.0, "winline_cli": true, "winline_srv": true}
=== rep=4 seed=42 cell=c2-100 arm=A1 attempt=1 pipeline=window hint=bulk spec=c2/c2/single bytes=100000000 13:20:13
COTENANT c2-100-A1 s42 rep=4 before=0 after=0 load=3.14 2.13 1.94
--- RWM-C perf pipeline=window mode=single hint=bulk A=c2 B=c2 ooo=0 extra='' T=default (100000000 x 1) start=15:20:14
{"bytes":100000000,"dnf":0,"hint":"bulk","max_s":9.0264,"mean_mbps":88.629,"mean_s":9.0264,"median_s":9.0264,"min_s":9.0264,"proto":"rp-native","runs":1,"stdev_s":0.0,"summary":true}
    CPU: CPUSRV=4.52s CPUCLI=4.74s (srv=decoder cli=sender; whole-invocation incl warmup)
    [TRUTH] leg=0 dev=cli0 egress_dgrams=88492 egress_skbs=14142 gso=6.26 netem_sent_dgrams=86282 netem_dropped_skbs=359 backlog=0 lost=2210 loss=0.024974 rcvbuf_drops=0 rcvbuf_scope=netns
RUNTIME c2-100-A1 s42 rep=4 attempt=1 11s rc=0
S3ROW {"arm": "A1", "busy_last": 18.0, "busy_med": 18.0, "cad_cli": false, "cad_srv": false, "cell": "c2-100", "cod": 402, "coded_share": 0.004732028298000071, "cotenant": 0, "cpu_cli": 4.74, "cpu_srv": 4.52, "diag_lines": 36, "dnf": false, "feed_ratio_p0": 0.9970369183951309, "gates_cli": true, "gates_srv": true, "gen_guard": false, "header": ["window", "bulk"], "mbps": 88.629, "pa_cli": 0, "pa_srv": 0, "pipe_cli": ["window", "Rlc", "bulk"], "pipe_srv": ["window", "Rlc", "bulk"], "plc_p0": 0.0249, "plu_last_p0": 0.0491, "plu_med_p0": 0.0355, "problems": [], "rc": 0, "rep": 4, "seconds": 9.026441, "seed": "42", "src": 84551, "status": "LIVE", "summary": true, "truth_egress_p0": 88492, "truth_gso_p0": 6.26, "truth_loss_p0": 0.024974, "truth_lost_p0": 2210, "truth_rcvbuf_drops": 0, "util": 0.5251239109633575, "wall_s": 11.0, "winline_cli": true, "winline_srv": true}
=== rep=4 seed=42 cell=c2-100 arm=A2 attempt=1 pipeline=window hint=bulk spec=c2/c2/single bytes=100000000 13:20:24
COTENANT c2-100-A2 s42 rep=4 before=0 after=0 load=2.60 2.06 1.92
--- RWM-C perf pipeline=window mode=single hint=bulk A=c2 B=c2 ooo=0 extra='' T=default (100000000 x 1) start=15:20:26
{"bytes":100000000,"dnf":0,"hint":"bulk","max_s":9.0612,"mean_mbps":88.288,"mean_s":9.0612,"median_s":9.0612,"min_s":9.0612,"proto":"rp-native","runs":1,"stdev_s":0.0,"summary":true}
    CPU: CPUSRV=4.65s CPUCLI=4.82s (srv=decoder cli=sender; whole-invocation incl warmup)
    [TRUTH] leg=0 dev=cli0 egress_dgrams=92582 egress_skbs=18767 gso=4.93 netem_sent_dgrams=90060 netem_dropped_skbs=491 backlog=0 lost=2522 loss=0.027241 rcvbuf_drops=0 rcvbuf_scope=netns
RUNTIME c2-100-A2 s42 rep=4 attempt=1 11s rc=0
S3ROW {"arm": "A2", "busy_last": 20.0, "busy_med": 17.0, "cad_cli": false, "cad_srv": false, "cell": "c2-100", "cod": 453, "coded_share": 0.00535410363086233, "cotenant": 0, "cpu_cli": 4.82, "cpu_srv": 4.65, "diag_lines": 36, "dnf": false, "feed_ratio_p0": 1.005836790132521, "gates_cli": true, "gates_srv": true, "gen_guard": false, "header": ["window", "bulk"], "mbps": 88.288, "pa_cli": 0, "pa_srv": 0, "pipe_cli": ["window", "Rlc", "bulk"], "pipe_srv": ["window", "Rlc", "bulk"], "plc_p0": 0.0274, "plu_last_p0": 0.04, "plu_med_p0": 0.0355, "problems": [], "rc": 0, "rep": 4, "seconds": 9.061247, "seed": "42", "src": 84155, "status": "LIVE", "summary": true, "truth_egress_p0": 92582, "truth_gso_p0": 4.93, "truth_loss_p0": 0.027241, "truth_lost_p0": 2522, "truth_rcvbuf_drops": 0, "util": 0.5319356154842706, "wall_s": 11.0, "winline_cli": true, "winline_srv": true}
=== rep=4 seed=42 cell=c2-100 arm=CAD attempt=1 pipeline=window hint=bulk spec=c2/c2/single bytes=100000000 13:20:35
COTENANT c2-100-CAD s42 rep=4 before=0 after=0 load=2.28 2.01 1.91
--- RWM-C perf pipeline=window mode=single hint=bulk A=c2 B=c2 ooo=0 extra='' T=default (100000000 x 1) start=15:20:37
{"bytes":100000000,"dnf":0,"hint":"bulk","max_s":8.9721,"mean_mbps":89.165,"mean_s":8.9721,"median_s":8.9721,"min_s":8.9721,"proto":"rp-native","runs":1,"stdev_s":0.0,"summary":true}
    CPU: CPUSRV=4.60s CPUCLI=4.03s (srv=decoder cli=sender; whole-invocation incl warmup)
    [TRUTH] leg=0 dev=cli0 egress_dgrams=94952 egress_skbs=22190 gso=4.28 netem_sent_dgrams=92592 netem_dropped_skbs=563 backlog=0 lost=2360 loss=0.024855 rcvbuf_drops=0 rcvbuf_scope=netns
RUNTIME c2-100-CAD s42 rep=4 attempt=1 11s rc=0
S3ROW {"arm": "CAD", "busy_last": 11.0, "busy_med": 18.0, "cad_cli": true, "cad_srv": true, "cell": "c2-100", "cod": 439, "coded_share": 0.0052234543810385035, "cotenant": 0, "cpu_cli": 4.03, "cpu_srv": 4.6, "diag_lines": 35, "dnf": false, "feed_ratio_p0": 1.0138805069402534, "gates_cli": true, "gates_srv": true, "gen_guard": false, "header": ["window", "bulk"], "mbps": 89.165, "pa_cli": 0, "pa_srv": 0, "pipe_cli": ["window", "Rlc", "bulk"], "pipe_srv": ["window", "Rlc", "bulk"], "plc_p0": 0.0252, "plu_last_p0": 0.0728, "plu_med_p0": 0.0269, "problems": [], "rc": 0, "rep": 4, "seconds": 8.972147, "seed": "42", "src": 83605, "status": "LIVE", "summary": true, "truth_egress_p0": 94952, "truth_gso_p0": 4.28, "truth_loss_p0": 0.024855, "truth_lost_p0": 2360, "truth_rcvbuf_drops": 0, "util": 0.44916785246608204, "wall_s": 11.0, "winline_cli": true, "winline_srv": true}
=== rep=4 seed=42 cell=c2-100 arm=BLKb attempt=1 pipeline=block hint=bulk spec=c2/c2/single bytes=100000000 13:20:46
COTENANT c2-100-BLKb s42 rep=4 before=0 after=0 load=2.00 1.96 1.89
--- RWM-C perf pipeline=block mode=single hint=bulk A=c2 B=c2 ooo=0 extra='' T=default (100000000 x 1) start=15:20:48
{"bytes":100000000,"dnf":0,"hint":"bulk","max_s":8.9839,"mean_mbps":89.048,"mean_s":8.9839,"median_s":8.9839,"min_s":8.9839,"proto":"rp-native","runs":1,"stdev_s":0.0,"summary":true}
    CPU: CPUSRV=2.81s CPUCLI=3.79s (srv=decoder cli=sender; whole-invocation incl warmup)
    [TRUTH] leg=0 dev=cli0 egress_dgrams=93436 egress_skbs=17717 gso=5.27 netem_sent_dgrams=90928 netem_dropped_skbs=468 backlog=0 lost=2508 loss=0.026842 rcvbuf_drops=0 rcvbuf_scope=netns
RUNTIME c2-100-BLKb s42 rep=4 attempt=1 11s rc=0
S3ROW {"arm": "BLKb", "busy_last": null, "busy_med": null, "cad_cli": false, "cad_srv": false, "cell": "c2-100", "cod": null, "coded_share": null, "cotenant": 0, "cpu_cli": 3.79, "cpu_srv": 2.81, "diag_lines": 0, "dnf": false, "feed_ratio_p0": null, "gates_cli": true, "gates_srv": true, "gen_guard": false, "header": ["block", "bulk"], "mbps": 89.048, "pa_cli": 0, "pa_srv": 0, "pipe_cli": ["block", "RaptorQ", "bulk"], "pipe_srv": ["block", "RaptorQ", "bulk"], "problems": [], "rc": 0, "rep": 4, "seconds": 8.983924, "seed": "42", "src": null, "status": "LIVE", "summary": true, "truth_egress_p0": 93436, "truth_gso_p0": 5.27, "truth_loss_p0": 0.026842, "truth_lost_p0": 2508, "truth_rcvbuf_drops": 0, "util": 0.4218646551328796, "wall_s": 11.0, "winline_cli": false, "winline_srv": false}
=== rep=4 seed=42 cell=c2-100 arm=WINa attempt=1 pipeline=window hint=auto spec=c2/c2/single bytes=100000000 13:20:58
COTENANT c2-100-WINa s42 rep=4 before=0 after=0 load=1.79 1.91 1.88
--- RWM-C perf pipeline=window mode=single hint=auto A=c2 B=c2 ooo=0 extra='' T=default (100000000 x 1) start=15:20:59
{"bytes":100000000,"dnf":0,"hint":"auto","max_s":10.8001,"mean_mbps":74.073,"mean_s":10.8001,"median_s":10.8001,"min_s":10.8001,"proto":"rp-native","runs":1,"stdev_s":0.0,"summary":true}
    CPU: CPUSRV=6.42s CPUCLI=6.39s (srv=decoder cli=sender; whole-invocation incl warmup)
    [TRUTH] leg=0 dev=cli0 egress_dgrams=105464 egress_skbs=22011 gso=4.79 netem_sent_dgrams=102771 netem_dropped_skbs=556 backlog=0 lost=2693 loss=0.025535 rcvbuf_drops=0 rcvbuf_scope=netns
RUNTIME c2-100-WINa s42 rep=4 attempt=1 12s rc=0
S3ROW {"arm": "WINa", "busy_last": 22.0, "busy_med": 26.0, "cad_cli": false, "cad_srv": false, "cell": "c2-100", "cod": 17478, "coded_share": 0.1732038450104053, "cotenant": 0, "cpu_cli": 6.39, "cpu_srv": 6.42, "diag_lines": 42, "dnf": false, "feed_ratio_p0": 1.0025455257489722, "gates_cli": true, "gates_srv": true, "gen_guard": false, "header": ["window", "auto"], "mbps": 74.073, "pa_cli": 0, "pa_srv": 0, "pipe_cli": ["window", "Rlc", "auto"], "pipe_srv": ["window", "Rlc", "auto"], "plc_p0": 0.0256, "plu_last_p0": 0.0354, "plu_med_p0": 0.0354, "problems": [], "rc": 0, "rep": 4, "seconds": 10.800118, "seed": "42", "src": 83432, "status": "LIVE", "summary": true, "truth_egress_p0": 105464, "truth_gso_p0": 4.79, "truth_loss_p0": 0.025535, "truth_lost_p0": 2693, "truth_rcvbuf_drops": 0, "util": 0.5916602022311238, "wall_s": 12.0, "winline_cli": true, "winline_srv": true}
=== rep=4 seed=42 cell=c2-100 arm=BLKa attempt=1 pipeline=block hint=auto spec=c2/c2/single bytes=100000000 13:21:10
COTENANT c2-100-BLKa s42 rep=4 before=0 after=0 load=1.71 1.88 1.87
--- RWM-C perf pipeline=block mode=single hint=auto A=c2 B=c2 ooo=0 extra='' T=default (100000000 x 1) start=15:21:12
{"bytes":100000000,"dnf":0,"hint":"auto","max_s":13.4913,"mean_mbps":59.297,"mean_s":13.4913,"median_s":13.4913,"min_s":13.4913,"proto":"rp-native","runs":1,"stdev_s":0.0,"summary":true}
    CPU: CPUSRV=4.36s CPUCLI=6.15s (srv=decoder cli=sender; whole-invocation incl warmup)
    [TRUTH] leg=0 dev=cli0 egress_dgrams=139725 egress_skbs=24754 gso=5.64 netem_sent_dgrams=136315 netem_dropped_skbs=612 backlog=0 lost=3410 loss=0.024405 rcvbuf_drops=0 rcvbuf_scope=netns
RUNTIME c2-100-BLKa s42 rep=4 attempt=1 16s rc=0
S3ROW {"arm": "BLKa", "busy_last": null, "busy_med": null, "cad_cli": false, "cad_srv": false, "cell": "c2-100", "cod": null, "coded_share": null, "cotenant": 0, "cpu_cli": 6.15, "cpu_srv": 4.36, "diag_lines": 0, "dnf": false, "feed_ratio_p0": null, "gates_cli": true, "gates_srv": true, "gen_guard": false, "header": ["block", "auto"], "mbps": 59.297, "pa_cli": 0, "pa_srv": 0, "pipe_cli": ["block", "RaptorQ", "auto"], "pipe_srv": ["block", "RaptorQ", "auto"], "problems": [], "rc": 0, "rep": 4, "seconds": 13.491323, "seed": "42", "src": null, "status": "LIVE", "summary": true, "truth_egress_p0": 139725, "truth_gso_p0": 5.64, "truth_loss_p0": 0.024405, "truth_lost_p0": 3410, "truth_rcvbuf_drops": 0, "util": 0.45584854798895563, "wall_s": 16.0, "winline_cli": false, "winline_srv": false}
=== rep=4 seed=42 cell=c3-25 arm=A1 attempt=1 pipeline=window hint=bulk spec=c3/c3/single bytes=25000000 13:21:26
COTENANT c3-25-A1 s42 rep=4 before=0 after=0 load=1.41 1.81 1.84
--- RWM-C perf pipeline=window mode=single hint=bulk A=c3 B=c3 ooo=0 extra='' T=default (25000000 x 1) start=15:21:28
{"bytes":25000000,"dnf":0,"hint":"bulk","max_s":11.717,"mean_mbps":17.069,"mean_s":11.717,"median_s":11.717,"min_s":11.717,"proto":"rp-native","runs":1,"stdev_s":0.0,"summary":true}
    CPU: CPUSRV=1.83s CPUCLI=2.51s (srv=decoder cli=sender; whole-invocation incl warmup)
    [TRUTH] leg=0 dev=cli0 egress_dgrams=26075 egress_skbs=8117 gso=3.21 netem_sent_dgrams=24768 netem_dropped_skbs=414 backlog=0 lost=1307 loss=0.050125 rcvbuf_drops=0 rcvbuf_scope=netns
RUNTIME c3-25-A1 s42 rep=4 attempt=1 14s rc=0
S3ROW {"arm": "A1", "busy_last": 6.0, "busy_med": 8.0, "cad_cli": false, "cad_srv": false, "cell": "c3-25", "cod": 244, "coded_share": 0.011404000747803327, "cotenant": 0, "cpu_cli": 2.51, "cpu_srv": 1.83, "diag_lines": 47, "dnf": false, "feed_ratio_p0": 0.9775561097256857, "gates_cli": true, "gates_srv": true, "gen_guard": false, "header": ["window", "bulk"], "mbps": 17.069, "pa_cli": 0, "pa_srv": 0, "pipe_cli": ["window", "Rlc", "bulk"], "pipe_srv": ["window", "Rlc", "bulk"], "plc_p0": 0.049, "plu_last_p0": 0.0354, "plu_med_p0": 0.0507, "problems": [], "rc": 0, "rep": 4, "seconds": 11.717027, "seed": "42", "src": 21152, "status": "LIVE", "summary": true, "truth_egress_p0": 26075, "truth_gso_p0": 3.21, "truth_loss_p0": 0.050125, "truth_lost_p0": 1307, "truth_rcvbuf_drops": 0, "util": 0.21421816302036342, "wall_s": 14.0, "winline_cli": true, "winline_srv": true}
=== rep=4 seed=42 cell=c3-25 arm=A2 attempt=1 pipeline=window hint=bulk spec=c3/c3/single bytes=25000000 13:21:40
COTENANT c3-25-A2 s42 rep=4 before=0 after=0 load=1.34 1.78 1.83
--- RWM-C perf pipeline=window mode=single hint=bulk A=c3 B=c3 ooo=0 extra='' T=default (25000000 x 1) start=15:21:42
{"bytes":25000000,"dnf":0,"hint":"bulk","max_s":11.4974,"mean_mbps":17.395,"mean_s":11.4974,"median_s":11.4974,"min_s":11.4974,"proto":"rp-native","runs":1,"stdev_s":0.0,"summary":true}
    CPU: CPUSRV=1.79s CPUCLI=2.48s (srv=decoder cli=sender; whole-invocation incl warmup)
    [TRUTH] leg=0 dev=cli0 egress_dgrams=26306 egress_skbs=8358 gso=3.15 netem_sent_dgrams=24900 netem_dropped_skbs=422 backlog=1 lost=1405 loss=0.053410 rcvbuf_drops=0 rcvbuf_scope=netns
RUNTIME c3-25-A2 s42 rep=4 attempt=1 14s rc=0
S3ROW {"arm": "A2", "busy_last": 5.0, "busy_med": 8.0, "cad_cli": false, "cad_srv": false, "cell": "c3-25", "cod": 274, "coded_share": 0.012788201250816764, "cotenant": 0, "cpu_cli": 2.48, "cpu_srv": 1.79, "diag_lines": 46, "dnf": false, "feed_ratio_p0": 1.0091743119266057, "gates_cli": true, "gates_srv": true, "gen_guard": false, "header": ["window", "bulk"], "mbps": 17.395, "pa_cli": 0, "pa_srv": 0, "pipe_cli": ["window", "Rlc", "bulk"], "pipe_srv": ["window", "Rlc", "bulk"], "plc_p0": 0.0539, "plu_last_p0": 0.0393, "plu_med_p0": 0.043050000000000005, "problems": [], "rc": 0, "rep": 4, "seconds": 11.497427, "seed": "42", "src": 21152, "status": "LIVE", "summary": true, "truth_egress_p0": 26306, "truth_gso_p0": 3.15, "truth_loss_p0": 0.05341, "truth_lost_p0": 1405, "truth_rcvbuf_drops": 0, "util": 0.215700434540702, "wall_s": 14.0, "winline_cli": true, "winline_srv": true}
=== rep=4 seed=42 cell=c3-25 arm=CAD attempt=1 pipeline=window hint=bulk spec=c3/c3/single bytes=25000000 13:21:54
COTENANT c3-25-CAD s42 rep=4 before=0 after=0 load=1.12 1.71 1.81
--- RWM-C perf pipeline=window mode=single hint=bulk A=c3 B=c3 ooo=0 extra='' T=default (25000000 x 1) start=15:21:56
{"bytes":25000000,"dnf":0,"hint":"bulk","max_s":11.4463,"mean_mbps":17.473,"mean_s":11.4463,"median_s":11.4463,"min_s":11.4463,"proto":"rp-native","runs":1,"stdev_s":0.0,"summary":true}
    CPU: CPUSRV=1.75s CPUCLI=2.11s (srv=decoder cli=sender; whole-invocation incl warmup)
    [TRUTH] leg=0 dev=cli0 egress_dgrams=25932 egress_skbs=7971 gso=3.25 netem_sent_dgrams=24646 netem_dropped_skbs=397 backlog=0 lost=1286 loss=0.049591 rcvbuf_drops=0 rcvbuf_scope=netns
RUNTIME c3-25-CAD s42 rep=4 attempt=1 14s rc=0
S3ROW {"arm": "CAD", "busy_last": 5.0, "busy_med": 8.0, "cad_cli": true, "cad_srv": true, "cell": "c3-25", "cod": 237, "coded_share": 0.011080461919678338, "cotenant": 0, "cpu_cli": 2.11, "cpu_srv": 1.75, "diag_lines": 45, "dnf": false, "feed_ratio_p0": 1.0042144744005967, "gates_cli": true, "gates_srv": true, "gen_guard": false, "header": ["window", "bulk"], "mbps": 17.473, "pa_cli": 0, "pa_srv": 0, "pipe_cli": ["window", "Rlc", "bulk"], "pipe_srv": ["window", "Rlc", "bulk"], "plc_p0": 0.0498, "plu_last_p0": 0.0544, "plu_med_p0": 0.0402, "problems": [], "rc": 0, "rep": 4, "seconds": 11.446316, "seed": "42", "src": 21152, "status": "LIVE", "summary": true, "truth_egress_p0": 25932, "truth_gso_p0": 3.25, "truth_loss_p0": 0.049591, "truth_lost_p0": 1286, "truth_rcvbuf_drops": 0, "util": 0.18433878638332193, "wall_s": 14.0, "winline_cli": true, "winline_srv": true}
=== rep=4 seed=42 cell=c3-25 arm=BLKb attempt=1 pipeline=block hint=bulk spec=c3/c3/single bytes=25000000 13:22:08
COTENANT c3-25-BLKb s42 rep=4 before=0 after=0 load=0.94 1.64 1.78
--- RWM-C perf pipeline=block mode=single hint=bulk A=c3 B=c3 ooo=0 extra='' T=default (25000000 x 1) start=15:22:10
{"bytes":25000000,"dnf":0,"hint":"bulk","max_s":11.8151,"mean_mbps":16.927,"mean_s":11.8151,"median_s":11.8151,"min_s":11.8151,"proto":"rp-native","runs":1,"stdev_s":0.0,"summary":true}
    CPU: CPUSRV=1.57s CPUCLI=1.99s (srv=decoder cli=sender; whole-invocation incl warmup)
    [TRUTH] leg=0 dev=cli0 egress_dgrams=27890 egress_skbs=11556 gso=2.41 netem_sent_dgrams=26516 netem_dropped_skbs=574 backlog=0 lost=1374 loss=0.049265 rcvbuf_drops=0 rcvbuf_scope=netns
RUNTIME c3-25-BLKb s42 rep=4 attempt=1 14s rc=0
S3ROW {"arm": "BLKb", "busy_last": null, "busy_med": null, "cad_cli": false, "cad_srv": false, "cell": "c3-25", "cod": null, "coded_share": null, "cotenant": 0, "cpu_cli": 1.99, "cpu_srv": 1.57, "diag_lines": 0, "dnf": false, "feed_ratio_p0": null, "gates_cli": true, "gates_srv": true, "gen_guard": false, "header": ["block", "bulk"], "mbps": 16.927, "pa_cli": 0, "pa_srv": 0, "pipe_cli": ["block", "RaptorQ", "bulk"], "pipe_srv": ["block", "RaptorQ", "bulk"], "problems": [], "rc": 0, "rep": 4, "seconds": 11.815131, "seed": "42", "src": null, "status": "LIVE", "summary": true, "truth_egress_p0": 27890, "truth_gso_p0": 2.41, "truth_loss_p0": 0.049265, "truth_lost_p0": 1374, "truth_rcvbuf_drops": 0, "util": 0.16842809444939713, "wall_s": 14.0, "winline_cli": false, "winline_srv": false}
=== rep=4 seed=42 cell=c3-25 arm=WINa attempt=1 pipeline=window hint=auto spec=c3/c3/single bytes=25000000 13:22:22
COTENANT c3-25-WINa s42 rep=4 before=0 after=0 load=0.81 1.58 1.76
--- RWM-C perf pipeline=window mode=single hint=auto A=c3 B=c3 ooo=0 extra='' T=default (25000000 x 1) start=15:22:24
{"bytes":25000000,"dnf":0,"hint":"auto","max_s":12.9149,"mean_mbps":15.486,"mean_s":12.9149,"median_s":12.9149,"min_s":12.9149,"proto":"rp-native","runs":1,"stdev_s":0.0,"summary":true}
    CPU: CPUSRV=1.85s CPUCLI=2.62s (srv=decoder cli=sender; whole-invocation incl warmup)
    [TRUTH] leg=0 dev=cli0 egress_dgrams=26401 egress_skbs=7355 gso=3.59 netem_sent_dgrams=25145 netem_dropped_skbs=369 backlog=0 lost=1256 loss=0.047574 rcvbuf_drops=0 rcvbuf_scope=netns
RUNTIME c3-25-WINa s42 rep=4 attempt=1 15s rc=0
S3ROW {"arm": "WINa", "busy_last": 6.0, "busy_med": 8.0, "cad_cli": false, "cad_srv": false, "cell": "c3-25", "cod": 442, "coded_share": 0.020468648698712604, "cotenant": 0, "cpu_cli": 2.62, "cpu_srv": 1.85, "diag_lines": 51, "dnf": false, "feed_ratio_p0": 0.9879345861184681, "gates_cli": true, "gates_srv": true, "gen_guard": false, "header": ["window", "auto"], "mbps": 15.486, "pa_cli": 0, "pa_srv": 0, "pipe_cli": ["window", "Rlc", "auto"], "pipe_srv": ["window", "Rlc", "auto"], "plc_p0": 0.047, "plu_last_p0": 0.0521, "plu_med_p0": 0.0482, "problems": [], "rc": 0, "rep": 4, "seconds": 12.914853, "seed": "42", "src": 21152, "status": "LIVE", "summary": true, "truth_egress_p0": 26401, "truth_gso_p0": 3.59, "truth_loss_p0": 0.047574, "truth_lost_p0": 1256, "truth_rcvbuf_drops": 0, "util": 0.2028671948492174, "wall_s": 15.0, "winline_cli": true, "winline_srv": true}
=== rep=4 seed=42 cell=c3-25 arm=BLKa attempt=1 pipeline=block hint=auto spec=c3/c3/single bytes=25000000 13:22:37
COTENANT c3-25-BLKa s42 rep=4 before=0 after=0 load=0.62 1.46 1.71
--- RWM-C perf pipeline=block mode=single hint=auto A=c3 B=c3 ooo=0 extra='' T=default (25000000 x 1) start=15:22:39
{"bytes":25000000,"dnf":0,"hint":"auto","max_s":27.2527,"mean_mbps":7.339,"mean_s":27.2527,"median_s":27.2527,"min_s":27.2527,"proto":"rp-native","runs":1,"stdev_s":0.0,"summary":true}
    CPU: CPUSRV=3.05s CPUCLI=5.77s (srv=decoder cli=sender; whole-invocation incl warmup)
    [TRUTH] leg=0 dev=cli0 egress_dgrams=63144 egress_skbs=21362 gso=2.96 netem_sent_dgrams=57443 netem_dropped_skbs=1096 backlog=2607 lost=3094 loss=0.048999 rcvbuf_drops=0 rcvbuf_scope=netns
RUNTIME c3-25-BLKa s42 rep=4 attempt=1 30s rc=0
S3ROW {"arm": "BLKa", "busy_last": null, "busy_med": null, "cad_cli": false, "cad_srv": false, "cell": "c3-25", "cod": null, "coded_share": null, "cotenant": 0, "cpu_cli": 5.77, "cpu_srv": 3.05, "diag_lines": 0, "dnf": false, "feed_ratio_p0": null, "gates_cli": true, "gates_srv": true, "gen_guard": false, "header": ["block", "auto"], "mbps": 7.339, "pa_cli": 0, "pa_srv": 0, "pipe_cli": ["block", "RaptorQ", "auto"], "pipe_srv": ["block", "RaptorQ", "auto"], "problems": [], "rc": 0, "rep": 4, "seconds": 27.25272, "seed": "42", "src": null, "status": "LIVE", "summary": true, "truth_egress_p0": 63144, "truth_gso_p0": 2.96, "truth_loss_p0": 0.048999, "truth_lost_p0": 3094, "truth_rcvbuf_drops": 0, "util": 0.2117219859155343, "wall_s": 30.0, "winline_cli": false, "winline_srv": false}
=== rep=4 seed=42 cell=c7-100 arm=A1 attempt=1 pipeline=window hint=bulk spec=c2/c2/dual bytes=100000000 13:23:07
COTENANT c7-100-A1 s42 rep=4 before=0 after=0 load=0.65 1.45 1.71
--- RWM-C perf pipeline=window mode=dual hint=bulk A=c2 B=c2 ooo=0 extra='' T=default (100000000 x 1) start=15:23:09
{"bytes":100000000,"dnf":0,"hint":"bulk","max_s":4.6108,"mean_mbps":173.506,"mean_s":4.6108,"median_s":4.6108,"min_s":4.6108,"proto":"rp-native","runs":1,"stdev_s":0.0,"summary":true}
    CPU: CPUSRV=5.83s CPUCLI=7.06s (srv=decoder cli=sender; whole-invocation incl warmup)
    [TRUTH] leg=0 dev=cli0 egress_dgrams=45094 egress_skbs=12376 gso=3.64 netem_sent_dgrams=43995 netem_dropped_skbs=291 backlog=0 lost=1099 loss=0.024371 rcvbuf_drops=0 rcvbuf_scope=netns
    [TRUTH] leg=1 dev=cli1 egress_dgrams=45677 egress_skbs=12306 gso=3.71 netem_sent_dgrams=44534 netem_dropped_skbs=305 backlog=0 lost=1143 loss=0.025024 rcvbuf_drops=0 rcvbuf_scope=netns
RUNTIME c7-100-A1 s42 rep=4 attempt=1 7s rc=0
S3ROW {"arm": "A1", "busy_last": 82.0, "busy_med": 88.0, "cad_cli": false, "cad_srv": false, "cell": "c7-100", "cod": 370, "coded_share": 0.004356169867077952, "cotenant": 0, "cpu_cli": 7.06, "cpu_srv": 5.83, "diag_lines": 18, "dnf": false, "feed_ratio_p0": 1.0176028886791677, "feed_ratio_p1": 1.0150255754475703, "gates_cli": true, "gates_srv": true, "gen_guard": false, "header": ["window", "bulk"], "mbps": 173.506, "pa_cli": 0, "pa_srv": 0, "pipe_cli": ["window", "Rlc", "bulk"], "pipe_srv": ["window", "Rlc", "bulk"], "plc_p0": 0.0248, "plc_p1": 0.0254, "plu_last_p0": 0.0354, "plu_last_p1": 0.0354, "plu_med_p0": 0.039400000000000004, "plu_med_p1": 0.037849999999999995, "problems": [], "rc": 0, "rep": 4, "seconds": 4.610792, "seed": "42", "src": 84567, "status": "LIVE", "summary": true, "truth_egress_p0": 45094, "truth_egress_p1": 45677, "truth_gso_p0": 3.64, "truth_gso_p1": 3.71, "truth_loss_p0": 0.024371, "truth_loss_p1": 0.025024, "truth_lost_p0": 1099, "truth_lost_p1": 1143, "truth_rcvbuf_drops": 0, "util": 1.5311903030976022, "wall_s": 7.0, "winline_cli": true, "winline_srv": true}
=== rep=4 seed=42 cell=c7-100 arm=A2 attempt=1 pipeline=window hint=bulk spec=c2/c2/dual bytes=100000000 13:23:14
COTENANT c7-100-A2 s42 rep=4 before=0 after=0 load=0.95 1.48 1.72
--- RWM-C perf pipeline=window mode=dual hint=bulk A=c2 B=c2 ooo=0 extra='' T=default (100000000 x 1) start=15:23:16
{"bytes":100000000,"dnf":0,"hint":"bulk","max_s":4.5698,"mean_mbps":175.061,"mean_s":4.5698,"median_s":4.5698,"min_s":4.5698,"proto":"rp-native","runs":1,"stdev_s":0.0,"summary":true}
    CPU: CPUSRV=5.86s CPUCLI=7.13s (srv=decoder cli=sender; whole-invocation incl warmup)
    [TRUTH] leg=0 dev=cli0 egress_dgrams=44752 egress_skbs=13018 gso=3.44 netem_sent_dgrams=43695 netem_dropped_skbs=326 backlog=0 lost=1057 loss=0.023619 rcvbuf_drops=0 rcvbuf_scope=netns
    [TRUTH] leg=1 dev=cli1 egress_dgrams=46246 egress_skbs=14283 gso=3.24 netem_sent_dgrams=45217 netem_dropped_skbs=345 backlog=0 lost=1029 loss=0.022251 rcvbuf_drops=0 rcvbuf_scope=netns
RUNTIME c7-100-A2 s42 rep=4 attempt=1 7s rc=0
S3ROW {"arm": "A2", "busy_last": 75.0, "busy_med": 87.5, "cad_cli": false, "cad_srv": false, "cell": "c7-100", "cod": 369, "coded_share": 0.004342555870688336, "cotenant": 0, "cpu_cli": 7.13, "cpu_srv": 5.86, "diag_lines": 18, "dnf": false, "feed_ratio_p0": 0.9864939243829121, "feed_ratio_p1": 0.975237067996944, "gates_cli": true, "gates_srv": true, "gen_guard": false, "header": ["window", "bulk"], "mbps": 175.061, "pa_cli": 0, "pa_srv": 0, "pipe_cli": ["window", "Rlc", "bulk"], "pipe_srv": ["window", "Rlc", "bulk"], "plc_p0": 0.0233, "plc_p1": 0.0217, "plu_last_p0": 0.0355, "plu_last_p1": 0.035, "plu_med_p0": 0.03555, "plu_med_p1": 0.035449999999999995, "problems": [], "rc": 0, "rep": 4, "seconds": 4.569834, "seed": "42", "src": 84604, "status": "LIVE", "summary": true, "truth_egress_p0": 44752, "truth_egress_p1": 46246, "truth_gso_p0": 3.44, "truth_gso_p1": 3.24, "truth_loss_p0": 0.023619, "truth_loss_p1": 0.022251, "truth_lost_p0": 1057, "truth_lost_p1": 1029, "truth_rcvbuf_drops": 0, "util": 1.560231728329738, "wall_s": 7.0, "winline_cli": true, "winline_srv": true}
=== rep=4 seed=42 cell=c7-100 arm=CAD attempt=1 pipeline=window hint=bulk spec=c2/c2/dual bytes=100000000 13:23:21
COTENANT c7-100-CAD s42 rep=4 before=0 after=0 load=1.11 1.51 1.73
--- RWM-C perf pipeline=window mode=dual hint=bulk A=c2 B=c2 ooo=0 extra='' T=default (100000000 x 1) start=15:23:22
{"bytes":100000000,"dnf":0,"hint":"bulk","max_s":4.8014,"mean_mbps":166.619,"mean_s":4.8014,"median_s":4.8014,"min_s":4.8014,"proto":"rp-native","runs":1,"stdev_s":0.0,"summary":true}
    CPU: CPUSRV=5.94s CPUCLI=6.03s (srv=decoder cli=sender; whole-invocation incl warmup)
    [TRUTH] leg=0 dev=cli0 egress_dgrams=45357 egress_skbs=14018 gso=3.24 netem_sent_dgrams=44236 netem_dropped_skbs=350 backlog=0 lost=1121 loss=0.024715 rcvbuf_drops=0 rcvbuf_scope=netns
    [TRUTH] leg=1 dev=cli1 egress_dgrams=45977 egress_skbs=15273 gso=3.01 netem_sent_dgrams=44919 netem_dropped_skbs=375 backlog=0 lost=1058 loss=0.023012 rcvbuf_drops=0 rcvbuf_scope=netns
RUNTIME c7-100-CAD s42 rep=4 attempt=1 7s rc=0
S3ROW {"arm": "CAD", "busy_last": 1.0, "busy_med": 76.0, "cad_cli": true, "cad_srv": true, "cell": "c7-100", "cod": 468, "coded_share": 0.005501222493887531, "cotenant": 0, "cpu_cli": 6.03, "cpu_srv": 5.94, "diag_lines": 19, "dnf": false, "feed_ratio_p0": 0.9953469552903095, "feed_ratio_p1": 0.9907874152616026, "gates_cli": true, "gates_srv": true, "gen_guard": false, "header": ["window", "bulk"], "mbps": 166.619, "pa_cli": 0, "pa_srv": 0, "pipe_cli": ["window", "Rlc", "bulk"], "pipe_srv": ["window", "Rlc", "bulk"], "plc_p0": 0.0246, "plc_p1": 0.0228, "plu_last_p0": 0.5125, "plu_last_p1": 0.0453, "plu_med_p0": 0.02, "plu_med_p1": 0.0181, "problems": [], "rc": 0, "rep": 4, "seconds": 4.801378, "seed": "42", "src": 84604, "status": "LIVE", "summary": true, "truth_egress_p0": 45357, "truth_egress_p1": 45977, "truth_gso_p0": 3.24, "truth_gso_p1": 3.01, "truth_loss_p0": 0.024715, "truth_loss_p1": 0.023012, "truth_lost_p0": 1121, "truth_lost_p1": 1058, "truth_rcvbuf_drops": 0, "util": 1.2558894550689408, "wall_s": 7.0, "winline_cli": true, "winline_srv": true}
=== rep=4 seed=42 cell=c7-100 arm=BLKb attempt=1 pipeline=block hint=bulk spec=c2/c2/dual bytes=100000000 13:23:28
COTENANT c7-100-BLKb s42 rep=4 before=0 after=0 load=1.10 1.50 1.72
--- RWM-C perf pipeline=block mode=dual hint=bulk A=c2 B=c2 ooo=0 extra='' T=default (100000000 x 1) start=15:23:29
{"bytes":100000000,"dnf":0,"hint":"bulk","max_s":4.6411,"mean_mbps":172.375,"mean_s":4.6411,"median_s":4.6411,"min_s":4.6411,"proto":"rp-native","runs":1,"stdev_s":0.0,"summary":true}
    CPU: CPUSRV=3.47s CPUCLI=4.64s (srv=decoder cli=sender; whole-invocation incl warmup)
    [TRUTH] leg=0 dev=cli0 egress_dgrams=47071 egress_skbs=8853 gso=5.32 netem_sent_dgrams=45925 netem_dropped_skbs=227 backlog=0 lost=1146 loss=0.024346 rcvbuf_drops=0 rcvbuf_scope=netns
    [TRUTH] leg=1 dev=cli1 egress_dgrams=45331 egress_skbs=8623 gso=5.26 netem_sent_dgrams=44245 netem_dropped_skbs=194 backlog=0 lost=1086 loss=0.023957 rcvbuf_drops=0 rcvbuf_scope=netns
RUNTIME c7-100-BLKb s42 rep=4 attempt=1 7s rc=0
S3ROW {"arm": "BLKb", "busy_last": null, "busy_med": null, "cad_cli": false, "cad_srv": false, "cell": "c7-100", "cod": null, "coded_share": null, "cotenant": 0, "cpu_cli": 4.64, "cpu_srv": 3.47, "diag_lines": 0, "dnf": false, "feed_ratio_p0": null, "feed_ratio_p1": null, "gates_cli": true, "gates_srv": true, "gen_guard": false, "header": ["block", "bulk"], "mbps": 172.375, "pa_cli": 0, "pa_srv": 0, "pipe_cli": ["block", "RaptorQ", "bulk"], "pipe_srv": ["block", "RaptorQ", "bulk"], "problems": [], "rc": 0, "rep": 4, "seconds": 4.641056, "seed": "42", "src": null, "status": "LIVE", "summary": true, "truth_egress_p0": 47071, "truth_egress_p1": 45331, "truth_gso_p0": 5.32, "truth_gso_p1": 5.26, "truth_loss_p0": 0.024346, "truth_loss_p1": 0.023957, "truth_lost_p0": 1146, "truth_lost_p1": 1086, "truth_rcvbuf_drops": 0, "util": 0.9997724655767998, "wall_s": 7.0, "winline_cli": false, "winline_srv": false}
=== rep=4 seed=42 cell=c7-100 arm=WINa attempt=1 pipeline=window hint=auto spec=c2/c2/dual bytes=100000000 13:23:35
COTENANT c7-100-WINa s42 rep=4 before=0 after=0 load=1.33 1.53 1.73
--- RWM-C perf pipeline=window mode=dual hint=auto A=c2 B=c2 ooo=0 extra='' T=default (100000000 x 1) start=15:23:36
{"bytes":100000000,"dnf":0,"hint":"auto","max_s":6.3233,"mean_mbps":126.516,"mean_s":6.3233,"median_s":6.3233,"min_s":6.3233,"proto":"rp-native","runs":1,"stdev_s":0.0,"summary":true}
    CPU: CPUSRV=8.43s CPUCLI=9.94s (srv=decoder cli=sender; whole-invocation incl warmup)
    [TRUTH] leg=0 dev=cli0 egress_dgrams=58427 egress_skbs=24627 gso=2.37 netem_sent_dgrams=57034 netem_dropped_skbs=608 backlog=0 lost=1393 loss=0.023842 rcvbuf_drops=0 rcvbuf_scope=netns
    [TRUTH] leg=1 dev=cli1 egress_dgrams=56648 egress_skbs=22083 gso=2.57 netem_sent_dgrams=55310 netem_dropped_skbs=538 backlog=0 lost=1338 loss=0.023620 rcvbuf_drops=0 rcvbuf_scope=netns
RUNTIME c7-100-WINa s42 rep=4 attempt=1 8s rc=0
S3ROW {"arm": "WINa", "busy_last": 78.0, "busy_med": 91.0, "cad_cli": false, "cad_srv": false, "cell": "c7-100", "cod": 19741, "coded_share": 0.18926588880473236, "cotenant": 0, "cpu_cli": 9.94, "cpu_srv": 8.43, "diag_lines": 25, "dnf": false, "feed_ratio_p0": 0.9898498448116769, "feed_ratio_p1": 0.9864521591871297, "gates_cli": true, "gates_srv": true, "gen_guard": false, "header": ["window", "auto"], "mbps": 126.516, "pa_cli": 0, "pa_srv": 0, "pipe_cli": ["window", "Rlc", "auto"], "pipe_srv": ["window", "Rlc", "auto"], "plc_p0": 0.0236, "plc_p1": 0.0233, "plu_last_p0": 0.0356, "plu_last_p1": 0.0354, "plu_med_p0": 0.0358, "plu_med_p1": 0.0385, "problems": [], "rc": 0, "rep": 4, "seconds": 6.323292, "seed": "42", "src": 84562, "status": "LIVE", "summary": true, "truth_egress_p0": 58427, "truth_egress_p1": 56648, "truth_gso_p0": 2.37, "truth_gso_p1": 2.57, "truth_loss_p0": 0.023842, "truth_loss_p1": 0.02362, "truth_lost_p0": 1393, "truth_lost_p1": 1338, "truth_rcvbuf_drops": 0, "util": 1.5719659949279583, "wall_s": 8.0, "winline_cli": true, "winline_srv": true}
=== rep=4 seed=42 cell=c7-100 arm=BLKa attempt=1 pipeline=block hint=auto spec=c2/c2/dual bytes=100000000 13:23:43
COTENANT c7-100-BLKa s42 rep=4 before=0 after=0 load=1.44 1.55 1.73
--- RWM-C perf pipeline=block mode=dual hint=auto A=c2 B=c2 ooo=0 extra='' T=default (100000000 x 1) start=15:23:45
{"bytes":100000000,"dnf":0,"hint":"auto","max_s":6.7941,"mean_mbps":117.749,"mean_s":6.7941,"median_s":6.7941,"min_s":6.7941,"proto":"rp-native","runs":1,"stdev_s":0.0,"summary":true}
    CPU: CPUSRV=5.13s CPUCLI=7.22s (srv=decoder cli=sender; whole-invocation incl warmup)
    [TRUTH] leg=0 dev=cli0 egress_dgrams=71061 egress_skbs=14560 gso=4.88 netem_sent_dgrams=69219 netem_dropped_skbs=382 backlog=0 lost=1842 loss=0.025921 rcvbuf_drops=0 rcvbuf_scope=netns
    [TRUTH] leg=1 dev=cli1 egress_dgrams=70853 egress_skbs=14480 gso=4.89 netem_sent_dgrams=69123 netem_dropped_skbs=347 backlog=0 lost=1730 loss=0.024417 rcvbuf_drops=0 rcvbuf_scope=netns
RUNTIME c7-100-BLKa s42 rep=4 attempt=1 9s rc=0
S3ROW {"arm": "BLKa", "busy_last": null, "busy_med": null, "cad_cli": false, "cad_srv": false, "cell": "c7-100", "cod": null, "coded_share": null, "cotenant": 0, "cpu_cli": 7.22, "cpu_srv": 5.13, "diag_lines": 0, "dnf": false, "feed_ratio_p0": null, "feed_ratio_p1": null, "gates_cli": true, "gates_srv": true, "gen_guard": false, "header": ["block", "auto"], "mbps": 117.749, "pa_cli": 0, "pa_srv": 0, "pipe_cli": ["block", "RaptorQ", "auto"], "pipe_srv": ["block", "RaptorQ", "auto"], "problems": [], "rc": 0, "rep": 4, "seconds": 6.794107, "seed": "42", "src": null, "status": "LIVE", "summary": true, "truth_egress_p0": 71061, "truth_egress_p1": 70853, "truth_gso_p0": 4.88, "truth_gso_p1": 4.89, "truth_loss_p0": 0.025921, "truth_loss_p1": 0.024417, "truth_lost_p0": 1842, "truth_lost_p1": 1730, "truth_rcvbuf_drops": 0, "util": 1.0626856480182016, "wall_s": 9.0, "winline_cli": false, "winline_srv": false}
=== rep=4 seed=42 cell=c8-100 arm=A1 attempt=1 pipeline=window hint=bulk spec=c2/c3/dual bytes=100000000 13:23:53
COTENANT c8-100-A1 s42 rep=4 before=0 after=0 load=1.52 1.56 1.74
--- RWM-C perf pipeline=window mode=dual hint=bulk A=c2 B=c3 ooo=0 extra='' T=default (100000000 x 1) start=15:23:54
{"bytes":100000000,"dnf":0,"hint":"bulk","max_s":7.916,"mean_mbps":101.062,"mean_s":7.916,"median_s":7.916,"min_s":7.916,"proto":"rp-native","runs":1,"stdev_s":0.0,"summary":true}
    CPU: CPUSRV=5.78s CPUCLI=7.24s (srv=decoder cli=sender; whole-invocation incl warmup)
    [TRUTH] leg=0 dev=cli0 egress_dgrams=75693 egress_skbs=14741 gso=5.13 netem_sent_dgrams=73627 netem_dropped_skbs=383 backlog=0 lost=2066 loss=0.027294 rcvbuf_drops=0 rcvbuf_scope=netns
    [TRUTH] leg=1 dev=cli1 egress_dgrams=19103 egress_skbs=12691 gso=1.51 netem_sent_dgrams=18270 netem_dropped_skbs=546 backlog=0 lost=833 loss=0.043606 rcvbuf_drops=0 rcvbuf_scope=netns
RUNTIME c8-100-A1 s42 rep=4 attempt=1 10s rc=0
S3ROW {"arm": "A1", "busy_last": 20.0, "busy_med": 43.0, "cad_cli": false, "cad_srv": false, "cell": "c8-100", "cod": 759, "coded_share": 0.00889144008528285, "cotenant": 0, "cpu_cli": 7.24, "cpu_srv": 5.78, "diag_lines": 31, "dnf": false, "feed_ratio_p0": 1.0038836374294717, "feed_ratio_p1": 1.0319680777874605, "gates_cli": true, "gates_srv": true, "gen_guard": false, "header": ["window", "bulk"], "mbps": 101.062, "pa_cli": 0, "pa_srv": 0, "pipe_cli": ["window", "Rlc", "bulk"], "pipe_srv": ["window", "Rlc", "bulk"], "plc_p0": 0.0274, "plc_p1": 0.045, "plu_last_p0": 0.0354, "plu_last_p1": 0.0691, "plu_med_p0": 0.0354, "plu_med_p1": 0.0898, "problems": [], "rc": 0, "rep": 4, "seconds": 7.915961, "seed": "42", "src": 84604, "status": "LIVE", "summary": true, "truth_egress_p0": 75693, "truth_egress_p1": 19103, "truth_gso_p0": 5.13, "truth_gso_p1": 1.51, "truth_loss_p0": 0.027294, "truth_loss_p1": 0.043606, "truth_lost_p0": 2066, "truth_lost_p1": 833, "truth_rcvbuf_drops": 0, "util": 0.9146078410441891, "wall_s": 10.0, "winline_cli": true, "winline_srv": true}
=== rep=4 seed=42 cell=c8-100 arm=A2 attempt=1 pipeline=window hint=bulk spec=c2/c3/dual bytes=100000000 13:24:03
COTENANT c8-100-A2 s42 rep=4 before=0 after=0 load=1.52 1.56 1.73
--- RWM-C perf pipeline=window mode=dual hint=bulk A=c2 B=c3 ooo=0 extra='' T=default (100000000 x 1) start=15:24:04
{"bytes":100000000,"dnf":0,"hint":"bulk","max_s":7.8171,"mean_mbps":102.34,"mean_s":7.8171,"median_s":7.8171,"min_s":7.8171,"proto":"rp-native","runs":1,"stdev_s":0.0,"summary":true}
    CPU: CPUSRV=6.19s CPUCLI=8.09s (srv=decoder cli=sender; whole-invocation incl warmup)
    [TRUTH] leg=0 dev=cli0 egress_dgrams=78189 egress_skbs=20957 gso=3.73 netem_sent_dgrams=76196 netem_dropped_skbs=544 backlog=0 lost=1993 loss=0.025490 rcvbuf_drops=0 rcvbuf_scope=netns
    [TRUTH] leg=1 dev=cli1 egress_dgrams=18834 egress_skbs=12759 gso=1.48 netem_sent_dgrams=18068 netem_dropped_skbs=547 backlog=0 lost=766 loss=0.040671 rcvbuf_drops=0 rcvbuf_scope=netns
RUNTIME c8-100-A2 s42 rep=4 attempt=1 10s rc=0
S3ROW {"arm": "A2", "busy_last": 50.0, "busy_med": 52.0, "cad_cli": false, "cad_srv": false, "cell": "c8-100", "cod": 643, "coded_share": 0.007542787429469659, "cotenant": 0, "cpu_cli": 8.09, "cpu_srv": 6.19, "diag_lines": 31, "dnf": false, "feed_ratio_p0": 0.9964692036092585, "feed_ratio_p1": 0.9613729684541812, "gates_cli": true, "gates_srv": true, "gen_guard": false, "header": ["window", "bulk"], "mbps": 102.34, "pa_cli": 0, "pa_srv": 0, "pipe_cli": ["window", "Rlc", "bulk"], "pipe_srv": ["window", "Rlc", "bulk"], "plc_p0": 0.0254, "plc_p1": 0.0391, "plu_last_p0": 0.0354, "plu_last_p1": 0.1598, "plu_med_p0": 0.0355, "plu_med_p1": 0.0727, "problems": [], "rc": 0, "rep": 4, "seconds": 7.817058, "seed": "42", "src": 84604, "status": "LIVE", "summary": true, "truth_egress_p0": 78189, "truth_egress_p1": 18834, "truth_gso_p0": 3.73, "truth_gso_p1": 1.48, "truth_loss_p0": 0.02549, "truth_loss_p1": 0.040671, "truth_lost_p0": 1993, "truth_lost_p1": 766, "truth_rcvbuf_drops": 0, "util": 1.034916205047986, "wall_s": 10.0, "winline_cli": true, "winline_srv": true}
=== rep=4 seed=42 cell=c8-100 arm=CAD attempt=1 pipeline=window hint=bulk spec=c2/c3/dual bytes=100000000 13:24:13
COTENANT c8-100-CAD s42 rep=4 before=0 after=0 load=1.60 1.58 1.74
--- RWM-C perf pipeline=window mode=dual hint=bulk A=c2 B=c3 ooo=0 extra='' T=default (100000000 x 1) start=15:24:15
{"bytes":100000000,"dnf":0,"hint":"bulk","max_s":7.8978,"mean_mbps":101.294,"mean_s":7.8978,"median_s":7.8978,"min_s":7.8978,"proto":"rp-native","runs":1,"stdev_s":0.0,"summary":true}
    CPU: CPUSRV=5.57s CPUCLI=5.84s (srv=decoder cli=sender; whole-invocation incl warmup)
    [TRUTH] leg=0 dev=cli0 egress_dgrams=75361 egress_skbs=14383 gso=5.24 netem_sent_dgrams=73405 netem_dropped_skbs=373 backlog=0 lost=1956 loss=0.025955 rcvbuf_drops=0 rcvbuf_scope=netns
    [TRUTH] leg=1 dev=cli1 egress_dgrams=19191 egress_skbs=13169 gso=1.46 netem_sent_dgrams=18374 netem_dropped_skbs=559 backlog=0 lost=817 loss=0.042572 rcvbuf_drops=0 rcvbuf_scope=netns
RUNTIME c8-100-CAD s42 rep=4 attempt=1 10s rc=0
S3ROW {"arm": "CAD", "busy_last": 11.0, "busy_med": 35.0, "cad_cli": true, "cad_srv": true, "cell": "c8-100", "cod": 765, "coded_share": 0.008961098290948705, "cotenant": 0, "cpu_cli": 5.84, "cpu_srv": 5.57, "diag_lines": 31, "dnf": false, "feed_ratio_p0": 1.0017337699865152, "feed_ratio_p1": 1.010053556328103, "gates_cli": true, "gates_srv": true, "gen_guard": false, "header": ["window", "bulk"], "mbps": 101.294, "pa_cli": 0, "pa_srv": 0, "pipe_cli": ["window", "Rlc", "bulk"], "pipe_srv": ["window", "Rlc", "bulk"], "plc_p0": 0.026, "plc_p1": 0.043, "plu_last_p0": 0.0246, "plu_last_p1": 0.1138, "plu_med_p0": 0.0255, "plu_med_p1": 0.0474, "problems": [], "rc": 0, "rep": 4, "seconds": 7.897813, "seed": "42", "src": 84604, "status": "LIVE", "summary": true, "truth_egress_p0": 75361, "truth_egress_p1": 19191, "truth_gso_p0": 5.24, "truth_gso_p1": 1.46, "truth_loss_p0": 0.025955, "truth_loss_p1": 0.042572, "truth_lost_p0": 1956, "truth_lost_p1": 817, "truth_rcvbuf_drops": 0, "util": 0.7394452109716956, "wall_s": 10.0, "winline_cli": true, "winline_srv": true}
=== rep=4 seed=42 cell=c8-100 arm=BLKb attempt=1 pipeline=block hint=bulk spec=c2/c3/dual bytes=100000000 13:24:23
COTENANT c8-100-BLKb s42 rep=4 before=0 after=0 load=1.50 1.56 1.73
--- RWM-C perf pipeline=block mode=dual hint=bulk A=c2 B=c3 ooo=0 extra='' T=default (100000000 x 1) start=15:24:25
{"bytes":100000000,"dnf":0,"hint":"bulk","max_s":7.9364,"mean_mbps":100.801,"mean_s":7.9364,"median_s":7.9364,"min_s":7.9364,"proto":"rp-native","runs":1,"stdev_s":0.0,"summary":true}
    CPU: CPUSRV=3.52s CPUCLI=4.68s (srv=decoder cli=sender; whole-invocation incl warmup)
    [TRUTH] leg=0 dev=cli0 egress_dgrams=80609 egress_skbs=15082 gso=5.34 netem_sent_dgrams=78584 netem_dropped_skbs=387 backlog=0 lost=2025 loss=0.025121 rcvbuf_drops=0 rcvbuf_scope=netns
    [TRUTH] leg=1 dev=cli1 egress_dgrams=15348 egress_skbs=4948 gso=3.10 netem_sent_dgrams=14802 netem_dropped_skbs=197 backlog=0 lost=546 loss=0.035575 rcvbuf_drops=0 rcvbuf_scope=netns
RUNTIME c8-100-BLKb s42 rep=4 attempt=1 10s rc=0
S3ROW {"arm": "BLKb", "busy_last": null, "busy_med": null, "cad_cli": false, "cad_srv": false, "cell": "c8-100", "cod": null, "coded_share": null, "cotenant": 0, "cpu_cli": 4.68, "cpu_srv": 3.52, "diag_lines": 0, "dnf": false, "feed_ratio_p0": null, "feed_ratio_p1": null, "gates_cli": true, "gates_srv": true, "gen_guard": false, "header": ["block", "bulk"], "mbps": 100.801, "pa_cli": 0, "pa_srv": 0, "pipe_cli": ["block", "RaptorQ", "bulk"], "pipe_srv": ["block", "RaptorQ", "bulk"], "problems": [], "rc": 0, "rep": 4, "seconds": 7.936414, "seed": "42", "src": null, "status": "LIVE", "summary": true, "truth_egress_p0": 80609, "truth_egress_p1": 15348, "truth_gso_p0": 5.34, "truth_gso_p1": 3.1, "truth_loss_p0": 0.025121, "truth_loss_p1": 0.035575, "truth_lost_p0": 2025, "truth_lost_p1": 546, "truth_rcvbuf_drops": 0, "util": 0.5896869795350898, "wall_s": 10.0, "winline_cli": false, "winline_srv": false}
=== rep=4 seed=42 cell=c8-100 arm=WINa attempt=1 pipeline=window hint=auto spec=c2/c3/dual bytes=100000000 13:24:34
COTENANT c8-100-WINa s42 rep=4 before=0 after=0 load=1.35 1.52 1.71
--- RWM-C perf pipeline=window mode=dual hint=auto A=c2 B=c3 ooo=0 extra='' T=default (100000000 x 1) start=15:24:35
{"bytes":100000000,"dnf":0,"hint":"auto","max_s":8.7621,"mean_mbps":91.302,"mean_s":8.7621,"median_s":8.7621,"min_s":8.7621,"proto":"rp-native","runs":1,"stdev_s":0.0,"summary":true}
    CPU: CPUSRV=6.80s CPUCLI=9.74s (srv=decoder cli=sender; whole-invocation incl warmup)
    [TRUTH] leg=0 dev=cli0 egress_dgrams=87150 egress_skbs=22289 gso=3.91 netem_sent_dgrams=84899 netem_dropped_skbs=566 backlog=0 lost=2251 loss=0.025829 rcvbuf_drops=0 rcvbuf_scope=netns
    [TRUTH] leg=1 dev=cli1 egress_dgrams=21498 egress_skbs=16666 gso=1.29 netem_sent_dgrams=20521 netem_dropped_skbs=759 backlog=0 lost=977 loss=0.045446 rcvbuf_drops=0 rcvbuf_scope=netns
RUNTIME c8-100-WINa s42 rep=4 attempt=1 10s rc=0
S3ROW {"arm": "WINa", "busy_last": 9.0, "busy_med": 66.0, "cad_cli": false, "cad_srv": false, "cell": "c8-100", "cod": 519, "coded_share": 0.006097059549123034, "cotenant": 0, "cpu_cli": 9.74, "cpu_srv": 6.8, "diag_lines": 35, "dnf": false, "feed_ratio_p0": 0.9911339966704092, "feed_ratio_p1": 0.9747832592527395, "gates_cli": true, "gates_srv": true, "gen_guard": false, "header": ["window", "auto"], "mbps": 91.302, "pa_cli": 0, "pa_srv": 0, "pipe_cli": ["window", "Rlc", "auto"], "pipe_srv": ["window", "Rlc", "auto"], "plc_p0": 0.0256, "plc_p1": 0.0443, "plu_last_p0": 0.0454, "plu_last_p1": 0.1011, "plu_med_p0": 0.0354, "plu_med_p1": 0.0646, "problems": [], "rc": 0, "rep": 4, "seconds": 8.762107, "seed": "42", "src": 84604, "status": "LIVE", "summary": true, "truth_egress_p0": 87150, "truth_egress_p1": 21498, "truth_gso_p0": 3.91, "truth_gso_p1": 1.29, "truth_loss_p0": 0.025829, "truth_loss_p1": 0.045446, "truth_lost_p0": 2251, "truth_lost_p1": 977, "truth_rcvbuf_drops": 0, "util": 1.1116047772527773, "wall_s": 10.0, "winline_cli": true, "winline_srv": true}
=== rep=4 seed=42 cell=c8-100 arm=BLKa attempt=1 pipeline=block hint=auto spec=c2/c3/dual bytes=100000000 13:24:45
COTENANT c8-100-BLKa s42 rep=4 before=0 after=0 load=1.48 1.54 1.72
--- RWM-C perf pipeline=block mode=dual hint=auto A=c2 B=c3 ooo=0 extra='' T=default (100000000 x 1) start=15:24:46
{"bytes":100000000,"dnf":0,"hint":"auto","max_s":13.571,"mean_mbps":58.949,"mean_s":13.571,"median_s":13.571,"min_s":13.571,"proto":"rp-native","runs":1,"stdev_s":0.0,"summary":true}
    CPU: CPUSRV=6.68s CPUCLI=9.31s (srv=decoder cli=sender; whole-invocation incl warmup)
    [TRUTH] leg=0 dev=cli0 egress_dgrams=128711 egress_skbs=27151 gso=4.74 netem_sent_dgrams=125883 netem_dropped_skbs=666 backlog=0 lost=2828 loss=0.021972 rcvbuf_drops=0 rcvbuf_scope=netns
    [TRUTH] leg=1 dev=cli1 egress_dgrams=36147 egress_skbs=14884 gso=2.43 netem_sent_dgrams=32671 netem_dropped_skbs=650 backlog=2309 lost=1167 loss=0.032285 rcvbuf_drops=0 rcvbuf_scope=netns
RUNTIME c8-100-BLKa s42 rep=4 attempt=1 15s rc=0
S3ROW {"arm": "BLKa", "busy_last": null, "busy_med": null, "cad_cli": false, "cad_srv": false, "cell": "c8-100", "cod": null, "coded_share": null, "cotenant": 0, "cpu_cli": 9.31, "cpu_srv": 6.68, "diag_lines": 0, "dnf": false, "feed_ratio_p0": null, "feed_ratio_p1": null, "gates_cli": true, "gates_srv": true, "gen_guard": false, "header": ["block", "auto"], "mbps": 58.949, "pa_cli": 0, "pa_srv": 0, "pipe_cli": ["block", "RaptorQ", "auto"], "pipe_srv": ["block", "RaptorQ", "auto"], "problems": [], "rc": 0, "rep": 4, "seconds": 13.570973, "seed": "42", "src": null, "status": "LIVE", "summary": true, "truth_egress_p0": 128711, "truth_egress_p1": 36147, "truth_gso_p0": 4.74, "truth_gso_p1": 2.43, "truth_loss_p0": 0.021972, "truth_loss_p1": 0.032285, "truth_lost_p0": 2828, "truth_lost_p1": 1167, "truth_rcvbuf_drops": 0, "util": 0.6860230287098795, "wall_s": 15.0, "winline_cli": false, "winline_srv": false}
BLOCK-COMPLETE rep=4 seed=42 block=6 2026-09-30T13:25:01Z
=== rep=4 seed=7 cell=c1s-400 arm=BLKb attempt=1 pipeline=block hint=bulk spec=c1/c1/single bytes=400000000 13:25:01
COTENANT c1s-400-BLKb s7 rep=4 before=0 after=0 load=1.71 1.59 1.73
--- RWM-C perf pipeline=block mode=single hint=bulk A=c1 B=c1 ooo=0 extra='' T=default (400000000 x 1) start=15:25:02
{"bytes":400000000,"dnf":0,"hint":"bulk","max_s":12.3969,"mean_mbps":258.13,"mean_s":12.3969,"median_s":12.3969,"min_s":12.3969,"proto":"rp-native","runs":1,"stdev_s":0.0,"summary":true}
    CPU: CPUSRV=8.71s CPUCLI=13.76s (srv=decoder cli=sender; whole-invocation incl warmup)
    [TRUTH] leg=0 dev=cli0 egress_dgrams=352470 egress_skbs=49156 gso=7.17 netem_sent_dgrams=352004 netem_dropped_skbs=58 backlog=0 lost=466 loss=0.001322 rcvbuf_drops=4 rcvbuf_scope=netns
RUNTIME c1s-400-BLKb s7 rep=4 attempt=1 14s rc=0
S3ROW {"arm": "BLKb", "busy_last": null, "busy_med": null, "cad_cli": false, "cad_srv": false, "cell": "c1s-400", "cod": null, "coded_share": null, "cotenant": 0, "cpu_cli": 13.76, "cpu_srv": 8.71, "diag_lines": 0, "dnf": false, "feed_ratio_p0": null, "gates_cli": true, "gates_srv": true, "gen_guard": false, "header": ["block", "bulk"], "mbps": 258.13, "pa_cli": 0, "pa_srv": 0, "pipe_cli": ["block", "RaptorQ", "bulk"], "pipe_srv": ["block", "RaptorQ", "bulk"], "problems": [], "rc": 0, "rep": 4, "seconds": 12.396866, "seed": "7", "src": null, "status": "LIVE", "summary": true, "truth_egress_p0": 352470, "truth_gso_p0": 7.17, "truth_loss_p0": 0.001322, "truth_lost_p0": 466, "truth_rcvbuf_drops": 4, "util": 1.1099579522760028, "wall_s": 14.0, "winline_cli": false, "winline_srv": false}
=== rep=4 seed=7 cell=c1s-400 arm=WINa attempt=1 pipeline=window hint=auto spec=c1/c1/single bytes=400000000 13:25:15
COTENANT c1s-400-WINa s7 rep=4 before=0 after=0 load=1.86 1.63 1.74
--- RWM-C perf pipeline=window mode=single hint=auto A=c1 B=c1 ooo=0 extra='' T=default (400000000 x 1) start=15:25:17
{"bytes":400000000,"dnf":0,"hint":"auto","max_s":13.1762,"mean_mbps":242.862,"mean_s":13.1762,"median_s":13.1762,"min_s":13.1762,"proto":"rp-native","runs":1,"stdev_s":0.0,"summary":true}
    CPU: CPUSRV=13.86s CPUCLI=17.50s (srv=decoder cli=sender; whole-invocation incl warmup)
    [TRUTH] leg=0 dev=cli0 egress_dgrams=376563 egress_skbs=59624 gso=6.32 netem_sent_dgrams=376116 netem_dropped_skbs=61 backlog=0 lost=447 loss=0.001187 rcvbuf_drops=29 rcvbuf_scope=netns
RUNTIME c1s-400-WINa s7 rep=4 attempt=1 15s rc=0
S3ROW {"arm": "WINa", "busy_last": 58.0, "busy_med": 57.5, "cad_cli": false, "cad_srv": false, "cell": "c1s-400", "cod": 32600, "coded_share": 0.08888791942282838, "cotenant": 0, "cpu_cli": 17.5, "cpu_srv": 13.86, "diag_lines": 52, "dnf": false, "feed_ratio_p0": 1.6006739679865207, "gates_cli": true, "gates_srv": true, "gen_guard": false, "header": ["window", "auto"], "mbps": 242.862, "pa_cli": 0, "pa_srv": 0, "pipe_cli": ["window", "Rlc", "auto"], "pipe_srv": ["window", "Rlc", "auto"], "plc_p0": 0.0019, "plu_last_p0": 0.0354, "plu_med_p0": 0.0354, "problems": [], "rc": 0, "rep": 4, "seconds": 13.176182, "seed": "7", "src": 334154, "status": "LIVE", "summary": true, "truth_egress_p0": 376563, "truth_gso_p0": 6.32, "truth_loss_p0": 0.001187, "truth_lost_p0": 447, "truth_rcvbuf_drops": 29, "util": 1.3281540889462515, "wall_s": 15.0, "winline_cli": true, "winline_srv": true}
=== rep=4 seed=7 cell=c1s-400 arm=BLKa attempt=1 pipeline=block hint=auto spec=c1/c1/single bytes=400000000 13:25:30
COTENANT c1s-400-BLKa s7 rep=4 before=0 after=0 load=1.96 1.67 1.75
--- RWM-C perf pipeline=block mode=single hint=auto A=c1 B=c1 ooo=0 extra='' T=default (400000000 x 1) start=15:25:32
{"bytes":400000000,"dnf":0,"hint":"auto","max_s":20.9743,"mean_mbps":152.568,"mean_s":20.9743,"median_s":20.9743,"min_s":20.9743,"proto":"rp-native","runs":1,"stdev_s":0.0,"summary":true}
    CPU: CPUSRV=11.87s CPUCLI=20.04s (srv=decoder cli=sender; whole-invocation incl warmup)
    [TRUTH] leg=0 dev=cli0 egress_dgrams=487921 egress_skbs=69282 gso=7.04 netem_sent_dgrams=487420 netem_dropped_skbs=72 backlog=0 lost=501 loss=0.001027 rcvbuf_drops=0 rcvbuf_scope=netns
RUNTIME c1s-400-BLKa s7 rep=4 attempt=1 23s rc=0
S3ROW {"arm": "BLKa", "busy_last": null, "busy_med": null, "cad_cli": false, "cad_srv": false, "cell": "c1s-400", "cod": null, "coded_share": null, "cotenant": 0, "cpu_cli": 20.04, "cpu_srv": 11.87, "diag_lines": 0, "dnf": false, "feed_ratio_p0": null, "gates_cli": true, "gates_srv": true, "gen_guard": false, "header": ["block", "auto"], "mbps": 152.568, "pa_cli": 0, "pa_srv": 0, "pipe_cli": ["block", "RaptorQ", "auto"], "pipe_srv": ["block", "RaptorQ", "auto"], "problems": [], "rc": 0, "rep": 4, "seconds": 20.974305, "seed": "7", "src": null, "status": "LIVE", "summary": true, "truth_egress_p0": 487921, "truth_gso_p0": 7.04, "truth_loss_p0": 0.001027, "truth_lost_p0": 501, "truth_rcvbuf_drops": 0, "util": 0.9554547814575977, "wall_s": 23.0, "winline_cli": false, "winline_srv": false}
=== rep=4 seed=7 cell=c1s-400 arm=A1 attempt=1 pipeline=window hint=bulk spec=c1/c1/single bytes=400000000 13:25:53
COTENANT c1s-400-A1 s7 rep=4 before=0 after=0 load=2.72 1.85 1.81
--- RWM-C perf pipeline=window mode=single hint=bulk A=c1 B=c1 ooo=0 extra='' T=default (400000000 x 1) start=15:25:55
{"bytes":400000000,"dnf":0,"hint":"bulk","max_s":10.6868,"mean_mbps":299.434,"mean_s":10.6868,"median_s":10.6868,"min_s":10.6868,"proto":"rp-native","runs":1,"stdev_s":0.0,"summary":true}
    CPU: CPUSRV=12.09s CPUCLI=14.54s (srv=decoder cli=sender; whole-invocation incl warmup)
    [TRUTH] leg=0 dev=cli0 egress_dgrams=342945 egress_skbs=40435 gso=8.48 netem_sent_dgrams=342536 netem_dropped_skbs=52 backlog=0 lost=409 loss=0.001193 rcvbuf_drops=1 rcvbuf_scope=netns
RUNTIME c1s-400-A1 s7 rep=4 attempt=1 13s rc=0
S3ROW {"arm": "A1", "busy_last": 53.0, "busy_med": 52.5, "cad_cli": false, "cad_srv": false, "cell": "c1s-400", "cod": 57, "coded_share": 0.00017157615272083657, "cotenant": 0, "cpu_cli": 14.54, "cpu_srv": 12.09, "diag_lines": 42, "dnf": false, "feed_ratio_p0": 1.005867560771165, "gates_cli": true, "gates_srv": true, "gen_guard": false, "header": ["window", "bulk"], "mbps": 299.434, "pa_cli": 0, "pa_srv": 0, "pipe_cli": ["window", "Rlc", "bulk"], "pipe_srv": ["window", "Rlc", "bulk"], "plc_p0": 0.0012, "plu_last_p0": 0.0354, "plu_med_p0": 0.0354, "problems": [], "rc": 0, "rep": 4, "seconds": 10.686814, "seed": "7", "src": 332157, "status": "LIVE", "summary": true, "truth_egress_p0": 342945, "truth_gso_p0": 8.48, "truth_loss_p0": 0.001193, "truth_lost_p0": 409, "truth_rcvbuf_drops": 1, "util": 1.360555166394774, "wall_s": 13.0, "winline_cli": true, "winline_srv": true}
=== rep=4 seed=7 cell=c1s-400 arm=A2 attempt=1 pipeline=window hint=bulk spec=c1/c1/single bytes=400000000 13:26:06
COTENANT c1s-400-A2 s7 rep=4 before=0 after=0 load=2.76 1.89 1.82
--- RWM-C perf pipeline=window mode=single hint=bulk A=c1 B=c1 ooo=0 extra='' T=default (400000000 x 1) start=15:26:08
{"bytes":400000000,"dnf":0,"hint":"bulk","max_s":10.7378,"mean_mbps":298.012,"mean_s":10.7378,"median_s":10.7378,"min_s":10.7378,"proto":"rp-native","runs":1,"stdev_s":0.0,"summary":true}
    CPU: CPUSRV=12.29s CPUCLI=14.73s (srv=decoder cli=sender; whole-invocation incl warmup)
    [TRUTH] leg=0 dev=cli0 egress_dgrams=342972 egress_skbs=40348 gso=8.50 netem_sent_dgrams=342523 netem_dropped_skbs=52 backlog=0 lost=449 loss=0.001309 rcvbuf_drops=1 rcvbuf_scope=netns
RUNTIME c1s-400-A2 s7 rep=4 attempt=1 13s rc=0
S3ROW {"arm": "A2", "busy_last": 52.0, "busy_med": 53.0, "cad_cli": false, "cad_srv": false, "cell": "c1s-400", "cod": 59, "coded_share": 0.00017871909901341, "cotenant": 0, "cpu_cli": 14.73, "cpu_srv": 12.29, "diag_lines": 42, "dnf": false, "feed_ratio_p0": 1.0695187165775402, "gates_cli": true, "gates_srv": true, "gen_guard": false, "header": ["window", "bulk"], "mbps": 298.012, "pa_cli": 0, "pa_srv": 0, "pipe_cli": ["window", "Rlc", "bulk"], "pipe_srv": ["window", "Rlc", "bulk"], "plc_p0": 0.0014, "plu_last_p0": 0.0369, "plu_med_p0": 0.0354, "problems": [], "rc": 0, "rep": 4, "seconds": 10.737823, "seed": "7", "src": 330068, "status": "LIVE", "summary": true, "truth_egress_p0": 342972, "truth_gso_p0": 8.5, "truth_loss_p0": 0.001309, "truth_lost_p0": 449, "truth_rcvbuf_drops": 1, "util": 1.3717864412553642, "wall_s": 13.0, "winline_cli": true, "winline_srv": true}
=== rep=4 seed=7 cell=c1d-400 arm=A2 attempt=1 pipeline=window hint=bulk spec=c1/c1/dual bytes=400000000 13:26:19
COTENANT c1d-400-A2 s7 rep=4 before=0 after=0 load=3.25 2.05 1.88
--- RWM-C perf pipeline=window mode=dual hint=bulk A=c1 B=c1 ooo=0 extra='' T=default (400000000 x 1) start=15:26:21
{"bytes":400000000,"dnf":0,"hint":"bulk","max_s":17.0061,"mean_mbps":188.168,"mean_s":17.0061,"median_s":17.0061,"min_s":17.0061,"proto":"rp-native","runs":1,"stdev_s":0.0,"summary":true}
    CPU: CPUSRV=21.31s CPUCLI=29.40s (srv=decoder cli=sender; whole-invocation incl warmup)
    [TRUTH] leg=0 dev=cli0 egress_dgrams=158307 egress_skbs=60813 gso=2.60 netem_sent_dgrams=158174 netem_dropped_skbs=61 backlog=0 lost=133 loss=0.000840 rcvbuf_drops=3 rcvbuf_scope=netns
    [TRUTH] leg=1 dev=cli1 egress_dgrams=200435 egress_skbs=68410 gso=2.93 netem_sent_dgrams=200283 netem_dropped_skbs=57 backlog=0 lost=152 loss=0.000758 rcvbuf_drops=3 rcvbuf_scope=netns
RUNTIME c1d-400-A2 s7 rep=4 attempt=1 19s rc=0
S3ROW {"arm": "A2", "busy_last": 95.0, "busy_med": 87.0, "cad_cli": false, "cad_srv": false, "cell": "c1d-400", "cod": 150, "coded_share": 0.00044305162142125053, "cotenant": 0, "cpu_cli": 29.4, "cpu_srv": 21.31, "diag_lines": 68, "dnf": false, "feed_ratio_p0": 1.0714285714285714, "feed_ratio_p1": 1.0554089709762533, "gates_cli": true, "gates_srv": true, "gen_guard": false, "header": ["window", "bulk"], "mbps": 188.168, "pa_cli": 0, "pa_srv": 0, "pipe_cli": ["window", "Rlc", "bulk"], "pipe_srv": ["window", "Rlc", "bulk"], "plc_p0": 0.0009, "plc_p1": 0.0008, "plu_last_p0": 0.0354, "plu_last_p1": 0.0354, "plu_med_p0": 0.0354, "plu_med_p1": 0.0354, "problems": [], "rc": 0, "rep": 4, "seconds": 17.006105, "seed": "7", "src": 338411, "status": "LIVE", "summary": true, "truth_egress_p0": 158307, "truth_egress_p1": 200435, "truth_gso_p0": 2.6, "truth_gso_p1": 2.93, "truth_loss_p0": 0.00084, "truth_loss_p1": 0.000758, "truth_lost_p0": 133, "truth_lost_p1": 152, "truth_rcvbuf_drops": 3, "util": 1.7287909253765044, "wall_s": 19.0, "winline_cli": true, "winline_srv": true}
=== rep=4 seed=7 cell=c1d-400 arm=CAD attempt=1 pipeline=window hint=bulk spec=c1/c1/dual bytes=400000000 13:26:38
COTENANT c1d-400-CAD s7 rep=4 before=0 after=0 load=3.20 2.08 1.89
--- RWM-C perf pipeline=window mode=dual hint=bulk A=c1 B=c1 ooo=0 extra='' T=default (400000000 x 1) start=15:26:40
{"bytes":400000000,"dnf":0,"hint":"bulk","max_s":9.7255,"mean_mbps":329.033,"mean_s":9.7255,"median_s":9.7255,"min_s":9.7255,"proto":"rp-native","runs":1,"stdev_s":0.0,"summary":true}
    CPU: CPUSRV=12.13s CPUCLI=13.43s (srv=decoder cli=sender; whole-invocation incl warmup)
    [TRUTH] leg=0 dev=cli0 egress_dgrams=50192 egress_skbs=14220 gso=3.53 netem_sent_dgrams=50149 netem_dropped_skbs=16 backlog=0 lost=43 loss=0.000857 rcvbuf_drops=28 rcvbuf_scope=netns
    [TRUTH] leg=1 dev=cli1 egress_dgrams=294070 egress_skbs=43069 gso=6.83 netem_sent_dgrams=293821 netem_dropped_skbs=47 backlog=0 lost=249 loss=0.000847 rcvbuf_drops=28 rcvbuf_scope=netns
RUNTIME c1d-400-CAD s7 rep=4 attempt=1 12s rc=0
S3ROW {"arm": "CAD", "busy_last": 66.0, "busy_med": 78.5, "cad_cli": true, "cad_srv": true, "cell": "c1d-400", "cod": 270, "coded_share": 0.000814189820817929, "cotenant": 0, "cpu_cli": 13.43, "cpu_srv": 12.13, "diag_lines": 38, "dnf": false, "feed_ratio_p0": 0.9334889148191365, "feed_ratio_p1": 2.125147579693034, "gates_cli": true, "gates_srv": true, "gen_guard": false, "header": ["window", "bulk"], "mbps": 329.033, "pa_cli": 0, "pa_srv": 0, "pipe_cli": ["window", "Rlc", "bulk"], "pipe_srv": ["window", "Rlc", "bulk"], "plc_p0": 0.0008, "plc_p1": 0.0018, "plu_last_p0": 0.0019, "plu_last_p1": 0.0003, "plu_med_p0": 0.0015, "plu_med_p1": 0.0007, "problems": [], "rc": 0, "rep": 4, "seconds": 9.725462, "seed": "7", "src": 331348, "status": "LIVE", "summary": true, "truth_egress_p0": 50192, "truth_egress_p1": 294070, "truth_gso_p0": 3.53, "truth_gso_p1": 6.83, "truth_loss_p0": 0.000857, "truth_loss_p1": 0.000847, "truth_lost_p0": 43, "truth_lost_p1": 249, "truth_rcvbuf_drops": 28, "util": 1.3809112615935366, "wall_s": 12.0, "winline_cli": true, "winline_srv": true}
=== rep=4 seed=7 cell=c1d-400 arm=A1 attempt=1 pipeline=window hint=bulk spec=c1/c1/dual bytes=400000000 13:26:50
COTENANT c1d-400-A1 s7 rep=4 before=0 after=0 load=3.38 2.19 1.93
--- RWM-C perf pipeline=window mode=dual hint=bulk A=c1 B=c1 ooo=0 extra='' T=default (400000000 x 1) start=15:26:52
{"bytes":400000000,"dnf":0,"hint":"bulk","max_s":17.0452,"mean_mbps":187.736,"mean_s":17.0452,"median_s":17.0452,"min_s":17.0452,"proto":"rp-native","runs":1,"stdev_s":0.0,"summary":true}
    CPU: CPUSRV=21.15s CPUCLI=29.50s (srv=decoder cli=sender; whole-invocation incl warmup)
    [TRUTH] leg=0 dev=cli0 egress_dgrams=180437 egress_skbs=67917 gso=2.66 netem_sent_dgrams=180250 netem_dropped_skbs=72 backlog=0 lost=187 loss=0.001036 rcvbuf_drops=2 rcvbuf_scope=netns
    [TRUTH] leg=1 dev=cli1 egress_dgrams=179553 egress_skbs=67954 gso=2.64 netem_sent_dgrams=179412 netem_dropped_skbs=57 backlog=0 lost=141 loss=0.000785 rcvbuf_drops=2 rcvbuf_scope=netns
RUNTIME c1d-400-A1 s7 rep=4 attempt=1 19s rc=0
S3ROW {"arm": "A1", "busy_last": 95.0, "busy_med": 87.0, "cad_cli": false, "cad_srv": false, "cell": "c1d-400", "cod": 130, "coded_share": 0.00038508820000888663, "cotenant": 0, "cpu_cli": 29.5, "cpu_srv": 21.15, "diag_lines": 68, "dnf": false, "feed_ratio_p0": 1.0617760617760619, "feed_ratio_p1": 1.019108280254777, "gates_cli": true, "gates_srv": true, "gen_guard": false, "header": ["window", "bulk"], "mbps": 187.736, "pa_cli": 0, "pa_srv": 0, "pipe_cli": ["window", "Rlc", "bulk"], "pipe_srv": ["window", "Rlc", "bulk"], "plc_p0": 0.0011, "plc_p1": 0.0008, "plu_last_p0": 0.0354, "plu_last_p1": 0.0354, "plu_med_p0": 0.0354, "plu_med_p1": 0.0354, "problems": [], "rc": 0, "rep": 4, "seconds": 17.045234, "seed": "7", "src": 337455, "status": "LIVE", "summary": true, "truth_egress_p0": 180437, "truth_egress_p1": 179553, "truth_gso_p0": 2.66, "truth_gso_p1": 2.64, "truth_loss_p0": 0.001036, "truth_loss_p1": 0.000785, "truth_lost_p0": 187, "truth_lost_p1": 141, "truth_rcvbuf_drops": 2, "util": 1.7306890594755109, "wall_s": 19.0, "winline_cli": true, "winline_srv": true}
=== rep=4 seed=7 cell=c2-100 arm=A2 attempt=1 pipeline=window hint=bulk spec=c2/c2/single bytes=100000000 13:27:09
COTENANT c2-100-A2 s7 rep=4 before=0 after=0 load=3.00 2.16 1.92
--- RWM-C perf pipeline=window mode=single hint=bulk A=c2 B=c2 ooo=0 extra='' T=default (100000000 x 1) start=15:27:11
{"bytes":100000000,"dnf":0,"hint":"bulk","max_s":8.9633,"mean_mbps":89.252,"mean_s":8.9633,"median_s":8.9633,"min_s":8.9633,"proto":"rp-native","runs":1,"stdev_s":0.0,"summary":true}
    CPU: CPUSRV=4.70s CPUCLI=4.91s (srv=decoder cli=sender; whole-invocation incl warmup)
    [TRUTH] leg=0 dev=cli0 egress_dgrams=91281 egress_skbs=18011 gso=5.07 netem_sent_dgrams=89103 netem_dropped_skbs=453 backlog=0 lost=2178 loss=0.023860 rcvbuf_drops=0 rcvbuf_scope=netns
RUNTIME c2-100-A2 s7 rep=4 attempt=1 11s rc=0
S3ROW {"arm": "A2", "busy_last": 17.0, "busy_med": 19.0, "cad_cli": false, "cad_srv": false, "cell": "c2-100", "cod": 413, "coded_share": 0.004908777559874012, "cotenant": 0, "cpu_cli": 4.91, "cpu_srv": 4.7, "diag_lines": 35, "dnf": false, "feed_ratio_p0": 1.0016764459346186, "gates_cli": true, "gates_srv": true, "gen_guard": false, "header": ["window", "bulk"], "mbps": 89.252, "pa_cli": 0, "pa_srv": 0, "pipe_cli": ["window", "Rlc", "bulk"], "pipe_srv": ["window", "Rlc", "bulk"], "plc_p0": 0.0239, "plu_last_p0": 0.085, "plu_med_p0": 0.0354, "problems": [], "rc": 0, "rep": 4, "seconds": 8.963343, "seed": "7", "src": 83722, "status": "LIVE", "summary": true, "truth_egress_p0": 91281, "truth_gso_p0": 5.07, "truth_loss_p0": 0.02386, "truth_lost_p0": 2178, "truth_rcvbuf_drops": 0, "util": 0.547786690746968, "wall_s": 11.0, "winline_cli": true, "winline_srv": true}
=== rep=4 seed=7 cell=c2-100 arm=CAD attempt=1 pipeline=window hint=bulk spec=c2/c2/single bytes=100000000 13:27:20
COTENANT c2-100-CAD s7 rep=4 before=0 after=0 load=2.69 2.12 1.91
--- RWM-C perf pipeline=window mode=single hint=bulk A=c2 B=c2 ooo=0 extra='' T=default (100000000 x 1) start=15:27:22
{"bytes":100000000,"dnf":0,"hint":"bulk","max_s":8.9977,"mean_mbps":88.911,"mean_s":8.9977,"median_s":8.9977,"min_s":8.9977,"proto":"rp-native","runs":1,"stdev_s":0.0,"summary":true}
    CPU: CPUSRV=4.52s CPUCLI=3.97s (srv=decoder cli=sender; whole-invocation incl warmup)
    [TRUTH] leg=0 dev=cli0 egress_dgrams=93826 egress_skbs=19438 gso=4.83 netem_sent_dgrams=91558 netem_dropped_skbs=489 backlog=0 lost=2268 loss=0.024172 rcvbuf_drops=0 rcvbuf_scope=netns
RUNTIME c2-100-CAD s7 rep=4 attempt=1 11s rc=0
S3ROW {"arm": "CAD", "busy_last": 16.0, "busy_med": 17.0, "cad_cli": true, "cad_srv": true, "cell": "c2-100", "cod": 393, "coded_share": 0.004681581016367665, "cotenant": 0, "cpu_cli": 3.97, "cpu_srv": 4.52, "diag_lines": 35, "dnf": false, "feed_ratio_p0": 1.009432401125269, "gates_cli": true, "gates_srv": true, "gen_guard": false, "header": ["window", "bulk"], "mbps": 88.911, "pa_cli": 0, "pa_srv": 0, "pipe_cli": ["window", "Rlc", "bulk"], "pipe_srv": ["window", "Rlc", "bulk"], "plc_p0": 0.0244, "plu_last_p0": 0.0193, "plu_med_p0": 0.0204, "problems": [], "rc": 0, "rep": 4, "seconds": 8.997735, "seed": "7", "src": 83553, "status": "LIVE", "summary": true, "truth_egress_p0": 93826, "truth_gso_p0": 4.83, "truth_loss_p0": 0.024172, "truth_lost_p0": 2268, "truth_rcvbuf_drops": 0, "util": 0.4412221520193693, "wall_s": 11.0, "winline_cli": true, "winline_srv": true}
=== rep=4 seed=7 cell=c2-100 arm=BLKb attempt=1 pipeline=block hint=bulk spec=c2/c2/single bytes=100000000 13:27:31
COTENANT c2-100-BLKb s7 rep=4 before=0 after=0 load=2.43 2.08 1.90
--- RWM-C perf pipeline=block mode=single hint=bulk A=c2 B=c2 ooo=0 extra='' T=default (100000000 x 1) start=15:27:34
{"bytes":100000000,"dnf":0,"hint":"bulk","max_s":8.9371,"mean_mbps":89.515,"mean_s":8.9371,"median_s":8.9371,"min_s":8.9371,"proto":"rp-native","runs":1,"stdev_s":0.0,"summary":true}
    CPU: CPUSRV=3.00s CPUCLI=3.95s (srv=decoder cli=sender; whole-invocation incl warmup)
    [TRUTH] leg=0 dev=cli0 egress_dgrams=91824 egress_skbs=17247 gso=5.32 netem_sent_dgrams=89645 netem_dropped_skbs=424 backlog=0 lost=2179 loss=0.023730 rcvbuf_drops=0 rcvbuf_scope=netns
RUNTIME c2-100-BLKb s7 rep=4 attempt=1 11s rc=0
S3ROW {"arm": "BLKb", "busy_last": null, "busy_med": null, "cad_cli": false, "cad_srv": false, "cell": "c2-100", "cod": null, "coded_share": null, "cotenant": 0, "cpu_cli": 3.95, "cpu_srv": 3.0, "diag_lines": 0, "dnf": false, "feed_ratio_p0": null, "gates_cli": true, "gates_srv": true, "gen_guard": false, "header": ["block", "bulk"], "mbps": 89.515, "pa_cli": 0, "pa_srv": 0, "pipe_cli": ["block", "RaptorQ", "bulk"], "pipe_srv": ["block", "RaptorQ", "bulk"], "problems": [], "rc": 0, "rep": 4, "seconds": 8.937094, "seed": "7", "src": null, "status": "LIVE", "summary": true, "truth_egress_p0": 91824, "truth_gso_p0": 5.32, "truth_loss_p0": 0.02373, "truth_lost_p0": 2179, "truth_rcvbuf_drops": 0, "util": 0.4419781195095408, "wall_s": 11.0, "winline_cli": false, "winline_srv": false}
=== rep=4 seed=7 cell=c2-100 arm=WINa attempt=1 pipeline=window hint=auto spec=c2/c2/single bytes=100000000 13:27:44
COTENANT c2-100-WINa s7 rep=4 before=0 after=0 load=2.11 2.03 1.89
--- RWM-C perf pipeline=window mode=single hint=auto A=c2 B=c2 ooo=0 extra='' T=default (100000000 x 1) start=15:27:46
{"bytes":100000000,"dnf":0,"hint":"auto","max_s":11.101,"mean_mbps":72.066,"mean_s":11.101,"median_s":11.101,"min_s":11.101,"proto":"rp-native","runs":1,"stdev_s":0.0,"summary":true}
    CPU: CPUSRV=6.41s CPUCLI=6.47s (srv=decoder cli=sender; whole-invocation incl warmup)
    [TRUTH] leg=0 dev=cli0 egress_dgrams=114824 egress_skbs=28041 gso=4.09 netem_sent_dgrams=112100 netem_dropped_skbs=702 backlog=0 lost=2724 loss=0.023723 rcvbuf_drops=0 rcvbuf_scope=netns
RUNTIME c2-100-WINa s7 rep=4 attempt=1 14s rc=0
S3ROW {"arm": "WINa", "busy_last": 19.0, "busy_med": 25.0, "cad_cli": false, "cad_srv": false, "cell": "c2-100", "cod": 20614, "coded_share": 0.1959170484137695, "cotenant": 0, "cpu_cli": 6.47, "cpu_srv": 6.41, "diag_lines": 44, "dnf": false, "feed_ratio_p0": 0.9990304767525185, "gates_cli": true, "gates_srv": true, "gen_guard": false, "header": ["window", "auto"], "mbps": 72.066, "pa_cli": 0, "pa_srv": 0, "pipe_cli": ["window", "Rlc", "auto"], "pipe_srv": ["window", "Rlc", "auto"], "plc_p0": 0.0237, "plu_last_p0": 0.0721, "plu_med_p0": 0.035449999999999995, "problems": [], "rc": 0, "rep": 4, "seconds": 11.100981, "seed": "7", "src": 84604, "status": "LIVE", "summary": true, "truth_egress_p0": 114824, "truth_gso_p0": 4.09, "truth_loss_p0": 0.023723, "truth_lost_p0": 2724, "truth_rcvbuf_drops": 0, "util": 0.5828313731912521, "wall_s": 14.0, "winline_cli": true, "winline_srv": true}
=== rep=4 seed=7 cell=c2-100 arm=BLKa attempt=1 pipeline=block hint=auto spec=c2/c2/single bytes=100000000 13:27:58
COTENANT c2-100-BLKa s7 rep=4 before=0 after=0 load=1.79 1.96 1.87
--- RWM-C perf pipeline=block mode=single hint=auto A=c2 B=c2 ooo=0 extra='' T=default (100000000 x 1) start=15:28:00
{"bytes":100000000,"dnf":0,"hint":"auto","max_s":14.0279,"mean_mbps":57.029,"mean_s":14.0279,"median_s":14.0279,"min_s":14.0279,"proto":"rp-native","runs":1,"stdev_s":0.0,"summary":true}
    CPU: CPUSRV=4.16s CPUCLI=5.90s (srv=decoder cli=sender; whole-invocation incl warmup)
    [TRUTH] leg=0 dev=cli0 egress_dgrams=140518 egress_skbs=25108 gso=5.60 netem_sent_dgrams=136959 netem_dropped_skbs=639 backlog=0 lost=3559 loss=0.025328 rcvbuf_drops=0 rcvbuf_scope=netns
RUNTIME c2-100-BLKa s7 rep=4 attempt=1 17s rc=0
S3ROW {"arm": "BLKa", "busy_last": null, "busy_med": null, "cad_cli": false, "cad_srv": false, "cell": "c2-100", "cod": null, "coded_share": null, "cotenant": 0, "cpu_cli": 5.9, "cpu_srv": 4.16, "diag_lines": 0, "dnf": false, "feed_ratio_p0": null, "gates_cli": true, "gates_srv": true, "gen_guard": false, "header": ["block", "auto"], "mbps": 57.029, "pa_cli": 0, "pa_srv": 0, "pipe_cli": ["block", "RaptorQ", "auto"], "pipe_srv": ["block", "RaptorQ", "auto"], "problems": [], "rc": 0, "rep": 4, "seconds": 14.027944, "seed": "7", "src": null, "status": "LIVE", "summary": true, "truth_egress_p0": 140518, "truth_gso_p0": 5.6, "truth_loss_p0": 0.025328, "truth_lost_p0": 3559, "truth_rcvbuf_drops": 0, "util": 0.42058907563360676, "wall_s": 17.0, "winline_cli": false, "winline_srv": false}
=== rep=4 seed=7 cell=c2-100 arm=A1 attempt=1 pipeline=window hint=bulk spec=c2/c2/single bytes=100000000 13:28:15
COTENANT c2-100-A1 s7 rep=4 before=0 after=0 load=1.54 1.90 1.85
--- RWM-C perf pipeline=window mode=single hint=bulk A=c2 B=c2 ooo=0 extra='' T=default (100000000 x 1) start=15:28:16
{"bytes":100000000,"dnf":0,"hint":"bulk","max_s":8.9887,"mean_mbps":89.001,"mean_s":8.9887,"median_s":8.9887,"min_s":8.9887,"proto":"rp-native","runs":1,"stdev_s":0.0,"summary":true}
    CPU: CPUSRV=4.59s CPUCLI=4.96s (srv=decoder cli=sender; whole-invocation incl warmup)
    [TRUTH] leg=0 dev=cli0 egress_dgrams=93383 egress_skbs=19999 gso=4.67 netem_sent_dgrams=91125 netem_dropped_skbs=492 backlog=0 lost=2258 loss=0.024180 rcvbuf_drops=0 rcvbuf_scope=netns
RUNTIME c2-100-A1 s7 rep=4 attempt=1 11s rc=0
S3ROW {"arm": "A1", "busy_last": 15.0, "busy_med": 19.0, "cad_cli": false, "cad_srv": false, "cell": "c2-100", "cod": 394, "coded_share": 0.004701838967982147, "cotenant": 0, "cpu_cli": 4.96, "cpu_srv": 4.59, "diag_lines": 35, "dnf": false, "feed_ratio_p0": 1.013234077750207, "gates_cli": true, "gates_srv": true, "gen_guard": false, "header": ["window", "bulk"], "mbps": 89.001, "pa_cli": 0, "pa_srv": 0, "pipe_cli": ["window", "Rlc", "bulk"], "pipe_srv": ["window", "Rlc", "bulk"], "plc_p0": 0.0245, "plu_last_p0": 0.0354, "plu_med_p0": 0.0354, "problems": [], "rc": 0, "rep": 4, "seconds": 8.988682, "seed": "7", "src": 83403, "status": "LIVE", "summary": true, "truth_egress_p0": 93383, "truth_gso_p0": 4.67, "truth_loss_p0": 0.02418, "truth_lost_p0": 2258, "truth_rcvbuf_drops": 0, "util": 0.5518050366004715, "wall_s": 11.0, "winline_cli": true, "winline_srv": true}
=== rep=4 seed=7 cell=c3-25 arm=A2 attempt=1 pipeline=window hint=bulk spec=c3/c3/single bytes=25000000 13:28:26
COTENANT c3-25-A2 s7 rep=4 before=0 after=0 load=1.50 1.87 1.84
--- RWM-C perf pipeline=window mode=single hint=bulk A=c3 B=c3 ooo=0 extra='' T=default (25000000 x 1) start=15:28:29
{"bytes":25000000,"dnf":0,"hint":"bulk","max_s":11.6746,"mean_mbps":17.131,"mean_s":11.6746,"median_s":11.6746,"min_s":11.6746,"proto":"rp-native","runs":1,"stdev_s":0.0,"summary":true}
    CPU: CPUSRV=1.73s CPUCLI=2.29s (srv=decoder cli=sender; whole-invocation incl warmup)
    [TRUTH] leg=0 dev=cli0 egress_dgrams=24430 egress_skbs=7213 gso=3.39 netem_sent_dgrams=23269 netem_dropped_skbs=320 backlog=0 lost=1161 loss=0.047524 rcvbuf_drops=0 rcvbuf_scope=netns
RUNTIME c3-25-A2 s7 rep=4 attempt=1 15s rc=0
S3ROW {"arm": "A2", "busy_last": 5.0, "busy_med": 8.0, "cad_cli": false, "cad_srv": false, "cell": "c3-25", "cod": 227, "coded_share": 0.01061789606623322, "cotenant": 0, "cpu_cli": 2.29, "cpu_srv": 1.73, "diag_lines": 46, "dnf": false, "feed_ratio_p0": 1.0015991919872067, "gates_cli": true, "gates_srv": true, "gen_guard": false, "header": ["window", "bulk"], "mbps": 17.131, "pa_cli": 0, "pa_srv": 0, "pipe_cli": ["window", "Rlc", "bulk"], "pipe_srv": ["window", "Rlc", "bulk"], "plc_p0": 0.0476, "plu_last_p0": 0.072, "plu_med_p0": 0.038900000000000004, "problems": [], "rc": 0, "rep": 4, "seconds": 11.67463, "seed": "7", "src": 21152, "status": "LIVE", "summary": true, "truth_egress_p0": 24430, "truth_gso_p0": 3.39, "truth_loss_p0": 0.047524, "truth_lost_p0": 1161, "truth_rcvbuf_drops": 0, "util": 0.19615182665317873, "wall_s": 15.0, "winline_cli": true, "winline_srv": true}
=== rep=4 seed=7 cell=c3-25 arm=CAD attempt=1 pipeline=window hint=bulk spec=c3/c3/single bytes=25000000 13:28:41
COTENANT c3-25-CAD s7 rep=4 before=0 after=0 load=1.27 1.81 1.82
--- RWM-C perf pipeline=window mode=single hint=bulk A=c3 B=c3 ooo=0 extra='' T=default (25000000 x 1) start=15:28:43
{"bytes":25000000,"dnf":0,"hint":"bulk","max_s":11.4656,"mean_mbps":17.444,"mean_s":11.4656,"median_s":11.4656,"min_s":11.4656,"proto":"rp-native","runs":1,"stdev_s":0.0,"summary":true}
    CPU: CPUSRV=1.61s CPUCLI=1.93s (srv=decoder cli=sender; whole-invocation incl warmup)
    [TRUTH] leg=0 dev=cli0 egress_dgrams=25163 egress_skbs=7576 gso=3.32 netem_sent_dgrams=24028 netem_dropped_skbs=340 backlog=0 lost=1135 loss=0.045106 rcvbuf_drops=0 rcvbuf_scope=netns
RUNTIME c3-25-CAD s7 rep=4 attempt=1 14s rc=0
S3ROW {"arm": "CAD", "busy_last": 7.0, "busy_med": 7.0, "cad_cli": true, "cad_srv": true, "cell": "c3-25", "cod": 209, "coded_share": 0.009784186133607977, "cotenant": 0, "cpu_cli": 1.93, "cpu_srv": 1.61, "diag_lines": 45, "dnf": false, "feed_ratio_p0": 1.0020839799583203, "gates_cli": true, "gates_srv": true, "gen_guard": false, "header": ["window", "bulk"], "mbps": 17.444, "pa_cli": 0, "pa_srv": 0, "pipe_cli": ["window", "Rlc", "bulk"], "pipe_srv": ["window", "Rlc", "bulk"], "plc_p0": 0.0452, "plu_last_p0": 0.2294, "plu_med_p0": 0.0242, "problems": [], "rc": 0, "rep": 4, "seconds": 11.465556, "seed": "7", "src": 21152, "status": "LIVE", "summary": true, "truth_egress_p0": 25163, "truth_gso_p0": 3.32, "truth_loss_p0": 0.045106, "truth_lost_p0": 1135, "truth_rcvbuf_drops": 0, "util": 0.16833025803545856, "wall_s": 14.0, "winline_cli": true, "winline_srv": true}
=== rep=4 seed=7 cell=c3-25 arm=BLKb attempt=1 pipeline=block hint=bulk spec=c3/c3/single bytes=25000000 13:28:55
COTENANT c3-25-BLKb s7 rep=4 before=0 after=0 load=1.21 1.77 1.81
--- RWM-C perf pipeline=block mode=single hint=bulk A=c3 B=c3 ooo=0 extra='' T=default (25000000 x 1) start=15:28:57
{"bytes":25000000,"dnf":0,"hint":"bulk","max_s":12.5166,"mean_mbps":15.979,"mean_s":12.5166,"median_s":12.5166,"min_s":12.5166,"proto":"rp-native","runs":1,"stdev_s":0.0,"summary":true}
    CPU: CPUSRV=1.60s CPUCLI=2.10s (srv=decoder cli=sender; whole-invocation incl warmup)
    [TRUTH] leg=0 dev=cli0 egress_dgrams=30640 egress_skbs=12284 gso=2.49 netem_sent_dgrams=27864 netem_dropped_skbs=547 backlog=1468 lost=1308 loss=0.042689 rcvbuf_drops=0 rcvbuf_scope=netns
RUNTIME c3-25-BLKb s7 rep=4 attempt=1 14s rc=0
S3ROW {"arm": "BLKb", "busy_last": null, "busy_med": null, "cad_cli": false, "cad_srv": false, "cell": "c3-25", "cod": null, "coded_share": null, "cotenant": 0, "cpu_cli": 2.1, "cpu_srv": 1.6, "diag_lines": 0, "dnf": false, "feed_ratio_p0": null, "gates_cli": true, "gates_srv": true, "gen_guard": false, "header": ["block", "bulk"], "mbps": 15.979, "pa_cli": 0, "pa_srv": 0, "pipe_cli": ["block", "RaptorQ", "bulk"], "pipe_srv": ["block", "RaptorQ", "bulk"], "problems": [], "rc": 0, "rep": 4, "seconds": 12.516553, "seed": "7", "src": null, "status": "LIVE", "summary": true, "truth_egress_p0": 30640, "truth_gso_p0": 2.49, "truth_loss_p0": 0.042689, "truth_lost_p0": 1308, "truth_rcvbuf_drops": 0, "util": 0.16777782189713095, "wall_s": 14.0, "winline_cli": false, "winline_srv": false}
=== rep=4 seed=7 cell=c3-25 arm=WINa attempt=1 pipeline=window hint=auto spec=c3/c3/single bytes=25000000 13:29:10
COTENANT c3-25-WINa s7 rep=4 before=0 after=0 load=0.87 1.65 1.77
--- RWM-C perf pipeline=window mode=single hint=auto A=c3 B=c3 ooo=0 extra='' T=default (25000000 x 1) start=15:29:11
{"bytes":25000000,"dnf":0,"hint":"auto","max_s":13.6543,"mean_mbps":14.647,"mean_s":13.6543,"median_s":13.6543,"min_s":13.6543,"proto":"rp-native","runs":1,"stdev_s":0.0,"summary":true}
    CPU: CPUSRV=1.93s CPUCLI=2.63s (srv=decoder cli=sender; whole-invocation incl warmup)
    [TRUTH] leg=0 dev=cli0 egress_dgrams=29330 egress_skbs=9307 gso=3.15 netem_sent_dgrams=27898 netem_dropped_skbs=434 backlog=0 lost=1432 loss=0.048824 rcvbuf_drops=0 rcvbuf_scope=netns
RUNTIME c3-25-WINa s7 rep=4 attempt=1 15s rc=0
S3ROW {"arm": "WINa", "busy_last": 5.0, "busy_med": 8.0, "cad_cli": false, "cad_srv": false, "cell": "c3-25", "cod": 630, "coded_share": 0.028922963915159305, "cotenant": 0, "cpu_cli": 2.63, "cpu_srv": 1.93, "diag_lines": 54, "dnf": false, "feed_ratio_p0": 0.9974602654432246, "gates_cli": true, "gates_srv": true, "gen_guard": false, "header": ["window", "auto"], "mbps": 14.647, "pa_cli": 0, "pa_srv": 0, "pipe_cli": ["window", "Rlc", "auto"], "pipe_srv": ["window", "Rlc", "auto"], "plc_p0": 0.0487, "plu_last_p0": 0.0505, "plu_med_p0": 0.04315, "problems": [], "rc": 0, "rep": 4, "seconds": 13.654309, "seed": "7", "src": 21152, "status": "LIVE", "summary": true, "truth_egress_p0": 29330, "truth_gso_p0": 3.15, "truth_loss_p0": 0.048824, "truth_lost_p0": 1432, "truth_rcvbuf_drops": 0, "util": 0.19261318899403843, "wall_s": 15.0, "winline_cli": true, "winline_srv": true}
=== rep=4 seed=7 cell=c3-25 arm=BLKa attempt=1 pipeline=block hint=auto spec=c3/c3/single bytes=25000000 13:29:26
COTENANT c3-25-BLKa s7 rep=4 before=0 after=0 load=0.53 1.49 1.71
--- RWM-C perf pipeline=block mode=single hint=auto A=c3 B=c3 ooo=0 extra='' T=default (25000000 x 1) start=15:29:27
{"bytes":25000000,"dnf":0,"hint":"auto","max_s":30.1268,"mean_mbps":6.639,"mean_s":30.1268,"median_s":30.1268,"min_s":30.1268,"proto":"rp-native","runs":1,"stdev_s":0.0,"summary":true}
    CPU: CPUSRV=2.93s CPUCLI=5.56s (srv=decoder cli=sender; whole-invocation incl warmup)
    [TRUTH] leg=0 dev=cli0 egress_dgrams=71896 egress_skbs=22455 gso=3.20 netem_sent_dgrams=64617 netem_dropped_skbs=1358 backlog=2265 lost=5014 loss=0.069740 rcvbuf_drops=0 rcvbuf_scope=netns
RUNTIME c3-25-BLKa s7 rep=4 attempt=1 32s rc=0
S3ROW {"arm": "BLKa", "busy_last": null, "busy_med": null, "cad_cli": false, "cad_srv": false, "cell": "c3-25", "cod": null, "coded_share": null, "cotenant": 0, "cpu_cli": 5.56, "cpu_srv": 2.93, "diag_lines": 0, "dnf": false, "feed_ratio_p0": null, "gates_cli": true, "gates_srv": true, "gen_guard": false, "header": ["block", "auto"], "mbps": 6.639, "pa_cli": 0, "pa_srv": 0, "pipe_cli": ["block", "RaptorQ", "auto"], "pipe_srv": ["block", "RaptorQ", "auto"], "problems": [], "rc": 0, "rep": 4, "seconds": 30.126802, "seed": "7", "src": null, "status": "LIVE", "summary": true, "truth_egress_p0": 71896, "truth_gso_p0": 3.2, "truth_loss_p0": 0.06974, "truth_lost_p0": 5014, "truth_rcvbuf_drops": 0, "util": 0.18455327585052006, "wall_s": 32.0, "winline_cli": false, "winline_srv": false}
=== rep=4 seed=7 cell=c3-25 arm=A1 attempt=1 pipeline=window hint=bulk spec=c3/c3/single bytes=25000000 13:29:58
COTENANT c3-25-A1 s7 rep=4 before=0 after=0 load=0.64 1.47 1.70
--- RWM-C perf pipeline=window mode=single hint=bulk A=c3 B=c3 ooo=0 extra='' T=default (25000000 x 1) start=15:30:00
{"bytes":25000000,"dnf":0,"hint":"bulk","max_s":11.7918,"mean_mbps":16.961,"mean_s":11.7918,"median_s":11.7918,"min_s":11.7918,"proto":"rp-native","runs":1,"stdev_s":0.0,"summary":true}
    CPU: CPUSRV=1.77s CPUCLI=2.34s (srv=decoder cli=sender; whole-invocation incl warmup)
    [TRUTH] leg=0 dev=cli0 egress_dgrams=25803 egress_skbs=8156 gso=3.16 netem_sent_dgrams=24676 netem_dropped_skbs=373 backlog=0 lost=1127 loss=0.043677 rcvbuf_drops=0 rcvbuf_scope=netns
RUNTIME c3-25-A1 s7 rep=4 attempt=1 14s rc=0
S3ROW {"arm": "A1", "busy_last": 3.0, "busy_med": 8.0, "cad_cli": false, "cad_srv": false, "cell": "c3-25", "cod": 223, "coded_share": 0.010432748538011696, "cotenant": 0, "cpu_cli": 2.34, "cpu_srv": 1.77, "diag_lines": 47, "dnf": false, "feed_ratio_p0": 0.9867893857178835, "gates_cli": true, "gates_srv": true, "gen_guard": false, "header": ["window", "bulk"], "mbps": 16.961, "pa_cli": 0, "pa_srv": 0, "pipe_cli": ["window", "Rlc", "bulk"], "pipe_srv": ["window", "Rlc", "bulk"], "plc_p0": 0.0431, "plu_last_p0": 0.1269, "plu_med_p0": 0.0395, "problems": [], "rc": 0, "rep": 4, "seconds": 11.791755, "seed": "7", "src": 21152, "status": "LIVE", "summary": true, "truth_egress_p0": 25803, "truth_gso_p0": 3.16, "truth_loss_p0": 0.043677, "truth_lost_p0": 1127, "truth_rcvbuf_drops": 0, "util": 0.19844374310694207, "wall_s": 14.0, "winline_cli": true, "winline_srv": true}
=== rep=4 seed=7 cell=c7-100 arm=A2 attempt=1 pipeline=window hint=bulk spec=c2/c2/dual bytes=100000000 13:30:12
COTENANT c7-100-A2 s7 rep=4 before=0 after=0 load=0.67 1.46 1.69
--- RWM-C perf pipeline=window mode=dual hint=bulk A=c2 B=c2 ooo=0 extra='' T=default (100000000 x 1) start=15:30:14
{"bytes":100000000,"dnf":0,"hint":"bulk","max_s":4.6091,"mean_mbps":173.57,"mean_s":4.6091,"median_s":4.6091,"min_s":4.6091,"proto":"rp-native","runs":1,"stdev_s":0.0,"summary":true}
    CPU: CPUSRV=5.68s CPUCLI=6.94s (srv=decoder cli=sender; whole-invocation incl warmup)
    [TRUTH] leg=0 dev=cli0 egress_dgrams=44214 egress_skbs=14279 gso=3.10 netem_sent_dgrams=43064 netem_dropped_skbs=365 backlog=0 lost=1150 loss=0.026010 rcvbuf_drops=0 rcvbuf_scope=netns
    [TRUTH] leg=1 dev=cli1 egress_dgrams=46746 egress_skbs=14532 gso=3.22 netem_sent_dgrams=45594 netem_dropped_skbs=371 backlog=0 lost=1152 loss=0.024644 rcvbuf_drops=0 rcvbuf_scope=netns
RUNTIME c7-100-A2 s7 rep=4 attempt=1 7s rc=0
S3ROW {"arm": "A2", "busy_last": 92.0, "busy_med": 84.5, "cad_cli": false, "cad_srv": false, "cell": "c7-100", "cod": 477, "coded_share": 0.0056619226797393375, "cotenant": 0, "cpu_cli": 6.94, "cpu_srv": 5.68, "diag_lines": 18, "dnf": false, "feed_ratio_p0": 1.0111495578623606, "feed_ratio_p1": 1.0225612725206947, "gates_cli": true, "gates_srv": true, "gen_guard": false, "header": ["window", "bulk"], "mbps": 173.57, "pa_cli": 0, "pa_srv": 0, "pipe_cli": ["window", "Rlc", "bulk"], "pipe_srv": ["window", "Rlc", "bulk"], "plc_p0": 0.0263, "plc_p1": 0.0252, "plu_last_p0": 0.0354, "plu_last_p1": 0.0354, "plu_med_p0": 0.03685, "plu_med_p1": 0.0355, "problems": [], "rc": 0, "rep": 4, "seconds": 4.609089, "seed": "7", "src": 83770, "status": "LIVE", "summary": true, "truth_egress_p0": 44214, "truth_egress_p1": 46746, "truth_gso_p0": 3.1, "truth_gso_p1": 3.22, "truth_loss_p0": 0.02601, "truth_loss_p1": 0.024644, "truth_lost_p0": 1150, "truth_lost_p1": 1152, "truth_rcvbuf_drops": 0, "util": 1.5057205447757682, "wall_s": 7.0, "winline_cli": true, "winline_srv": true}
=== rep=4 seed=7 cell=c7-100 arm=CAD attempt=1 pipeline=window hint=bulk spec=c2/c2/dual bytes=100000000 13:30:19
COTENANT c7-100-CAD s7 rep=4 before=0 after=0 load=1.12 1.53 1.71
--- RWM-C perf pipeline=window mode=dual hint=bulk A=c2 B=c2 ooo=0 extra='' T=default (100000000 x 1) start=15:30:21
{"bytes":100000000,"dnf":0,"hint":"bulk","max_s":4.5233,"mean_mbps":176.863,"mean_s":4.5233,"median_s":4.5233,"min_s":4.5233,"proto":"rp-native","runs":1,"stdev_s":0.0,"summary":true}
    CPU: CPUSRV=5.58s CPUCLI=5.69s (srv=decoder cli=sender; whole-invocation incl warmup)
    [TRUTH] leg=0 dev=cli0 egress_dgrams=46202 egress_skbs=17084 gso=2.70 netem_sent_dgrams=45132 netem_dropped_skbs=416 backlog=0 lost=1070 loss=0.023159 rcvbuf_drops=0 rcvbuf_scope=netns
    [TRUTH] leg=1 dev=cli1 egress_dgrams=46028 egress_skbs=14525 gso=3.17 netem_sent_dgrams=44832 netem_dropped_skbs=371 backlog=0 lost=1196 loss=0.025984 rcvbuf_drops=0 rcvbuf_scope=netns
RUNTIME c7-100-CAD s7 rep=4 attempt=1 7s rc=0
S3ROW {"arm": "CAD", "busy_last": 53.0, "busy_med": 67.0, "cad_cli": true, "cad_srv": true, "cell": "c7-100", "cod": 545, "coded_share": 0.006400544927127741, "cotenant": 0, "cpu_cli": 5.69, "cpu_srv": 5.58, "diag_lines": 18, "dnf": false, "feed_ratio_p0": 0.997452394317544, "feed_ratio_p1": 1.0044642857142858, "gates_cli": true, "gates_srv": true, "gen_guard": false, "header": ["window", "bulk"], "mbps": 176.863, "pa_cli": 0, "pa_srv": 0, "pipe_cli": ["window", "Rlc", "bulk"], "pipe_srv": ["window", "Rlc", "bulk"], "plc_p0": 0.0231, "plc_p1": 0.0261, "plu_last_p0": 0.0221, "plu_last_p1": 0.0192, "plu_med_p0": 0.02645, "plu_med_p1": 0.019799999999999998, "problems": [], "rc": 0, "rep": 4, "seconds": 4.523283, "seed": "7", "src": 84604, "status": "LIVE", "summary": true, "truth_egress_p0": 46202, "truth_egress_p1": 46028, "truth_gso_p0": 2.7, "truth_gso_p1": 3.17, "truth_loss_p0": 0.023159, "truth_loss_p1": 0.025984, "truth_lost_p0": 1070, "truth_lost_p1": 1196, "truth_rcvbuf_drops": 0, "util": 1.2579358841796988, "wall_s": 7.0, "winline_cli": true, "winline_srv": true}
=== rep=4 seed=7 cell=c7-100 arm=BLKb attempt=1 pipeline=block hint=bulk spec=c2/c2/dual bytes=100000000 13:30:26
COTENANT c7-100-BLKb s7 rep=4 before=0 after=0 load=1.03 1.50 1.70
--- RWM-C perf pipeline=block mode=dual hint=bulk A=c2 B=c2 ooo=0 extra='' T=default (100000000 x 1) start=15:30:28
{"bytes":100000000,"dnf":0,"hint":"bulk","max_s":4.5811,"mean_mbps":174.629,"mean_s":4.5811,"median_s":4.5811,"min_s":4.5811,"proto":"rp-native","runs":1,"stdev_s":0.0,"summary":true}
    CPU: CPUSRV=3.23s CPUCLI=4.32s (srv=decoder cli=sender; whole-invocation incl warmup)
    [TRUTH] leg=0 dev=cli0 egress_dgrams=47006 egress_skbs=8933 gso=5.26 netem_sent_dgrams=45680 netem_dropped_skbs=246 backlog=0 lost=1326 loss=0.028209 rcvbuf_drops=0 rcvbuf_scope=netns
    [TRUTH] leg=1 dev=cli1 egress_dgrams=46467 egress_skbs=8946 gso=5.19 netem_sent_dgrams=45161 netem_dropped_skbs=232 backlog=0 lost=1306 loss=0.028106 rcvbuf_drops=0 rcvbuf_scope=netns
RUNTIME c7-100-BLKb s7 rep=4 attempt=1 7s rc=0
S3ROW {"arm": "BLKb", "busy_last": null, "busy_med": null, "cad_cli": false, "cad_srv": false, "cell": "c7-100", "cod": null, "coded_share": null, "cotenant": 0, "cpu_cli": 4.32, "cpu_srv": 3.23, "diag_lines": 0, "dnf": false, "feed_ratio_p0": null, "feed_ratio_p1": null, "gates_cli": true, "gates_srv": true, "gen_guard": false, "header": ["block", "bulk"], "mbps": 174.629, "pa_cli": 0, "pa_srv": 0, "pipe_cli": ["block", "RaptorQ", "bulk"], "pipe_srv": ["block", "RaptorQ", "bulk"], "problems": [], "rc": 0, "rep": 4, "seconds": 4.581141, "seed": "7", "src": null, "status": "LIVE", "summary": true, "truth_egress_p0": 47006, "truth_egress_p1": 46467, "truth_gso_p0": 5.26, "truth_gso_p1": 5.19, "truth_loss_p0": 0.028209, "truth_loss_p1": 0.028106, "truth_lost_p0": 1326, "truth_lost_p1": 1306, "truth_rcvbuf_drops": 0, "util": 0.9429965154969037, "wall_s": 7.0, "winline_cli": false, "winline_srv": false}
=== rep=4 seed=7 cell=c7-100 arm=WINa attempt=1 pipeline=window hint=auto spec=c2/c2/dual bytes=100000000 13:30:33
COTENANT c7-100-WINa s7 rep=4 before=0 after=0 load=1.40 1.57 1.72
--- RWM-C perf pipeline=window mode=dual hint=auto A=c2 B=c2 ooo=0 extra='' T=default (100000000 x 1) start=15:30:34
{"bytes":100000000,"dnf":0,"hint":"auto","max_s":6.2015,"mean_mbps":129.001,"mean_s":6.2015,"median_s":6.2015,"min_s":6.2015,"proto":"rp-native","runs":1,"stdev_s":0.0,"summary":true}
    CPU: CPUSRV=8.23s CPUCLI=9.92s (srv=decoder cli=sender; whole-invocation incl warmup)
    [TRUTH] leg=0 dev=cli0 egress_dgrams=59777 egress_skbs=26444 gso=2.26 netem_sent_dgrams=58235 netem_dropped_skbs=670 backlog=0 lost=1542 loss=0.025796 rcvbuf_drops=0 rcvbuf_scope=netns
    [TRUTH] leg=1 dev=cli1 egress_dgrams=57783 egress_skbs=23608 gso=2.45 netem_sent_dgrams=56335 netem_dropped_skbs=604 backlog=0 lost=1448 loss=0.025059 rcvbuf_drops=0 rcvbuf_scope=netns
RUNTIME c7-100-WINa s7 rep=4 attempt=1 8s rc=0
S3ROW {"arm": "WINa", "busy_last": 78.0, "busy_med": 91.0, "cad_cli": false, "cad_srv": false, "cell": "c7-100", "cod": 18475, "coded_share": 0.1824276954370859, "cotenant": 0, "cpu_cli": 9.92, "cpu_srv": 8.23, "diag_lines": 24, "dnf": false, "feed_ratio_p0": 1.0040316328112886, "feed_ratio_p1": 1.0096173031645317, "gates_cli": true, "gates_srv": true, "gen_guard": false, "header": ["window", "auto"], "mbps": 129.001, "pa_cli": 0, "pa_srv": 0, "pipe_cli": ["window", "Rlc", "auto"], "pipe_srv": ["window", "Rlc", "auto"], "plc_p0": 0.0259, "plc_p1": 0.0253, "plu_last_p0": 0.045, "plu_last_p1": 0.0421, "plu_med_p0": 0.04325, "plu_med_p1": 0.045899999999999996, "problems": [], "rc": 0, "rep": 4, "seconds": 6.201521, "seed": "7", "src": 82798, "status": "LIVE", "summary": true, "truth_egress_p0": 59777, "truth_egress_p1": 57783, "truth_gso_p0": 2.26, "truth_gso_p1": 2.45, "truth_loss_p0": 0.025796, "truth_loss_p1": 0.025059, "truth_lost_p0": 1542, "truth_lost_p1": 1448, "truth_rcvbuf_drops": 0, "util": 1.5996075801404204, "wall_s": 8.0, "winline_cli": true, "winline_srv": true}
=== rep=4 seed=7 cell=c7-100 arm=BLKa attempt=1 pipeline=block hint=auto spec=c2/c2/dual bytes=100000000 13:30:41
COTENANT c7-100-BLKa s7 rep=4 before=0 after=0 load=1.64 1.62 1.74
--- RWM-C perf pipeline=block mode=dual hint=auto A=c2 B=c2 ooo=0 extra='' T=default (100000000 x 1) start=15:30:44
{"bytes":100000000,"dnf":0,"hint":"auto","max_s":6.804,"mean_mbps":117.578,"mean_s":6.804,"median_s":6.804,"min_s":6.804,"proto":"rp-native","runs":1,"stdev_s":0.0,"summary":true}
    CPU: CPUSRV=4.68s CPUCLI=6.80s (srv=decoder cli=sender; whole-invocation incl warmup)
    [TRUTH] leg=0 dev=cli0 egress_dgrams=71868 egress_skbs=14590 gso=4.93 netem_sent_dgrams=70046 netem_dropped_skbs=369 backlog=0 lost=1822 loss=0.025352 rcvbuf_drops=0 rcvbuf_scope=netns
    [TRUTH] leg=1 dev=cli1 egress_dgrams=71573 egress_skbs=15817 gso=4.53 netem_sent_dgrams=69827 netem_dropped_skbs=395 backlog=0 lost=1746 loss=0.024395 rcvbuf_drops=0 rcvbuf_scope=netns
RUNTIME c7-100-BLKa s7 rep=4 attempt=1 10s rc=0
S3ROW {"arm": "BLKa", "busy_last": null, "busy_med": null, "cad_cli": false, "cad_srv": false, "cell": "c7-100", "cod": null, "coded_share": null, "cotenant": 0, "cpu_cli": 6.8, "cpu_srv": 4.68, "diag_lines": 0, "dnf": false, "feed_ratio_p0": null, "feed_ratio_p1": null, "gates_cli": true, "gates_srv": true, "gen_guard": false, "header": ["block", "auto"], "mbps": 117.578, "pa_cli": 0, "pa_srv": 0, "pipe_cli": ["block", "RaptorQ", "auto"], "pipe_srv": ["block", "RaptorQ", "auto"], "problems": [], "rc": 0, "rep": 4, "seconds": 6.803997, "seed": "7", "src": null, "status": "LIVE", "summary": true, "truth_egress_p0": 71868, "truth_egress_p1": 71573, "truth_gso_p0": 4.93, "truth_gso_p1": 4.53, "truth_loss_p0": 0.025352, "truth_loss_p1": 0.024395, "truth_lost_p0": 1822, "truth_lost_p1": 1746, "truth_rcvbuf_drops": 0, "util": 0.999412551181313, "wall_s": 10.0, "winline_cli": false, "winline_srv": false}
=== rep=4 seed=7 cell=c7-100 arm=A1 attempt=1 pipeline=window hint=bulk spec=c2/c2/dual bytes=100000000 13:30:51
COTENANT c7-100-A1 s7 rep=4 before=0 after=0 load=1.67 1.62 1.74
--- RWM-C perf pipeline=window mode=dual hint=bulk A=c2 B=c2 ooo=0 extra='' T=default (100000000 x 1) start=15:30:54
{"bytes":100000000,"dnf":0,"hint":"bulk","max_s":4.5564,"mean_mbps":175.577,"mean_s":4.5564,"median_s":4.5564,"min_s":4.5564,"proto":"rp-native","runs":1,"stdev_s":0.0,"summary":true}
    CPU: CPUSRV=5.57s CPUCLI=6.82s (srv=decoder cli=sender; whole-invocation incl warmup)
    [TRUTH] leg=0 dev=cli0 egress_dgrams=45614 egress_skbs=14868 gso=3.07 netem_sent_dgrams=44483 netem_dropped_skbs=374 backlog=0 lost=1131 loss=0.024795 rcvbuf_drops=0 rcvbuf_scope=netns
    [TRUTH] leg=1 dev=cli1 egress_dgrams=46341 egress_skbs=16407 gso=2.82 netem_sent_dgrams=45185 netem_dropped_skbs=403 backlog=0 lost=1156 loss=0.024946 rcvbuf_drops=0 rcvbuf_scope=netns
RUNTIME c7-100-A1 s7 rep=4 attempt=1 8s rc=0
S3ROW {"arm": "A1", "busy_last": 50.0, "busy_med": 83.5, "cad_cli": false, "cad_srv": false, "cell": "c7-100", "cod": 458, "coded_share": 0.005384307916578496, "cotenant": 0, "cpu_cli": 6.82, "cpu_srv": 5.57, "diag_lines": 18, "dnf": false, "feed_ratio_p0": 1.0042347247428915, "feed_ratio_p1": 1.002164675699511, "gates_cli": true, "gates_srv": true, "gen_guard": false, "header": ["window", "bulk"], "mbps": 175.577, "pa_cli": 0, "pa_srv": 0, "pipe_cli": ["window", "Rlc", "bulk"], "pipe_srv": ["window", "Rlc", "bulk"], "plc_p0": 0.0249, "plc_p1": 0.025, "plu_last_p0": 0.5248, "plu_last_p1": 0.0437, "plu_med_p0": 0.038099999999999995, "plu_med_p1": 0.04575, "problems": [], "rc": 0, "rep": 4, "seconds": 4.556415, "seed": "7", "src": 84604, "status": "LIVE", "summary": true, "truth_egress_p0": 45614, "truth_egress_p1": 46341, "truth_gso_p0": 3.07, "truth_gso_p1": 2.82, "truth_loss_p0": 0.024795, "truth_loss_p1": 0.024946, "truth_lost_p0": 1131, "truth_lost_p1": 1156, "truth_rcvbuf_drops": 0, "util": 1.4967907883719986, "wall_s": 8.0, "winline_cli": true, "winline_srv": true}
=== rep=4 seed=7 cell=c8-100 arm=A2 attempt=1 pipeline=window hint=bulk spec=c2/c3/dual bytes=100000000 13:30:59
COTENANT c8-100-A2 s7 rep=4 before=0 after=0 load=1.65 1.62 1.74
--- RWM-C perf pipeline=window mode=dual hint=bulk A=c2 B=c3 ooo=0 extra='' T=default (100000000 x 1) start=15:31:02
{"bytes":100000000,"dnf":0,"hint":"bulk","max_s":7.9656,"mean_mbps":100.432,"mean_s":7.9656,"median_s":7.9656,"min_s":7.9656,"proto":"rp-native","runs":1,"stdev_s":0.0,"summary":true}
    CPU: CPUSRV=6.30s CPUCLI=8.49s (srv=decoder cli=sender; whole-invocation incl warmup)
    [TRUTH] leg=0 dev=cli0 egress_dgrams=77586 egress_skbs=19912 gso=3.90 netem_sent_dgrams=75533 netem_dropped_skbs=491 backlog=0 lost=2053 loss=0.026461 rcvbuf_drops=0 rcvbuf_scope=netns
    [TRUTH] leg=1 dev=cli1 egress_dgrams=18624 egress_skbs=12700 gso=1.47 netem_sent_dgrams=17629 netem_dropped_skbs=666 backlog=0 lost=995 loss=0.053426 rcvbuf_drops=0 rcvbuf_scope=netns
RUNTIME c8-100-A2 s7 rep=4 attempt=1 11s rc=0
S3ROW {"arm": "A2", "busy_last": 11.0, "busy_med": 62.0, "cad_cli": false, "cad_srv": false, "cell": "c8-100", "cod": 569, "coded_share": 0.006680520822326324, "cotenant": 0, "cpu_cli": 8.49, "cpu_srv": 6.3, "diag_lines": 31, "dnf": false, "feed_ratio_p0": 1.0052530138694682, "feed_ratio_p1": 1.0107438325908733, "gates_cli": true, "gates_srv": true, "gen_guard": false, "header": ["window", "bulk"], "mbps": 100.432, "pa_cli": 0, "pa_srv": 0, "pipe_cli": ["window", "Rlc", "bulk"], "pipe_srv": ["window", "Rlc", "bulk"], "plc_p0": 0.0266, "plc_p1": 0.054, "plu_last_p0": 0.0451, "plu_last_p1": 0.2151, "plu_med_p0": 0.0354, "plu_med_p1": 0.074, "problems": [], "rc": 0, "rep": 4, "seconds": 7.965614, "seed": "7", "src": 84604, "status": "LIVE", "summary": true, "truth_egress_p0": 77586, "truth_egress_p1": 18624, "truth_gso_p0": 3.9, "truth_gso_p1": 1.47, "truth_loss_p0": 0.026461, "truth_loss_p1": 0.053426, "truth_lost_p0": 2053, "truth_lost_p1": 995, "truth_rcvbuf_drops": 0, "util": 1.0658312089940587, "wall_s": 11.0, "winline_cli": true, "winline_srv": true}
=== rep=4 seed=7 cell=c8-100 arm=CAD attempt=1 pipeline=window hint=bulk spec=c2/c3/dual bytes=100000000 13:31:10
COTENANT c8-100-CAD s7 rep=4 before=0 after=0 load=1.73 1.64 1.74
--- RWM-C perf pipeline=window mode=dual hint=bulk A=c2 B=c3 ooo=0 extra='' T=default (100000000 x 1) start=15:31:12
{"bytes":100000000,"dnf":0,"hint":"bulk","max_s":7.6603,"mean_mbps":104.435,"mean_s":7.6603,"median_s":7.6603,"min_s":7.6603,"proto":"rp-native","runs":1,"stdev_s":0.0,"summary":true}
    CPU: CPUSRV=6.10s CPUCLI=7.07s (srv=decoder cli=sender; whole-invocation incl warmup)
    [TRUTH] leg=0 dev=cli0 egress_dgrams=75476 egress_skbs=16559 gso=4.56 netem_sent_dgrams=73675 netem_dropped_skbs=404 backlog=0 lost=1801 loss=0.023862 rcvbuf_drops=0 rcvbuf_scope=netns
    [TRUTH] leg=1 dev=cli1 egress_dgrams=18545 egress_skbs=12389 gso=1.50 netem_sent_dgrams=17537 netem_dropped_skbs=657 backlog=0 lost=1008 loss=0.054354 rcvbuf_drops=0 rcvbuf_scope=netns
RUNTIME c8-100-CAD s7 rep=4 attempt=1 10s rc=0
S3ROW {"arm": "CAD", "busy_last": 28.0, "busy_med": 55.5, "cad_cli": true, "cad_srv": true, "cell": "c8-100", "cod": 552, "coded_share": 0.0064822208652355676, "cotenant": 0, "cpu_cli": 7.07, "cpu_srv": 6.1, "diag_lines": 30, "dnf": false, "feed_ratio_p0": 0.9974017265945856, "feed_ratio_p1": 0.9898075578614269, "gates_cli": true, "gates_srv": true, "gen_guard": false, "header": ["window", "bulk"], "mbps": 104.435, "pa_cli": 0, "pa_srv": 0, "pipe_cli": ["window", "Rlc", "bulk"], "pipe_srv": ["window", "Rlc", "bulk"], "plc_p0": 0.0238, "plc_p1": 0.0538, "plu_last_p0": 0.0433, "plu_last_p1": 0.026, "plu_med_p0": 0.01725, "plu_med_p1": 0.0514, "problems": [], "rc": 0, "rep": 4, "seconds": 7.660262, "seed": "7", "src": 84604, "status": "LIVE", "summary": true, "truth_egress_p0": 75476, "truth_egress_p1": 18545, "truth_gso_p0": 4.56, "truth_gso_p1": 1.5, "truth_loss_p0": 0.023862, "truth_loss_p1": 0.054354, "truth_lost_p0": 1801, "truth_lost_p1": 1008, "truth_rcvbuf_drops": 0, "util": 0.922944933215078, "wall_s": 10.0, "winline_cli": true, "winline_srv": true}
=== rep=4 seed=7 cell=c8-100 arm=BLKb attempt=1 pipeline=block hint=bulk spec=c2/c3/dual bytes=100000000 13:31:20
COTENANT c8-100-BLKb s7 rep=4 before=0 after=0 load=1.63 1.62 1.73
--- RWM-C perf pipeline=block mode=dual hint=bulk A=c2 B=c3 ooo=0 extra='' T=default (100000000 x 1) start=15:31:22
{"bytes":100000000,"dnf":0,"hint":"bulk","max_s":7.9103,"mean_mbps":101.134,"mean_s":7.9103,"median_s":7.9103,"min_s":7.9103,"proto":"rp-native","runs":1,"stdev_s":0.0,"summary":true}
    CPU: CPUSRV=3.17s CPUCLI=4.38s (srv=decoder cli=sender; whole-invocation incl warmup)
    [TRUTH] leg=0 dev=cli0 egress_dgrams=82109 egress_skbs=15351 gso=5.35 netem_sent_dgrams=80079 netem_dropped_skbs=377 backlog=0 lost=2030 loss=0.024723 rcvbuf_drops=0 rcvbuf_scope=netns
    [TRUTH] leg=1 dev=cli1 egress_dgrams=13313 egress_skbs=4268 gso=3.12 netem_sent_dgrams=12620 netem_dropped_skbs=233 backlog=0 lost=693 loss=0.052054 rcvbuf_drops=0 rcvbuf_scope=netns
RUNTIME c8-100-BLKb s7 rep=4 attempt=1 10s rc=0
S3ROW {"arm": "BLKb", "busy_last": null, "busy_med": null, "cad_cli": false, "cad_srv": false, "cell": "c8-100", "cod": null, "coded_share": null, "cotenant": 0, "cpu_cli": 4.38, "cpu_srv": 3.17, "diag_lines": 0, "dnf": false, "feed_ratio_p0": null, "feed_ratio_p1": null, "gates_cli": true, "gates_srv": true, "gen_guard": false, "header": ["block", "bulk"], "mbps": 101.134, "pa_cli": 0, "pa_srv": 0, "pipe_cli": ["block", "RaptorQ", "bulk"], "pipe_srv": ["block", "RaptorQ", "bulk"], "problems": [], "rc": 0, "rep": 4, "seconds": 7.910317, "seed": "7", "src": null, "status": "LIVE", "summary": true, "truth_egress_p0": 82109, "truth_egress_p1": 13313, "truth_gso_p0": 5.35, "truth_gso_p1": 3.12, "truth_loss_p0": 0.024723, "truth_loss_p1": 0.052054, "truth_lost_p0": 2030, "truth_lost_p1": 693, "truth_rcvbuf_drops": 0, "util": 0.5537072660931287, "wall_s": 10.0, "winline_cli": false, "winline_srv": false}
=== rep=4 seed=7 cell=c8-100 arm=WINa attempt=1 pipeline=window hint=auto spec=c2/c3/dual bytes=100000000 13:31:31
COTENANT c8-100-WINa s7 rep=4 before=0 after=0 load=1.99 1.70 1.76
--- RWM-C perf pipeline=window mode=dual hint=auto A=c2 B=c3 ooo=0 extra='' T=default (100000000 x 1) start=15:31:33
{"bytes":100000000,"dnf":0,"hint":"auto","max_s":8.735,"mean_mbps":91.586,"mean_s":8.735,"median_s":8.735,"min_s":8.735,"proto":"rp-native","runs":1,"stdev_s":0.0,"summary":true}
    CPU: CPUSRV=6.40s CPUCLI=9.05s (srv=decoder cli=sender; whole-invocation incl warmup)
    [TRUTH] leg=0 dev=cli0 egress_dgrams=81489 egress_skbs=18182 gso=4.48 netem_sent_dgrams=79426 netem_dropped_skbs=459 backlog=0 lost=2063 loss=0.025316 rcvbuf_drops=0 rcvbuf_scope=netns
    [TRUTH] leg=1 dev=cli1 egress_dgrams=21119 egress_skbs=15611 gso=1.35 netem_sent_dgrams=20012 netem_dropped_skbs=811 backlog=0 lost=1107 loss=0.052417 rcvbuf_drops=0 rcvbuf_scope=netns
RUNTIME c8-100-WINa s7 rep=4 attempt=1 11s rc=0
S3ROW {"arm": "WINa", "busy_last": 7.0, "busy_med": 58.0, "cad_cli": false, "cad_srv": false, "cell": "c8-100", "cod": 542, "coded_share": 0.00636553684259977, "cotenant": 0, "cpu_cli": 9.05, "cpu_srv": 6.4, "diag_lines": 34, "dnf": false, "feed_ratio_p0": 0.9993679886237952, "feed_ratio_p1": 1.0111223458038423, "gates_cli": true, "gates_srv": true, "gen_guard": false, "header": ["window", "auto"], "mbps": 91.586, "pa_cli": 0, "pa_srv": 0, "pipe_cli": ["window", "Rlc", "auto"], "pipe_srv": ["window", "Rlc", "auto"], "plc_p0": 0.0253, "plc_p1": 0.053, "plu_last_p0": 0.0409, "plu_last_p1": 0.2159, "plu_med_p0": 0.03555, "plu_med_p1": 0.07755000000000001, "problems": [], "rc": 0, "rep": 4, "seconds": 8.734961, "seed": "7", "src": 84604, "status": "LIVE", "summary": true, "truth_egress_p0": 81489, "truth_egress_p1": 21119, "truth_gso_p0": 4.48, "truth_gso_p1": 1.35, "truth_loss_p0": 0.025316, "truth_loss_p1": 0.052417, "truth_lost_p0": 2063, "truth_lost_p1": 1107, "truth_rcvbuf_drops": 0, "util": 1.036066446089456, "wall_s": 11.0, "winline_cli": true, "winline_srv": true}
=== rep=4 seed=7 cell=c8-100 arm=BLKa attempt=1 pipeline=block hint=auto spec=c2/c3/dual bytes=100000000 13:31:43
COTENANT c8-100-BLKa s7 rep=4 before=0 after=0 load=1.57 1.62 1.73
--- RWM-C perf pipeline=block mode=dual hint=auto A=c2 B=c3 ooo=0 extra='' T=default (100000000 x 1) start=15:31:44
{"bytes":100000000,"dnf":0,"hint":"auto","max_s":15.8457,"mean_mbps":50.487,"mean_s":15.8457,"median_s":15.8457,"min_s":15.8457,"proto":"rp-native","runs":1,"stdev_s":0.0,"summary":true}
    CPU: CPUSRV=6.34s CPUCLI=10.18s (srv=decoder cli=sender; whole-invocation incl warmup)
    [TRUTH] leg=0 dev=cli0 egress_dgrams=129273 egress_skbs=26742 gso=4.83 netem_sent_dgrams=126219 netem_dropped_skbs=676 backlog=0 lost=3054 loss=0.023624 rcvbuf_drops=0 rcvbuf_scope=netns
    [TRUTH] leg=1 dev=cli1 egress_dgrams=40575 egress_skbs=17110 gso=2.37 netem_sent_dgrams=36917 netem_dropped_skbs=891 backlog=1720 lost=1938 loss=0.047763 rcvbuf_drops=0 rcvbuf_scope=netns
RUNTIME c8-100-BLKa s7 rep=4 attempt=1 18s rc=0
S3ROW {"arm": "BLKa", "busy_last": null, "busy_med": null, "cad_cli": false, "cad_srv": false, "cell": "c8-100", "cod": null, "coded_share": null, "cotenant": 0, "cpu_cli": 10.18, "cpu_srv": 6.34, "diag_lines": 0, "dnf": false, "feed_ratio_p0": null, "feed_ratio_p1": null, "gates_cli": true, "gates_srv": true, "gen_guard": false, "header": ["block", "auto"], "mbps": 50.487, "pa_cli": 0, "pa_srv": 0, "pipe_cli": ["block", "RaptorQ", "auto"], "pipe_srv": ["block", "RaptorQ", "auto"], "problems": [], "rc": 0, "rep": 4, "seconds": 15.845735, "seed": "7", "src": null, "status": "LIVE", "summary": true, "truth_egress_p0": 129273, "truth_egress_p1": 40575, "truth_gso_p0": 4.83, "truth_gso_p1": 2.37, "truth_loss_p0": 0.023624, "truth_loss_p1": 0.047763, "truth_lost_p0": 3054, "truth_lost_p1": 1938, "truth_rcvbuf_drops": 0, "util": 0.6424441655751532, "wall_s": 18.0, "winline_cli": false, "winline_srv": false}
=== rep=4 seed=7 cell=c8-100 arm=A1 attempt=1 pipeline=window hint=bulk spec=c2/c3/dual bytes=100000000 13:32:01
COTENANT c8-100-A1 s7 rep=4 before=0 after=0 load=1.40 1.58 1.71
--- RWM-C perf pipeline=window mode=dual hint=bulk A=c2 B=c3 ooo=0 extra='' T=default (100000000 x 1) start=15:32:03
{"bytes":100000000,"dnf":0,"hint":"bulk","max_s":8.0685,"mean_mbps":99.151,"mean_s":8.0685,"median_s":8.0685,"min_s":8.0685,"proto":"rp-native","runs":1,"stdev_s":0.0,"summary":true}
    CPU: CPUSRV=6.01s CPUCLI=7.97s (srv=decoder cli=sender; whole-invocation incl warmup)
    [TRUTH] leg=0 dev=cli0 egress_dgrams=77415 egress_skbs=19902 gso=3.89 netem_sent_dgrams=75540 netem_dropped_skbs=491 backlog=0 lost=1875 loss=0.024220 rcvbuf_drops=0 rcvbuf_scope=netns
    [TRUTH] leg=1 dev=cli1 egress_dgrams=18587 egress_skbs=12224 gso=1.52 netem_sent_dgrams=17596 netem_dropped_skbs=649 backlog=0 lost=991 loss=0.053317 rcvbuf_drops=0 rcvbuf_scope=netns
RUNTIME c8-100-A1 s7 rep=4 attempt=1 10s rc=0
S3ROW {"arm": "A1", "busy_last": 10.0, "busy_med": 59.5, "cad_cli": false, "cad_srv": false, "cell": "c8-100", "cod": 577, "coded_share": 0.006773811061152135, "cotenant": 0, "cpu_cli": 7.97, "cpu_srv": 6.01, "diag_lines": 32, "dnf": false, "feed_ratio_p0": 0.9991742361684559, "feed_ratio_p1": 1.0578239585873173, "gates_cli": true, "gates_srv": true, "gen_guard": false, "header": ["window", "bulk"], "mbps": 99.151, "pa_cli": 0, "pa_srv": 0, "pipe_cli": ["window", "Rlc", "bulk"], "pipe_srv": ["window", "Rlc", "bulk"], "plc_p0": 0.0242, "plc_p1": 0.0564, "plu_last_p0": 0.0354, "plu_last_p1": 0.2642, "plu_med_p0": 0.035449999999999995, "plu_med_p1": 0.086, "problems": [], "rc": 0, "rep": 4, "seconds": 8.068506, "seed": "7", "src": 84604, "status": "LIVE", "summary": true, "truth_egress_p0": 77415, "truth_egress_p1": 18587, "truth_gso_p0": 3.89, "truth_gso_p1": 1.52, "truth_loss_p0": 0.02422, "truth_loss_p1": 0.053317, "truth_lost_p0": 1875, "truth_lost_p1": 991, "truth_rcvbuf_drops": 0, "util": 0.9877912961829614, "wall_s": 10.0, "winline_cli": true, "winline_srv": true}
BLOCK-COMPLETE rep=4 seed=7 block=7 2026-09-30T13:32:11Z
=== rep=5 seed=42 cell=c1s-400 arm=WINa attempt=1 pipeline=window hint=auto spec=c1/c1/single bytes=400000000 13:32:11
COTENANT c1s-400-WINa s42 rep=5 before=0 after=0 load=1.53 1.60 1.72
--- RWM-C perf pipeline=window mode=single hint=auto A=c1 B=c1 ooo=0 extra='' T=default (400000000 x 1) start=15:32:13
{"bytes":400000000,"dnf":0,"hint":"auto","max_s":12.8521,"mean_mbps":248.987,"mean_s":12.8521,"median_s":12.8521,"min_s":12.8521,"proto":"rp-native","runs":1,"stdev_s":0.0,"summary":true}
    CPU: CPUSRV=13.50s CPUCLI=17.06s (srv=decoder cli=sender; whole-invocation incl warmup)
    [TRUTH] leg=0 dev=cli0 egress_dgrams=369790 egress_skbs=55258 gso=6.69 netem_sent_dgrams=369381 netem_dropped_skbs=59 backlog=0 lost=409 loss=0.001106 rcvbuf_drops=12 rcvbuf_scope=netns
RUNTIME c1s-400-WINa s42 rep=5 attempt=1 15s rc=0
S3ROW {"arm": "WINa", "busy_last": 61.0, "busy_med": 56.0, "cad_cli": false, "cad_srv": false, "cell": "c1s-400", "cod": 26739, "coded_share": 0.07374383951151843, "cotenant": 0, "cpu_cli": 17.06, "cpu_srv": 13.5, "diag_lines": 51, "dnf": false, "feed_ratio_p0": 1.3562386980108498, "gates_cli": true, "gates_srv": true, "gen_guard": false, "header": ["window", "auto"], "mbps": 248.987, "pa_cli": 0, "pa_srv": 0, "pipe_cli": ["window", "Rlc", "auto"], "pipe_srv": ["window", "Rlc", "auto"], "plc_p0": 0.0015, "plu_last_p0": 0.0354, "plu_med_p0": 0.0354, "problems": [], "rc": 0, "rep": 5, "seconds": 12.852053, "seed": "42", "src": 335854, "status": "LIVE", "summary": true, "truth_egress_p0": 369790, "truth_gso_p0": 6.69, "truth_loss_p0": 0.001106, "truth_lost_p0": 409, "truth_rcvbuf_drops": 12, "util": 1.32741438274492, "wall_s": 15.0, "winline_cli": true, "winline_srv": true}
=== rep=5 seed=42 cell=c1s-400 arm=BLKa attempt=1 pipeline=block hint=auto spec=c1/c1/single bytes=400000000 13:32:26
COTENANT c1s-400-BLKa s42 rep=5 before=0 after=0 load=2.06 1.71 1.75
--- RWM-C perf pipeline=block mode=single hint=auto A=c1 B=c1 ooo=0 extra='' T=default (400000000 x 1) start=15:32:28
{"bytes":400000000,"dnf":0,"hint":"auto","max_s":20.9238,"mean_mbps":152.936,"mean_s":20.9238,"median_s":20.9238,"min_s":20.9238,"proto":"rp-native","runs":1,"stdev_s":0.0,"summary":true}
    CPU: CPUSRV=12.03s CPUCLI=19.96s (srv=decoder cli=sender; whole-invocation incl warmup)
    [TRUTH] leg=0 dev=cli0 egress_dgrams=486162 egress_skbs=69472 gso=7.00 netem_sent_dgrams=485665 netem_dropped_skbs=72 backlog=0 lost=497 loss=0.001022 rcvbuf_drops=0 rcvbuf_scope=netns
RUNTIME c1s-400-BLKa s42 rep=5 attempt=1 23s rc=0
S3ROW {"arm": "BLKa", "busy_last": null, "busy_med": null, "cad_cli": false, "cad_srv": false, "cell": "c1s-400", "cod": null, "coded_share": null, "cotenant": 0, "cpu_cli": 19.96, "cpu_srv": 12.03, "diag_lines": 0, "dnf": false, "feed_ratio_p0": null, "gates_cli": true, "gates_srv": true, "gen_guard": false, "header": ["block", "auto"], "mbps": 152.936, "pa_cli": 0, "pa_srv": 0, "pipe_cli": ["block", "RaptorQ", "auto"], "pipe_srv": ["block", "RaptorQ", "auto"], "problems": [], "rc": 0, "rep": 5, "seconds": 20.923788, "seed": "42", "src": null, "status": "LIVE", "summary": true, "truth_egress_p0": 486162, "truth_gso_p0": 7.0, "truth_loss_p0": 0.001022, "truth_lost_p0": 497, "truth_rcvbuf_drops": 0, "util": 0.9539381683660723, "wall_s": 23.0, "winline_cli": false, "winline_srv": false}
=== rep=5 seed=42 cell=c1s-400 arm=A1 attempt=1 pipeline=window hint=bulk spec=c1/c1/single bytes=400000000 13:32:49
COTENANT c1s-400-A1 s42 rep=5 before=0 after=0 load=3.54 2.05 1.87
--- RWM-C perf pipeline=window mode=single hint=bulk A=c1 B=c1 ooo=0 extra='' T=default (400000000 x 1) start=15:32:51
{"bytes":400000000,"dnf":0,"hint":"bulk","max_s":10.4479,"mean_mbps":306.282,"mean_s":10.4479,"median_s":10.4479,"min_s":10.4479,"proto":"rp-native","runs":1,"stdev_s":0.0,"summary":true}
    CPU: CPUSRV=11.84s CPUCLI=14.33s (srv=decoder cli=sender; whole-invocation incl warmup)
    [TRUTH] leg=0 dev=cli0 egress_dgrams=343544 egress_skbs=40743 gso=8.43 netem_sent_dgrams=343134 netem_dropped_skbs=50 backlog=0 lost=410 loss=0.001193 rcvbuf_drops=35 rcvbuf_scope=netns
RUNTIME c1s-400-A1 s42 rep=5 attempt=1 12s rc=0
S3ROW {"arm": "A1", "busy_last": 41.0, "busy_med": 53.0, "cad_cli": false, "cad_srv": false, "cell": "c1s-400", "cod": 97, "coded_share": 0.00029249993969073407, "cotenant": 0, "cpu_cli": 14.33, "cpu_srv": 11.84, "diag_lines": 41, "dnf": false, "feed_ratio_p0": 1.9279128248113997, "gates_cli": true, "gates_srv": true, "gen_guard": false, "header": ["window", "bulk"], "mbps": 306.282, "pa_cli": 0, "pa_srv": 0, "pipe_cli": ["window", "Rlc", "bulk"], "pipe_srv": ["window", "Rlc", "bulk"], "plc_p0": 0.0023, "plu_last_p0": 0.0354, "plu_med_p0": 0.0354, "problems": [], "rc": 0, "rep": 5, "seconds": 10.447891, "seed": "42", "src": 331527, "status": "LIVE", "summary": true, "truth_egress_p0": 343544, "truth_gso_p0": 8.43, "truth_loss_p0": 0.001193, "truth_lost_p0": 410, "truth_rcvbuf_drops": 35, "util": 1.3715686735246375, "wall_s": 12.0, "winline_cli": true, "winline_srv": true}
=== rep=5 seed=42 cell=c1s-400 arm=A2 attempt=1 pipeline=window hint=bulk spec=c1/c1/single bytes=400000000 13:33:02
COTENANT c1s-400-A2 s42 rep=5 before=0 after=0 load=4.54 2.32 1.95
--- RWM-C perf pipeline=window mode=single hint=bulk A=c1 B=c1 ooo=0 extra='' T=default (400000000 x 1) start=15:33:03
{"bytes":400000000,"dnf":0,"hint":"bulk","max_s":10.4529,"mean_mbps":306.136,"mean_s":10.4529,"median_s":10.4529,"min_s":10.4529,"proto":"rp-native","runs":1,"stdev_s":0.0,"summary":true}
    CPU: CPUSRV=11.85s CPUCLI=14.32s (srv=decoder cli=sender; whole-invocation incl warmup)
    [TRUTH] leg=0 dev=cli0 egress_dgrams=343040 egress_skbs=40426 gso=8.49 netem_sent_dgrams=342630 netem_dropped_skbs=50 backlog=0 lost=410 loss=0.001195 rcvbuf_drops=2 rcvbuf_scope=netns
RUNTIME c1s-400-A2 s42 rep=5 attempt=1 12s rc=0
S3ROW {"arm": "A2", "busy_last": 57.0, "busy_med": 53.0, "cad_cli": false, "cad_srv": false, "cell": "c1s-400", "cod": 54, "coded_share": 0.00016247931397622988, "cotenant": 0, "cpu_cli": 14.32, "cpu_srv": 11.85, "diag_lines": 41, "dnf": false, "feed_ratio_p0": 1.0041841004184098, "gates_cli": true, "gates_srv": true, "gen_guard": false, "header": ["window", "bulk"], "mbps": 306.136, "pa_cli": 0, "pa_srv": 0, "pipe_cli": ["window", "Rlc", "bulk"], "pipe_srv": ["window", "Rlc", "bulk"], "plc_p0": 0.0012, "plu_last_p0": 0.0354, "plu_med_p0": 0.0354, "problems": [], "rc": 0, "rep": 5, "seconds": 10.452872, "seed": "42", "src": 332296, "status": "LIVE", "summary": true, "truth_egress_p0": 343040, "truth_gso_p0": 8.49, "truth_loss_p0": 0.001195, "truth_lost_p0": 410, "truth_rcvbuf_drops": 2, "util": 1.3699584190832912, "wall_s": 12.0, "winline_cli": true, "winline_srv": true}
=== rep=5 seed=42 cell=c1s-400 arm=BLKb attempt=1 pipeline=block hint=bulk spec=c1/c1/single bytes=400000000 13:33:14
COTENANT c1s-400-BLKb s42 rep=5 before=0 after=0 load=5.56 2.64 2.07
--- RWM-C perf pipeline=block mode=single hint=bulk A=c1 B=c1 ooo=0 extra='' T=default (400000000 x 1) start=15:33:16
{"bytes":400000000,"dnf":0,"hint":"bulk","max_s":11.8123,"mean_mbps":270.904,"mean_s":11.8123,"median_s":11.8123,"min_s":11.8123,"proto":"rp-native","runs":1,"stdev_s":0.0,"summary":true}
    CPU: CPUSRV=8.01s CPUCLI=12.67s (srv=decoder cli=sender; whole-invocation incl warmup)
    [TRUTH] leg=0 dev=cli0 egress_dgrams=352794 egress_skbs=50100 gso=7.04 netem_sent_dgrams=352429 netem_dropped_skbs=55 backlog=0 lost=365 loss=0.001035 rcvbuf_drops=0 rcvbuf_scope=netns
RUNTIME c1s-400-BLKb s42 rep=5 attempt=1 14s rc=0
S3ROW {"arm": "BLKb", "busy_last": null, "busy_med": null, "cad_cli": false, "cad_srv": false, "cell": "c1s-400", "cod": null, "coded_share": null, "cotenant": 0, "cpu_cli": 12.67, "cpu_srv": 8.01, "diag_lines": 0, "dnf": false, "feed_ratio_p0": null, "gates_cli": true, "gates_srv": true, "gen_guard": false, "header": ["block", "bulk"], "mbps": 270.904, "pa_cli": 0, "pa_srv": 0, "pipe_cli": ["block", "RaptorQ", "bulk"], "pipe_srv": ["block", "RaptorQ", "bulk"], "problems": [], "rc": 0, "rep": 5, "seconds": 11.812284, "seed": "42", "src": null, "status": "LIVE", "summary": true, "truth_egress_p0": 352794, "truth_gso_p0": 7.04, "truth_loss_p0": 0.001035, "truth_lost_p0": 365, "truth_rcvbuf_drops": 0, "util": 1.0726122060729322, "wall_s": 14.0, "winline_cli": false, "winline_srv": false}
=== rep=5 seed=42 cell=c1d-400 arm=CAD attempt=1 pipeline=window hint=bulk spec=c1/c1/dual bytes=400000000 13:33:28
COTENANT c1d-400-CAD s42 rep=5 before=0 after=0 load=6.29 2.96 2.18
--- RWM-C perf pipeline=window mode=dual hint=bulk A=c1 B=c1 ooo=0 extra='' T=default (400000000 x 1) start=15:33:30
{"bytes":400000000,"dnf":0,"hint":"bulk","max_s":11.9228,"mean_mbps":268.394,"mean_s":11.9228,"median_s":11.9228,"min_s":11.9228,"proto":"rp-native","runs":1,"stdev_s":0.0,"summary":true}
    CPU: CPUSRV=17.11s CPUCLI=19.70s (srv=decoder cli=sender; whole-invocation incl warmup)
    [TRUTH] leg=0 dev=cli0 egress_dgrams=195478 egress_skbs=58926 gso=3.32 netem_sent_dgrams=195220 netem_dropped_skbs=69 backlog=0 lost=258 loss=0.001320 rcvbuf_drops=3 rcvbuf_scope=netns
    [TRUTH] leg=1 dev=cli1 egress_dgrams=156273 egress_skbs=54125 gso=2.89 netem_sent_dgrams=156099 netem_dropped_skbs=48 backlog=0 lost=174 loss=0.001113 rcvbuf_drops=3 rcvbuf_scope=netns
RUNTIME c1d-400-CAD s42 rep=5 attempt=1 14s rc=0
S3ROW {"arm": "CAD", "busy_last": 60.0, "busy_med": 83.0, "cad_cli": true, "cad_srv": true, "cell": "c1d-400", "cod": 123, "coded_share": 0.0003693383138955283, "cotenant": 0, "cpu_cli": 19.7, "cpu_srv": 17.11, "diag_lines": 47, "dnf": false, "feed_ratio_p0": 1.0606060606060606, "feed_ratio_p1": 0.8984725965858041, "gates_cli": true, "gates_srv": true, "gen_guard": false, "header": ["window", "bulk"], "mbps": 268.394, "pa_cli": 0, "pa_srv": 0, "pipe_cli": ["window", "Rlc", "bulk"], "pipe_srv": ["window", "Rlc", "bulk"], "plc_p0": 0.0014, "plc_p1": 0.001, "plu_last_p0": 0.0006, "plu_last_p1": 0.0156, "plu_med_p0": 0.0011, "plu_med_p1": 0.0009, "problems": [], "rc": 0, "rep": 5, "seconds": 11.922787, "seed": "42", "src": 332905, "status": "LIVE", "summary": true, "truth_egress_p0": 195478, "truth_egress_p1": 156273, "truth_gso_p0": 3.32, "truth_gso_p1": 2.89, "truth_loss_p0": 0.00132, "truth_loss_p1": 0.001113, "truth_lost_p0": 258, "truth_lost_p1": 174, "truth_rcvbuf_drops": 3, "util": 1.6522982420133816, "wall_s": 14.0, "winline_cli": true, "winline_srv": true}
=== rep=5 seed=42 cell=c1d-400 arm=A1 attempt=1 pipeline=window hint=bulk spec=c1/c1/dual bytes=400000000 13:33:42
COTENANT c1d-400-A1 s42 rep=5 before=0 after=0 load=6.80 3.30 2.31
--- RWM-C perf pipeline=window mode=dual hint=bulk A=c1 B=c1 ooo=0 extra='' T=default (400000000 x 1) start=15:33:44
{"bytes":400000000,"dnf":0,"hint":"bulk","max_s":16.8171,"mean_mbps":190.283,"mean_s":16.8171,"median_s":16.8171,"min_s":16.8171,"proto":"rp-native","runs":1,"stdev_s":0.0,"summary":true}
    CPU: CPUSRV=20.80s CPUCLI=29.47s (srv=decoder cli=sender; whole-invocation incl warmup)
    [TRUTH] leg=0 dev=cli0 egress_dgrams=179932 egress_skbs=68547 gso=2.62 netem_sent_dgrams=179719 netem_dropped_skbs=72 backlog=0 lost=213 loss=0.001184 rcvbuf_drops=0 rcvbuf_scope=netns
    [TRUTH] leg=1 dev=cli1 egress_dgrams=180490 egress_skbs=69073 gso=2.61 netem_sent_dgrams=180367 netem_dropped_skbs=60 backlog=0 lost=123 loss=0.000681 rcvbuf_drops=0 rcvbuf_scope=netns
RUNTIME c1d-400-A1 s42 rep=5 attempt=1 19s rc=0
S3ROW {"arm": "A1", "busy_last": 95.0, "busy_med": 87.0, "cad_cli": false, "cad_srv": false, "cell": "c1d-400", "cod": 137, "coded_share": 0.0004060811391613387, "cotenant": 0, "cpu_cli": 29.47, "cpu_srv": 20.8, "diag_lines": 67, "dnf": false, "feed_ratio_p0": 1.0135135135135134, "feed_ratio_p1": 1.0279001468428781, "gates_cli": true, "gates_srv": true, "gen_guard": false, "header": ["window", "bulk"], "mbps": 190.283, "pa_cli": 0, "pa_srv": 0, "pipe_cli": ["window", "Rlc", "bulk"], "pipe_srv": ["window", "Rlc", "bulk"], "plc_p0": 0.0012, "plc_p1": 0.0007, "plu_last_p0": 0.0354, "plu_last_p1": 0.0354, "plu_med_p0": 0.0354, "plu_med_p1": 0.0354, "problems": [], "rc": 0, "rep": 5, "seconds": 16.817051, "seed": "42", "src": 337234, "status": "LIVE", "summary": true, "truth_egress_p0": 179932, "truth_egress_p1": 180490, "truth_gso_p0": 2.62, "truth_gso_p1": 2.61, "truth_loss_p0": 0.001184, "truth_loss_p1": 0.000681, "truth_lost_p0": 213, "truth_lost_p1": 123, "truth_rcvbuf_drops": 0, "util": 1.7523880970569692, "wall_s": 19.0, "winline_cli": true, "winline_srv": true}
=== rep=5 seed=42 cell=c1d-400 arm=A2 attempt=1 pipeline=window hint=bulk spec=c1/c1/dual bytes=400000000 13:34:01
COTENANT c1d-400-A2 s42 rep=5 before=0 after=0 load=6.43 3.38 2.35
--- RWM-C perf pipeline=window mode=dual hint=bulk A=c1 B=c1 ooo=0 extra='' T=default (400000000 x 1) start=15:34:03
{"bytes":400000000,"dnf":0,"hint":"bulk","max_s":16.3383,"mean_mbps":195.859,"mean_s":16.3383,"median_s":16.3383,"min_s":16.3383,"proto":"rp-native","runs":1,"stdev_s":0.0,"summary":true}
    CPU: CPUSRV=20.08s CPUCLI=28.05s (srv=decoder cli=sender; whole-invocation incl warmup)
    [TRUTH] leg=0 dev=cli0 egress_dgrams=148678 egress_skbs=55095 gso=2.70 netem_sent_dgrams=148501 netem_dropped_skbs=59 backlog=0 lost=177 loss=0.001190 rcvbuf_drops=7 rcvbuf_scope=netns
    [TRUTH] leg=1 dev=cli1 egress_dgrams=209157 egress_skbs=66235 gso=3.16 netem_sent_dgrams=208996 netem_dropped_skbs=56 backlog=0 lost=161 loss=0.000770 rcvbuf_drops=7 rcvbuf_scope=netns
RUNTIME c1d-400-A2 s42 rep=5 attempt=1 18s rc=0
S3ROW {"arm": "A2", "busy_last": 89.0, "busy_med": 87.0, "cad_cli": false, "cad_srv": false, "cell": "c1d-400", "cod": 189, "coded_share": 0.000561622464898596, "cotenant": 0, "cpu_cli": 28.05, "cpu_srv": 20.08, "diag_lines": 65, "dnf": false, "feed_ratio_p0": 1.4285714285714284, "feed_ratio_p1": 1.038961038961039, "gates_cli": true, "gates_srv": true, "gen_guard": false, "header": ["window", "bulk"], "mbps": 195.859, "pa_cli": 0, "pa_srv": 0, "pipe_cli": ["window", "Rlc", "bulk"], "pipe_srv": ["window", "Rlc", "bulk"], "plc_p0": 0.0017, "plc_p1": 0.0008, "plu_last_p0": 0.0354, "plu_last_p1": 0.0354, "plu_med_p0": 0.0354, "plu_med_p1": 0.0354, "problems": [], "rc": 0, "rep": 5, "seconds": 16.338252, "seed": "42", "src": 336336, "status": "LIVE", "summary": true, "truth_egress_p0": 148678, "truth_egress_p1": 209157, "truth_gso_p0": 2.7, "truth_gso_p1": 3.16, "truth_loss_p0": 0.00119, "truth_loss_p1": 0.00077, "truth_lost_p0": 177, "truth_lost_p1": 161, "truth_rcvbuf_drops": 7, "util": 1.7168299277058525, "wall_s": 18.0, "winline_cli": true, "winline_srv": true}
=== rep=5 seed=42 cell=c2-100 arm=CAD attempt=1 pipeline=window hint=bulk spec=c2/c2/single bytes=100000000 13:34:20
COTENANT c2-100-CAD s42 rep=5 before=0 after=0 load=5.46 3.32 2.35
--- RWM-C perf pipeline=window mode=single hint=bulk A=c2 B=c2 ooo=0 extra='' T=default (100000000 x 1) start=15:34:21
{"bytes":100000000,"dnf":0,"hint":"bulk","max_s":8.9998,"mean_mbps":88.891,"mean_s":8.9998,"median_s":8.9998,"min_s":8.9998,"proto":"rp-native","runs":1,"stdev_s":0.0,"summary":true}
    CPU: CPUSRV=4.57s CPUCLI=3.84s (srv=decoder cli=sender; whole-invocation incl warmup)
    [TRUTH] leg=0 dev=cli0 egress_dgrams=93670 egress_skbs=20080 gso=4.66 netem_sent_dgrams=91268 netem_dropped_skbs=521 backlog=0 lost=2402 loss=0.025643 rcvbuf_drops=0 rcvbuf_scope=netns
RUNTIME c2-100-CAD s42 rep=5 attempt=1 11s rc=0
S3ROW {"arm": "CAD", "busy_last": 18.0, "busy_med": 16.0, "cad_cli": true, "cad_srv": true, "cell": "c2-100", "cod": 412, "coded_share": 0.0049173479739810224, "cotenant": 0, "cpu_cli": 3.84, "cpu_srv": 4.57, "diag_lines": 35, "dnf": false, "feed_ratio_p0": 1.0022228288421793, "gates_cli": true, "gates_srv": true, "gen_guard": false, "header": ["window", "bulk"], "mbps": 88.891, "pa_cli": 0, "pa_srv": 0, "pipe_cli": ["window", "Rlc", "bulk"], "pipe_srv": ["window", "Rlc", "bulk"], "plc_p0": 0.0257, "plu_last_p0": 0.0205, "plu_med_p0": 0.0132, "problems": [], "rc": 0, "rep": 5, "seconds": 8.999755, "seed": "42", "src": 83373, "status": "LIVE", "summary": true, "truth_egress_p0": 93670, "truth_gso_p0": 4.66, "truth_loss_p0": 0.025643, "truth_lost_p0": 2402, "truth_rcvbuf_drops": 0, "util": 0.42667828179767114, "wall_s": 11.0, "winline_cli": true, "winline_srv": true}
=== rep=5 seed=42 cell=c2-100 arm=BLKb attempt=1 pipeline=block hint=bulk spec=c2/c2/single bytes=100000000 13:34:31
COTENANT c2-100-BLKb s42 rep=5 before=0 after=0 load=5.00 3.29 2.35
--- RWM-C perf pipeline=block mode=single hint=bulk A=c2 B=c2 ooo=0 extra='' T=default (100000000 x 1) start=15:34:32
{"bytes":100000000,"dnf":0,"hint":"bulk","max_s":8.9815,"mean_mbps":89.072,"mean_s":8.9815,"median_s":8.9815,"min_s":8.9815,"proto":"rp-native","runs":1,"stdev_s":0.0,"summary":true}
    CPU: CPUSRV=2.90s CPUCLI=3.83s (srv=decoder cli=sender; whole-invocation incl warmup)
    [TRUTH] leg=0 dev=cli0 egress_dgrams=92570 egress_skbs=17509 gso=5.29 netem_sent_dgrams=90054 netem_dropped_skbs=464 backlog=0 lost=2516 loss=0.027179 rcvbuf_drops=0 rcvbuf_scope=netns
RUNTIME c2-100-BLKb s42 rep=5 attempt=1 11s rc=0
S3ROW {"arm": "BLKb", "busy_last": null, "busy_med": null, "cad_cli": false, "cad_srv": false, "cell": "c2-100", "cod": null, "coded_share": null, "cotenant": 0, "cpu_cli": 3.83, "cpu_srv": 2.9, "diag_lines": 0, "dnf": false, "feed_ratio_p0": null, "gates_cli": true, "gates_srv": true, "gen_guard": false, "header": ["block", "bulk"], "mbps": 89.072, "pa_cli": 0, "pa_srv": 0, "pipe_cli": ["block", "RaptorQ", "bulk"], "pipe_srv": ["block", "RaptorQ", "bulk"], "problems": [], "rc": 0, "rep": 5, "seconds": 8.98146, "seed": "42", "src": null, "status": "LIVE", "summary": true, "truth_egress_p0": 92570, "truth_gso_p0": 5.29, "truth_loss_p0": 0.027179, "truth_lost_p0": 2516, "truth_rcvbuf_drops": 0, "util": 0.4264340096153632, "wall_s": 11.0, "winline_cli": false, "winline_srv": false}
=== rep=5 seed=42 cell=c2-100 arm=WINa attempt=1 pipeline=window hint=auto spec=c2/c2/single bytes=100000000 13:34:42
COTENANT c2-100-WINa s42 rep=5 before=0 after=0 load=4.63 3.26 2.35
--- RWM-C perf pipeline=window mode=single hint=auto A=c2 B=c2 ooo=0 extra='' T=default (100000000 x 1) start=15:34:43
{"bytes":100000000,"dnf":0,"hint":"auto","max_s":10.8692,"mean_mbps":73.603,"mean_s":10.8692,"median_s":10.8692,"min_s":10.8692,"proto":"rp-native","runs":1,"stdev_s":0.0,"summary":true}
    CPU: CPUSRV=6.27s CPUCLI=6.28s (srv=decoder cli=sender; whole-invocation incl warmup)
    [TRUTH] leg=0 dev=cli0 egress_dgrams=106375 egress_skbs=23112 gso=4.60 netem_sent_dgrams=103648 netem_dropped_skbs=579 backlog=0 lost=2727 loss=0.025636 rcvbuf_drops=0 rcvbuf_scope=netns
RUNTIME c2-100-WINa s42 rep=5 attempt=1 13s rc=0
S3ROW {"arm": "WINa", "busy_last": 22.0, "busy_med": 24.0, "cad_cli": false, "cad_srv": false, "cell": "c2-100", "cod": 18436, "coded_share": 0.17892080745341615, "cotenant": 0, "cpu_cli": 6.28, "cpu_srv": 6.27, "diag_lines": 43, "dnf": false, "feed_ratio_p0": 1.0024964893119053, "gates_cli": true, "gates_srv": true, "gen_guard": false, "header": ["window", "auto"], "mbps": 73.603, "pa_cli": 0, "pa_srv": 0, "pipe_cli": ["window", "Rlc", "auto"], "pipe_srv": ["window", "Rlc", "auto"], "plc_p0": 0.0257, "plu_last_p0": 0.0803, "plu_med_p0": 0.0355, "problems": [], "rc": 0, "rep": 5, "seconds": 10.86916, "seed": "42", "src": 84604, "status": "LIVE", "summary": true, "truth_egress_p0": 106375, "truth_gso_p0": 4.6, "truth_loss_p0": 0.025636, "truth_lost_p0": 2727, "truth_rcvbuf_drops": 0, "util": 0.5777815396957998, "wall_s": 13.0, "winline_cli": true, "winline_srv": true}
=== rep=5 seed=42 cell=c2-100 arm=BLKa attempt=1 pipeline=block hint=auto spec=c2/c2/single bytes=100000000 13:34:55
COTENANT c2-100-BLKa s42 rep=5 before=0 after=0 load=3.54 3.10 2.32
--- RWM-C perf pipeline=block mode=single hint=auto A=c2 B=c2 ooo=0 extra='' T=default (100000000 x 1) start=15:34:56
{"bytes":100000000,"dnf":0,"hint":"auto","max_s":13.4419,"mean_mbps":59.515,"mean_s":13.4419,"median_s":13.4419,"min_s":13.4419,"proto":"rp-native","runs":1,"stdev_s":0.0,"summary":true}
    CPU: CPUSRV=4.37s CPUCLI=6.02s (srv=decoder cli=sender; whole-invocation incl warmup)
    [TRUTH] leg=0 dev=cli0 egress_dgrams=137979 egress_skbs=25094 gso=5.50 netem_sent_dgrams=134536 netem_dropped_skbs=619 backlog=0 lost=3443 loss=0.024953 rcvbuf_drops=0 rcvbuf_scope=netns
RUNTIME c2-100-BLKa s42 rep=5 attempt=1 15s rc=0
S3ROW {"arm": "BLKa", "busy_last": null, "busy_med": null, "cad_cli": false, "cad_srv": false, "cell": "c2-100", "cod": null, "coded_share": null, "cotenant": 0, "cpu_cli": 6.02, "cpu_srv": 4.37, "diag_lines": 0, "dnf": false, "feed_ratio_p0": null, "gates_cli": true, "gates_srv": true, "gen_guard": false, "header": ["block", "auto"], "mbps": 59.515, "pa_cli": 0, "pa_srv": 0, "pipe_cli": ["block", "RaptorQ", "auto"], "pipe_srv": ["block", "RaptorQ", "auto"], "problems": [], "rc": 0, "rep": 5, "seconds": 13.441936, "seed": "42", "src": null, "status": "LIVE", "summary": true, "truth_egress_p0": 137979, "truth_gso_p0": 5.5, "truth_loss_p0": 0.024953, "truth_lost_p0": 3443, "truth_rcvbuf_drops": 0, "util": 0.4478521546301068, "wall_s": 15.0, "winline_cli": false, "winline_srv": false}
=== rep=5 seed=42 cell=c2-100 arm=A1 attempt=1 pipeline=window hint=bulk spec=c2/c2/single bytes=100000000 13:35:10
COTENANT c2-100-A1 s42 rep=5 before=0 after=0 load=3.23 3.05 2.31
--- RWM-C perf pipeline=window mode=single hint=bulk A=c2 B=c2 ooo=0 extra='' T=default (100000000 x 1) start=15:35:12
{"bytes":100000000,"dnf":0,"hint":"bulk","max_s":9.0114,"mean_mbps":88.776,"mean_s":9.0114,"median_s":9.0114,"min_s":9.0114,"proto":"rp-native","runs":1,"stdev_s":0.0,"summary":true}
    CPU: CPUSRV=4.40s CPUCLI=4.55s (srv=decoder cli=sender; whole-invocation incl warmup)
    [TRUTH] leg=0 dev=cli0 egress_dgrams=87606 egress_skbs=13383 gso=6.55 netem_sent_dgrams=85547 netem_dropped_skbs=334 backlog=0 lost=2059 loss=0.023503 rcvbuf_drops=0 rcvbuf_scope=netns
RUNTIME c2-100-A1 s42 rep=5 attempt=1 11s rc=0
S3ROW {"arm": "A1", "busy_last": 20.0, "busy_med": 17.0, "cad_cli": false, "cad_srv": false, "cell": "c2-100", "cod": 361, "coded_share": 0.004316065087696225, "cotenant": 0, "cpu_cli": 4.55, "cpu_srv": 4.4, "diag_lines": 35, "dnf": false, "feed_ratio_p0": 0.9956175807343743, "gates_cli": true, "gates_srv": true, "gen_guard": false, "header": ["window", "bulk"], "mbps": 88.776, "pa_cli": 0, "pa_srv": 0, "pipe_cli": ["window", "Rlc", "bulk"], "pipe_srv": ["window", "Rlc", "bulk"], "plc_p0": 0.0234, "plu_last_p0": 0.0353, "plu_med_p0": 0.0354, "problems": [], "rc": 0, "rep": 5, "seconds": 9.011408, "seed": "42", "src": 83280, "status": "LIVE", "summary": true, "truth_egress_p0": 87606, "truth_gso_p0": 6.55, "truth_loss_p0": 0.023503, "truth_lost_p0": 2059, "truth_rcvbuf_drops": 0, "util": 0.5049155470488075, "wall_s": 11.0, "winline_cli": true, "winline_srv": true}
=== rep=5 seed=42 cell=c2-100 arm=A2 attempt=1 pipeline=window hint=bulk spec=c2/c2/single bytes=100000000 13:35:21
COTENANT c2-100-A2 s42 rep=5 before=0 after=0 load=2.89 2.98 2.29
--- RWM-C perf pipeline=window mode=single hint=bulk A=c2 B=c2 ooo=0 extra='' T=default (100000000 x 1) start=15:35:23
{"bytes":100000000,"dnf":0,"hint":"bulk","max_s":8.9895,"mean_mbps":88.993,"mean_s":8.9895,"median_s":8.9895,"min_s":8.9895,"proto":"rp-native","runs":1,"stdev_s":0.0,"summary":true}
    CPU: CPUSRV=4.44s CPUCLI=4.92s (srv=decoder cli=sender; whole-invocation incl warmup)
    [TRUTH] leg=0 dev=cli0 egress_dgrams=93897 egress_skbs=19087 gso=4.92 netem_sent_dgrams=91513 netem_dropped_skbs=500 backlog=0 lost=2384 loss=0.025390 rcvbuf_drops=0 rcvbuf_scope=netns
RUNTIME c2-100-A2 s42 rep=5 attempt=1 10s rc=0
S3ROW {"arm": "A2", "busy_last": 19.0, "busy_med": 19.0, "cad_cli": false, "cad_srv": false, "cell": "c2-100", "cod": 425, "coded_share": 0.005063803929511849, "cotenant": 0, "cpu_cli": 4.92, "cpu_srv": 4.44, "diag_lines": 35, "dnf": false, "feed_ratio_p0": 1.0082709728239465, "gates_cli": true, "gates_srv": true, "gen_guard": false, "header": ["window", "bulk"], "mbps": 88.993, "pa_cli": 0, "pa_srv": 0, "pipe_cli": ["window", "Rlc", "bulk"], "pipe_srv": ["window", "Rlc", "bulk"], "plc_p0": 0.0256, "plu_last_p0": 0.0354, "plu_med_p0": 0.0355, "problems": [], "rc": 0, "rep": 5, "seconds": 8.989484, "seed": "42", "src": 83504, "status": "LIVE", "summary": true, "truth_egress_p0": 93897, "truth_gso_p0": 4.92, "truth_loss_p0": 0.02539, "truth_lost_p0": 2384, "truth_rcvbuf_drops": 0, "util": 0.5473061635128335, "wall_s": 10.0, "winline_cli": true, "winline_srv": true}
=== rep=5 seed=42 cell=c3-25 arm=CAD attempt=1 pipeline=window hint=bulk spec=c3/c3/single bytes=25000000 13:35:33
COTENANT c3-25-CAD s42 rep=5 before=0 after=0 load=2.41 2.87 2.27
--- RWM-C perf pipeline=window mode=single hint=bulk A=c3 B=c3 ooo=0 extra='' T=default (25000000 x 1) start=15:35:34
{"bytes":25000000,"dnf":0,"hint":"bulk","max_s":11.817,"mean_mbps":16.925,"mean_s":11.817,"median_s":11.817,"min_s":11.817,"proto":"rp-native","runs":1,"stdev_s":0.0,"summary":true}
    CPU: CPUSRV=1.71s CPUCLI=2.02s (srv=decoder cli=sender; whole-invocation incl warmup)
    [TRUTH] leg=0 dev=cli0 egress_dgrams=25835 egress_skbs=7933 gso=3.26 netem_sent_dgrams=24538 netem_dropped_skbs=397 backlog=0 lost=1297 loss=0.050203 rcvbuf_drops=0 rcvbuf_scope=netns
RUNTIME c3-25-CAD s42 rep=5 attempt=1 14s rc=0
S3ROW {"arm": "CAD", "busy_last": 7.0, "busy_med": 7.0, "cad_cli": true, "cad_srv": true, "cell": "c3-25", "cod": 261, "coded_share": 0.012188857236258347, "cotenant": 0, "cpu_cli": 2.02, "cpu_srv": 1.71, "diag_lines": 47, "dnf": false, "feed_ratio_p0": 0.9959564169471945, "gates_cli": true, "gates_srv": true, "gen_guard": false, "header": ["window", "bulk"], "mbps": 16.925, "pa_cli": 0, "pa_srv": 0, "pipe_cli": ["window", "Rlc", "bulk"], "pipe_srv": ["window", "Rlc", "bulk"], "plc_p0": 0.05, "plu_last_p0": 0.036, "plu_med_p0": 0.0461, "problems": [], "rc": 0, "rep": 5, "seconds": 11.816964, "seed": "42", "src": 21152, "status": "LIVE", "summary": true, "truth_egress_p0": 25835, "truth_gso_p0": 3.26, "truth_loss_p0": 0.050203, "truth_lost_p0": 1297, "truth_rcvbuf_drops": 0, "util": 0.1709406917038928, "wall_s": 14.0, "winline_cli": true, "winline_srv": true}
=== rep=5 seed=42 cell=c3-25 arm=BLKb attempt=1 pipeline=block hint=bulk spec=c3/c3/single bytes=25000000 13:35:47
COTENANT c3-25-BLKb s42 rep=5 before=0 after=0 load=2.01 2.76 2.24
--- RWM-C perf pipeline=block mode=single hint=bulk A=c3 B=c3 ooo=0 extra='' T=default (25000000 x 1) start=15:35:48
{"bytes":25000000,"dnf":0,"hint":"bulk","max_s":11.9738,"mean_mbps":16.703,"mean_s":11.9738,"median_s":11.9738,"min_s":11.9738,"proto":"rp-native","runs":1,"stdev_s":0.0,"summary":true}
    CPU: CPUSRV=1.54s CPUCLI=1.93s (srv=decoder cli=sender; whole-invocation incl warmup)
    [TRUTH] leg=0 dev=cli0 egress_dgrams=28684 egress_skbs=11839 gso=2.42 netem_sent_dgrams=26808 netem_dropped_skbs=574 backlog=463 lost=1413 loss=0.049261 rcvbuf_drops=0 rcvbuf_scope=netns
RUNTIME c3-25-BLKb s42 rep=5 attempt=1 14s rc=0
S3ROW {"arm": "BLKb", "busy_last": null, "busy_med": null, "cad_cli": false, "cad_srv": false, "cell": "c3-25", "cod": null, "coded_share": null, "cotenant": 0, "cpu_cli": 1.93, "cpu_srv": 1.54, "diag_lines": 0, "dnf": false, "feed_ratio_p0": null, "gates_cli": true, "gates_srv": true, "gen_guard": false, "header": ["block", "bulk"], "mbps": 16.703, "pa_cli": 0, "pa_srv": 0, "pipe_cli": ["block", "RaptorQ", "bulk"], "pipe_srv": ["block", "RaptorQ", "bulk"], "problems": [], "rc": 0, "rep": 5, "seconds": 11.973818, "seed": "42", "src": null, "status": "LIVE", "summary": true, "truth_egress_p0": 28684, "truth_gso_p0": 2.42, "truth_loss_p0": 0.049261, "truth_lost_p0": 1413, "truth_rcvbuf_drops": 0, "util": 0.1611850121657102, "wall_s": 14.0, "winline_cli": false, "winline_srv": false}
=== rep=5 seed=42 cell=c3-25 arm=WINa attempt=1 pipeline=window hint=auto spec=c3/c3/single bytes=25000000 13:36:01
COTENANT c3-25-WINa s42 rep=5 before=0 after=0 load=1.77 2.67 2.22
--- RWM-C perf pipeline=window mode=single hint=auto A=c3 B=c3 ooo=0 extra='' T=default (25000000 x 1) start=15:36:03
{"bytes":25000000,"dnf":0,"hint":"auto","max_s":12.9426,"mean_mbps":15.453,"mean_s":12.9426,"median_s":12.9426,"min_s":12.9426,"proto":"rp-native","runs":1,"stdev_s":0.0,"summary":true}
    CPU: CPUSRV=1.84s CPUCLI=2.50s (srv=decoder cli=sender; whole-invocation incl warmup)
    [TRUTH] leg=0 dev=cli0 egress_dgrams=29098 egress_skbs=9002 gso=3.23 netem_sent_dgrams=27677 netem_dropped_skbs=452 backlog=0 lost=1421 loss=0.048835 rcvbuf_drops=0 rcvbuf_scope=netns
RUNTIME c3-25-WINa s42 rep=5 attempt=1 15s rc=0
S3ROW {"arm": "WINa", "busy_last": 5.0, "busy_med": 8.0, "cad_cli": false, "cad_srv": false, "cell": "c3-25", "cod": 665, "coded_share": 0.030480817710959344, "cotenant": 0, "cpu_cli": 2.5, "cpu_srv": 1.84, "diag_lines": 51, "dnf": false, "feed_ratio_p0": 1.003378724275622, "gates_cli": true, "gates_srv": true, "gen_guard": false, "header": ["window", "auto"], "mbps": 15.453, "pa_cli": 0, "pa_srv": 0, "pipe_cli": ["window", "Rlc", "auto"], "pipe_srv": ["window", "Rlc", "auto"], "plc_p0": 0.049, "plu_last_p0": 0.1264, "plu_med_p0": 0.0527, "problems": [], "rc": 0, "rep": 5, "seconds": 12.942623, "seed": "42", "src": 21152, "status": "LIVE", "summary": true, "truth_egress_p0": 29098, "truth_gso_p0": 3.23, "truth_loss_p0": 0.048835, "truth_lost_p0": 1421, "truth_rcvbuf_drops": 0, "util": 0.19316022725841586, "wall_s": 15.0, "winline_cli": true, "winline_srv": true}
=== rep=5 seed=42 cell=c3-25 arm=BLKa attempt=1 pipeline=block hint=auto spec=c3/c3/single bytes=25000000 13:36:16
COTENANT c3-25-BLKa s42 rep=5 before=0 after=0 load=1.20 2.44 2.16
--- RWM-C perf pipeline=block mode=single hint=auto A=c3 B=c3 ooo=0 extra='' T=default (25000000 x 1) start=15:36:18
{"bytes":25000000,"dnf":0,"hint":"auto","max_s":27.7674,"mean_mbps":7.203,"mean_s":27.7674,"median_s":27.7674,"min_s":27.7674,"proto":"rp-native","runs":1,"stdev_s":0.0,"summary":true}
    CPU: CPUSRV=2.90s CPUCLI=5.09s (srv=decoder cli=sender; whole-invocation incl warmup)
    [TRUTH] leg=0 dev=cli0 egress_dgrams=63796 egress_skbs=22144 gso=2.88 netem_sent_dgrams=58498 netem_dropped_skbs=1125 backlog=2368 lost=2930 loss=0.045928 rcvbuf_drops=0 rcvbuf_scope=netns
RUNTIME c3-25-BLKa s42 rep=5 attempt=1 31s rc=0
S3ROW {"arm": "BLKa", "busy_last": null, "busy_med": null, "cad_cli": false, "cad_srv": false, "cell": "c3-25", "cod": null, "coded_share": null, "cotenant": 0, "cpu_cli": 5.09, "cpu_srv": 2.9, "diag_lines": 0, "dnf": false, "feed_ratio_p0": null, "gates_cli": true, "gates_srv": true, "gen_guard": false, "header": ["block", "auto"], "mbps": 7.203, "pa_cli": 0, "pa_srv": 0, "pipe_cli": ["block", "RaptorQ", "auto"], "pipe_srv": ["block", "RaptorQ", "auto"], "problems": [], "rc": 0, "rep": 5, "seconds": 27.767439, "seed": "42", "src": null, "status": "LIVE", "summary": true, "truth_egress_p0": 63796, "truth_gso_p0": 2.88, "truth_loss_p0": 0.045928, "truth_lost_p0": 2930, "truth_rcvbuf_drops": 0, "util": 0.1833082265887034, "wall_s": 31.0, "winline_cli": false, "winline_srv": false}
=== rep=5 seed=42 cell=c3-25 arm=A1 attempt=1 pipeline=window hint=bulk spec=c3/c3/single bytes=25000000 13:36:47
COTENANT c3-25-A1 s42 rep=5 before=0 after=0 load=1.09 2.36 2.13
--- RWM-C perf pipeline=window mode=single hint=bulk A=c3 B=c3 ooo=0 extra='' T=default (25000000 x 1) start=15:36:48
{"bytes":25000000,"dnf":0,"hint":"bulk","max_s":11.6362,"mean_mbps":17.188,"mean_s":11.6362,"median_s":11.6362,"min_s":11.6362,"proto":"rp-native","runs":1,"stdev_s":0.0,"summary":true}
    CPU: CPUSRV=1.57s CPUCLI=2.19s (srv=decoder cli=sender; whole-invocation incl warmup)
    [TRUTH] leg=0 dev=cli0 egress_dgrams=25780 egress_skbs=7629 gso=3.38 netem_sent_dgrams=24559 netem_dropped_skbs=383 backlog=0 lost=1221 loss=0.047362 rcvbuf_drops=0 rcvbuf_scope=netns
RUNTIME c3-25-A1 s42 rep=5 attempt=1 13s rc=0
S3ROW {"arm": "A1", "busy_last": 7.0, "busy_med": 7.0, "cad_cli": false, "cad_srv": false, "cell": "c3-25", "cod": 224, "coded_share": 0.010479041916167664, "cotenant": 0, "cpu_cli": 2.19, "cpu_srv": 1.57, "diag_lines": 46, "dnf": false, "feed_ratio_p0": 0.9881339470461551, "gates_cli": true, "gates_srv": true, "gen_guard": false, "header": ["window", "bulk"], "mbps": 17.188, "pa_cli": 0, "pa_srv": 0, "pipe_cli": ["window", "Rlc", "bulk"], "pipe_srv": ["window", "Rlc", "bulk"], "plc_p0": 0.0468, "plu_last_p0": 0.0903, "plu_med_p0": 0.041249999999999995, "problems": [], "rc": 0, "rep": 5, "seconds": 11.636179, "seed": "42", "src": 21152, "status": "LIVE", "summary": true, "truth_egress_p0": 25780, "truth_gso_p0": 3.38, "truth_loss_p0": 0.047362, "truth_lost_p0": 1221, "truth_rcvbuf_drops": 0, "util": 0.18820611130165665, "wall_s": 13.0, "winline_cli": true, "winline_srv": true}
=== rep=5 seed=42 cell=c3-25 arm=A2 attempt=1 pipeline=window hint=bulk spec=c3/c3/single bytes=25000000 13:37:01
COTENANT c3-25-A2 s42 rep=5 before=0 after=0 load=0.92 2.28 2.11
--- RWM-C perf pipeline=window mode=single hint=bulk A=c3 B=c3 ooo=0 extra='' T=default (25000000 x 1) start=15:37:02
{"bytes":25000000,"dnf":0,"hint":"bulk","max_s":11.7108,"mean_mbps":17.078,"mean_s":11.7108,"median_s":11.7108,"min_s":11.7108,"proto":"rp-native","runs":1,"stdev_s":0.0,"summary":true}
    CPU: CPUSRV=1.67s CPUCLI=2.21s (srv=decoder cli=sender; whole-invocation incl warmup)
    [TRUTH] leg=0 dev=cli0 egress_dgrams=25159 egress_skbs=7490 gso=3.36 netem_sent_dgrams=23881 netem_dropped_skbs=379 backlog=1 lost=1277 loss=0.050757 rcvbuf_drops=0 rcvbuf_scope=netns
RUNTIME c3-25-A2 s42 rep=5 attempt=1 14s rc=0
S3ROW {"arm": "A2", "busy_last": 8.0, "busy_med": 7.0, "cad_cli": false, "cad_srv": false, "cell": "c3-25", "cod": 255, "coded_share": 0.011911991404680711, "cotenant": 0, "cpu_cli": 2.21, "cpu_srv": 1.67, "diag_lines": 46, "dnf": false, "feed_ratio_p0": 0.989026144177158, "gates_cli": true, "gates_srv": true, "gen_guard": false, "header": ["window", "bulk"], "mbps": 17.078, "pa_cli": 0, "pa_srv": 0, "pipe_cli": ["window", "Rlc", "bulk"], "pipe_srv": ["window", "Rlc", "bulk"], "plc_p0": 0.0502, "plu_last_p0": 0.0354, "plu_med_p0": 0.05205, "problems": [], "rc": 0, "rep": 5, "seconds": 11.710797, "seed": "42", "src": 21152, "status": "LIVE", "summary": true, "truth_egress_p0": 25159, "truth_gso_p0": 3.36, "truth_loss_p0": 0.050757, "truth_lost_p0": 1277, "truth_rcvbuf_drops": 0, "util": 0.18871473905661587, "wall_s": 14.0, "winline_cli": true, "winline_srv": true}
=== rep=5 seed=42 cell=c7-100 arm=CAD attempt=1 pipeline=window hint=bulk spec=c2/c2/dual bytes=100000000 13:37:15
COTENANT c7-100-CAD s42 rep=5 before=0 after=0 load=1.02 2.25 2.10
--- RWM-C perf pipeline=window mode=dual hint=bulk A=c2 B=c2 ooo=0 extra='' T=default (100000000 x 1) start=15:37:16
{"bytes":100000000,"dnf":0,"hint":"bulk","max_s":4.5388,"mean_mbps":176.256,"mean_s":4.5388,"median_s":4.5388,"min_s":4.5388,"proto":"rp-native","runs":1,"stdev_s":0.0,"summary":true}
    CPU: CPUSRV=5.47s CPUCLI=5.47s (srv=decoder cli=sender; whole-invocation incl warmup)
    [TRUTH] leg=0 dev=cli0 egress_dgrams=46988 egress_skbs=17402 gso=2.70 netem_sent_dgrams=45771 netem_dropped_skbs=464 backlog=0 lost=1217 loss=0.025900 rcvbuf_drops=0 rcvbuf_scope=netns
    [TRUTH] leg=1 dev=cli1 egress_dgrams=46487 egress_skbs=16726 gso=2.78 netem_sent_dgrams=45422 netem_dropped_skbs=408 backlog=0 lost=1065 loss=0.022910 rcvbuf_drops=0 rcvbuf_scope=netns
RUNTIME c7-100-CAD s42 rep=5 attempt=1 6s rc=0
S3ROW {"arm": "CAD", "busy_last": 75.0, "busy_med": 61.5, "cad_cli": true, "cad_srv": true, "cell": "c7-100", "cod": 531, "coded_share": 0.006247426319195247, "cotenant": 0, "cpu_cli": 5.47, "cpu_srv": 5.47, "diag_lines": 18, "dnf": false, "feed_ratio_p0": 1.0077220077220077, "feed_ratio_p1": 1.003928415539066, "gates_cli": true, "gates_srv": true, "gen_guard": false, "header": ["window", "bulk"], "mbps": 176.256, "pa_cli": 0, "pa_srv": 0, "pipe_cli": ["window", "Rlc", "bulk"], "pipe_srv": ["window", "Rlc", "bulk"], "plc_p0": 0.0261, "plc_p1": 0.023, "plu_last_p0": 0.0829, "plu_last_p1": 0.0325, "plu_med_p0": 0.027549999999999998, "plu_med_p1": 0.02425, "problems": [], "rc": 0, "rep": 5, "seconds": 4.53885, "seed": "42", "src": 84464, "status": "LIVE", "summary": true, "truth_egress_p0": 46988, "truth_egress_p1": 46487, "truth_gso_p0": 2.7, "truth_gso_p1": 2.78, "truth_loss_p0": 0.0259, "truth_loss_p1": 0.02291, "truth_lost_p0": 1217, "truth_lost_p1": 1065, "truth_rcvbuf_drops": 0, "util": 1.205151084525816, "wall_s": 6.0, "winline_cli": true, "winline_srv": true}
=== rep=5 seed=42 cell=c7-100 arm=BLKb attempt=1 pipeline=block hint=bulk spec=c2/c2/dual bytes=100000000 13:37:22
COTENANT c7-100-BLKb s42 rep=5 before=0 after=0 load=1.10 2.25 2.10
--- RWM-C perf pipeline=block mode=dual hint=bulk A=c2 B=c2 ooo=0 extra='' T=default (100000000 x 1) start=15:37:23
{"bytes":100000000,"dnf":0,"hint":"bulk","max_s":4.8165,"mean_mbps":166.096,"mean_s":4.8165,"median_s":4.8165,"min_s":4.8165,"proto":"rp-native","runs":1,"stdev_s":0.0,"summary":true}
    CPU: CPUSRV=3.06s CPUCLI=4.05s (srv=decoder cli=sender; whole-invocation incl warmup)
    [TRUTH] leg=0 dev=cli0 egress_dgrams=47370 egress_skbs=9091 gso=5.21 netem_sent_dgrams=46245 netem_dropped_skbs=230 backlog=0 lost=1125 loss=0.023749 rcvbuf_drops=0 rcvbuf_scope=netns
    [TRUTH] leg=1 dev=cli1 egress_dgrams=45574 egress_skbs=8907 gso=5.12 netem_sent_dgrams=44548 netem_dropped_skbs=200 backlog=0 lost=1026 loss=0.022513 rcvbuf_drops=0 rcvbuf_scope=netns
RUNTIME c7-100-BLKb s42 rep=5 attempt=1 6s rc=0
S3ROW {"arm": "BLKb", "busy_last": null, "busy_med": null, "cad_cli": false, "cad_srv": false, "cell": "c7-100", "cod": null, "coded_share": null, "cotenant": 0, "cpu_cli": 4.05, "cpu_srv": 3.06, "diag_lines": 0, "dnf": false, "feed_ratio_p0": null, "feed_ratio_p1": null, "gates_cli": true, "gates_srv": true, "gen_guard": false, "header": ["block", "bulk"], "mbps": 166.096, "pa_cli": 0, "pa_srv": 0, "pipe_cli": ["block", "RaptorQ", "bulk"], "pipe_srv": ["block", "RaptorQ", "bulk"], "problems": [], "rc": 0, "rep": 5, "seconds": 4.816491, "seed": "42", "src": null, "status": "LIVE", "summary": true, "truth_egress_p0": 47370, "truth_egress_p1": 45574, "truth_gso_p0": 5.21, "truth_gso_p1": 5.12, "truth_loss_p0": 0.023749, "truth_loss_p1": 0.022513, "truth_lost_p0": 1125, "truth_lost_p1": 1026, "truth_rcvbuf_drops": 0, "util": 0.8408611165265335, "wall_s": 6.0, "winline_cli": false, "winline_srv": false}
=== rep=5 seed=42 cell=c7-100 arm=WINa attempt=1 pipeline=window hint=auto spec=c2/c2/dual bytes=100000000 13:37:29
COTENANT c7-100-WINa s42 rep=5 before=0 after=0 load=1.25 2.24 2.10
--- RWM-C perf pipeline=window mode=dual hint=auto A=c2 B=c2 ooo=0 extra='' T=default (100000000 x 1) start=15:37:30
{"bytes":100000000,"dnf":0,"hint":"auto","max_s":5.9606,"mean_mbps":134.215,"mean_s":5.9606,"median_s":5.9606,"min_s":5.9606,"proto":"rp-native","runs":1,"stdev_s":0.0,"summary":true}
    CPU: CPUSRV=7.84s CPUCLI=9.42s (srv=decoder cli=sender; whole-invocation incl warmup)
    [TRUTH] leg=0 dev=cli0 egress_dgrams=58363 egress_skbs=24459 gso=2.39 netem_sent_dgrams=56885 netem_dropped_skbs=606 backlog=0 lost=1478 loss=0.025324 rcvbuf_drops=0 rcvbuf_scope=netns
    [TRUTH] leg=1 dev=cli1 egress_dgrams=59127 egress_skbs=25796 gso=2.29 netem_sent_dgrams=57704 netem_dropped_skbs=631 backlog=0 lost=1423 loss=0.024067 rcvbuf_drops=0 rcvbuf_scope=netns
RUNTIME c7-100-WINa s42 rep=5 attempt=1 8s rc=0
S3ROW {"arm": "WINa", "busy_last": 97.0, "busy_med": 91.0, "cad_cli": false, "cad_srv": false, "cell": "c7-100", "cod": 17718, "coded_share": 0.1781598793363499, "cotenant": 0, "cpu_cli": 9.42, "cpu_srv": 7.84, "diag_lines": 23, "dnf": false, "feed_ratio_p0": 0.9990522824198389, "feed_ratio_p1": 0.9847509037270951, "gates_cli": true, "gates_srv": true, "gen_guard": false, "header": ["window", "auto"], "mbps": 134.215, "pa_cli": 0, "pa_srv": 0, "pipe_cli": ["window", "Rlc", "auto"], "pipe_srv": ["window", "Rlc", "auto"], "plc_p0": 0.0253, "plc_p1": 0.0237, "plu_last_p0": 0.1881, "plu_last_p1": 0.0376, "plu_med_p0": 0.0519, "plu_med_p1": 0.0468, "problems": [], "rc": 0, "rep": 5, "seconds": 5.960569, "seed": "42", "src": 81732, "status": "LIVE", "summary": true, "truth_egress_p0": 58363, "truth_egress_p1": 59127, "truth_gso_p0": 2.39, "truth_gso_p1": 2.29, "truth_loss_p0": 0.025324, "truth_loss_p1": 0.024067, "truth_lost_p0": 1478, "truth_lost_p1": 1423, "truth_rcvbuf_drops": 0, "util": 1.5803860336152473, "wall_s": 8.0, "winline_cli": true, "winline_srv": true}
=== rep=5 seed=42 cell=c7-100 arm=BLKa attempt=1 pipeline=block hint=auto spec=c2/c2/dual bytes=100000000 13:37:37
COTENANT c7-100-BLKa s42 rep=5 before=0 after=0 load=1.06 2.17 2.08
--- RWM-C perf pipeline=block mode=dual hint=auto A=c2 B=c2 ooo=0 extra='' T=default (100000000 x 1) start=15:37:38
{"bytes":100000000,"dnf":0,"hint":"auto","max_s":6.8159,"mean_mbps":117.373,"mean_s":6.8159,"median_s":6.8159,"min_s":6.8159,"proto":"rp-native","runs":1,"stdev_s":0.0,"summary":true}
    CPU: CPUSRV=4.57s CPUCLI=6.56s (srv=decoder cli=sender; whole-invocation incl warmup)
    [TRUTH] leg=0 dev=cli0 egress_dgrams=71171 egress_skbs=14307 gso=4.97 netem_sent_dgrams=69315 netem_dropped_skbs=373 backlog=0 lost=1856 loss=0.026078 rcvbuf_drops=0 rcvbuf_scope=netns
    [TRUTH] leg=1 dev=cli1 egress_dgrams=70740 egress_skbs=14987 gso=4.72 netem_sent_dgrams=69218 netem_dropped_skbs=352 backlog=0 lost=1522 loss=0.021515 rcvbuf_drops=0 rcvbuf_scope=netns
RUNTIME c7-100-BLKa s42 rep=5 attempt=1 9s rc=0
S3ROW {"arm": "BLKa", "busy_last": null, "busy_med": null, "cad_cli": false, "cad_srv": false, "cell": "c7-100", "cod": null, "coded_share": null, "cotenant": 0, "cpu_cli": 6.56, "cpu_srv": 4.57, "diag_lines": 0, "dnf": false, "feed_ratio_p0": null, "feed_ratio_p1": null, "gates_cli": true, "gates_srv": true, "gen_guard": false, "header": ["block", "auto"], "mbps": 117.373, "pa_cli": 0, "pa_srv": 0, "pipe_cli": ["block", "RaptorQ", "auto"], "pipe_srv": ["block", "RaptorQ", "auto"], "problems": [], "rc": 0, "rep": 5, "seconds": 6.815886, "seed": "42", "src": null, "status": "LIVE", "summary": true, "truth_egress_p0": 71171, "truth_egress_p1": 70740, "truth_gso_p0": 4.97, "truth_gso_p1": 4.72, "truth_loss_p0": 0.026078, "truth_loss_p1": 0.021515, "truth_lost_p0": 1856, "truth_lost_p1": 1522, "truth_rcvbuf_drops": 0, "util": 0.9624574119930996, "wall_s": 9.0, "winline_cli": false, "winline_srv": false}
=== rep=5 seed=42 cell=c7-100 arm=A1 attempt=1 pipeline=window hint=bulk spec=c2/c2/dual bytes=100000000 13:37:46
COTENANT c7-100-A1 s42 rep=5 before=0 after=0 load=1.05 2.15 2.07
--- RWM-C perf pipeline=window mode=dual hint=bulk A=c2 B=c2 ooo=0 extra='' T=default (100000000 x 1) start=15:37:48
{"bytes":100000000,"dnf":0,"hint":"bulk","max_s":4.6572,"mean_mbps":171.778,"mean_s":4.6572,"median_s":4.6572,"min_s":4.6572,"proto":"rp-native","runs":1,"stdev_s":0.0,"summary":true}
    CPU: CPUSRV=5.42s CPUCLI=6.64s (srv=decoder cli=sender; whole-invocation incl warmup)
    [TRUTH] leg=0 dev=cli0 egress_dgrams=45035 egress_skbs=14890 gso=3.02 netem_sent_dgrams=43853 netem_dropped_skbs=386 backlog=0 lost=1182 loss=0.026246 rcvbuf_drops=0 rcvbuf_scope=netns
    [TRUTH] leg=1 dev=cli1 egress_dgrams=47013 egress_skbs=15739 gso=2.99 netem_sent_dgrams=45990 netem_dropped_skbs=379 backlog=0 lost=1023 loss=0.021760 rcvbuf_drops=0 rcvbuf_scope=netns
RUNTIME c7-100-A1 s42 rep=5 attempt=1 7s rc=0
S3ROW {"arm": "A1", "busy_last": 87.0, "busy_med": 78.5, "cad_cli": false, "cad_srv": false, "cell": "c7-100", "cod": 493, "coded_share": 0.005807926110927854, "cotenant": 0, "cpu_cli": 6.64, "cpu_srv": 5.42, "diag_lines": 18, "dnf": false, "feed_ratio_p0": 1.013487769564886, "feed_ratio_p1": 0.9926470588235294, "gates_cli": true, "gates_srv": true, "gen_guard": false, "header": ["window", "bulk"], "mbps": 171.778, "pa_cli": 0, "pa_srv": 0, "pipe_cli": ["window", "Rlc", "bulk"], "pipe_srv": ["window", "Rlc", "bulk"], "plc_p0": 0.0266, "plc_p1": 0.0216, "plu_last_p0": 0.041, "plu_last_p1": 0.0846, "plu_med_p0": 0.04075, "plu_med_p1": 0.03555, "problems": [], "rc": 0, "rep": 5, "seconds": 4.657187, "seed": "42", "src": 84391, "status": "LIVE", "summary": true, "truth_egress_p0": 45035, "truth_egress_p1": 47013, "truth_gso_p0": 3.02, "truth_gso_p1": 2.99, "truth_loss_p0": 0.026246, "truth_loss_p1": 0.02176, "truth_lost_p0": 1182, "truth_lost_p1": 1023, "truth_rcvbuf_drops": 0, "util": 1.4257533571230872, "wall_s": 7.0, "winline_cli": true, "winline_srv": true}
=== rep=5 seed=42 cell=c7-100 arm=A2 attempt=1 pipeline=window hint=bulk spec=c2/c2/dual bytes=100000000 13:37:53
COTENANT c7-100-A2 s42 rep=5 before=0 after=0 load=1.37 2.19 2.09
--- RWM-C perf pipeline=window mode=dual hint=bulk A=c2 B=c2 ooo=0 extra='' T=default (100000000 x 1) start=15:37:54
{"bytes":100000000,"dnf":0,"hint":"bulk","max_s":4.4972,"mean_mbps":177.888,"mean_s":4.4972,"median_s":4.4972,"min_s":4.4972,"proto":"rp-native","runs":1,"stdev_s":0.0,"summary":true}
    CPU: CPUSRV=5.49s CPUCLI=6.78s (srv=decoder cli=sender; whole-invocation incl warmup)
    [TRUTH] leg=0 dev=cli0 egress_dgrams=46423 egress_skbs=17459 gso=2.66 netem_sent_dgrams=45260 netem_dropped_skbs=464 backlog=0 lost=1163 loss=0.025052 rcvbuf_drops=0 rcvbuf_scope=netns
    [TRUTH] leg=1 dev=cli1 egress_dgrams=46530 egress_skbs=17740 gso=2.62 netem_sent_dgrams=45360 netem_dropped_skbs=431 backlog=0 lost=1170 loss=0.025145 rcvbuf_drops=0 rcvbuf_scope=netns
RUNTIME c7-100-A2 s42 rep=5 attempt=1 6s rc=0
S3ROW {"arm": "A2", "busy_last": 64.0, "busy_med": 82.0, "cad_cli": false, "cad_srv": false, "cell": "c7-100", "cod": 510, "coded_share": 0.0059919637192471275, "cotenant": 0, "cpu_cli": 6.78, "cpu_srv": 5.49, "diag_lines": 18, "dnf": false, "feed_ratio_p0": 0.9899409228804087, "feed_ratio_p1": 1.0061642473652814, "gates_cli": true, "gates_srv": true, "gen_guard": false, "header": ["window", "bulk"], "mbps": 177.888, "pa_cli": 0, "pa_srv": 0, "pipe_cli": ["window", "Rlc", "bulk"], "pipe_srv": ["window", "Rlc", "bulk"], "plc_p0": 0.0248, "plc_p1": 0.0253, "plu_last_p0": 0.0354, "plu_last_p1": 0.2396, "plu_med_p0": 0.045149999999999996, "plu_med_p1": 0.0398, "problems": [], "rc": 0, "rep": 5, "seconds": 4.497201, "seed": "42", "src": 84604, "status": "LIVE", "summary": true, "truth_egress_p0": 46423, "truth_egress_p1": 46530, "truth_gso_p0": 2.66, "truth_gso_p1": 2.62, "truth_loss_p0": 0.025052, "truth_loss_p1": 0.025145, "truth_lost_p0": 1163, "truth_lost_p1": 1170, "truth_rcvbuf_drops": 0, "util": 1.5076043966013528, "wall_s": 6.0, "winline_cli": true, "winline_srv": true}
=== rep=5 seed=42 cell=c8-100 arm=CAD attempt=1 pipeline=window hint=bulk spec=c2/c3/dual bytes=100000000 13:38:00
COTENANT c8-100-CAD s42 rep=5 before=0 after=0 load=1.56 2.21 2.09
--- RWM-C perf pipeline=window mode=dual hint=bulk A=c2 B=c3 ooo=0 extra='' T=default (100000000 x 1) start=15:38:01
{"bytes":100000000,"dnf":0,"hint":"bulk","max_s":7.7613,"mean_mbps":103.075,"mean_s":7.7613,"median_s":7.7613,"min_s":7.7613,"proto":"rp-native","runs":1,"stdev_s":0.0,"summary":true}
    CPU: CPUSRV=5.89s CPUCLI=6.82s (srv=decoder cli=sender; whole-invocation incl warmup)
    [TRUTH] leg=0 dev=cli0 egress_dgrams=79006 egress_skbs=20776 gso=3.80 netem_sent_dgrams=76949 netem_dropped_skbs=544 backlog=0 lost=2057 loss=0.026036 rcvbuf_drops=0 rcvbuf_scope=netns
    [TRUTH] leg=1 dev=cli1 egress_dgrams=18762 egress_skbs=12779 gso=1.47 netem_sent_dgrams=17942 netem_dropped_skbs=549 backlog=0 lost=820 loss=0.043705 rcvbuf_drops=0 rcvbuf_scope=netns
RUNTIME c8-100-CAD s42 rep=5 attempt=1 9s rc=0
S3ROW {"arm": "CAD", "busy_last": 30.0, "busy_med": 50.0, "cad_cli": true, "cad_srv": true, "cell": "c8-100", "cod": 634, "coded_share": 0.007437997137426969, "cotenant": 0, "cpu_cli": 6.82, "cpu_srv": 5.89, "diag_lines": 31, "dnf": false, "feed_ratio_p0": 1.0024581348901522, "feed_ratio_p1": 1.0067497997940738, "gates_cli": true, "gates_srv": true, "gen_guard": false, "header": ["window", "bulk"], "mbps": 103.075, "pa_cli": 0, "pa_srv": 0, "pipe_cli": ["window", "Rlc", "bulk"], "pipe_srv": ["window", "Rlc", "bulk"], "plc_p0": 0.0261, "plc_p1": 0.044, "plu_last_p0": 0.01, "plu_last_p1": 0.0749, "plu_med_p0": 0.0202, "plu_med_p1": 0.0474, "problems": [], "rc": 0, "rep": 5, "seconds": 7.761341, "seed": "42", "src": 84604, "status": "LIVE", "summary": true, "truth_egress_p0": 79006, "truth_egress_p1": 18762, "truth_gso_p0": 3.8, "truth_gso_p1": 1.47, "truth_loss_p0": 0.026036, "truth_loss_p1": 0.043705, "truth_lost_p0": 2057, "truth_lost_p1": 820, "truth_rcvbuf_drops": 0, "util": 0.8787141294268607, "wall_s": 9.0, "winline_cli": true, "winline_srv": true}
=== rep=5 seed=42 cell=c8-100 arm=BLKb attempt=1 pipeline=block hint=bulk spec=c2/c3/dual bytes=100000000 13:38:10
COTENANT c8-100-BLKb s42 rep=5 before=0 after=0 load=1.62 2.20 2.09
--- RWM-C perf pipeline=block mode=dual hint=bulk A=c2 B=c3 ooo=0 extra='' T=default (100000000 x 1) start=15:38:11
{"bytes":100000000,"dnf":0,"hint":"bulk","max_s":8.1764,"mean_mbps":97.843,"mean_s":8.1764,"median_s":8.1764,"min_s":8.1764,"proto":"rp-native","runs":1,"stdev_s":0.0,"summary":true}
    CPU: CPUSRV=3.27s CPUCLI=4.42s (srv=decoder cli=sender; whole-invocation incl warmup)
    [TRUTH] leg=0 dev=cli0 egress_dgrams=80499 egress_skbs=14957 gso=5.38 netem_sent_dgrams=78396 netem_dropped_skbs=387 backlog=0 lost=2103 loss=0.026125 rcvbuf_drops=0 rcvbuf_scope=netns
    [TRUTH] leg=1 dev=cli1 egress_dgrams=15911 egress_skbs=5073 gso=3.14 netem_sent_dgrams=15281 netem_dropped_skbs=202 backlog=0 lost=630 loss=0.039595 rcvbuf_drops=0 rcvbuf_scope=netns
RUNTIME c8-100-BLKb s42 rep=5 attempt=1 10s rc=0
S3ROW {"arm": "BLKb", "busy_last": null, "busy_med": null, "cad_cli": false, "cad_srv": false, "cell": "c8-100", "cod": null, "coded_share": null, "cotenant": 0, "cpu_cli": 4.42, "cpu_srv": 3.27, "diag_lines": 0, "dnf": false, "feed_ratio_p0": null, "feed_ratio_p1": null, "gates_cli": true, "gates_srv": true, "gen_guard": false, "header": ["block", "bulk"], "mbps": 97.843, "pa_cli": 0, "pa_srv": 0, "pipe_cli": ["block", "RaptorQ", "bulk"], "pipe_srv": ["block", "RaptorQ", "bulk"], "problems": [], "rc": 0, "rep": 5, "seconds": 8.176354, "seed": "42", "src": null, "status": "LIVE", "summary": true, "truth_egress_p0": 80499, "truth_egress_p1": 15911, "truth_gso_p0": 5.38, "truth_gso_p1": 3.14, "truth_loss_p0": 0.026125, "truth_loss_p1": 0.039595, "truth_lost_p0": 2103, "truth_lost_p1": 630, "truth_rcvbuf_drops": 0, "util": 0.5405832477409858, "wall_s": 10.0, "winline_cli": false, "winline_srv": false}
=== rep=5 seed=42 cell=c8-100 arm=WINa attempt=1 pipeline=window hint=auto spec=c2/c3/dual bytes=100000000 13:38:20
COTENANT c8-100-WINa s42 rep=5 before=0 after=0 load=1.71 2.19 2.09
--- RWM-C perf pipeline=window mode=dual hint=auto A=c2 B=c3 ooo=0 extra='' T=default (100000000 x 1) start=15:38:22
{"bytes":100000000,"dnf":0,"hint":"auto","max_s":8.4033,"mean_mbps":95.201,"mean_s":8.4033,"median_s":8.4033,"min_s":8.4033,"proto":"rp-native","runs":1,"stdev_s":0.0,"summary":true}
    CPU: CPUSRV=6.36s CPUCLI=8.88s (srv=decoder cli=sender; whole-invocation incl warmup)
    [TRUTH] leg=0 dev=cli0 egress_dgrams=81613 egress_skbs=16242 gso=5.02 netem_sent_dgrams=79550 netem_dropped_skbs=426 backlog=0 lost=2063 loss=0.025278 rcvbuf_drops=0 rcvbuf_scope=netns
    [TRUTH] leg=1 dev=cli1 egress_dgrams=20977 egress_skbs=15326 gso=1.37 netem_sent_dgrams=20028 netem_dropped_skbs=694 backlog=0 lost=949 loss=0.045240 rcvbuf_drops=0 rcvbuf_scope=netns
RUNTIME c8-100-WINa s42 rep=5 attempt=1 11s rc=0
S3ROW {"arm": "WINa", "busy_last": 92.0, "busy_med": 55.0, "cad_cli": false, "cad_srv": false, "cell": "c8-100", "cod": 700, "coded_share": 0.008205945793866642, "cotenant": 0, "cpu_cli": 8.88, "cpu_srv": 6.36, "diag_lines": 33, "dnf": false, "feed_ratio_p0": 1.0048263311970884, "feed_ratio_p1": 0.9770114942528736, "gates_cli": true, "gates_srv": true, "gen_guard": false, "header": ["window", "auto"], "mbps": 95.201, "pa_cli": 0, "pa_srv": 0, "pipe_cli": ["window", "Rlc", "auto"], "pipe_srv": ["window", "Rlc", "auto"], "plc_p0": 0.0254, "plc_p1": 0.0442, "plu_last_p0": 0.0392, "plu_last_p1": 0.0684, "plu_med_p0": 0.0392, "plu_med_p1": 0.0653, "problems": [], "rc": 0, "rep": 5, "seconds": 8.403288, "seed": "42", "src": 84604, "status": "LIVE", "summary": true, "truth_egress_p0": 81613, "truth_egress_p1": 20977, "truth_gso_p0": 5.02, "truth_gso_p1": 1.37, "truth_loss_p0": 0.025278, "truth_loss_p1": 0.04524, "truth_lost_p0": 2063, "truth_lost_p1": 949, "truth_rcvbuf_drops": 0, "util": 1.0567292231326597, "wall_s": 11.0, "winline_cli": true, "winline_srv": true}
=== rep=5 seed=42 cell=c8-100 arm=BLKa attempt=1 pipeline=block hint=auto spec=c2/c3/dual bytes=100000000 13:38:31
COTENANT c8-100-BLKa s42 rep=5 before=0 after=0 load=1.49 2.11 2.07
--- RWM-C perf pipeline=block mode=dual hint=auto A=c2 B=c3 ooo=0 extra='' T=default (100000000 x 1) start=15:38:33
{"bytes":100000000,"dnf":0,"hint":"auto","max_s":15.2201,"mean_mbps":52.562,"mean_s":15.2201,"median_s":15.2201,"min_s":15.2201,"proto":"rp-native","runs":1,"stdev_s":0.0,"summary":true}
    CPU: CPUSRV=6.20s CPUCLI=9.14s (srv=decoder cli=sender; whole-invocation incl warmup)
    [TRUTH] leg=0 dev=cli0 egress_dgrams=127176 egress_skbs=27708 gso=4.59 netem_sent_dgrams=124104 netem_dropped_skbs=680 backlog=0 lost=3072 loss=0.024156 rcvbuf_drops=0 rcvbuf_scope=netns
    [TRUTH] leg=1 dev=cli1 egress_dgrams=40447 egress_skbs=16113 gso=2.51 netem_sent_dgrams=36217 netem_dropped_skbs=1172 backlog=1410 lost=2820 loss=0.069721 rcvbuf_drops=0 rcvbuf_scope=netns
RUNTIME c8-100-BLKa s42 rep=5 attempt=1 17s rc=0
S3ROW {"arm": "BLKa", "busy_last": null, "busy_med": null, "cad_cli": false, "cad_srv": false, "cell": "c8-100", "cod": null, "coded_share": null, "cotenant": 0, "cpu_cli": 9.14, "cpu_srv": 6.2, "diag_lines": 0, "dnf": false, "feed_ratio_p0": null, "feed_ratio_p1": null, "gates_cli": true, "gates_srv": true, "gen_guard": false, "header": ["block", "auto"], "mbps": 52.562, "pa_cli": 0, "pa_srv": 0, "pipe_cli": ["block", "RaptorQ", "auto"], "pipe_srv": ["block", "RaptorQ", "auto"], "problems": [], "rc": 0, "rep": 5, "seconds": 15.220111, "seed": "42", "src": null, "status": "LIVE", "summary": true, "truth_egress_p0": 127176, "truth_egress_p1": 40447, "truth_gso_p0": 4.59, "truth_gso_p1": 2.51, "truth_loss_p0": 0.024156, "truth_loss_p1": 0.069721, "truth_lost_p0": 3072, "truth_lost_p1": 2820, "truth_rcvbuf_drops": 0, "util": 0.6005212445559694, "wall_s": 17.0, "winline_cli": false, "winline_srv": false}
=== rep=5 seed=42 cell=c8-100 arm=A1 attempt=1 pipeline=window hint=bulk spec=c2/c3/dual bytes=100000000 13:38:49
COTENANT c8-100-A1 s42 rep=5 before=0 after=0 load=1.34 2.06 2.05
--- RWM-C perf pipeline=window mode=dual hint=bulk A=c2 B=c3 ooo=0 extra='' T=default (100000000 x 1) start=15:38:50
{"bytes":100000000,"dnf":0,"hint":"bulk","max_s":8.2069,"mean_mbps":97.479,"mean_s":8.2069,"median_s":8.2069,"min_s":8.2069,"proto":"rp-native","runs":1,"stdev_s":0.0,"summary":true}
    CPU: CPUSRV=5.80s CPUCLI=7.39s (srv=decoder cli=sender; whole-invocation incl warmup)
    [TRUTH] leg=0 dev=cli0 egress_dgrams=74658 egress_skbs=13728 gso=5.44 netem_sent_dgrams=72773 netem_dropped_skbs=343 backlog=0 lost=1885 loss=0.025248 rcvbuf_drops=0 rcvbuf_scope=netns
    [TRUTH] leg=1 dev=cli1 egress_dgrams=19405 egress_skbs=12969 gso=1.50 netem_sent_dgrams=18529 netem_dropped_skbs=550 backlog=0 lost=876 loss=0.045143 rcvbuf_drops=0 rcvbuf_scope=netns
RUNTIME c8-100-A1 s42 rep=5 attempt=1 10s rc=0
S3ROW {"arm": "A1", "busy_last": 17.0, "busy_med": 41.5, "cad_cli": false, "cad_srv": false, "cell": "c8-100", "cod": 675, "coded_share": 0.007915196003705485, "cotenant": 0, "cpu_cli": 7.39, "cpu_srv": 5.8, "diag_lines": 32, "dnf": false, "feed_ratio_p0": 1.0020595690747782, "feed_ratio_p1": 1.0455663114990141, "gates_cli": true, "gates_srv": true, "gen_guard": false, "header": ["window", "bulk"], "mbps": 97.479, "pa_cli": 0, "pa_srv": 0, "pipe_cli": ["window", "Rlc", "bulk"], "pipe_srv": ["window", "Rlc", "bulk"], "plc_p0": 0.0253, "plc_p1": 0.0472, "plu_last_p0": 0.2561, "plu_last_p1": 0.0525, "plu_med_p0": 0.03555, "plu_med_p1": 0.06384999999999999, "problems": [], "rc": 0, "rep": 5, "seconds": 8.206912, "seed": "42", "src": 84604, "status": "LIVE", "summary": true, "truth_egress_p0": 74658, "truth_egress_p1": 19405, "truth_gso_p0": 5.44, "truth_gso_p1": 1.5, "truth_loss_p0": 0.025248, "truth_loss_p1": 0.045143, "truth_lost_p0": 1885, "truth_lost_p1": 876, "truth_rcvbuf_drops": 0, "util": 0.9004604898894979, "wall_s": 10.0, "winline_cli": true, "winline_srv": true}
=== rep=5 seed=42 cell=c8-100 arm=A2 attempt=1 pipeline=window hint=bulk spec=c2/c3/dual bytes=100000000 13:38:59
COTENANT c8-100-A2 s42 rep=5 before=0 after=0 load=1.14 1.99 2.03
--- RWM-C perf pipeline=window mode=dual hint=bulk A=c2 B=c3 ooo=0 extra='' T=default (100000000 x 1) start=15:39:01
{"bytes":100000000,"dnf":0,"hint":"bulk","max_s":7.7165,"mean_mbps":103.674,"mean_s":7.7165,"median_s":7.7165,"min_s":7.7165,"proto":"rp-native","runs":1,"stdev_s":0.0,"summary":true}
    CPU: CPUSRV=5.67s CPUCLI=7.31s (srv=decoder cli=sender; whole-invocation incl warmup)
    [TRUTH] leg=0 dev=cli0 egress_dgrams=78803 egress_skbs=21218 gso=3.71 netem_sent_dgrams=76823 netem_dropped_skbs=544 backlog=0 lost=1980 loss=0.025126 rcvbuf_drops=0 rcvbuf_scope=netns
    [TRUTH] leg=1 dev=cli1 egress_dgrams=18802 egress_skbs=12543 gso=1.50 netem_sent_dgrams=18013 netem_dropped_skbs=538 backlog=0 lost=789 loss=0.041964 rcvbuf_drops=0 rcvbuf_scope=netns
RUNTIME c8-100-A2 s42 rep=5 attempt=1 10s rc=0
S3ROW {"arm": "A2", "busy_last": 51.0, "busy_med": 46.0, "cad_cli": false, "cad_srv": false, "cell": "c8-100", "cod": 705, "coded_share": 0.008272317656998028, "cotenant": 0, "cpu_cli": 7.31, "cpu_srv": 5.67, "diag_lines": 30, "dnf": false, "feed_ratio_p0": 1.0109050386054286, "feed_ratio_p1": 0.9817939185968926, "gates_cli": true, "gates_srv": true, "gen_guard": false, "header": ["window", "bulk"], "mbps": 103.674, "pa_cli": 0, "pa_srv": 0, "pipe_cli": ["window", "Rlc", "bulk"], "pipe_srv": ["window", "Rlc", "bulk"], "plc_p0": 0.0254, "plc_p1": 0.0412, "plu_last_p0": 0.0354, "plu_last_p1": 0.0354, "plu_med_p0": 0.03855, "plu_med_p1": 0.05565, "problems": [], "rc": 0, "rep": 5, "seconds": 7.716516, "seed": "42", "src": 84519, "status": "LIVE", "summary": true, "truth_egress_p0": 78803, "truth_egress_p1": 18802, "truth_gso_p0": 3.71, "truth_gso_p1": 1.5, "truth_loss_p0": 0.025126, "truth_loss_p1": 0.041964, "truth_lost_p0": 1980, "truth_lost_p1": 789, "truth_rcvbuf_drops": 0, "util": 0.9473187122271242, "wall_s": 10.0, "winline_cli": true, "winline_srv": true}
BLOCK-COMPLETE rep=5 seed=42 block=8 2026-09-30T13:39:09Z
=== rep=5 seed=7 cell=c1s-400 arm=BLKa attempt=1 pipeline=block hint=auto spec=c1/c1/single bytes=400000000 13:39:09
COTENANT c1s-400-BLKa s7 rep=5 before=0 after=0 load=1.65 2.04 2.04
--- RWM-C perf pipeline=block mode=single hint=auto A=c1 B=c1 ooo=0 extra='' T=default (400000000 x 1) start=15:39:11
{"bytes":400000000,"dnf":0,"hint":"auto","max_s":20.132,"mean_mbps":158.951,"mean_s":20.132,"median_s":20.132,"min_s":20.132,"proto":"rp-native","runs":1,"stdev_s":0.0,"summary":true}
    CPU: CPUSRV=11.85s CPUCLI=19.69s (srv=decoder cli=sender; whole-invocation incl warmup)
    [TRUTH] leg=0 dev=cli0 egress_dgrams=480732 egress_skbs=68510 gso=7.02 netem_sent_dgrams=480220 netem_dropped_skbs=72 backlog=0 lost=512 loss=0.001065 rcvbuf_drops=0 rcvbuf_scope=netns
RUNTIME c1s-400-BLKa s7 rep=5 attempt=1 22s rc=0
S3ROW {"arm": "BLKa", "busy_last": null, "busy_med": null, "cad_cli": false, "cad_srv": false, "cell": "c1s-400", "cod": null, "coded_share": null, "cotenant": 0, "cpu_cli": 19.69, "cpu_srv": 11.85, "diag_lines": 0, "dnf": false, "feed_ratio_p0": null, "gates_cli": true, "gates_srv": true, "gen_guard": false, "header": ["block", "auto"], "mbps": 158.951, "pa_cli": 0, "pa_srv": 0, "pipe_cli": ["block", "RaptorQ", "auto"], "pipe_srv": ["block", "RaptorQ", "auto"], "problems": [], "rc": 0, "rep": 5, "seconds": 20.131971, "seed": "7", "src": null, "status": "LIVE", "summary": true, "truth_egress_p0": 480732, "truth_gso_p0": 7.02, "truth_loss_p0": 0.001065, "truth_lost_p0": 512, "truth_rcvbuf_drops": 0, "util": 0.9780463125046227, "wall_s": 22.0, "winline_cli": false, "winline_srv": false}
=== rep=5 seed=7 cell=c1s-400 arm=A1 attempt=1 pipeline=window hint=bulk spec=c1/c1/single bytes=400000000 13:39:32
COTENANT c1s-400-A1 s7 rep=5 before=0 after=0 load=1.70 2.04 2.04
--- RWM-C perf pipeline=window mode=single hint=bulk A=c1 B=c1 ooo=0 extra='' T=default (400000000 x 1) start=15:39:33
{"bytes":400000000,"dnf":0,"hint":"bulk","max_s":10.6794,"mean_mbps":299.642,"mean_s":10.6794,"median_s":10.6794,"min_s":10.6794,"proto":"rp-native","runs":1,"stdev_s":0.0,"summary":true}
    CPU: CPUSRV=11.99s CPUCLI=14.61s (srv=decoder cli=sender; whole-invocation incl warmup)
    [TRUTH] leg=0 dev=cli0 egress_dgrams=343067 egress_skbs=40223 gso=8.53 netem_sent_dgrams=342652 netem_dropped_skbs=52 backlog=0 lost=415 loss=0.001210 rcvbuf_drops=19 rcvbuf_scope=netns
RUNTIME c1s-400-A1 s7 rep=5 attempt=1 12s rc=0
S3ROW {"arm": "A1", "busy_last": 59.0, "busy_med": 53.0, "cad_cli": false, "cad_srv": false, "cell": "c1s-400", "cod": 85, "coded_share": 0.0002554170961179606, "cotenant": 0, "cpu_cli": 14.61, "cpu_srv": 11.99, "diag_lines": 42, "dnf": false, "feed_ratio_p0": 1.4876033057851241, "gates_cli": true, "gates_srv": true, "gen_guard": false, "header": ["window", "bulk"], "mbps": 299.642, "pa_cli": 0, "pa_srv": 0, "pipe_cli": ["window", "Rlc", "bulk"], "pipe_srv": ["window", "Rlc", "bulk"], "plc_p0": 0.0018, "plu_last_p0": 0.0354, "plu_med_p0": 0.0354, "problems": [], "rc": 0, "rep": 5, "seconds": 10.679401, "seed": "7", "src": 332704, "status": "LIVE", "summary": true, "truth_egress_p0": 343067, "truth_gso_p0": 8.53, "truth_loss_p0": 0.00121, "truth_lost_p0": 415, "truth_rcvbuf_drops": 19, "util": 1.3680542569756486, "wall_s": 12.0, "winline_cli": true, "winline_srv": true}
=== rep=5 seed=7 cell=c1s-400 arm=A2 attempt=1 pipeline=window hint=bulk spec=c1/c1/single bytes=400000000 13:39:44
COTENANT c1s-400-A2 s7 rep=5 before=0 after=0 load=1.88 2.06 2.05
--- RWM-C perf pipeline=window mode=single hint=bulk A=c1 B=c1 ooo=0 extra='' T=default (400000000 x 1) start=15:39:46
{"bytes":400000000,"dnf":0,"hint":"bulk","max_s":10.5291,"mean_mbps":303.919,"mean_s":10.5291,"median_s":10.5291,"min_s":10.5291,"proto":"rp-native","runs":1,"stdev_s":0.0,"summary":true}
    CPU: CPUSRV=11.93s CPUCLI=14.37s (srv=decoder cli=sender; whole-invocation incl warmup)
    [TRUTH] leg=0 dev=cli0 egress_dgrams=343430 egress_skbs=40426 gso=8.50 netem_sent_dgrams=343009 netem_dropped_skbs=52 backlog=0 lost=421 loss=0.001226 rcvbuf_drops=40 rcvbuf_scope=netns
RUNTIME c1s-400-A2 s7 rep=5 attempt=1 13s rc=0
S3ROW {"arm": "A2", "busy_last": 62.0, "busy_med": 53.0, "cad_cli": false, "cad_srv": false, "cell": "c1s-400", "cod": 102, "coded_share": 0.0003014487271179728, "cotenant": 0, "cpu_cli": 14.37, "cpu_srv": 11.93, "diag_lines": 42, "dnf": false, "feed_ratio_p0": 1.957585644371941, "gates_cli": true, "gates_srv": true, "gen_guard": false, "header": ["window", "bulk"], "mbps": 303.919, "pa_cli": 0, "pa_srv": 0, "pipe_cli": ["window", "Rlc", "bulk"], "pipe_srv": ["window", "Rlc", "bulk"], "plc_p0": 0.0024, "plu_last_p0": 0.0354, "plu_med_p0": 0.0354, "problems": [], "rc": 0, "rep": 5, "seconds": 10.529138, "seed": "7", "src": 338264, "status": "LIVE", "summary": true, "truth_egress_p0": 343430, "truth_gso_p0": 8.5, "truth_loss_p0": 0.001226, "truth_lost_p0": 421, "truth_rcvbuf_drops": 40, "util": 1.3647840877382365, "wall_s": 13.0, "winline_cli": true, "winline_srv": true}
=== rep=5 seed=7 cell=c1s-400 arm=BLKb attempt=1 pipeline=block hint=bulk spec=c1/c1/single bytes=400000000 13:39:57
COTENANT c1s-400-BLKb s7 rep=5 before=0 after=0 load=1.75 2.02 2.03
--- RWM-C perf pipeline=block mode=single hint=bulk A=c1 B=c1 ooo=0 extra='' T=default (400000000 x 1) start=15:39:58
{"bytes":400000000,"dnf":0,"hint":"bulk","max_s":11.4139,"mean_mbps":280.359,"mean_s":11.4139,"median_s":11.4139,"min_s":11.4139,"proto":"rp-native","runs":1,"stdev_s":0.0,"summary":true}
    CPU: CPUSRV=8.01s CPUCLI=13.00s (srv=decoder cli=sender; whole-invocation incl warmup)
    [TRUTH] leg=0 dev=cli0 egress_dgrams=351318 egress_skbs=48961 gso=7.18 netem_sent_dgrams=350918 netem_dropped_skbs=58 backlog=0 lost=400 loss=0.001139 rcvbuf_drops=0 rcvbuf_scope=netns
RUNTIME c1s-400-BLKb s7 rep=5 attempt=1 13s rc=0
S3ROW {"arm": "BLKb", "busy_last": null, "busy_med": null, "cad_cli": false, "cad_srv": false, "cell": "c1s-400", "cod": null, "coded_share": null, "cotenant": 0, "cpu_cli": 13.0, "cpu_srv": 8.01, "diag_lines": 0, "dnf": false, "feed_ratio_p0": null, "gates_cli": true, "gates_srv": true, "gen_guard": false, "header": ["block", "bulk"], "mbps": 280.359, "pa_cli": 0, "pa_srv": 0, "pipe_cli": ["block", "RaptorQ", "bulk"], "pipe_srv": ["block", "RaptorQ", "bulk"], "problems": [], "rc": 0, "rep": 5, "seconds": 11.413944, "seed": "7", "src": null, "status": "LIVE", "summary": true, "truth_egress_p0": 351318, "truth_gso_p0": 7.18, "truth_loss_p0": 0.001139, "truth_lost_p0": 400, "truth_rcvbuf_drops": 0, "util": 1.138957752026819, "wall_s": 13.0, "winline_cli": false, "winline_srv": false}
=== rep=5 seed=7 cell=c1s-400 arm=WINa attempt=1 pipeline=window hint=auto spec=c1/c1/single bytes=400000000 13:40:10
COTENANT c1s-400-WINa s7 rep=5 before=0 after=0 load=2.12 2.09 2.06
--- RWM-C perf pipeline=window mode=single hint=auto A=c1 B=c1 ooo=0 extra='' T=default (400000000 x 1) start=15:40:12
{"bytes":400000000,"dnf":0,"hint":"auto","max_s":12.7066,"mean_mbps":251.837,"mean_s":12.7066,"median_s":12.7066,"min_s":12.7066,"proto":"rp-native","runs":1,"stdev_s":0.0,"summary":true}
    CPU: CPUSRV=12.98s CPUCLI=16.66s (srv=decoder cli=sender; whole-invocation incl warmup)
    [TRUTH] leg=0 dev=cli0 egress_dgrams=375473 egress_skbs=59206 gso=6.34 netem_sent_dgrams=375075 netem_dropped_skbs=61 backlog=0 lost=398 loss=0.001060 rcvbuf_drops=20 rcvbuf_scope=netns
RUNTIME c1s-400-WINa s7 rep=5 attempt=1 15s rc=0
S3ROW {"arm": "WINa", "busy_last": 60.0, "busy_med": 56.5, "cad_cli": false, "cad_srv": false, "cell": "c1s-400", "cod": 31577, "coded_share": 0.08657020035311276, "cotenant": 0, "cpu_cli": 16.66, "cpu_srv": 12.98, "diag_lines": 50, "dnf": false, "feed_ratio_p0": 1.509433962264151, "gates_cli": true, "gates_srv": true, "gen_guard": false, "header": ["window", "auto"], "mbps": 251.837, "pa_cli": 0, "pa_srv": 0, "pipe_cli": ["window", "Rlc", "auto"], "pipe_srv": ["window", "Rlc", "auto"], "plc_p0": 0.0016, "plu_last_p0": 0.0354, "plu_med_p0": 0.0354, "problems": [], "rc": 0, "rep": 5, "seconds": 12.706613, "seed": "7", "src": 333179, "status": "LIVE", "summary": true, "truth_egress_p0": 375473, "truth_gso_p0": 6.34, "truth_loss_p0": 0.00106, "truth_lost_p0": 398, "truth_rcvbuf_drops": 20, "util": 1.3111283077559692, "wall_s": 15.0, "winline_cli": true, "winline_srv": true}
=== rep=5 seed=7 cell=c1d-400 arm=A1 attempt=1 pipeline=window hint=bulk spec=c1/c1/dual bytes=400000000 13:40:25
COTENANT c1d-400-A1 s7 rep=5 before=0 after=0 load=3.35 2.36 2.15
--- RWM-C perf pipeline=window mode=dual hint=bulk A=c1 B=c1 ooo=0 extra='' T=default (400000000 x 1) start=15:40:27
{"bytes":400000000,"dnf":0,"hint":"bulk","max_s":16.285,"mean_mbps":196.5,"mean_s":16.285,"median_s":16.285,"min_s":16.285,"proto":"rp-native","runs":1,"stdev_s":0.0,"summary":true}
    CPU: CPUSRV=20.26s CPUCLI=28.34s (srv=decoder cli=sender; whole-invocation incl warmup)
    [TRUTH] leg=0 dev=cli0 egress_dgrams=193245 egress_skbs=67183 gso=2.88 netem_sent_dgrams=193057 netem_dropped_skbs=70 backlog=0 lost=188 loss=0.000973 rcvbuf_drops=9 rcvbuf_scope=netns
    [TRUTH] leg=1 dev=cli1 egress_dgrams=166081 egress_skbs=62547 gso=2.66 netem_sent_dgrams=165963 netem_dropped_skbs=55 backlog=0 lost=118 loss=0.000710 rcvbuf_drops=9 rcvbuf_scope=netns
RUNTIME c1d-400-A1 s7 rep=5 attempt=1 18s rc=0
S3ROW {"arm": "A1", "busy_last": 90.0, "busy_med": 87.0, "cad_cli": false, "cad_srv": false, "cell": "c1d-400", "cod": 152, "coded_share": 0.0004496389576659005, "cotenant": 0, "cpu_cli": 28.34, "cpu_srv": 20.26, "diag_lines": 65, "dnf": false, "feed_ratio_p0": 1.3360739979445015, "feed_ratio_p1": 0.9859154929577465, "gates_cli": true, "gates_srv": true, "gen_guard": false, "header": ["window", "bulk"], "mbps": 196.5, "pa_cli": 0, "pa_srv": 0, "pipe_cli": ["window", "Rlc", "bulk"], "pipe_srv": ["window", "Rlc", "bulk"], "plc_p0": 0.0013, "plc_p1": 0.0007, "plu_last_p0": 0.0354, "plu_last_p1": 0.0354, "plu_med_p0": 0.0354, "plu_med_p1": 0.0354, "problems": [], "rc": 0, "rep": 5, "seconds": 16.284981, "seed": "7", "src": 337897, "status": "LIVE", "summary": true, "truth_egress_p0": 193245, "truth_egress_p1": 166081, "truth_gso_p0": 2.88, "truth_gso_p1": 2.66, "truth_loss_p0": 0.000973, "truth_loss_p1": 0.00071, "truth_lost_p0": 188, "truth_lost_p1": 118, "truth_rcvbuf_drops": 9, "util": 1.7402537958134556, "wall_s": 18.0, "winline_cli": true, "winline_srv": true}
=== rep=5 seed=7 cell=c1d-400 arm=A2 attempt=1 pipeline=window hint=bulk spec=c1/c1/dual bytes=400000000 13:40:43
COTENANT c1d-400-A2 s7 rep=5 before=0 after=0 load=3.45 2.44 2.17
--- RWM-C perf pipeline=window mode=dual hint=bulk A=c1 B=c1 ooo=0 extra='' T=default (400000000 x 1) start=15:40:45
{"bytes":400000000,"dnf":0,"hint":"bulk","max_s":15.5548,"mean_mbps":205.725,"mean_s":15.5548,"median_s":15.5548,"min_s":15.5548,"proto":"rp-native","runs":1,"stdev_s":0.0,"summary":true}
    CPU: CPUSRV=19.16s CPUCLI=26.49s (srv=decoder cli=sender; whole-invocation incl warmup)
    [TRUTH] leg=0 dev=cli0 egress_dgrams=143960 egress_skbs=51218 gso=2.81 netem_sent_dgrams=143809 netem_dropped_skbs=58 backlog=0 lost=151 loss=0.001049 rcvbuf_drops=0 rcvbuf_scope=netns
    [TRUTH] leg=1 dev=cli1 egress_dgrams=212465 egress_skbs=63353 gso=3.35 netem_sent_dgrams=212300 netem_dropped_skbs=55 backlog=0 lost=165 loss=0.000777 rcvbuf_drops=0 rcvbuf_scope=netns
RUNTIME c1d-400-A2 s7 rep=5 attempt=1 17s rc=0
S3ROW {"arm": "A2", "busy_last": 95.0, "busy_med": 86.5, "cad_cli": false, "cad_srv": false, "cell": "c1d-400", "cod": 137, "coded_share": 0.0004058778218877763, "cotenant": 0, "cpu_cli": 26.49, "cpu_srv": 19.16, "diag_lines": 62, "dnf": false, "feed_ratio_p0": 1.0486177311725453, "feed_ratio_p1": 1.0296010296010296, "gates_cli": true, "gates_srv": true, "gen_guard": false, "header": ["window", "bulk"], "mbps": 205.725, "pa_cli": 0, "pa_srv": 0, "pipe_cli": ["window", "Rlc", "bulk"], "pipe_srv": ["window", "Rlc", "bulk"], "plc_p0": 0.0011, "plc_p1": 0.0008, "plu_last_p0": 0.0354, "plu_last_p1": 0.0354, "plu_med_p0": 0.0354, "plu_med_p1": 0.0354, "problems": [], "rc": 0, "rep": 5, "seconds": 15.554766, "seed": "7", "src": 337403, "status": "LIVE", "summary": true, "truth_egress_p0": 143960, "truth_egress_p1": 212465, "truth_gso_p0": 2.81, "truth_gso_p1": 3.35, "truth_loss_p0": 0.001049, "truth_loss_p1": 0.000777, "truth_lost_p0": 151, "truth_lost_p1": 165, "truth_rcvbuf_drops": 0, "util": 1.703015011604803, "wall_s": 17.0, "winline_cli": true, "winline_srv": true}
=== rep=5 seed=7 cell=c1d-400 arm=CAD attempt=1 pipeline=window hint=bulk spec=c1/c1/dual bytes=400000000 13:41:01
COTENANT c1d-400-CAD s7 rep=5 before=0 after=0 load=3.46 2.47 2.19
--- RWM-C perf pipeline=window mode=dual hint=bulk A=c1 B=c1 ooo=0 extra='' T=default (400000000 x 1) start=15:41:03
{"bytes":400000000,"dnf":0,"hint":"bulk","max_s":11.6933,"mean_mbps":273.66,"mean_s":11.6933,"median_s":11.6933,"min_s":11.6933,"proto":"rp-native","runs":1,"stdev_s":0.0,"summary":true}
    CPU: CPUSRV=16.74s CPUCLI=19.67s (srv=decoder cli=sender; whole-invocation incl warmup)
    [TRUTH] leg=0 dev=cli0 egress_dgrams=175667 egress_skbs=59305 gso=2.96 netem_sent_dgrams=175497 netem_dropped_skbs=61 backlog=0 lost=170 loss=0.000968 rcvbuf_drops=51 rcvbuf_scope=netns
    [TRUTH] leg=1 dev=cli1 egress_dgrams=176993 egress_skbs=59722 gso=2.96 netem_sent_dgrams=176779 netem_dropped_skbs=54 backlog=0 lost=214 loss=0.001209 rcvbuf_drops=51 rcvbuf_scope=netns
RUNTIME c1d-400-CAD s7 rep=5 attempt=1 14s rc=0
S3ROW {"arm": "CAD", "busy_last": 87.0, "busy_med": 83.0, "cad_cli": true, "cad_srv": true, "cell": "c1d-400", "cod": 142, "coded_share": 0.00042601192833399335, "cotenant": 0, "cpu_cli": 19.67, "cpu_srv": 16.74, "diag_lines": 46, "dnf": false, "feed_ratio_p0": 1.0330578512396695, "feed_ratio_p1": 1.9851116625310172, "gates_cli": true, "gates_srv": true, "gen_guard": false, "header": ["window", "bulk"], "mbps": 273.66, "pa_cli": 0, "pa_srv": 0, "pipe_cli": ["window", "Rlc", "bulk"], "pipe_srv": ["window", "Rlc", "bulk"], "plc_p0": 0.001, "plc_p1": 0.0024, "plu_last_p0": 0.0006, "plu_last_p1": 0.0005, "plu_med_p0": 0.0008, "plu_med_p1": 0.0010500000000000002, "problems": [], "rc": 0, "rep": 5, "seconds": 11.693347, "seed": "7", "src": 333182, "status": "LIVE", "summary": true, "truth_egress_p0": 175667, "truth_egress_p1": 176993, "truth_gso_p0": 2.96, "truth_gso_p1": 2.96, "truth_loss_p0": 0.000968, "truth_loss_p1": 0.001209, "truth_lost_p0": 170, "truth_lost_p1": 214, "truth_rcvbuf_drops": 51, "util": 1.6821531080878729, "wall_s": 14.0, "winline_cli": true, "winline_srv": true}
=== rep=5 seed=7 cell=c2-100 arm=BLKb attempt=1 pipeline=block hint=bulk spec=c2/c2/single bytes=100000000 13:41:15
COTENANT c2-100-BLKb s7 rep=5 before=0 after=0 load=2.84 2.38 2.16
--- RWM-C perf pipeline=block mode=single hint=bulk A=c2 B=c2 ooo=0 extra='' T=default (100000000 x 1) start=15:41:17
{"bytes":100000000,"dnf":0,"hint":"bulk","max_s":8.9059,"mean_mbps":89.828,"mean_s":8.9059,"median_s":8.9059,"min_s":8.9059,"proto":"rp-native","runs":1,"stdev_s":0.0,"summary":true}
    CPU: CPUSRV=3.08s CPUCLI=4.02s (srv=decoder cli=sender; whole-invocation incl warmup)
    [TRUTH] leg=0 dev=cli0 egress_dgrams=92371 egress_skbs=17169 gso=5.38 netem_sent_dgrams=89989 netem_dropped_skbs=422 backlog=0 lost=2382 loss=0.025787 rcvbuf_drops=0 rcvbuf_scope=netns
RUNTIME c2-100-BLKb s7 rep=5 attempt=1 11s rc=0
S3ROW {"arm": "BLKb", "busy_last": null, "busy_med": null, "cad_cli": false, "cad_srv": false, "cell": "c2-100", "cod": null, "coded_share": null, "cotenant": 0, "cpu_cli": 4.02, "cpu_srv": 3.08, "diag_lines": 0, "dnf": false, "feed_ratio_p0": null, "gates_cli": true, "gates_srv": true, "gen_guard": false, "header": ["block", "bulk"], "mbps": 89.828, "pa_cli": 0, "pa_srv": 0, "pipe_cli": ["block", "RaptorQ", "bulk"], "pipe_srv": ["block", "RaptorQ", "bulk"], "problems": [], "rc": 0, "rep": 5, "seconds": 8.905902, "seed": "7", "src": null, "status": "LIVE", "summary": true, "truth_egress_p0": 92371, "truth_gso_p0": 5.38, "truth_loss_p0": 0.025787, "truth_lost_p0": 2382, "truth_rcvbuf_drops": 0, "util": 0.4513860583689333, "wall_s": 11.0, "winline_cli": false, "winline_srv": false}
=== rep=5 seed=7 cell=c2-100 arm=WINa attempt=1 pipeline=window hint=auto spec=c2/c2/single bytes=100000000 13:41:26
COTENANT c2-100-WINa s7 rep=5 before=0 after=0 load=2.55 2.34 2.15
--- RWM-C perf pipeline=window mode=single hint=auto A=c2 B=c2 ooo=0 extra='' T=default (100000000 x 1) start=15:41:28
{"bytes":100000000,"dnf":0,"hint":"auto","max_s":11.0155,"mean_mbps":72.625,"mean_s":11.0155,"median_s":11.0155,"min_s":11.0155,"proto":"rp-native","runs":1,"stdev_s":0.0,"summary":true}
    CPU: CPUSRV=6.30s CPUCLI=6.55s (srv=decoder cli=sender; whole-invocation incl warmup)
    [TRUTH] leg=0 dev=cli0 egress_dgrams=109037 egress_skbs=24356 gso=4.48 netem_sent_dgrams=106392 netem_dropped_skbs=598 backlog=0 lost=2645 loss=0.024258 rcvbuf_drops=0 rcvbuf_scope=netns
RUNTIME c2-100-WINa s7 rep=5 attempt=1 13s rc=0
S3ROW {"arm": "WINa", "busy_last": 24.0, "busy_med": 26.0, "cad_cli": false, "cad_srv": false, "cell": "c2-100", "cod": 20485, "coded_share": 0.19641778451094513, "cotenant": 0, "cpu_cli": 6.55, "cpu_srv": 6.3, "diag_lines": 43, "dnf": false, "feed_ratio_p0": 1.0058537389727102, "gates_cli": true, "gates_srv": true, "gen_guard": false, "header": ["window", "auto"], "mbps": 72.625, "pa_cli": 0, "pa_srv": 0, "pipe_cli": ["window", "Rlc", "auto"], "pipe_srv": ["window", "Rlc", "auto"], "plc_p0": 0.0244, "plu_last_p0": 0.0513, "plu_med_p0": 0.0355, "problems": [], "rc": 0, "rep": 5, "seconds": 11.015465, "seed": "7", "src": 83808, "status": "LIVE", "summary": true, "truth_egress_p0": 109037, "truth_gso_p0": 4.48, "truth_loss_p0": 0.024258, "truth_lost_p0": 2645, "truth_rcvbuf_drops": 0, "util": 0.5946185658072537, "wall_s": 13.0, "winline_cli": true, "winline_srv": true}
=== rep=5 seed=7 cell=c2-100 arm=BLKa attempt=1 pipeline=block hint=auto spec=c2/c2/single bytes=100000000 13:41:39
COTENANT c2-100-BLKa s7 rep=5 before=0 after=0 load=1.99 2.22 2.12
--- RWM-C perf pipeline=block mode=single hint=auto A=c2 B=c2 ooo=0 extra='' T=default (100000000 x 1) start=15:41:41
{"bytes":100000000,"dnf":0,"hint":"auto","max_s":13.7016,"mean_mbps":58.387,"mean_s":13.7016,"median_s":13.7016,"min_s":13.7016,"proto":"rp-native","runs":1,"stdev_s":0.0,"summary":true}
    CPU: CPUSRV=4.24s CPUCLI=6.01s (srv=decoder cli=sender; whole-invocation incl warmup)
    [TRUTH] leg=0 dev=cli0 egress_dgrams=139825 egress_skbs=25366 gso=5.51 netem_sent_dgrams=136259 netem_dropped_skbs=649 backlog=0 lost=3566 loss=0.025503 rcvbuf_drops=0 rcvbuf_scope=netns
RUNTIME c2-100-BLKa s7 rep=5 attempt=1 16s rc=0
S3ROW {"arm": "BLKa", "busy_last": null, "busy_med": null, "cad_cli": false, "cad_srv": false, "cell": "c2-100", "cod": null, "coded_share": null, "cotenant": 0, "cpu_cli": 6.01, "cpu_srv": 4.24, "diag_lines": 0, "dnf": false, "feed_ratio_p0": null, "gates_cli": true, "gates_srv": true, "gen_guard": false, "header": ["block", "auto"], "mbps": 58.387, "pa_cli": 0, "pa_srv": 0, "pipe_cli": ["block", "RaptorQ", "auto"], "pipe_srv": ["block", "RaptorQ", "auto"], "problems": [], "rc": 0, "rep": 5, "seconds": 13.701632, "seed": "7", "src": null, "status": "LIVE", "summary": true, "truth_egress_p0": 139825, "truth_gso_p0": 5.51, "truth_loss_p0": 0.025503, "truth_lost_p0": 3566, "truth_rcvbuf_drops": 0, "util": 0.43863387952617616, "wall_s": 16.0, "winline_cli": false, "winline_srv": false}
=== rep=5 seed=7 cell=c2-100 arm=A1 attempt=1 pipeline=window hint=bulk spec=c2/c2/single bytes=100000000 13:41:55
COTENANT c2-100-A1 s7 rep=5 before=0 after=0 load=1.69 2.14 2.09
--- RWM-C perf pipeline=window mode=single hint=bulk A=c2 B=c2 ooo=0 extra='' T=default (100000000 x 1) start=15:41:57
{"bytes":100000000,"dnf":0,"hint":"bulk","max_s":8.9641,"mean_mbps":89.245,"mean_s":8.9641,"median_s":8.9641,"min_s":8.9641,"proto":"rp-native","runs":1,"stdev_s":0.0,"summary":true}
    CPU: CPUSRV=4.50s CPUCLI=4.96s (srv=decoder cli=sender; whole-invocation incl warmup)
    [TRUTH] leg=0 dev=cli0 egress_dgrams=93944 egress_skbs=19139 gso=4.91 netem_sent_dgrams=91547 netem_dropped_skbs=481 backlog=0 lost=2397 loss=0.025515 rcvbuf_drops=0 rcvbuf_scope=netns
RUNTIME c2-100-A1 s7 rep=5 attempt=1 11s rc=0
S3ROW {"arm": "A1", "busy_last": 18.0, "busy_med": 19.0, "cad_cli": false, "cad_srv": false, "cell": "c2-100", "cod": 405, "coded_share": 0.004818503051718599, "cotenant": 0, "cpu_cli": 4.96, "cpu_srv": 4.5, "diag_lines": 35, "dnf": false, "feed_ratio_p0": 1.0033313737017442, "gates_cli": true, "gates_srv": true, "gen_guard": false, "header": ["window", "bulk"], "mbps": 89.245, "pa_cli": 0, "pa_srv": 0, "pipe_cli": ["window", "Rlc", "bulk"], "pipe_srv": ["window", "Rlc", "bulk"], "plc_p0": 0.0256, "plu_last_p0": 0.0354, "plu_med_p0": 0.0354, "problems": [], "rc": 0, "rep": 5, "seconds": 8.964126, "seed": "7", "src": 83646, "status": "LIVE", "summary": true, "truth_egress_p0": 93944, "truth_gso_p0": 4.91, "truth_loss_p0": 0.025515, "truth_lost_p0": 2397, "truth_rcvbuf_drops": 0, "util": 0.5533166312030866, "wall_s": 11.0, "winline_cli": true, "winline_srv": true}
=== rep=5 seed=7 cell=c2-100 arm=A2 attempt=1 pipeline=window hint=bulk spec=c2/c2/single bytes=100000000 13:42:06
COTENANT c2-100-A2 s7 rep=5 before=0 after=0 load=1.81 2.16 2.10
--- RWM-C perf pipeline=window mode=single hint=bulk A=c2 B=c2 ooo=0 extra='' T=default (100000000 x 1) start=15:42:08
{"bytes":100000000,"dnf":0,"hint":"bulk","max_s":8.9679,"mean_mbps":89.207,"mean_s":8.9679,"median_s":8.9679,"min_s":8.9679,"proto":"rp-native","runs":1,"stdev_s":0.0,"summary":true}
    CPU: CPUSRV=4.55s CPUCLI=4.95s (srv=decoder cli=sender; whole-invocation incl warmup)
    [TRUTH] leg=0 dev=cli0 egress_dgrams=90959 egress_skbs=17087 gso=5.32 netem_sent_dgrams=88602 netem_dropped_skbs=416 backlog=0 lost=2357 loss=0.025913 rcvbuf_drops=0 rcvbuf_scope=netns
RUNTIME c2-100-A2 s7 rep=5 attempt=1 11s rc=0
S3ROW {"arm": "A2", "busy_last": 22.0, "busy_med": 19.0, "cad_cli": false, "cad_srv": false, "cell": "c2-100", "cod": 436, "coded_share": 0.005187635342550508, "cotenant": 0, "cpu_cli": 4.95, "cpu_srv": 4.55, "diag_lines": 35, "dnf": false, "feed_ratio_p0": 1.0072164550611664, "gates_cli": true, "gates_srv": true, "gen_guard": false, "header": ["window", "bulk"], "mbps": 89.207, "pa_cli": 0, "pa_srv": 0, "pipe_cli": ["window", "Rlc", "bulk"], "pipe_srv": ["window", "Rlc", "bulk"], "plc_p0": 0.0261, "plu_last_p0": 0.057, "plu_med_p0": 0.0356, "problems": [], "rc": 0, "rep": 5, "seconds": 8.967928, "seed": "7", "src": 83610, "status": "LIVE", "summary": true, "truth_egress_p0": 90959, "truth_gso_p0": 5.32, "truth_loss_p0": 0.025913, "truth_lost_p0": 2357, "truth_rcvbuf_drops": 0, "util": 0.5519669649444108, "wall_s": 11.0, "winline_cli": true, "winline_srv": true}
=== rep=5 seed=7 cell=c2-100 arm=CAD attempt=1 pipeline=window hint=bulk spec=c2/c2/single bytes=100000000 13:42:17
COTENANT c2-100-CAD s7 rep=5 before=0 after=0 load=1.76 2.13 2.09
--- RWM-C perf pipeline=window mode=single hint=bulk A=c2 B=c2 ooo=0 extra='' T=default (100000000 x 1) start=15:42:19
{"bytes":100000000,"dnf":0,"hint":"bulk","max_s":8.982,"mean_mbps":89.067,"mean_s":8.982,"median_s":8.982,"min_s":8.982,"proto":"rp-native","runs":1,"stdev_s":0.0,"summary":true}
    CPU: CPUSRV=4.69s CPUCLI=3.99s (srv=decoder cli=sender; whole-invocation incl warmup)
    [TRUTH] leg=0 dev=cli0 egress_dgrams=92795 egress_skbs=20907 gso=4.44 netem_sent_dgrams=90602 netem_dropped_skbs=511 backlog=0 lost=2193 loss=0.023633 rcvbuf_drops=0 rcvbuf_scope=netns
RUNTIME c2-100-CAD s7 rep=5 attempt=1 11s rc=0
S3ROW {"arm": "CAD", "busy_last": 17.0, "busy_med": 17.0, "cad_cli": true, "cad_srv": true, "cell": "c2-100", "cod": 411, "coded_share": 0.004895246489357901, "cotenant": 0, "cpu_cli": 3.99, "cpu_srv": 4.69, "diag_lines": 35, "dnf": false, "feed_ratio_p0": 0.9943722760546693, "gates_cli": true, "gates_srv": true, "gen_guard": false, "header": ["window", "bulk"], "mbps": 89.067, "pa_cli": 0, "pa_srv": 0, "pipe_cli": ["window", "Rlc", "bulk"], "pipe_srv": ["window", "Rlc", "bulk"], "plc_p0": 0.0235, "plu_last_p0": 0.0016, "plu_med_p0": 0.0083, "problems": [], "rc": 0, "rep": 5, "seconds": 8.981996, "seed": "7", "src": 83548, "status": "LIVE", "summary": true, "truth_egress_p0": 92795, "truth_gso_p0": 4.44, "truth_loss_p0": 0.023633, "truth_lost_p0": 2193, "truth_rcvbuf_drops": 0, "util": 0.4442219747147516, "wall_s": 11.0, "winline_cli": true, "winline_srv": true}
=== rep=5 seed=7 cell=c3-25 arm=BLKb attempt=1 pipeline=block hint=bulk spec=c3/c3/single bytes=25000000 13:42:28
COTENANT c3-25-BLKb s7 rep=5 before=0 after=0 load=1.37 2.03 2.06
--- RWM-C perf pipeline=block mode=single hint=bulk A=c3 B=c3 ooo=0 extra='' T=default (25000000 x 1) start=15:42:31
{"bytes":25000000,"dnf":0,"hint":"bulk","max_s":12.6069,"mean_mbps":15.864,"mean_s":12.6069,"median_s":12.6069,"min_s":12.6069,"proto":"rp-native","runs":1,"stdev_s":0.0,"summary":true}
    CPU: CPUSRV=1.61s CPUCLI=2.19s (srv=decoder cli=sender; whole-invocation incl warmup)
    [TRUTH] leg=0 dev=cli0 egress_dgrams=30150 egress_skbs=11704 gso=2.58 netem_sent_dgrams=28088 netem_dropped_skbs=522 backlog=906 lost=1156 loss=0.038342 rcvbuf_drops=0 rcvbuf_scope=netns
RUNTIME c3-25-BLKb s7 rep=5 attempt=1 16s rc=0
S3ROW {"arm": "BLKb", "busy_last": null, "busy_med": null, "cad_cli": false, "cad_srv": false, "cell": "c3-25", "cod": null, "coded_share": null, "cotenant": 0, "cpu_cli": 2.19, "cpu_srv": 1.61, "diag_lines": 0, "dnf": false, "feed_ratio_p0": null, "gates_cli": true, "gates_srv": true, "gen_guard": false, "header": ["block", "bulk"], "mbps": 15.864, "pa_cli": 0, "pa_srv": 0, "pipe_cli": ["block", "RaptorQ", "bulk"], "pipe_srv": ["block", "RaptorQ", "bulk"], "problems": [], "rc": 0, "rep": 5, "seconds": 12.606949, "seed": "7", "src": null, "status": "LIVE", "summary": true, "truth_egress_p0": 30150, "truth_gso_p0": 2.58, "truth_loss_p0": 0.038342, "truth_lost_p0": 1156, "truth_rcvbuf_drops": 0, "util": 0.17371371931464147, "wall_s": 16.0, "winline_cli": false, "winline_srv": false}
=== rep=5 seed=7 cell=c3-25 arm=WINa attempt=1 pipeline=window hint=auto spec=c3/c3/single bytes=25000000 13:42:44
COTENANT c3-25-WINa s7 rep=5 before=0 after=0 load=1.06 1.93 2.02
--- RWM-C perf pipeline=window mode=single hint=auto A=c3 B=c3 ooo=0 extra='' T=default (25000000 x 1) start=15:42:46
{"bytes":25000000,"dnf":0,"hint":"auto","max_s":13.4008,"mean_mbps":14.924,"mean_s":13.4008,"median_s":13.4008,"min_s":13.4008,"proto":"rp-native","runs":1,"stdev_s":0.0,"summary":true}
    CPU: CPUSRV=2.03s CPUCLI=2.72s (srv=decoder cli=sender; whole-invocation incl warmup)
    [TRUTH] leg=0 dev=cli0 egress_dgrams=29385 egress_skbs=9618 gso=3.06 netem_sent_dgrams=28072 netem_dropped_skbs=442 backlog=1 lost=1312 loss=0.044649 rcvbuf_drops=0 rcvbuf_scope=netns
RUNTIME c3-25-WINa s7 rep=5 attempt=1 16s rc=0
S3ROW {"arm": "WINa", "busy_last": 5.0, "busy_med": 8.0, "cad_cli": false, "cad_srv": false, "cell": "c3-25", "cod": 409, "coded_share": 0.018969435554937155, "cotenant": 0, "cpu_cli": 2.72, "cpu_srv": 2.03, "diag_lines": 53, "dnf": false, "feed_ratio_p0": 1.021299469193039, "gates_cli": true, "gates_srv": true, "gen_guard": false, "header": ["window", "auto"], "mbps": 14.924, "pa_cli": 0, "pa_srv": 0, "pipe_cli": ["window", "Rlc", "auto"], "pipe_srv": ["window", "Rlc", "auto"], "plc_p0": 0.0456, "plu_last_p0": 0.0578, "plu_med_p0": 0.0385, "problems": [], "rc": 0, "rep": 5, "seconds": 13.400824, "seed": "7", "src": 21152, "status": "LIVE", "summary": true, "truth_egress_p0": 29385, "truth_gso_p0": 3.06, "truth_loss_p0": 0.044649, "truth_lost_p0": 1312, "truth_rcvbuf_drops": 0, "util": 0.2029725933270969, "wall_s": 16.0, "winline_cli": true, "winline_srv": true}
=== rep=5 seed=7 cell=c3-25 arm=BLKa attempt=1 pipeline=block hint=auto spec=c3/c3/single bytes=25000000 13:43:00
COTENANT c3-25-BLKa s7 rep=5 before=0 after=0 load=0.75 1.77 1.97
--- RWM-C perf pipeline=block mode=single hint=auto A=c3 B=c3 ooo=0 extra='' T=default (25000000 x 1) start=15:43:03
{"bytes":25000000,"dnf":0,"hint":"auto","max_s":26.881,"mean_mbps":7.44,"mean_s":26.881,"median_s":26.881,"min_s":26.881,"proto":"rp-native","runs":1,"stdev_s":0.0,"summary":true}
    CPU: CPUSRV=2.83s CPUCLI=4.44s (srv=decoder cli=sender; whole-invocation incl warmup)
    [TRUTH] leg=0 dev=cli0 egress_dgrams=62090 egress_skbs=21620 gso=2.87 netem_sent_dgrams=57414 netem_dropped_skbs=965 backlog=2154 lost=2522 loss=0.040618 rcvbuf_drops=0 rcvbuf_scope=netns
RUNTIME c3-25-BLKa s7 rep=5 attempt=1 30s rc=0
S3ROW {"arm": "BLKa", "busy_last": null, "busy_med": null, "cad_cli": false, "cad_srv": false, "cell": "c3-25", "cod": null, "coded_share": null, "cotenant": 0, "cpu_cli": 4.44, "cpu_srv": 2.83, "diag_lines": 0, "dnf": false, "feed_ratio_p0": null, "gates_cli": true, "gates_srv": true, "gen_guard": false, "header": ["block", "auto"], "mbps": 7.44, "pa_cli": 0, "pa_srv": 0, "pipe_cli": ["block", "RaptorQ", "auto"], "pipe_srv": ["block", "RaptorQ", "auto"], "problems": [], "rc": 0, "rep": 5, "seconds": 26.881048, "seed": "7", "src": null, "status": "LIVE", "summary": true, "truth_egress_p0": 62090, "truth_gso_p0": 2.87, "truth_loss_p0": 0.040618, "truth_lost_p0": 2522, "truth_rcvbuf_drops": 0, "util": 0.16517213168177075, "wall_s": 30.0, "winline_cli": false, "winline_srv": false}
=== rep=5 seed=7 cell=c3-25 arm=A1 attempt=1 pipeline=window hint=bulk spec=c3/c3/single bytes=25000000 13:43:30
COTENANT c3-25-A1 s7 rep=5 before=0 after=0 load=0.65 1.70 1.94
--- RWM-C perf pipeline=window mode=single hint=bulk A=c3 B=c3 ooo=0 extra='' T=default (25000000 x 1) start=15:43:32
{"bytes":25000000,"dnf":0,"hint":"bulk","max_s":11.4797,"mean_mbps":17.422,"mean_s":11.4797,"median_s":11.4797,"min_s":11.4797,"proto":"rp-native","runs":1,"stdev_s":0.0,"summary":true}
    CPU: CPUSRV=1.68s CPUCLI=2.29s (srv=decoder cli=sender; whole-invocation incl warmup)
    [TRUTH] leg=0 dev=cli0 egress_dgrams=26169 egress_skbs=8159 gso=3.21 netem_sent_dgrams=24977 netem_dropped_skbs=373 backlog=0 lost=1192 loss=0.045550 rcvbuf_drops=0 rcvbuf_scope=netns
RUNTIME c3-25-A1 s7 rep=5 attempt=1 14s rc=0
S3ROW {"arm": "A1", "busy_last": 6.0, "busy_med": 7.0, "cad_cli": false, "cad_srv": false, "cell": "c3-25", "cod": 223, "coded_share": 0.010432748538011696, "cotenant": 0, "cpu_cli": 2.29, "cpu_srv": 1.68, "diag_lines": 45, "dnf": false, "feed_ratio_p0": 1.018660812294182, "gates_cli": true, "gates_srv": true, "gen_guard": false, "header": ["window", "bulk"], "mbps": 17.422, "pa_cli": 0, "pa_srv": 0, "pipe_cli": ["window", "Rlc", "bulk"], "pipe_srv": ["window", "Rlc", "bulk"], "plc_p0": 0.0464, "plu_last_p0": 0.0354, "plu_med_p0": 0.0419, "problems": [], "rc": 0, "rep": 5, "seconds": 11.479671, "seed": "7", "src": 21152, "status": "LIVE", "summary": true, "truth_egress_p0": 26169, "truth_gso_p0": 3.21, "truth_loss_p0": 0.04555, "truth_lost_p0": 1192, "truth_rcvbuf_drops": 0, "util": 0.19948306880920194, "wall_s": 14.0, "winline_cli": true, "winline_srv": true}
=== rep=5 seed=7 cell=c3-25 arm=A2 attempt=1 pipeline=window hint=bulk spec=c3/c3/single bytes=25000000 13:43:44
COTENANT c3-25-A2 s7 rep=5 before=0 after=0 load=0.51 1.62 1.91
--- RWM-C perf pipeline=window mode=single hint=bulk A=c3 B=c3 ooo=0 extra='' T=default (25000000 x 1) start=15:43:46
{"bytes":25000000,"dnf":0,"hint":"bulk","max_s":11.6104,"mean_mbps":17.226,"mean_s":11.6104,"median_s":11.6104,"min_s":11.6104,"proto":"rp-native","runs":1,"stdev_s":0.0,"summary":true}
    CPU: CPUSRV=1.68s CPUCLI=2.29s (srv=decoder cli=sender; whole-invocation incl warmup)
    [TRUTH] leg=0 dev=cli0 egress_dgrams=25778 egress_skbs=8100 gso=3.18 netem_sent_dgrams=24604 netem_dropped_skbs=371 backlog=0 lost=1174 loss=0.045543 rcvbuf_drops=0 rcvbuf_scope=netns
RUNTIME c3-25-A2 s7 rep=5 attempt=1 14s rc=0
S3ROW {"arm": "A2", "busy_last": 6.0, "busy_med": 8.0, "cad_cli": false, "cad_srv": false, "cell": "c3-25", "cod": 218, "coded_share": 0.01020121665886757, "cotenant": 0, "cpu_cli": 2.29, "cpu_srv": 1.68, "diag_lines": 46, "dnf": false, "feed_ratio_p0": 1.0012515644555695, "gates_cli": true, "gates_srv": true, "gen_guard": false, "header": ["window", "bulk"], "mbps": 17.226, "pa_cli": 0, "pa_srv": 0, "pipe_cli": ["window", "Rlc", "bulk"], "pipe_srv": ["window", "Rlc", "bulk"], "plc_p0": 0.0456, "plu_last_p0": 0.0354, "plu_med_p0": 0.04215, "problems": [], "rc": 0, "rep": 5, "seconds": 11.610385, "seed": "7", "src": 21152, "status": "LIVE", "summary": true, "truth_egress_p0": 25778, "truth_gso_p0": 3.18, "truth_loss_p0": 0.045543, "truth_lost_p0": 1174, "truth_rcvbuf_drops": 0, "util": 0.19723721478658976, "wall_s": 14.0, "winline_cli": true, "winline_srv": true}
=== rep=5 seed=7 cell=c3-25 arm=CAD attempt=1 pipeline=window hint=bulk spec=c3/c3/single bytes=25000000 13:43:58
COTENANT c3-25-CAD s7 rep=5 before=0 after=0 load=0.40 1.54 1.88
--- RWM-C perf pipeline=window mode=single hint=bulk A=c3 B=c3 ooo=0 extra='' T=default (25000000 x 1) start=15:44:00
{"bytes":25000000,"dnf":0,"hint":"bulk","max_s":11.5229,"mean_mbps":17.357,"mean_s":11.5229,"median_s":11.5229,"min_s":11.5229,"proto":"rp-native","runs":1,"stdev_s":0.0,"summary":true}
    CPU: CPUSRV=1.68s CPUCLI=2.03s (srv=decoder cli=sender; whole-invocation incl warmup)
    [TRUTH] leg=0 dev=cli0 egress_dgrams=25659 egress_skbs=8004 gso=3.21 netem_sent_dgrams=24503 netem_dropped_skbs=365 backlog=0 lost=1156 loss=0.045052 rcvbuf_drops=0 rcvbuf_scope=netns
RUNTIME c3-25-CAD s7 rep=5 attempt=1 14s rc=0
S3ROW {"arm": "CAD", "busy_last": 7.0, "busy_med": 7.0, "cad_cli": true, "cad_srv": true, "cell": "c3-25", "cod": 228, "coded_share": 0.010664172123479887, "cotenant": 0, "cpu_cli": 2.03, "cpu_srv": 1.68, "diag_lines": 46, "dnf": false, "feed_ratio_p0": 1.0010654354967592, "gates_cli": true, "gates_srv": true, "gen_guard": false, "header": ["window", "bulk"], "mbps": 17.357, "pa_cli": 0, "pa_srv": 0, "pipe_cli": ["window", "Rlc", "bulk"], "pipe_srv": ["window", "Rlc", "bulk"], "plc_p0": 0.0451, "plu_last_p0": 0.019, "plu_med_p0": 0.038849999999999996, "problems": [], "rc": 0, "rep": 5, "seconds": 11.522949, "seed": "7", "src": 21152, "status": "LIVE", "summary": true, "truth_egress_p0": 25659, "truth_gso_p0": 3.21, "truth_loss_p0": 0.045052, "truth_lost_p0": 1156, "truth_rcvbuf_drops": 0, "util": 0.1761701800467918, "wall_s": 14.0, "winline_cli": true, "winline_srv": true}
=== rep=5 seed=7 cell=c7-100 arm=BLKb attempt=1 pipeline=block hint=bulk spec=c2/c2/dual bytes=100000000 13:44:12
COTENANT c7-100-BLKb s7 rep=5 before=0 after=0 load=0.44 1.53 1.87
--- RWM-C perf pipeline=block mode=dual hint=bulk A=c2 B=c2 ooo=0 extra='' T=default (100000000 x 1) start=15:44:14
{"bytes":100000000,"dnf":0,"hint":"bulk","max_s":4.6068,"mean_mbps":173.657,"mean_s":4.6068,"median_s":4.6068,"min_s":4.6068,"proto":"rp-native","runs":1,"stdev_s":0.0,"summary":true}
    CPU: CPUSRV=3.14s CPUCLI=4.19s (srv=decoder cli=sender; whole-invocation incl warmup)
    [TRUTH] leg=0 dev=cli0 egress_dgrams=46617 egress_skbs=9298 gso=5.01 netem_sent_dgrams=45341 netem_dropped_skbs=257 backlog=0 lost=1276 loss=0.027372 rcvbuf_drops=0 rcvbuf_scope=netns
    [TRUTH] leg=1 dev=cli1 egress_dgrams=46326 egress_skbs=8791 gso=5.27 netem_sent_dgrams=45084 netem_dropped_skbs=223 backlog=0 lost=1242 loss=0.026810 rcvbuf_drops=0 rcvbuf_scope=netns
RUNTIME c7-100-BLKb s7 rep=5 attempt=1 7s rc=0
S3ROW {"arm": "BLKb", "busy_last": null, "busy_med": null, "cad_cli": false, "cad_srv": false, "cell": "c7-100", "cod": null, "coded_share": null, "cotenant": 0, "cpu_cli": 4.19, "cpu_srv": 3.14, "diag_lines": 0, "dnf": false, "feed_ratio_p0": null, "feed_ratio_p1": null, "gates_cli": true, "gates_srv": true, "gen_guard": false, "header": ["block", "bulk"], "mbps": 173.657, "pa_cli": 0, "pa_srv": 0, "pipe_cli": ["block", "RaptorQ", "bulk"], "pipe_srv": ["block", "RaptorQ", "bulk"], "problems": [], "rc": 0, "rep": 5, "seconds": 4.606789, "seed": "7", "src": null, "status": "LIVE", "summary": true, "truth_egress_p0": 46617, "truth_egress_p1": 46326, "truth_gso_p0": 5.01, "truth_gso_p1": 5.27, "truth_loss_p0": 0.027372, "truth_loss_p1": 0.02681, "truth_lost_p0": 1276, "truth_lost_p1": 1242, "truth_rcvbuf_drops": 0, "util": 0.9095272216721887, "wall_s": 7.0, "winline_cli": false, "winline_srv": false}
=== rep=5 seed=7 cell=c7-100 arm=WINa attempt=1 pipeline=window hint=auto spec=c2/c2/dual bytes=100000000 13:44:19
COTENANT c7-100-WINa s7 rep=5 before=0 after=0 load=0.70 1.54 1.87
--- RWM-C perf pipeline=window mode=dual hint=auto A=c2 B=c2 ooo=0 extra='' T=default (100000000 x 1) start=15:44:20
{"bytes":100000000,"dnf":0,"hint":"auto","max_s":5.6493,"mean_mbps":141.611,"mean_s":5.6493,"median_s":5.6493,"min_s":5.6493,"proto":"rp-native","runs":1,"stdev_s":0.0,"summary":true}
    CPU: CPUSRV=7.33s CPUCLI=8.82s (srv=decoder cli=sender; whole-invocation incl warmup)
    [TRUTH] leg=0 dev=cli0 egress_dgrams=56440 egress_skbs=21814 gso=2.59 netem_sent_dgrams=55051 netem_dropped_skbs=526 backlog=0 lost=1389 loss=0.024610 rcvbuf_drops=0 rcvbuf_scope=netns
    [TRUTH] leg=1 dev=cli1 egress_dgrams=55602 egress_skbs=20489 gso=2.71 netem_sent_dgrams=54259 netem_dropped_skbs=521 backlog=0 lost=1343 loss=0.024154 rcvbuf_drops=0 rcvbuf_scope=netns
RUNTIME c7-100-WINa s7 rep=5 attempt=1 8s rc=0
S3ROW {"arm": "WINa", "busy_last": 84.0, "busy_med": 90.5, "cad_cli": false, "cad_srv": false, "cell": "c7-100", "cod": 11046, "coded_share": 0.11677149955071621, "cotenant": 0, "cpu_cli": 8.82, "cpu_srv": 7.33, "diag_lines": 22, "dnf": false, "feed_ratio_p0": 1.011783827712312, "feed_ratio_p1": 0.9770638403577048, "gates_cli": true, "gates_srv": true, "gen_guard": false, "header": ["window", "auto"], "mbps": 141.611, "pa_cli": 0, "pa_srv": 0, "pipe_cli": ["window", "Rlc", "auto"], "pipe_srv": ["window", "Rlc", "auto"], "plc_p0": 0.0249, "plc_p1": 0.0236, "plu_last_p0": 0.0355, "plu_last_p1": 0.0464, "plu_med_p0": 0.041550000000000004, "plu_med_p1": 0.0429, "problems": [], "rc": 0, "rep": 5, "seconds": 5.649294, "seed": "7", "src": 83549, "status": "LIVE", "summary": true, "truth_egress_p0": 56440, "truth_egress_p1": 55602, "truth_gso_p0": 2.59, "truth_gso_p1": 2.71, "truth_loss_p0": 0.02461, "truth_loss_p1": 0.024154, "truth_lost_p0": 1389, "truth_lost_p1": 1343, "truth_rcvbuf_drops": 0, "util": 1.5612570349498538, "wall_s": 8.0, "winline_cli": true, "winline_srv": true}
=== rep=5 seed=7 cell=c7-100 arm=BLKa attempt=1 pipeline=block hint=auto spec=c2/c2/dual bytes=100000000 13:44:27
COTENANT c7-100-BLKa s7 rep=5 before=0 after=0 load=1.12 1.61 1.89
--- RWM-C perf pipeline=block mode=dual hint=auto A=c2 B=c2 ooo=0 extra='' T=default (100000000 x 1) start=15:44:28
{"bytes":100000000,"dnf":0,"hint":"auto","max_s":6.9525,"mean_mbps":115.067,"mean_s":6.9525,"median_s":6.9525,"min_s":6.9525,"proto":"rp-native","runs":1,"stdev_s":0.0,"summary":true}
    CPU: CPUSRV=4.69s CPUCLI=6.69s (srv=decoder cli=sender; whole-invocation incl warmup)
    [TRUTH] leg=0 dev=cli0 egress_dgrams=70997 egress_skbs=14377 gso=4.94 netem_sent_dgrams=69252 netem_dropped_skbs=366 backlog=0 lost=1745 loss=0.024579 rcvbuf_drops=0 rcvbuf_scope=netns
    [TRUTH] leg=1 dev=cli1 egress_dgrams=70954 egress_skbs=14933 gso=4.75 netem_sent_dgrams=69141 netem_dropped_skbs=381 backlog=0 lost=1813 loss=0.025552 rcvbuf_drops=0 rcvbuf_scope=netns
RUNTIME c7-100-BLKa s7 rep=5 attempt=1 9s rc=0
S3ROW {"arm": "BLKa", "busy_last": null, "busy_med": null, "cad_cli": false, "cad_srv": false, "cell": "c7-100", "cod": null, "coded_share": null, "cotenant": 0, "cpu_cli": 6.69, "cpu_srv": 4.69, "diag_lines": 0, "dnf": false, "feed_ratio_p0": null, "feed_ratio_p1": null, "gates_cli": true, "gates_srv": true, "gen_guard": false, "header": ["block", "auto"], "mbps": 115.067, "pa_cli": 0, "pa_srv": 0, "pipe_cli": ["block", "RaptorQ", "auto"], "pipe_srv": ["block", "RaptorQ", "auto"], "problems": [], "rc": 0, "rep": 5, "seconds": 6.952498, "seed": "7", "src": null, "status": "LIVE", "summary": true, "truth_egress_p0": 70997, "truth_egress_p1": 70954, "truth_gso_p0": 4.94, "truth_gso_p1": 4.75, "truth_loss_p0": 0.024579, "truth_loss_p1": 0.025552, "truth_lost_p0": 1745, "truth_lost_p1": 1813, "truth_rcvbuf_drops": 0, "util": 0.9622440740004528, "wall_s": 9.0, "winline_cli": false, "winline_srv": false}
=== rep=5 seed=7 cell=c7-100 arm=A1 attempt=1 pipeline=window hint=bulk spec=c2/c2/dual bytes=100000000 13:44:36
COTENANT c7-100-A1 s7 rep=5 before=0 after=0 load=1.51 1.68 1.91
--- RWM-C perf pipeline=window mode=dual hint=bulk A=c2 B=c2 ooo=0 extra='' T=default (100000000 x 1) start=15:44:38
{"bytes":100000000,"dnf":0,"hint":"bulk","max_s":4.5992,"mean_mbps":173.942,"mean_s":4.5992,"median_s":4.5992,"min_s":4.5992,"proto":"rp-native","runs":1,"stdev_s":0.0,"summary":true}
    CPU: CPUSRV=5.64s CPUCLI=6.76s (srv=decoder cli=sender; whole-invocation incl warmup)
    [TRUTH] leg=0 dev=cli0 egress_dgrams=45879 egress_skbs=13781 gso=3.33 netem_sent_dgrams=44588 netem_dropped_skbs=354 backlog=0 lost=1291 loss=0.028139 rcvbuf_drops=0 rcvbuf_scope=netns
    [TRUTH] leg=1 dev=cli1 egress_dgrams=45897 egress_skbs=14195 gso=3.23 netem_sent_dgrams=44713 netem_dropped_skbs=361 backlog=0 lost=1184 loss=0.025797 rcvbuf_drops=0 rcvbuf_scope=netns
RUNTIME c7-100-A1 s7 rep=5 attempt=1 7s rc=0
S3ROW {"arm": "A1", "busy_last": 62.0, "busy_med": 84.5, "cad_cli": false, "cad_srv": false, "cell": "c7-100", "cod": 464, "coded_share": 0.0054544599614426105, "cotenant": 0, "cpu_cli": 6.76, "cpu_srv": 5.64, "diag_lines": 18, "dnf": false, "feed_ratio_p0": 1.012829169480081, "feed_ratio_p1": 1.0039927123308912, "gates_cli": true, "gates_srv": true, "gen_guard": false, "header": ["window", "bulk"], "mbps": 173.942, "pa_cli": 0, "pa_srv": 0, "pipe_cli": ["window", "Rlc", "bulk"], "pipe_srv": ["window", "Rlc", "bulk"], "plc_p0": 0.0285, "plc_p1": 0.0259, "plu_last_p0": 0.0497, "plu_last_p1": 0.0373, "plu_med_p0": 0.035449999999999995, "plu_med_p1": 0.03775, "problems": [], "rc": 0, "rep": 5, "seconds": 4.599237, "seed": "7", "src": 84604, "status": "LIVE", "summary": true, "truth_egress_p0": 45879, "truth_egress_p1": 45897, "truth_gso_p0": 3.33, "truth_gso_p1": 3.23, "truth_loss_p0": 0.028139, "truth_loss_p1": 0.025797, "truth_lost_p0": 1291, "truth_lost_p1": 1184, "truth_rcvbuf_drops": 0, "util": 1.4698090139734048, "wall_s": 7.0, "winline_cli": true, "winline_srv": true}
=== rep=5 seed=7 cell=c7-100 arm=A2 attempt=1 pipeline=window hint=bulk spec=c2/c2/dual bytes=100000000 13:44:43
COTENANT c7-100-A2 s7 rep=5 before=0 after=0 load=1.87 1.75 1.94
--- RWM-C perf pipeline=window mode=dual hint=bulk A=c2 B=c2 ooo=0 extra='' T=default (100000000 x 1) start=15:44:44
{"bytes":100000000,"dnf":0,"hint":"bulk","max_s":4.5115,"mean_mbps":177.324,"mean_s":4.5115,"median_s":4.5115,"min_s":4.5115,"proto":"rp-native","runs":1,"stdev_s":0.0,"summary":true}
    CPU: CPUSRV=5.50s CPUCLI=6.82s (srv=decoder cli=sender; whole-invocation incl warmup)
    [TRUTH] leg=0 dev=cli0 egress_dgrams=45424 egress_skbs=13464 gso=3.37 netem_sent_dgrams=44332 netem_dropped_skbs=350 backlog=0 lost=1092 loss=0.024040 rcvbuf_drops=0 rcvbuf_scope=netns
    [TRUTH] leg=1 dev=cli1 egress_dgrams=46336 egress_skbs=15127 gso=3.06 netem_sent_dgrams=45156 netem_dropped_skbs=384 backlog=0 lost=1180 loss=0.025466 rcvbuf_drops=0 rcvbuf_scope=netns
RUNTIME c7-100-A2 s7 rep=5 attempt=1 6s rc=0
S3ROW {"arm": "A2", "busy_last": 69.0, "busy_med": 86.5, "cad_cli": false, "cad_srv": false, "cell": "c7-100", "cod": 461, "coded_share": 0.00541938517604185, "cotenant": 0, "cpu_cli": 6.82, "cpu_srv": 5.5, "diag_lines": 18, "dnf": false, "feed_ratio_p0": 0.9816971713810316, "feed_ratio_p1": 0.9856278960182204, "gates_cli": true, "gates_srv": true, "gen_guard": false, "header": ["window", "bulk"], "mbps": 177.324, "pa_cli": 0, "pa_srv": 0, "pipe_cli": ["window", "Rlc", "bulk"], "pipe_srv": ["window", "Rlc", "bulk"], "plc_p0": 0.0236, "plc_p1": 0.0251, "plu_last_p0": 0.0652, "plu_last_p1": 0.0771, "plu_med_p0": 0.0354, "plu_med_p1": 0.044300000000000006, "problems": [], "rc": 0, "rep": 5, "seconds": 4.511527, "seed": "7", "src": 84604, "status": "LIVE", "summary": true, "truth_egress_p0": 45424, "truth_egress_p1": 46336, "truth_gso_p0": 3.37, "truth_gso_p1": 3.06, "truth_loss_p0": 0.02404, "truth_loss_p1": 0.025466, "truth_lost_p0": 1092, "truth_lost_p1": 1180, "truth_rcvbuf_drops": 0, "util": 1.5116832948134855, "wall_s": 6.0, "winline_cli": true, "winline_srv": true}
=== rep=5 seed=7 cell=c7-100 arm=CAD attempt=1 pipeline=window hint=bulk spec=c2/c2/dual bytes=100000000 13:44:49
COTENANT c7-100-CAD s7 rep=5 before=0 after=0 load=1.74 1.73 1.93
--- RWM-C perf pipeline=window mode=dual hint=bulk A=c2 B=c2 ooo=0 extra='' T=default (100000000 x 1) start=15:44:51
{"bytes":100000000,"dnf":0,"hint":"bulk","max_s":4.5384,"mean_mbps":176.272,"mean_s":4.5384,"median_s":4.5384,"min_s":4.5384,"proto":"rp-native","runs":1,"stdev_s":0.0,"summary":true}
    CPU: CPUSRV=5.43s CPUCLI=5.66s (srv=decoder cli=sender; whole-invocation incl warmup)
    [TRUTH] leg=0 dev=cli0 egress_dgrams=46572 egress_skbs=16670 gso=2.79 netem_sent_dgrams=45481 netem_dropped_skbs=404 backlog=0 lost=1091 loss=0.023426 rcvbuf_drops=0 rcvbuf_scope=netns
    [TRUTH] leg=1 dev=cli1 egress_dgrams=46695 egress_skbs=17546 gso=2.66 netem_sent_dgrams=45564 netem_dropped_skbs=438 backlog=0 lost=1131 loss=0.024221 rcvbuf_drops=0 rcvbuf_scope=netns
RUNTIME c7-100-CAD s7 rep=5 attempt=1 6s rc=0
S3ROW {"arm": "CAD", "busy_last": 53.0, "busy_med": 67.5, "cad_cli": true, "cad_srv": true, "cell": "c7-100", "cod": 526, "coded_share": 0.006178785387055092, "cotenant": 0, "cpu_cli": 5.66, "cpu_srv": 5.43, "diag_lines": 18, "dnf": false, "feed_ratio_p0": 0.9818150772645778, "feed_ratio_p1": 0.9661037942281492, "gates_cli": true, "gates_srv": true, "gen_guard": false, "header": ["window", "bulk"], "mbps": 176.272, "pa_cli": 0, "pa_srv": 0, "pipe_cli": ["window", "Rlc", "bulk"], "pipe_srv": ["window", "Rlc", "bulk"], "plc_p0": 0.023, "plc_p1": 0.0234, "plu_last_p0": 0.0268, "plu_last_p1": 0.0166, "plu_med_p0": 0.027049999999999998, "plu_med_p1": 0.0176, "problems": [], "rc": 0, "rep": 5, "seconds": 4.538435, "seed": "7", "src": 84604, "status": "LIVE", "summary": true, "truth_egress_p0": 46572, "truth_egress_p1": 46695, "truth_gso_p0": 2.79, "truth_gso_p1": 2.66, "truth_loss_p0": 0.023426, "truth_loss_p1": 0.024221, "truth_lost_p0": 1091, "truth_lost_p1": 1131, "truth_rcvbuf_drops": 0, "util": 1.2471259365838665, "wall_s": 6.0, "winline_cli": true, "winline_srv": true}
=== rep=5 seed=7 cell=c8-100 arm=BLKb attempt=1 pipeline=block hint=bulk spec=c2/c3/dual bytes=100000000 13:44:56
COTENANT c8-100-BLKb s7 rep=5 before=0 after=0 load=1.63 1.71 1.91
--- RWM-C perf pipeline=block mode=dual hint=bulk A=c2 B=c3 ooo=0 extra='' T=default (100000000 x 1) start=15:44:58
{"bytes":100000000,"dnf":0,"hint":"bulk","max_s":8.7285,"mean_mbps":91.653,"mean_s":8.7285,"median_s":8.7285,"min_s":8.7285,"proto":"rp-native","runs":1,"stdev_s":0.0,"summary":true}
    CPU: CPUSRV=3.56s CPUCLI=4.78s (srv=decoder cli=sender; whole-invocation incl warmup)
    [TRUTH] leg=0 dev=cli0 egress_dgrams=83043 egress_skbs=15327 gso=5.42 netem_sent_dgrams=81110 netem_dropped_skbs=377 backlog=0 lost=1933 loss=0.023277 rcvbuf_drops=0 rcvbuf_scope=netns
    [TRUTH] leg=1 dev=cli1 egress_dgrams=14548 egress_skbs=4800 gso=3.03 netem_sent_dgrams=13575 netem_dropped_skbs=266 backlog=0 lost=973 loss=0.066882 rcvbuf_drops=0 rcvbuf_scope=netns
RUNTIME c8-100-BLKb s7 rep=5 attempt=1 11s rc=0
S3ROW {"arm": "BLKb", "busy_last": null, "busy_med": null, "cad_cli": false, "cad_srv": false, "cell": "c8-100", "cod": null, "coded_share": null, "cotenant": 0, "cpu_cli": 4.78, "cpu_srv": 3.56, "diag_lines": 0, "dnf": false, "feed_ratio_p0": null, "feed_ratio_p1": null, "gates_cli": true, "gates_srv": true, "gen_guard": false, "header": ["block", "bulk"], "mbps": 91.653, "pa_cli": 0, "pa_srv": 0, "pipe_cli": ["block", "RaptorQ", "bulk"], "pipe_srv": ["block", "RaptorQ", "bulk"], "problems": [], "rc": 0, "rep": 5, "seconds": 8.728535, "seed": "7", "src": null, "status": "LIVE", "summary": true, "truth_egress_p0": 83043, "truth_egress_p1": 14548, "truth_gso_p0": 5.42, "truth_gso_p1": 3.03, "truth_loss_p0": 0.023277, "truth_loss_p1": 0.066882, "truth_lost_p0": 1933, "truth_lost_p1": 973, "truth_rcvbuf_drops": 0, "util": 0.5476291267664046, "wall_s": 11.0, "winline_cli": false, "winline_srv": false}
=== rep=5 seed=7 cell=c8-100 arm=WINa attempt=1 pipeline=window hint=auto spec=c2/c3/dual bytes=100000000 13:45:07
COTENANT c8-100-WINa s7 rep=5 before=0 after=0 load=1.38 1.65 1.89
--- RWM-C perf pipeline=window mode=dual hint=auto A=c2 B=c3 ooo=0 extra='' T=default (100000000 x 1) start=15:45:09
{"bytes":100000000,"dnf":0,"hint":"auto","max_s":8.9024,"mean_mbps":89.863,"mean_s":8.9024,"median_s":8.9024,"min_s":8.9024,"proto":"rp-native","runs":1,"stdev_s":0.0,"summary":true}
    CPU: CPUSRV=6.58s CPUCLI=9.63s (srv=decoder cli=sender; whole-invocation incl warmup)
    [TRUTH] leg=0 dev=cli0 egress_dgrams=86008 egress_skbs=22754 gso=3.78 netem_sent_dgrams=83978 netem_dropped_skbs=545 backlog=0 lost=2030 loss=0.023602 rcvbuf_drops=0 rcvbuf_scope=netns
    [TRUTH] leg=1 dev=cli1 egress_dgrams=21368 egress_skbs=16590 gso=1.29 netem_sent_dgrams=20189 netem_dropped_skbs=924 backlog=0 lost=1179 loss=0.055176 rcvbuf_drops=0 rcvbuf_scope=netns
RUNTIME c8-100-WINa s7 rep=5 attempt=1 11s rc=0
S3ROW {"arm": "WINa", "busy_last": 4.0, "busy_med": 68.0, "cad_cli": false, "cad_srv": false, "cell": "c8-100", "cod": 582, "coded_share": 0.006832108562439838, "cotenant": 0, "cpu_cli": 9.63, "cpu_srv": 6.58, "diag_lines": 35, "dnf": false, "feed_ratio_p0": 0.9999152614185237, "feed_ratio_p1": 0.9895606785558939, "gates_cli": true, "gates_srv": true, "gen_guard": false, "header": ["window", "auto"], "mbps": 89.863, "pa_cli": 0, "pa_srv": 0, "pipe_cli": ["window", "Rlc", "auto"], "pipe_srv": ["window", "Rlc", "auto"], "plc_p0": 0.0236, "plc_p1": 0.0546, "plu_last_p0": 0.067, "plu_last_p1": 0.0889, "plu_med_p0": 0.0354, "plu_med_p1": 0.0889, "problems": [], "rc": 0, "rep": 5, "seconds": 8.902403, "seed": "7", "src": 84604, "status": "LIVE", "summary": true, "truth_egress_p0": 86008, "truth_egress_p1": 21368, "truth_gso_p0": 3.78, "truth_gso_p1": 1.29, "truth_loss_p0": 0.023602, "truth_loss_p1": 0.055176, "truth_lost_p0": 2030, "truth_lost_p1": 1179, "truth_rcvbuf_drops": 0, "util": 1.0817304047008434, "wall_s": 11.0, "winline_cli": true, "winline_srv": true}
=== rep=5 seed=7 cell=c8-100 arm=BLKa attempt=1 pipeline=block hint=auto spec=c2/c3/dual bytes=100000000 13:45:19
COTENANT c8-100-BLKa s7 rep=5 before=0 after=0 load=1.23 1.60 1.87
--- RWM-C perf pipeline=block mode=dual hint=auto A=c2 B=c3 ooo=0 extra='' T=default (100000000 x 1) start=15:45:20
{"bytes":100000000,"dnf":0,"hint":"auto","max_s":12.8338,"mean_mbps":62.336,"mean_s":12.8338,"median_s":12.8338,"min_s":12.8338,"proto":"rp-native","runs":1,"stdev_s":0.0,"summary":true}
    CPU: CPUSRV=5.90s CPUCLI=8.10s (srv=decoder cli=sender; whole-invocation incl warmup)
    [TRUTH] leg=0 dev=cli0 egress_dgrams=125747 egress_skbs=26437 gso=4.76 netem_sent_dgrams=122617 netem_dropped_skbs=668 backlog=0 lost=3130 loss=0.024891 rcvbuf_drops=0 rcvbuf_scope=netns
    [TRUTH] leg=1 dev=cli1 egress_dgrams=35563 egress_skbs=14309 gso=2.49 netem_sent_dgrams=31717 netem_dropped_skbs=751 backlog=2232 lost=1614 loss=0.045384 rcvbuf_drops=0 rcvbuf_scope=netns
RUNTIME c8-100-BLKa s7 rep=5 attempt=1 15s rc=0
S3ROW {"arm": "BLKa", "busy_last": null, "busy_med": null, "cad_cli": false, "cad_srv": false, "cell": "c8-100", "cod": null, "coded_share": null, "cotenant": 0, "cpu_cli": 8.1, "cpu_srv": 5.9, "diag_lines": 0, "dnf": false, "feed_ratio_p0": null, "feed_ratio_p1": null, "gates_cli": true, "gates_srv": true, "gen_guard": false, "header": ["block", "auto"], "mbps": 62.336, "pa_cli": 0, "pa_srv": 0, "pipe_cli": ["block", "RaptorQ", "auto"], "pipe_srv": ["block", "RaptorQ", "auto"], "problems": [], "rc": 0, "rep": 5, "seconds": 12.83376, "seed": "7", "src": null, "status": "LIVE", "summary": true, "truth_egress_p0": 125747, "truth_egress_p1": 35563, "truth_gso_p0": 4.76, "truth_gso_p1": 2.49, "truth_loss_p0": 0.024891, "truth_loss_p1": 0.045384, "truth_lost_p0": 3130, "truth_lost_p1": 1614, "truth_rcvbuf_drops": 0, "util": 0.6311478475520814, "wall_s": 15.0, "winline_cli": false, "winline_srv": false}
=== rep=5 seed=7 cell=c8-100 arm=A1 attempt=1 pipeline=window hint=bulk spec=c2/c3/dual bytes=100000000 13:45:34
COTENANT c8-100-A1 s7 rep=5 before=0 after=0 load=1.26 1.60 1.87
--- RWM-C perf pipeline=window mode=dual hint=bulk A=c2 B=c3 ooo=0 extra='' T=default (100000000 x 1) start=15:45:36
{"bytes":100000000,"dnf":0,"hint":"bulk","max_s":7.6854,"mean_mbps":104.093,"mean_s":7.6854,"median_s":7.6854,"min_s":7.6854,"proto":"rp-native","runs":1,"stdev_s":0.0,"summary":true}
    CPU: CPUSRV=5.61s CPUCLI=6.87s (srv=decoder cli=sender; whole-invocation incl warmup)
    [TRUTH] leg=0 dev=cli0 egress_dgrams=74765 egress_skbs=13369 gso=5.59 netem_sent_dgrams=72919 netem_dropped_skbs=344 backlog=0 lost=1846 loss=0.024691 rcvbuf_drops=0 rcvbuf_scope=netns
    [TRUTH] leg=1 dev=cli1 egress_dgrams=19118 egress_skbs=12859 gso=1.49 netem_sent_dgrams=18161 netem_dropped_skbs=675 backlog=0 lost=957 loss=0.050058 rcvbuf_drops=0 rcvbuf_scope=netns
RUNTIME c8-100-A1 s7 rep=5 attempt=1 11s rc=0
S3ROW {"arm": "A1", "busy_last": 40.0, "busy_med": 40.0, "cad_cli": false, "cad_srv": false, "cell": "c8-100", "cod": 770, "coded_share": 0.009019139316419518, "cotenant": 0, "cpu_cli": 6.87, "cpu_srv": 5.61, "diag_lines": 30, "dnf": false, "feed_ratio_p0": 1.0044145640111781, "feed_ratio_p1": 0.9908506132885853, "gates_cli": true, "gates_srv": true, "gen_guard": false, "header": ["window", "bulk"], "mbps": 104.093, "pa_cli": 0, "pa_srv": 0, "pipe_cli": ["window", "Rlc", "bulk"], "pipe_srv": ["window", "Rlc", "bulk"], "plc_p0": 0.0248, "plc_p1": 0.0496, "plu_last_p0": 0.0354, "plu_last_p1": 0.0792, "plu_med_p0": 0.0354, "plu_med_p1": 0.08465, "problems": [], "rc": 0, "rep": 5, "seconds": 7.6854, "seed": "7", "src": 84604, "status": "LIVE", "summary": true, "truth_egress_p0": 74765, "truth_egress_p1": 19118, "truth_gso_p0": 5.59, "truth_gso_p1": 1.49, "truth_loss_p0": 0.024691, "truth_loss_p1": 0.050058, "truth_lost_p0": 1846, "truth_lost_p1": 957, "truth_rcvbuf_drops": 0, "util": 0.8939027246467328, "wall_s": 11.0, "winline_cli": true, "winline_srv": true}
=== rep=5 seed=7 cell=c8-100 arm=A2 attempt=1 pipeline=window hint=bulk spec=c2/c3/dual bytes=100000000 13:45:45
COTENANT c8-100-A2 s7 rep=5 before=0 after=0 load=1.44 1.62 1.87
--- RWM-C perf pipeline=window mode=dual hint=bulk A=c2 B=c3 ooo=0 extra='' T=default (100000000 x 1) start=15:45:47
{"bytes":100000000,"dnf":0,"hint":"bulk","max_s":8.0303,"mean_mbps":99.623,"mean_s":8.0303,"median_s":8.0303,"min_s":8.0303,"proto":"rp-native","runs":1,"stdev_s":0.0,"summary":true}
    CPU: CPUSRV=5.72s CPUCLI=7.38s (srv=decoder cli=sender; whole-invocation incl warmup)
    [TRUTH] leg=0 dev=cli0 egress_dgrams=73495 egress_skbs=12319 gso=5.97 netem_sent_dgrams=71556 netem_dropped_skbs=324 backlog=0 lost=1939 loss=0.026383 rcvbuf_drops=0 rcvbuf_scope=netns
    [TRUTH] leg=1 dev=cli1 egress_dgrams=19523 egress_skbs=12454 gso=1.57 netem_sent_dgrams=18480 netem_dropped_skbs=657 backlog=0 lost=1043 loss=0.053424 rcvbuf_drops=0 rcvbuf_scope=netns
RUNTIME c8-100-A2 s7 rep=5 attempt=1 11s rc=0
S3ROW {"arm": "A2", "busy_last": 23.0, "busy_med": 45.0, "cad_cli": false, "cad_srv": false, "cell": "c8-100", "cod": 619, "coded_share": 0.007263297466646328, "cotenant": 0, "cpu_cli": 7.38, "cpu_srv": 5.72, "diag_lines": 32, "dnf": false, "feed_ratio_p0": 1.000644354319069, "feed_ratio_p1": 0.9976789457921533, "gates_cli": true, "gates_srv": true, "gen_guard": false, "header": ["window", "bulk"], "mbps": 99.623, "pa_cli": 0, "pa_srv": 0, "pipe_cli": ["window", "Rlc", "bulk"], "pipe_srv": ["window", "Rlc", "bulk"], "plc_p0": 0.0264, "plc_p1": 0.0533, "plu_last_p0": 0.0785, "plu_last_p1": 0.0851, "plu_med_p0": 0.0354, "plu_med_p1": 0.07014999999999999, "problems": [], "rc": 0, "rep": 5, "seconds": 8.030273, "seed": "7", "src": 84604, "status": "LIVE", "summary": true, "truth_egress_p0": 73495, "truth_egress_p1": 19523, "truth_gso_p0": 5.97, "truth_gso_p1": 1.57, "truth_loss_p0": 0.026383, "truth_loss_p1": 0.053424, "truth_lost_p0": 1939, "truth_lost_p1": 1043, "truth_rcvbuf_drops": 0, "util": 0.9190223047211471, "wall_s": 11.0, "winline_cli": true, "winline_srv": true}
=== rep=5 seed=7 cell=c8-100 arm=CAD attempt=1 pipeline=window hint=bulk spec=c2/c3/dual bytes=100000000 13:45:56
COTENANT c8-100-CAD s7 rep=5 before=0 after=0 load=1.45 1.61 1.87
--- RWM-C perf pipeline=window mode=dual hint=bulk A=c2 B=c3 ooo=0 extra='' T=default (100000000 x 1) start=15:45:58
{"bytes":100000000,"dnf":0,"hint":"bulk","max_s":7.734,"mean_mbps":103.439,"mean_s":7.734,"median_s":7.734,"min_s":7.734,"proto":"rp-native","runs":1,"stdev_s":0.0,"summary":true}
    CPU: CPUSRV=5.76s CPUCLI=6.14s (srv=decoder cli=sender; whole-invocation incl warmup)
    [TRUTH] leg=0 dev=cli0 egress_dgrams=79370 egress_skbs=20304 gso=3.91 netem_sent_dgrams=77437 netem_dropped_skbs=492 backlog=0 lost=1933 loss=0.024354 rcvbuf_drops=0 rcvbuf_scope=netns
    [TRUTH] leg=1 dev=cli1 egress_dgrams=19142 egress_skbs=12843 gso=1.49 netem_sent_dgrams=18128 netem_dropped_skbs=675 backlog=0 lost=1014 loss=0.052973 rcvbuf_drops=0 rcvbuf_scope=netns
RUNTIME c8-100-CAD s7 rep=5 attempt=1 10s rc=0
S3ROW {"arm": "CAD", "busy_last": 19.0, "busy_med": 40.0, "cad_cli": true, "cad_srv": true, "cell": "c8-100", "cod": 823, "coded_share": 0.009633956477460287, "cotenant": 0, "cpu_cli": 6.14, "cpu_srv": 5.76, "diag_lines": 31, "dnf": false, "feed_ratio_p0": 1.0018888067668557, "feed_ratio_p1": 0.975968889811791, "gates_cli": true, "gates_srv": true, "gen_guard": false, "header": ["window", "bulk"], "mbps": 103.439, "pa_cli": 0, "pa_srv": 0, "pipe_cli": ["window", "Rlc", "bulk"], "pipe_srv": ["window", "Rlc", "bulk"], "plc_p0": 0.0244, "plc_p1": 0.0517, "plu_last_p0": 0.0057, "plu_last_p1": 0.1087, "plu_med_p0": 0.0095, "plu_med_p1": 0.0557, "problems": [], "rc": 0, "rep": 5, "seconds": 7.733997, "seed": "7", "src": 84604, "status": "LIVE", "summary": true, "truth_egress_p0": 79370, "truth_egress_p1": 19142, "truth_gso_p0": 3.91, "truth_gso_p1": 1.49, "truth_loss_p0": 0.024354, "truth_loss_p1": 0.052973, "truth_lost_p0": 1933, "truth_lost_p1": 1014, "truth_rcvbuf_drops": 0, "util": 0.793897385789004, "wall_s": 10.0, "winline_cli": true, "winline_srv": true}
BLOCK-COMPLETE rep=5 seed=7 block=9 2026-09-30T13:46:06Z
=== ARMCOUNTS 2026-09-30T13:46:06Z
ARMCOUNT c1s-400-A1 n=10
ARMCOUNT c1s-400-A2 n=10
ARMCOUNT c1s-400-BLKb n=10
ARMCOUNT c1s-400-WINa n=10
ARMCOUNT c1s-400-BLKa n=10
ARMCOUNT c1d-400-A1 n=10
ARMCOUNT c1d-400-A2 n=10
ARMCOUNT c1d-400-CAD n=10
ARMCOUNT c2-100-A1 n=10
ARMCOUNT c2-100-A2 n=10
ARMCOUNT c2-100-CAD n=10
ARMCOUNT c2-100-BLKb n=10
ARMCOUNT c2-100-WINa n=10
ARMCOUNT c2-100-BLKa n=10
ARMCOUNT c3-25-A1 n=10
ARMCOUNT c3-25-A2 n=10
ARMCOUNT c3-25-CAD n=10
ARMCOUNT c3-25-BLKb n=10
ARMCOUNT c3-25-WINa n=10
ARMCOUNT c3-25-BLKa n=10
ARMCOUNT c7-100-A1 n=10
ARMCOUNT c7-100-A2 n=10
ARMCOUNT c7-100-CAD n=10
ARMCOUNT c7-100-BLKb n=10
ARMCOUNT c7-100-WINa n=10
ARMCOUNT c7-100-BLKa n=10
ARMCOUNT c8-100-A1 n=10
ARMCOUNT c8-100-A2 n=10
ARMCOUNT c8-100-CAD n=10
ARMCOUNT c8-100-BLKb n=10
ARMCOUNT c8-100-WINa n=10
ARMCOUNT c8-100-BLKa n=10
STAGE3-BATTERY-DONE tag=s3 blocks=10 2026-09-30T13:46:06Z
