LOCKS-HELD-BY-ENVELOPE verify4_run_all:734193
=== V4 BATTERY tag=v4 reps_per_seed=8 seeds='42 7' cells='c1s-400 c1d-400 c2-100 c3-25 c7-100 c8-100' no_emb=0 no_auto=0 2026-10-04T15:38:50Z
=== binary NEW /home/vibe/v4/bin/new/raptorpath sha256 aa88d648def0b1253985b9d9ad6955d2190277bebc09026aaa2b79ce64ebd262
=== binary OLD /home/vibe/v4/bin/old/raptorpath sha256 f3743664cb48ad81deef239d44710f4b12bf08f2db65c6d90fc5a947ed500035
=== source 7d8cec2b973a2f4244553aff5439f99634e83e80
=== env RWM_GEN=0 RWM_DIAG=1 RWM_PERF_TIMEOUT_S=150 runs=1; every arm env -u RWM_EST_CADENCE RWM_POOL_ANCHOR RWM_EMIT_BATCH RWM_EMIT_BURST; EMB: RWM_EMIT_BATCH=1; soft_deadline=1791139338 block_est=360
Model name:                              Intel(R) Xeon(R) CPU E5-2650 v3 @ 2.30GHz
Flags:                                   fpu vme de pse tsc msr pae mce cx8 apic sep mtrr pge mca cmov pat pse36 clflush mmx fxsr sse sse2 ss ht syscall nx pdpe1gb rdtscp lm arch_perfmon rep_good nopl xtopology cpuid tsc_known_freq pni pclmulqdq vmx ssse3 fma cx16 pdcm pcid sse4_1 sse4_2 x2apic movbe popcnt tsc_deadline_timer aes xsave avx f16c rdrand hypervisor lahf_lm abm cpuid_fault pti ssbd ibrs ibpb stibp tpr_shadow flexpriority ept vpid ept_ad fsgsbase tsc_adjust bmi1 avx2 smep bmi2 erms invpcid xsaveopt arat vnmi umip md_clear flush_l1d arch_capabilities
=== rep=1 seed=42 cell=c1s-400 arm=NEW attempt=1 pipeline=window hint=bulk spec=c1/c1/single bytes=400000000 bin=/home/vibe/v4/bin/new/raptorpath sha=aa88d648def0b125 15:38:50
COTENANT c1s-400-NEW s42 rep=1 before=0 after=0 load=0.57 1.11 1.84
--- RWM-C perf pipeline=window mode=single hint=bulk A=c1 B=c1 ooo=0 extra='' T=default (400000000 x 1) start=17:38:51
{"bytes":400000000,"dnf":0,"hint":"bulk","max_s":6.1356,"mean_mbps":521.544,"mean_s":6.1356,"median_s":6.1356,"min_s":6.1356,"proto":"rp-native","runs":1,"stdev_s":0.0,"summary":true}
    CPU: CPUSRV=8.25s CPUCLI=7.46s (srv=decoder cli=sender; whole-invocation incl warmup)
    [TRUTH] leg=0 dev=cli0 egress_dgrams=340533 egress_skbs=36172 gso=9.41 netem_sent_dgrams=340153 netem_dropped_skbs=38 backlog=0 lost=380 loss=0.001116 rcvbuf_drops=71 rcvbuf_scope=netns
RUNTIME c1s-400-NEW s42 rep=1 attempt=1 8s rc=0
V4ROW {"arm": "NEW", "bin": "new", "bin_sha": "aa88d648def0b1253985b9d9ad6955d2190277bebc09026aaa2b79ce64ebd262", "busy_last": 40.0, "busy_med": 46.0, "cad_cli": true, "cad_srv": true, "cadoff_cli": false, "cadoff_srv": false, "cell": "c1s-400", "cod": 125, "coded_share": 0.0003739637464585633, "cotenant": 0, "cpu_cli": 7.46, "cpu_srv": 8.25, "cpu_us_per_dgram": 21.906834286251257, "diag_lines": 24, "dnf": false, "egress_dgrams": 340533, "emb_echo_cli": false, "emb_echo_srv": false, "emb_gate_cli": 0, "emb_gate_srv": 0, "feed_ratio_p0": 2.867383512544803, "gates_cli": true, "gates_srv": true, "gen_guard": false, "header": ["window", "bulk"], "mbps": 521.544, "pa_cli": 0, "pa_srv": 0, "pipe_cli": ["window", "Rlc", "bulk"], "pipe_srv": ["window", "Rlc", "bulk"], "plc_p0": 0.0032, "plu_last_p0": 0.3111, "plu_med_p0": 0.0007, "problems": [], "rc": 0, "rep": 1, "seconds": 6.13563, "seed": "42", "src": 334132, "status": "LIVE", "summary": true, "truth_egress_p0": 340533, "truth_gso_p0": 9.41, "truth_loss_p0": 0.001116, "truth_lost_p0": 380, "truth_rcvbuf_drops": 71, "util": 1.2158490652141671, "wall_s": 8.0, "winline_cli": true, "winline_srv": true}
=== rep=1 seed=42 cell=c1s-400 arm=OLD attempt=1 pipeline=window hint=bulk spec=c1/c1/single bytes=400000000 bin=/home/vibe/v4/bin/old/raptorpath sha=f3743664cb48ad81 15:38:58
COTENANT c1s-400-OLD s42 rep=1 before=0 after=0 load=1.41 1.27 1.88
--- RWM-C perf pipeline=window mode=single hint=bulk A=c1 B=c1 ooo=0 extra='' T=default (400000000 x 1) start=17:39:00
{"bytes":400000000,"dnf":0,"hint":"bulk","max_s":10.677,"mean_mbps":299.71,"mean_s":10.677,"median_s":10.677,"min_s":10.677,"proto":"rp-native","runs":1,"stdev_s":0.0,"summary":true}
    CPU: CPUSRV=12.20s CPUCLI=14.59s (srv=decoder cli=sender; whole-invocation incl warmup)
    [TRUTH] leg=0 dev=cli0 egress_dgrams=343209 egress_skbs=40733 gso=8.43 netem_sent_dgrams=342818 netem_dropped_skbs=50 backlog=0 lost=391 loss=0.001139 rcvbuf_drops=6 rcvbuf_scope=netns
RUNTIME c1s-400-OLD s42 rep=1 attempt=1 13s rc=0
V4ROW {"arm": "OLD", "bin": "old", "bin_sha": "f3743664cb48ad81deef239d44710f4b12bf08f2db65c6d90fc5a947ed500035", "busy_last": 57.0, "busy_med": 52.0, "cad_cli": false, "cad_srv": false, "cadoff_cli": false, "cadoff_srv": false, "cell": "c1s-400", "cod": 62, "coded_share": 0.0001860079983439288, "cotenant": 0, "cpu_cli": 14.59, "cpu_srv": 12.2, "cpu_us_per_dgram": 42.51054022476101, "diag_lines": 42, "dnf": false, "egress_dgrams": 343209, "emb_echo_cli": false, "emb_echo_srv": false, "emb_gate_cli": 0, "emb_gate_srv": 0, "feed_ratio_p0": 1.141352063213345, "gates_cli": true, "gates_srv": true, "gen_guard": false, "header": ["window", "bulk"], "mbps": 299.71, "pa_cli": 0, "pa_srv": 0, "pipe_cli": ["window", "Rlc", "bulk"], "pipe_srv": ["window", "Rlc", "bulk"], "plc_p0": 0.0013, "plu_last_p0": 0.0354, "plu_med_p0": 0.0354, "problems": [], "rc": 0, "rep": 1, "seconds": 10.67699, "seed": "42", "src": 333257, "status": "LIVE", "summary": true, "truth_egress_p0": 343209, "truth_gso_p0": 8.43, "truth_loss_p0": 0.001139, "truth_lost_p0": 391, "truth_rcvbuf_drops": 6, "util": 1.366489993902776, "wall_s": 13.0, "winline_cli": true, "winline_srv": true}
=== rep=1 seed=42 cell=c1s-400 arm=EMB attempt=1 pipeline=window hint=bulk spec=c1/c1/single bytes=400000000 bin=/home/vibe/v4/bin/new/raptorpath sha=aa88d648def0b125 15:39:11
COTENANT c1s-400-EMB s42 rep=1 before=0 after=0 load=1.59 1.31 1.89
--- RWM-C perf pipeline=window mode=single hint=bulk A=c1 B=c1 ooo=0 extra='' T=default (400000000 x 1) start=17:39:12
{"bytes":400000000,"dnf":0,"hint":"bulk","max_s":6.1834,"mean_mbps":517.516,"mean_s":6.1834,"median_s":6.1834,"min_s":6.1834,"proto":"rp-native","runs":1,"stdev_s":0.0,"summary":true}
    CPU: CPUSRV=7.81s CPUCLI=6.32s (srv=decoder cli=sender; whole-invocation incl warmup)
    [TRUTH] leg=0 dev=cli0 egress_dgrams=343353 egress_skbs=38499 gso=8.92 netem_sent_dgrams=342905 netem_dropped_skbs=47 backlog=0 lost=448 loss=0.001305 rcvbuf_drops=158 rcvbuf_scope=netns
RUNTIME c1s-400-EMB s42 rep=1 attempt=1 8s rc=0
V4ROW {"arm": "EMB", "bin": "new", "bin_sha": "aa88d648def0b1253985b9d9ad6955d2190277bebc09026aaa2b79ce64ebd262", "busy_last": 36.0, "busy_med": 39.5, "cad_cli": true, "cad_srv": true, "cadoff_cli": false, "cadoff_srv": false, "cell": "c1s-400", "cod": 277, "coded_share": 0.0008440258509578322, "cotenant": 0, "cpu_cli": 6.32, "cpu_srv": 7.81, "cpu_us_per_dgram": 18.406712625199138, "diag_lines": 24, "dnf": false, "egress_dgrams": 343353, "emb_echo_cli": true, "emb_echo_srv": true, "emb_gate_cli": 1, "emb_gate_srv": 1, "feed_ratio_p0": 4.444444444444445, "gates_cli": true, "gates_srv": true, "gen_guard": false, "header": ["window", "bulk"], "mbps": 517.516, "pa_cli": 0, "pa_srv": 0, "pipe_cli": ["window", "Rlc", "bulk"], "pipe_srv": ["window", "Rlc", "bulk"], "plc_p0": 0.0058, "plu_last_p0": 0.0004, "plu_med_p0": 0.0004, "problems": [], "rc": 0, "rep": 1, "seconds": 6.183381, "seed": "42", "src": 327912, "status": "LIVE", "summary": true, "truth_egress_p0": 343353, "truth_gso_p0": 8.92, "truth_loss_p0": 0.001305, "truth_lost_p0": 448, "truth_rcvbuf_drops": 158, "util": 1.0220945466565945, "wall_s": 8.0, "winline_cli": true, "winline_srv": true}
=== rep=1 seed=42 cell=c1d-400 arm=NEW attempt=1 pipeline=window hint=bulk spec=c1/c1/dual bytes=400000000 bin=/home/vibe/v4/bin/new/raptorpath sha=aa88d648def0b125 15:39:19
COTENANT c1d-400-NEW s42 rep=1 before=0 after=0 load=2.33 1.49 1.94
--- RWM-C perf pipeline=window mode=dual hint=bulk A=c1 B=c1 ooo=0 extra='' T=default (400000000 x 1) start=17:39:21
{"bytes":400000000,"dnf":0,"hint":"bulk","max_s":11.092,"mean_mbps":288.497,"mean_s":11.092,"median_s":11.092,"min_s":11.092,"proto":"rp-native","runs":1,"stdev_s":0.0,"summary":true}
    CPU: CPUSRV=16.92s CPUCLI=18.13s (srv=decoder cli=sender; whole-invocation incl warmup)
    [TRUTH] leg=0 dev=cli0 egress_dgrams=151938 egress_skbs=51092 gso=2.97 netem_sent_dgrams=151728 netem_dropped_skbs=55 backlog=0 lost=210 loss=0.001382 rcvbuf_drops=22 rcvbuf_scope=netns
    [TRUTH] leg=1 dev=cli1 egress_dgrams=198622 egress_skbs=55598 gso=3.57 netem_sent_dgrams=198430 netem_dropped_skbs=50 backlog=0 lost=192 loss=0.000967 rcvbuf_drops=22 rcvbuf_scope=netns
RUNTIME c1d-400-NEW s42 rep=1 attempt=1 13s rc=0
V4ROW {"arm": "NEW", "bin": "new", "bin_sha": "aa88d648def0b1253985b9d9ad6955d2190277bebc09026aaa2b79ce64ebd262", "busy_last": 89.0, "busy_med": 82.0, "cad_cli": true, "cad_srv": true, "cadoff_cli": false, "cadoff_srv": false, "cell": "c1d-400", "cod": 181, "coded_share": 0.0005401550035960596, "cotenant": 0, "cpu_cli": 18.13, "cpu_srv": 16.92, "cpu_us_per_dgram": 51.71725239616613, "diag_lines": 44, "dnf": false, "egress_dgrams": 350560, "emb_echo_cli": false, "emb_echo_srv": false, "emb_gate_cli": 0, "emb_gate_srv": 0, "feed_ratio_p0": 1.085383502170767, "feed_ratio_p1": 1.7580144777662874, "gates_cli": true, "gates_srv": true, "gen_guard": false, "header": ["window", "bulk"], "mbps": 288.497, "pa_cli": 0, "pa_srv": 0, "pipe_cli": ["window", "Rlc", "bulk"], "pipe_srv": ["window", "Rlc", "bulk"], "plc_p0": 0.0015, "plc_p1": 0.0017, "plu_last_p0": 0.0006, "plu_last_p1": 0.0019, "plu_med_p0": 0.0008, "plu_med_p1": 0.0008, "problems": [], "rc": 0, "rep": 1, "seconds": 11.091968, "seed": "42", "src": 334908, "status": "LIVE", "summary": true, "truth_egress_p0": 151938, "truth_egress_p1": 198622, "truth_gso_p0": 2.97, "truth_gso_p1": 3.57, "truth_loss_p0": 0.001382, "truth_loss_p1": 0.000967, "truth_lost_p0": 210, "truth_lost_p1": 192, "truth_rcvbuf_drops": 22, "util": 1.6345160750553913, "wall_s": 13.0, "winline_cli": true, "winline_srv": true}
=== rep=1 seed=42 cell=c1d-400 arm=OLD attempt=1 pipeline=window hint=bulk spec=c1/c1/dual bytes=400000000 bin=/home/vibe/v4/bin/old/raptorpath sha=f3743664cb48ad81 15:39:32
COTENANT c1d-400-OLD s42 rep=1 before=0 after=0 load=2.75 1.64 1.98
--- RWM-C perf pipeline=window mode=dual hint=bulk A=c1 B=c1 ooo=0 extra='' T=default (400000000 x 1) start=17:39:34
{"bytes":400000000,"dnf":0,"hint":"bulk","max_s":18.2082,"mean_mbps":175.745,"mean_s":18.2082,"median_s":18.2082,"min_s":18.2082,"proto":"rp-native","runs":1,"stdev_s":0.0,"summary":true}
    CPU: CPUSRV=22.90s CPUCLI=31.53s (srv=decoder cli=sender; whole-invocation incl warmup)
    [TRUTH] leg=0 dev=cli0 egress_dgrams=177900 egress_skbs=68312 gso=2.60 netem_sent_dgrams=177723 netem_dropped_skbs=72 backlog=0 lost=177 loss=0.000995 rcvbuf_drops=0 rcvbuf_scope=netns
    [TRUTH] leg=1 dev=cli1 egress_dgrams=182676 egress_skbs=68917 gso=2.65 netem_sent_dgrams=182538 netem_dropped_skbs=60 backlog=0 lost=138 loss=0.000755 rcvbuf_drops=0 rcvbuf_scope=netns
RUNTIME c1d-400-OLD s42 rep=1 attempt=1 21s rc=0
V4ROW {"arm": "OLD", "bin": "old", "bin_sha": "f3743664cb48ad81deef239d44710f4b12bf08f2db65c6d90fc5a947ed500035", "busy_last": 95.0, "busy_med": 87.0, "cad_cli": false, "cad_srv": false, "cadoff_cli": false, "cadoff_srv": false, "cell": "c1d-400", "cod": 159, "coded_share": 0.00047458436557920185, "cotenant": 0, "cpu_cli": 31.53, "cpu_srv": 22.9, "cpu_us_per_dgram": 87.44342385516507, "diag_lines": 72, "dnf": false, "egress_dgrams": 360576, "emb_echo_cli": false, "emb_echo_srv": false, "emb_gate_cli": 0, "emb_gate_srv": 0, "feed_ratio_p0": 1.0050251256281406, "feed_ratio_p1": 1.0596026490066226, "gates_cli": true, "gates_srv": true, "gen_guard": false, "header": ["window", "bulk"], "mbps": 175.745, "pa_cli": 0, "pa_srv": 0, "pipe_cli": ["window", "Rlc", "bulk"], "pipe_srv": ["window", "Rlc", "bulk"], "plc_p0": 0.001, "plc_p1": 0.0008, "plu_last_p0": 0.0354, "plu_last_p1": 0.0354, "plu_med_p0": 0.0354, "plu_med_p1": 0.0354, "problems": [], "rc": 0, "rep": 1, "seconds": 18.208225, "seed": "42", "src": 334871, "status": "LIVE", "summary": true, "truth_egress_p0": 177900, "truth_egress_p1": 182676, "truth_gso_p0": 2.6, "truth_gso_p1": 2.65, "truth_loss_p0": 0.000995, "truth_loss_p1": 0.000755, "truth_lost_p0": 177, "truth_lost_p1": 138, "truth_rcvbuf_drops": 0, "util": 1.7316350165927763, "wall_s": 21.0, "winline_cli": true, "winline_srv": true}
=== rep=1 seed=42 cell=c2-100 arm=NEW attempt=1 pipeline=window hint=bulk spec=c2/c2/single bytes=100000000 bin=/home/vibe/v4/bin/new/raptorpath sha=aa88d648def0b125 15:39:53
COTENANT c2-100-NEW s42 rep=1 before=0 after=0 load=2.40 1.60 1.96
--- RWM-C perf pipeline=window mode=single hint=bulk A=c2 B=c2 ooo=0 extra='' T=default (100000000 x 1) start=17:39:54
{"bytes":100000000,"dnf":0,"hint":"bulk","max_s":9.0174,"mean_mbps":88.717,"mean_s":9.0174,"median_s":9.0174,"min_s":9.0174,"proto":"rp-native","runs":1,"stdev_s":0.0,"summary":true}
    CPU: CPUSRV=4.71s CPUCLI=3.58s (srv=decoder cli=sender; whole-invocation incl warmup)
    [TRUTH] leg=0 dev=cli0 egress_dgrams=95173 egress_skbs=20120 gso=4.73 netem_sent_dgrams=92630 netem_dropped_skbs=521 backlog=0 lost=2543 loss=0.026720 rcvbuf_drops=0 rcvbuf_scope=netns
RUNTIME c2-100-NEW s42 rep=1 attempt=1 11s rc=0
V4ROW {"arm": "NEW", "bin": "new", "bin_sha": "aa88d648def0b1253985b9d9ad6955d2190277bebc09026aaa2b79ce64ebd262", "busy_last": 8.0, "busy_med": 13.0, "cad_cli": true, "cad_srv": true, "cadoff_cli": false, "cadoff_srv": false, "cell": "c2-100", "cod": 444, "coded_share": 0.005220581318784686, "cotenant": 0, "cpu_cli": 3.58, "cpu_srv": 4.71, "cpu_us_per_dgram": 37.61571033801604, "diag_lines": 36, "dnf": false, "egress_dgrams": 95173, "emb_echo_cli": false, "emb_echo_srv": false, "emb_gate_cli": 0, "emb_gate_srv": 0, "feed_ratio_p0": 1.0142215568862274, "gates_cli": true, "gates_srv": true, "gen_guard": false, "header": ["window", "bulk"], "mbps": 88.717, "pa_cli": 0, "pa_srv": 0, "pipe_cli": ["window", "Rlc", "bulk"], "pipe_srv": ["window", "Rlc", "bulk"], "plc_p0": 0.0271, "plu_last_p0": 0.032, "plu_med_p0": 0.0207, "problems": [], "rc": 0, "rep": 1, "seconds": 9.017403, "seed": "42", "src": 84604, "status": "LIVE", "summary": true, "truth_egress_p0": 95173, "truth_gso_p0": 4.73, "truth_loss_p0": 0.02672, "truth_lost_p0": 2543, "truth_rcvbuf_drops": 0, "util": 0.3970100925953958, "wall_s": 11.0, "winline_cli": true, "winline_srv": true}
=== rep=1 seed=42 cell=c2-100 arm=OLD attempt=1 pipeline=window hint=bulk spec=c2/c2/single bytes=100000000 bin=/home/vibe/v4/bin/old/raptorpath sha=f3743664cb48ad81 15:40:04
COTENANT c2-100-OLD s42 rep=1 before=0 after=0 load=2.34 1.62 1.97
--- RWM-C perf pipeline=window mode=single hint=bulk A=c2 B=c2 ooo=0 extra='' T=default (100000000 x 1) start=17:40:06
{"bytes":100000000,"dnf":0,"hint":"bulk","max_s":9.0525,"mean_mbps":88.373,"mean_s":9.0525,"median_s":9.0525,"min_s":9.0525,"proto":"rp-native","runs":1,"stdev_s":0.0,"summary":true}
    CPU: CPUSRV=4.78s CPUCLI=4.91s (srv=decoder cli=sender; whole-invocation incl warmup)
    [TRUTH] leg=0 dev=cli0 egress_dgrams=87923 egress_skbs=13466 gso=6.53 netem_sent_dgrams=85690 netem_dropped_skbs=337 backlog=0 lost=2233 loss=0.025397 rcvbuf_drops=0 rcvbuf_scope=netns
RUNTIME c2-100-OLD s42 rep=1 attempt=1 11s rc=0
V4ROW {"arm": "OLD", "bin": "old", "bin_sha": "f3743664cb48ad81deef239d44710f4b12bf08f2db65c6d90fc5a947ed500035", "busy_last": 17.0, "busy_med": 18.5, "cad_cli": false, "cad_srv": false, "cadoff_cli": false, "cadoff_srv": false, "cell": "c2-100", "cod": 402, "coded_share": 0.004750425411230857, "cotenant": 0, "cpu_cli": 4.91, "cpu_srv": 4.78, "cpu_us_per_dgram": 55.844318323988034, "diag_lines": 36, "dnf": false, "egress_dgrams": 87923, "emb_echo_cli": false, "emb_echo_srv": false, "emb_gate_cli": 0, "emb_gate_srv": 0, "feed_ratio_p0": 1.0079930700476436, "gates_cli": true, "gates_srv": true, "gen_guard": false, "header": ["window", "bulk"], "mbps": 88.373, "pa_cli": 0, "pa_srv": 0, "pipe_cli": ["window", "Rlc", "bulk"], "pipe_srv": ["window", "Rlc", "bulk"], "plc_p0": 0.0256, "plu_last_p0": 0.0629, "plu_med_p0": 0.035449999999999995, "problems": [], "rc": 0, "rep": 1, "seconds": 9.052523, "seed": "42", "src": 84222, "status": "LIVE", "summary": true, "truth_egress_p0": 87923, "truth_gso_p0": 6.53, "truth_loss_p0": 0.025397, "truth_lost_p0": 2233, "truth_rcvbuf_drops": 0, "util": 0.5423902264595185, "wall_s": 11.0, "winline_cli": true, "winline_srv": true}
=== rep=1 seed=42 cell=c2-100 arm=NEWa attempt=1 pipeline=window hint=auto spec=c2/c2/single bytes=100000000 bin=/home/vibe/v4/bin/new/raptorpath sha=aa88d648def0b125 15:40:15
COTENANT c2-100-NEWa s42 rep=1 before=0 after=0 load=2.19 1.62 1.96
--- RWM-C perf pipeline=window mode=single hint=auto A=c2 B=c2 ooo=0 extra='' T=default (100000000 x 1) start=17:40:17
{"bytes":100000000,"dnf":0,"hint":"auto","max_s":10.2917,"mean_mbps":77.733,"mean_s":10.2917,"median_s":10.2917,"min_s":10.2917,"proto":"rp-native","runs":1,"stdev_s":0.0,"summary":true}
    CPU: CPUSRV=5.43s CPUCLI=4.10s (srv=decoder cli=sender; whole-invocation incl warmup)
    [TRUTH] leg=0 dev=cli0 egress_dgrams=108108 egress_skbs=26694 gso=4.05 netem_sent_dgrams=105486 netem_dropped_skbs=661 backlog=0 lost=2622 loss=0.024254 rcvbuf_drops=0 rcvbuf_scope=netns
RUNTIME c2-100-NEWa s42 rep=1 attempt=1 12s rc=0
V4ROW {"arm": "NEWa", "bin": "new", "bin_sha": "aa88d648def0b1253985b9d9ad6955d2190277bebc09026aaa2b79ce64ebd262", "busy_last": 11.0, "busy_med": 14.0, "cad_cli": true, "cad_srv": true, "cadoff_cli": false, "cadoff_srv": false, "cell": "c2-100", "cod": 9744, "coded_share": 0.1032772289820664, "cotenant": 0, "cpu_cli": 4.1, "cpu_srv": 5.43, "cpu_us_per_dgram": 37.92503792503792, "diag_lines": 41, "dnf": false, "egress_dgrams": 108108, "emb_echo_cli": false, "emb_echo_srv": false, "emb_gate_cli": 0, "emb_gate_srv": 0, "feed_ratio_p0": 0.9977735631236084, "gates_cli": true, "gates_srv": true, "gen_guard": false, "header": ["window", "auto"], "mbps": 77.733, "pa_cli": 0, "pa_srv": 0, "pipe_cli": ["window", "Rlc", "auto"], "pipe_srv": ["window", "Rlc", "auto"], "plc_p0": 0.0242, "plu_last_p0": 0.0333, "plu_med_p0": 0.0185, "problems": [], "rc": 0, "rep": 1, "seconds": 10.29167, "seed": "42", "src": 84604, "status": "LIVE", "summary": true, "truth_egress_p0": 108108, "truth_gso_p0": 4.05, "truth_loss_p0": 0.024254, "truth_lost_p0": 2622, "truth_rcvbuf_drops": 0, "util": 0.3983804377715181, "wall_s": 12.0, "winline_cli": true, "winline_srv": true}
=== rep=1 seed=42 cell=c2-100 arm=OLDa attempt=1 pipeline=window hint=auto spec=c2/c2/single bytes=100000000 bin=/home/vibe/v4/bin/old/raptorpath sha=f3743664cb48ad81 15:40:28
COTENANT c2-100-OLDa s42 rep=1 before=0 after=0 load=2.01 1.60 1.95
--- RWM-C perf pipeline=window mode=single hint=auto A=c2 B=c2 ooo=0 extra='' T=default (100000000 x 1) start=17:40:29
{"bytes":100000000,"dnf":0,"hint":"auto","max_s":10.9055,"mean_mbps":73.357,"mean_s":10.9055,"median_s":10.9055,"min_s":10.9055,"proto":"rp-native","runs":1,"stdev_s":0.0,"summary":true}
    CPU: CPUSRV=6.11s CPUCLI=6.27s (srv=decoder cli=sender; whole-invocation incl warmup)
    [TRUTH] leg=0 dev=cli0 egress_dgrams=114349 egress_skbs=27159 gso=4.21 netem_sent_dgrams=111476 netem_dropped_skbs=666 backlog=0 lost=2873 loss=0.025125 rcvbuf_drops=0 rcvbuf_scope=netns
RUNTIME c2-100-OLDa s42 rep=1 attempt=1 13s rc=0
V4ROW {"arm": "OLDa", "bin": "old", "bin_sha": "f3743664cb48ad81deef239d44710f4b12bf08f2db65c6d90fc5a947ed500035", "busy_last": 26.0, "busy_med": 24.0, "cad_cli": false, "cad_srv": false, "cadoff_cli": false, "cadoff_srv": false, "cell": "c2-100", "cod": 18796, "coded_share": 0.1830256290410532, "cotenant": 0, "cpu_cli": 6.27, "cpu_srv": 6.11, "cpu_us_per_dgram": 54.83213670429999, "diag_lines": 43, "dnf": false, "egress_dgrams": 114349, "emb_echo_cli": false, "emb_echo_srv": false, "emb_gate_cli": 0, "emb_gate_srv": 0, "feed_ratio_p0": 1.0228855721393035, "gates_cli": true, "gates_srv": true, "gen_guard": false, "header": ["window", "auto"], "mbps": 73.357, "pa_cli": 0, "pa_srv": 0, "pipe_cli": ["window", "Rlc", "auto"], "pipe_srv": ["window", "Rlc", "auto"], "plc_p0": 0.0257, "plu_last_p0": 0.0428, "plu_med_p0": 0.0356, "problems": [], "rc": 0, "rep": 1, "seconds": 10.905498, "seed": "42", "src": 83900, "status": "LIVE", "summary": true, "truth_egress_p0": 114349, "truth_gso_p0": 4.21, "truth_loss_p0": 0.025125, "truth_lost_p0": 2873, "truth_rcvbuf_drops": 0, "util": 0.5749393562769898, "wall_s": 13.0, "winline_cli": true, "winline_srv": true}
=== rep=1 seed=42 cell=c2-100 arm=EMB attempt=1 pipeline=window hint=bulk spec=c2/c2/single bytes=100000000 bin=/home/vibe/v4/bin/new/raptorpath sha=aa88d648def0b125 15:40:41
COTENANT c2-100-EMB s42 rep=1 before=0 after=0 load=1.71 1.55 1.93
--- RWM-C perf pipeline=window mode=single hint=bulk A=c2 B=c2 ooo=0 extra='' T=default (100000000 x 1) start=17:40:42
{"bytes":100000000,"dnf":0,"hint":"bulk","max_s":8.9946,"mean_mbps":88.942,"mean_s":8.9946,"median_s":8.9946,"min_s":8.9946,"proto":"rp-native","runs":1,"stdev_s":0.0,"summary":true}
    CPU: CPUSRV=4.40s CPUCLI=2.91s (srv=decoder cli=sender; whole-invocation incl warmup)
    [TRUTH] leg=0 dev=cli0 egress_dgrams=88150 egress_skbs=14187 gso=6.21 netem_sent_dgrams=85804 netem_dropped_skbs=369 backlog=0 lost=2346 loss=0.026614 rcvbuf_drops=0 rcvbuf_scope=netns
RUNTIME c2-100-EMB s42 rep=1 attempt=1 11s rc=0
V4ROW {"arm": "EMB", "bin": "new", "bin_sha": "aa88d648def0b1253985b9d9ad6955d2190277bebc09026aaa2b79ce64ebd262", "busy_last": 10.0, "busy_med": 12.0, "cad_cli": true, "cad_srv": true, "cadoff_cli": false, "cadoff_srv": false, "cell": "c2-100", "cod": 429, "coded_share": 0.005107386066003143, "cotenant": 0, "cpu_cli": 2.91, "cpu_srv": 4.4, "cpu_us_per_dgram": 33.01191151446398, "diag_lines": 35, "dnf": false, "egress_dgrams": 88150, "emb_echo_cli": true, "emb_echo_srv": true, "emb_gate_cli": 1, "emb_gate_srv": 1, "feed_ratio_p0": 0.9994739610731194, "gates_cli": true, "gates_srv": true, "gen_guard": false, "header": ["window", "bulk"], "mbps": 88.942, "pa_cli": 0, "pa_srv": 0, "pipe_cli": ["window", "Rlc", "bulk"], "pipe_srv": ["window", "Rlc", "bulk"], "plc_p0": 0.0266, "plu_last_p0": 0.1799, "plu_med_p0": 0.0193, "problems": [], "rc": 0, "rep": 1, "seconds": 8.99459, "seed": "42", "src": 83567, "status": "LIVE", "summary": true, "truth_egress_p0": 88150, "truth_gso_p0": 6.21, "truth_loss_p0": 0.026614, "truth_lost_p0": 2346, "truth_rcvbuf_drops": 0, "util": 0.3235278094943738, "wall_s": 11.0, "winline_cli": true, "winline_srv": true}
=== rep=1 seed=42 cell=c3-25 arm=NEW attempt=1 pipeline=window hint=bulk spec=c3/c3/single bytes=25000000 bin=/home/vibe/v4/bin/new/raptorpath sha=aa88d648def0b125 15:40:52
COTENANT c3-25-NEW s42 rep=1 before=0 after=0 load=1.45 1.50 1.91
--- RWM-C perf pipeline=window mode=single hint=bulk A=c3 B=c3 ooo=0 extra='' T=default (25000000 x 1) start=17:40:54
{"bytes":25000000,"dnf":0,"hint":"bulk","max_s":11.5238,"mean_mbps":17.355,"mean_s":11.5238,"median_s":11.5238,"min_s":11.5238,"proto":"rp-native","runs":1,"stdev_s":0.0,"summary":true}
    CPU: CPUSRV=1.59s CPUCLI=1.76s (srv=decoder cli=sender; whole-invocation incl warmup)
    [TRUTH] leg=0 dev=cli0 egress_dgrams=26033 egress_skbs=7927 gso=3.28 netem_sent_dgrams=24786 netem_dropped_skbs=397 backlog=0 lost=1247 loss=0.047901 rcvbuf_drops=0 rcvbuf_scope=netns
RUNTIME c3-25-NEW s42 rep=1 attempt=1 14s rc=0
V4ROW {"arm": "NEW", "bin": "new", "bin_sha": "aa88d648def0b1253985b9d9ad6955d2190277bebc09026aaa2b79ce64ebd262", "busy_last": 6.0, "busy_med": 5.5, "cad_cli": true, "cad_srv": true, "cadoff_cli": false, "cadoff_srv": false, "cell": "c3-25", "cod": 258, "coded_share": 0.012050443717888836, "cotenant": 0, "cpu_cli": 1.76, "cpu_srv": 1.59, "cpu_us_per_dgram": 67.60649944301464, "diag_lines": 46, "dnf": false, "egress_dgrams": 26033, "emb_echo_cli": false, "emb_echo_srv": false, "emb_gate_cli": 0, "emb_gate_srv": 0, "feed_ratio_p0": 0.9853656499864304, "gates_cli": true, "gates_srv": true, "gen_guard": false, "header": ["window", "bulk"], "mbps": 17.355, "pa_cli": 0, "pa_srv": 0, "pipe_cli": ["window", "Rlc", "bulk"], "pipe_srv": ["window", "Rlc", "bulk"], "plc_p0": 0.0472, "plu_last_p0": 0.0315, "plu_med_p0": 0.03295, "problems": [], "rc": 0, "rep": 1, "seconds": 11.523777, "seed": "42", "src": 21152, "status": "LIVE", "summary": true, "truth_egress_p0": 26033, "truth_gso_p0": 3.28, "truth_loss_p0": 0.047901, "truth_lost_p0": 1247, "truth_rcvbuf_drops": 0, "util": 0.15272770377281683, "wall_s": 14.0, "winline_cli": true, "winline_srv": true}
=== rep=1 seed=42 cell=c3-25 arm=OLD attempt=1 pipeline=window hint=bulk spec=c3/c3/single bytes=25000000 bin=/home/vibe/v4/bin/old/raptorpath sha=f3743664cb48ad81 15:41:06
COTENANT c3-25-OLD s42 rep=1 before=0 after=0 load=1.20 1.44 1.88
--- RWM-C perf pipeline=window mode=single hint=bulk A=c3 B=c3 ooo=0 extra='' T=default (25000000 x 1) start=17:41:08
{"bytes":25000000,"dnf":0,"hint":"bulk","max_s":11.588,"mean_mbps":17.259,"mean_s":11.588,"median_s":11.588,"min_s":11.588,"proto":"rp-native","runs":1,"stdev_s":0.0,"summary":true}
    CPU: CPUSRV=1.54s CPUCLI=2.13s (srv=decoder cli=sender; whole-invocation incl warmup)
    [TRUTH] leg=0 dev=cli0 egress_dgrams=26622 egress_skbs=7579 gso=3.51 netem_sent_dgrams=25281 netem_dropped_skbs=383 backlog=1 lost=1340 loss=0.050334 rcvbuf_drops=0 rcvbuf_scope=netns
RUNTIME c3-25-OLD s42 rep=1 attempt=1 14s rc=0
V4ROW {"arm": "OLD", "bin": "old", "bin_sha": "f3743664cb48ad81deef239d44710f4b12bf08f2db65c6d90fc5a947ed500035", "busy_last": 7.0, "busy_med": 7.0, "cad_cli": false, "cad_srv": false, "cadoff_cli": false, "cadoff_srv": false, "cell": "c3-25", "cod": 236, "coded_share": 0.011034224798952684, "cotenant": 0, "cpu_cli": 2.13, "cpu_srv": 1.54, "cpu_us_per_dgram": 80.00901510029298, "diag_lines": 46, "dnf": false, "egress_dgrams": 26622, "emb_echo_cli": false, "emb_echo_srv": false, "emb_gate_cli": 0, "emb_gate_srv": 0, "feed_ratio_p0": 0.9953510549529145, "gates_cli": true, "gates_srv": true, "gen_guard": false, "header": ["window", "bulk"], "mbps": 17.259, "pa_cli": 0, "pa_srv": 0, "pipe_cli": ["window", "Rlc", "bulk"], "pipe_srv": ["window", "Rlc", "bulk"], "plc_p0": 0.0501, "plu_last_p0": 0.0561, "plu_med_p0": 0.04285, "problems": [], "rc": 0, "rep": 1, "seconds": 11.588049, "seed": "42", "src": 21152, "status": "LIVE", "summary": true, "truth_egress_p0": 26622, "truth_gso_p0": 3.51, "truth_loss_p0": 0.050334, "truth_lost_p0": 1340, "truth_rcvbuf_drops": 0, "util": 0.18381006155565963, "wall_s": 14.0, "winline_cli": true, "winline_srv": true}
=== rep=1 seed=42 cell=c3-25 arm=NEWa attempt=1 pipeline=window hint=auto spec=c3/c3/single bytes=25000000 bin=/home/vibe/v4/bin/new/raptorpath sha=aa88d648def0b125 15:41:20
COTENANT c3-25-NEWa s42 rep=1 before=0 after=0 load=1.01 1.39 1.86
--- RWM-C perf pipeline=window mode=single hint=auto A=c3 B=c3 ooo=0 extra='' T=default (25000000 x 1) start=17:41:22
{"bytes":25000000,"dnf":0,"hint":"auto","max_s":12.8237,"mean_mbps":15.596,"mean_s":12.8237,"median_s":12.8237,"min_s":12.8237,"proto":"rp-native","runs":1,"stdev_s":0.0,"summary":true}
    CPU: CPUSRV=1.75s CPUCLI=2.00s (srv=decoder cli=sender; whole-invocation incl warmup)
    [TRUTH] leg=0 dev=cli0 egress_dgrams=29316 egress_skbs=8746 gso=3.35 netem_sent_dgrams=27821 netem_dropped_skbs=449 backlog=0 lost=1495 loss=0.050996 rcvbuf_drops=0 rcvbuf_scope=netns
RUNTIME c3-25-NEWa s42 rep=1 attempt=1 15s rc=0
V4ROW {"arm": "NEWa", "bin": "new", "bin_sha": "aa88d648def0b1253985b9d9ad6955d2190277bebc09026aaa2b79ce64ebd262", "busy_last": 4.0, "busy_med": 5.0, "cad_cli": true, "cad_srv": true, "cadoff_cli": false, "cadoff_srv": false, "cell": "c3-25", "cod": 480, "coded_share": 0.022189349112426034, "cotenant": 0, "cpu_cli": 2.0, "cpu_srv": 1.75, "cpu_us_per_dgram": 68.22213125938055, "diag_lines": 51, "dnf": false, "egress_dgrams": 29316, "emb_echo_cli": false, "emb_echo_srv": false, "emb_gate_cli": 0, "emb_gate_srv": 0, "feed_ratio_p0": 1.0000784375245118, "gates_cli": true, "gates_srv": true, "gen_guard": false, "header": ["window", "auto"], "mbps": 15.596, "pa_cli": 0, "pa_srv": 0, "pipe_cli": ["window", "Rlc", "auto"], "pipe_srv": ["window", "Rlc", "auto"], "plc_p0": 0.051, "plu_last_p0": 0.2382, "plu_med_p0": 0.0371, "problems": [], "rc": 0, "rep": 1, "seconds": 12.823704, "seed": "42", "src": 21152, "status": "LIVE", "summary": true, "truth_egress_p0": 29316, "truth_gso_p0": 3.35, "truth_loss_p0": 0.050996, "truth_lost_p0": 1495, "truth_rcvbuf_drops": 0, "util": 0.15596117939091544, "wall_s": 15.0, "winline_cli": true, "winline_srv": true}
=== rep=1 seed=42 cell=c3-25 arm=OLDa attempt=1 pipeline=window hint=auto spec=c3/c3/single bytes=25000000 bin=/home/vibe/v4/bin/old/raptorpath sha=f3743664cb48ad81 15:41:35
COTENANT c3-25-OLDa s42 rep=1 before=0 after=0 load=0.79 1.32 1.83
--- RWM-C perf pipeline=window mode=single hint=auto A=c3 B=c3 ooo=0 extra='' T=default (25000000 x 1) start=17:41:37
{"bytes":25000000,"dnf":0,"hint":"auto","max_s":13.2717,"mean_mbps":15.07,"mean_s":13.2717,"median_s":13.2717,"min_s":13.2717,"proto":"rp-native","runs":1,"stdev_s":0.0,"summary":true}
    CPU: CPUSRV=1.89s CPUCLI=2.65s (srv=decoder cli=sender; whole-invocation incl warmup)
    [TRUTH] leg=0 dev=cli0 egress_dgrams=26960 egress_skbs=7739 gso=3.48 netem_sent_dgrams=25615 netem_dropped_skbs=389 backlog=0 lost=1345 loss=0.049889 rcvbuf_drops=0 rcvbuf_scope=netns
RUNTIME c3-25-OLDa s42 rep=1 attempt=1 15s rc=0
V4ROW {"arm": "OLDa", "bin": "old", "bin_sha": "f3743664cb48ad81deef239d44710f4b12bf08f2db65c6d90fc5a947ed500035", "busy_last": 5.0, "busy_med": 8.0, "cad_cli": false, "cad_srv": false, "cadoff_cli": false, "cadoff_srv": false, "cell": "c3-25", "cod": 414, "coded_share": 0.019196883984048965, "cotenant": 0, "cpu_cli": 2.65, "cpu_srv": 1.89, "cpu_us_per_dgram": 98.29376854599407, "diag_lines": 53, "dnf": false, "egress_dgrams": 26960, "emb_echo_cli": false, "emb_echo_srv": false, "emb_gate_cli": 0, "emb_gate_srv": 0, "feed_ratio_p0": 0.9942071398504679, "gates_cli": true, "gates_srv": true, "gen_guard": false, "header": ["window", "auto"], "mbps": 15.07, "pa_cli": 0, "pa_srv": 0, "pipe_cli": ["window", "Rlc", "auto"], "pipe_srv": ["window", "Rlc", "auto"], "plc_p0": 0.0496, "plu_last_p0": 0.0355, "plu_med_p0": 0.0413, "problems": [], "rc": 0, "rep": 1, "seconds": 13.271671, "seed": "42", "src": 21152, "status": "LIVE", "summary": true, "truth_egress_p0": 26960, "truth_gso_p0": 3.48, "truth_loss_p0": 0.049889, "truth_lost_p0": 1345, "truth_rcvbuf_drops": 0, "util": 0.19967342469535299, "wall_s": 15.0, "winline_cli": true, "winline_srv": true}
=== rep=1 seed=42 cell=c3-25 arm=EMB attempt=1 pipeline=window hint=bulk spec=c3/c3/single bytes=25000000 bin=/home/vibe/v4/bin/new/raptorpath sha=aa88d648def0b125 15:41:51
COTENANT c3-25-EMB s42 rep=1 before=0 after=0 load=0.83 1.30 1.81
--- RWM-C perf pipeline=window mode=single hint=bulk A=c3 B=c3 ooo=0 extra='' T=default (25000000 x 1) start=17:41:52
{"bytes":25000000,"dnf":0,"hint":"bulk","max_s":11.4559,"mean_mbps":17.458,"mean_s":11.4559,"median_s":11.4559,"min_s":11.4559,"proto":"rp-native","runs":1,"stdev_s":0.0,"summary":true}
    CPU: CPUSRV=1.59s CPUCLI=1.70s (srv=decoder cli=sender; whole-invocation incl warmup)
    [TRUTH] leg=0 dev=cli0 egress_dgrams=25701 egress_skbs=7547 gso=3.41 netem_sent_dgrams=24490 netem_dropped_skbs=383 backlog=0 lost=1211 loss=0.047119 rcvbuf_drops=0 rcvbuf_scope=netns
RUNTIME c3-25-EMB s42 rep=1 attempt=1 13s rc=0
V4ROW {"arm": "EMB", "bin": "new", "bin_sha": "aa88d648def0b1253985b9d9ad6955d2190277bebc09026aaa2b79ce64ebd262", "busy_last": 3.0, "busy_med": 5.0, "cad_cli": true, "cad_srv": true, "cadoff_cli": false, "cadoff_srv": false, "cell": "c3-25", "cod": 217, "coded_share": 0.010154897281108147, "cotenant": 0, "cpu_cli": 1.7, "cpu_srv": 1.59, "cpu_us_per_dgram": 66.14528617563519, "diag_lines": 45, "dnf": false, "egress_dgrams": 25701, "emb_echo_cli": true, "emb_echo_srv": true, "emb_gate_cli": 1, "emb_gate_srv": 1, "feed_ratio_p0": 0.9465396124705533, "gates_cli": true, "gates_srv": true, "gen_guard": false, "header": ["window", "bulk"], "mbps": 17.458, "pa_cli": 0, "pa_srv": 0, "pipe_cli": ["window", "Rlc", "bulk"], "pipe_srv": ["window", "Rlc", "bulk"], "plc_p0": 0.0446, "plu_last_p0": 0.0204, "plu_med_p0": 0.022, "problems": [], "rc": 0, "rep": 1, "seconds": 11.455871, "seed": "42", "src": 21152, "status": "LIVE", "summary": true, "truth_egress_p0": 25701, "truth_gso_p0": 3.41, "truth_loss_p0": 0.047119, "truth_lost_p0": 1211, "truth_rcvbuf_drops": 0, "util": 0.14839552575269047, "wall_s": 13.0, "winline_cli": true, "winline_srv": true}
=== rep=1 seed=42 cell=c7-100 arm=NEW attempt=1 pipeline=window hint=bulk spec=c2/c2/dual bytes=100000000 bin=/home/vibe/v4/bin/new/raptorpath sha=aa88d648def0b125 15:42:04
COTENANT c7-100-NEW s42 rep=1 before=0 after=0 load=0.71 1.26 1.79
--- RWM-C perf pipeline=window mode=dual hint=bulk A=c2 B=c2 ooo=0 extra='' T=default (100000000 x 1) start=17:42:06
{"bytes":100000000,"dnf":0,"hint":"bulk","max_s":4.76,"mean_mbps":168.069,"mean_s":4.76,"median_s":4.76,"min_s":4.76,"proto":"rp-native","runs":1,"stdev_s":0.0,"summary":true}
    CPU: CPUSRV=5.73s CPUCLI=4.97s (srv=decoder cli=sender; whole-invocation incl warmup)
    [TRUTH] leg=0 dev=cli0 egress_dgrams=47905 egress_skbs=16350 gso=2.93 netem_sent_dgrams=46752 netem_dropped_skbs=426 backlog=0 lost=1153 loss=0.024068 rcvbuf_drops=0 rcvbuf_scope=netns
    [TRUTH] leg=1 dev=cli1 egress_dgrams=46127 egress_skbs=15275 gso=3.02 netem_sent_dgrams=44987 netem_dropped_skbs=375 backlog=0 lost=1140 loss=0.024714 rcvbuf_drops=0 rcvbuf_scope=netns
RUNTIME c7-100-NEW s42 rep=1 attempt=1 7s rc=0
V4ROW {"arm": "NEW", "bin": "new", "bin_sha": "aa88d648def0b1253985b9d9ad6955d2190277bebc09026aaa2b79ce64ebd262", "busy_last": 15.0, "busy_med": 53.0, "cad_cli": true, "cad_srv": true, "cadoff_cli": false, "cadoff_srv": false, "cell": "c7-100", "cod": 562, "coded_share": 0.006598877486320832, "cotenant": 0, "cpu_cli": 4.97, "cpu_srv": 5.73, "cpu_us_per_dgram": 52.85434745618513, "diag_lines": 19, "dnf": false, "egress_dgrams": 94032, "emb_echo_cli": false, "emb_echo_srv": false, "emb_gate_cli": 0, "emb_gate_srv": 0, "feed_ratio_p0": 0.9930197772976567, "feed_ratio_p1": 1.0034798090151331, "gates_cli": true, "gates_srv": true, "gen_guard": false, "header": ["window", "bulk"], "mbps": 168.069, "pa_cli": 0, "pa_srv": 0, "pipe_cli": ["window", "Rlc", "bulk"], "pipe_srv": ["window", "Rlc", "bulk"], "plc_p0": 0.0239, "plc_p1": 0.0248, "plu_last_p0": 0.0692, "plu_last_p1": 0.1893, "plu_med_p0": 0.0254, "plu_med_p1": 0.0207, "problems": [], "rc": 0, "rep": 1, "seconds": 4.759962, "seed": "42", "src": 84604, "status": "LIVE", "summary": true, "truth_egress_p0": 47905, "truth_egress_p1": 46127, "truth_gso_p0": 2.93, "truth_gso_p1": 3.02, "truth_loss_p0": 0.024068, "truth_loss_p1": 0.024714, "truth_lost_p0": 1153, "truth_lost_p1": 1140, "truth_rcvbuf_drops": 0, "util": 1.0441259825183478, "wall_s": 7.0, "winline_cli": true, "winline_srv": true}
=== rep=1 seed=42 cell=c7-100 arm=OLD attempt=1 pipeline=window hint=bulk spec=c2/c2/dual bytes=100000000 bin=/home/vibe/v4/bin/old/raptorpath sha=f3743664cb48ad81 15:42:11
COTENANT c7-100-OLD s42 rep=1 before=0 after=0 load=1.05 1.32 1.81
--- RWM-C perf pipeline=window mode=dual hint=bulk A=c2 B=c2 ooo=0 extra='' T=default (100000000 x 1) start=17:42:13
{"bytes":100000000,"dnf":0,"hint":"bulk","max_s":4.6433,"mean_mbps":172.29,"mean_s":4.6433,"median_s":4.6433,"min_s":4.6433,"proto":"rp-native","runs":1,"stdev_s":0.0,"summary":true}
    CPU: CPUSRV=5.59s CPUCLI=6.71s (srv=decoder cli=sender; whole-invocation incl warmup)
    [TRUTH] leg=0 dev=cli0 egress_dgrams=44711 egress_skbs=10953 gso=4.08 netem_sent_dgrams=43581 netem_dropped_skbs=273 backlog=0 lost=1130 loss=0.025273 rcvbuf_drops=0 rcvbuf_scope=netns
    [TRUTH] leg=1 dev=cli1 egress_dgrams=45708 egress_skbs=11692 gso=3.91 netem_sent_dgrams=44593 netem_dropped_skbs=292 backlog=0 lost=1115 loss=0.024394 rcvbuf_drops=0 rcvbuf_scope=netns
RUNTIME c7-100-OLD s42 rep=1 attempt=1 7s rc=0
V4ROW {"arm": "OLD", "bin": "old", "bin_sha": "f3743664cb48ad81deef239d44710f4b12bf08f2db65c6d90fc5a947ed500035", "busy_last": 70.0, "busy_med": 82.5, "cad_cli": false, "cad_srv": false, "cadoff_cli": false, "cadoff_srv": false, "cell": "c7-100", "cod": 392, "coded_share": 0.0046119817403171915, "cotenant": 0, "cpu_cli": 6.71, "cpu_srv": 5.59, "cpu_us_per_dgram": 74.21006646833077, "diag_lines": 18, "dnf": false, "egress_dgrams": 90419, "emb_echo_cli": false, "emb_echo_srv": false, "emb_gate_cli": 0, "emb_gate_srv": 0, "feed_ratio_p0": 1.001068333794959, "feed_ratio_p1": 1.0002459621218334, "gates_cli": true, "gates_srv": true, "gen_guard": false, "header": ["window", "bulk"], "mbps": 172.29, "pa_cli": 0, "pa_srv": 0, "pipe_cli": ["window", "Rlc", "bulk"], "pipe_srv": ["window", "Rlc", "bulk"], "plc_p0": 0.0253, "plc_p1": 0.0244, "plu_last_p0": 0.0354, "plu_last_p1": 0.0354, "plu_med_p0": 0.03555, "plu_med_p1": 0.03555, "problems": [], "rc": 0, "rep": 1, "seconds": 4.643332, "seed": "42", "src": 84604, "status": "LIVE", "summary": true, "truth_egress_p0": 44711, "truth_egress_p1": 45708, "truth_gso_p0": 4.08, "truth_gso_p1": 3.91, "truth_loss_p0": 0.025273, "truth_loss_p1": 0.024394, "truth_lost_p0": 1130, "truth_lost_p1": 1115, "truth_rcvbuf_drops": 0, "util": 1.4450829705909463, "wall_s": 7.0, "winline_cli": true, "winline_srv": true}
=== rep=1 seed=42 cell=c8-100 arm=NEW attempt=1 pipeline=window hint=bulk spec=c2/c3/dual bytes=100000000 bin=/home/vibe/v4/bin/new/raptorpath sha=aa88d648def0b125 15:42:18
COTENANT c8-100-NEW s42 rep=1 before=0 after=0 load=1.20 1.34 1.81
--- RWM-C perf pipeline=window mode=dual hint=bulk A=c2 B=c3 ooo=0 extra='' T=default (100000000 x 1) start=17:42:20
{"bytes":100000000,"dnf":0,"hint":"bulk","max_s":8.3861,"mean_mbps":95.396,"mean_s":8.3861,"median_s":8.3861,"min_s":8.3861,"proto":"rp-native","runs":1,"stdev_s":0.0,"summary":true}
    CPU: CPUSRV=6.45s CPUCLI=6.37s (srv=decoder cli=sender; whole-invocation incl warmup)
    [TRUTH] leg=0 dev=cli0 egress_dgrams=81539 egress_skbs=21548 gso=3.78 netem_sent_dgrams=79523 netem_dropped_skbs=552 backlog=0 lost=2016 loss=0.024724 rcvbuf_drops=0 rcvbuf_scope=netns
    [TRUTH] leg=1 dev=cli1 egress_dgrams=19004 egress_skbs=12501 gso=1.52 netem_sent_dgrams=18157 netem_dropped_skbs=536 backlog=0 lost=847 loss=0.044570 rcvbuf_drops=0 rcvbuf_scope=netns
RUNTIME c8-100-NEW s42 rep=1 attempt=1 11s rc=0
V4ROW {"arm": "NEW", "bin": "new", "bin_sha": "aa88d648def0b1253985b9d9ad6955d2190277bebc09026aaa2b79ce64ebd262", "busy_last": 19.0, "busy_med": 40.0, "cad_cli": true, "cad_srv": true, "cadoff_cli": false, "cadoff_srv": false, "cell": "c8-100", "cod": 580, "coded_share": 0.006808790383170549, "cotenant": 0, "cpu_cli": 6.37, "cpu_srv": 6.45, "cpu_us_per_dgram": 63.35597704464757, "diag_lines": 33, "dnf": false, "egress_dgrams": 100543, "emb_echo_cli": false, "emb_echo_srv": false, "emb_gate_cli": 0, "emb_gate_srv": 0, "feed_ratio_p0": 0.9909399773499434, "feed_ratio_p1": 1.0118914067758582, "gates_cli": true, "gates_srv": true, "gen_guard": false, "header": ["window", "bulk"], "mbps": 95.396, "pa_cli": 0, "pa_srv": 0, "pipe_cli": ["window", "Rlc", "bulk"], "pipe_srv": ["window", "Rlc", "bulk"], "plc_p0": 0.0245, "plc_p1": 0.0451, "plu_last_p0": 0.0278, "plu_last_p1": 0.0246, "plu_med_p0": 0.0215, "plu_med_p1": 0.0552, "problems": [], "rc": 0, "rep": 1, "seconds": 8.386123, "seed": "42", "src": 84604, "status": "LIVE", "summary": true, "truth_egress_p0": 81539, "truth_egress_p1": 19004, "truth_gso_p0": 3.78, "truth_gso_p1": 1.52, "truth_loss_p0": 0.024724, "truth_loss_p1": 0.04457, "truth_lost_p0": 2016, "truth_lost_p1": 847, "truth_rcvbuf_drops": 0, "util": 0.759588191110481, "wall_s": 11.0, "winline_cli": true, "winline_srv": true}
=== rep=1 seed=42 cell=c8-100 arm=OLD attempt=1 pipeline=window hint=bulk spec=c2/c3/dual bytes=100000000 bin=/home/vibe/v4/bin/old/raptorpath sha=f3743664cb48ad81 15:42:29
COTENANT c8-100-OLD s42 rep=1 before=0 after=0 load=1.16 1.33 1.80
--- RWM-C perf pipeline=window mode=dual hint=bulk A=c2 B=c3 ooo=0 extra='' T=default (100000000 x 1) start=17:42:31
{"bytes":100000000,"dnf":0,"hint":"bulk","max_s":7.8504,"mean_mbps":101.906,"mean_s":7.8504,"median_s":7.8504,"min_s":7.8504,"proto":"rp-native","runs":1,"stdev_s":0.0,"summary":true}
    CPU: CPUSRV=5.77s CPUCLI=7.32s (srv=decoder cli=sender; whole-invocation incl warmup)
    [TRUTH] leg=0 dev=cli0 egress_dgrams=78956 egress_skbs=20160 gso=3.92 netem_sent_dgrams=76931 netem_dropped_skbs=525 backlog=0 lost=2025 loss=0.025647 rcvbuf_drops=0 rcvbuf_scope=netns
    [TRUTH] leg=1 dev=cli1 egress_dgrams=18876 egress_skbs=12703 gso=1.49 netem_sent_dgrams=18060 netem_dropped_skbs=547 backlog=0 lost=816 loss=0.043229 rcvbuf_drops=0 rcvbuf_scope=netns
RUNTIME c8-100-OLD s42 rep=1 attempt=1 10s rc=0
V4ROW {"arm": "OLD", "bin": "old", "bin_sha": "f3743664cb48ad81deef239d44710f4b12bf08f2db65c6d90fc5a947ed500035", "busy_last": 9.0, "busy_med": 41.0, "cad_cli": false, "cad_srv": false, "cadoff_cli": false, "cadoff_srv": false, "cell": "c8-100", "cod": 677, "coded_share": 0.007938462260057927, "cotenant": 0, "cpu_cli": 7.32, "cpu_srv": 5.77, "cpu_us_per_dgram": 74.82214408373538, "diag_lines": 31, "dnf": false, "egress_dgrams": 97832, "emb_echo_cli": false, "emb_echo_srv": false, "emb_gate_cli": 0, "emb_gate_srv": 0, "feed_ratio_p0": 1.0020665185011892, "feed_ratio_p1": 1.0201485114159476, "gates_cli": true, "gates_srv": true, "gen_guard": false, "header": ["window", "bulk"], "mbps": 101.906, "pa_cli": 0, "pa_srv": 0, "pipe_cli": ["window", "Rlc", "bulk"], "pipe_srv": ["window", "Rlc", "bulk"], "plc_p0": 0.0257, "plc_p1": 0.0441, "plu_last_p0": 0.0704, "plu_last_p1": 0.0527, "plu_med_p0": 0.0355, "plu_med_p1": 0.0578, "problems": [], "rc": 0, "rep": 1, "seconds": 7.850376, "seed": "42", "src": 84604, "status": "LIVE", "summary": true, "truth_egress_p0": 78956, "truth_egress_p1": 18876, "truth_gso_p0": 3.92, "truth_gso_p1": 1.49, "truth_loss_p0": 0.025647, "truth_loss_p1": 0.043229, "truth_lost_p0": 2025, "truth_lost_p1": 816, "truth_rcvbuf_drops": 0, "util": 0.9324394143669043, "wall_s": 10.0, "winline_cli": true, "winline_srv": true}
BLOCK-COMPLETE rep=1 seed=42 block=0 2026-10-04T15:42:39Z
=== rep=1 seed=7 cell=c1s-400 arm=OLD attempt=1 pipeline=window hint=bulk spec=c1/c1/single bytes=400000000 bin=/home/vibe/v4/bin/old/raptorpath sha=f3743664cb48ad81 15:42:39
COTENANT c1s-400-OLD s7 rep=1 before=0 after=0 load=1.64 1.43 1.83
--- RWM-C perf pipeline=window mode=single hint=bulk A=c1 B=c1 ooo=0 extra='' T=default (400000000 x 1) start=17:42:41
{"bytes":400000000,"dnf":0,"hint":"bulk","max_s":10.6373,"mean_mbps":300.83,"mean_s":10.6373,"median_s":10.6373,"min_s":10.6373,"proto":"rp-native","runs":1,"stdev_s":0.0,"summary":true}
    CPU: CPUSRV=11.98s CPUCLI=14.66s (srv=decoder cli=sender; whole-invocation incl warmup)
    [TRUTH] leg=0 dev=cli0 egress_dgrams=343551 egress_skbs=40460 gso=8.49 netem_sent_dgrams=343064 netem_dropped_skbs=52 backlog=0 lost=487 loss=0.001418 rcvbuf_drops=37 rcvbuf_scope=netns
RUNTIME c1s-400-OLD s7 rep=1 attempt=1 13s rc=0
V4ROW {"arm": "OLD", "bin": "old", "bin_sha": "f3743664cb48ad81deef239d44710f4b12bf08f2db65c6d90fc5a947ed500035", "busy_last": 56.0, "busy_med": 54.0, "cad_cli": false, "cad_srv": false, "cadoff_cli": false, "cadoff_srv": false, "cell": "c1s-400", "cod": 106, "coded_share": 0.00031726363111218863, "cotenant": 0, "cpu_cli": 14.66, "cpu_srv": 11.98, "cpu_us_per_dgram": 42.671975922061065, "diag_lines": 42, "dnf": false, "egress_dgrams": 343551, "emb_echo_cli": false, "emb_echo_srv": false, "emb_gate_cli": 0, "emb_gate_srv": 0, "feed_ratio_p0": 1.763046544428773, "gates_cli": true, "gates_srv": true, "gen_guard": false, "header": ["window", "bulk"], "mbps": 300.83, "pa_cli": 0, "pa_srv": 0, "pipe_cli": ["window", "Rlc", "bulk"], "pipe_srv": ["window", "Rlc", "bulk"], "plc_p0": 0.0025, "plu_last_p0": 0.0354, "plu_med_p0": 0.0354, "problems": [], "rc": 0, "rep": 1, "seconds": 10.637254, "seed": "7", "src": 334001, "status": "LIVE", "summary": true, "truth_egress_p0": 343551, "truth_gso_p0": 8.49, "truth_loss_p0": 0.001418, "truth_lost_p0": 487, "truth_rcvbuf_drops": 37, "util": 1.3781752320664713, "wall_s": 13.0, "winline_cli": true, "winline_srv": true}
=== rep=1 seed=7 cell=c1s-400 arm=EMB attempt=1 pipeline=window hint=bulk spec=c1/c1/single bytes=400000000 bin=/home/vibe/v4/bin/new/raptorpath sha=aa88d648def0b125 15:42:52
COTENANT c1s-400-EMB s7 rep=1 before=0 after=0 load=1.75 1.46 1.84
--- RWM-C perf pipeline=window mode=single hint=bulk A=c1 B=c1 ooo=0 extra='' T=default (400000000 x 1) start=17:42:53
{"bytes":400000000,"dnf":0,"hint":"bulk","max_s":6.4263,"mean_mbps":497.954,"mean_s":6.4263,"median_s":6.4263,"min_s":6.4263,"proto":"rp-native","runs":1,"stdev_s":0.0,"summary":true}
    CPU: CPUSRV=8.35s CPUCLI=5.81s (srv=decoder cli=sender; whole-invocation incl warmup)
    [TRUTH] leg=0 dev=cli0 egress_dgrams=342480 egress_skbs=37569 gso=9.12 netem_sent_dgrams=342105 netem_dropped_skbs=40 backlog=0 lost=375 loss=0.001095 rcvbuf_drops=132 rcvbuf_scope=netns
RUNTIME c1s-400-EMB s7 rep=1 attempt=1 8s rc=0
V4ROW {"arm": "EMB", "bin": "new", "bin_sha": "aa88d648def0b1253985b9d9ad6955d2190277bebc09026aaa2b79ce64ebd262", "busy_last": 34.0, "busy_med": 34.0, "cad_cli": true, "cad_srv": true, "cadoff_cli": false, "cadoff_srv": false, "cell": "c1s-400", "cod": 206, "coded_share": 0.0006215077899665713, "cotenant": 0, "cpu_cli": 5.81, "cpu_srv": 8.35, "cpu_us_per_dgram": 16.964494277038074, "diag_lines": 25, "dnf": false, "egress_dgrams": 342480, "emb_echo_cli": true, "emb_echo_srv": true, "emb_gate_cli": 1, "emb_gate_srv": 1, "feed_ratio_p0": 3.65296803652968, "gates_cli": true, "gates_srv": true, "gen_guard": false, "header": ["window", "bulk"], "mbps": 497.954, "pa_cli": 0, "pa_srv": 0, "pipe_cli": ["window", "Rlc", "bulk"], "pipe_srv": ["window", "Rlc", "bulk"], "plc_p0": 0.004, "plu_last_p0": 0.0006, "plu_med_p0": 0.0004, "problems": [], "rc": 0, "rep": 1, "seconds": 6.426297, "seed": "7", "src": 331246, "status": "LIVE", "summary": true, "truth_egress_p0": 342480, "truth_gso_p0": 9.12, "truth_loss_p0": 0.001095, "truth_lost_p0": 375, "truth_rcvbuf_drops": 132, "util": 0.9040976475254723, "wall_s": 8.0, "winline_cli": true, "winline_srv": true}
=== rep=1 seed=7 cell=c1s-400 arm=NEW attempt=1 pipeline=window hint=bulk spec=c1/c1/single bytes=400000000 bin=/home/vibe/v4/bin/new/raptorpath sha=aa88d648def0b125 15:43:00
COTENANT c1s-400-NEW s7 rep=1 before=0 after=0 load=1.80 1.48 1.84
--- RWM-C perf pipeline=window mode=single hint=bulk A=c1 B=c1 ooo=0 extra='' T=default (400000000 x 1) start=17:43:02
{"bytes":400000000,"dnf":0,"hint":"bulk","max_s":6.4658,"mean_mbps":494.912,"mean_s":6.4658,"median_s":6.4658,"min_s":6.4658,"proto":"rp-native","runs":1,"stdev_s":0.0,"summary":true}
    CPU: CPUSRV=8.22s CPUCLI=7.58s (srv=decoder cli=sender; whole-invocation incl warmup)
    [TRUTH] leg=0 dev=cli0 egress_dgrams=341504 egress_skbs=36738 gso=9.30 netem_sent_dgrams=341144 netem_dropped_skbs=40 backlog=0 lost=360 loss=0.001054 rcvbuf_drops=138 rcvbuf_scope=netns
RUNTIME c1s-400-NEW s7 rep=1 attempt=1 9s rc=0
V4ROW {"arm": "NEW", "bin": "new", "bin_sha": "aa88d648def0b1253985b9d9ad6955d2190277bebc09026aaa2b79ce64ebd262", "busy_last": 50.0, "busy_med": 46.0, "cad_cli": true, "cad_srv": true, "cadoff_cli": false, "cadoff_srv": false, "cell": "c1s-400", "cod": 174, "coded_share": 0.000520770980486053, "cotenant": 0, "cpu_cli": 7.58, "cpu_srv": 8.22, "cpu_us_per_dgram": 22.195933283358322, "diag_lines": 25, "dnf": false, "egress_dgrams": 341504, "emb_echo_cli": false, "emb_echo_srv": false, "emb_gate_cli": 0, "emb_gate_srv": 0, "feed_ratio_p0": 4.838709677419355, "gates_cli": true, "gates_srv": true, "gen_guard": false, "header": ["window", "bulk"], "mbps": 494.912, "pa_cli": 0, "pa_srv": 0, "pipe_cli": ["window", "Rlc", "bulk"], "pipe_srv": ["window", "Rlc", "bulk"], "plc_p0": 0.0051, "plu_last_p0": 0.0011, "plu_med_p0": 0.0008, "problems": [], "rc": 0, "rep": 1, "seconds": 6.465791, "seed": "7", "src": 333946, "status": "LIVE", "summary": true, "truth_egress_p0": 341504, "truth_gso_p0": 9.3, "truth_loss_p0": 0.001054, "truth_lost_p0": 360, "truth_rcvbuf_drops": 138, "util": 1.1723236955849639, "wall_s": 9.0, "winline_cli": true, "winline_srv": true}
=== rep=1 seed=7 cell=c1d-400 arm=OLD attempt=1 pipeline=window hint=bulk spec=c1/c1/dual bytes=400000000 bin=/home/vibe/v4/bin/old/raptorpath sha=f3743664cb48ad81 15:43:09
COTENANT c1d-400-OLD s7 rep=1 before=0 after=0 load=2.36 1.62 1.88
--- RWM-C perf pipeline=window mode=dual hint=bulk A=c1 B=c1 ooo=0 extra='' T=default (400000000 x 1) start=17:43:11
{"bytes":400000000,"dnf":0,"hint":"bulk","max_s":17.1973,"mean_mbps":186.076,"mean_s":17.1973,"median_s":17.1973,"min_s":17.1973,"proto":"rp-native","runs":1,"stdev_s":0.0,"summary":true}
    CPU: CPUSRV=21.91s CPUCLI=30.17s (srv=decoder cli=sender; whole-invocation incl warmup)
    [TRUTH] leg=0 dev=cli0 egress_dgrams=180941 egress_skbs=69800 gso=2.59 netem_sent_dgrams=180743 netem_dropped_skbs=72 backlog=0 lost=198 loss=0.001094 rcvbuf_drops=0 rcvbuf_scope=netns
    [TRUTH] leg=1 dev=cli1 egress_dgrams=179941 egress_skbs=69952 gso=2.57 netem_sent_dgrams=179793 netem_dropped_skbs=57 backlog=0 lost=148 loss=0.000822 rcvbuf_drops=0 rcvbuf_scope=netns
RUNTIME c1d-400-OLD s7 rep=1 attempt=1 19s rc=0
V4ROW {"arm": "OLD", "bin": "old", "bin_sha": "f3743664cb48ad81deef239d44710f4b12bf08f2db65c6d90fc5a947ed500035", "busy_last": 94.0, "busy_med": 87.0, "cad_cli": false, "cad_srv": false, "cadoff_cli": false, "cadoff_srv": false, "cell": "c1d-400", "cod": 123, "coded_share": 0.0003673231697301817, "cotenant": 0, "cpu_cli": 30.17, "cpu_srv": 21.91, "cpu_us_per_dgram": 83.60073375784883, "diag_lines": 68, "dnf": false, "egress_dgrams": 360882, "emb_echo_cli": false, "emb_echo_srv": false, "emb_gate_cli": 0, "emb_gate_srv": 0, "feed_ratio_p0": 1.0054844606946984, "feed_ratio_p1": 0.9732360097323601, "gates_cli": true, "gates_srv": true, "gen_guard": false, "header": ["window", "bulk"], "mbps": 186.076, "pa_cli": 0, "pa_srv": 0, "pipe_cli": ["window", "Rlc", "bulk"], "pipe_srv": ["window", "Rlc", "bulk"], "plc_p0": 0.0011, "plc_p1": 0.0008, "plu_last_p0": 0.0354, "plu_last_p1": 0.0354, "plu_med_p0": 0.0354, "plu_med_p1": 0.0354, "problems": [], "rc": 0, "rep": 1, "seconds": 17.197315, "seed": "7", "src": 334732, "status": "LIVE", "summary": true, "truth_egress_p0": 180941, "truth_egress_p1": 179941, "truth_gso_p0": 2.59, "truth_gso_p1": 2.57, "truth_loss_p0": 0.001094, "truth_loss_p1": 0.000822, "truth_lost_p0": 198, "truth_lost_p1": 148, "truth_rcvbuf_drops": 0, "util": 1.7543436286420295, "wall_s": 19.0, "winline_cli": true, "winline_srv": true}
=== rep=1 seed=7 cell=c1d-400 arm=NEW attempt=1 pipeline=window hint=bulk spec=c1/c1/dual bytes=400000000 bin=/home/vibe/v4/bin/new/raptorpath sha=aa88d648def0b125 15:43:28
COTENANT c1d-400-NEW s7 rep=1 before=0 after=0 load=3.15 1.82 1.94
--- RWM-C perf pipeline=window mode=dual hint=bulk A=c1 B=c1 ooo=0 extra='' T=default (400000000 x 1) start=17:43:30
{"bytes":400000000,"dnf":0,"hint":"bulk","max_s":9.362,"mean_mbps":341.806,"mean_s":9.362,"median_s":9.362,"min_s":9.362,"proto":"rp-native","runs":1,"stdev_s":0.0,"summary":true}
    CPU: CPUSRV=13.94s CPUCLI=14.68s (srv=decoder cli=sender; whole-invocation incl warmup)
    [TRUTH] leg=0 dev=cli0 egress_dgrams=240675 egress_skbs=50400 gso=4.78 netem_sent_dgrams=240412 netem_dropped_skbs=58 backlog=0 lost=263 loss=0.001093 rcvbuf_drops=25 rcvbuf_scope=netns
    [TRUTH] leg=1 dev=cli1 egress_dgrams=106551 egress_skbs=29960 gso=3.56 netem_sent_dgrams=106432 netem_dropped_skbs=42 backlog=0 lost=119 loss=0.001117 rcvbuf_drops=25 rcvbuf_scope=netns
RUNTIME c1d-400-NEW s7 rep=1 attempt=1 12s rc=0
V4ROW {"arm": "NEW", "bin": "new", "bin_sha": "aa88d648def0b1253985b9d9ad6955d2190277bebc09026aaa2b79ce64ebd262", "busy_last": 85.0, "busy_med": 81.0, "cad_cli": true, "cad_srv": true, "cadoff_cli": false, "cadoff_srv": false, "cell": "c1d-400", "cod": 221, "coded_share": 0.000659729063304138, "cotenant": 0, "cpu_cli": 14.68, "cpu_srv": 13.94, "cpu_us_per_dgram": 42.27794001601263, "diag_lines": 37, "dnf": false, "egress_dgrams": 347226, "emb_echo_cli": false, "emb_echo_srv": false, "emb_gate_cli": 0, "emb_gate_srv": 0, "feed_ratio_p0": 2.012808783165599, "feed_ratio_p1": 0.9847806624888095, "gates_cli": true, "gates_srv": true, "gen_guard": false, "header": ["window", "bulk"], "mbps": 341.806, "pa_cli": 0, "pa_srv": 0, "pipe_cli": ["window", "Rlc", "bulk"], "pipe_srv": ["window", "Rlc", "bulk"], "plc_p0": 0.0022, "plc_p1": 0.0011, "plu_last_p0": 0.0003, "plu_last_p1": 0.0029, "plu_med_p0": 0.0006, "plu_med_p1": 0.0013, "problems": [], "rc": 0, "rep": 1, "seconds": 9.362043, "seed": "7", "src": 334765, "status": "LIVE", "summary": true, "truth_egress_p0": 240675, "truth_egress_p1": 106551, "truth_gso_p0": 4.78, "truth_gso_p1": 3.56, "truth_loss_p0": 0.001093, "truth_loss_p1": 0.001117, "truth_lost_p0": 263, "truth_lost_p1": 119, "truth_rcvbuf_drops": 25, "util": 1.5680338148414827, "wall_s": 12.0, "winline_cli": true, "winline_srv": true}
=== rep=1 seed=7 cell=c2-100 arm=OLD attempt=1 pipeline=window hint=bulk spec=c2/c2/single bytes=100000000 bin=/home/vibe/v4/bin/old/raptorpath sha=f3743664cb48ad81 15:43:40
COTENANT c2-100-OLD s7 rep=1 before=0 after=0 load=2.45 1.73 1.91
--- RWM-C perf pipeline=window mode=single hint=bulk A=c2 B=c2 ooo=0 extra='' T=default (100000000 x 1) start=17:43:42
{"bytes":100000000,"dnf":0,"hint":"bulk","max_s":9.0009,"mean_mbps":88.88,"mean_s":9.0009,"median_s":9.0009,"min_s":9.0009,"proto":"rp-native","runs":1,"stdev_s":0.0,"summary":true}
    CPU: CPUSRV=4.76s CPUCLI=4.99s (srv=decoder cli=sender; whole-invocation incl warmup)
    [TRUTH] leg=0 dev=cli0 egress_dgrams=94567 egress_skbs=19319 gso=4.90 netem_sent_dgrams=92175 netem_dropped_skbs=485 backlog=0 lost=2392 loss=0.025294 rcvbuf_drops=0 rcvbuf_scope=netns
RUNTIME c2-100-OLD s7 rep=1 attempt=1 11s rc=0
V4ROW {"arm": "OLD", "bin": "old", "bin_sha": "f3743664cb48ad81deef239d44710f4b12bf08f2db65c6d90fc5a947ed500035", "busy_last": 19.0, "busy_med": 19.0, "cad_cli": false, "cad_srv": false, "cadoff_cli": false, "cadoff_srv": false, "cell": "c2-100", "cod": 416, "coded_share": 0.004967875994172299, "cotenant": 0, "cpu_cli": 4.99, "cpu_srv": 4.76, "cpu_us_per_dgram": 52.76682140704474, "diag_lines": 35, "dnf": false, "egress_dgrams": 94567, "emb_echo_cli": false, "emb_echo_srv": false, "emb_gate_cli": 0, "emb_gate_srv": 0, "feed_ratio_p0": 1.016051237447616, "gates_cli": true, "gates_srv": true, "gen_guard": false, "header": ["window", "bulk"], "mbps": 88.88, "pa_cli": 0, "pa_srv": 0, "pipe_cli": ["window", "Rlc", "bulk"], "pipe_srv": ["window", "Rlc", "bulk"], "plc_p0": 0.0257, "plu_last_p0": 0.0574, "plu_med_p0": 0.0355, "problems": [], "rc": 0, "rep": 1, "seconds": 9.000903, "seed": "7", "src": 83322, "status": "LIVE", "summary": true, "truth_egress_p0": 94567, "truth_gso_p0": 4.9, "truth_loss_p0": 0.025294, "truth_lost_p0": 2392, "truth_rcvbuf_drops": 0, "util": 0.5543888207660943, "wall_s": 11.0, "winline_cli": true, "winline_srv": true}
=== rep=1 seed=7 cell=c2-100 arm=NEWa attempt=1 pipeline=window hint=auto spec=c2/c2/single bytes=100000000 bin=/home/vibe/v4/bin/new/raptorpath sha=aa88d648def0b125 15:43:51
COTENANT c2-100-NEWa s7 rep=1 before=0 after=0 load=2.31 1.72 1.90
--- RWM-C perf pipeline=window mode=single hint=auto A=c2 B=c2 ooo=0 extra='' T=default (100000000 x 1) start=17:43:53
{"bytes":100000000,"dnf":0,"hint":"auto","max_s":10.3245,"mean_mbps":77.485,"mean_s":10.3245,"median_s":10.3245,"min_s":10.3245,"proto":"rp-native","runs":1,"stdev_s":0.0,"summary":true}
    CPU: CPUSRV=5.66s CPUCLI=4.15s (srv=decoder cli=sender; whole-invocation incl warmup)
    [TRUTH] leg=0 dev=cli0 egress_dgrams=108511 egress_skbs=27020 gso=4.02 netem_sent_dgrams=105766 netem_dropped_skbs=679 backlog=0 lost=2745 loss=0.025297 rcvbuf_drops=0 rcvbuf_scope=netns
RUNTIME c2-100-NEWa s7 rep=1 attempt=1 12s rc=0
V4ROW {"arm": "NEWa", "bin": "new", "bin_sha": "aa88d648def0b1253985b9d9ad6955d2190277bebc09026aaa2b79ce64ebd262", "busy_last": 13.0, "busy_med": 14.5, "cad_cli": true, "cad_srv": true, "cadoff_cli": false, "cadoff_srv": false, "cell": "c2-100", "cod": 11057, "coded_share": 0.11744274971321748, "cotenant": 0, "cpu_cli": 4.15, "cpu_srv": 5.66, "cpu_us_per_dgram": 38.2449705559805, "diag_lines": 40, "dnf": false, "egress_dgrams": 108511, "emb_echo_cli": false, "emb_echo_srv": false, "emb_gate_cli": 0, "emb_gate_srv": 0, "feed_ratio_p0": 1.000118591137289, "gates_cli": true, "gates_srv": true, "gen_guard": false, "header": ["window", "auto"], "mbps": 77.485, "pa_cli": 0, "pa_srv": 0, "pipe_cli": ["window", "Rlc", "auto"], "pipe_srv": ["window", "Rlc", "auto"], "plc_p0": 0.0253, "plu_last_p0": 0.0105, "plu_med_p0": 0.021650000000000003, "problems": [], "rc": 0, "rep": 1, "seconds": 10.324545, "seed": "7", "src": 83091, "status": "LIVE", "summary": true, "truth_egress_p0": 108511, "truth_gso_p0": 4.02, "truth_loss_p0": 0.025297, "truth_lost_p0": 2745, "truth_rcvbuf_drops": 0, "util": 0.4019547592654204, "wall_s": 12.0, "winline_cli": true, "winline_srv": true}
=== rep=1 seed=7 cell=c2-100 arm=OLDa attempt=1 pipeline=window hint=auto spec=c2/c2/single bytes=100000000 bin=/home/vibe/v4/bin/old/raptorpath sha=f3743664cb48ad81 15:44:04
COTENANT c2-100-OLDa s7 rep=1 before=0 after=0 load=1.94 1.67 1.88
--- RWM-C perf pipeline=window mode=single hint=auto A=c2 B=c2 ooo=0 extra='' T=default (100000000 x 1) start=17:44:05
{"bytes":100000000,"dnf":0,"hint":"auto","max_s":11.0981,"mean_mbps":72.084,"mean_s":11.0981,"median_s":11.0981,"min_s":11.0981,"proto":"rp-native","runs":1,"stdev_s":0.0,"summary":true}
    CPU: CPUSRV=6.45s CPUCLI=6.75s (srv=decoder cli=sender; whole-invocation incl warmup)
    [TRUTH] leg=0 dev=cli0 egress_dgrams=114376 egress_skbs=27658 gso=4.14 netem_sent_dgrams=111467 netem_dropped_skbs=691 backlog=0 lost=2909 loss=0.025434 rcvbuf_drops=0 rcvbuf_scope=netns
RUNTIME c2-100-OLDa s7 rep=1 attempt=1 13s rc=0
V4ROW {"arm": "OLDa", "bin": "old", "bin_sha": "f3743664cb48ad81deef239d44710f4b12bf08f2db65c6d90fc5a947ed500035", "busy_last": 15.0, "busy_med": 26.0, "cad_cli": false, "cad_srv": false, "cadoff_cli": false, "cadoff_srv": false, "cell": "c2-100", "cod": 21174, "coded_share": 0.2001739492143924, "cotenant": 0, "cpu_cli": 6.75, "cpu_srv": 6.45, "cpu_us_per_dgram": 59.01587745680912, "diag_lines": 44, "dnf": false, "egress_dgrams": 114376, "emb_echo_cli": false, "emb_echo_srv": false, "emb_gate_cli": 0, "emb_gate_srv": 0, "feed_ratio_p0": 1.0104584414563185, "gates_cli": true, "gates_srv": true, "gen_guard": false, "header": ["window", "auto"], "mbps": 72.084, "pa_cli": 0, "pa_srv": 0, "pipe_cli": ["window", "Rlc", "auto"], "pipe_srv": ["window", "Rlc", "auto"], "plc_p0": 0.0257, "plu_last_p0": 0.0354, "plu_med_p0": 0.0355, "problems": [], "rc": 0, "rep": 1, "seconds": 11.098112, "seed": "7", "src": 84604, "status": "LIVE", "summary": true, "truth_egress_p0": 114376, "truth_gso_p0": 4.14, "truth_loss_p0": 0.025434, "truth_lost_p0": 2909, "truth_rcvbuf_drops": 0, "util": 0.6082115588669496, "wall_s": 13.0, "winline_cli": true, "winline_srv": true}
=== rep=1 seed=7 cell=c2-100 arm=EMB attempt=1 pipeline=window hint=bulk spec=c2/c2/single bytes=100000000 bin=/home/vibe/v4/bin/new/raptorpath sha=aa88d648def0b125 15:44:17
COTENANT c2-100-EMB s7 rep=1 before=0 after=0 load=1.72 1.63 1.87
--- RWM-C perf pipeline=window mode=single hint=bulk A=c2 B=c2 ooo=0 extra='' T=default (100000000 x 1) start=17:44:19
{"bytes":100000000,"dnf":0,"hint":"bulk","max_s":8.9474,"mean_mbps":89.411,"mean_s":8.9474,"median_s":8.9474,"min_s":8.9474,"proto":"rp-native","runs":1,"stdev_s":0.0,"summary":true}
    CPU: CPUSRV=4.61s CPUCLI=3.17s (srv=decoder cli=sender; whole-invocation incl warmup)
    [TRUTH] leg=0 dev=cli0 egress_dgrams=94415 egress_skbs=19007 gso=4.97 netem_sent_dgrams=92049 netem_dropped_skbs=480 backlog=0 lost=2366 loss=0.025060 rcvbuf_drops=0 rcvbuf_scope=netns
RUNTIME c2-100-EMB s7 rep=1 attempt=1 12s rc=0
V4ROW {"arm": "EMB", "bin": "new", "bin_sha": "aa88d648def0b1253985b9d9ad6955d2190277bebc09026aaa2b79ce64ebd262", "busy_last": 11.0, "busy_med": 12.0, "cad_cli": true, "cad_srv": true, "cadoff_cli": false, "cadoff_srv": false, "cell": "c2-100", "cod": 383, "coded_share": 0.004545994065281899, "cotenant": 0, "cpu_cli": 3.17, "cpu_srv": 4.61, "cpu_us_per_dgram": 33.57517343642429, "diag_lines": 35, "dnf": false, "egress_dgrams": 94415, "emb_echo_cli": true, "emb_echo_srv": true, "emb_gate_cli": 1, "emb_gate_srv": 1, "feed_ratio_p0": 0.9936153232242617, "gates_cli": true, "gates_srv": true, "gen_guard": false, "header": ["window", "bulk"], "mbps": 89.411, "pa_cli": 0, "pa_srv": 0, "pipe_cli": ["window", "Rlc", "bulk"], "pipe_srv": ["window", "Rlc", "bulk"], "plc_p0": 0.0249, "plu_last_p0": 0.0338, "plu_med_p0": 0.0118, "problems": [], "rc": 0, "rep": 1, "seconds": 8.947425, "seed": "7", "src": 83867, "status": "LIVE", "summary": true, "truth_egress_p0": 94415, "truth_gso_p0": 4.97, "truth_loss_p0": 0.02506, "truth_lost_p0": 2366, "truth_rcvbuf_drops": 0, "util": 0.3542918772719525, "wall_s": 12.0, "winline_cli": true, "winline_srv": true}
=== rep=1 seed=7 cell=c2-100 arm=NEW attempt=1 pipeline=window hint=bulk spec=c2/c2/single bytes=100000000 bin=/home/vibe/v4/bin/new/raptorpath sha=aa88d648def0b125 15:44:29
COTENANT c2-100-NEW s7 rep=1 before=0 after=0 load=1.54 1.59 1.85
--- RWM-C perf pipeline=window mode=single hint=bulk A=c2 B=c2 ooo=0 extra='' T=default (100000000 x 1) start=17:44:31
{"bytes":100000000,"dnf":0,"hint":"bulk","max_s":9.0566,"mean_mbps":88.333,"mean_s":9.0566,"median_s":9.0566,"min_s":9.0566,"proto":"rp-native","runs":1,"stdev_s":0.0,"summary":true}
    CPU: CPUSRV=4.82s CPUCLI=3.45s (srv=decoder cli=sender; whole-invocation incl warmup)
    [TRUTH] leg=0 dev=cli0 egress_dgrams=91314 egress_skbs=16900 gso=5.40 netem_sent_dgrams=89057 netem_dropped_skbs=414 backlog=0 lost=2257 loss=0.024717 rcvbuf_drops=0 rcvbuf_scope=netns
RUNTIME c2-100-NEW s7 rep=1 attempt=1 11s rc=0
V4ROW {"arm": "NEW", "bin": "new", "bin_sha": "aa88d648def0b1253985b9d9ad6955d2190277bebc09026aaa2b79ce64ebd262", "busy_last": 11.0, "busy_med": 13.0, "cad_cli": true, "cad_srv": true, "cadoff_cli": false, "cadoff_srv": false, "cell": "c2-100", "cod": 388, "coded_share": 0.004565135542168675, "cotenant": 0, "cpu_cli": 3.45, "cpu_srv": 4.82, "cpu_us_per_dgram": 37.781720218148365, "diag_lines": 36, "dnf": false, "egress_dgrams": 91314, "emb_echo_cli": false, "emb_echo_srv": false, "emb_gate_cli": 0, "emb_gate_srv": 0, "feed_ratio_p0": 1.003358012703807, "gates_cli": true, "gates_srv": true, "gen_guard": false, "header": ["window", "bulk"], "mbps": 88.333, "pa_cli": 0, "pa_srv": 0, "pipe_cli": ["window", "Rlc", "bulk"], "pipe_srv": ["window", "Rlc", "bulk"], "plc_p0": 0.0248, "plu_last_p0": 0.0675, "plu_med_p0": 0.01635, "problems": [], "rc": 0, "rep": 1, "seconds": 9.056593, "seed": "7", "src": 84604, "status": "LIVE", "summary": true, "truth_egress_p0": 91314, "truth_gso_p0": 5.4, "truth_loss_p0": 0.024717, "truth_lost_p0": 2257, "truth_rcvbuf_drops": 0, "util": 0.38093795315744017, "wall_s": 11.0, "winline_cli": true, "winline_srv": true}
=== rep=1 seed=7 cell=c3-25 arm=OLD attempt=1 pipeline=window hint=bulk spec=c3/c3/single bytes=25000000 bin=/home/vibe/v4/bin/old/raptorpath sha=f3743664cb48ad81 15:44:40
COTENANT c3-25-OLD s7 rep=1 before=0 after=0 load=1.20 1.51 1.82
--- RWM-C perf pipeline=window mode=single hint=bulk A=c3 B=c3 ooo=0 extra='' T=default (25000000 x 1) start=17:44:43
{"bytes":25000000,"dnf":0,"hint":"bulk","max_s":11.5652,"mean_mbps":17.293,"mean_s":11.5652,"median_s":11.5652,"min_s":11.5652,"proto":"rp-native","runs":1,"stdev_s":0.0,"summary":true}
    CPU: CPUSRV=1.78s CPUCLI=2.45s (srv=decoder cli=sender; whole-invocation incl warmup)
    [TRUTH] leg=0 dev=cli0 egress_dgrams=25886 egress_skbs=8002 gso=3.23 netem_sent_dgrams=24667 netem_dropped_skbs=365 backlog=1 lost=1218 loss=0.047052 rcvbuf_drops=0 rcvbuf_scope=netns
RUNTIME c3-25-OLD s7 rep=1 attempt=1 15s rc=0
V4ROW {"arm": "OLD", "bin": "old", "bin_sha": "f3743664cb48ad81deef239d44710f4b12bf08f2db65c6d90fc5a947ed500035", "busy_last": 3.0, "busy_med": 8.0, "cad_cli": false, "cad_srv": false, "cadoff_cli": false, "cadoff_srv": false, "cell": "c3-25", "cod": 237, "coded_share": 0.011080461919678338, "cotenant": 0, "cpu_cli": 2.45, "cpu_srv": 1.78, "cpu_us_per_dgram": 94.64575446187128, "diag_lines": 46, "dnf": false, "egress_dgrams": 25886, "emb_echo_cli": false, "emb_echo_srv": false, "emb_gate_cli": 0, "emb_gate_srv": 0, "feed_ratio_p0": 1.009521380600187, "gates_cli": true, "gates_srv": true, "gen_guard": false, "header": ["window", "bulk"], "mbps": 17.293, "pa_cli": 0, "pa_srv": 0, "pipe_cli": ["window", "Rlc", "bulk"], "pipe_srv": ["window", "Rlc", "bulk"], "plc_p0": 0.0475, "plu_last_p0": 0.0616, "plu_med_p0": 0.038, "problems": [], "rc": 0, "rep": 1, "seconds": 11.565222, "seed": "7", "src": 21152, "status": "LIVE", "summary": true, "truth_egress_p0": 25886, "truth_gso_p0": 3.23, "truth_loss_p0": 0.047052, "truth_lost_p0": 1218, "truth_rcvbuf_drops": 0, "util": 0.211842020844909, "wall_s": 15.0, "winline_cli": true, "winline_srv": true}
=== rep=1 seed=7 cell=c3-25 arm=NEWa attempt=1 pipeline=window hint=auto spec=c3/c3/single bytes=25000000 bin=/home/vibe/v4/bin/new/raptorpath sha=aa88d648def0b125 15:44:55
COTENANT c3-25-NEWa s7 rep=1 before=0 after=0 load=0.94 1.43 1.79
--- RWM-C perf pipeline=window mode=single hint=auto A=c3 B=c3 ooo=0 extra='' T=default (25000000 x 1) start=17:44:58
{"bytes":25000000,"dnf":0,"hint":"auto","max_s":13.0467,"mean_mbps":15.33,"mean_s":13.0467,"median_s":13.0467,"min_s":13.0467,"proto":"rp-native","runs":1,"stdev_s":0.0,"summary":true}
    CPU: CPUSRV=1.97s CPUCLI=2.08s (srv=decoder cli=sender; whole-invocation incl warmup)
    [TRUTH] leg=0 dev=cli0 egress_dgrams=28181 egress_skbs=9065 gso=3.11 netem_sent_dgrams=26905 netem_dropped_skbs=419 backlog=0 lost=1276 loss=0.045279 rcvbuf_drops=0 rcvbuf_scope=netns
RUNTIME c3-25-NEWa s7 rep=1 attempt=1 16s rc=0
V4ROW {"arm": "NEWa", "bin": "new", "bin_sha": "aa88d648def0b1253985b9d9ad6955d2190277bebc09026aaa2b79ce64ebd262", "busy_last": 3.0, "busy_med": 6.0, "cad_cli": true, "cad_srv": true, "cadoff_cli": false, "cadoff_srv": false, "cell": "c3-25", "cod": 773, "coded_share": 0.03525655644241733, "cotenant": 0, "cpu_cli": 2.08, "cpu_srv": 1.97, "cpu_us_per_dgram": 73.80859444306448, "diag_lines": 52, "dnf": false, "egress_dgrams": 28181, "emb_echo_cli": false, "emb_echo_srv": false, "emb_gate_cli": 0, "emb_gate_srv": 0, "feed_ratio_p0": 0.9916296738002165, "gates_cli": true, "gates_srv": true, "gen_guard": false, "header": ["window", "auto"], "mbps": 15.33, "pa_cli": 0, "pa_srv": 0, "pipe_cli": ["window", "Rlc", "auto"], "pipe_srv": ["window", "Rlc", "auto"], "plc_p0": 0.0449, "plu_last_p0": 0.1395, "plu_med_p0": 0.0303, "problems": [], "rc": 0, "rep": 1, "seconds": 13.046733, "seed": "7", "src": 21152, "status": "LIVE", "summary": true, "truth_egress_p0": 28181, "truth_gso_p0": 3.11, "truth_loss_p0": 0.045279, "truth_lost_p0": 1276, "truth_rcvbuf_drops": 0, "util": 0.15942688487608356, "wall_s": 16.0, "winline_cli": true, "winline_srv": true}
=== rep=1 seed=7 cell=c3-25 arm=OLDa attempt=1 pipeline=window hint=auto spec=c3/c3/single bytes=25000000 bin=/home/vibe/v4/bin/old/raptorpath sha=f3743664cb48ad81 15:45:11
COTENANT c3-25-OLDa s7 rep=1 before=0 after=0 load=0.80 1.38 1.76
--- RWM-C perf pipeline=window mode=single hint=auto A=c3 B=c3 ooo=0 extra='' T=default (25000000 x 1) start=17:45:13
{"bytes":25000000,"dnf":0,"hint":"auto","max_s":13.0869,"mean_mbps":15.282,"mean_s":13.0869,"median_s":13.0869,"min_s":13.0869,"proto":"rp-native","runs":1,"stdev_s":0.0,"summary":true}
    CPU: CPUSRV=1.94s CPUCLI=2.71s (srv=decoder cli=sender; whole-invocation incl warmup)
    [TRUTH] leg=0 dev=cli0 egress_dgrams=28114 egress_skbs=8677 gso=3.24 netem_sent_dgrams=26901 netem_dropped_skbs=399 backlog=0 lost=1213 loss=0.043146 rcvbuf_drops=0 rcvbuf_scope=netns
RUNTIME c3-25-OLDa s7 rep=1 attempt=1 15s rc=0
V4ROW {"arm": "OLDa", "bin": "old", "bin_sha": "f3743664cb48ad81deef239d44710f4b12bf08f2db65c6d90fc5a947ed500035", "busy_last": 5.0, "busy_med": 8.0, "cad_cli": false, "cad_srv": false, "cadoff_cli": false, "cadoff_srv": false, "cell": "c3-25", "cod": 626, "coded_share": 0.02874460464689136, "cotenant": 0, "cpu_cli": 2.71, "cpu_srv": 1.94, "cpu_us_per_dgram": 96.39325602902468, "diag_lines": 52, "dnf": false, "egress_dgrams": 28114, "emb_echo_cli": false, "emb_echo_srv": false, "emb_gate_cli": 0, "emb_gate_srv": 0, "feed_ratio_p0": 1.0082047003198442, "gates_cli": true, "gates_srv": true, "gen_guard": false, "header": ["window", "auto"], "mbps": 15.282, "pa_cli": 0, "pa_srv": 0, "pipe_cli": ["window", "Rlc", "auto"], "pipe_srv": ["window", "Rlc", "auto"], "plc_p0": 0.0435, "plu_last_p0": 0.0355, "plu_med_p0": 0.0432, "problems": [], "rc": 0, "rep": 1, "seconds": 13.086925, "seed": "7", "src": 21152, "status": "LIVE", "summary": true, "truth_egress_p0": 28114, "truth_gso_p0": 3.24, "truth_loss_p0": 0.043146, "truth_lost_p0": 1213, "truth_rcvbuf_drops": 0, "util": 0.20707691073342285, "wall_s": 15.0, "winline_cli": true, "winline_srv": true}
=== rep=1 seed=7 cell=c3-25 arm=EMB attempt=1 pipeline=window hint=bulk spec=c3/c3/single bytes=25000000 bin=/home/vibe/v4/bin/new/raptorpath sha=aa88d648def0b125 15:45:27
COTENANT c3-25-EMB s7 rep=1 before=0 after=0 load=0.82 1.36 1.76
--- RWM-C perf pipeline=window mode=single hint=bulk A=c3 B=c3 ooo=0 extra='' T=default (25000000 x 1) start=17:45:29
{"bytes":25000000,"dnf":0,"hint":"bulk","max_s":11.4508,"mean_mbps":17.466,"mean_s":11.4508,"median_s":11.4508,"min_s":11.4508,"proto":"rp-native","runs":1,"stdev_s":0.0,"summary":true}
    CPU: CPUSRV=1.70s CPUCLI=1.71s (srv=decoder cli=sender; whole-invocation incl warmup)
    [TRUTH] leg=0 dev=cli0 egress_dgrams=25753 egress_skbs=8031 gso=3.21 netem_sent_dgrams=24597 netem_dropped_skbs=368 backlog=0 lost=1156 loss=0.044888 rcvbuf_drops=0 rcvbuf_scope=netns
RUNTIME c3-25-EMB s7 rep=1 attempt=1 14s rc=0
V4ROW {"arm": "EMB", "bin": "new", "bin_sha": "aa88d648def0b1253985b9d9ad6955d2190277bebc09026aaa2b79ce64ebd262", "busy_last": 5.0, "busy_med": 5.0, "cad_cli": true, "cad_srv": true, "cadoff_cli": false, "cadoff_srv": false, "cell": "c3-25", "cod": 220, "coded_share": 0.010293842410630732, "cotenant": 0, "cpu_cli": 1.71, "cpu_srv": 1.7, "cpu_us_per_dgram": 66.40003106434202, "diag_lines": 45, "dnf": false, "egress_dgrams": 25753, "emb_echo_cli": true, "emb_echo_srv": true, "emb_gate_cli": 1, "emb_gate_srv": 1, "feed_ratio_p0": 0.9690785956157547, "gates_cli": true, "gates_srv": true, "gen_guard": false, "header": ["window", "bulk"], "mbps": 17.466, "pa_cli": 0, "pa_srv": 0, "pipe_cli": ["window", "Rlc", "bulk"], "pipe_srv": ["window", "Rlc", "bulk"], "plc_p0": 0.0435, "plu_last_p0": 0.0312, "plu_med_p0": 0.0263, "problems": [], "rc": 0, "rep": 1, "seconds": 11.450756, "seed": "7", "src": 21152, "status": "LIVE", "summary": true, "truth_egress_p0": 25753, "truth_gso_p0": 3.21, "truth_loss_p0": 0.044888, "truth_lost_p0": 1156, "truth_rcvbuf_drops": 0, "util": 0.1493351181354314, "wall_s": 14.0, "winline_cli": true, "winline_srv": true}
=== rep=1 seed=7 cell=c3-25 arm=NEW attempt=1 pipeline=window hint=bulk spec=c3/c3/single bytes=25000000 bin=/home/vibe/v4/bin/new/raptorpath sha=aa88d648def0b125 15:45:41
COTENANT c3-25-NEW s7 rep=1 before=0 after=0 load=0.95 1.36 1.75
--- RWM-C perf pipeline=window mode=single hint=bulk A=c3 B=c3 ooo=0 extra='' T=default (25000000 x 1) start=17:45:42
{"bytes":25000000,"dnf":0,"hint":"bulk","max_s":11.4903,"mean_mbps":17.406,"mean_s":11.4903,"median_s":11.4903,"min_s":11.4903,"proto":"rp-native","runs":1,"stdev_s":0.0,"summary":true}
    CPU: CPUSRV=1.75s CPUCLI=1.90s (srv=decoder cli=sender; whole-invocation incl warmup)
    [TRUTH] leg=0 dev=cli0 egress_dgrams=26522 egress_skbs=8086 gso=3.28 netem_sent_dgrams=25213 netem_dropped_skbs=371 backlog=1 lost=1308 loss=0.049318 rcvbuf_drops=0 rcvbuf_scope=netns
RUNTIME c3-25-NEW s7 rep=1 attempt=1 13s rc=0
V4ROW {"arm": "NEW", "bin": "new", "bin_sha": "aa88d648def0b1253985b9d9ad6955d2190277bebc09026aaa2b79ce64ebd262", "busy_last": 5.0, "busy_med": 6.0, "cad_cli": true, "cad_srv": true, "cadoff_cli": false, "cadoff_srv": false, "cell": "c3-25", "cod": 234, "coded_share": 0.010941737585336201, "cotenant": 0, "cpu_cli": 1.9, "cpu_srv": 1.75, "cpu_us_per_dgram": 71.63863961993816, "diag_lines": 45, "dnf": false, "egress_dgrams": 26522, "emb_echo_cli": false, "emb_echo_srv": false, "emb_gate_cli": 0, "emb_gate_srv": 0, "feed_ratio_p0": 1.019911594144126, "gates_cli": true, "gates_srv": true, "gen_guard": false, "header": ["window", "bulk"], "mbps": 17.406, "pa_cli": 0, "pa_srv": 0, "pipe_cli": ["window", "Rlc", "bulk"], "pipe_srv": ["window", "Rlc", "bulk"], "plc_p0": 0.0503, "plu_last_p0": 0.2184, "plu_med_p0": 0.0299, "problems": [], "rc": 0, "rep": 1, "seconds": 11.490331, "seed": "7", "src": 21152, "status": "LIVE", "summary": true, "truth_egress_p0": 26522, "truth_gso_p0": 3.28, "truth_loss_p0": 0.049318, "truth_lost_p0": 1308, "truth_rcvbuf_drops": 0, "util": 0.16535642010660964, "wall_s": 13.0, "winline_cli": true, "winline_srv": true}
=== rep=1 seed=7 cell=c7-100 arm=OLD attempt=1 pipeline=window hint=bulk spec=c2/c2/dual bytes=100000000 bin=/home/vibe/v4/bin/old/raptorpath sha=f3743664cb48ad81 15:45:55
COTENANT c7-100-OLD s7 rep=1 before=0 after=0 load=0.80 1.32 1.73
--- RWM-C perf pipeline=window mode=dual hint=bulk A=c2 B=c2 ooo=0 extra='' T=default (100000000 x 1) start=17:45:56
{"bytes":100000000,"dnf":0,"hint":"bulk","max_s":4.5887,"mean_mbps":174.339,"mean_s":4.5887,"median_s":4.5887,"min_s":4.5887,"proto":"rp-native","runs":1,"stdev_s":0.0,"summary":true}
    CPU: CPUSRV=5.71s CPUCLI=6.82s (srv=decoder cli=sender; whole-invocation incl warmup)
    [TRUTH] leg=0 dev=cli0 egress_dgrams=44547 egress_skbs=12422 gso=3.59 netem_sent_dgrams=43418 netem_dropped_skbs=324 backlog=0 lost=1129 loss=0.025344 rcvbuf_drops=0 rcvbuf_scope=netns
    [TRUTH] leg=1 dev=cli1 egress_dgrams=45999 egress_skbs=11947 gso=3.85 netem_sent_dgrams=44898 netem_dropped_skbs=296 backlog=0 lost=1101 loss=0.023935 rcvbuf_drops=0 rcvbuf_scope=netns
RUNTIME c7-100-OLD s7 rep=1 attempt=1 6s rc=0
V4ROW {"arm": "OLD", "bin": "old", "bin_sha": "f3743664cb48ad81deef239d44710f4b12bf08f2db65c6d90fc5a947ed500035", "busy_last": 77.0, "busy_med": 86.5, "cad_cli": false, "cad_srv": false, "cadoff_cli": false, "cadoff_srv": false, "cell": "c7-100", "cod": 378, "coded_share": 0.004448000753100656, "cotenant": 0, "cpu_cli": 6.82, "cpu_srv": 5.71, "cpu_us_per_dgram": 75.32083140061405, "diag_lines": 18, "dnf": false, "egress_dgrams": 90546, "emb_echo_cli": false, "emb_echo_srv": false, "emb_gate_cli": 0, "emb_gate_srv": 0, "feed_ratio_p0": 0.9943181818181819, "feed_ratio_p1": 1.0110716523918946, "gates_cli": true, "gates_srv": true, "gen_guard": false, "header": ["window", "bulk"], "mbps": 174.339, "pa_cli": 0, "pa_srv": 0, "pipe_cli": ["window", "Rlc", "bulk"], "pipe_srv": ["window", "Rlc", "bulk"], "plc_p0": 0.0252, "plc_p1": 0.0242, "plu_last_p0": 0.0354, "plu_last_p1": 0.0354, "plu_med_p0": 0.0354, "plu_med_p1": 0.03615, "problems": [], "rc": 0, "rep": 1, "seconds": 4.58875, "seed": "7", "src": 84604, "status": "LIVE", "summary": true, "truth_egress_p0": 44547, "truth_egress_p1": 45999, "truth_gso_p0": 3.59, "truth_gso_p1": 3.85, "truth_loss_p0": 0.025344, "truth_loss_p1": 0.023935, "truth_lost_p0": 1129, "truth_lost_p1": 1101, "truth_rcvbuf_drops": 0, "util": 1.4862435303731953, "wall_s": 6.0, "winline_cli": true, "winline_srv": true}
=== rep=1 seed=7 cell=c7-100 arm=NEW attempt=1 pipeline=window hint=bulk spec=c2/c2/dual bytes=100000000 bin=/home/vibe/v4/bin/new/raptorpath sha=aa88d648def0b125 15:46:01
COTENANT c7-100-NEW s7 rep=1 before=0 after=0 load=1.14 1.38 1.75
--- RWM-C perf pipeline=window mode=dual hint=bulk A=c2 B=c2 ooo=0 extra='' T=default (100000000 x 1) start=17:46:03
{"bytes":100000000,"dnf":0,"hint":"bulk","max_s":5.1672,"mean_mbps":154.822,"mean_s":5.1672,"median_s":5.1672,"min_s":5.1672,"proto":"rp-native","runs":1,"stdev_s":0.0,"summary":true}
    CPU: CPUSRV=6.22s CPUCLI=5.61s (srv=decoder cli=sender; whole-invocation incl warmup)
    [TRUTH] leg=0 dev=cli0 egress_dgrams=46704 egress_skbs=15221 gso=3.07 netem_sent_dgrams=45520 netem_dropped_skbs=376 backlog=0 lost=1184 loss=0.025351 rcvbuf_drops=0 rcvbuf_scope=netns
    [TRUTH] leg=1 dev=cli1 egress_dgrams=46699 egress_skbs=15744 gso=2.97 netem_sent_dgrams=45512 netem_dropped_skbs=393 backlog=0 lost=1187 loss=0.025418 rcvbuf_drops=0 rcvbuf_scope=netns
RUNTIME c7-100-NEW s7 rep=1 attempt=1 7s rc=0
V4ROW {"arm": "NEW", "bin": "new", "bin_sha": "aa88d648def0b1253985b9d9ad6955d2190277bebc09026aaa2b79ce64ebd262", "busy_last": 23.0, "busy_med": 64.0, "cad_cli": true, "cad_srv": true, "cadoff_cli": false, "cadoff_srv": false, "cell": "c7-100", "cod": 582, "coded_share": 0.006832108562439838, "cotenant": 0, "cpu_cli": 5.61, "cpu_srv": 6.22, "cpu_us_per_dgram": 60.0623106324208, "diag_lines": 20, "dnf": false, "egress_dgrams": 93403, "emb_echo_cli": false, "emb_echo_srv": false, "emb_gate_cli": 0, "emb_gate_srv": 0, "feed_ratio_p0": 1.0058774801782968, "feed_ratio_p1": 1.003226060272248, "gates_cli": true, "gates_srv": true, "gen_guard": false, "header": ["window", "bulk"], "mbps": 154.822, "pa_cli": 0, "pa_srv": 0, "pipe_cli": ["window", "Rlc", "bulk"], "pipe_srv": ["window", "Rlc", "bulk"], "plc_p0": 0.0255, "plc_p1": 0.0255, "plu_last_p0": 0.0081, "plu_last_p1": 0.0299, "plu_med_p0": 0.0275, "plu_med_p1": 0.02495, "problems": [], "rc": 0, "rep": 1, "seconds": 5.167241, "seed": "7", "src": 84604, "status": "LIVE", "summary": true, "truth_egress_p0": 46704, "truth_egress_p1": 46699, "truth_gso_p0": 3.07, "truth_gso_p1": 2.97, "truth_loss_p0": 0.025351, "truth_loss_p1": 0.025418, "truth_lost_p0": 1184, "truth_lost_p1": 1187, "truth_rcvbuf_drops": 0, "util": 1.0856857653823386, "wall_s": 7.0, "winline_cli": true, "winline_srv": true}
=== rep=1 seed=7 cell=c8-100 arm=OLD attempt=1 pipeline=window hint=bulk spec=c2/c3/dual bytes=100000000 bin=/home/vibe/v4/bin/old/raptorpath sha=f3743664cb48ad81 15:46:09
COTENANT c8-100-OLD s7 rep=1 before=0 after=0 load=1.36 1.42 1.75
--- RWM-C perf pipeline=window mode=dual hint=bulk A=c2 B=c3 ooo=0 extra='' T=default (100000000 x 1) start=17:46:11
{"bytes":100000000,"dnf":0,"hint":"bulk","max_s":7.7219,"mean_mbps":103.602,"mean_s":7.7219,"median_s":7.7219,"min_s":7.7219,"proto":"rp-native","runs":1,"stdev_s":0.0,"summary":true}
    CPU: CPUSRV=6.24s CPUCLI=8.08s (srv=decoder cli=sender; whole-invocation incl warmup)
    [TRUTH] leg=0 dev=cli0 egress_dgrams=73734 egress_skbs=12937 gso=5.70 netem_sent_dgrams=71856 netem_dropped_skbs=338 backlog=0 lost=1878 loss=0.025470 rcvbuf_drops=0 rcvbuf_scope=netns
    [TRUTH] leg=1 dev=cli1 egress_dgrams=18845 egress_skbs=12458 gso=1.51 netem_sent_dgrams=17863 netem_dropped_skbs=657 backlog=0 lost=982 loss=0.052109 rcvbuf_drops=0 rcvbuf_scope=netns
RUNTIME c8-100-OLD s7 rep=1 attempt=1 10s rc=0
V4ROW {"arm": "OLD", "bin": "old", "bin_sha": "f3743664cb48ad81deef239d44710f4b12bf08f2db65c6d90fc5a947ed500035", "busy_last": 45.0, "busy_med": 54.0, "cad_cli": false, "cad_srv": false, "cadoff_cli": false, "cadoff_srv": false, "cell": "c8-100", "cod": 568, "coded_share": 0.0066688583102428025, "cotenant": 0, "cpu_cli": 8.08, "cpu_srv": 6.24, "cpu_us_per_dgram": 87.27681223603625, "diag_lines": 30, "dnf": false, "egress_dgrams": 92579, "emb_echo_cli": false, "emb_echo_srv": false, "emb_gate_cli": 0, "emb_gate_srv": 0, "feed_ratio_p0": 1.0011778563015312, "feed_ratio_p1": 1.0036653936939874, "gates_cli": true, "gates_srv": true, "gen_guard": false, "header": ["window", "bulk"], "mbps": 103.602, "pa_cli": 0, "pa_srv": 0, "pipe_cli": ["window", "Rlc", "bulk"], "pipe_srv": ["window", "Rlc", "bulk"], "plc_p0": 0.0255, "plc_p1": 0.0523, "plu_last_p0": 0.0355, "plu_last_p1": 0.089, "plu_med_p0": 0.035449999999999995, "plu_med_p1": 0.08904999999999999, "problems": [], "rc": 0, "rep": 1, "seconds": 7.721872, "seed": "7", "src": 84604, "status": "LIVE", "summary": true, "truth_egress_p0": 73734, "truth_egress_p1": 18845, "truth_gso_p0": 5.7, "truth_gso_p1": 1.51, "truth_loss_p0": 0.02547, "truth_loss_p1": 0.052109, "truth_lost_p0": 1878, "truth_lost_p1": 982, "truth_rcvbuf_drops": 0, "util": 1.0463783911466027, "wall_s": 10.0, "winline_cli": true, "winline_srv": true}
=== rep=1 seed=7 cell=c8-100 arm=NEW attempt=1 pipeline=window hint=bulk spec=c2/c3/dual bytes=100000000 bin=/home/vibe/v4/bin/new/raptorpath sha=aa88d648def0b125 15:46:19
COTENANT c8-100-NEW s7 rep=1 before=0 after=0 load=1.45 1.43 1.76
--- RWM-C perf pipeline=window mode=dual hint=bulk A=c2 B=c3 ooo=0 extra='' T=default (100000000 x 1) start=17:46:21
{"bytes":100000000,"dnf":0,"hint":"bulk","max_s":7.6554,"mean_mbps":104.502,"mean_s":7.6554,"median_s":7.6554,"min_s":7.6554,"proto":"rp-native","runs":1,"stdev_s":0.0,"summary":true}
    CPU: CPUSRV=6.26s CPUCLI=5.82s (srv=decoder cli=sender; whole-invocation incl warmup)
    [TRUTH] leg=0 dev=cli0 egress_dgrams=79150 egress_skbs=20652 gso=3.83 netem_sent_dgrams=77139 netem_dropped_skbs=495 backlog=0 lost=2011 loss=0.025407 rcvbuf_drops=0 rcvbuf_scope=netns
    [TRUTH] leg=1 dev=cli1 egress_dgrams=18965 egress_skbs=12079 gso=1.57 netem_sent_dgrams=17938 netem_dropped_skbs=642 backlog=0 lost=1027 loss=0.054152 rcvbuf_drops=0 rcvbuf_scope=netns
RUNTIME c8-100-NEW s7 rep=1 attempt=1 10s rc=0
V4ROW {"arm": "NEW", "bin": "new", "bin_sha": "aa88d648def0b1253985b9d9ad6955d2190277bebc09026aaa2b79ce64ebd262", "busy_last": 35.0, "busy_med": 36.0, "cad_cli": true, "cad_srv": true, "cadoff_cli": false, "cadoff_srv": false, "cell": "c8-100", "cod": 705, "coded_share": 0.008264075302723042, "cotenant": 0, "cpu_cli": 5.82, "cpu_srv": 6.26, "cpu_us_per_dgram": 59.3181470723131, "diag_lines": 30, "dnf": false, "egress_dgrams": 98115, "emb_echo_cli": false, "emb_echo_srv": false, "emb_gate_cli": 0, "emb_gate_srv": 0, "feed_ratio_p0": 1.0154681780611643, "feed_ratio_p1": 1.000886393854336, "gates_cli": true, "gates_srv": true, "gen_guard": false, "header": ["window", "bulk"], "mbps": 104.502, "pa_cli": 0, "pa_srv": 0, "pipe_cli": ["window", "Rlc", "bulk"], "pipe_srv": ["window", "Rlc", "bulk"], "plc_p0": 0.0258, "plc_p1": 0.0542, "plu_last_p0": 0.0165, "plu_last_p1": 0.1262, "plu_med_p0": 0.014450000000000001, "plu_med_p1": 0.05785, "problems": [], "rc": 0, "rep": 1, "seconds": 7.65535, "seed": "7", "src": 84604, "status": "LIVE", "summary": true, "truth_egress_p0": 79150, "truth_egress_p1": 18965, "truth_gso_p0": 3.83, "truth_gso_p1": 1.57, "truth_loss_p0": 0.025407, "truth_loss_p1": 0.054152, "truth_lost_p0": 2011, "truth_lost_p1": 1027, "truth_rcvbuf_drops": 0, "util": 0.7602526337789912, "wall_s": 10.0, "winline_cli": true, "winline_srv": true}
BLOCK-COMPLETE rep=1 seed=7 block=1 2026-10-04T15:46:29Z
=== rep=2 seed=42 cell=c1s-400 arm=EMB attempt=1 pipeline=window hint=bulk spec=c1/c1/single bytes=400000000 bin=/home/vibe/v4/bin/new/raptorpath sha=aa88d648def0b125 15:46:29
COTENANT c1s-400-EMB s42 rep=2 before=0 after=0 load=1.45 1.44 1.75
--- RWM-C perf pipeline=window mode=single hint=bulk A=c1 B=c1 ooo=0 extra='' T=default (400000000 x 1) start=17:46:31
{"bytes":400000000,"dnf":0,"hint":"bulk","max_s":6.759,"mean_mbps":473.441,"mean_s":6.759,"median_s":6.759,"min_s":6.759,"proto":"rp-native","runs":1,"stdev_s":0.0,"summary":true}
    CPU: CPUSRV=8.63s CPUCLI=5.88s (srv=decoder cli=sender; whole-invocation incl warmup)
    [TRUTH] leg=0 dev=cli0 egress_dgrams=341806 egress_skbs=38214 gso=8.94 netem_sent_dgrams=341404 netem_dropped_skbs=47 backlog=0 lost=402 loss=0.001176 rcvbuf_drops=81 rcvbuf_scope=netns
RUNTIME c1s-400-EMB s42 rep=2 attempt=1 9s rc=0
V4ROW {"arm": "EMB", "bin": "new", "bin_sha": "aa88d648def0b1253985b9d9ad6955d2190277bebc09026aaa2b79ce64ebd262", "busy_last": 49.0, "busy_med": 32.5, "cad_cli": true, "cad_srv": true, "cadoff_cli": false, "cadoff_srv": false, "cell": "c1s-400", "cod": 167, "coded_share": 0.0005045058108798038, "cotenant": 0, "cpu_cli": 5.88, "cpu_srv": 8.63, "cpu_us_per_dgram": 17.202740735973038, "diag_lines": 26, "dnf": false, "egress_dgrams": 341806, "emb_echo_cli": true, "emb_echo_srv": true, "emb_gate_cli": 1, "emb_gate_srv": 1, "feed_ratio_p0": 2.72108843537415, "gates_cli": true, "gates_srv": true, "gen_guard": false, "header": ["window", "bulk"], "mbps": 473.441, "pa_cli": 0, "pa_srv": 0, "pipe_cli": ["window", "Rlc", "bulk"], "pipe_srv": ["window", "Rlc", "bulk"], "plc_p0": 0.0032, "plu_last_p0": 0.0004, "plu_med_p0": 0.0005499999999999999, "problems": [], "rc": 0, "rep": 2, "seconds": 6.759029, "seed": "42", "src": 330850, "status": "LIVE", "summary": true, "truth_egress_p0": 341806, "truth_gso_p0": 8.94, "truth_loss_p0": 0.001176, "truth_lost_p0": 402, "truth_rcvbuf_drops": 81, "util": 0.8699474436342853, "wall_s": 9.0, "winline_cli": true, "winline_srv": true}
=== rep=2 seed=42 cell=c1s-400 arm=NEW attempt=1 pipeline=window hint=bulk spec=c1/c1/single bytes=400000000 bin=/home/vibe/v4/bin/new/raptorpath sha=aa88d648def0b125 15:46:38
COTENANT c1s-400-NEW s42 rep=2 before=0 after=0 load=1.38 1.42 1.75
--- RWM-C perf pipeline=window mode=single hint=bulk A=c1 B=c1 ooo=0 extra='' T=default (400000000 x 1) start=17:46:40
{"bytes":400000000,"dnf":0,"hint":"bulk","max_s":6.3533,"mean_mbps":503.671,"mean_s":6.3533,"median_s":6.3533,"min_s":6.3533,"proto":"rp-native","runs":1,"stdev_s":0.0,"summary":true}
    CPU: CPUSRV=8.28s CPUCLI=7.45s (srv=decoder cli=sender; whole-invocation incl warmup)
    [TRUTH] leg=0 dev=cli0 egress_dgrams=339998 egress_skbs=35982 gso=9.45 netem_sent_dgrams=339662 netem_dropped_skbs=38 backlog=0 lost=336 loss=0.000988 rcvbuf_drops=39 rcvbuf_scope=netns
RUNTIME c1s-400-NEW s42 rep=2 attempt=1 8s rc=0
V4ROW {"arm": "NEW", "bin": "new", "bin_sha": "aa88d648def0b1253985b9d9ad6955d2190277bebc09026aaa2b79ce64ebd262", "busy_last": 49.0, "busy_med": 44.0, "cad_cli": true, "cad_srv": true, "cadoff_cli": false, "cadoff_srv": false, "cell": "c1s-400", "cod": 103, "coded_share": 0.0003094050111596079, "cotenant": 0, "cpu_cli": 7.45, "cpu_srv": 8.28, "cpu_us_per_dgram": 21.911893599374114, "diag_lines": 25, "dnf": false, "egress_dgrams": 339998, "emb_echo_cli": false, "emb_echo_srv": false, "emb_gate_cli": 0, "emb_gate_srv": 0, "feed_ratio_p0": 2.2267206477732797, "gates_cli": true, "gates_srv": true, "gen_guard": false, "header": ["window", "bulk"], "mbps": 503.671, "pa_cli": 0, "pa_srv": 0, "pipe_cli": ["window", "Rlc", "bulk"], "pipe_srv": ["window", "Rlc", "bulk"], "plc_p0": 0.0022, "plu_last_p0": 0.0009, "plu_med_p0": 0.0003, "problems": [], "rc": 0, "rep": 2, "seconds": 6.35335, "seed": "42", "src": 332794, "status": "LIVE", "summary": true, "truth_egress_p0": 339998, "truth_gso_p0": 9.45, "truth_loss_p0": 0.000988, "truth_lost_p0": 336, "truth_rcvbuf_drops": 39, "util": 1.1726097255778447, "wall_s": 8.0, "winline_cli": true, "winline_srv": true}
=== rep=2 seed=42 cell=c1s-400 arm=OLD attempt=1 pipeline=window hint=bulk spec=c1/c1/single bytes=400000000 bin=/home/vibe/v4/bin/old/raptorpath sha=f3743664cb48ad81 15:46:47
COTENANT c1s-400-OLD s42 rep=2 before=0 after=0 load=2.01 1.56 1.79
--- RWM-C perf pipeline=window mode=single hint=bulk A=c1 B=c1 ooo=0 extra='' T=default (400000000 x 1) start=17:46:48
{"bytes":400000000,"dnf":0,"hint":"bulk","max_s":10.9766,"mean_mbps":291.528,"mean_s":10.9766,"median_s":10.9766,"min_s":10.9766,"proto":"rp-native","runs":1,"stdev_s":0.0,"summary":true}
    CPU: CPUSRV=12.49s CPUCLI=14.96s (srv=decoder cli=sender; whole-invocation incl warmup)
    [TRUTH] leg=0 dev=cli0 egress_dgrams=342793 egress_skbs=40339 gso=8.50 netem_sent_dgrams=342347 netem_dropped_skbs=50 backlog=0 lost=446 loss=0.001301 rcvbuf_drops=3 rcvbuf_scope=netns
RUNTIME c1s-400-OLD s42 rep=2 attempt=1 12s rc=0
V4ROW {"arm": "OLD", "bin": "old", "bin_sha": "f3743664cb48ad81deef239d44710f4b12bf08f2db65c6d90fc5a947ed500035", "busy_last": 58.0, "busy_med": 53.0, "cad_cli": false, "cad_srv": false, "cadoff_cli": false, "cadoff_srv": false, "cell": "c1s-400", "cod": 70, "coded_share": 0.00021114291660759692, "cotenant": 0, "cpu_cli": 14.96, "cpu_srv": 12.49, "cpu_us_per_dgram": 43.64149793023778, "diag_lines": 43, "dnf": false, "egress_dgrams": 342793, "emb_echo_cli": false, "emb_echo_srv": false, "emb_gate_cli": 0, "emb_gate_srv": 0, "feed_ratio_p0": 1.0760953112990006, "gates_cli": true, "gates_srv": true, "gen_guard": false, "header": ["window", "bulk"], "mbps": 291.528, "pa_cli": 0, "pa_srv": 0, "pipe_cli": ["window", "Rlc", "bulk"], "pipe_srv": ["window", "Rlc", "bulk"], "plc_p0": 0.0014, "plu_last_p0": 0.0354, "plu_med_p0": 0.0354, "problems": [], "rc": 0, "rep": 2, "seconds": 10.976646, "seed": "42", "src": 331459, "status": "LIVE", "summary": true, "truth_egress_p0": 342793, "truth_gso_p0": 8.5, "truth_loss_p0": 0.001301, "truth_lost_p0": 446, "truth_rcvbuf_drops": 3, "util": 1.362893546899481, "wall_s": 12.0, "winline_cli": true, "winline_srv": true}
=== rep=2 seed=42 cell=c1d-400 arm=NEW attempt=1 pipeline=window hint=bulk spec=c1/c1/dual bytes=400000000 bin=/home/vibe/v4/bin/new/raptorpath sha=aa88d648def0b125 15:47:00
COTENANT c1d-400-NEW s42 rep=2 before=0 after=0 load=2.56 1.69 1.83
--- RWM-C perf pipeline=window mode=dual hint=bulk A=c1 B=c1 ooo=0 extra='' T=default (400000000 x 1) start=17:47:01
{"bytes":400000000,"dnf":0,"hint":"bulk","max_s":10.3902,"mean_mbps":307.982,"mean_s":10.3902,"median_s":10.3902,"min_s":10.3902,"proto":"rp-native","runs":1,"stdev_s":0.0,"summary":true}
    CPU: CPUSRV=15.70s CPUCLI=16.77s (srv=decoder cli=sender; whole-invocation incl warmup)
    [TRUTH] leg=0 dev=cli0 egress_dgrams=171683 egress_skbs=51732 gso=3.32 netem_sent_dgrams=171510 netem_dropped_skbs=55 backlog=0 lost=173 loss=0.001008 rcvbuf_drops=12 rcvbuf_scope=netns
    [TRUTH] leg=1 dev=cli1 egress_dgrams=177758 egress_skbs=52082 gso=3.41 netem_sent_dgrams=177650 netem_dropped_skbs=44 backlog=0 lost=108 loss=0.000608 rcvbuf_drops=12 rcvbuf_scope=netns
RUNTIME c1d-400-NEW s42 rep=2 attempt=1 12s rc=0
V4ROW {"arm": "NEW", "bin": "new", "bin_sha": "aa88d648def0b1253985b9d9ad6955d2190277bebc09026aaa2b79ce64ebd262", "busy_last": 51.0, "busy_med": 82.0, "cad_cli": true, "cad_srv": true, "cadoff_cli": false, "cadoff_srv": false, "cell": "c1d-400", "cod": 139, "coded_share": 0.0004229487745135328, "cotenant": 0, "cpu_cli": 16.77, "cpu_srv": 15.7, "cpu_us_per_dgram": 47.990934091878174, "diag_lines": 41, "dnf": false, "egress_dgrams": 349441, "emb_echo_cli": false, "emb_echo_srv": false, "emb_gate_cli": 0, "emb_gate_srv": 0, "feed_ratio_p0": 1.5873015873015874, "feed_ratio_p1": 1.151315789473684, "gates_cli": true, "gates_srv": true, "gen_guard": false, "header": ["window", "bulk"], "mbps": 307.982, "pa_cli": 0, "pa_srv": 0, "pipe_cli": ["window", "Rlc", "bulk"], "pipe_srv": ["window", "Rlc", "bulk"], "plc_p0": 0.0016, "plc_p1": 0.0007, "plu_last_p0": 0.0008, "plu_last_p1": 0.0005, "plu_med_p0": 0.0007, "plu_med_p1": 0.0008, "problems": [], "rc": 0, "rep": 2, "seconds": 10.390207, "seed": "42", "src": 328506, "status": "LIVE", "summary": true, "truth_egress_p0": 171683, "truth_egress_p1": 177758, "truth_gso_p0": 3.32, "truth_gso_p1": 3.41, "truth_loss_p0": 0.001008, "truth_loss_p1": 0.000608, "truth_lost_p0": 173, "truth_lost_p1": 108, "truth_rcvbuf_drops": 12, "util": 1.6140198169295374, "wall_s": 12.0, "winline_cli": true, "winline_srv": true}
=== rep=2 seed=42 cell=c1d-400 arm=OLD attempt=1 pipeline=window hint=bulk spec=c1/c1/dual bytes=400000000 bin=/home/vibe/v4/bin/old/raptorpath sha=f3743664cb48ad81 15:47:12
COTENANT c1d-400-OLD s42 rep=2 before=0 after=0 load=3.02 1.84 1.87
--- RWM-C perf pipeline=window mode=dual hint=bulk A=c1 B=c1 ooo=0 extra='' T=default (400000000 x 1) start=17:47:14
{"bytes":400000000,"dnf":0,"hint":"bulk","max_s":16.815,"mean_mbps":190.306,"mean_s":16.815,"median_s":16.815,"min_s":16.815,"proto":"rp-native","runs":1,"stdev_s":0.0,"summary":true}
    CPU: CPUSRV=21.06s CPUCLI=29.33s (srv=decoder cli=sender; whole-invocation incl warmup)
    [TRUTH] leg=0 dev=cli0 egress_dgrams=188055 egress_skbs=69106 gso=2.72 netem_sent_dgrams=187866 netem_dropped_skbs=72 backlog=0 lost=189 loss=0.001005 rcvbuf_drops=0 rcvbuf_scope=netns
    [TRUTH] leg=1 dev=cli1 egress_dgrams=172035 egress_skbs=65377 gso=2.63 netem_sent_dgrams=171915 netem_dropped_skbs=54 backlog=0 lost=120 loss=0.000698 rcvbuf_drops=0 rcvbuf_scope=netns
RUNTIME c1d-400-OLD s42 rep=2 attempt=1 19s rc=0
V4ROW {"arm": "OLD", "bin": "old", "bin_sha": "f3743664cb48ad81deef239d44710f4b12bf08f2db65c6d90fc5a947ed500035", "busy_last": 93.0, "busy_med": 87.0, "cad_cli": false, "cad_srv": false, "cadoff_cli": false, "cadoff_srv": false, "cell": "c1d-400", "cod": 138, "coded_share": 0.0004089373555384342, "cotenant": 0, "cpu_cli": 29.33, "cpu_srv": 21.06, "cpu_us_per_dgram": 81.45185925740788, "diag_lines": 67, "dnf": false, "egress_dgrams": 360090, "emb_echo_cli": false, "emb_echo_srv": false, "emb_gate_cli": 0, "emb_gate_srv": 0, "feed_ratio_p0": 0.9950248756218906, "feed_ratio_p1": 1.002865329512894, "gates_cli": true, "gates_srv": true, "gen_guard": false, "header": ["window", "bulk"], "mbps": 190.306, "pa_cli": 0, "pa_srv": 0, "pipe_cli": ["window", "Rlc", "bulk"], "pipe_srv": ["window", "Rlc", "bulk"], "plc_p0": 0.001, "plc_p1": 0.0007, "plu_last_p0": 0.0354, "plu_last_p1": 0.0493, "plu_med_p0": 0.0354, "plu_med_p1": 0.0354, "problems": [], "rc": 0, "rep": 2, "seconds": 16.814984, "seed": "42", "src": 337322, "status": "LIVE", "summary": true, "truth_egress_p0": 188055, "truth_egress_p1": 172035, "truth_gso_p0": 2.72, "truth_gso_p1": 2.63, "truth_loss_p0": 0.001005, "truth_loss_p1": 0.000698, "truth_lost_p0": 189, "truth_lost_p1": 120, "truth_rcvbuf_drops": 0, "util": 1.7442776038323915, "wall_s": 19.0, "winline_cli": true, "winline_srv": true}
=== rep=2 seed=42 cell=c2-100 arm=NEWa attempt=1 pipeline=window hint=auto spec=c2/c2/single bytes=100000000 bin=/home/vibe/v4/bin/new/raptorpath sha=aa88d648def0b125 15:47:31
COTENANT c2-100-NEWa s42 rep=2 before=0 after=0 load=2.94 1.88 1.89
--- RWM-C perf pipeline=window mode=single hint=auto A=c2 B=c2 ooo=0 extra='' T=default (100000000 x 1) start=17:47:33
{"bytes":100000000,"dnf":0,"hint":"auto","max_s":10.3714,"mean_mbps":77.135,"mean_s":10.3714,"median_s":10.3714,"min_s":10.3714,"proto":"rp-native","runs":1,"stdev_s":0.0,"summary":true}
    CPU: CPUSRV=5.47s CPUCLI=4.11s (srv=decoder cli=sender; whole-invocation incl warmup)
    [TRUTH] leg=0 dev=cli0 egress_dgrams=110074 egress_skbs=26684 gso=4.13 netem_sent_dgrams=107302 netem_dropped_skbs=661 backlog=0 lost=2772 loss=0.025183 rcvbuf_drops=0 rcvbuf_scope=netns
RUNTIME c2-100-NEWa s42 rep=2 attempt=1 12s rc=0
V4ROW {"arm": "NEWa", "bin": "new", "bin_sha": "aa88d648def0b1253985b9d9ad6955d2190277bebc09026aaa2b79ce64ebd262", "busy_last": 15.0, "busy_med": 14.0, "cad_cli": true, "cad_srv": true, "cadoff_cli": false, "cadoff_srv": false, "cell": "c2-100", "cod": 10894, "coded_share": 0.11407568744895182, "cotenant": 0, "cpu_cli": 4.11, "cpu_srv": 5.47, "cpu_us_per_dgram": 37.338517724439924, "diag_lines": 41, "dnf": false, "egress_dgrams": 110074, "emb_echo_cli": false, "emb_echo_srv": false, "emb_gate_cli": 0, "emb_gate_srv": 0, "feed_ratio_p0": 1.0086169241154748, "gates_cli": true, "gates_srv": true, "gen_guard": false, "header": ["window", "auto"], "mbps": 77.135, "pa_cli": 0, "pa_srv": 0, "pipe_cli": ["window", "Rlc", "auto"], "pipe_srv": ["window", "Rlc", "auto"], "plc_p0": 0.0254, "plu_last_p0": 0.057, "plu_med_p0": 0.0157, "problems": [], "rc": 0, "rep": 2, "seconds": 10.371388, "seed": "42", "src": 84604, "status": "LIVE", "summary": true, "truth_egress_p0": 110074, "truth_gso_p0": 4.13, "truth_loss_p0": 0.025183, "truth_lost_p0": 2772, "truth_rcvbuf_drops": 0, "util": 0.39628254193170676, "wall_s": 12.0, "winline_cli": true, "winline_srv": true}
=== rep=2 seed=42 cell=c2-100 arm=OLDa attempt=1 pipeline=window hint=auto spec=c2/c2/single bytes=100000000 bin=/home/vibe/v4/bin/old/raptorpath sha=f3743664cb48ad81 15:47:43
COTENANT c2-100-OLDa s42 rep=2 before=0 after=0 load=2.50 1.84 1.87
--- RWM-C perf pipeline=window mode=single hint=auto A=c2 B=c2 ooo=0 extra='' T=default (100000000 x 1) start=17:47:45
{"bytes":100000000,"dnf":0,"hint":"auto","max_s":11.0242,"mean_mbps":72.568,"mean_s":11.0242,"median_s":11.0242,"min_s":11.0242,"proto":"rp-native","runs":1,"stdev_s":0.0,"summary":true}
    CPU: CPUSRV=6.32s CPUCLI=6.45s (srv=decoder cli=sender; whole-invocation incl warmup)
    [TRUTH] leg=0 dev=cli0 egress_dgrams=113424 egress_skbs=27292 gso=4.16 netem_sent_dgrams=110529 netem_dropped_skbs=667 backlog=0 lost=2895 loss=0.025524 rcvbuf_drops=0 rcvbuf_scope=netns
RUNTIME c2-100-OLDa s42 rep=2 attempt=1 12s rc=0
V4ROW {"arm": "OLDa", "bin": "old", "bin_sha": "f3743664cb48ad81deef239d44710f4b12bf08f2db65c6d90fc5a947ed500035", "busy_last": 24.0, "busy_med": 24.0, "cad_cli": false, "cad_srv": false, "cadoff_cli": false, "cadoff_srv": false, "cell": "c2-100", "cod": 19609, "coded_share": 0.18987905607576183, "cotenant": 0, "cpu_cli": 6.45, "cpu_srv": 6.32, "cpu_us_per_dgram": 56.866271688531526, "diag_lines": 43, "dnf": false, "egress_dgrams": 113424, "emb_echo_cli": false, "emb_echo_srv": false, "emb_gate_cli": 0, "emb_gate_srv": 0, "feed_ratio_p0": 1.0068954709293214, "gates_cli": true, "gates_srv": true, "gen_guard": false, "header": ["window", "auto"], "mbps": 72.568, "pa_cli": 0, "pa_srv": 0, "pipe_cli": ["window", "Rlc", "auto"], "pipe_srv": ["window", "Rlc", "auto"], "plc_p0": 0.0257, "plu_last_p0": 0.0354, "plu_med_p0": 0.0355, "problems": [], "rc": 0, "rep": 2, "seconds": 11.024172, "seed": "42", "src": 83662, "status": "LIVE", "summary": true, "truth_egress_p0": 113424, "truth_gso_p0": 4.16, "truth_loss_p0": 0.025524, "truth_lost_p0": 2895, "truth_rcvbuf_drops": 0, "util": 0.5850779541538358, "wall_s": 12.0, "winline_cli": true, "winline_srv": true}
=== rep=2 seed=42 cell=c2-100 arm=EMB attempt=1 pipeline=window hint=bulk spec=c2/c2/single bytes=100000000 bin=/home/vibe/v4/bin/new/raptorpath sha=aa88d648def0b125 15:47:57
COTENANT c2-100-EMB s42 rep=2 before=0 after=0 load=2.35 1.83 1.87
--- RWM-C perf pipeline=window mode=single hint=bulk A=c2 B=c2 ooo=0 extra='' T=default (100000000 x 1) start=17:47:58
{"bytes":100000000,"dnf":0,"hint":"bulk","max_s":9.1463,"mean_mbps":87.467,"mean_s":9.1463,"median_s":9.1463,"min_s":9.1463,"proto":"rp-native","runs":1,"stdev_s":0.0,"summary":true}
    CPU: CPUSRV=4.62s CPUCLI=3.14s (srv=decoder cli=sender; whole-invocation incl warmup)
    [TRUTH] leg=0 dev=cli0 egress_dgrams=94193 egress_skbs=19644 gso=4.80 netem_sent_dgrams=91764 netem_dropped_skbs=509 backlog=0 lost=2429 loss=0.025787 rcvbuf_drops=0 rcvbuf_scope=netns
RUNTIME c2-100-EMB s42 rep=2 attempt=1 11s rc=0
V4ROW {"arm": "EMB", "bin": "new", "bin_sha": "aa88d648def0b1253985b9d9ad6955d2190277bebc09026aaa2b79ce64ebd262", "busy_last": 10.0, "busy_med": 11.0, "cad_cli": true, "cad_srv": true, "cadoff_cli": false, "cadoff_srv": false, "cell": "c2-100", "cod": 421, "coded_share": 0.004964856832869475, "cotenant": 0, "cpu_cli": 3.14, "cpu_srv": 4.62, "cpu_us_per_dgram": 33.33581051670506, "diag_lines": 36, "dnf": false, "egress_dgrams": 94193, "emb_echo_cli": true, "emb_echo_srv": true, "emb_gate_cli": 1, "emb_gate_srv": 1, "feed_ratio_p0": 1.0082599759568773, "gates_cli": true, "gates_srv": true, "gen_guard": false, "header": ["window", "bulk"], "mbps": 87.467, "pa_cli": 0, "pa_srv": 0, "pipe_cli": ["window", "Rlc", "bulk"], "pipe_srv": ["window", "Rlc", "bulk"], "plc_p0": 0.026, "plu_last_p0": 0.0048, "plu_med_p0": 0.014950000000000001, "problems": [], "rc": 0, "rep": 2, "seconds": 9.146322, "seed": "42", "src": 84375, "status": "LIVE", "summary": true, "truth_egress_p0": 94193, "truth_gso_p0": 4.8, "truth_loss_p0": 0.025787, "truth_lost_p0": 2429, "truth_rcvbuf_drops": 0, "util": 0.34330739722480796, "wall_s": 11.0, "winline_cli": true, "winline_srv": true}
=== rep=2 seed=42 cell=c2-100 arm=NEW attempt=1 pipeline=window hint=bulk spec=c2/c2/single bytes=100000000 bin=/home/vibe/v4/bin/new/raptorpath sha=aa88d648def0b125 15:48:08
COTENANT c2-100-NEW s42 rep=2 before=0 after=0 load=2.22 1.82 1.87
--- RWM-C perf pipeline=window mode=single hint=bulk A=c2 B=c2 ooo=0 extra='' T=default (100000000 x 1) start=17:48:09
{"bytes":100000000,"dnf":0,"hint":"bulk","max_s":9.0073,"mean_mbps":88.817,"mean_s":9.0073,"median_s":9.0073,"min_s":9.0073,"proto":"rp-native","runs":1,"stdev_s":0.0,"summary":true}
    CPU: CPUSRV=4.75s CPUCLI=3.55s (srv=decoder cli=sender; whole-invocation incl warmup)
    [TRUTH] leg=0 dev=cli0 egress_dgrams=94428 egress_skbs=21735 gso=4.34 netem_sent_dgrams=92070 netem_dropped_skbs=555 backlog=0 lost=2358 loss=0.024971 rcvbuf_drops=0 rcvbuf_scope=netns
RUNTIME c2-100-NEW s42 rep=2 attempt=1 11s rc=0
V4ROW {"arm": "NEW", "bin": "new", "bin_sha": "aa88d648def0b1253985b9d9ad6955d2190277bebc09026aaa2b79ce64ebd262", "busy_last": 11.0, "busy_med": 14.0, "cad_cli": true, "cad_srv": true, "cadoff_cli": false, "cadoff_srv": false, "cell": "c2-100", "cod": 416, "coded_share": 0.004955389581769884, "cotenant": 0, "cpu_cli": 3.55, "cpu_srv": 4.75, "cpu_us_per_dgram": 37.59478120896344, "diag_lines": 35, "dnf": false, "egress_dgrams": 94428, "emb_echo_cli": false, "emb_echo_srv": false, "emb_gate_cli": 0, "emb_gate_srv": 0, "feed_ratio_p0": 1.0091706379400105, "gates_cli": true, "gates_srv": true, "gen_guard": false, "header": ["window", "bulk"], "mbps": 88.817, "pa_cli": 0, "pa_srv": 0, "pipe_cli": ["window", "Rlc", "bulk"], "pipe_srv": ["window", "Rlc", "bulk"], "plc_p0": 0.0252, "plu_last_p0": 0.0026, "plu_med_p0": 0.0191, "problems": [], "rc": 0, "rep": 2, "seconds": 9.007295, "seed": "42", "src": 83533, "status": "LIVE", "summary": true, "truth_egress_p0": 94428, "truth_gso_p0": 4.34, "truth_loss_p0": 0.024971, "truth_lost_p0": 2358, "truth_rcvbuf_drops": 0, "util": 0.39412498424887826, "wall_s": 11.0, "winline_cli": true, "winline_srv": true}
=== rep=2 seed=42 cell=c2-100 arm=OLD attempt=1 pipeline=window hint=bulk spec=c2/c2/single bytes=100000000 bin=/home/vibe/v4/bin/old/raptorpath sha=f3743664cb48ad81 15:48:19
COTENANT c2-100-OLD s42 rep=2 before=0 after=0 load=2.04 1.79 1.86
--- RWM-C perf pipeline=window mode=single hint=bulk A=c2 B=c2 ooo=0 extra='' T=default (100000000 x 1) start=17:48:21
{"bytes":100000000,"dnf":0,"hint":"bulk","max_s":9.1661,"mean_mbps":87.278,"mean_s":9.1661,"median_s":9.1661,"min_s":9.1661,"proto":"rp-native","runs":1,"stdev_s":0.0,"summary":true}
    CPU: CPUSRV=4.53s CPUCLI=4.68s (srv=decoder cli=sender; whole-invocation incl warmup)
    [TRUTH] leg=0 dev=cli0 egress_dgrams=89437 egress_skbs=14979 gso=5.97 netem_sent_dgrams=87158 netem_dropped_skbs=387 backlog=0 lost=2279 loss=0.025482 rcvbuf_drops=0 rcvbuf_scope=netns
RUNTIME c2-100-OLD s42 rep=2 attempt=1 11s rc=0
V4ROW {"arm": "OLD", "bin": "old", "bin_sha": "f3743664cb48ad81deef239d44710f4b12bf08f2db65c6d90fc5a947ed500035", "busy_last": 19.0, "busy_med": 17.0, "cad_cli": false, "cad_srv": false, "cadoff_cli": false, "cadoff_srv": false, "cell": "c2-100", "cod": 388, "coded_share": 0.004644092546710235, "cotenant": 0, "cpu_cli": 4.68, "cpu_srv": 4.53, "cpu_us_per_dgram": 52.32733656093116, "diag_lines": 36, "dnf": false, "egress_dgrams": 89437, "emb_echo_cli": false, "emb_echo_srv": false, "emb_gate_cli": 0, "emb_gate_srv": 0, "feed_ratio_p0": 0.9967820422258848, "gates_cli": true, "gates_srv": true, "gen_guard": false, "header": ["window", "bulk"], "mbps": 87.278, "pa_cli": 0, "pa_srv": 0, "pipe_cli": ["window", "Rlc", "bulk"], "pipe_srv": ["window", "Rlc", "bulk"], "plc_p0": 0.0254, "plu_last_p0": 0.0354, "plu_med_p0": 0.0354, "problems": [], "rc": 0, "rep": 2, "seconds": 9.166117, "seed": "42", "src": 83159, "status": "LIVE", "summary": true, "truth_egress_p0": 89437, "truth_gso_p0": 5.97, "truth_loss_p0": 0.025482, "truth_lost_p0": 2279, "truth_rcvbuf_drops": 0, "util": 0.5105760705432846, "wall_s": 11.0, "winline_cli": true, "winline_srv": true}
=== rep=2 seed=42 cell=c3-25 arm=NEWa attempt=1 pipeline=window hint=auto spec=c3/c3/single bytes=25000000 bin=/home/vibe/v4/bin/new/raptorpath sha=aa88d648def0b125 15:48:30
COTENANT c3-25-NEWa s42 rep=2 before=0 after=0 load=1.73 1.73 1.84
--- RWM-C perf pipeline=window mode=single hint=auto A=c3 B=c3 ooo=0 extra='' T=default (25000000 x 1) start=17:48:32
{"bytes":25000000,"dnf":0,"hint":"auto","max_s":12.863,"mean_mbps":15.548,"mean_s":12.863,"median_s":12.863,"min_s":12.863,"proto":"rp-native","runs":1,"stdev_s":0.0,"summary":true}
    CPU: CPUSRV=1.77s CPUCLI=1.90s (srv=decoder cli=sender; whole-invocation incl warmup)
    [TRUTH] leg=0 dev=cli0 egress_dgrams=28849 egress_skbs=8934 gso=3.23 netem_sent_dgrams=27258 netem_dropped_skbs=452 backlog=0 lost=1591 loss=0.055149 rcvbuf_drops=0 rcvbuf_scope=netns
RUNTIME c3-25-NEWa s42 rep=2 attempt=1 16s rc=0
V4ROW {"arm": "NEWa", "bin": "new", "bin_sha": "aa88d648def0b1253985b9d9ad6955d2190277bebc09026aaa2b79ce64ebd262", "busy_last": 3.0, "busy_med": 5.0, "cad_cli": true, "cad_srv": true, "cadoff_cli": false, "cadoff_srv": false, "cell": "c3-25", "cod": 524, "coded_share": 0.0241742018822661, "cotenant": 0, "cpu_cli": 1.9, "cpu_srv": 1.77, "cpu_us_per_dgram": 65.86016846337829, "diag_lines": 51, "dnf": false, "egress_dgrams": 28849, "emb_echo_cli": false, "emb_echo_srv": false, "emb_gate_cli": 0, "emb_gate_srv": 0, "feed_ratio_p0": 0.9936716894231991, "gates_cli": true, "gates_srv": true, "gen_guard": false, "header": ["window", "auto"], "mbps": 15.548, "pa_cli": 0, "pa_srv": 0, "pipe_cli": ["window", "Rlc", "auto"], "pipe_srv": ["window", "Rlc", "auto"], "plc_p0": 0.0548, "plu_last_p0": 0.0702, "plu_med_p0": 0.0343, "problems": [], "rc": 0, "rep": 2, "seconds": 12.863037, "seed": "42", "src": 21152, "status": "LIVE", "summary": true, "truth_egress_p0": 28849, "truth_gso_p0": 3.23, "truth_loss_p0": 0.055149, "truth_lost_p0": 1591, "truth_rcvbuf_drops": 0, "util": 0.14771006256143085, "wall_s": 16.0, "winline_cli": true, "winline_srv": true}
=== rep=2 seed=42 cell=c3-25 arm=OLDa attempt=1 pipeline=window hint=auto spec=c3/c3/single bytes=25000000 bin=/home/vibe/v4/bin/old/raptorpath sha=f3743664cb48ad81 15:48:46
COTENANT c3-25-OLDa s42 rep=2 before=0 after=0 load=1.37 1.65 1.81
--- RWM-C perf pipeline=window mode=single hint=auto A=c3 B=c3 ooo=0 extra='' T=default (25000000 x 1) start=17:48:47
{"bytes":25000000,"dnf":0,"hint":"auto","max_s":13.4206,"mean_mbps":14.902,"mean_s":13.4206,"median_s":13.4206,"min_s":13.4206,"proto":"rp-native","runs":1,"stdev_s":0.0,"summary":true}
    CPU: CPUSRV=1.84s CPUCLI=2.54s (srv=decoder cli=sender; whole-invocation incl warmup)
    [TRUTH] leg=0 dev=cli0 egress_dgrams=29951 egress_skbs=9282 gso=3.23 netem_sent_dgrams=28431 netem_dropped_skbs=466 backlog=0 lost=1520 loss=0.050750 rcvbuf_drops=0 rcvbuf_scope=netns
RUNTIME c3-25-OLDa s42 rep=2 attempt=1 15s rc=0
V4ROW {"arm": "OLDa", "bin": "old", "bin_sha": "f3743664cb48ad81deef239d44710f4b12bf08f2db65c6d90fc5a947ed500035", "busy_last": 6.0, "busy_med": 7.0, "cad_cli": false, "cad_srv": false, "cadoff_cli": false, "cadoff_srv": false, "cell": "c3-25", "cod": 535, "coded_share": 0.024669156637617005, "cotenant": 0, "cpu_cli": 2.54, "cpu_srv": 1.84, "cpu_us_per_dgram": 84.80518179693499, "diag_lines": 54, "dnf": false, "egress_dgrams": 29951, "emb_echo_cli": false, "emb_echo_srv": false, "emb_gate_cli": 0, "emb_gate_srv": 0, "feed_ratio_p0": 1.006896551724138, "gates_cli": true, "gates_srv": true, "gen_guard": false, "header": ["window", "auto"], "mbps": 14.902, "pa_cli": 0, "pa_srv": 0, "pipe_cli": ["window", "Rlc", "auto"], "pipe_srv": ["window", "Rlc", "auto"], "plc_p0": 0.0511, "plu_last_p0": 0.0517, "plu_med_p0": 0.0463, "problems": [], "rc": 0, "rep": 2, "seconds": 13.420588, "seed": "42", "src": 21152, "status": "LIVE", "summary": true, "truth_egress_p0": 29951, "truth_gso_p0": 3.23, "truth_loss_p0": 0.05075, "truth_lost_p0": 1520, "truth_rcvbuf_drops": 0, "util": 0.1892614541181057, "wall_s": 15.0, "winline_cli": true, "winline_srv": true}
=== rep=2 seed=42 cell=c3-25 arm=EMB attempt=1 pipeline=window hint=bulk spec=c3/c3/single bytes=25000000 bin=/home/vibe/v4/bin/new/raptorpath sha=aa88d648def0b125 15:49:02
COTENANT c3-25-EMB s42 rep=2 before=0 after=0 load=1.16 1.60 1.79
--- RWM-C perf pipeline=window mode=single hint=bulk A=c3 B=c3 ooo=0 extra='' T=default (25000000 x 1) start=17:49:03
{"bytes":25000000,"dnf":0,"hint":"bulk","max_s":11.5086,"mean_mbps":17.378,"mean_s":11.5086,"median_s":11.5086,"min_s":11.5086,"proto":"rp-native","runs":1,"stdev_s":0.0,"summary":true}
    CPU: CPUSRV=1.56s CPUCLI=1.63s (srv=decoder cli=sender; whole-invocation incl warmup)
    [TRUTH] leg=0 dev=cli0 egress_dgrams=26334 egress_skbs=7828 gso=3.36 netem_sent_dgrams=24982 netem_dropped_skbs=389 backlog=0 lost=1352 loss=0.051340 rcvbuf_drops=0 rcvbuf_scope=netns
RUNTIME c3-25-EMB s42 rep=2 attempt=1 13s rc=0
V4ROW {"arm": "EMB", "bin": "new", "bin_sha": "aa88d648def0b1253985b9d9ad6955d2190277bebc09026aaa2b79ce64ebd262", "busy_last": 3.0, "busy_med": 5.0, "cad_cli": true, "cad_srv": true, "cadoff_cli": false, "cadoff_srv": false, "cell": "c3-25", "cod": 246, "coded_share": 0.011496401532853537, "cotenant": 0, "cpu_cli": 1.63, "cpu_srv": 1.56, "cpu_us_per_dgram": 61.897167160325054, "diag_lines": 46, "dnf": false, "egress_dgrams": 26334, "emb_echo_cli": true, "emb_echo_srv": true, "emb_gate_cli": 1, "emb_gate_srv": 1, "feed_ratio_p0": 1.0186988702765876, "gates_cli": true, "gates_srv": true, "gen_guard": false, "header": ["window", "bulk"], "mbps": 17.378, "pa_cli": 0, "pa_srv": 0, "pipe_cli": ["window", "Rlc", "bulk"], "pipe_srv": ["window", "Rlc", "bulk"], "plc_p0": 0.0523, "plu_last_p0": 0.097, "plu_med_p0": 0.02135, "problems": [], "rc": 0, "rep": 2, "seconds": 11.508641, "seed": "42", "src": 21152, "status": "LIVE", "summary": true, "truth_egress_p0": 26334, "truth_gso_p0": 3.36, "truth_loss_p0": 0.05134, "truth_lost_p0": 1352, "truth_rcvbuf_drops": 0, "util": 0.14163270884894227, "wall_s": 13.0, "winline_cli": true, "winline_srv": true}
=== rep=2 seed=42 cell=c3-25 arm=NEW attempt=1 pipeline=window hint=bulk spec=c3/c3/single bytes=25000000 bin=/home/vibe/v4/bin/new/raptorpath sha=aa88d648def0b125 15:49:15
COTENANT c3-25-NEW s42 rep=2 before=0 after=0 load=1.05 1.55 1.77
--- RWM-C perf pipeline=window mode=single hint=bulk A=c3 B=c3 ooo=0 extra='' T=default (25000000 x 1) start=17:49:17
{"bytes":25000000,"dnf":0,"hint":"bulk","max_s":11.4359,"mean_mbps":17.489,"mean_s":11.4359,"median_s":11.4359,"min_s":11.4359,"proto":"rp-native","runs":1,"stdev_s":0.0,"summary":true}
    CPU: CPUSRV=1.71s CPUCLI=1.83s (srv=decoder cli=sender; whole-invocation incl warmup)
    [TRUTH] leg=0 dev=cli0 egress_dgrams=26166 egress_skbs=8024 gso=3.26 netem_sent_dgrams=24951 netem_dropped_skbs=402 backlog=0 lost=1215 loss=0.046434 rcvbuf_drops=0 rcvbuf_scope=netns
RUNTIME c3-25-NEW s42 rep=2 attempt=1 13s rc=0
V4ROW {"arm": "NEW", "bin": "new", "bin_sha": "aa88d648def0b1253985b9d9ad6955d2190277bebc09026aaa2b79ce64ebd262", "busy_last": 4.0, "busy_med": 6.0, "cad_cli": true, "cad_srv": true, "cadoff_cli": false, "cadoff_srv": false, "cell": "c3-25", "cod": 213, "coded_share": 0.009969576410016383, "cotenant": 0, "cpu_cli": 1.83, "cpu_srv": 1.71, "cpu_us_per_dgram": 69.9380875945884, "diag_lines": 45, "dnf": false, "egress_dgrams": 26166, "emb_echo_cli": false, "emb_echo_srv": false, "emb_gate_cli": 0, "emb_gate_srv": 0, "feed_ratio_p0": 0.9798854287806348, "gates_cli": true, "gates_srv": true, "gen_guard": false, "header": ["window", "bulk"], "mbps": 17.489, "pa_cli": 0, "pa_srv": 0, "pipe_cli": ["window", "Rlc", "bulk"], "pipe_srv": ["window", "Rlc", "bulk"], "plc_p0": 0.0455, "plu_last_p0": 0.0106, "plu_med_p0": 0.0344, "problems": [], "rc": 0, "rep": 2, "seconds": 11.435949, "seed": "42", "src": 21152, "status": "LIVE", "summary": true, "truth_egress_p0": 26166, "truth_gso_p0": 3.26, "truth_loss_p0": 0.046434, "truth_lost_p0": 1215, "truth_rcvbuf_drops": 0, "util": 0.16002169999184152, "wall_s": 13.0, "winline_cli": true, "winline_srv": true}
=== rep=2 seed=42 cell=c3-25 arm=OLD attempt=1 pipeline=window hint=bulk spec=c3/c3/single bytes=25000000 bin=/home/vibe/v4/bin/old/raptorpath sha=f3743664cb48ad81 15:49:29
COTENANT c3-25-OLD s42 rep=2 before=0 after=0 load=0.90 1.49 1.74
--- RWM-C perf pipeline=window mode=single hint=bulk A=c3 B=c3 ooo=0 extra='' T=default (25000000 x 1) start=17:49:31
{"bytes":25000000,"dnf":0,"hint":"bulk","max_s":11.528,"mean_mbps":17.349,"mean_s":11.528,"median_s":11.528,"min_s":11.528,"proto":"rp-native","runs":1,"stdev_s":0.0,"summary":true}
    CPU: CPUSRV=1.57s CPUCLI=2.18s (srv=decoder cli=sender; whole-invocation incl warmup)
    [TRUTH] leg=0 dev=cli0 egress_dgrams=26630 egress_skbs=7851 gso=3.39 netem_sent_dgrams=25346 netem_dropped_skbs=389 backlog=0 lost=1284 loss=0.048216 rcvbuf_drops=0 rcvbuf_scope=netns
RUNTIME c3-25-OLD s42 rep=2 attempt=1 14s rc=0
V4ROW {"arm": "OLD", "bin": "old", "bin_sha": "f3743664cb48ad81deef239d44710f4b12bf08f2db65c6d90fc5a947ed500035", "busy_last": 6.0, "busy_med": 7.0, "cad_cli": false, "cad_srv": false, "cadoff_cli": false, "cadoff_srv": false, "cell": "c3-25", "cod": 224, "coded_share": 0.010479041916167664, "cotenant": 0, "cpu_cli": 2.18, "cpu_srv": 1.57, "cpu_us_per_dgram": 81.86256102140443, "diag_lines": 46, "dnf": false, "egress_dgrams": 26630, "emb_echo_cli": false, "emb_echo_srv": false, "emb_gate_cli": 0, "emb_gate_srv": 0, "feed_ratio_p0": 0.9830761572921851, "gates_cli": true, "gates_srv": true, "gen_guard": false, "header": ["window", "bulk"], "mbps": 17.349, "pa_cli": 0, "pa_srv": 0, "pipe_cli": ["window", "Rlc", "bulk"], "pipe_srv": ["window", "Rlc", "bulk"], "plc_p0": 0.0474, "plu_last_p0": 0.0354, "plu_med_p0": 0.04455, "problems": [], "rc": 0, "rep": 2, "seconds": 11.527995, "seed": "42", "src": 21152, "status": "LIVE", "summary": true, "truth_egress_p0": 26630, "truth_gso_p0": 3.39, "truth_loss_p0": 0.048216, "truth_lost_p0": 1284, "truth_rcvbuf_drops": 0, "util": 0.18910487036123802, "wall_s": 14.0, "winline_cli": true, "winline_srv": true}
=== rep=2 seed=42 cell=c7-100 arm=NEW attempt=1 pipeline=window hint=bulk spec=c2/c2/dual bytes=100000000 bin=/home/vibe/v4/bin/new/raptorpath sha=aa88d648def0b125 15:49:43
COTENANT c7-100-NEW s42 rep=2 before=0 after=0 load=1.23 1.55 1.76
--- RWM-C perf pipeline=window mode=dual hint=bulk A=c2 B=c2 ooo=0 extra='' T=default (100000000 x 1) start=17:49:45
{"bytes":100000000,"dnf":0,"hint":"bulk","max_s":4.5985,"mean_mbps":173.969,"mean_s":4.5985,"median_s":4.5985,"min_s":4.5985,"proto":"rp-native","runs":1,"stdev_s":0.0,"summary":true}
    CPU: CPUSRV=6.08s CPUCLI=5.42s (srv=decoder cli=sender; whole-invocation incl warmup)
    [TRUTH] leg=0 dev=cli0 egress_dgrams=47796 egress_skbs=17143 gso=2.79 netem_sent_dgrams=46477 netem_dropped_skbs=461 backlog=0 lost=1319 loss=0.027596 rcvbuf_drops=0 rcvbuf_scope=netns
    [TRUTH] leg=1 dev=cli1 egress_dgrams=46521 egress_skbs=15746 gso=2.95 netem_sent_dgrams=45380 netem_dropped_skbs=379 backlog=0 lost=1141 loss=0.024527 rcvbuf_drops=0 rcvbuf_scope=netns
RUNTIME c7-100-NEW s42 rep=2 attempt=1 7s rc=0
V4ROW {"arm": "NEW", "bin": "new", "bin_sha": "aa88d648def0b1253985b9d9ad6955d2190277bebc09026aaa2b79ce64ebd262", "busy_last": 50.0, "busy_med": 62.5, "cad_cli": true, "cad_srv": true, "cadoff_cli": false, "cadoff_srv": false, "cell": "c7-100", "cod": 592, "coded_share": 0.006948683036762289, "cotenant": 0, "cpu_cli": 5.42, "cpu_srv": 6.08, "cpu_us_per_dgram": 57.46578029411453, "diag_lines": 18, "dnf": false, "egress_dgrams": 94317, "emb_echo_cli": false, "emb_echo_srv": false, "emb_gate_cli": 0, "emb_gate_srv": 0, "feed_ratio_p0": 1.007392375706624, "feed_ratio_p1": 0.9988991723406858, "gates_cli": true, "gates_srv": true, "gen_guard": false, "header": ["window", "bulk"], "mbps": 173.969, "pa_cli": 0, "pa_srv": 0, "pipe_cli": ["window", "Rlc", "bulk"], "pipe_srv": ["window", "Rlc", "bulk"], "plc_p0": 0.0278, "plc_p1": 0.0245, "plu_last_p0": 0.0285, "plu_last_p1": 0.014, "plu_med_p0": 0.027, "plu_med_p1": 0.0166, "problems": [], "rc": 0, "rep": 2, "seconds": 4.598515, "seed": "42", "src": 84604, "status": "LIVE", "summary": true, "truth_egress_p0": 47796, "truth_egress_p1": 46521, "truth_gso_p0": 2.79, "truth_gso_p1": 2.95, "truth_loss_p0": 0.027596, "truth_loss_p1": 0.024527, "truth_lost_p0": 1319, "truth_lost_p1": 1141, "truth_rcvbuf_drops": 0, "util": 1.178641365745246, "wall_s": 7.0, "winline_cli": true, "winline_srv": true}
=== rep=2 seed=42 cell=c7-100 arm=OLD attempt=1 pipeline=window hint=bulk spec=c2/c2/dual bytes=100000000 bin=/home/vibe/v4/bin/old/raptorpath sha=f3743664cb48ad81 15:49:50
COTENANT c7-100-OLD s42 rep=2 before=0 after=0 load=1.28 1.55 1.76
--- RWM-C perf pipeline=window mode=dual hint=bulk A=c2 B=c2 ooo=0 extra='' T=default (100000000 x 1) start=17:49:51
{"bytes":100000000,"dnf":0,"hint":"bulk","max_s":4.5502,"mean_mbps":175.815,"mean_s":4.5502,"median_s":4.5502,"min_s":4.5502,"proto":"rp-native","runs":1,"stdev_s":0.0,"summary":true}
    CPU: CPUSRV=5.58s CPUCLI=6.81s (srv=decoder cli=sender; whole-invocation incl warmup)
    [TRUTH] leg=0 dev=cli0 egress_dgrams=45680 egress_skbs=13412 gso=3.41 netem_sent_dgrams=44576 netem_dropped_skbs=337 backlog=0 lost=1104 loss=0.024168 rcvbuf_drops=0 rcvbuf_scope=netns
    [TRUTH] leg=1 dev=cli1 egress_dgrams=44926 egress_skbs=12563 gso=3.58 netem_sent_dgrams=43783 netem_dropped_skbs=307 backlog=0 lost=1143 loss=0.025442 rcvbuf_drops=0 rcvbuf_scope=netns
RUNTIME c7-100-OLD s42 rep=2 attempt=1 6s rc=0
V4ROW {"arm": "OLD", "bin": "old", "bin_sha": "f3743664cb48ad81deef239d44710f4b12bf08f2db65c6d90fc5a947ed500035", "busy_last": 83.0, "busy_med": 83.0, "cad_cli": false, "cad_srv": false, "cadoff_cli": false, "cadoff_srv": false, "cell": "c7-100", "cod": 404, "coded_share": 0.004752493882928666, "cotenant": 0, "cpu_cli": 6.81, "cpu_srv": 5.58, "cpu_us_per_dgram": 75.16058539169592, "diag_lines": 18, "dnf": false, "egress_dgrams": 90606, "emb_echo_cli": false, "emb_echo_srv": false, "emb_gate_cli": 0, "emb_gate_srv": 0, "feed_ratio_p0": 0.9971863621317445, "feed_ratio_p1": 1.006210203600346, "gates_cli": true, "gates_srv": true, "gen_guard": false, "header": ["window", "bulk"], "mbps": 175.815, "pa_cli": 0, "pa_srv": 0, "pipe_cli": ["window", "Rlc", "bulk"], "pipe_srv": ["window", "Rlc", "bulk"], "plc_p0": 0.0241, "plc_p1": 0.0256, "plu_last_p0": 0.0354, "plu_last_p1": 0.0354, "plu_med_p0": 0.039900000000000005, "plu_med_p1": 0.035449999999999995, "problems": [], "rc": 0, "rep": 2, "seconds": 4.550236, "seed": "42", "src": 84604, "status": "LIVE", "summary": true, "truth_egress_p0": 45680, "truth_egress_p1": 44926, "truth_gso_p0": 3.41, "truth_gso_p1": 3.58, "truth_loss_p0": 0.024168, "truth_loss_p1": 0.025442, "truth_lost_p0": 1104, "truth_lost_p1": 1143, "truth_rcvbuf_drops": 0, "util": 1.4966256695257125, "wall_s": 6.0, "winline_cli": true, "winline_srv": true}
=== rep=2 seed=42 cell=c8-100 arm=NEW attempt=1 pipeline=window hint=bulk spec=c2/c3/dual bytes=100000000 bin=/home/vibe/v4/bin/new/raptorpath sha=aa88d648def0b125 15:49:57
COTENANT c8-100-NEW s42 rep=2 before=0 after=0 load=1.15 1.51 1.74
--- RWM-C perf pipeline=window mode=dual hint=bulk A=c2 B=c3 ooo=0 extra='' T=default (100000000 x 1) start=17:49:58
{"bytes":100000000,"dnf":0,"hint":"bulk","max_s":8.1016,"mean_mbps":98.746,"mean_s":8.1016,"median_s":8.1016,"min_s":8.1016,"proto":"rp-native","runs":1,"stdev_s":0.0,"summary":true}
    CPU: CPUSRV=6.18s CPUCLI=6.18s (srv=decoder cli=sender; whole-invocation incl warmup)
    [TRUTH] leg=0 dev=cli0 egress_dgrams=79379 egress_skbs=20204 gso=3.93 netem_sent_dgrams=77181 netem_dropped_skbs=532 backlog=0 lost=2198 loss=0.027690 rcvbuf_drops=0 rcvbuf_scope=netns
    [TRUTH] leg=1 dev=cli1 egress_dgrams=18460 egress_skbs=11601 gso=1.59 netem_sent_dgrams=17661 netem_dropped_skbs=507 backlog=0 lost=799 loss=0.043283 rcvbuf_drops=0 rcvbuf_scope=netns
RUNTIME c8-100-NEW s42 rep=2 attempt=1 10s rc=0
V4ROW {"arm": "NEW", "bin": "new", "bin_sha": "aa88d648def0b1253985b9d9ad6955d2190277bebc09026aaa2b79ce64ebd262", "busy_last": 1.0, "busy_med": 44.5, "cad_cli": true, "cad_srv": true, "cadoff_cli": false, "cadoff_srv": false, "cell": "c8-100", "cod": 559, "coded_share": 0.006563883376583727, "cotenant": 0, "cpu_cli": 6.18, "cpu_srv": 6.18, "cpu_us_per_dgram": 63.164995553920214, "diag_lines": 32, "dnf": false, "egress_dgrams": 97839, "emb_echo_cli": false, "emb_echo_srv": false, "emb_gate_cli": 0, "emb_gate_srv": 0, "feed_ratio_p0": 1.0111953773925606, "feed_ratio_p1": 0.9957720121063697, "gates_cli": true, "gates_srv": true, "gen_guard": false, "header": ["window", "bulk"], "mbps": 98.746, "pa_cli": 0, "pa_srv": 0, "pipe_cli": ["window", "Rlc", "bulk"], "pipe_srv": ["window", "Rlc", "bulk"], "plc_p0": 0.028, "plc_p1": 0.0431, "plu_last_p0": 0.0781, "plu_last_p1": 0.0152, "plu_med_p0": 0.0173, "plu_med_p1": 0.03705, "problems": [], "rc": 0, "rep": 2, "seconds": 8.101601, "seed": "42", "src": 84604, "status": "LIVE", "summary": true, "truth_egress_p0": 79379, "truth_egress_p1": 18460, "truth_gso_p0": 3.93, "truth_gso_p1": 1.59, "truth_loss_p0": 0.02769, "truth_loss_p1": 0.043283, "truth_lost_p0": 2198, "truth_lost_p1": 799, "truth_rcvbuf_drops": 0, "util": 0.7628121898375394, "wall_s": 10.0, "winline_cli": true, "winline_srv": true}
=== rep=2 seed=42 cell=c8-100 arm=OLD attempt=1 pipeline=window hint=bulk spec=c2/c3/dual bytes=100000000 bin=/home/vibe/v4/bin/old/raptorpath sha=f3743664cb48ad81 15:50:07
COTENANT c8-100-OLD s42 rep=2 before=0 after=0 load=1.37 1.55 1.75
--- RWM-C perf pipeline=window mode=dual hint=bulk A=c2 B=c3 ooo=0 extra='' T=default (100000000 x 1) start=17:50:09
{"bytes":100000000,"dnf":0,"hint":"bulk","max_s":7.7847,"mean_mbps":102.766,"mean_s":7.7847,"median_s":7.7847,"min_s":7.7847,"proto":"rp-native","runs":1,"stdev_s":0.0,"summary":true}
    CPU: CPUSRV=6.43s CPUCLI=8.56s (srv=decoder cli=sender; whole-invocation incl warmup)
    [TRUTH] leg=0 dev=cli0 egress_dgrams=77491 egress_skbs=19339 gso=4.01 netem_sent_dgrams=75397 netem_dropped_skbs=503 backlog=0 lost=2094 loss=0.027022 rcvbuf_drops=0 rcvbuf_scope=netns
    [TRUTH] leg=1 dev=cli1 egress_dgrams=18213 egress_skbs=11698 gso=1.56 netem_sent_dgrams=17385 netem_dropped_skbs=511 backlog=0 lost=828 loss=0.045462 rcvbuf_drops=0 rcvbuf_scope=netns
RUNTIME c8-100-OLD s42 rep=2 attempt=1 10s rc=0
V4ROW {"arm": "OLD", "bin": "old", "bin_sha": "f3743664cb48ad81deef239d44710f4b12bf08f2db65c6d90fc5a947ed500035", "busy_last": 55.0, "busy_med": 64.0, "cad_cli": false, "cad_srv": false, "cadoff_cli": false, "cadoff_srv": false, "cell": "c8-100", "cod": 533, "coded_share": 0.006260497785921515, "cotenant": 0, "cpu_cli": 8.56, "cpu_srv": 6.43, "cpu_us_per_dgram": 89.44244754660203, "diag_lines": 31, "dnf": false, "egress_dgrams": 95704, "emb_echo_cli": false, "emb_echo_srv": false, "emb_gate_cli": 0, "emb_gate_srv": 0, "feed_ratio_p0": 0.9991858485678335, "feed_ratio_p1": 1.0294311732875807, "gates_cli": true, "gates_srv": true, "gen_guard": false, "header": ["window", "bulk"], "mbps": 102.766, "pa_cli": 0, "pa_srv": 0, "pipe_cli": ["window", "Rlc", "bulk"], "pipe_srv": ["window", "Rlc", "bulk"], "plc_p0": 0.027, "plc_p1": 0.0468, "plu_last_p0": 0.0354, "plu_last_p1": 0.0367, "plu_med_p0": 0.0354, "plu_med_p1": 0.0751, "problems": [], "rc": 0, "rep": 2, "seconds": 7.784655, "seed": "42", "src": 84604, "status": "LIVE", "summary": true, "truth_egress_p0": 77491, "truth_egress_p1": 18213, "truth_gso_p0": 4.01, "truth_gso_p1": 1.56, "truth_loss_p0": 0.027022, "truth_loss_p1": 0.045462, "truth_lost_p0": 2094, "truth_lost_p1": 828, "truth_rcvbuf_drops": 0, "util": 1.0995991472968296, "wall_s": 10.0, "winline_cli": true, "winline_srv": true}
BLOCK-COMPLETE rep=2 seed=42 block=2 2026-10-04T15:50:17Z
=== rep=2 seed=7 cell=c1s-400 arm=NEW attempt=1 pipeline=window hint=bulk spec=c1/c1/single bytes=400000000 bin=/home/vibe/v4/bin/new/raptorpath sha=aa88d648def0b125 15:50:17
COTENANT c1s-400-NEW s7 rep=2 before=0 after=0 load=1.45 1.56 1.75
--- RWM-C perf pipeline=window mode=single hint=bulk A=c1 B=c1 ooo=0 extra='' T=default (400000000 x 1) start=17:50:19
{"bytes":400000000,"dnf":0,"hint":"bulk","max_s":6.8566,"mean_mbps":466.706,"mean_s":6.8566,"median_s":6.8566,"min_s":6.8566,"proto":"rp-native","runs":1,"stdev_s":0.0,"summary":true}
    CPU: CPUSRV=8.99s CPUCLI=8.05s (srv=decoder cli=sender; whole-invocation incl warmup)
    [TRUTH] leg=0 dev=cli0 egress_dgrams=340418 egress_skbs=36259 gso=9.39 netem_sent_dgrams=340051 netem_dropped_skbs=40 backlog=0 lost=367 loss=0.001078 rcvbuf_drops=62 rcvbuf_scope=netns
RUNTIME c1s-400-NEW s7 rep=2 attempt=1 9s rc=0
V4ROW {"arm": "NEW", "bin": "new", "bin_sha": "aa88d648def0b1253985b9d9ad6955d2190277bebc09026aaa2b79ce64ebd262", "busy_last": 53.0, "busy_med": 43.0, "cad_cli": true, "cad_srv": true, "cadoff_cli": false, "cadoff_srv": false, "cell": "c1s-400", "cod": 114, "coded_share": 0.00034045196491552907, "cotenant": 0, "cpu_cli": 8.05, "cpu_srv": 8.99, "cpu_us_per_dgram": 23.64739819868515, "diag_lines": 27, "dnf": false, "egress_dgrams": 340418, "emb_echo_cli": false, "emb_echo_srv": false, "emb_gate_cli": 0, "emb_gate_srv": 0, "feed_ratio_p0": 2.6901669758812616, "gates_cli": true, "gates_srv": true, "gen_guard": false, "header": ["window", "bulk"], "mbps": 466.706, "pa_cli": 0, "pa_srv": 0, "pipe_cli": ["window", "Rlc", "bulk"], "pipe_srv": ["window", "Rlc", "bulk"], "plc_p0": 0.0029, "plu_last_p0": 0.0252, "plu_med_p0": 0.0004, "problems": [], "rc": 0, "rep": 2, "seconds": 6.856563, "seed": "7", "src": 334735, "status": "LIVE", "summary": true, "truth_egress_p0": 340418, "truth_gso_p0": 9.39, "truth_loss_p0": 0.001078, "truth_lost_p0": 367, "truth_rcvbuf_drops": 62, "util": 1.1740576145803663, "wall_s": 9.0, "winline_cli": true, "winline_srv": true}
=== rep=2 seed=7 cell=c1s-400 arm=OLD attempt=1 pipeline=window hint=bulk spec=c1/c1/single bytes=400000000 bin=/home/vibe/v4/bin/old/raptorpath sha=f3743664cb48ad81 15:50:26
COTENANT c1s-400-OLD s7 rep=2 before=0 after=0 load=1.47 1.56 1.75
--- RWM-C perf pipeline=window mode=single hint=bulk A=c1 B=c1 ooo=0 extra='' T=default (400000000 x 1) start=17:50:28
{"bytes":400000000,"dnf":0,"hint":"bulk","max_s":10.7108,"mean_mbps":298.763,"mean_s":10.7108,"median_s":10.7108,"min_s":10.7108,"proto":"rp-native","runs":1,"stdev_s":0.0,"summary":true}
    CPU: CPUSRV=12.17s CPUCLI=14.67s (srv=decoder cli=sender; whole-invocation incl warmup)
    [TRUTH] leg=0 dev=cli0 egress_dgrams=343215 egress_skbs=40361 gso=8.50 netem_sent_dgrams=342759 netem_dropped_skbs=52 backlog=0 lost=456 loss=0.001329 rcvbuf_drops=12 rcvbuf_scope=netns
RUNTIME c1s-400-OLD s7 rep=2 attempt=1 13s rc=0
V4ROW {"arm": "OLD", "bin": "old", "bin_sha": "f3743664cb48ad81deef239d44710f4b12bf08f2db65c6d90fc5a947ed500035", "busy_last": 52.0, "busy_med": 53.0, "cad_cli": false, "cad_srv": false, "cadoff_cli": false, "cadoff_srv": false, "cell": "c1s-400", "cod": 77, "coded_share": 0.00023276411925987056, "cotenant": 0, "cpu_cli": 14.67, "cpu_srv": 12.17, "cpu_us_per_dgram": 42.74288711157729, "diag_lines": 42, "dnf": false, "egress_dgrams": 343215, "emb_echo_cli": false, "emb_echo_srv": false, "emb_gate_cli": 0, "emb_gate_srv": 0, "feed_ratio_p0": 1.2791572610985702, "gates_cli": true, "gates_srv": true, "gen_guard": false, "header": ["window", "bulk"], "mbps": 298.763, "pa_cli": 0, "pa_srv": 0, "pipe_cli": ["window", "Rlc", "bulk"], "pipe_srv": ["window", "Rlc", "bulk"], "plc_p0": 0.0017, "plu_last_p0": 0.0354, "plu_med_p0": 0.0354, "problems": [], "rc": 0, "rep": 2, "seconds": 10.710833, "seed": "7", "src": 330730, "status": "LIVE", "summary": true, "truth_egress_p0": 343215, "truth_gso_p0": 8.5, "truth_loss_p0": 0.001329, "truth_lost_p0": 456, "truth_rcvbuf_drops": 12, "util": 1.3696413714974365, "wall_s": 13.0, "winline_cli": true, "winline_srv": true}
=== rep=2 seed=7 cell=c1s-400 arm=EMB attempt=1 pipeline=window hint=bulk spec=c1/c1/single bytes=400000000 bin=/home/vibe/v4/bin/new/raptorpath sha=aa88d648def0b125 15:50:39
COTENANT c1s-400-EMB s7 rep=2 before=0 after=0 load=1.78 1.62 1.77
--- RWM-C perf pipeline=window mode=single hint=bulk A=c1 B=c1 ooo=0 extra='' T=default (400000000 x 1) start=17:50:41
{"bytes":400000000,"dnf":0,"hint":"bulk","max_s":6.7616,"mean_mbps":473.257,"mean_s":6.7616,"median_s":6.7616,"min_s":6.7616,"proto":"rp-native","runs":1,"stdev_s":0.0,"summary":true}
    CPU: CPUSRV=8.20s CPUCLI=6.04s (srv=decoder cli=sender; whole-invocation incl warmup)
    [TRUTH] leg=0 dev=cli0 egress_dgrams=341974 egress_skbs=37960 gso=9.01 netem_sent_dgrams=341581 netem_dropped_skbs=47 backlog=0 lost=393 loss=0.001149 rcvbuf_drops=100 rcvbuf_scope=netns
RUNTIME c1s-400-EMB s7 rep=2 attempt=1 9s rc=0
V4ROW {"arm": "EMB", "bin": "new", "bin_sha": "aa88d648def0b1253985b9d9ad6955d2190277bebc09026aaa2b79ce64ebd262", "busy_last": 11.0, "busy_med": 37.0, "cad_cli": true, "cad_srv": true, "cadoff_cli": false, "cadoff_srv": false, "cell": "c1s-400", "cod": 187, "coded_share": 0.0005522773318212157, "cotenant": 0, "cpu_cli": 6.04, "cpu_srv": 8.2, "cpu_us_per_dgram": 17.662161450870535, "diag_lines": 26, "dnf": false, "egress_dgrams": 341974, "emb_echo_cli": true, "emb_echo_srv": true, "emb_gate_cli": 1, "emb_gate_srv": 1, "feed_ratio_p0": 3.4812880765883376, "gates_cli": true, "gates_srv": true, "gen_guard": false, "header": ["window", "bulk"], "mbps": 473.257, "pa_cli": 0, "pa_srv": 0, "pipe_cli": ["window", "Rlc", "bulk"], "pipe_srv": ["window", "Rlc", "bulk"], "plc_p0": 0.004, "plu_last_p0": 0.0122, "plu_med_p0": 0.00135, "problems": [], "rc": 0, "rep": 2, "seconds": 6.761648, "seed": "7", "src": 338411, "status": "LIVE", "summary": true, "truth_egress_p0": 341974, "truth_gso_p0": 9.01, "truth_loss_p0": 0.001149, "truth_lost_p0": 393, "truth_rcvbuf_drops": 100, "util": 0.8932733558446107, "wall_s": 9.0, "winline_cli": true, "winline_srv": true}
=== rep=2 seed=7 cell=c1d-400 arm=OLD attempt=1 pipeline=window hint=bulk spec=c1/c1/dual bytes=400000000 bin=/home/vibe/v4/bin/old/raptorpath sha=f3743664cb48ad81 15:50:48
COTENANT c1d-400-OLD s7 rep=2 before=0 after=0 load=3.14 1.94 1.87
--- RWM-C perf pipeline=window mode=dual hint=bulk A=c1 B=c1 ooo=0 extra='' T=default (400000000 x 1) start=17:50:50
{"bytes":400000000,"dnf":0,"hint":"bulk","max_s":17.9498,"mean_mbps":178.275,"mean_s":17.9498,"median_s":17.9498,"min_s":17.9498,"proto":"rp-native","runs":1,"stdev_s":0.0,"summary":true}
    CPU: CPUSRV=22.29s CPUCLI=31.22s (srv=decoder cli=sender; whole-invocation incl warmup)
    [TRUTH] leg=0 dev=cli0 egress_dgrams=176466 egress_skbs=67738 gso=2.61 netem_sent_dgrams=176291 netem_dropped_skbs=71 backlog=0 lost=175 loss=0.000992 rcvbuf_drops=5 rcvbuf_scope=netns
    [TRUTH] leg=1 dev=cli1 egress_dgrams=184198 egress_skbs=69359 gso=2.66 netem_sent_dgrams=184042 netem_dropped_skbs=57 backlog=0 lost=156 loss=0.000847 rcvbuf_drops=5 rcvbuf_scope=netns
RUNTIME c1d-400-OLD s7 rep=2 attempt=1 20s rc=0
V4ROW {"arm": "OLD", "bin": "old", "bin_sha": "f3743664cb48ad81deef239d44710f4b12bf08f2db65c6d90fc5a947ed500035", "busy_last": 94.0, "busy_med": 87.0, "cad_cli": false, "cad_srv": false, "cadoff_cli": false, "cadoff_srv": false, "cell": "c1d-400", "cod": 125, "coded_share": 0.0003734542727650256, "cotenant": 0, "cpu_cli": 31.22, "cpu_srv": 22.29, "cpu_us_per_dgram": 86.56256238493445, "diag_lines": 71, "dnf": false, "egress_dgrams": 360664, "emb_echo_cli": false, "emb_echo_srv": false, "emb_gate_cli": 0, "emb_gate_srv": 0, "feed_ratio_p0": 1.0080645161290323, "feed_ratio_p1": 1.2987012987012987, "gates_cli": true, "gates_srv": true, "gen_guard": false, "header": ["window", "bulk"], "mbps": 178.275, "pa_cli": 0, "pa_srv": 0, "pipe_cli": ["window", "Rlc", "bulk"], "pipe_srv": ["window", "Rlc", "bulk"], "plc_p0": 0.001, "plc_p1": 0.0011, "plu_last_p0": 0.0354, "plu_last_p1": 0.0354, "plu_med_p0": 0.0354, "plu_med_p1": 0.0354, "problems": [], "rc": 0, "rep": 2, "seconds": 17.949756, "seed": "7", "src": 334588, "status": "LIVE", "summary": true, "truth_egress_p0": 176466, "truth_egress_p1": 184198, "truth_gso_p0": 2.61, "truth_gso_p1": 2.66, "truth_loss_p0": 0.000992, "truth_loss_p1": 0.000847, "truth_lost_p0": 175, "truth_lost_p1": 156, "truth_rcvbuf_drops": 5, "util": 1.7392994088610452, "wall_s": 20.0, "winline_cli": true, "winline_srv": true}
=== rep=2 seed=7 cell=c1d-400 arm=NEW attempt=1 pipeline=window hint=bulk spec=c1/c1/dual bytes=400000000 bin=/home/vibe/v4/bin/new/raptorpath sha=aa88d648def0b125 15:51:08
COTENANT c1d-400-NEW s7 rep=2 before=0 after=0 load=3.83 2.12 1.93
--- RWM-C perf pipeline=window mode=dual hint=bulk A=c1 B=c1 ooo=0 extra='' T=default (400000000 x 1) start=17:51:10
{"bytes":400000000,"dnf":0,"hint":"bulk","max_s":10.4901,"mean_mbps":305.05,"mean_s":10.4901,"median_s":10.4901,"min_s":10.4901,"proto":"rp-native","runs":1,"stdev_s":0.0,"summary":true}
    CPU: CPUSRV=15.53s CPUCLI=16.62s (srv=decoder cli=sender; whole-invocation incl warmup)
    [TRUTH] leg=0 dev=cli0 egress_dgrams=156881 egress_skbs=43014 gso=3.65 netem_sent_dgrams=156687 netem_dropped_skbs=53 backlog=0 lost=194 loss=0.001237 rcvbuf_drops=6 rcvbuf_scope=netns
    [TRUTH] leg=1 dev=cli1 egress_dgrams=191530 egress_skbs=49360 gso=3.88 netem_sent_dgrams=191333 netem_dropped_skbs=47 backlog=0 lost=197 loss=0.001029 rcvbuf_drops=6 rcvbuf_scope=netns
RUNTIME c1d-400-NEW s7 rep=2 attempt=1 13s rc=0
V4ROW {"arm": "NEW", "bin": "new", "bin_sha": "aa88d648def0b1253985b9d9ad6955d2190277bebc09026aaa2b79ce64ebd262", "busy_last": 78.0, "busy_med": 82.0, "cad_cli": true, "cad_srv": true, "cadoff_cli": false, "cadoff_srv": false, "cell": "c1d-400", "cod": 171, "coded_share": 0.0005209793192536895, "cotenant": 0, "cpu_cli": 16.62, "cpu_srv": 15.53, "cpu_us_per_dgram": 47.70228264894048, "diag_lines": 41, "dnf": false, "egress_dgrams": 348411, "emb_echo_cli": false, "emb_echo_srv": false, "emb_gate_cli": 0, "emb_gate_srv": 0, "feed_ratio_p0": 0.9700889248181083, "feed_ratio_p1": 1.2633624878522838, "gates_cli": true, "gates_srv": true, "gen_guard": false, "header": ["window", "bulk"], "mbps": 305.05, "pa_cli": 0, "pa_srv": 0, "pipe_cli": ["window", "Rlc", "bulk"], "pipe_srv": ["window", "Rlc", "bulk"], "plc_p0": 0.0012, "plc_p1": 0.0013, "plu_last_p0": 0.0011, "plu_last_p1": 0.0002, "plu_med_p0": 0.0009, "plu_med_p1": 0.0008, "problems": [], "rc": 0, "rep": 2, "seconds": 10.490092, "seed": "7", "src": 328057, "status": "LIVE", "summary": true, "truth_egress_p0": 156881, "truth_egress_p1": 191530, "truth_gso_p0": 3.65, "truth_gso_p1": 3.88, "truth_loss_p0": 0.001237, "truth_loss_p1": 0.001029, "truth_lost_p0": 194, "truth_lost_p1": 197, "truth_rcvbuf_drops": 6, "util": 1.5843521677407595, "wall_s": 13.0, "winline_cli": true, "winline_srv": true}
=== rep=2 seed=7 cell=c2-100 arm=OLDa attempt=1 pipeline=window hint=auto spec=c2/c2/single bytes=100000000 bin=/home/vibe/v4/bin/old/raptorpath sha=f3743664cb48ad81 15:51:21
COTENANT c2-100-OLDa s7 rep=2 before=0 after=0 load=3.59 2.15 1.95
--- RWM-C perf pipeline=window mode=single hint=auto A=c2 B=c2 ooo=0 extra='' T=default (100000000 x 1) start=17:51:23
{"bytes":100000000,"dnf":0,"hint":"auto","max_s":11.1876,"mean_mbps":71.508,"mean_s":11.1876,"median_s":11.1876,"min_s":11.1876,"proto":"rp-native","runs":1,"stdev_s":0.0,"summary":true}
    CPU: CPUSRV=6.79s CPUCLI=6.93s (srv=decoder cli=sender; whole-invocation incl warmup)
    [TRUTH] leg=0 dev=cli0 egress_dgrams=114182 egress_skbs=27654 gso=4.13 netem_sent_dgrams=111251 netem_dropped_skbs=691 backlog=0 lost=2931 loss=0.025670 rcvbuf_drops=0 rcvbuf_scope=netns
RUNTIME c2-100-OLDa s7 rep=2 attempt=1 13s rc=0
V4ROW {"arm": "OLDa", "bin": "old", "bin_sha": "f3743664cb48ad81deef239d44710f4b12bf08f2db65c6d90fc5a947ed500035", "busy_last": 25.0, "busy_med": 27.0, "cad_cli": false, "cad_srv": false, "cadoff_cli": false, "cadoff_srv": false, "cell": "c2-100", "cod": 21767, "coded_share": 0.20524643338708004, "cotenant": 0, "cpu_cli": 6.93, "cpu_srv": 6.79, "cpu_us_per_dgram": 60.69257851500237, "diag_lines": 44, "dnf": false, "egress_dgrams": 114182, "emb_echo_cli": false, "emb_echo_srv": false, "emb_gate_cli": 0, "emb_gate_srv": 0, "feed_ratio_p0": 1.0089598753408648, "gates_cli": true, "gates_srv": true, "gen_guard": false, "header": ["window", "auto"], "mbps": 71.508, "pa_cli": 0, "pa_srv": 0, "pipe_cli": ["window", "Rlc", "auto"], "pipe_srv": ["window", "Rlc", "auto"], "plc_p0": 0.0259, "plu_last_p0": 0.0549, "plu_med_p0": 0.0354, "problems": [], "rc": 0, "rep": 2, "seconds": 11.187613, "seed": "7", "src": 84286, "status": "LIVE", "summary": true, "truth_egress_p0": 114182, "truth_gso_p0": 4.13, "truth_loss_p0": 0.02567, "truth_lost_p0": 2931, "truth_rcvbuf_drops": 0, "util": 0.6194350841417199, "wall_s": 13.0, "winline_cli": true, "winline_srv": true}
=== rep=2 seed=7 cell=c2-100 arm=EMB attempt=1 pipeline=window hint=bulk spec=c2/c2/single bytes=100000000 bin=/home/vibe/v4/bin/new/raptorpath sha=aa88d648def0b125 15:51:34
COTENANT c2-100-EMB s7 rep=2 before=0 after=0 load=3.04 2.08 1.92
--- RWM-C perf pipeline=window mode=single hint=bulk A=c2 B=c2 ooo=0 extra='' T=default (100000000 x 1) start=17:51:36
{"bytes":100000000,"dnf":0,"hint":"bulk","max_s":9.1975,"mean_mbps":86.98,"mean_s":9.1975,"median_s":9.1975,"min_s":9.1975,"proto":"rp-native","runs":1,"stdev_s":0.0,"summary":true}
    CPU: CPUSRV=4.65s CPUCLI=3.12s (srv=decoder cli=sender; whole-invocation incl warmup)
    [TRUTH] leg=0 dev=cli0 egress_dgrams=93389 egress_skbs=18619 gso=5.02 netem_sent_dgrams=91032 netem_dropped_skbs=474 backlog=0 lost=2357 loss=0.025239 rcvbuf_drops=0 rcvbuf_scope=netns
RUNTIME c2-100-EMB s7 rep=2 attempt=1 11s rc=0
V4ROW {"arm": "EMB", "bin": "new", "bin_sha": "aa88d648def0b1253985b9d9ad6955d2190277bebc09026aaa2b79ce64ebd262", "busy_last": 11.0, "busy_med": 12.0, "cad_cli": true, "cad_srv": true, "cadoff_cli": false, "cadoff_srv": false, "cell": "c2-100", "cod": 395, "coded_share": 0.004682091887534968, "cotenant": 0, "cpu_cli": 3.12, "cpu_srv": 4.65, "cpu_us_per_dgram": 33.40864555782801, "diag_lines": 36, "dnf": false, "egress_dgrams": 93389, "emb_echo_cli": true, "emb_echo_srv": true, "emb_gate_cli": 1, "emb_gate_srv": 1, "feed_ratio_p0": 0.9944926502634811, "gates_cli": true, "gates_srv": true, "gen_guard": false, "header": ["window", "bulk"], "mbps": 86.98, "pa_cli": 0, "pa_srv": 0, "pipe_cli": ["window", "Rlc", "bulk"], "pipe_srv": ["window", "Rlc", "bulk"], "plc_p0": 0.0251, "plu_last_p0": 0.0539, "plu_med_p0": 0.0148, "problems": [], "rc": 0, "rep": 2, "seconds": 9.197482, "seed": "7", "src": 83969, "status": "LIVE", "summary": true, "truth_egress_p0": 93389, "truth_gso_p0": 5.02, "truth_loss_p0": 0.025239, "truth_lost_p0": 2357, "truth_rcvbuf_drops": 0, "util": 0.3392232787191103, "wall_s": 11.0, "winline_cli": true, "winline_srv": true}
=== rep=2 seed=7 cell=c2-100 arm=NEW attempt=1 pipeline=window hint=bulk spec=c2/c2/single bytes=100000000 bin=/home/vibe/v4/bin/new/raptorpath sha=aa88d648def0b125 15:51:46
COTENANT c2-100-NEW s7 rep=2 before=0 after=0 load=2.73 2.06 1.92
--- RWM-C perf pipeline=window mode=single hint=bulk A=c2 B=c2 ooo=0 extra='' T=default (100000000 x 1) start=17:51:47
{"bytes":100000000,"dnf":0,"hint":"bulk","max_s":8.9897,"mean_mbps":88.991,"mean_s":8.9897,"median_s":8.9897,"min_s":8.9897,"proto":"rp-native","runs":1,"stdev_s":0.0,"summary":true}
    CPU: CPUSRV=4.96s CPUCLI=3.62s (srv=decoder cli=sender; whole-invocation incl warmup)
    [TRUTH] leg=0 dev=cli0 egress_dgrams=92343 egress_skbs=18589 gso=4.97 netem_sent_dgrams=89952 netem_dropped_skbs=474 backlog=0 lost=2391 loss=0.025893 rcvbuf_drops=0 rcvbuf_scope=netns
RUNTIME c2-100-NEW s7 rep=2 attempt=1 10s rc=0
V4ROW {"arm": "NEW", "bin": "new", "bin_sha": "aa88d648def0b1253985b9d9ad6955d2190277bebc09026aaa2b79ce64ebd262", "busy_last": 15.0, "busy_med": 13.0, "cad_cli": true, "cad_srv": true, "cadoff_cli": false, "cadoff_srv": false, "cell": "c2-100", "cod": 412, "coded_share": 0.00490809239603064, "cotenant": 0, "cpu_cli": 3.62, "cpu_srv": 4.96, "cpu_us_per_dgram": 39.201672027116295, "diag_lines": 35, "dnf": false, "egress_dgrams": 92343, "emb_echo_cli": false, "emb_echo_srv": false, "emb_gate_cli": 0, "emb_gate_srv": 0, "feed_ratio_p0": 0.9770980573900282, "gates_cli": true, "gates_srv": true, "gen_guard": false, "header": ["window", "bulk"], "mbps": 88.991, "pa_cli": 0, "pa_srv": 0, "pipe_cli": ["window", "Rlc", "bulk"], "pipe_srv": ["window", "Rlc", "bulk"], "plc_p0": 0.0253, "plu_last_p0": 0.0774, "plu_med_p0": 0.0121, "problems": [], "rc": 0, "rep": 2, "seconds": 8.989681, "seed": "7", "src": 83531, "status": "LIVE", "summary": true, "truth_egress_p0": 92343, "truth_gso_p0": 4.97, "truth_loss_p0": 0.025893, "truth_lost_p0": 2391, "truth_rcvbuf_drops": 0, "util": 0.40268392170979156, "wall_s": 10.0, "winline_cli": true, "winline_srv": true}
=== rep=2 seed=7 cell=c2-100 arm=OLD attempt=1 pipeline=window hint=bulk spec=c2/c2/single bytes=100000000 bin=/home/vibe/v4/bin/old/raptorpath sha=f3743664cb48ad81 15:51:57
COTENANT c2-100-OLD s7 rep=2 before=0 after=0 load=2.47 2.02 1.91
--- RWM-C perf pipeline=window mode=single hint=bulk A=c2 B=c2 ooo=0 extra='' T=default (100000000 x 1) start=17:51:58
{"bytes":100000000,"dnf":0,"hint":"bulk","max_s":9.186,"mean_mbps":87.089,"mean_s":9.186,"median_s":9.186,"min_s":9.186,"proto":"rp-native","runs":1,"stdev_s":0.0,"summary":true}
    CPU: CPUSRV=4.68s CPUCLI=5.09s (srv=decoder cli=sender; whole-invocation incl warmup)
    [TRUTH] leg=0 dev=cli0 egress_dgrams=93982 egress_skbs=20398 gso=4.61 netem_sent_dgrams=91729 netem_dropped_skbs=494 backlog=0 lost=2253 loss=0.023973 rcvbuf_drops=0 rcvbuf_scope=netns
RUNTIME c2-100-OLD s7 rep=2 attempt=1 11s rc=0
V4ROW {"arm": "OLD", "bin": "old", "bin_sha": "f3743664cb48ad81deef239d44710f4b12bf08f2db65c6d90fc5a947ed500035", "busy_last": 17.0, "busy_med": 19.0, "cad_cli": false, "cad_srv": false, "cadoff_cli": false, "cadoff_srv": false, "cell": "c2-100", "cod": 432, "coded_share": 0.00511727078891258, "cotenant": 0, "cpu_cli": 5.09, "cpu_srv": 4.68, "cpu_us_per_dgram": 54.159307101359836, "diag_lines": 36, "dnf": false, "egress_dgrams": 93982, "emb_echo_cli": false, "emb_echo_srv": false, "emb_gate_cli": 0, "emb_gate_srv": 0, "feed_ratio_p0": 1.013640345388562, "gates_cli": true, "gates_srv": true, "gen_guard": false, "header": ["window", "bulk"], "mbps": 87.089, "pa_cli": 0, "pa_srv": 0, "pipe_cli": ["window", "Rlc", "bulk"], "pipe_srv": ["window", "Rlc", "bulk"], "plc_p0": 0.0243, "plu_last_p0": 0.0354, "plu_med_p0": 0.0354, "problems": [], "rc": 0, "rep": 2, "seconds": 9.186044, "seed": "7", "src": 83988, "status": "LIVE", "summary": true, "truth_egress_p0": 93982, "truth_gso_p0": 4.61, "truth_loss_p0": 0.023973, "truth_lost_p0": 2253, "truth_rcvbuf_drops": 0, "util": 0.5541014173239318, "wall_s": 11.0, "winline_cli": true, "winline_srv": true}
=== rep=2 seed=7 cell=c2-100 arm=NEWa attempt=1 pipeline=window hint=auto spec=c2/c2/single bytes=100000000 bin=/home/vibe/v4/bin/new/raptorpath sha=aa88d648def0b125 15:52:08
COTENANT c2-100-NEWa s7 rep=2 before=0 after=0 load=2.17 1.97 1.89
--- RWM-C perf pipeline=window mode=single hint=auto A=c2 B=c2 ooo=0 extra='' T=default (100000000 x 1) start=17:52:10
{"bytes":100000000,"dnf":0,"hint":"auto","max_s":10.4659,"mean_mbps":76.439,"mean_s":10.4659,"median_s":10.4659,"min_s":10.4659,"proto":"rp-native","runs":1,"stdev_s":0.0,"summary":true}
    CPU: CPUSRV=5.88s CPUCLI=4.34s (srv=decoder cli=sender; whole-invocation incl warmup)
    [TRUTH] leg=0 dev=cli0 egress_dgrams=110418 egress_skbs=27122 gso=4.07 netem_sent_dgrams=107472 netem_dropped_skbs=683 backlog=0 lost=2946 loss=0.026680 rcvbuf_drops=0 rcvbuf_scope=netns
RUNTIME c2-100-NEWa s7 rep=2 attempt=1 12s rc=0
V4ROW {"arm": "NEWa", "bin": "new", "bin_sha": "aa88d648def0b1253985b9d9ad6955d2190277bebc09026aaa2b79ce64ebd262", "busy_last": 15.0, "busy_med": 15.0, "cad_cli": true, "cad_srv": true, "cadoff_cli": false, "cadoff_srv": false, "cell": "c2-100", "cod": 11572, "coded_share": 0.12117277486910995, "cotenant": 0, "cpu_cli": 4.34, "cpu_srv": 5.88, "cpu_us_per_dgram": 39.305185748700396, "diag_lines": 41, "dnf": false, "egress_dgrams": 110418, "emb_echo_cli": false, "emb_echo_srv": false, "emb_gate_cli": 0, "emb_gate_srv": 0, "feed_ratio_p0": 1.0082458770614693, "gates_cli": true, "gates_srv": true, "gen_guard": false, "header": ["window", "auto"], "mbps": 76.439, "pa_cli": 0, "pa_srv": 0, "pipe_cli": ["window", "Rlc", "auto"], "pipe_srv": ["window", "Rlc", "auto"], "plc_p0": 0.0269, "plu_last_p0": 0.0314, "plu_med_p0": 0.0201, "problems": [], "rc": 0, "rep": 2, "seconds": 10.465871, "seed": "7", "src": 83928, "status": "LIVE", "summary": true, "truth_egress_p0": 110418, "truth_gso_p0": 4.07, "truth_loss_p0": 0.02668, "truth_lost_p0": 2946, "truth_rcvbuf_drops": 0, "util": 0.4146812052241041, "wall_s": 12.0, "winline_cli": true, "winline_srv": true}
=== rep=2 seed=7 cell=c3-25 arm=OLDa attempt=1 pipeline=window hint=auto spec=c3/c3/single bytes=25000000 bin=/home/vibe/v4/bin/old/raptorpath sha=f3743664cb48ad81 15:52:21
COTENANT c3-25-OLDa s7 rep=2 before=0 after=0 load=1.87 1.91 1.87
--- RWM-C perf pipeline=window mode=single hint=auto A=c3 B=c3 ooo=0 extra='' T=default (25000000 x 1) start=17:52:22
{"bytes":25000000,"dnf":0,"hint":"auto","max_s":13.3665,"mean_mbps":14.963,"mean_s":13.3665,"median_s":13.3665,"min_s":13.3665,"proto":"rp-native","runs":1,"stdev_s":0.0,"summary":true}
    CPU: CPUSRV=1.84s CPUCLI=2.57s (srv=decoder cli=sender; whole-invocation incl warmup)
    [TRUTH] leg=0 dev=cli0 egress_dgrams=30249 egress_skbs=9648 gso=3.14 netem_sent_dgrams=28900 netem_dropped_skbs=442 backlog=0 lost=1349 loss=0.044597 rcvbuf_drops=0 rcvbuf_scope=netns
RUNTIME c3-25-OLDa s7 rep=2 attempt=1 15s rc=0
V4ROW {"arm": "OLDa", "bin": "old", "bin_sha": "f3743664cb48ad81deef239d44710f4b12bf08f2db65c6d90fc5a947ed500035", "busy_last": 5.0, "busy_med": 7.0, "cad_cli": false, "cad_srv": false, "cadoff_cli": false, "cadoff_srv": false, "cell": "c3-25", "cod": 1478, "coded_share": 0.06531153336279276, "cotenant": 0, "cpu_cli": 2.57, "cpu_srv": 1.84, "cpu_us_per_dgram": 84.96148633012662, "diag_lines": 53, "dnf": false, "egress_dgrams": 30249, "emb_echo_cli": false, "emb_echo_srv": false, "emb_gate_cli": 0, "emb_gate_srv": 0, "feed_ratio_p0": 1.0045518756867053, "gates_cli": true, "gates_srv": true, "gen_guard": false, "header": ["window", "auto"], "mbps": 14.963, "pa_cli": 0, "pa_srv": 0, "pipe_cli": ["window", "Rlc", "auto"], "pipe_srv": ["window", "Rlc", "auto"], "plc_p0": 0.0448, "plu_last_p0": 0.448, "plu_med_p0": 0.0405, "problems": [], "rc": 0, "rep": 2, "seconds": 13.366481, "seed": "7", "src": 21152, "status": "LIVE", "summary": true, "truth_egress_p0": 30249, "truth_gso_p0": 3.14, "truth_loss_p0": 0.044597, "truth_lost_p0": 1349, "truth_rcvbuf_drops": 0, "util": 0.1922719973940785, "wall_s": 15.0, "winline_cli": true, "winline_srv": true}
=== rep=2 seed=7 cell=c3-25 arm=EMB attempt=1 pipeline=window hint=bulk spec=c3/c3/single bytes=25000000 bin=/home/vibe/v4/bin/new/raptorpath sha=aa88d648def0b125 15:52:36
COTENANT c3-25-EMB s7 rep=2 before=0 after=0 load=1.58 1.85 1.85
--- RWM-C perf pipeline=window mode=single hint=bulk A=c3 B=c3 ooo=0 extra='' T=default (25000000 x 1) start=17:52:38
{"bytes":25000000,"dnf":0,"hint":"bulk","max_s":11.397,"mean_mbps":17.548,"mean_s":11.397,"median_s":11.397,"min_s":11.397,"proto":"rp-native","runs":1,"stdev_s":0.0,"summary":true}
    CPU: CPUSRV=1.72s CPUCLI=1.84s (srv=decoder cli=sender; whole-invocation incl warmup)
    [TRUTH] leg=0 dev=cli0 egress_dgrams=25685 egress_skbs=7805 gso=3.29 netem_sent_dgrams=24571 netem_dropped_skbs=356 backlog=0 lost=1114 loss=0.043372 rcvbuf_drops=0 rcvbuf_scope=netns
RUNTIME c3-25-EMB s7 rep=2 attempt=1 14s rc=0
V4ROW {"arm": "EMB", "bin": "new", "bin_sha": "aa88d648def0b1253985b9d9ad6955d2190277bebc09026aaa2b79ce64ebd262", "busy_last": 5.0, "busy_med": 5.0, "cad_cli": true, "cad_srv": true, "cadoff_cli": false, "cadoff_srv": false, "cell": "c3-25", "cod": 215, "coded_share": 0.010062245518790659, "cotenant": 0, "cpu_cli": 1.84, "cpu_srv": 1.72, "cpu_us_per_dgram": 71.63714230095387, "diag_lines": 45, "dnf": false, "egress_dgrams": 25685, "emb_echo_cli": true, "emb_echo_srv": true, "emb_gate_cli": 1, "emb_gate_srv": 1, "feed_ratio_p0": 0.9960343078483814, "gates_cli": true, "gates_srv": true, "gen_guard": false, "header": ["window", "bulk"], "mbps": 17.548, "pa_cli": 0, "pa_srv": 0, "pipe_cli": ["window", "Rlc", "bulk"], "pipe_srv": ["window", "Rlc", "bulk"], "plc_p0": 0.0432, "plu_last_p0": 0.0045, "plu_med_p0": 0.0244, "problems": [], "rc": 0, "rep": 2, "seconds": 11.397015, "seed": "7", "src": 21152, "status": "LIVE", "summary": true, "truth_egress_p0": 25685, "truth_gso_p0": 3.29, "truth_loss_p0": 0.043372, "truth_lost_p0": 1114, "truth_rcvbuf_drops": 0, "util": 0.1614457820753943, "wall_s": 14.0, "winline_cli": true, "winline_srv": true}
=== rep=2 seed=7 cell=c3-25 arm=NEW attempt=1 pipeline=window hint=bulk spec=c3/c3/single bytes=25000000 bin=/home/vibe/v4/bin/new/raptorpath sha=aa88d648def0b125 15:52:50
COTENANT c3-25-NEW s7 rep=2 before=0 after=0 load=1.23 1.76 1.82
--- RWM-C perf pipeline=window mode=single hint=bulk A=c3 B=c3 ooo=0 extra='' T=default (25000000 x 1) start=17:52:53
{"bytes":25000000,"dnf":0,"hint":"bulk","max_s":11.4314,"mean_mbps":17.496,"mean_s":11.4314,"median_s":11.4314,"min_s":11.4314,"proto":"rp-native","runs":1,"stdev_s":0.0,"summary":true}
    CPU: CPUSRV=1.70s CPUCLI=1.88s (srv=decoder cli=sender; whole-invocation incl warmup)
    [TRUTH] leg=0 dev=cli0 egress_dgrams=25725 egress_skbs=7780 gso=3.31 netem_sent_dgrams=24540 netem_dropped_skbs=356 backlog=0 lost=1185 loss=0.046064 rcvbuf_drops=0 rcvbuf_scope=netns
RUNTIME c3-25-NEW s7 rep=2 attempt=1 15s rc=0
V4ROW {"arm": "NEW", "bin": "new", "bin_sha": "aa88d648def0b1253985b9d9ad6955d2190277bebc09026aaa2b79ce64ebd262", "busy_last": 5.0, "busy_med": 6.0, "cad_cli": true, "cad_srv": true, "cadoff_cli": false, "cadoff_srv": false, "cell": "c3-25", "cod": 222, "coded_share": 0.010386450828108917, "cotenant": 0, "cpu_cli": 1.88, "cpu_srv": 1.7, "cpu_us_per_dgram": 73.08066083576287, "diag_lines": 45, "dnf": false, "egress_dgrams": 25725, "emb_echo_cli": false, "emb_echo_srv": false, "emb_gate_cli": 0, "emb_gate_srv": 0, "feed_ratio_p0": 1.0159777700590482, "gates_cli": true, "gates_srv": true, "gen_guard": false, "header": ["window", "bulk"], "mbps": 17.496, "pa_cli": 0, "pa_srv": 0, "pipe_cli": ["window", "Rlc", "bulk"], "pipe_srv": ["window", "Rlc", "bulk"], "plc_p0": 0.0468, "plu_last_p0": 0.0827, "plu_med_p0": 0.0196, "problems": [], "rc": 0, "rep": 2, "seconds": 11.431412, "seed": "7", "src": 21152, "status": "LIVE", "summary": true, "truth_egress_p0": 25725, "truth_gso_p0": 3.31, "truth_loss_p0": 0.046064, "truth_lost_p0": 1185, "truth_rcvbuf_drops": 0, "util": 0.16445912368480814, "wall_s": 15.0, "winline_cli": true, "winline_srv": true}
=== rep=2 seed=7 cell=c3-25 arm=OLD attempt=1 pipeline=window hint=bulk spec=c3/c3/single bytes=25000000 bin=/home/vibe/v4/bin/old/raptorpath sha=f3743664cb48ad81 15:53:05
COTENANT c3-25-OLD s7 rep=2 before=0 after=0 load=1.03 1.69 1.80
--- RWM-C perf pipeline=window mode=single hint=bulk A=c3 B=c3 ooo=0 extra='' T=default (25000000 x 1) start=17:53:07
{"bytes":25000000,"dnf":0,"hint":"bulk","max_s":11.4511,"mean_mbps":17.466,"mean_s":11.4511,"median_s":11.4511,"min_s":11.4511,"proto":"rp-native","runs":1,"stdev_s":0.0,"summary":true}
    CPU: CPUSRV=1.64s CPUCLI=2.26s (srv=decoder cli=sender; whole-invocation incl warmup)
    [TRUTH] leg=0 dev=cli0 egress_dgrams=26297 egress_skbs=8204 gso=3.21 netem_sent_dgrams=25151 netem_dropped_skbs=376 backlog=0 lost=1146 loss=0.043579 rcvbuf_drops=0 rcvbuf_scope=netns
RUNTIME c3-25-OLD s7 rep=2 attempt=1 14s rc=0
V4ROW {"arm": "OLD", "bin": "old", "bin_sha": "f3743664cb48ad81deef239d44710f4b12bf08f2db65c6d90fc5a947ed500035", "busy_last": 5.0, "busy_med": 7.0, "cad_cli": false, "cad_srv": false, "cadoff_cli": false, "cadoff_srv": false, "cell": "c3-25", "cod": 217, "coded_share": 0.010154897281108147, "cotenant": 0, "cpu_cli": 2.26, "cpu_srv": 1.64, "cpu_us_per_dgram": 85.94136213256265, "diag_lines": 45, "dnf": false, "egress_dgrams": 26297, "emb_echo_cli": false, "emb_echo_srv": false, "emb_gate_cli": 0, "emb_gate_srv": 0, "feed_ratio_p0": 1.000481883475986, "gates_cli": true, "gates_srv": true, "gen_guard": false, "header": ["window", "bulk"], "mbps": 17.466, "pa_cli": 0, "pa_srv": 0, "pipe_cli": ["window", "Rlc", "bulk"], "pipe_srv": ["window", "Rlc", "bulk"], "plc_p0": 0.0436, "plu_last_p0": 0.0357, "plu_med_p0": 0.0421, "problems": [], "rc": 0, "rep": 2, "seconds": 11.45109, "seed": "7", "src": 21152, "status": "LIVE", "summary": true, "truth_egress_p0": 26297, "truth_gso_p0": 3.21, "truth_loss_p0": 0.043579, "truth_lost_p0": 1146, "truth_rcvbuf_drops": 0, "util": 0.19736112457416716, "wall_s": 14.0, "winline_cli": true, "winline_srv": true}
=== rep=2 seed=7 cell=c3-25 arm=NEWa attempt=1 pipeline=window hint=auto spec=c3/c3/single bytes=25000000 bin=/home/vibe/v4/bin/new/raptorpath sha=aa88d648def0b125 15:53:19
COTENANT c3-25-NEWa s7 rep=2 before=0 after=0 load=0.80 1.60 1.77
--- RWM-C perf pipeline=window mode=single hint=auto A=c3 B=c3 ooo=0 extra='' T=default (25000000 x 1) start=17:53:21
{"bytes":25000000,"dnf":0,"hint":"auto","max_s":13.0252,"mean_mbps":15.355,"mean_s":13.0252,"median_s":13.0252,"min_s":13.0252,"proto":"rp-native","runs":1,"stdev_s":0.0,"summary":true}
    CPU: CPUSRV=1.76s CPUCLI=1.91s (srv=decoder cli=sender; whole-invocation incl warmup)
    [TRUTH] leg=0 dev=cli0 egress_dgrams=28708 egress_skbs=9042 gso=3.17 netem_sent_dgrams=27385 netem_dropped_skbs=418 backlog=0 lost=1323 loss=0.046085 rcvbuf_drops=0 rcvbuf_scope=netns
RUNTIME c3-25-NEWa s7 rep=2 attempt=1 16s rc=0
V4ROW {"arm": "NEWa", "bin": "new", "bin_sha": "aa88d648def0b1253985b9d9ad6955d2190277bebc09026aaa2b79ce64ebd262", "busy_last": 3.0, "busy_med": 5.0, "cad_cli": true, "cad_srv": true, "cadoff_cli": false, "cadoff_srv": false, "cell": "c3-25", "cod": 659, "coded_share": 0.03021411214524781, "cotenant": 0, "cpu_cli": 1.91, "cpu_srv": 1.76, "cpu_us_per_dgram": 66.53197714922669, "diag_lines": 52, "dnf": false, "egress_dgrams": 28708, "emb_echo_cli": false, "emb_echo_srv": false, "emb_gate_cli": 0, "emb_gate_srv": 0, "feed_ratio_p0": 1.0024953889551915, "gates_cli": true, "gates_srv": true, "gen_guard": false, "header": ["window", "auto"], "mbps": 15.355, "pa_cli": 0, "pa_srv": 0, "pipe_cli": ["window", "Rlc", "auto"], "pipe_srv": ["window", "Rlc", "auto"], "plc_p0": 0.0462, "plu_last_p0": 0.0447, "plu_med_p0": 0.024800000000000003, "problems": [], "rc": 0, "rep": 2, "seconds": 13.025227, "seed": "7", "src": 21152, "status": "LIVE", "summary": true, "truth_egress_p0": 28708, "truth_gso_p0": 3.17, "truth_loss_p0": 0.046085, "truth_lost_p0": 1323, "truth_rcvbuf_drops": 0, "util": 0.14663851923655535, "wall_s": 16.0, "winline_cli": true, "winline_srv": true}
=== rep=2 seed=7 cell=c7-100 arm=OLD attempt=1 pipeline=window hint=bulk spec=c2/c2/dual bytes=100000000 bin=/home/vibe/v4/bin/old/raptorpath sha=f3743664cb48ad81 15:53:35
COTENANT c7-100-OLD s7 rep=2 before=0 after=0 load=0.84 1.58 1.76
--- RWM-C perf pipeline=window mode=dual hint=bulk A=c2 B=c2 ooo=0 extra='' T=default (100000000 x 1) start=17:53:36
{"bytes":100000000,"dnf":0,"hint":"bulk","max_s":4.4982,"mean_mbps":177.85,"mean_s":4.4982,"median_s":4.4982,"min_s":4.4982,"proto":"rp-native","runs":1,"stdev_s":0.0,"summary":true}
    CPU: CPUSRV=5.64s CPUCLI=6.85s (srv=decoder cli=sender; whole-invocation incl warmup)
    [TRUTH] leg=0 dev=cli0 egress_dgrams=45801 egress_skbs=15383 gso=2.98 netem_sent_dgrams=44658 netem_dropped_skbs=378 backlog=0 lost=1143 loss=0.024956 rcvbuf_drops=0 rcvbuf_scope=netns
    [TRUTH] leg=1 dev=cli1 egress_dgrams=45336 egress_skbs=14708 gso=3.08 netem_sent_dgrams=44208 netem_dropped_skbs=378 backlog=0 lost=1128 loss=0.024881 rcvbuf_drops=0 rcvbuf_scope=netns
RUNTIME c7-100-OLD s7 rep=2 attempt=1 6s rc=0
V4ROW {"arm": "OLD", "bin": "old", "bin_sha": "f3743664cb48ad81deef239d44710f4b12bf08f2db65c6d90fc5a947ed500035", "busy_last": 61.0, "busy_med": 83.0, "cad_cli": false, "cad_srv": false, "cadoff_cli": false, "cadoff_srv": false, "cell": "c7-100", "cod": 437, "coded_share": 0.005138697804588375, "cotenant": 0, "cpu_cli": 6.85, "cpu_srv": 5.64, "cpu_us_per_dgram": 75.16156994415002, "diag_lines": 18, "dnf": false, "egress_dgrams": 91137, "emb_echo_cli": false, "emb_echo_srv": false, "emb_gate_cli": 0, "emb_gate_srv": 0, "feed_ratio_p0": 1.009777207885879, "feed_ratio_p1": 1.000763634902134, "gates_cli": true, "gates_srv": true, "gen_guard": false, "header": ["window", "bulk"], "mbps": 177.85, "pa_cli": 0, "pa_srv": 0, "pipe_cli": ["window", "Rlc", "bulk"], "pipe_srv": ["window", "Rlc", "bulk"], "plc_p0": 0.0252, "plc_p1": 0.0249, "plu_last_p0": 0.0354, "plu_last_p1": 0.0856, "plu_med_p0": 0.04005, "plu_med_p1": 0.0461, "problems": [], "rc": 0, "rep": 2, "seconds": 4.498174, "seed": "7", "src": 84604, "status": "LIVE", "summary": true, "truth_egress_p0": 45801, "truth_egress_p1": 45336, "truth_gso_p0": 2.98, "truth_gso_p1": 3.08, "truth_loss_p0": 0.024956, "truth_loss_p1": 0.024881, "truth_lost_p0": 1143, "truth_lost_p1": 1128, "truth_rcvbuf_drops": 0, "util": 1.5228401569170067, "wall_s": 6.0, "winline_cli": true, "winline_srv": true}
=== rep=2 seed=7 cell=c7-100 arm=NEW attempt=1 pipeline=window hint=bulk spec=c2/c2/dual bytes=100000000 bin=/home/vibe/v4/bin/new/raptorpath sha=aa88d648def0b125 15:53:41
COTENANT c7-100-NEW s7 rep=2 before=0 after=0 load=0.93 1.59 1.76
--- RWM-C perf pipeline=window mode=dual hint=bulk A=c2 B=c2 ooo=0 extra='' T=default (100000000 x 1) start=17:53:43
{"bytes":100000000,"dnf":0,"hint":"bulk","max_s":4.4897,"mean_mbps":178.186,"mean_s":4.4897,"median_s":4.4897,"min_s":4.4897,"proto":"rp-native","runs":1,"stdev_s":0.0,"summary":true}
    CPU: CPUSRV=5.87s CPUCLI=5.13s (srv=decoder cli=sender; whole-invocation incl warmup)
    [TRUTH] leg=0 dev=cli0 egress_dgrams=46589 egress_skbs=15583 gso=2.99 netem_sent_dgrams=45446 netem_dropped_skbs=379 backlog=0 lost=1143 loss=0.024534 rcvbuf_drops=0 rcvbuf_scope=netns
    [TRUTH] leg=1 dev=cli1 egress_dgrams=46430 egress_skbs=15467 gso=3.00 netem_sent_dgrams=45342 netem_dropped_skbs=390 backlog=0 lost=1088 loss=0.023433 rcvbuf_drops=0 rcvbuf_scope=netns
RUNTIME c7-100-NEW s7 rep=2 attempt=1 7s rc=0
V4ROW {"arm": "NEW", "bin": "new", "bin_sha": "aa88d648def0b1253985b9d9ad6955d2190277bebc09026aaa2b79ce64ebd262", "busy_last": 53.0, "busy_med": 59.0, "cad_cli": true, "cad_srv": true, "cadoff_cli": false, "cadoff_srv": false, "cell": "c7-100", "cod": 474, "coded_share": 0.005780981303281987, "cotenant": 0, "cpu_cli": 5.13, "cpu_srv": 5.87, "cpu_us_per_dgram": 55.150023113557445, "diag_lines": 17, "dnf": false, "egress_dgrams": 93019, "emb_echo_cli": false, "emb_echo_srv": false, "emb_gate_cli": 0, "emb_gate_srv": 0, "feed_ratio_p0": 1.0352979538599494, "feed_ratio_p1": 1.0327316178039516, "gates_cli": true, "gates_srv": true, "gen_guard": false, "header": ["window", "bulk"], "mbps": 178.186, "pa_cli": 0, "pa_srv": 0, "pipe_cli": ["window", "Rlc", "bulk"], "pipe_srv": ["window", "Rlc", "bulk"], "plc_p0": 0.0254, "plc_p1": 0.0242, "plu_last_p0": 0.0243, "plu_last_p1": 0.0276, "plu_med_p0": 0.0243, "plu_med_p1": 0.0276, "problems": [], "rc": 0, "rep": 2, "seconds": 4.489701, "seed": "7", "src": 81519, "status": "LIVE", "summary": true, "truth_egress_p0": 46589, "truth_egress_p1": 46430, "truth_gso_p0": 2.99, "truth_gso_p1": 3.0, "truth_loss_p0": 0.024534, "truth_loss_p1": 0.023433, "truth_lost_p0": 1143, "truth_lost_p1": 1088, "truth_rcvbuf_drops": 0, "util": 1.1426150650121243, "wall_s": 7.0, "winline_cli": true, "winline_srv": true}
=== rep=2 seed=7 cell=c8-100 arm=OLD attempt=1 pipeline=window hint=bulk spec=c2/c3/dual bytes=100000000 bin=/home/vibe/v4/bin/old/raptorpath sha=f3743664cb48ad81 15:53:48
COTENANT c8-100-OLD s7 rep=2 before=0 after=0 load=1.11 1.61 1.77
--- RWM-C perf pipeline=window mode=dual hint=bulk A=c2 B=c3 ooo=0 extra='' T=default (100000000 x 1) start=17:53:50
{"bytes":100000000,"dnf":0,"hint":"bulk","max_s":7.8765,"mean_mbps":101.568,"mean_s":7.8765,"median_s":7.8765,"min_s":7.8765,"proto":"rp-native","runs":1,"stdev_s":0.0,"summary":true}
    CPU: CPUSRV=6.04s CPUCLI=8.03s (srv=decoder cli=sender; whole-invocation incl warmup)
    [TRUTH] leg=0 dev=cli0 egress_dgrams=77996 egress_skbs=19922 gso=3.92 netem_sent_dgrams=76156 netem_dropped_skbs=491 backlog=0 lost=1840 loss=0.023591 rcvbuf_drops=0 rcvbuf_scope=netns
    [TRUTH] leg=1 dev=cli1 egress_dgrams=18777 egress_skbs=12652 gso=1.48 netem_sent_dgrams=17749 netem_dropped_skbs=665 backlog=0 lost=1028 loss=0.054748 rcvbuf_drops=0 rcvbuf_scope=netns
RUNTIME c8-100-OLD s7 rep=2 attempt=1 10s rc=0
V4ROW {"arm": "OLD", "bin": "old", "bin_sha": "f3743664cb48ad81deef239d44710f4b12bf08f2db65c6d90fc5a947ed500035", "busy_last": 33.0, "busy_med": 53.0, "cad_cli": false, "cad_srv": false, "cadoff_cli": false, "cadoff_srv": false, "cell": "c8-100", "cod": 627, "coded_share": 0.007356478276683366, "cotenant": 0, "cpu_cli": 8.03, "cpu_srv": 6.04, "cpu_us_per_dgram": 82.97769005817737, "diag_lines": 31, "dnf": false, "egress_dgrams": 96773, "emb_echo_cli": false, "emb_echo_srv": false, "emb_gate_cli": 0, "emb_gate_srv": 0, "feed_ratio_p0": 0.996142596752999, "feed_ratio_p1": 1.0100825600935195, "gates_cli": true, "gates_srv": true, "gen_guard": false, "header": ["window", "bulk"], "mbps": 101.568, "pa_cli": 0, "pa_srv": 0, "pipe_cli": ["window", "Rlc", "bulk"], "pipe_srv": ["window", "Rlc", "bulk"], "plc_p0": 0.0235, "plc_p1": 0.0553, "plu_last_p0": 0.0363, "plu_last_p1": 0.2072, "plu_med_p0": 0.0361, "plu_med_p1": 0.0721, "problems": [], "rc": 0, "rep": 2, "seconds": 7.876519, "seed": "7", "src": 84604, "status": "LIVE", "summary": true, "truth_egress_p0": 77996, "truth_egress_p1": 18777, "truth_gso_p0": 3.92, "truth_gso_p1": 1.48, "truth_loss_p0": 0.023591, "truth_loss_p1": 0.054748, "truth_lost_p0": 1840, "truth_lost_p1": 1028, "truth_rcvbuf_drops": 0, "util": 1.0194858921815588, "wall_s": 10.0, "winline_cli": true, "winline_srv": true}
=== rep=2 seed=7 cell=c8-100 arm=NEW attempt=1 pipeline=window hint=bulk spec=c2/c3/dual bytes=100000000 bin=/home/vibe/v4/bin/new/raptorpath sha=aa88d648def0b125 15:53:58
COTENANT c8-100-NEW s7 rep=2 before=0 after=0 load=1.24 1.62 1.77
--- RWM-C perf pipeline=window mode=dual hint=bulk A=c2 B=c3 ooo=0 extra='' T=default (100000000 x 1) start=17:54:00
{"bytes":100000000,"dnf":0,"hint":"bulk","max_s":7.601,"mean_mbps":105.249,"mean_s":7.601,"median_s":7.601,"min_s":7.601,"proto":"rp-native","runs":1,"stdev_s":0.0,"summary":true}
    CPU: CPUSRV=5.90s CPUCLI=5.43s (srv=decoder cli=sender; whole-invocation incl warmup)
    [TRUTH] leg=0 dev=cli0 egress_dgrams=78251 egress_skbs=20256 gso=3.86 netem_sent_dgrams=76391 netem_dropped_skbs=492 backlog=0 lost=1860 loss=0.023770 rcvbuf_drops=0 rcvbuf_scope=netns
    [TRUTH] leg=1 dev=cli1 egress_dgrams=18566 egress_skbs=11627 gso=1.60 netem_sent_dgrams=17559 netem_dropped_skbs=626 backlog=0 lost=1007 loss=0.054239 rcvbuf_drops=0 rcvbuf_scope=netns
RUNTIME c8-100-NEW s7 rep=2 attempt=1 10s rc=0
V4ROW {"arm": "NEW", "bin": "new", "bin_sha": "aa88d648def0b1253985b9d9ad6955d2190277bebc09026aaa2b79ce64ebd262", "busy_last": 23.0, "busy_med": 32.0, "cad_cli": true, "cad_srv": true, "cadoff_cli": false, "cadoff_srv": false, "cell": "c8-100", "cod": 701, "coded_share": 0.008217572240783072, "cotenant": 0, "cpu_cli": 5.43, "cpu_srv": 5.9, "cpu_us_per_dgram": 56.08519165022672, "diag_lines": 30, "dnf": false, "egress_dgrams": 96817, "emb_echo_cli": false, "emb_echo_srv": false, "emb_gate_cli": 0, "emb_gate_srv": 0, "feed_ratio_p0": 1.0054690786705933, "feed_ratio_p1": 1.0103431110455576, "gates_cli": true, "gates_srv": true, "gen_guard": false, "header": ["window", "bulk"], "mbps": 105.249, "pa_cli": 0, "pa_srv": 0, "pipe_cli": ["window", "Rlc", "bulk"], "pipe_srv": ["window", "Rlc", "bulk"], "plc_p0": 0.0239, "plc_p1": 0.0548, "plu_last_p0": 0.0024, "plu_last_p1": 0.0538, "plu_med_p0": 0.02225, "plu_med_p1": 0.0616, "problems": [], "rc": 0, "rep": 2, "seconds": 7.601032, "seed": "7", "src": 84604, "status": "LIVE", "summary": true, "truth_egress_p0": 78251, "truth_egress_p1": 18566, "truth_gso_p0": 3.86, "truth_gso_p1": 1.6, "truth_loss_p0": 0.02377, "truth_loss_p1": 0.054239, "truth_lost_p0": 1860, "truth_lost_p1": 1007, "truth_rcvbuf_drops": 0, "util": 0.7143766793772214, "wall_s": 10.0, "winline_cli": true, "winline_srv": true}
BLOCK-COMPLETE rep=2 seed=7 block=3 2026-10-04T15:54:08Z
=== rep=3 seed=42 cell=c1s-400 arm=OLD attempt=1 pipeline=window hint=bulk spec=c1/c1/single bytes=400000000 bin=/home/vibe/v4/bin/old/raptorpath sha=f3743664cb48ad81 15:54:08
COTENANT c1s-400-OLD s42 rep=3 before=0 after=0 load=1.28 1.61 1.76
--- RWM-C perf pipeline=window mode=single hint=bulk A=c1 B=c1 ooo=0 extra='' T=default (400000000 x 1) start=17:54:10
{"bytes":400000000,"dnf":0,"hint":"bulk","max_s":10.5488,"mean_mbps":303.351,"mean_s":10.5488,"median_s":10.5488,"min_s":10.5488,"proto":"rp-native","runs":1,"stdev_s":0.0,"summary":true}
    CPU: CPUSRV=11.97s CPUCLI=14.40s (srv=decoder cli=sender; whole-invocation incl warmup)
    [TRUTH] leg=0 dev=cli0 egress_dgrams=343715 egress_skbs=40890 gso=8.41 netem_sent_dgrams=343266 netem_dropped_skbs=50 backlog=0 lost=449 loss=0.001306 rcvbuf_drops=50 rcvbuf_scope=netns
RUNTIME c1s-400-OLD s42 rep=3 attempt=1 13s rc=0
V4ROW {"arm": "OLD", "bin": "old", "bin_sha": "f3743664cb48ad81deef239d44710f4b12bf08f2db65c6d90fc5a947ed500035", "busy_last": 56.0, "busy_med": 53.0, "cad_cli": false, "cad_srv": false, "cadoff_cli": false, "cadoff_srv": false, "cell": "c1s-400", "cod": 119, "coded_share": 0.000352957576872084, "cotenant": 0, "cpu_cli": 14.4, "cpu_srv": 11.97, "cpu_us_per_dgram": 41.89517478143229, "diag_lines": 42, "dnf": false, "egress_dgrams": 343715, "emb_echo_cli": false, "emb_echo_srv": false, "emb_gate_cli": 0, "emb_gate_srv": 0, "feed_ratio_p0": 2.0673813169984685, "gates_cli": true, "gates_srv": true, "gen_guard": false, "header": ["window", "bulk"], "mbps": 303.351, "pa_cli": 0, "pa_srv": 0, "pipe_cli": ["window", "Rlc", "bulk"], "pipe_srv": ["window", "Rlc", "bulk"], "plc_p0": 0.0027, "plu_last_p0": 0.0354, "plu_med_p0": 0.0354, "problems": [], "rc": 0, "rep": 3, "seconds": 10.548827, "seed": "42", "src": 337032, "status": "LIVE", "summary": true, "truth_egress_p0": 343715, "truth_gso_p0": 8.41, "truth_loss_p0": 0.001306, "truth_lost_p0": 449, "truth_rcvbuf_drops": 50, "util": 1.3650806862222693, "wall_s": 13.0, "winline_cli": true, "winline_srv": true}
=== rep=3 seed=42 cell=c1s-400 arm=EMB attempt=1 pipeline=window hint=bulk spec=c1/c1/single bytes=400000000 bin=/home/vibe/v4/bin/new/raptorpath sha=aa88d648def0b125 15:54:21
COTENANT c1s-400-EMB s42 rep=3 before=0 after=0 load=1.32 1.61 1.76
--- RWM-C perf pipeline=window mode=single hint=bulk A=c1 B=c1 ooo=0 extra='' T=default (400000000 x 1) start=17:54:23
{"bytes":400000000,"dnf":0,"hint":"bulk","max_s":6.6695,"mean_mbps":479.795,"mean_s":6.6695,"median_s":6.6695,"min_s":6.6695,"proto":"rp-native","runs":1,"stdev_s":0.0,"summary":true}
    CPU: CPUSRV=8.60s CPUCLI=5.99s (srv=decoder cli=sender; whole-invocation incl warmup)
    [TRUTH] leg=0 dev=cli0 egress_dgrams=341791 egress_skbs=37850 gso=9.03 netem_sent_dgrams=341445 netem_dropped_skbs=41 backlog=0 lost=346 loss=0.001012 rcvbuf_drops=85 rcvbuf_scope=netns
RUNTIME c1s-400-EMB s42 rep=3 attempt=1 9s rc=0
V4ROW {"arm": "EMB", "bin": "new", "bin_sha": "aa88d648def0b1253985b9d9ad6955d2190277bebc09026aaa2b79ce64ebd262", "busy_last": 56.0, "busy_med": 34.0, "cad_cli": true, "cad_srv": true, "cadoff_cli": false, "cadoff_srv": false, "cell": "c1s-400", "cod": 177, "coded_share": 0.0005332979810001295, "cotenant": 0, "cpu_cli": 5.99, "cpu_srv": 8.6, "cpu_us_per_dgram": 17.525329806811765, "diag_lines": 26, "dnf": false, "egress_dgrams": 341791, "emb_echo_cli": true, "emb_echo_srv": true, "emb_gate_cli": 1, "emb_gate_srv": 1, "feed_ratio_p0": 3.359683794466403, "gates_cli": true, "gates_srv": true, "gen_guard": false, "header": ["window", "bulk"], "mbps": 479.795, "pa_cli": 0, "pa_srv": 0, "pipe_cli": ["window", "Rlc", "bulk"], "pipe_srv": ["window", "Rlc", "bulk"], "plc_p0": 0.0034, "plu_last_p0": 0.0006, "plu_med_p0": 0.0003, "problems": [], "rc": 0, "rep": 3, "seconds": 6.669516, "seed": "42", "src": 331720, "status": "LIVE", "summary": true, "truth_egress_p0": 341791, "truth_gso_p0": 9.03, "truth_loss_p0": 0.001012, "truth_lost_p0": 346, "truth_rcvbuf_drops": 85, "util": 0.8981161451595588, "wall_s": 9.0, "winline_cli": true, "winline_srv": true}
=== rep=3 seed=42 cell=c1s-400 arm=NEW attempt=1 pipeline=window hint=bulk spec=c1/c1/single bytes=400000000 bin=/home/vibe/v4/bin/new/raptorpath sha=aa88d648def0b125 15:54:30
COTENANT c1s-400-NEW s42 rep=3 before=0 after=0 load=1.52 1.64 1.77
--- RWM-C perf pipeline=window mode=single hint=bulk A=c1 B=c1 ooo=0 extra='' T=default (400000000 x 1) start=17:54:31
{"bytes":400000000,"dnf":0,"hint":"bulk","max_s":6.1638,"mean_mbps":519.16,"mean_s":6.1638,"median_s":6.1638,"min_s":6.1638,"proto":"rp-native","runs":1,"stdev_s":0.0,"summary":true}
    CPU: CPUSRV=8.20s CPUCLI=7.34s (srv=decoder cli=sender; whole-invocation incl warmup)
    [TRUTH] leg=0 dev=cli0 egress_dgrams=339952 egress_skbs=35961 gso=9.45 netem_sent_dgrams=339588 netem_dropped_skbs=38 backlog=0 lost=364 loss=0.001071 rcvbuf_drops=35 rcvbuf_scope=netns
RUNTIME c1s-400-NEW s42 rep=3 attempt=1 8s rc=0
V4ROW {"arm": "NEW", "bin": "new", "bin_sha": "aa88d648def0b1253985b9d9ad6955d2190277bebc09026aaa2b79ce64ebd262", "busy_last": 39.0, "busy_med": 43.0, "cad_cli": true, "cad_srv": true, "cadoff_cli": false, "cadoff_srv": false, "cell": "c1s-400", "cod": 93, "coded_share": 0.0002807648880865118, "cotenant": 0, "cpu_cli": 7.34, "cpu_srv": 8.2, "cpu_us_per_dgram": 21.59128347531416, "diag_lines": 24, "dnf": false, "egress_dgrams": 339952, "emb_echo_cli": false, "emb_echo_srv": false, "emb_gate_cli": 0, "emb_gate_srv": 0, "feed_ratio_p0": 1.9607843137254903, "gates_cli": true, "gates_srv": true, "gen_guard": false, "header": ["window", "bulk"], "mbps": 519.16, "pa_cli": 0, "pa_srv": 0, "pipe_cli": ["window", "Rlc", "bulk"], "pipe_srv": ["window", "Rlc", "bulk"], "plc_p0": 0.0021, "plu_last_p0": 0.0002, "plu_med_p0": 0.0003, "problems": [], "rc": 0, "rep": 3, "seconds": 6.163807, "seed": "42", "src": 331145, "status": "LIVE", "summary": true, "truth_egress_p0": 339952, "truth_gso_p0": 9.45, "truth_loss_p0": 0.001071, "truth_lost_p0": 364, "truth_rcvbuf_drops": 35, "util": 1.1908224900617426, "wall_s": 8.0, "winline_cli": true, "winline_srv": true}
=== rep=3 seed=42 cell=c1d-400 arm=NEW attempt=1 pipeline=window hint=bulk spec=c1/c1/dual bytes=400000000 bin=/home/vibe/v4/bin/new/raptorpath sha=aa88d648def0b125 15:54:38
COTENANT c1d-400-NEW s42 rep=3 before=0 after=0 load=1.98 1.74 1.80
--- RWM-C perf pipeline=window mode=dual hint=bulk A=c1 B=c1 ooo=0 extra='' T=default (400000000 x 1) start=17:54:40
{"bytes":400000000,"dnf":0,"hint":"bulk","max_s":10.5761,"mean_mbps":302.57,"mean_s":10.5761,"median_s":10.5761,"min_s":10.5761,"proto":"rp-native","runs":1,"stdev_s":0.0,"summary":true}
    CPU: CPUSRV=16.07s CPUCLI=17.21s (srv=decoder cli=sender; whole-invocation incl warmup)
    [TRUTH] leg=0 dev=cli0 egress_dgrams=193239 egress_skbs=54784 gso=3.53 netem_sent_dgrams=193060 netem_dropped_skbs=59 backlog=0 lost=179 loss=0.000926 rcvbuf_drops=14 rcvbuf_scope=netns
    [TRUTH] leg=1 dev=cli1 egress_dgrams=156442 egress_skbs=51555 gso=3.03 netem_sent_dgrams=156336 netem_dropped_skbs=44 backlog=0 lost=106 loss=0.000678 rcvbuf_drops=14 rcvbuf_scope=netns
RUNTIME c1d-400-NEW s42 rep=3 attempt=1 13s rc=0
V4ROW {"arm": "NEW", "bin": "new", "bin_sha": "aa88d648def0b1253985b9d9ad6955d2190277bebc09026aaa2b79ce64ebd262", "busy_last": 88.0, "busy_med": 82.0, "cad_cli": true, "cad_srv": true, "cadoff_cli": false, "cadoff_srv": false, "cell": "c1d-400", "cod": 113, "coded_share": 0.00033647876461672684, "cotenant": 0, "cpu_cli": 17.21, "cpu_srv": 16.07, "cpu_us_per_dgram": 49.2162857003955, "diag_lines": 42, "dnf": false, "egress_dgrams": 349681, "emb_echo_cli": false, "emb_echo_srv": false, "emb_gate_cli": 0, "emb_gate_srv": 0, "feed_ratio_p0": 1.187904967602592, "feed_ratio_p1": 1.0324483775811208, "gates_cli": true, "gates_srv": true, "gen_guard": false, "header": ["window", "bulk"], "mbps": 302.57, "pa_cli": 0, "pa_srv": 0, "pipe_cli": ["window", "Rlc", "bulk"], "pipe_srv": ["window", "Rlc", "bulk"], "plc_p0": 0.0011, "plc_p1": 0.0007, "plu_last_p0": 0.0007, "plu_last_p1": 0.0005, "plu_med_p0": 0.00075, "plu_med_p1": 0.0010500000000000002, "problems": [], "rc": 0, "rep": 3, "seconds": 10.576066, "seed": "42", "src": 335718, "status": "LIVE", "summary": true, "truth_egress_p0": 193239, "truth_egress_p1": 156442, "truth_gso_p0": 3.53, "truth_gso_p1": 3.03, "truth_loss_p0": 0.000926, "truth_loss_p1": 0.000678, "truth_lost_p0": 179, "truth_lost_p1": 106, "truth_rcvbuf_drops": 14, "util": 1.627259133972878, "wall_s": 13.0, "winline_cli": true, "winline_srv": true}
=== rep=3 seed=42 cell=c1d-400 arm=OLD attempt=1 pipeline=window hint=bulk spec=c1/c1/dual bytes=400000000 bin=/home/vibe/v4/bin/old/raptorpath sha=f3743664cb48ad81 15:54:51
COTENANT c1d-400-OLD s42 rep=3 before=0 after=0 load=2.88 1.95 1.87
--- RWM-C perf pipeline=window mode=dual hint=bulk A=c1 B=c1 ooo=0 extra='' T=default (400000000 x 1) start=17:54:52
{"bytes":400000000,"dnf":0,"hint":"bulk","max_s":15.8521,"mean_mbps":201.867,"mean_s":15.8521,"median_s":15.8521,"min_s":15.8521,"proto":"rp-native","runs":1,"stdev_s":0.0,"summary":true}
    CPU: CPUSRV=19.62s CPUCLI=26.97s (srv=decoder cli=sender; whole-invocation incl warmup)
    [TRUTH] leg=0 dev=cli0 egress_dgrams=205991 egress_skbs=63378 gso=3.25 netem_sent_dgrams=205805 netem_dropped_skbs=71 backlog=0 lost=186 loss=0.000903 rcvbuf_drops=25 rcvbuf_scope=netns
    [TRUTH] leg=1 dev=cli1 egress_dgrams=151670 egress_skbs=56730 gso=2.67 netem_sent_dgrams=151543 netem_dropped_skbs=51 backlog=0 lost=127 loss=0.000837 rcvbuf_drops=25 rcvbuf_scope=netns
RUNTIME c1d-400-OLD s42 rep=3 attempt=1 18s rc=0
V4ROW {"arm": "OLD", "bin": "old", "bin_sha": "f3743664cb48ad81deef239d44710f4b12bf08f2db65c6d90fc5a947ed500035", "busy_last": 95.0, "busy_med": 86.0, "cad_cli": false, "cad_srv": false, "cadoff_cli": false, "cadoff_srv": false, "cell": "c1d-400", "cod": 168, "coded_share": 0.0004990672196014592, "cotenant": 0, "cpu_cli": 26.97, "cpu_srv": 19.62, "cpu_us_per_dgram": 75.4066001045683, "diag_lines": 63, "dnf": false, "egress_dgrams": 357661, "emb_echo_cli": false, "emb_echo_srv": false, "emb_gate_cli": 0, "emb_gate_srv": 0, "feed_ratio_p0": 2.2148394241417497, "feed_ratio_p1": 1.1947431302270013, "gates_cli": true, "gates_srv": true, "gen_guard": false, "header": ["window", "bulk"], "mbps": 201.867, "pa_cli": 0, "pa_srv": 0, "pipe_cli": ["window", "Rlc", "bulk"], "pipe_srv": ["window", "Rlc", "bulk"], "plc_p0": 0.002, "plc_p1": 0.001, "plu_last_p0": 0.0354, "plu_last_p1": 0.0354, "plu_med_p0": 0.0354, "plu_med_p1": 0.0354, "problems": [], "rc": 0, "rep": 3, "seconds": 15.852056, "seed": "42", "src": 336460, "status": "LIVE", "summary": true, "truth_egress_p0": 205991, "truth_egress_p1": 151670, "truth_gso_p0": 3.25, "truth_gso_p1": 2.67, "truth_loss_p0": 0.000903, "truth_loss_p1": 0.000837, "truth_lost_p0": 186, "truth_lost_p1": 127, "truth_rcvbuf_drops": 25, "util": 1.7013565937440545, "wall_s": 18.0, "winline_cli": true, "winline_srv": true}
=== rep=3 seed=42 cell=c2-100 arm=EMB attempt=1 pipeline=window hint=bulk spec=c2/c2/single bytes=100000000 bin=/home/vibe/v4/bin/new/raptorpath sha=aa88d648def0b125 15:55:09
COTENANT c2-100-EMB s42 rep=3 before=0 after=0 load=2.51 1.90 1.85
--- RWM-C perf pipeline=window mode=single hint=bulk A=c2 B=c2 ooo=0 extra='' T=default (100000000 x 1) start=17:55:10
{"bytes":100000000,"dnf":0,"hint":"bulk","max_s":8.9627,"mean_mbps":89.258,"mean_s":8.9627,"median_s":8.9627,"min_s":8.9627,"proto":"rp-native","runs":1,"stdev_s":0.0,"summary":true}
    CPU: CPUSRV=4.71s CPUCLI=3.23s (srv=decoder cli=sender; whole-invocation incl warmup)
    [TRUTH] leg=0 dev=cli0 egress_dgrams=95280 egress_skbs=19311 gso=4.93 netem_sent_dgrams=92750 netem_dropped_skbs=503 backlog=0 lost=2530 loss=0.026553 rcvbuf_drops=0 rcvbuf_scope=netns
RUNTIME c2-100-EMB s42 rep=3 attempt=1 11s rc=0
V4ROW {"arm": "EMB", "bin": "new", "bin_sha": "aa88d648def0b1253985b9d9ad6955d2190277bebc09026aaa2b79ce64ebd262", "busy_last": 11.0, "busy_med": 13.0, "cad_cli": true, "cad_srv": true, "cadoff_cli": false, "cadoff_srv": false, "cell": "c2-100", "cod": 421, "coded_share": 0.004999168784287648, "cotenant": 0, "cpu_cli": 3.23, "cpu_srv": 4.71, "cpu_us_per_dgram": 33.900083963056254, "diag_lines": 35, "dnf": false, "egress_dgrams": 95280, "emb_echo_cli": true, "emb_echo_srv": true, "emb_gate_cli": 1, "emb_gate_srv": 1, "feed_ratio_p0": 1.0168342560162693, "gates_cli": true, "gates_srv": true, "gen_guard": false, "header": ["window", "bulk"], "mbps": 89.258, "pa_cli": 0, "pa_srv": 0, "pipe_cli": ["window", "Rlc", "bulk"], "pipe_srv": ["window", "Rlc", "bulk"], "plc_p0": 0.027, "plu_last_p0": 0.0308, "plu_med_p0": 0.0155, "problems": [], "rc": 0, "rep": 3, "seconds": 8.962735, "seed": "42", "src": 83793, "status": "LIVE", "summary": true, "truth_egress_p0": 95280, "truth_gso_p0": 4.93, "truth_loss_p0": 0.026553, "truth_lost_p0": 2530, "truth_rcvbuf_drops": 0, "util": 0.36038106671680015, "wall_s": 11.0, "winline_cli": true, "winline_srv": true}
=== rep=3 seed=42 cell=c2-100 arm=NEW attempt=1 pipeline=window hint=bulk spec=c2/c2/single bytes=100000000 bin=/home/vibe/v4/bin/new/raptorpath sha=aa88d648def0b125 15:55:20
COTENANT c2-100-NEW s42 rep=3 before=0 after=0 load=2.21 1.85 1.84
--- RWM-C perf pipeline=window mode=single hint=bulk A=c2 B=c2 ooo=0 extra='' T=default (100000000 x 1) start=17:55:21
{"bytes":100000000,"dnf":0,"hint":"bulk","max_s":8.9602,"mean_mbps":89.284,"mean_s":8.9602,"median_s":8.9602,"min_s":8.9602,"proto":"rp-native","runs":1,"stdev_s":0.0,"summary":true}
    CPU: CPUSRV=4.75s CPUCLI=3.67s (srv=decoder cli=sender; whole-invocation incl warmup)
    [TRUTH] leg=0 dev=cli0 egress_dgrams=94741 egress_skbs=21592 gso=4.39 netem_sent_dgrams=92265 netem_dropped_skbs=552 backlog=0 lost=2476 loss=0.026134 rcvbuf_drops=0 rcvbuf_scope=netns
RUNTIME c2-100-NEW s42 rep=3 attempt=1 11s rc=0
V4ROW {"arm": "NEW", "bin": "new", "bin_sha": "aa88d648def0b1253985b9d9ad6955d2190277bebc09026aaa2b79ce64ebd262", "busy_last": 10.0, "busy_med": 14.0, "cad_cli": true, "cad_srv": true, "cadoff_cli": false, "cadoff_srv": false, "cell": "c2-100", "cod": 436, "coded_share": 0.005176856128519015, "cotenant": 0, "cpu_cli": 3.67, "cpu_srv": 4.75, "cpu_us_per_dgram": 38.737188756715675, "diag_lines": 35, "dnf": false, "egress_dgrams": 94741, "emb_echo_cli": false, "emb_echo_srv": false, "emb_gate_cli": 0, "emb_gate_srv": 0, "feed_ratio_p0": 1.0178311777760771, "gates_cli": true, "gates_srv": true, "gen_guard": false, "header": ["window", "bulk"], "mbps": 89.284, "pa_cli": 0, "pa_srv": 0, "pipe_cli": ["window", "Rlc", "bulk"], "pipe_srv": ["window", "Rlc", "bulk"], "plc_p0": 0.0266, "plu_last_p0": 0.0022, "plu_med_p0": 0.0242, "problems": [], "rc": 0, "rep": 3, "seconds": 8.96018, "seed": "42", "src": 83785, "status": "LIVE", "summary": true, "truth_egress_p0": 94741, "truth_gso_p0": 4.39, "truth_loss_p0": 0.026134, "truth_lost_p0": 2476, "truth_rcvbuf_drops": 0, "util": 0.40958998591546153, "wall_s": 11.0, "winline_cli": true, "winline_srv": true}
=== rep=3 seed=42 cell=c2-100 arm=OLD attempt=1 pipeline=window hint=bulk spec=c2/c2/single bytes=100000000 bin=/home/vibe/v4/bin/old/raptorpath sha=f3743664cb48ad81 15:55:31
COTENANT c2-100-OLD s42 rep=3 before=0 after=0 load=1.79 1.78 1.81
--- RWM-C perf pipeline=window mode=single hint=bulk A=c2 B=c2 ooo=0 extra='' T=default (100000000 x 1) start=17:55:32
{"bytes":100000000,"dnf":0,"hint":"bulk","max_s":9.045,"mean_mbps":88.447,"mean_s":9.045,"median_s":9.045,"min_s":9.045,"proto":"rp-native","runs":1,"stdev_s":0.0,"summary":true}
    CPU: CPUSRV=4.58s CPUCLI=4.88s (srv=decoder cli=sender; whole-invocation incl warmup)
    [TRUTH] leg=0 dev=cli0 egress_dgrams=88396 egress_skbs=14029 gso=6.30 netem_sent_dgrams=86208 netem_dropped_skbs=350 backlog=0 lost=2188 loss=0.024752 rcvbuf_drops=0 rcvbuf_scope=netns
RUNTIME c2-100-OLD s42 rep=3 attempt=1 11s rc=0
V4ROW {"arm": "OLD", "bin": "old", "bin_sha": "f3743664cb48ad81deef239d44710f4b12bf08f2db65c6d90fc5a947ed500035", "busy_last": 15.0, "busy_med": 18.5, "cad_cli": false, "cad_srv": false, "cadoff_cli": false, "cadoff_srv": false, "cell": "c2-100", "cod": 408, "coded_share": 0.004799322448595492, "cotenant": 0, "cpu_cli": 4.88, "cpu_srv": 4.58, "cpu_us_per_dgram": 55.20611792388796, "diag_lines": 36, "dnf": false, "egress_dgrams": 88396, "emb_echo_cli": false, "emb_echo_srv": false, "emb_gate_cli": 0, "emb_gate_srv": 0, "feed_ratio_p0": 1.0019392372333549, "gates_cli": true, "gates_srv": true, "gen_guard": false, "header": ["window", "bulk"], "mbps": 88.447, "pa_cli": 0, "pa_srv": 0, "pipe_cli": ["window", "Rlc", "bulk"], "pipe_srv": ["window", "Rlc", "bulk"], "plc_p0": 0.0248, "plu_last_p0": 0.1572, "plu_med_p0": 0.0354, "problems": [], "rc": 0, "rep": 3, "seconds": 9.044992, "seed": "42", "src": 84604, "status": "LIVE", "summary": true, "truth_egress_p0": 88396, "truth_gso_p0": 6.3, "truth_loss_p0": 0.024752, "truth_lost_p0": 2188, "truth_rcvbuf_drops": 0, "util": 0.539525076417978, "wall_s": 11.0, "winline_cli": true, "winline_srv": true}
=== rep=3 seed=42 cell=c2-100 arm=NEWa attempt=1 pipeline=window hint=auto spec=c2/c2/single bytes=100000000 bin=/home/vibe/v4/bin/new/raptorpath sha=aa88d648def0b125 15:55:42
COTENANT c2-100-NEWa s42 rep=3 before=0 after=0 load=1.73 1.77 1.81
--- RWM-C perf pipeline=window mode=single hint=auto A=c2 B=c2 ooo=0 extra='' T=default (100000000 x 1) start=17:55:44
{"bytes":100000000,"dnf":0,"hint":"auto","max_s":10.3082,"mean_mbps":77.608,"mean_s":10.3082,"median_s":10.3082,"min_s":10.3082,"proto":"rp-native","runs":1,"stdev_s":0.0,"summary":true}
    CPU: CPUSRV=5.68s CPUCLI=4.05s (srv=decoder cli=sender; whole-invocation incl warmup)
    [TRUTH] leg=0 dev=cli0 egress_dgrams=107247 egress_skbs=26048 gso=4.12 netem_sent_dgrams=104612 netem_dropped_skbs=641 backlog=0 lost=2635 loss=0.024569 rcvbuf_drops=0 rcvbuf_scope=netns
RUNTIME c2-100-NEWa s42 rep=3 attempt=1 12s rc=0
V4ROW {"arm": "NEWa", "bin": "new", "bin_sha": "aa88d648def0b1253985b9d9ad6955d2190277bebc09026aaa2b79ce64ebd262", "busy_last": 9.0, "busy_med": 14.0, "cad_cli": true, "cad_srv": true, "cadoff_cli": false, "cadoff_srv": false, "cell": "c2-100", "cod": 12406, "coded_share": 0.127883723327492, "cotenant": 0, "cpu_cli": 4.05, "cpu_srv": 5.68, "cpu_us_per_dgram": 37.76329407815603, "diag_lines": 41, "dnf": false, "egress_dgrams": 107247, "emb_echo_cli": false, "emb_echo_srv": false, "emb_gate_cli": 0, "emb_gate_srv": 0, "feed_ratio_p0": 1.0053319223411616, "gates_cli": true, "gates_srv": true, "gen_guard": false, "header": ["window", "auto"], "mbps": 77.608, "pa_cli": 0, "pa_srv": 0, "pipe_cli": ["window", "Rlc", "auto"], "pipe_srv": ["window", "Rlc", "auto"], "plc_p0": 0.0247, "plu_last_p0": 0.0225, "plu_med_p0": 0.0216, "problems": [], "rc": 0, "rep": 3, "seconds": 10.308169, "seed": "42", "src": 84604, "status": "LIVE", "summary": true, "truth_egress_p0": 107247, "truth_gso_p0": 4.12, "truth_loss_p0": 0.024569, "truth_lost_p0": 2635, "truth_rcvbuf_drops": 0, "util": 0.3928922779593544, "wall_s": 12.0, "winline_cli": true, "winline_srv": true}
=== rep=3 seed=42 cell=c2-100 arm=OLDa attempt=1 pipeline=window hint=auto spec=c2/c2/single bytes=100000000 bin=/home/vibe/v4/bin/old/raptorpath sha=f3743664cb48ad81 15:55:54
COTENANT c2-100-OLDa s42 rep=3 before=0 after=0 load=1.66 1.75 1.80
--- RWM-C perf pipeline=window mode=single hint=auto A=c2 B=c2 ooo=0 extra='' T=default (100000000 x 1) start=17:55:56
{"bytes":100000000,"dnf":0,"hint":"auto","max_s":10.6793,"mean_mbps":74.911,"mean_s":10.6793,"median_s":10.6793,"min_s":10.6793,"proto":"rp-native","runs":1,"stdev_s":0.0,"summary":true}
    CPU: CPUSRV=6.11s CPUCLI=6.28s (srv=decoder cli=sender; whole-invocation incl warmup)
    [TRUTH] leg=0 dev=cli0 egress_dgrams=111524 egress_skbs=26281 gso=4.24 netem_sent_dgrams=108833 netem_dropped_skbs=648 backlog=0 lost=2691 loss=0.024129 rcvbuf_drops=0 rcvbuf_scope=netns
RUNTIME c2-100-OLDa s42 rep=3 attempt=1 13s rc=0
V4ROW {"arm": "OLDa", "bin": "old", "bin_sha": "f3743664cb48ad81deef239d44710f4b12bf08f2db65c6d90fc5a947ed500035", "busy_last": 21.0, "busy_med": 25.0, "cad_cli": false, "cad_srv": false, "cadoff_cli": false, "cadoff_srv": false, "cell": "c2-100", "cod": 17110, "coded_share": 0.16872935259602584, "cotenant": 0, "cpu_cli": 6.28, "cpu_srv": 6.11, "cpu_us_per_dgram": 56.31074925576557, "diag_lines": 42, "dnf": false, "egress_dgrams": 111524, "emb_echo_cli": false, "emb_echo_srv": false, "emb_gate_cli": 0, "emb_gate_srv": 0, "feed_ratio_p0": 0.9905093456007295, "gates_cli": true, "gates_srv": true, "gen_guard": false, "header": ["window", "auto"], "mbps": 74.911, "pa_cli": 0, "pa_srv": 0, "pipe_cli": ["window", "Rlc", "auto"], "pipe_srv": ["window", "Rlc", "auto"], "plc_p0": 0.0239, "plu_last_p0": 0.0354, "plu_med_p0": 0.0354, "problems": [], "rc": 0, "rep": 3, "seconds": 10.679297, "seed": "42", "src": 84295, "status": "LIVE", "summary": true, "truth_egress_p0": 111524, "truth_gso_p0": 4.24, "truth_loss_p0": 0.024129, "truth_lost_p0": 2691, "truth_rcvbuf_drops": 0, "util": 0.5880536893018333, "wall_s": 13.0, "winline_cli": true, "winline_srv": true}
=== rep=3 seed=42 cell=c3-25 arm=EMB attempt=1 pipeline=window hint=bulk spec=c3/c3/single bytes=25000000 bin=/home/vibe/v4/bin/new/raptorpath sha=aa88d648def0b125 15:56:07
COTENANT c3-25-EMB s42 rep=3 before=0 after=0 load=1.48 1.71 1.79
--- RWM-C perf pipeline=window mode=single hint=bulk A=c3 B=c3 ooo=0 extra='' T=default (25000000 x 1) start=17:56:09
{"bytes":25000000,"dnf":0,"hint":"bulk","max_s":11.5097,"mean_mbps":17.377,"mean_s":11.5097,"median_s":11.5097,"min_s":11.5097,"proto":"rp-native","runs":1,"stdev_s":0.0,"summary":true}
    CPU: CPUSRV=1.75s CPUCLI=1.83s (srv=decoder cli=sender; whole-invocation incl warmup)
    [TRUTH] leg=0 dev=cli0 egress_dgrams=25876 egress_skbs=7936 gso=3.26 netem_sent_dgrams=24578 netem_dropped_skbs=397 backlog=1 lost=1297 loss=0.050124 rcvbuf_drops=0 rcvbuf_scope=netns
RUNTIME c3-25-EMB s42 rep=3 attempt=1 14s rc=0
V4ROW {"arm": "EMB", "bin": "new", "bin_sha": "aa88d648def0b1253985b9d9ad6955d2190277bebc09026aaa2b79ce64ebd262", "busy_last": 4.0, "busy_med": 6.0, "cad_cli": true, "cad_srv": true, "cadoff_cli": false, "cadoff_srv": false, "cell": "c3-25", "cod": 245, "coded_share": 0.011450203299527971, "cotenant": 0, "cpu_cli": 1.83, "cpu_srv": 1.75, "cpu_us_per_dgram": 70.72190446746019, "diag_lines": 46, "dnf": false, "egress_dgrams": 25876, "emb_echo_cli": true, "emb_echo_srv": true, "emb_gate_cli": 1, "emb_gate_srv": 1, "feed_ratio_p0": 0.9995211874551113, "gates_cli": true, "gates_srv": true, "gen_guard": false, "header": ["window", "bulk"], "mbps": 17.377, "pa_cli": 0, "pa_srv": 0, "pipe_cli": ["window", "Rlc", "bulk"], "pipe_srv": ["window", "Rlc", "bulk"], "plc_p0": 0.0501, "plu_last_p0": 0.0103, "plu_med_p0": 0.032299999999999995, "problems": [], "rc": 0, "rep": 3, "seconds": 11.509747, "seed": "42", "src": 21152, "status": "LIVE", "summary": true, "truth_egress_p0": 25876, "truth_gso_p0": 3.26, "truth_loss_p0": 0.050124, "truth_lost_p0": 1297, "truth_rcvbuf_drops": 0, "util": 0.1589956755782729, "wall_s": 14.0, "winline_cli": true, "winline_srv": true}
=== rep=3 seed=42 cell=c3-25 arm=NEW attempt=1 pipeline=window hint=bulk spec=c3/c3/single bytes=25000000 bin=/home/vibe/v4/bin/new/raptorpath sha=aa88d648def0b125 15:56:21
COTENANT c3-25-NEW s42 rep=3 before=0 after=0 load=1.29 1.65 1.77
--- RWM-C perf pipeline=window mode=single hint=bulk A=c3 B=c3 ooo=0 extra='' T=default (25000000 x 1) start=17:56:23
{"bytes":25000000,"dnf":0,"hint":"bulk","max_s":11.4764,"mean_mbps":17.427,"mean_s":11.4764,"median_s":11.4764,"min_s":11.4764,"proto":"rp-native","runs":1,"stdev_s":0.0,"summary":true}
    CPU: CPUSRV=1.61s CPUCLI=1.78s (srv=decoder cli=sender; whole-invocation incl warmup)
    [TRUTH] leg=0 dev=cli0 egress_dgrams=26645 egress_skbs=7738 gso=3.44 netem_sent_dgrams=25320 netem_dropped_skbs=389 backlog=0 lost=1325 loss=0.049728 rcvbuf_drops=0 rcvbuf_scope=netns
RUNTIME c3-25-NEW s42 rep=3 attempt=1 14s rc=0
V4ROW {"arm": "NEW", "bin": "new", "bin_sha": "aa88d648def0b1253985b9d9ad6955d2190277bebc09026aaa2b79ce64ebd262", "busy_last": 5.0, "busy_med": 5.0, "cad_cli": true, "cad_srv": true, "cadoff_cli": false, "cadoff_srv": false, "cell": "c3-25", "cod": 218, "coded_share": 0.01020121665886757, "cotenant": 0, "cpu_cli": 1.78, "cpu_srv": 1.61, "cpu_us_per_dgram": 66.80427847626196, "diag_lines": 46, "dnf": false, "egress_dgrams": 26645, "emb_echo_cli": false, "emb_echo_srv": false, "emb_gate_cli": 0, "emb_gate_srv": 0, "feed_ratio_p0": 0.9873712998712998, "gates_cli": true, "gates_srv": true, "gen_guard": false, "header": ["window", "bulk"], "mbps": 17.427, "pa_cli": 0, "pa_srv": 0, "pipe_cli": ["window", "Rlc", "bulk"], "pipe_srv": ["window", "Rlc", "bulk"], "plc_p0": 0.0491, "plu_last_p0": 0.2679, "plu_med_p0": 0.02975, "problems": [], "rc": 0, "rep": 3, "seconds": 11.476378, "seed": "42", "src": 21152, "status": "LIVE", "summary": true, "truth_egress_p0": 26645, "truth_gso_p0": 3.44, "truth_loss_p0": 0.049728, "truth_lost_p0": 1325, "truth_rcvbuf_drops": 0, "util": 0.15510120004761083, "wall_s": 14.0, "winline_cli": true, "winline_srv": true}
=== rep=3 seed=42 cell=c3-25 arm=OLD attempt=1 pipeline=window hint=bulk spec=c3/c3/single bytes=25000000 bin=/home/vibe/v4/bin/old/raptorpath sha=f3743664cb48ad81 15:56:35
COTENANT c3-25-OLD s42 rep=3 before=0 after=0 load=1.01 1.57 1.74
--- RWM-C perf pipeline=window mode=single hint=bulk A=c3 B=c3 ooo=0 extra='' T=default (25000000 x 1) start=17:56:37
{"bytes":25000000,"dnf":0,"hint":"bulk","max_s":11.4804,"mean_mbps":17.421,"mean_s":11.4804,"median_s":11.4804,"min_s":11.4804,"proto":"rp-native","runs":1,"stdev_s":0.0,"summary":true}
    CPU: CPUSRV=1.64s CPUCLI=2.21s (srv=decoder cli=sender; whole-invocation incl warmup)
    [TRUTH] leg=0 dev=cli0 egress_dgrams=25812 egress_skbs=7886 gso=3.27 netem_sent_dgrams=24603 netem_dropped_skbs=391 backlog=0 lost=1209 loss=0.046839 rcvbuf_drops=0 rcvbuf_scope=netns
RUNTIME c3-25-OLD s42 rep=3 attempt=1 14s rc=0
V4ROW {"arm": "OLD", "bin": "old", "bin_sha": "f3743664cb48ad81deef239d44710f4b12bf08f2db65c6d90fc5a947ed500035", "busy_last": 4.0, "busy_med": 7.0, "cad_cli": false, "cad_srv": false, "cadoff_cli": false, "cadoff_srv": false, "cell": "c3-25", "cod": 225, "coded_share": 0.010525330963184731, "cotenant": 0, "cpu_cli": 2.21, "cpu_srv": 1.64, "cpu_us_per_dgram": 85.61909189524252, "diag_lines": 45, "dnf": false, "egress_dgrams": 25812, "emb_echo_cli": false, "emb_echo_srv": false, "emb_gate_cli": 0, "emb_gate_srv": 0, "feed_ratio_p0": 0.9927624415551144, "gates_cli": true, "gates_srv": true, "gen_guard": false, "header": ["window", "bulk"], "mbps": 17.421, "pa_cli": 0, "pa_srv": 0, "pipe_cli": ["window", "Rlc", "bulk"], "pipe_srv": ["window", "Rlc", "bulk"], "plc_p0": 0.0465, "plu_last_p0": 0.0428, "plu_med_p0": 0.0456, "problems": [], "rc": 0, "rep": 3, "seconds": 11.480371, "seed": "42", "src": 21152, "status": "LIVE", "summary": true, "truth_egress_p0": 25812, "truth_gso_p0": 3.27, "truth_loss_p0": 0.046839, "truth_lost_p0": 1209, "truth_rcvbuf_drops": 0, "util": 0.19250248968434905, "wall_s": 14.0, "winline_cli": true, "winline_srv": true}
=== rep=3 seed=42 cell=c3-25 arm=NEWa attempt=1 pipeline=window hint=auto spec=c3/c3/single bytes=25000000 bin=/home/vibe/v4/bin/new/raptorpath sha=aa88d648def0b125 15:56:49
COTENANT c3-25-NEWa s42 rep=3 before=0 after=0 load=0.86 1.51 1.72
--- RWM-C perf pipeline=window mode=single hint=auto A=c3 B=c3 ooo=0 extra='' T=default (25000000 x 1) start=17:56:51
{"bytes":25000000,"dnf":0,"hint":"auto","max_s":12.7516,"mean_mbps":15.684,"mean_s":12.7516,"median_s":12.7516,"min_s":12.7516,"proto":"rp-native","runs":1,"stdev_s":0.0,"summary":true}
    CPU: CPUSRV=1.81s CPUCLI=1.92s (srv=decoder cli=sender; whole-invocation incl warmup)
    [TRUTH] leg=0 dev=cli0 egress_dgrams=27114 egress_skbs=7686 gso=3.53 netem_sent_dgrams=25738 netem_dropped_skbs=386 backlog=0 lost=1376 loss=0.050749 rcvbuf_drops=0 rcvbuf_scope=netns
RUNTIME c3-25-NEWa s42 rep=3 attempt=1 15s rc=0
V4ROW {"arm": "NEWa", "bin": "new", "bin_sha": "aa88d648def0b1253985b9d9ad6955d2190277bebc09026aaa2b79ce64ebd262", "busy_last": 4.0, "busy_med": 6.0, "cad_cli": true, "cad_srv": true, "cadoff_cli": false, "cadoff_srv": false, "cell": "c3-25", "cod": 330, "coded_share": 0.01536169816590634, "cotenant": 0, "cpu_cli": 1.92, "cpu_srv": 1.81, "cpu_us_per_dgram": 70.81212657667625, "diag_lines": 51, "dnf": false, "egress_dgrams": 27114, "emb_echo_cli": false, "emb_echo_srv": false, "emb_gate_cli": 0, "emb_gate_srv": 0, "feed_ratio_p0": 0.9970639815562867, "gates_cli": true, "gates_srv": true, "gen_guard": false, "header": ["window", "auto"], "mbps": 15.684, "pa_cli": 0, "pa_srv": 0, "pipe_cli": ["window", "Rlc", "auto"], "pipe_srv": ["window", "Rlc", "auto"], "plc_p0": 0.0506, "plu_last_p0": 0.0435, "plu_med_p0": 0.029, "problems": [], "rc": 0, "rep": 3, "seconds": 12.751611, "seed": "42", "src": 21152, "status": "LIVE", "summary": true, "truth_egress_p0": 27114, "truth_gso_p0": 3.53, "truth_loss_p0": 0.050749, "truth_lost_p0": 1376, "truth_rcvbuf_drops": 0, "util": 0.150569210431529, "wall_s": 15.0, "winline_cli": true, "winline_srv": true}
=== rep=3 seed=42 cell=c3-25 arm=OLDa attempt=1 pipeline=window hint=auto spec=c3/c3/single bytes=25000000 bin=/home/vibe/v4/bin/old/raptorpath sha=f3743664cb48ad81 15:57:04
COTENANT c3-25-OLDa s42 rep=3 before=0 after=0 load=0.83 1.47 1.70
--- RWM-C perf pipeline=window mode=single hint=auto A=c3 B=c3 ooo=0 extra='' T=default (25000000 x 1) start=17:57:06
{"bytes":25000000,"dnf":0,"hint":"auto","max_s":13.4639,"mean_mbps":14.855,"mean_s":13.4639,"median_s":13.4639,"min_s":13.4639,"proto":"rp-native","runs":1,"stdev_s":0.0,"summary":true}
    CPU: CPUSRV=1.90s CPUCLI=2.56s (srv=decoder cli=sender; whole-invocation incl warmup)
    [TRUTH] leg=0 dev=cli0 egress_dgrams=29019 egress_skbs=9062 gso=3.20 netem_sent_dgrams=27458 netem_dropped_skbs=454 backlog=0 lost=1561 loss=0.053792 rcvbuf_drops=0 rcvbuf_scope=netns
RUNTIME c3-25-OLDa s42 rep=3 attempt=1 16s rc=0
V4ROW {"arm": "OLDa", "bin": "old", "bin_sha": "f3743664cb48ad81deef239d44710f4b12bf08f2db65c6d90fc5a947ed500035", "busy_last": 6.0, "busy_med": 7.0, "cad_cli": false, "cad_srv": false, "cadoff_cli": false, "cadoff_srv": false, "cell": "c3-25", "cod": 485, "coded_share": 0.02241530711281601, "cotenant": 0, "cpu_cli": 2.56, "cpu_srv": 1.9, "cpu_us_per_dgram": 88.21806402701678, "diag_lines": 53, "dnf": false, "egress_dgrams": 29019, "emb_echo_cli": false, "emb_echo_srv": false, "emb_gate_cli": 0, "emb_gate_srv": 0, "feed_ratio_p0": 1.0298929208804284, "gates_cli": true, "gates_srv": true, "gen_guard": false, "header": ["window", "auto"], "mbps": 14.855, "pa_cli": 0, "pa_srv": 0, "pipe_cli": ["window", "Rlc", "auto"], "pipe_srv": ["window", "Rlc", "auto"], "plc_p0": 0.0554, "plu_last_p0": 0.0414, "plu_med_p0": 0.0456, "problems": [], "rc": 0, "rep": 3, "seconds": 13.463889, "seed": "42", "src": 21152, "status": "LIVE", "summary": true, "truth_egress_p0": 29019, "truth_gso_p0": 3.2, "truth_loss_p0": 0.053792, "truth_lost_p0": 1561, "truth_rcvbuf_drops": 0, "util": 0.1901382282637654, "wall_s": 16.0, "winline_cli": true, "winline_srv": true}
=== rep=3 seed=42 cell=c7-100 arm=NEW attempt=1 pipeline=window hint=bulk spec=c2/c2/dual bytes=100000000 bin=/home/vibe/v4/bin/new/raptorpath sha=aa88d648def0b125 15:57:20
COTENANT c7-100-NEW s42 rep=3 before=0 after=0 load=0.78 1.44 1.69
--- RWM-C perf pipeline=window mode=dual hint=bulk A=c2 B=c2 ooo=0 extra='' T=default (100000000 x 1) start=17:57:21
{"bytes":100000000,"dnf":0,"hint":"bulk","max_s":4.5258,"mean_mbps":176.764,"mean_s":4.5258,"median_s":4.5258,"min_s":4.5258,"proto":"rp-native","runs":1,"stdev_s":0.0,"summary":true}
    CPU: CPUSRV=5.64s CPUCLI=4.80s (srv=decoder cli=sender; whole-invocation incl warmup)
    [TRUTH] leg=0 dev=cli0 egress_dgrams=46973 egress_skbs=16051 gso=2.93 netem_sent_dgrams=45768 netem_dropped_skbs=415 backlog=0 lost=1205 loss=0.025653 rcvbuf_drops=0 rcvbuf_scope=netns
    [TRUTH] leg=1 dev=cli1 egress_dgrams=47058 egress_skbs=15777 gso=2.98 netem_sent_dgrams=45953 netem_dropped_skbs=379 backlog=0 lost=1105 loss=0.023482 rcvbuf_drops=0 rcvbuf_scope=netns
RUNTIME c7-100-NEW s42 rep=3 attempt=1 6s rc=0
V4ROW {"arm": "NEW", "bin": "new", "bin_sha": "aa88d648def0b1253985b9d9ad6955d2190277bebc09026aaa2b79ce64ebd262", "busy_last": 42.0, "busy_med": 49.0, "cad_cli": true, "cad_srv": true, "cadoff_cli": false, "cadoff_srv": false, "cell": "c7-100", "cod": 511, "coded_share": 0.006003642131234213, "cotenant": 0, "cpu_cli": 4.8, "cpu_srv": 5.64, "cpu_us_per_dgram": 51.04699513990067, "diag_lines": 18, "dnf": false, "egress_dgrams": 94031, "emb_echo_cli": false, "emb_echo_srv": false, "emb_gate_cli": 0, "emb_gate_srv": 0, "feed_ratio_p0": 1.0018321443885707, "feed_ratio_p1": 1.0050251256281406, "gates_cli": true, "gates_srv": true, "gen_guard": false, "header": ["window", "bulk"], "mbps": 176.764, "pa_cli": 0, "pa_srv": 0, "pipe_cli": ["window", "Rlc", "bulk"], "pipe_srv": ["window", "Rlc", "bulk"], "plc_p0": 0.0257, "plc_p1": 0.0236, "plu_last_p0": 0.0167, "plu_last_p1": 0.032, "plu_med_p0": 0.0246, "plu_med_p1": 0.02045, "problems": [], "rc": 0, "rep": 3, "seconds": 4.525805, "seed": "42", "src": 84604, "status": "LIVE", "summary": true, "truth_egress_p0": 46973, "truth_egress_p1": 47058, "truth_gso_p0": 2.93, "truth_gso_p1": 2.98, "truth_loss_p0": 0.025653, "truth_loss_p1": 0.023482, "truth_lost_p0": 1205, "truth_lost_p1": 1105, "truth_rcvbuf_drops": 0, "util": 1.0605848020407418, "wall_s": 6.0, "winline_cli": true, "winline_srv": true}
=== rep=3 seed=42 cell=c7-100 arm=OLD attempt=1 pipeline=window hint=bulk spec=c2/c2/dual bytes=100000000 bin=/home/vibe/v4/bin/old/raptorpath sha=f3743664cb48ad81 15:57:26
COTENANT c7-100-OLD s42 rep=3 before=0 after=0 load=1.04 1.48 1.70
--- RWM-C perf pipeline=window mode=dual hint=bulk A=c2 B=c2 ooo=0 extra='' T=default (100000000 x 1) start=17:57:28
{"bytes":100000000,"dnf":0,"hint":"bulk","max_s":4.572,"mean_mbps":174.98,"mean_s":4.572,"median_s":4.572,"min_s":4.572,"proto":"rp-native","runs":1,"stdev_s":0.0,"summary":true}
    CPU: CPUSRV=5.45s CPUCLI=6.64s (srv=decoder cli=sender; whole-invocation incl warmup)
    [TRUTH] leg=0 dev=cli0 egress_dgrams=45549 egress_skbs=12737 gso=3.58 netem_sent_dgrams=44395 netem_dropped_skbs=319 backlog=0 lost=1154 loss=0.025335 rcvbuf_drops=0 rcvbuf_scope=netns
    [TRUTH] leg=1 dev=cli1 egress_dgrams=45804 egress_skbs=13362 gso=3.43 netem_sent_dgrams=44673 netem_dropped_skbs=321 backlog=0 lost=1131 loss=0.024692 rcvbuf_drops=0 rcvbuf_scope=netns
RUNTIME c7-100-OLD s42 rep=3 attempt=1 6s rc=0
V4ROW {"arm": "OLD", "bin": "old", "bin_sha": "f3743664cb48ad81deef239d44710f4b12bf08f2db65c6d90fc5a947ed500035", "busy_last": 45.0, "busy_med": 83.0, "cad_cli": false, "cad_srv": false, "cadoff_cli": false, "cadoff_srv": false, "cell": "c7-100", "cod": 412, "coded_share": 0.004846146607697375, "cotenant": 0, "cpu_cli": 6.64, "cpu_srv": 5.45, "cpu_us_per_dgram": 72.6850787604129, "diag_lines": 18, "dnf": false, "egress_dgrams": 91353, "emb_echo_cli": false, "emb_echo_srv": false, "emb_gate_cli": 0, "emb_gate_srv": 0, "feed_ratio_p0": 0.9907242944543122, "feed_ratio_p1": 1.0084237809816945, "gates_cli": true, "gates_srv": true, "gen_guard": false, "header": ["window", "bulk"], "mbps": 174.98, "pa_cli": 0, "pa_srv": 0, "pipe_cli": ["window", "Rlc", "bulk"], "pipe_srv": ["window", "Rlc", "bulk"], "plc_p0": 0.0251, "plc_p1": 0.0249, "plu_last_p0": 0.0353, "plu_last_p1": 0.0354, "plu_med_p0": 0.035949999999999996, "plu_med_p1": 0.035449999999999995, "problems": [], "rc": 0, "rep": 3, "seconds": 4.571958, "seed": "42", "src": 84604, "status": "LIVE", "summary": true, "truth_egress_p0": 45549, "truth_egress_p1": 45804, "truth_gso_p0": 3.58, "truth_gso_p1": 3.43, "truth_loss_p0": 0.025335, "truth_loss_p1": 0.024692, "truth_lost_p0": 1154, "truth_lost_p1": 1131, "truth_rcvbuf_drops": 0, "util": 1.4523318018232012, "wall_s": 6.0, "winline_cli": true, "winline_srv": true}
=== rep=3 seed=42 cell=c8-100 arm=NEW attempt=1 pipeline=window hint=bulk spec=c2/c3/dual bytes=100000000 bin=/home/vibe/v4/bin/new/raptorpath sha=aa88d648def0b125 15:57:33
COTENANT c8-100-NEW s42 rep=3 before=0 after=0 load=0.88 1.43 1.68
--- RWM-C perf pipeline=window mode=dual hint=bulk A=c2 B=c3 ooo=0 extra='' T=default (100000000 x 1) start=17:57:35
{"bytes":100000000,"dnf":0,"hint":"bulk","max_s":7.8593,"mean_mbps":101.791,"mean_s":7.8593,"median_s":7.8593,"min_s":7.8593,"proto":"rp-native","runs":1,"stdev_s":0.0,"summary":true}
    CPU: CPUSRV=5.93s CPUCLI=5.57s (srv=decoder cli=sender; whole-invocation incl warmup)
    [TRUTH] leg=0 dev=cli0 egress_dgrams=75080 egress_skbs=15145 gso=4.96 netem_sent_dgrams=73217 netem_dropped_skbs=388 backlog=0 lost=1863 loss=0.024814 rcvbuf_drops=0 rcvbuf_scope=netns
    [TRUTH] leg=1 dev=cli1 egress_dgrams=18812 egress_skbs=11813 gso=1.59 netem_sent_dgrams=18034 netem_dropped_skbs=516 backlog=0 lost=778 loss=0.041357 rcvbuf_drops=0 rcvbuf_scope=netns
RUNTIME c8-100-NEW s42 rep=3 attempt=1 10s rc=0
V4ROW {"arm": "NEW", "bin": "new", "bin_sha": "aa88d648def0b1253985b9d9ad6955d2190277bebc09026aaa2b79ce64ebd262", "busy_last": 26.0, "busy_med": 34.0, "cad_cli": true, "cad_srv": true, "cadoff_cli": false, "cadoff_srv": false, "cell": "c8-100", "cod": 578, "coded_share": 0.006785471108919725, "cotenant": 0, "cpu_cli": 5.57, "cpu_srv": 5.93, "cpu_us_per_dgram": 59.323478038597536, "diag_lines": 31, "dnf": false, "egress_dgrams": 93892, "emb_echo_cli": false, "emb_echo_srv": false, "emb_gate_cli": 0, "emb_gate_srv": 0, "feed_ratio_p0": 0.99943580236963, "feed_ratio_p1": 0.9575162608506421, "gates_cli": true, "gates_srv": true, "gen_guard": false, "header": ["window", "bulk"], "mbps": 101.791, "pa_cli": 0, "pa_srv": 0, "pipe_cli": ["window", "Rlc", "bulk"], "pipe_srv": ["window", "Rlc", "bulk"], "plc_p0": 0.0248, "plc_p1": 0.0396, "plu_last_p0": 0.0052, "plu_last_p1": 0.0285, "plu_med_p0": 0.0101, "plu_med_p1": 0.0462, "problems": [], "rc": 0, "rep": 3, "seconds": 7.859279, "seed": "42", "src": 84604, "status": "LIVE", "summary": true, "truth_egress_p0": 75080, "truth_egress_p1": 18812, "truth_gso_p0": 4.96, "truth_gso_p1": 1.59, "truth_loss_p0": 0.024814, "truth_loss_p1": 0.041357, "truth_lost_p0": 1863, "truth_lost_p1": 778, "truth_rcvbuf_drops": 0, "util": 0.7087164102457745, "wall_s": 10.0, "winline_cli": true, "winline_srv": true}
=== rep=3 seed=42 cell=c8-100 arm=OLD attempt=1 pipeline=window hint=bulk spec=c2/c3/dual bytes=100000000 bin=/home/vibe/v4/bin/old/raptorpath sha=f3743664cb48ad81 15:57:44
COTENANT c8-100-OLD s42 rep=3 before=0 after=0 load=1.43 1.53 1.71
--- RWM-C perf pipeline=window mode=dual hint=bulk A=c2 B=c3 ooo=0 extra='' T=default (100000000 x 1) start=17:57:45
{"bytes":100000000,"dnf":0,"hint":"bulk","max_s":7.8536,"mean_mbps":101.864,"mean_s":7.8536,"median_s":7.8536,"min_s":7.8536,"proto":"rp-native","runs":1,"stdev_s":0.0,"summary":true}
    CPU: CPUSRV=6.48s CPUCLI=8.74s (srv=decoder cli=sender; whole-invocation incl warmup)
    [TRUTH] leg=0 dev=cli0 egress_dgrams=76307 egress_skbs=18596 gso=4.10 netem_sent_dgrams=74394 netem_dropped_skbs=484 backlog=0 lost=1913 loss=0.025070 rcvbuf_drops=0 rcvbuf_scope=netns
    [TRUTH] leg=1 dev=cli1 egress_dgrams=17957 egress_skbs=11694 gso=1.54 netem_sent_dgrams=17156 netem_dropped_skbs=511 backlog=0 lost=801 loss=0.044607 rcvbuf_drops=0 rcvbuf_scope=netns
RUNTIME c8-100-OLD s42 rep=3 attempt=1 10s rc=0
V4ROW {"arm": "OLD", "bin": "old", "bin_sha": "f3743664cb48ad81deef239d44710f4b12bf08f2db65c6d90fc5a947ed500035", "busy_last": 62.0, "busy_med": 66.0, "cad_cli": false, "cad_srv": false, "cadoff_cli": false, "cadoff_srv": false, "cell": "c8-100", "cod": 482, "coded_share": 0.0056648567331875985, "cotenant": 0, "cpu_cli": 8.74, "cpu_srv": 6.48, "cpu_us_per_dgram": 92.71832300772299, "diag_lines": 31, "dnf": false, "egress_dgrams": 94264, "emb_echo_cli": false, "emb_echo_srv": false, "emb_gate_cli": 0, "emb_gate_srv": 0, "feed_ratio_p0": 0.997207818109294, "feed_ratio_p1": 0.9998430739570022, "gates_cli": true, "gates_srv": true, "gen_guard": false, "header": ["window", "bulk"], "mbps": 101.864, "pa_cli": 0, "pa_srv": 0, "pipe_cli": ["window", "Rlc", "bulk"], "pipe_srv": ["window", "Rlc", "bulk"], "plc_p0": 0.025, "plc_p1": 0.0446, "plu_last_p0": 0.0355, "plu_last_p1": 0.037, "plu_med_p0": 0.0355, "plu_med_p1": 0.0852, "problems": [], "rc": 0, "rep": 3, "seconds": 7.853574, "seed": "42", "src": 84604, "status": "LIVE", "summary": true, "truth_egress_p0": 76307, "truth_egress_p1": 17957, "truth_gso_p0": 4.1, "truth_gso_p1": 1.54, "truth_loss_p0": 0.02507, "truth_loss_p1": 0.044607, "truth_lost_p0": 1913, "truth_lost_p1": 801, "truth_rcvbuf_drops": 0, "util": 1.1128691217527205, "wall_s": 10.0, "winline_cli": true, "winline_srv": true}
BLOCK-COMPLETE rep=3 seed=42 block=4 2026-10-04T15:57:54Z
=== rep=3 seed=7 cell=c1s-400 arm=EMB attempt=1 pipeline=window hint=bulk spec=c1/c1/single bytes=400000000 bin=/home/vibe/v4/bin/new/raptorpath sha=aa88d648def0b125 15:57:54
COTENANT c1s-400-EMB s7 rep=3 before=0 after=0 load=1.60 1.56 1.72
--- RWM-C perf pipeline=window mode=single hint=bulk A=c1 B=c1 ooo=0 extra='' T=default (400000000 x 1) start=17:57:55
{"bytes":400000000,"dnf":0,"hint":"bulk","max_s":6.8546,"mean_mbps":466.842,"mean_s":6.8546,"median_s":6.8546,"min_s":6.8546,"proto":"rp-native","runs":1,"stdev_s":0.0,"summary":true}
    CPU: CPUSRV=8.36s CPUCLI=6.30s (srv=decoder cli=sender; whole-invocation incl warmup)
    [TRUTH] leg=0 dev=cli0 egress_dgrams=343506 egress_skbs=37210 gso=9.23 netem_sent_dgrams=343112 netem_dropped_skbs=40 backlog=0 lost=394 loss=0.001147 rcvbuf_drops=162 rcvbuf_scope=netns
RUNTIME c1s-400-EMB s7 rep=3 attempt=1 9s rc=0
V4ROW {"arm": "EMB", "bin": "new", "bin_sha": "aa88d648def0b1253985b9d9ad6955d2190277bebc09026aaa2b79ce64ebd262", "busy_last": 77.0, "busy_med": 34.0, "cad_cli": true, "cad_srv": true, "cadoff_cli": false, "cadoff_srv": false, "cell": "c1s-400", "cod": 315, "coded_share": 0.0009377204759452372, "cotenant": 0, "cpu_cli": 6.3, "cpu_srv": 8.36, "cpu_us_per_dgram": 18.340290999283855, "diag_lines": 27, "dnf": false, "egress_dgrams": 343506, "emb_echo_cli": true, "emb_echo_srv": true, "emb_gate_cli": 1, "emb_gate_srv": 1, "feed_ratio_p0": 5.143853530950305, "gates_cli": true, "gates_srv": true, "gen_guard": false, "header": ["window", "bulk"], "mbps": 466.842, "pa_cli": 0, "pa_srv": 0, "pipe_cli": ["window", "Rlc", "bulk"], "pipe_srv": ["window", "Rlc", "bulk"], "plc_p0": 0.0059, "plu_last_p0": 0.0016, "plu_med_p0": 0.0006, "problems": [], "rc": 0, "rep": 3, "seconds": 6.854575, "seed": "7", "src": 335606, "status": "LIVE", "summary": true, "truth_egress_p0": 343506, "truth_gso_p0": 9.23, "truth_loss_p0": 0.001147, "truth_lost_p0": 394, "truth_rcvbuf_drops": 162, "util": 0.9190941816232224, "wall_s": 9.0, "winline_cli": true, "winline_srv": true}
=== rep=3 seed=7 cell=c1s-400 arm=NEW attempt=1 pipeline=window hint=bulk spec=c1/c1/single bytes=400000000 bin=/home/vibe/v4/bin/new/raptorpath sha=aa88d648def0b125 15:58:03
COTENANT c1s-400-NEW s7 rep=3 before=0 after=0 load=1.88 1.62 1.74
--- RWM-C perf pipeline=window mode=single hint=bulk A=c1 B=c1 ooo=0 extra='' T=default (400000000 x 1) start=17:58:04
{"bytes":400000000,"dnf":0,"hint":"bulk","max_s":5.9645,"mean_mbps":536.504,"mean_s":5.9645,"median_s":5.9645,"min_s":5.9645,"proto":"rp-native","runs":1,"stdev_s":0.0,"summary":true}
    CPU: CPUSRV=7.94s CPUCLI=7.20s (srv=decoder cli=sender; whole-invocation incl warmup)
    [TRUTH] leg=0 dev=cli0 egress_dgrams=340545 egress_skbs=36286 gso=9.39 netem_sent_dgrams=340174 netem_dropped_skbs=40 backlog=0 lost=371 loss=0.001089 rcvbuf_drops=71 rcvbuf_scope=netns
RUNTIME c1s-400-NEW s7 rep=3 attempt=1 8s rc=0
V4ROW {"arm": "NEW", "bin": "new", "bin_sha": "aa88d648def0b1253985b9d9ad6955d2190277bebc09026aaa2b79ce64ebd262", "busy_last": 43.0, "busy_med": 44.0, "cad_cli": true, "cad_srv": true, "cadoff_cli": false, "cadoff_srv": false, "cell": "c1s-400", "cod": 131, "coded_share": 0.0004044545575236266, "cotenant": 0, "cpu_cli": 7.2, "cpu_srv": 7.94, "cpu_us_per_dgram": 21.142580275734485, "diag_lines": 23, "dnf": false, "egress_dgrams": 340545, "emb_echo_cli": false, "emb_echo_srv": false, "emb_gate_cli": 0, "emb_gate_srv": 0, "feed_ratio_p0": 2.9384756657483933, "gates_cli": true, "gates_srv": true, "gen_guard": false, "header": ["window", "bulk"], "mbps": 536.504, "pa_cli": 0, "pa_srv": 0, "pipe_cli": ["window", "Rlc", "bulk"], "pipe_srv": ["window", "Rlc", "bulk"], "plc_p0": 0.0032, "plu_last_p0": 0.0006, "plu_med_p0": 0.0003, "problems": [], "rc": 0, "rep": 3, "seconds": 5.96454, "seed": "7", "src": 323762, "status": "LIVE", "summary": true, "truth_egress_p0": 340545, "truth_gso_p0": 9.39, "truth_loss_p0": 0.001089, "truth_lost_p0": 371, "truth_rcvbuf_drops": 71, "util": 1.2071341629027552, "wall_s": 8.0, "winline_cli": true, "winline_srv": true}
=== rep=3 seed=7 cell=c1s-400 arm=OLD attempt=1 pipeline=window hint=bulk spec=c1/c1/single bytes=400000000 bin=/home/vibe/v4/bin/old/raptorpath sha=f3743664cb48ad81 15:58:11
COTENANT c1s-400-OLD s7 rep=3 before=0 after=0 load=2.55 1.79 1.79
--- RWM-C perf pipeline=window mode=single hint=bulk A=c1 B=c1 ooo=0 extra='' T=default (400000000 x 1) start=17:58:12
{"bytes":400000000,"dnf":0,"hint":"bulk","max_s":10.5093,"mean_mbps":304.491,"mean_s":10.5093,"median_s":10.5093,"min_s":10.5093,"proto":"rp-native","runs":1,"stdev_s":0.0,"summary":true}
    CPU: CPUSRV=11.95s CPUCLI=14.46s (srv=decoder cli=sender; whole-invocation incl warmup)
    [TRUTH] leg=0 dev=cli0 egress_dgrams=343296 egress_skbs=40689 gso=8.44 netem_sent_dgrams=342829 netem_dropped_skbs=52 backlog=0 lost=467 loss=0.001360 rcvbuf_drops=5 rcvbuf_scope=netns
RUNTIME c1s-400-OLD s7 rep=3 attempt=1 12s rc=0
V4ROW {"arm": "OLD", "bin": "old", "bin_sha": "f3743664cb48ad81deef239d44710f4b12bf08f2db65c6d90fc5a947ed500035", "busy_last": 51.0, "busy_med": 53.0, "cad_cli": false, "cad_srv": false, "cadoff_cli": false, "cadoff_srv": false, "cell": "c1s-400", "cod": 70, "coded_share": 0.00021227366320660594, "cotenant": 0, "cpu_cli": 14.46, "cpu_srv": 11.95, "cpu_us_per_dgram": 42.121085011185684, "diag_lines": 41, "dnf": false, "egress_dgrams": 343296, "emb_echo_cli": false, "emb_echo_srv": false, "emb_gate_cli": 0, "emb_gate_srv": 0, "feed_ratio_p0": 1.1764705882352942, "gates_cli": true, "gates_srv": true, "gen_guard": false, "header": ["window", "bulk"], "mbps": 304.491, "pa_cli": 0, "pa_srv": 0, "pipe_cli": ["window", "Rlc", "bulk"], "pipe_srv": ["window", "Rlc", "bulk"], "plc_p0": 0.0016, "plu_last_p0": 0.0354, "plu_med_p0": 0.0354, "problems": [], "rc": 0, "rep": 3, "seconds": 10.509334, "seed": "7", "src": 329693, "status": "LIVE", "summary": true, "truth_egress_p0": 343296, "truth_gso_p0": 8.44, "truth_loss_p0": 0.00136, "truth_lost_p0": 467, "truth_rcvbuf_drops": 5, "util": 1.3759197300228538, "wall_s": 12.0, "winline_cli": true, "winline_srv": true}
=== rep=3 seed=7 cell=c1d-400 arm=OLD attempt=1 pipeline=window hint=bulk spec=c1/c1/dual bytes=400000000 bin=/home/vibe/v4/bin/old/raptorpath sha=f3743664cb48ad81 15:58:23
COTENANT c1d-400-OLD s7 rep=3 before=0 after=0 load=3.01 1.95 1.84
--- RWM-C perf pipeline=window mode=dual hint=bulk A=c1 B=c1 ooo=0 extra='' T=default (400000000 x 1) start=17:58:25
{"bytes":400000000,"dnf":0,"hint":"bulk","max_s":15.8365,"mean_mbps":202.064,"mean_s":15.8365,"median_s":15.8365,"min_s":15.8365,"proto":"rp-native","runs":1,"stdev_s":0.0,"summary":true}
    CPU: CPUSRV=19.59s CPUCLI=27.01s (srv=decoder cli=sender; whole-invocation incl warmup)
    [TRUTH] leg=0 dev=cli0 egress_dgrams=129996 egress_skbs=49183 gso=2.64 netem_sent_dgrams=129861 netem_dropped_skbs=58 backlog=0 lost=135 loss=0.001038 rcvbuf_drops=13 rcvbuf_scope=netns
    [TRUTH] leg=1 dev=cli1 egress_dgrams=226607 egress_skbs=64251 gso=3.53 netem_sent_dgrams=226450 netem_dropped_skbs=55 backlog=0 lost=157 loss=0.000693 rcvbuf_drops=13 rcvbuf_scope=netns
RUNTIME c1d-400-OLD s7 rep=3 attempt=1 17s rc=0
V4ROW {"arm": "OLD", "bin": "old", "bin_sha": "f3743664cb48ad81deef239d44710f4b12bf08f2db65c6d90fc5a947ed500035", "busy_last": 95.0, "busy_med": 87.0, "cad_cli": false, "cad_srv": false, "cadoff_cli": false, "cadoff_srv": false, "cell": "c1d-400", "cod": 245, "coded_share": 0.0007276031860110121, "cotenant": 0, "cpu_cli": 27.01, "cpu_srv": 19.59, "cpu_us_per_dgram": 75.74249235143843, "diag_lines": 63, "dnf": false, "egress_dgrams": 356603, "emb_echo_cli": false, "emb_echo_srv": false, "emb_gate_cli": 0, "emb_gate_srv": 0, "feed_ratio_p0": 0.9633911368015414, "feed_ratio_p1": 1.7316017316017314, "gates_cli": true, "gates_srv": true, "gen_guard": false, "header": ["window", "bulk"], "mbps": 202.064, "pa_cli": 0, "pa_srv": 0, "pipe_cli": ["window", "Rlc", "bulk"], "pipe_srv": ["window", "Rlc", "bulk"], "plc_p0": 0.001, "plc_p1": 0.0012, "plu_last_p0": 0.0354, "plu_last_p1": 0.0354, "plu_med_p0": 0.0354, "plu_med_p1": 0.0354, "problems": [], "rc": 0, "rep": 3, "seconds": 15.836537, "seed": "7", "src": 336477, "status": "LIVE", "summary": true, "truth_egress_p0": 129996, "truth_egress_p1": 226607, "truth_gso_p0": 2.64, "truth_gso_p1": 3.53, "truth_loss_p0": 0.001038, "truth_loss_p1": 0.000693, "truth_lost_p0": 135, "truth_lost_p1": 157, "truth_rcvbuf_drops": 13, "util": 1.7055496413136282, "wall_s": 17.0, "winline_cli": true, "winline_srv": true}
=== rep=3 seed=7 cell=c1d-400 arm=NEW attempt=1 pipeline=window hint=bulk spec=c1/c1/dual bytes=400000000 bin=/home/vibe/v4/bin/new/raptorpath sha=aa88d648def0b125 15:58:41
COTENANT c1d-400-NEW s7 rep=3 before=0 after=0 load=3.24 2.03 1.87
--- RWM-C perf pipeline=window mode=dual hint=bulk A=c1 B=c1 ooo=0 extra='' T=default (400000000 x 1) start=17:58:43
{"bytes":400000000,"dnf":0,"hint":"bulk","max_s":10.7309,"mean_mbps":298.203,"mean_s":10.7309,"median_s":10.7309,"min_s":10.7309,"proto":"rp-native","runs":1,"stdev_s":0.0,"summary":true}
    CPU: CPUSRV=16.26s CPUCLI=17.39s (srv=decoder cli=sender; whole-invocation incl warmup)
    [TRUTH] leg=0 dev=cli0 egress_dgrams=173400 egress_skbs=52597 gso=3.30 netem_sent_dgrams=173132 netem_dropped_skbs=58 backlog=0 lost=268 loss=0.001546 rcvbuf_drops=31 rcvbuf_scope=netns
    [TRUTH] leg=1 dev=cli1 egress_dgrams=176638 egress_skbs=53170 gso=3.32 netem_sent_dgrams=176481 netem_dropped_skbs=50 backlog=0 lost=157 loss=0.000889 rcvbuf_drops=31 rcvbuf_scope=netns
RUNTIME c1d-400-NEW s7 rep=3 attempt=1 13s rc=0
V4ROW {"arm": "NEW", "bin": "new", "bin_sha": "aa88d648def0b1253985b9d9ad6955d2190277bebc09026aaa2b79ce64ebd262", "busy_last": 85.0, "busy_med": 82.0, "cad_cli": true, "cad_srv": true, "cadoff_cli": false, "cadoff_srv": false, "cell": "c1d-400", "cod": 141, "coded_share": 0.0004261646990551838, "cotenant": 0, "cpu_cli": 17.39, "cpu_srv": 16.26, "cpu_us_per_dgram": 49.68032042235414, "diag_lines": 42, "dnf": false, "egress_dgrams": 350038, "emb_echo_cli": false, "emb_echo_srv": false, "emb_gate_cli": 0, "emb_gate_srv": 0, "feed_ratio_p0": 1.1642949547218628, "feed_ratio_p1": 1.4623172103487063, "gates_cli": true, "gates_srv": true, "gen_guard": false, "header": ["window", "bulk"], "mbps": 298.203, "pa_cli": 0, "pa_srv": 0, "pipe_cli": ["window", "Rlc", "bulk"], "pipe_srv": ["window", "Rlc", "bulk"], "plc_p0": 0.0018, "plc_p1": 0.0013, "plu_last_p0": 0.0008, "plu_last_p1": 0.0011, "plu_med_p0": 0.0008, "plu_med_p1": 0.0008, "problems": [], "rc": 0, "rep": 3, "seconds": 10.73093, "seed": "7", "src": 330717, "status": "LIVE", "summary": true, "truth_egress_p0": 173400, "truth_egress_p1": 176638, "truth_gso_p0": 3.3, "truth_gso_p1": 3.32, "truth_loss_p0": 0.001546, "truth_loss_p1": 0.000889, "truth_lost_p0": 268, "truth_lost_p1": 157, "truth_rcvbuf_drops": 31, "util": 1.6205491975066466, "wall_s": 13.0, "winline_cli": true, "winline_srv": true}
=== rep=3 seed=7 cell=c2-100 arm=NEW attempt=1 pipeline=window hint=bulk spec=c2/c2/single bytes=100000000 bin=/home/vibe/v4/bin/new/raptorpath sha=aa88d648def0b125 15:58:54
COTENANT c2-100-NEW s7 rep=3 before=0 after=0 load=2.82 1.98 1.86
--- RWM-C perf pipeline=window mode=single hint=bulk A=c2 B=c2 ooo=0 extra='' T=default (100000000 x 1) start=17:58:56
{"bytes":100000000,"dnf":0,"hint":"bulk","max_s":8.9987,"mean_mbps":88.902,"mean_s":8.9987,"median_s":8.9987,"min_s":8.9987,"proto":"rp-native","runs":1,"stdev_s":0.0,"summary":true}
    CPU: CPUSRV=4.69s CPUCLI=3.61s (srv=decoder cli=sender; whole-invocation incl warmup)
    [TRUTH] leg=0 dev=cli0 egress_dgrams=94053 egress_skbs=20491 gso=4.59 netem_sent_dgrams=91790 netem_dropped_skbs=495 backlog=0 lost=2263 loss=0.024061 rcvbuf_drops=0 rcvbuf_scope=netns
RUNTIME c2-100-NEW s7 rep=3 attempt=1 11s rc=0
V4ROW {"arm": "NEW", "bin": "new", "bin_sha": "aa88d648def0b1253985b9d9ad6955d2190277bebc09026aaa2b79ce64ebd262", "busy_last": 12.0, "busy_med": 13.0, "cad_cli": true, "cad_srv": true, "cadoff_cli": false, "cadoff_srv": false, "cell": "c2-100", "cod": 407, "coded_share": 0.004847084603658537, "cotenant": 0, "cpu_cli": 3.61, "cpu_srv": 4.69, "cpu_us_per_dgram": 38.38261405803111, "diag_lines": 35, "dnf": false, "egress_dgrams": 94053, "emb_echo_cli": false, "emb_echo_srv": false, "emb_gate_cli": 0, "emb_gate_srv": 0, "feed_ratio_p0": 1.0099330867378746, "gates_cli": true, "gates_srv": true, "gen_guard": false, "header": ["window", "bulk"], "mbps": 88.902, "pa_cli": 0, "pa_srv": 0, "pipe_cli": ["window", "Rlc", "bulk"], "pipe_srv": ["window", "Rlc", "bulk"], "plc_p0": 0.0243, "plu_last_p0": 0.0022, "plu_med_p0": 0.0134, "problems": [], "rc": 0, "rep": 3, "seconds": 8.998651, "seed": "7", "src": 83561, "status": "LIVE", "summary": true, "truth_egress_p0": 94053, "truth_gso_p0": 4.59, "truth_loss_p0": 0.024061, "truth_lost_p0": 2263, "truth_rcvbuf_drops": 0, "util": 0.40117124222286205, "wall_s": 11.0, "winline_cli": true, "winline_srv": true}
=== rep=3 seed=7 cell=c2-100 arm=OLD attempt=1 pipeline=window hint=bulk spec=c2/c2/single bytes=100000000 bin=/home/vibe/v4/bin/old/raptorpath sha=f3743664cb48ad81 15:59:05
COTENANT c2-100-OLD s7 rep=3 before=0 after=0 load=2.62 1.98 1.86
--- RWM-C perf pipeline=window mode=single hint=bulk A=c2 B=c2 ooo=0 extra='' T=default (100000000 x 1) start=17:59:07
{"bytes":100000000,"dnf":0,"hint":"bulk","max_s":9.1623,"mean_mbps":87.314,"mean_s":9.1623,"median_s":9.1623,"min_s":9.1623,"proto":"rp-native","runs":1,"stdev_s":0.0,"summary":true}
    CPU: CPUSRV=4.71s CPUCLI=5.04s (srv=decoder cli=sender; whole-invocation incl warmup)
    [TRUTH] leg=0 dev=cli0 egress_dgrams=93414 egress_skbs=20152 gso=4.64 netem_sent_dgrams=91033 netem_dropped_skbs=492 backlog=0 lost=2381 loss=0.025489 rcvbuf_drops=0 rcvbuf_scope=netns
RUNTIME c2-100-OLD s7 rep=3 attempt=1 11s rc=0
V4ROW {"arm": "OLD", "bin": "old", "bin_sha": "f3743664cb48ad81deef239d44710f4b12bf08f2db65c6d90fc5a947ed500035", "busy_last": 19.0, "busy_med": 19.0, "cad_cli": false, "cad_srv": false, "cadoff_cli": false, "cadoff_srv": false, "cell": "c2-100", "cod": 445, "coded_share": 0.005255760668013087, "cotenant": 0, "cpu_cli": 5.04, "cpu_srv": 4.71, "cpu_us_per_dgram": 53.95336887404458, "diag_lines": 36, "dnf": false, "egress_dgrams": 93414, "emb_echo_cli": false, "emb_echo_srv": false, "emb_gate_cli": 0, "emb_gate_srv": 0, "feed_ratio_p0": 1.0200478637843775, "gates_cli": true, "gates_srv": true, "gen_guard": false, "header": ["window", "bulk"], "mbps": 87.314, "pa_cli": 0, "pa_srv": 0, "pipe_cli": ["window", "Rlc", "bulk"], "pipe_srv": ["window", "Rlc", "bulk"], "plc_p0": 0.026, "plu_last_p0": 0.0354, "plu_med_p0": 0.0354, "problems": [], "rc": 0, "rep": 3, "seconds": 9.162297, "seed": "7", "src": 84224, "status": "LIVE", "summary": true, "truth_egress_p0": 93414, "truth_gso_p0": 4.64, "truth_loss_p0": 0.025489, "truth_lost_p0": 2381, "truth_rcvbuf_drops": 0, "util": 0.5500804001441996, "wall_s": 11.0, "winline_cli": true, "winline_srv": true}
=== rep=3 seed=7 cell=c2-100 arm=NEWa attempt=1 pipeline=window hint=auto spec=c2/c2/single bytes=100000000 bin=/home/vibe/v4/bin/new/raptorpath sha=aa88d648def0b125 15:59:17
COTENANT c2-100-NEWa s7 rep=3 before=0 after=0 load=2.30 1.93 1.85
--- RWM-C perf pipeline=window mode=single hint=auto A=c2 B=c2 ooo=0 extra='' T=default (100000000 x 1) start=17:59:19
{"bytes":100000000,"dnf":0,"hint":"auto","max_s":10.4902,"mean_mbps":76.262,"mean_s":10.4902,"median_s":10.4902,"min_s":10.4902,"proto":"rp-native","runs":1,"stdev_s":0.0,"summary":true}
    CPU: CPUSRV=5.70s CPUCLI=4.19s (srv=decoder cli=sender; whole-invocation incl warmup)
    [TRUTH] leg=0 dev=cli0 egress_dgrams=108957 egress_skbs=27560 gso=3.95 netem_sent_dgrams=106250 netem_dropped_skbs=688 backlog=0 lost=2707 loss=0.024845 rcvbuf_drops=0 rcvbuf_scope=netns
RUNTIME c2-100-NEWa s7 rep=3 attempt=1 13s rc=0
V4ROW {"arm": "NEWa", "bin": "new", "bin_sha": "aa88d648def0b1253985b9d9ad6955d2190277bebc09026aaa2b79ce64ebd262", "busy_last": 15.0, "busy_med": 15.0, "cad_cli": true, "cad_srv": true, "cadoff_cli": false, "cadoff_srv": false, "cell": "c2-100", "cod": 11852, "coded_share": 0.1239113843322983, "cotenant": 0, "cpu_cli": 4.19, "cpu_srv": 5.7, "cpu_us_per_dgram": 38.455537505621486, "diag_lines": 41, "dnf": false, "egress_dgrams": 108957, "emb_echo_cli": false, "emb_echo_srv": false, "emb_gate_cli": 0, "emb_gate_srv": 0, "feed_ratio_p0": 1.0062386798148522, "gates_cli": true, "gates_srv": true, "gen_guard": false, "header": ["window", "auto"], "mbps": 76.262, "pa_cli": 0, "pa_srv": 0, "pipe_cli": ["window", "Rlc", "auto"], "pipe_srv": ["window", "Rlc", "auto"], "plc_p0": 0.025, "plu_last_p0": 0.0075, "plu_med_p0": 0.0243, "problems": [], "rc": 0, "rep": 3, "seconds": 10.490165, "seed": "7", "src": 83797, "status": "LIVE", "summary": true, "truth_egress_p0": 108957, "truth_gso_p0": 3.95, "truth_loss_p0": 0.024845, "truth_lost_p0": 2707, "truth_rcvbuf_drops": 0, "util": 0.39942174408124187, "wall_s": 13.0, "winline_cli": true, "winline_srv": true}
=== rep=3 seed=7 cell=c2-100 arm=OLDa attempt=1 pipeline=window hint=auto spec=c2/c2/single bytes=100000000 bin=/home/vibe/v4/bin/old/raptorpath sha=f3743664cb48ad81 15:59:30
COTENANT c2-100-OLDa s7 rep=3 before=0 after=0 load=2.17 1.92 1.84
--- RWM-C perf pipeline=window mode=single hint=auto A=c2 B=c2 ooo=0 extra='' T=default (100000000 x 1) start=17:59:32
{"bytes":100000000,"dnf":0,"hint":"auto","max_s":10.9016,"mean_mbps":73.384,"mean_s":10.9016,"median_s":10.9016,"min_s":10.9016,"proto":"rp-native","runs":1,"stdev_s":0.0,"summary":true}
    CPU: CPUSRV=6.29s CPUCLI=6.43s (srv=decoder cli=sender; whole-invocation incl warmup)
    [TRUTH] leg=0 dev=cli0 egress_dgrams=113138 egress_skbs=27643 gso=4.09 netem_sent_dgrams=110382 netem_dropped_skbs=688 backlog=0 lost=2756 loss=0.024360 rcvbuf_drops=0 rcvbuf_scope=netns
RUNTIME c2-100-OLDa s7 rep=3 attempt=1 13s rc=0
V4ROW {"arm": "OLDa", "bin": "old", "bin_sha": "f3743664cb48ad81deef239d44710f4b12bf08f2db65c6d90fc5a947ed500035", "busy_last": 20.0, "busy_med": 25.0, "cad_cli": false, "cad_srv": false, "cadoff_cli": false, "cadoff_srv": false, "cell": "c2-100", "cod": 19209, "coded_share": 0.18503462957433076, "cotenant": 0, "cpu_cli": 6.43, "cpu_srv": 6.29, "cpu_us_per_dgram": 56.833247891954954, "diag_lines": 43, "dnf": false, "egress_dgrams": 113138, "emb_echo_cli": false, "emb_echo_srv": false, "emb_gate_cli": 0, "emb_gate_srv": 0, "feed_ratio_p0": 1.0057471264367817, "gates_cli": true, "gates_srv": true, "gen_guard": false, "header": ["window", "auto"], "mbps": 73.384, "pa_cli": 0, "pa_srv": 0, "pipe_cli": ["window", "Rlc", "auto"], "pipe_srv": ["window", "Rlc", "auto"], "plc_p0": 0.0245, "plu_last_p0": 0.1092, "plu_med_p0": 0.0354, "problems": [], "rc": 0, "rep": 3, "seconds": 10.901582, "seed": "7", "src": 84604, "status": "LIVE", "summary": true, "truth_egress_p0": 113138, "truth_gso_p0": 4.09, "truth_loss_p0": 0.02436, "truth_lost_p0": 2756, "truth_rcvbuf_drops": 0, "util": 0.5898226514280221, "wall_s": 13.0, "winline_cli": true, "winline_srv": true}
=== rep=3 seed=7 cell=c2-100 arm=EMB attempt=1 pipeline=window hint=bulk spec=c2/c2/single bytes=100000000 bin=/home/vibe/v4/bin/new/raptorpath sha=aa88d648def0b125 15:59:43
COTENANT c2-100-EMB s7 rep=3 before=0 after=0 load=1.99 1.89 1.83
--- RWM-C perf pipeline=window mode=single hint=bulk A=c2 B=c2 ooo=0 extra='' T=default (100000000 x 1) start=17:59:46
{"bytes":100000000,"dnf":0,"hint":"bulk","max_s":8.961,"mean_mbps":89.276,"mean_s":8.961,"median_s":8.961,"min_s":8.961,"proto":"rp-native","runs":1,"stdev_s":0.0,"summary":true}
    CPU: CPUSRV=4.50s CPUCLI=3.16s (srv=decoder cli=sender; whole-invocation incl warmup)
    [TRUTH] leg=0 dev=cli0 egress_dgrams=92689 egress_skbs=19278 gso=4.81 netem_sent_dgrams=90526 netem_dropped_skbs=481 backlog=0 lost=2163 loss=0.023336 rcvbuf_drops=0 rcvbuf_scope=netns
RUNTIME c2-100-EMB s7 rep=3 attempt=1 12s rc=0
V4ROW {"arm": "EMB", "bin": "new", "bin_sha": "aa88d648def0b1253985b9d9ad6955d2190277bebc09026aaa2b79ce64ebd262", "busy_last": 11.0, "busy_med": 12.0, "cad_cli": true, "cad_srv": true, "cadoff_cli": false, "cadoff_srv": false, "cell": "c2-100", "cod": 407, "coded_share": 0.0048346479140929394, "cotenant": 0, "cpu_cli": 3.16, "cpu_srv": 4.5, "cpu_us_per_dgram": 34.0925028859951, "diag_lines": 35, "dnf": false, "egress_dgrams": 92689, "emb_echo_cli": true, "emb_echo_srv": true, "emb_gate_cli": 1, "emb_gate_srv": 1, "feed_ratio_p0": 1.0113129928008229, "gates_cli": true, "gates_srv": true, "gen_guard": false, "header": ["window", "bulk"], "mbps": 89.276, "pa_cli": 0, "pa_srv": 0, "pipe_cli": ["window", "Rlc", "bulk"], "pipe_srv": ["window", "Rlc", "bulk"], "plc_p0": 0.0236, "plu_last_p0": 0.0589, "plu_med_p0": 0.0176, "problems": [], "rc": 0, "rep": 3, "seconds": 8.960979, "seed": "7", "src": 83777, "status": "LIVE", "summary": true, "truth_egress_p0": 92689, "truth_gso_p0": 4.81, "truth_loss_p0": 0.023336, "truth_lost_p0": 2163, "truth_rcvbuf_drops": 0, "util": 0.3526400407812584, "wall_s": 12.0, "winline_cli": true, "winline_srv": true}
=== rep=3 seed=7 cell=c3-25 arm=NEW attempt=1 pipeline=window hint=bulk spec=c3/c3/single bytes=25000000 bin=/home/vibe/v4/bin/new/raptorpath sha=aa88d648def0b125 15:59:55
COTENANT c3-25-NEW s7 rep=3 before=0 after=0 load=1.55 1.79 1.80
--- RWM-C perf pipeline=window mode=single hint=bulk A=c3 B=c3 ooo=0 extra='' T=default (25000000 x 1) start=17:59:58
{"bytes":25000000,"dnf":0,"hint":"bulk","max_s":11.6795,"mean_mbps":17.124,"mean_s":11.6795,"median_s":11.6795,"min_s":11.6795,"proto":"rp-native","runs":1,"stdev_s":0.0,"summary":true}
    CPU: CPUSRV=1.71s CPUCLI=1.79s (srv=decoder cli=sender; whole-invocation incl warmup)
    [TRUTH] leg=0 dev=cli0 egress_dgrams=26047 egress_skbs=8014 gso=3.25 netem_sent_dgrams=24803 netem_dropped_skbs=368 backlog=0 lost=1244 loss=0.047760 rcvbuf_drops=0 rcvbuf_scope=netns
RUNTIME c3-25-NEW s7 rep=3 attempt=1 15s rc=0
V4ROW {"arm": "NEW", "bin": "new", "bin_sha": "aa88d648def0b1253985b9d9ad6955d2190277bebc09026aaa2b79ce64ebd262", "busy_last": 5.0, "busy_med": 5.5, "cad_cli": true, "cad_srv": true, "cadoff_cli": false, "cadoff_srv": false, "cell": "c3-25", "cod": 242, "coded_share": 0.011311582686734599, "cotenant": 0, "cpu_cli": 1.79, "cpu_srv": 1.71, "cpu_us_per_dgram": 68.72192574960648, "diag_lines": 46, "dnf": false, "egress_dgrams": 26047, "emb_echo_cli": false, "emb_echo_srv": false, "emb_gate_cli": 0, "emb_gate_srv": 0, "feed_ratio_p0": 1.019681742043551, "gates_cli": true, "gates_srv": true, "gen_guard": false, "header": ["window", "bulk"], "mbps": 17.124, "pa_cli": 0, "pa_srv": 0, "pipe_cli": ["window", "Rlc", "bulk"], "pipe_srv": ["window", "Rlc", "bulk"], "plc_p0": 0.0487, "plu_last_p0": 0.3947, "plu_med_p0": 0.0249, "problems": [], "rc": 0, "rep": 3, "seconds": 11.679493, "seed": "7", "src": 21152, "status": "LIVE", "summary": true, "truth_egress_p0": 26047, "truth_gso_p0": 3.25, "truth_loss_p0": 0.04776, "truth_lost_p0": 1244, "truth_rcvbuf_drops": 0, "util": 0.15326007729958827, "wall_s": 15.0, "winline_cli": true, "winline_srv": true}
=== rep=3 seed=7 cell=c3-25 arm=OLD attempt=1 pipeline=window hint=bulk spec=c3/c3/single bytes=25000000 bin=/home/vibe/v4/bin/old/raptorpath sha=f3743664cb48ad81 16:00:10
COTENANT c3-25-OLD s7 rep=3 before=0 after=0 load=1.41 1.75 1.79
--- RWM-C perf pipeline=window mode=single hint=bulk A=c3 B=c3 ooo=0 extra='' T=default (25000000 x 1) start=18:00:12
{"bytes":25000000,"dnf":0,"hint":"bulk","max_s":11.6624,"mean_mbps":17.149,"mean_s":11.6624,"median_s":11.6624,"min_s":11.6624,"proto":"rp-native","runs":1,"stdev_s":0.0,"summary":true}
    CPU: CPUSRV=1.64s CPUCLI=2.24s (srv=decoder cli=sender; whole-invocation incl warmup)
    [TRUTH] leg=0 dev=cli0 egress_dgrams=25807 egress_skbs=8058 gso=3.20 netem_sent_dgrams=24590 netem_dropped_skbs=371 backlog=0 lost=1217 loss=0.047158 rcvbuf_drops=0 rcvbuf_scope=netns
RUNTIME c3-25-OLD s7 rep=3 attempt=1 14s rc=0
V4ROW {"arm": "OLD", "bin": "old", "bin_sha": "f3743664cb48ad81deef239d44710f4b12bf08f2db65c6d90fc5a947ed500035", "busy_last": 5.0, "busy_med": 7.0, "cad_cli": false, "cad_srv": false, "cadoff_cli": false, "cadoff_srv": false, "cell": "c3-25", "cod": 241, "coded_share": 0.011265367176179123, "cotenant": 0, "cpu_cli": 2.24, "cpu_srv": 1.64, "cpu_us_per_dgram": 86.7981555391948, "diag_lines": 46, "dnf": false, "egress_dgrams": 25807, "emb_echo_cli": false, "emb_echo_srv": false, "emb_gate_cli": 0, "emb_gate_srv": 0, "feed_ratio_p0": 1.0178548708596633, "gates_cli": true, "gates_srv": true, "gen_guard": false, "header": ["window", "bulk"], "mbps": 17.149, "pa_cli": 0, "pa_srv": 0, "pipe_cli": ["window", "Rlc", "bulk"], "pipe_srv": ["window", "Rlc", "bulk"], "plc_p0": 0.048, "plu_last_p0": 0.0444, "plu_med_p0": 0.04635, "problems": [], "rc": 0, "rep": 3, "seconds": 11.662448, "seed": "7", "src": 21152, "status": "LIVE", "summary": true, "truth_egress_p0": 25807, "truth_gso_p0": 3.2, "truth_loss_p0": 0.047158, "truth_lost_p0": 1217, "truth_rcvbuf_drops": 0, "util": 0.19206945231395675, "wall_s": 14.0, "winline_cli": true, "winline_srv": true}
=== rep=3 seed=7 cell=c3-25 arm=NEWa attempt=1 pipeline=window hint=auto spec=c3/c3/single bytes=25000000 bin=/home/vibe/v4/bin/new/raptorpath sha=aa88d648def0b125 16:00:24
COTENANT c3-25-NEWa s7 rep=3 before=0 after=0 load=1.38 1.73 1.78
--- RWM-C perf pipeline=window mode=single hint=auto A=c3 B=c3 ooo=0 extra='' T=default (25000000 x 1) start=18:00:26
{"bytes":25000000,"dnf":0,"hint":"auto","max_s":13.043,"mean_mbps":15.334,"mean_s":13.043,"median_s":13.043,"min_s":13.043,"proto":"rp-native","runs":1,"stdev_s":0.0,"summary":true}
    CPU: CPUSRV=1.77s CPUCLI=1.96s (srv=decoder cli=sender; whole-invocation incl warmup)
    [TRUTH] leg=0 dev=cli0 egress_dgrams=30027 egress_skbs=8858 gso=3.39 netem_sent_dgrams=28530 netem_dropped_skbs=405 backlog=1 lost=1496 loss=0.049822 rcvbuf_drops=0 rcvbuf_scope=netns
RUNTIME c3-25-NEWa s7 rep=3 attempt=1 16s rc=0
V4ROW {"arm": "NEWa", "bin": "new", "bin_sha": "aa88d648def0b1253985b9d9ad6955d2190277bebc09026aaa2b79ce64ebd262", "busy_last": 2.0, "busy_med": 5.0, "cad_cli": true, "cad_srv": true, "cadoff_cli": false, "cadoff_srv": false, "cell": "c3-25", "cod": 520, "coded_share": 0.02399409376153562, "cotenant": 0, "cpu_cli": 1.96, "cpu_srv": 1.77, "cpu_us_per_dgram": 65.27458620574816, "diag_lines": 52, "dnf": false, "egress_dgrams": 30027, "emb_echo_cli": false, "emb_echo_srv": false, "emb_gate_cli": 0, "emb_gate_srv": 0, "feed_ratio_p0": 1.0236441732567942, "gates_cli": true, "gates_srv": true, "gen_guard": false, "header": ["window", "auto"], "mbps": 15.334, "pa_cli": 0, "pa_srv": 0, "pipe_cli": ["window", "Rlc", "auto"], "pipe_srv": ["window", "Rlc", "auto"], "plc_p0": 0.051, "plu_last_p0": 0.2475, "plu_med_p0": 0.018799999999999997, "problems": [], "rc": 0, "rep": 3, "seconds": 13.042958, "seed": "7", "src": 21152, "status": "LIVE", "summary": true, "truth_egress_p0": 30027, "truth_gso_p0": 3.39, "truth_loss_p0": 0.049822, "truth_lost_p0": 1496, "truth_rcvbuf_drops": 0, "util": 0.15027266054218683, "wall_s": 16.0, "winline_cli": true, "winline_srv": true}
=== rep=3 seed=7 cell=c3-25 arm=OLDa attempt=1 pipeline=window hint=auto spec=c3/c3/single bytes=25000000 bin=/home/vibe/v4/bin/old/raptorpath sha=f3743664cb48ad81 16:00:40
COTENANT c3-25-OLDa s7 rep=3 before=0 after=0 load=1.07 1.65 1.75
--- RWM-C perf pipeline=window mode=single hint=auto A=c3 B=c3 ooo=0 extra='' T=default (25000000 x 1) start=18:00:41
{"bytes":25000000,"dnf":0,"hint":"auto","max_s":13.2022,"mean_mbps":15.149,"mean_s":13.2022,"median_s":13.2022,"min_s":13.2022,"proto":"rp-native","runs":1,"stdev_s":0.0,"summary":true}
    CPU: CPUSRV=1.82s CPUCLI=2.55s (srv=decoder cli=sender; whole-invocation incl warmup)
    [TRUTH] leg=0 dev=cli0 egress_dgrams=29464 egress_skbs=9513 gso=3.10 netem_sent_dgrams=28088 netem_dropped_skbs=437 backlog=0 lost=1376 loss=0.046701 rcvbuf_drops=0 rcvbuf_scope=netns
RUNTIME c3-25-OLDa s7 rep=3 attempt=1 15s rc=0
V4ROW {"arm": "OLDa", "bin": "old", "bin_sha": "f3743664cb48ad81deef239d44710f4b12bf08f2db65c6d90fc5a947ed500035", "busy_last": 5.0, "busy_med": 7.0, "cad_cli": false, "cad_srv": false, "cadoff_cli": false, "cadoff_srv": false, "cell": "c3-25", "cod": 681, "coded_share": 0.03119131589795264, "cotenant": 0, "cpu_cli": 2.55, "cpu_srv": 1.82, "cpu_us_per_dgram": 86.54629378224274, "diag_lines": 52, "dnf": false, "egress_dgrams": 29464, "emb_echo_cli": false, "emb_echo_srv": false, "emb_gate_cli": 0, "emb_gate_srv": 0, "feed_ratio_p0": 1.0299565319800432, "gates_cli": true, "gates_srv": true, "gen_guard": false, "header": ["window", "auto"], "mbps": 15.149, "pa_cli": 0, "pa_srv": 0, "pipe_cli": ["window", "Rlc", "auto"], "pipe_srv": ["window", "Rlc", "auto"], "plc_p0": 0.0481, "plu_last_p0": 0.0823, "plu_med_p0": 0.041550000000000004, "problems": [], "rc": 0, "rep": 3, "seconds": 13.202193, "seed": "7", "src": 21152, "status": "LIVE", "summary": true, "truth_egress_p0": 29464, "truth_gso_p0": 3.1, "truth_loss_p0": 0.046701, "truth_lost_p0": 1376, "truth_rcvbuf_drops": 0, "util": 0.19314972898820673, "wall_s": 15.0, "winline_cli": true, "winline_srv": true}
=== rep=3 seed=7 cell=c3-25 arm=EMB attempt=1 pipeline=window hint=bulk spec=c3/c3/single bytes=25000000 bin=/home/vibe/v4/bin/new/raptorpath sha=aa88d648def0b125 16:00:55
COTENANT c3-25-EMB s7 rep=3 before=0 after=0 load=0.98 1.60 1.73
--- RWM-C perf pipeline=window mode=single hint=bulk A=c3 B=c3 ooo=0 extra='' T=default (25000000 x 1) start=18:00:58
{"bytes":25000000,"dnf":0,"hint":"bulk","max_s":11.5841,"mean_mbps":17.265,"mean_s":11.5841,"median_s":11.5841,"min_s":11.5841,"proto":"rp-native","runs":1,"stdev_s":0.0,"summary":true}
    CPU: CPUSRV=1.79s CPUCLI=1.85s (srv=decoder cli=sender; whole-invocation incl warmup)
    [TRUTH] leg=0 dev=cli0 egress_dgrams=25998 egress_skbs=8050 gso=3.23 netem_sent_dgrams=24787 netem_dropped_skbs=368 backlog=0 lost=1211 loss=0.046581 rcvbuf_drops=0 rcvbuf_scope=netns
RUNTIME c3-25-EMB s7 rep=3 attempt=1 15s rc=0
V4ROW {"arm": "EMB", "bin": "new", "bin_sha": "aa88d648def0b1253985b9d9ad6955d2190277bebc09026aaa2b79ce64ebd262", "busy_last": 3.0, "busy_med": 6.0, "cad_cli": true, "cad_srv": true, "cadoff_cli": false, "cadoff_srv": false, "cell": "c3-25", "cod": 238, "coded_share": 0.01112669471715755, "cotenant": 0, "cpu_cli": 1.85, "cpu_srv": 1.79, "cpu_us_per_dgram": 71.15931994768829, "diag_lines": 46, "dnf": false, "egress_dgrams": 25998, "emb_echo_cli": true, "emb_echo_srv": true, "emb_gate_cli": 1, "emb_gate_srv": 1, "feed_ratio_p0": 1.026169468238123, "gates_cli": true, "gates_srv": true, "gen_guard": false, "header": ["window", "bulk"], "mbps": 17.265, "pa_cli": 0, "pa_srv": 0, "pipe_cli": ["window", "Rlc", "bulk"], "pipe_srv": ["window", "Rlc", "bulk"], "plc_p0": 0.0478, "plu_last_p0": 0.2446, "plu_med_p0": 0.0426, "problems": [], "rc": 0, "rep": 3, "seconds": 11.584102, "seed": "7", "src": 21152, "status": "LIVE", "summary": true, "truth_egress_p0": 25998, "truth_gso_p0": 3.23, "truth_loss_p0": 0.046581, "truth_lost_p0": 1211, "truth_rcvbuf_drops": 0, "util": 0.15970163246145452, "wall_s": 15.0, "winline_cli": true, "winline_srv": true}
=== rep=3 seed=7 cell=c7-100 arm=OLD attempt=1 pipeline=window hint=bulk spec=c2/c2/dual bytes=100000000 bin=/home/vibe/v4/bin/old/raptorpath sha=f3743664cb48ad81 16:01:10
COTENANT c7-100-OLD s7 rep=3 before=0 after=0 load=0.99 1.58 1.73
--- RWM-C perf pipeline=window mode=dual hint=bulk A=c2 B=c2 ooo=0 extra='' T=default (100000000 x 1) start=18:01:12
{"bytes":100000000,"dnf":0,"hint":"bulk","max_s":4.5259,"mean_mbps":176.761,"mean_s":4.5259,"median_s":4.5259,"min_s":4.5259,"proto":"rp-native","runs":1,"stdev_s":0.0,"summary":true}
    CPU: CPUSRV=5.64s CPUCLI=6.77s (srv=decoder cli=sender; whole-invocation incl warmup)
    [TRUTH] leg=0 dev=cli0 egress_dgrams=45399 egress_skbs=13700 gso=3.31 netem_sent_dgrams=44072 netem_dropped_skbs=354 backlog=0 lost=1327 loss=0.029230 rcvbuf_drops=0 rcvbuf_scope=netns
    [TRUTH] leg=1 dev=cli1 egress_dgrams=45602 egress_skbs=14388 gso=3.17 netem_sent_dgrams=44493 netem_dropped_skbs=365 backlog=0 lost=1109 loss=0.024319 rcvbuf_drops=0 rcvbuf_scope=netns
RUNTIME c7-100-OLD s7 rep=3 attempt=1 7s rc=0
V4ROW {"arm": "OLD", "bin": "old", "bin_sha": "f3743664cb48ad81deef239d44710f4b12bf08f2db65c6d90fc5a947ed500035", "busy_last": 60.0, "busy_med": 83.0, "cad_cli": false, "cad_srv": false, "cadoff_cli": false, "cadoff_srv": false, "cell": "c7-100", "cod": 485, "coded_share": 0.005699914207476877, "cotenant": 0, "cpu_cli": 6.77, "cpu_srv": 5.64, "cpu_us_per_dgram": 74.39478687047395, "diag_lines": 18, "dnf": false, "egress_dgrams": 91001, "emb_echo_cli": false, "emb_echo_srv": false, "emb_gate_cli": 0, "emb_gate_srv": 0, "feed_ratio_p0": 1.0092370851864523, "feed_ratio_p1": 0.9951067066902421, "gates_cli": true, "gates_srv": true, "gen_guard": false, "header": ["window", "bulk"], "mbps": 176.761, "pa_cli": 0, "pa_srv": 0, "pipe_cli": ["window", "Rlc", "bulk"], "pipe_srv": ["window", "Rlc", "bulk"], "plc_p0": 0.0295, "plc_p1": 0.0242, "plu_last_p0": 0.1146, "plu_last_p1": 0.0353, "plu_med_p0": 0.043050000000000005, "plu_med_p1": 0.03985, "problems": [], "rc": 0, "rep": 3, "seconds": 4.52589, "seed": "7", "src": 84604, "status": "LIVE", "summary": true, "truth_egress_p0": 45399, "truth_egress_p1": 45602, "truth_gso_p0": 3.31, "truth_gso_p1": 3.17, "truth_loss_p0": 0.02923, "truth_loss_p1": 0.024319, "truth_lost_p0": 1327, "truth_lost_p1": 1109, "truth_rcvbuf_drops": 0, "util": 1.4958383875878554, "wall_s": 7.0, "winline_cli": true, "winline_srv": true}
=== rep=3 seed=7 cell=c7-100 arm=NEW attempt=1 pipeline=window hint=bulk spec=c2/c2/dual bytes=100000000 bin=/home/vibe/v4/bin/new/raptorpath sha=aa88d648def0b125 16:01:17
COTENANT c7-100-NEW s7 rep=3 before=0 after=0 load=1.15 1.60 1.73
--- RWM-C perf pipeline=window mode=dual hint=bulk A=c2 B=c2 ooo=0 extra='' T=default (100000000 x 1) start=18:01:18
{"bytes":100000000,"dnf":0,"hint":"bulk","max_s":4.6051,"mean_mbps":173.721,"mean_s":4.6051,"median_s":4.6051,"min_s":4.6051,"proto":"rp-native","runs":1,"stdev_s":0.0,"summary":true}
    CPU: CPUSRV=5.53s CPUCLI=4.79s (srv=decoder cli=sender; whole-invocation incl warmup)
    [TRUTH] leg=0 dev=cli0 egress_dgrams=47377 egress_skbs=16330 gso=2.90 netem_sent_dgrams=46241 netem_dropped_skbs=400 backlog=0 lost=1136 loss=0.023978 rcvbuf_drops=0 rcvbuf_scope=netns
    [TRUTH] leg=1 dev=cli1 egress_dgrams=46479 egress_skbs=15466 gso=3.01 netem_sent_dgrams=45355 netem_dropped_skbs=390 backlog=0 lost=1124 loss=0.024183 rcvbuf_drops=0 rcvbuf_scope=netns
RUNTIME c7-100-NEW s7 rep=3 attempt=1 6s rc=0
V4ROW {"arm": "NEW", "bin": "new", "bin_sha": "aa88d648def0b1253985b9d9ad6955d2190277bebc09026aaa2b79ce64ebd262", "busy_last": 31.0, "busy_med": 49.5, "cad_cli": true, "cad_srv": true, "cadoff_cli": false, "cadoff_srv": false, "cell": "c7-100", "cod": 443, "coded_share": 0.005208884499159288, "cotenant": 0, "cpu_cli": 4.79, "cpu_srv": 5.53, "cpu_us_per_dgram": 51.03562904875554, "diag_lines": 18, "dnf": false, "egress_dgrams": 93856, "emb_echo_cli": false, "emb_echo_srv": false, "emb_gate_cli": 0, "emb_gate_srv": 0, "feed_ratio_p0": 0.996747018099925, "feed_ratio_p1": 0.9841624281520077, "gates_cli": true, "gates_srv": true, "gen_guard": false, "header": ["window", "bulk"], "mbps": 173.721, "pa_cli": 0, "pa_srv": 0, "pipe_cli": ["window", "Rlc", "bulk"], "pipe_srv": ["window", "Rlc", "bulk"], "plc_p0": 0.0239, "plc_p1": 0.0238, "plu_last_p0": 0.0391, "plu_last_p1": 0.0212, "plu_med_p0": 0.02255, "plu_med_p1": 0.0253, "problems": [], "rc": 0, "rep": 3, "seconds": 4.605074, "seed": "7", "src": 84604, "status": "LIVE", "summary": true, "truth_egress_p0": 47377, "truth_egress_p1": 46479, "truth_gso_p0": 2.9, "truth_gso_p1": 3.01, "truth_loss_p0": 0.023978, "truth_loss_p1": 0.024183, "truth_lost_p0": 1136, "truth_lost_p1": 1124, "truth_rcvbuf_drops": 0, "util": 1.0401570094204784, "wall_s": 6.0, "winline_cli": true, "winline_srv": true}
=== rep=3 seed=7 cell=c8-100 arm=OLD attempt=1 pipeline=window hint=bulk spec=c2/c3/dual bytes=100000000 bin=/home/vibe/v4/bin/old/raptorpath sha=f3743664cb48ad81 16:01:24
COTENANT c8-100-OLD s7 rep=3 before=0 after=0 load=1.29 1.62 1.74
--- RWM-C perf pipeline=window mode=dual hint=bulk A=c2 B=c3 ooo=0 extra='' T=default (100000000 x 1) start=18:01:25
{"bytes":100000000,"dnf":0,"hint":"bulk","max_s":7.6658,"mean_mbps":104.36,"mean_s":7.6658,"median_s":7.6658,"min_s":7.6658,"proto":"rp-native","runs":1,"stdev_s":0.0,"summary":true}
    CPU: CPUSRV=6.15s CPUCLI=8.04s (srv=decoder cli=sender; whole-invocation incl warmup)
    [TRUTH] leg=0 dev=cli0 egress_dgrams=74614 egress_skbs=14183 gso=5.26 netem_sent_dgrams=72628 netem_dropped_skbs=363 backlog=0 lost=1986 loss=0.026617 rcvbuf_drops=0 rcvbuf_scope=netns
    [TRUTH] leg=1 dev=cli1 egress_dgrams=18929 egress_skbs=12362 gso=1.53 netem_sent_dgrams=17940 netem_dropped_skbs=657 backlog=0 lost=989 loss=0.052248 rcvbuf_drops=0 rcvbuf_scope=netns
RUNTIME c8-100-OLD s7 rep=3 attempt=1 9s rc=0
V4ROW {"arm": "OLD", "bin": "old", "bin_sha": "f3743664cb48ad81deef239d44710f4b12bf08f2db65c6d90fc5a947ed500035", "busy_last": 43.0, "busy_med": 50.5, "cad_cli": false, "cad_srv": false, "cadoff_cli": false, "cadoff_srv": false, "cell": "c8-100", "cod": 586, "coded_share": 0.006878741636342294, "cotenant": 0, "cpu_cli": 8.04, "cpu_srv": 6.15, "cpu_us_per_dgram": 85.94977710785413, "diag_lines": 30, "dnf": false, "egress_dgrams": 93543, "emb_echo_cli": false, "emb_echo_srv": false, "emb_gate_cli": 0, "emb_gate_srv": 0, "feed_ratio_p0": 0.9993613104406958, "feed_ratio_p1": 0.985683662532537, "gates_cli": true, "gates_srv": true, "gen_guard": false, "header": ["window", "bulk"], "mbps": 104.36, "pa_cli": 0, "pa_srv": 0, "pipe_cli": ["window", "Rlc", "bulk"], "pipe_srv": ["window", "Rlc", "bulk"], "plc_p0": 0.0266, "plc_p1": 0.0515, "plu_last_p0": 0.0354, "plu_last_p1": 0.0359, "plu_med_p0": 0.0354, "plu_med_p1": 0.06615, "problems": [], "rc": 0, "rep": 3, "seconds": 7.66577, "seed": "7", "src": 84604, "status": "LIVE", "summary": true, "truth_egress_p0": 74614, "truth_egress_p1": 18929, "truth_gso_p0": 5.26, "truth_gso_p1": 1.53, "truth_loss_p0": 0.026617, "truth_loss_p1": 0.052248, "truth_lost_p0": 1986, "truth_lost_p1": 989, "truth_rcvbuf_drops": 0, "util": 1.0488183183163595, "wall_s": 9.0, "winline_cli": true, "winline_srv": true}
=== rep=3 seed=7 cell=c8-100 arm=NEW attempt=1 pipeline=window hint=bulk spec=c2/c3/dual bytes=100000000 bin=/home/vibe/v4/bin/new/raptorpath sha=aa88d648def0b125 16:01:34
COTENANT c8-100-NEW s7 rep=3 before=0 after=0 load=1.56 1.66 1.75
--- RWM-C perf pipeline=window mode=dual hint=bulk A=c2 B=c3 ooo=0 extra='' T=default (100000000 x 1) start=18:01:35
{"bytes":100000000,"dnf":0,"hint":"bulk","max_s":7.8753,"mean_mbps":101.583,"mean_s":7.8753,"median_s":7.8753,"min_s":7.8753,"proto":"rp-native","runs":1,"stdev_s":0.0,"summary":true}
    CPU: CPUSRV=6.36s CPUCLI=6.06s (srv=decoder cli=sender; whole-invocation incl warmup)
    [TRUTH] leg=0 dev=cli0 egress_dgrams=75026 egress_skbs=14363 gso=5.22 netem_sent_dgrams=73064 netem_dropped_skbs=366 backlog=0 lost=1962 loss=0.026151 rcvbuf_drops=0 rcvbuf_scope=netns
    [TRUTH] leg=1 dev=cli1 egress_dgrams=18652 egress_skbs=11846 gso=1.57 netem_sent_dgrams=17645 netem_dropped_skbs=636 backlog=0 lost=1007 loss=0.053989 rcvbuf_drops=0 rcvbuf_scope=netns
RUNTIME c8-100-NEW s7 rep=3 attempt=1 10s rc=0
V4ROW {"arm": "NEW", "bin": "new", "bin_sha": "aa88d648def0b1253985b9d9ad6955d2190277bebc09026aaa2b79ce64ebd262", "busy_last": 44.0, "busy_med": 41.0, "cad_cli": true, "cad_srv": true, "cadoff_cli": false, "cadoff_srv": false, "cell": "c8-100", "cod": 560, "coded_share": 0.006575548353764502, "cotenant": 0, "cpu_cli": 6.06, "cpu_srv": 6.36, "cpu_us_per_dgram": 64.6896816755268, "diag_lines": 31, "dnf": false, "egress_dgrams": 93678, "emb_echo_cli": false, "emb_echo_srv": false, "emb_gate_cli": 0, "emb_gate_srv": 0, "feed_ratio_p0": 1.005697678865053, "feed_ratio_p1": 1.000203745207357, "gates_cli": true, "gates_srv": true, "gen_guard": false, "header": ["window", "bulk"], "mbps": 101.583, "pa_cli": 0, "pa_srv": 0, "pipe_cli": ["window", "Rlc", "bulk"], "pipe_srv": ["window", "Rlc", "bulk"], "plc_p0": 0.0263, "plc_p1": 0.054, "plu_last_p0": 0.0128, "plu_last_p1": 0.0391, "plu_med_p0": 0.0173, "plu_med_p1": 0.0613, "problems": [], "rc": 0, "rep": 3, "seconds": 7.875331, "seed": "7", "src": 84604, "status": "LIVE", "summary": true, "truth_egress_p0": 75026, "truth_egress_p1": 18652, "truth_gso_p0": 5.22, "truth_gso_p1": 1.57, "truth_loss_p0": 0.026151, "truth_loss_p1": 0.053989, "truth_lost_p0": 1962, "truth_lost_p1": 1007, "truth_rcvbuf_drops": 0, "util": 0.7694914664539179, "wall_s": 10.0, "winline_cli": true, "winline_srv": true}
BLOCK-COMPLETE rep=3 seed=7 block=5 2026-10-04T16:01:44Z
=== rep=4 seed=42 cell=c1s-400 arm=NEW attempt=1 pipeline=window hint=bulk spec=c1/c1/single bytes=400000000 bin=/home/vibe/v4/bin/new/raptorpath sha=aa88d648def0b125 16:01:44
COTENANT c1s-400-NEW s42 rep=4 before=0 after=0 load=1.69 1.69 1.76
--- RWM-C perf pipeline=window mode=single hint=bulk A=c1 B=c1 ooo=0 extra='' T=default (400000000 x 1) start=18:01:45
{"bytes":400000000,"dnf":0,"hint":"bulk","max_s":6.3812,"mean_mbps":501.476,"mean_s":6.3812,"median_s":6.3812,"min_s":6.3812,"proto":"rp-native","runs":1,"stdev_s":0.0,"summary":true}
    CPU: CPUSRV=8.25s CPUCLI=7.29s (srv=decoder cli=sender; whole-invocation incl warmup)
    [TRUTH] leg=0 dev=cli0 egress_dgrams=340652 egress_skbs=36342 gso=9.37 netem_sent_dgrams=340305 netem_dropped_skbs=38 backlog=0 lost=347 loss=0.001019 rcvbuf_drops=83 rcvbuf_scope=netns
RUNTIME c1s-400-NEW s42 rep=4 attempt=1 8s rc=0
V4ROW {"arm": "NEW", "bin": "new", "bin_sha": "aa88d648def0b1253985b9d9ad6955d2190277bebc09026aaa2b79ce64ebd262", "busy_last": 40.0, "busy_med": 44.0, "cad_cli": true, "cad_srv": true, "cadoff_cli": false, "cadoff_srv": false, "cell": "c1s-400", "cod": 129, "coded_share": 0.0003833467058928412, "cotenant": 0, "cpu_cli": 7.29, "cpu_srv": 8.25, "cpu_us_per_dgram": 21.40013855782441, "diag_lines": 25, "dnf": false, "egress_dgrams": 340652, "emb_echo_cli": false, "emb_echo_srv": false, "emb_gate_cli": 0, "emb_gate_srv": 0, "feed_ratio_p0": 3.336604514229637, "gates_cli": true, "gates_srv": true, "gen_guard": false, "header": ["window", "bulk"], "mbps": 501.476, "pa_cli": 0, "pa_srv": 0, "pipe_cli": ["window", "Rlc", "bulk"], "pipe_srv": ["window", "Rlc", "bulk"], "plc_p0": 0.0034, "plu_last_p0": 0.1798, "plu_med_p0": 0.0003, "problems": [], "rc": 0, "rep": 4, "seconds": 6.381161, "seed": "42", "src": 336381, "status": "LIVE", "summary": true, "truth_egress_p0": 340652, "truth_gso_p0": 9.37, "truth_loss_p0": 0.001019, "truth_lost_p0": 347, "truth_rcvbuf_drops": 83, "util": 1.1424253360791243, "wall_s": 8.0, "winline_cli": true, "winline_srv": true}
=== rep=4 seed=42 cell=c1s-400 arm=OLD attempt=1 pipeline=window hint=bulk spec=c1/c1/single bytes=400000000 bin=/home/vibe/v4/bin/old/raptorpath sha=f3743664cb48ad81 16:01:52
COTENANT c1s-400-OLD s42 rep=4 before=0 after=0 load=1.97 1.75 1.78
--- RWM-C perf pipeline=window mode=single hint=bulk A=c1 B=c1 ooo=0 extra='' T=default (400000000 x 1) start=18:01:54
{"bytes":400000000,"dnf":0,"hint":"bulk","max_s":10.4931,"mean_mbps":304.963,"mean_s":10.4931,"median_s":10.4931,"min_s":10.4931,"proto":"rp-native","runs":1,"stdev_s":0.0,"summary":true}
    CPU: CPUSRV=11.85s CPUCLI=14.37s (srv=decoder cli=sender; whole-invocation incl warmup)
    [TRUTH] leg=0 dev=cli0 egress_dgrams=342989 egress_skbs=40176 gso=8.54 netem_sent_dgrams=342569 netem_dropped_skbs=50 backlog=0 lost=420 loss=0.001225 rcvbuf_drops=23 rcvbuf_scope=netns
RUNTIME c1s-400-OLD s42 rep=4 attempt=1 13s rc=0
V4ROW {"arm": "OLD", "bin": "old", "bin_sha": "f3743664cb48ad81deef239d44710f4b12bf08f2db65c6d90fc5a947ed500035", "busy_last": 46.0, "busy_med": 54.0, "cad_cli": false, "cad_srv": false, "cadoff_cli": false, "cadoff_srv": false, "cell": "c1s-400", "cod": 83, "coded_share": 0.00025145038399200205, "cotenant": 0, "cpu_cli": 14.37, "cpu_srv": 11.85, "cpu_us_per_dgram": 41.896387347699196, "diag_lines": 41, "dnf": false, "egress_dgrams": 342989, "emb_echo_cli": false, "emb_echo_srv": false, "emb_gate_cli": 0, "emb_gate_srv": 0, "feed_ratio_p0": 1.5510204081632653, "gates_cli": true, "gates_srv": true, "gen_guard": false, "header": ["window", "bulk"], "mbps": 304.963, "pa_cli": 0, "pa_srv": 0, "pipe_cli": ["window", "Rlc", "bulk"], "pipe_srv": ["window", "Rlc", "bulk"], "plc_p0": 0.0019, "plu_last_p0": 0.0361, "plu_med_p0": 0.0354, "problems": [], "rc": 0, "rep": 4, "seconds": 10.493066, "seed": "42", "src": 330002, "status": "LIVE", "summary": true, "truth_egress_p0": 342989, "truth_gso_p0": 8.54, "truth_loss_p0": 0.001225, "truth_lost_p0": 420, "truth_rcvbuf_drops": 23, "util": 1.3694758043073396, "wall_s": 13.0, "winline_cli": true, "winline_srv": true}
=== rep=4 seed=42 cell=c1s-400 arm=EMB attempt=1 pipeline=window hint=bulk spec=c1/c1/single bytes=400000000 bin=/home/vibe/v4/bin/new/raptorpath sha=aa88d648def0b125 16:02:05
COTENANT c1s-400-EMB s42 rep=4 before=0 after=0 load=2.15 1.79 1.79
--- RWM-C perf pipeline=window mode=single hint=bulk A=c1 B=c1 ooo=0 extra='' T=default (400000000 x 1) start=18:02:07
{"bytes":400000000,"dnf":0,"hint":"bulk","max_s":5.9051,"mean_mbps":541.903,"mean_s":5.9051,"median_s":5.9051,"min_s":5.9051,"proto":"rp-native","runs":1,"stdev_s":0.0,"summary":true}
    CPU: CPUSRV=7.58s CPUCLI=5.99s (srv=decoder cli=sender; whole-invocation incl warmup)
    [TRUTH] leg=0 dev=cli0 egress_dgrams=343086 egress_skbs=36972 gso=9.28 netem_sent_dgrams=342730 netem_dropped_skbs=39 backlog=0 lost=356 loss=0.001038 rcvbuf_drops=154 rcvbuf_scope=netns
RUNTIME c1s-400-EMB s42 rep=4 attempt=1 8s rc=0
V4ROW {"arm": "EMB", "bin": "new", "bin_sha": "aa88d648def0b1253985b9d9ad6955d2190277bebc09026aaa2b79ce64ebd262", "busy_last": 47.0, "busy_med": 41.0, "cad_cli": true, "cad_srv": true, "cadoff_cli": false, "cadoff_srv": false, "cell": "c1s-400", "cod": 284, "coded_share": 0.0008628337404450278, "cotenant": 0, "cpu_cli": 5.99, "cpu_srv": 7.58, "cpu_us_per_dgram": 17.459179331129803, "diag_lines": 23, "dnf": false, "egress_dgrams": 343086, "emb_echo_cli": true, "emb_echo_srv": true, "emb_gate_cli": 1, "emb_gate_srv": 1, "feed_ratio_p0": 5.394990366088631, "gates_cli": true, "gates_srv": true, "gen_guard": false, "header": ["window", "bulk"], "mbps": 541.903, "pa_cli": 0, "pa_srv": 0, "pipe_cli": ["window", "Rlc", "bulk"], "pipe_srv": ["window", "Rlc", "bulk"], "plc_p0": 0.0056, "plu_last_p0": 0.0015, "plu_med_p0": 0.0007, "problems": [], "rc": 0, "rep": 4, "seconds": 5.905111, "seed": "42", "src": 328864, "status": "LIVE", "summary": true, "truth_egress_p0": 343086, "truth_gso_p0": 9.28, "truth_loss_p0": 0.001038, "truth_lost_p0": 356, "truth_rcvbuf_drops": 154, "util": 1.014375513008985, "wall_s": 8.0, "winline_cli": true, "winline_srv": true}
=== rep=4 seed=42 cell=c1d-400 arm=NEW attempt=1 pipeline=window hint=bulk spec=c1/c1/dual bytes=400000000 bin=/home/vibe/v4/bin/new/raptorpath sha=aa88d648def0b125 16:02:13
COTENANT c1d-400-NEW s42 rep=4 before=0 after=0 load=3.06 2.00 1.86
--- RWM-C perf pipeline=window mode=dual hint=bulk A=c1 B=c1 ooo=0 extra='' T=default (400000000 x 1) start=18:02:15
{"bytes":400000000,"dnf":0,"hint":"bulk","max_s":8.9408,"mean_mbps":357.908,"mean_s":8.9408,"median_s":8.9408,"min_s":8.9408,"proto":"rp-native","runs":1,"stdev_s":0.0,"summary":true}
    CPU: CPUSRV=13.39s CPUCLI=14.03s (srv=decoder cli=sender; whole-invocation incl warmup)
    [TRUTH] leg=0 dev=cli0 egress_dgrams=139613 egress_skbs=39474 gso=3.54 netem_sent_dgrams=139421 netem_dropped_skbs=50 backlog=0 lost=192 loss=0.001375 rcvbuf_drops=8 rcvbuf_scope=netns
    [TRUTH] leg=1 dev=cli1 egress_dgrams=207525 egress_skbs=46699 gso=4.44 netem_sent_dgrams=207340 netem_dropped_skbs=40 backlog=0 lost=185 loss=0.000891 rcvbuf_drops=8 rcvbuf_scope=netns
RUNTIME c1d-400-NEW s42 rep=4 attempt=1 11s rc=0
V4ROW {"arm": "NEW", "bin": "new", "bin_sha": "aa88d648def0b1253985b9d9ad6955d2190277bebc09026aaa2b79ce64ebd262", "busy_last": 83.0, "busy_med": 81.0, "cad_cli": true, "cad_srv": true, "cadoff_cli": false, "cadoff_srv": false, "cell": "c1d-400", "cod": 130, "coded_share": 0.0003913222779772852, "cotenant": 0, "cpu_cli": 14.03, "cpu_srv": 13.39, "cpu_us_per_dgram": 40.416203354285614, "diag_lines": 35, "dnf": false, "egress_dgrams": 347138, "emb_echo_cli": false, "emb_echo_srv": false, "emb_gate_cli": 0, "emb_gate_srv": 0, "feed_ratio_p0": 1.0181818181818183, "feed_ratio_p1": 1.4590347923681257, "gates_cli": true, "gates_srv": true, "gen_guard": false, "header": ["window", "bulk"], "mbps": 357.908, "pa_cli": 0, "pa_srv": 0, "pipe_cli": ["window", "Rlc", "bulk"], "pipe_srv": ["window", "Rlc", "bulk"], "plc_p0": 0.0014, "plc_p1": 0.0013, "plu_last_p0": 0.0049, "plu_last_p1": 0.0206, "plu_med_p0": 0.0008, "plu_med_p1": 0.001, "problems": [], "rc": 0, "rep": 4, "seconds": 8.940845, "seed": "42", "src": 332077, "status": "LIVE", "summary": true, "truth_egress_p0": 139613, "truth_egress_p1": 207525, "truth_gso_p0": 3.54, "truth_gso_p1": 4.44, "truth_loss_p0": 0.001375, "truth_loss_p1": 0.000891, "truth_lost_p0": 192, "truth_lost_p1": 185, "truth_rcvbuf_drops": 8, "util": 1.5692029109105459, "wall_s": 11.0, "winline_cli": true, "winline_srv": true}
=== rep=4 seed=42 cell=c1d-400 arm=OLD attempt=1 pipeline=window hint=bulk spec=c1/c1/dual bytes=400000000 bin=/home/vibe/v4/bin/old/raptorpath sha=f3743664cb48ad81 16:02:24
COTENANT c1d-400-OLD s42 rep=4 before=0 after=0 load=3.56 2.18 1.92
--- RWM-C perf pipeline=window mode=dual hint=bulk A=c1 B=c1 ooo=0 extra='' T=default (400000000 x 1) start=18:02:26
{"bytes":400000000,"dnf":0,"hint":"bulk","max_s":16.2951,"mean_mbps":196.378,"mean_s":16.2951,"median_s":16.2951,"min_s":16.2951,"proto":"rp-native","runs":1,"stdev_s":0.0,"summary":true}
    CPU: CPUSRV=20.52s CPUCLI=28.47s (srv=decoder cli=sender; whole-invocation incl warmup)
    [TRUTH] leg=0 dev=cli0 egress_dgrams=179011 egress_skbs=68698 gso=2.61 netem_sent_dgrams=178844 netem_dropped_skbs=72 backlog=0 lost=167 loss=0.000933 rcvbuf_drops=0 rcvbuf_scope=netns
    [TRUTH] leg=1 dev=cli1 egress_dgrams=181583 egress_skbs=68773 gso=2.64 netem_sent_dgrams=181427 netem_dropped_skbs=60 backlog=0 lost=156 loss=0.000859 rcvbuf_drops=0 rcvbuf_scope=netns
RUNTIME c1d-400-OLD s42 rep=4 attempt=1 18s rc=0
V4ROW {"arm": "OLD", "bin": "old", "bin_sha": "f3743664cb48ad81deef239d44710f4b12bf08f2db65c6d90fc5a947ed500035", "busy_last": 91.0, "busy_med": 87.0, "cad_cli": false, "cad_srv": false, "cadoff_cli": false, "cadoff_srv": false, "cell": "c1d-400", "cod": 137, "coded_share": 0.0004057395862640861, "cotenant": 0, "cpu_cli": 28.47, "cpu_srv": 20.52, "cpu_us_per_dgram": 78.95306078304131, "diag_lines": 65, "dnf": false, "egress_dgrams": 360594, "emb_echo_cli": false, "emb_echo_srv": false, "emb_gate_cli": 0, "emb_gate_srv": 0, "feed_ratio_p0": 1.0718113612004287, "feed_ratio_p1": 0.931315483119907, "gates_cli": true, "gates_srv": true, "gen_guard": false, "header": ["window", "bulk"], "mbps": 196.378, "pa_cli": 0, "pa_srv": 0, "pipe_cli": ["window", "Rlc", "bulk"], "pipe_srv": ["window", "Rlc", "bulk"], "plc_p0": 0.001, "plc_p1": 0.0008, "plu_last_p0": 0.0354, "plu_last_p1": 0.0354, "plu_med_p0": 0.0354, "plu_med_p1": 0.0354, "problems": [], "rc": 0, "rep": 4, "seconds": 16.295114, "seed": "42", "src": 337518, "status": "LIVE", "summary": true, "truth_egress_p0": 179011, "truth_egress_p1": 181583, "truth_gso_p0": 2.61, "truth_gso_p1": 2.64, "truth_loss_p0": 0.000933, "truth_loss_p1": 0.000859, "truth_lost_p0": 167, "truth_lost_p1": 156, "truth_rcvbuf_drops": 0, "util": 1.7471494829677163, "wall_s": 18.0, "winline_cli": true, "winline_srv": true}
=== rep=4 seed=42 cell=c2-100 arm=OLD attempt=1 pipeline=window hint=bulk spec=c2/c2/single bytes=100000000 bin=/home/vibe/v4/bin/old/raptorpath sha=f3743664cb48ad81 16:02:43
COTENANT c2-100-OLD s42 rep=4 before=0 after=0 load=3.18 2.14 1.91
--- RWM-C perf pipeline=window mode=single hint=bulk A=c2 B=c2 ooo=0 extra='' T=default (100000000 x 1) start=18:02:44
{"bytes":100000000,"dnf":0,"hint":"bulk","max_s":9.1925,"mean_mbps":87.027,"mean_s":9.1925,"median_s":9.1925,"min_s":9.1925,"proto":"rp-native","runs":1,"stdev_s":0.0,"summary":true}
    CPU: CPUSRV=4.82s CPUCLI=5.07s (srv=decoder cli=sender; whole-invocation incl warmup)
    [TRUTH] leg=0 dev=cli0 egress_dgrams=90421 egress_skbs=16474 gso=5.49 netem_sent_dgrams=87949 netem_dropped_skbs=432 backlog=0 lost=2472 loss=0.027339 rcvbuf_drops=0 rcvbuf_scope=netns
RUNTIME c2-100-OLD s42 rep=4 attempt=1 11s rc=0
V4ROW {"arm": "OLD", "bin": "old", "bin_sha": "f3743664cb48ad81deef239d44710f4b12bf08f2db65c6d90fc5a947ed500035", "busy_last": 16.0, "busy_med": 18.0, "cad_cli": false, "cad_srv": false, "cadoff_cli": false, "cadoff_srv": false, "cell": "c2-100", "cod": 437, "coded_share": 0.0051811014286561145, "cotenant": 0, "cpu_cli": 5.07, "cpu_srv": 4.82, "cpu_us_per_dgram": 56.071045442983376, "diag_lines": 36, "dnf": false, "egress_dgrams": 90421, "emb_echo_cli": false, "emb_echo_srv": false, "emb_gate_cli": 0, "emb_gate_srv": 0, "feed_ratio_p0": 1.002231244741944, "gates_cli": true, "gates_srv": true, "gen_guard": false, "header": ["window", "bulk"], "mbps": 87.027, "pa_cli": 0, "pa_srv": 0, "pipe_cli": ["window", "Rlc", "bulk"], "pipe_srv": ["window", "Rlc", "bulk"], "plc_p0": 0.0274, "plu_last_p0": 0.0611, "plu_med_p0": 0.03575, "problems": [], "rc": 0, "rep": 4, "seconds": 9.192518, "seed": "42", "src": 83908, "status": "LIVE", "summary": true, "truth_egress_p0": 90421, "truth_gso_p0": 5.49, "truth_loss_p0": 0.027339, "truth_lost_p0": 2472, "truth_rcvbuf_drops": 0, "util": 0.5515354987610577, "wall_s": 11.0, "winline_cli": true, "winline_srv": true}
=== rep=4 seed=42 cell=c2-100 arm=NEWa attempt=1 pipeline=window hint=auto spec=c2/c2/single bytes=100000000 bin=/home/vibe/v4/bin/new/raptorpath sha=aa88d648def0b125 16:02:54
COTENANT c2-100-NEWa s42 rep=4 before=0 after=0 load=2.69 2.08 1.89
--- RWM-C perf pipeline=window mode=single hint=auto A=c2 B=c2 ooo=0 extra='' T=default (100000000 x 1) start=18:02:56
{"bytes":100000000,"dnf":0,"hint":"auto","max_s":10.4969,"mean_mbps":76.213,"mean_s":10.4969,"median_s":10.4969,"min_s":10.4969,"proto":"rp-native","runs":1,"stdev_s":0.0,"summary":true}
    CPU: CPUSRV=5.80s CPUCLI=4.23s (srv=decoder cli=sender; whole-invocation incl warmup)
    [TRUTH] leg=0 dev=cli0 egress_dgrams=108147 egress_skbs=25995 gso=4.16 netem_sent_dgrams=105380 netem_dropped_skbs=641 backlog=0 lost=2767 loss=0.025586 rcvbuf_drops=0 rcvbuf_scope=netns
RUNTIME c2-100-NEWa s42 rep=4 attempt=1 12s rc=0
V4ROW {"arm": "NEWa", "bin": "new", "bin_sha": "aa88d648def0b1253985b9d9ad6955d2190277bebc09026aaa2b79ce64ebd262", "busy_last": 13.0, "busy_med": 14.0, "cad_cli": true, "cad_srv": true, "cadoff_cli": false, "cadoff_srv": false, "cell": "c2-100", "cod": 11094, "coded_share": 0.11592718761102636, "cotenant": 0, "cpu_cli": 4.23, "cpu_srv": 5.8, "cpu_us_per_dgram": 39.11342894393742, "diag_lines": 41, "dnf": false, "egress_dgrams": 108147, "emb_echo_cli": false, "emb_echo_srv": false, "emb_gate_cli": 0, "emb_gate_srv": 0, "feed_ratio_p0": 0.9888220120378332, "gates_cli": true, "gates_srv": true, "gen_guard": false, "header": ["window", "auto"], "mbps": 76.213, "pa_cli": 0, "pa_srv": 0, "pipe_cli": ["window", "Rlc", "auto"], "pipe_srv": ["window", "Rlc", "auto"], "plc_p0": 0.0253, "plu_last_p0": 0.008, "plu_med_p0": 0.0241, "problems": [], "rc": 0, "rep": 4, "seconds": 10.49695, "seed": "42", "src": 84604, "status": "LIVE", "summary": true, "truth_egress_p0": 108147, "truth_gso_p0": 4.16, "truth_loss_p0": 0.025586, "truth_lost_p0": 2767, "truth_rcvbuf_drops": 0, "util": 0.40297419726682515, "wall_s": 12.0, "winline_cli": true, "winline_srv": true}
=== rep=4 seed=42 cell=c2-100 arm=OLDa attempt=1 pipeline=window hint=auto spec=c2/c2/single bytes=100000000 bin=/home/vibe/v4/bin/old/raptorpath sha=f3743664cb48ad81 16:03:07
COTENANT c2-100-OLDa s42 rep=4 before=0 after=0 load=2.35 2.03 1.88
--- RWM-C perf pipeline=window mode=single hint=auto A=c2 B=c2 ooo=0 extra='' T=default (100000000 x 1) start=18:03:08
{"bytes":100000000,"dnf":0,"hint":"auto","max_s":11.1668,"mean_mbps":71.641,"mean_s":11.1668,"median_s":11.1668,"min_s":11.1668,"proto":"rp-native","runs":1,"stdev_s":0.0,"summary":true}
    CPU: CPUSRV=6.44s CPUCLI=6.58s (srv=decoder cli=sender; whole-invocation incl warmup)
    [TRUTH] leg=0 dev=cli0 egress_dgrams=114914 egress_skbs=27825 gso=4.13 netem_sent_dgrams=111947 netem_dropped_skbs=690 backlog=0 lost=2967 loss=0.025819 rcvbuf_drops=0 rcvbuf_scope=netns
RUNTIME c2-100-OLDa s42 rep=4 attempt=1 13s rc=0
V4ROW {"arm": "OLDa", "bin": "old", "bin_sha": "f3743664cb48ad81deef239d44710f4b12bf08f2db65c6d90fc5a947ed500035", "busy_last": 28.0, "busy_med": 26.0, "cad_cli": false, "cad_srv": false, "cadoff_cli": false, "cadoff_srv": false, "cell": "c2-100", "cod": 22259, "coded_share": 0.20842345758775996, "cotenant": 0, "cpu_cli": 6.58, "cpu_srv": 6.44, "cpu_us_per_dgram": 57.26021198461458, "diag_lines": 44, "dnf": false, "egress_dgrams": 114914, "emb_echo_cli": false, "emb_echo_srv": false, "emb_gate_cli": 0, "emb_gate_srv": 0, "feed_ratio_p0": 0.9992641078275688, "gates_cli": true, "gates_srv": true, "gen_guard": false, "header": ["window", "auto"], "mbps": 71.641, "pa_cli": 0, "pa_srv": 0, "pipe_cli": ["window", "Rlc", "auto"], "pipe_srv": ["window", "Rlc", "auto"], "plc_p0": 0.0258, "plu_last_p0": 0.0354, "plu_med_p0": 0.0354, "problems": [], "rc": 0, "rep": 4, "seconds": 11.16681, "seed": "42", "src": 84538, "status": "LIVE", "summary": true, "truth_egress_p0": 114914, "truth_gso_p0": 4.13, "truth_loss_p0": 0.025819, "truth_lost_p0": 2967, "truth_rcvbuf_drops": 0, "util": 0.5892461678850093, "wall_s": 13.0, "winline_cli": true, "winline_srv": true}
=== rep=4 seed=42 cell=c2-100 arm=EMB attempt=1 pipeline=window hint=bulk spec=c2/c2/single bytes=100000000 bin=/home/vibe/v4/bin/new/raptorpath sha=aa88d648def0b125 16:03:20
COTENANT c2-100-EMB s42 rep=4 before=0 after=0 load=1.99 1.96 1.86
--- RWM-C perf pipeline=window mode=single hint=bulk A=c2 B=c2 ooo=0 extra='' T=default (100000000 x 1) start=18:03:21
{"bytes":100000000,"dnf":0,"hint":"bulk","max_s":9.0245,"mean_mbps":88.648,"mean_s":9.0245,"median_s":9.0245,"min_s":9.0245,"proto":"rp-native","runs":1,"stdev_s":0.0,"summary":true}
    CPU: CPUSRV=4.83s CPUCLI=3.19s (srv=decoder cli=sender; whole-invocation incl warmup)
    [TRUTH] leg=0 dev=cli0 egress_dgrams=88478 egress_skbs=14651 gso=6.04 netem_sent_dgrams=86234 netem_dropped_skbs=382 backlog=0 lost=2244 loss=0.025362 rcvbuf_drops=0 rcvbuf_scope=netns
RUNTIME c2-100-EMB s42 rep=4 attempt=1 11s rc=0
V4ROW {"arm": "EMB", "bin": "new", "bin_sha": "aa88d648def0b1253985b9d9ad6955d2190277bebc09026aaa2b79ce64ebd262", "busy_last": 12.0, "busy_med": 12.5, "cad_cli": true, "cad_srv": true, "cadoff_cli": false, "cadoff_srv": false, "cell": "c2-100", "cod": 412, "coded_share": 0.004846146607697375, "cotenant": 0, "cpu_cli": 3.19, "cpu_srv": 4.83, "cpu_us_per_dgram": 36.05416035624675, "diag_lines": 36, "dnf": false, "egress_dgrams": 88478, "emb_echo_cli": true, "emb_echo_srv": true, "emb_gate_cli": 1, "emb_gate_srv": 1, "feed_ratio_p0": 1.0014983045501142, "gates_cli": true, "gates_srv": true, "gen_guard": false, "header": ["window", "bulk"], "mbps": 88.648, "pa_cli": 0, "pa_srv": 0, "pipe_cli": ["window", "Rlc", "bulk"], "pipe_srv": ["window", "Rlc", "bulk"], "plc_p0": 0.0254, "plu_last_p0": 0.0125, "plu_med_p0": 0.015850000000000003, "problems": [], "rc": 0, "rep": 4, "seconds": 9.024473, "seed": "42", "src": 84604, "status": "LIVE", "summary": true, "truth_egress_p0": 88478, "truth_gso_p0": 6.04, "truth_loss_p0": 0.025362, "truth_lost_p0": 2244, "truth_rcvbuf_drops": 0, "util": 0.35348324494959427, "wall_s": 11.0, "winline_cli": true, "winline_srv": true}
=== rep=4 seed=42 cell=c2-100 arm=NEW attempt=1 pipeline=window hint=bulk spec=c2/c2/single bytes=100000000 bin=/home/vibe/v4/bin/new/raptorpath sha=aa88d648def0b125 16:03:31
COTENANT c2-100-NEW s42 rep=4 before=0 after=0 load=2.55 2.09 1.90
--- RWM-C perf pipeline=window mode=single hint=bulk A=c2 B=c2 ooo=0 extra='' T=default (100000000 x 1) start=18:03:33
{"bytes":100000000,"dnf":0,"hint":"bulk","max_s":9.0802,"mean_mbps":88.104,"mean_s":9.0802,"median_s":9.0802,"min_s":9.0802,"proto":"rp-native","runs":1,"stdev_s":0.0,"summary":true}
    CPU: CPUSRV=4.73s CPUCLI=3.48s (srv=decoder cli=sender; whole-invocation incl warmup)
    [TRUTH] leg=0 dev=cli0 egress_dgrams=91190 egress_skbs=17191 gso=5.30 netem_sent_dgrams=88646 netem_dropped_skbs=463 backlog=0 lost=2544 loss=0.027898 rcvbuf_drops=0 rcvbuf_scope=netns
RUNTIME c2-100-NEW s42 rep=4 attempt=1 11s rc=0
V4ROW {"arm": "NEW", "bin": "new", "bin_sha": "aa88d648def0b1253985b9d9ad6955d2190277bebc09026aaa2b79ce64ebd262", "busy_last": 17.0, "busy_med": 13.0, "cad_cli": true, "cad_srv": true, "cadoff_cli": false, "cadoff_srv": false, "cell": "c2-100", "cod": 440, "coded_share": 0.005209566658773384, "cotenant": 0, "cpu_cli": 3.48, "cpu_srv": 4.73, "cpu_us_per_dgram": 38.162079175348175, "diag_lines": 36, "dnf": false, "egress_dgrams": 91190, "emb_echo_cli": false, "emb_echo_srv": false, "emb_gate_cli": 0, "emb_gate_srv": 0, "feed_ratio_p0": 0.992902717040648, "gates_cli": true, "gates_srv": true, "gen_guard": false, "header": ["window", "bulk"], "mbps": 88.104, "pa_cli": 0, "pa_srv": 0, "pipe_cli": ["window", "Rlc", "bulk"], "pipe_srv": ["window", "Rlc", "bulk"], "plc_p0": 0.0277, "plu_last_p0": 0.0034, "plu_med_p0": 0.02225, "problems": [], "rc": 0, "rep": 4, "seconds": 9.08017, "seed": "42", "src": 84020, "status": "LIVE", "summary": true, "truth_egress_p0": 91190, "truth_gso_p0": 5.3, "truth_loss_p0": 0.027898, "truth_lost_p0": 2544, "truth_rcvbuf_drops": 0, "util": 0.3832527364575773, "wall_s": 11.0, "winline_cli": true, "winline_srv": true}
=== rep=4 seed=42 cell=c3-25 arm=OLD attempt=1 pipeline=window hint=bulk spec=c3/c3/single bytes=25000000 bin=/home/vibe/v4/bin/old/raptorpath sha=f3743664cb48ad81 16:03:42
COTENANT c3-25-OLD s42 rep=4 before=0 after=0 load=2.38 2.07 1.90
--- RWM-C perf pipeline=window mode=single hint=bulk A=c3 B=c3 ooo=0 extra='' T=default (25000000 x 1) start=18:03:44
{"bytes":25000000,"dnf":0,"hint":"bulk","max_s":11.5206,"mean_mbps":17.36,"mean_s":11.5206,"median_s":11.5206,"min_s":11.5206,"proto":"rp-native","runs":1,"stdev_s":0.0,"summary":true}
    CPU: CPUSRV=1.60s CPUCLI=2.17s (srv=decoder cli=sender; whole-invocation incl warmup)
    [TRUTH] leg=0 dev=cli0 egress_dgrams=26036 egress_skbs=7889 gso=3.30 netem_sent_dgrams=24773 netem_dropped_skbs=391 backlog=0 lost=1263 loss=0.048510 rcvbuf_drops=0 rcvbuf_scope=netns
RUNTIME c3-25-OLD s42 rep=4 attempt=1 14s rc=0
V4ROW {"arm": "OLD", "bin": "old", "bin_sha": "f3743664cb48ad81deef239d44710f4b12bf08f2db65c6d90fc5a947ed500035", "busy_last": 7.0, "busy_med": 7.0, "cad_cli": false, "cad_srv": false, "cadoff_cli": false, "cadoff_srv": false, "cell": "c3-25", "cod": 228, "coded_share": 0.010664172123479887, "cotenant": 0, "cpu_cli": 2.17, "cpu_srv": 1.6, "cpu_us_per_dgram": 83.34613611921954, "diag_lines": 46, "dnf": false, "egress_dgrams": 26036, "emb_echo_cli": false, "emb_echo_srv": false, "emb_gate_cli": 0, "emb_gate_srv": 0, "feed_ratio_p0": 0.9874252731395589, "gates_cli": true, "gates_srv": true, "gen_guard": false, "header": ["window", "bulk"], "mbps": 17.36, "pa_cli": 0, "pa_srv": 0, "pipe_cli": ["window", "Rlc", "bulk"], "pipe_srv": ["window", "Rlc", "bulk"], "plc_p0": 0.0479, "plu_last_p0": 0.0354, "plu_med_p0": 0.04125, "problems": [], "rc": 0, "rep": 4, "seconds": 11.52063, "seed": "42", "src": 21152, "status": "LIVE", "summary": true, "truth_egress_p0": 26036, "truth_gso_p0": 3.3, "truth_loss_p0": 0.04851, "truth_lost_p0": 1263, "truth_rcvbuf_drops": 0, "util": 0.18835775474084315, "wall_s": 14.0, "winline_cli": true, "winline_srv": true}
=== rep=4 seed=42 cell=c3-25 arm=NEWa attempt=1 pipeline=window hint=auto spec=c3/c3/single bytes=25000000 bin=/home/vibe/v4/bin/new/raptorpath sha=aa88d648def0b125 16:03:56
COTENANT c3-25-NEWa s42 rep=4 before=0 after=0 load=2.14 2.04 1.89
--- RWM-C perf pipeline=window mode=single hint=auto A=c3 B=c3 ooo=0 extra='' T=default (25000000 x 1) start=18:03:58
{"bytes":25000000,"dnf":0,"hint":"auto","max_s":12.7069,"mean_mbps":15.739,"mean_s":12.7069,"median_s":12.7069,"min_s":12.7069,"proto":"rp-native","runs":1,"stdev_s":0.0,"summary":true}
    CPU: CPUSRV=1.70s CPUCLI=1.90s (srv=decoder cli=sender; whole-invocation incl warmup)
    [TRUTH] leg=0 dev=cli0 egress_dgrams=29091 egress_skbs=8888 gso=3.27 netem_sent_dgrams=27614 netem_dropped_skbs=450 backlog=0 lost=1477 loss=0.050772 rcvbuf_drops=0 rcvbuf_scope=netns
RUNTIME c3-25-NEWa s42 rep=4 attempt=1 15s rc=0
V4ROW {"arm": "NEWa", "bin": "new", "bin_sha": "aa88d648def0b1253985b9d9ad6955d2190277bebc09026aaa2b79ce64ebd262", "busy_last": 4.0, "busy_med": 5.0, "cad_cli": true, "cad_srv": true, "cadoff_cli": false, "cadoff_srv": false, "cell": "c3-25", "cod": 396, "coded_share": 0.01837757564507147, "cotenant": 0, "cpu_cli": 1.9, "cpu_srv": 1.7, "cpu_us_per_dgram": 65.31229589907531, "diag_lines": 50, "dnf": false, "egress_dgrams": 29091, "emb_echo_cli": false, "emb_echo_srv": false, "emb_gate_cli": 0, "emb_gate_srv": 0, "feed_ratio_p0": 1.0103994327582133, "gates_cli": true, "gates_srv": true, "gen_guard": false, "header": ["window", "auto"], "mbps": 15.739, "pa_cli": 0, "pa_srv": 0, "pipe_cli": ["window", "Rlc", "auto"], "pipe_srv": ["window", "Rlc", "auto"], "plc_p0": 0.0513, "plu_last_p0": 0.3061, "plu_med_p0": 0.035699999999999996, "problems": [], "rc": 0, "rep": 4, "seconds": 12.706885, "seed": "42", "src": 21152, "status": "LIVE", "summary": true, "truth_egress_p0": 29091, "truth_gso_p0": 3.27, "truth_loss_p0": 0.050772, "truth_lost_p0": 1477, "truth_rcvbuf_drops": 0, "util": 0.149525237695942, "wall_s": 15.0, "winline_cli": true, "winline_srv": true}
=== rep=4 seed=42 cell=c3-25 arm=OLDa attempt=1 pipeline=window hint=auto spec=c3/c3/single bytes=25000000 bin=/home/vibe/v4/bin/old/raptorpath sha=f3743664cb48ad81 16:04:11
COTENANT c3-25-OLDa s42 rep=4 before=0 after=0 load=2.47 2.12 1.92
--- RWM-C perf pipeline=window mode=single hint=auto A=c3 B=c3 ooo=0 extra='' T=default (25000000 x 1) start=18:04:13
{"bytes":25000000,"dnf":0,"hint":"auto","max_s":12.9402,"mean_mbps":15.456,"mean_s":12.9402,"median_s":12.9402,"min_s":12.9402,"proto":"rp-native","runs":1,"stdev_s":0.0,"summary":true}
    CPU: CPUSRV=1.77s CPUCLI=2.46s (srv=decoder cli=sender; whole-invocation incl warmup)
    [TRUTH] leg=0 dev=cli0 egress_dgrams=27002 egress_skbs=7985 gso=3.38 netem_sent_dgrams=25644 netem_dropped_skbs=397 backlog=0 lost=1358 loss=0.050293 rcvbuf_drops=0 rcvbuf_scope=netns
RUNTIME c3-25-OLDa s42 rep=4 attempt=1 15s rc=0
V4ROW {"arm": "OLDa", "bin": "old", "bin_sha": "f3743664cb48ad81deef239d44710f4b12bf08f2db65c6d90fc5a947ed500035", "busy_last": 5.0, "busy_med": 7.0, "cad_cli": false, "cad_srv": false, "cadoff_cli": false, "cadoff_srv": false, "cell": "c3-25", "cod": 830, "coded_share": 0.03775816577199527, "cotenant": 0, "cpu_cli": 2.46, "cpu_srv": 1.77, "cpu_us_per_dgram": 91.10436263980446, "diag_lines": 51, "dnf": false, "egress_dgrams": 27002, "emb_echo_cli": false, "emb_echo_srv": false, "emb_gate_cli": 0, "emb_gate_srv": 0, "feed_ratio_p0": 0.9921857912631977, "gates_cli": true, "gates_srv": true, "gen_guard": false, "header": ["window", "auto"], "mbps": 15.456, "pa_cli": 0, "pa_srv": 0, "pipe_cli": ["window", "Rlc", "auto"], "pipe_srv": ["window", "Rlc", "auto"], "plc_p0": 0.0499, "plu_last_p0": 0.0354, "plu_med_p0": 0.048, "problems": [], "rc": 0, "rep": 4, "seconds": 12.940178, "seed": "42", "src": 21152, "status": "LIVE", "summary": true, "truth_egress_p0": 27002, "truth_gso_p0": 3.38, "truth_loss_p0": 0.050293, "truth_lost_p0": 1358, "truth_rcvbuf_drops": 0, "util": 0.19010557660026006, "wall_s": 15.0, "winline_cli": true, "winline_srv": true}
=== rep=4 seed=42 cell=c3-25 arm=EMB attempt=1 pipeline=window hint=bulk spec=c3/c3/single bytes=25000000 bin=/home/vibe/v4/bin/new/raptorpath sha=aa88d648def0b125 16:04:26
COTENANT c3-25-EMB s42 rep=4 before=0 after=0 load=2.55 2.15 1.93
--- RWM-C perf pipeline=window mode=single hint=bulk A=c3 B=c3 ooo=0 extra='' T=default (25000000 x 1) start=18:04:28
{"bytes":25000000,"dnf":0,"hint":"bulk","max_s":11.5045,"mean_mbps":17.384,"mean_s":11.5045,"median_s":11.5045,"min_s":11.5045,"proto":"rp-native","runs":1,"stdev_s":0.0,"summary":true}
    CPU: CPUSRV=1.57s CPUCLI=1.61s (srv=decoder cli=sender; whole-invocation incl warmup)
    [TRUTH] leg=0 dev=cli0 egress_dgrams=25600 egress_skbs=7417 gso=3.45 netem_sent_dgrams=24266 netem_dropped_skbs=373 backlog=0 lost=1334 loss=0.052109 rcvbuf_drops=0 rcvbuf_scope=netns
RUNTIME c3-25-EMB s42 rep=4 attempt=1 14s rc=0
V4ROW {"arm": "EMB", "bin": "new", "bin_sha": "aa88d648def0b1253985b9d9ad6955d2190277bebc09026aaa2b79ce64ebd262", "busy_last": 3.0, "busy_med": 5.0, "cad_cli": true, "cad_srv": true, "cadoff_cli": false, "cadoff_srv": false, "cell": "c3-25", "cod": 252, "coded_share": 0.011773500280321435, "cotenant": 0, "cpu_cli": 1.61, "cpu_srv": 1.57, "cpu_us_per_dgram": 62.890625, "diag_lines": 46, "dnf": false, "egress_dgrams": 25600, "emb_echo_cli": true, "emb_echo_srv": true, "emb_gate_cli": 1, "emb_gate_srv": 1, "feed_ratio_p0": 1.0075035022740793, "gates_cli": true, "gates_srv": true, "gen_guard": false, "header": ["window", "bulk"], "mbps": 17.384, "pa_cli": 0, "pa_srv": 0, "pipe_cli": ["window", "Rlc", "bulk"], "pipe_srv": ["window", "Rlc", "bulk"], "plc_p0": 0.0525, "plu_last_p0": 0.0065, "plu_med_p0": 0.034350000000000006, "problems": [], "rc": 0, "rep": 4, "seconds": 11.504505, "seed": "42", "src": 21152, "status": "LIVE", "summary": true, "truth_egress_p0": 25600, "truth_gso_p0": 3.45, "truth_loss_p0": 0.052109, "truth_lost_p0": 1334, "truth_rcvbuf_drops": 0, "util": 0.13994517799766265, "wall_s": 14.0, "winline_cli": true, "winline_srv": true}
=== rep=4 seed=42 cell=c3-25 arm=NEW attempt=1 pipeline=window hint=bulk spec=c3/c3/single bytes=25000000 bin=/home/vibe/v4/bin/new/raptorpath sha=aa88d648def0b125 16:04:40
COTENANT c3-25-NEW s42 rep=4 before=0 after=0 load=2.42 2.14 1.93
--- RWM-C perf pipeline=window mode=single hint=bulk A=c3 B=c3 ooo=0 extra='' T=default (25000000 x 1) start=18:04:42
{"bytes":25000000,"dnf":0,"hint":"bulk","max_s":11.5998,"mean_mbps":17.242,"mean_s":11.5998,"median_s":11.5998,"min_s":11.5998,"proto":"rp-native","runs":1,"stdev_s":0.0,"summary":true}
    CPU: CPUSRV=1.70s CPUCLI=1.82s (srv=decoder cli=sender; whole-invocation incl warmup)
    [TRUTH] leg=0 dev=cli0 egress_dgrams=26645 egress_skbs=7498 gso=3.55 netem_sent_dgrams=25300 netem_dropped_skbs=379 backlog=1 lost=1344 loss=0.050441 rcvbuf_drops=0 rcvbuf_scope=netns
RUNTIME c3-25-NEW s42 rep=4 attempt=1 14s rc=0
V4ROW {"arm": "NEW", "bin": "new", "bin_sha": "aa88d648def0b1253985b9d9ad6955d2190277bebc09026aaa2b79ce64ebd262", "busy_last": 5.0, "busy_med": 6.0, "cad_cli": true, "cad_srv": true, "cadoff_cli": false, "cadoff_srv": false, "cell": "c3-25", "cod": 223, "coded_share": 0.010432748538011696, "cotenant": 0, "cpu_cli": 1.82, "cpu_srv": 1.7, "cpu_us_per_dgram": 68.30549821730156, "diag_lines": 46, "dnf": false, "egress_dgrams": 26645, "emb_echo_cli": false, "emb_echo_srv": false, "emb_gate_cli": 0, "emb_gate_srv": 0, "feed_ratio_p0": 0.989274598045241, "gates_cli": true, "gates_srv": true, "gen_guard": false, "header": ["window", "bulk"], "mbps": 17.242, "pa_cli": 0, "pa_srv": 0, "pipe_cli": ["window", "Rlc", "bulk"], "pipe_srv": ["window", "Rlc", "bulk"], "plc_p0": 0.0499, "plu_last_p0": 0.1832, "plu_med_p0": 0.035699999999999996, "problems": [], "rc": 0, "rep": 4, "seconds": 11.599786, "seed": "42", "src": 21152, "status": "LIVE", "summary": true, "truth_egress_p0": 26645, "truth_gso_p0": 3.55, "truth_loss_p0": 0.050441, "truth_lost_p0": 1344, "truth_rcvbuf_drops": 0, "util": 0.15689944624840493, "wall_s": 14.0, "winline_cli": true, "winline_srv": true}
=== rep=4 seed=42 cell=c7-100 arm=NEW attempt=1 pipeline=window hint=bulk spec=c2/c2/dual bytes=100000000 bin=/home/vibe/v4/bin/new/raptorpath sha=aa88d648def0b125 16:04:54
COTENANT c7-100-NEW s42 rep=4 before=0 after=0 load=2.22 2.10 1.92
--- RWM-C perf pipeline=window mode=dual hint=bulk A=c2 B=c2 ooo=0 extra='' T=default (100000000 x 1) start=18:04:56
{"bytes":100000000,"dnf":0,"hint":"bulk","max_s":4.582,"mean_mbps":174.596,"mean_s":4.582,"median_s":4.582,"min_s":4.582,"proto":"rp-native","runs":1,"stdev_s":0.0,"summary":true}
    CPU: CPUSRV=5.62s CPUCLI=4.84s (srv=decoder cli=sender; whole-invocation incl warmup)
    [TRUTH] leg=0 dev=cli0 egress_dgrams=48191 egress_skbs=17238 gso=2.80 netem_sent_dgrams=46924 netem_dropped_skbs=463 backlog=0 lost=1267 loss=0.026291 rcvbuf_drops=0 rcvbuf_scope=netns
    [TRUTH] leg=1 dev=cli1 egress_dgrams=46821 egress_skbs=15660 gso=2.99 netem_sent_dgrams=45709 netem_dropped_skbs=379 backlog=0 lost=1112 loss=0.023750 rcvbuf_drops=0 rcvbuf_scope=netns
RUNTIME c7-100-NEW s42 rep=4 attempt=1 7s rc=0
V4ROW {"arm": "NEW", "bin": "new", "bin_sha": "aa88d648def0b1253985b9d9ad6955d2190277bebc09026aaa2b79ce64ebd262", "busy_last": 38.0, "busy_med": 51.0, "cad_cli": true, "cad_srv": true, "cadoff_cli": false, "cadoff_srv": false, "cell": "c7-100", "cod": 481, "coded_share": 0.005653170359052712, "cotenant": 0, "cpu_cli": 4.84, "cpu_srv": 5.62, "cpu_us_per_dgram": 50.94093377678609, "diag_lines": 18, "dnf": false, "egress_dgrams": 95012, "emb_echo_cli": false, "emb_echo_srv": false, "emb_gate_cli": 0, "emb_gate_srv": 0, "feed_ratio_p0": 0.9965387394926021, "feed_ratio_p1": 1.0021052631578948, "gates_cli": true, "gates_srv": true, "gen_guard": false, "header": ["window", "bulk"], "mbps": 174.596, "pa_cli": 0, "pa_srv": 0, "pipe_cli": ["window", "Rlc", "bulk"], "pipe_srv": ["window", "Rlc", "bulk"], "plc_p0": 0.0262, "plc_p1": 0.0238, "plu_last_p0": 0.0315, "plu_last_p1": 0.0249, "plu_med_p0": 0.0297, "plu_med_p1": 0.022449999999999998, "problems": [], "rc": 0, "rep": 4, "seconds": 4.58201, "seed": "42", "src": 84604, "status": "LIVE", "summary": true, "truth_egress_p0": 48191, "truth_egress_p1": 46821, "truth_gso_p0": 2.8, "truth_gso_p1": 2.99, "truth_loss_p0": 0.026291, "truth_loss_p1": 0.02375, "truth_lost_p0": 1267, "truth_lost_p1": 1112, "truth_rcvbuf_drops": 0, "util": 1.056304984057215, "wall_s": 7.0, "winline_cli": true, "winline_srv": true}
=== rep=4 seed=42 cell=c7-100 arm=OLD attempt=1 pipeline=window hint=bulk spec=c2/c2/dual bytes=100000000 bin=/home/vibe/v4/bin/old/raptorpath sha=f3743664cb48ad81 16:05:01
COTENANT c7-100-OLD s42 rep=4 before=0 after=0 load=2.28 2.12 1.93
--- RWM-C perf pipeline=window mode=dual hint=bulk A=c2 B=c2 ooo=0 extra='' T=default (100000000 x 1) start=18:05:03
{"bytes":100000000,"dnf":0,"hint":"bulk","max_s":4.6261,"mean_mbps":172.931,"mean_s":4.6261,"median_s":4.6261,"min_s":4.6261,"proto":"rp-native","runs":1,"stdev_s":0.0,"summary":true}
    CPU: CPUSRV=5.60s CPUCLI=6.85s (srv=decoder cli=sender; whole-invocation incl warmup)
    [TRUTH] leg=0 dev=cli0 egress_dgrams=45697 egress_skbs=14144 gso=3.23 netem_sent_dgrams=44517 netem_dropped_skbs=359 backlog=0 lost=1180 loss=0.025822 rcvbuf_drops=0 rcvbuf_scope=netns
    [TRUTH] leg=1 dev=cli1 egress_dgrams=45827 egress_skbs=14569 gso=3.15 netem_sent_dgrams=44747 netem_dropped_skbs=347 backlog=0 lost=1080 loss=0.023567 rcvbuf_drops=0 rcvbuf_scope=netns
RUNTIME c7-100-OLD s42 rep=4 attempt=1 7s rc=0
V4ROW {"arm": "OLD", "bin": "old", "bin_sha": "f3743664cb48ad81deef239d44710f4b12bf08f2db65c6d90fc5a947ed500035", "busy_last": 66.0, "busy_med": 87.0, "cad_cli": false, "cad_srv": false, "cadoff_cli": false, "cadoff_srv": false, "cell": "c7-100", "cod": 456, "coded_share": 0.005360921702327768, "cotenant": 0, "cpu_cli": 6.85, "cpu_srv": 5.6, "cpu_us_per_dgram": 74.84375682880993, "diag_lines": 18, "dnf": false, "egress_dgrams": 91524, "emb_echo_cli": false, "emb_echo_srv": false, "emb_gate_cli": 0, "emb_gate_srv": 0, "feed_ratio_p0": 1.0030206800402757, "feed_ratio_p1": 1.0098867059871854, "gates_cli": true, "gates_srv": true, "gen_guard": false, "header": ["window", "bulk"], "mbps": 172.931, "pa_cli": 0, "pa_srv": 0, "pipe_cli": ["window", "Rlc", "bulk"], "pipe_srv": ["window", "Rlc", "bulk"], "plc_p0": 0.0259, "plc_p1": 0.0238, "plu_last_p0": 0.0354, "plu_last_p1": 0.0355, "plu_med_p0": 0.0354, "plu_med_p1": 0.0372, "problems": [], "rc": 0, "rep": 4, "seconds": 4.626114, "seed": "42", "src": 84604, "status": "LIVE", "summary": true, "truth_egress_p0": 45697, "truth_egress_p1": 45827, "truth_gso_p0": 3.23, "truth_gso_p1": 3.15, "truth_loss_p0": 0.025822, "truth_loss_p1": 0.023567, "truth_lost_p0": 1180, "truth_lost_p1": 1080, "truth_rcvbuf_drops": 0, "util": 1.4807244265921677, "wall_s": 7.0, "winline_cli": true, "winline_srv": true}
=== rep=4 seed=42 cell=c8-100 arm=NEW attempt=1 pipeline=window hint=bulk spec=c2/c3/dual bytes=100000000 bin=/home/vibe/v4/bin/new/raptorpath sha=aa88d648def0b125 16:05:08
COTENANT c8-100-NEW s42 rep=4 before=0 after=0 load=2.25 2.11 1.93
--- RWM-C perf pipeline=window mode=dual hint=bulk A=c2 B=c3 ooo=0 extra='' T=default (100000000 x 1) start=18:05:09
{"bytes":100000000,"dnf":0,"hint":"bulk","max_s":7.6691,"mean_mbps":104.314,"mean_s":7.6691,"median_s":7.6691,"min_s":7.6691,"proto":"rp-native","runs":1,"stdev_s":0.0,"summary":true}
    CPU: CPUSRV=5.70s CPUCLI=5.28s (srv=decoder cli=sender; whole-invocation incl warmup)
    [TRUTH] leg=0 dev=cli0 egress_dgrams=81037 egress_skbs=20601 gso=3.93 netem_sent_dgrams=78867 netem_dropped_skbs=542 backlog=0 lost=2170 loss=0.026778 rcvbuf_drops=0 rcvbuf_scope=netns
    [TRUTH] leg=1 dev=cli1 egress_dgrams=18677 egress_skbs=11764 gso=1.59 netem_sent_dgrams=17860 netem_dropped_skbs=511 backlog=0 lost=817 loss=0.043744 rcvbuf_drops=0 rcvbuf_scope=netns
RUNTIME c8-100-NEW s42 rep=4 attempt=1 10s rc=0
V4ROW {"arm": "NEW", "bin": "new", "bin_sha": "aa88d648def0b1253985b9d9ad6955d2190277bebc09026aaa2b79ce64ebd262", "busy_last": 26.0, "busy_med": 31.0, "cad_cli": true, "cad_srv": true, "cadoff_cli": false, "cadoff_srv": false, "cell": "c8-100", "cod": 740, "coded_share": 0.008670791151106111, "cotenant": 0, "cpu_cli": 5.28, "cpu_srv": 5.7, "cpu_us_per_dgram": 52.9514411216078, "diag_lines": 30, "dnf": false, "egress_dgrams": 99714, "emb_echo_cli": false, "emb_echo_srv": false, "emb_gate_cli": 0, "emb_gate_srv": 0, "feed_ratio_p0": 1.0045559787885578, "feed_ratio_p1": 1.0104242867593272, "gates_cli": true, "gates_srv": true, "gen_guard": false, "header": ["window", "bulk"], "mbps": 104.314, "pa_cli": 0, "pa_srv": 0, "pipe_cli": ["window", "Rlc", "bulk"], "pipe_srv": ["window", "Rlc", "bulk"], "plc_p0": 0.0269, "plc_p1": 0.0442, "plu_last_p0": 0.0751, "plu_last_p1": 0.029, "plu_med_p0": 0.0113, "plu_med_p1": 0.0471, "problems": [], "rc": 0, "rep": 4, "seconds": 7.66912, "seed": "42", "src": 84604, "status": "LIVE", "summary": true, "truth_egress_p0": 81037, "truth_egress_p1": 18677, "truth_gso_p0": 3.93, "truth_gso_p1": 1.59, "truth_loss_p0": 0.026778, "truth_loss_p1": 0.043744, "truth_lost_p0": 2170, "truth_lost_p1": 817, "truth_rcvbuf_drops": 0, "util": 0.6884753400650923, "wall_s": 10.0, "winline_cli": true, "winline_srv": true}
=== rep=4 seed=42 cell=c8-100 arm=OLD attempt=1 pipeline=window hint=bulk spec=c2/c3/dual bytes=100000000 bin=/home/vibe/v4/bin/old/raptorpath sha=f3743664cb48ad81 16:05:18
COTENANT c8-100-OLD s42 rep=4 before=0 after=0 load=2.45 2.16 1.95
--- RWM-C perf pipeline=window mode=dual hint=bulk A=c2 B=c3 ooo=0 extra='' T=default (100000000 x 1) start=18:05:19
{"bytes":100000000,"dnf":0,"hint":"bulk","max_s":7.8736,"mean_mbps":101.605,"mean_s":7.8736,"median_s":7.8736,"min_s":7.8736,"proto":"rp-native","runs":1,"stdev_s":0.0,"summary":true}
    CPU: CPUSRV=5.87s CPUCLI=7.46s (srv=decoder cli=sender; whole-invocation incl warmup)
    [TRUTH] leg=0 dev=cli0 egress_dgrams=77455 egress_skbs=20003 gso=3.87 netem_sent_dgrams=75546 netem_dropped_skbs=517 backlog=0 lost=1909 loss=0.024647 rcvbuf_drops=0 rcvbuf_scope=netns
    [TRUTH] leg=1 dev=cli1 egress_dgrams=19437 egress_skbs=12774 gso=1.52 netem_sent_dgrams=18604 netem_dropped_skbs=549 backlog=0 lost=833 loss=0.042856 rcvbuf_drops=0 rcvbuf_scope=netns
RUNTIME c8-100-OLD s42 rep=4 attempt=1 10s rc=0
V4ROW {"arm": "OLD", "bin": "old", "bin_sha": "f3743664cb48ad81deef239d44710f4b12bf08f2db65c6d90fc5a947ed500035", "busy_last": 35.0, "busy_med": 48.0, "cad_cli": false, "cad_srv": false, "cadoff_cli": false, "cadoff_srv": false, "cell": "c8-100", "cod": 664, "coded_share": 0.0077872120842520055, "cotenant": 0, "cpu_cli": 7.46, "cpu_srv": 5.87, "cpu_us_per_dgram": 76.99294059365066, "diag_lines": 31, "dnf": false, "egress_dgrams": 96892, "emb_echo_cli": false, "emb_echo_srv": false, "emb_gate_cli": 0, "emb_gate_srv": 0, "feed_ratio_p0": 0.9859212074491824, "feed_ratio_p1": 0.9753593429158111, "gates_cli": true, "gates_srv": true, "gen_guard": false, "header": ["window", "bulk"], "mbps": 101.605, "pa_cli": 0, "pa_srv": 0, "pipe_cli": ["window", "Rlc", "bulk"], "pipe_srv": ["window", "Rlc", "bulk"], "plc_p0": 0.0243, "plc_p1": 0.0418, "plu_last_p0": 0.1304, "plu_last_p1": 0.1022, "plu_med_p0": 0.0362, "plu_med_p1": 0.0713, "problems": [], "rc": 0, "rep": 4, "seconds": 7.873627, "seed": "42", "src": 84604, "status": "LIVE", "summary": true, "truth_egress_p0": 77455, "truth_egress_p1": 19437, "truth_gso_p0": 3.87, "truth_gso_p1": 1.52, "truth_loss_p0": 0.024647, "truth_loss_p1": 0.042856, "truth_lost_p0": 1909, "truth_lost_p1": 833, "truth_rcvbuf_drops": 0, "util": 0.9474667773822661, "wall_s": 10.0, "winline_cli": true, "winline_srv": true}
BLOCK-COMPLETE rep=4 seed=42 block=6 2026-10-04T16:05:28Z
=== rep=4 seed=7 cell=c1s-400 arm=OLD attempt=1 pipeline=window hint=bulk spec=c1/c1/single bytes=400000000 bin=/home/vibe/v4/bin/old/raptorpath sha=f3743664cb48ad81 16:05:28
COTENANT c1s-400-OLD s7 rep=4 before=0 after=0 load=2.53 2.19 1.96
--- RWM-C perf pipeline=window mode=single hint=bulk A=c1 B=c1 ooo=0 extra='' T=default (400000000 x 1) start=18:05:30
{"bytes":400000000,"dnf":0,"hint":"bulk","max_s":10.5813,"mean_mbps":302.422,"mean_s":10.5813,"median_s":10.5813,"min_s":10.5813,"proto":"rp-native","runs":1,"stdev_s":0.0,"summary":true}
    CPU: CPUSRV=11.96s CPUCLI=14.47s (srv=decoder cli=sender; whole-invocation incl warmup)
    [TRUTH] leg=0 dev=cli0 egress_dgrams=342925 egress_skbs=39747 gso=8.63 netem_sent_dgrams=342470 netem_dropped_skbs=52 backlog=0 lost=455 loss=0.001327 rcvbuf_drops=36 rcvbuf_scope=netns
RUNTIME c1s-400-OLD s7 rep=4 attempt=1 13s rc=0
V4ROW {"arm": "OLD", "bin": "old", "bin_sha": "f3743664cb48ad81deef239d44710f4b12bf08f2db65c6d90fc5a947ed500035", "busy_last": 66.0, "busy_med": 54.0, "cad_cli": false, "cad_srv": false, "cadoff_cli": false, "cadoff_srv": false, "cell": "c1s-400", "cod": 110, "coded_share": 0.00032713462779514234, "cotenant": 0, "cpu_cli": 14.47, "cpu_srv": 11.96, "cpu_us_per_dgram": 42.19581541153313, "diag_lines": 42, "dnf": false, "egress_dgrams": 342925, "emb_echo_cli": false, "emb_echo_srv": false, "emb_gate_cli": 0, "emb_gate_srv": 0, "feed_ratio_p0": 1.8085908063300675, "gates_cli": true, "gates_srv": true, "gen_guard": false, "header": ["window", "bulk"], "mbps": 302.422, "pa_cli": 0, "pa_srv": 0, "pipe_cli": ["window", "Rlc", "bulk"], "pipe_srv": ["window", "Rlc", "bulk"], "plc_p0": 0.0024, "plu_last_p0": 0.0354, "plu_med_p0": 0.0354, "problems": [], "rc": 0, "rep": 4, "seconds": 10.581258, "seed": "7", "src": 336143, "status": "LIVE", "summary": true, "truth_egress_p0": 342925, "truth_gso_p0": 8.63, "truth_loss_p0": 0.001327, "truth_lost_p0": 455, "truth_rcvbuf_drops": 36, "util": 1.367512256104142, "wall_s": 13.0, "winline_cli": true, "winline_srv": true}
=== rep=4 seed=7 cell=c1s-400 arm=EMB attempt=1 pipeline=window hint=bulk spec=c1/c1/single bytes=400000000 bin=/home/vibe/v4/bin/new/raptorpath sha=aa88d648def0b125 16:05:41
COTENANT c1s-400-EMB s7 rep=4 before=0 after=0 load=2.37 2.16 1.95
--- RWM-C perf pipeline=window mode=single hint=bulk A=c1 B=c1 ooo=0 extra='' T=default (400000000 x 1) start=18:05:42
{"bytes":400000000,"dnf":0,"hint":"bulk","max_s":6.3359,"mean_mbps":505.055,"mean_s":6.3359,"median_s":6.3359,"min_s":6.3359,"proto":"rp-native","runs":1,"stdev_s":0.0,"summary":true}
    CPU: CPUSRV=8.21s CPUCLI=5.72s (srv=decoder cli=sender; whole-invocation incl warmup)
    [TRUTH] leg=0 dev=cli0 egress_dgrams=342097 egress_skbs=37398 gso=9.15 netem_sent_dgrams=341713 netem_dropped_skbs=40 backlog=0 lost=384 loss=0.001122 rcvbuf_drops=89 rcvbuf_scope=netns
RUNTIME c1s-400-EMB s7 rep=4 attempt=1 8s rc=0
V4ROW {"arm": "EMB", "bin": "new", "bin_sha": "aa88d648def0b1253985b9d9ad6955d2190277bebc09026aaa2b79ce64ebd262", "busy_last": 36.0, "busy_med": 33.0, "cad_cli": true, "cad_srv": true, "cadoff_cli": false, "cadoff_srv": false, "cell": "c1s-400", "cod": 208, "coded_share": 0.0006226519585098262, "cotenant": 0, "cpu_cli": 5.72, "cpu_srv": 8.21, "cpu_us_per_dgram": 16.720403862062515, "diag_lines": 25, "dnf": false, "egress_dgrams": 342097, "emb_echo_cli": true, "emb_echo_srv": true, "emb_gate_cli": 1, "emb_gate_srv": 1, "feed_ratio_p0": 3.3868092691622107, "gates_cli": true, "gates_srv": true, "gen_guard": false, "header": ["window", "bulk"], "mbps": 505.055, "pa_cli": 0, "pa_srv": 0, "pipe_cli": ["window", "Rlc", "bulk"], "pipe_srv": ["window", "Rlc", "bulk"], "plc_p0": 0.0038, "plu_last_p0": 0.0002, "plu_med_p0": 0.0004, "problems": [], "rc": 0, "rep": 4, "seconds": 6.335949, "seed": "7", "src": 333847, "status": "LIVE", "summary": true, "truth_egress_p0": 342097, "truth_gso_p0": 9.15, "truth_loss_p0": 0.001122, "truth_lost_p0": 384, "truth_rcvbuf_drops": 89, "util": 0.902785044513458, "wall_s": 8.0, "winline_cli": true, "winline_srv": true}
=== rep=4 seed=7 cell=c1s-400 arm=NEW attempt=1 pipeline=window hint=bulk spec=c1/c1/single bytes=400000000 bin=/home/vibe/v4/bin/new/raptorpath sha=aa88d648def0b125 16:05:49
COTENANT c1s-400-NEW s7 rep=4 before=0 after=0 load=2.77 2.26 1.99
--- RWM-C perf pipeline=window mode=single hint=bulk A=c1 B=c1 ooo=0 extra='' T=default (400000000 x 1) start=18:05:51
{"bytes":400000000,"dnf":0,"hint":"bulk","max_s":6.1563,"mean_mbps":519.79,"mean_s":6.1563,"median_s":6.1563,"min_s":6.1563,"proto":"rp-native","runs":1,"stdev_s":0.0,"summary":true}
    CPU: CPUSRV=8.04s CPUCLI=7.09s (srv=decoder cli=sender; whole-invocation incl warmup)
    [TRUTH] leg=0 dev=cli0 egress_dgrams=340418 egress_skbs=36245 gso=9.39 netem_sent_dgrams=340022 netem_dropped_skbs=40 backlog=0 lost=396 loss=0.001163 rcvbuf_drops=67 rcvbuf_scope=netns
RUNTIME c1s-400-NEW s7 rep=4 attempt=1 8s rc=0
V4ROW {"arm": "NEW", "bin": "new", "bin_sha": "aa88d648def0b1253985b9d9ad6955d2190277bebc09026aaa2b79ce64ebd262", "busy_last": 51.0, "busy_med": 43.0, "cad_cli": true, "cad_srv": true, "cadoff_cli": false, "cadoff_srv": false, "cell": "c1s-400", "cod": 128, "coded_share": 0.0003850596842510589, "cotenant": 0, "cpu_cli": 7.09, "cpu_srv": 8.04, "cpu_us_per_dgram": 20.827335804804683, "diag_lines": 24, "dnf": false, "egress_dgrams": 340418, "emb_echo_cli": false, "emb_echo_srv": false, "emb_gate_cli": 0, "emb_gate_srv": 0, "feed_ratio_p0": 2.7515047291487535, "gates_cli": true, "gates_srv": true, "gen_guard": false, "header": ["window", "bulk"], "mbps": 519.79, "pa_cli": 0, "pa_srv": 0, "pipe_cli": ["window", "Rlc", "bulk"], "pipe_srv": ["window", "Rlc", "bulk"], "plc_p0": 0.0032, "plu_last_p0": 0.0005, "plu_med_p0": 0.00035, "problems": [], "rc": 0, "rep": 4, "seconds": 6.156329, "seed": "7", "src": 332288, "status": "LIVE", "summary": true, "truth_egress_p0": 340418, "truth_gso_p0": 9.39, "truth_loss_p0": 0.001163, "truth_lost_p0": 396, "truth_rcvbuf_drops": 67, "util": 1.1516603482367493, "wall_s": 8.0, "winline_cli": true, "winline_srv": true}
=== rep=4 seed=7 cell=c1d-400 arm=OLD attempt=1 pipeline=window hint=bulk spec=c1/c1/dual bytes=400000000 bin=/home/vibe/v4/bin/old/raptorpath sha=f3743664cb48ad81 16:05:58
COTENANT c1d-400-OLD s7 rep=4 before=0 after=0 load=3.33 2.41 2.04
--- RWM-C perf pipeline=window mode=dual hint=bulk A=c1 B=c1 ooo=0 extra='' T=default (400000000 x 1) start=18:05:59
{"bytes":400000000,"dnf":0,"hint":"bulk","max_s":14.5958,"mean_mbps":219.242,"mean_s":14.5958,"median_s":14.5958,"min_s":14.5958,"proto":"rp-native","runs":1,"stdev_s":0.0,"summary":true}
    CPU: CPUSRV=17.37s CPUCLI=24.22s (srv=decoder cli=sender; whole-invocation incl warmup)
    [TRUTH] leg=0 dev=cli0 egress_dgrams=84403 egress_skbs=29148 gso=2.90 netem_sent_dgrams=84341 netem_dropped_skbs=26 backlog=0 lost=62 loss=0.000735 rcvbuf_drops=27 rcvbuf_scope=netns
    [TRUTH] leg=1 dev=cli1 egress_dgrams=269288 egress_skbs=59390 gso=4.53 netem_sent_dgrams=269078 netem_dropped_skbs=54 backlog=0 lost=210 loss=0.000780 rcvbuf_drops=27 rcvbuf_scope=netns
RUNTIME c1d-400-OLD s7 rep=4 attempt=1 16s rc=0
V4ROW {"arm": "OLD", "bin": "old", "bin_sha": "f3743664cb48ad81deef239d44710f4b12bf08f2db65c6d90fc5a947ed500035", "busy_last": 94.0, "busy_med": 86.0, "cad_cli": false, "cad_srv": false, "cadoff_cli": false, "cadoff_srv": false, "cell": "c1d-400", "cod": 489, "coded_share": 0.0014512366673195749, "cotenant": 0, "cpu_cli": 24.22, "cpu_srv": 17.37, "cpu_us_per_dgram": 68.47785213646941, "diag_lines": 58, "dnf": false, "egress_dgrams": 353691, "emb_echo_cli": false, "emb_echo_srv": false, "emb_gate_cli": 0, "emb_gate_srv": 0, "feed_ratio_p0": 0.9523809523809524, "feed_ratio_p1": 1.794871794871795, "gates_cli": true, "gates_srv": true, "gen_guard": false, "header": ["window", "bulk"], "mbps": 219.242, "pa_cli": 0, "pa_srv": 0, "pipe_cli": ["window", "Rlc", "bulk"], "pipe_srv": ["window", "Rlc", "bulk"], "plc_p0": 0.0007, "plc_p1": 0.0014, "plu_last_p0": 0.0354, "plu_last_p1": 0.0354, "plu_med_p0": 0.0354, "plu_med_p1": 0.0354, "problems": [], "rc": 0, "rep": 4, "seconds": 14.59576, "seed": "7", "src": 336465, "status": "LIVE", "summary": true, "truth_egress_p0": 84403, "truth_egress_p1": 269288, "truth_gso_p0": 2.9, "truth_gso_p1": 4.53, "truth_loss_p0": 0.000735, "truth_loss_p1": 0.00078, "truth_lost_p0": 62, "truth_lost_p1": 210, "truth_rcvbuf_drops": 27, "util": 1.6593860134724057, "wall_s": 16.0, "winline_cli": true, "winline_srv": true}
=== rep=4 seed=7 cell=c1d-400 arm=NEW attempt=1 pipeline=window hint=bulk spec=c1/c1/dual bytes=400000000 bin=/home/vibe/v4/bin/new/raptorpath sha=aa88d648def0b125 16:06:14
COTENANT c1d-400-NEW s7 rep=4 before=0 after=0 load=3.78 2.55 2.10
--- RWM-C perf pipeline=window mode=dual hint=bulk A=c1 B=c1 ooo=0 extra='' T=default (400000000 x 1) start=18:06:16
{"bytes":400000000,"dnf":0,"hint":"bulk","max_s":10.2607,"mean_mbps":311.869,"mean_s":10.2607,"median_s":10.2607,"min_s":10.2607,"proto":"rp-native","runs":1,"stdev_s":0.0,"summary":true}
    CPU: CPUSRV=15.56s CPUCLI=16.65s (srv=decoder cli=sender; whole-invocation incl warmup)
    [TRUTH] leg=0 dev=cli0 egress_dgrams=189171 egress_skbs=53323 gso=3.55 netem_sent_dgrams=188908 netem_dropped_skbs=58 backlog=0 lost=263 loss=0.001390 rcvbuf_drops=16 rcvbuf_scope=netns
    [TRUTH] leg=1 dev=cli1 egress_dgrams=160458 egress_skbs=50702 gso=3.16 netem_sent_dgrams=160335 netem_dropped_skbs=47 backlog=0 lost=123 loss=0.000767 rcvbuf_drops=16 rcvbuf_scope=netns
RUNTIME c1d-400-NEW s7 rep=4 attempt=1 13s rc=0
V4ROW {"arm": "NEW", "bin": "new", "bin_sha": "aa88d648def0b1253985b9d9ad6955d2190277bebc09026aaa2b79ce64ebd262", "busy_last": 88.0, "busy_med": 82.0, "cad_cli": true, "cad_srv": true, "cadoff_cli": false, "cadoff_srv": false, "cell": "c1d-400", "cod": 147, "coded_share": 0.0004346013641161184, "cotenant": 0, "cpu_cli": 16.65, "cpu_srv": 15.56, "cpu_us_per_dgram": 47.62190779368988, "diag_lines": 41, "dnf": false, "egress_dgrams": 349629, "emb_echo_cli": false, "emb_echo_srv": false, "emb_gate_cli": 0, "emb_gate_srv": 0, "feed_ratio_p0": 1.3669064748201438, "feed_ratio_p1": 1.5645371577574967, "gates_cli": true, "gates_srv": true, "gen_guard": false, "header": ["window", "bulk"], "mbps": 311.869, "pa_cli": 0, "pa_srv": 0, "pipe_cli": ["window", "Rlc", "bulk"], "pipe_srv": ["window", "Rlc", "bulk"], "plc_p0": 0.0019, "plc_p1": 0.0012, "plu_last_p0": 0.0003, "plu_last_p1": 0.0005, "plu_med_p0": 0.0008, "plu_med_p1": 0.001, "problems": [], "rc": 0, "rep": 4, "seconds": 10.260705, "seed": "7", "src": 338094, "status": "LIVE", "summary": true, "truth_egress_p0": 189171, "truth_egress_p1": 160458, "truth_gso_p0": 3.55, "truth_gso_p1": 3.16, "truth_loss_p0": 0.00139, "truth_loss_p1": 0.000767, "truth_lost_p0": 263, "truth_lost_p1": 123, "truth_rcvbuf_drops": 16, "util": 1.6226955165361443, "wall_s": 13.0, "winline_cli": true, "winline_srv": true}
=== rep=4 seed=7 cell=c2-100 arm=NEWa attempt=1 pipeline=window hint=auto spec=c2/c2/single bytes=100000000 bin=/home/vibe/v4/bin/new/raptorpath sha=aa88d648def0b125 16:06:27
COTENANT c2-100-NEWa s7 rep=4 before=0 after=0 load=3.42 2.52 2.09
--- RWM-C perf pipeline=window mode=single hint=auto A=c2 B=c2 ooo=0 extra='' T=default (100000000 x 1) start=18:06:28
{"bytes":100000000,"dnf":0,"hint":"auto","max_s":10.3166,"mean_mbps":77.545,"mean_s":10.3166,"median_s":10.3166,"min_s":10.3166,"proto":"rp-native","runs":1,"stdev_s":0.0,"summary":true}
    CPU: CPUSRV=5.70s CPUCLI=4.14s (srv=decoder cli=sender; whole-invocation incl warmup)
    [TRUTH] leg=0 dev=cli0 egress_dgrams=107908 egress_skbs=26683 gso=4.04 netem_sent_dgrams=105245 netem_dropped_skbs=676 backlog=0 lost=2663 loss=0.024678 rcvbuf_drops=0 rcvbuf_scope=netns
RUNTIME c2-100-NEWa s7 rep=4 attempt=1 12s rc=0
V4ROW {"arm": "NEWa", "bin": "new", "bin_sha": "aa88d648def0b1253985b9d9ad6955d2190277bebc09026aaa2b79ce64ebd262", "busy_last": 11.0, "busy_med": 15.0, "cad_cli": true, "cad_srv": true, "cadoff_cli": false, "cadoff_srv": false, "cell": "c2-100", "cod": 11461, "coded_share": 0.11930463748503617, "cotenant": 0, "cpu_cli": 4.14, "cpu_srv": 5.7, "cpu_us_per_dgram": 38.36601549468065, "diag_lines": 41, "dnf": false, "egress_dgrams": 107908, "emb_echo_cli": false, "emb_echo_srv": false, "emb_gate_cli": 0, "emb_gate_srv": 0, "feed_ratio_p0": 0.9927870978199207, "gates_cli": true, "gates_srv": true, "gen_guard": false, "header": ["window", "auto"], "mbps": 77.545, "pa_cli": 0, "pa_srv": 0, "pipe_cli": ["window", "Rlc", "auto"], "pipe_srv": ["window", "Rlc", "auto"], "plc_p0": 0.0245, "plu_last_p0": 0.0343, "plu_med_p0": 0.0224, "problems": [], "rc": 0, "rep": 4, "seconds": 10.316632, "seed": "7", "src": 84604, "status": "LIVE", "summary": true, "truth_egress_p0": 107908, "truth_gso_p0": 4.04, "truth_loss_p0": 0.024678, "truth_lost_p0": 2663, "truth_rcvbuf_drops": 0, "util": 0.4012937555589847, "wall_s": 12.0, "winline_cli": true, "winline_srv": true}
=== rep=4 seed=7 cell=c2-100 arm=OLDa attempt=1 pipeline=window hint=auto spec=c2/c2/single bytes=100000000 bin=/home/vibe/v4/bin/old/raptorpath sha=f3743664cb48ad81 16:06:39
COTENANT c2-100-OLDa s7 rep=4 before=0 after=0 load=3.01 2.48 2.08
--- RWM-C perf pipeline=window mode=single hint=auto A=c2 B=c2 ooo=0 extra='' T=default (100000000 x 1) start=18:06:41
{"bytes":100000000,"dnf":0,"hint":"auto","max_s":10.9204,"mean_mbps":73.257,"mean_s":10.9204,"median_s":10.9204,"min_s":10.9204,"proto":"rp-native","runs":1,"stdev_s":0.0,"summary":true}
    CPU: CPUSRV=6.15s CPUCLI=6.46s (srv=decoder cli=sender; whole-invocation incl warmup)
    [TRUTH] leg=0 dev=cli0 egress_dgrams=113063 egress_skbs=28085 gso=4.03 netem_sent_dgrams=110134 netem_dropped_skbs=702 backlog=0 lost=2929 loss=0.025906 rcvbuf_drops=0 rcvbuf_scope=netns
RUNTIME c2-100-OLDa s7 rep=4 attempt=1 13s rc=0
V4ROW {"arm": "OLDa", "bin": "old", "bin_sha": "f3743664cb48ad81deef239d44710f4b12bf08f2db65c6d90fc5a947ed500035", "busy_last": 22.0, "busy_med": 25.0, "cad_cli": false, "cad_srv": false, "cadoff_cli": false, "cadoff_srv": false, "cell": "c2-100", "cod": 19181, "coded_share": 0.1852699700569883, "cotenant": 0, "cpu_cli": 6.46, "cpu_srv": 6.15, "cpu_us_per_dgram": 57.13628684892493, "diag_lines": 43, "dnf": false, "egress_dgrams": 113063, "emb_echo_cli": false, "emb_echo_srv": false, "emb_gate_cli": 0, "emb_gate_srv": 0, "feed_ratio_p0": 0.9997683934223732, "gates_cli": true, "gates_srv": true, "gen_guard": false, "header": ["window", "auto"], "mbps": 73.257, "pa_cli": 0, "pa_srv": 0, "pipe_cli": ["window", "Rlc", "auto"], "pipe_srv": ["window", "Rlc", "auto"], "plc_p0": 0.0259, "plu_last_p0": 0.0669, "plu_med_p0": 0.0354, "problems": [], "rc": 0, "rep": 4, "seconds": 10.920388, "seed": "7", "src": 84349, "status": "LIVE", "summary": true, "truth_egress_p0": 113063, "truth_gso_p0": 4.03, "truth_loss_p0": 0.025906, "truth_lost_p0": 2929, "truth_rcvbuf_drops": 0, "util": 0.5915540729871502, "wall_s": 13.0, "winline_cli": true, "winline_srv": true}
=== rep=4 seed=7 cell=c2-100 arm=EMB attempt=1 pipeline=window hint=bulk spec=c2/c2/single bytes=100000000 bin=/home/vibe/v4/bin/new/raptorpath sha=aa88d648def0b125 16:06:52
COTENANT c2-100-EMB s7 rep=4 before=0 after=0 load=2.70 2.43 2.07
--- RWM-C perf pipeline=window mode=single hint=bulk A=c2 B=c2 ooo=0 extra='' T=default (100000000 x 1) start=18:06:54
{"bytes":100000000,"dnf":0,"hint":"bulk","max_s":9.0362,"mean_mbps":88.533,"mean_s":9.0362,"median_s":9.0362,"min_s":9.0362,"proto":"rp-native","runs":1,"stdev_s":0.0,"summary":true}
    CPU: CPUSRV=4.47s CPUCLI=3.03s (srv=decoder cli=sender; whole-invocation incl warmup)
    [TRUTH] leg=0 dev=cli0 egress_dgrams=93213 egress_skbs=18246 gso=5.11 netem_sent_dgrams=90856 netem_dropped_skbs=467 backlog=0 lost=2357 loss=0.025286 rcvbuf_drops=0 rcvbuf_scope=netns
RUNTIME c2-100-EMB s7 rep=4 attempt=1 11s rc=0
V4ROW {"arm": "EMB", "bin": "new", "bin_sha": "aa88d648def0b1253985b9d9ad6955d2190277bebc09026aaa2b79ce64ebd262", "busy_last": 7.0, "busy_med": 11.0, "cad_cli": true, "cad_srv": true, "cadoff_cli": false, "cadoff_srv": false, "cell": "c2-100", "cod": 404, "coded_share": 0.004752493882928666, "cotenant": 0, "cpu_cli": 3.03, "cpu_srv": 4.47, "cpu_us_per_dgram": 32.50619548775386, "diag_lines": 36, "dnf": false, "egress_dgrams": 93213, "emb_echo_cli": true, "emb_echo_srv": true, "emb_gate_cli": 1, "emb_gate_srv": 1, "feed_ratio_p0": 0.9926441509135491, "gates_cli": true, "gates_srv": true, "gen_guard": false, "header": ["window", "bulk"], "mbps": 88.533, "pa_cli": 0, "pa_srv": 0, "pipe_cli": ["window", "Rlc", "bulk"], "pipe_srv": ["window", "Rlc", "bulk"], "plc_p0": 0.0251, "plu_last_p0": 0.0364, "plu_med_p0": 0.01555, "problems": [], "rc": 0, "rep": 4, "seconds": 9.036223, "seed": "7", "src": 84604, "status": "LIVE", "summary": true, "truth_egress_p0": 93213, "truth_gso_p0": 5.11, "truth_loss_p0": 0.025286, "truth_lost_p0": 2357, "truth_rcvbuf_drops": 0, "util": 0.3353170898947492, "wall_s": 11.0, "winline_cli": true, "winline_srv": true}
=== rep=4 seed=7 cell=c2-100 arm=NEW attempt=1 pipeline=window hint=bulk spec=c2/c2/single bytes=100000000 bin=/home/vibe/v4/bin/new/raptorpath sha=aa88d648def0b125 16:07:03
COTENANT c2-100-NEW s7 rep=4 before=0 after=0 load=2.37 2.36 2.05
--- RWM-C perf pipeline=window mode=single hint=bulk A=c2 B=c2 ooo=0 extra='' T=default (100000000 x 1) start=18:07:05
{"bytes":100000000,"dnf":0,"hint":"bulk","max_s":8.9568,"mean_mbps":89.317,"mean_s":8.9568,"median_s":8.9568,"min_s":8.9568,"proto":"rp-native","runs":1,"stdev_s":0.0,"summary":true}
    CPU: CPUSRV=4.51s CPUCLI=3.30s (srv=decoder cli=sender; whole-invocation incl warmup)
    [TRUTH] leg=0 dev=cli0 egress_dgrams=87990 egress_skbs=14045 gso=6.26 netem_sent_dgrams=85742 netem_dropped_skbs=363 backlog=0 lost=2248 loss=0.025548 rcvbuf_drops=0 rcvbuf_scope=netns
RUNTIME c2-100-NEW s7 rep=4 attempt=1 11s rc=0
V4ROW {"arm": "NEW", "bin": "new", "bin_sha": "aa88d648def0b1253985b9d9ad6955d2190277bebc09026aaa2b79ce64ebd262", "busy_last": 13.0, "busy_med": 13.0, "cad_cli": true, "cad_srv": true, "cadoff_cli": false, "cadoff_srv": false, "cell": "c2-100", "cod": 425, "coded_share": 0.005046127542357788, "cotenant": 0, "cpu_cli": 3.3, "cpu_srv": 4.51, "cpu_us_per_dgram": 37.504261847937265, "diag_lines": 35, "dnf": false, "egress_dgrams": 87990, "emb_echo_cli": false, "emb_echo_srv": false, "emb_gate_cli": 0, "emb_gate_srv": 0, "feed_ratio_p0": 1.0137779865351495, "gates_cli": true, "gates_srv": true, "gen_guard": false, "header": ["window", "bulk"], "mbps": 89.317, "pa_cli": 0, "pa_srv": 0, "pipe_cli": ["window", "Rlc", "bulk"], "pipe_srv": ["window", "Rlc", "bulk"], "plc_p0": 0.0259, "plu_last_p0": 0.0042, "plu_med_p0": 0.0216, "problems": [], "rc": 0, "rep": 4, "seconds": 8.956832, "seed": "7", "src": 83798, "status": "LIVE", "summary": true, "truth_egress_p0": 87990, "truth_gso_p0": 6.26, "truth_loss_p0": 0.025548, "truth_lost_p0": 2248, "truth_rcvbuf_drops": 0, "util": 0.36843383910739863, "wall_s": 11.0, "winline_cli": true, "winline_srv": true}
=== rep=4 seed=7 cell=c2-100 arm=OLD attempt=1 pipeline=window hint=bulk spec=c2/c2/single bytes=100000000 bin=/home/vibe/v4/bin/old/raptorpath sha=f3743664cb48ad81 16:07:14
COTENANT c2-100-OLD s7 rep=4 before=0 after=0 load=2.07 2.30 2.03
--- RWM-C perf pipeline=window mode=single hint=bulk A=c2 B=c2 ooo=0 extra='' T=default (100000000 x 1) start=18:07:17
{"bytes":100000000,"dnf":0,"hint":"bulk","max_s":9.0173,"mean_mbps":88.718,"mean_s":9.0173,"median_s":9.0173,"min_s":9.0173,"proto":"rp-native","runs":1,"stdev_s":0.0,"summary":true}
    CPU: CPUSRV=4.58s CPUCLI=4.94s (srv=decoder cli=sender; whole-invocation incl warmup)
    [TRUTH] leg=0 dev=cli0 egress_dgrams=93831 egress_skbs=18836 gso=4.98 netem_sent_dgrams=91365 netem_dropped_skbs=480 backlog=0 lost=2466 loss=0.026281 rcvbuf_drops=0 rcvbuf_scope=netns
RUNTIME c2-100-OLD s7 rep=4 attempt=1 12s rc=0
V4ROW {"arm": "OLD", "bin": "old", "bin_sha": "f3743664cb48ad81deef239d44710f4b12bf08f2db65c6d90fc5a947ed500035", "busy_last": 18.0, "busy_med": 18.0, "cad_cli": false, "cad_srv": false, "cadoff_cli": false, "cadoff_srv": false, "cell": "c2-100", "cod": 442, "coded_share": 0.005197187404463467, "cotenant": 0, "cpu_cli": 4.94, "cpu_srv": 4.58, "cpu_us_per_dgram": 52.64784559473948, "diag_lines": 36, "dnf": false, "egress_dgrams": 93831, "emb_echo_cli": false, "emb_echo_srv": false, "emb_gate_cli": 0, "emb_gate_srv": 0, "feed_ratio_p0": 1.0083330162474793, "gates_cli": true, "gates_srv": true, "gen_guard": false, "header": ["window", "bulk"], "mbps": 88.718, "pa_cli": 0, "pa_srv": 0, "pipe_cli": ["window", "Rlc", "bulk"], "pipe_srv": ["window", "Rlc", "bulk"], "plc_p0": 0.0265, "plu_last_p0": 0.0426, "plu_med_p0": 0.03555, "problems": [], "rc": 0, "rep": 4, "seconds": 9.017316, "seed": "7", "src": 84604, "status": "LIVE", "summary": true, "truth_egress_p0": 93831, "truth_gso_p0": 4.98, "truth_loss_p0": 0.026281, "truth_lost_p0": 2466, "truth_rcvbuf_drops": 0, "util": 0.5478348546285836, "wall_s": 12.0, "winline_cli": true, "winline_srv": true}
=== rep=4 seed=7 cell=c3-25 arm=NEWa attempt=1 pipeline=window hint=auto spec=c3/c3/single bytes=25000000 bin=/home/vibe/v4/bin/new/raptorpath sha=aa88d648def0b125 16:07:27
COTENANT c3-25-NEWa s7 rep=4 before=0 after=0 load=1.61 2.18 2.00
--- RWM-C perf pipeline=window mode=single hint=auto A=c3 B=c3 ooo=0 extra='' T=default (25000000 x 1) start=18:07:28
{"bytes":25000000,"dnf":0,"hint":"auto","max_s":12.9896,"mean_mbps":15.397,"mean_s":12.9896,"median_s":12.9896,"min_s":12.9896,"proto":"rp-native","runs":1,"stdev_s":0.0,"summary":true}
    CPU: CPUSRV=1.72s CPUCLI=1.90s (srv=decoder cli=sender; whole-invocation incl warmup)
    [TRUTH] leg=0 dev=cli0 egress_dgrams=28796 egress_skbs=8859 gso=3.25 netem_sent_dgrams=27510 netem_dropped_skbs=405 backlog=0 lost=1286 loss=0.044659 rcvbuf_drops=0 rcvbuf_scope=netns
RUNTIME c3-25-NEWa s7 rep=4 attempt=1 15s rc=0
V4ROW {"arm": "NEWa", "bin": "new", "bin_sha": "aa88d648def0b1253985b9d9ad6955d2190277bebc09026aaa2b79ce64ebd262", "busy_last": 4.0, "busy_med": 5.0, "cad_cli": true, "cad_srv": true, "cadoff_cli": false, "cadoff_srv": false, "cell": "c3-25", "cod": 852, "coded_share": 0.03872023268496637, "cotenant": 0, "cpu_cli": 1.9, "cpu_srv": 1.72, "cpu_us_per_dgram": 65.98138630365328, "diag_lines": 51, "dnf": false, "egress_dgrams": 28796, "emb_echo_cli": false, "emb_echo_srv": false, "emb_gate_cli": 0, "emb_gate_srv": 0, "feed_ratio_p0": 0.9785261649387582, "gates_cli": true, "gates_srv": true, "gen_guard": false, "header": ["window", "auto"], "mbps": 15.397, "pa_cli": 0, "pa_srv": 0, "pipe_cli": ["window", "Rlc", "auto"], "pipe_srv": ["window", "Rlc", "auto"], "plc_p0": 0.0437, "plu_last_p0": 0.0377, "plu_med_p0": 0.0285, "problems": [], "rc": 0, "rep": 4, "seconds": 12.989603, "seed": "7", "src": 21152, "status": "LIVE", "summary": true, "truth_egress_p0": 28796, "truth_gso_p0": 3.25, "truth_loss_p0": 0.044659, "truth_lost_p0": 1286, "truth_rcvbuf_drops": 0, "util": 0.14627082906228928, "wall_s": 15.0, "winline_cli": true, "winline_srv": true}
=== rep=4 seed=7 cell=c3-25 arm=OLDa attempt=1 pipeline=window hint=auto spec=c3/c3/single bytes=25000000 bin=/home/vibe/v4/bin/old/raptorpath sha=f3743664cb48ad81 16:07:42
COTENANT c3-25-OLDa s7 rep=4 before=0 after=0 load=1.53 2.14 1.99
--- RWM-C perf pipeline=window mode=single hint=auto A=c3 B=c3 ooo=0 extra='' T=default (25000000 x 1) start=18:07:44
{"bytes":25000000,"dnf":0,"hint":"auto","max_s":13.2049,"mean_mbps":15.146,"mean_s":13.2049,"median_s":13.2049,"min_s":13.2049,"proto":"rp-native","runs":1,"stdev_s":0.0,"summary":true}
    CPU: CPUSRV=1.86s CPUCLI=2.49s (srv=decoder cli=sender; whole-invocation incl warmup)
    [TRUTH] leg=0 dev=cli0 egress_dgrams=30000 egress_skbs=9724 gso=3.09 netem_sent_dgrams=28595 netem_dropped_skbs=448 backlog=0 lost=1405 loss=0.046833 rcvbuf_drops=0 rcvbuf_scope=netns
RUNTIME c3-25-OLDa s7 rep=4 attempt=1 15s rc=0
V4ROW {"arm": "OLDa", "bin": "old", "bin_sha": "f3743664cb48ad81deef239d44710f4b12bf08f2db65c6d90fc5a947ed500035", "busy_last": 3.0, "busy_med": 7.0, "cad_cli": false, "cad_srv": false, "cadoff_cli": false, "cadoff_srv": false, "cell": "c3-25", "cod": 2059, "coded_share": 0.08870794020076687, "cotenant": 0, "cpu_cli": 2.49, "cpu_srv": 1.86, "cpu_us_per_dgram": 83.0, "diag_lines": 52, "dnf": false, "egress_dgrams": 30000, "emb_echo_cli": false, "emb_echo_srv": false, "emb_gate_cli": 0, "emb_gate_srv": 0, "feed_ratio_p0": 1.0249183268208315, "gates_cli": true, "gates_srv": true, "gen_guard": false, "header": ["window", "auto"], "mbps": 15.146, "pa_cli": 0, "pa_srv": 0, "pipe_cli": ["window", "Rlc", "auto"], "pipe_srv": ["window", "Rlc", "auto"], "plc_p0": 0.048, "plu_last_p0": 0.0355, "plu_med_p0": 0.04535, "problems": [], "rc": 0, "rep": 4, "seconds": 13.204876, "seed": "7", "src": 21152, "status": "LIVE", "summary": true, "truth_egress_p0": 30000, "truth_gso_p0": 3.09, "truth_loss_p0": 0.046833, "truth_lost_p0": 1405, "truth_rcvbuf_drops": 0, "util": 0.18856670823716937, "wall_s": 15.0, "winline_cli": true, "winline_srv": true}
=== rep=4 seed=7 cell=c3-25 arm=EMB attempt=1 pipeline=window hint=bulk spec=c3/c3/single bytes=25000000 bin=/home/vibe/v4/bin/new/raptorpath sha=aa88d648def0b125 16:07:57
COTENANT c3-25-EMB s7 rep=4 before=0 after=0 load=1.27 2.05 1.96
--- RWM-C perf pipeline=window mode=single hint=bulk A=c3 B=c3 ooo=0 extra='' T=default (25000000 x 1) start=18:07:59
{"bytes":25000000,"dnf":0,"hint":"bulk","max_s":11.6483,"mean_mbps":17.17,"mean_s":11.6483,"median_s":11.6483,"min_s":11.6483,"proto":"rp-native","runs":1,"stdev_s":0.0,"summary":true}
    CPU: CPUSRV=1.51s CPUCLI=1.63s (srv=decoder cli=sender; whole-invocation incl warmup)
    [TRUTH] leg=0 dev=cli0 egress_dgrams=26069 egress_skbs=7629 gso=3.42 netem_sent_dgrams=24946 netem_dropped_skbs=344 backlog=0 lost=1123 loss=0.043078 rcvbuf_drops=0 rcvbuf_scope=netns
RUNTIME c3-25-EMB s7 rep=4 attempt=1 14s rc=0
V4ROW {"arm": "EMB", "bin": "new", "bin_sha": "aa88d648def0b1253985b9d9ad6955d2190277bebc09026aaa2b79ce64ebd262", "busy_last": 5.0, "busy_med": 5.0, "cad_cli": true, "cad_srv": true, "cadoff_cli": false, "cadoff_srv": false, "cell": "c3-25", "cod": 213, "coded_share": 0.009969576410016383, "cotenant": 0, "cpu_cli": 1.63, "cpu_srv": 1.51, "cpu_us_per_dgram": 62.52637231961334, "diag_lines": 46, "dnf": false, "egress_dgrams": 26069, "emb_echo_cli": true, "emb_echo_srv": true, "emb_gate_cli": 1, "emb_gate_srv": 1, "feed_ratio_p0": 1.0074748131296718, "gates_cli": true, "gates_srv": true, "gen_guard": false, "header": ["window", "bulk"], "mbps": 17.17, "pa_cli": 0, "pa_srv": 0, "pipe_cli": ["window", "Rlc", "bulk"], "pipe_srv": ["window", "Rlc", "bulk"], "plc_p0": 0.0434, "plu_last_p0": 0.0235, "plu_med_p0": 0.021699999999999997, "problems": [], "rc": 0, "rep": 4, "seconds": 11.648331, "seed": "7", "src": 21152, "status": "LIVE", "summary": true, "truth_egress_p0": 26069, "truth_gso_p0": 3.42, "truth_loss_p0": 0.043078, "truth_lost_p0": 1123, "truth_rcvbuf_drops": 0, "util": 0.1399342103173407, "wall_s": 14.0, "winline_cli": true, "winline_srv": true}
=== rep=4 seed=7 cell=c3-25 arm=NEW attempt=1 pipeline=window hint=bulk spec=c3/c3/single bytes=25000000 bin=/home/vibe/v4/bin/new/raptorpath sha=aa88d648def0b125 16:08:11
COTENANT c3-25-NEW s7 rep=4 before=0 after=0 load=1.14 1.98 1.94
--- RWM-C perf pipeline=window mode=single hint=bulk A=c3 B=c3 ooo=0 extra='' T=default (25000000 x 1) start=18:08:14
{"bytes":25000000,"dnf":0,"hint":"bulk","max_s":11.8525,"mean_mbps":16.874,"mean_s":11.8525,"median_s":11.8525,"min_s":11.8525,"proto":"rp-native","runs":1,"stdev_s":0.0,"summary":true}
    CPU: CPUSRV=1.62s CPUCLI=1.71s (srv=decoder cli=sender; whole-invocation incl warmup)
    [TRUTH] leg=0 dev=cli0 egress_dgrams=26273 egress_skbs=8107 gso=3.24 netem_sent_dgrams=25054 netem_dropped_skbs=371 backlog=1 lost=1218 loss=0.046359 rcvbuf_drops=0 rcvbuf_scope=netns
RUNTIME c3-25-NEW s7 rep=4 attempt=1 15s rc=0
V4ROW {"arm": "NEW", "bin": "new", "bin_sha": "aa88d648def0b1253985b9d9ad6955d2190277bebc09026aaa2b79ce64ebd262", "busy_last": 4.0, "busy_med": 5.0, "cad_cli": true, "cad_srv": true, "cadoff_cli": false, "cadoff_srv": false, "cell": "c3-25", "cod": 234, "coded_share": 0.010941737585336201, "cotenant": 0, "cpu_cli": 1.71, "cpu_srv": 1.62, "cpu_us_per_dgram": 65.08582955886271, "diag_lines": 47, "dnf": false, "egress_dgrams": 26273, "emb_echo_cli": false, "emb_echo_srv": false, "emb_gate_cli": 0, "emb_gate_srv": 0, "feed_ratio_p0": 1.0051985590715935, "gates_cli": true, "gates_srv": true, "gen_guard": false, "header": ["window", "bulk"], "mbps": 16.874, "pa_cli": 0, "pa_srv": 0, "pipe_cli": ["window", "Rlc", "bulk"], "pipe_srv": ["window", "Rlc", "bulk"], "plc_p0": 0.0466, "plu_last_p0": 0.1277, "plu_med_p0": 0.0219, "problems": [], "rc": 0, "rep": 4, "seconds": 11.852489, "seed": "7", "src": 21152, "status": "LIVE", "summary": true, "truth_egress_p0": 26273, "truth_gso_p0": 3.24, "truth_loss_p0": 0.046359, "truth_lost_p0": 1218, "truth_rcvbuf_drops": 0, "util": 0.14427349394713632, "wall_s": 15.0, "winline_cli": true, "winline_srv": true}
=== rep=4 seed=7 cell=c3-25 arm=OLD attempt=1 pipeline=window hint=bulk spec=c3/c3/single bytes=25000000 bin=/home/vibe/v4/bin/old/raptorpath sha=f3743664cb48ad81 16:08:26
COTENANT c3-25-OLD s7 rep=4 before=0 after=0 load=1.27 1.98 1.94
--- RWM-C perf pipeline=window mode=single hint=bulk A=c3 B=c3 ooo=0 extra='' T=default (25000000 x 1) start=18:08:28
{"bytes":25000000,"dnf":0,"hint":"bulk","max_s":11.7993,"mean_mbps":16.95,"mean_s":11.7993,"median_s":11.7993,"min_s":11.7993,"proto":"rp-native","runs":1,"stdev_s":0.0,"summary":true}
    CPU: CPUSRV=1.60s CPUCLI=2.18s (srv=decoder cli=sender; whole-invocation incl warmup)
    [TRUTH] leg=0 dev=cli0 egress_dgrams=26232 egress_skbs=8062 gso=3.25 netem_sent_dgrams=24954 netem_dropped_skbs=371 backlog=0 lost=1278 loss=0.048719 rcvbuf_drops=0 rcvbuf_scope=netns
RUNTIME c3-25-OLD s7 rep=4 attempt=1 13s rc=0
V4ROW {"arm": "OLD", "bin": "old", "bin_sha": "f3743664cb48ad81deef239d44710f4b12bf08f2db65c6d90fc5a947ed500035", "busy_last": 6.0, "busy_med": 7.0, "cad_cli": false, "cad_srv": false, "cadoff_cli": false, "cadoff_srv": false, "cell": "c3-25", "cod": 249, "coded_share": 0.011634970328489322, "cotenant": 0, "cpu_cli": 2.18, "cpu_srv": 1.6, "cpu_us_per_dgram": 83.10460506251906, "diag_lines": 47, "dnf": false, "egress_dgrams": 26232, "emb_echo_cli": false, "emb_echo_srv": false, "emb_gate_cli": 0, "emb_gate_srv": 0, "feed_ratio_p0": 1.018083293992077, "gates_cli": true, "gates_srv": true, "gen_guard": false, "header": ["window", "bulk"], "mbps": 16.95, "pa_cli": 0, "pa_srv": 0, "pipe_cli": ["window", "Rlc", "bulk"], "pipe_srv": ["window", "Rlc", "bulk"], "plc_p0": 0.0496, "plu_last_p0": 0.0354, "plu_med_p0": 0.041, "problems": [], "rc": 0, "rep": 4, "seconds": 11.799296, "seed": "7", "src": 21152, "status": "LIVE", "summary": true, "truth_egress_p0": 26232, "truth_gso_p0": 3.25, "truth_loss_p0": 0.048719, "truth_lost_p0": 1278, "truth_rcvbuf_drops": 0, "util": 0.184756785489575, "wall_s": 13.0, "winline_cli": true, "winline_srv": true}
=== rep=4 seed=7 cell=c7-100 arm=OLD attempt=1 pipeline=window hint=bulk spec=c2/c2/dual bytes=100000000 bin=/home/vibe/v4/bin/old/raptorpath sha=f3743664cb48ad81 16:08:41
COTENANT c7-100-OLD s7 rep=4 before=0 after=0 load=1.38 1.98 1.94
--- RWM-C perf pipeline=window mode=dual hint=bulk A=c2 B=c2 ooo=0 extra='' T=default (100000000 x 1) start=18:08:42
{"bytes":100000000,"dnf":0,"hint":"bulk","max_s":4.6405,"mean_mbps":172.396,"mean_s":4.6405,"median_s":4.6405,"min_s":4.6405,"proto":"rp-native","runs":1,"stdev_s":0.0,"summary":true}
    CPU: CPUSRV=5.54s CPUCLI=6.86s (srv=decoder cli=sender; whole-invocation incl warmup)
    [TRUTH] leg=0 dev=cli0 egress_dgrams=44157 egress_skbs=14121 gso=3.13 netem_sent_dgrams=43082 netem_dropped_skbs=363 backlog=0 lost=1075 loss=0.024345 rcvbuf_drops=0 rcvbuf_scope=netns
    [TRUTH] leg=1 dev=cli1 egress_dgrams=46854 egress_skbs=14965 gso=3.13 netem_sent_dgrams=45707 netem_dropped_skbs=384 backlog=0 lost=1147 loss=0.024480 rcvbuf_drops=0 rcvbuf_scope=netns
RUNTIME c7-100-OLD s7 rep=4 attempt=1 6s rc=0
V4ROW {"arm": "OLD", "bin": "old", "bin_sha": "f3743664cb48ad81deef239d44710f4b12bf08f2db65c6d90fc5a947ed500035", "busy_last": 89.0, "busy_med": 89.0, "cad_cli": false, "cad_srv": false, "cadoff_cli": false, "cadoff_srv": false, "cell": "c7-100", "cod": 451, "coded_share": 0.005325304050064943, "cotenant": 0, "cpu_cli": 6.86, "cpu_srv": 5.54, "cpu_us_per_dgram": 75.3755040599488, "diag_lines": 18, "dnf": false, "egress_dgrams": 91011, "emb_echo_cli": false, "emb_echo_srv": false, "emb_gate_cli": 0, "emb_gate_srv": 0, "feed_ratio_p0": 1.006366810433354, "feed_ratio_p1": 0.9763071895424837, "gates_cli": true, "gates_srv": true, "gen_guard": false, "header": ["window", "bulk"], "mbps": 172.396, "pa_cli": 0, "pa_srv": 0, "pipe_cli": ["window", "Rlc", "bulk"], "pipe_srv": ["window", "Rlc", "bulk"], "plc_p0": 0.0245, "plc_p1": 0.0239, "plu_last_p0": 0.0676, "plu_last_p1": 0.0384, "plu_med_p0": 0.045149999999999996, "plu_med_p1": 0.03665, "problems": [], "rc": 0, "rep": 4, "seconds": 4.640492, "seed": "7", "src": 84239, "status": "LIVE", "summary": true, "truth_egress_p0": 44157, "truth_egress_p1": 46854, "truth_gso_p0": 3.13, "truth_gso_p1": 3.13, "truth_loss_p0": 0.024345, "truth_loss_p1": 0.02448, "truth_lost_p0": 1075, "truth_lost_p1": 1147, "truth_rcvbuf_drops": 0, "util": 1.4782915259847447, "wall_s": 6.0, "winline_cli": true, "winline_srv": true}
=== rep=4 seed=7 cell=c7-100 arm=NEW attempt=1 pipeline=window hint=bulk spec=c2/c2/dual bytes=100000000 bin=/home/vibe/v4/bin/new/raptorpath sha=aa88d648def0b125 16:08:47
COTENANT c7-100-NEW s7 rep=4 before=0 after=0 load=1.91 2.08 1.97
--- RWM-C perf pipeline=window mode=dual hint=bulk A=c2 B=c2 ooo=0 extra='' T=default (100000000 x 1) start=18:08:49
{"bytes":100000000,"dnf":0,"hint":"bulk","max_s":4.491,"mean_mbps":178.133,"mean_s":4.491,"median_s":4.491,"min_s":4.491,"proto":"rp-native","runs":1,"stdev_s":0.0,"summary":true}
    CPU: CPUSRV=5.81s CPUCLI=5.20s (srv=decoder cli=sender; whole-invocation incl warmup)
    [TRUTH] leg=0 dev=cli0 egress_dgrams=46478 egress_skbs=15522 gso=2.99 netem_sent_dgrams=45366 netem_dropped_skbs=378 backlog=0 lost=1112 loss=0.023925 rcvbuf_drops=0 rcvbuf_scope=netns
    [TRUTH] leg=1 dev=cli1 egress_dgrams=46702 egress_skbs=15455 gso=3.02 netem_sent_dgrams=45551 netem_dropped_skbs=390 backlog=0 lost=1151 loss=0.024646 rcvbuf_drops=0 rcvbuf_scope=netns
RUNTIME c7-100-NEW s7 rep=4 attempt=1 6s rc=0
V4ROW {"arm": "NEW", "bin": "new", "bin_sha": "aa88d648def0b1253985b9d9ad6955d2190277bebc09026aaa2b79ce64ebd262", "busy_last": 47.0, "busy_med": 53.5, "cad_cli": true, "cad_srv": true, "cadoff_cli": false, "cadoff_srv": false, "cell": "c7-100", "cod": 507, "coded_share": 0.005956926836719108, "cotenant": 0, "cpu_cli": 5.2, "cpu_srv": 5.81, "cpu_us_per_dgram": 55.805966945696504, "diag_lines": 18, "dnf": false, "egress_dgrams": 93180, "emb_echo_cli": false, "emb_echo_srv": false, "emb_gate_cli": 0, "emb_gate_srv": 0, "feed_ratio_p0": 0.9905956112852665, "feed_ratio_p1": 0.9900186642862939, "gates_cli": true, "gates_srv": true, "gen_guard": false, "header": ["window", "bulk"], "mbps": 178.133, "pa_cli": 0, "pa_srv": 0, "pipe_cli": ["window", "Rlc", "bulk"], "pipe_srv": ["window", "Rlc", "bulk"], "plc_p0": 0.0237, "plc_p1": 0.0244, "plu_last_p0": 0.0163, "plu_last_p1": 0.026, "plu_med_p0": 0.0219, "plu_med_p1": 0.0269, "problems": [], "rc": 0, "rep": 4, "seconds": 4.49102, "seed": "7", "src": 84604, "status": "LIVE", "summary": true, "truth_egress_p0": 46478, "truth_egress_p1": 46702, "truth_gso_p0": 2.99, "truth_gso_p1": 3.02, "truth_loss_p0": 0.023925, "truth_loss_p1": 0.024646, "truth_lost_p0": 1112, "truth_lost_p1": 1151, "truth_rcvbuf_drops": 0, "util": 1.1578661417673493, "wall_s": 6.0, "winline_cli": true, "winline_srv": true}
=== rep=4 seed=7 cell=c8-100 arm=OLD attempt=1 pipeline=window hint=bulk spec=c2/c3/dual bytes=100000000 bin=/home/vibe/v4/bin/old/raptorpath sha=f3743664cb48ad81 16:08:54
COTENANT c8-100-OLD s7 rep=4 before=0 after=0 load=2.01 2.10 1.98
--- RWM-C perf pipeline=window mode=dual hint=bulk A=c2 B=c3 ooo=0 extra='' T=default (100000000 x 1) start=18:08:56
{"bytes":100000000,"dnf":0,"hint":"bulk","max_s":8.0963,"mean_mbps":98.811,"mean_s":8.0963,"median_s":8.0963,"min_s":8.0963,"proto":"rp-native","runs":1,"stdev_s":0.0,"summary":true}
    CPU: CPUSRV=6.50s CPUCLI=8.77s (srv=decoder cli=sender; whole-invocation incl warmup)
    [TRUTH] leg=0 dev=cli0 egress_dgrams=76965 egress_skbs=19082 gso=4.03 netem_sent_dgrams=75017 netem_dropped_skbs=481 backlog=0 lost=1948 loss=0.025310 rcvbuf_drops=0 rcvbuf_scope=netns
    [TRUTH] leg=1 dev=cli1 egress_dgrams=18622 egress_skbs=12559 gso=1.48 netem_sent_dgrams=17665 netem_dropped_skbs=664 backlog=0 lost=957 loss=0.051391 rcvbuf_drops=0 rcvbuf_scope=netns
RUNTIME c8-100-OLD s7 rep=4 attempt=1 10s rc=0
V4ROW {"arm": "OLD", "bin": "old", "bin_sha": "f3743664cb48ad81deef239d44710f4b12bf08f2db65c6d90fc5a947ed500035", "busy_last": 62.0, "busy_med": 63.5, "cad_cli": false, "cad_srv": false, "cadoff_cli": false, "cadoff_srv": false, "cell": "c8-100", "cod": 506, "coded_share": 0.005945247326988603, "cotenant": 0, "cpu_cli": 8.77, "cpu_srv": 6.5, "cpu_us_per_dgram": 91.74887798550012, "diag_lines": 32, "dnf": false, "egress_dgrams": 95587, "emb_echo_cli": false, "emb_echo_srv": false, "emb_gate_cli": 0, "emb_gate_srv": 0, "feed_ratio_p0": 1.0035559067562227, "feed_ratio_p1": 0.9865540658870231, "gates_cli": true, "gates_srv": true, "gen_guard": false, "header": ["window", "bulk"], "mbps": 98.811, "pa_cli": 0, "pa_srv": 0, "pipe_cli": ["window", "Rlc", "bulk"], "pipe_srv": ["window", "Rlc", "bulk"], "plc_p0": 0.0254, "plc_p1": 0.0507, "plu_last_p0": 0.0354, "plu_last_p1": 0.0444, "plu_med_p0": 0.0354, "plu_med_p1": 0.0955, "problems": [], "rc": 0, "rep": 4, "seconds": 8.096292, "seed": "7", "src": 84604, "status": "LIVE", "summary": true, "truth_egress_p0": 76965, "truth_egress_p1": 18622, "truth_gso_p0": 4.03, "truth_gso_p1": 1.48, "truth_loss_p0": 0.02531, "truth_loss_p1": 0.051391, "truth_lost_p0": 1948, "truth_lost_p1": 957, "truth_rcvbuf_drops": 0, "util": 1.0832119197281915, "wall_s": 10.0, "winline_cli": true, "winline_srv": true}
=== rep=4 seed=7 cell=c8-100 arm=NEW attempt=1 pipeline=window hint=bulk spec=c2/c3/dual bytes=100000000 bin=/home/vibe/v4/bin/new/raptorpath sha=aa88d648def0b125 16:09:05
COTENANT c8-100-NEW s7 rep=4 before=0 after=0 load=1.94 2.08 1.98
--- RWM-C perf pipeline=window mode=dual hint=bulk A=c2 B=c3 ooo=0 extra='' T=default (100000000 x 1) start=18:09:06
{"bytes":100000000,"dnf":0,"hint":"bulk","max_s":7.6452,"mean_mbps":104.641,"mean_s":7.6452,"median_s":7.6452,"min_s":7.6452,"proto":"rp-native","runs":1,"stdev_s":0.0,"summary":true}
    CPU: CPUSRV=5.90s CPUCLI=5.54s (srv=decoder cli=sender; whole-invocation incl warmup)
    [TRUTH] leg=0 dev=cli0 egress_dgrams=79742 egress_skbs=19753 gso=4.04 netem_sent_dgrams=77612 netem_dropped_skbs=491 backlog=0 lost=2130 loss=0.026711 rcvbuf_drops=0 rcvbuf_scope=netns
    [TRUTH] leg=1 dev=cli1 egress_dgrams=19128 egress_skbs=12048 gso=1.59 netem_sent_dgrams=18127 netem_dropped_skbs=642 backlog=0 lost=1001 loss=0.052332 rcvbuf_drops=0 rcvbuf_scope=netns
RUNTIME c8-100-NEW s7 rep=4 attempt=1 10s rc=0
V4ROW {"arm": "NEW", "bin": "new", "bin_sha": "aa88d648def0b1253985b9d9ad6955d2190277bebc09026aaa2b79ce64ebd262", "busy_last": 31.0, "busy_med": 32.0, "cad_cli": true, "cad_srv": true, "cadoff_cli": false, "cadoff_srv": false, "cell": "c8-100", "cod": 699, "coded_share": 0.008194319074358464, "cotenant": 0, "cpu_cli": 5.54, "cpu_srv": 5.9, "cpu_us_per_dgram": 56.03317487609993, "diag_lines": 30, "dnf": false, "egress_dgrams": 98870, "emb_echo_cli": false, "emb_echo_srv": false, "emb_gate_cli": 0, "emb_gate_srv": 0, "feed_ratio_p0": 1.01830706450526, "feed_ratio_p1": 1.0146755331346022, "gates_cli": true, "gates_srv": true, "gen_guard": false, "header": ["window", "bulk"], "mbps": 104.641, "pa_cli": 0, "pa_srv": 0, "pipe_cli": ["window", "Rlc", "bulk"], "pipe_srv": ["window", "Rlc", "bulk"], "plc_p0": 0.0272, "plc_p1": 0.0531, "plu_last_p0": 0.0211, "plu_last_p1": 0.0647, "plu_med_p0": 0.02475, "plu_med_p1": 0.04675, "problems": [], "rc": 0, "rep": 4, "seconds": 7.645178, "seed": "7", "src": 84604, "status": "LIVE", "summary": true, "truth_egress_p0": 79742, "truth_egress_p1": 19128, "truth_gso_p0": 4.04, "truth_gso_p1": 1.59, "truth_loss_p0": 0.026711, "truth_loss_p1": 0.052332, "truth_lost_p0": 2130, "truth_lost_p1": 1001, "truth_rcvbuf_drops": 0, "util": 0.7246397663991604, "wall_s": 10.0, "winline_cli": true, "winline_srv": true}
BLOCK-COMPLETE rep=4 seed=7 block=7 2026-10-04T16:09:15Z
=== rep=5 seed=42 cell=c1s-400 arm=EMB attempt=1 pipeline=window hint=bulk spec=c1/c1/single bytes=400000000 bin=/home/vibe/v4/bin/new/raptorpath sha=aa88d648def0b125 16:09:15
COTENANT c1s-400-EMB s42 rep=5 before=0 after=0 load=1.96 2.08 1.98
--- RWM-C perf pipeline=window mode=single hint=bulk A=c1 B=c1 ooo=0 extra='' T=default (400000000 x 1) start=18:09:16
{"bytes":400000000,"dnf":0,"hint":"bulk","max_s":6.3244,"mean_mbps":505.974,"mean_s":6.3244,"median_s":6.3244,"min_s":6.3244,"proto":"rp-native","runs":1,"stdev_s":0.0,"summary":true}
    CPU: CPUSRV=8.07s CPUCLI=5.58s (srv=decoder cli=sender; whole-invocation incl warmup)
    [TRUTH] leg=0 dev=cli0 egress_dgrams=341893 egress_skbs=37058 gso=9.23 netem_sent_dgrams=341525 netem_dropped_skbs=39 backlog=0 lost=368 loss=0.001076 rcvbuf_drops=83 rcvbuf_scope=netns
RUNTIME c1s-400-EMB s42 rep=5 attempt=1 8s rc=0
V4ROW {"arm": "EMB", "bin": "new", "bin_sha": "aa88d648def0b1253985b9d9ad6955d2190277bebc09026aaa2b79ce64ebd262", "busy_last": 54.0, "busy_med": 37.0, "cad_cli": true, "cad_srv": true, "cadoff_cli": false, "cadoff_srv": false, "cell": "c1s-400", "cod": 187, "coded_share": 0.0005582539488257263, "cotenant": 0, "cpu_cli": 5.58, "cpu_srv": 8.07, "cpu_us_per_dgram": 16.32089571883601, "diag_lines": 25, "dnf": false, "egress_dgrams": 341893, "emb_echo_cli": true, "emb_echo_srv": true, "emb_gate_cli": 1, "emb_gate_srv": 1, "feed_ratio_p0": 3.2527881040892197, "gates_cli": true, "gates_srv": true, "gen_guard": false, "header": ["window", "bulk"], "mbps": 505.974, "pa_cli": 0, "pa_srv": 0, "pipe_cli": ["window", "Rlc", "bulk"], "pipe_srv": ["window", "Rlc", "bulk"], "plc_p0": 0.0035, "plu_last_p0": 0.007, "plu_med_p0": 0.0005, "problems": [], "rc": 0, "rep": 5, "seconds": 6.32444, "seed": "42", "src": 334786, "status": "LIVE", "summary": true, "truth_egress_p0": 341893, "truth_gso_p0": 9.23, "truth_loss_p0": 0.001076, "truth_lost_p0": 368, "truth_rcvbuf_drops": 83, "util": 0.8822915546672907, "wall_s": 8.0, "winline_cli": true, "winline_srv": true}
=== rep=5 seed=42 cell=c1s-400 arm=NEW attempt=1 pipeline=window hint=bulk spec=c1/c1/single bytes=400000000 bin=/home/vibe/v4/bin/new/raptorpath sha=aa88d648def0b125 16:09:23
COTENANT c1s-400-NEW s42 rep=5 before=0 after=0 load=1.96 2.07 1.98
--- RWM-C perf pipeline=window mode=single hint=bulk A=c1 B=c1 ooo=0 extra='' T=default (400000000 x 1) start=18:09:25
{"bytes":400000000,"dnf":0,"hint":"bulk","max_s":6.1576,"mean_mbps":519.686,"mean_s":6.1576,"median_s":6.1576,"min_s":6.1576,"proto":"rp-native","runs":1,"stdev_s":0.0,"summary":true}
    CPU: CPUSRV=8.13s CPUCLI=7.39s (srv=decoder cli=sender; whole-invocation incl warmup)
    [TRUTH] leg=0 dev=cli0 egress_dgrams=340603 egress_skbs=36196 gso=9.41 netem_sent_dgrams=340236 netem_dropped_skbs=38 backlog=0 lost=367 loss=0.001078 rcvbuf_drops=65 rcvbuf_scope=netns
RUNTIME c1s-400-NEW s42 rep=5 attempt=1 8s rc=0
V4ROW {"arm": "NEW", "bin": "new", "bin_sha": "aa88d648def0b1253985b9d9ad6955d2190277bebc09026aaa2b79ce64ebd262", "busy_last": 44.0, "busy_med": 46.5, "cad_cli": true, "cad_srv": true, "cadoff_cli": false, "cadoff_srv": false, "cell": "c1s-400", "cod": 133, "coded_share": 0.0004023986590745436, "cotenant": 0, "cpu_cli": 7.39, "cpu_srv": 8.13, "cpu_us_per_dgram": 21.696814179558018, "diag_lines": 24, "dnf": false, "egress_dgrams": 340603, "emb_echo_cli": false, "emb_echo_srv": false, "emb_gate_cli": 0, "emb_gate_srv": 0, "feed_ratio_p0": 2.87569573283859, "gates_cli": true, "gates_srv": true, "gen_guard": false, "header": ["window", "bulk"], "mbps": 519.686, "pa_cli": 0, "pa_srv": 0, "pipe_cli": ["window", "Rlc", "bulk"], "pipe_srv": ["window", "Rlc", "bulk"], "plc_p0": 0.0031, "plu_last_p0": 0.0001, "plu_med_p0": 0.00035, "problems": [], "rc": 0, "rep": 5, "seconds": 6.157568, "seed": "42", "src": 330385, "status": "LIVE", "summary": true, "truth_egress_p0": 340603, "truth_gso_p0": 9.41, "truth_loss_p0": 0.001078, "truth_lost_p0": 367, "truth_rcvbuf_drops": 65, "util": 1.2001491497942043, "wall_s": 8.0, "winline_cli": true, "winline_srv": true}
=== rep=5 seed=42 cell=c1s-400 arm=OLD attempt=1 pipeline=window hint=bulk spec=c1/c1/single bytes=400000000 bin=/home/vibe/v4/bin/old/raptorpath sha=f3743664cb48ad81 16:09:31
COTENANT c1s-400-OLD s42 rep=5 before=0 after=0 load=2.21 2.12 1.99
--- RWM-C perf pipeline=window mode=single hint=bulk A=c1 B=c1 ooo=0 extra='' T=default (400000000 x 1) start=18:09:33
{"bytes":400000000,"dnf":0,"hint":"bulk","max_s":10.4939,"mean_mbps":304.941,"mean_s":10.4939,"median_s":10.4939,"min_s":10.4939,"proto":"rp-native","runs":1,"stdev_s":0.0,"summary":true}
    CPU: CPUSRV=11.94s CPUCLI=14.45s (srv=decoder cli=sender; whole-invocation incl warmup)
    [TRUTH] leg=0 dev=cli0 egress_dgrams=343170 egress_skbs=40486 gso=8.48 netem_sent_dgrams=342769 netem_dropped_skbs=50 backlog=0 lost=401 loss=0.001169 rcvbuf_drops=17 rcvbuf_scope=netns
RUNTIME c1s-400-OLD s42 rep=5 attempt=1 12s rc=0
V4ROW {"arm": "OLD", "bin": "old", "bin_sha": "f3743664cb48ad81deef239d44710f4b12bf08f2db65c6d90fc5a947ed500035", "busy_last": 52.0, "busy_med": 53.0, "cad_cli": false, "cad_srv": false, "cadoff_cli": false, "cadoff_srv": false, "cell": "c1s-400", "cod": 75, "coded_share": 0.00022673680391801197, "cotenant": 0, "cpu_cli": 14.45, "cpu_srv": 11.94, "cpu_us_per_dgram": 42.107410321415045, "diag_lines": 41, "dnf": false, "egress_dgrams": 343170, "emb_echo_cli": false, "emb_echo_srv": false, "emb_gate_cli": 0, "emb_gate_srv": 0, "feed_ratio_p0": 1.4542343883661248, "gates_cli": true, "gates_srv": true, "gen_guard": false, "header": ["window", "bulk"], "mbps": 304.941, "pa_cli": 0, "pa_srv": 0, "pipe_cli": ["window", "Rlc", "bulk"], "pipe_srv": ["window", "Rlc", "bulk"], "plc_p0": 0.0017, "plu_last_p0": 0.0354, "plu_med_p0": 0.0354, "problems": [], "rc": 0, "rep": 5, "seconds": 10.49385, "seed": "42", "src": 330705, "status": "LIVE", "summary": true, "truth_egress_p0": 343170, "truth_gso_p0": 8.48, "truth_loss_p0": 0.001169, "truth_lost_p0": 401, "truth_rcvbuf_drops": 17, "util": 1.3769970030065228, "wall_s": 12.0, "winline_cli": true, "winline_srv": true}
=== rep=5 seed=42 cell=c1d-400 arm=NEW attempt=1 pipeline=window hint=bulk spec=c1/c1/dual bytes=400000000 bin=/home/vibe/v4/bin/new/raptorpath sha=aa88d648def0b125 16:09:44
COTENANT c1d-400-NEW s42 rep=5 before=0 after=0 load=2.75 2.25 2.04
--- RWM-C perf pipeline=window mode=dual hint=bulk A=c1 B=c1 ooo=0 extra='' T=default (400000000 x 1) start=18:09:46
{"bytes":400000000,"dnf":0,"hint":"bulk","max_s":10.4861,"mean_mbps":305.167,"mean_s":10.4861,"median_s":10.4861,"min_s":10.4861,"proto":"rp-native","runs":1,"stdev_s":0.0,"summary":true}
    CPU: CPUSRV=16.08s CPUCLI=17.19s (srv=decoder cli=sender; whole-invocation incl warmup)
    [TRUTH] leg=0 dev=cli0 egress_dgrams=171687 egress_skbs=52197 gso=3.29 netem_sent_dgrams=171536 netem_dropped_skbs=55 backlog=0 lost=151 loss=0.000880 rcvbuf_drops=13 rcvbuf_scope=netns
    [TRUTH] leg=1 dev=cli1 egress_dgrams=178303 egress_skbs=52721 gso=3.38 netem_sent_dgrams=178164 netem_dropped_skbs=45 backlog=0 lost=139 loss=0.000780 rcvbuf_drops=13 rcvbuf_scope=netns
RUNTIME c1d-400-NEW s42 rep=5 attempt=1 12s rc=0
V4ROW {"arm": "NEW", "bin": "new", "bin_sha": "aa88d648def0b1253985b9d9ad6955d2190277bebc09026aaa2b79ce64ebd262", "busy_last": 80.0, "busy_med": 83.0, "cad_cli": true, "cad_srv": true, "cadoff_cli": false, "cadoff_srv": false, "cell": "c1d-400", "cod": 139, "coded_share": 0.00042599357638463235, "cotenant": 0, "cpu_cli": 17.19, "cpu_srv": 16.08, "cpu_us_per_dgram": 49.11568901968628, "diag_lines": 41, "dnf": false, "egress_dgrams": 349990, "emb_echo_cli": false, "emb_echo_srv": false, "emb_gate_cli": 0, "emb_gate_srv": 0, "feed_ratio_p0": 1.25, "feed_ratio_p1": 1.6666666666666665, "gates_cli": true, "gates_srv": true, "gen_guard": false, "header": ["window", "bulk"], "mbps": 305.167, "pa_cli": 0, "pa_srv": 0, "pipe_cli": ["window", "Rlc", "bulk"], "pipe_srv": ["window", "Rlc", "bulk"], "plc_p0": 0.0011, "plc_p1": 0.0013, "plu_last_p0": 0.0004, "plu_last_p1": 0.0005, "plu_med_p0": 0.0009, "plu_med_p1": 0.0008, "problems": [], "rc": 0, "rep": 5, "seconds": 10.486054, "seed": "42", "src": 326157, "status": "LIVE", "summary": true, "truth_egress_p0": 171687, "truth_egress_p1": 178303, "truth_gso_p0": 3.29, "truth_gso_p1": 3.38, "truth_loss_p0": 0.00088, "truth_loss_p1": 0.00078, "truth_lost_p0": 151, "truth_lost_p1": 139, "truth_rcvbuf_drops": 13, "util": 1.6393201866021292, "wall_s": 12.0, "winline_cli": true, "winline_srv": true}
=== rep=5 seed=42 cell=c1d-400 arm=OLD attempt=1 pipeline=window hint=bulk spec=c1/c1/dual bytes=400000000 bin=/home/vibe/v4/bin/old/raptorpath sha=f3743664cb48ad81 16:09:57
COTENANT c1d-400-OLD s42 rep=5 before=0 after=0 load=3.02 2.33 2.07
--- RWM-C perf pipeline=window mode=dual hint=bulk A=c1 B=c1 ooo=0 extra='' T=default (400000000 x 1) start=18:09:58
{"bytes":400000000,"dnf":0,"hint":"bulk","max_s":16.931,"mean_mbps":189.002,"mean_s":16.931,"median_s":16.931,"min_s":16.931,"proto":"rp-native","runs":1,"stdev_s":0.0,"summary":true}
    CPU: CPUSRV=21.16s CPUCLI=29.55s (srv=decoder cli=sender; whole-invocation incl warmup)
    [TRUTH] leg=0 dev=cli0 egress_dgrams=176324 egress_skbs=67916 gso=2.60 netem_sent_dgrams=176191 netem_dropped_skbs=72 backlog=0 lost=133 loss=0.000754 rcvbuf_drops=4 rcvbuf_scope=netns
    [TRUTH] leg=1 dev=cli1 egress_dgrams=184176 egress_skbs=68800 gso=2.68 netem_sent_dgrams=184012 netem_dropped_skbs=60 backlog=0 lost=164 loss=0.000890 rcvbuf_drops=4 rcvbuf_scope=netns
RUNTIME c1d-400-OLD s42 rep=5 attempt=1 18s rc=0
V4ROW {"arm": "OLD", "bin": "old", "bin_sha": "f3743664cb48ad81deef239d44710f4b12bf08f2db65c6d90fc5a947ed500035", "busy_last": 92.0, "busy_med": 87.0, "cad_cli": false, "cad_srv": false, "cadoff_cli": false, "cadoff_srv": false, "cell": "c1d-400", "cod": 137, "coded_share": 0.0004095065296862343, "cotenant": 0, "cpu_cli": 29.55, "cpu_srv": 21.16, "cpu_us_per_dgram": 81.96948682385576, "diag_lines": 67, "dnf": false, "egress_dgrams": 360500, "emb_echo_cli": false, "emb_echo_srv": false, "emb_gate_cli": 0, "emb_gate_srv": 0, "feed_ratio_p0": 0.9283819628647215, "feed_ratio_p1": 1.1235955056179776, "gates_cli": true, "gates_srv": true, "gen_guard": false, "header": ["window", "bulk"], "mbps": 189.002, "pa_cli": 0, "pa_srv": 0, "pipe_cli": ["window", "Rlc", "bulk"], "pipe_srv": ["window", "Rlc", "bulk"], "plc_p0": 0.0007, "plc_p1": 0.001, "plu_last_p0": 0.0354, "plu_last_p1": 0.0354, "plu_med_p0": 0.0354, "plu_med_p1": 0.0354, "problems": [], "rc": 0, "rep": 5, "seconds": 16.931048, "seed": "42", "src": 334412, "status": "LIVE", "summary": true, "truth_egress_p0": 176324, "truth_egress_p1": 184176, "truth_gso_p0": 2.6, "truth_gso_p1": 2.68, "truth_loss_p0": 0.000754, "truth_loss_p1": 0.00089, "truth_lost_p0": 133, "truth_lost_p1": 164, "truth_rcvbuf_drops": 4, "util": 1.7453142888733173, "wall_s": 18.0, "winline_cli": true, "winline_srv": true}
=== rep=5 seed=42 cell=c2-100 arm=OLDa attempt=1 pipeline=window hint=auto spec=c2/c2/single bytes=100000000 bin=/home/vibe/v4/bin/old/raptorpath sha=f3743664cb48ad81 16:10:16
COTENANT c2-100-OLDa s42 rep=5 before=0 after=0 load=2.42 2.23 2.04
--- RWM-C perf pipeline=window mode=single hint=auto A=c2 B=c2 ooo=0 extra='' T=default (100000000 x 1) start=18:10:17
{"bytes":100000000,"dnf":0,"hint":"auto","max_s":10.9531,"mean_mbps":73.039,"mean_s":10.9531,"median_s":10.9531,"min_s":10.9531,"proto":"rp-native","runs":1,"stdev_s":0.0,"summary":true}
    CPU: CPUSRV=6.22s CPUCLI=6.23s (srv=decoder cli=sender; whole-invocation incl warmup)
    [TRUTH] leg=0 dev=cli0 egress_dgrams=107043 egress_skbs=23210 gso=4.61 netem_sent_dgrams=104329 netem_dropped_skbs=580 backlog=0 lost=2714 loss=0.025354 rcvbuf_drops=0 rcvbuf_scope=netns
RUNTIME c2-100-OLDa s42 rep=5 attempt=1 13s rc=0
V4ROW {"arm": "OLDa", "bin": "old", "bin_sha": "f3743664cb48ad81deef239d44710f4b12bf08f2db65c6d90fc5a947ed500035", "busy_last": 24.0, "busy_med": 25.0, "cad_cli": false, "cad_srv": false, "cadoff_cli": false, "cadoff_srv": false, "cell": "c2-100", "cod": 18014, "coded_share": 0.17613469699043746, "cotenant": 0, "cpu_cli": 6.23, "cpu_srv": 6.22, "cpu_us_per_dgram": 58.200909914707175, "diag_lines": 43, "dnf": false, "egress_dgrams": 107043, "emb_echo_cli": false, "emb_echo_srv": false, "emb_gate_cli": 0, "emb_gate_srv": 0, "feed_ratio_p0": 1.0097026110278458, "gates_cli": true, "gates_srv": true, "gen_guard": false, "header": ["window", "auto"], "mbps": 73.039, "pa_cli": 0, "pa_srv": 0, "pipe_cli": ["window", "Rlc", "auto"], "pipe_srv": ["window", "Rlc", "auto"], "plc_p0": 0.0256, "plu_last_p0": 0.0874, "plu_med_p0": 0.0354, "problems": [], "rc": 0, "rep": 5, "seconds": 10.953058, "seed": "42", "src": 84260, "status": "LIVE", "summary": true, "truth_egress_p0": 107043, "truth_gso_p0": 4.61, "truth_loss_p0": 0.025354, "truth_lost_p0": 2714, "truth_rcvbuf_drops": 0, "util": 0.5687909257852921, "wall_s": 13.0, "winline_cli": true, "winline_srv": true}
=== rep=5 seed=42 cell=c2-100 arm=EMB attempt=1 pipeline=window hint=bulk spec=c2/c2/single bytes=100000000 bin=/home/vibe/v4/bin/new/raptorpath sha=aa88d648def0b125 16:10:29
COTENANT c2-100-EMB s42 rep=5 before=0 after=0 load=2.82 2.33 2.07
--- RWM-C perf pipeline=window mode=single hint=bulk A=c2 B=c2 ooo=0 extra='' T=default (100000000 x 1) start=18:10:30
{"bytes":100000000,"dnf":0,"hint":"bulk","max_s":8.9584,"mean_mbps":89.302,"mean_s":8.9584,"median_s":8.9584,"min_s":8.9584,"proto":"rp-native","runs":1,"stdev_s":0.0,"summary":true}
    CPU: CPUSRV=4.34s CPUCLI=3.02s (srv=decoder cli=sender; whole-invocation incl warmup)
    [TRUTH] leg=0 dev=cli0 egress_dgrams=94615 egress_skbs=19312 gso=4.90 netem_sent_dgrams=92160 netem_dropped_skbs=503 backlog=0 lost=2455 loss=0.025947 rcvbuf_drops=0 rcvbuf_scope=netns
RUNTIME c2-100-EMB s42 rep=5 attempt=1 11s rc=0
V4ROW {"arm": "EMB", "bin": "new", "bin_sha": "aa88d648def0b1253985b9d9ad6955d2190277bebc09026aaa2b79ce64ebd262", "busy_last": 10.0, "busy_med": 11.0, "cad_cli": true, "cad_srv": true, "cadoff_cli": false, "cadoff_srv": false, "cell": "c2-100", "cod": 408, "coded_share": 0.004845720800969144, "cotenant": 0, "cpu_cli": 3.02, "cpu_srv": 4.34, "cpu_us_per_dgram": 31.918828938329018, "diag_lines": 35, "dnf": false, "egress_dgrams": 94615, "emb_echo_cli": true, "emb_echo_srv": true, "emb_gate_cli": 1, "emb_gate_srv": 1, "feed_ratio_p0": 0.990480595059159, "gates_cli": true, "gates_srv": true, "gen_guard": false, "header": ["window", "bulk"], "mbps": 89.302, "pa_cli": 0, "pa_srv": 0, "pipe_cli": ["window", "Rlc", "bulk"], "pipe_srv": ["window", "Rlc", "bulk"], "plc_p0": 0.0257, "plu_last_p0": 0.0041, "plu_med_p0": 0.0073, "problems": [], "rc": 0, "rep": 5, "seconds": 8.958392, "seed": "42", "src": 83790, "status": "LIVE", "summary": true, "truth_egress_p0": 94615, "truth_gso_p0": 4.9, "truth_loss_p0": 0.025947, "truth_lost_p0": 2455, "truth_rcvbuf_drops": 0, "util": 0.3371140713645931, "wall_s": 11.0, "winline_cli": true, "winline_srv": true}
=== rep=5 seed=42 cell=c2-100 arm=NEW attempt=1 pipeline=window hint=bulk spec=c2/c2/single bytes=100000000 bin=/home/vibe/v4/bin/new/raptorpath sha=aa88d648def0b125 16:10:40
COTENANT c2-100-NEW s42 rep=5 before=0 after=0 load=3.47 2.48 2.13
--- RWM-C perf pipeline=window mode=single hint=bulk A=c2 B=c2 ooo=0 extra='' T=default (100000000 x 1) start=18:10:41
{"bytes":100000000,"dnf":0,"hint":"bulk","max_s":8.9715,"mean_mbps":89.171,"mean_s":8.9715,"median_s":8.9715,"min_s":8.9715,"proto":"rp-native","runs":1,"stdev_s":0.0,"summary":true}
    CPU: CPUSRV=4.44s CPUCLI=3.49s (srv=decoder cli=sender; whole-invocation incl warmup)
    [TRUTH] leg=0 dev=cli0 egress_dgrams=94818 egress_skbs=20042 gso=4.73 netem_sent_dgrams=92258 netem_dropped_skbs=517 backlog=0 lost=2560 loss=0.026999 rcvbuf_drops=0 rcvbuf_scope=netns
RUNTIME c2-100-NEW s42 rep=5 attempt=1 11s rc=0
V4ROW {"arm": "NEW", "bin": "new", "bin_sha": "aa88d648def0b1253985b9d9ad6955d2190277bebc09026aaa2b79ce64ebd262", "busy_last": 11.0, "busy_med": 13.0, "cad_cli": true, "cad_srv": true, "cadoff_cli": false, "cadoff_srv": false, "cell": "c2-100", "cod": 432, "coded_share": 0.005135459635525017, "cotenant": 0, "cpu_cli": 3.49, "cpu_srv": 4.44, "cpu_us_per_dgram": 36.80735725284229, "diag_lines": 35, "dnf": false, "egress_dgrams": 94818, "emb_echo_cli": false, "emb_echo_srv": false, "emb_gate_cli": 0, "emb_gate_srv": 0, "feed_ratio_p0": 0.9926293566428387, "gates_cli": true, "gates_srv": true, "gen_guard": false, "header": ["window", "bulk"], "mbps": 89.171, "pa_cli": 0, "pa_srv": 0, "pipe_cli": ["window", "Rlc", "bulk"], "pipe_srv": ["window", "Rlc", "bulk"], "plc_p0": 0.0268, "plu_last_p0": 0.0042, "plu_med_p0": 0.0142, "problems": [], "rc": 0, "rep": 5, "seconds": 8.971482, "seed": "42", "src": 83689, "status": "LIVE", "summary": true, "truth_egress_p0": 94818, "truth_gso_p0": 4.73, "truth_loss_p0": 0.026999, "truth_lost_p0": 2560, "truth_rcvbuf_drops": 0, "util": 0.3890104221353841, "wall_s": 11.0, "winline_cli": true, "winline_srv": true}
=== rep=5 seed=42 cell=c2-100 arm=OLD attempt=1 pipeline=window hint=bulk spec=c2/c2/single bytes=100000000 bin=/home/vibe/v4/bin/old/raptorpath sha=f3743664cb48ad81 16:10:51
COTENANT c2-100-OLD s42 rep=5 before=0 after=0 load=4.85 2.83 2.25
--- RWM-C perf pipeline=window mode=single hint=bulk A=c2 B=c2 ooo=0 extra='' T=default (100000000 x 1) start=18:10:52
{"bytes":100000000,"dnf":0,"hint":"bulk","max_s":8.9692,"mean_mbps":89.194,"mean_s":8.9692,"median_s":8.9692,"min_s":8.9692,"proto":"rp-native","runs":1,"stdev_s":0.0,"summary":true}
    CPU: CPUSRV=4.49s CPUCLI=4.92s (srv=decoder cli=sender; whole-invocation incl warmup)
    [TRUTH] leg=0 dev=cli0 egress_dgrams=94524 egress_skbs=19179 gso=4.93 netem_sent_dgrams=92156 netem_dropped_skbs=501 backlog=0 lost=2368 loss=0.025052 rcvbuf_drops=0 rcvbuf_scope=netns
RUNTIME c2-100-OLD s42 rep=5 attempt=1 11s rc=0
V4ROW {"arm": "OLD", "bin": "old", "bin_sha": "f3743664cb48ad81deef239d44710f4b12bf08f2db65c6d90fc5a947ed500035", "busy_last": 16.0, "busy_med": 18.0, "cad_cli": false, "cad_srv": false, "cadoff_cli": false, "cadoff_srv": false, "cell": "c2-100", "cod": 416, "coded_share": 0.004943259461707563, "cotenant": 0, "cpu_cli": 4.92, "cpu_srv": 4.49, "cpu_us_per_dgram": 52.05027294655326, "diag_lines": 35, "dnf": false, "egress_dgrams": 94524, "emb_echo_cli": false, "emb_echo_srv": false, "emb_gate_cli": 0, "emb_gate_srv": 0, "feed_ratio_p0": 1.0178828037681622, "gates_cli": true, "gates_srv": true, "gen_guard": false, "header": ["window", "bulk"], "mbps": 89.194, "pa_cli": 0, "pa_srv": 0, "pipe_cli": ["window", "Rlc", "bulk"], "pipe_srv": ["window", "Rlc", "bulk"], "plc_p0": 0.0255, "plu_last_p0": 0.0668, "plu_med_p0": 0.0354, "problems": [], "rc": 0, "rep": 5, "seconds": 8.969219, "seed": "42", "src": 83739, "status": "LIVE", "summary": true, "truth_egress_p0": 94524, "truth_gso_p0": 4.93, "truth_loss_p0": 0.025052, "truth_lost_p0": 2368, "truth_rcvbuf_drops": 0, "util": 0.5485427437996552, "wall_s": 11.0, "winline_cli": true, "winline_srv": true}
=== rep=5 seed=42 cell=c2-100 arm=NEWa attempt=1 pipeline=window hint=auto spec=c2/c2/single bytes=100000000 bin=/home/vibe/v4/bin/new/raptorpath sha=aa88d648def0b125 16:11:02
COTENANT c2-100-NEWa s42 rep=5 before=0 after=0 load=5.24 2.99 2.31
--- RWM-C perf pipeline=window mode=single hint=auto A=c2 B=c2 ooo=0 extra='' T=default (100000000 x 1) start=18:11:03
{"bytes":100000000,"dnf":0,"hint":"auto","max_s":10.3273,"mean_mbps":77.465,"mean_s":10.3273,"median_s":10.3273,"min_s":10.3273,"proto":"rp-native","runs":1,"stdev_s":0.0,"summary":true}
    CPU: CPUSRV=5.65s CPUCLI=4.01s (srv=decoder cli=sender; whole-invocation incl warmup)
    [TRUTH] leg=0 dev=cli0 egress_dgrams=106349 egress_skbs=25655 gso=4.15 netem_sent_dgrams=103807 netem_dropped_skbs=624 backlog=0 lost=2542 loss=0.023902 rcvbuf_drops=0 rcvbuf_scope=netns
RUNTIME c2-100-NEWa s42 rep=5 attempt=1 12s rc=0
V4ROW {"arm": "NEWa", "bin": "new", "bin_sha": "aa88d648def0b1253985b9d9ad6955d2190277bebc09026aaa2b79ce64ebd262", "busy_last": 10.0, "busy_med": 14.0, "cad_cli": true, "cad_srv": true, "cadoff_cli": false, "cadoff_srv": false, "cell": "c2-100", "cod": 11171, "coded_share": 0.11663795353693553, "cotenant": 0, "cpu_cli": 4.01, "cpu_srv": 5.65, "cpu_us_per_dgram": 37.70604331023329, "diag_lines": 41, "dnf": false, "egress_dgrams": 106349, "emb_echo_cli": false, "emb_echo_srv": false, "emb_gate_cli": 0, "emb_gate_srv": 0, "feed_ratio_p0": 1.0041000753075058, "gates_cli": true, "gates_srv": true, "gen_guard": false, "header": ["window", "auto"], "mbps": 77.465, "pa_cli": 0, "pa_srv": 0, "pipe_cli": ["window", "Rlc", "auto"], "pipe_srv": ["window", "Rlc", "auto"], "plc_p0": 0.024, "plu_last_p0": 0.0221, "plu_med_p0": 0.0194, "problems": [], "rc": 0, "rep": 5, "seconds": 10.327266, "seed": "42", "src": 84604, "status": "LIVE", "summary": true, "truth_egress_p0": 106349, "truth_gso_p0": 4.15, "truth_loss_p0": 0.023902, "truth_lost_p0": 2542, "truth_rcvbuf_drops": 0, "util": 0.3882925064581468, "wall_s": 12.0, "winline_cli": true, "winline_srv": true}
=== rep=5 seed=42 cell=c3-25 arm=OLDa attempt=1 pipeline=window hint=auto spec=c3/c3/single bytes=25000000 bin=/home/vibe/v4/bin/old/raptorpath sha=f3743664cb48ad81 16:11:14
COTENANT c3-25-OLDa s42 rep=5 before=0 after=0 load=5.18 3.09 2.35
--- RWM-C perf pipeline=window mode=single hint=auto A=c3 B=c3 ooo=0 extra='' T=default (25000000 x 1) start=18:11:16
{"bytes":25000000,"dnf":0,"hint":"auto","max_s":13.2386,"mean_mbps":15.107,"mean_s":13.2386,"median_s":13.2386,"min_s":13.2386,"proto":"rp-native","runs":1,"stdev_s":0.0,"summary":true}
    CPU: CPUSRV=1.85s CPUCLI=2.56s (srv=decoder cli=sender; whole-invocation incl warmup)
    [TRUTH] leg=0 dev=cli0 egress_dgrams=28548 egress_skbs=8662 gso=3.30 netem_sent_dgrams=27168 netem_dropped_skbs=448 backlog=0 lost=1380 loss=0.048340 rcvbuf_drops=0 rcvbuf_scope=netns
RUNTIME c3-25-OLDa s42 rep=5 attempt=1 16s rc=0
V4ROW {"arm": "OLDa", "bin": "old", "bin_sha": "f3743664cb48ad81deef239d44710f4b12bf08f2db65c6d90fc5a947ed500035", "busy_last": 5.0, "busy_med": 8.0, "cad_cli": false, "cad_srv": false, "cadoff_cli": false, "cadoff_srv": false, "cell": "c3-25", "cod": 485, "coded_share": 0.02241530711281601, "cotenant": 0, "cpu_cli": 2.56, "cpu_srv": 1.85, "cpu_us_per_dgram": 89.67353229648312, "diag_lines": 52, "dnf": false, "egress_dgrams": 28548, "emb_echo_cli": false, "emb_echo_srv": false, "emb_gate_cli": 0, "emb_gate_srv": 0, "feed_ratio_p0": 0.9846917666528755, "gates_cli": true, "gates_srv": true, "gen_guard": false, "header": ["window", "auto"], "mbps": 15.107, "pa_cli": 0, "pa_srv": 0, "pipe_cli": ["window", "Rlc", "auto"], "pipe_srv": ["window", "Rlc", "auto"], "plc_p0": 0.0476, "plu_last_p0": 0.0942, "plu_med_p0": 0.045799999999999993, "problems": [], "rc": 0, "rep": 5, "seconds": 13.238617, "seed": "42", "src": 21152, "status": "LIVE", "summary": true, "truth_egress_p0": 28548, "truth_gso_p0": 3.3, "truth_loss_p0": 0.04834, "truth_lost_p0": 1380, "truth_rcvbuf_drops": 0, "util": 0.19337367339805964, "wall_s": 16.0, "winline_cli": true, "winline_srv": true}
=== rep=5 seed=42 cell=c3-25 arm=EMB attempt=1 pipeline=window hint=bulk spec=c3/c3/single bytes=25000000 bin=/home/vibe/v4/bin/new/raptorpath sha=aa88d648def0b125 16:11:30
COTENANT c3-25-EMB s42 rep=5 before=0 after=0 load=5.19 3.18 2.39
--- RWM-C perf pipeline=window mode=single hint=bulk A=c3 B=c3 ooo=0 extra='' T=default (25000000 x 1) start=18:11:32
{"bytes":25000000,"dnf":0,"hint":"bulk","max_s":11.514,"mean_mbps":17.37,"mean_s":11.514,"median_s":11.514,"min_s":11.514,"proto":"rp-native","runs":1,"stdev_s":0.0,"summary":true}
    CPU: CPUSRV=1.65s CPUCLI=1.68s (srv=decoder cli=sender; whole-invocation incl warmup)
    [TRUTH] leg=0 dev=cli0 egress_dgrams=26027 egress_skbs=7841 gso=3.32 netem_sent_dgrams=24708 netem_dropped_skbs=389 backlog=1 lost=1318 loss=0.050640 rcvbuf_drops=0 rcvbuf_scope=netns
RUNTIME c3-25-EMB s42 rep=5 attempt=1 13s rc=0
V4ROW {"arm": "EMB", "bin": "new", "bin_sha": "aa88d648def0b1253985b9d9ad6955d2190277bebc09026aaa2b79ce64ebd262", "busy_last": 4.0, "busy_med": 5.0, "cad_cli": true, "cad_srv": true, "cadoff_cli": false, "cadoff_srv": false, "cell": "c3-25", "cod": 230, "coded_share": 0.010756711252455337, "cotenant": 0, "cpu_cli": 1.68, "cpu_srv": 1.65, "cpu_us_per_dgram": 64.54835363276598, "diag_lines": 45, "dnf": false, "egress_dgrams": 26027, "emb_echo_cli": true, "emb_echo_srv": true, "emb_gate_cli": 1, "emb_gate_srv": 1, "feed_ratio_p0": 0.9853870458135862, "gates_cli": true, "gates_srv": true, "gen_guard": false, "header": ["window", "bulk"], "mbps": 17.37, "pa_cli": 0, "pa_srv": 0, "pipe_cli": ["window", "Rlc", "bulk"], "pipe_srv": ["window", "Rlc", "bulk"], "plc_p0": 0.0499, "plu_last_p0": 0.0092, "plu_med_p0": 0.0299, "problems": [], "rc": 0, "rep": 5, "seconds": 11.514029, "seed": "42", "src": 21152, "status": "LIVE", "summary": true, "truth_egress_p0": 26027, "truth_gso_p0": 3.32, "truth_loss_p0": 0.05064, "truth_lost_p0": 1318, "truth_rcvbuf_drops": 0, "util": 0.1459089602779357, "wall_s": 13.0, "winline_cli": true, "winline_srv": true}
=== rep=5 seed=42 cell=c3-25 arm=NEW attempt=1 pipeline=window hint=bulk spec=c3/c3/single bytes=25000000 bin=/home/vibe/v4/bin/new/raptorpath sha=aa88d648def0b125 16:11:44
COTENANT c3-25-NEW s42 rep=5 before=0 after=0 load=4.19 3.06 2.36
--- RWM-C perf pipeline=window mode=single hint=bulk A=c3 B=c3 ooo=0 extra='' T=default (25000000 x 1) start=18:11:45
{"bytes":25000000,"dnf":0,"hint":"bulk","max_s":11.6889,"mean_mbps":17.11,"mean_s":11.6889,"median_s":11.6889,"min_s":11.6889,"proto":"rp-native","runs":1,"stdev_s":0.0,"summary":true}
    CPU: CPUSRV=1.55s CPUCLI=1.73s (srv=decoder cli=sender; whole-invocation incl warmup)
    [TRUTH] leg=0 dev=cli0 egress_dgrams=26800 egress_skbs=7855 gso=3.41 netem_sent_dgrams=25499 netem_dropped_skbs=389 backlog=1 lost=1300 loss=0.048507 rcvbuf_drops=0 rcvbuf_scope=netns
RUNTIME c3-25-NEW s42 rep=5 attempt=1 13s rc=0
V4ROW {"arm": "NEW", "bin": "new", "bin_sha": "aa88d648def0b1253985b9d9ad6955d2190277bebc09026aaa2b79ce64ebd262", "busy_last": 4.0, "busy_med": 5.0, "cad_cli": true, "cad_srv": true, "cadoff_cli": false, "cadoff_srv": false, "cell": "c3-25", "cod": 234, "coded_share": 0.010941737585336201, "cotenant": 0, "cpu_cli": 1.73, "cpu_srv": 1.55, "cpu_us_per_dgram": 64.55223880597015, "diag_lines": 46, "dnf": false, "egress_dgrams": 26800, "emb_echo_cli": false, "emb_echo_srv": false, "emb_gate_cli": 0, "emb_gate_srv": 0, "feed_ratio_p0": 1.0039788071824685, "gates_cli": true, "gates_srv": true, "gen_guard": false, "header": ["window", "bulk"], "mbps": 17.11, "pa_cli": 0, "pa_srv": 0, "pipe_cli": ["window", "Rlc", "bulk"], "pipe_srv": ["window", "Rlc", "bulk"], "plc_p0": 0.0487, "plu_last_p0": 0.0223, "plu_med_p0": 0.03335, "problems": [], "rc": 0, "rep": 5, "seconds": 11.688912, "seed": "42", "src": 21152, "status": "LIVE", "summary": true, "truth_egress_p0": 26800, "truth_gso_p0": 3.41, "truth_loss_p0": 0.048507, "truth_lost_p0": 1300, "truth_rcvbuf_drops": 0, "util": 0.14800350965085543, "wall_s": 13.0, "winline_cli": true, "winline_srv": true}
=== rep=5 seed=42 cell=c3-25 arm=OLD attempt=1 pipeline=window hint=bulk spec=c3/c3/single bytes=25000000 bin=/home/vibe/v4/bin/old/raptorpath sha=f3743664cb48ad81 16:11:58
COTENANT c3-25-OLD s42 rep=5 before=0 after=0 load=3.65 2.99 2.35
--- RWM-C perf pipeline=window mode=single hint=bulk A=c3 B=c3 ooo=0 extra='' T=default (25000000 x 1) start=18:11:59
{"bytes":25000000,"dnf":0,"hint":"bulk","max_s":11.4747,"mean_mbps":17.43,"mean_s":11.4747,"median_s":11.4747,"min_s":11.4747,"proto":"rp-native","runs":1,"stdev_s":0.0,"summary":true}
    CPU: CPUSRV=1.67s CPUCLI=2.29s (srv=decoder cli=sender; whole-invocation incl warmup)
    [TRUTH] leg=0 dev=cli0 egress_dgrams=25841 egress_skbs=8051 gso=3.21 netem_sent_dgrams=24547 netem_dropped_skbs=413 backlog=0 lost=1294 loss=0.050075 rcvbuf_drops=0 rcvbuf_scope=netns
RUNTIME c3-25-OLD s42 rep=5 attempt=1 13s rc=0
V4ROW {"arm": "OLD", "bin": "old", "bin_sha": "f3743664cb48ad81deef239d44710f4b12bf08f2db65c6d90fc5a947ed500035", "busy_last": 5.0, "busy_med": 7.0, "cad_cli": false, "cad_srv": false, "cadoff_cli": false, "cadoff_srv": false, "cell": "c3-25", "cod": 237, "coded_share": 0.011080461919678338, "cotenant": 0, "cpu_cli": 2.29, "cpu_srv": 1.67, "cpu_us_per_dgram": 88.61886149916799, "diag_lines": 45, "dnf": false, "egress_dgrams": 25841, "emb_echo_cli": false, "emb_echo_srv": false, "emb_gate_cli": 0, "emb_gate_srv": 0, "feed_ratio_p0": 0.9965052421367948, "gates_cli": true, "gates_srv": true, "gen_guard": false, "header": ["window", "bulk"], "mbps": 17.43, "pa_cli": 0, "pa_srv": 0, "pipe_cli": ["window", "Rlc", "bulk"], "pipe_srv": ["window", "Rlc", "bulk"], "plc_p0": 0.0499, "plu_last_p0": 0.0737, "plu_med_p0": 0.049, "problems": [], "rc": 0, "rep": 5, "seconds": 11.4747, "seed": "42", "src": 21152, "status": "LIVE", "summary": true, "truth_egress_p0": 25841, "truth_gso_p0": 3.21, "truth_loss_p0": 0.050075, "truth_lost_p0": 1294, "truth_rcvbuf_drops": 0, "util": 0.19956948765545068, "wall_s": 13.0, "winline_cli": true, "winline_srv": true}
=== rep=5 seed=42 cell=c3-25 arm=NEWa attempt=1 pipeline=window hint=auto spec=c3/c3/single bytes=25000000 bin=/home/vibe/v4/bin/new/raptorpath sha=aa88d648def0b125 16:12:11
COTENANT c3-25-NEWa s42 rep=5 before=0 after=0 load=3.07 2.89 2.33
--- RWM-C perf pipeline=window mode=single hint=auto A=c3 B=c3 ooo=0 extra='' T=default (25000000 x 1) start=18:12:13
{"bytes":25000000,"dnf":0,"hint":"auto","max_s":12.8065,"mean_mbps":15.617,"mean_s":12.8065,"median_s":12.8065,"min_s":12.8065,"proto":"rp-native","runs":1,"stdev_s":0.0,"summary":true}
    CPU: CPUSRV=1.72s CPUCLI=1.93s (srv=decoder cli=sender; whole-invocation incl warmup)
    [TRUTH] leg=0 dev=cli0 egress_dgrams=29396 egress_skbs=8887 gso=3.31 netem_sent_dgrams=27903 netem_dropped_skbs=450 backlog=1 lost=1492 loss=0.050755 rcvbuf_drops=0 rcvbuf_scope=netns
RUNTIME c3-25-NEWa s42 rep=5 attempt=1 15s rc=0
V4ROW {"arm": "NEWa", "bin": "new", "bin_sha": "aa88d648def0b1253985b9d9ad6955d2190277bebc09026aaa2b79ce64ebd262", "busy_last": 4.0, "busy_med": 5.0, "cad_cli": true, "cad_srv": true, "cadoff_cli": false, "cadoff_srv": false, "cell": "c3-25", "cod": 712, "coded_share": 0.03256494694474936, "cotenant": 0, "cpu_cli": 1.93, "cpu_srv": 1.72, "cpu_us_per_dgram": 65.6551911824738, "diag_lines": 51, "dnf": false, "egress_dgrams": 29396, "emb_echo_cli": false, "emb_echo_srv": false, "emb_gate_cli": 0, "emb_gate_srv": 0, "feed_ratio_p0": 1.0087676091025515, "gates_cli": true, "gates_srv": true, "gen_guard": false, "header": ["window", "auto"], "mbps": 15.617, "pa_cli": 0, "pa_srv": 0, "pipe_cli": ["window", "Rlc", "auto"], "pipe_srv": ["window", "Rlc", "auto"], "plc_p0": 0.0512, "plu_last_p0": 0.1475, "plu_med_p0": 0.0283, "problems": [], "rc": 0, "rep": 5, "seconds": 12.806475, "seed": "42", "src": 21152, "status": "LIVE", "summary": true, "truth_egress_p0": 29396, "truth_gso_p0": 3.31, "truth_loss_p0": 0.050755, "truth_lost_p0": 1492, "truth_rcvbuf_drops": 0, "util": 0.15070501445557813, "wall_s": 15.0, "winline_cli": true, "winline_srv": true}
=== rep=5 seed=42 cell=c7-100 arm=NEW attempt=1 pipeline=window hint=bulk spec=c2/c2/dual bytes=100000000 bin=/home/vibe/v4/bin/new/raptorpath sha=aa88d648def0b125 16:12:27
COTENANT c7-100-NEW s42 rep=5 before=0 after=0 load=2.99 2.88 2.33
--- RWM-C perf pipeline=window mode=dual hint=bulk A=c2 B=c2 ooo=0 extra='' T=default (100000000 x 1) start=18:12:28
{"bytes":100000000,"dnf":0,"hint":"bulk","max_s":4.8441,"mean_mbps":165.148,"mean_s":4.8441,"median_s":4.8441,"min_s":4.8441,"proto":"rp-native","runs":1,"stdev_s":0.0,"summary":true}
    CPU: CPUSRV=5.89s CPUCLI=5.37s (srv=decoder cli=sender; whole-invocation incl warmup)
    [TRUTH] leg=0 dev=cli0 egress_dgrams=48241 egress_skbs=16234 gso=2.97 netem_sent_dgrams=46896 netem_dropped_skbs=426 backlog=0 lost=1345 loss=0.027881 rcvbuf_drops=0 rcvbuf_scope=netns
    [TRUTH] leg=1 dev=cli1 egress_dgrams=45761 egress_skbs=15942 gso=2.87 netem_sent_dgrams=44618 netem_dropped_skbs=379 backlog=0 lost=1143 loss=0.024978 rcvbuf_drops=0 rcvbuf_scope=netns
RUNTIME c7-100-NEW s42 rep=5 attempt=1 7s rc=0
V4ROW {"arm": "NEW", "bin": "new", "bin_sha": "aa88d648def0b1253985b9d9ad6955d2190277bebc09026aaa2b79ce64ebd262", "busy_last": 30.0, "busy_med": 59.0, "cad_cli": true, "cad_srv": true, "cadoff_cli": false, "cadoff_srv": false, "cell": "c7-100", "cod": 571, "coded_share": 0.006703845024948635, "cotenant": 0, "cpu_cli": 5.37, "cpu_srv": 5.89, "cpu_us_per_dgram": 57.12644411821025, "diag_lines": 19, "dnf": false, "egress_dgrams": 94002, "emb_echo_cli": false, "emb_echo_srv": false, "emb_gate_cli": 0, "emb_gate_srv": 0, "feed_ratio_p0": 0.9970947957390337, "feed_ratio_p1": 1.0168948674833853, "gates_cli": true, "gates_srv": true, "gen_guard": false, "header": ["window", "bulk"], "mbps": 165.148, "pa_cli": 0, "pa_srv": 0, "pipe_cli": ["window", "Rlc", "bulk"], "pipe_srv": ["window", "Rlc", "bulk"], "plc_p0": 0.0278, "plc_p1": 0.0254, "plu_last_p0": 0.058, "plu_last_p1": 0.0126, "plu_med_p0": 0.0295, "plu_med_p1": 0.0281, "problems": [], "rc": 0, "rep": 5, "seconds": 4.844137, "seed": "42", "src": 84604, "status": "LIVE", "summary": true, "truth_egress_p0": 48241, "truth_egress_p1": 45761, "truth_gso_p0": 2.97, "truth_gso_p1": 2.87, "truth_loss_p0": 0.027881, "truth_loss_p1": 0.024978, "truth_lost_p0": 1345, "truth_lost_p1": 1143, "truth_rcvbuf_drops": 0, "util": 1.108556591194675, "wall_s": 7.0, "winline_cli": true, "winline_srv": true}
=== rep=5 seed=42 cell=c7-100 arm=OLD attempt=1 pipeline=window hint=bulk spec=c2/c2/dual bytes=100000000 bin=/home/vibe/v4/bin/old/raptorpath sha=f3743664cb48ad81 16:12:34
COTENANT c7-100-OLD s42 rep=5 before=0 after=0 load=2.99 2.88 2.33
--- RWM-C perf pipeline=window mode=dual hint=bulk A=c2 B=c2 ooo=0 extra='' T=default (100000000 x 1) start=18:12:35
{"bytes":100000000,"dnf":0,"hint":"bulk","max_s":4.529,"mean_mbps":176.639,"mean_s":4.529,"median_s":4.529,"min_s":4.529,"proto":"rp-native","runs":1,"stdev_s":0.0,"summary":true}
    CPU: CPUSRV=5.66s CPUCLI=6.78s (srv=decoder cli=sender; whole-invocation incl warmup)
    [TRUTH] leg=0 dev=cli0 egress_dgrams=45507 egress_skbs=13154 gso=3.46 netem_sent_dgrams=44436 netem_dropped_skbs=332 backlog=0 lost=1071 loss=0.023535 rcvbuf_drops=0 rcvbuf_scope=netns
    [TRUTH] leg=1 dev=cli1 egress_dgrams=45577 egress_skbs=13400 gso=3.40 netem_sent_dgrams=44494 netem_dropped_skbs=321 backlog=0 lost=1083 loss=0.023762 rcvbuf_drops=0 rcvbuf_scope=netns
RUNTIME c7-100-OLD s42 rep=5 attempt=1 6s rc=0
V4ROW {"arm": "OLD", "bin": "old", "bin_sha": "f3743664cb48ad81deef239d44710f4b12bf08f2db65c6d90fc5a947ed500035", "busy_last": 41.0, "busy_med": 84.5, "cad_cli": false, "cad_srv": false, "cadoff_cli": false, "cadoff_srv": false, "cell": "c7-100", "cod": 381, "coded_share": 0.004483144084250162, "cotenant": 0, "cpu_cli": 6.78, "cpu_srv": 5.66, "cpu_us_per_dgram": 74.43678362829915, "diag_lines": 18, "dnf": false, "egress_dgrams": 91084, "emb_echo_cli": false, "emb_echo_srv": false, "emb_gate_cli": 0, "emb_gate_srv": 0, "feed_ratio_p0": 0.994263862332696, "feed_ratio_p1": 1.0015991919872067, "gates_cli": true, "gates_srv": true, "gen_guard": false, "header": ["window", "bulk"], "mbps": 176.639, "pa_cli": 0, "pa_srv": 0, "pipe_cli": ["window", "Rlc", "bulk"], "pipe_srv": ["window", "Rlc", "bulk"], "plc_p0": 0.0234, "plc_p1": 0.0238, "plu_last_p0": 0.0355, "plu_last_p1": 0.0366, "plu_med_p0": 0.04215, "plu_med_p1": 0.035449999999999995, "problems": [], "rc": 0, "rep": 5, "seconds": 4.529006, "seed": "42", "src": 84604, "status": "LIVE", "summary": true, "truth_egress_p0": 45507, "truth_egress_p1": 45577, "truth_gso_p0": 3.46, "truth_gso_p1": 3.4, "truth_loss_p0": 0.023535, "truth_loss_p1": 0.023762, "truth_lost_p0": 1071, "truth_lost_p1": 1083, "truth_rcvbuf_drops": 0, "util": 1.4970172262964545, "wall_s": 6.0, "winline_cli": true, "winline_srv": true}
=== rep=5 seed=42 cell=c8-100 arm=NEW attempt=1 pipeline=window hint=bulk spec=c2/c3/dual bytes=100000000 bin=/home/vibe/v4/bin/new/raptorpath sha=aa88d648def0b125 16:12:41
COTENANT c8-100-NEW s42 rep=5 before=0 after=0 load=2.85 2.85 2.33
--- RWM-C perf pipeline=window mode=dual hint=bulk A=c2 B=c3 ooo=0 extra='' T=default (100000000 x 1) start=18:12:42
{"bytes":100000000,"dnf":0,"hint":"bulk","max_s":7.824,"mean_mbps":102.25,"mean_s":7.824,"median_s":7.824,"min_s":7.824,"proto":"rp-native","runs":1,"stdev_s":0.0,"summary":true}
    CPU: CPUSRV=6.07s CPUCLI=6.00s (srv=decoder cli=sender; whole-invocation incl warmup)
    [TRUTH] leg=0 dev=cli0 egress_dgrams=77476 egress_skbs=18844 gso=4.11 netem_sent_dgrams=75563 netem_dropped_skbs=494 backlog=0 lost=1913 loss=0.024692 rcvbuf_drops=0 rcvbuf_scope=netns
    [TRUTH] leg=1 dev=cli1 egress_dgrams=18874 egress_skbs=12063 gso=1.56 netem_sent_dgrams=18071 netem_dropped_skbs=518 backlog=0 lost=803 loss=0.042545 rcvbuf_drops=0 rcvbuf_scope=netns
RUNTIME c8-100-NEW s42 rep=5 attempt=1 10s rc=0
V4ROW {"arm": "NEW", "bin": "new", "bin_sha": "aa88d648def0b1253985b9d9ad6955d2190277bebc09026aaa2b79ce64ebd262", "busy_last": 29.0, "busy_med": 39.0, "cad_cli": true, "cad_srv": true, "cadoff_cli": false, "cadoff_srv": false, "cell": "c8-100", "cod": 559, "coded_share": 0.006563883376583727, "cotenant": 0, "cpu_cli": 6.0, "cpu_srv": 6.07, "cpu_us_per_dgram": 62.27296315516347, "diag_lines": 31, "dnf": false, "egress_dgrams": 96350, "emb_echo_cli": false, "emb_echo_srv": false, "emb_gate_cli": 0, "emb_gate_srv": 0, "feed_ratio_p0": 0.9881743074680059, "feed_ratio_p1": 1.0294981783993418, "gates_cli": true, "gates_srv": true, "gen_guard": false, "header": ["window", "bulk"], "mbps": 102.25, "pa_cli": 0, "pa_srv": 0, "pipe_cli": ["window", "Rlc", "bulk"], "pipe_srv": ["window", "Rlc", "bulk"], "plc_p0": 0.0244, "plc_p1": 0.0438, "plu_last_p0": 0.0271, "plu_last_p1": 0.0473, "plu_med_p0": 0.0235, "plu_med_p1": 0.0496, "problems": [], "rc": 0, "rep": 5, "seconds": 7.823972, "seed": "42", "src": 84604, "status": "LIVE", "summary": true, "truth_egress_p0": 77476, "truth_egress_p1": 18874, "truth_gso_p0": 4.11, "truth_gso_p1": 1.56, "truth_loss_p0": 0.024692, "truth_loss_p1": 0.042545, "truth_lost_p0": 1913, "truth_lost_p1": 803, "truth_rcvbuf_drops": 0, "util": 0.7668739100804552, "wall_s": 10.0, "winline_cli": true, "winline_srv": true}
=== rep=5 seed=42 cell=c8-100 arm=OLD attempt=1 pipeline=window hint=bulk spec=c2/c3/dual bytes=100000000 bin=/home/vibe/v4/bin/old/raptorpath sha=f3743664cb48ad81 16:12:51
COTENANT c8-100-OLD s42 rep=5 before=0 after=0 load=2.81 2.84 2.33
--- RWM-C perf pipeline=window mode=dual hint=bulk A=c2 B=c3 ooo=0 extra='' T=default (100000000 x 1) start=18:12:52
{"bytes":100000000,"dnf":0,"hint":"bulk","max_s":8.4325,"mean_mbps":94.871,"mean_s":8.4325,"median_s":8.4325,"min_s":8.4325,"proto":"rp-native","runs":1,"stdev_s":0.0,"summary":true}
    CPU: CPUSRV=6.16s CPUCLI=8.57s (srv=decoder cli=sender; whole-invocation incl warmup)
    [TRUTH] leg=0 dev=cli0 egress_dgrams=78852 egress_skbs=19462 gso=4.05 netem_sent_dgrams=76855 netem_dropped_skbs=504 backlog=0 lost=1997 loss=0.025326 rcvbuf_drops=0 rcvbuf_scope=netns
    [TRUTH] leg=1 dev=cli1 egress_dgrams=18628 egress_skbs=12449 gso=1.50 netem_sent_dgrams=17854 netem_dropped_skbs=531 backlog=0 lost=774 loss=0.041550 rcvbuf_drops=0 rcvbuf_scope=netns
RUNTIME c8-100-OLD s42 rep=5 attempt=1 10s rc=0
V4ROW {"arm": "OLD", "bin": "old", "bin_sha": "f3743664cb48ad81deef239d44710f4b12bf08f2db65c6d90fc5a947ed500035", "busy_last": 9.0, "busy_med": 61.0, "cad_cli": false, "cad_srv": false, "cadoff_cli": false, "cadoff_srv": false, "cell": "c8-100", "cod": 529, "coded_share": 0.00621380663197585, "cotenant": 0, "cpu_cli": 8.57, "cpu_srv": 6.16, "cpu_us_per_dgram": 87.91546983996717, "diag_lines": 33, "dnf": false, "egress_dgrams": 97480, "emb_echo_cli": false, "emb_echo_srv": false, "emb_gate_cli": 0, "emb_gate_srv": 0, "feed_ratio_p0": 1.0029218984442865, "feed_ratio_p1": 1.0132370637785801, "gates_cli": true, "gates_srv": true, "gen_guard": false, "header": ["window", "bulk"], "mbps": 94.871, "pa_cli": 0, "pa_srv": 0, "pipe_cli": ["window", "Rlc", "bulk"], "pipe_srv": ["window", "Rlc", "bulk"], "plc_p0": 0.0254, "plc_p1": 0.0421, "plu_last_p0": 0.06, "plu_last_p1": 0.8333, "plu_med_p0": 0.0377, "plu_med_p1": 0.1005, "problems": [], "rc": 0, "rep": 5, "seconds": 8.432533, "seed": "42", "src": 84604, "status": "LIVE", "summary": true, "truth_egress_p0": 78852, "truth_egress_p1": 18628, "truth_gso_p0": 4.05, "truth_gso_p1": 1.5, "truth_loss_p0": 0.025326, "truth_loss_p1": 0.04155, "truth_lost_p0": 1997, "truth_lost_p1": 774, "truth_rcvbuf_drops": 0, "util": 1.0163019818600176, "wall_s": 10.0, "winline_cli": true, "winline_srv": true}
BLOCK-COMPLETE rep=5 seed=42 block=8 2026-10-04T16:13:02Z
=== rep=5 seed=7 cell=c1s-400 arm=NEW attempt=1 pipeline=window hint=bulk spec=c1/c1/single bytes=400000000 bin=/home/vibe/v4/bin/new/raptorpath sha=aa88d648def0b125 16:13:02
COTENANT c1s-400-NEW s7 rep=5 before=0 after=0 load=2.82 2.85 2.34
--- RWM-C perf pipeline=window mode=single hint=bulk A=c1 B=c1 ooo=0 extra='' T=default (400000000 x 1) start=18:13:03
{"bytes":400000000,"dnf":0,"hint":"bulk","max_s":6.6347,"mean_mbps":482.312,"mean_s":6.6347,"median_s":6.6347,"min_s":6.6347,"proto":"rp-native","runs":1,"stdev_s":0.0,"summary":true}
    CPU: CPUSRV=8.64s CPUCLI=7.37s (srv=decoder cli=sender; whole-invocation incl warmup)
    [TRUTH] leg=0 dev=cli0 egress_dgrams=340777 egress_skbs=36456 gso=9.35 netem_sent_dgrams=340401 netem_dropped_skbs=40 backlog=0 lost=376 loss=0.001103 rcvbuf_drops=78 rcvbuf_scope=netns
RUNTIME c1s-400-NEW s7 rep=5 attempt=1 8s rc=0
V4ROW {"arm": "NEW", "bin": "new", "bin_sha": "aa88d648def0b1253985b9d9ad6955d2190277bebc09026aaa2b79ce64ebd262", "busy_last": 52.0, "busy_med": 40.0, "cad_cli": true, "cad_srv": true, "cadoff_cli": false, "cadoff_srv": false, "cell": "c1s-400", "cod": 147, "coded_share": 0.00044590585623024515, "cotenant": 0, "cpu_cli": 7.37, "cpu_srv": 8.64, "cpu_us_per_dgram": 21.627046426255294, "diag_lines": 26, "dnf": false, "egress_dgrams": 340777, "emb_echo_cli": false, "emb_echo_srv": false, "emb_gate_cli": 0, "emb_gate_srv": 0, "feed_ratio_p0": 3.082502266545784, "gates_cli": true, "gates_srv": true, "gen_guard": false, "header": ["window", "bulk"], "mbps": 482.312, "pa_cli": 0, "pa_srv": 0, "pipe_cli": ["window", "Rlc", "bulk"], "pipe_srv": ["window", "Rlc", "bulk"], "plc_p0": 0.0034, "plu_last_p0": 0.0004, "plu_med_p0": 0.00045, "problems": [], "rc": 0, "rep": 5, "seconds": 6.634713, "seed": "7", "src": 329519, "status": "LIVE", "summary": true, "truth_egress_p0": 340777, "truth_gso_p0": 9.35, "truth_loss_p0": 0.001103, "truth_lost_p0": 376, "truth_rcvbuf_drops": 78, "util": 1.1108242361048626, "wall_s": 8.0, "winline_cli": true, "winline_srv": true}
=== rep=5 seed=7 cell=c1s-400 arm=OLD attempt=1 pipeline=window hint=bulk spec=c1/c1/single bytes=400000000 bin=/home/vibe/v4/bin/old/raptorpath sha=f3743664cb48ad81 16:13:10
COTENANT c1s-400-OLD s7 rep=5 before=0 after=0 load=2.65 2.80 2.33
--- RWM-C perf pipeline=window mode=single hint=bulk A=c1 B=c1 ooo=0 extra='' T=default (400000000 x 1) start=18:13:12
{"bytes":400000000,"dnf":0,"hint":"bulk","max_s":10.7158,"mean_mbps":298.625,"mean_s":10.7158,"median_s":10.7158,"min_s":10.7158,"proto":"rp-native","runs":1,"stdev_s":0.0,"summary":true}
    CPU: CPUSRV=12.22s CPUCLI=14.67s (srv=decoder cli=sender; whole-invocation incl warmup)
    [TRUTH] leg=0 dev=cli0 egress_dgrams=343623 egress_skbs=40862 gso=8.41 netem_sent_dgrams=343197 netem_dropped_skbs=52 backlog=0 lost=426 loss=0.001240 rcvbuf_drops=32 rcvbuf_scope=netns
RUNTIME c1s-400-OLD s7 rep=5 attempt=1 13s rc=0
V4ROW {"arm": "OLD", "bin": "old", "bin_sha": "f3743664cb48ad81deef239d44710f4b12bf08f2db65c6d90fc5a947ed500035", "busy_last": 57.0, "busy_med": 53.0, "cad_cli": false, "cad_srv": false, "cadoff_cli": false, "cadoff_srv": false, "cell": "c1s-400", "cod": 98, "coded_share": 0.00029492577199830266, "cotenant": 0, "cpu_cli": 14.67, "cpu_srv": 12.22, "cpu_us_per_dgram": 42.69213644022664, "diag_lines": 42, "dnf": false, "egress_dgrams": 343623, "emb_echo_cli": false, "emb_echo_srv": false, "emb_gate_cli": 0, "emb_gate_srv": 0, "feed_ratio_p0": 1.693548387096774, "gates_cli": true, "gates_srv": true, "gen_guard": false, "header": ["window", "bulk"], "mbps": 298.625, "pa_cli": 0, "pa_srv": 0, "pipe_cli": ["window", "Rlc", "bulk"], "pipe_srv": ["window", "Rlc", "bulk"], "plc_p0": 0.0021, "plu_last_p0": 0.0354, "plu_med_p0": 0.0354, "problems": [], "rc": 0, "rep": 5, "seconds": 10.715796, "seed": "7", "src": 332189, "status": "LIVE", "summary": true, "truth_egress_p0": 343623, "truth_gso_p0": 8.41, "truth_loss_p0": 0.00124, "truth_lost_p0": 426, "truth_rcvbuf_drops": 32, "util": 1.3690070247697885, "wall_s": 13.0, "winline_cli": true, "winline_srv": true}
=== rep=5 seed=7 cell=c1s-400 arm=EMB attempt=1 pipeline=window hint=bulk spec=c1/c1/single bytes=400000000 bin=/home/vibe/v4/bin/new/raptorpath sha=aa88d648def0b125 16:13:23
COTENANT c1s-400-EMB s7 rep=5 before=0 after=0 load=2.83 2.84 2.35
--- RWM-C perf pipeline=window mode=single hint=bulk A=c1 B=c1 ooo=0 extra='' T=default (400000000 x 1) start=18:13:25
{"bytes":400000000,"dnf":0,"hint":"bulk","max_s":5.7951,"mean_mbps":552.189,"mean_s":5.7951,"median_s":5.7951,"min_s":5.7951,"proto":"rp-native","runs":1,"stdev_s":0.0,"summary":true}
    CPU: CPUSRV=7.66s CPUCLI=5.31s (srv=decoder cli=sender; whole-invocation incl warmup)
    [TRUTH] leg=0 dev=cli0 egress_dgrams=340990 egress_skbs=36334 gso=9.38 netem_sent_dgrams=340633 netem_dropped_skbs=40 backlog=0 lost=357 loss=0.001047 rcvbuf_drops=47 rcvbuf_scope=netns
RUNTIME c1s-400-EMB s7 rep=5 attempt=1 8s rc=0
V4ROW {"arm": "EMB", "bin": "new", "bin_sha": "aa88d648def0b1253985b9d9ad6955d2190277bebc09026aaa2b79ce64ebd262", "busy_last": 32.0, "busy_med": 35.0, "cad_cli": true, "cad_srv": true, "cadoff_cli": false, "cadoff_srv": false, "cell": "c1s-400", "cod": 131, "coded_share": 0.00038877248796585924, "cotenant": 0, "cpu_cli": 5.31, "cpu_srv": 7.66, "cpu_us_per_dgram": 15.572304173142907, "diag_lines": 23, "dnf": false, "egress_dgrams": 340990, "emb_echo_cli": true, "emb_echo_srv": true, "emb_gate_cli": 1, "emb_gate_srv": 1, "feed_ratio_p0": 2.292263610315186, "gates_cli": true, "gates_srv": true, "gen_guard": false, "header": ["window", "bulk"], "mbps": 552.189, "pa_cli": 0, "pa_srv": 0, "pipe_cli": ["window", "Rlc", "bulk"], "pipe_srv": ["window", "Rlc", "bulk"], "plc_p0": 0.0024, "plu_last_p0": 0.0003, "plu_med_p0": 0.0004, "problems": [], "rc": 0, "rep": 5, "seconds": 5.795117, "seed": "7", "src": 336827, "status": "LIVE", "summary": true, "truth_egress_p0": 340990, "truth_gso_p0": 9.38, "truth_loss_p0": 0.001047, "truth_lost_p0": 357, "truth_rcvbuf_drops": 47, "util": 0.9162886616439322, "wall_s": 8.0, "winline_cli": true, "winline_srv": true}
=== rep=5 seed=7 cell=c1d-400 arm=OLD attempt=1 pipeline=window hint=bulk spec=c1/c1/dual bytes=400000000 bin=/home/vibe/v4/bin/old/raptorpath sha=f3743664cb48ad81 16:13:31
COTENANT c1d-400-OLD s7 rep=5 before=0 after=0 load=2.84 2.84 2.36
--- RWM-C perf pipeline=window mode=dual hint=bulk A=c1 B=c1 ooo=0 extra='' T=default (400000000 x 1) start=18:13:33
{"bytes":400000000,"dnf":0,"hint":"bulk","max_s":17.18,"mean_mbps":186.263,"mean_s":17.18,"median_s":17.18,"min_s":17.18,"proto":"rp-native","runs":1,"stdev_s":0.0,"summary":true}
    CPU: CPUSRV=21.42s CPUCLI=29.76s (srv=decoder cli=sender; whole-invocation incl warmup)
    [TRUTH] leg=0 dev=cli0 egress_dgrams=179013 egress_skbs=68298 gso=2.62 netem_sent_dgrams=178867 netem_dropped_skbs=72 backlog=0 lost=146 loss=0.000816 rcvbuf_drops=0 rcvbuf_scope=netns
    [TRUTH] leg=1 dev=cli1 egress_dgrams=181300 egress_skbs=68910 gso=2.63 netem_sent_dgrams=181158 netem_dropped_skbs=57 backlog=0 lost=142 loss=0.000783 rcvbuf_drops=0 rcvbuf_scope=netns
RUNTIME c1d-400-OLD s7 rep=5 attempt=1 19s rc=0
V4ROW {"arm": "OLD", "bin": "old", "bin_sha": "f3743664cb48ad81deef239d44710f4b12bf08f2db65c6d90fc5a947ed500035", "busy_last": 92.0, "busy_med": 87.0, "cad_cli": false, "cad_srv": false, "cadoff_cli": false, "cadoff_srv": false, "cell": "c1d-400", "cod": 119, "coded_share": 0.0003552429682788926, "cotenant": 0, "cpu_cli": 29.76, "cpu_srv": 21.42, "cpu_us_per_dgram": 82.59485502882217, "diag_lines": 68, "dnf": false, "egress_dgrams": 360313, "emb_echo_cli": false, "emb_echo_srv": false, "emb_gate_cli": 0, "emb_gate_srv": 0, "feed_ratio_p0": 0.9803921568627452, "feed_ratio_p1": 1.0217113665389528, "gates_cli": true, "gates_srv": true, "gen_guard": false, "header": ["window", "bulk"], "mbps": 186.263, "pa_cli": 0, "pa_srv": 0, "pipe_cli": ["window", "Rlc", "bulk"], "pipe_srv": ["window", "Rlc", "bulk"], "plc_p0": 0.0008, "plc_p1": 0.0008, "plu_last_p0": 0.0354, "plu_last_p1": 0.0354, "plu_med_p0": 0.0354, "plu_med_p1": 0.0354, "problems": [], "rc": 0, "rep": 5, "seconds": 17.179976, "seed": "7", "src": 334863, "status": "LIVE", "summary": true, "truth_egress_p0": 179013, "truth_egress_p1": 181300, "truth_gso_p0": 2.62, "truth_gso_p1": 2.63, "truth_loss_p0": 0.000816, "truth_loss_p1": 0.000783, "truth_lost_p0": 146, "truth_lost_p1": 142, "truth_rcvbuf_drops": 0, "util": 1.7322492185088036, "wall_s": 19.0, "winline_cli": true, "winline_srv": true}
=== rep=5 seed=7 cell=c1d-400 arm=NEW attempt=1 pipeline=window hint=bulk spec=c1/c1/dual bytes=400000000 bin=/home/vibe/v4/bin/new/raptorpath sha=aa88d648def0b125 16:13:51
COTENANT c1d-400-NEW s7 rep=5 before=0 after=0 load=2.98 2.86 2.37
--- RWM-C perf pipeline=window mode=dual hint=bulk A=c1 B=c1 ooo=0 extra='' T=default (400000000 x 1) start=18:13:52
{"bytes":400000000,"dnf":0,"hint":"bulk","max_s":13.4742,"mean_mbps":237.491,"mean_s":13.4742,"median_s":13.4742,"min_s":13.4742,"proto":"rp-native","runs":1,"stdev_s":0.0,"summary":true}
    CPU: CPUSRV=16.88s CPUCLI=17.33s (srv=decoder cli=sender; whole-invocation incl warmup)
    [TRUTH] leg=0 dev=cli0 egress_dgrams=174058 egress_skbs=43940 gso=3.96 netem_sent_dgrams=173855 netem_dropped_skbs=55 backlog=0 lost=203 loss=0.001166 rcvbuf_drops=0 rcvbuf_scope=netns
    [TRUTH] leg=1 dev=cli1 egress_dgrams=172195 egress_skbs=41630 gso=4.14 netem_sent_dgrams=172016 netem_dropped_skbs=47 backlog=0 lost=179 loss=0.001040 rcvbuf_drops=0 rcvbuf_scope=netns
RUNTIME c1d-400-NEW s7 rep=5 attempt=1 15s rc=0
V4ROW {"arm": "NEW", "bin": "new", "bin_sha": "aa88d648def0b1253985b9d9ad6955d2190277bebc09026aaa2b79ce64ebd262", "busy_last": 35.0, "busy_med": 76.0, "cad_cli": true, "cad_srv": true, "cadoff_cli": false, "cadoff_srv": false, "cell": "c1d-400", "cod": 149, "coded_share": 0.00044184412095260405, "cotenant": 0, "cpu_cli": 17.33, "cpu_srv": 16.88, "cpu_us_per_dgram": 50.050107869101495, "diag_lines": 53, "dnf": false, "egress_dgrams": 346253, "emb_echo_cli": false, "emb_echo_srv": false, "emb_gate_cli": 0, "emb_gate_srv": 0, "feed_ratio_p0": 0.9433962264150945, "feed_ratio_p1": 0.9615384615384617, "gates_cli": true, "gates_srv": true, "gen_guard": false, "header": ["window", "bulk"], "mbps": 237.491, "pa_cli": 0, "pa_srv": 0, "pipe_cli": ["window", "Rlc", "bulk"], "pipe_srv": ["window", "Rlc", "bulk"], "plc_p0": 0.0011, "plc_p1": 0.001, "plu_last_p0": 0.0017, "plu_last_p1": 0.0009, "plu_med_p0": 0.0009, "plu_med_p1": 0.0009, "problems": [], "rc": 0, "rep": 5, "seconds": 13.474186, "seed": "7", "src": 337074, "status": "LIVE", "summary": true, "truth_egress_p0": 174058, "truth_egress_p1": 172195, "truth_gso_p0": 3.96, "truth_gso_p1": 4.14, "truth_loss_p0": 0.001166, "truth_loss_p1": 0.00104, "truth_lost_p0": 203, "truth_lost_p1": 179, "truth_rcvbuf_drops": 0, "util": 1.286163037974984, "wall_s": 15.0, "winline_cli": true, "winline_srv": true}
=== rep=5 seed=7 cell=c2-100 arm=EMB attempt=1 pipeline=window hint=bulk spec=c2/c2/single bytes=100000000 bin=/home/vibe/v4/bin/new/raptorpath sha=aa88d648def0b125 16:14:06
COTENANT c2-100-EMB s7 rep=5 before=0 after=0 load=2.69 2.80 2.36
--- RWM-C perf pipeline=window mode=single hint=bulk A=c2 B=c2 ooo=0 extra='' T=default (100000000 x 1) start=18:14:08
{"bytes":100000000,"dnf":0,"hint":"bulk","max_s":9.181,"mean_mbps":87.136,"mean_s":9.181,"median_s":9.181,"min_s":9.181,"proto":"rp-native","runs":1,"stdev_s":0.0,"summary":true}
    CPU: CPUSRV=4.67s CPUCLI=3.27s (srv=decoder cli=sender; whole-invocation incl warmup)
    [TRUTH] leg=0 dev=cli0 egress_dgrams=92119 egress_skbs=18770 gso=4.91 netem_sent_dgrams=89791 netem_dropped_skbs=478 backlog=0 lost=2328 loss=0.025272 rcvbuf_drops=0 rcvbuf_scope=netns
RUNTIME c2-100-EMB s7 rep=5 attempt=1 11s rc=0
V4ROW {"arm": "EMB", "bin": "new", "bin_sha": "aa88d648def0b1253985b9d9ad6955d2190277bebc09026aaa2b79ce64ebd262", "busy_last": 14.0, "busy_med": 13.0, "cad_cli": true, "cad_srv": true, "cadoff_cli": false, "cadoff_srv": false, "cell": "c2-100", "cod": 414, "coded_share": 0.0048972639199403815, "cotenant": 0, "cpu_cli": 3.27, "cpu_srv": 4.67, "cpu_us_per_dgram": 35.49756293489942, "diag_lines": 36, "dnf": false, "egress_dgrams": 92119, "emb_echo_cli": true, "emb_echo_srv": true, "emb_gate_cli": 1, "emb_gate_srv": 1, "feed_ratio_p0": 1.0169357391579614, "gates_cli": true, "gates_srv": true, "gen_guard": false, "header": ["window", "bulk"], "mbps": 87.136, "pa_cli": 0, "pa_srv": 0, "pipe_cli": ["window", "Rlc", "bulk"], "pipe_srv": ["window", "Rlc", "bulk"], "plc_p0": 0.0257, "plu_last_p0": 0.047, "plu_med_p0": 0.012750000000000001, "problems": [], "rc": 0, "rep": 5, "seconds": 9.181025, "seed": "7", "src": 84123, "status": "LIVE", "summary": true, "truth_egress_p0": 92119, "truth_gso_p0": 4.91, "truth_loss_p0": 0.025272, "truth_lost_p0": 2328, "truth_rcvbuf_drops": 0, "util": 0.35616938195898606, "wall_s": 11.0, "winline_cli": true, "winline_srv": true}
=== rep=5 seed=7 cell=c2-100 arm=NEW attempt=1 pipeline=window hint=bulk spec=c2/c2/single bytes=100000000 bin=/home/vibe/v4/bin/new/raptorpath sha=aa88d648def0b125 16:14:17
COTENANT c2-100-NEW s7 rep=5 before=0 after=0 load=2.42 2.74 2.35
--- RWM-C perf pipeline=window mode=single hint=bulk A=c2 B=c2 ooo=0 extra='' T=default (100000000 x 1) start=18:14:19
{"bytes":100000000,"dnf":0,"hint":"bulk","max_s":9.0926,"mean_mbps":87.984,"mean_s":9.0926,"median_s":9.0926,"min_s":9.0926,"proto":"rp-native","runs":1,"stdev_s":0.0,"summary":true}
    CPU: CPUSRV=4.97s CPUCLI=3.54s (srv=decoder cli=sender; whole-invocation incl warmup)
    [TRUTH] leg=0 dev=cli0 egress_dgrams=88738 egress_skbs=15222 gso=5.83 netem_sent_dgrams=86674 netem_dropped_skbs=376 backlog=0 lost=2064 loss=0.023259 rcvbuf_drops=0 rcvbuf_scope=netns
RUNTIME c2-100-NEW s7 rep=5 attempt=1 10s rc=0
V4ROW {"arm": "NEW", "bin": "new", "bin_sha": "aa88d648def0b1253985b9d9ad6955d2190277bebc09026aaa2b79ce64ebd262", "busy_last": 10.0, "busy_med": 13.0, "cad_cli": true, "cad_srv": true, "cadoff_cli": false, "cadoff_srv": false, "cell": "c2-100", "cod": 400, "coded_share": 0.00470566091007482, "cotenant": 0, "cpu_cli": 3.54, "cpu_srv": 4.97, "cpu_us_per_dgram": 39.89271788861593, "diag_lines": 36, "dnf": false, "egress_dgrams": 88738, "emb_echo_cli": false, "emb_echo_srv": false, "emb_gate_cli": 0, "emb_gate_srv": 0, "feed_ratio_p0": 1.0017627585020854, "gates_cli": true, "gates_srv": true, "gen_guard": false, "header": ["window", "bulk"], "mbps": 87.984, "pa_cli": 0, "pa_srv": 0, "pipe_cli": ["window", "Rlc", "bulk"], "pipe_srv": ["window", "Rlc", "bulk"], "plc_p0": 0.0233, "plu_last_p0": 0.1108, "plu_med_p0": 0.00965, "problems": [], "rc": 0, "rep": 5, "seconds": 9.092608, "seed": "7", "src": 84604, "status": "LIVE", "summary": true, "truth_egress_p0": 88738, "truth_gso_p0": 5.83, "truth_loss_p0": 0.023259, "truth_lost_p0": 2064, "truth_rcvbuf_drops": 0, "util": 0.38932724252491696, "wall_s": 10.0, "winline_cli": true, "winline_srv": true}
=== rep=5 seed=7 cell=c2-100 arm=OLD attempt=1 pipeline=window hint=bulk spec=c2/c2/single bytes=100000000 bin=/home/vibe/v4/bin/old/raptorpath sha=f3743664cb48ad81 16:14:29
COTENANT c2-100-OLD s7 rep=5 before=0 after=0 load=2.35 2.72 2.34
--- RWM-C perf pipeline=window mode=single hint=bulk A=c2 B=c2 ooo=0 extra='' T=default (100000000 x 1) start=18:14:30
{"bytes":100000000,"dnf":0,"hint":"bulk","max_s":8.9958,"mean_mbps":88.93,"mean_s":8.9958,"median_s":8.9958,"min_s":8.9958,"proto":"rp-native","runs":1,"stdev_s":0.0,"summary":true}
    CPU: CPUSRV=4.73s CPUCLI=4.75s (srv=decoder cli=sender; whole-invocation incl warmup)
    [TRUTH] leg=0 dev=cli0 egress_dgrams=88168 egress_skbs=13811 gso=6.38 netem_sent_dgrams=85877 netem_dropped_skbs=354 backlog=0 lost=2291 loss=0.025984 rcvbuf_drops=0 rcvbuf_scope=netns
RUNTIME c2-100-OLD s7 rep=5 attempt=1 11s rc=0
V4ROW {"arm": "OLD", "bin": "old", "bin_sha": "f3743664cb48ad81deef239d44710f4b12bf08f2db65c6d90fc5a947ed500035", "busy_last": 17.0, "busy_med": 19.0, "cad_cli": false, "cad_srv": false, "cadoff_cli": false, "cadoff_srv": false, "cell": "c2-100", "cod": 420, "coded_share": 0.00501654264658457, "cotenant": 0, "cpu_cli": 4.75, "cpu_srv": 4.73, "cpu_us_per_dgram": 53.87442155884221, "diag_lines": 35, "dnf": false, "egress_dgrams": 88168, "emb_echo_cli": false, "emb_echo_srv": false, "emb_gate_cli": 0, "emb_gate_srv": 0, "feed_ratio_p0": 1.0083128078817734, "gates_cli": true, "gates_srv": true, "gen_guard": false, "header": ["window", "bulk"], "mbps": 88.93, "pa_cli": 0, "pa_srv": 0, "pipe_cli": ["window", "Rlc", "bulk"], "pipe_srv": ["window", "Rlc", "bulk"], "plc_p0": 0.0262, "plu_last_p0": 0.0354, "plu_med_p0": 0.0354, "problems": [], "rc": 0, "rep": 5, "seconds": 8.995831, "seed": "7", "src": 83303, "status": "LIVE", "summary": true, "truth_egress_p0": 88168, "truth_gso_p0": 6.38, "truth_loss_p0": 0.025984, "truth_lost_p0": 2291, "truth_rcvbuf_drops": 0, "util": 0.5280223694731482, "wall_s": 11.0, "winline_cli": true, "winline_srv": true}
=== rep=5 seed=7 cell=c2-100 arm=NEWa attempt=1 pipeline=window hint=auto spec=c2/c2/single bytes=100000000 bin=/home/vibe/v4/bin/new/raptorpath sha=aa88d648def0b125 16:14:40
COTENANT c2-100-NEWa s7 rep=5 before=0 after=0 load=1.83 2.58 2.30
--- RWM-C perf pipeline=window mode=single hint=auto A=c2 B=c2 ooo=0 extra='' T=default (100000000 x 1) start=18:14:41
{"bytes":100000000,"dnf":0,"hint":"auto","max_s":10.2965,"mean_mbps":77.696,"mean_s":10.2965,"median_s":10.2965,"min_s":10.2965,"proto":"rp-native","runs":1,"stdev_s":0.0,"summary":true}
    CPU: CPUSRV=5.54s CPUCLI=3.95s (srv=decoder cli=sender; whole-invocation incl warmup)
    [TRUTH] leg=0 dev=cli0 egress_dgrams=100548 egress_skbs=20230 gso=4.97 netem_sent_dgrams=98077 netem_dropped_skbs=492 backlog=0 lost=2471 loss=0.024575 rcvbuf_drops=0 rcvbuf_scope=netns
RUNTIME c2-100-NEWa s7 rep=5 attempt=1 12s rc=0
V4ROW {"arm": "NEWa", "bin": "new", "bin_sha": "aa88d648def0b1253985b9d9ad6955d2190277bebc09026aaa2b79ce64ebd262", "busy_last": 11.0, "busy_med": 14.0, "cad_cli": true, "cad_srv": true, "cadoff_cli": false, "cadoff_srv": false, "cell": "c2-100", "cod": 10784, "coded_share": 0.11305405292070281, "cotenant": 0, "cpu_cli": 3.95, "cpu_srv": 5.54, "cpu_us_per_dgram": 39.28471973584755, "diag_lines": 41, "dnf": false, "egress_dgrams": 100548, "emb_echo_cli": false, "emb_echo_srv": false, "emb_gate_cli": 0, "emb_gate_srv": 0, "feed_ratio_p0": 1.0010172939979654, "gates_cli": true, "gates_srv": true, "gen_guard": false, "header": ["window", "auto"], "mbps": 77.696, "pa_cli": 0, "pa_srv": 0, "pipe_cli": ["window", "Rlc", "auto"], "pipe_srv": ["window", "Rlc", "auto"], "plc_p0": 0.0246, "plu_last_p0": 0.0126, "plu_med_p0": 0.015, "problems": [], "rc": 0, "rep": 5, "seconds": 10.296522, "seed": "7", "src": 84604, "status": "LIVE", "summary": true, "truth_egress_p0": 100548, "truth_gso_p0": 4.97, "truth_loss_p0": 0.024575, "truth_lost_p0": 2471, "truth_rcvbuf_drops": 0, "util": 0.38362468414091677, "wall_s": 12.0, "winline_cli": true, "winline_srv": true}
=== rep=5 seed=7 cell=c2-100 arm=OLDa attempt=1 pipeline=window hint=auto spec=c2/c2/single bytes=100000000 bin=/home/vibe/v4/bin/old/raptorpath sha=f3743664cb48ad81 16:14:52
COTENANT c2-100-OLDa s7 rep=5 before=0 after=0 load=1.70 2.53 2.29
--- RWM-C perf pipeline=window mode=single hint=auto A=c2 B=c2 ooo=0 extra='' T=default (100000000 x 1) start=18:14:54
{"bytes":100000000,"dnf":0,"hint":"auto","max_s":11.1994,"mean_mbps":71.433,"mean_s":11.1994,"median_s":11.1994,"min_s":11.1994,"proto":"rp-native","runs":1,"stdev_s":0.0,"summary":true}
    CPU: CPUSRV=6.44s CPUCLI=6.55s (srv=decoder cli=sender; whole-invocation incl warmup)
    [TRUTH] leg=0 dev=cli0 egress_dgrams=109441 egress_skbs=24661 gso=4.44 netem_sent_dgrams=106668 netem_dropped_skbs=617 backlog=0 lost=2773 loss=0.025338 rcvbuf_drops=0 rcvbuf_scope=netns
RUNTIME c2-100-OLDa s7 rep=5 attempt=1 13s rc=0
V4ROW {"arm": "OLDa", "bin": "old", "bin_sha": "f3743664cb48ad81deef239d44710f4b12bf08f2db65c6d90fc5a947ed500035", "busy_last": 30.0, "busy_med": 26.0, "cad_cli": false, "cad_srv": false, "cadoff_cli": false, "cadoff_srv": false, "cell": "c2-100", "cod": 20528, "coded_share": 0.19562959221598544, "cotenant": 0, "cpu_cli": 6.55, "cpu_srv": 6.44, "cpu_us_per_dgram": 59.849599327491525, "diag_lines": 44, "dnf": false, "egress_dgrams": 109441, "emb_echo_cli": false, "emb_echo_srv": false, "emb_gate_cli": 0, "emb_gate_srv": 0, "feed_ratio_p0": 0.9906069934485753, "gates_cli": true, "gates_srv": true, "gen_guard": false, "header": ["window", "auto"], "mbps": 71.433, "pa_cli": 0, "pa_srv": 0, "pipe_cli": ["window", "Rlc", "auto"], "pipe_srv": ["window", "Rlc", "auto"], "plc_p0": 0.0251, "plu_last_p0": 0.0631, "plu_med_p0": 0.0354, "problems": [], "rc": 0, "rep": 5, "seconds": 11.199371, "seed": "7", "src": 84405, "status": "LIVE", "summary": true, "truth_egress_p0": 109441, "truth_gso_p0": 4.44, "truth_loss_p0": 0.025338, "truth_lost_p0": 2773, "truth_rcvbuf_drops": 0, "util": 0.5848542744052322, "wall_s": 13.0, "winline_cli": true, "winline_srv": true}
=== rep=5 seed=7 cell=c3-25 arm=EMB attempt=1 pipeline=window hint=bulk spec=c3/c3/single bytes=25000000 bin=/home/vibe/v4/bin/new/raptorpath sha=aa88d648def0b125 16:15:05
COTENANT c3-25-EMB s7 rep=5 before=0 after=0 load=1.39 2.42 2.26
--- RWM-C perf pipeline=window mode=single hint=bulk A=c3 B=c3 ooo=0 extra='' T=default (25000000 x 1) start=18:15:07
{"bytes":25000000,"dnf":0,"hint":"bulk","max_s":11.4963,"mean_mbps":17.397,"mean_s":11.4963,"median_s":11.4963,"min_s":11.4963,"proto":"rp-native","runs":1,"stdev_s":0.0,"summary":true}
    CPU: CPUSRV=1.63s CPUCLI=1.67s (srv=decoder cli=sender; whole-invocation incl warmup)
    [TRUTH] leg=0 dev=cli0 egress_dgrams=25623 egress_skbs=7652 gso=3.35 netem_sent_dgrams=24356 netem_dropped_skbs=344 backlog=0 lost=1267 loss=0.049448 rcvbuf_drops=0 rcvbuf_scope=netns
RUNTIME c3-25-EMB s7 rep=5 attempt=1 14s rc=0
V4ROW {"arm": "EMB", "bin": "new", "bin_sha": "aa88d648def0b1253985b9d9ad6955d2190277bebc09026aaa2b79ce64ebd262", "busy_last": 5.0, "busy_med": 5.0, "cad_cli": true, "cad_srv": true, "cadoff_cli": false, "cadoff_srv": false, "cell": "c3-25", "cod": 248, "coded_share": 0.011588785046728972, "cotenant": 0, "cpu_cli": 1.67, "cpu_srv": 1.63, "cpu_us_per_dgram": 65.17581860047613, "diag_lines": 46, "dnf": false, "egress_dgrams": 25623, "emb_echo_cli": true, "emb_echo_srv": true, "emb_gate_cli": 1, "emb_gate_srv": 1, "feed_ratio_p0": 1.01116324219382, "gates_cli": true, "gates_srv": true, "gen_guard": false, "header": ["window", "bulk"], "mbps": 17.397, "pa_cli": 0, "pa_srv": 0, "pipe_cli": ["window", "Rlc", "bulk"], "pipe_srv": ["window", "Rlc", "bulk"], "plc_p0": 0.05, "plu_last_p0": 0.0076, "plu_med_p0": 0.0254, "problems": [], "rc": 0, "rep": 5, "seconds": 11.496347, "seed": "7", "src": 21152, "status": "LIVE", "summary": true, "truth_egress_p0": 25623, "truth_gso_p0": 3.35, "truth_loss_p0": 0.049448, "truth_lost_p0": 1267, "truth_rcvbuf_drops": 0, "util": 0.14526353458189806, "wall_s": 14.0, "winline_cli": true, "winline_srv": true}
=== rep=5 seed=7 cell=c3-25 arm=NEW attempt=1 pipeline=window hint=bulk spec=c3/c3/single bytes=25000000 bin=/home/vibe/v4/bin/new/raptorpath sha=aa88d648def0b125 16:15:19
COTENANT c3-25-NEW s7 rep=5 before=0 after=0 load=1.30 2.35 2.24
--- RWM-C perf pipeline=window mode=single hint=bulk A=c3 B=c3 ooo=0 extra='' T=default (25000000 x 1) start=18:15:21
{"bytes":25000000,"dnf":0,"hint":"bulk","max_s":11.5884,"mean_mbps":17.259,"mean_s":11.5884,"median_s":11.5884,"min_s":11.5884,"proto":"rp-native","runs":1,"stdev_s":0.0,"summary":true}
    CPU: CPUSRV=1.58s CPUCLI=1.75s (srv=decoder cli=sender; whole-invocation incl warmup)
    [TRUTH] leg=0 dev=cli0 egress_dgrams=25979 egress_skbs=7859 gso=3.31 netem_sent_dgrams=24751 netem_dropped_skbs=357 backlog=0 lost=1228 loss=0.047269 rcvbuf_drops=0 rcvbuf_scope=netns
RUNTIME c3-25-NEW s7 rep=5 attempt=1 14s rc=0
V4ROW {"arm": "NEW", "bin": "new", "bin_sha": "aa88d648def0b1253985b9d9ad6955d2190277bebc09026aaa2b79ce64ebd262", "busy_last": 4.0, "busy_med": 5.0, "cad_cli": true, "cad_srv": true, "cadoff_cli": false, "cadoff_srv": false, "cell": "c3-25", "cod": 235, "coded_share": 0.010987983354374153, "cotenant": 0, "cpu_cli": 1.75, "cpu_srv": 1.58, "cpu_us_per_dgram": 67.36210015781978, "diag_lines": 46, "dnf": false, "egress_dgrams": 25979, "emb_echo_cli": false, "emb_echo_srv": false, "emb_gate_cli": 0, "emb_gate_srv": 0, "feed_ratio_p0": 1.0154646808690686, "gates_cli": true, "gates_srv": true, "gen_guard": false, "header": ["window", "bulk"], "mbps": 17.259, "pa_cli": 0, "pa_srv": 0, "pipe_cli": ["window", "Rlc", "bulk"], "pipe_srv": ["window", "Rlc", "bulk"], "plc_p0": 0.048, "plu_last_p0": 0.1824, "plu_med_p0": 0.01645, "problems": [], "rc": 0, "rep": 5, "seconds": 11.588391, "seed": "7", "src": 21152, "status": "LIVE", "summary": true, "truth_egress_p0": 25979, "truth_gso_p0": 3.31, "truth_loss_p0": 0.047269, "truth_lost_p0": 1228, "truth_rcvbuf_drops": 0, "util": 0.15101319933026078, "wall_s": 14.0, "winline_cli": true, "winline_srv": true}
=== rep=5 seed=7 cell=c3-25 arm=OLD attempt=1 pipeline=window hint=bulk spec=c3/c3/single bytes=25000000 bin=/home/vibe/v4/bin/old/raptorpath sha=f3743664cb48ad81 16:15:33
COTENANT c3-25-OLD s7 rep=5 before=0 after=0 load=1.08 2.25 2.21
--- RWM-C perf pipeline=window mode=single hint=bulk A=c3 B=c3 ooo=0 extra='' T=default (25000000 x 1) start=18:15:35
{"bytes":25000000,"dnf":0,"hint":"bulk","max_s":11.64,"mean_mbps":17.182,"mean_s":11.64,"median_s":11.64,"min_s":11.64,"proto":"rp-native","runs":1,"stdev_s":0.0,"summary":true}
    CPU: CPUSRV=1.63s CPUCLI=2.29s (srv=decoder cli=sender; whole-invocation incl warmup)
    [TRUTH] leg=0 dev=cli0 egress_dgrams=26203 egress_skbs=7948 gso=3.30 netem_sent_dgrams=25000 netem_dropped_skbs=361 backlog=1 lost=1202 loss=0.045873 rcvbuf_drops=0 rcvbuf_scope=netns
RUNTIME c3-25-OLD s7 rep=5 attempt=1 14s rc=0
V4ROW {"arm": "OLD", "bin": "old", "bin_sha": "f3743664cb48ad81deef239d44710f4b12bf08f2db65c6d90fc5a947ed500035", "busy_last": 7.0, "busy_med": 7.0, "cad_cli": false, "cad_srv": false, "cadoff_cli": false, "cadoff_srv": false, "cell": "c3-25", "cod": 226, "coded_share": 0.010571615679670689, "cotenant": 0, "cpu_cli": 2.29, "cpu_srv": 1.63, "cpu_us_per_dgram": 87.39457314048009, "diag_lines": 46, "dnf": false, "egress_dgrams": 26203, "emb_echo_cli": false, "emb_echo_srv": false, "emb_gate_cli": 0, "emb_gate_srv": 0, "feed_ratio_p0": 1.0136681708194364, "gates_cli": true, "gates_srv": true, "gen_guard": false, "header": ["window", "bulk"], "mbps": 17.182, "pa_cli": 0, "pa_srv": 0, "pipe_cli": ["window", "Rlc", "bulk"], "pipe_srv": ["window", "Rlc", "bulk"], "plc_p0": 0.0465, "plu_last_p0": 0.1009, "plu_med_p0": 0.0432, "problems": [], "rc": 0, "rep": 5, "seconds": 11.640031, "seed": "7", "src": 21152, "status": "LIVE", "summary": true, "truth_egress_p0": 26203, "truth_gso_p0": 3.3, "truth_loss_p0": 0.045873, "truth_lost_p0": 1202, "truth_rcvbuf_drops": 0, "util": 0.19673487123874497, "wall_s": 14.0, "winline_cli": true, "winline_srv": true}
=== rep=5 seed=7 cell=c3-25 arm=NEWa attempt=1 pipeline=window hint=auto spec=c3/c3/single bytes=25000000 bin=/home/vibe/v4/bin/new/raptorpath sha=aa88d648def0b125 16:15:47
COTENANT c3-25-NEWa s7 rep=5 before=0 after=0 load=0.92 2.16 2.17
--- RWM-C perf pipeline=window mode=single hint=auto A=c3 B=c3 ooo=0 extra='' T=default (25000000 x 1) start=18:15:49
{"bytes":25000000,"dnf":0,"hint":"auto","max_s":12.802,"mean_mbps":15.623,"mean_s":12.802,"median_s":12.802,"min_s":12.802,"proto":"rp-native","runs":1,"stdev_s":0.0,"summary":true}
    CPU: CPUSRV=1.80s CPUCLI=1.92s (srv=decoder cli=sender; whole-invocation incl warmup)
    [TRUTH] leg=0 dev=cli0 egress_dgrams=29656 egress_skbs=9185 gso=3.23 netem_sent_dgrams=28221 netem_dropped_skbs=426 backlog=0 lost=1435 loss=0.048388 rcvbuf_drops=0 rcvbuf_scope=netns
RUNTIME c3-25-NEWa s7 rep=5 attempt=1 15s rc=0
V4ROW {"arm": "NEWa", "bin": "new", "bin_sha": "aa88d648def0b1253985b9d9ad6955d2190277bebc09026aaa2b79ce64ebd262", "busy_last": 4.0, "busy_med": 5.0, "cad_cli": true, "cad_srv": true, "cadoff_cli": false, "cadoff_srv": false, "cell": "c3-25", "cod": 1023, "coded_share": 0.04613303269447576, "cotenant": 0, "cpu_cli": 1.92, "cpu_srv": 1.8, "cpu_us_per_dgram": 64.74237928243863, "diag_lines": 51, "dnf": false, "egress_dgrams": 29656, "emb_echo_cli": false, "emb_echo_srv": false, "emb_gate_cli": 0, "emb_gate_srv": 0, "feed_ratio_p0": 1.016781020087625, "gates_cli": true, "gates_srv": true, "gen_guard": false, "header": ["window", "auto"], "mbps": 15.623, "pa_cli": 0, "pa_srv": 0, "pipe_cli": ["window", "Rlc", "auto"], "pipe_srv": ["window", "Rlc", "auto"], "plc_p0": 0.0492, "plu_last_p0": 0.089, "plu_med_p0": 0.0257, "problems": [], "rc": 0, "rep": 5, "seconds": 12.802039, "seed": "7", "src": 21152, "status": "LIVE", "summary": true, "truth_egress_p0": 29656, "truth_gso_p0": 3.23, "truth_loss_p0": 0.048388, "truth_lost_p0": 1435, "truth_rcvbuf_drops": 0, "util": 0.14997610927446792, "wall_s": 15.0, "winline_cli": true, "winline_srv": true}
=== rep=5 seed=7 cell=c3-25 arm=OLDa attempt=1 pipeline=window hint=auto spec=c3/c3/single bytes=25000000 bin=/home/vibe/v4/bin/old/raptorpath sha=f3743664cb48ad81 16:16:02
COTENANT c3-25-OLDa s7 rep=5 before=0 after=0 load=0.71 2.05 2.14
--- RWM-C perf pipeline=window mode=single hint=auto A=c3 B=c3 ooo=0 extra='' T=default (25000000 x 1) start=18:16:04
{"bytes":25000000,"dnf":0,"hint":"auto","max_s":13.1679,"mean_mbps":15.188,"mean_s":13.1679,"median_s":13.1679,"min_s":13.1679,"proto":"rp-native","runs":1,"stdev_s":0.0,"summary":true}
    CPU: CPUSRV=1.93s CPUCLI=2.62s (srv=decoder cli=sender; whole-invocation incl warmup)
    [TRUTH] leg=0 dev=cli0 egress_dgrams=28341 egress_skbs=8786 gso=3.23 netem_sent_dgrams=27068 netem_dropped_skbs=405 backlog=0 lost=1273 loss=0.044917 rcvbuf_drops=0 rcvbuf_scope=netns
RUNTIME c3-25-OLDa s7 rep=5 attempt=1 15s rc=0
V4ROW {"arm": "OLDa", "bin": "old", "bin_sha": "f3743664cb48ad81deef239d44710f4b12bf08f2db65c6d90fc5a947ed500035", "busy_last": 5.0, "busy_med": 7.5, "cad_cli": false, "cad_srv": false, "cadoff_cli": false, "cadoff_srv": false, "cell": "c3-25", "cod": 577, "coded_share": 0.026554374338441714, "cotenant": 0, "cpu_cli": 2.62, "cpu_srv": 1.93, "cpu_us_per_dgram": 92.44557355068629, "diag_lines": 52, "dnf": false, "egress_dgrams": 28341, "emb_echo_cli": false, "emb_echo_srv": false, "emb_gate_cli": 0, "emb_gate_srv": 0, "feed_ratio_p0": 0.995168867021395, "gates_cli": true, "gates_srv": true, "gen_guard": false, "header": ["window", "auto"], "mbps": 15.188, "pa_cli": 0, "pa_srv": 0, "pipe_cli": ["window", "Rlc", "auto"], "pipe_srv": ["window", "Rlc", "auto"], "plc_p0": 0.0447, "plu_last_p0": 0.0354, "plu_med_p0": 0.04505, "problems": [], "rc": 0, "rep": 5, "seconds": 13.167894, "seed": "7", "src": 21152, "status": "LIVE", "summary": true, "truth_egress_p0": 28341, "truth_gso_p0": 3.23, "truth_loss_p0": 0.044917, "truth_lost_p0": 1273, "truth_rcvbuf_drops": 0, "util": 0.19896879485816032, "wall_s": 15.0, "winline_cli": true, "winline_srv": true}
=== rep=5 seed=7 cell=c7-100 arm=OLD attempt=1 pipeline=window hint=bulk spec=c2/c2/dual bytes=100000000 bin=/home/vibe/v4/bin/old/raptorpath sha=f3743664cb48ad81 16:16:18
COTENANT c7-100-OLD s7 rep=5 before=0 after=0 load=0.82 2.05 2.14
--- RWM-C perf pipeline=window mode=dual hint=bulk A=c2 B=c2 ooo=0 extra='' T=default (100000000 x 1) start=18:16:19
{"bytes":100000000,"dnf":0,"hint":"bulk","max_s":4.4694,"mean_mbps":178.995,"mean_s":4.4694,"median_s":4.4694,"min_s":4.4694,"proto":"rp-native","runs":1,"stdev_s":0.0,"summary":true}
    CPU: CPUSRV=5.50s CPUCLI=6.80s (srv=decoder cli=sender; whole-invocation incl warmup)
    [TRUTH] leg=0 dev=cli0 egress_dgrams=45410 egress_skbs=14704 gso=3.09 netem_sent_dgrams=44328 netem_dropped_skbs=370 backlog=0 lost=1082 loss=0.023827 rcvbuf_drops=0 rcvbuf_scope=netns
    [TRUTH] leg=1 dev=cli1 egress_dgrams=46383 egress_skbs=16455 gso=2.82 netem_sent_dgrams=45266 netem_dropped_skbs=403 backlog=0 lost=1117 loss=0.024082 rcvbuf_drops=0 rcvbuf_scope=netns
RUNTIME c7-100-OLD s7 rep=5 attempt=1 6s rc=0
V4ROW {"arm": "OLD", "bin": "old", "bin_sha": "f3743664cb48ad81deef239d44710f4b12bf08f2db65c6d90fc5a947ed500035", "busy_last": 91.0, "busy_med": 83.0, "cad_cli": false, "cad_srv": false, "cadoff_cli": false, "cadoff_srv": false, "cell": "c7-100", "cod": 465, "coded_share": 0.0056506786890425445, "cotenant": 0, "cpu_cli": 6.8, "cpu_srv": 5.5, "cpu_us_per_dgram": 74.07972285468391, "diag_lines": 17, "dnf": false, "egress_dgrams": 91793, "emb_echo_cli": false, "emb_echo_srv": false, "emb_gate_cli": 0, "emb_gate_srv": 0, "feed_ratio_p0": 1.0030637512066143, "feed_ratio_p1": 1.0298147994352629, "gates_cli": true, "gates_srv": true, "gen_guard": false, "header": ["window", "bulk"], "mbps": 178.995, "pa_cli": 0, "pa_srv": 0, "pipe_cli": ["window", "Rlc", "bulk"], "pipe_srv": ["window", "Rlc", "bulk"], "plc_p0": 0.0239, "plc_p1": 0.0248, "plu_last_p0": 0.0354, "plu_last_p1": 0.0354, "plu_med_p0": 0.0354, "plu_med_p1": 0.0386, "problems": [], "rc": 0, "rep": 5, "seconds": 4.469404, "seed": "7", "src": 81826, "status": "LIVE", "summary": true, "truth_egress_p0": 45410, "truth_egress_p1": 46383, "truth_gso_p0": 3.09, "truth_gso_p1": 2.82, "truth_loss_p0": 0.023827, "truth_loss_p1": 0.024082, "truth_lost_p0": 1082, "truth_lost_p1": 1117, "truth_rcvbuf_drops": 0, "util": 1.5214556571748716, "wall_s": 6.0, "winline_cli": true, "winline_srv": true}
=== rep=5 seed=7 cell=c7-100 arm=NEW attempt=1 pipeline=window hint=bulk spec=c2/c2/dual bytes=100000000 bin=/home/vibe/v4/bin/new/raptorpath sha=aa88d648def0b125 16:16:24
COTENANT c7-100-NEW s7 rep=5 before=0 after=0 load=1.23 2.12 2.16
--- RWM-C perf pipeline=window mode=dual hint=bulk A=c2 B=c2 ooo=0 extra='' T=default (100000000 x 1) start=18:16:26
{"bytes":100000000,"dnf":0,"hint":"bulk","max_s":4.5005,"mean_mbps":177.757,"mean_s":4.5005,"median_s":4.5005,"min_s":4.5005,"proto":"rp-native","runs":1,"stdev_s":0.0,"summary":true}
    CPU: CPUSRV=5.49s CPUCLI=4.66s (srv=decoder cli=sender; whole-invocation incl warmup)
    [TRUTH] leg=0 dev=cli0 egress_dgrams=48619 egress_skbs=17913 gso=2.71 netem_sent_dgrams=47308 netem_dropped_skbs=450 backlog=0 lost=1311 loss=0.026965 rcvbuf_drops=0 rcvbuf_scope=netns
    [TRUTH] leg=1 dev=cli1 egress_dgrams=46966 egress_skbs=15810 gso=2.97 netem_sent_dgrams=45728 netem_dropped_skbs=395 backlog=0 lost=1238 loss=0.026359 rcvbuf_drops=0 rcvbuf_scope=netns
RUNTIME c7-100-NEW s7 rep=5 attempt=1 7s rc=0
V4ROW {"arm": "NEW", "bin": "new", "bin_sha": "aa88d648def0b1253985b9d9ad6955d2190277bebc09026aaa2b79ce64ebd262", "busy_last": 46.0, "busy_med": 48.0, "cad_cli": true, "cad_srv": true, "cadoff_cli": false, "cadoff_srv": false, "cell": "c7-100", "cod": 459, "coded_share": 0.005629622361497799, "cotenant": 0, "cpu_cli": 4.66, "cpu_srv": 5.49, "cpu_us_per_dgram": 48.75241931265366, "diag_lines": 17, "dnf": false, "egress_dgrams": 95585, "emb_echo_cli": false, "emb_echo_srv": false, "emb_gate_cli": 0, "emb_gate_srv": 0, "feed_ratio_p0": 0.9864639347302058, "feed_ratio_p1": 1.0394931522440154, "gates_cli": true, "gates_srv": true, "gen_guard": false, "header": ["window", "bulk"], "mbps": 177.757, "pa_cli": 0, "pa_srv": 0, "pipe_cli": ["window", "Rlc", "bulk"], "pipe_srv": ["window", "Rlc", "bulk"], "plc_p0": 0.0266, "plc_p1": 0.0274, "plu_last_p0": 0.0369, "plu_last_p1": 0.0075, "plu_med_p0": 0.0254, "plu_med_p1": 0.031, "problems": [], "rc": 0, "rep": 5, "seconds": 4.500516, "seed": "7", "src": 81074, "status": "LIVE", "summary": true, "truth_egress_p0": 48619, "truth_egress_p1": 46966, "truth_gso_p0": 2.71, "truth_gso_p1": 2.97, "truth_loss_p0": 0.026965, "truth_loss_p1": 0.026359, "truth_lost_p0": 1311, "truth_lost_p1": 1238, "truth_rcvbuf_drops": 0, "util": 1.0354368254662354, "wall_s": 7.0, "winline_cli": true, "winline_srv": true}
=== rep=5 seed=7 cell=c8-100 arm=OLD attempt=1 pipeline=window hint=bulk spec=c2/c3/dual bytes=100000000 bin=/home/vibe/v4/bin/old/raptorpath sha=f3743664cb48ad81 16:16:31
COTENANT c8-100-OLD s7 rep=5 before=0 after=0 load=1.35 2.11 2.16
--- RWM-C perf pipeline=window mode=dual hint=bulk A=c2 B=c3 ooo=0 extra='' T=default (100000000 x 1) start=18:16:33
{"bytes":100000000,"dnf":0,"hint":"bulk","max_s":7.7855,"mean_mbps":102.755,"mean_s":7.7855,"median_s":7.7855,"min_s":7.7855,"proto":"rp-native","runs":1,"stdev_s":0.0,"summary":true}
    CPU: CPUSRV=6.36s CPUCLI=8.64s (srv=decoder cli=sender; whole-invocation incl warmup)
    [TRUTH] leg=0 dev=cli0 egress_dgrams=76433 egress_skbs=18767 gso=4.07 netem_sent_dgrams=74404 netem_dropped_skbs=478 backlog=0 lost=2029 loss=0.026546 rcvbuf_drops=0 rcvbuf_scope=netns
    [TRUTH] leg=1 dev=cli1 egress_dgrams=18842 egress_skbs=12438 gso=1.51 netem_sent_dgrams=17868 netem_dropped_skbs=657 backlog=0 lost=974 loss=0.051693 rcvbuf_drops=0 rcvbuf_scope=netns
RUNTIME c8-100-OLD s7 rep=5 attempt=1 10s rc=0
V4ROW {"arm": "OLD", "bin": "old", "bin_sha": "f3743664cb48ad81deef239d44710f4b12bf08f2db65c6d90fc5a947ed500035", "busy_last": 47.0, "busy_med": 65.0, "cad_cli": false, "cad_srv": false, "cadoff_cli": false, "cadoff_srv": false, "cell": "c8-100", "cod": 536, "coded_share": 0.006295513272257458, "cotenant": 0, "cpu_cli": 8.64, "cpu_srv": 6.36, "cpu_us_per_dgram": 90.68485961689845, "diag_lines": 31, "dnf": false, "egress_dgrams": 95275, "emb_echo_cli": false, "emb_echo_srv": false, "emb_gate_cli": 0, "emb_gate_srv": 0, "feed_ratio_p0": 1.0020342047766142, "feed_ratio_p1": 0.9807904358423771, "gates_cli": true, "gates_srv": true, "gen_guard": false, "header": ["window", "bulk"], "mbps": 102.755, "pa_cli": 0, "pa_srv": 0, "pipe_cli": ["window", "Rlc", "bulk"], "pipe_srv": ["window", "Rlc", "bulk"], "plc_p0": 0.0266, "plc_p1": 0.0507, "plu_last_p0": 0.0435, "plu_last_p1": 0.0638, "plu_med_p0": 0.036, "plu_med_p1": 0.0655, "problems": [], "rc": 0, "rep": 5, "seconds": 7.785487, "seed": "7", "src": 84604, "status": "LIVE", "summary": true, "truth_egress_p0": 76433, "truth_egress_p1": 18842, "truth_gso_p0": 4.07, "truth_gso_p1": 1.51, "truth_loss_p0": 0.026546, "truth_loss_p1": 0.051693, "truth_lost_p0": 2029, "truth_lost_p1": 974, "truth_rcvbuf_drops": 0, "util": 1.1097571674064834, "wall_s": 10.0, "winline_cli": true, "winline_srv": true}
=== rep=5 seed=7 cell=c8-100 arm=NEW attempt=1 pipeline=window hint=bulk spec=c2/c3/dual bytes=100000000 bin=/home/vibe/v4/bin/new/raptorpath sha=aa88d648def0b125 16:16:41
COTENANT c8-100-NEW s7 rep=5 before=0 after=0 load=1.46 2.11 2.16
--- RWM-C perf pipeline=window mode=dual hint=bulk A=c2 B=c3 ooo=0 extra='' T=default (100000000 x 1) start=18:16:43
{"bytes":100000000,"dnf":0,"hint":"bulk","max_s":7.6188,"mean_mbps":105.003,"mean_s":7.6188,"median_s":7.6188,"min_s":7.6188,"proto":"rp-native","runs":1,"stdev_s":0.0,"summary":true}
    CPU: CPUSRV=5.69s CPUCLI=5.21s (srv=decoder cli=sender; whole-invocation incl warmup)
    [TRUTH] leg=0 dev=cli0 egress_dgrams=79977 egress_skbs=20458 gso=3.91 netem_sent_dgrams=77946 netem_dropped_skbs=495 backlog=0 lost=2031 loss=0.025395 rcvbuf_drops=0 rcvbuf_scope=netns
    [TRUTH] leg=1 dev=cli1 egress_dgrams=19091 egress_skbs=12077 gso=1.58 netem_sent_dgrams=18109 netem_dropped_skbs=642 backlog=0 lost=982 loss=0.051438 rcvbuf_drops=0 rcvbuf_scope=netns
RUNTIME c8-100-NEW s7 rep=5 attempt=1 10s rc=0
V4ROW {"arm": "NEW", "bin": "new", "bin_sha": "aa88d648def0b1253985b9d9ad6955d2190277bebc09026aaa2b79ce64ebd262", "busy_last": 23.0, "busy_med": 30.0, "cad_cli": true, "cad_srv": true, "cadoff_cli": false, "cadoff_srv": false, "cell": "c8-100", "cod": 803, "coded_share": 0.009402039645462316, "cotenant": 0, "cpu_cli": 5.21, "cpu_srv": 5.69, "cpu_us_per_dgram": 52.59014010578593, "diag_lines": 30, "dnf": false, "egress_dgrams": 99068, "emb_echo_cli": false, "emb_echo_srv": false, "emb_gate_cli": 0, "emb_gate_srv": 0, "feed_ratio_p0": 1.0159480212640284, "feed_ratio_p1": 0.9992612465492439, "gates_cli": true, "gates_srv": true, "gen_guard": false, "header": ["window", "bulk"], "mbps": 105.003, "pa_cli": 0, "pa_srv": 0, "pipe_cli": ["window", "Rlc", "bulk"], "pipe_srv": ["window", "Rlc", "bulk"], "plc_p0": 0.0258, "plc_p1": 0.0514, "plu_last_p0": 0.0197, "plu_last_p1": 0.0585, "plu_med_p0": 0.024, "plu_med_p1": 0.050850000000000006, "problems": [], "rc": 0, "rep": 5, "seconds": 7.61884, "seed": "7", "src": 84604, "status": "LIVE", "summary": true, "truth_egress_p0": 79977, "truth_egress_p1": 19091, "truth_gso_p0": 3.91, "truth_gso_p1": 1.58, "truth_loss_p0": 0.025395, "truth_loss_p1": 0.051438, "truth_lost_p0": 2031, "truth_lost_p1": 982, "truth_rcvbuf_drops": 0, "util": 0.6838311343984124, "wall_s": 10.0, "winline_cli": true, "winline_srv": true}
BLOCK-COMPLETE rep=5 seed=7 block=9 2026-10-04T16:16:51Z
=== rep=6 seed=42 cell=c1s-400 arm=OLD attempt=1 pipeline=window hint=bulk spec=c1/c1/single bytes=400000000 bin=/home/vibe/v4/bin/old/raptorpath sha=f3743664cb48ad81 16:16:51
COTENANT c1s-400-OLD s42 rep=6 before=0 after=0 load=1.72 2.14 2.16
--- RWM-C perf pipeline=window mode=single hint=bulk A=c1 B=c1 ooo=0 extra='' T=default (400000000 x 1) start=18:16:53
{"bytes":400000000,"dnf":0,"hint":"bulk","max_s":10.9551,"mean_mbps":292.1,"mean_s":10.9551,"median_s":10.9551,"min_s":10.9551,"proto":"rp-native","runs":1,"stdev_s":0.0,"summary":true}
    CPU: CPUSRV=12.27s CPUCLI=14.91s (srv=decoder cli=sender; whole-invocation incl warmup)
    [TRUTH] leg=0 dev=cli0 egress_dgrams=343406 egress_skbs=40497 gso=8.48 netem_sent_dgrams=342990 netem_dropped_skbs=50 backlog=0 lost=416 loss=0.001211 rcvbuf_drops=44 rcvbuf_scope=netns
RUNTIME c1s-400-OLD s42 rep=6 attempt=1 13s rc=0
V4ROW {"arm": "OLD", "bin": "old", "bin_sha": "f3743664cb48ad81deef239d44710f4b12bf08f2db65c6d90fc5a947ed500035", "busy_last": 56.0, "busy_med": 53.0, "cad_cli": false, "cad_srv": false, "cadoff_cli": false, "cadoff_srv": false, "cell": "c1s-400", "cod": 109, "coded_share": 0.0003279675041372048, "cotenant": 0, "cpu_cli": 14.91, "cpu_srv": 12.27, "cpu_us_per_dgram": 43.41799502629541, "diag_lines": 43, "dnf": false, "egress_dgrams": 343406, "emb_echo_cli": false, "emb_echo_srv": false, "emb_gate_cli": 0, "emb_gate_srv": 0, "feed_ratio_p0": 2.0644095788604457, "gates_cli": true, "gates_srv": true, "gen_guard": false, "header": ["window", "bulk"], "mbps": 292.1, "pa_cli": 0, "pa_srv": 0, "pipe_cli": ["window", "Rlc", "bulk"], "pipe_srv": ["window", "Rlc", "bulk"], "plc_p0": 0.0025, "plu_last_p0": 0.0354, "plu_med_p0": 0.0354, "problems": [], "rc": 0, "rep": 6, "seconds": 10.955135, "seed": "42", "src": 332241, "status": "LIVE", "summary": true, "truth_egress_p0": 343406, "truth_gso_p0": 8.48, "truth_loss_p0": 0.001211, "truth_lost_p0": 416, "truth_rcvbuf_drops": 44, "util": 1.3610055923546356, "wall_s": 13.0, "winline_cli": true, "winline_srv": true}
=== rep=6 seed=42 cell=c1s-400 arm=EMB attempt=1 pipeline=window hint=bulk spec=c1/c1/single bytes=400000000 bin=/home/vibe/v4/bin/new/raptorpath sha=aa88d648def0b125 16:17:04
COTENANT c1s-400-EMB s42 rep=6 before=0 after=0 load=1.99 2.18 2.18
--- RWM-C perf pipeline=window mode=single hint=bulk A=c1 B=c1 ooo=0 extra='' T=default (400000000 x 1) start=18:17:06
{"bytes":400000000,"dnf":0,"hint":"bulk","max_s":6.524,"mean_mbps":490.495,"mean_s":6.524,"median_s":6.524,"min_s":6.524,"proto":"rp-native","runs":1,"stdev_s":0.0,"summary":true}
    CPU: CPUSRV=8.33s CPUCLI=5.60s (srv=decoder cli=sender; whole-invocation incl warmup)
    [TRUTH] leg=0 dev=cli0 egress_dgrams=341422 egress_skbs=36741 gso=9.29 netem_sent_dgrams=341037 netem_dropped_skbs=39 backlog=0 lost=385 loss=0.001128 rcvbuf_drops=60 rcvbuf_scope=netns
RUNTIME c1s-400-EMB s42 rep=6 attempt=1 9s rc=0
V4ROW {"arm": "EMB", "bin": "new", "bin_sha": "aa88d648def0b1253985b9d9ad6955d2190277bebc09026aaa2b79ce64ebd262", "busy_last": 42.0, "busy_med": 32.5, "cad_cli": true, "cad_srv": true, "cadoff_cli": false, "cadoff_srv": false, "cell": "c1s-400", "cod": 158, "coded_share": 0.00046667001408870864, "cotenant": 0, "cpu_cli": 5.6, "cpu_srv": 8.33, "cpu_us_per_dgram": 16.40198932699123, "diag_lines": 26, "dnf": false, "egress_dgrams": 341422, "emb_echo_cli": true, "emb_echo_srv": true, "emb_gate_cli": 1, "emb_gate_srv": 1, "feed_ratio_p0": 2.5709219858156023, "gates_cli": true, "gates_srv": true, "gen_guard": false, "header": ["window", "bulk"], "mbps": 490.495, "pa_cli": 0, "pa_srv": 0, "pipe_cli": ["window", "Rlc", "bulk"], "pipe_srv": ["window", "Rlc", "bulk"], "plc_p0": 0.0029, "plu_last_p0": 0.0017, "plu_med_p0": 0.00035, "problems": [], "rc": 0, "rep": 6, "seconds": 6.524016, "seed": "42", "src": 338411, "status": "LIVE", "summary": true, "truth_egress_p0": 341422, "truth_gso_p0": 9.29, "truth_loss_p0": 0.001128, "truth_lost_p0": 385, "truth_rcvbuf_drops": 60, "util": 0.8583669935818674, "wall_s": 9.0, "winline_cli": true, "winline_srv": true}
=== rep=6 seed=42 cell=c1s-400 arm=NEW attempt=1 pipeline=window hint=bulk spec=c1/c1/single bytes=400000000 bin=/home/vibe/v4/bin/new/raptorpath sha=aa88d648def0b125 16:17:13
COTENANT c1s-400-NEW s42 rep=6 before=0 after=0 load=2.06 2.19 2.18
--- RWM-C perf pipeline=window mode=single hint=bulk A=c1 B=c1 ooo=0 extra='' T=default (400000000 x 1) start=18:17:15
{"bytes":400000000,"dnf":0,"hint":"bulk","max_s":6.5359,"mean_mbps":489.607,"mean_s":6.5359,"median_s":6.5359,"min_s":6.5359,"proto":"rp-native","runs":1,"stdev_s":0.0,"summary":true}
    CPU: CPUSRV=8.55s CPUCLI=7.71s (srv=decoder cli=sender; whole-invocation incl warmup)
    [TRUTH] leg=0 dev=cli0 egress_dgrams=340772 egress_skbs=36234 gso=9.40 netem_sent_dgrams=340431 netem_dropped_skbs=38 backlog=0 lost=341 loss=0.001001 rcvbuf_drops=96 rcvbuf_scope=netns
RUNTIME c1s-400-NEW s42 rep=6 attempt=1 8s rc=0
V4ROW {"arm": "NEW", "bin": "new", "bin_sha": "aa88d648def0b1253985b9d9ad6955d2190277bebc09026aaa2b79ce64ebd262", "busy_last": 50.0, "busy_med": 45.5, "cad_cli": true, "cad_srv": true, "cadoff_cli": false, "cadoff_srv": false, "cell": "c1s-400", "cod": 164, "coded_share": 0.0004869156270226297, "cotenant": 0, "cpu_cli": 7.71, "cpu_srv": 8.55, "cpu_us_per_dgram": 22.625098306198865, "diag_lines": 26, "dnf": false, "egress_dgrams": 340772, "emb_echo_cli": false, "emb_echo_srv": false, "emb_gate_cli": 0, "emb_gate_srv": 0, "feed_ratio_p0": 3.7962037962037964, "gates_cli": true, "gates_srv": true, "gen_guard": false, "header": ["window", "bulk"], "mbps": 489.607, "pa_cli": 0, "pa_srv": 0, "pipe_cli": ["window", "Rlc", "bulk"], "pipe_srv": ["window", "Rlc", "bulk"], "plc_p0": 0.0038, "plu_last_p0": 0.0002, "plu_med_p0": 0.00035, "problems": [], "rc": 0, "rep": 6, "seconds": 6.535858, "seed": "42", "src": 336650, "status": "LIVE", "summary": true, "truth_egress_p0": 340772, "truth_gso_p0": 9.4, "truth_loss_p0": 0.001001, "truth_lost_p0": 341, "truth_rcvbuf_drops": 96, "util": 1.179646191823629, "wall_s": 8.0, "winline_cli": true, "winline_srv": true}
=== rep=6 seed=42 cell=c1d-400 arm=NEW attempt=1 pipeline=window hint=bulk spec=c1/c1/dual bytes=400000000 bin=/home/vibe/v4/bin/new/raptorpath sha=aa88d648def0b125 16:17:22
COTENANT c1d-400-NEW s42 rep=6 before=0 after=0 load=2.34 2.25 2.20
--- RWM-C perf pipeline=window mode=dual hint=bulk A=c1 B=c1 ooo=0 extra='' T=default (400000000 x 1) start=18:17:23
{"bytes":400000000,"dnf":0,"hint":"bulk","max_s":10.8432,"mean_mbps":295.115,"mean_s":10.8432,"median_s":10.8432,"min_s":10.8432,"proto":"rp-native","runs":1,"stdev_s":0.0,"summary":true}
    CPU: CPUSRV=16.49s CPUCLI=17.73s (srv=decoder cli=sender; whole-invocation incl warmup)
    [TRUTH] leg=0 dev=cli0 egress_dgrams=180093 egress_skbs=54466 gso=3.31 netem_sent_dgrams=179934 netem_dropped_skbs=57 backlog=0 lost=159 loss=0.000883 rcvbuf_drops=64 rcvbuf_scope=netns
    [TRUTH] leg=1 dev=cli1 egress_dgrams=170688 egress_skbs=53533 gso=3.19 netem_sent_dgrams=170546 netem_dropped_skbs=45 backlog=0 lost=142 loss=0.000832 rcvbuf_drops=64 rcvbuf_scope=netns
RUNTIME c1d-400-NEW s42 rep=6 attempt=1 12s rc=0
V4ROW {"arm": "NEW", "bin": "new", "bin_sha": "aa88d648def0b1253985b9d9ad6955d2190277bebc09026aaa2b79ce64ebd262", "busy_last": 89.0, "busy_med": 82.0, "cad_cli": true, "cad_srv": true, "cadoff_cli": false, "cadoff_srv": false, "cell": "c1d-400", "cod": 169, "coded_share": 0.0005041044241874672, "cotenant": 0, "cpu_cli": 17.73, "cpu_srv": 16.49, "cpu_us_per_dgram": 50.544356735399006, "diag_lines": 43, "dnf": false, "egress_dgrams": 350781, "emb_echo_cli": false, "emb_echo_srv": false, "emb_gate_cli": 0, "emb_gate_srv": 0, "feed_ratio_p0": 2.7180067950169873, "feed_ratio_p1": 2.1634615384615383, "gates_cli": true, "gates_srv": true, "gen_guard": false, "header": ["window", "bulk"], "mbps": 295.115, "pa_cli": 0, "pa_srv": 0, "pipe_cli": ["window", "Rlc", "bulk"], "pipe_srv": ["window", "Rlc", "bulk"], "plc_p0": 0.0024, "plc_p1": 0.0018, "plu_last_p0": 0.0003, "plu_last_p1": 0.0065, "plu_med_p0": 0.0008, "plu_med_p1": 0.0009, "problems": [], "rc": 0, "rep": 6, "seconds": 10.843232, "seed": "42", "src": 335079, "status": "LIVE", "summary": true, "truth_egress_p0": 180093, "truth_egress_p1": 170688, "truth_gso_p0": 3.31, "truth_gso_p1": 3.19, "truth_loss_p0": 0.000883, "truth_loss_p1": 0.000832, "truth_lost_p0": 159, "truth_lost_p1": 142, "truth_rcvbuf_drops": 64, "util": 1.63512133651664, "wall_s": 12.0, "winline_cli": true, "winline_srv": true}
=== rep=6 seed=42 cell=c1d-400 arm=OLD attempt=1 pipeline=window hint=bulk spec=c1/c1/dual bytes=400000000 bin=/home/vibe/v4/bin/old/raptorpath sha=f3743664cb48ad81 16:17:35
COTENANT c1d-400-OLD s42 rep=6 before=0 after=0 load=2.90 2.38 2.25
--- RWM-C perf pipeline=window mode=dual hint=bulk A=c1 B=c1 ooo=0 extra='' T=default (400000000 x 1) start=18:17:36
{"bytes":400000000,"dnf":0,"hint":"bulk","max_s":18.0311,"mean_mbps":177.471,"mean_s":18.0311,"median_s":18.0311,"min_s":18.0311,"proto":"rp-native","runs":1,"stdev_s":0.0,"summary":true}
    CPU: CPUSRV=22.64s CPUCLI=31.16s (srv=decoder cli=sender; whole-invocation incl warmup)
    [TRUTH] leg=0 dev=cli0 egress_dgrams=174600 egress_skbs=67369 gso=2.59 netem_sent_dgrams=174427 netem_dropped_skbs=72 backlog=0 lost=173 loss=0.000991 rcvbuf_drops=0 rcvbuf_scope=netns
    [TRUTH] leg=1 dev=cli1 egress_dgrams=185694 egress_skbs=68600 gso=2.71 netem_sent_dgrams=185552 netem_dropped_skbs=59 backlog=0 lost=142 loss=0.000765 rcvbuf_drops=0 rcvbuf_scope=netns
RUNTIME c1d-400-OLD s42 rep=6 attempt=1 20s rc=0
V4ROW {"arm": "OLD", "bin": "old", "bin_sha": "f3743664cb48ad81deef239d44710f4b12bf08f2db65c6d90fc5a947ed500035", "busy_last": 94.0, "busy_med": 87.0, "cad_cli": false, "cad_srv": false, "cadoff_cli": false, "cadoff_srv": false, "cell": "c1d-400", "cod": 133, "coded_share": 0.0003930550424824529, "cotenant": 0, "cpu_cli": 31.16, "cpu_srv": 22.64, "cpu_us_per_dgram": 86.48492619915957, "diag_lines": 72, "dnf": false, "egress_dgrams": 360294, "emb_echo_cli": false, "emb_echo_srv": false, "emb_gate_cli": 0, "emb_gate_srv": 0, "feed_ratio_p0": 0.9081735620585268, "feed_ratio_p1": 0.9150326797385622, "gates_cli": true, "gates_srv": true, "gen_guard": false, "header": ["window", "bulk"], "mbps": 177.471, "pa_cli": 0, "pa_srv": 0, "pipe_cli": ["window", "Rlc", "bulk"], "pipe_srv": ["window", "Rlc", "bulk"], "plc_p0": 0.0009, "plc_p1": 0.0007, "plu_last_p0": 0.0354, "plu_last_p1": 0.0354, "plu_med_p0": 0.0354, "plu_med_p1": 0.0354, "problems": [], "rc": 0, "rep": 6, "seconds": 18.031071, "seed": "42", "src": 338242, "status": "LIVE", "summary": true, "truth_egress_p0": 174600, "truth_egress_p1": 185694, "truth_gso_p0": 2.59, "truth_gso_p1": 2.71, "truth_loss_p0": 0.000991, "truth_loss_p1": 0.000765, "truth_lost_p0": 173, "truth_lost_p1": 142, "truth_rcvbuf_drops": 0, "util": 1.7281280740339828, "wall_s": 20.0, "winline_cli": true, "winline_srv": true}
=== rep=6 seed=42 cell=c2-100 arm=NEW attempt=1 pipeline=window hint=bulk spec=c2/c2/single bytes=100000000 bin=/home/vibe/v4/bin/new/raptorpath sha=aa88d648def0b125 16:17:55
COTENANT c2-100-NEW s42 rep=6 before=0 after=0 load=2.54 2.32 2.23
--- RWM-C perf pipeline=window mode=single hint=bulk A=c2 B=c2 ooo=0 extra='' T=default (100000000 x 1) start=18:17:56
{"bytes":100000000,"dnf":0,"hint":"bulk","max_s":9.0604,"mean_mbps":88.296,"mean_s":9.0604,"median_s":9.0604,"min_s":9.0604,"proto":"rp-native","runs":1,"stdev_s":0.0,"summary":true}
    CPU: CPUSRV=4.93s CPUCLI=3.58s (srv=decoder cli=sender; whole-invocation incl warmup)
    [TRUTH] leg=0 dev=cli0 egress_dgrams=91467 egress_skbs=17392 gso=5.26 netem_sent_dgrams=89053 netem_dropped_skbs=464 backlog=0 lost=2414 loss=0.026392 rcvbuf_drops=0 rcvbuf_scope=netns
RUNTIME c2-100-NEW s42 rep=6 attempt=1 11s rc=0
V4ROW {"arm": "NEW", "bin": "new", "bin_sha": "aa88d648def0b1253985b9d9ad6955d2190277bebc09026aaa2b79ce64ebd262", "busy_last": 9.0, "busy_med": 12.5, "cad_cli": true, "cad_srv": true, "cadoff_cli": false, "cadoff_srv": false, "cell": "c2-100", "cod": 426, "coded_share": 0.005009996471833471, "cotenant": 0, "cpu_cli": 3.58, "cpu_srv": 4.93, "cpu_us_per_dgram": 39.139799053210446, "diag_lines": 36, "dnf": false, "egress_dgrams": 91467, "emb_echo_cli": false, "emb_echo_srv": false, "emb_gate_cli": 0, "emb_gate_srv": 0, "feed_ratio_p0": 1.0003031221582297, "gates_cli": true, "gates_srv": true, "gen_guard": false, "header": ["window", "bulk"], "mbps": 88.296, "pa_cli": 0, "pa_srv": 0, "pipe_cli": ["window", "Rlc", "bulk"], "pipe_srv": ["window", "Rlc", "bulk"], "plc_p0": 0.0264, "plu_last_p0": 0.0046, "plu_med_p0": 0.017349999999999997, "problems": [], "rc": 0, "rep": 6, "seconds": 9.060389, "seed": "42", "src": 84604, "status": "LIVE", "summary": true, "truth_egress_p0": 91467, "truth_gso_p0": 5.26, "truth_loss_p0": 0.026392, "truth_lost_p0": 2414, "truth_rcvbuf_drops": 0, "util": 0.3951265227133184, "wall_s": 11.0, "winline_cli": true, "winline_srv": true}
=== rep=6 seed=42 cell=c2-100 arm=OLD attempt=1 pipeline=window hint=bulk spec=c2/c2/single bytes=100000000 bin=/home/vibe/v4/bin/old/raptorpath sha=f3743664cb48ad81 16:18:06
COTENANT c2-100-OLD s42 rep=6 before=0 after=0 load=2.55 2.34 2.23
--- RWM-C perf pipeline=window mode=single hint=bulk A=c2 B=c2 ooo=0 extra='' T=default (100000000 x 1) start=18:18:08
{"bytes":100000000,"dnf":0,"hint":"bulk","max_s":9.0044,"mean_mbps":88.846,"mean_s":9.0044,"median_s":9.0044,"min_s":9.0044,"proto":"rp-native","runs":1,"stdev_s":0.0,"summary":true}
    CPU: CPUSRV=4.69s CPUCLI=4.90s (srv=decoder cli=sender; whole-invocation incl warmup)
    [TRUTH] leg=0 dev=cli0 egress_dgrams=94227 egress_skbs=20219 gso=4.66 netem_sent_dgrams=91744 netem_dropped_skbs=534 backlog=0 lost=2483 loss=0.026351 rcvbuf_drops=0 rcvbuf_scope=netns
RUNTIME c2-100-OLD s42 rep=6 attempt=1 11s rc=0
V4ROW {"arm": "OLD", "bin": "old", "bin_sha": "f3743664cb48ad81deef239d44710f4b12bf08f2db65c6d90fc5a947ed500035", "busy_last": 19.0, "busy_med": 19.0, "cad_cli": false, "cad_srv": false, "cadoff_cli": false, "cadoff_srv": false, "cell": "c2-100", "cod": 421, "coded_share": 0.005027526003415374, "cotenant": 0, "cpu_cli": 4.9, "cpu_srv": 4.69, "cpu_us_per_dgram": 52.00208008320333, "diag_lines": 35, "dnf": false, "egress_dgrams": 94227, "emb_echo_cli": false, "emb_echo_srv": false, "emb_gate_cli": 0, "emb_gate_srv": 0, "feed_ratio_p0": 0.986679822397632, "gates_cli": true, "gates_srv": true, "gen_guard": false, "header": ["window", "bulk"], "mbps": 88.846, "pa_cli": 0, "pa_srv": 0, "pipe_cli": ["window", "Rlc", "bulk"], "pipe_srv": ["window", "Rlc", "bulk"], "plc_p0": 0.026, "plu_last_p0": 0.0431, "plu_med_p0": 0.0354, "problems": [], "rc": 0, "rep": 6, "seconds": 9.004386, "seed": "42", "src": 83318, "status": "LIVE", "summary": true, "truth_egress_p0": 94227, "truth_gso_p0": 4.66, "truth_loss_p0": 0.026351, "truth_lost_p0": 2483, "truth_rcvbuf_drops": 0, "util": 0.5441792477577039, "wall_s": 11.0, "winline_cli": true, "winline_srv": true}
=== rep=6 seed=42 cell=c2-100 arm=NEWa attempt=1 pipeline=window hint=auto spec=c2/c2/single bytes=100000000 bin=/home/vibe/v4/bin/new/raptorpath sha=aa88d648def0b125 16:18:17
COTENANT c2-100-NEWa s42 rep=6 before=0 after=0 load=2.31 2.29 2.22
--- RWM-C perf pipeline=window mode=single hint=auto A=c2 B=c2 ooo=0 extra='' T=default (100000000 x 1) start=18:18:19
{"bytes":100000000,"dnf":0,"hint":"auto","max_s":10.4095,"mean_mbps":76.853,"mean_s":10.4095,"median_s":10.4095,"min_s":10.4095,"proto":"rp-native","runs":1,"stdev_s":0.0,"summary":true}
    CPU: CPUSRV=6.06s CPUCLI=4.17s (srv=decoder cli=sender; whole-invocation incl warmup)
    [TRUTH] leg=0 dev=cli0 egress_dgrams=108500 egress_skbs=26368 gso=4.11 netem_sent_dgrams=105745 netem_dropped_skbs=655 backlog=0 lost=2755 loss=0.025392 rcvbuf_drops=0 rcvbuf_scope=netns
RUNTIME c2-100-NEWa s42 rep=6 attempt=1 13s rc=0
V4ROW {"arm": "NEWa", "bin": "new", "bin_sha": "aa88d648def0b1253985b9d9ad6955d2190277bebc09026aaa2b79ce64ebd262", "busy_last": 15.0, "busy_med": 15.0, "cad_cli": true, "cad_srv": true, "cadoff_cli": false, "cadoff_srv": false, "cell": "c2-100", "cod": 12638, "coded_share": 0.1311948510329077, "cotenant": 0, "cpu_cli": 4.17, "cpu_srv": 6.06, "cpu_us_per_dgram": 38.433179723502306, "diag_lines": 41, "dnf": false, "egress_dgrams": 108500, "emb_echo_cli": false, "emb_echo_srv": false, "emb_gate_cli": 0, "emb_gate_srv": 0, "feed_ratio_p0": 0.9845620667926906, "gates_cli": true, "gates_srv": true, "gen_guard": false, "header": ["window", "auto"], "mbps": 76.853, "pa_cli": 0, "pa_srv": 0, "pipe_cli": ["window", "Rlc", "auto"], "pipe_srv": ["window", "Rlc", "auto"], "plc_p0": 0.025, "plu_last_p0": 0.0187, "plu_med_p0": 0.0187, "problems": [], "rc": 0, "rep": 6, "seconds": 10.409537, "seed": "42", "src": 83692, "status": "LIVE", "summary": true, "truth_egress_p0": 108500, "truth_gso_p0": 4.11, "truth_loss_p0": 0.025392, "truth_lost_p0": 2755, "truth_rcvbuf_drops": 0, "util": 0.4005941858893436, "wall_s": 13.0, "winline_cli": true, "winline_srv": true}
=== rep=6 seed=42 cell=c2-100 arm=OLDa attempt=1 pipeline=window hint=auto spec=c2/c2/single bytes=100000000 bin=/home/vibe/v4/bin/old/raptorpath sha=f3743664cb48ad81 16:18:30
COTENANT c2-100-OLDa s42 rep=6 before=0 after=0 load=1.80 2.18 2.18
--- RWM-C perf pipeline=window mode=single hint=auto A=c2 B=c2 ooo=0 extra='' T=default (100000000 x 1) start=18:18:31
{"bytes":100000000,"dnf":0,"hint":"auto","max_s":11.0636,"mean_mbps":72.309,"mean_s":11.0636,"median_s":11.0636,"min_s":11.0636,"proto":"rp-native","runs":1,"stdev_s":0.0,"summary":true}
    CPU: CPUSRV=6.27s CPUCLI=6.46s (srv=decoder cli=sender; whole-invocation incl warmup)
    [TRUTH] leg=0 dev=cli0 egress_dgrams=106292 egress_skbs=22321 gso=4.76 netem_sent_dgrams=103599 netem_dropped_skbs=566 backlog=0 lost=2693 loss=0.025336 rcvbuf_drops=0 rcvbuf_scope=netns
RUNTIME c2-100-OLDa s42 rep=6 attempt=1 13s rc=0
V4ROW {"arm": "OLDa", "bin": "old", "bin_sha": "f3743664cb48ad81deef239d44710f4b12bf08f2db65c6d90fc5a947ed500035", "busy_last": 25.0, "busy_med": 25.0, "cad_cli": false, "cad_srv": false, "cadoff_cli": false, "cadoff_srv": false, "cell": "c2-100", "cod": 17693, "coded_share": 0.1730637556977131, "cotenant": 0, "cpu_cli": 6.46, "cpu_srv": 6.27, "cpu_us_per_dgram": 60.77597561434539, "diag_lines": 44, "dnf": false, "egress_dgrams": 106292, "emb_echo_cli": false, "emb_echo_srv": false, "emb_gate_cli": 0, "emb_gate_srv": 0, "feed_ratio_p0": 1.0025260498894852, "gates_cli": true, "gates_srv": true, "gen_guard": false, "header": ["window", "auto"], "mbps": 72.309, "pa_cli": 0, "pa_srv": 0, "pipe_cli": ["window", "Rlc", "auto"], "pipe_srv": ["window", "Rlc", "auto"], "plc_p0": 0.0254, "plu_last_p0": 0.0355, "plu_med_p0": 0.0354, "problems": [], "rc": 0, "rep": 6, "seconds": 11.063556, "seed": "42", "src": 84541, "status": "LIVE", "summary": true, "truth_egress_p0": 106292, "truth_gso_p0": 4.76, "truth_loss_p0": 0.025336, "truth_lost_p0": 2693, "truth_rcvbuf_drops": 0, "util": 0.5838990646406996, "wall_s": 13.0, "winline_cli": true, "winline_srv": true}
=== rep=6 seed=42 cell=c2-100 arm=EMB attempt=1 pipeline=window hint=bulk spec=c2/c2/single bytes=100000000 bin=/home/vibe/v4/bin/new/raptorpath sha=aa88d648def0b125 16:18:43
COTENANT c2-100-EMB s42 rep=6 before=0 after=0 load=1.60 2.12 2.17
--- RWM-C perf pipeline=window mode=single hint=bulk A=c2 B=c2 ooo=0 extra='' T=default (100000000 x 1) start=18:18:45
{"bytes":100000000,"dnf":0,"hint":"bulk","max_s":9.0023,"mean_mbps":88.866,"mean_s":9.0023,"median_s":9.0023,"min_s":9.0023,"proto":"rp-native","runs":1,"stdev_s":0.0,"summary":true}
    CPU: CPUSRV=4.68s CPUCLI=3.07s (srv=decoder cli=sender; whole-invocation incl warmup)
    [TRUTH] leg=0 dev=cli0 egress_dgrams=93358 egress_skbs=18827 gso=4.96 netem_sent_dgrams=91019 netem_dropped_skbs=493 backlog=0 lost=2339 loss=0.025054 rcvbuf_drops=0 rcvbuf_scope=netns
RUNTIME c2-100-EMB s42 rep=6 attempt=1 11s rc=0
V4ROW {"arm": "EMB", "bin": "new", "bin_sha": "aa88d648def0b1253985b9d9ad6955d2190277bebc09026aaa2b79ce64ebd262", "busy_last": 13.0, "busy_med": 11.0, "cad_cli": true, "cad_srv": true, "cadoff_cli": false, "cadoff_srv": false, "cell": "c2-100", "cod": 393, "coded_share": 0.004626686444868263, "cotenant": 0, "cpu_cli": 3.07, "cpu_srv": 4.68, "cpu_us_per_dgram": 32.884166327470595, "diag_lines": 36, "dnf": false, "egress_dgrams": 93358, "emb_echo_cli": true, "emb_echo_srv": true, "emb_gate_cli": 1, "emb_gate_srv": 1, "feed_ratio_p0": 0.9818791410553205, "gates_cli": true, "gates_srv": true, "gen_guard": false, "header": ["window", "bulk"], "mbps": 88.866, "pa_cli": 0, "pa_srv": 0, "pipe_cli": ["window", "Rlc", "bulk"], "pipe_srv": ["window", "Rlc", "bulk"], "plc_p0": 0.0246, "plu_last_p0": 0.0027, "plu_med_p0": 0.025349999999999998, "problems": [], "rc": 0, "rep": 6, "seconds": 9.002336, "seed": "42", "src": 84549, "status": "LIVE", "summary": true, "truth_egress_p0": 93358, "truth_gso_p0": 4.96, "truth_loss_p0": 0.025054, "truth_lost_p0": 2339, "truth_rcvbuf_drops": 0, "util": 0.3410225968015413, "wall_s": 11.0, "winline_cli": true, "winline_srv": true}
=== rep=6 seed=42 cell=c3-25 arm=NEW attempt=1 pipeline=window hint=bulk spec=c3/c3/single bytes=25000000 bin=/home/vibe/v4/bin/new/raptorpath sha=aa88d648def0b125 16:18:54
COTENANT c3-25-NEW s42 rep=6 before=0 after=0 load=1.31 2.03 2.14
--- RWM-C perf pipeline=window mode=single hint=bulk A=c3 B=c3 ooo=0 extra='' T=default (25000000 x 1) start=18:18:56
{"bytes":25000000,"dnf":0,"hint":"bulk","max_s":11.7345,"mean_mbps":17.044,"mean_s":11.7345,"median_s":11.7345,"min_s":11.7345,"proto":"rp-native","runs":1,"stdev_s":0.0,"summary":true}
    CPU: CPUSRV=1.72s CPUCLI=1.87s (srv=decoder cli=sender; whole-invocation incl warmup)
    [TRUTH] leg=0 dev=cli0 egress_dgrams=26249 egress_skbs=8032 gso=3.27 netem_sent_dgrams=24854 netem_dropped_skbs=409 backlog=0 lost=1395 loss=0.053145 rcvbuf_drops=0 rcvbuf_scope=netns
RUNTIME c3-25-NEW s42 rep=6 attempt=1 14s rc=0
V4ROW {"arm": "NEW", "bin": "new", "bin_sha": "aa88d648def0b1253985b9d9ad6955d2190277bebc09026aaa2b79ce64ebd262", "busy_last": 3.0, "busy_med": 6.0, "cad_cli": true, "cad_srv": true, "cadoff_cli": false, "cadoff_srv": false, "cell": "c3-25", "cod": 261, "coded_share": 0.012188857236258347, "cotenant": 0, "cpu_cli": 1.87, "cpu_srv": 1.72, "cpu_us_per_dgram": 71.2408091736828, "diag_lines": 46, "dnf": false, "egress_dgrams": 26249, "emb_echo_cli": false, "emb_echo_srv": false, "emb_gate_cli": 0, "emb_gate_srv": 0, "feed_ratio_p0": 1.0160880609652836, "gates_cli": true, "gates_srv": true, "gen_guard": false, "header": ["window", "bulk"], "mbps": 17.044, "pa_cli": 0, "pa_srv": 0, "pipe_cli": ["window", "Rlc", "bulk"], "pipe_srv": ["window", "Rlc", "bulk"], "plc_p0": 0.054, "plu_last_p0": 0.0136, "plu_med_p0": 0.0254, "problems": [], "rc": 0, "rep": 6, "seconds": 11.734489, "seed": "42", "src": 21152, "status": "LIVE", "summary": true, "truth_egress_p0": 26249, "truth_gso_p0": 3.27, "truth_loss_p0": 0.053145, "truth_lost_p0": 1395, "truth_rcvbuf_drops": 0, "util": 0.15935930401400522, "wall_s": 14.0, "winline_cli": true, "winline_srv": true}
=== rep=6 seed=42 cell=c3-25 arm=OLD attempt=1 pipeline=window hint=bulk spec=c3/c3/single bytes=25000000 bin=/home/vibe/v4/bin/old/raptorpath sha=f3743664cb48ad81 16:19:08
COTENANT c3-25-OLD s42 rep=6 before=0 after=0 load=1.09 1.95 2.11
--- RWM-C perf pipeline=window mode=single hint=bulk A=c3 B=c3 ooo=0 extra='' T=default (25000000 x 1) start=18:19:10
{"bytes":25000000,"dnf":0,"hint":"bulk","max_s":11.5352,"mean_mbps":17.338,"mean_s":11.5352,"median_s":11.5352,"min_s":11.5352,"proto":"rp-native","runs":1,"stdev_s":0.0,"summary":true}
    CPU: CPUSRV=1.74s CPUCLI=2.34s (srv=decoder cli=sender; whole-invocation incl warmup)
    [TRUTH] leg=0 dev=cli0 egress_dgrams=26102 egress_skbs=8171 gso=3.19 netem_sent_dgrams=24827 netem_dropped_skbs=414 backlog=1 lost=1274 loss=0.048809 rcvbuf_drops=0 rcvbuf_scope=netns
RUNTIME c3-25-OLD s42 rep=6 attempt=1 13s rc=0
V4ROW {"arm": "OLD", "bin": "old", "bin_sha": "f3743664cb48ad81deef239d44710f4b12bf08f2db65c6d90fc5a947ed500035", "busy_last": 7.0, "busy_med": 8.0, "cad_cli": false, "cad_srv": false, "cadoff_cli": false, "cadoff_srv": false, "cell": "c3-25", "cod": 241, "coded_share": 0.011265367176179123, "cotenant": 0, "cpu_cli": 2.34, "cpu_srv": 1.74, "cpu_us_per_dgram": 89.64830281204506, "diag_lines": 46, "dnf": false, "egress_dgrams": 26102, "emb_echo_cli": false, "emb_echo_srv": false, "emb_gate_cli": 0, "emb_gate_srv": 0, "feed_ratio_p0": 0.977278780552767, "gates_cli": true, "gates_srv": true, "gen_guard": false, "header": ["window", "bulk"], "mbps": 17.338, "pa_cli": 0, "pa_srv": 0, "pipe_cli": ["window", "Rlc", "bulk"], "pipe_srv": ["window", "Rlc", "bulk"], "plc_p0": 0.0477, "plu_last_p0": 0.058, "plu_med_p0": 0.04315, "problems": [], "rc": 0, "rep": 6, "seconds": 11.535228, "seed": "42", "src": 21152, "status": "LIVE", "summary": true, "truth_egress_p0": 26102, "truth_gso_p0": 3.19, "truth_loss_p0": 0.048809, "truth_lost_p0": 1274, "truth_rcvbuf_drops": 0, "util": 0.20285684860325257, "wall_s": 13.0, "winline_cli": true, "winline_srv": true}
=== rep=6 seed=42 cell=c3-25 arm=NEWa attempt=1 pipeline=window hint=auto spec=c3/c3/single bytes=25000000 bin=/home/vibe/v4/bin/new/raptorpath sha=aa88d648def0b125 16:19:22
COTENANT c3-25-NEWa s42 rep=6 before=0 after=0 load=0.85 1.85 2.07
--- RWM-C perf pipeline=window mode=single hint=auto A=c3 B=c3 ooo=0 extra='' T=default (25000000 x 1) start=18:19:24
{"bytes":25000000,"dnf":0,"hint":"auto","max_s":12.9055,"mean_mbps":15.497,"mean_s":12.9055,"median_s":12.9055,"min_s":12.9055,"proto":"rp-native","runs":1,"stdev_s":0.0,"summary":true}
    CPU: CPUSRV=1.81s CPUCLI=2.00s (srv=decoder cli=sender; whole-invocation incl warmup)
    [TRUTH] leg=0 dev=cli0 egress_dgrams=28836 egress_skbs=8911 gso=3.24 netem_sent_dgrams=27384 netem_dropped_skbs=452 backlog=1 lost=1451 loss=0.050319 rcvbuf_drops=0 rcvbuf_scope=netns
RUNTIME c3-25-NEWa s42 rep=6 attempt=1 15s rc=0
V4ROW {"arm": "NEWa", "bin": "new", "bin_sha": "aa88d648def0b1253985b9d9ad6955d2190277bebc09026aaa2b79ce64ebd262", "busy_last": 4.0, "busy_med": 5.0, "cad_cli": true, "cad_srv": true, "cadoff_cli": false, "cadoff_srv": false, "cell": "c3-25", "cod": 472, "coded_share": 0.02182759896411395, "cotenant": 0, "cpu_cli": 2.0, "cpu_srv": 1.81, "cpu_us_per_dgram": 69.35774726036898, "diag_lines": 51, "dnf": false, "egress_dgrams": 28836, "emb_echo_cli": false, "emb_echo_srv": false, "emb_gate_cli": 0, "emb_gate_srv": 0, "feed_ratio_p0": 0.9916731254595679, "gates_cli": true, "gates_srv": true, "gen_guard": false, "header": ["window", "auto"], "mbps": 15.497, "pa_cli": 0, "pa_srv": 0, "pipe_cli": ["window", "Rlc", "auto"], "pipe_srv": ["window", "Rlc", "auto"], "plc_p0": 0.0499, "plu_last_p0": 0.1385, "plu_med_p0": 0.0386, "problems": [], "rc": 0, "rep": 6, "seconds": 12.905511, "seed": "42", "src": 21152, "status": "LIVE", "summary": true, "truth_egress_p0": 28836, "truth_gso_p0": 3.24, "truth_loss_p0": 0.050319, "truth_lost_p0": 1451, "truth_rcvbuf_drops": 0, "util": 0.15497255397325993, "wall_s": 15.0, "winline_cli": true, "winline_srv": true}
=== rep=6 seed=42 cell=c3-25 arm=OLDa attempt=1 pipeline=window hint=auto spec=c3/c3/single bytes=25000000 bin=/home/vibe/v4/bin/old/raptorpath sha=f3743664cb48ad81 16:19:38
COTENANT c3-25-OLDa s42 rep=6 before=0 after=0 load=0.73 1.78 2.04
--- RWM-C perf pipeline=window mode=single hint=auto A=c3 B=c3 ooo=0 extra='' T=default (25000000 x 1) start=18:19:39
{"bytes":25000000,"dnf":0,"hint":"auto","max_s":13.1985,"mean_mbps":15.153,"mean_s":13.1985,"median_s":13.1985,"min_s":13.1985,"proto":"rp-native","runs":1,"stdev_s":0.0,"summary":true}
    CPU: CPUSRV=1.88s CPUCLI=2.64s (srv=decoder cli=sender; whole-invocation incl warmup)
    [TRUTH] leg=0 dev=cli0 egress_dgrams=30451 egress_skbs=9348 gso=3.26 netem_sent_dgrams=29009 netem_dropped_skbs=467 backlog=0 lost=1442 loss=0.047355 rcvbuf_drops=0 rcvbuf_scope=netns
RUNTIME c3-25-OLDa s42 rep=6 attempt=1 15s rc=0
V4ROW {"arm": "OLDa", "bin": "old", "bin_sha": "f3743664cb48ad81deef239d44710f4b12bf08f2db65c6d90fc5a947ed500035", "busy_last": 5.0, "busy_med": 8.0, "cad_cli": false, "cad_srv": false, "cadoff_cli": false, "cadoff_srv": false, "cell": "c3-25", "cod": 751, "coded_share": 0.03428754051956353, "cotenant": 0, "cpu_cli": 2.64, "cpu_srv": 1.88, "cpu_us_per_dgram": 86.69666020820334, "diag_lines": 52, "dnf": false, "egress_dgrams": 30451, "emb_echo_cli": false, "emb_echo_srv": false, "emb_gate_cli": 0, "emb_gate_srv": 0, "feed_ratio_p0": 0.9798331749551261, "gates_cli": true, "gates_srv": true, "gen_guard": false, "header": ["window", "auto"], "mbps": 15.153, "pa_cli": 0, "pa_srv": 0, "pipe_cli": ["window", "Rlc", "auto"], "pipe_srv": ["window", "Rlc", "auto"], "plc_p0": 0.0464, "plu_last_p0": 0.0354, "plu_med_p0": 0.042249999999999996, "problems": [], "rc": 0, "rep": 6, "seconds": 13.198509, "seed": "42", "src": 21152, "status": "LIVE", "summary": true, "truth_egress_p0": 30451, "truth_gso_p0": 3.26, "truth_loss_p0": 0.047355, "truth_lost_p0": 1442, "truth_rcvbuf_drops": 0, "util": 0.20002259346112505, "wall_s": 15.0, "winline_cli": true, "winline_srv": true}
=== rep=6 seed=42 cell=c3-25 arm=EMB attempt=1 pipeline=window hint=bulk spec=c3/c3/single bytes=25000000 bin=/home/vibe/v4/bin/new/raptorpath sha=aa88d648def0b125 16:19:53
COTENANT c3-25-EMB s42 rep=6 before=0 after=0 load=0.57 1.69 2.01
--- RWM-C perf pipeline=window mode=single hint=bulk A=c3 B=c3 ooo=0 extra='' T=default (25000000 x 1) start=18:19:55
{"bytes":25000000,"dnf":0,"hint":"bulk","max_s":11.7208,"mean_mbps":17.064,"mean_s":11.7208,"median_s":11.7208,"min_s":11.7208,"proto":"rp-native","runs":1,"stdev_s":0.0,"summary":true}
    CPU: CPUSRV=1.69s CPUCLI=1.71s (srv=decoder cli=sender; whole-invocation incl warmup)
    [TRUTH] leg=0 dev=cli0 egress_dgrams=26336 egress_skbs=8195 gso=3.21 netem_sent_dgrams=25107 netem_dropped_skbs=414 backlog=0 lost=1229 loss=0.046666 rcvbuf_drops=0 rcvbuf_scope=netns
RUNTIME c3-25-EMB s42 rep=6 attempt=1 14s rc=0
V4ROW {"arm": "EMB", "bin": "new", "bin_sha": "aa88d648def0b1253985b9d9ad6955d2190277bebc09026aaa2b79ce64ebd262", "busy_last": 4.0, "busy_med": 5.0, "cad_cli": true, "cad_srv": true, "cadoff_cli": false, "cadoff_srv": false, "cell": "c3-25", "cod": 230, "coded_share": 0.010756711252455337, "cotenant": 0, "cpu_cli": 1.71, "cpu_srv": 1.69, "cpu_us_per_dgram": 64.93013365735115, "diag_lines": 46, "dnf": false, "egress_dgrams": 26336, "emb_echo_cli": true, "emb_echo_srv": true, "emb_gate_cli": 1, "emb_gate_srv": 1, "feed_ratio_p0": 0.9664423777482536, "gates_cli": true, "gates_srv": true, "gen_guard": false, "header": ["window", "bulk"], "mbps": 17.064, "pa_cli": 0, "pa_srv": 0, "pipe_cli": ["window", "Rlc", "bulk"], "pipe_srv": ["window", "Rlc", "bulk"], "plc_p0": 0.0451, "plu_last_p0": 0.2226, "plu_med_p0": 0.0353, "problems": [], "rc": 0, "rep": 6, "seconds": 11.72075, "seed": "42", "src": 21152, "status": "LIVE", "summary": true, "truth_egress_p0": 26336, "truth_gso_p0": 3.21, "truth_loss_p0": 0.046666, "truth_lost_p0": 1229, "truth_rcvbuf_drops": 0, "util": 0.1458951005695028, "wall_s": 14.0, "winline_cli": true, "winline_srv": true}
=== rep=6 seed=42 cell=c7-100 arm=NEW attempt=1 pipeline=window hint=bulk spec=c2/c2/dual bytes=100000000 bin=/home/vibe/v4/bin/new/raptorpath sha=aa88d648def0b125 16:20:07
COTENANT c7-100-NEW s42 rep=6 before=0 after=0 load=1.08 1.78 2.04
--- RWM-C perf pipeline=window mode=dual hint=bulk A=c2 B=c2 ooo=0 extra='' T=default (100000000 x 1) start=18:20:09
{"bytes":100000000,"dnf":0,"hint":"bulk","max_s":4.5257,"mean_mbps":176.77,"mean_s":4.5257,"median_s":4.5257,"min_s":4.5257,"proto":"rp-native","runs":1,"stdev_s":0.0,"summary":true}
    CPU: CPUSRV=5.77s CPUCLI=4.99s (srv=decoder cli=sender; whole-invocation incl warmup)
    [TRUTH] leg=0 dev=cli0 egress_dgrams=47921 egress_skbs=17171 gso=2.79 netem_sent_dgrams=46553 netem_dropped_skbs=463 backlog=0 lost=1368 loss=0.028547 rcvbuf_drops=0 rcvbuf_scope=netns
    [TRUTH] leg=1 dev=cli1 egress_dgrams=46871 egress_skbs=15509 gso=3.02 netem_sent_dgrams=45784 netem_dropped_skbs=377 backlog=0 lost=1087 loss=0.023191 rcvbuf_drops=0 rcvbuf_scope=netns
RUNTIME c7-100-NEW s42 rep=6 attempt=1 7s rc=0
V4ROW {"arm": "NEW", "bin": "new", "bin_sha": "aa88d648def0b1253985b9d9ad6955d2190277bebc09026aaa2b79ce64ebd262", "busy_last": 39.0, "busy_med": 54.5, "cad_cli": true, "cad_srv": true, "cadoff_cli": false, "cadoff_srv": false, "cell": "c7-100", "cod": 578, "coded_share": 0.006785471108919725, "cotenant": 0, "cpu_cli": 4.99, "cpu_srv": 5.77, "cpu_us_per_dgram": 52.641573128534056, "diag_lines": 18, "dnf": false, "egress_dgrams": 94792, "emb_echo_cli": false, "emb_echo_srv": false, "emb_gate_cli": 0, "emb_gate_srv": 0, "feed_ratio_p0": 1.0088625775037656, "feed_ratio_p1": 0.9874520288042775, "gates_cli": true, "gates_srv": true, "gen_guard": false, "header": ["window", "bulk"], "mbps": 176.77, "pa_cli": 0, "pa_srv": 0, "pipe_cli": ["window", "Rlc", "bulk"], "pipe_srv": ["window", "Rlc", "bulk"], "plc_p0": 0.0288, "plc_p1": 0.0229, "plu_last_p0": 0.0123, "plu_last_p1": 0.0448, "plu_med_p0": 0.03895, "plu_med_p1": 0.0206, "problems": [], "rc": 0, "rep": 6, "seconds": 4.525661, "seed": "42", "src": 84604, "status": "LIVE", "summary": true, "truth_egress_p0": 47921, "truth_egress_p1": 46871, "truth_gso_p0": 2.79, "truth_gso_p1": 3.02, "truth_loss_p0": 0.028547, "truth_loss_p1": 0.023191, "truth_lost_p0": 1368, "truth_lost_p1": 1087, "truth_rcvbuf_drops": 0, "util": 1.102601365855728, "wall_s": 7.0, "winline_cli": true, "winline_srv": true}
=== rep=6 seed=42 cell=c7-100 arm=OLD attempt=1 pipeline=window hint=bulk spec=c2/c2/dual bytes=100000000 bin=/home/vibe/v4/bin/old/raptorpath sha=f3743664cb48ad81 16:20:14
COTENANT c7-100-OLD s42 rep=6 before=0 after=0 load=1.56 1.87 2.06
--- RWM-C perf pipeline=window mode=dual hint=bulk A=c2 B=c2 ooo=0 extra='' T=default (100000000 x 1) start=18:20:15
{"bytes":100000000,"dnf":0,"hint":"bulk","max_s":4.55,"mean_mbps":175.823,"mean_s":4.55,"median_s":4.55,"min_s":4.55,"proto":"rp-native","runs":1,"stdev_s":0.0,"summary":true}
    CPU: CPUSRV=5.70s CPUCLI=6.96s (srv=decoder cli=sender; whole-invocation incl warmup)
    [TRUTH] leg=0 dev=cli0 egress_dgrams=45632 egress_skbs=14095 gso=3.24 netem_sent_dgrams=44389 netem_dropped_skbs=352 backlog=0 lost=1243 loss=0.027240 rcvbuf_drops=0 rcvbuf_scope=netns
    [TRUTH] leg=1 dev=cli1 egress_dgrams=45544 egress_skbs=13434 gso=3.39 netem_sent_dgrams=44497 netem_dropped_skbs=321 backlog=0 lost=1047 loss=0.022989 rcvbuf_drops=0 rcvbuf_scope=netns
RUNTIME c7-100-OLD s42 rep=6 attempt=1 6s rc=0
V4ROW {"arm": "OLD", "bin": "old", "bin_sha": "f3743664cb48ad81deef239d44710f4b12bf08f2db65c6d90fc5a947ed500035", "busy_last": 88.0, "busy_med": 87.5, "cad_cli": false, "cad_srv": false, "cadoff_cli": false, "cadoff_srv": false, "cell": "c7-100", "cod": 474, "coded_share": 0.005571358047908977, "cotenant": 0, "cpu_cli": 6.96, "cpu_srv": 5.7, "cpu_us_per_dgram": 76.33587786259542, "diag_lines": 18, "dnf": false, "egress_dgrams": 91176, "emb_echo_cli": false, "emb_echo_srv": false, "emb_gate_cli": 0, "emb_gate_srv": 0, "feed_ratio_p0": 1.0095447870778267, "feed_ratio_p1": 1.004828396189482, "gates_cli": true, "gates_srv": true, "gen_guard": false, "header": ["window", "bulk"], "mbps": 175.823, "pa_cli": 0, "pa_srv": 0, "pipe_cli": ["window", "Rlc", "bulk"], "pipe_srv": ["window", "Rlc", "bulk"], "plc_p0": 0.0275, "plc_p1": 0.0231, "plu_last_p0": 0.0652, "plu_last_p1": 0.0351, "plu_med_p0": 0.0361, "plu_med_p1": 0.0355, "problems": [], "rc": 0, "rep": 6, "seconds": 4.550032, "seed": "42", "src": 84604, "status": "LIVE", "summary": true, "truth_egress_p0": 45632, "truth_egress_p1": 45544, "truth_gso_p0": 3.24, "truth_gso_p1": 3.39, "truth_loss_p0": 0.02724, "truth_loss_p1": 0.022989, "truth_lost_p0": 1243, "truth_lost_p1": 1047, "truth_rcvbuf_drops": 0, "util": 1.5296595716249908, "wall_s": 6.0, "winline_cli": true, "winline_srv": true}
=== rep=6 seed=42 cell=c8-100 arm=NEW attempt=1 pipeline=window hint=bulk spec=c2/c3/dual bytes=100000000 bin=/home/vibe/v4/bin/new/raptorpath sha=aa88d648def0b125 16:20:21
COTENANT c8-100-NEW s42 rep=6 before=0 after=0 load=1.40 1.82 2.05
--- RWM-C perf pipeline=window mode=dual hint=bulk A=c2 B=c3 ooo=0 extra='' T=default (100000000 x 1) start=18:20:22
{"bytes":100000000,"dnf":0,"hint":"bulk","max_s":7.6203,"mean_mbps":104.983,"mean_s":7.6203,"median_s":7.6203,"min_s":7.6203,"proto":"rp-native","runs":1,"stdev_s":0.0,"summary":true}
    CPU: CPUSRV=5.96s CPUCLI=5.48s (srv=decoder cli=sender; whole-invocation incl warmup)
    [TRUTH] leg=0 dev=cli0 egress_dgrams=80228 egress_skbs=20292 gso=3.95 netem_sent_dgrams=78132 netem_dropped_skbs=535 backlog=0 lost=2096 loss=0.026126 rcvbuf_drops=0 rcvbuf_scope=netns
    [TRUTH] leg=1 dev=cli1 egress_dgrams=18873 egress_skbs=11727 gso=1.61 netem_sent_dgrams=17984 netem_dropped_skbs=511 backlog=0 lost=889 loss=0.047104 rcvbuf_drops=0 rcvbuf_scope=netns
RUNTIME c8-100-NEW s42 rep=6 attempt=1 9s rc=0
V4ROW {"arm": "NEW", "bin": "new", "bin_sha": "aa88d648def0b1253985b9d9ad6955d2190277bebc09026aaa2b79ce64ebd262", "busy_last": 31.0, "busy_med": 34.0, "cad_cli": true, "cad_srv": true, "cadoff_cli": false, "cadoff_srv": false, "cell": "c8-100", "cod": 746, "coded_share": 0.008740480374926772, "cotenant": 0, "cpu_cli": 5.48, "cpu_srv": 5.96, "cpu_us_per_dgram": 55.29712111885854, "diag_lines": 30, "dnf": false, "egress_dgrams": 99101, "emb_echo_cli": false, "emb_echo_srv": false, "emb_gate_cli": 0, "emb_gate_srv": 0, "feed_ratio_p0": 0.995177218096915, "feed_ratio_p1": 1.065726902173913, "gates_cli": true, "gates_srv": true, "gen_guard": false, "header": ["window", "bulk"], "mbps": 104.983, "pa_cli": 0, "pa_srv": 0, "pipe_cli": ["window", "Rlc", "bulk"], "pipe_srv": ["window", "Rlc", "bulk"], "plc_p0": 0.026, "plc_p1": 0.0502, "plu_last_p0": 0.0203, "plu_last_p1": 0.0163, "plu_med_p0": 0.01985, "plu_med_p1": 0.05215, "problems": [], "rc": 0, "rep": 6, "seconds": 7.620305, "seed": "42", "src": 84604, "status": "LIVE", "summary": true, "truth_egress_p0": 80228, "truth_egress_p1": 18873, "truth_gso_p0": 3.95, "truth_gso_p1": 1.61, "truth_loss_p0": 0.026126, "truth_loss_p1": 0.047104, "truth_lost_p0": 2096, "truth_lost_p1": 889, "truth_rcvbuf_drops": 0, "util": 0.7191313208592045, "wall_s": 9.0, "winline_cli": true, "winline_srv": true}
=== rep=6 seed=42 cell=c8-100 arm=OLD attempt=1 pipeline=window hint=bulk spec=c2/c3/dual bytes=100000000 bin=/home/vibe/v4/bin/old/raptorpath sha=f3743664cb48ad81 16:20:31
COTENANT c8-100-OLD s42 rep=6 before=0 after=0 load=1.82 1.89 2.07
--- RWM-C perf pipeline=window mode=dual hint=bulk A=c2 B=c3 ooo=0 extra='' T=default (100000000 x 1) start=18:20:32
{"bytes":100000000,"dnf":0,"hint":"bulk","max_s":7.7215,"mean_mbps":103.607,"mean_s":7.7215,"median_s":7.7215,"min_s":7.7215,"proto":"rp-native","runs":1,"stdev_s":0.0,"summary":true}
    CPU: CPUSRV=5.99s CPUCLI=7.44s (srv=decoder cli=sender; whole-invocation incl warmup)
    [TRUTH] leg=0 dev=cli0 egress_dgrams=80014 egress_skbs=20161 gso=3.97 netem_sent_dgrams=77836 netem_dropped_skbs=525 backlog=0 lost=2178 loss=0.027220 rcvbuf_drops=0 rcvbuf_scope=netns
    [TRUTH] leg=1 dev=cli1 egress_dgrams=18796 egress_skbs=12465 gso=1.51 netem_sent_dgrams=17974 netem_dropped_skbs=531 backlog=0 lost=822 loss=0.043733 rcvbuf_drops=0 rcvbuf_scope=netns
RUNTIME c8-100-OLD s42 rep=6 attempt=1 10s rc=0
V4ROW {"arm": "OLD", "bin": "old", "bin_sha": "f3743664cb48ad81deef239d44710f4b12bf08f2db65c6d90fc5a947ed500035", "busy_last": 43.0, "busy_med": 47.0, "cad_cli": false, "cad_srv": false, "cadoff_cli": false, "cadoff_srv": false, "cell": "c8-100", "cod": 748, "coded_share": 0.008777591325674454, "cotenant": 0, "cpu_cli": 7.44, "cpu_srv": 5.99, "cpu_us_per_dgram": 75.29602266977027, "diag_lines": 30, "dnf": false, "egress_dgrams": 98810, "emb_echo_cli": false, "emb_echo_srv": false, "emb_gate_cli": 0, "emb_gate_srv": 0, "feed_ratio_p0": 0.9955914768552534, "feed_ratio_p1": 0.9923856126952187, "gates_cli": true, "gates_srv": true, "gen_guard": false, "header": ["window", "bulk"], "mbps": 103.607, "pa_cli": 0, "pa_srv": 0, "pipe_cli": ["window", "Rlc", "bulk"], "pipe_srv": ["window", "Rlc", "bulk"], "plc_p0": 0.0271, "plc_p1": 0.0434, "plu_last_p0": 0.0354, "plu_last_p1": 0.0354, "plu_med_p0": 0.03575, "plu_med_p1": 0.07455, "problems": [], "rc": 0, "rep": 6, "seconds": 7.721463, "seed": "42", "src": 84469, "status": "LIVE", "summary": true, "truth_egress_p0": 80014, "truth_egress_p1": 18796, "truth_gso_p0": 3.97, "truth_gso_p1": 1.51, "truth_loss_p0": 0.02722, "truth_loss_p1": 0.043733, "truth_lost_p0": 2178, "truth_lost_p1": 822, "truth_rcvbuf_drops": 0, "util": 0.9635479701191342, "wall_s": 10.0, "winline_cli": true, "winline_srv": true}
BLOCK-COMPLETE rep=6 seed=42 block=10 2026-10-04T16:20:41Z
=== rep=6 seed=7 cell=c1s-400 arm=EMB attempt=1 pipeline=window hint=bulk spec=c1/c1/single bytes=400000000 bin=/home/vibe/v4/bin/new/raptorpath sha=aa88d648def0b125 16:20:41
COTENANT c1s-400-EMB s7 rep=6 before=0 after=0 load=2.07 1.95 2.08
--- RWM-C perf pipeline=window mode=single hint=bulk A=c1 B=c1 ooo=0 extra='' T=default (400000000 x 1) start=18:20:42
{"bytes":400000000,"dnf":0,"hint":"bulk","max_s":6.8464,"mean_mbps":467.397,"mean_s":6.8464,"median_s":6.8464,"min_s":6.8464,"proto":"rp-native","runs":1,"stdev_s":0.0,"summary":true}
    CPU: CPUSRV=8.91s CPUCLI=6.10s (srv=decoder cli=sender; whole-invocation incl warmup)
    [TRUTH] leg=0 dev=cli0 egress_dgrams=341575 egress_skbs=37346 gso=9.15 netem_sent_dgrams=341197 netem_dropped_skbs=40 backlog=0 lost=378 loss=0.001107 rcvbuf_drops=66 rcvbuf_scope=netns
RUNTIME c1s-400-EMB s7 rep=6 attempt=1 9s rc=0
V4ROW {"arm": "EMB", "bin": "new", "bin_sha": "aa88d648def0b1253985b9d9ad6955d2190277bebc09026aaa2b79ce64ebd262", "busy_last": 39.0, "busy_med": 34.0, "cad_cli": true, "cad_srv": true, "cadoff_cli": false, "cadoff_srv": false, "cell": "c1s-400", "cod": 172, "coded_share": 0.0005145895101526715, "cotenant": 0, "cpu_cli": 6.1, "cpu_srv": 8.91, "cpu_us_per_dgram": 17.858449828002634, "diag_lines": 27, "dnf": false, "egress_dgrams": 341575, "emb_echo_cli": true, "emb_echo_srv": true, "emb_gate_cli": 1, "emb_gate_srv": 1, "feed_ratio_p0": 2.8906955736224034, "gates_cli": true, "gates_srv": true, "gen_guard": false, "header": ["window", "bulk"], "mbps": 467.397, "pa_cli": 0, "pa_srv": 0, "pipe_cli": ["window", "Rlc", "bulk"], "pipe_srv": ["window", "Rlc", "bulk"], "plc_p0": 0.0032, "plu_last_p0": 0.0002, "plu_med_p0": 0.0005, "problems": [], "rc": 0, "rep": 6, "seconds": 6.846433, "seed": "7", "src": 334075, "status": "LIVE", "summary": true, "truth_egress_p0": 341575, "truth_gso_p0": 9.15, "truth_loss_p0": 0.001107, "truth_lost_p0": 378, "truth_rcvbuf_drops": 66, "util": 0.8909749062029818, "wall_s": 9.0, "winline_cli": true, "winline_srv": true}
=== rep=6 seed=7 cell=c1s-400 arm=NEW attempt=1 pipeline=window hint=bulk spec=c1/c1/single bytes=400000000 bin=/home/vibe/v4/bin/new/raptorpath sha=aa88d648def0b125 16:20:50
COTENANT c1s-400-NEW s7 rep=6 before=0 after=0 load=1.99 1.93 2.08
--- RWM-C perf pipeline=window mode=single hint=bulk A=c1 B=c1 ooo=0 extra='' T=default (400000000 x 1) start=18:20:51
{"bytes":400000000,"dnf":0,"hint":"bulk","max_s":6.1627,"mean_mbps":519.252,"mean_s":6.1627,"median_s":6.1627,"min_s":6.1627,"proto":"rp-native","runs":1,"stdev_s":0.0,"summary":true}
    CPU: CPUSRV=8.20s CPUCLI=7.30s (srv=decoder cli=sender; whole-invocation incl warmup)
    [TRUTH] leg=0 dev=cli0 egress_dgrams=339830 egress_skbs=35912 gso=9.46 netem_sent_dgrams=339436 netem_dropped_skbs=40 backlog=0 lost=394 loss=0.001159 rcvbuf_drops=17 rcvbuf_scope=netns
RUNTIME c1s-400-NEW s7 rep=6 attempt=1 8s rc=0
V4ROW {"arm": "NEW", "bin": "new", "bin_sha": "aa88d648def0b1253985b9d9ad6955d2190277bebc09026aaa2b79ce64ebd262", "busy_last": 46.0, "busy_med": 43.0, "cad_cli": true, "cad_srv": true, "cadoff_cli": false, "cadoff_srv": false, "cell": "c1s-400", "cod": 71, "coded_share": 0.00021461562643580878, "cotenant": 0, "cpu_cli": 7.3, "cpu_srv": 8.2, "cpu_us_per_dgram": 21.48132889974399, "diag_lines": 24, "dnf": false, "egress_dgrams": 339830, "emb_echo_cli": false, "emb_echo_srv": false, "emb_gate_cli": 0, "emb_gate_srv": 0, "feed_ratio_p0": 1.4667817083692836, "gates_cli": true, "gates_srv": true, "gen_guard": false, "header": ["window", "bulk"], "mbps": 519.252, "pa_cli": 0, "pa_srv": 0, "pipe_cli": ["window", "Rlc", "bulk"], "pipe_srv": ["window", "Rlc", "bulk"], "plc_p0": 0.0017, "plu_last_p0": 0.0053, "plu_med_p0": 0.0004, "problems": [], "rc": 0, "rep": 6, "seconds": 6.162711, "seed": "7", "src": 330753, "status": "LIVE", "summary": true, "truth_egress_p0": 339830, "truth_gso_p0": 9.46, "truth_loss_p0": 0.001159, "truth_lost_p0": 394, "truth_rcvbuf_drops": 17, "util": 1.1845436204942923, "wall_s": 8.0, "winline_cli": true, "winline_srv": true}
=== rep=6 seed=7 cell=c1s-400 arm=OLD attempt=1 pipeline=window hint=bulk spec=c1/c1/single bytes=400000000 bin=/home/vibe/v4/bin/old/raptorpath sha=f3743664cb48ad81 16:20:58
COTENANT c1s-400-OLD s7 rep=6 before=0 after=0 load=2.06 1.95 2.08
--- RWM-C perf pipeline=window mode=single hint=bulk A=c1 B=c1 ooo=0 extra='' T=default (400000000 x 1) start=18:21:00
{"bytes":400000000,"dnf":0,"hint":"bulk","max_s":11.0523,"mean_mbps":289.532,"mean_s":11.0523,"median_s":11.0523,"min_s":11.0523,"proto":"rp-native","runs":1,"stdev_s":0.0,"summary":true}
    CPU: CPUSRV=12.47s CPUCLI=15.09s (srv=decoder cli=sender; whole-invocation incl warmup)
    [TRUTH] leg=0 dev=cli0 egress_dgrams=343356 egress_skbs=40641 gso=8.45 netem_sent_dgrams=342953 netem_dropped_skbs=52 backlog=0 lost=403 loss=0.001174 rcvbuf_drops=38 rcvbuf_scope=netns
RUNTIME c1s-400-OLD s7 rep=6 attempt=1 13s rc=0
V4ROW {"arm": "OLD", "bin": "old", "bin_sha": "f3743664cb48ad81deef239d44710f4b12bf08f2db65c6d90fc5a947ed500035", "busy_last": 55.0, "busy_med": 53.0, "cad_cli": false, "cad_srv": false, "cadoff_cli": false, "cadoff_srv": false, "cell": "c1s-400", "cod": 105, "coded_share": 0.00031128266244508085, "cotenant": 0, "cpu_cli": 15.09, "cpu_srv": 12.47, "cpu_us_per_dgram": 43.948554852689334, "diag_lines": 44, "dnf": false, "egress_dgrams": 343356, "emb_echo_cli": false, "emb_echo_srv": false, "emb_gate_cli": 0, "emb_gate_srv": 0, "feed_ratio_p0": 1.9591141396933562, "gates_cli": true, "gates_srv": true, "gen_guard": false, "header": ["window", "bulk"], "mbps": 289.532, "pa_cli": 0, "pa_srv": 0, "pipe_cli": ["window", "Rlc", "bulk"], "pipe_srv": ["window", "Rlc", "bulk"], "plc_p0": 0.0023, "plu_last_p0": 0.0354, "plu_med_p0": 0.0354, "problems": [], "rc": 0, "rep": 6, "seconds": 11.0523, "seed": "7", "src": 337209, "status": "LIVE", "summary": true, "truth_egress_p0": 343356, "truth_gso_p0": 8.45, "truth_loss_p0": 0.001174, "truth_lost_p0": 403, "truth_rcvbuf_drops": 38, "util": 1.3653266740859367, "wall_s": 13.0, "winline_cli": true, "winline_srv": true}
=== rep=6 seed=7 cell=c1d-400 arm=OLD attempt=1 pipeline=window hint=bulk spec=c1/c1/dual bytes=400000000 bin=/home/vibe/v4/bin/old/raptorpath sha=f3743664cb48ad81 16:21:11
COTENANT c1d-400-OLD s7 rep=6 before=0 after=0 load=2.95 2.15 2.14
--- RWM-C perf pipeline=window mode=dual hint=bulk A=c1 B=c1 ooo=0 extra='' T=default (400000000 x 1) start=18:21:13
{"bytes":400000000,"dnf":0,"hint":"bulk","max_s":17.3716,"mean_mbps":184.209,"mean_s":17.3716,"median_s":17.3716,"min_s":17.3716,"proto":"rp-native","runs":1,"stdev_s":0.0,"summary":true}
    CPU: CPUSRV=22.06s CPUCLI=30.23s (srv=decoder cli=sender; whole-invocation incl warmup)
    [TRUTH] leg=0 dev=cli0 egress_dgrams=180340 egress_skbs=68912 gso=2.62 netem_sent_dgrams=180128 netem_dropped_skbs=72 backlog=0 lost=212 loss=0.001176 rcvbuf_drops=1 rcvbuf_scope=netns
    [TRUTH] leg=1 dev=cli1 egress_dgrams=180282 egress_skbs=68832 gso=2.62 netem_sent_dgrams=180131 netem_dropped_skbs=57 backlog=0 lost=151 loss=0.000838 rcvbuf_drops=1 rcvbuf_scope=netns
RUNTIME c1d-400-OLD s7 rep=6 attempt=1 20s rc=0
V4ROW {"arm": "OLD", "bin": "old", "bin_sha": "f3743664cb48ad81deef239d44710f4b12bf08f2db65c6d90fc5a947ed500035", "busy_last": 94.0, "busy_med": 87.0, "cad_cli": false, "cad_srv": false, "cadoff_cli": false, "cadoff_srv": false, "cell": "c1d-400", "cod": 132, "coded_share": 0.0003930887844622724, "cotenant": 0, "cpu_cli": 30.23, "cpu_srv": 22.06, "cpu_us_per_dgram": 83.82738712557747, "diag_lines": 69, "dnf": false, "egress_dgrams": 360622, "emb_echo_cli": false, "emb_echo_srv": false, "emb_gate_cli": 0, "emb_gate_srv": 0, "feed_ratio_p0": 1.0204081632653061, "feed_ratio_p1": 1.0739856801909309, "gates_cli": true, "gates_srv": true, "gen_guard": false, "header": ["window", "bulk"], "mbps": 184.209, "pa_cli": 0, "pa_srv": 0, "pipe_cli": ["window", "Rlc", "bulk"], "pipe_srv": ["window", "Rlc", "bulk"], "plc_p0": 0.0012, "plc_p1": 0.0009, "plu_last_p0": 0.0354, "plu_last_p1": 0.0354, "plu_med_p0": 0.0354, "plu_med_p1": 0.0354, "problems": [], "rc": 0, "rep": 6, "seconds": 17.371551, "seed": "7", "src": 335670, "status": "LIVE", "summary": true, "truth_egress_p0": 180340, "truth_egress_p1": 180282, "truth_gso_p0": 2.62, "truth_gso_p1": 2.62, "truth_loss_p0": 0.001176, "truth_loss_p1": 0.000838, "truth_lost_p0": 212, "truth_lost_p1": 151, "truth_rcvbuf_drops": 1, "util": 1.7402015513755795, "wall_s": 20.0, "winline_cli": true, "winline_srv": true}
=== rep=6 seed=7 cell=c1d-400 arm=NEW attempt=1 pipeline=window hint=bulk spec=c1/c1/dual bytes=400000000 bin=/home/vibe/v4/bin/new/raptorpath sha=aa88d648def0b125 16:21:31
COTENANT c1d-400-NEW s7 rep=6 before=0 after=0 load=3.25 2.26 2.18
--- RWM-C perf pipeline=window mode=dual hint=bulk A=c1 B=c1 ooo=0 extra='' T=default (400000000 x 1) start=18:21:32
{"bytes":400000000,"dnf":0,"hint":"bulk","max_s":10.4794,"mean_mbps":305.362,"mean_s":10.4794,"median_s":10.4794,"min_s":10.4794,"proto":"rp-native","runs":1,"stdev_s":0.0,"summary":true}
    CPU: CPUSRV=15.71s CPUCLI=16.76s (srv=decoder cli=sender; whole-invocation incl warmup)
    [TRUTH] leg=0 dev=cli0 egress_dgrams=166306 egress_skbs=49503 gso=3.36 netem_sent_dgrams=166096 netem_dropped_skbs=58 backlog=0 lost=210 loss=0.001263 rcvbuf_drops=39 rcvbuf_scope=netns
    [TRUTH] leg=1 dev=cli1 egress_dgrams=183295 egress_skbs=51032 gso=3.59 netem_sent_dgrams=183162 netem_dropped_skbs=47 backlog=0 lost=133 loss=0.000726 rcvbuf_drops=39 rcvbuf_scope=netns
RUNTIME c1d-400-NEW s7 rep=6 attempt=1 12s rc=0
V4ROW {"arm": "NEW", "bin": "new", "bin_sha": "aa88d648def0b1253985b9d9ad6955d2190277bebc09026aaa2b79ce64ebd262", "busy_last": 73.0, "busy_med": 82.0, "cad_cli": true, "cad_srv": true, "cadoff_cli": false, "cadoff_srv": false, "cell": "c1d-400", "cod": 185, "coded_share": 0.0005645390157491127, "cotenant": 0, "cpu_cli": 16.76, "cpu_srv": 15.71, "cpu_us_per_dgram": 47.94036630330005, "diag_lines": 41, "dnf": false, "egress_dgrams": 349601, "emb_echo_cli": false, "emb_echo_srv": false, "emb_gate_cli": 0, "emb_gate_srv": 0, "feed_ratio_p0": 2.7711797307996835, "feed_ratio_p1": 1.2396694214876034, "gates_cli": true, "gates_srv": true, "gen_guard": false, "header": ["window", "bulk"], "mbps": 305.362, "pa_cli": 0, "pa_srv": 0, "pipe_cli": ["window", "Rlc", "bulk"], "pipe_srv": ["window", "Rlc", "bulk"], "plc_p0": 0.0035, "plc_p1": 0.0009, "plu_last_p0": 0.0005, "plu_last_p1": 0.0002, "plu_med_p0": 0.001, "plu_med_p1": 0.0009, "problems": [], "rc": 0, "rep": 6, "seconds": 10.479367, "seed": "7", "src": 327516, "status": "LIVE", "summary": true, "truth_egress_p0": 166306, "truth_egress_p1": 183295, "truth_gso_p0": 3.36, "truth_gso_p1": 3.59, "truth_loss_p0": 0.001263, "truth_loss_p1": 0.000726, "truth_lost_p0": 210, "truth_lost_p1": 133, "truth_rcvbuf_drops": 39, "util": 1.5993332421700663, "wall_s": 12.0, "winline_cli": true, "winline_srv": true}
=== rep=6 seed=7 cell=c2-100 arm=OLD attempt=1 pipeline=window hint=bulk spec=c2/c2/single bytes=100000000 bin=/home/vibe/v4/bin/old/raptorpath sha=f3743664cb48ad81 16:21:44
COTENANT c2-100-OLD s7 rep=6 before=0 after=0 load=2.90 2.21 2.17
--- RWM-C perf pipeline=window mode=single hint=bulk A=c2 B=c2 ooo=0 extra='' T=default (100000000 x 1) start=18:21:46
{"bytes":100000000,"dnf":0,"hint":"bulk","max_s":9.0212,"mean_mbps":88.68,"mean_s":9.0212,"median_s":9.0212,"min_s":9.0212,"proto":"rp-native","runs":1,"stdev_s":0.0,"summary":true}
    CPU: CPUSRV=4.68s CPUCLI=5.13s (srv=decoder cli=sender; whole-invocation incl warmup)
    [TRUTH] leg=0 dev=cli0 egress_dgrams=93217 egress_skbs=19713 gso=4.73 netem_sent_dgrams=90874 netem_dropped_skbs=490 backlog=0 lost=2343 loss=0.025135 rcvbuf_drops=0 rcvbuf_scope=netns
RUNTIME c2-100-OLD s7 rep=6 attempt=1 11s rc=0
V4ROW {"arm": "OLD", "bin": "old", "bin_sha": "f3743664cb48ad81deef239d44710f4b12bf08f2db65c6d90fc5a947ed500035", "busy_last": 12.0, "busy_med": 20.0, "cad_cli": false, "cad_srv": false, "cadoff_cli": false, "cadoff_srv": false, "cell": "c2-100", "cod": 437, "coded_share": 0.005138697804588375, "cotenant": 0, "cpu_cli": 5.13, "cpu_srv": 4.68, "cpu_us_per_dgram": 55.03288026862053, "diag_lines": 36, "dnf": false, "egress_dgrams": 93217, "emb_echo_cli": false, "emb_echo_srv": false, "emb_gate_cli": 0, "emb_gate_srv": 0, "feed_ratio_p0": 1.0025860354087925, "gates_cli": true, "gates_srv": true, "gen_guard": false, "header": ["window", "bulk"], "mbps": 88.68, "pa_cli": 0, "pa_srv": 0, "pipe_cli": ["window", "Rlc", "bulk"], "pipe_srv": ["window", "Rlc", "bulk"], "plc_p0": 0.0252, "plu_last_p0": 0.0354, "plu_med_p0": 0.0354, "problems": [], "rc": 0, "rep": 6, "seconds": 9.021228, "seed": "7", "src": 84604, "status": "LIVE", "summary": true, "truth_egress_p0": 93217, "truth_gso_p0": 4.73, "truth_loss_p0": 0.025135, "truth_lost_p0": 2343, "truth_rcvbuf_drops": 0, "util": 0.568658723623879, "wall_s": 11.0, "winline_cli": true, "winline_srv": true}
=== rep=6 seed=7 cell=c2-100 arm=NEWa attempt=1 pipeline=window hint=auto spec=c2/c2/single bytes=100000000 bin=/home/vibe/v4/bin/new/raptorpath sha=aa88d648def0b125 16:21:56
COTENANT c2-100-NEWa s7 rep=6 before=0 after=0 load=2.26 2.10 2.13
--- RWM-C perf pipeline=window mode=single hint=auto A=c2 B=c2 ooo=0 extra='' T=default (100000000 x 1) start=18:21:57
{"bytes":100000000,"dnf":0,"hint":"auto","max_s":10.2443,"mean_mbps":78.092,"mean_s":10.2443,"median_s":10.2443,"min_s":10.2443,"proto":"rp-native","runs":1,"stdev_s":0.0,"summary":true}
    CPU: CPUSRV=5.61s CPUCLI=3.85s (srv=decoder cli=sender; whole-invocation incl warmup)
    [TRUTH] leg=0 dev=cli0 egress_dgrams=99524 egress_skbs=20515 gso=4.85 netem_sent_dgrams=97211 netem_dropped_skbs=495 backlog=0 lost=2313 loss=0.023241 rcvbuf_drops=0 rcvbuf_scope=netns
RUNTIME c2-100-NEWa s7 rep=6 attempt=1 12s rc=0
V4ROW {"arm": "NEWa", "bin": "new", "bin_sha": "aa88d648def0b1253985b9d9ad6955d2190277bebc09026aaa2b79ce64ebd262", "busy_last": 10.0, "busy_med": 14.0, "cad_cli": true, "cad_srv": true, "cadoff_cli": false, "cadoff_srv": false, "cell": "c2-100", "cod": 8815, "coded_share": 0.09536018347234393, "cotenant": 0, "cpu_cli": 3.85, "cpu_srv": 5.61, "cpu_us_per_dgram": 38.68413648969093, "diag_lines": 40, "dnf": false, "egress_dgrams": 99524, "emb_echo_cli": false, "emb_echo_srv": false, "emb_gate_cli": 0, "emb_gate_srv": 0, "feed_ratio_p0": 1.0111440987909297, "gates_cli": true, "gates_srv": true, "gen_guard": false, "header": ["window", "auto"], "mbps": 78.092, "pa_cli": 0, "pa_srv": 0, "pipe_cli": ["window", "Rlc", "auto"], "pipe_srv": ["window", "Rlc", "auto"], "plc_p0": 0.0235, "plu_last_p0": 0.0024, "plu_med_p0": 0.01905, "problems": [], "rc": 0, "rep": 6, "seconds": 10.244287, "seed": "7", "src": 83624, "status": "LIVE", "summary": true, "truth_egress_p0": 99524, "truth_gso_p0": 4.85, "truth_loss_p0": 0.023241, "truth_lost_p0": 2313, "truth_rcvbuf_drops": 0, "util": 0.37581922490066905, "wall_s": 12.0, "winline_cli": true, "winline_srv": true}
=== rep=6 seed=7 cell=c2-100 arm=OLDa attempt=1 pipeline=window hint=auto spec=c2/c2/single bytes=100000000 bin=/home/vibe/v4/bin/old/raptorpath sha=f3743664cb48ad81 16:22:08
COTENANT c2-100-OLDa s7 rep=6 before=0 after=0 load=1.99 2.05 2.11
--- RWM-C perf pipeline=window mode=single hint=auto A=c2 B=c2 ooo=0 extra='' T=default (100000000 x 1) start=18:22:10
{"bytes":100000000,"dnf":0,"hint":"auto","max_s":11.1566,"mean_mbps":71.706,"mean_s":11.1566,"median_s":11.1566,"min_s":11.1566,"proto":"rp-native","runs":1,"stdev_s":0.0,"summary":true}
    CPU: CPUSRV=6.22s CPUCLI=6.55s (srv=decoder cli=sender; whole-invocation incl warmup)
    [TRUTH] leg=0 dev=cli0 egress_dgrams=111462 egress_skbs=26440 gso=4.22 netem_sent_dgrams=108590 netem_dropped_skbs=670 backlog=0 lost=2872 loss=0.025767 rcvbuf_drops=0 rcvbuf_scope=netns
RUNTIME c2-100-OLDa s7 rep=6 attempt=1 13s rc=0
V4ROW {"arm": "OLDa", "bin": "old", "bin_sha": "f3743664cb48ad81deef239d44710f4b12bf08f2db65c6d90fc5a947ed500035", "busy_last": 22.0, "busy_med": 26.0, "cad_cli": false, "cad_srv": false, "cadoff_cli": false, "cadoff_srv": false, "cell": "c2-100", "cod": 18893, "coded_share": 0.1826169326386808, "cotenant": 0, "cpu_cli": 6.55, "cpu_srv": 6.22, "cpu_us_per_dgram": 58.76442195546464, "diag_lines": 44, "dnf": false, "egress_dgrams": 111462, "emb_echo_cli": false, "emb_echo_srv": false, "emb_gate_cli": 0, "emb_gate_srv": 0, "feed_ratio_p0": 1.0168044397873248, "gates_cli": true, "gates_srv": true, "gen_guard": false, "header": ["window", "auto"], "mbps": 71.706, "pa_cli": 0, "pa_srv": 0, "pipe_cli": ["window", "Rlc", "auto"], "pipe_srv": ["window", "Rlc", "auto"], "plc_p0": 0.0262, "plu_last_p0": 0.0354, "plu_med_p0": 0.03605, "problems": [], "rc": 0, "rep": 6, "seconds": 11.156608, "seed": "7", "src": 84564, "status": "LIVE", "summary": true, "truth_egress_p0": 111462, "truth_gso_p0": 4.22, "truth_loss_p0": 0.025767, "truth_lost_p0": 2872, "truth_rcvbuf_drops": 0, "util": 0.5870960062413235, "wall_s": 13.0, "winline_cli": true, "winline_srv": true}
=== rep=6 seed=7 cell=c2-100 arm=EMB attempt=1 pipeline=window hint=bulk spec=c2/c2/single bytes=100000000 bin=/home/vibe/v4/bin/new/raptorpath sha=aa88d648def0b125 16:22:21
COTENANT c2-100-EMB s7 rep=6 before=0 after=0 load=1.62 1.97 2.08
--- RWM-C perf pipeline=window mode=single hint=bulk A=c2 B=c2 ooo=0 extra='' T=default (100000000 x 1) start=18:22:23
{"bytes":100000000,"dnf":0,"hint":"bulk","max_s":8.9722,"mean_mbps":89.164,"mean_s":8.9722,"median_s":8.9722,"min_s":8.9722,"proto":"rp-native","runs":1,"stdev_s":0.0,"summary":true}
    CPU: CPUSRV=4.66s CPUCLI=3.20s (srv=decoder cli=sender; whole-invocation incl warmup)
    [TRUTH] leg=0 dev=cli0 egress_dgrams=95125 egress_skbs=19320 gso=4.92 netem_sent_dgrams=92714 netem_dropped_skbs=485 backlog=0 lost=2411 loss=0.025346 rcvbuf_drops=0 rcvbuf_scope=netns
RUNTIME c2-100-EMB s7 rep=6 attempt=1 11s rc=0
V4ROW {"arm": "EMB", "bin": "new", "bin_sha": "aa88d648def0b1253985b9d9ad6955d2190277bebc09026aaa2b79ce64ebd262", "busy_last": 12.0, "busy_med": 12.0, "cad_cli": true, "cad_srv": true, "cadoff_cli": false, "cadoff_srv": false, "cell": "c2-100", "cod": 420, "coded_share": 0.0049988098071887645, "cotenant": 0, "cpu_cli": 3.2, "cpu_srv": 4.66, "cpu_us_per_dgram": 33.63994743758213, "diag_lines": 35, "dnf": false, "egress_dgrams": 95125, "emb_echo_cli": true, "emb_echo_srv": true, "emb_gate_cli": 1, "emb_gate_srv": 1, "feed_ratio_p0": 1.0179120965832873, "gates_cli": true, "gates_srv": true, "gen_guard": false, "header": ["window", "bulk"], "mbps": 89.164, "pa_cli": 0, "pa_srv": 0, "pipe_cli": ["window", "Rlc", "bulk"], "pipe_srv": ["window", "Rlc", "bulk"], "plc_p0": 0.0258, "plu_last_p0": 0.0034, "plu_med_p0": 0.0202, "problems": [], "rc": 0, "rep": 6, "seconds": 8.972208, "seed": "7", "src": 83600, "status": "LIVE", "summary": true, "truth_egress_p0": 95125, "truth_gso_p0": 4.92, "truth_loss_p0": 0.025346, "truth_lost_p0": 2411, "truth_rcvbuf_drops": 0, "util": 0.35665691210012074, "wall_s": 11.0, "winline_cli": true, "winline_srv": true}
=== rep=6 seed=7 cell=c2-100 arm=NEW attempt=1 pipeline=window hint=bulk spec=c2/c2/single bytes=100000000 bin=/home/vibe/v4/bin/new/raptorpath sha=aa88d648def0b125 16:22:32
COTENANT c2-100-NEW s7 rep=6 before=0 after=0 load=1.68 1.97 2.08
--- RWM-C perf pipeline=window mode=single hint=bulk A=c2 B=c2 ooo=0 extra='' T=default (100000000 x 1) start=18:22:34
{"bytes":100000000,"dnf":0,"hint":"bulk","max_s":9.1587,"mean_mbps":87.349,"mean_s":9.1587,"median_s":9.1587,"min_s":9.1587,"proto":"rp-native","runs":1,"stdev_s":0.0,"summary":true}
    CPU: CPUSRV=4.62s CPUCLI=3.29s (srv=decoder cli=sender; whole-invocation incl warmup)
    [TRUTH] leg=0 dev=cli0 egress_dgrams=91158 egress_skbs=17974 gso=5.07 netem_sent_dgrams=89012 netem_dropped_skbs=453 backlog=0 lost=2146 loss=0.023542 rcvbuf_drops=0 rcvbuf_scope=netns
RUNTIME c2-100-NEW s7 rep=6 attempt=1 11s rc=0
V4ROW {"arm": "NEW", "bin": "new", "bin_sha": "aa88d648def0b1253985b9d9ad6955d2190277bebc09026aaa2b79ce64ebd262", "busy_last": 14.0, "busy_med": 12.0, "cad_cli": true, "cad_srv": true, "cadoff_cli": false, "cadoff_srv": false, "cell": "c2-100", "cod": 395, "coded_share": 0.00466842372741133, "cotenant": 0, "cpu_cli": 3.29, "cpu_srv": 4.62, "cpu_us_per_dgram": 36.09118234274556, "diag_lines": 36, "dnf": false, "egress_dgrams": 91158, "emb_echo_cli": false, "emb_echo_srv": false, "emb_gate_cli": 0, "emb_gate_srv": 0, "feed_ratio_p0": 1.0024636819301673, "gates_cli": true, "gates_srv": true, "gen_guard": false, "header": ["window", "bulk"], "mbps": 87.349, "pa_cli": 0, "pa_srv": 0, "pipe_cli": ["window", "Rlc", "bulk"], "pipe_srv": ["window", "Rlc", "bulk"], "plc_p0": 0.0236, "plu_last_p0": 0.0372, "plu_med_p0": 0.01555, "problems": [], "rc": 0, "rep": 6, "seconds": 9.158654, "seed": "7", "src": 84216, "status": "LIVE", "summary": true, "truth_egress_p0": 91158, "truth_gso_p0": 5.07, "truth_loss_p0": 0.023542, "truth_lost_p0": 2146, "truth_rcvbuf_drops": 0, "util": 0.35922309107866723, "wall_s": 11.0, "winline_cli": true, "winline_srv": true}
=== rep=6 seed=7 cell=c3-25 arm=OLD attempt=1 pipeline=window hint=bulk spec=c3/c3/single bytes=25000000 bin=/home/vibe/v4/bin/old/raptorpath sha=f3743664cb48ad81 16:22:44
COTENANT c3-25-OLD s7 rep=6 before=0 after=0 load=1.31 1.87 2.05
--- RWM-C perf pipeline=window mode=single hint=bulk A=c3 B=c3 ooo=0 extra='' T=default (25000000 x 1) start=18:22:46
{"bytes":25000000,"dnf":0,"hint":"bulk","max_s":11.4637,"mean_mbps":17.446,"mean_s":11.4637,"median_s":11.4637,"min_s":11.4637,"proto":"rp-native","runs":1,"stdev_s":0.0,"summary":true}
    CPU: CPUSRV=1.67s CPUCLI=2.18s (srv=decoder cli=sender; whole-invocation incl warmup)
    [TRUTH] leg=0 dev=cli0 egress_dgrams=26068 egress_skbs=8021 gso=3.25 netem_sent_dgrams=24924 netem_dropped_skbs=368 backlog=0 lost=1144 loss=0.043885 rcvbuf_drops=0 rcvbuf_scope=netns
RUNTIME c3-25-OLD s7 rep=6 attempt=1 14s rc=0
V4ROW {"arm": "OLD", "bin": "old", "bin_sha": "f3743664cb48ad81deef239d44710f4b12bf08f2db65c6d90fc5a947ed500035", "busy_last": 7.0, "busy_med": 7.0, "cad_cli": false, "cad_srv": false, "cadoff_cli": false, "cadoff_srv": false, "cell": "c3-25", "cod": 221, "coded_share": 0.010340148785851308, "cotenant": 0, "cpu_cli": 2.18, "cpu_srv": 1.67, "cpu_us_per_dgram": 83.62743593678073, "diag_lines": 45, "dnf": false, "egress_dgrams": 26068, "emb_echo_cli": false, "emb_echo_srv": false, "emb_gate_cli": 0, "emb_gate_srv": 0, "feed_ratio_p0": 0.9798336561467471, "gates_cli": true, "gates_srv": true, "gen_guard": false, "header": ["window", "bulk"], "mbps": 17.446, "pa_cli": 0, "pa_srv": 0, "pipe_cli": ["window", "Rlc", "bulk"], "pipe_srv": ["window", "Rlc", "bulk"], "plc_p0": 0.043, "plu_last_p0": 0.3945, "plu_med_p0": 0.0445, "problems": [], "rc": 0, "rep": 6, "seconds": 11.463736, "seed": "7", "src": 21152, "status": "LIVE", "summary": true, "truth_egress_p0": 26068, "truth_gso_p0": 3.25, "truth_loss_p0": 0.043885, "truth_lost_p0": 1144, "truth_rcvbuf_drops": 0, "util": 0.19016488167557244, "wall_s": 14.0, "winline_cli": true, "winline_srv": true}
=== rep=6 seed=7 cell=c3-25 arm=NEWa attempt=1 pipeline=window hint=auto spec=c3/c3/single bytes=25000000 bin=/home/vibe/v4/bin/new/raptorpath sha=aa88d648def0b125 16:22:59
COTENANT c3-25-NEWa s7 rep=6 before=0 after=0 load=1.16 1.81 2.03
--- RWM-C perf pipeline=window mode=single hint=auto A=c3 B=c3 ooo=0 extra='' T=default (25000000 x 1) start=18:23:00
{"bytes":25000000,"dnf":0,"hint":"auto","max_s":12.627,"mean_mbps":15.839,"mean_s":12.627,"median_s":12.627,"min_s":12.627,"proto":"rp-native","runs":1,"stdev_s":0.0,"summary":true}
    CPU: CPUSRV=1.78s CPUCLI=1.94s (srv=decoder cli=sender; whole-invocation incl warmup)
    [TRUTH] leg=0 dev=cli0 egress_dgrams=28600 egress_skbs=9157 gso=3.12 netem_sent_dgrams=27223 netem_dropped_skbs=426 backlog=0 lost=1377 loss=0.048147 rcvbuf_drops=0 rcvbuf_scope=netns
RUNTIME c3-25-NEWa s7 rep=6 attempt=1 14s rc=0
V4ROW {"arm": "NEWa", "bin": "new", "bin_sha": "aa88d648def0b1253985b9d9ad6955d2190277bebc09026aaa2b79ce64ebd262", "busy_last": 3.0, "busy_med": 5.5, "cad_cli": true, "cad_srv": true, "cadoff_cli": false, "cadoff_srv": false, "cell": "c3-25", "cod": 477, "coded_share": 0.02205372416662814, "cotenant": 0, "cpu_cli": 1.94, "cpu_srv": 1.78, "cpu_us_per_dgram": 67.83216783216783, "diag_lines": 50, "dnf": false, "egress_dgrams": 28600, "emb_echo_cli": false, "emb_echo_srv": false, "emb_gate_cli": 0, "emb_gate_srv": 0, "feed_ratio_p0": 0.9969468502710449, "gates_cli": true, "gates_srv": true, "gen_guard": false, "header": ["window", "auto"], "mbps": 15.839, "pa_cli": 0, "pa_srv": 0, "pipe_cli": ["window", "Rlc", "auto"], "pipe_srv": ["window", "Rlc", "auto"], "plc_p0": 0.048, "plu_last_p0": 0.0104, "plu_med_p0": 0.03095, "problems": [], "rc": 0, "rep": 6, "seconds": 12.626981, "seed": "7", "src": 21152, "status": "LIVE", "summary": true, "truth_egress_p0": 28600, "truth_gso_p0": 3.12, "truth_loss_p0": 0.048147, "truth_lost_p0": 1377, "truth_rcvbuf_drops": 0, "util": 0.15363925866365047, "wall_s": 14.0, "winline_cli": true, "winline_srv": true}
=== rep=6 seed=7 cell=c3-25 arm=OLDa attempt=1 pipeline=window hint=auto spec=c3/c3/single bytes=25000000 bin=/home/vibe/v4/bin/old/raptorpath sha=f3743664cb48ad81 16:23:13
COTENANT c3-25-OLDa s7 rep=6 before=0 after=0 load=0.97 1.74 2.00
--- RWM-C perf pipeline=window mode=single hint=auto A=c3 B=c3 ooo=0 extra='' T=default (25000000 x 1) start=18:23:15
{"bytes":25000000,"dnf":0,"hint":"auto","max_s":13.2466,"mean_mbps":15.098,"mean_s":13.2466,"median_s":13.2466,"min_s":13.2466,"proto":"rp-native","runs":1,"stdev_s":0.0,"summary":true}
    CPU: CPUSRV=1.85s CPUCLI=2.58s (srv=decoder cli=sender; whole-invocation incl warmup)
    [TRUTH] leg=0 dev=cli0 egress_dgrams=28883 egress_skbs=9211 gso=3.14 netem_sent_dgrams=27581 netem_dropped_skbs=428 backlog=0 lost=1302 loss=0.045078 rcvbuf_drops=0 rcvbuf_scope=netns
RUNTIME c3-25-OLDa s7 rep=6 attempt=1 15s rc=0
V4ROW {"arm": "OLDa", "bin": "old", "bin_sha": "f3743664cb48ad81deef239d44710f4b12bf08f2db65c6d90fc5a947ed500035", "busy_last": 7.0, "busy_med": 8.0, "cad_cli": false, "cad_srv": false, "cadoff_cli": false, "cadoff_srv": false, "cell": "c3-25", "cod": 810, "coded_share": 0.036881886895546855, "cotenant": 0, "cpu_cli": 2.58, "cpu_srv": 1.85, "cpu_us_per_dgram": 89.32590104906001, "diag_lines": 52, "dnf": false, "egress_dgrams": 28883, "emb_echo_cli": false, "emb_echo_srv": false, "emb_gate_cli": 0, "emb_gate_srv": 0, "feed_ratio_p0": 1.0004880429477794, "gates_cli": true, "gates_srv": true, "gen_guard": false, "header": ["window", "auto"], "mbps": 15.098, "pa_cli": 0, "pa_srv": 0, "pipe_cli": ["window", "Rlc", "auto"], "pipe_srv": ["window", "Rlc", "auto"], "plc_p0": 0.0451, "plu_last_p0": 0.0434, "plu_med_p0": 0.038599999999999995, "problems": [], "rc": 0, "rep": 6, "seconds": 13.246603, "seed": "7", "src": 21152, "status": "LIVE", "summary": true, "truth_egress_p0": 28883, "truth_gso_p0": 3.14, "truth_loss_p0": 0.045078, "truth_lost_p0": 1302, "truth_rcvbuf_drops": 0, "util": 0.19476691495925408, "wall_s": 15.0, "winline_cli": true, "winline_srv": true}
=== rep=6 seed=7 cell=c3-25 arm=EMB attempt=1 pipeline=window hint=bulk spec=c3/c3/single bytes=25000000 bin=/home/vibe/v4/bin/new/raptorpath sha=aa88d648def0b125 16:23:29
COTENANT c3-25-EMB s7 rep=6 before=0 after=0 load=0.76 1.65 1.97
--- RWM-C perf pipeline=window mode=single hint=bulk A=c3 B=c3 ooo=0 extra='' T=default (25000000 x 1) start=18:23:31
{"bytes":25000000,"dnf":0,"hint":"bulk","max_s":11.715,"mean_mbps":17.072,"mean_s":11.715,"median_s":11.715,"min_s":11.715,"proto":"rp-native","runs":1,"stdev_s":0.0,"summary":true}
    CPU: CPUSRV=1.70s CPUCLI=1.78s (srv=decoder cli=sender; whole-invocation incl warmup)
    [TRUTH] leg=0 dev=cli0 egress_dgrams=25787 egress_skbs=7837 gso=3.29 netem_sent_dgrams=24674 netem_dropped_skbs=357 backlog=1 lost=1112 loss=0.043123 rcvbuf_drops=0 rcvbuf_scope=netns
RUNTIME c3-25-EMB s7 rep=6 attempt=1 14s rc=0
V4ROW {"arm": "EMB", "bin": "new", "bin_sha": "aa88d648def0b1253985b9d9ad6955d2190277bebc09026aaa2b79ce64ebd262", "busy_last": 5.0, "busy_med": 5.0, "cad_cli": true, "cad_srv": true, "cadoff_cli": false, "cadoff_srv": false, "cell": "c3-25", "cod": 212, "coded_share": 0.009923235349185546, "cotenant": 0, "cpu_cli": 1.78, "cpu_srv": 1.7, "cpu_us_per_dgram": 69.02702912320161, "diag_lines": 46, "dnf": false, "egress_dgrams": 25787, "emb_echo_cli": true, "emb_echo_srv": true, "emb_gate_cli": 1, "emb_gate_srv": 1, "feed_ratio_p0": 0.9994666419312199, "gates_cli": true, "gates_srv": true, "gen_guard": false, "header": ["window", "bulk"], "mbps": 17.072, "pa_cli": 0, "pa_srv": 0, "pipe_cli": ["window", "Rlc", "bulk"], "pipe_srv": ["window", "Rlc", "bulk"], "plc_p0": 0.0431, "plu_last_p0": 0.0095, "plu_med_p0": 0.0293, "problems": [], "rc": 0, "rep": 6, "seconds": 11.715006, "seed": "7", "src": 21152, "status": "LIVE", "summary": true, "truth_egress_p0": 25787, "truth_gso_p0": 3.29, "truth_loss_p0": 0.043123, "truth_lost_p0": 1112, "truth_rcvbuf_drops": 0, "util": 0.15194187693971303, "wall_s": 14.0, "winline_cli": true, "winline_srv": true}
=== rep=6 seed=7 cell=c3-25 arm=NEW attempt=1 pipeline=window hint=bulk spec=c3/c3/single bytes=25000000 bin=/home/vibe/v4/bin/new/raptorpath sha=aa88d648def0b125 16:23:43
COTENANT c3-25-NEW s7 rep=6 before=0 after=0 load=0.72 1.60 1.95
--- RWM-C perf pipeline=window mode=single hint=bulk A=c3 B=c3 ooo=0 extra='' T=default (25000000 x 1) start=18:23:45
{"bytes":25000000,"dnf":0,"hint":"bulk","max_s":11.6689,"mean_mbps":17.14,"mean_s":11.6689,"median_s":11.6689,"min_s":11.6689,"proto":"rp-native","runs":1,"stdev_s":0.0,"summary":true}
    CPU: CPUSRV=1.68s CPUCLI=1.86s (srv=decoder cli=sender; whole-invocation incl warmup)
    [TRUTH] leg=0 dev=cli0 egress_dgrams=25769 egress_skbs=8017 gso=3.21 netem_sent_dgrams=24600 netem_dropped_skbs=368 backlog=0 lost=1169 loss=0.045365 rcvbuf_drops=0 rcvbuf_scope=netns
RUNTIME c3-25-NEW s7 rep=6 attempt=1 14s rc=0
V4ROW {"arm": "NEW", "bin": "new", "bin_sha": "aa88d648def0b1253985b9d9ad6955d2190277bebc09026aaa2b79ce64ebd262", "busy_last": 5.0, "busy_med": 5.5, "cad_cli": true, "cad_srv": true, "cadoff_cli": false, "cadoff_srv": false, "cell": "c3-25", "cod": 236, "coded_share": 0.011034224798952684, "cotenant": 0, "cpu_cli": 1.86, "cpu_srv": 1.68, "cpu_us_per_dgram": 72.17975086344057, "diag_lines": 46, "dnf": false, "egress_dgrams": 25769, "emb_echo_cli": false, "emb_echo_srv": false, "emb_gate_cli": 0, "emb_gate_srv": 0, "feed_ratio_p0": 1.0007715198941916, "gates_cli": true, "gates_srv": true, "gen_guard": false, "header": ["window", "bulk"], "mbps": 17.14, "pa_cli": 0, "pa_srv": 0, "pipe_cli": ["window", "Rlc", "bulk"], "pipe_srv": ["window", "Rlc", "bulk"], "plc_p0": 0.0454, "plu_last_p0": 0.1404, "plu_med_p0": 0.031849999999999996, "problems": [], "rc": 0, "rep": 6, "seconds": 11.668874, "seed": "7", "src": 21152, "status": "LIVE", "summary": true, "truth_egress_p0": 25769, "truth_gso_p0": 3.21, "truth_loss_p0": 0.045365, "truth_lost_p0": 1169, "truth_rcvbuf_drops": 0, "util": 0.15939841324878476, "wall_s": 14.0, "winline_cli": true, "winline_srv": true}
=== rep=6 seed=7 cell=c7-100 arm=OLD attempt=1 pipeline=window hint=bulk spec=c2/c2/dual bytes=100000000 bin=/home/vibe/v4/bin/old/raptorpath sha=f3743664cb48ad81 16:23:57
COTENANT c7-100-OLD s7 rep=6 before=0 after=0 load=1.15 1.68 1.97
--- RWM-C perf pipeline=window mode=dual hint=bulk A=c2 B=c2 ooo=0 extra='' T=default (100000000 x 1) start=18:23:59
{"bytes":100000000,"dnf":0,"hint":"bulk","max_s":4.4859,"mean_mbps":178.336,"mean_s":4.4859,"median_s":4.4859,"min_s":4.4859,"proto":"rp-native","runs":1,"stdev_s":0.0,"summary":true}
    CPU: CPUSRV=5.72s CPUCLI=6.78s (srv=decoder cli=sender; whole-invocation incl warmup)
    [TRUTH] leg=0 dev=cli0 egress_dgrams=45356 egress_skbs=13387 gso=3.39 netem_sent_dgrams=44193 netem_dropped_skbs=348 backlog=0 lost=1163 loss=0.025642 rcvbuf_drops=0 rcvbuf_scope=netns
    [TRUTH] leg=1 dev=cli1 egress_dgrams=45967 egress_skbs=14629 gso=3.14 netem_sent_dgrams=44813 netem_dropped_skbs=375 backlog=0 lost=1154 loss=0.025105 rcvbuf_drops=0 rcvbuf_scope=netns
RUNTIME c7-100-OLD s7 rep=6 attempt=1 7s rc=0
V4ROW {"arm": "OLD", "bin": "old", "bin_sha": "f3743664cb48ad81deef239d44710f4b12bf08f2db65c6d90fc5a947ed500035", "busy_last": 90.0, "busy_med": 84.0, "cad_cli": false, "cad_srv": false, "cadoff_cli": false, "cadoff_srv": false, "cell": "c7-100", "cod": 365, "coded_share": 0.004443308256031943, "cotenant": 0, "cpu_cli": 6.78, "cpu_srv": 5.72, "cpu_us_per_dgram": 74.2419762819881, "diag_lines": 17, "dnf": false, "egress_dgrams": 91323, "emb_echo_cli": false, "emb_echo_srv": false, "emb_gate_cli": 0, "emb_gate_srv": 0, "feed_ratio_p0": 0.9944622104360034, "feed_ratio_p1": 0.9798844851623183, "gates_cli": true, "gates_srv": true, "gen_guard": false, "header": ["window", "bulk"], "mbps": 178.336, "pa_cli": 0, "pa_srv": 0, "pipe_cli": ["window", "Rlc", "bulk"], "pipe_srv": ["window", "Rlc", "bulk"], "plc_p0": 0.0255, "plc_p1": 0.0246, "plu_last_p0": 0.0354, "plu_last_p1": 0.0429, "plu_med_p0": 0.0354, "plu_med_p1": 0.0438, "problems": [], "rc": 0, "rep": 6, "seconds": 4.48591, "seed": "7", "src": 81781, "status": "LIVE", "summary": true, "truth_egress_p0": 45356, "truth_egress_p1": 45967, "truth_gso_p0": 3.39, "truth_gso_p1": 3.14, "truth_loss_p0": 0.025642, "truth_loss_p1": 0.025105, "truth_lost_p0": 1163, "truth_lost_p1": 1154, "truth_rcvbuf_drops": 0, "util": 1.5113990249470008, "wall_s": 7.0, "winline_cli": true, "winline_srv": true}
=== rep=6 seed=7 cell=c7-100 arm=NEW attempt=1 pipeline=window hint=bulk spec=c2/c2/dual bytes=100000000 bin=/home/vibe/v4/bin/new/raptorpath sha=aa88d648def0b125 16:24:04
COTENANT c7-100-NEW s7 rep=6 before=0 after=0 load=1.30 1.70 1.97
--- RWM-C perf pipeline=window mode=dual hint=bulk A=c2 B=c2 ooo=0 extra='' T=default (100000000 x 1) start=18:24:05
{"bytes":100000000,"dnf":0,"hint":"bulk","max_s":4.5117,"mean_mbps":177.317,"mean_s":4.5117,"median_s":4.5117,"min_s":4.5117,"proto":"rp-native","runs":1,"stdev_s":0.0,"summary":true}
    CPU: CPUSRV=5.73s CPUCLI=4.94s (srv=decoder cli=sender; whole-invocation incl warmup)
    [TRUTH] leg=0 dev=cli0 egress_dgrams=47818 egress_skbs=17636 gso=2.71 netem_sent_dgrams=46606 netem_dropped_skbs=443 backlog=0 lost=1212 loss=0.025346 rcvbuf_drops=0 rcvbuf_scope=netns
    [TRUTH] leg=1 dev=cli1 egress_dgrams=46704 egress_skbs=15592 gso=3.00 netem_sent_dgrams=45589 netem_dropped_skbs=390 backlog=0 lost=1115 loss=0.023874 rcvbuf_drops=0 rcvbuf_scope=netns
RUNTIME c7-100-NEW s7 rep=6 attempt=1 6s rc=0
V4ROW {"arm": "NEW", "bin": "new", "bin_sha": "aa88d648def0b1253985b9d9ad6955d2190277bebc09026aaa2b79ce64ebd262", "busy_last": 39.0, "busy_med": 52.5, "cad_cli": true, "cad_srv": true, "cadoff_cli": false, "cadoff_srv": false, "cell": "c7-100", "cod": 440, "coded_share": 0.005173792389821739, "cotenant": 0, "cpu_cli": 4.94, "cpu_srv": 5.73, "cpu_us_per_dgram": 52.26296523560652, "diag_lines": 18, "dnf": false, "egress_dgrams": 94522, "emb_echo_cli": false, "emb_echo_srv": false, "emb_gate_cli": 0, "emb_gate_srv": 0, "feed_ratio_p0": 0.9863489307977591, "feed_ratio_p1": 0.9717684510345983, "gates_cli": true, "gates_srv": true, "gen_guard": false, "header": ["window", "bulk"], "mbps": 177.317, "pa_cli": 0, "pa_srv": 0, "pipe_cli": ["window", "Rlc", "bulk"], "pipe_srv": ["window", "Rlc", "bulk"], "plc_p0": 0.025, "plc_p1": 0.0232, "plu_last_p0": 0.634, "plu_last_p1": 0.0074, "plu_med_p0": 0.0305, "plu_med_p1": 0.0229, "problems": [], "rc": 0, "rep": 6, "seconds": 4.511704, "seed": "7", "src": 84604, "status": "LIVE", "summary": true, "truth_egress_p0": 47818, "truth_egress_p1": 46704, "truth_gso_p0": 2.71, "truth_gso_p1": 3.0, "truth_loss_p0": 0.025346, "truth_loss_p1": 0.023874, "truth_lost_p0": 1212, "truth_lost_p1": 1115, "truth_rcvbuf_drops": 0, "util": 1.0949299865416704, "wall_s": 6.0, "winline_cli": true, "winline_srv": true}
=== rep=6 seed=7 cell=c8-100 arm=OLD attempt=1 pipeline=window hint=bulk spec=c2/c3/dual bytes=100000000 bin=/home/vibe/v4/bin/old/raptorpath sha=f3743664cb48ad81 16:24:11
COTENANT c8-100-OLD s7 rep=6 before=0 after=0 load=1.42 1.71 1.97
--- RWM-C perf pipeline=window mode=dual hint=bulk A=c2 B=c3 ooo=0 extra='' T=default (100000000 x 1) start=18:24:12
{"bytes":100000000,"dnf":0,"hint":"bulk","max_s":7.6734,"mean_mbps":104.256,"mean_s":7.6734,"median_s":7.6734,"min_s":7.6734,"proto":"rp-native","runs":1,"stdev_s":0.0,"summary":true}
    CPU: CPUSRV=5.70s CPUCLI=7.10s (srv=decoder cli=sender; whole-invocation incl warmup)
    [TRUTH] leg=0 dev=cli0 egress_dgrams=74585 egress_skbs=12554 gso=5.94 netem_sent_dgrams=72676 netem_dropped_skbs=331 backlog=0 lost=1909 loss=0.025595 rcvbuf_drops=0 rcvbuf_scope=netns
    [TRUTH] leg=1 dev=cli1 egress_dgrams=19177 egress_skbs=13040 gso=1.47 netem_sent_dgrams=18152 netem_dropped_skbs=692 backlog=0 lost=1025 loss=0.053449 rcvbuf_drops=0 rcvbuf_scope=netns
RUNTIME c8-100-OLD s7 rep=6 attempt=1 9s rc=0
V4ROW {"arm": "OLD", "bin": "old", "bin_sha": "f3743664cb48ad81deef239d44710f4b12bf08f2db65c6d90fc5a947ed500035", "busy_last": 29.0, "busy_med": 40.5, "cad_cli": false, "cad_srv": false, "cadoff_cli": false, "cadoff_srv": false, "cell": "c8-100", "cod": 776, "coded_share": 0.00908877957367065, "cotenant": 0, "cpu_cli": 7.1, "cpu_srv": 5.7, "cpu_us_per_dgram": 75.7236407073228, "diag_lines": 30, "dnf": false, "egress_dgrams": 93762, "emb_echo_cli": false, "emb_echo_srv": false, "emb_gate_cli": 0, "emb_gate_srv": 0, "feed_ratio_p0": 1.0041023637429185, "feed_ratio_p1": 0.9766319295028906, "gates_cli": true, "gates_srv": true, "gen_guard": false, "header": ["window", "bulk"], "mbps": 104.256, "pa_cli": 0, "pa_srv": 0, "pipe_cli": ["window", "Rlc", "bulk"], "pipe_srv": ["window", "Rlc", "bulk"], "plc_p0": 0.0257, "plc_p1": 0.0522, "plu_last_p0": 0.0648, "plu_last_p1": 0.0802, "plu_med_p0": 0.0355, "plu_med_p1": 0.0665, "problems": [], "rc": 0, "rep": 6, "seconds": 7.67344, "seed": "7", "src": 84604, "status": "LIVE", "summary": true, "truth_egress_p0": 74585, "truth_egress_p1": 19177, "truth_gso_p0": 5.94, "truth_gso_p1": 1.47, "truth_loss_p0": 0.025595, "truth_loss_p1": 0.053449, "truth_lost_p0": 1909, "truth_lost_p1": 1025, "truth_rcvbuf_drops": 0, "util": 0.9252695010321316, "wall_s": 9.0, "winline_cli": true, "winline_srv": true}
=== rep=6 seed=7 cell=c8-100 arm=NEW attempt=1 pipeline=window hint=bulk spec=c2/c3/dual bytes=100000000 bin=/home/vibe/v4/bin/new/raptorpath sha=aa88d648def0b125 16:24:21
COTENANT c8-100-NEW s7 rep=6 before=0 after=0 load=1.52 1.72 1.97
--- RWM-C perf pipeline=window mode=dual hint=bulk A=c2 B=c3 ooo=0 extra='' T=default (100000000 x 1) start=18:24:22
{"bytes":100000000,"dnf":0,"hint":"bulk","max_s":7.7218,"mean_mbps":103.602,"mean_s":7.7218,"median_s":7.7218,"min_s":7.7218,"proto":"rp-native","runs":1,"stdev_s":0.0,"summary":true}
    CPU: CPUSRV=5.76s CPUCLI=5.24s (srv=decoder cli=sender; whole-invocation incl warmup)
    [TRUTH] leg=0 dev=cli0 egress_dgrams=79278 egress_skbs=20940 gso=3.79 netem_sent_dgrams=77267 netem_dropped_skbs=512 backlog=0 lost=2011 loss=0.025366 rcvbuf_drops=0 rcvbuf_scope=netns
    [TRUTH] leg=1 dev=cli1 egress_dgrams=18677 egress_skbs=11557 gso=1.62 netem_sent_dgrams=17682 netem_dropped_skbs=620 backlog=0 lost=995 loss=0.053274 rcvbuf_drops=0 rcvbuf_scope=netns
RUNTIME c8-100-NEW s7 rep=6 attempt=1 9s rc=0
V4ROW {"arm": "NEW", "bin": "new", "bin_sha": "aa88d648def0b1253985b9d9ad6955d2190277bebc09026aaa2b79ce64ebd262", "busy_last": 24.0, "busy_med": 32.0, "cad_cli": true, "cad_srv": true, "cadoff_cli": false, "cadoff_srv": false, "cell": "c8-100", "cod": 742, "coded_share": 0.008694021981112179, "cotenant": 0, "cpu_cli": 5.24, "cpu_srv": 5.76, "cpu_us_per_dgram": 53.49395130417028, "diag_lines": 30, "dnf": false, "egress_dgrams": 97955, "emb_echo_cli": false, "emb_echo_srv": false, "emb_gate_cli": 0, "emb_gate_srv": 0, "feed_ratio_p0": 0.9855712370890168, "feed_ratio_p1": 1.0098734842512294, "gates_cli": true, "gates_srv": true, "gen_guard": false, "header": ["window", "bulk"], "mbps": 103.602, "pa_cli": 0, "pa_srv": 0, "pipe_cli": ["window", "Rlc", "bulk"], "pipe_srv": ["window", "Rlc", "bulk"], "plc_p0": 0.025, "plc_p1": 0.0538, "plu_last_p0": 0.0059, "plu_last_p1": 0.0793, "plu_med_p0": 0.0185, "plu_med_p1": 0.04845, "problems": [], "rc": 0, "rep": 6, "seconds": 7.721832, "seed": "7", "src": 84604, "status": "LIVE", "summary": true, "truth_egress_p0": 79278, "truth_egress_p1": 18677, "truth_gso_p0": 3.79, "truth_gso_p1": 1.62, "truth_loss_p0": 0.025366, "truth_loss_p1": 0.053274, "truth_lost_p0": 2011, "truth_lost_p1": 995, "truth_rcvbuf_drops": 0, "util": 0.6785954421178808, "wall_s": 9.0, "winline_cli": true, "winline_srv": true}
BLOCK-COMPLETE rep=6 seed=7 block=11 2026-10-04T16:24:31Z
=== rep=7 seed=42 cell=c1s-400 arm=NEW attempt=1 pipeline=window hint=bulk spec=c1/c1/single bytes=400000000 bin=/home/vibe/v4/bin/new/raptorpath sha=aa88d648def0b125 16:24:31
COTENANT c1s-400-NEW s42 rep=7 before=0 after=0 load=1.69 1.75 1.98
--- RWM-C perf pipeline=window mode=single hint=bulk A=c1 B=c1 ooo=0 extra='' T=default (400000000 x 1) start=18:24:32
{"bytes":400000000,"dnf":0,"hint":"bulk","max_s":6.5311,"mean_mbps":489.965,"mean_s":6.5311,"median_s":6.5311,"min_s":6.5311,"proto":"rp-native","runs":1,"stdev_s":0.0,"summary":true}
    CPU: CPUSRV=8.57s CPUCLI=7.44s (srv=decoder cli=sender; whole-invocation incl warmup)
    [TRUTH] leg=0 dev=cli0 egress_dgrams=340010 egress_skbs=35971 gso=9.45 netem_sent_dgrams=339689 netem_dropped_skbs=38 backlog=0 lost=321 loss=0.000944 rcvbuf_drops=33 rcvbuf_scope=netns
RUNTIME c1s-400-NEW s42 rep=7 attempt=1 8s rc=0
V4ROW {"arm": "NEW", "bin": "new", "bin_sha": "aa88d648def0b1253985b9d9ad6955d2190277bebc09026aaa2b79ce64ebd262", "busy_last": 47.0, "busy_med": 40.5, "cad_cli": true, "cad_srv": true, "cadoff_cli": false, "cadoff_srv": false, "cell": "c1s-400", "cod": 96, "coded_share": 0.00028476084538375974, "cotenant": 0, "cpu_cli": 7.44, "cpu_srv": 8.57, "cpu_us_per_dgram": 21.881709361489367, "diag_lines": 26, "dnf": false, "egress_dgrams": 340010, "emb_echo_cli": false, "emb_echo_srv": false, "emb_gate_cli": 0, "emb_gate_srv": 0, "feed_ratio_p0": 2.01271186440678, "gates_cli": true, "gates_srv": true, "gen_guard": false, "header": ["window", "bulk"], "mbps": 489.965, "pa_cli": 0, "pa_srv": 0, "pipe_cli": ["window", "Rlc", "bulk"], "pipe_srv": ["window", "Rlc", "bulk"], "plc_p0": 0.0019, "plu_last_p0": 0.0002, "plu_med_p0": 0.0003, "problems": [], "rc": 0, "rep": 7, "seconds": 6.531084, "seed": "42", "src": 337029, "status": "LIVE", "summary": true, "truth_egress_p0": 340010, "truth_gso_p0": 9.45, "truth_loss_p0": 0.000944, "truth_lost_p0": 321, "truth_rcvbuf_drops": 33, "util": 1.1391677093725943, "wall_s": 8.0, "winline_cli": true, "winline_srv": true}
=== rep=7 seed=42 cell=c1s-400 arm=OLD attempt=1 pipeline=window hint=bulk spec=c1/c1/single bytes=400000000 bin=/home/vibe/v4/bin/old/raptorpath sha=f3743664cb48ad81 16:24:39
COTENANT c1s-400-OLD s42 rep=7 before=0 after=0 load=2.54 1.94 2.04
--- RWM-C perf pipeline=window mode=single hint=bulk A=c1 B=c1 ooo=0 extra='' T=default (400000000 x 1) start=18:24:41
{"bytes":400000000,"dnf":0,"hint":"bulk","max_s":10.9003,"mean_mbps":293.569,"mean_s":10.9003,"median_s":10.9003,"min_s":10.9003,"proto":"rp-native","runs":1,"stdev_s":0.0,"summary":true}
    CPU: CPUSRV=12.39s CPUCLI=14.95s (srv=decoder cli=sender; whole-invocation incl warmup)
    [TRUTH] leg=0 dev=cli0 egress_dgrams=343310 egress_skbs=40653 gso=8.44 netem_sent_dgrams=342890 netem_dropped_skbs=50 backlog=0 lost=420 loss=0.001223 rcvbuf_drops=9 rcvbuf_scope=netns
RUNTIME c1s-400-OLD s42 rep=7 attempt=1 13s rc=0
V4ROW {"arm": "OLD", "bin": "old", "bin_sha": "f3743664cb48ad81deef239d44710f4b12bf08f2db65c6d90fc5a947ed500035", "busy_last": 58.0, "busy_med": 53.0, "cad_cli": false, "cad_srv": false, "cadoff_cli": false, "cadoff_srv": false, "cell": "c1s-400", "cod": 63, "coded_share": 0.00018868037544399787, "cotenant": 0, "cpu_cli": 14.95, "cpu_srv": 12.39, "cpu_us_per_dgram": 43.54664880137485, "diag_lines": 43, "dnf": false, "egress_dgrams": 343310, "emb_echo_cli": false, "emb_echo_srv": false, "emb_gate_cli": 0, "emb_gate_srv": 0, "feed_ratio_p0": 1.1447260834014719, "gates_cli": true, "gates_srv": true, "gen_guard": false, "header": ["window", "bulk"], "mbps": 293.569, "pa_cli": 0, "pa_srv": 0, "pipe_cli": ["window", "Rlc", "bulk"], "pipe_srv": ["window", "Rlc", "bulk"], "plc_p0": 0.0014, "plu_last_p0": 0.0354, "plu_med_p0": 0.0354, "problems": [], "rc": 0, "rep": 7, "seconds": 10.900348, "seed": "42", "src": 333835, "status": "LIVE", "summary": true, "truth_egress_p0": 343310, "truth_gso_p0": 8.44, "truth_loss_p0": 0.001223, "truth_lost_p0": 420, "truth_rcvbuf_drops": 9, "util": 1.3715158451821905, "wall_s": 13.0, "winline_cli": true, "winline_srv": true}
=== rep=7 seed=42 cell=c1s-400 arm=EMB attempt=1 pipeline=window hint=bulk spec=c1/c1/single bytes=400000000 bin=/home/vibe/v4/bin/new/raptorpath sha=aa88d648def0b125 16:24:52
COTENANT c1s-400-EMB s42 rep=7 before=0 after=0 load=2.58 1.95 2.04
--- RWM-C perf pipeline=window mode=single hint=bulk A=c1 B=c1 ooo=0 extra='' T=default (400000000 x 1) start=18:24:54
{"bytes":400000000,"dnf":0,"hint":"bulk","max_s":6.4943,"mean_mbps":492.738,"mean_s":6.4943,"median_s":6.4943,"min_s":6.4943,"proto":"rp-native","runs":1,"stdev_s":0.0,"summary":true}
    CPU: CPUSRV=8.35s CPUCLI=6.61s (srv=decoder cli=sender; whole-invocation incl warmup)
    [TRUTH] leg=0 dev=cli0 egress_dgrams=343540 egress_skbs=38575 gso=8.91 netem_sent_dgrams=343112 netem_dropped_skbs=47 backlog=0 lost=428 loss=0.001246 rcvbuf_drops=163 rcvbuf_scope=netns
RUNTIME c1s-400-EMB s42 rep=7 attempt=1 9s rc=0
V4ROW {"arm": "EMB", "bin": "new", "bin_sha": "aa88d648def0b1253985b9d9ad6955d2190277bebc09026aaa2b79ce64ebd262", "busy_last": 41.0, "busy_med": 42.0, "cad_cli": true, "cad_srv": true, "cadoff_cli": false, "cadoff_srv": false, "cell": "c1s-400", "cod": 282, "coded_share": 0.0008661146465515123, "cotenant": 0, "cpu_cli": 6.61, "cpu_srv": 8.35, "cpu_us_per_dgram": 19.24084531641148, "diag_lines": 25, "dnf": false, "egress_dgrams": 343540, "emb_echo_cli": true, "emb_echo_srv": true, "emb_gate_cli": 1, "emb_gate_srv": 1, "feed_ratio_p0": 4.815409309791333, "gates_cli": true, "gates_srv": true, "gen_guard": false, "header": ["window", "bulk"], "mbps": 492.738, "pa_cli": 0, "pa_srv": 0, "pipe_cli": ["window", "Rlc", "bulk"], "pipe_srv": ["window", "Rlc", "bulk"], "plc_p0": 0.006, "plu_last_p0": 0.0005, "plu_med_p0": 0.0007, "problems": [], "rc": 0, "rep": 7, "seconds": 6.49433, "seed": "42", "src": 325310, "status": "LIVE", "summary": true, "truth_egress_p0": 343540, "truth_gso_p0": 8.91, "truth_loss_p0": 0.001246, "truth_lost_p0": 428, "truth_rcvbuf_drops": 163, "util": 1.0178109212189712, "wall_s": 9.0, "winline_cli": true, "winline_srv": true}
=== rep=7 seed=42 cell=c1d-400 arm=NEW attempt=1 pipeline=window hint=bulk spec=c1/c1/dual bytes=400000000 bin=/home/vibe/v4/bin/new/raptorpath sha=aa88d648def0b125 16:25:01
COTENANT c1d-400-NEW s42 rep=7 before=0 after=0 load=2.50 1.96 2.04
--- RWM-C perf pipeline=window mode=dual hint=bulk A=c1 B=c1 ooo=0 extra='' T=default (400000000 x 1) start=18:25:03
{"bytes":400000000,"dnf":0,"hint":"bulk","max_s":8.1971,"mean_mbps":390.382,"mean_s":8.1971,"median_s":8.1971,"min_s":8.1971,"proto":"rp-native","runs":1,"stdev_s":0.0,"summary":true}
    CPU: CPUSRV=11.44s CPUCLI=12.22s (srv=decoder cli=sender; whole-invocation incl warmup)
    [TRUTH] leg=0 dev=cli0 egress_dgrams=311610 egress_skbs=46468 gso=6.71 netem_sent_dgrams=311274 netem_dropped_skbs=54 backlog=0 lost=336 loss=0.001078 rcvbuf_drops=19 rcvbuf_scope=netns
    [TRUTH] leg=1 dev=cli1 egress_dgrams=33534 egress_skbs=9520 gso=3.52 netem_sent_dgrams=33530 netem_dropped_skbs=1 backlog=0 lost=4 loss=0.000119 rcvbuf_drops=19 rcvbuf_scope=netns
RUNTIME c1d-400-NEW s42 rep=7 attempt=1 10s rc=0
V4ROW {"arm": "NEW", "bin": "new", "bin_sha": "aa88d648def0b1253985b9d9ad6955d2190277bebc09026aaa2b79ce64ebd262", "busy_last": 81.0, "busy_med": 80.0, "cad_cli": true, "cad_srv": true, "cadoff_cli": false, "cadoff_srv": false, "cell": "c1d-400", "cod": 477, "coded_share": 0.0014411659848571825, "cotenant": 0, "cpu_cli": 12.22, "cpu_srv": 11.44, "cpu_us_per_dgram": 35.40551190227847, "diag_lines": 32, "dnf": false, "egress_dgrams": 345144, "emb_echo_cli": false, "emb_echo_srv": false, "emb_gate_cli": 0, "emb_gate_srv": 0, "feed_ratio_p0": 1.4842300556586272, "feed_ratio_p1": 0.8403361344537815, "gates_cli": true, "gates_srv": true, "gen_guard": false, "header": ["window", "bulk"], "mbps": 390.382, "pa_cli": 0, "pa_srv": 0, "pipe_cli": ["window", "Rlc", "bulk"], "pipe_srv": ["window", "Rlc", "bulk"], "plc_p0": 0.0016, "plc_p1": 0.0001, "plu_last_p0": 0.0003, "plu_last_p1": 0.0015, "plu_med_p0": 0.00065, "plu_med_p1": 0.0013, "problems": [], "rc": 0, "rep": 7, "seconds": 8.197108, "seed": "42", "src": 330505, "status": "LIVE", "summary": true, "truth_egress_p0": 311610, "truth_egress_p1": 33534, "truth_gso_p0": 6.71, "truth_gso_p1": 3.52, "truth_loss_p0": 0.001078, "truth_loss_p1": 0.000119, "truth_lost_p0": 336, "truth_lost_p1": 4, "truth_rcvbuf_drops": 19, "util": 1.4907696714499798, "wall_s": 10.0, "winline_cli": true, "winline_srv": true}
=== rep=7 seed=42 cell=c1d-400 arm=OLD attempt=1 pipeline=window hint=bulk spec=c1/c1/dual bytes=400000000 bin=/home/vibe/v4/bin/old/raptorpath sha=f3743664cb48ad81 16:25:11
COTENANT c1d-400-OLD s42 rep=7 before=0 after=0 load=2.97 2.09 2.09
--- RWM-C perf pipeline=window mode=dual hint=bulk A=c1 B=c1 ooo=0 extra='' T=default (400000000 x 1) start=18:25:13
{"bytes":400000000,"dnf":0,"hint":"bulk","max_s":17.5557,"mean_mbps":182.277,"mean_s":17.5557,"median_s":17.5557,"min_s":17.5557,"proto":"rp-native","runs":1,"stdev_s":0.0,"summary":true}
    CPU: CPUSRV=21.78s CPUCLI=30.70s (srv=decoder cli=sender; whole-invocation incl warmup)
    [TRUTH] leg=0 dev=cli0 egress_dgrams=185158 egress_skbs=70113 gso=2.64 netem_sent_dgrams=184989 netem_dropped_skbs=72 backlog=0 lost=169 loss=0.000913 rcvbuf_drops=15 rcvbuf_scope=netns
    [TRUTH] leg=1 dev=cli1 egress_dgrams=175846 egress_skbs=68732 gso=2.56 netem_sent_dgrams=175698 netem_dropped_skbs=60 backlog=0 lost=148 loss=0.000842 rcvbuf_drops=15 rcvbuf_scope=netns
RUNTIME c1d-400-OLD s42 rep=7 attempt=1 20s rc=0
V4ROW {"arm": "OLD", "bin": "old", "bin_sha": "f3743664cb48ad81deef239d44710f4b12bf08f2db65c6d90fc5a947ed500035", "busy_last": 94.0, "busy_med": 87.0, "cad_cli": false, "cad_srv": false, "cadoff_cli": false, "cadoff_srv": false, "cell": "c1d-400", "cod": 143, "coded_share": 0.0004237250468912508, "cotenant": 0, "cpu_cli": 30.7, "cpu_srv": 21.78, "cpu_us_per_dgram": 85.04060896832168, "diag_lines": 70, "dnf": false, "egress_dgrams": 361004, "emb_echo_cli": false, "emb_echo_srv": false, "emb_gate_cli": 0, "emb_gate_srv": 0, "feed_ratio_p0": 1.2048192771084338, "feed_ratio_p1": 1.0688836104513064, "gates_cli": true, "gates_srv": true, "gen_guard": false, "header": ["window", "bulk"], "mbps": 182.277, "pa_cli": 0, "pa_srv": 0, "pipe_cli": ["window", "Rlc", "bulk"], "pipe_srv": ["window", "Rlc", "bulk"], "plc_p0": 0.0011, "plc_p1": 0.0009, "plu_last_p0": 0.0354, "plu_last_p1": 0.0354, "plu_med_p0": 0.0354, "plu_med_p1": 0.0354, "problems": [], "rc": 0, "rep": 7, "seconds": 17.555678, "seed": "42", "src": 337340, "status": "LIVE", "summary": true, "truth_egress_p0": 185158, "truth_egress_p1": 175846, "truth_gso_p0": 2.64, "truth_gso_p1": 2.56, "truth_loss_p0": 0.000913, "truth_loss_p1": 0.000842, "truth_lost_p0": 169, "truth_lost_p1": 148, "truth_rcvbuf_drops": 15, "util": 1.7487219804327694, "wall_s": 20.0, "winline_cli": true, "winline_srv": true}
=== rep=7 seed=42 cell=c2-100 arm=NEWa attempt=1 pipeline=window hint=auto spec=c2/c2/single bytes=100000000 bin=/home/vibe/v4/bin/new/raptorpath sha=aa88d648def0b125 16:25:31
COTENANT c2-100-NEWa s42 rep=7 before=0 after=0 load=2.31 1.99 2.05
--- RWM-C perf pipeline=window mode=single hint=auto A=c2 B=c2 ooo=0 extra='' T=default (100000000 x 1) start=18:25:33
{"bytes":100000000,"dnf":0,"hint":"auto","max_s":10.3883,"mean_mbps":77.01,"mean_s":10.3883,"median_s":10.3883,"min_s":10.3883,"proto":"rp-native","runs":1,"stdev_s":0.0,"summary":true}
    CPU: CPUSRV=5.59s CPUCLI=4.04s (srv=decoder cli=sender; whole-invocation incl warmup)
    [TRUTH] leg=0 dev=cli0 egress_dgrams=106466 egress_skbs=25106 gso=4.24 netem_sent_dgrams=103771 netem_dropped_skbs=619 backlog=0 lost=2695 loss=0.025313 rcvbuf_drops=0 rcvbuf_scope=netns
RUNTIME c2-100-NEWa s42 rep=7 attempt=1 12s rc=0
V4ROW {"arm": "NEWa", "bin": "new", "bin_sha": "aa88d648def0b1253985b9d9ad6955d2190277bebc09026aaa2b79ce64ebd262", "busy_last": 15.0, "busy_med": 14.0, "cad_cli": true, "cad_srv": true, "cadoff_cli": false, "cadoff_srv": false, "cell": "c2-100", "cod": 10195, "coded_share": 0.10754332851612358, "cotenant": 0, "cpu_cli": 4.04, "cpu_srv": 5.59, "cpu_us_per_dgram": 37.94638663986625, "diag_lines": 41, "dnf": false, "egress_dgrams": 106466, "emb_echo_cli": false, "emb_echo_srv": false, "emb_gate_cli": 0, "emb_gate_srv": 0, "feed_ratio_p0": 0.9994864298976811, "gates_cli": true, "gates_srv": true, "gen_guard": false, "header": ["window", "auto"], "mbps": 77.01, "pa_cli": 0, "pa_srv": 0, "pipe_cli": ["window", "Rlc", "auto"], "pipe_srv": ["window", "Rlc", "auto"], "plc_p0": 0.0253, "plu_last_p0": 0.0232, "plu_med_p0": 0.0253, "problems": [], "rc": 0, "rep": 7, "seconds": 10.388278, "seed": "42", "src": 84604, "status": "LIVE", "summary": true, "truth_egress_p0": 106466, "truth_gso_p0": 4.24, "truth_loss_p0": 0.025313, "truth_lost_p0": 2695, "truth_rcvbuf_drops": 0, "util": 0.3888998734920263, "wall_s": 12.0, "winline_cli": true, "winline_srv": true}
=== rep=7 seed=42 cell=c2-100 arm=OLDa attempt=1 pipeline=window hint=auto spec=c2/c2/single bytes=100000000 bin=/home/vibe/v4/bin/old/raptorpath sha=f3743664cb48ad81 16:25:44
COTENANT c2-100-OLDa s42 rep=7 before=0 after=0 load=2.04 1.94 2.04
--- RWM-C perf pipeline=window mode=single hint=auto A=c2 B=c2 ooo=0 extra='' T=default (100000000 x 1) start=18:25:45
{"bytes":100000000,"dnf":0,"hint":"auto","max_s":10.8702,"mean_mbps":73.596,"mean_s":10.8702,"median_s":10.8702,"min_s":10.8702,"proto":"rp-native","runs":1,"stdev_s":0.0,"summary":true}
    CPU: CPUSRV=6.38s CPUCLI=6.39s (srv=decoder cli=sender; whole-invocation incl warmup)
    [TRUTH] leg=0 dev=cli0 egress_dgrams=105323 egress_skbs=22452 gso=4.69 netem_sent_dgrams=102676 netem_dropped_skbs=570 backlog=0 lost=2647 loss=0.025132 rcvbuf_drops=0 rcvbuf_scope=netns
RUNTIME c2-100-OLDa s42 rep=7 attempt=1 12s rc=0
V4ROW {"arm": "OLDa", "bin": "old", "bin_sha": "f3743664cb48ad81deef239d44710f4b12bf08f2db65c6d90fc5a947ed500035", "busy_last": 18.0, "busy_med": 25.0, "cad_cli": false, "cad_srv": false, "cadoff_cli": false, "cadoff_srv": false, "cell": "c2-100", "cod": 18084, "coded_share": 0.17610626363353069, "cotenant": 0, "cpu_cli": 6.39, "cpu_srv": 6.38, "cpu_us_per_dgram": 60.67050881573825, "diag_lines": 43, "dnf": false, "egress_dgrams": 105323, "emb_echo_cli": false, "emb_echo_srv": false, "emb_gate_cli": 0, "emb_gate_srv": 0, "feed_ratio_p0": 1.0066847047588732, "gates_cli": true, "gates_srv": true, "gen_guard": false, "header": ["window", "auto"], "mbps": 73.596, "pa_cli": 0, "pa_srv": 0, "pipe_cli": ["window", "Rlc", "auto"], "pipe_srv": ["window", "Rlc", "auto"], "plc_p0": 0.0253, "plu_last_p0": 0.1801, "plu_med_p0": 0.0361, "problems": [], "rc": 0, "rep": 7, "seconds": 10.870172, "seed": "42", "src": 84604, "status": "LIVE", "summary": true, "truth_egress_p0": 105323, "truth_gso_p0": 4.69, "truth_loss_p0": 0.025132, "truth_lost_p0": 2647, "truth_rcvbuf_drops": 0, "util": 0.5878471840187993, "wall_s": 12.0, "winline_cli": true, "winline_srv": true}
=== rep=7 seed=42 cell=c2-100 arm=EMB attempt=1 pipeline=window hint=bulk spec=c2/c2/single bytes=100000000 bin=/home/vibe/v4/bin/new/raptorpath sha=aa88d648def0b125 16:25:57
COTENANT c2-100-EMB s42 rep=7 before=0 after=0 load=1.88 1.91 2.02
--- RWM-C perf pipeline=window mode=single hint=bulk A=c2 B=c2 ooo=0 extra='' T=default (100000000 x 1) start=18:25:58
{"bytes":100000000,"dnf":0,"hint":"bulk","max_s":9.1959,"mean_mbps":86.995,"mean_s":9.1959,"median_s":9.1959,"min_s":9.1959,"proto":"rp-native","runs":1,"stdev_s":0.0,"summary":true}
    CPU: CPUSRV=4.62s CPUCLI=3.12s (srv=decoder cli=sender; whole-invocation incl warmup)
    [TRUTH] leg=0 dev=cli0 egress_dgrams=89761 egress_skbs=16095 gso=5.58 netem_sent_dgrams=87480 netem_dropped_skbs=415 backlog=0 lost=2281 loss=0.025412 rcvbuf_drops=0 rcvbuf_scope=netns
RUNTIME c2-100-EMB s42 rep=7 attempt=1 11s rc=0
V4ROW {"arm": "EMB", "bin": "new", "bin_sha": "aa88d648def0b1253985b9d9ad6955d2190277bebc09026aaa2b79ce64ebd262", "busy_last": 13.0, "busy_med": 12.0, "cad_cli": true, "cad_srv": true, "cadoff_cli": false, "cadoff_srv": false, "cell": "c2-100", "cod": 416, "coded_share": 0.004931773185854347, "cotenant": 0, "cpu_cli": 3.12, "cpu_srv": 4.62, "cpu_us_per_dgram": 34.75897104533149, "diag_lines": 36, "dnf": false, "egress_dgrams": 89761, "emb_echo_cli": true, "emb_echo_srv": true, "emb_gate_cli": 1, "emb_gate_srv": 1, "feed_ratio_p0": 0.9995277821501652, "gates_cli": true, "gates_srv": true, "gen_guard": false, "header": ["window", "bulk"], "mbps": 86.995, "pa_cli": 0, "pa_srv": 0, "pipe_cli": ["window", "Rlc", "bulk"], "pipe_srv": ["window", "Rlc", "bulk"], "plc_p0": 0.0254, "plu_last_p0": 0.0085, "plu_med_p0": 0.018099999999999998, "problems": [], "rc": 0, "rep": 7, "seconds": 9.195934, "seed": "42", "src": 83935, "status": "LIVE", "summary": true, "truth_egress_p0": 89761, "truth_gso_p0": 5.58, "truth_loss_p0": 0.025412, "truth_lost_p0": 2281, "truth_rcvbuf_drops": 0, "util": 0.3392803819601141, "wall_s": 11.0, "winline_cli": true, "winline_srv": true}
=== rep=7 seed=42 cell=c2-100 arm=NEW attempt=1 pipeline=window hint=bulk spec=c2/c2/single bytes=100000000 bin=/home/vibe/v4/bin/new/raptorpath sha=aa88d648def0b125 16:26:08
COTENANT c2-100-NEW s42 rep=7 before=0 after=0 load=1.59 1.85 2.00
--- RWM-C perf pipeline=window mode=single hint=bulk A=c2 B=c2 ooo=0 extra='' T=default (100000000 x 1) start=18:26:10
{"bytes":100000000,"dnf":0,"hint":"bulk","max_s":8.9687,"mean_mbps":89.199,"mean_s":8.9687,"median_s":8.9687,"min_s":8.9687,"proto":"rp-native","runs":1,"stdev_s":0.0,"summary":true}
    CPU: CPUSRV=4.53s CPUCLI=3.51s (srv=decoder cli=sender; whole-invocation incl warmup)
    [TRUTH] leg=0 dev=cli0 egress_dgrams=94795 egress_skbs=20574 gso=4.61 netem_sent_dgrams=92296 netem_dropped_skbs=542 backlog=0 lost=2499 loss=0.026362 rcvbuf_drops=0 rcvbuf_scope=netns
RUNTIME c2-100-NEW s42 rep=7 attempt=1 11s rc=0
V4ROW {"arm": "NEW", "bin": "new", "bin_sha": "aa88d648def0b1253985b9d9ad6955d2190277bebc09026aaa2b79ce64ebd262", "busy_last": 13.0, "busy_med": 12.0, "cad_cli": true, "cad_srv": true, "cadoff_cli": false, "cadoff_srv": false, "cell": "c2-100", "cod": 419, "coded_share": 0.004977547577751907, "cotenant": 0, "cpu_cli": 3.51, "cpu_srv": 4.53, "cpu_us_per_dgram": 37.027269370747405, "diag_lines": 35, "dnf": false, "egress_dgrams": 94795, "emb_echo_cli": false, "emb_echo_srv": false, "emb_gate_cli": 0, "emb_gate_srv": 0, "feed_ratio_p0": 0.9976481298839238, "gates_cli": true, "gates_srv": true, "gen_guard": false, "header": ["window", "bulk"], "mbps": 89.199, "pa_cli": 0, "pa_srv": 0, "pipe_cli": ["window", "Rlc", "bulk"], "pipe_srv": ["window", "Rlc", "bulk"], "plc_p0": 0.0263, "plu_last_p0": 0.006, "plu_med_p0": 0.0082, "problems": [], "rc": 0, "rep": 7, "seconds": 8.968712, "seed": "42", "src": 83759, "status": "LIVE", "summary": true, "truth_egress_p0": 94795, "truth_gso_p0": 4.61, "truth_loss_p0": 0.026362, "truth_lost_p0": 2499, "truth_rcvbuf_drops": 0, "util": 0.39136054318613417, "wall_s": 11.0, "winline_cli": true, "winline_srv": true}
=== rep=7 seed=42 cell=c2-100 arm=OLD attempt=1 pipeline=window hint=bulk spec=c2/c2/single bytes=100000000 bin=/home/vibe/v4/bin/old/raptorpath sha=f3743664cb48ad81 16:26:19
COTENANT c2-100-OLD s42 rep=7 before=0 after=0 load=2.04 1.93 2.03
--- RWM-C perf pipeline=window mode=single hint=bulk A=c2 B=c2 ooo=0 extra='' T=default (100000000 x 1) start=18:26:21
{"bytes":100000000,"dnf":0,"hint":"bulk","max_s":9.1992,"mean_mbps":86.964,"mean_s":9.1992,"median_s":9.1992,"min_s":9.1992,"proto":"rp-native","runs":1,"stdev_s":0.0,"summary":true}
    CPU: CPUSRV=4.46s CPUCLI=4.92s (srv=decoder cli=sender; whole-invocation incl warmup)
    [TRUTH] leg=0 dev=cli0 egress_dgrams=94809 egress_skbs=19530 gso=4.85 netem_sent_dgrams=92300 netem_dropped_skbs=504 backlog=0 lost=2509 loss=0.026464 rcvbuf_drops=0 rcvbuf_scope=netns
RUNTIME c2-100-OLD s42 rep=7 attempt=1 11s rc=0
V4ROW {"arm": "OLD", "bin": "old", "bin_sha": "f3743664cb48ad81deef239d44710f4b12bf08f2db65c6d90fc5a947ed500035", "busy_last": 17.0, "busy_med": 17.5, "cad_cli": false, "cad_srv": false, "cadoff_cli": false, "cadoff_srv": false, "cell": "c2-100", "cod": 412, "coded_share": 0.004889221166055514, "cotenant": 0, "cpu_cli": 4.92, "cpu_srv": 4.46, "cpu_us_per_dgram": 51.89380754991615, "diag_lines": 36, "dnf": false, "egress_dgrams": 94809, "emb_echo_cli": false, "emb_echo_srv": false, "emb_gate_cli": 0, "emb_gate_srv": 0, "feed_ratio_p0": 1.0051390568319225, "gates_cli": true, "gates_srv": true, "gen_guard": false, "header": ["window", "bulk"], "mbps": 86.964, "pa_cli": 0, "pa_srv": 0, "pipe_cli": ["window", "Rlc", "bulk"], "pipe_srv": ["window", "Rlc", "bulk"], "plc_p0": 0.0266, "plu_last_p0": 0.0447, "plu_med_p0": 0.0354, "problems": [], "rc": 0, "rep": 7, "seconds": 9.199215, "seed": "42", "src": 83855, "status": "LIVE", "summary": true, "truth_egress_p0": 94809, "truth_gso_p0": 4.85, "truth_loss_p0": 0.026464, "truth_lost_p0": 2509, "truth_rcvbuf_drops": 0, "util": 0.5348282434968635, "wall_s": 11.0, "winline_cli": true, "winline_srv": true}
=== rep=7 seed=42 cell=c3-25 arm=NEWa attempt=1 pipeline=window hint=auto spec=c3/c3/single bytes=25000000 bin=/home/vibe/v4/bin/new/raptorpath sha=aa88d648def0b125 16:26:30
COTENANT c3-25-NEWa s42 rep=7 before=0 after=0 load=1.59 1.84 1.99
--- RWM-C perf pipeline=window mode=single hint=auto A=c3 B=c3 ooo=0 extra='' T=default (25000000 x 1) start=18:26:32
{"bytes":25000000,"dnf":0,"hint":"auto","max_s":12.6357,"mean_mbps":15.828,"mean_s":12.6357,"median_s":12.6357,"min_s":12.6357,"proto":"rp-native","runs":1,"stdev_s":0.0,"summary":true}
    CPU: CPUSRV=1.82s CPUCLI=1.92s (srv=decoder cli=sender; whole-invocation incl warmup)
    [TRUTH] leg=0 dev=cli0 egress_dgrams=27576 egress_skbs=8393 gso=3.29 netem_sent_dgrams=26259 netem_dropped_skbs=422 backlog=0 lost=1317 loss=0.047759 rcvbuf_drops=0 rcvbuf_scope=netns
RUNTIME c3-25-NEWa s42 rep=7 attempt=1 15s rc=0
V4ROW {"arm": "NEWa", "bin": "new", "bin_sha": "aa88d648def0b1253985b9d9ad6955d2190277bebc09026aaa2b79ce64ebd262", "busy_last": 4.0, "busy_med": 6.0, "cad_cli": true, "cad_srv": true, "cadoff_cli": false, "cadoff_srv": false, "cell": "c3-25", "cod": 412, "coded_share": 0.01910591726952328, "cotenant": 0, "cpu_cli": 1.92, "cpu_srv": 1.82, "cpu_us_per_dgram": 69.62576153176676, "diag_lines": 50, "dnf": false, "egress_dgrams": 27576, "emb_echo_cli": false, "emb_echo_srv": false, "emb_gate_cli": 0, "emb_gate_srv": 0, "feed_ratio_p0": 0.9945769383781067, "gates_cli": true, "gates_srv": true, "gen_guard": false, "header": ["window", "auto"], "mbps": 15.828, "pa_cli": 0, "pa_srv": 0, "pipe_cli": ["window", "Rlc", "auto"], "pipe_srv": ["window", "Rlc", "auto"], "plc_p0": 0.0475, "plu_last_p0": 0.0147, "plu_med_p0": 0.03515, "problems": [], "rc": 0, "rep": 7, "seconds": 12.635732, "seed": "42", "src": 21152, "status": "LIVE", "summary": true, "truth_egress_p0": 27576, "truth_gso_p0": 3.29, "truth_loss_p0": 0.047759, "truth_lost_p0": 1317, "truth_rcvbuf_drops": 0, "util": 0.15195004135890186, "wall_s": 15.0, "winline_cli": true, "winline_srv": true}
=== rep=7 seed=42 cell=c3-25 arm=OLDa attempt=1 pipeline=window hint=auto spec=c3/c3/single bytes=25000000 bin=/home/vibe/v4/bin/old/raptorpath sha=f3743664cb48ad81 16:26:45
COTENANT c3-25-OLDa s42 rep=7 before=0 after=0 load=1.31 1.77 1.97
--- RWM-C perf pipeline=window mode=single hint=auto A=c3 B=c3 ooo=0 extra='' T=default (25000000 x 1) start=18:26:47
{"bytes":25000000,"dnf":0,"hint":"auto","max_s":13.2904,"mean_mbps":15.048,"mean_s":13.2904,"median_s":13.2904,"min_s":13.2904,"proto":"rp-native","runs":1,"stdev_s":0.0,"summary":true}
    CPU: CPUSRV=1.84s CPUCLI=2.64s (srv=decoder cli=sender; whole-invocation incl warmup)
    [TRUTH] leg=0 dev=cli0 egress_dgrams=29287 egress_skbs=9345 gso=3.13 netem_sent_dgrams=27841 netem_dropped_skbs=467 backlog=0 lost=1446 loss=0.049373 rcvbuf_drops=0 rcvbuf_scope=netns
RUNTIME c3-25-OLDa s42 rep=7 attempt=1 16s rc=0
V4ROW {"arm": "OLDa", "bin": "old", "bin_sha": "f3743664cb48ad81deef239d44710f4b12bf08f2db65c6d90fc5a947ed500035", "busy_last": 5.0, "busy_med": 8.0, "cad_cli": false, "cad_srv": false, "cadoff_cli": false, "cadoff_srv": false, "cell": "c3-25", "cod": 570, "coded_share": 0.026240677653991344, "cotenant": 0, "cpu_cli": 2.64, "cpu_srv": 1.84, "cpu_us_per_dgram": 90.14238399289788, "diag_lines": 52, "dnf": false, "egress_dgrams": 29287, "emb_echo_cli": false, "emb_echo_srv": false, "emb_gate_cli": 0, "emb_gate_srv": 0, "feed_ratio_p0": 0.9924452636056145, "gates_cli": true, "gates_srv": true, "gen_guard": false, "header": ["window", "auto"], "mbps": 15.048, "pa_cli": 0, "pa_srv": 0, "pipe_cli": ["window", "Rlc", "auto"], "pipe_srv": ["window", "Rlc", "auto"], "plc_p0": 0.049, "plu_last_p0": 0.0362, "plu_med_p0": 0.0514, "problems": [], "rc": 0, "rep": 7, "seconds": 13.290438, "seed": "42", "src": 21152, "status": "LIVE", "summary": true, "truth_egress_p0": 29287, "truth_gso_p0": 3.13, "truth_loss_p0": 0.049373, "truth_lost_p0": 1446, "truth_rcvbuf_drops": 0, "util": 0.19863905162493517, "wall_s": 16.0, "winline_cli": true, "winline_srv": true}
=== rep=7 seed=42 cell=c3-25 arm=EMB attempt=1 pipeline=window hint=bulk spec=c3/c3/single bytes=25000000 bin=/home/vibe/v4/bin/new/raptorpath sha=aa88d648def0b125 16:27:01
COTENANT c3-25-EMB s42 rep=7 before=0 after=0 load=1.09 1.69 1.94
--- RWM-C perf pipeline=window mode=single hint=bulk A=c3 B=c3 ooo=0 extra='' T=default (25000000 x 1) start=18:27:03
{"bytes":25000000,"dnf":0,"hint":"bulk","max_s":11.4677,"mean_mbps":17.44,"mean_s":11.4677,"median_s":11.4677,"min_s":11.4677,"proto":"rp-native","runs":1,"stdev_s":0.0,"summary":true}
    CPU: CPUSRV=1.59s CPUCLI=1.66s (srv=decoder cli=sender; whole-invocation incl warmup)
    [TRUTH] leg=0 dev=cli0 egress_dgrams=24782 egress_skbs=7013 gso=3.53 netem_sent_dgrams=23546 netem_dropped_skbs=354 backlog=0 lost=1236 loss=0.049875 rcvbuf_drops=0 rcvbuf_scope=netns
RUNTIME c3-25-EMB s42 rep=7 attempt=1 13s rc=0
V4ROW {"arm": "EMB", "bin": "new", "bin_sha": "aa88d648def0b1253985b9d9ad6955d2190277bebc09026aaa2b79ce64ebd262", "busy_last": 6.0, "busy_med": 5.0, "cad_cli": true, "cad_srv": true, "cadoff_cli": false, "cadoff_srv": false, "cell": "c3-25", "cod": 239, "coded_share": 0.011172923191996633, "cotenant": 0, "cpu_cli": 1.66, "cpu_srv": 1.59, "cpu_us_per_dgram": 66.98410136389315, "diag_lines": 46, "dnf": false, "egress_dgrams": 24782, "emb_echo_cli": true, "emb_echo_srv": true, "emb_gate_cli": 1, "emb_gate_srv": 1, "feed_ratio_p0": 0.9764411027568922, "gates_cli": true, "gates_srv": true, "gen_guard": false, "header": ["window", "bulk"], "mbps": 17.44, "pa_cli": 0, "pa_srv": 0, "pipe_cli": ["window", "Rlc", "bulk"], "pipe_srv": ["window", "Rlc", "bulk"], "plc_p0": 0.0487, "plu_last_p0": 0.1842, "plu_med_p0": 0.037750000000000006, "problems": [], "rc": 0, "rep": 7, "seconds": 11.467742, "seed": "42", "src": 21152, "status": "LIVE", "summary": true, "truth_egress_p0": 24782, "truth_gso_p0": 3.53, "truth_loss_p0": 0.049875, "truth_lost_p0": 1236, "truth_rcvbuf_drops": 0, "util": 0.14475386697747472, "wall_s": 13.0, "winline_cli": true, "winline_srv": true}
=== rep=7 seed=42 cell=c3-25 arm=NEW attempt=1 pipeline=window hint=bulk spec=c3/c3/single bytes=25000000 bin=/home/vibe/v4/bin/new/raptorpath sha=aa88d648def0b125 16:27:15
COTENANT c3-25-NEW s42 rep=7 before=0 after=0 load=0.85 1.61 1.91
--- RWM-C perf pipeline=window mode=single hint=bulk A=c3 B=c3 ooo=0 extra='' T=default (25000000 x 1) start=18:27:16
{"bytes":25000000,"dnf":0,"hint":"bulk","max_s":11.4602,"mean_mbps":17.452,"mean_s":11.4602,"median_s":11.4602,"min_s":11.4602,"proto":"rp-native","runs":1,"stdev_s":0.0,"summary":true}
    CPU: CPUSRV=1.60s CPUCLI=1.73s (srv=decoder cli=sender; whole-invocation incl warmup)
    [TRUTH] leg=0 dev=cli0 egress_dgrams=25476 egress_skbs=7512 gso=3.39 netem_sent_dgrams=24328 netem_dropped_skbs=379 backlog=0 lost=1148 loss=0.045062 rcvbuf_drops=0 rcvbuf_scope=netns
RUNTIME c3-25-NEW s42 rep=7 attempt=1 13s rc=0
V4ROW {"arm": "NEW", "bin": "new", "bin_sha": "aa88d648def0b1253985b9d9ad6955d2190277bebc09026aaa2b79ce64ebd262", "busy_last": 6.0, "busy_med": 6.0, "cad_cli": true, "cad_srv": true, "cadoff_cli": false, "cadoff_srv": false, "cell": "c3-25", "cod": 222, "coded_share": 0.010386450828108917, "cotenant": 0, "cpu_cli": 1.73, "cpu_srv": 1.6, "cpu_us_per_dgram": 67.90704977233474, "diag_lines": 45, "dnf": false, "egress_dgrams": 25476, "emb_echo_cli": false, "emb_echo_srv": false, "emb_gate_cli": 0, "emb_gate_srv": 0, "feed_ratio_p0": 0.9808708002307932, "gates_cli": true, "gates_srv": true, "gen_guard": false, "header": ["window", "bulk"], "mbps": 17.452, "pa_cli": 0, "pa_srv": 0, "pipe_cli": ["window", "Rlc", "bulk"], "pipe_srv": ["window", "Rlc", "bulk"], "plc_p0": 0.0442, "plu_last_p0": 0.0075, "plu_med_p0": 0.0259, "problems": [], "rc": 0, "rep": 7, "seconds": 11.460196, "seed": "42", "src": 21152, "status": "LIVE", "summary": true, "truth_egress_p0": 25476, "truth_gso_p0": 3.39, "truth_loss_p0": 0.045062, "truth_lost_p0": 1148, "truth_rcvbuf_drops": 0, "util": 0.1509572785666144, "wall_s": 13.0, "winline_cli": true, "winline_srv": true}
=== rep=7 seed=42 cell=c3-25 arm=OLD attempt=1 pipeline=window hint=bulk spec=c3/c3/single bytes=25000000 bin=/home/vibe/v4/bin/old/raptorpath sha=f3743664cb48ad81 16:27:28
COTENANT c3-25-OLD s42 rep=7 before=0 after=0 load=0.66 1.53 1.88
--- RWM-C perf pipeline=window mode=single hint=bulk A=c3 B=c3 ooo=0 extra='' T=default (25000000 x 1) start=18:27:30
{"bytes":25000000,"dnf":0,"hint":"bulk","max_s":11.5782,"mean_mbps":17.274,"mean_s":11.5782,"median_s":11.5782,"min_s":11.5782,"proto":"rp-native","runs":1,"stdev_s":0.0,"summary":true}
    CPU: CPUSRV=1.67s CPUCLI=2.23s (srv=decoder cli=sender; whole-invocation incl warmup)
    [TRUTH] leg=0 dev=cli0 egress_dgrams=25441 egress_skbs=7920 gso=3.21 netem_sent_dgrams=24143 netem_dropped_skbs=394 backlog=0 lost=1298 loss=0.051020 rcvbuf_drops=0 rcvbuf_scope=netns
RUNTIME c3-25-OLD s42 rep=7 attempt=1 13s rc=0
V4ROW {"arm": "OLD", "bin": "old", "bin_sha": "f3743664cb48ad81deef239d44710f4b12bf08f2db65c6d90fc5a947ed500035", "busy_last": 3.0, "busy_med": 7.0, "cad_cli": false, "cad_srv": false, "cadoff_cli": false, "cadoff_srv": false, "cell": "c3-25", "cod": 255, "coded_share": 0.011911991404680711, "cotenant": 0, "cpu_cli": 2.23, "cpu_srv": 1.67, "cpu_us_per_dgram": 87.65378719389962, "diag_lines": 46, "dnf": false, "egress_dgrams": 25441, "emb_echo_cli": false, "emb_echo_srv": false, "emb_gate_cli": 0, "emb_gate_srv": 0, "feed_ratio_p0": 1.0074480595844766, "gates_cli": true, "gates_srv": true, "gen_guard": false, "header": ["window", "bulk"], "mbps": 17.274, "pa_cli": 0, "pa_srv": 0, "pipe_cli": ["window", "Rlc", "bulk"], "pipe_srv": ["window", "Rlc", "bulk"], "plc_p0": 0.0514, "plu_last_p0": 0.1364, "plu_med_p0": 0.04975, "problems": [], "rc": 0, "rep": 7, "seconds": 11.578248, "seed": "42", "src": 21152, "status": "LIVE", "summary": true, "truth_egress_p0": 25441, "truth_gso_p0": 3.21, "truth_loss_p0": 0.05102, "truth_lost_p0": 1298, "truth_rcvbuf_drops": 0, "util": 0.19260254228446305, "wall_s": 13.0, "winline_cli": true, "winline_srv": true}
=== rep=7 seed=42 cell=c7-100 arm=NEW attempt=1 pipeline=window hint=bulk spec=c2/c2/dual bytes=100000000 bin=/home/vibe/v4/bin/new/raptorpath sha=aa88d648def0b125 16:27:42
COTENANT c7-100-NEW s42 rep=7 before=0 after=0 load=1.01 1.59 1.89
--- RWM-C perf pipeline=window mode=dual hint=bulk A=c2 B=c2 ooo=0 extra='' T=default (100000000 x 1) start=18:27:44
{"bytes":100000000,"dnf":0,"hint":"bulk","max_s":4.8883,"mean_mbps":163.654,"mean_s":4.8883,"median_s":4.8883,"min_s":4.8883,"proto":"rp-native","runs":1,"stdev_s":0.0,"summary":true}
    CPU: CPUSRV=6.05s CPUCLI=5.51s (srv=decoder cli=sender; whole-invocation incl warmup)
    [TRUTH] leg=0 dev=cli0 egress_dgrams=45670 egress_skbs=14605 gso=3.13 netem_sent_dgrams=44388 netem_dropped_skbs=382 backlog=0 lost=1282 loss=0.028071 rcvbuf_drops=0 rcvbuf_scope=netns
    [TRUTH] leg=1 dev=cli1 egress_dgrams=46002 egress_skbs=12722 gso=3.62 netem_sent_dgrams=44972 netem_dropped_skbs=309 backlog=0 lost=1030 loss=0.022390 rcvbuf_drops=0 rcvbuf_scope=netns
RUNTIME c7-100-NEW s42 rep=7 attempt=1 7s rc=0
V4ROW {"arm": "NEW", "bin": "new", "bin_sha": "aa88d648def0b1253985b9d9ad6955d2190277bebc09026aaa2b79ce64ebd262", "busy_last": 25.0, "busy_med": 66.0, "cad_cli": true, "cad_srv": true, "cadoff_cli": false, "cadoff_srv": false, "cell": "c7-100", "cod": 519, "coded_share": 0.006097059549123034, "cotenant": 0, "cpu_cli": 5.51, "cpu_srv": 6.05, "cpu_us_per_dgram": 60.10559385635745, "diag_lines": 19, "dnf": false, "egress_dgrams": 91672, "emb_echo_cli": false, "emb_echo_srv": false, "emb_gate_cli": 0, "emb_gate_srv": 0, "feed_ratio_p0": 1.0010330946528445, "feed_ratio_p1": 1.0049129075480125, "gates_cli": true, "gates_srv": true, "gen_guard": false, "header": ["window", "bulk"], "mbps": 163.654, "pa_cli": 0, "pa_srv": 0, "pipe_cli": ["window", "Rlc", "bulk"], "pipe_srv": ["window", "Rlc", "bulk"], "plc_p0": 0.0281, "plc_p1": 0.0225, "plu_last_p0": 0.0136, "plu_last_p1": 0.0214, "plu_med_p0": 0.0201, "plu_med_p1": 0.0114, "problems": [], "rc": 0, "rep": 7, "seconds": 4.888347, "seed": "42", "src": 84604, "status": "LIVE", "summary": true, "truth_egress_p0": 45670, "truth_egress_p1": 46002, "truth_gso_p0": 3.13, "truth_gso_p1": 3.62, "truth_loss_p0": 0.028071, "truth_loss_p1": 0.02239, "truth_lost_p0": 1282, "truth_lost_p1": 1030, "truth_rcvbuf_drops": 0, "util": 1.1271703911363082, "wall_s": 7.0, "winline_cli": true, "winline_srv": true}
=== rep=7 seed=42 cell=c7-100 arm=OLD attempt=1 pipeline=window hint=bulk spec=c2/c2/dual bytes=100000000 bin=/home/vibe/v4/bin/old/raptorpath sha=f3743664cb48ad81 16:27:50
COTENANT c7-100-OLD s42 rep=7 before=0 after=0 load=0.93 1.56 1.88
--- RWM-C perf pipeline=window mode=dual hint=bulk A=c2 B=c2 ooo=0 extra='' T=default (100000000 x 1) start=18:27:51
{"bytes":100000000,"dnf":0,"hint":"bulk","max_s":4.5439,"mean_mbps":176.061,"mean_s":4.5439,"median_s":4.5439,"min_s":4.5439,"proto":"rp-native","runs":1,"stdev_s":0.0,"summary":true}
    CPU: CPUSRV=5.50s CPUCLI=6.64s (srv=decoder cli=sender; whole-invocation incl warmup)
    [TRUTH] leg=0 dev=cli0 egress_dgrams=45266 egress_skbs=12538 gso=3.61 netem_sent_dgrams=44172 netem_dropped_skbs=314 backlog=0 lost=1094 loss=0.024168 rcvbuf_drops=0 rcvbuf_scope=netns
    [TRUTH] leg=1 dev=cli1 egress_dgrams=46551 egress_skbs=14260 gso=3.26 netem_sent_dgrams=45459 netem_dropped_skbs=345 backlog=0 lost=1092 loss=0.023458 rcvbuf_drops=0 rcvbuf_scope=netns
RUNTIME c7-100-OLD s42 rep=7 attempt=1 6s rc=0
V4ROW {"arm": "OLD", "bin": "old", "bin_sha": "f3743664cb48ad81deef239d44710f4b12bf08f2db65c6d90fc5a947ed500035", "busy_last": 57.0, "busy_med": 80.5, "cad_cli": false, "cad_srv": false, "cadoff_cli": false, "cadoff_srv": false, "cell": "c7-100", "cod": 378, "coded_share": 0.004448000753100656, "cotenant": 0, "cpu_cli": 6.64, "cpu_srv": 5.5, "cpu_us_per_dgram": 72.31776250585403, "diag_lines": 18, "dnf": false, "egress_dgrams": 91817, "emb_echo_cli": false, "emb_echo_srv": false, "emb_gate_cli": 0, "emb_gate_srv": 0, "feed_ratio_p0": 0.9764978483945713, "feed_ratio_p1": 0.997527495950209, "gates_cli": true, "gates_srv": true, "gen_guard": false, "header": ["window", "bulk"], "mbps": 176.061, "pa_cli": 0, "pa_srv": 0, "pipe_cli": ["window", "Rlc", "bulk"], "pipe_srv": ["window", "Rlc", "bulk"], "plc_p0": 0.0236, "plc_p1": 0.0234, "plu_last_p0": 0.0379, "plu_last_p1": 0.0376, "plu_med_p0": 0.0355, "plu_med_p1": 0.04525, "problems": [], "rc": 0, "rep": 7, "seconds": 4.543887, "seed": "42", "src": 84604, "status": "LIVE", "summary": true, "truth_egress_p0": 45266, "truth_egress_p1": 46551, "truth_gso_p0": 3.61, "truth_gso_p1": 3.26, "truth_loss_p0": 0.024168, "truth_loss_p1": 0.023458, "truth_lost_p0": 1094, "truth_lost_p1": 1092, "truth_rcvbuf_drops": 0, "util": 1.4613039452785688, "wall_s": 6.0, "winline_cli": true, "winline_srv": true}
=== rep=7 seed=42 cell=c8-100 arm=NEW attempt=1 pipeline=window hint=bulk spec=c2/c3/dual bytes=100000000 bin=/home/vibe/v4/bin/new/raptorpath sha=aa88d648def0b125 16:27:56
COTENANT c8-100-NEW s42 rep=7 before=0 after=0 load=1.10 1.58 1.89
--- RWM-C perf pipeline=window mode=dual hint=bulk A=c2 B=c3 ooo=0 extra='' T=default (100000000 x 1) start=18:27:58
{"bytes":100000000,"dnf":0,"hint":"bulk","max_s":7.7171,"mean_mbps":103.666,"mean_s":7.7171,"median_s":7.7171,"min_s":7.7171,"proto":"rp-native","runs":1,"stdev_s":0.0,"summary":true}
    CPU: CPUSRV=5.84s CPUCLI=5.65s (srv=decoder cli=sender; whole-invocation incl warmup)
    [TRUTH] leg=0 dev=cli0 egress_dgrams=79842 egress_skbs=20076 gso=3.98 netem_sent_dgrams=77720 netem_dropped_skbs=521 backlog=0 lost=2122 loss=0.026577 rcvbuf_drops=0 rcvbuf_scope=netns
    [TRUTH] leg=1 dev=cli1 egress_dgrams=18614 egress_skbs=11569 gso=1.61 netem_sent_dgrams=17802 netem_dropped_skbs=506 backlog=0 lost=812 loss=0.043623 rcvbuf_drops=0 rcvbuf_scope=netns
RUNTIME c8-100-NEW s42 rep=7 attempt=1 10s rc=0
V4ROW {"arm": "NEW", "bin": "new", "bin_sha": "aa88d648def0b1253985b9d9ad6955d2190277bebc09026aaa2b79ce64ebd262", "busy_last": 29.0, "busy_med": 38.0, "cad_cli": true, "cad_srv": true, "cadoff_cli": false, "cadoff_srv": false, "cell": "c8-100", "cod": 587, "coded_share": 0.006890399220574943, "cotenant": 0, "cpu_cli": 5.65, "cpu_srv": 5.84, "cpu_us_per_dgram": 57.386040464776144, "diag_lines": 30, "dnf": false, "egress_dgrams": 98456, "emb_echo_cli": false, "emb_echo_srv": false, "emb_gate_cli": 0, "emb_gate_srv": 0, "feed_ratio_p0": 0.9895774541897129, "feed_ratio_p1": 1.0384430231758475, "gates_cli": true, "gates_srv": true, "gen_guard": false, "header": ["window", "bulk"], "mbps": 103.666, "pa_cli": 0, "pa_srv": 0, "pipe_cli": ["window", "Rlc", "bulk"], "pipe_srv": ["window", "Rlc", "bulk"], "plc_p0": 0.0263, "plc_p1": 0.0453, "plu_last_p0": 0.0231, "plu_last_p1": 0.0638, "plu_med_p0": 0.02255, "plu_med_p1": 0.0511, "problems": [], "rc": 0, "rep": 7, "seconds": 7.717078, "seed": "42", "src": 84604, "status": "LIVE", "summary": true, "truth_egress_p0": 79842, "truth_egress_p1": 18614, "truth_gso_p0": 3.98, "truth_gso_p1": 1.61, "truth_loss_p0": 0.026577, "truth_loss_p1": 0.043623, "truth_lost_p0": 2122, "truth_lost_p1": 812, "truth_rcvbuf_drops": 0, "util": 0.7321423989753635, "wall_s": 10.0, "winline_cli": true, "winline_srv": true}
=== rep=7 seed=42 cell=c8-100 arm=OLD attempt=1 pipeline=window hint=bulk spec=c2/c3/dual bytes=100000000 bin=/home/vibe/v4/bin/old/raptorpath sha=f3743664cb48ad81 16:28:06
COTENANT c8-100-OLD s42 rep=7 before=0 after=0 load=2.33 1.81 1.96
--- RWM-C perf pipeline=window mode=dual hint=bulk A=c2 B=c3 ooo=0 extra='' T=default (100000000 x 1) start=18:28:08
{"bytes":100000000,"dnf":0,"hint":"bulk","max_s":7.9473,"mean_mbps":100.664,"mean_s":7.9473,"median_s":7.9473,"min_s":7.9473,"proto":"rp-native","runs":1,"stdev_s":0.0,"summary":true}
    CPU: CPUSRV=6.00s CPUCLI=7.72s (srv=decoder cli=sender; whole-invocation incl warmup)
    [TRUTH] leg=0 dev=cli0 egress_dgrams=76643 egress_skbs=19047 gso=4.02 netem_sent_dgrams=74715 netem_dropped_skbs=500 backlog=0 lost=1928 loss=0.025156 rcvbuf_drops=0 rcvbuf_scope=netns
    [TRUTH] leg=1 dev=cli1 egress_dgrams=19040 egress_skbs=12626 gso=1.51 netem_sent_dgrams=18261 netem_dropped_skbs=545 backlog=0 lost=779 loss=0.040914 rcvbuf_drops=0 rcvbuf_scope=netns
RUNTIME c8-100-OLD s42 rep=7 attempt=1 10s rc=0
V4ROW {"arm": "OLD", "bin": "old", "bin_sha": "f3743664cb48ad81deef239d44710f4b12bf08f2db65c6d90fc5a947ed500035", "busy_last": 29.0, "busy_med": 50.0, "cad_cli": false, "cad_srv": false, "cadoff_cli": false, "cadoff_srv": false, "cell": "c8-100", "cod": 599, "coded_share": 0.007030268887245754, "cotenant": 0, "cpu_cli": 7.72, "cpu_srv": 6.0, "cpu_us_per_dgram": 80.68308894997021, "diag_lines": 31, "dnf": false, "egress_dgrams": 95683, "emb_echo_cli": false, "emb_echo_srv": false, "emb_gate_cli": 0, "emb_gate_srv": 0, "feed_ratio_p0": 1.005724280489744, "feed_ratio_p1": 0.9678838539375276, "gates_cli": true, "gates_srv": true, "gen_guard": false, "header": ["window", "bulk"], "mbps": 100.664, "pa_cli": 0, "pa_srv": 0, "pipe_cli": ["window", "Rlc", "bulk"], "pipe_srv": ["window", "Rlc", "bulk"], "plc_p0": 0.0253, "plc_p1": 0.0396, "plu_last_p0": 0.1272, "plu_last_p1": 0.0414, "plu_med_p0": 0.0356, "plu_med_p1": 0.0773, "problems": [], "rc": 0, "rep": 7, "seconds": 7.947269, "seed": "42", "src": 84604, "status": "LIVE", "summary": true, "truth_egress_p0": 76643, "truth_egress_p1": 19040, "truth_gso_p0": 4.02, "truth_gso_p1": 1.51, "truth_loss_p0": 0.025156, "truth_loss_p1": 0.040914, "truth_lost_p0": 1928, "truth_lost_p1": 779, "truth_rcvbuf_drops": 0, "util": 0.9714028806625269, "wall_s": 10.0, "winline_cli": true, "winline_srv": true}
BLOCK-COMPLETE rep=7 seed=42 block=12 2026-10-04T16:28:17Z
=== rep=7 seed=7 cell=c1s-400 arm=OLD attempt=1 pipeline=window hint=bulk spec=c1/c1/single bytes=400000000 bin=/home/vibe/v4/bin/old/raptorpath sha=f3743664cb48ad81 16:28:17
COTENANT c1s-400-OLD s7 rep=7 before=0 after=0 load=2.65 1.90 1.99
--- RWM-C perf pipeline=window mode=single hint=bulk A=c1 B=c1 ooo=0 extra='' T=default (400000000 x 1) start=18:28:18
{"bytes":400000000,"dnf":0,"hint":"bulk","max_s":10.9419,"mean_mbps":292.454,"mean_s":10.9419,"median_s":10.9419,"min_s":10.9419,"proto":"rp-native","runs":1,"stdev_s":0.0,"summary":true}
    CPU: CPUSRV=12.45s CPUCLI=15.02s (srv=decoder cli=sender; whole-invocation incl warmup)
    [TRUTH] leg=0 dev=cli0 egress_dgrams=343362 egress_skbs=40586 gso=8.46 netem_sent_dgrams=342896 netem_dropped_skbs=52 backlog=0 lost=466 loss=0.001357 rcvbuf_drops=42 rcvbuf_scope=netns
RUNTIME c1s-400-OLD s7 rep=7 attempt=1 12s rc=0
V4ROW {"arm": "OLD", "bin": "old", "bin_sha": "f3743664cb48ad81deef239d44710f4b12bf08f2db65c6d90fc5a947ed500035", "busy_last": 59.0, "busy_med": 53.0, "cad_cli": false, "cad_srv": false, "cadoff_cli": false, "cadoff_srv": false, "cell": "c1s-400", "cod": 109, "coded_share": 0.00032778800235766785, "cotenant": 0, "cpu_cli": 15.02, "cpu_srv": 12.45, "cpu_us_per_dgram": 43.74392041052883, "diag_lines": 43, "dnf": false, "egress_dgrams": 343362, "emb_echo_cli": false, "emb_echo_srv": false, "emb_gate_cli": 0, "emb_gate_srv": 0, "feed_ratio_p0": 1.915991156963891, "gates_cli": true, "gates_srv": true, "gen_guard": false, "header": ["window", "bulk"], "mbps": 292.454, "pa_cli": 0, "pa_srv": 0, "pipe_cli": ["window", "Rlc", "bulk"], "pipe_srv": ["window", "Rlc", "bulk"], "plc_p0": 0.0026, "plu_last_p0": 0.0354, "plu_med_p0": 0.0354, "problems": [], "rc": 0, "rep": 7, "seconds": 10.941894, "seed": "7", "src": 332423, "status": "LIVE", "summary": true, "truth_egress_p0": 343362, "truth_gso_p0": 8.46, "truth_loss_p0": 0.001357, "truth_lost_p0": 466, "truth_rcvbuf_drops": 42, "util": 1.3727056760008824, "wall_s": 12.0, "winline_cli": true, "winline_srv": true}
=== rep=7 seed=7 cell=c1s-400 arm=EMB attempt=1 pipeline=window hint=bulk spec=c1/c1/single bytes=400000000 bin=/home/vibe/v4/bin/new/raptorpath sha=aa88d648def0b125 16:28:30
COTENANT c1s-400-EMB s7 rep=7 before=0 after=0 load=2.86 1.97 2.01
--- RWM-C perf pipeline=window mode=single hint=bulk A=c1 B=c1 ooo=0 extra='' T=default (400000000 x 1) start=18:28:31
{"bytes":400000000,"dnf":0,"hint":"bulk","max_s":6.7282,"mean_mbps":475.613,"mean_s":6.7282,"median_s":6.7282,"min_s":6.7282,"proto":"rp-native","runs":1,"stdev_s":0.0,"summary":true}
    CPU: CPUSRV=8.61s CPUCLI=5.84s (srv=decoder cli=sender; whole-invocation incl warmup)
    [TRUTH] leg=0 dev=cli0 egress_dgrams=341410 egress_skbs=36724 gso=9.30 netem_sent_dgrams=341049 netem_dropped_skbs=40 backlog=0 lost=361 loss=0.001057 rcvbuf_drops=58 rcvbuf_scope=netns
RUNTIME c1s-400-EMB s7 rep=7 attempt=1 8s rc=0
V4ROW {"arm": "EMB", "bin": "new", "bin_sha": "aa88d648def0b1253985b9d9ad6955d2190277bebc09026aaa2b79ce64ebd262", "busy_last": 37.0, "busy_med": 33.0, "cad_cli": true, "cad_srv": true, "cadoff_cli": false, "cadoff_srv": false, "cell": "c1s-400", "cod": 139, "coded_share": 0.00041057450893516466, "cotenant": 0, "cpu_cli": 5.84, "cpu_srv": 8.61, "cpu_us_per_dgram": 17.105532936937994, "diag_lines": 26, "dnf": false, "egress_dgrams": 341410, "emb_echo_cli": true, "emb_echo_srv": true, "emb_gate_cli": 1, "emb_gate_srv": 1, "feed_ratio_p0": 2.649006622516556, "gates_cli": true, "gates_srv": true, "gen_guard": false, "header": ["window", "bulk"], "mbps": 475.613, "pa_cli": 0, "pa_srv": 0, "pipe_cli": ["window", "Rlc", "bulk"], "pipe_srv": ["window", "Rlc", "bulk"], "plc_p0": 0.0028, "plu_last_p0": 0.1686, "plu_med_p0": 0.0003, "problems": [], "rc": 0, "rep": 7, "seconds": 6.728166, "seed": "7", "src": 338411, "status": "LIVE", "summary": true, "truth_egress_p0": 341410, "truth_gso_p0": 9.3, "truth_loss_p0": 0.001057, "truth_lost_p0": 361, "truth_rcvbuf_drops": 58, "util": 0.867992852732825, "wall_s": 8.0, "winline_cli": true, "winline_srv": true}
=== rep=7 seed=7 cell=c1s-400 arm=NEW attempt=1 pipeline=window hint=bulk spec=c1/c1/single bytes=400000000 bin=/home/vibe/v4/bin/new/raptorpath sha=aa88d648def0b125 16:28:39
COTENANT c1s-400-NEW s7 rep=7 before=0 after=0 load=2.97 2.02 2.02
--- RWM-C perf pipeline=window mode=single hint=bulk A=c1 B=c1 ooo=0 extra='' T=default (400000000 x 1) start=18:28:40
{"bytes":400000000,"dnf":0,"hint":"bulk","max_s":6.6734,"mean_mbps":479.519,"mean_s":6.6734,"median_s":6.6734,"min_s":6.6734,"proto":"rp-native","runs":1,"stdev_s":0.0,"summary":true}
    CPU: CPUSRV=8.55s CPUCLI=8.12s (srv=decoder cli=sender; whole-invocation incl warmup)
    [TRUTH] leg=0 dev=cli0 egress_dgrams=341528 egress_skbs=36575 gso=9.34 netem_sent_dgrams=341128 netem_dropped_skbs=40 backlog=0 lost=400 loss=0.001171 rcvbuf_drops=137 rcvbuf_scope=netns
RUNTIME c1s-400-NEW s7 rep=7 attempt=1 8s rc=0
V4ROW {"arm": "NEW", "bin": "new", "bin_sha": "aa88d648def0b1253985b9d9ad6955d2190277bebc09026aaa2b79ce64ebd262", "busy_last": 51.0, "busy_med": 46.0, "cad_cli": true, "cad_srv": true, "cadoff_cli": false, "cadoff_srv": false, "cell": "c1s-400", "cod": 210, "coded_share": 0.0006383114534351795, "cotenant": 0, "cpu_cli": 8.12, "cpu_srv": 8.55, "cpu_us_per_dgram": 23.775503033426247, "diag_lines": 26, "dnf": false, "egress_dgrams": 341528, "emb_echo_cli": false, "emb_echo_srv": false, "emb_gate_cli": 0, "emb_gate_srv": 0, "feed_ratio_p0": 4.526046114432109, "gates_cli": true, "gates_srv": true, "gen_guard": false, "header": ["window", "bulk"], "mbps": 479.519, "pa_cli": 0, "pa_srv": 0, "pipe_cli": ["window", "Rlc", "bulk"], "pipe_srv": ["window", "Rlc", "bulk"], "plc_p0": 0.0053, "plu_last_p0": 0.0005, "plu_med_p0": 0.0004, "problems": [], "rc": 0, "rep": 7, "seconds": 6.673361, "seed": "7", "src": 328783, "status": "LIVE", "summary": true, "truth_egress_p0": 341528, "truth_gso_p0": 9.34, "truth_loss_p0": 0.001171, "truth_lost_p0": 400, "truth_rcvbuf_drops": 137, "util": 1.2167781721983868, "wall_s": 8.0, "winline_cli": true, "winline_srv": true}
=== rep=7 seed=7 cell=c1d-400 arm=OLD attempt=1 pipeline=window hint=bulk spec=c1/c1/dual bytes=400000000 bin=/home/vibe/v4/bin/old/raptorpath sha=f3743664cb48ad81 16:28:47
COTENANT c1d-400-OLD s7 rep=7 before=0 after=0 load=3.51 2.19 2.08
--- RWM-C perf pipeline=window mode=dual hint=bulk A=c1 B=c1 ooo=0 extra='' T=default (400000000 x 1) start=18:28:49
{"bytes":400000000,"dnf":0,"hint":"bulk","max_s":16.3734,"mean_mbps":195.439,"mean_s":16.3734,"median_s":16.3734,"min_s":16.3734,"proto":"rp-native","runs":1,"stdev_s":0.0,"summary":true}
    CPU: CPUSRV=20.51s CPUCLI=28.48s (srv=decoder cli=sender; whole-invocation incl warmup)
    [TRUTH] leg=0 dev=cli0 egress_dgrams=172513 egress_skbs=61766 gso=2.79 netem_sent_dgrams=172372 netem_dropped_skbs=62 backlog=0 lost=141 loss=0.000817 rcvbuf_drops=14 rcvbuf_scope=netns
    [TRUTH] leg=1 dev=cli1 egress_dgrams=186619 egress_skbs=65832 gso=2.83 netem_sent_dgrams=186459 netem_dropped_skbs=56 backlog=0 lost=160 loss=0.000857 rcvbuf_drops=14 rcvbuf_scope=netns
RUNTIME c1d-400-OLD s7 rep=7 attempt=1 19s rc=0
V4ROW {"arm": "OLD", "bin": "old", "bin_sha": "f3743664cb48ad81deef239d44710f4b12bf08f2db65c6d90fc5a947ed500035", "busy_last": 89.0, "busy_med": 87.0, "cad_cli": false, "cad_srv": false, "cadoff_cli": false, "cadoff_srv": false, "cell": "c1d-400", "cod": 163, "coded_share": 0.0004851407056862658, "cotenant": 0, "cpu_cli": 28.48, "cpu_srv": 20.51, "cpu_us_per_dgram": 79.3023178107214, "diag_lines": 65, "dnf": false, "egress_dgrams": 359132, "emb_echo_cli": false, "emb_echo_srv": false, "emb_gate_cli": 0, "emb_gate_srv": 0, "feed_ratio_p0": 1.2239902080783354, "feed_ratio_p1": 1.633605600933489, "gates_cli": true, "gates_srv": true, "gen_guard": false, "header": ["window", "bulk"], "mbps": 195.439, "pa_cli": 0, "pa_srv": 0, "pipe_cli": ["window", "Rlc", "bulk"], "pipe_srv": ["window", "Rlc", "bulk"], "plc_p0": 0.001, "plc_p1": 0.0014, "plu_last_p0": 0.0354, "plu_last_p1": 0.0354, "plu_med_p0": 0.0354, "plu_med_p1": 0.0354, "problems": [], "rc": 0, "rep": 7, "seconds": 16.373356, "seed": "7", "src": 335822, "status": "LIVE", "summary": true, "truth_egress_p0": 172513, "truth_egress_p1": 186619, "truth_gso_p0": 2.79, "truth_gso_p1": 2.83, "truth_loss_p0": 0.000817, "truth_loss_p1": 0.000857, "truth_lost_p0": 141, "truth_lost_p1": 160, "truth_rcvbuf_drops": 14, "util": 1.7394112728019837, "wall_s": 19.0, "winline_cli": true, "winline_srv": true}
=== rep=7 seed=7 cell=c1d-400 arm=NEW attempt=1 pipeline=window hint=bulk spec=c1/c1/dual bytes=400000000 bin=/home/vibe/v4/bin/new/raptorpath sha=aa88d648def0b125 16:29:06
COTENANT c1d-400-NEW s7 rep=7 before=0 after=0 load=3.78 2.31 2.12
--- RWM-C perf pipeline=window mode=dual hint=bulk A=c1 B=c1 ooo=0 extra='' T=default (400000000 x 1) start=18:29:08
{"bytes":400000000,"dnf":0,"hint":"bulk","max_s":9.7247,"mean_mbps":329.059,"mean_s":9.7247,"median_s":9.7247,"min_s":9.7247,"proto":"rp-native","runs":1,"stdev_s":0.0,"summary":true}
    CPU: CPUSRV=14.52s CPUCLI=15.50s (srv=decoder cli=sender; whole-invocation incl warmup)
    [TRUTH] leg=0 dev=cli0 egress_dgrams=201225 egress_skbs=52279 gso=3.85 netem_sent_dgrams=200977 netem_dropped_skbs=58 backlog=0 lost=248 loss=0.001232 rcvbuf_drops=23 rcvbuf_scope=netns
    [TRUTH] leg=1 dev=cli1 egress_dgrams=147658 egress_skbs=46845 gso=3.15 netem_sent_dgrams=147503 netem_dropped_skbs=47 backlog=0 lost=155 loss=0.001050 rcvbuf_drops=23 rcvbuf_scope=netns
RUNTIME c1d-400-NEW s7 rep=7 attempt=1 12s rc=0
V4ROW {"arm": "NEW", "bin": "new", "bin_sha": "aa88d648def0b1253985b9d9ad6955d2190277bebc09026aaa2b79ce64ebd262", "busy_last": 83.0, "busy_med": 82.0, "cad_cli": true, "cad_srv": true, "cadoff_cli": false, "cadoff_srv": false, "cell": "c1d-400", "cod": 122, "coded_share": 0.0003689345050531931, "cotenant": 0, "cpu_cli": 15.5, "cpu_srv": 14.52, "cpu_us_per_dgram": 44.42750148330529, "diag_lines": 38, "dnf": false, "egress_dgrams": 348883, "emb_echo_cli": false, "emb_echo_srv": false, "emb_gate_cli": 0, "emb_gate_srv": 0, "feed_ratio_p0": 1.461038961038961, "feed_ratio_p1": 1.7142857142857144, "gates_cli": true, "gates_srv": true, "gen_guard": false, "header": ["window", "bulk"], "mbps": 329.059, "pa_cli": 0, "pa_srv": 0, "pipe_cli": ["window", "Rlc", "bulk"], "pipe_srv": ["window", "Rlc", "bulk"], "plc_p0": 0.0018, "plc_p1": 0.0018, "plu_last_p0": 0.0006, "plu_last_p1": 0.0005, "plu_med_p0": 0.001, "plu_med_p1": 0.0010500000000000002, "problems": [], "rc": 0, "rep": 7, "seconds": 9.724698, "seed": "7", "src": 330560, "status": "LIVE", "summary": true, "truth_egress_p0": 201225, "truth_egress_p1": 147658, "truth_gso_p0": 3.85, "truth_gso_p1": 3.15, "truth_loss_p0": 0.001232, "truth_loss_p1": 0.00105, "truth_lost_p0": 248, "truth_lost_p1": 155, "truth_rcvbuf_drops": 23, "util": 1.5938798305099038, "wall_s": 12.0, "winline_cli": true, "winline_srv": true}
=== rep=7 seed=7 cell=c2-100 arm=OLDa attempt=1 pipeline=window hint=auto spec=c2/c2/single bytes=100000000 bin=/home/vibe/v4/bin/old/raptorpath sha=f3743664cb48ad81 16:29:18
COTENANT c2-100-OLDa s7 rep=7 before=0 after=0 load=3.51 2.30 2.12
--- RWM-C perf pipeline=window mode=single hint=auto A=c2 B=c2 ooo=0 extra='' T=default (100000000 x 1) start=18:29:19
{"bytes":100000000,"dnf":0,"hint":"auto","max_s":11.055,"mean_mbps":72.365,"mean_s":11.055,"median_s":11.055,"min_s":11.055,"proto":"rp-native","runs":1,"stdev_s":0.0,"summary":true}
    CPU: CPUSRV=6.35s CPUCLI=6.46s (srv=decoder cli=sender; whole-invocation incl warmup)
    [TRUTH] leg=0 dev=cli0 egress_dgrams=114810 egress_skbs=27662 gso=4.15 netem_sent_dgrams=111735 netem_dropped_skbs=692 backlog=0 lost=3075 loss=0.026783 rcvbuf_drops=0 rcvbuf_scope=netns
RUNTIME c2-100-OLDa s7 rep=7 attempt=1 13s rc=0
V4ROW {"arm": "OLDa", "bin": "old", "bin_sha": "f3743664cb48ad81deef239d44710f4b12bf08f2db65c6d90fc5a947ed500035", "busy_last": 14.0, "busy_med": 25.0, "cad_cli": false, "cad_srv": false, "cadoff_cli": false, "cadoff_srv": false, "cell": "c2-100", "cod": 20704, "coded_share": 0.19660424659095224, "cotenant": 0, "cpu_cli": 6.46, "cpu_srv": 6.35, "cpu_us_per_dgram": 56.266875707690964, "diag_lines": 44, "dnf": false, "egress_dgrams": 114810, "emb_echo_cli": false, "emb_echo_srv": false, "emb_gate_cli": 0, "emb_gate_srv": 0, "feed_ratio_p0": 1.0118358660344247, "gates_cli": true, "gates_srv": true, "gen_guard": false, "header": ["window", "auto"], "mbps": 72.365, "pa_cli": 0, "pa_srv": 0, "pipe_cli": ["window", "Rlc", "auto"], "pipe_srv": ["window", "Rlc", "auto"], "plc_p0": 0.0271, "plu_last_p0": 0.0354, "plu_med_p0": 0.035449999999999995, "problems": [], "rc": 0, "rep": 7, "seconds": 11.055038, "seed": "7", "src": 84604, "status": "LIVE", "summary": true, "truth_egress_p0": 114810, "truth_gso_p0": 4.15, "truth_loss_p0": 0.026783, "truth_lost_p0": 3075, "truth_rcvbuf_drops": 0, "util": 0.584348963793702, "wall_s": 13.0, "winline_cli": true, "winline_srv": true}
=== rep=7 seed=7 cell=c2-100 arm=EMB attempt=1 pipeline=window hint=bulk spec=c2/c2/single bytes=100000000 bin=/home/vibe/v4/bin/new/raptorpath sha=aa88d648def0b125 16:29:31
COTENANT c2-100-EMB s7 rep=7 before=0 after=0 load=2.96 2.24 2.10
--- RWM-C perf pipeline=window mode=single hint=bulk A=c2 B=c2 ooo=0 extra='' T=default (100000000 x 1) start=18:29:33
{"bytes":100000000,"dnf":0,"hint":"bulk","max_s":9.1049,"mean_mbps":87.864,"mean_s":9.1049,"median_s":9.1049,"min_s":9.1049,"proto":"rp-native","runs":1,"stdev_s":0.0,"summary":true}
    CPU: CPUSRV=4.75s CPUCLI=3.02s (srv=decoder cli=sender; whole-invocation incl warmup)
    [TRUTH] leg=0 dev=cli0 egress_dgrams=88003 egress_skbs=14166 gso=6.21 netem_sent_dgrams=85740 netem_dropped_skbs=363 backlog=0 lost=2263 loss=0.025715 rcvbuf_drops=0 rcvbuf_scope=netns
RUNTIME c2-100-EMB s7 rep=7 attempt=1 11s rc=0
V4ROW {"arm": "EMB", "bin": "new", "bin_sha": "aa88d648def0b1253985b9d9ad6955d2190277bebc09026aaa2b79ce64ebd262", "busy_last": 8.0, "busy_med": 12.0, "cad_cli": true, "cad_srv": true, "cadoff_cli": false, "cadoff_srv": false, "cell": "c2-100", "cod": 414, "coded_share": 0.004869557034980827, "cotenant": 0, "cpu_cli": 3.02, "cpu_srv": 4.75, "cpu_us_per_dgram": 34.31701192004818, "diag_lines": 36, "dnf": false, "egress_dgrams": 88003, "emb_echo_cli": true, "emb_echo_srv": true, "emb_gate_cli": 1, "emb_gate_srv": 1, "feed_ratio_p0": 0.9955279020027222, "gates_cli": true, "gates_srv": true, "gen_guard": false, "header": ["window", "bulk"], "mbps": 87.864, "pa_cli": 0, "pa_srv": 0, "pipe_cli": ["window", "Rlc", "bulk"], "pipe_srv": ["window", "Rlc", "bulk"], "plc_p0": 0.0256, "plu_last_p0": 0.0103, "plu_med_p0": 0.0104, "problems": [], "rc": 0, "rep": 7, "seconds": 9.10494, "seed": "7", "src": 84604, "status": "LIVE", "summary": true, "truth_egress_p0": 88003, "truth_gso_p0": 6.21, "truth_loss_p0": 0.025715, "truth_lost_p0": 2263, "truth_rcvbuf_drops": 0, "util": 0.33168807262870487, "wall_s": 11.0, "winline_cli": true, "winline_srv": true}
=== rep=7 seed=7 cell=c2-100 arm=NEW attempt=1 pipeline=window hint=bulk spec=c2/c2/single bytes=100000000 bin=/home/vibe/v4/bin/new/raptorpath sha=aa88d648def0b125 16:29:42
COTENANT c2-100-NEW s7 rep=7 before=0 after=0 load=2.50 2.16 2.08
--- RWM-C perf pipeline=window mode=single hint=bulk A=c2 B=c2 ooo=0 extra='' T=default (100000000 x 1) start=18:29:44
{"bytes":100000000,"dnf":0,"hint":"bulk","max_s":9.1463,"mean_mbps":87.467,"mean_s":9.1463,"median_s":9.1463,"min_s":9.1463,"proto":"rp-native","runs":1,"stdev_s":0.0,"summary":true}
    CPU: CPUSRV=4.64s CPUCLI=3.45s (srv=decoder cli=sender; whole-invocation incl warmup)
    [TRUTH] leg=0 dev=cli0 egress_dgrams=90555 egress_skbs=17666 gso=5.13 netem_sent_dgrams=88350 netem_dropped_skbs=443 backlog=0 lost=2205 loss=0.024350 rcvbuf_drops=0 rcvbuf_scope=netns
RUNTIME c2-100-NEW s7 rep=7 attempt=1 11s rc=0
V4ROW {"arm": "NEW", "bin": "new", "bin_sha": "aa88d648def0b1253985b9d9ad6955d2190277bebc09026aaa2b79ce64ebd262", "busy_last": 17.0, "busy_med": 13.0, "cad_cli": true, "cad_srv": true, "cadoff_cli": false, "cadoff_srv": false, "cell": "c2-100", "cod": 381, "coded_share": 0.004495469133471776, "cotenant": 0, "cpu_cli": 3.45, "cpu_srv": 4.64, "cpu_us_per_dgram": 38.09839324167633, "diag_lines": 36, "dnf": false, "egress_dgrams": 90555, "emb_echo_cli": false, "emb_echo_srv": false, "emb_gate_cli": 0, "emb_gate_srv": 0, "feed_ratio_p0": 0.9609856262833676, "gates_cli": true, "gates_srv": true, "gen_guard": false, "header": ["window", "bulk"], "mbps": 87.467, "pa_cli": 0, "pa_srv": 0, "pipe_cli": ["window", "Rlc", "bulk"], "pipe_srv": ["window", "Rlc", "bulk"], "plc_p0": 0.0234, "plu_last_p0": 0.0313, "plu_med_p0": 0.0211, "problems": [], "rc": 0, "rep": 7, "seconds": 9.146288, "seed": "7", "src": 84371, "status": "LIVE", "summary": true, "truth_egress_p0": 90555, "truth_gso_p0": 5.13, "truth_loss_p0": 0.02435, "truth_lost_p0": 2205, "truth_rcvbuf_drops": 0, "util": 0.37720220487262157, "wall_s": 11.0, "winline_cli": true, "winline_srv": true}
=== rep=7 seed=7 cell=c2-100 arm=OLD attempt=1 pipeline=window hint=bulk spec=c2/c2/single bytes=100000000 bin=/home/vibe/v4/bin/old/raptorpath sha=f3743664cb48ad81 16:29:54
COTENANT c2-100-OLD s7 rep=7 before=0 after=0 load=2.51 2.17 2.08
--- RWM-C perf pipeline=window mode=single hint=bulk A=c2 B=c2 ooo=0 extra='' T=default (100000000 x 1) start=18:29:55
{"bytes":100000000,"dnf":0,"hint":"bulk","max_s":9.1689,"mean_mbps":87.252,"mean_s":9.1689,"median_s":9.1689,"min_s":9.1689,"proto":"rp-native","runs":1,"stdev_s":0.0,"summary":true}
    CPU: CPUSRV=4.94s CPUCLI=5.10s (srv=decoder cli=sender; whole-invocation incl warmup)
    [TRUTH] leg=0 dev=cli0 egress_dgrams=91529 egress_skbs=16871 gso=5.43 netem_sent_dgrams=89235 netem_dropped_skbs=412 backlog=0 lost=2294 loss=0.025063 rcvbuf_drops=0 rcvbuf_scope=netns
RUNTIME c2-100-OLD s7 rep=7 attempt=1 11s rc=0
V4ROW {"arm": "OLD", "bin": "old", "bin_sha": "f3743664cb48ad81deef239d44710f4b12bf08f2db65c6d90fc5a947ed500035", "busy_last": 19.0, "busy_med": 20.0, "cad_cli": false, "cad_srv": false, "cadoff_cli": false, "cadoff_srv": false, "cell": "c2-100", "cod": 404, "coded_share": 0.004774792875630828, "cotenant": 0, "cpu_cli": 5.1, "cpu_srv": 4.94, "cpu_us_per_dgram": 55.72004501305597, "diag_lines": 36, "dnf": false, "egress_dgrams": 91529, "emb_echo_cli": false, "emb_echo_srv": false, "emb_gate_cli": 0, "emb_gate_srv": 0, "feed_ratio_p0": 1.0134461157882138, "gates_cli": true, "gates_srv": true, "gen_guard": false, "header": ["window", "bulk"], "mbps": 87.252, "pa_cli": 0, "pa_srv": 0, "pipe_cli": ["window", "Rlc", "bulk"], "pipe_srv": ["window", "Rlc", "bulk"], "plc_p0": 0.0254, "plu_last_p0": 0.0445, "plu_med_p0": 0.0354, "problems": [], "rc": 0, "rep": 7, "seconds": 9.168891, "seed": "7", "src": 84207, "status": "LIVE", "summary": true, "truth_egress_p0": 91529, "truth_gso_p0": 5.43, "truth_loss_p0": 0.025063, "truth_lost_p0": 2294, "truth_rcvbuf_drops": 0, "util": 0.5562286649497741, "wall_s": 11.0, "winline_cli": true, "winline_srv": true}
=== rep=7 seed=7 cell=c2-100 arm=NEWa attempt=1 pipeline=window hint=auto spec=c2/c2/single bytes=100000000 bin=/home/vibe/v4/bin/new/raptorpath sha=aa88d648def0b125 16:30:05
COTENANT c2-100-NEWa s7 rep=7 before=0 after=0 load=2.17 2.11 2.06
--- RWM-C perf pipeline=window mode=single hint=auto A=c2 B=c2 ooo=0 extra='' T=default (100000000 x 1) start=18:30:06
{"bytes":100000000,"dnf":0,"hint":"auto","max_s":10.3191,"mean_mbps":77.526,"mean_s":10.3191,"median_s":10.3191,"min_s":10.3191,"proto":"rp-native","runs":1,"stdev_s":0.0,"summary":true}
    CPU: CPUSRV=5.64s CPUCLI=4.05s (srv=decoder cli=sender; whole-invocation incl warmup)
    [TRUTH] leg=0 dev=cli0 egress_dgrams=103022 egress_skbs=22435 gso=4.59 netem_sent_dgrams=100524 netem_dropped_skbs=540 backlog=0 lost=2498 loss=0.024247 rcvbuf_drops=0 rcvbuf_scope=netns
RUNTIME c2-100-NEWa s7 rep=7 attempt=1 12s rc=0
V4ROW {"arm": "NEWa", "bin": "new", "bin_sha": "aa88d648def0b1253985b9d9ad6955d2190277bebc09026aaa2b79ce64ebd262", "busy_last": 10.0, "busy_med": 14.0, "cad_cli": true, "cad_srv": true, "cadoff_cli": false, "cadoff_srv": false, "cell": "c2-100", "cod": 9987, "coded_share": 0.10558086921588734, "cotenant": 0, "cpu_cli": 4.05, "cpu_srv": 5.64, "cpu_us_per_dgram": 39.31199161344179, "diag_lines": 41, "dnf": false, "egress_dgrams": 103022, "emb_echo_cli": false, "emb_echo_srv": false, "emb_gate_cli": 0, "emb_gate_srv": 0, "feed_ratio_p0": 1.0063100589763683, "gates_cli": true, "gates_srv": true, "gen_guard": false, "header": ["window", "auto"], "mbps": 77.526, "pa_cli": 0, "pa_srv": 0, "pipe_cli": ["window", "Rlc", "auto"], "pipe_srv": ["window", "Rlc", "auto"], "plc_p0": 0.0244, "plu_last_p0": 0.025, "plu_med_p0": 0.0215, "problems": [], "rc": 0, "rep": 7, "seconds": 10.319055, "seed": "7", "src": 84604, "status": "LIVE", "summary": true, "truth_egress_p0": 103022, "truth_gso_p0": 4.59, "truth_loss_p0": 0.024247, "truth_lost_p0": 2498, "truth_rcvbuf_drops": 0, "util": 0.3924777995659486, "wall_s": 12.0, "winline_cli": true, "winline_srv": true}
=== rep=7 seed=7 cell=c3-25 arm=OLDa attempt=1 pipeline=window hint=auto spec=c3/c3/single bytes=25000000 bin=/home/vibe/v4/bin/old/raptorpath sha=f3743664cb48ad81 16:30:17
COTENANT c3-25-OLDa s7 rep=7 before=0 after=0 load=1.69 2.01 2.03
--- RWM-C perf pipeline=window mode=single hint=auto A=c3 B=c3 ooo=0 extra='' T=default (25000000 x 1) start=18:30:19
{"bytes":25000000,"dnf":0,"hint":"auto","max_s":13.5519,"mean_mbps":14.758,"mean_s":13.5519,"median_s":13.5519,"min_s":13.5519,"proto":"rp-native","runs":1,"stdev_s":0.0,"summary":true}
    CPU: CPUSRV=1.75s CPUCLI=2.55s (srv=decoder cli=sender; whole-invocation incl warmup)
    [TRUTH] leg=0 dev=cli0 egress_dgrams=30930 egress_skbs=9204 gso=3.36 netem_sent_dgrams=29418 netem_dropped_skbs=426 backlog=0 lost=1512 loss=0.048885 rcvbuf_drops=0 rcvbuf_scope=netns
RUNTIME c3-25-OLDa s7 rep=7 attempt=1 16s rc=0
V4ROW {"arm": "OLDa", "bin": "old", "bin_sha": "f3743664cb48ad81deef239d44710f4b12bf08f2db65c6d90fc5a947ed500035", "busy_last": 4.0, "busy_med": 7.0, "cad_cli": false, "cad_srv": false, "cadoff_cli": false, "cadoff_srv": false, "cell": "c3-25", "cod": 882, "coded_share": 0.0400290460197876, "cotenant": 0, "cpu_cli": 2.55, "cpu_srv": 1.75, "cpu_us_per_dgram": 82.44422890397672, "diag_lines": 54, "dnf": false, "egress_dgrams": 30930, "emb_echo_cli": false, "emb_echo_srv": false, "emb_gate_cli": 0, "emb_gate_srv": 0, "feed_ratio_p0": 1.004398077119771, "gates_cli": true, "gates_srv": true, "gen_guard": false, "header": ["window", "auto"], "mbps": 14.758, "pa_cli": 0, "pa_srv": 0, "pipe_cli": ["window", "Rlc", "auto"], "pipe_srv": ["window", "Rlc", "auto"], "plc_p0": 0.0491, "plu_last_p0": 0.052, "plu_med_p0": 0.048549999999999996, "problems": [], "rc": 0, "rep": 7, "seconds": 13.551898, "seed": "7", "src": 21152, "status": "LIVE", "summary": true, "truth_egress_p0": 30930, "truth_gso_p0": 3.36, "truth_loss_p0": 0.048885, "truth_lost_p0": 1512, "truth_rcvbuf_drops": 0, "util": 0.18816552485858437, "wall_s": 16.0, "winline_cli": true, "winline_srv": true}
=== rep=7 seed=7 cell=c3-25 arm=EMB attempt=1 pipeline=window hint=bulk spec=c3/c3/single bytes=25000000 bin=/home/vibe/v4/bin/new/raptorpath sha=aa88d648def0b125 16:30:33
COTENANT c3-25-EMB s7 rep=7 before=0 after=0 load=1.45 1.94 2.01
--- RWM-C perf pipeline=window mode=single hint=bulk A=c3 B=c3 ooo=0 extra='' T=default (25000000 x 1) start=18:30:35
{"bytes":25000000,"dnf":0,"hint":"bulk","max_s":11.5702,"mean_mbps":17.286,"mean_s":11.5702,"median_s":11.5702,"min_s":11.5702,"proto":"rp-native","runs":1,"stdev_s":0.0,"summary":true}
    CPU: CPUSRV=1.58s CPUCLI=1.69s (srv=decoder cli=sender; whole-invocation incl warmup)
    [TRUTH] leg=0 dev=cli0 egress_dgrams=26286 egress_skbs=7831 gso=3.36 netem_sent_dgrams=25068 netem_dropped_skbs=357 backlog=0 lost=1218 loss=0.046336 rcvbuf_drops=0 rcvbuf_scope=netns
RUNTIME c3-25-EMB s7 rep=7 attempt=1 14s rc=0
V4ROW {"arm": "EMB", "bin": "new", "bin_sha": "aa88d648def0b1253985b9d9ad6955d2190277bebc09026aaa2b79ce64ebd262", "busy_last": 3.0, "busy_med": 5.0, "cad_cli": true, "cad_srv": true, "cadoff_cli": false, "cadoff_srv": false, "cell": "c3-25", "cod": 221, "coded_share": 0.010340148785851308, "cotenant": 0, "cpu_cli": 1.69, "cpu_srv": 1.58, "cpu_us_per_dgram": 64.29277942631059, "diag_lines": 46, "dnf": false, "egress_dgrams": 26286, "emb_echo_cli": true, "emb_echo_srv": true, "emb_gate_cli": 1, "emb_gate_srv": 1, "feed_ratio_p0": 1.0056975138121547, "gates_cli": true, "gates_srv": true, "gen_guard": false, "header": ["window", "bulk"], "mbps": 17.286, "pa_cli": 0, "pa_srv": 0, "pipe_cli": ["window", "Rlc", "bulk"], "pipe_srv": ["window", "Rlc", "bulk"], "plc_p0": 0.0466, "plu_last_p0": 0.01, "plu_med_p0": 0.0193, "problems": [], "rc": 0, "rep": 7, "seconds": 11.57025, "seed": "7", "src": 21152, "status": "LIVE", "summary": true, "truth_egress_p0": 26286, "truth_gso_p0": 3.36, "truth_loss_p0": 0.046336, "truth_lost_p0": 1218, "truth_rcvbuf_drops": 0, "util": 0.1460642596313822, "wall_s": 14.0, "winline_cli": true, "winline_srv": true}
=== rep=7 seed=7 cell=c3-25 arm=NEW attempt=1 pipeline=window hint=bulk spec=c3/c3/single bytes=25000000 bin=/home/vibe/v4/bin/new/raptorpath sha=aa88d648def0b125 16:30:47
COTENANT c3-25-NEW s7 rep=7 before=0 after=0 load=1.23 1.88 1.99
--- RWM-C perf pipeline=window mode=single hint=bulk A=c3 B=c3 ooo=0 extra='' T=default (25000000 x 1) start=18:30:49
{"bytes":25000000,"dnf":0,"hint":"bulk","max_s":11.5023,"mean_mbps":17.388,"mean_s":11.5023,"median_s":11.5023,"min_s":11.5023,"proto":"rp-native","runs":1,"stdev_s":0.0,"summary":true}
    CPU: CPUSRV=1.66s CPUCLI=1.83s (srv=decoder cli=sender; whole-invocation incl warmup)
    [TRUTH] leg=0 dev=cli0 egress_dgrams=25026 egress_skbs=7168 gso=3.49 netem_sent_dgrams=23867 netem_dropped_skbs=318 backlog=0 lost=1159 loss=0.046312 rcvbuf_drops=0 rcvbuf_scope=netns
RUNTIME c3-25-NEW s7 rep=7 attempt=1 14s rc=0
V4ROW {"arm": "NEW", "bin": "new", "bin_sha": "aa88d648def0b1253985b9d9ad6955d2190277bebc09026aaa2b79ce64ebd262", "busy_last": 2.0, "busy_med": 6.0, "cad_cli": true, "cad_srv": true, "cadoff_cli": false, "cadoff_srv": false, "cell": "c3-25", "cod": 230, "coded_share": 0.010756711252455337, "cotenant": 0, "cpu_cli": 1.83, "cpu_srv": 1.66, "cpu_us_per_dgram": 73.1239510908655, "diag_lines": 46, "dnf": false, "egress_dgrams": 25026, "emb_echo_cli": false, "emb_echo_srv": false, "emb_gate_cli": 0, "emb_gate_srv": 0, "feed_ratio_p0": 0.9932630851615132, "gates_cli": true, "gates_srv": true, "gen_guard": false, "header": ["window", "bulk"], "mbps": 17.388, "pa_cli": 0, "pa_srv": 0, "pipe_cli": ["window", "Rlc", "bulk"], "pipe_srv": ["window", "Rlc", "bulk"], "plc_p0": 0.046, "plu_last_p0": 0.0305, "plu_med_p0": 0.03215, "problems": [], "rc": 0, "rep": 7, "seconds": 11.502252, "seed": "7", "src": 21152, "status": "LIVE", "summary": true, "truth_egress_p0": 25026, "truth_gso_p0": 3.49, "truth_loss_p0": 0.046312, "truth_lost_p0": 1159, "truth_rcvbuf_drops": 0, "util": 0.15909927899336582, "wall_s": 14.0, "winline_cli": true, "winline_srv": true}
=== rep=7 seed=7 cell=c3-25 arm=OLD attempt=1 pipeline=window hint=bulk spec=c3/c3/single bytes=25000000 bin=/home/vibe/v4/bin/old/raptorpath sha=f3743664cb48ad81 16:31:01
COTENANT c3-25-OLD s7 rep=7 before=0 after=0 load=1.18 1.84 1.97
--- RWM-C perf pipeline=window mode=single hint=bulk A=c3 B=c3 ooo=0 extra='' T=default (25000000 x 1) start=18:31:04
{"bytes":25000000,"dnf":0,"hint":"bulk","max_s":11.6118,"mean_mbps":17.224,"mean_s":11.6118,"median_s":11.6118,"min_s":11.6118,"proto":"rp-native","runs":1,"stdev_s":0.0,"summary":true}
    CPU: CPUSRV=1.61s CPUCLI=2.18s (srv=decoder cli=sender; whole-invocation incl warmup)
    [TRUTH] leg=0 dev=cli0 egress_dgrams=24977 egress_skbs=7465 gso=3.35 netem_sent_dgrams=23875 netem_dropped_skbs=340 backlog=0 lost=1102 loss=0.044121 rcvbuf_drops=0 rcvbuf_scope=netns
RUNTIME c3-25-OLD s7 rep=7 attempt=1 15s rc=0
V4ROW {"arm": "OLD", "bin": "old", "bin_sha": "f3743664cb48ad81deef239d44710f4b12bf08f2db65c6d90fc5a947ed500035", "busy_last": 8.0, "busy_med": 7.0, "cad_cli": false, "cad_srv": false, "cadoff_cli": false, "cadoff_srv": false, "cell": "c3-25", "cod": 220, "coded_share": 0.010293842410630732, "cotenant": 0, "cpu_cli": 2.18, "cpu_srv": 1.61, "cpu_us_per_dgram": 87.28029787404412, "diag_lines": 46, "dnf": false, "egress_dgrams": 24977, "emb_echo_cli": false, "emb_echo_srv": false, "emb_gate_cli": 0, "emb_gate_srv": 0, "feed_ratio_p0": 0.992724552933977, "gates_cli": true, "gates_srv": true, "gen_guard": false, "header": ["window", "bulk"], "mbps": 17.224, "pa_cli": 0, "pa_srv": 0, "pipe_cli": ["window", "Rlc", "bulk"], "pipe_srv": ["window", "Rlc", "bulk"], "plc_p0": 0.0438, "plu_last_p0": 0.0766, "plu_med_p0": 0.0422, "problems": [], "rc": 0, "rep": 7, "seconds": 11.611754, "seed": "7", "src": 21152, "status": "LIVE", "summary": true, "truth_egress_p0": 24977, "truth_gso_p0": 3.35, "truth_loss_p0": 0.044121, "truth_lost_p0": 1102, "truth_rcvbuf_drops": 0, "util": 0.18774080126051587, "wall_s": 15.0, "winline_cli": true, "winline_srv": true}
=== rep=7 seed=7 cell=c3-25 arm=NEWa attempt=1 pipeline=window hint=auto spec=c3/c3/single bytes=25000000 bin=/home/vibe/v4/bin/new/raptorpath sha=aa88d648def0b125 16:31:16
COTENANT c3-25-NEWa s7 rep=7 before=0 after=0 load=1.06 1.78 1.95
--- RWM-C perf pipeline=window mode=single hint=auto A=c3 B=c3 ooo=0 extra='' T=default (25000000 x 1) start=18:31:17
{"bytes":25000000,"dnf":0,"hint":"auto","max_s":12.696,"mean_mbps":15.753,"mean_s":12.696,"median_s":12.696,"min_s":12.696,"proto":"rp-native","runs":1,"stdev_s":0.0,"summary":true}
    CPU: CPUSRV=1.79s CPUCLI=1.91s (srv=decoder cli=sender; whole-invocation incl warmup)
    [TRUTH] leg=0 dev=cli0 egress_dgrams=29029 egress_skbs=9040 gso=3.21 netem_sent_dgrams=27719 netem_dropped_skbs=418 backlog=0 lost=1310 loss=0.045127 rcvbuf_drops=0 rcvbuf_scope=netns
RUNTIME c3-25-NEWa s7 rep=7 attempt=1 15s rc=0
V4ROW {"arm": "NEWa", "bin": "new", "bin_sha": "aa88d648def0b1253985b9d9ad6955d2190277bebc09026aaa2b79ce64ebd262", "busy_last": 2.0, "busy_med": 5.0, "cad_cli": true, "cad_srv": true, "cadoff_cli": false, "cadoff_srv": false, "cell": "c3-25", "cod": 1040, "coded_share": 0.04686373467916366, "cotenant": 0, "cpu_cli": 1.91, "cpu_srv": 1.79, "cpu_us_per_dgram": 65.79627269282442, "diag_lines": 50, "dnf": false, "egress_dgrams": 29029, "emb_echo_cli": false, "emb_echo_srv": false, "emb_gate_cli": 0, "emb_gate_srv": 0, "feed_ratio_p0": 0.994969752033151, "gates_cli": true, "gates_srv": true, "gen_guard": false, "header": ["window", "auto"], "mbps": 15.753, "pa_cli": 0, "pa_srv": 0, "pipe_cli": ["window", "Rlc", "auto"], "pipe_srv": ["window", "Rlc", "auto"], "plc_p0": 0.0449, "plu_last_p0": 0.0164, "plu_med_p0": 0.028999999999999998, "problems": [], "rc": 0, "rep": 7, "seconds": 12.696033, "seed": "7", "src": 21152, "status": "LIVE", "summary": true, "truth_egress_p0": 29029, "truth_gso_p0": 3.21, "truth_loss_p0": 0.045127, "truth_lost_p0": 1310, "truth_rcvbuf_drops": 0, "util": 0.15044069277387667, "wall_s": 15.0, "winline_cli": true, "winline_srv": true}
=== rep=7 seed=7 cell=c7-100 arm=OLD attempt=1 pipeline=window hint=bulk spec=c2/c2/dual bytes=100000000 bin=/home/vibe/v4/bin/old/raptorpath sha=f3743664cb48ad81 16:31:31
COTENANT c7-100-OLD s7 rep=7 before=0 after=0 load=1.45 1.83 1.97
--- RWM-C perf pipeline=window mode=dual hint=bulk A=c2 B=c2 ooo=0 extra='' T=default (100000000 x 1) start=18:31:32
{"bytes":100000000,"dnf":0,"hint":"bulk","max_s":4.5346,"mean_mbps":176.42,"mean_s":4.5346,"median_s":4.5346,"min_s":4.5346,"proto":"rp-native","runs":1,"stdev_s":0.0,"summary":true}
    CPU: CPUSRV=5.71s CPUCLI=6.74s (srv=decoder cli=sender; whole-invocation incl warmup)
    [TRUTH] leg=0 dev=cli0 egress_dgrams=46243 egress_skbs=15442 gso=2.99 netem_sent_dgrams=45139 netem_dropped_skbs=378 backlog=0 lost=1104 loss=0.023874 rcvbuf_drops=0 rcvbuf_scope=netns
    [TRUTH] leg=1 dev=cli1 egress_dgrams=45143 egress_skbs=14978 gso=3.01 netem_sent_dgrams=44107 netem_dropped_skbs=384 backlog=0 lost=1036 loss=0.022949 rcvbuf_drops=0 rcvbuf_scope=netns
RUNTIME c7-100-OLD s7 rep=7 attempt=1 6s rc=0
V4ROW {"arm": "OLD", "bin": "old", "bin_sha": "f3743664cb48ad81deef239d44710f4b12bf08f2db65c6d90fc5a947ed500035", "busy_last": 60.0, "busy_med": 78.0, "cad_cli": false, "cad_srv": false, "cadoff_cli": false, "cadoff_srv": false, "cell": "c7-100", "cod": 436, "coded_share": 0.0051269990592662275, "cotenant": 0, "cpu_cli": 6.74, "cpu_srv": 5.71, "cpu_us_per_dgram": 73.75309128312871, "diag_lines": 18, "dnf": false, "egress_dgrams": 91386, "emb_echo_cli": false, "emb_echo_srv": false, "emb_gate_cli": 0, "emb_gate_srv": 0, "feed_ratio_p0": 0.988523079500712, "feed_ratio_p1": 0.9847923656804217, "gates_cli": true, "gates_srv": true, "gen_guard": false, "header": ["window", "bulk"], "mbps": 176.42, "pa_cli": 0, "pa_srv": 0, "pipe_cli": ["window", "Rlc", "bulk"], "pipe_srv": ["window", "Rlc", "bulk"], "plc_p0": 0.0236, "plc_p1": 0.0226, "plu_last_p0": 0.0354, "plu_last_p1": 0.0355, "plu_med_p0": 0.045700000000000005, "plu_med_p1": 0.03555, "problems": [], "rc": 0, "rep": 7, "seconds": 4.534626, "seed": "7", "src": 84604, "status": "LIVE", "summary": true, "truth_egress_p0": 46243, "truth_egress_p1": 45143, "truth_gso_p0": 2.99, "truth_gso_p1": 3.01, "truth_loss_p0": 0.023874, "truth_loss_p1": 0.022949, "truth_lost_p0": 1104, "truth_lost_p1": 1036, "truth_rcvbuf_drops": 0, "util": 1.4863408801519684, "wall_s": 6.0, "winline_cli": true, "winline_srv": true}
=== rep=7 seed=7 cell=c7-100 arm=NEW attempt=1 pipeline=window hint=bulk spec=c2/c2/dual bytes=100000000 bin=/home/vibe/v4/bin/new/raptorpath sha=aa88d648def0b125 16:31:38
COTENANT c7-100-NEW s7 rep=7 before=0 after=0 load=1.42 1.82 1.96
--- RWM-C perf pipeline=window mode=dual hint=bulk A=c2 B=c2 ooo=0 extra='' T=default (100000000 x 1) start=18:31:39
{"bytes":100000000,"dnf":0,"hint":"bulk","max_s":4.8972,"mean_mbps":163.358,"mean_s":4.8972,"median_s":4.8972,"min_s":4.8972,"proto":"rp-native","runs":1,"stdev_s":0.0,"summary":true}
    CPU: CPUSRV=6.04s CPUCLI=5.52s (srv=decoder cli=sender; whole-invocation incl warmup)
    [TRUTH] leg=0 dev=cli0 egress_dgrams=47029 egress_skbs=16709 gso=2.81 netem_sent_dgrams=45941 netem_dropped_skbs=404 backlog=0 lost=1088 loss=0.023135 rcvbuf_drops=0 rcvbuf_scope=netns
    [TRUTH] leg=1 dev=cli1 egress_dgrams=46185 egress_skbs=14279 gso=3.23 netem_sent_dgrams=44898 netem_dropped_skbs=362 backlog=0 lost=1287 loss=0.027866 rcvbuf_drops=0 rcvbuf_scope=netns
RUNTIME c7-100-NEW s7 rep=7 attempt=1 7s rc=0
V4ROW {"arm": "NEW", "bin": "new", "bin_sha": "aa88d648def0b1253985b9d9ad6955d2190277bebc09026aaa2b79ce64ebd262", "busy_last": 21.0, "busy_med": 65.0, "cad_cli": true, "cad_srv": true, "cadoff_cli": false, "cadoff_srv": false, "cell": "c7-100", "cod": 506, "coded_share": 0.005945247326988603, "cotenant": 0, "cpu_cli": 5.52, "cpu_srv": 6.04, "cpu_us_per_dgram": 59.21857231746304, "diag_lines": 19, "dnf": false, "egress_dgrams": 93214, "emb_echo_cli": false, "emb_echo_srv": false, "emb_gate_cli": 0, "emb_gate_srv": 0, "feed_ratio_p0": 0.9898422303868598, "feed_ratio_p1": 1.0155745352759635, "gates_cli": true, "gates_srv": true, "gen_guard": false, "header": ["window", "bulk"], "mbps": 163.358, "pa_cli": 0, "pa_srv": 0, "pipe_cli": ["window", "Rlc", "bulk"], "pipe_srv": ["window", "Rlc", "bulk"], "plc_p0": 0.0229, "plc_p1": 0.0283, "plu_last_p0": 0.0287, "plu_last_p1": 0.0178, "plu_med_p0": 0.0205, "plu_med_p1": 0.0235, "problems": [], "rc": 0, "rep": 7, "seconds": 4.897222, "seed": "7", "src": 84604, "status": "LIVE", "summary": true, "truth_egress_p0": 47029, "truth_egress_p1": 46185, "truth_gso_p0": 2.81, "truth_gso_p1": 3.23, "truth_loss_p0": 0.023135, "truth_loss_p1": 0.027866, "truth_lost_p0": 1088, "truth_lost_p1": 1287, "truth_rcvbuf_drops": 0, "util": 1.1271696484251683, "wall_s": 7.0, "winline_cli": true, "winline_srv": true}
=== rep=7 seed=7 cell=c8-100 arm=OLD attempt=1 pipeline=window hint=bulk spec=c2/c3/dual bytes=100000000 bin=/home/vibe/v4/bin/old/raptorpath sha=f3743664cb48ad81 16:31:45
COTENANT c8-100-OLD s7 rep=7 before=0 after=0 load=1.36 1.79 1.95
--- RWM-C perf pipeline=window mode=dual hint=bulk A=c2 B=c3 ooo=0 extra='' T=default (100000000 x 1) start=18:31:46
{"bytes":100000000,"dnf":0,"hint":"bulk","max_s":7.6628,"mean_mbps":104.4,"mean_s":7.6628,"median_s":7.6628,"min_s":7.6628,"proto":"rp-native","runs":1,"stdev_s":0.0,"summary":true}
    CPU: CPUSRV=5.89s CPUCLI=7.65s (srv=decoder cli=sender; whole-invocation incl warmup)
    [TRUTH] leg=0 dev=cli0 egress_dgrams=76375 egress_skbs=18119 gso=4.22 netem_sent_dgrams=74432 netem_dropped_skbs=459 backlog=0 lost=1943 loss=0.025440 rcvbuf_drops=0 rcvbuf_scope=netns
    [TRUTH] leg=1 dev=cli1 egress_dgrams=18709 egress_skbs=12578 gso=1.49 netem_sent_dgrams=17724 netem_dropped_skbs=664 backlog=0 lost=985 loss=0.052648 rcvbuf_drops=0 rcvbuf_scope=netns
RUNTIME c8-100-OLD s7 rep=7 attempt=1 10s rc=0
V4ROW {"arm": "OLD", "bin": "old", "bin_sha": "f3743664cb48ad81deef239d44710f4b12bf08f2db65c6d90fc5a947ed500035", "busy_last": 35.0, "busy_med": 49.5, "cad_cli": false, "cad_srv": false, "cadoff_cli": false, "cadoff_srv": false, "cell": "c8-100", "cod": 660, "coded_share": 0.00774066428973541, "cotenant": 0, "cpu_cli": 7.65, "cpu_srv": 5.89, "cpu_us_per_dgram": 80.45517647553741, "diag_lines": 30, "dnf": false, "egress_dgrams": 95084, "emb_echo_cli": false, "emb_echo_srv": false, "emb_gate_cli": 0, "emb_gate_srv": 0, "feed_ratio_p0": 1.0023584905660377, "feed_ratio_p1": 0.9914906549156663, "gates_cli": true, "gates_srv": true, "gen_guard": false, "header": ["window", "bulk"], "mbps": 104.4, "pa_cli": 0, "pa_srv": 0, "pipe_cli": ["window", "Rlc", "bulk"], "pipe_srv": ["window", "Rlc", "bulk"], "plc_p0": 0.0255, "plc_p1": 0.0522, "plu_last_p0": 0.1364, "plu_last_p1": 0.0614, "plu_med_p0": 0.0354, "plu_med_p1": 0.06584999999999999, "problems": [], "rc": 0, "rep": 7, "seconds": 7.662806, "seed": "7", "src": 84604, "status": "LIVE", "summary": true, "truth_egress_p0": 76375, "truth_egress_p1": 18709, "truth_gso_p0": 4.22, "truth_gso_p1": 1.49, "truth_loss_p0": 0.02544, "truth_loss_p1": 0.052648, "truth_lost_p0": 1943, "truth_lost_p1": 985, "truth_rcvbuf_drops": 0, "util": 0.9983288106210703, "wall_s": 10.0, "winline_cli": true, "winline_srv": true}
=== rep=7 seed=7 cell=c8-100 arm=NEW attempt=1 pipeline=window hint=bulk spec=c2/c3/dual bytes=100000000 bin=/home/vibe/v4/bin/new/raptorpath sha=aa88d648def0b125 16:31:55
COTENANT c8-100-NEW s7 rep=7 before=0 after=0 load=1.31 1.77 1.94
--- RWM-C perf pipeline=window mode=dual hint=bulk A=c2 B=c3 ooo=0 extra='' T=default (100000000 x 1) start=18:31:56
{"bytes":100000000,"dnf":0,"hint":"bulk","max_s":7.6607,"mean_mbps":104.429,"mean_s":7.6607,"median_s":7.6607,"min_s":7.6607,"proto":"rp-native","runs":1,"stdev_s":0.0,"summary":true}
    CPU: CPUSRV=5.80s CPUCLI=5.46s (srv=decoder cli=sender; whole-invocation incl warmup)
    [TRUTH] leg=0 dev=cli0 egress_dgrams=75014 egress_skbs=15693 gso=4.78 netem_sent_dgrams=73296 netem_dropped_skbs=379 backlog=0 lost=1718 loss=0.022902 rcvbuf_drops=0 rcvbuf_scope=netns
    [TRUTH] leg=1 dev=cli1 egress_dgrams=18960 egress_skbs=11926 gso=1.59 netem_sent_dgrams=17927 netem_dropped_skbs=637 backlog=0 lost=1033 loss=0.054483 rcvbuf_drops=0 rcvbuf_scope=netns
RUNTIME c8-100-NEW s7 rep=7 attempt=1 10s rc=0
V4ROW {"arm": "NEW", "bin": "new", "bin_sha": "aa88d648def0b1253985b9d9ad6955d2190277bebc09026aaa2b79ce64ebd262", "busy_last": 39.0, "busy_med": 31.5, "cad_cli": true, "cad_srv": true, "cadoff_cli": false, "cadoff_srv": false, "cell": "c8-100", "cod": 629, "coded_share": 0.007379770746072531, "cotenant": 0, "cpu_cli": 5.46, "cpu_srv": 5.8, "cpu_us_per_dgram": 58.1011769212761, "diag_lines": 30, "dnf": false, "egress_dgrams": 93974, "emb_echo_cli": false, "emb_echo_srv": false, "emb_gate_cli": 0, "emb_gate_srv": 0, "feed_ratio_p0": 0.9955462405030129, "feed_ratio_p1": 1.0094891984655765, "gates_cli": true, "gates_srv": true, "gen_guard": false, "header": ["window", "bulk"], "mbps": 104.429, "pa_cli": 0, "pa_srv": 0, "pipe_cli": ["window", "Rlc", "bulk"], "pipe_srv": ["window", "Rlc", "bulk"], "plc_p0": 0.0228, "plc_p1": 0.055, "plu_last_p0": 0.0041, "plu_last_p1": 0.0842, "plu_med_p0": 0.0109, "plu_med_p1": 0.06839999999999999, "problems": [], "rc": 0, "rep": 7, "seconds": 7.660709, "seed": "7", "src": 84604, "status": "LIVE", "summary": true, "truth_egress_p0": 75014, "truth_egress_p1": 18960, "truth_gso_p0": 4.78, "truth_gso_p1": 1.59, "truth_loss_p0": 0.022902, "truth_loss_p1": 0.054483, "truth_lost_p0": 1718, "truth_lost_p1": 1033, "truth_rcvbuf_drops": 0, "util": 0.7127277644928165, "wall_s": 10.0, "winline_cli": true, "winline_srv": true}
BLOCK-COMPLETE rep=7 seed=7 block=13 2026-10-04T16:32:05Z
=== rep=8 seed=42 cell=c1s-400 arm=EMB attempt=1 pipeline=window hint=bulk spec=c1/c1/single bytes=400000000 bin=/home/vibe/v4/bin/new/raptorpath sha=aa88d648def0b125 16:32:05
COTENANT c1s-400-EMB s42 rep=8 before=0 after=0 load=1.35 1.76 1.93
--- RWM-C perf pipeline=window mode=single hint=bulk A=c1 B=c1 ooo=0 extra='' T=default (400000000 x 1) start=18:32:06
{"bytes":400000000,"dnf":0,"hint":"bulk","max_s":6.3962,"mean_mbps":500.295,"mean_s":6.3962,"median_s":6.3962,"min_s":6.3962,"proto":"rp-native","runs":1,"stdev_s":0.0,"summary":true}
    CPU: CPUSRV=8.32s CPUCLI=5.71s (srv=decoder cli=sender; whole-invocation incl warmup)
    [TRUTH] leg=0 dev=cli0 egress_dgrams=341641 egress_skbs=36833 gso=9.28 netem_sent_dgrams=341303 netem_dropped_skbs=39 backlog=0 lost=338 loss=0.000989 rcvbuf_drops=74 rcvbuf_scope=netns
RUNTIME c1s-400-EMB s42 rep=8 attempt=1 8s rc=0
V4ROW {"arm": "EMB", "bin": "new", "bin_sha": "aa88d648def0b1253985b9d9ad6955d2190277bebc09026aaa2b79ce64ebd262", "busy_last": 35.0, "busy_med": 33.0, "cad_cli": true, "cad_srv": true, "cadoff_cli": false, "cadoff_srv": false, "cell": "c1s-400", "cod": 176, "coded_share": 0.0005337166389194664, "cotenant": 0, "cpu_cli": 5.71, "cpu_srv": 8.32, "cpu_us_per_dgram": 16.713450668977085, "diag_lines": 25, "dnf": false, "egress_dgrams": 341641, "emb_echo_cli": true, "emb_echo_srv": true, "emb_gate_cli": 1, "emb_gate_srv": 1, "feed_ratio_p0": 3.235591506572295, "gates_cli": true, "gates_srv": true, "gen_guard": false, "header": ["window", "bulk"], "mbps": 500.295, "pa_cli": 0, "pa_srv": 0, "pipe_cli": ["window", "Rlc", "bulk"], "pipe_srv": ["window", "Rlc", "bulk"], "plc_p0": 0.0032, "plu_last_p0": 0.0002, "plu_med_p0": 0.0004, "problems": [], "rc": 0, "rep": 8, "seconds": 6.39622, "seed": "42", "src": 329587, "status": "LIVE", "summary": true, "truth_egress_p0": 341641, "truth_gso_p0": 9.28, "truth_loss_p0": 0.000989, "truth_lost_p0": 338, "truth_rcvbuf_drops": 74, "util": 0.8927147596549212, "wall_s": 8.0, "winline_cli": true, "winline_srv": true}
=== rep=8 seed=42 cell=c1s-400 arm=NEW attempt=1 pipeline=window hint=bulk spec=c1/c1/single bytes=400000000 bin=/home/vibe/v4/bin/new/raptorpath sha=aa88d648def0b125 16:32:13
COTENANT c1s-400-NEW s42 rep=8 before=0 after=0 load=1.40 1.76 1.94
--- RWM-C perf pipeline=window mode=single hint=bulk A=c1 B=c1 ooo=0 extra='' T=default (400000000 x 1) start=18:32:15
{"bytes":400000000,"dnf":0,"hint":"bulk","max_s":6.0796,"mean_mbps":526.35,"mean_s":6.0796,"median_s":6.0796,"min_s":6.0796,"proto":"rp-native","runs":1,"stdev_s":0.0,"summary":true}
    CPU: CPUSRV=8.08s CPUCLI=7.27s (srv=decoder cli=sender; whole-invocation incl warmup)
    [TRUTH] leg=0 dev=cli0 egress_dgrams=340146 egress_skbs=35850 gso=9.49 netem_sent_dgrams=339777 netem_dropped_skbs=38 backlog=0 lost=369 loss=0.001085 rcvbuf_drops=47 rcvbuf_scope=netns
RUNTIME c1s-400-NEW s42 rep=8 attempt=1 8s rc=0
V4ROW {"arm": "NEW", "bin": "new", "bin_sha": "aa88d648def0b1253985b9d9ad6955d2190277bebc09026aaa2b79ce64ebd262", "busy_last": 46.0, "busy_med": 44.0, "cad_cli": true, "cad_srv": true, "cadoff_cli": false, "cadoff_srv": false, "cell": "c1s-400", "cod": 108, "coded_share": 0.00031975935148066345, "cotenant": 0, "cpu_cli": 7.27, "cpu_srv": 8.08, "cpu_us_per_dgram": 21.373175048361585, "diag_lines": 24, "dnf": false, "egress_dgrams": 340146, "emb_echo_cli": false, "emb_echo_srv": false, "emb_gate_cli": 0, "emb_gate_srv": 0, "feed_ratio_p0": 2.304147465437788, "gates_cli": true, "gates_srv": true, "gen_guard": false, "header": ["window", "bulk"], "mbps": 526.35, "pa_cli": 0, "pa_srv": 0, "pipe_cli": ["window", "Rlc", "bulk"], "pipe_srv": ["window", "Rlc", "bulk"], "plc_p0": 0.0025, "plu_last_p0": 0.0002, "plu_med_p0": 0.00035, "problems": [], "rc": 0, "rep": 8, "seconds": 6.079601, "seed": "42", "src": 337646, "status": "LIVE", "summary": true, "truth_egress_p0": 340146, "truth_gso_p0": 9.49, "truth_loss_p0": 0.001085, "truth_lost_p0": 369, "truth_rcvbuf_drops": 47, "util": 1.1958021587271928, "wall_s": 8.0, "winline_cli": true, "winline_srv": true}
=== rep=8 seed=42 cell=c1s-400 arm=OLD attempt=1 pipeline=window hint=bulk spec=c1/c1/single bytes=400000000 bin=/home/vibe/v4/bin/old/raptorpath sha=f3743664cb48ad81 16:32:21
COTENANT c1s-400-OLD s42 rep=8 before=0 after=0 load=1.70 1.81 1.95
--- RWM-C perf pipeline=window mode=single hint=bulk A=c1 B=c1 ooo=0 extra='' T=default (400000000 x 1) start=18:32:23
{"bytes":400000000,"dnf":0,"hint":"bulk","max_s":10.6045,"mean_mbps":301.759,"mean_s":10.6045,"median_s":10.6045,"min_s":10.6045,"proto":"rp-native","runs":1,"stdev_s":0.0,"summary":true}
    CPU: CPUSRV=12.12s CPUCLI=14.56s (srv=decoder cli=sender; whole-invocation incl warmup)
    [TRUTH] leg=0 dev=cli0 egress_dgrams=342826 egress_skbs=40026 gso=8.57 netem_sent_dgrams=342395 netem_dropped_skbs=50 backlog=0 lost=431 loss=0.001257 rcvbuf_drops=0 rcvbuf_scope=netns
RUNTIME c1s-400-OLD s42 rep=8 attempt=1 13s rc=0
V4ROW {"arm": "OLD", "bin": "old", "bin_sha": "f3743664cb48ad81deef239d44710f4b12bf08f2db65c6d90fc5a947ed500035", "busy_last": 59.0, "busy_med": 53.0, "cad_cli": false, "cad_srv": false, "cadoff_cli": false, "cadoff_srv": false, "cell": "c1s-400", "cod": 58, "coded_share": 0.0001730733652027047, "cotenant": 0, "cpu_cli": 14.56, "cpu_srv": 12.12, "cpu_us_per_dgram": 42.47052440596688, "diag_lines": 42, "dnf": false, "egress_dgrams": 342826, "emb_echo_cli": false, "emb_echo_srv": false, "emb_gate_cli": 0, "emb_gate_srv": 0, "feed_ratio_p0": 1.0342084327764518, "gates_cli": true, "gates_srv": true, "gen_guard": false, "header": ["window", "bulk"], "mbps": 301.759, "pa_cli": 0, "pa_srv": 0, "pipe_cli": ["window", "Rlc", "bulk"], "pipe_srv": ["window", "Rlc", "bulk"], "plc_p0": 0.0013, "plu_last_p0": 0.0354, "plu_med_p0": 0.0354, "problems": [], "rc": 0, "rep": 8, "seconds": 10.604502, "seed": "42", "src": 335060, "status": "LIVE", "summary": true, "truth_egress_p0": 342826, "truth_gso_p0": 8.57, "truth_loss_p0": 0.001257, "truth_lost_p0": 431, "truth_rcvbuf_drops": 0, "util": 1.3730017684941735, "wall_s": 13.0, "winline_cli": true, "winline_srv": true}
=== rep=8 seed=42 cell=c1d-400 arm=NEW attempt=1 pipeline=window hint=bulk spec=c1/c1/dual bytes=400000000 bin=/home/vibe/v4/bin/new/raptorpath sha=aa88d648def0b125 16:32:34
COTENANT c1d-400-NEW s42 rep=8 before=0 after=0 load=1.85 1.84 1.95
--- RWM-C perf pipeline=window mode=dual hint=bulk A=c1 B=c1 ooo=0 extra='' T=default (400000000 x 1) start=18:32:36
{"bytes":400000000,"dnf":0,"hint":"bulk","max_s":10.4972,"mean_mbps":304.842,"mean_s":10.4972,"median_s":10.4972,"min_s":10.4972,"proto":"rp-native","runs":1,"stdev_s":0.0,"summary":true}
    CPU: CPUSRV=16.04s CPUCLI=17.07s (srv=decoder cli=sender; whole-invocation incl warmup)
    [TRUTH] leg=0 dev=cli0 egress_dgrams=174698 egress_skbs=51711 gso=3.38 netem_sent_dgrams=174526 netem_dropped_skbs=55 backlog=0 lost=172 loss=0.000985 rcvbuf_drops=11 rcvbuf_scope=netns
    [TRUTH] leg=1 dev=cli1 egress_dgrams=175176 egress_skbs=51767 gso=3.38 netem_sent_dgrams=175053 netem_dropped_skbs=44 backlog=0 lost=123 loss=0.000702 rcvbuf_drops=11 rcvbuf_scope=netns
RUNTIME c1d-400-NEW s42 rep=8 attempt=1 12s rc=0
V4ROW {"arm": "NEW", "bin": "new", "bin_sha": "aa88d648def0b1253985b9d9ad6955d2190277bebc09026aaa2b79ce64ebd262", "busy_last": 66.0, "busy_med": 82.0, "cad_cli": true, "cad_srv": true, "cadoff_cli": false, "cadoff_srv": false, "cell": "c1d-400", "cod": 145, "coded_share": 0.0004390054860547637, "cotenant": 0, "cpu_cli": 17.07, "cpu_srv": 16.04, "cpu_us_per_dgram": 48.78899260876773, "diag_lines": 41, "dnf": false, "egress_dgrams": 349874, "emb_echo_cli": false, "emb_echo_srv": false, "emb_gate_cli": 0, "emb_gate_srv": 0, "feed_ratio_p0": 1.5228426395939088, "feed_ratio_p1": 1.282051282051282, "gates_cli": true, "gates_srv": true, "gen_guard": false, "header": ["window", "bulk"], "mbps": 304.842, "pa_cli": 0, "pa_srv": 0, "pipe_cli": ["window", "Rlc", "bulk"], "pipe_srv": ["window", "Rlc", "bulk"], "plc_p0": 0.0015, "plc_p1": 0.0009, "plu_last_p0": 0.0007, "plu_last_p1": 0.0005, "plu_med_p0": 0.0007, "plu_med_p1": 0.0009, "problems": [], "rc": 0, "rep": 8, "seconds": 10.497245, "seed": "42", "src": 330147, "status": "LIVE", "summary": true, "truth_egress_p0": 174698, "truth_egress_p1": 175176, "truth_gso_p0": 3.38, "truth_gso_p1": 3.38, "truth_loss_p0": 0.000985, "truth_loss_p1": 0.000702, "truth_lost_p0": 172, "truth_lost_p1": 123, "truth_rcvbuf_drops": 11, "util": 1.6261409541265353, "wall_s": 12.0, "winline_cli": true, "winline_srv": true}
=== rep=8 seed=42 cell=c1d-400 arm=OLD attempt=1 pipeline=window hint=bulk spec=c1/c1/dual bytes=400000000 bin=/home/vibe/v4/bin/old/raptorpath sha=f3743664cb48ad81 16:32:47
COTENANT c1d-400-OLD s42 rep=8 before=0 after=0 load=2.99 2.09 2.04
--- RWM-C perf pipeline=window mode=dual hint=bulk A=c1 B=c1 ooo=0 extra='' T=default (400000000 x 1) start=18:32:48
{"bytes":400000000,"dnf":0,"hint":"bulk","max_s":17.3833,"mean_mbps":184.085,"mean_s":17.3833,"median_s":17.3833,"min_s":17.3833,"proto":"rp-native","runs":1,"stdev_s":0.0,"summary":true}
    CPU: CPUSRV=21.62s CPUCLI=30.05s (srv=decoder cli=sender; whole-invocation incl warmup)
    [TRUTH] leg=0 dev=cli0 egress_dgrams=179927 egress_skbs=67851 gso=2.65 netem_sent_dgrams=179747 netem_dropped_skbs=72 backlog=0 lost=180 loss=0.001000 rcvbuf_drops=4 rcvbuf_scope=netns
    [TRUTH] leg=1 dev=cli1 egress_dgrams=180790 egress_skbs=68320 gso=2.65 netem_sent_dgrams=180578 netem_dropped_skbs=59 backlog=0 lost=212 loss=0.001173 rcvbuf_drops=4 rcvbuf_scope=netns
RUNTIME c1d-400-OLD s42 rep=8 attempt=1 19s rc=0
V4ROW {"arm": "OLD", "bin": "old", "bin_sha": "f3743664cb48ad81deef239d44710f4b12bf08f2db65c6d90fc5a947ed500035", "busy_last": 95.0, "busy_med": 87.0, "cad_cli": false, "cad_srv": false, "cadoff_cli": false, "cadoff_srv": false, "cell": "c1d-400", "cod": 122, "coded_share": 0.00036277241383411783, "cotenant": 0, "cpu_cli": 30.05, "cpu_srv": 21.62, "cpu_us_per_dgram": 83.30630383375333, "diag_lines": 69, "dnf": false, "egress_dgrams": 360717, "emb_echo_cli": false, "emb_echo_srv": false, "emb_gate_cli": 0, "emb_gate_srv": 0, "feed_ratio_p0": 1.0, "feed_ratio_p1": 1.1935208866155158, "gates_cli": true, "gates_srv": true, "gen_guard": false, "header": ["window", "bulk"], "mbps": 184.085, "pa_cli": 0, "pa_srv": 0, "pipe_cli": ["window", "Rlc", "bulk"], "pipe_srv": ["window", "Rlc", "bulk"], "plc_p0": 0.001, "plc_p1": 0.0014, "plu_last_p0": 0.0354, "plu_last_p1": 0.0354, "plu_med_p0": 0.0354, "plu_med_p1": 0.0354, "problems": [], "rc": 0, "rep": 8, "seconds": 17.383296, "seed": "42", "src": 336177, "status": "LIVE", "summary": true, "truth_egress_p0": 179927, "truth_egress_p1": 180790, "truth_gso_p0": 2.65, "truth_gso_p1": 2.65, "truth_loss_p0": 0.001, "truth_loss_p1": 0.001173, "truth_lost_p0": 180, "truth_lost_p1": 212, "truth_rcvbuf_drops": 4, "util": 1.7286710184305667, "wall_s": 19.0, "winline_cli": true, "winline_srv": true}
=== rep=8 seed=42 cell=c2-100 arm=EMB attempt=1 pipeline=window hint=bulk spec=c2/c2/single bytes=100000000 bin=/home/vibe/v4/bin/new/raptorpath sha=aa88d648def0b125 16:33:06
COTENANT c2-100-EMB s42 rep=8 before=0 after=0 load=2.63 2.05 2.02
--- RWM-C perf pipeline=window mode=single hint=bulk A=c2 B=c2 ooo=0 extra='' T=default (100000000 x 1) start=18:33:08
{"bytes":100000000,"dnf":0,"hint":"bulk","max_s":8.9927,"mean_mbps":88.961,"mean_s":8.9927,"median_s":8.9927,"min_s":8.9927,"proto":"rp-native","runs":1,"stdev_s":0.0,"summary":true}
    CPU: CPUSRV=4.55s CPUCLI=3.01s (srv=decoder cli=sender; whole-invocation incl warmup)
    [TRUTH] leg=0 dev=cli0 egress_dgrams=89779 egress_skbs=15452 gso=5.81 netem_sent_dgrams=87535 netem_dropped_skbs=400 backlog=0 lost=2244 loss=0.024995 rcvbuf_drops=0 rcvbuf_scope=netns
RUNTIME c2-100-EMB s42 rep=8 attempt=1 11s rc=0
V4ROW {"arm": "EMB", "bin": "new", "bin_sha": "aa88d648def0b1253985b9d9ad6955d2190277bebc09026aaa2b79ce64ebd262", "busy_last": 12.0, "busy_med": 11.0, "cad_cli": true, "cad_srv": true, "cadoff_cli": false, "cadoff_srv": false, "cell": "c2-100", "cod": 388, "coded_share": 0.004628856386151607, "cotenant": 0, "cpu_cli": 3.01, "cpu_srv": 4.55, "cpu_us_per_dgram": 33.52677129395516, "diag_lines": 35, "dnf": false, "egress_dgrams": 89779, "emb_echo_cli": true, "emb_echo_srv": true, "emb_gate_cli": 1, "emb_gate_srv": 1, "feed_ratio_p0": 1.0082016403280656, "gates_cli": true, "gates_srv": true, "gen_guard": false, "header": ["window", "bulk"], "mbps": 88.961, "pa_cli": 0, "pa_srv": 0, "pipe_cli": ["window", "Rlc", "bulk"], "pipe_srv": ["window", "Rlc", "bulk"], "plc_p0": 0.0252, "plu_last_p0": 0.0469, "plu_med_p0": 0.0088, "problems": [], "rc": 0, "rep": 8, "seconds": 8.992684, "seed": "42", "src": 83434, "status": "LIVE", "summary": true, "truth_egress_p0": 89779, "truth_gso_p0": 5.81, "truth_loss_p0": 0.024995, "truth_lost_p0": 2244, "truth_rcvbuf_drops": 0, "util": 0.33471653179406724, "wall_s": 11.0, "winline_cli": true, "winline_srv": true}
=== rep=8 seed=42 cell=c2-100 arm=NEW attempt=1 pipeline=window hint=bulk spec=c2/c2/single bytes=100000000 bin=/home/vibe/v4/bin/new/raptorpath sha=aa88d648def0b125 16:33:17
COTENANT c2-100-NEW s42 rep=8 before=0 after=0 load=2.59 2.07 2.03
--- RWM-C perf pipeline=window mode=single hint=bulk A=c2 B=c2 ooo=0 extra='' T=default (100000000 x 1) start=18:33:19
{"bytes":100000000,"dnf":0,"hint":"bulk","max_s":8.9803,"mean_mbps":89.084,"mean_s":8.9803,"median_s":8.9803,"min_s":8.9803,"proto":"rp-native","runs":1,"stdev_s":0.0,"summary":true}
    CPU: CPUSRV=4.45s CPUCLI=3.47s (srv=decoder cli=sender; whole-invocation incl warmup)
    [TRUTH] leg=0 dev=cli0 egress_dgrams=95217 egress_skbs=20677 gso=4.60 netem_sent_dgrams=92592 netem_dropped_skbs=544 backlog=0 lost=2625 loss=0.027569 rcvbuf_drops=0 rcvbuf_scope=netns
RUNTIME c2-100-NEW s42 rep=8 attempt=1 11s rc=0
V4ROW {"arm": "NEW", "bin": "new", "bin_sha": "aa88d648def0b1253985b9d9ad6955d2190277bebc09026aaa2b79ce64ebd262", "busy_last": 13.0, "busy_med": 13.0, "cad_cli": true, "cad_srv": true, "cadoff_cli": false, "cadoff_srv": false, "cell": "c2-100", "cod": 441, "coded_share": 0.005252751441231121, "cotenant": 0, "cpu_cli": 3.47, "cpu_srv": 4.45, "cpu_us_per_dgram": 36.44307214047912, "diag_lines": 35, "dnf": false, "egress_dgrams": 95217, "emb_echo_cli": false, "emb_echo_srv": false, "emb_gate_cli": 0, "emb_gate_srv": 0, "feed_ratio_p0": 0.9974971888715587, "gates_cli": true, "gates_srv": true, "gen_guard": false, "header": ["window", "bulk"], "mbps": 89.084, "pa_cli": 0, "pa_srv": 0, "pipe_cli": ["window", "Rlc", "bulk"], "pipe_srv": ["window", "Rlc", "bulk"], "plc_p0": 0.0275, "plu_last_p0": 0.2174, "plu_med_p0": 0.0196, "problems": [], "rc": 0, "rep": 8, "seconds": 8.980255, "seed": "42", "src": 83515, "status": "LIVE", "summary": true, "truth_egress_p0": 95217, "truth_gso_p0": 4.6, "truth_loss_p0": 0.027569, "truth_lost_p0": 2625, "truth_rcvbuf_drops": 0, "util": 0.386403281421296, "wall_s": 11.0, "winline_cli": true, "winline_srv": true}
=== rep=8 seed=42 cell=c2-100 arm=OLD attempt=1 pipeline=window hint=bulk spec=c2/c2/single bytes=100000000 bin=/home/vibe/v4/bin/old/raptorpath sha=f3743664cb48ad81 16:33:28
COTENANT c2-100-OLD s42 rep=8 before=0 after=0 load=2.43 2.05 2.02
--- RWM-C perf pipeline=window mode=single hint=bulk A=c2 B=c2 ooo=0 extra='' T=default (100000000 x 1) start=18:33:30
{"bytes":100000000,"dnf":0,"hint":"bulk","max_s":8.9717,"mean_mbps":89.169,"mean_s":8.9717,"median_s":8.9717,"min_s":8.9717,"proto":"rp-native","runs":1,"stdev_s":0.0,"summary":true}
    CPU: CPUSRV=4.52s CPUCLI=4.88s (srv=decoder cli=sender; whole-invocation incl warmup)
    [TRUTH] leg=0 dev=cli0 egress_dgrams=95085 egress_skbs=20844 gso=4.56 netem_sent_dgrams=92540 netem_dropped_skbs=544 backlog=0 lost=2545 loss=0.026766 rcvbuf_drops=0 rcvbuf_scope=netns
RUNTIME c2-100-OLD s42 rep=8 attempt=1 11s rc=0
V4ROW {"arm": "OLD", "bin": "old", "bin_sha": "f3743664cb48ad81deef239d44710f4b12bf08f2db65c6d90fc5a947ed500035", "busy_last": 19.0, "busy_med": 19.0, "cad_cli": false, "cad_srv": false, "cadoff_cli": false, "cadoff_srv": false, "cell": "c2-100", "cod": 446, "coded_share": 0.0052972266761684185, "cotenant": 0, "cpu_cli": 4.88, "cpu_srv": 4.52, "cpu_us_per_dgram": 51.32250092022927, "diag_lines": 35, "dnf": false, "egress_dgrams": 95085, "emb_echo_cli": false, "emb_echo_srv": false, "emb_gate_cli": 0, "emb_gate_srv": 0, "feed_ratio_p0": 1.0236867667936935, "gates_cli": true, "gates_srv": true, "gen_guard": false, "header": ["window", "bulk"], "mbps": 89.169, "pa_cli": 0, "pa_srv": 0, "pipe_cli": ["window", "Rlc", "bulk"], "pipe_srv": ["window", "Rlc", "bulk"], "plc_p0": 0.0274, "plu_last_p0": 0.0532, "plu_med_p0": 0.0354, "problems": [], "rc": 0, "rep": 8, "seconds": 8.971735, "seed": "42", "src": 83749, "status": "LIVE", "summary": true, "truth_egress_p0": 95085, "truth_gso_p0": 4.56, "truth_loss_p0": 0.026766, "truth_lost_p0": 2545, "truth_rcvbuf_drops": 0, "util": 0.543930466069272, "wall_s": 11.0, "winline_cli": true, "winline_srv": true}
=== rep=8 seed=42 cell=c2-100 arm=NEWa attempt=1 pipeline=window hint=auto spec=c2/c2/single bytes=100000000 bin=/home/vibe/v4/bin/new/raptorpath sha=aa88d648def0b125 16:33:39
COTENANT c2-100-NEWa s42 rep=8 before=0 after=0 load=1.96 1.96 1.99
--- RWM-C perf pipeline=window mode=single hint=auto A=c2 B=c2 ooo=0 extra='' T=default (100000000 x 1) start=18:33:41
{"bytes":100000000,"dnf":0,"hint":"auto","max_s":10.5215,"mean_mbps":76.035,"mean_s":10.5215,"median_s":10.5215,"min_s":10.5215,"proto":"rp-native","runs":1,"stdev_s":0.0,"summary":true}
    CPU: CPUSRV=5.73s CPUCLI=4.12s (srv=decoder cli=sender; whole-invocation incl warmup)
    [TRUTH] leg=0 dev=cli0 egress_dgrams=109370 egress_skbs=26575 gso=4.12 netem_sent_dgrams=106530 netem_dropped_skbs=658 backlog=0 lost=2840 loss=0.025967 rcvbuf_drops=0 rcvbuf_scope=netns
RUNTIME c2-100-NEWa s42 rep=8 attempt=1 12s rc=0
V4ROW {"arm": "NEWa", "bin": "new", "bin_sha": "aa88d648def0b1253985b9d9ad6955d2190277bebc09026aaa2b79ce64ebd262", "busy_last": 15.0, "busy_med": 14.0, "cad_cli": true, "cad_srv": true, "cadoff_cli": false, "cadoff_srv": false, "cell": "c2-100", "cod": 13536, "coded_share": 0.1379254126757693, "cotenant": 0, "cpu_cli": 4.12, "cpu_srv": 5.73, "cpu_us_per_dgram": 37.67029349913139, "diag_lines": 42, "dnf": false, "egress_dgrams": 109370, "emb_echo_cli": false, "emb_echo_srv": false, "emb_gate_cli": 0, "emb_gate_srv": 0, "feed_ratio_p0": 1.012823968883583, "gates_cli": true, "gates_srv": true, "gen_guard": false, "header": ["window", "auto"], "mbps": 76.035, "pa_cli": 0, "pa_srv": 0, "pipe_cli": ["window", "Rlc", "auto"], "pipe_srv": ["window", "Rlc", "auto"], "plc_p0": 0.0263, "plu_last_p0": 0.0329, "plu_med_p0": 0.02815, "problems": [], "rc": 0, "rep": 8, "seconds": 10.52148, "seed": "42", "src": 84604, "status": "LIVE", "summary": true, "truth_egress_p0": 109370, "truth_gso_p0": 4.12, "truth_loss_p0": 0.025967, "truth_lost_p0": 2840, "truth_rcvbuf_drops": 0, "util": 0.39157989180229397, "wall_s": 12.0, "winline_cli": true, "winline_srv": true}
=== rep=8 seed=42 cell=c2-100 arm=OLDa attempt=1 pipeline=window hint=auto spec=c2/c2/single bytes=100000000 bin=/home/vibe/v4/bin/old/raptorpath sha=f3743664cb48ad81 16:33:52
COTENANT c2-100-OLDa s42 rep=8 before=0 after=0 load=1.95 1.96 1.99
--- RWM-C perf pipeline=window mode=single hint=auto A=c2 B=c2 ooo=0 extra='' T=default (100000000 x 1) start=18:33:54
{"bytes":100000000,"dnf":0,"hint":"auto","max_s":11.2482,"mean_mbps":71.122,"mean_s":11.2482,"median_s":11.2482,"min_s":11.2482,"proto":"rp-native","runs":1,"stdev_s":0.0,"summary":true}
    CPU: CPUSRV=6.33s CPUCLI=6.43s (srv=decoder cli=sender; whole-invocation incl warmup)
    [TRUTH] leg=0 dev=cli0 egress_dgrams=110310 egress_skbs=26074 gso=4.23 netem_sent_dgrams=107638 netem_dropped_skbs=641 backlog=0 lost=2672 loss=0.024223 rcvbuf_drops=0 rcvbuf_scope=netns
RUNTIME c2-100-OLDa s42 rep=8 attempt=1 13s rc=0
V4ROW {"arm": "OLDa", "bin": "old", "bin_sha": "f3743664cb48ad81deef239d44710f4b12bf08f2db65c6d90fc5a947ed500035", "busy_last": 1.0, "busy_med": 25.0, "cad_cli": false, "cad_srv": false, "cadoff_cli": false, "cadoff_srv": false, "cell": "c2-100", "cod": 16510, "coded_share": 0.1632810491128825, "cotenant": 0, "cpu_cli": 6.43, "cpu_srv": 6.33, "cpu_us_per_dgram": 58.290272867373766, "diag_lines": 44, "dnf": false, "egress_dgrams": 110310, "emb_echo_cli": false, "emb_echo_srv": false, "emb_gate_cli": 0, "emb_gate_srv": 0, "feed_ratio_p0": 0.999050489204475, "gates_cli": true, "gates_srv": true, "gen_guard": false, "header": ["window", "auto"], "mbps": 71.122, "pa_cli": 0, "pa_srv": 0, "pipe_cli": ["window", "Rlc", "auto"], "pipe_srv": ["window", "Rlc", "auto"], "plc_p0": 0.0242, "plu_last_p0": 0.0783, "plu_med_p0": 0.0355, "problems": [], "rc": 0, "rep": 8, "seconds": 11.248216, "seed": "42", "src": 84604, "status": "LIVE", "summary": true, "truth_egress_p0": 110310, "truth_gso_p0": 4.23, "truth_loss_p0": 0.024223, "truth_lost_p0": 2672, "truth_rcvbuf_drops": 0, "util": 0.5716462059405687, "wall_s": 13.0, "winline_cli": true, "winline_srv": true}
=== rep=8 seed=42 cell=c3-25 arm=EMB attempt=1 pipeline=window hint=bulk spec=c3/c3/single bytes=25000000 bin=/home/vibe/v4/bin/new/raptorpath sha=aa88d648def0b125 16:34:06
COTENANT c3-25-EMB s42 rep=8 before=0 after=0 load=1.52 1.87 1.96
--- RWM-C perf pipeline=window mode=single hint=bulk A=c3 B=c3 ooo=0 extra='' T=default (25000000 x 1) start=18:34:07
{"bytes":25000000,"dnf":0,"hint":"bulk","max_s":11.5724,"mean_mbps":17.283,"mean_s":11.5724,"median_s":11.5724,"min_s":11.5724,"proto":"rp-native","runs":1,"stdev_s":0.0,"summary":true}
    CPU: CPUSRV=1.67s CPUCLI=1.72s (srv=decoder cli=sender; whole-invocation incl warmup)
    [TRUTH] leg=0 dev=cli0 egress_dgrams=25843 egress_skbs=7910 gso=3.27 netem_sent_dgrams=24611 netem_dropped_skbs=392 backlog=1 lost=1231 loss=0.047634 rcvbuf_drops=0 rcvbuf_scope=netns
RUNTIME c3-25-EMB s42 rep=8 attempt=1 13s rc=0
V4ROW {"arm": "EMB", "bin": "new", "bin_sha": "aa88d648def0b1253985b9d9ad6955d2190277bebc09026aaa2b79ce64ebd262", "busy_last": 4.0, "busy_med": 5.0, "cad_cli": true, "cad_srv": true, "cadoff_cli": false, "cadoff_srv": false, "cell": "c3-25", "cod": 227, "coded_share": 0.01061789606623322, "cotenant": 0, "cpu_cli": 1.72, "cpu_srv": 1.67, "cpu_us_per_dgram": 66.55574043261231, "diag_lines": 46, "dnf": false, "egress_dgrams": 25843, "emb_echo_cli": true, "emb_echo_srv": true, "emb_gate_cli": 1, "emb_gate_srv": 1, "feed_ratio_p0": 0.990888860897678, "gates_cli": true, "gates_srv": true, "gen_guard": false, "header": ["window", "bulk"], "mbps": 17.283, "pa_cli": 0, "pa_srv": 0, "pipe_cli": ["window", "Rlc", "bulk"], "pipe_srv": ["window", "Rlc", "bulk"], "plc_p0": 0.0472, "plu_last_p0": 0.0704, "plu_med_p0": 0.0213, "problems": [], "rc": 0, "rep": 8, "seconds": 11.572366, "seed": "42", "src": 21152, "status": "LIVE", "summary": true, "truth_egress_p0": 25843, "truth_gso_p0": 3.27, "truth_loss_p0": 0.047634, "truth_lost_p0": 1231, "truth_rcvbuf_drops": 0, "util": 0.14862993444901412, "wall_s": 13.0, "winline_cli": true, "winline_srv": true}
=== rep=8 seed=42 cell=c3-25 arm=NEW attempt=1 pipeline=window hint=bulk spec=c3/c3/single bytes=25000000 bin=/home/vibe/v4/bin/new/raptorpath sha=aa88d648def0b125 16:34:20
COTENANT c3-25-NEW s42 rep=8 before=0 after=0 load=1.26 1.79 1.93
--- RWM-C perf pipeline=window mode=single hint=bulk A=c3 B=c3 ooo=0 extra='' T=default (25000000 x 1) start=18:34:21
{"bytes":25000000,"dnf":0,"hint":"bulk","max_s":11.4294,"mean_mbps":17.499,"mean_s":11.4294,"median_s":11.4294,"min_s":11.4294,"proto":"rp-native","runs":1,"stdev_s":0.0,"summary":true}
    CPU: CPUSRV=1.57s CPUCLI=1.77s (srv=decoder cli=sender; whole-invocation incl warmup)
    [TRUTH] leg=0 dev=cli0 egress_dgrams=25595 egress_skbs=7511 gso=3.41 netem_sent_dgrams=24357 netem_dropped_skbs=379 backlog=0 lost=1238 loss=0.048369 rcvbuf_drops=0 rcvbuf_scope=netns
RUNTIME c3-25-NEW s42 rep=8 attempt=1 13s rc=0
V4ROW {"arm": "NEW", "bin": "new", "bin_sha": "aa88d648def0b1253985b9d9ad6955d2190277bebc09026aaa2b79ce64ebd262", "busy_last": 6.0, "busy_med": 6.0, "cad_cli": true, "cad_srv": true, "cadoff_cli": false, "cadoff_srv": false, "cell": "c3-25", "cod": 234, "coded_share": 0.010941737585336201, "cotenant": 0, "cpu_cli": 1.77, "cpu_srv": 1.57, "cpu_us_per_dgram": 69.15413166634109, "diag_lines": 45, "dnf": false, "egress_dgrams": 25595, "emb_echo_cli": false, "emb_echo_srv": false, "emb_gate_cli": 0, "emb_gate_srv": 0, "feed_ratio_p0": 0.9944385866980916, "gates_cli": true, "gates_srv": true, "gen_guard": false, "header": ["window", "bulk"], "mbps": 17.499, "pa_cli": 0, "pa_srv": 0, "pipe_cli": ["window", "Rlc", "bulk"], "pipe_srv": ["window", "Rlc", "bulk"], "plc_p0": 0.0481, "plu_last_p0": 0.0071, "plu_med_p0": 0.028, "problems": [], "rc": 0, "rep": 8, "seconds": 11.429363, "seed": "42", "src": 21152, "status": "LIVE", "summary": true, "truth_egress_p0": 25595, "truth_gso_p0": 3.41, "truth_loss_p0": 0.048369, "truth_lost_p0": 1238, "truth_rcvbuf_drops": 0, "util": 0.15486427371324193, "wall_s": 13.0, "winline_cli": true, "winline_srv": true}
=== rep=8 seed=42 cell=c3-25 arm=OLD attempt=1 pipeline=window hint=bulk spec=c3/c3/single bytes=25000000 bin=/home/vibe/v4/bin/old/raptorpath sha=f3743664cb48ad81 16:34:33
COTENANT c3-25-OLD s42 rep=8 before=0 after=0 load=0.98 1.70 1.90
--- RWM-C perf pipeline=window mode=single hint=bulk A=c3 B=c3 ooo=0 extra='' T=default (25000000 x 1) start=18:34:35
{"bytes":25000000,"dnf":0,"hint":"bulk","max_s":11.4482,"mean_mbps":17.47,"mean_s":11.4482,"median_s":11.4482,"min_s":11.4482,"proto":"rp-native","runs":1,"stdev_s":0.0,"summary":true}
    CPU: CPUSRV=1.61s CPUCLI=2.30s (srv=decoder cli=sender; whole-invocation incl warmup)
    [TRUTH] leg=0 dev=cli0 egress_dgrams=25963 egress_skbs=7914 gso=3.28 netem_sent_dgrams=24730 netem_dropped_skbs=392 backlog=1 lost=1232 loss=0.047452 rcvbuf_drops=0 rcvbuf_scope=netns
RUNTIME c3-25-OLD s42 rep=8 attempt=1 13s rc=0
V4ROW {"arm": "OLD", "bin": "old", "bin_sha": "f3743664cb48ad81deef239d44710f4b12bf08f2db65c6d90fc5a947ed500035", "busy_last": 4.0, "busy_med": 7.0, "cad_cli": false, "cad_srv": false, "cadoff_cli": false, "cadoff_srv": false, "cell": "c3-25", "cod": 238, "coded_share": 0.01112669471715755, "cotenant": 0, "cpu_cli": 2.3, "cpu_srv": 1.61, "cpu_us_per_dgram": 88.58760543850865, "diag_lines": 45, "dnf": false, "egress_dgrams": 25963, "emb_echo_cli": false, "emb_echo_srv": false, "emb_gate_cli": 0, "emb_gate_srv": 0, "feed_ratio_p0": 1.0010115485121807, "gates_cli": true, "gates_srv": true, "gen_guard": false, "header": ["window", "bulk"], "mbps": 17.47, "pa_cli": 0, "pa_srv": 0, "pipe_cli": ["window", "Rlc", "bulk"], "pipe_srv": ["window", "Rlc", "bulk"], "plc_p0": 0.0475, "plu_last_p0": 0.0462, "plu_med_p0": 0.0456, "problems": [], "rc": 0, "rep": 8, "seconds": 11.448209, "seed": "42", "src": 21152, "status": "LIVE", "summary": true, "truth_egress_p0": 25963, "truth_gso_p0": 3.28, "truth_loss_p0": 0.047452, "truth_lost_p0": 1232, "truth_rcvbuf_drops": 0, "util": 0.20090478781440832, "wall_s": 13.0, "winline_cli": true, "winline_srv": true}
=== rep=8 seed=42 cell=c3-25 arm=NEWa attempt=1 pipeline=window hint=auto spec=c3/c3/single bytes=25000000 bin=/home/vibe/v4/bin/new/raptorpath sha=aa88d648def0b125 16:34:47
COTENANT c3-25-NEWa s42 rep=8 before=0 after=0 load=1.00 1.67 1.89
--- RWM-C perf pipeline=window mode=single hint=auto A=c3 B=c3 ooo=0 extra='' T=default (25000000 x 1) start=18:34:49
{"bytes":25000000,"dnf":0,"hint":"auto","max_s":12.8803,"mean_mbps":15.528,"mean_s":12.8803,"median_s":12.8803,"min_s":12.8803,"proto":"rp-native","runs":1,"stdev_s":0.0,"summary":true}
    CPU: CPUSRV=1.86s CPUCLI=2.00s (srv=decoder cli=sender; whole-invocation incl warmup)
    [TRUTH] leg=0 dev=cli0 egress_dgrams=27581 egress_skbs=8035 gso=3.43 netem_sent_dgrams=26130 netem_dropped_skbs=410 backlog=0 lost=1451 loss=0.052609 rcvbuf_drops=0 rcvbuf_scope=netns
RUNTIME c3-25-NEWa s42 rep=8 attempt=1 15s rc=0
V4ROW {"arm": "NEWa", "bin": "new", "bin_sha": "aa88d648def0b1253985b9d9ad6955d2190277bebc09026aaa2b79ce64ebd262", "busy_last": 4.0, "busy_med": 6.0, "cad_cli": true, "cad_srv": true, "cadoff_cli": false, "cadoff_srv": false, "cell": "c3-25", "cod": 387, "coded_share": 0.0179674079576582, "cotenant": 0, "cpu_cli": 2.0, "cpu_srv": 1.86, "cpu_us_per_dgram": 72.5136869584134, "diag_lines": 51, "dnf": false, "egress_dgrams": 27581, "emb_echo_cli": false, "emb_echo_srv": false, "emb_gate_cli": 0, "emb_gate_srv": 0, "feed_ratio_p0": 1.0036305575091713, "gates_cli": true, "gates_srv": true, "gen_guard": false, "header": ["window", "auto"], "mbps": 15.528, "pa_cli": 0, "pa_srv": 0, "pipe_cli": ["window", "Rlc", "auto"], "pipe_srv": ["window", "Rlc", "auto"], "plc_p0": 0.0528, "plu_last_p0": 0.1635, "plu_med_p0": 0.0298, "problems": [], "rc": 0, "rep": 8, "seconds": 12.880335, "seed": "42", "src": 21152, "status": "LIVE", "summary": true, "truth_egress_p0": 27581, "truth_gso_p0": 3.43, "truth_loss_p0": 0.052609, "truth_lost_p0": 1451, "truth_rcvbuf_drops": 0, "util": 0.15527546449684732, "wall_s": 15.0, "winline_cli": true, "winline_srv": true}
=== rep=8 seed=42 cell=c3-25 arm=OLDa attempt=1 pipeline=window hint=auto spec=c3/c3/single bytes=25000000 bin=/home/vibe/v4/bin/old/raptorpath sha=f3743664cb48ad81 16:35:03
COTENANT c3-25-OLDa s42 rep=8 before=0 after=0 load=0.94 1.62 1.87
--- RWM-C perf pipeline=window mode=single hint=auto A=c3 B=c3 ooo=0 extra='' T=default (25000000 x 1) start=18:35:04
{"bytes":25000000,"dnf":0,"hint":"auto","max_s":13.0403,"mean_mbps":15.337,"mean_s":13.0403,"median_s":13.0403,"min_s":13.0403,"proto":"rp-native","runs":1,"stdev_s":0.0,"summary":true}
    CPU: CPUSRV=1.83s CPUCLI=2.55s (srv=decoder cli=sender; whole-invocation incl warmup)
    [TRUTH] leg=0 dev=cli0 egress_dgrams=29223 egress_skbs=9005 gso=3.25 netem_sent_dgrams=27782 netem_dropped_skbs=452 backlog=0 lost=1441 loss=0.049310 rcvbuf_drops=0 rcvbuf_scope=netns
RUNTIME c3-25-OLDa s42 rep=8 attempt=1 15s rc=0
V4ROW {"arm": "OLDa", "bin": "old", "bin_sha": "f3743664cb48ad81deef239d44710f4b12bf08f2db65c6d90fc5a947ed500035", "busy_last": 6.0, "busy_med": 7.0, "cad_cli": false, "cad_srv": false, "cadoff_cli": false, "cadoff_srv": false, "cell": "c3-25", "cod": 417, "coded_share": 0.019333302424776298, "cotenant": 0, "cpu_cli": 2.55, "cpu_srv": 1.83, "cpu_us_per_dgram": 87.26003490401396, "diag_lines": 52, "dnf": false, "egress_dgrams": 29223, "emb_echo_cli": false, "emb_echo_srv": false, "emb_gate_cli": 0, "emb_gate_srv": 0, "feed_ratio_p0": 0.9896572703305618, "gates_cli": true, "gates_srv": true, "gen_guard": false, "header": ["window", "auto"], "mbps": 15.337, "pa_cli": 0, "pa_srv": 0, "pipe_cli": ["window", "Rlc", "auto"], "pipe_srv": ["window", "Rlc", "auto"], "plc_p0": 0.0488, "plu_last_p0": 0.0354, "plu_med_p0": 0.040150000000000005, "problems": [], "rc": 0, "rep": 8, "seconds": 13.040304, "seed": "42", "src": 21152, "status": "LIVE", "summary": true, "truth_egress_p0": 29223, "truth_gso_p0": 3.25, "truth_loss_p0": 0.04931, "truth_lost_p0": 1441, "truth_rcvbuf_drops": 0, "util": 0.19554758846112788, "wall_s": 15.0, "winline_cli": true, "winline_srv": true}
=== rep=8 seed=42 cell=c7-100 arm=NEW attempt=1 pipeline=window hint=bulk spec=c2/c2/dual bytes=100000000 bin=/home/vibe/v4/bin/new/raptorpath sha=aa88d648def0b125 16:35:18
COTENANT c7-100-NEW s42 rep=8 before=0 after=0 load=1.19 1.66 1.88
--- RWM-C perf pipeline=window mode=dual hint=bulk A=c2 B=c2 ooo=0 extra='' T=default (100000000 x 1) start=18:35:20
{"bytes":100000000,"dnf":0,"hint":"bulk","max_s":4.7533,"mean_mbps":168.302,"mean_s":4.7533,"median_s":4.7533,"min_s":4.7533,"proto":"rp-native","runs":1,"stdev_s":0.0,"summary":true}
    CPU: CPUSRV=6.03s CPUCLI=5.41s (srv=decoder cli=sender; whole-invocation incl warmup)
    [TRUTH] leg=0 dev=cli0 egress_dgrams=45495 egress_skbs=15351 gso=2.96 netem_sent_dgrams=44279 netem_dropped_skbs=394 backlog=0 lost=1216 loss=0.026728 rcvbuf_drops=0 rcvbuf_scope=netns
    [TRUTH] leg=1 dev=cli1 egress_dgrams=47551 egress_skbs=15503 gso=3.07 netem_sent_dgrams=46473 netem_dropped_skbs=377 backlog=0 lost=1078 loss=0.022670 rcvbuf_drops=0 rcvbuf_scope=netns
RUNTIME c7-100-NEW s42 rep=8 attempt=1 7s rc=0
V4ROW {"arm": "NEW", "bin": "new", "bin_sha": "aa88d648def0b1253985b9d9ad6955d2190277bebc09026aaa2b79ce64ebd262", "busy_last": 23.0, "busy_med": 62.0, "cad_cli": true, "cad_srv": true, "cadoff_cli": false, "cadoff_srv": false, "cell": "c7-100", "cod": 512, "coded_share": 0.006015320268809624, "cotenant": 0, "cpu_cli": 5.41, "cpu_srv": 6.03, "cpu_us_per_dgram": 58.143283967070055, "diag_lines": 19, "dnf": false, "egress_dgrams": 93046, "emb_echo_cli": false, "emb_echo_srv": false, "emb_gate_cli": 0, "emb_gate_srv": 0, "feed_ratio_p0": 0.9989524094582461, "feed_ratio_p1": 0.9969122187913542, "gates_cli": true, "gates_srv": true, "gen_guard": false, "header": ["window", "bulk"], "mbps": 168.302, "pa_cli": 0, "pa_srv": 0, "pipe_cli": ["window", "Rlc", "bulk"], "pipe_srv": ["window", "Rlc", "bulk"], "plc_p0": 0.0267, "plc_p1": 0.0226, "plu_last_p0": 0.0192, "plu_last_p1": 0.0303, "plu_med_p0": 0.0207, "plu_med_p1": 0.022, "problems": [], "rc": 0, "rep": 8, "seconds": 4.75335, "seed": "42", "src": 84604, "status": "LIVE", "summary": true, "truth_egress_p0": 45495, "truth_egress_p1": 47551, "truth_gso_p0": 2.96, "truth_gso_p1": 3.07, "truth_loss_p0": 0.026728, "truth_loss_p1": 0.02267, "truth_lost_p0": 1216, "truth_lost_p1": 1078, "truth_rcvbuf_drops": 0, "util": 1.1381446769120724, "wall_s": 7.0, "winline_cli": true, "winline_srv": true}
=== rep=8 seed=42 cell=c7-100 arm=OLD attempt=1 pipeline=window hint=bulk spec=c2/c2/dual bytes=100000000 bin=/home/vibe/v4/bin/old/raptorpath sha=f3743664cb48ad81 16:35:25
COTENANT c7-100-OLD s42 rep=8 before=0 after=0 load=1.08 1.62 1.86
--- RWM-C perf pipeline=window mode=dual hint=bulk A=c2 B=c2 ooo=0 extra='' T=default (100000000 x 1) start=18:35:27
{"bytes":100000000,"dnf":0,"hint":"bulk","max_s":4.675,"mean_mbps":171.125,"mean_s":4.675,"median_s":4.675,"min_s":4.675,"proto":"rp-native","runs":1,"stdev_s":0.0,"summary":true}
    CPU: CPUSRV=5.63s CPUCLI=6.89s (srv=decoder cli=sender; whole-invocation incl warmup)
    [TRUTH] leg=0 dev=cli0 egress_dgrams=45683 egress_skbs=14991 gso=3.05 netem_sent_dgrams=44507 netem_dropped_skbs=387 backlog=0 lost=1176 loss=0.025743 rcvbuf_drops=0 rcvbuf_scope=netns
    [TRUTH] leg=1 dev=cli1 egress_dgrams=45759 egress_skbs=15047 gso=3.04 netem_sent_dgrams=44723 netem_dropped_skbs=356 backlog=0 lost=1036 loss=0.022640 rcvbuf_drops=0 rcvbuf_scope=netns
RUNTIME c7-100-OLD s42 rep=8 attempt=1 7s rc=0
V4ROW {"arm": "OLD", "bin": "old", "bin_sha": "f3743664cb48ad81deef239d44710f4b12bf08f2db65c6d90fc5a947ed500035", "busy_last": 72.0, "busy_med": 84.0, "cad_cli": false, "cad_srv": false, "cadoff_cli": false, "cadoff_srv": false, "cell": "c7-100", "cod": 505, "coded_share": 0.005933567542798059, "cotenant": 0, "cpu_cli": 6.89, "cpu_srv": 5.63, "cpu_us_per_dgram": 75.3483082172306, "diag_lines": 18, "dnf": false, "egress_dgrams": 91442, "emb_echo_cli": false, "emb_echo_srv": false, "emb_gate_cli": 0, "emb_gate_srv": 0, "feed_ratio_p0": 0.9905605407295187, "feed_ratio_p1": 0.980565371024735, "gates_cli": true, "gates_srv": true, "gen_guard": false, "header": ["window", "bulk"], "mbps": 171.125, "pa_cli": 0, "pa_srv": 0, "pipe_cli": ["window", "Rlc", "bulk"], "pipe_srv": ["window", "Rlc", "bulk"], "plc_p0": 0.0255, "plc_p1": 0.0222, "plu_last_p0": 0.0595, "plu_last_p1": 0.0358, "plu_med_p0": 0.049049999999999996, "plu_med_p1": 0.036699999999999997, "problems": [], "rc": 0, "rep": 8, "seconds": 4.674957, "seed": "42", "src": 84604, "status": "LIVE", "summary": true, "truth_egress_p0": 45683, "truth_egress_p1": 45759, "truth_gso_p0": 3.05, "truth_gso_p1": 3.04, "truth_loss_p0": 0.025743, "truth_loss_p1": 0.02264, "truth_lost_p0": 1176, "truth_lost_p1": 1036, "truth_rcvbuf_drops": 0, "util": 1.4738103473465103, "wall_s": 7.0, "winline_cli": true, "winline_srv": true}
=== rep=8 seed=42 cell=c8-100 arm=NEW attempt=1 pipeline=window hint=bulk spec=c2/c3/dual bytes=100000000 bin=/home/vibe/v4/bin/new/raptorpath sha=aa88d648def0b125 16:35:32
COTENANT c8-100-NEW s42 rep=8 before=0 after=0 load=1.00 1.58 1.85
--- RWM-C perf pipeline=window mode=dual hint=bulk A=c2 B=c3 ooo=0 extra='' T=default (100000000 x 1) start=18:35:34
{"bytes":100000000,"dnf":0,"hint":"bulk","max_s":7.6393,"mean_mbps":104.722,"mean_s":7.6393,"median_s":7.6393,"min_s":7.6393,"proto":"rp-native","runs":1,"stdev_s":0.0,"summary":true}
    CPU: CPUSRV=5.94s CPUCLI=5.87s (srv=decoder cli=sender; whole-invocation incl warmup)
    [TRUTH] leg=0 dev=cli0 egress_dgrams=80217 egress_skbs=20994 gso=3.82 netem_sent_dgrams=78139 netem_dropped_skbs=544 backlog=0 lost=2078 loss=0.025905 rcvbuf_drops=0 rcvbuf_scope=netns
    [TRUTH] leg=1 dev=cli1 egress_dgrams=18930 egress_skbs=12195 gso=1.55 netem_sent_dgrams=18112 netem_dropped_skbs=520 backlog=0 lost=818 loss=0.043212 rcvbuf_drops=0 rcvbuf_scope=netns
RUNTIME c8-100-NEW s42 rep=8 attempt=1 10s rc=0
V4ROW {"arm": "NEW", "bin": "new", "bin_sha": "aa88d648def0b1253985b9d9ad6955d2190277bebc09026aaa2b79ce64ebd262", "busy_last": 31.0, "busy_med": 38.0, "cad_cli": true, "cad_srv": true, "cadoff_cli": false, "cadoff_srv": false, "cell": "c8-100", "cod": 625, "coded_share": 0.007333184714123127, "cotenant": 0, "cpu_cli": 5.87, "cpu_srv": 5.94, "cpu_us_per_dgram": 59.20501881045317, "diag_lines": 30, "dnf": false, "egress_dgrams": 99147, "emb_echo_cli": false, "emb_echo_srv": false, "emb_gate_cli": 0, "emb_gate_srv": 0, "feed_ratio_p0": 1.007527504342791, "feed_ratio_p1": 1.034434879200222, "gates_cli": true, "gates_srv": true, "gen_guard": false, "header": ["window", "bulk"], "mbps": 104.722, "pa_cli": 0, "pa_srv": 0, "pipe_cli": ["window", "Rlc", "bulk"], "pipe_srv": ["window", "Rlc", "bulk"], "plc_p0": 0.0261, "plc_p1": 0.0447, "plu_last_p0": 0.0088, "plu_last_p1": 0.0272, "plu_med_p0": 0.018799999999999997, "plu_med_p1": 0.0569, "problems": [], "rc": 0, "rep": 8, "seconds": 7.639279, "seed": "42", "src": 84604, "status": "LIVE", "summary": true, "truth_egress_p0": 80217, "truth_egress_p1": 18930, "truth_gso_p0": 3.82, "truth_gso_p1": 1.55, "truth_loss_p0": 0.025905, "truth_loss_p1": 0.043212, "truth_lost_p0": 2078, "truth_lost_p1": 818, "truth_rcvbuf_drops": 0, "util": 0.7683971222938709, "wall_s": 10.0, "winline_cli": true, "winline_srv": true}
=== rep=8 seed=42 cell=c8-100 arm=OLD attempt=1 pipeline=window hint=bulk spec=c2/c3/dual bytes=100000000 bin=/home/vibe/v4/bin/old/raptorpath sha=f3743664cb48ad81 16:35:42
COTENANT c8-100-OLD s42 rep=8 before=0 after=0 load=1.29 1.63 1.86
--- RWM-C perf pipeline=window mode=dual hint=bulk A=c2 B=c3 ooo=0 extra='' T=default (100000000 x 1) start=18:35:44
{"bytes":100000000,"dnf":0,"hint":"bulk","max_s":8.408,"mean_mbps":95.147,"mean_s":8.408,"median_s":8.408,"min_s":8.408,"proto":"rp-native","runs":1,"stdev_s":0.0,"summary":true}
    CPU: CPUSRV=6.61s CPUCLI=8.88s (srv=decoder cli=sender; whole-invocation incl warmup)
    [TRUTH] leg=0 dev=cli0 egress_dgrams=75073 egress_skbs=14797 gso=5.07 netem_sent_dgrams=73057 netem_dropped_skbs=383 backlog=0 lost=2016 loss=0.026854 rcvbuf_drops=0 rcvbuf_scope=netns
    [TRUTH] leg=1 dev=cli1 egress_dgrams=17821 egress_skbs=11136 gso=1.60 netem_sent_dgrams=16976 netem_dropped_skbs=491 backlog=0 lost=845 loss=0.047416 rcvbuf_drops=0 rcvbuf_scope=netns
RUNTIME c8-100-OLD s42 rep=8 attempt=1 10s rc=0
V4ROW {"arm": "OLD", "bin": "old", "bin_sha": "f3743664cb48ad81deef239d44710f4b12bf08f2db65c6d90fc5a947ed500035", "busy_last": 61.0, "busy_med": 64.0, "cad_cli": false, "cad_srv": false, "cadoff_cli": false, "cadoff_srv": false, "cell": "c8-100", "cod": 469, "coded_share": 0.005512912439904553, "cotenant": 0, "cpu_cli": 8.88, "cpu_srv": 6.61, "cpu_us_per_dgram": 95.59282623204943, "diag_lines": 33, "dnf": false, "egress_dgrams": 92894, "emb_echo_cli": false, "emb_echo_srv": false, "emb_gate_cli": 0, "emb_gate_srv": 0, "feed_ratio_p0": 1.001712966410963, "feed_ratio_p1": 1.0418424160620887, "gates_cli": true, "gates_srv": true, "gen_guard": false, "header": ["window", "bulk"], "mbps": 95.147, "pa_cli": 0, "pa_srv": 0, "pipe_cli": ["window", "Rlc", "bulk"], "pipe_srv": ["window", "Rlc", "bulk"], "plc_p0": 0.0269, "plc_p1": 0.0494, "plu_last_p0": 0.0354, "plu_last_p1": 0.086, "plu_med_p0": 0.0355, "plu_med_p1": 0.0712, "problems": [], "rc": 0, "rep": 8, "seconds": 8.408022, "seed": "42", "src": 84604, "status": "LIVE", "summary": true, "truth_egress_p0": 75073, "truth_egress_p1": 17821, "truth_gso_p0": 5.07, "truth_gso_p1": 1.6, "truth_loss_p0": 0.026854, "truth_loss_p1": 0.047416, "truth_lost_p0": 2016, "truth_lost_p1": 845, "truth_rcvbuf_drops": 0, "util": 1.0561342489351242, "wall_s": 10.0, "winline_cli": true, "winline_srv": true}
BLOCK-COMPLETE rep=8 seed=42 block=14 2026-10-04T16:35:53Z
=== rep=8 seed=7 cell=c1s-400 arm=NEW attempt=1 pipeline=window hint=bulk spec=c1/c1/single bytes=400000000 bin=/home/vibe/v4/bin/new/raptorpath sha=aa88d648def0b125 16:35:53
COTENANT c1s-400-NEW s7 rep=8 before=0 after=0 load=1.47 1.66 1.87
--- RWM-C perf pipeline=window mode=single hint=bulk A=c1 B=c1 ooo=0 extra='' T=default (400000000 x 1) start=18:35:54
{"bytes":400000000,"dnf":0,"hint":"bulk","max_s":6.8275,"mean_mbps":468.695,"mean_s":6.8275,"median_s":6.8275,"min_s":6.8275,"proto":"rp-native","runs":1,"stdev_s":0.0,"summary":true}
    CPU: CPUSRV=8.43s CPUCLI=7.45s (srv=decoder cli=sender; whole-invocation incl warmup)
    [TRUTH] leg=0 dev=cli0 egress_dgrams=340609 egress_skbs=36309 gso=9.38 netem_sent_dgrams=340235 netem_dropped_skbs=40 backlog=0 lost=374 loss=0.001098 rcvbuf_drops=73 rcvbuf_scope=netns
RUNTIME c1s-400-NEW s7 rep=8 attempt=1 8s rc=0
V4ROW {"arm": "NEW", "bin": "new", "bin_sha": "aa88d648def0b1253985b9d9ad6955d2190277bebc09026aaa2b79ce64ebd262", "busy_last": 10.0, "busy_med": 44.0, "cad_cli": true, "cad_srv": true, "cadoff_cli": false, "cadoff_srv": false, "cell": "c1s-400", "cod": 143, "coded_share": 0.00042238461220366617, "cotenant": 0, "cpu_cli": 7.45, "cpu_srv": 8.43, "cpu_us_per_dgram": 21.87258704262072, "diag_lines": 27, "dnf": false, "egress_dgrams": 340609, "emb_echo_cli": false, "emb_echo_srv": false, "emb_gate_cli": 0, "emb_gate_srv": 0, "feed_ratio_p0": 2.9143897996357016, "gates_cli": true, "gates_srv": true, "gen_guard": false, "header": ["window", "bulk"], "mbps": 468.695, "pa_cli": 0, "pa_srv": 0, "pipe_cli": ["window", "Rlc", "bulk"], "pipe_srv": ["window", "Rlc", "bulk"], "plc_p0": 0.0032, "plu_last_p0": 0.003, "plu_med_p0": 0.0005, "problems": [], "rc": 0, "rep": 8, "seconds": 6.827472, "seed": "7", "src": 338411, "status": "LIVE", "summary": true, "truth_egress_p0": 340609, "truth_gso_p0": 9.38, "truth_loss_p0": 0.001098, "truth_lost_p0": 374, "truth_rcvbuf_drops": 73, "util": 1.0911798686248733, "wall_s": 8.0, "winline_cli": true, "winline_srv": true}
=== rep=8 seed=7 cell=c1s-400 arm=OLD attempt=1 pipeline=window hint=bulk spec=c1/c1/single bytes=400000000 bin=/home/vibe/v4/bin/old/raptorpath sha=f3743664cb48ad81 16:36:02
COTENANT c1s-400-OLD s7 rep=8 before=0 after=0 load=1.79 1.72 1.89
--- RWM-C perf pipeline=window mode=single hint=bulk A=c1 B=c1 ooo=0 extra='' T=default (400000000 x 1) start=18:36:03
{"bytes":400000000,"dnf":0,"hint":"bulk","max_s":11.1769,"mean_mbps":286.305,"mean_s":11.1769,"median_s":11.1769,"min_s":11.1769,"proto":"rp-native","runs":1,"stdev_s":0.0,"summary":true}
    CPU: CPUSRV=12.54s CPUCLI=15.24s (srv=decoder cli=sender; whole-invocation incl warmup)
    [TRUTH] leg=0 dev=cli0 egress_dgrams=342834 egress_skbs=40212 gso=8.53 netem_sent_dgrams=342427 netem_dropped_skbs=52 backlog=0 lost=407 loss=0.001187 rcvbuf_drops=10 rcvbuf_scope=netns
RUNTIME c1s-400-OLD s7 rep=8 attempt=1 13s rc=0
V4ROW {"arm": "OLD", "bin": "old", "bin_sha": "f3743664cb48ad81deef239d44710f4b12bf08f2db65c6d90fc5a947ed500035", "busy_last": 57.0, "busy_med": 53.0, "cad_cli": false, "cad_srv": false, "cadoff_cli": false, "cadoff_srv": false, "cell": "c1s-400", "cod": 71, "coded_share": 0.0002132964821101331, "cotenant": 0, "cpu_cli": 15.24, "cpu_srv": 12.54, "cpu_us_per_dgram": 44.45300057753899, "diag_lines": 44, "dnf": false, "egress_dgrams": 342834, "emb_echo_cli": false, "emb_echo_srv": false, "emb_gate_cli": 0, "emb_gate_srv": 0, "feed_ratio_p0": 1.2636899747262007, "gates_cli": true, "gates_srv": true, "gen_guard": false, "header": ["window", "bulk"], "mbps": 286.305, "pa_cli": 0, "pa_srv": 0, "pipe_cli": ["window", "Rlc", "bulk"], "pipe_srv": ["window", "Rlc", "bulk"], "plc_p0": 0.0015, "plu_last_p0": 0.0354, "plu_med_p0": 0.0354, "problems": [], "rc": 0, "rep": 8, "seconds": 11.176878, "seed": "7", "src": 332799, "status": "LIVE", "summary": true, "truth_egress_p0": 342834, "truth_gso_p0": 8.53, "truth_loss_p0": 0.001187, "truth_lost_p0": 407, "truth_rcvbuf_drops": 10, "util": 1.3635292431392738, "wall_s": 13.0, "winline_cli": true, "winline_srv": true}
=== rep=8 seed=7 cell=c1s-400 arm=EMB attempt=1 pipeline=window hint=bulk spec=c1/c1/single bytes=400000000 bin=/home/vibe/v4/bin/new/raptorpath sha=aa88d648def0b125 16:36:15
COTENANT c1s-400-EMB s7 rep=8 before=0 after=0 load=1.83 1.73 1.89
--- RWM-C perf pipeline=window mode=single hint=bulk A=c1 B=c1 ooo=0 extra='' T=default (400000000 x 1) start=18:36:16
{"bytes":400000000,"dnf":0,"hint":"bulk","max_s":6.349,"mean_mbps":504.02,"mean_s":6.349,"median_s":6.349,"min_s":6.349,"proto":"rp-native","runs":1,"stdev_s":0.0,"summary":true}
    CPU: CPUSRV=8.24s CPUCLI=6.71s (srv=decoder cli=sender; whole-invocation incl warmup)
    [TRUTH] leg=0 dev=cli0 egress_dgrams=344097 egress_skbs=39718 gso=8.66 netem_sent_dgrams=343636 netem_dropped_skbs=52 backlog=0 lost=461 loss=0.001340 rcvbuf_drops=182 rcvbuf_scope=netns
RUNTIME c1s-400-EMB s7 rep=8 attempt=1 8s rc=0
V4ROW {"arm": "EMB", "bin": "new", "bin_sha": "aa88d648def0b1253985b9d9ad6955d2190277bebc09026aaa2b79ce64ebd262", "busy_last": 38.0, "busy_med": 41.0, "cad_cli": true, "cad_srv": true, "cadoff_cli": false, "cadoff_srv": false, "cell": "c1s-400", "cod": 311, "coded_share": 0.0009292402937714009, "cotenant": 0, "cpu_cli": 6.71, "cpu_srv": 8.24, "cpu_us_per_dgram": 19.500315318064384, "diag_lines": 25, "dnf": false, "egress_dgrams": 344097, "emb_echo_cli": true, "emb_echo_srv": true, "emb_gate_cli": 1, "emb_gate_srv": 1, "feed_ratio_p0": 4.776119402985075, "gates_cli": true, "gates_srv": true, "gen_guard": false, "header": ["window", "bulk"], "mbps": 504.02, "pa_cli": 0, "pa_srv": 0, "pipe_cli": ["window", "Rlc", "bulk"], "pipe_srv": ["window", "Rlc", "bulk"], "plc_p0": 0.0064, "plu_last_p0": 0.0003, "plu_med_p0": 0.0006, "problems": [], "rc": 0, "rep": 8, "seconds": 6.34896, "seed": "7", "src": 334371, "status": "LIVE", "summary": true, "truth_egress_p0": 344097, "truth_gso_p0": 8.66, "truth_loss_p0": 0.00134, "truth_lost_p0": 461, "truth_rcvbuf_drops": 182, "util": 1.0568660064010484, "wall_s": 8.0, "winline_cli": true, "winline_srv": true}
=== rep=8 seed=7 cell=c1d-400 arm=OLD attempt=1 pipeline=window hint=bulk spec=c1/c1/dual bytes=400000000 bin=/home/vibe/v4/bin/old/raptorpath sha=f3743664cb48ad81 16:36:23
COTENANT c1d-400-OLD s7 rep=8 before=0 after=0 load=2.42 1.88 1.93
--- RWM-C perf pipeline=window mode=dual hint=bulk A=c1 B=c1 ooo=0 extra='' T=default (400000000 x 1) start=18:36:25
{"bytes":400000000,"dnf":0,"hint":"bulk","max_s":16.3425,"mean_mbps":195.809,"mean_s":16.3425,"median_s":16.3425,"min_s":16.3425,"proto":"rp-native","runs":1,"stdev_s":0.0,"summary":true}
    CPU: CPUSRV=20.36s CPUCLI=27.79s (srv=decoder cli=sender; whole-invocation incl warmup)
    [TRUTH] leg=0 dev=cli0 egress_dgrams=144583 egress_skbs=54962 gso=2.63 netem_sent_dgrams=144422 netem_dropped_skbs=60 backlog=0 lost=161 loss=0.001114 rcvbuf_drops=10 rcvbuf_scope=netns
    [TRUTH] leg=1 dev=cli1 egress_dgrams=212845 egress_skbs=63544 gso=3.35 netem_sent_dgrams=212674 netem_dropped_skbs=55 backlog=0 lost=171 loss=0.000803 rcvbuf_drops=10 rcvbuf_scope=netns
RUNTIME c1d-400-OLD s7 rep=8 attempt=1 19s rc=0
V4ROW {"arm": "OLD", "bin": "old", "bin_sha": "f3743664cb48ad81deef239d44710f4b12bf08f2db65c6d90fc5a947ed500035", "busy_last": 92.0, "busy_med": 87.0, "cad_cli": false, "cad_srv": false, "cadoff_cli": false, "cadoff_srv": false, "cell": "c1d-400", "cod": 140, "coded_share": 0.00041565844751569855, "cotenant": 0, "cpu_cli": 27.79, "cpu_srv": 20.36, "cpu_us_per_dgram": 77.7499244603109, "diag_lines": 65, "dnf": false, "egress_dgrams": 357428, "emb_echo_cli": false, "emb_echo_srv": false, "emb_gate_cli": 0, "emb_gate_srv": 0, "feed_ratio_p0": 1.2567324955116697, "feed_ratio_p1": 1.3698630136986303, "gates_cli": true, "gates_srv": true, "gen_guard": false, "header": ["window", "bulk"], "mbps": 195.809, "pa_cli": 0, "pa_srv": 0, "pipe_cli": ["window", "Rlc", "bulk"], "pipe_srv": ["window", "Rlc", "bulk"], "plc_p0": 0.0014, "plc_p1": 0.0011, "plu_last_p0": 0.0354, "plu_last_p1": 0.0354, "plu_med_p0": 0.0354, "plu_med_p1": 0.0354, "problems": [], "rc": 0, "rep": 8, "seconds": 16.342495, "seed": "7", "src": 336675, "status": "LIVE", "summary": true, "truth_egress_p0": 144583, "truth_egress_p1": 212845, "truth_gso_p0": 2.63, "truth_gso_p1": 3.35, "truth_loss_p0": 0.001114, "truth_loss_p1": 0.000803, "truth_lost_p0": 161, "truth_lost_p1": 171, "truth_rcvbuf_drops": 10, "util": 1.7004747439115018, "wall_s": 19.0, "winline_cli": true, "winline_srv": true}
=== rep=8 seed=7 cell=c1d-400 arm=NEW attempt=1 pipeline=window hint=bulk spec=c1/c1/dual bytes=400000000 bin=/home/vibe/v4/bin/new/raptorpath sha=aa88d648def0b125 16:36:42
COTENANT c1d-400-NEW s7 rep=8 before=0 after=0 load=3.05 2.03 1.98
--- RWM-C perf pipeline=window mode=dual hint=bulk A=c1 B=c1 ooo=0 extra='' T=default (400000000 x 1) start=18:36:43
{"bytes":400000000,"dnf":0,"hint":"bulk","max_s":11.0453,"mean_mbps":289.717,"mean_s":11.0453,"median_s":11.0453,"min_s":11.0453,"proto":"rp-native","runs":1,"stdev_s":0.0,"summary":true}
    CPU: CPUSRV=16.65s CPUCLI=18.05s (srv=decoder cli=sender; whole-invocation incl warmup)
    [TRUTH] leg=0 dev=cli0 egress_dgrams=166947 egress_skbs=52174 gso=3.20 netem_sent_dgrams=166804 netem_dropped_skbs=58 backlog=0 lost=143 loss=0.000857 rcvbuf_drops=16 rcvbuf_scope=netns
    [TRUTH] leg=1 dev=cli1 egress_dgrams=183727 egress_skbs=54410 gso=3.38 netem_sent_dgrams=183511 netem_dropped_skbs=51 backlog=0 lost=216 loss=0.001176 rcvbuf_drops=16 rcvbuf_scope=netns
RUNTIME c1d-400-NEW s7 rep=8 attempt=1 13s rc=0
V4ROW {"arm": "NEW", "bin": "new", "bin_sha": "aa88d648def0b1253985b9d9ad6955d2190277bebc09026aaa2b79ce64ebd262", "busy_last": 89.0, "busy_med": 82.0, "cad_cli": true, "cad_srv": true, "cadoff_cli": false, "cadoff_srv": false, "cell": "c1d-400", "cod": 157, "coded_share": 0.0004654016831533484, "cotenant": 0, "cpu_cli": 18.05, "cpu_srv": 16.65, "cpu_us_per_dgram": 51.472307613338884, "diag_lines": 44, "dnf": false, "egress_dgrams": 350674, "emb_echo_cli": false, "emb_echo_srv": false, "emb_gate_cli": 0, "emb_gate_srv": 0, "feed_ratio_p0": 1.1668611435239207, "feed_ratio_p1": 1.6156462585034015, "gates_cli": true, "gates_srv": true, "gen_guard": false, "header": ["window", "bulk"], "mbps": 289.717, "pa_cli": 0, "pa_srv": 0, "pipe_cli": ["window", "Rlc", "bulk"], "pipe_srv": ["window", "Rlc", "bulk"], "plc_p0": 0.001, "plc_p1": 0.0019, "plu_last_p0": 0.0004, "plu_last_p1": 0.0025, "plu_med_p0": 0.0010500000000000002, "plu_med_p1": 0.001, "problems": [], "rc": 0, "rep": 8, "seconds": 11.045256, "seed": "7", "src": 337186, "status": "LIVE", "summary": true, "truth_egress_p0": 166947, "truth_egress_p1": 183727, "truth_gso_p0": 3.2, "truth_gso_p1": 3.38, "truth_loss_p0": 0.000857, "truth_loss_p1": 0.001176, "truth_lost_p0": 143, "truth_lost_p1": 216, "truth_rcvbuf_drops": 16, "util": 1.6341857535941222, "wall_s": 13.0, "winline_cli": true, "winline_srv": true}
=== rep=8 seed=7 cell=c2-100 arm=NEW attempt=1 pipeline=window hint=bulk spec=c2/c2/single bytes=100000000 bin=/home/vibe/v4/bin/new/raptorpath sha=aa88d648def0b125 16:36:55
COTENANT c2-100-NEW s7 rep=8 before=0 after=0 load=2.67 2.00 1.97
--- RWM-C perf pipeline=window mode=single hint=bulk A=c2 B=c2 ooo=0 extra='' T=default (100000000 x 1) start=18:36:57
{"bytes":100000000,"dnf":0,"hint":"bulk","max_s":8.9669,"mean_mbps":89.217,"mean_s":8.9669,"median_s":8.9669,"min_s":8.9669,"proto":"rp-native","runs":1,"stdev_s":0.0,"summary":true}
    CPU: CPUSRV=4.56s CPUCLI=3.51s (srv=decoder cli=sender; whole-invocation incl warmup)
    [TRUTH] leg=0 dev=cli0 egress_dgrams=94060 egress_skbs=19751 gso=4.76 netem_sent_dgrams=91708 netem_dropped_skbs=491 backlog=0 lost=2352 loss=0.025005 rcvbuf_drops=0 rcvbuf_scope=netns
RUNTIME c2-100-NEW s7 rep=8 attempt=1 12s rc=0
V4ROW {"arm": "NEW", "bin": "new", "bin_sha": "aa88d648def0b1253985b9d9ad6955d2190277bebc09026aaa2b79ce64ebd262", "busy_last": 12.0, "busy_med": 13.0, "cad_cli": true, "cad_srv": true, "cadoff_cli": false, "cadoff_srv": false, "cell": "c2-100", "cod": 413, "coded_share": 0.004911988582302569, "cotenant": 0, "cpu_cli": 3.51, "cpu_srv": 4.56, "cpu_us_per_dgram": 37.31660642143313, "diag_lines": 35, "dnf": false, "egress_dgrams": 94060, "emb_echo_cli": false, "emb_echo_srv": false, "emb_gate_cli": 0, "emb_gate_srv": 0, "feed_ratio_p0": 1.0037992401519698, "gates_cli": true, "gates_srv": true, "gen_guard": false, "header": ["window", "bulk"], "mbps": 89.217, "pa_cli": 0, "pa_srv": 0, "pipe_cli": ["window", "Rlc", "bulk"], "pipe_srv": ["window", "Rlc", "bulk"], "plc_p0": 0.0251, "plu_last_p0": 0.0019, "plu_med_p0": 0.016, "problems": [], "rc": 0, "rep": 8, "seconds": 8.966935, "seed": "7", "src": 83667, "status": "LIVE", "summary": true, "truth_egress_p0": 94060, "truth_gso_p0": 4.76, "truth_loss_p0": 0.025005, "truth_lost_p0": 2352, "truth_rcvbuf_drops": 0, "util": 0.3914381000865959, "wall_s": 12.0, "winline_cli": true, "winline_srv": true}
=== rep=8 seed=7 cell=c2-100 arm=OLD attempt=1 pipeline=window hint=bulk spec=c2/c2/single bytes=100000000 bin=/home/vibe/v4/bin/old/raptorpath sha=f3743664cb48ad81 16:37:07
COTENANT c2-100-OLD s7 rep=8 before=0 after=0 load=2.57 2.00 1.97
--- RWM-C perf pipeline=window mode=single hint=bulk A=c2 B=c2 ooo=0 extra='' T=default (100000000 x 1) start=18:37:10
{"bytes":100000000,"dnf":0,"hint":"bulk","max_s":8.9584,"mean_mbps":89.302,"mean_s":8.9584,"median_s":8.9584,"min_s":8.9584,"proto":"rp-native","runs":1,"stdev_s":0.0,"summary":true}
    CPU: CPUSRV=4.49s CPUCLI=4.77s (srv=decoder cli=sender; whole-invocation incl warmup)
    [TRUTH] leg=0 dev=cli0 egress_dgrams=87841 egress_skbs=13465 gso=6.52 netem_sent_dgrams=85695 netem_dropped_skbs=350 backlog=0 lost=2146 loss=0.024431 rcvbuf_drops=0 rcvbuf_scope=netns
RUNTIME c2-100-OLD s7 rep=8 attempt=1 12s rc=0
V4ROW {"arm": "OLD", "bin": "old", "bin_sha": "f3743664cb48ad81deef239d44710f4b12bf08f2db65c6d90fc5a947ed500035", "busy_last": 16.0, "busy_med": 18.0, "cad_cli": false, "cad_srv": false, "cadoff_cli": false, "cadoff_srv": false, "cell": "c2-100", "cod": 411, "coded_share": 0.0048840193934784676, "cotenant": 0, "cpu_cli": 4.77, "cpu_srv": 4.49, "cpu_us_per_dgram": 54.30266048883779, "diag_lines": 35, "dnf": false, "egress_dgrams": 87841, "emb_echo_cli": false, "emb_echo_srv": false, "emb_gate_cli": 0, "emb_gate_srv": 0, "feed_ratio_p0": 1.0110106012852522, "gates_cli": true, "gates_srv": true, "gen_guard": false, "header": ["window", "bulk"], "mbps": 89.302, "pa_cli": 0, "pa_srv": 0, "pipe_cli": ["window", "Rlc", "bulk"], "pipe_srv": ["window", "Rlc", "bulk"], "plc_p0": 0.0247, "plu_last_p0": 0.0354, "plu_med_p0": 0.0354, "problems": [], "rc": 0, "rep": 8, "seconds": 8.958362, "seed": "7", "src": 83741, "status": "LIVE", "summary": true, "truth_egress_p0": 87841, "truth_gso_p0": 6.52, "truth_loss_p0": 0.024431, "truth_lost_p0": 2146, "truth_rcvbuf_drops": 0, "util": 0.5324634123961501, "wall_s": 12.0, "winline_cli": true, "winline_srv": true}
=== rep=8 seed=7 cell=c2-100 arm=NEWa attempt=1 pipeline=window hint=auto spec=c2/c2/single bytes=100000000 bin=/home/vibe/v4/bin/new/raptorpath sha=aa88d648def0b125 16:37:19
COTENANT c2-100-NEWa s7 rep=8 before=0 after=0 load=2.48 2.00 1.97
--- RWM-C perf pipeline=window mode=single hint=auto A=c2 B=c2 ooo=0 extra='' T=default (100000000 x 1) start=18:37:21
{"bytes":100000000,"dnf":0,"hint":"auto","max_s":10.383,"mean_mbps":77.049,"mean_s":10.383,"median_s":10.383,"min_s":10.383,"proto":"rp-native","runs":1,"stdev_s":0.0,"summary":true}
    CPU: CPUSRV=5.48s CPUCLI=4.17s (srv=decoder cli=sender; whole-invocation incl warmup)
    [TRUTH] leg=0 dev=cli0 egress_dgrams=109008 egress_skbs=27170 gso=4.01 netem_sent_dgrams=106266 netem_dropped_skbs=683 backlog=0 lost=2742 loss=0.025154 rcvbuf_drops=0 rcvbuf_scope=netns
RUNTIME c2-100-NEWa s7 rep=8 attempt=1 12s rc=0
V4ROW {"arm": "NEWa", "bin": "new", "bin_sha": "aa88d648def0b1253985b9d9ad6955d2190277bebc09026aaa2b79ce64ebd262", "busy_last": 11.0, "busy_med": 15.0, "cad_cli": true, "cad_srv": true, "cadoff_cli": false, "cadoff_srv": false, "cell": "c2-100", "cod": 9759, "coded_share": 0.10341977258035459, "cotenant": 0, "cpu_cli": 4.17, "cpu_srv": 5.48, "cpu_us_per_dgram": 38.25407309555262, "diag_lines": 41, "dnf": false, "egress_dgrams": 109008, "emb_echo_cli": false, "emb_echo_srv": false, "emb_gate_cli": 0, "emb_gate_srv": 0, "feed_ratio_p0": 1.0018287349924466, "gates_cli": true, "gates_srv": true, "gen_guard": false, "header": ["window", "auto"], "mbps": 77.049, "pa_cli": 0, "pa_srv": 0, "pipe_cli": ["window", "Rlc", "auto"], "pipe_srv": ["window", "Rlc", "auto"], "plc_p0": 0.0252, "plu_last_p0": 0.0073, "plu_med_p0": 0.0158, "problems": [], "rc": 0, "rep": 8, "seconds": 10.382988, "seed": "7", "src": 84604, "status": "LIVE", "summary": true, "truth_egress_p0": 109008, "truth_gso_p0": 4.01, "truth_loss_p0": 0.025154, "truth_lost_p0": 2742, "truth_rcvbuf_drops": 0, "util": 0.40161849363593605, "wall_s": 12.0, "winline_cli": true, "winline_srv": true}
=== rep=8 seed=7 cell=c2-100 arm=OLDa attempt=1 pipeline=window hint=auto spec=c2/c2/single bytes=100000000 bin=/home/vibe/v4/bin/old/raptorpath sha=f3743664cb48ad81 16:37:31
COTENANT c2-100-OLDa s7 rep=8 before=0 after=0 load=2.36 2.00 1.97
--- RWM-C perf pipeline=window mode=single hint=auto A=c2 B=c2 ooo=0 extra='' T=default (100000000 x 1) start=18:37:33
{"bytes":100000000,"dnf":0,"hint":"auto","max_s":10.8335,"mean_mbps":73.845,"mean_s":10.8335,"median_s":10.8335,"min_s":10.8335,"proto":"rp-native","runs":1,"stdev_s":0.0,"summary":true}
    CPU: CPUSRV=6.11s CPUCLI=6.34s (srv=decoder cli=sender; whole-invocation incl warmup)
    [TRUTH] leg=0 dev=cli0 egress_dgrams=114004 egress_skbs=27424 gso=4.16 netem_sent_dgrams=111274 netem_dropped_skbs=686 backlog=0 lost=2730 loss=0.023947 rcvbuf_drops=0 rcvbuf_scope=netns
RUNTIME c2-100-OLDa s7 rep=8 attempt=1 12s rc=0
V4ROW {"arm": "OLDa", "bin": "old", "bin_sha": "f3743664cb48ad81deef239d44710f4b12bf08f2db65c6d90fc5a947ed500035", "busy_last": 17.0, "busy_med": 24.0, "cad_cli": false, "cad_srv": false, "cadoff_cli": false, "cadoff_srv": false, "cell": "c2-100", "cod": 18153, "coded_share": 0.17665949764979516, "cotenant": 0, "cpu_cli": 6.34, "cpu_srv": 6.11, "cpu_us_per_dgram": 55.61208378653381, "diag_lines": 43, "dnf": false, "egress_dgrams": 114004, "emb_echo_cli": false, "emb_echo_srv": false, "emb_gate_cli": 0, "emb_gate_srv": 0, "feed_ratio_p0": 0.9938614440222158, "gates_cli": true, "gates_srv": true, "gen_guard": false, "header": ["window", "auto"], "mbps": 73.845, "pa_cli": 0, "pa_srv": 0, "pipe_cli": ["window", "Rlc", "auto"], "pipe_srv": ["window", "Rlc", "auto"], "plc_p0": 0.0238, "plu_last_p0": 0.1412, "plu_med_p0": 0.0354, "problems": [], "rc": 0, "rep": 8, "seconds": 10.833482, "seed": "7", "src": 84604, "status": "LIVE", "summary": true, "truth_egress_p0": 114004, "truth_gso_p0": 4.16, "truth_loss_p0": 0.023947, "truth_lost_p0": 2730, "truth_rcvbuf_drops": 0, "util": 0.5852227381741161, "wall_s": 12.0, "winline_cli": true, "winline_srv": true}
=== rep=8 seed=7 cell=c2-100 arm=EMB attempt=1 pipeline=window hint=bulk spec=c2/c2/single bytes=100000000 bin=/home/vibe/v4/bin/new/raptorpath sha=aa88d648def0b125 16:37:44
COTENANT c2-100-EMB s7 rep=8 before=0 after=0 load=2.29 2.00 1.98
--- RWM-C perf pipeline=window mode=single hint=bulk A=c2 B=c2 ooo=0 extra='' T=default (100000000 x 1) start=18:37:46
{"bytes":100000000,"dnf":0,"hint":"bulk","max_s":9.0956,"mean_mbps":87.955,"mean_s":9.0956,"median_s":9.0956,"min_s":9.0956,"proto":"rp-native","runs":1,"stdev_s":0.0,"summary":true}
    CPU: CPUSRV=4.87s CPUCLI=3.33s (srv=decoder cli=sender; whole-invocation incl warmup)
    [TRUTH] leg=0 dev=cli0 egress_dgrams=94119 egress_skbs=19704 gso=4.78 netem_sent_dgrams=91735 netem_dropped_skbs=490 backlog=0 lost=2384 loss=0.025330 rcvbuf_drops=0 rcvbuf_scope=netns
RUNTIME c2-100-EMB s7 rep=8 attempt=1 11s rc=0
V4ROW {"arm": "EMB", "bin": "new", "bin_sha": "aa88d648def0b1253985b9d9ad6955d2190277bebc09026aaa2b79ce64ebd262", "busy_last": 6.0, "busy_med": 13.0, "cad_cli": true, "cad_srv": true, "cadoff_cli": false, "cadoff_srv": false, "cell": "c2-100", "cod": 415, "coded_share": 0.004881261835589692, "cotenant": 0, "cpu_cli": 3.33, "cpu_srv": 4.87, "cpu_us_per_dgram": 35.38074140184235, "diag_lines": 36, "dnf": false, "egress_dgrams": 94119, "emb_echo_cli": true, "emb_echo_srv": true, "emb_gate_cli": 1, "emb_gate_srv": 1, "feed_ratio_p0": 1.002763521515989, "gates_cli": true, "gates_srv": true, "gen_guard": false, "header": ["window", "bulk"], "mbps": 87.955, "pa_cli": 0, "pa_srv": 0, "pipe_cli": ["window", "Rlc", "bulk"], "pipe_srv": ["window", "Rlc", "bulk"], "plc_p0": 0.0254, "plu_last_p0": 0.0145, "plu_med_p0": 0.014450000000000001, "problems": [], "rc": 0, "rep": 8, "seconds": 9.095597, "seed": "7", "src": 84604, "status": "LIVE", "summary": true, "truth_egress_p0": 94119, "truth_gso_p0": 4.78, "truth_loss_p0": 0.02533, "truth_lost_p0": 2384, "truth_rcvbuf_drops": 0, "util": 0.3661112074336627, "wall_s": 11.0, "winline_cli": true, "winline_srv": true}
=== rep=8 seed=7 cell=c3-25 arm=NEW attempt=1 pipeline=window hint=bulk spec=c3/c3/single bytes=25000000 bin=/home/vibe/v4/bin/new/raptorpath sha=aa88d648def0b125 16:37:56
COTENANT c3-25-NEW s7 rep=8 before=0 after=0 load=2.00 1.95 1.96
--- RWM-C perf pipeline=window mode=single hint=bulk A=c3 B=c3 ooo=0 extra='' T=default (25000000 x 1) start=18:37:57
{"bytes":25000000,"dnf":0,"hint":"bulk","max_s":11.4482,"mean_mbps":17.47,"mean_s":11.4482,"median_s":11.4482,"min_s":11.4482,"proto":"rp-native","runs":1,"stdev_s":0.0,"summary":true}
    CPU: CPUSRV=1.71s CPUCLI=1.84s (srv=decoder cli=sender; whole-invocation incl warmup)
    [TRUTH] leg=0 dev=cli0 egress_dgrams=25826 egress_skbs=8083 gso=3.20 netem_sent_dgrams=24606 netem_dropped_skbs=371 backlog=0 lost=1220 loss=0.047239 rcvbuf_drops=0 rcvbuf_scope=netns
RUNTIME c3-25-NEW s7 rep=8 attempt=1 13s rc=0
V4ROW {"arm": "NEW", "bin": "new", "bin_sha": "aa88d648def0b1253985b9d9ad6955d2190277bebc09026aaa2b79ce64ebd262", "busy_last": 4.0, "busy_med": 6.0, "cad_cli": true, "cad_srv": true, "cadoff_cli": false, "cadoff_srv": false, "cell": "c3-25", "cod": 236, "coded_share": 0.011034224798952684, "cotenant": 0, "cpu_cli": 1.84, "cpu_srv": 1.71, "cpu_us_per_dgram": 71.24603113141795, "diag_lines": 45, "dnf": false, "egress_dgrams": 25826, "emb_echo_cli": false, "emb_echo_srv": false, "emb_gate_cli": 0, "emb_gate_srv": 0, "feed_ratio_p0": 1.0351616249285547, "gates_cli": true, "gates_srv": true, "gen_guard": false, "header": ["window", "bulk"], "mbps": 17.47, "pa_cli": 0, "pa_srv": 0, "pipe_cli": ["window", "Rlc", "bulk"], "pipe_srv": ["window", "Rlc", "bulk"], "plc_p0": 0.0489, "plu_last_p0": 0.0157, "plu_med_p0": 0.0291, "problems": [], "rc": 0, "rep": 8, "seconds": 11.44821, "seed": "7", "src": 21152, "status": "LIVE", "summary": true, "truth_egress_p0": 25826, "truth_gso_p0": 3.2, "truth_loss_p0": 0.047239, "truth_lost_p0": 1220, "truth_rcvbuf_drops": 0, "util": 0.16072381621231618, "wall_s": 13.0, "winline_cli": true, "winline_srv": true}
=== rep=8 seed=7 cell=c3-25 arm=OLD attempt=1 pipeline=window hint=bulk spec=c3/c3/single bytes=25000000 bin=/home/vibe/v4/bin/old/raptorpath sha=f3743664cb48ad81 16:38:09
COTENANT c3-25-OLD s7 rep=8 before=0 after=0 load=1.56 1.85 1.93
--- RWM-C perf pipeline=window mode=single hint=bulk A=c3 B=c3 ooo=0 extra='' T=default (25000000 x 1) start=18:38:11
{"bytes":25000000,"dnf":0,"hint":"bulk","max_s":11.4654,"mean_mbps":17.444,"mean_s":11.4654,"median_s":11.4654,"min_s":11.4654,"proto":"rp-native","runs":1,"stdev_s":0.0,"summary":true}
    CPU: CPUSRV=1.65s CPUCLI=2.22s (srv=decoder cli=sender; whole-invocation incl warmup)
    [TRUTH] leg=0 dev=cli0 egress_dgrams=25952 egress_skbs=8040 gso=3.23 netem_sent_dgrams=24758 netem_dropped_skbs=368 backlog=0 lost=1194 loss=0.046008 rcvbuf_drops=0 rcvbuf_scope=netns
RUNTIME c3-25-OLD s7 rep=8 attempt=1 13s rc=0
V4ROW {"arm": "OLD", "bin": "old", "bin_sha": "f3743664cb48ad81deef239d44710f4b12bf08f2db65c6d90fc5a947ed500035", "busy_last": 5.0, "busy_med": 7.0, "cad_cli": false, "cad_srv": false, "cadoff_cli": false, "cadoff_srv": false, "cell": "c3-25", "cod": 235, "coded_share": 0.010987983354374153, "cotenant": 0, "cpu_cli": 2.22, "cpu_srv": 1.65, "cpu_us_per_dgram": 85.54254007398274, "diag_lines": 45, "dnf": false, "egress_dgrams": 25952, "emb_echo_cli": false, "emb_echo_srv": false, "emb_gate_cli": 0, "emb_gate_srv": 0, "feed_ratio_p0": 0.9846113719353156, "gates_cli": true, "gates_srv": true, "gen_guard": false, "header": ["window", "bulk"], "mbps": 17.444, "pa_cli": 0, "pa_srv": 0, "pipe_cli": ["window", "Rlc", "bulk"], "pipe_srv": ["window", "Rlc", "bulk"], "plc_p0": 0.0453, "plu_last_p0": 0.0354, "plu_med_p0": 0.0431, "problems": [], "rc": 0, "rep": 8, "seconds": 11.465421, "seed": "7", "src": 21152, "status": "LIVE", "summary": true, "truth_egress_p0": 25952, "truth_gso_p0": 3.23, "truth_loss_p0": 0.046008, "truth_lost_p0": 1194, "truth_rcvbuf_drops": 0, "util": 0.1936256854414679, "wall_s": 13.0, "winline_cli": true, "winline_srv": true}
=== rep=8 seed=7 cell=c3-25 arm=NEWa attempt=1 pipeline=window hint=auto spec=c3/c3/single bytes=25000000 bin=/home/vibe/v4/bin/new/raptorpath sha=aa88d648def0b125 16:38:23
COTENANT c3-25-NEWa s7 rep=8 before=0 after=0 load=1.21 1.76 1.90
--- RWM-C perf pipeline=window mode=single hint=auto A=c3 B=c3 ooo=0 extra='' T=default (25000000 x 1) start=18:38:25
{"bytes":25000000,"dnf":0,"hint":"auto","max_s":12.8726,"mean_mbps":15.537,"mean_s":12.8726,"median_s":12.8726,"min_s":12.8726,"proto":"rp-native","runs":1,"stdev_s":0.0,"summary":true}
    CPU: CPUSRV=1.76s CPUCLI=1.92s (srv=decoder cli=sender; whole-invocation incl warmup)
    [TRUTH] leg=0 dev=cli0 egress_dgrams=29052 egress_skbs=9359 gso=3.10 netem_sent_dgrams=27708 netem_dropped_skbs=434 backlog=0 lost=1344 loss=0.046262 rcvbuf_drops=0 rcvbuf_scope=netns
RUNTIME c3-25-NEWa s7 rep=8 attempt=1 15s rc=0
V4ROW {"arm": "NEWa", "bin": "new", "bin_sha": "aa88d648def0b1253985b9d9ad6955d2190277bebc09026aaa2b79ce64ebd262", "busy_last": 5.0, "busy_med": 5.0, "cad_cli": true, "cad_srv": true, "cadoff_cli": false, "cadoff_srv": false, "cell": "c3-25", "cod": 782, "coded_share": 0.035652411780796936, "cotenant": 0, "cpu_cli": 1.92, "cpu_srv": 1.76, "cpu_us_per_dgram": 66.0883932259397, "diag_lines": 51, "dnf": false, "egress_dgrams": 29052, "emb_echo_cli": false, "emb_echo_srv": false, "emb_gate_cli": 0, "emb_gate_srv": 0, "feed_ratio_p0": 0.9856901992996413, "gates_cli": true, "gates_srv": true, "gen_guard": false, "header": ["window", "auto"], "mbps": 15.537, "pa_cli": 0, "pa_srv": 0, "pipe_cli": ["window", "Rlc", "auto"], "pipe_srv": ["window", "Rlc", "auto"], "plc_p0": 0.0456, "plu_last_p0": 0.0295, "plu_med_p0": 0.0246, "problems": [], "rc": 0, "rep": 8, "seconds": 12.872626, "seed": "7", "src": 21152, "status": "LIVE", "summary": true, "truth_egress_p0": 29052, "truth_gso_p0": 3.1, "truth_loss_p0": 0.046262, "truth_lost_p0": 1344, "truth_rcvbuf_drops": 0, "util": 0.14915371579971326, "wall_s": 15.0, "winline_cli": true, "winline_srv": true}
=== rep=8 seed=7 cell=c3-25 arm=OLDa attempt=1 pipeline=window hint=auto spec=c3/c3/single bytes=25000000 bin=/home/vibe/v4/bin/old/raptorpath sha=f3743664cb48ad81 16:38:38
COTENANT c3-25-OLDa s7 rep=8 before=0 after=0 load=1.02 1.69 1.87
--- RWM-C perf pipeline=window mode=single hint=auto A=c3 B=c3 ooo=0 extra='' T=default (25000000 x 1) start=18:38:40
{"bytes":25000000,"dnf":0,"hint":"auto","max_s":13.2518,"mean_mbps":15.092,"mean_s":13.2518,"median_s":13.2518,"min_s":13.2518,"proto":"rp-native","runs":1,"stdev_s":0.0,"summary":true}
    CPU: CPUSRV=1.86s CPUCLI=2.57s (srv=decoder cli=sender; whole-invocation incl warmup)
    [TRUTH] leg=0 dev=cli0 egress_dgrams=29792 egress_skbs=9553 gso=3.12 netem_sent_dgrams=28444 netem_dropped_skbs=438 backlog=0 lost=1348 loss=0.045247 rcvbuf_drops=0 rcvbuf_scope=netns
RUNTIME c3-25-OLDa s7 rep=8 attempt=1 15s rc=0
V4ROW {"arm": "OLDa", "bin": "old", "bin_sha": "f3743664cb48ad81deef239d44710f4b12bf08f2db65c6d90fc5a947ed500035", "busy_last": 4.0, "busy_med": 7.0, "cad_cli": false, "cad_srv": false, "cadoff_cli": false, "cadoff_srv": false, "cell": "c3-25", "cod": 519, "coded_share": 0.02394905634257764, "cotenant": 0, "cpu_cli": 2.57, "cpu_srv": 1.86, "cpu_us_per_dgram": 86.26476906552095, "diag_lines": 53, "dnf": false, "egress_dgrams": 29792, "emb_echo_cli": false, "emb_echo_srv": false, "emb_gate_cli": 0, "emb_gate_srv": 0, "feed_ratio_p0": 0.9945410745463786, "gates_cli": true, "gates_srv": true, "gen_guard": false, "header": ["window", "auto"], "mbps": 15.092, "pa_cli": 0, "pa_srv": 0, "pipe_cli": ["window", "Rlc", "auto"], "pipe_srv": ["window", "Rlc", "auto"], "plc_p0": 0.045, "plu_last_p0": 0.046, "plu_med_p0": 0.0398, "problems": [], "rc": 0, "rep": 8, "seconds": 13.251787, "seed": "7", "src": 21152, "status": "LIVE", "summary": true, "truth_egress_p0": 29792, "truth_gso_p0": 3.12, "truth_loss_p0": 0.045247, "truth_lost_p0": 1348, "truth_rcvbuf_drops": 0, "util": 0.19393610839051365, "wall_s": 15.0, "winline_cli": true, "winline_srv": true}
=== rep=8 seed=7 cell=c3-25 arm=EMB attempt=1 pipeline=window hint=bulk spec=c3/c3/single bytes=25000000 bin=/home/vibe/v4/bin/new/raptorpath sha=aa88d648def0b125 16:38:54
COTENANT c3-25-EMB s7 rep=8 before=0 after=0 load=0.87 1.62 1.85
--- RWM-C perf pipeline=window mode=single hint=bulk A=c3 B=c3 ooo=0 extra='' T=default (25000000 x 1) start=18:38:56
{"bytes":25000000,"dnf":0,"hint":"bulk","max_s":11.5063,"mean_mbps":17.382,"mean_s":11.5063,"median_s":11.5063,"min_s":11.5063,"proto":"rp-native","runs":1,"stdev_s":0.0,"summary":true}
    CPU: CPUSRV=1.57s CPUCLI=1.64s (srv=decoder cli=sender; whole-invocation incl warmup)
    [TRUTH] leg=0 dev=cli0 egress_dgrams=26010 egress_skbs=7695 gso=3.38 netem_sent_dgrams=24745 netem_dropped_skbs=346 backlog=0 lost=1265 loss=0.048635 rcvbuf_drops=0 rcvbuf_scope=netns
RUNTIME c3-25-EMB s7 rep=8 attempt=1 14s rc=0
V4ROW {"arm": "EMB", "bin": "new", "bin_sha": "aa88d648def0b1253985b9d9ad6955d2190277bebc09026aaa2b79ce64ebd262", "busy_last": 6.0, "busy_med": 5.0, "cad_cli": true, "cad_srv": true, "cadoff_cli": false, "cadoff_srv": false, "cell": "c3-25", "cod": 240, "coded_share": 0.011219147344801795, "cotenant": 0, "cpu_cli": 1.64, "cpu_srv": 1.57, "cpu_us_per_dgram": 63.05267204921184, "diag_lines": 45, "dnf": false, "egress_dgrams": 26010, "emb_echo_cli": true, "emb_echo_srv": true, "emb_gate_cli": 1, "emb_gate_srv": 1, "feed_ratio_p0": 1.001336486069703, "gates_cli": true, "gates_srv": true, "gen_guard": false, "header": ["window", "bulk"], "mbps": 17.382, "pa_cli": 0, "pa_srv": 0, "pipe_cli": ["window", "Rlc", "bulk"], "pipe_srv": ["window", "Rlc", "bulk"], "plc_p0": 0.0487, "plu_last_p0": 0.245, "plu_med_p0": 0.0191, "problems": [], "rc": 0, "rep": 8, "seconds": 11.506303, "seed": "7", "src": 21152, "status": "LIVE", "summary": true, "truth_egress_p0": 26010, "truth_gso_p0": 3.38, "truth_loss_p0": 0.048635, "truth_lost_p0": 1265, "truth_rcvbuf_drops": 0, "util": 0.14253057650228745, "wall_s": 14.0, "winline_cli": true, "winline_srv": true}
=== rep=8 seed=7 cell=c7-100 arm=OLD attempt=1 pipeline=window hint=bulk spec=c2/c2/dual bytes=100000000 bin=/home/vibe/v4/bin/old/raptorpath sha=f3743664cb48ad81 16:39:08
COTENANT c7-100-OLD s7 rep=8 before=0 after=0 load=1.20 1.68 1.86
--- RWM-C perf pipeline=window mode=dual hint=bulk A=c2 B=c2 ooo=0 extra='' T=default (100000000 x 1) start=18:39:09
{"bytes":100000000,"dnf":0,"hint":"bulk","max_s":4.6225,"mean_mbps":173.066,"mean_s":4.6225,"median_s":4.6225,"min_s":4.6225,"proto":"rp-native","runs":1,"stdev_s":0.0,"summary":true}
    CPU: CPUSRV=5.75s CPUCLI=6.91s (srv=decoder cli=sender; whole-invocation incl warmup)
    [TRUTH] leg=0 dev=cli0 egress_dgrams=46028 egress_skbs=14346 gso=3.21 netem_sent_dgrams=44654 netem_dropped_skbs=366 backlog=0 lost=1374 loss=0.029851 rcvbuf_drops=0 rcvbuf_scope=netns
    [TRUTH] leg=1 dev=cli1 egress_dgrams=45917 egress_skbs=13966 gso=3.29 netem_sent_dgrams=44675 netem_dropped_skbs=360 backlog=0 lost=1242 loss=0.027049 rcvbuf_drops=0 rcvbuf_scope=netns
RUNTIME c7-100-OLD s7 rep=8 attempt=1 7s rc=0
V4ROW {"arm": "OLD", "bin": "old", "bin_sha": "f3743664cb48ad81deef239d44710f4b12bf08f2db65c6d90fc5a947ed500035", "busy_last": 60.0, "busy_med": 87.5, "cad_cli": false, "cad_srv": false, "cadoff_cli": false, "cadoff_srv": false, "cell": "c7-100", "cod": 440, "coded_share": 0.005173792389821739, "cotenant": 0, "cpu_cli": 6.91, "cpu_srv": 5.75, "cpu_us_per_dgram": 75.1536244493991, "diag_lines": 18, "dnf": false, "egress_dgrams": 91945, "emb_echo_cli": false, "emb_echo_srv": false, "emb_gate_cli": 0, "emb_gate_srv": 0, "feed_ratio_p0": 1.0183913436735788, "feed_ratio_p1": 1.0092794558024327, "gates_cli": true, "gates_srv": true, "gen_guard": false, "header": ["window", "bulk"], "mbps": 173.066, "pa_cli": 0, "pa_srv": 0, "pipe_cli": ["window", "Rlc", "bulk"], "pipe_srv": ["window", "Rlc", "bulk"], "plc_p0": 0.0304, "plc_p1": 0.0273, "plu_last_p0": 0.0354, "plu_last_p1": 0.0508, "plu_med_p0": 0.0431, "plu_med_p1": 0.0355, "problems": [], "rc": 0, "rep": 8, "seconds": 4.622503, "seed": "7", "src": 84604, "status": "LIVE", "summary": true, "truth_egress_p0": 46028, "truth_egress_p1": 45917, "truth_gso_p0": 3.21, "truth_gso_p1": 3.29, "truth_loss_p0": 0.029851, "truth_loss_p1": 0.027049, "truth_lost_p0": 1374, "truth_lost_p1": 1242, "truth_rcvbuf_drops": 0, "util": 1.4948611174508704, "wall_s": 7.0, "winline_cli": true, "winline_srv": true}
=== rep=8 seed=7 cell=c7-100 arm=NEW attempt=1 pipeline=window hint=bulk spec=c2/c2/dual bytes=100000000 bin=/home/vibe/v4/bin/new/raptorpath sha=aa88d648def0b125 16:39:15
COTENANT c7-100-NEW s7 rep=8 before=0 after=0 load=1.90 1.82 1.91
--- RWM-C perf pipeline=window mode=dual hint=bulk A=c2 B=c2 ooo=0 extra='' T=default (100000000 x 1) start=18:39:16
{"bytes":100000000,"dnf":0,"hint":"bulk","max_s":4.7195,"mean_mbps":169.509,"mean_s":4.7195,"median_s":4.7195,"min_s":4.7195,"proto":"rp-native","runs":1,"stdev_s":0.0,"summary":true}
    CPU: CPUSRV=5.85s CPUCLI=5.08s (srv=decoder cli=sender; whole-invocation incl warmup)
    [TRUTH] leg=0 dev=cli0 egress_dgrams=44629 egress_skbs=12270 gso=3.64 netem_sent_dgrams=43418 netem_dropped_skbs=322 backlog=0 lost=1211 loss=0.027135 rcvbuf_drops=0 rcvbuf_scope=netns
    [TRUTH] leg=1 dev=cli1 egress_dgrams=48950 egress_skbs=16442 gso=2.98 netem_sent_dgrams=47758 netem_dropped_skbs=403 backlog=0 lost=1192 loss=0.024351 rcvbuf_drops=0 rcvbuf_scope=netns
RUNTIME c7-100-NEW s7 rep=8 attempt=1 6s rc=0
V4ROW {"arm": "NEW", "bin": "new", "bin_sha": "aa88d648def0b1253985b9d9ad6955d2190277bebc09026aaa2b79ce64ebd262", "busy_last": 66.0, "busy_med": 56.5, "cad_cli": true, "cad_srv": true, "cadoff_cli": false, "cadoff_srv": false, "cell": "c7-100", "cod": 587, "coded_share": 0.006890399220574943, "cotenant": 0, "cpu_cli": 5.08, "cpu_srv": 5.85, "cpu_us_per_dgram": 54.28568375383366, "diag_lines": 18, "dnf": false, "egress_dgrams": 93579, "emb_echo_cli": false, "emb_echo_srv": false, "emb_gate_cli": 0, "emb_gate_srv": 0, "feed_ratio_p0": 1.0134512622074812, "feed_ratio_p1": 1.0184386678165167, "gates_cli": true, "gates_srv": true, "gen_guard": false, "header": ["window", "bulk"], "mbps": 169.509, "pa_cli": 0, "pa_srv": 0, "pipe_cli": ["window", "Rlc", "bulk"], "pipe_srv": ["window", "Rlc", "bulk"], "plc_p0": 0.0275, "plc_p1": 0.0248, "plu_last_p0": 0.0018, "plu_last_p1": 0.0231, "plu_med_p0": 0.0171, "plu_med_p1": 0.02305, "problems": [], "rc": 0, "rep": 8, "seconds": 4.719516, "seed": "7", "src": 84604, "status": "LIVE", "summary": true, "truth_egress_p0": 44629, "truth_egress_p1": 48950, "truth_gso_p0": 3.64, "truth_gso_p1": 2.98, "truth_loss_p0": 0.027135, "truth_loss_p1": 0.024351, "truth_lost_p0": 1211, "truth_lost_p1": 1192, "truth_rcvbuf_drops": 0, "util": 1.076381561160085, "wall_s": 6.0, "winline_cli": true, "winline_srv": true}
=== rep=8 seed=7 cell=c8-100 arm=OLD attempt=1 pipeline=window hint=bulk spec=c2/c3/dual bytes=100000000 bin=/home/vibe/v4/bin/old/raptorpath sha=f3743664cb48ad81 16:39:22
COTENANT c8-100-OLD s7 rep=8 before=0 after=0 load=1.92 1.83 1.91
--- RWM-C perf pipeline=window mode=dual hint=bulk A=c2 B=c3 ooo=0 extra='' T=default (100000000 x 1) start=18:39:23
{"bytes":100000000,"dnf":0,"hint":"bulk","max_s":8.1588,"mean_mbps":98.054,"mean_s":8.1588,"median_s":8.1588,"min_s":8.1588,"proto":"rp-native","runs":1,"stdev_s":0.0,"summary":true}
    CPU: CPUSRV=6.57s CPUCLI=8.78s (srv=decoder cli=sender; whole-invocation incl warmup)
    [TRUTH] leg=0 dev=cli0 egress_dgrams=74011 egress_skbs=14461 gso=5.12 netem_sent_dgrams=72150 netem_dropped_skbs=366 backlog=0 lost=1861 loss=0.025145 rcvbuf_drops=0 rcvbuf_scope=netns
    [TRUTH] leg=1 dev=cli1 egress_dgrams=19349 egress_skbs=11968 gso=1.62 netem_sent_dgrams=18276 netem_dropped_skbs=641 backlog=0 lost=1073 loss=0.055455 rcvbuf_drops=0 rcvbuf_scope=netns
RUNTIME c8-100-OLD s7 rep=8 attempt=1 10s rc=0
V4ROW {"arm": "OLD", "bin": "old", "bin_sha": "f3743664cb48ad81deef239d44710f4b12bf08f2db65c6d90fc5a947ed500035", "busy_last": 32.0, "busy_med": 65.0, "cad_cli": false, "cad_srv": false, "cadoff_cli": false, "cadoff_srv": false, "cell": "c8-100", "cod": 555, "coded_share": 0.006517220728284738, "cotenant": 0, "cpu_cli": 8.78, "cpu_srv": 6.57, "cpu_us_per_dgram": 94.044558697515, "diag_lines": 32, "dnf": false, "egress_dgrams": 93360, "emb_echo_cli": false, "emb_echo_srv": false, "emb_gate_cli": 0, "emb_gate_srv": 0, "feed_ratio_p0": 0.9942334460131239, "feed_ratio_p1": 1.0531061220809665, "gates_cli": true, "gates_srv": true, "gen_guard": false, "header": ["window", "bulk"], "mbps": 98.054, "pa_cli": 0, "pa_srv": 0, "pipe_cli": ["window", "Rlc", "bulk"], "pipe_srv": ["window", "Rlc", "bulk"], "plc_p0": 0.025, "plc_p1": 0.0584, "plu_last_p0": 0.0354, "plu_last_p1": 0.0544, "plu_med_p0": 0.0354, "plu_med_p1": 0.08574999999999999, "problems": [], "rc": 0, "rep": 8, "seconds": 8.158773, "seed": "7", "src": 84604, "status": "LIVE", "summary": true, "truth_egress_p0": 74011, "truth_egress_p1": 19349, "truth_gso_p0": 5.12, "truth_gso_p1": 1.62, "truth_loss_p0": 0.025145, "truth_loss_p1": 0.055455, "truth_lost_p0": 1861, "truth_lost_p1": 1073, "truth_rcvbuf_drops": 0, "util": 1.07614220912875, "wall_s": 10.0, "winline_cli": true, "winline_srv": true}
=== rep=8 seed=7 cell=c8-100 arm=NEW attempt=1 pipeline=window hint=bulk spec=c2/c3/dual bytes=100000000 bin=/home/vibe/v4/bin/new/raptorpath sha=aa88d648def0b125 16:39:32
COTENANT c8-100-NEW s7 rep=8 before=0 after=0 load=1.77 1.80 1.90
--- RWM-C perf pipeline=window mode=dual hint=bulk A=c2 B=c3 ooo=0 extra='' T=default (100000000 x 1) start=18:39:34
{"bytes":100000000,"dnf":0,"hint":"bulk","max_s":7.6727,"mean_mbps":104.266,"mean_s":7.6727,"median_s":7.6727,"min_s":7.6727,"proto":"rp-native","runs":1,"stdev_s":0.0,"summary":true}
    CPU: CPUSRV=5.85s CPUCLI=5.22s (srv=decoder cli=sender; whole-invocation incl warmup)
    [TRUTH] leg=0 dev=cli0 egress_dgrams=75330 egress_skbs=15757 gso=4.78 netem_sent_dgrams=73385 netem_dropped_skbs=380 backlog=0 lost=1945 loss=0.025820 rcvbuf_drops=0 rcvbuf_scope=netns
    [TRUTH] leg=1 dev=cli1 egress_dgrams=19125 egress_skbs=12103 gso=1.58 netem_sent_dgrams=18112 netem_dropped_skbs=642 backlog=0 lost=1013 loss=0.052967 rcvbuf_drops=0 rcvbuf_scope=netns
RUNTIME c8-100-NEW s7 rep=8 attempt=1 10s rc=0
V4ROW {"arm": "NEW", "bin": "new", "bin_sha": "aa88d648def0b1253985b9d9ad6955d2190277bebc09026aaa2b79ce64ebd262", "busy_last": 23.0, "busy_med": 29.0, "cad_cli": true, "cad_srv": true, "cadoff_cli": false, "cadoff_srv": false, "cell": "c8-100", "cod": 742, "coded_share": 0.008694021981112179, "cotenant": 0, "cpu_cli": 5.22, "cpu_srv": 5.85, "cpu_us_per_dgram": 55.26441162458313, "diag_lines": 30, "dnf": false, "egress_dgrams": 94455, "emb_echo_cli": false, "emb_echo_srv": false, "emb_gate_cli": 0, "emb_gate_srv": 0, "feed_ratio_p0": 1.010844306738962, "feed_ratio_p1": 0.9949591254932316, "gates_cli": true, "gates_srv": true, "gen_guard": false, "header": ["window", "bulk"], "mbps": 104.266, "pa_cli": 0, "pa_srv": 0, "pipe_cli": ["window", "Rlc", "bulk"], "pipe_srv": ["window", "Rlc", "bulk"], "plc_p0": 0.0261, "plc_p1": 0.0527, "plu_last_p0": 0.0202, "plu_last_p1": 0.1044, "plu_med_p0": 0.02165, "plu_med_p1": 0.0426, "problems": [], "rc": 0, "rep": 8, "seconds": 7.672674, "seed": "7", "src": 84604, "status": "LIVE", "summary": true, "truth_egress_p0": 75330, "truth_egress_p1": 19125, "truth_gso_p0": 4.78, "truth_gso_p1": 1.58, "truth_loss_p0": 0.02582, "truth_loss_p1": 0.052967, "truth_lost_p0": 1945, "truth_lost_p1": 1013, "truth_rcvbuf_drops": 0, "util": 0.680336477217721, "wall_s": 10.0, "winline_cli": true, "winline_srv": true}
BLOCK-COMPLETE rep=8 seed=7 block=15 2026-10-04T16:39:42Z
=== ARMCOUNTS 2026-10-04T16:39:42Z
ARMCOUNT c1s-400-NEW n=16
ARMCOUNT c1s-400-OLD n=16
ARMCOUNT c1s-400-EMB n=16
ARMCOUNT c1d-400-NEW n=16
ARMCOUNT c1d-400-OLD n=16
ARMCOUNT c2-100-NEW n=16
ARMCOUNT c2-100-OLD n=16
ARMCOUNT c2-100-NEWa n=16
ARMCOUNT c2-100-OLDa n=16
ARMCOUNT c2-100-EMB n=16
ARMCOUNT c3-25-NEW n=16
ARMCOUNT c3-25-OLD n=16
ARMCOUNT c3-25-NEWa n=16
ARMCOUNT c3-25-OLDa n=16
ARMCOUNT c3-25-EMB n=16
ARMCOUNT c7-100-NEW n=16
ARMCOUNT c7-100-OLD n=16
ARMCOUNT c8-100-NEW n=16
ARMCOUNT c8-100-OLD n=16
V4-BATTERY-DONE tag=v4 blocks=16 2026-10-04T16:39:42Z
